Workbook

Sheet 22.07 Lubiri -Ndeeba
B1: Consultancy services for Preparation of Expressway Development Master Plan (EDMP) for Uganda
B2: MANUAL CLASSIFIED COUNT (MCC)
B3: ROAD NAME: | C3: MCC - C1 - STN03- KALINDA ROAD
C5: Date | D5: 22.07.19 | F5: Location | G5: Before Shell | J5: Surveyor | K5: Maiso. M. Gadafi
C6: Dir. From | D6: Lubiri | F6: Dir. To | G6: Ndeeba | J6: Supervisor | K6: Denis
B8: Time / Veh Type | R8: SUMMARY TRAFFIC VOLUMES
C9: 1. Car | D9: 2. Station Wagon | E9: 3. Pickups | F9: 4. Minibus, matatu | G9: 5. Medium bus | H9: 6. Large Bus | I9: 7. Light Truck | J9: 8. Medium Truck | K9: 9. Heavy truck | L9: 10. Truck Trailer | M9: 11. Motor cycles | N9: 12. Tractors | O9: Total Excl M/Cycles | P9: Total All | R9: Time | S9: 1. Car | T9: 2. Station Wagon | U9: 3. Pickups | V9: 4. Minibus, matatu | W9: 5. Medium bus | X9: 6. Large Bus | Y9: 7. Light Truck | Z9: 8. Medium Truck | AA9: 9. Heavy truck | AB9: 10. Truck Trailer | AC9: 11. Motorcycles | AD9: 12. Tractors, Graders | AE9: Total Excl M/ Cycles | AF9: Total All
B10: 07.00 - 07.15 | C10: 5 | D10: 5 | E10: 1 | F10: 10 | G10: 0 | H10: 1 | I10: 1 | J10: 0 | K10: 0 | L10: 0 | M10: 40 | N10: 0 | O10: =SUM(C10:L10,N10) -> 23 | P10: =SUM(C10:N10) -> 63 | R10: 0700-0800 | S10: =SUM(C10:C13) -> 58 | T10: =SUM(D10:D13) -> 16 | U10: =SUM(E10:E13) -> 7 | V10: =SUM(F10:F13) -> 52 | W10: =SUM(G10:G13) -> 1 | X10: =SUM(H10:H13) -> 1 | Y10: =SUM(I10:I13) -> 8 | Z10: =SUM(J10:J13) -> 2 | ... AF10: =SUM(P10:P13) -> 562
B11: 07.15 - 07.30 | C11: 4 | D11: 2 | E11: 0 | F11: 3 | G11: 0 | H11: 0 | I11: 1 | J11: 0 | K11: 0 | L11: 0 | M11: 25 | N11: 0 | O11: =SUM(C11:L11,N11) -> 10 | P11: =SUM(C11:N11) -> 35 | R11: 0800-0900 | S11: =SUM(C14:C17) -> 86 | T11: =SUM(D14:D17) -> 21 | U11: =SUM(E14:E17) -> 6 | V11: =SUM(F14:F17) -> 103 | W11: =SUM(G14:G17) -> 4 | X11: =SUM(H14:H17) -> 0 | Y11: =SUM(I14:I17) -> 20 | Z11: =SUM(J14:J17) -> 9 | ... AF11: =SUM(P14:P17) -> 927
B12: 07.30 - 07.45 | C12: 22 | D12: 3 | E12: 3 | F12: 17 | G12: 1 | H12: 0 | I12: 2 | J12: 1 | K12: 2 | L12: 0 | M12: 153 | N12: 0 | O12: =SUM(C12:L12,N12) -> 51 | P12: =SUM(C12:N12) -> 204 | R12: 0900-1000 | S12: =SUM(C18:C21) -> 95 | T12: =SUM(D18:D21) -> 37 | U12: =SUM(E18:E21) -> 15 | V12: =SUM(F18:F21) -> 89 | W12: =SUM(G18:G21) -> 8 | X12: =SUM(H18:H21) -> 0 | Y12: =SUM(I18:I21) -> 22 | Z12: =SUM(J18:J21) -> 22 | ... AF12: =SUM(P18:P21) -> 883
B13: 07.45 - 08.00 | C13: 27 | D13: 6 | E13: 3 | F13: 22 | G13: 0 | H13: 0 | I13: 4 | J13: 1 | K13: 0 | L13: 0 | M13: 197 | N13: 0 | O13: =SUM(C13:L13,N13) -> 63 | P13: =SUM(C13:N13) -> 260 | R13: 1000-1100 | S13: =SUM(C22:C25) -> 131 | T13: =SUM(D22:D25) -> 37 | U13: =SUM(E22:E25) -> 15 | V13: =SUM(F22:F25) -> 57 | W13: =SUM(G22:G25) -> 0 | X13: =SUM(H22:H25) -> 0 | Y13: =SUM(I22:I25) -> 21 | Z13: =SUM(J22:J25) -> 27 | ... AF13: =SUM(P22:P25) -> 1169
B14: 08.00 - 08.15 | C14: 26 | D14: 3 | E14: 4 | F14: 21 | G14: 0 | H14: 0 | I14: 7 | J14: 1 | K14: 0 | L14: 0 | M14: 164 | N14: 0 | O14: =SUM(C14:L14,N14) -> 62 | P14: =SUM(C14:N14) -> 226 | R14: 1100-1200 | S14: =SUM(C26:C29) -> 139 | T14: =SUM(D26:D29) -> 19 | U14: =SUM(E26:E29) -> 8 | V14: =SUM(F26:F29) -> 52 | W14: =SUM(G26:G29) -> 2 | X14: =SUM(H26:H29) -> 0 | Y14: =SUM(I26:I29) -> 38 | Z14: =SUM(J26:J29) -> 16 | ... AF14: =SUM(P26:P29) -> 1302
B15: 08.15 - 08.30 | C15: 21 | D15: 5 | E15: 0 | F15: 35 | G15: 0 | H15: 0 | I15: 5 | J15: 2 | K15: 1 | L15: 1 | M15: 254 | N15: 0 | O15: =SUM(C15:L15,N15) -> 70 | P15: =SUM(C15:N15) -> 324 | R15: 1200-1300 | S15: =SUM(C30:C33) -> 137 | T15: =SUM(D30:D33) -> 29 | U15: =SUM(E30:E33) -> 16 | V15: =SUM(F30:F33) -> 63 | W15: =SUM(G30:G33) -> 2 | X15: =SUM(H30:H33) -> 0 | Y15: =SUM(I30:I33) -> 18 | Z15: =SUM(J30:J33) -> 26 | ... AF15: =SUM(P30:P33) -> 1384
B16: 08.30 - 08.45 | C16: 21 | D16: 4 | E16: 2 | F16: 23 | G16: 3 | H16: 0 | I16: 3 | J16: 3 | K16: 1 | L16: 0 | M16: 145 | N16: 0 | O16: =SUM(C16:L16,N16) -> 60 | P16: =SUM(C16:N16) -> 205 | R16: 1300-1400 | S16: =SUM(C34:C37) -> 152 | T16: =SUM(D34:D37) -> 34 | U16: =SUM(E34:E37) -> 10 | V16: =SUM(F34:F37) -> 52 | W16: =SUM(G34:G37) -> 1 | X16: =SUM(H34:H37) -> 0 | Y16: =SUM(I34:I37) -> 26 | Z16: =SUM(J34:J37) -> 24 | ... AF16: =SUM(P34:P37) -> 1006
B17: 08.45 - 9.00 | C17: 18 | D17: 9 | E17: 0 | F17: 24 | G17: 1 | H17: 0 | I17: 5 | J17: 3 | K17: 2 | L17: 0 | M17: 110 | N17: 0 | O17: =SUM(C17:L17,N17) -> 62 | P17: =SUM(C17:N17) -> 172 | R17: 1400-1500 | S17: =SUM(C38:C41) -> 128 | T17: =SUM(D38:D41) -> 15 | U17: =SUM(E38:E41) -> 17 | V17: =SUM(F38:F41) -> 25 | W17: =SUM(G38:G41) -> 2 | X17: =SUM(H38:H41) -> 1 | Y17: =SUM(I38:I41) -> 19 | Z17: =SUM(J38:J41) -> 22 | ... AF17: =SUM(P38:P41) -> 988
B18: 09.00 - 09.15 | C18: 18 | D18: 8 | E18: 1 | F18: 26 | G18: 2 | H18: 0 | I18: 4 | J18: 1 | K18: 0 | L18: 0 | M18: 102 | N18: 0 | O18: =SUM(C18:L18,N18) -> 60 | P18: =SUM(C18:N18) -> 162 | R18: 1500-1600 | S18: =SUM(C42:C45) -> 164 | T18: =SUM(D42:D45) -> 30 | U18: =SUM(E42:E45) -> 18 | V18: =SUM(F42:F45) -> 47 | W18: =SUM(G42:G45) -> 0 | X18: =SUM(H42:H45) -> 0 | Y18: =SUM(I42:I45) -> 25 | Z18: =SUM(J42:J45) -> 27 | ... AF18: =SUM(P42:P45) -> 645
B19: 09.15 - 09.30 | C19: 24 | D19: 7 | E19: 2 | F19: 21 | G19: 1 | H19: 0 | I19: 6 | J19: 4 | K19: 2 | L19: 2 | M19: 195 | N19: 0 | O19: =SUM(C19:L19,N19) -> 69 | P19: =SUM(C19:N19) -> 264 | R19: 1600-1700 | S19: =SUM(C46:C49) -> 178 | T19: =SUM(D46:D49) -> 25 | U19: =SUM(E46:E49) -> 18 | V19: =SUM(F46:F49) -> 60 | W19: =SUM(G46:G49) -> 3 | X19: =SUM(H46:H49) -> 0 | Y19: =SUM(I46:I49) -> 36 | Z19: =SUM(J46:J49) -> 19 | ... AF19: =SUM(P46:P49) -> 1443
B20: 09.30 - 09.45 | C20: 31 | D20: 13 | E20: 4 | F20: 22 | G20: 4 | H20: 0 | I20: 8 | J20: 9 | K20: 2 | L20: 0 | M20: 136 | N20: 0 | O20: =SUM(C20:L20,N20) -> 93 | P20: =SUM(C20:N20) -> 229 | R20: 1700-1800 | S20: =SUM(C50:C53) -> 230 | T20: =SUM(D50:D53) -> 36 | U20: =SUM(E50:E53) -> 16 | V20: =SUM(F50:F53) -> 100 | W20: =SUM(G50:G53) -> 2 | X20: =SUM(H50:H53) -> 1 | Y20: =SUM(I50:I53) -> 13 | Z20: =SUM(J50:J53) -> 25 | ... AF20: =SUM(P50:P53) -> 1826
B21: 09.45 - 10.00 | C21: 22 | D21: 9 | E21: 8 | F21: 20 | G21: 1 | H21: 0 | I21: 4 | J21: 8 | K21: 4 | L21: 4 | M21: 148 | N21: 0 | O21: =SUM(C21:L21,N21) -> 80 | P21: =SUM(C21:N21) -> 228 | R21: 1800-1900 | S21: =SUM(C54:C57) -> 261 | T21: =SUM(D54:D57) -> 29 | U21: =SUM(E54:E57) -> 21 | V21: =SUM(F54:F57) -> 30 | W21: =SUM(G54:G57) -> 1 | X21: =SUM(H54:H57) -> 0 | Y21: =SUM(I54:I57) -> 21 | Z21: =SUM(J54:J57) -> 21 | ... AF21: =SUM(P54:P57) -> 1621
B22: 10.00 - 10.15 | C22: 46 | D22: 8 | E22: 5 | F22: 13 | G22: 0 | H22: 0 | I22: 7 | J22: 20 | K22: 3 | L22: 1 | M22: 183 | N22: 0 | O22: =SUM(C22:L22,N22) -> 103 | P22: =SUM(C22:N22) -> 286 | R22: AM Peak Hr | S22: =MAX(S10:S12) -> 95 | T22: =MAX(T10:T12) -> 37 | U22: =MAX(U10:U12) -> 15 | V22: =MAX(V10:V12) -> 103 | W22: =MAX(W10:W12) -> 8 | X22: =MAX(X10:X12) -> 1 | Y22: =MAX(Y10:Y12) -> 22 | Z22: =MAX(Z10:Z12) -> 22 | ... AF22: =MAX(AF10:AF12) -> 927
B23: 10.15 - 10.30 | C23: 34 | D23: 4 | E23: 2 | F23: 12 | G23: 0 | H23: 0 | I23: 5 | J23: 2 | K23: 0 | L23: 0 | M23: 228 | N23: 0 | O23: =SUM(C23:L23,N23) -> 59 | P23: =SUM(C23:N23) -> 287 | R23: IP Peak Hr | S23: =MAX(S13:S18) -> 164 | T23: =MAX(T13:T18) -> 37 | U23: =MAX(U13:U18) -> 18 | V23: =MAX(V13:V18) -> 63 | W23: =MAX(W13:W18) -> 2 | X23: =MAX(X13:X18) -> 1 | Y23: =MAX(Y13:Y18) -> 38 | Z23: =MAX(Z13:Z18) -> 27 | ... AF23: =MAX(AF13:AF18) -> 1384
B24: 10.30 - 10.45 | C24: 27 | D24: 14 | E24: 3 | F24: 16 | G24: 0 | H24: 0 | I24: 4 | J24: 4 | K24: 1 | L24: 1 | M24: 254 | N24: 0 | O24: =SUM(C24:L24,N24) -> 70 | P24: =SUM(C24:N24) -> 324 | R24: PM Peak Hr | S24: =MAX(S19:S21) -> 261 | T24: =MAX(T19:T21) -> 36 | U24: =MAX(U19:U21) -> 21 | V24: =MAX(V19:V21) -> 100 | W24: =MAX(W19:W21) -> 3 | X24: =MAX(X19:X21) -> 1 | Y24: =MAX(Y19:Y21) -> 36 | Z24: =MAX(Z19:Z21) -> 25 | ... AF24: =MAX(AF19:AF21) -> 1826
B25: 10.45 - 11.00 | C25: 24 | D25: 11 | E25: 5 | F25: 16 | G25: 0 | H25: 0 | I25: 5 | J25: 1 | K25: 2 | L25: 0 | M25: 208 | N25: 0 | O25: =SUM(C25:L25,N25) -> 64 | P25: =SUM(C25:N25) -> 272 | R25: AM Period | S25: =SUM(S10:S12) -> 239 | T25: =SUM(T10:T12) -> 74 | U25: =SUM(U10:U12) -> 28 | V25: =SUM(V10:V12) -> 244 | W25: =SUM(W10:W12) -> 13 | X25: =SUM(X10:X12) -> 1 | Y25: =SUM(Y10:Y12) -> 50 | Z25: =SUM(Z10:Z12) -> 33 | ... AF25: =SUM(AF10:AF12) -> 2372
B26: 11.00 - 11.15 | C26: 29 | D26: 3 | E26: 4 | F26: 9 | G26: 1 | H26: 0 | I26: 7 | J26: 2 | K26: 0 | L26: 0 | M26: 284 | N26: 0 | O26: =SUM(C26:L26,N26) -> 55 | P26: =SUM(C26:N26) -> 339 | R26: IP Period | S26: =SUM(S13:S18) -> 851 | T26: =SUM(T13:T18) -> 164 | U26: =SUM(U13:U18) -> 84 | V26: =SUM(V13:V18) -> 296 | W26: =SUM(W13:W18) -> 7 | X26: =SUM(X13:X18) -> 1 | Y26: =SUM(Y13:Y18) -> 147 | Z26: =SUM(Z13:Z18) -> 142 | ... AF26: =SUM(AF13:AF18) -> 6494
B27: 11.15 - 11.30 | C27: 29 | D27: 6 | E27: 0 | F27: 12 | G27: 0 | H27: 0 | I27: 8 | J27: 5 | K27: 0 | L27: 1 | M27: 315 | N27: 0 | O27: =SUM(C27:L27,N27) -> 61 | P27: =SUM(C27:N27) -> 376 | R27: PM Period | S27: =SUM(S19:S21) -> 669 | T27: =SUM(T19:T21) -> 90 | U27: =SUM(U19:U21) -> 55 | V27: =SUM(V19:V21) -> 190 | W27: =SUM(W19:W21) -> 6 | X27: =SUM(X19:X21) -> 1 | Y27: =SUM(Y19:Y21) -> 70 | Z27: =SUM(Z19:Z21) -> 65 | ... AF27: =SUM(AF19:AF21) -> 4890
B28: 11.30 - 11.45 | C28: 49 | D28: 6 | E28: 3 | F28: 18 | G28: 0 | H28: 0 | I28: 8 | J28: 7 | K28: 4 | L28: 0 | M28: 180 | N28: 0 | O28: =SUM(C28:L28,N28) -> 95 | P28: =SUM(C28:N28) -> 275 | R28: 12 Hours | S28: =SUM(S10:S21) -> 1759 | T28: =SUM(T10:T21) -> 328 | U28: =SUM(U10:U21) -> 167 | V28: =SUM(V10:V21) -> 730 | W28: =SUM(W10:W21) -> 26 | X28: =SUM(X10:X21) -> 3 | Y28: =SUM(Y10:Y21) -> 267 | Z28: =SUM(Z10:Z21) -> 240 | ... AF28: =SUM(AF10:AF21) -> 13756
B29: 11.45 - 12.00 | C29: 32 | D29: 4 | E29: 1 | F29: 13 | G29: 1 | H29: 0 | I29: 15 | J29: 2 | K29: 0 | L29: 1 | M29: 243 | N29: 0 | O29: =SUM(C29:L29,N29) -> 69 | P29: =SUM(C29:N29) -> 312
B30: 12.00 - 12.15 | C30: 36 | D30: 8 | E30: 6 | F30: 22 | G30: 2 | H30: 0 | I30: 6 | J30: 6 | K30: 1 | L30: 0 | M30: 164 | N30: 0 | O30: =SUM(C30:L30,N30) -> 87 | P30: =SUM(C30:N30) -> 251
B31: 12.15 - 12.30 | C31: 41 | D31: 9 | E31: 4 | F31: 12 | G31: 0 | H31: 0 | I31: 5 | J31: 7 | K31: 2 | L31: 1 | M31: 282 | N31: 0 | O31: =SUM(C31:L31,N31) -> 81 | P31: =SUM(C31:N31) -> 363
B32: 12.30 - 12.45 | C32: 28 | D32: 8 | E32: 2 | F32: 18 | G32: 0 | H32: 0 | I32: 4 | J32: 5 | K32: 0 | L32: 0 | M32: 313 | N32: 0 | O32: =SUM(C32:L32,N32) -> 65 | P32: =SUM(C32:N32) -> 378
B33: 12.45 - 13.00 | C33: 32 | D33: 4 | E33: 4 | F33: 11 | G33: 0 | H33: 0 | I33: 3 | J33: 8 | K33: 1 | L33: 1 | M33: 328 | N33: 0 | O33: =SUM(C33:L33,N33) -> 64 | P33: =SUM(C33:N33) -> 392
B34: 13.00 - 13.15 | C34: 38 | D34: 6 | E34: 3 | F34: 11 | G34: 0 | H34: 0 | I34: 5 | J34: 6 | K34: 0 | L34: 0 | M34: 135 | N34: 0 | O34: =SUM(C34:L34,N34) -> 69 | P34: =SUM(C34:N34) -> 204
B35: 13.15 - 13.30 | C35: 38 | D35: 15 | E35: 4 | F35: 12 | G35: 0 | H35: 0 | I35: 7 | J35: 6 | K35: 0 | L35: 0 | M35: 148 | N35: 0 | O35: =SUM(C35:L35,N35) -> 82 | P35: =SUM(C35:N35) -> 230
B36: 13.30 - 13.45 | C36: 42 | D36: 6 | E36: 1 | F36: 15 | G36: 0 | H36: 0 | I36: 5 | J36: 4 | K36: 0 | L36: 2 | M36: 235 | N36: 1 | O36: =SUM(C36:L36,N36) -> 76 | P36: =SUM(C36:N36) -> 311
B37: 13.45 - 14.00 | C37: 34 | D37: 7 | E37: 2 | F37: 14 | G37: 1 | H37: 0 | I37: 9 | J37: 8 | K37: 0 | L37: 1 | M37: 185 | N37: 0 | O37: =SUM(C37:L37,N37) -> 76 | P37: =SUM(C37:N37) -> 261
B38: 14.00 - 14.15 | C38: 49 | D38: 4 | E38: 6 | F38: 6 | G38: 0 | H38: 0 | I38: 8 | J38: 8 | K38: 1 | L38: 0 | M38: 158 | N38: 0 | O38: =SUM(C38:L38,N38) -> 82 | P38: =SUM(C38:N38) -> 240
B39: 14.15 - 14.30 | C39: 25 | D39: 4 | E39: 5 | F39: 4 | G39: 0 | H39: 1 | I39: 3 | J39: 7 | K39: 3 | L39: 0 | M39: 225 | N39: 0 | O39: =SUM(C39:L39,N39) -> 52 | P39: =SUM(C39:N39) -> 277
B40: 14.30 - 14.45 | C40: 38 | D40: 5 | E40: 3 | F40: 13 | G40: 2 | H40: 0 | I40: 6 | J40: 6 | K40: 11 | L40: 0 | M40: 210 | N40: 0 | O40: =SUM(C40:L40,N40) -> 84 | P40: =SUM(C40:N40) -> 294
... B46: 16.00 - 16.15 | C46: 45 | D46: 5 | E46: 5 | F46: 12 | G46: 1 | H46: 0 | I46: 13 | J46: 7 | K46: 0 | L46: 1 | M46: 270 | N46: 0 | O46: =SUM(C46:L46,N46) -> 89 | P46: =SUM(C46:N46) -> 359
B47: 16.15 -16.30 | C47: 43 | D47: 9 | E47: 5 | F47: 17 | G47: 0 | H47: 0 | I47: 5 | J47: 8 | K47: 2 | M47: 290 | N47: 0 | O47: =SUM(C47:L47,N47) -> 89 | P47: =SUM(C47:N47) -> 379
B48: 16.30 -16.45 | C48: 36 | D48: 6 | E48: 4 | F48: 10 | G48: 0 | H48: 0 | I48: 13 | J48: 3 | K48: 0 | L48: 0 | M48: 254 | N48: 0 | O48: =SUM(C48:L48,N48) -> 72 | P48: =SUM(C48:N48) -> 326
B49: 16.45 -17.00 | C49: 54 | D49: 5 | E49: 4 | F49: 21 | G49: 2 | H49: 0 | I49: 5 | J49: 1 | K49: 1 | L49: 1 | M49: 285 | N49: 0 | O49: =SUM(C49:L49,N49) -> 94 | P49: =SUM(C49:N49) -> 379
B50: 17.00 -17.15 | C50: 63 | D50: 6 | E50: 5 | F50: 20 | G50: 1 | H50: 1 | I50: 5 | J50: 8 | K50: 1 | L50: 0 | M50: 315 | N50: 0 | O50: =SUM(C50:L50,N50) -> 110 | P50: =SUM(C50:N50) -> 425
B51: 17.15 -17.30 | C51: 55 | D51: 16 | E51: 4 | F51: 31 | G51: 0 | H51: 0 | I51: 3 | J51: 7 | K51: 0 | L51: 0 | M51: 350 | N51: 0 | O51: =SUM(C51:L51,N51) -> 116 | P51: =SUM(C51:N51) -> 466
B52: 17.30 -17.45 | C52: 51 | D52: 12 | E52: 7 | F52: 33 | G52: 1 | H52: 0 | I52: 4 | J52: 7 | K52: 1 | L52: 1 | M52: 310 | N52: 0 | O52: =SUM(C52:L52,N52) -> 117 | P52: =SUM(C52:N52) -> 427
B53: 17.45 -18.00 | C53: 61 | D53: 2 | E53: 0 | F53: 16 | G53: 0 | H53: 0 | I53: 1 | J53: 3 | K53: 0 | L53: 0 | M53: 425 | N53: 0 | O53: =SUM(C53:L53,N53) -> 83 | P53: =SUM(C53:N53) -> 508
B54: 18.00 - 18.15 | C54: 63 | D54: 11 | E54: 4 | F54: 8 | G54: 0 | H54: 0 | I54: 8 | J54: 3 | K54: 3 | L54: 1 | M54: 310 | N54: 2 | O54: =SUM(C54:L54,N54) -> 103 | P54: =SUM(C54:N54) -> 413
B55: 18.15 - 18.30 | C55: 70 | D55: 11 | E55: 4 | F55: 12 | G55: 1 | H55: 0 | I55: 3 | J55: 2 | K55: 4 | L55: 0 | M55: 350 | N55: 0 | O55: =SUM(C55:L55,N55) -> 107 | P55: =SUM(C55:N55) -> 457
B56: 18.30 - 18.45 | C56: 65 | D56: 6 | E56: 5 | F56: 7 | G56: 0 | H56: 0 | I56: 7 | J56: 14 | K56: 2 | L56: 1 | M56: 271 | N56: 0 | O56: =SUM(C56:L56,N56) -> 107 | P56: =SUM(C56:N56) -> 378
B57: 18.45 - 19.00 | C57: 63 | D57: 1 | E57: 8 | F57: 3 | G57: 0 | H57: 0 | I57: 3 | J57: 2 | K57: 0 | L57: 0 | M57: 293 | N57: 0 | O57: =SUM(C57:L57,N57) -> 80 | P57: =SUM(C57:N57) -> 373
B58: Totals | C58: =SUM(C10:C57) -> 1759 | D58: =SUM(D10:D57) -> 328 | E58: =SUM(E10:E57) -> 167 | F58: =SUM(F10:F57) -> 730 | G58: =SUM(G10:G57) -> 26 | H58: =SUM(H10:H57) -> 3 | I58: =SUM(I10:I57) -> 267 | J58: =SUM(J10:J57) -> 240 | ... P58: =SUM(P10:P57) -> 13756
B59: %ges + MCs | C59: =C58/$P$58 -> 0.12787147 | D59: =D58/$P$58 -> 0.023844141 | E59: =E58/$P$58 -> 0.012140157 | F59: =F58/$P$58 -> 0.053067752 | G59: =G58/$P$58 -> 0.0018900843 | H59: =H58/$P$58 -> 0.00021808665 | I59: =I58/$P$58 -> 0.019409712 | J59: =J58/$P$58 -> 0.017446932 | ... N59: =N58/$P$58 -> 0.0002907822
B60: %ges w/o MCs | C60: =C58/$O$58 -> 0.48779811 | D60: =D58/$O$58 -> 0.090959512 | E60: =E58/$O$58 -> 0.046311703 | F60: =F58/$O$58 -> 0.20244038 | G60: =G58/$O$58 -> 0.0072102052 | H60: =H58/$O$58 -> 0.00083194676 | I60: =I58/$O$58 -> 0.074043261 | J60: =J58/$O$58 -> 0.06655574 | ... L60: =L58/$O$58 -> 0.0063782585 | N60: =N58/$O$58 -> 0.0011092623

Sheet 22.07 Ndeeba-Lubiri
B1: Consultancy services for Preparation of Expressway Development Master Plan (EDMP) for Uganda
B2: MANUAL CLASSIFIED COUNT (MCC)
B3: ROAD NAME: | C3: ='22.07 Lubiri -Ndeeba'!C3:G3 -> MCC - C1 - STN03- KALINDA ROAD
C5: Date | D5: ='22.07 Lubiri -Ndeeba'!D5 -> 22.07.19 | F5: Location | G5: ='22.07 Lubiri -Ndeeba'!G5:H5 -> Before Shell | J5: Surveyor | K5: Kizito Geofrey
C6: Dir. From | D6: Ndeeba | F6: Dir. To | G6: Lubiri | J6: Supervisor | K6: Kaisuka
B8: Time / Veh Type | R8: SUMMARY TRAFFIC VOLUMES
C9: 1. Car | D9: 2. Station Wagon | E9: 3. Pickups | F9: 4. Minibus, matatu | G9: 5. Medium bus | H9: 6. Large Bus | I9: 7. Light Truck | J9: 8. Medium Truck | K9: 9. Heavy truck | L9: 10. Truck Trailer | M9: 11. Motor cycles | N9: 12. Tractors | O9: Total Excl M/Cycles | P9: Total All | R9: Time | S9: 1. Car | T9: 2. Station Wagon | U9: 3. Pickups | V9: 4. Minibus, matatu | W9: 5. Medium bus | X9: 6. Large Bus | Y9: 7. Light Truck | Z9: 8. Medium Truck | AA9: 9. Heavy truck | AB9: 10. Truck Trailer | AC9: 11. Motorcycles | AD9: 12. Tractors, Graders | AE9: Total Excl M/ Cycles | AF9: Total All
B10: 07.00 - 07.15 | C10: 71 | D10: 6 | E10: 10 | F10: 25 | G10: 0 | H10: 3 | I10: 0 | J10: 2 | K10: 0 | L10: 0 | M10: 128 | N10: 0 | O10: =SUM(C10:L10,N10) -> 117 | P10: =SUM(C10:N10) -> 245 | R10: 0700-0800 | S10: =SUM(C10:C13) -> 259 | T10: =SUM(D10:D13) -> 29 | U10: =SUM(E10:E13) -> 23 | V10: =SUM(F10:F13) -> 89 | W10: =SUM(G10:G13) -> 0 | X10: =SUM(H10:H13) -> 3 | Y10: =SUM(I10:I13) -> 6 | Z10: =SUM(J10:J13) -> 13 | ... AF10: =SUM(P10:P13) -> 824
B11: 07.15 - 07.30 | C11: 83 | D11: 10 | E11: 3 | F11: 20 | G11: 0 | H11: 0 | I11: 4 | J11: 5 | K11: 0 | L11: 1 | M11: 107 | N11: 0 | O11: =SUM(C11:L11,N11) -> 126 | P11: =SUM(C11:N11) -> 233 | R11: 0800-0900 | S11: =SUM(C14:C17) -> 212 | T11: =SUM(D14:D17) -> 35 | U11: =SUM(E14:E17) -> 17 | V11: =SUM(F14:F17) -> 85 | W11: =SUM(G14:G17) -> 1 | X11: =SUM(H14:H17) -> 0 | Y11: =SUM(I14:I17) -> 11 | Z11: =SUM(J14:J17) -> 27 | ... AF11: =SUM(P14:P17) -> 854
B12: 07.30 - 07.45 | C12: 67 | D12: 12 | E12: 7 | F12: 27 | G12: 0 | H12: 0 | I12: 2 | J12: 5 | K12: 0 | L12: 0 | M12: 96 | N12: 0 | O12: =SUM(C12:L12,N12) -> 120 | P12: =SUM(C12:N12) -> 216 | R12: 0900-1000 | S12: =SUM(C18:C21) -> 302 | T12: =SUM(D18:D21) -> 26 | U12: =SUM(E18:E21) -> 28 | V12: =SUM(F18:F21) -> 64 | W12: =SUM(G18:G21) -> 2 | X12: =SUM(H18:H21) -> 0 | Y12: =SUM(I18:I21) -> 18 | Z12: =SUM(J18:J21) -> 12 | ... AF12: =SUM(P18:P21) -> 1110
B13: 07.45 - 08.00 | C13: 38 | D13: 1 | E13: 3 | F13: 17 | G13: 0 | H13: 0 | I13: 0 | J13: 1 | K13: 0 | L13: 0 | M13: 70 | N13: 0 | O13: =SUM(C13:L13,N13) -> 60 | P13: =SUM(C13:N13) -> 130 | R13: 1000-1100 | S13: =SUM(C22:C25) -> 278 | T13: =SUM(D22:D25) -> 44 | U13: =SUM(E22:E25) -> 44 | V13: =SUM(F22:F25) -> 60 | W13: =SUM(G22:G25) -> 2 | X13: =SUM(H22:H25) -> 0 | Y13: =SUM(I22:I25) -> 51 | Z13: =SUM(J22:J25) -> 17 | ... AF13: =SUM(P22:P25) -> 1306
B14: 08.00 - 08.15 | C14: 22 | D14: 3 | E14: 3 | F14: 12 | G14: 1 | H14: 0 | I14: 2 | J14: 2 | K14: 0 | L14: 0 | M14: 81 | N14: 0 | O14: =SUM(C14:L14,N14) -> 45 | P14: =SUM(C14:N14) -> 126 | R14: 1100-1200 | S14: =SUM(C26:C29) -> 252 | T14: =SUM(D26:D29) -> 33 | U14: =SUM(E26:E29) -> 39 | V14: =SUM(F26:F29) -> 31 | W14: =SUM(G26:G29) -> 4 | X14: =SUM(H26:H29) -> 0 | Y14: =SUM(I26:I29) -> 24 | Z14: =SUM(J26:J29) -> 18 | ... AF14: =SUM(P26:P29) -> 1098
B15: 08.15 - 08.30 | C15: 35 | D15: 10 | E15: 5 | F15: 12 | G15: 0 | H15: 0 | I15: 7 | J15: 13 | K15: 0 | L15: 0 | M15: 80 | N15: 0 | O15: =SUM(C15:L15,N15) -> 82 | P15: =SUM(C15:N15) -> 162 | R15: 1200-1300 | S15: =SUM(C30:C33) -> 257 | T15: =SUM(D30:D33) -> 36 | U15: =SUM(E30:E33) -> 45 | V15: =SUM(F30:F33) -> 26 | W15: =SUM(G30:G33) -> 0 | X15: =SUM(H30:H33) -> 0 | Y15: =SUM(I30:I33) -> 16 | Z15: =SUM(J30:J33) -> 20 | ... AF15: =SUM(P30:P33) -> 1144
B16: 08.30 - 08.45 | C16: 68 | D16: 17 | E16: 2 | F16: 45 | G16: 0 | H16: 0 | I16: 0 | J16: 6 | K16: 0 | L16: 0 | M16: 165 | N16: 0 | O16: =SUM(C16:L16,N16) -> 138 | P16: =SUM(C16:N16) -> 303 | R16: 1300-1400 | S16: =SUM(C34:C37) -> 190 | T16: =SUM(D34:D37) -> 25 | U16: =SUM(E34:E37) -> 34 | V16: =SUM(F34:F37) -> 23 | W16: =SUM(G34:G37) -> 1 | X16: =SUM(H34:H37) -> 0 | Y16: =SUM(I34:I37) -> 19 | Z16: =SUM(J34:J37) -> 20 | ... AF16: =SUM(P34:P37) -> 929
B17: 08.45 - 9.00 | C17: 87 | D17: 5 | E17: 7 | F17: 16 | G17: 0 | H17: 0 | I17: 2 | J17: 6 | K17: 0 | L17: 0 | M17: 140 | N17: 0 | O17: =SUM(C17:L17,N17) -> 123 | P17: =SUM(C17:N17) -> 263 | R17: 1400-1500 | S17: =SUM(C38:C41) -> 144 | T17: =SUM(D38:D41) -> 44 | U17: =SUM(E38:E41) -> 37 | V17: =SUM(F38:F41) -> 24 | W17: =SUM(G38:G41) -> 0 | X17: =SUM(H38:H41) -> 0 | Y17: =SUM(I38:I41) -> 21 | Z17: =SUM(J38:J41) -> 13 | ... AF17: =SUM(P38:P41) -> 892
B18: 09.00 - 09.15 | C18: 80 | D18: 10 | E18: 6 | F18: 28 | G18: 0 | H18: 0 | I18: 5 | J18: 1 | K18: 0 | L18: 0 | M18: 175 | N18: 0 | O18: =SUM(C18:L18,N18) -> 130 | P18: =SUM(C18:N18) -> 305 | R18: 1500-1600 | S18: =SUM(C42:C45) -> 143 | T18: =SUM(D42:D45) -> 22 | U18: =SUM(E42:E45) -> 34 | V18: =SUM(F42:F45) -> 18 | W18: =SUM(G42:G45) -> 0 | X18: =SUM(H42:H45) -> 0 | Y18: =SUM(I42:I45) -> 15 | Z18: =SUM(J42:J45) -> 8 | ... AF18: =SUM(P42:P45) -> 468
B19: 09.15 - 09.30 | C19: 80 | D19: 8 | E19: 8 | F19: 15 | G19: 1 | H19: 0 | I19: 6 | J19: 11 | K19: 0 | L19: 0 | M19: 180 | N19: 0 | O19: =SUM(C19:L19,N19) -> 129 | P19: =SUM(C19:N19) -> 309 | R19: 1600-1700 | S19: =SUM(C46:C49) -> 254 | T19: =SUM(D46:D49) -> 42 | U19: =SUM(E46:E49) -> 35 | V19: =SUM(F46:F49) -> 28 | W19: =SUM(G46:G49) -> 0 | X19: =SUM(H46:H49) -> 0 | Y19: =SUM(I46:I49) -> 15 | Z19: =SUM(J46:J49) -> 16 | ... AF19: =SUM(P46:P49) -> 1058
B20: 09.30 - 09.45 | C20: 89 | D20: 4 | E20: 7 | F20: 10 | G20: 1 | H20: 0 | I20: 5 | J20: 0 | K20: 0 | L20: 0 | M20: 146 | N20: 0 | O20: =SUM(C20:L20,N20) -> 116 | P20: =SUM(C20:N20) -> 262 | R20: 1700-1800 | S20: =SUM(C50:C53) -> 310 | T20: =SUM(D50:D53) -> 34 | U20: =SUM(E50:E53) -> 30 | V20: =SUM(F50:F53) -> 29 | W20: =SUM(G50:G53) -> 1 | X20: =SUM(H50:H53) -> 0 | Y20: =SUM(I50:I53) -> 12 | Z20: =SUM(J50:J53) -> 17 | ... AF20: =SUM(P50:P53) -> 1230
B21: 09.45 - 10.00 | C21: 53 | D21: 4 | E21: 7 | F21: 11 | G21: 0 | H21: 0 | I21: 2 | J21: 0 | K21: 2 | L21: 0 | M21: 155 | N21: 0 | O21: =SUM(C21:L21,N21) -> 79 | P21: =SUM(C21:N21) -> 234 | R21: 1800-1900 | S21: =SUM(C54:C57) -> 225 | T21: =SUM(D54:D57) -> 34 | U21: =SUM(E54:E57) -> 24 | V21: =SUM(F54:F57) -> 69 | W21: =SUM(G54:G57) -> 2 | X21: =SUM(H54:H57) -> 1 | Y21: =SUM(I54:I57) -> 12 | Z21: =SUM(J54:J57) -> 10 | ... AF21: =SUM(P54:P57) -> 1252
B22: 10.00 - 10.15 | C22: 100 | D22: 8 | E22: 8 | F22: 13 | G22: 0 | H22: 0 | I22: 14 | J22: 1 | K22: 1 | L22: 1 | M22: 191 | N22: 1 | O22: =SUM(C22:L22,N22) -> 147 | P22: =SUM(C22:N22) -> 338 | R22: AM Peak Hr | S22: =MAX(S10:S12) -> 302 | T22: =MAX(T10:T12) -> 35 | U22: =MAX(U10:U12) -> 28 | V22: =MAX(V10:V12) -> 89 | W22: =MAX(W10:W12) -> 2 | X22: =MAX(X10:X12) -> 3 | Y22: =MAX(Y10:Y12) -> 18 | Z22: =MAX(Z10:Z12) -> 27 | ... AF22: =MAX(AF10:AF12) -> 1110
B23: 10.15 - 10.30 | C23: 85 | D23: 20 | E23: 19 | F23: 25 | G23: 1 | H23: 0 | I23: 22 | J23: 10 | K23: 1 | L23: 0 | M23: 195 | N23: 0 | O23: =SUM(C23:L23,N23) -> 183 | P23: =SUM(C23:N23) -> 378 | R23: IP Peak Hr | S23: =MAX(S13:S18) -> 278 | T23: =MAX(T13:T18) -> 44 | U23: =MAX(U13:U18) -> 45 | V23: =MAX(V13:V18) -> 60 | W23: =MAX(W13:W18) -> 4 | X23: =MAX(X13:X18) -> 0 | Y23: =MAX(Y13:Y18) -> 51 | Z23: =MAX(Z13:Z18) -> 20 | ... AF23: =MAX(AF13:AF18) -> 1306
B24: 10.30 - 10.45 | C24: 48 | D24: 10 | E24: 9 | F24: 7 | G24: 0 | H24: 0 | I24: 6 | J24: 2 | K24: 0 | L24: 0 | M24: 230 | N24: 0 | O24: =SUM(C24:L24,N24) -> 82 | P24: =SUM(C24:N24) -> 312 | R24: PM Peak Hr | S24: =MAX(S19:S21) -> 310 | T24: =MAX(T19:T21) -> 42 | U24: =MAX(U19:U21) -> 35 | V24: =MAX(V19:V21) -> 69 | W24: =MAX(W19:W21) -> 2 | X24: =MAX(X19:X21) -> 1 | Y24: =MAX(Y19:Y21) -> 15 | Z24: =MAX(Z19:Z21) -> 17 | ... AF24: =MAX(AF19:AF21) -> 1252
B25: 10.45 - 11.00 | C25: 45 | D25: 6 | E25: 8 | F25: 15 | G25: 1 | H25: 0 | I25: 9 | J25: 4 | K25: 1 | L25: 0 | M25: 189 | N25: 0 | O25: =SUM(C25:L25,N25) -> 89 | P25: =SUM(C25:N25) -> 278 | R25: AM Period | S25: =SUM(S10:S12) -> 773 | T25: =SUM(T10:T12) -> 90 | U25: =SUM(U10:U12) -> 68 | V25: =SUM(V10:V12) -> 238 | W25: =SUM(W10:W12) -> 3 | X25: =SUM(X10:X12) -> 3 | Y25: =SUM(Y10:Y12) -> 35 | Z25: =SUM(Z10:Z12) -> 52 | ... AF25: =SUM(AF10:AF12) -> 2788
B26: 11.00 - 11.15 | C26: 75 | D26: 7 | E26: 13 | F26: 5 | G26: 0 | H26: 0 | I26: 7 | J26: 5 | K26: 1 | L26: 0 | M26: 196 | N26: 0 | O26: =SUM(C26:L26,N26) -> 113 | P26: =SUM(C26:N26) -> 309 | R26: IP Period | S26: =SUM(S13:S18) -> 1264 | T26: =SUM(T13:T18) -> 204 | U26: =SUM(U13:U18) -> 233 | V26: =SUM(V13:V18) -> 182 | W26: =SUM(W13:W18) -> 7 | X26: =SUM(X13:X18) -> 0 | Y26: =SUM(Y13:Y18) -> 146 | Z26: =SUM(Z13:Z18) -> 96 | ... AF26: =SUM(AF13:AF18) -> 5837
B27: 11.15 - 11.30 | C27: 78 | D27: 13 | E27: 9 | F27: 9 | G27: 2 | H27: 0 | I27: 13 | J27: 10 | K27: 1 | L27: 0 | M27: 198 | N27: 0 | O27: =SUM(C27:L27,N27) -> 135 | P27: =SUM(C27:N27) -> 333 | R27: PM Period | S27: =SUM(S19:S21) -> 789 | T27: =SUM(T19:T21) -> 110 | U27: =SUM(U19:U21) -> 89 | V27: =SUM(V19:V21) -> 126 | W27: =SUM(W19:W21) -> 3 | X27: =SUM(X19:X21) -> 1 | Y27: =SUM(Y19:Y21) -> 39 | Z27: =SUM(Z19:Z21) -> 43 | ... AF27: =SUM(AF19:AF21) -> 3540
B28: 11.30 - 11.45 | C28: 51 | D28: 2 | E28: 5 | F28: 12 | G28: 0 | H28: 0 | I28: 2 | J28: 2 | K28: 0 | L28: 1 | M28: 132 | N28: 0 | O28: =SUM(C28:L28,N28) -> 75 | P28: =SUM(C28:N28) -> 207 | R28: 12 Hours | S28: =SUM(S10:S21) -> 2826 | T28: =SUM(T10:T21) -> 404 | U28: =SUM(U10:U21) -> 390 | V28: =SUM(V10:V21) -> 546 | W28: =SUM(W10:W21) -> 13 | X28: =SUM(X10:X21) -> 4 | Y28: =SUM(Y10:Y21) -> 220 | Z28: =SUM(Z10:Z21) -> 191 | ... AF28: =SUM(AF10:AF21) -> 12165
B29: 11.45 - 12.00 | C29: 48 | D29: 11 | E29: 12 | F29: 5 | G29: 2 | H29: 0 | I29: 2 | J29: 1 | K29: 0 | L29: 1 | M29: 167 | N29: 0 | O29: =SUM(C29:L29,N29) -> 82 | P29: =SUM(C29:N29) -> 249
B30: 12.00 - 12.15 | C30: 65 | D30: 9 | E30: 11 | F30: 7 | G30: 0 | H30: 0 | I30: 2 | J30: 4 | K30: 0 | L30: 1 | M30: 180 | N30: 0 | O30: =SUM(C30:L30,N30) -> 99 | P30: =SUM(C30:N30) -> 279
B31: 12.15 - 12.30 | C31: 102 | D31: 14 | E31: 10 | F31: 4 | G31: 0 | H31: 0 | I31: 3 | J31: 6 | K31: 0 | L31: 2 | M31: 180 | N31: 0 | O31: =SUM(C31:L31,N31) -> 141 | P31: =SUM(C31:N31) -> 321
B32: 12.30 - 12.45 | C32: 43 | D32: 5 | E32: 10 | F32: 7 | G32: 0 | H32: 0 | I32: 3 | J32: 6 | K32: 0 | L32: 0 | M32: 215 | N32: 0 | O32: =SUM(C32:L32,N32) -> 74 | P32: =SUM(C32:N32) -> 289
B33: 12.45 - 13.00 | C33: 47 | D33: 8 | E33: 14 | F33: 8 | G33: 0 | H33: 0 | I33: 8 | J33: 4 | K33: 0 | L33: 1 | M33: 165 | N33: 0 | O33: =SUM(C33:L33,N33) -> 90 | P33: =SUM(C33:N33) -> 255
B34: 13.00 - 13.15 | C34: 51 | D34: 8 | E34: 11 | F34: 6 | G34: 1 | H34: 0 | I34: 6 | J34: 4 | K34: 0 | L34: 1 | M34: 154 | N34: 0 | O34: =SUM(C34:L34,N34) -> 88 | P34: =SUM(C34:N34) -> 242
B35: 13.15 - 13.30 | C35: 69 | D35: 9 | E35: 7 | F35: 5 | G35: 0 | H35: 0 | I35: 7 | J35: 4 | K35: 1 | L35: 1 | M35: 128 | N35: 0 | O35: =SUM(C35:L35,N35) -> 103 | P35: =SUM(C35:N35) -> 231
B36: 13.30 - 13.45 | C36: 39 | D36: 4 | E36: 7 | F36: 4 | G36: 0 | H36: 0 | I36: 2 | J36: 4 | K36: 1 | L36: 1 | M36: 166 | N36: 0 | O36: =SUM(C36:L36,N36) -> 62 | P36: =SUM(C36:N36) -> 228
B37: 13.45 - 14.00 | C37: 31 | D37: 4 | E37: 9 | F37: 8 | G37: 0 | H37: 0 | I37: 4 | J37: 8 | K37: 0 | L37: 1 | M37: 163 | N37: 0 | O37: =SUM(C37:L37,N37) -> 65 | P37: =SUM(C37:N37) -> 228
B38: 14.00 - 14.15 | C38: 40 | D38: 8 | E38: 5 | F38: 8 | G38: 0 | H38: 0 | I38: 4 | J38: 3 | K38: 1 | L38: 1 | M38: 180 | N38: 0 | O38: =SUM(C38:L38,N38) -> 70 | P38: =SUM(C38:N38) -> 250
B39: 14.15 - 14.30 | C39: 38 | D39: 16 | E39: 13 | F39: 2 | G39: 0 | H39: 0 | I39: 6 | J39: 4 | K39: 2 | L39: 4 | M39: 140 | N39: 0 | O39: =SUM(C39:L39,N39) -> 85 | P39: =SUM(C39:N39) -> 225
B40: 14.30 - 14.45 | C40: 22 | D40: 9 | E40: 9 | F40: 7 | G40: 0 | H40: 0 | I40: 7 | J40: 2 | K40: 0 | L40: 0 | M40: 129 | N40: 0 | O40: =SUM(C40:L40,N40) -> 56 | P40: =SUM(C40:N40) -> 185
... B57: 18.45 - 19.00 | C57: 60 | D57: 13 | E57: 6 | F57: 5 | G57: 0 | H57: 0 | I57: 1 | J57: 0 | K57: 0 | L57: 0 | M57: 185 | N57: 0 | O57: =SUM(C57:L57,N57) -> 85 | P57: =SUM(C57:N57) -> 270
B58: Totals | C58: =SUM(C10:C57) -> 2826 | D58: =SUM(D10:D57) -> 404 | E58: =SUM(E10:E57) -> 390 | F58: =SUM(F10:F57) -> 546 | G58: =SUM(G10:G57) -> 13 | H58: =SUM(H10:H57) -> 4 | I58: =SUM(I10:I57) -> 220 | J58: =SUM(J10:J57) -> 191 | ... P58: =SUM(P10:P57) -> 12165
B59: %ges + MCs | C59: =C58/$P$58 -> 0.2323058 | D59: =D58/$P$58 -> 0.033210029 | E59: =E58/$P$58 -> 0.032059186 | F59: =F58/$P$58 -> 0.044882861 | G59: =G58/$P$58 -> 0.0010686395 | H59: =H58/$P$58 -> 0.00032881217 | I59: =I58/$P$58 -> 0.018084669 | J59: =J58/$P$58 -> 0.015700781 | ... N59: =N58/$P$58 -> 8.2203042e-05
B60: %ges w/o MCs | C60: =C58/$O$58 -> 0.60970874 | D60: =D58/$O$58 -> 0.087162891 | E60: =E58/$O$58 -> 0.084142395 | F60: =F58/$O$58 -> 0.11779935 | G60: =G58/$O$58 -> 0.0028047465 | H60: =H58/$O$58 -> 0.00086299892 | I60: =I58/$O$58 -> 0.047464941 | J60: =J58/$O$58 -> 0.041208198 | ... L60: =L58/$O$58 -> 0.0043149946 | N60: =N58/$O$58 -> 0.00021574973

Sheet 23.07 Lubiri-Ndeeba
B1: Consultancy services for Preparation of Expressway Development Master Plan (EDMP) for Uganda
B2: MANUAL CLASSIFIED COUNT (MCC)
B3: ROAD NAME: | C3: MCC - CI - STN03 - KALINDA ROAD
C5: Date | D5: 23.07.19 | F5: Location | G5: ='22.07 Lubiri -Ndeeba'!G5:H5 -> Before Shell | J5: Surveyor | K5: ='22.07 Lubiri -Ndeeba'!K5:L5 -> Maiso. M. Gadafi
C6: Dir. From | D6: ='22.07 Lubiri -Ndeeba'!D6:E6 -> Lubiri | F6: Dir. To | G6: ='22.07 Lubiri -Ndeeba'!G6:H6 -> Ndeeba | J6: Supervisor | K6: ='22.07 Lubiri -Ndeeba'!K6:L6 -> Denis
B8: Time / Veh Type | R8: SUMMARY TRAFFIC VOLUMES
C9: 1. Car | D9: 2. Station Wagon | E9: 3. Pickups | F9: 4. Minibus, matatu | G9: 5. Medium bus | H9: 6. Large Bus | I9: 7. Light Truck | J9: 8. Medium Truck | K9: 9. Heavy truck | L9: 10. Truck Trailer | M9: 11. Motor cycles | N9: 12. Tractors | O9: Total Excl M/Cycles | P9: Total All | R9: Time | S9: 1. Car | T9: 2. Station Wagon | U9: 3. Pickups | V9: 4. Minibus, matatu | W9: 5. Medium bus | X9: 6. Large Bus | Y9: 7. Light Truck | Z9: 8. Medium Truck | AA9: 9. Heavy truck | AB9: 10. Truck Trailer | AC9: 11. Motorcycles | AD9: 12. Tractors, Graders | AE9: Total Excl M/ Cycles | AF9: Total All
B10: 07.00 - 07.15 | C10: 22 | D10: 1 | E10: 0 | F10: 10 | G10: 0 | H10: 0 | I10: 0 | J10: 2 | K10: 0 | L10: 0 | M10: 91 | N10: 0 | O10: =SUM(C10:L10,N10) -> 35 | P10: =SUM(C10:N10) -> 126 | R10: 0700-0800 | S10: =SUM(C10:C13) -> 81 | T10: =SUM(D10:D13) -> 7 | U10: =SUM(E10:E13) -> 6 | V10: =SUM(F10:F13) -> 58 | W10: =SUM(G10:G13) -> 0 | X10: =SUM(H10:H13) -> 0 | Y10: =SUM(I10:I13) -> 4 | Z10: =SUM(J10:J13) -> 9 | ... AF10: =SUM(P10:P13) -> 732
B11: 07.15 - 07.30 | C11: 27 | D11: 2 | E11: 1 | F11: 15 | G11: 0 | H11: 0 | I11: 2 | J11: 1 | K11: 0 | L11: 0 | M11: 123 | N11: 0 | O11: =SUM(C11:L11,N11) -> 48 | P11: =SUM(C11:N11) -> 171 | R11: 0800-0900 | S11: =SUM(C14:C17) -> 81 | T11: =SUM(D14:D17) -> 14 | U11: =SUM(E14:E17) -> 11 | V11: =SUM(F14:F17) -> 82 | W11: =SUM(G14:G17) -> 1 | X11: =SUM(H14:H17) -> 0 | Y11: =SUM(I14:I17) -> 10 | Z11: =SUM(J14:J17) -> 4 | ... AF11: =SUM(P14:P17) -> 1500
B12: 07.30 - 07.45 | C12: 23 | D12: 1 | E12: 3 | F12: 17 | G12: 0 | H12: 0 | I12: 1 | J12: 3 | K12: 0 | L12: 0 | M12: 163 | N12: 0 | O12: =SUM(C12:L12,N12) -> 48 | P12: =SUM(C12:N12) -> 211 | R12: 0900-1000 | S12: =SUM(C18:C21) -> 86 | T12: =SUM(D18:D21) -> 23 | U12: =SUM(E18:E21) -> 15 | V12: =SUM(F18:F21) -> 68 | W12: =SUM(G18:G21) -> 4 | X12: =SUM(H18:H21) -> 0 | Y12: =SUM(I18:I21) -> 25 | Z12: =SUM(J18:J21) -> 17 | ... AF12: =SUM(P18:P21) -> 1442
B13: 07.45 - 08.00 | C13: 9 | D13: 3 | E13: 2 | F13: 16 | G13: 0 | H13: 0 | I13: 1 | J13: 3 | K13: 0 | L13: 0 | M13: 190 | N13: 0 | O13: =SUM(C13:L13,N13) -> 34 | P13: =SUM(C13:N13) -> 224 | R13: 1000-1100 | S13: =SUM(C22:C25) -> 118 | T13: =SUM(D22:D25) -> 25 | U13: =SUM(E22:E25) -> 12 | V13: =SUM(F22:F25) -> 64 | W13: =SUM(G22:G25) -> 0 | X13: =SUM(H22:H25) -> 1 | Y13: =SUM(I22:I25) -> 33 | Z13: =SUM(J22:J25) -> 13 | ... AF13: =SUM(P22:P25) -> 1231
B14: 08.00 - 08.15 | C14: 28 | D14: 4 | E14: 3 | F14: 28 | G14: 0 | H14: 0 | I14: 2 | J14: 0 | K14: 1 | L14: 0 | M14: 310 | N14: 0 | O14: =SUM(C14:L14,N14) -> 66 | P14: =SUM(C14:N14) -> 376 | R14: 1100-1200 | S14: =SUM(C26:C29) -> 143 | T14: =SUM(D26:D29) -> 28 | U14: =SUM(E26:E29) -> 15 | V14: =SUM(F26:F29) -> 59 | W14: =SUM(G26:G29) -> 2 | X14: =SUM(H26:H29) -> 0 | Y14: =SUM(I26:I29) -> 29 | Z14: =SUM(J26:J29) -> 24 | ... AF14: =SUM(P26:P29) -> 1312
B15: 08.15 - 08.30 | C15: 18 | D15: 2 | E15: 3 | F15: 20 | G15: 0 | H15: 0 | I15: 6 | J15: 0 | K15: 0 | L15: 0 | M15: 290 | N15: 0 | O15: =SUM(C15:L15,N15) -> 49 | P15: =SUM(C15:N15) -> 339 | R15: 1200-1300 | S15: =SUM(C30:C33) -> 135 | T15: =SUM(D30:D33) -> 42 | U15: =SUM(E30:E33) -> 17 | V15: =SUM(F30:F33) -> 58 | W15: =SUM(G30:G33) -> 5 | X15: =SUM(H30:H33) -> 0 | Y15: =SUM(I30:I33) -> 29 | Z15: =SUM(J30:J33) -> 23 | ... AF15: =SUM(P30:P33) -> 1415
B16: 08.30 - 08.45 | C16: 19 | D16: 4 | E16: 2 | F16: 18 | G16: 1 | H16: 0 | I16: 0 | J16: 1 | K16: 1 | L16: 0 | M16: 350 | N16: 0 | O16: =SUM(C16:L16,N16) -> 46 | P16: =SUM(C16:N16) -> 396 | R16: 1300-1400 | S16: =SUM(C34:C37) -> 147 | T16: =SUM(D34:D37) -> 29 | U16: =SUM(E34:E37) -> 19 | V16: =SUM(F34:F37) -> 57 | W16: =SUM(G34:G37) -> 1 | X16: =SUM(H34:H37) -> 0 | Y16: =SUM(I34:I37) -> 29 | Z16: =SUM(J34:J37) -> 22 | ... AF16: =SUM(P34:P37) -> 1262
B17: 08.45 - 9.00 | C17: 16 | D17: 4 | E17: 3 | F17: 16 | G17: 0 | H17: 0 | I17: 2 | J17: 3 | K17: 0 | L17: 0 | M17: 345 | N17: 0 | O17: =SUM(C17:L17,N17) -> 44 | P17: =SUM(C17:N17) -> 389 | R17: 1400-1500 | S17: =SUM(C38:C41) -> 155 | T17: =SUM(D38:D41) -> 25 | U17: =SUM(E38:E41) -> 12 | V17: =SUM(F38:F41) -> 48 | W17: =SUM(G38:G41) -> 1 | X17: =SUM(H38:H41) -> 0 | Y17: =SUM(I38:I41) -> 25 | Z17: =SUM(J38:J41) -> 17 | ... AF17: =SUM(P38:P41) -> 1007
B18: 09.00 - 09.15 | C18: 19 | D18: 4 | E18: 2 | F18: 12 | G18: 0 | H18: 0 | I18: 5 | J18: 2 | K18: 1 | L18: 0 | M18: 238 | N18: 0 | O18: =SUM(C18:L18,N18) -> 45 | P18: =SUM(C18:N18) -> 283 | R18: 1500-1600 | S18: =SUM(C42:C45) -> 160 | T18: =SUM(D42:D45) -> 24 | U18: =SUM(E42:E45) -> 13 | V18: =SUM(F42:F45) -> 71 | W18: =SUM(G42:G45) -> 1 | X18: =SUM(H42:H45) -> 0 | Y18: =SUM(I42:I45) -> 27 | Z18: =SUM(J42:J45) -> 30 | ... AF18: =SUM(P42:P45) -> 1219
B19: 09.15 - 09.30 | C19: 25 | D19: 3 | E19: 2 | F19: 22 | G19: 2 | H19: 0 | I19: 7 | J19: 4 | K19: 2 | L19: 0 | M19: 296 | N19: 0 | O19: =SUM(C19:L19,N19) -> 67 | P19: =SUM(C19:N19) -> 363 | R19: 1600-1700 | S19: =SUM(C46:C49) -> 162 | T19: =SUM(D46:D49) -> 40 | U19: =SUM(E46:E49) -> 19 | V19: =SUM(F46:F49) -> 63 | W19: =SUM(G46:G49) -> 4 | X19: =SUM(H46:H49) -> 0 | Y19: =SUM(I46:I49) -> 24 | Z19: =SUM(J46:J49) -> 21 | ... AF19: =SUM(P46:P49) -> 1147
B20: 09.30 - 09.45 | C20: 21 | D20: 6 | E20: 2 | F20: 16 | G20: 2 | H20: 0 | I20: 7 | J20: 10 | K20: 0 | L20: 0 | M20: 326 | N20: 0 | O20: =SUM(C20:L20,N20) -> 64 | P20: =SUM(C20:N20) -> 390 | R20: 1700-1800 | S20: =SUM(C50:C53) -> 283 | T20: =SUM(D50:D53) -> 47 | U20: =SUM(E50:E53) -> 18 | V20: =SUM(F50:F53) -> 69 | W20: =SUM(G50:G53) -> 0 | X20: =SUM(H50:H53) -> 0 | Y20: =SUM(I50:I53) -> 22 | Z20: =SUM(J50:J53) -> 14 | ... AF20: =SUM(P50:P53) -> 1675
B21: 09.45 - 10.00 | C21: 21 | D21: 10 | E21: 9 | F21: 18 | G21: 0 | H21: 0 | I21: 6 | J21: 1 | K21: 2 | L21: 0 | M21: 339 | N21: 0 | O21: =SUM(C21:L21,N21) -> 67 | P21: =SUM(C21:N21) -> 406 | R21: 1800-1900 | S21: =SUM(C54:C57) -> 196 | T21: =SUM(D54:D57) -> 28 | U21: =SUM(E54:E57) -> 17 | V21: =SUM(F54:F57) -> 107 | W21: =SUM(G54:G57) -> 2 | X21: =SUM(H54:H57) -> 0 | Y21: =SUM(I54:I57) -> 15 | Z21: =SUM(J54:J57) -> 18 | ... AF21: =SUM(P54:P57) -> 1348
B22: 10.00 - 10.15 | C22: 25 | D22: 10 | E22: 3 | F22: 17 | G22: 0 | H22: 0 | I22: 9 | J22: 0 | K22: 0 | L22: 0 | M22: 294 | N22: 0 | O22: =SUM(C22:L22,N22) -> 64 | P22: =SUM(C22:N22) -> 358 | R22: AM Peak Hr | S22: =MAX(S10:S12) -> 86 | T22: =MAX(T10:T12) -> 23 | U22: =MAX(U10:U12) -> 15 | V22: =MAX(V10:V12) -> 82 | W22: =MAX(W10:W12) -> 4 | X22: =MAX(X10:X12) -> 0 | Y22: =MAX(Y10:Y12) -> 25 | Z22: =MAX(Z10:Z12) -> 17 | ... AF22: =MAX(AF10:AF12) -> 1500
B23: 10.15 - 10.30 | C23: 28 | D23: 6 | E23: 2 | F23: 13 | G23: 0 | H23: 1 | I23: 8 | J23: 4 | K23: 0 | L23: 1 | M23: 240 | N23: 0 | O23: =SUM(C23:L23,N23) -> 63 | P23: =SUM(C23:N23) -> 303 | R23: IP Peak Hr | S23: =MAX(S13:S18) -> 160 | T23: =MAX(T13:T18) -> 42 | U23: =MAX(U13:U18) -> 19 | V23: =MAX(V13:V18) -> 71 | W23: =MAX(W13:W18) -> 5 | X23: =MAX(X13:X18) -> 1 | Y23: =MAX(Y13:Y18) -> 33 | Z23: =MAX(Z13:Z18) -> 30 | ... AF23: =MAX(AF13:AF18) -> 1415
B24: 10.30 - 10.45 | C24: 34 | D24: 6 | E24: 3 | F24: 16 | G24: 0 | H24: 0 | I24: 7 | J24: 8 | K24: 0 | L24: 0 | M24: 235 | N24: 0 | O24: =SUM(C24:L24,N24) -> 74 | P24: =SUM(C24:N24) -> 309 | R24: PM Peak Hr | S24: =MAX(S19:S21) -> 283 | T24: =MAX(T19:T21) -> 47 | U24: =MAX(U19:U21) -> 19 | V24: =MAX(V19:V21) -> 107 | W24: =MAX(W19:W21) -> 4 | X24: =MAX(X19:X21) -> 0 | Y24: =MAX(Y19:Y21) -> 24 | Z24: =MAX(Z19:Z21) -> 21 | ... AF24: =MAX(AF19:AF21) -> 1675
B25: 10.45 - 11.00 | C25: 31 | D25: 3 | E25: 4 | F25: 18 | G25: 0 | H25: 0 | I25: 9 | J25: 1 | K25: 0 | L25: 0 | M25: 195 | N25: 0 | O25: =SUM(C25:L25,N25) -> 66 | P25: =SUM(C25:N25) -> 261 | R25: AM Period | S25: =SUM(S10:S12) -> 248 | T25: =SUM(T10:T12) -> 44 | U25: =SUM(U10:U12) -> 32 | V25: =SUM(V10:V12) -> 208 | W25: =SUM(W10:W12) -> 5 | X25: =SUM(X10:X12) -> 0 | Y25: =SUM(Y10:Y12) -> 39 | Z25: =SUM(Z10:Z12) -> 30 | ... AF25: =SUM(AF10:AF12) -> 3674
B26: 11.00 - 11.15 | C26: 37 | D26: 6 | E26: 4 | F26: 19 | G26: 0 | H26: 0 | I26: 9 | J26: 8 | K26: 0 | L26: 0 | M26: 310 | N26: 1 | O26: =SUM(C26:L26,N26) -> 84 | P26: =SUM(C26:N26) -> 394 | R26: IP Period | S26: =SUM(S13:S18) -> 858 | T26: =SUM(T13:T18) -> 173 | U26: =SUM(U13:U18) -> 88 | V26: =SUM(V13:V18) -> 357 | W26: =SUM(W13:W18) -> 10 | X26: =SUM(X13:X18) -> 1 | Y26: =SUM(Y13:Y18) -> 172 | Z26: =SUM(Z13:Z18) -> 129 | ... AF26: =SUM(AF13:AF18) -> 7446
B27: 11.15 - 11.30 | C27: 39 | D27: 6 | E27: 5 | F27: 19 | G27: 2 | H27: 0 | I27: 7 | J27: 7 | K27: 0 | L27: 0 | M27: 245 | N27: 0 | O27: =SUM(C27:L27,N27) -> 85 | P27: =SUM(C27:N27) -> 330 | R27: PM Period | S27: =SUM(S19:S21) -> 641 | T27: =SUM(T19:T21) -> 115 | U27: =SUM(U19:U21) -> 54 | V27: =SUM(V19:V21) -> 239 | W27: =SUM(W19:W21) -> 6 | X27: =SUM(X19:X21) -> 0 | Y27: =SUM(Y19:Y21) -> 61 | Z27: =SUM(Z19:Z21) -> 53 | ... AF27: =SUM(AF19:AF21) -> 4170
B28: 11.30 - 11.45 | C28: 35 | D28: 7 | E28: 2 | F28: 7 | G28: 0 | H28: 0 | I28: 6 | J28: 7 | K28: 0 | L28: 1 | M28: 210 | N28: 0 | O28: =SUM(C28:L28,N28) -> 65 | P28: =SUM(C28:N28) -> 275 | R28: 12 Hours | S28: =SUM(S10:S21) -> 1747 | T28: =SUM(T10:T21) -> 332 | U28: =SUM(U10:U21) -> 174 | V28: =SUM(V10:V21) -> 804 | W28: =SUM(W10:W21) -> 21 | X28: =SUM(X10:X21) -> 1 | Y28: =SUM(Y10:Y21) -> 272 | Z28: =SUM(Z10:Z21) -> 212 | ... AF28: =SUM(AF10:AF21) -> 15290
B29: 11.45 - 12.00 | C29: 32 | D29: 9 | E29: 4 | F29: 14 | G29: 0 | H29: 0 | I29: 7 | J29: 2 | K29: 0 | L29: 0 | M29: 245 | N29: 0 | O29: =SUM(C29:L29,N29) -> 68 | P29: =SUM(C29:N29) -> 313
B30: 12.00 - 12.15 | C30: 34 | D30: 19 | E30: 6 | F30: 15 | G30: 0 | H30: 0 | I30: 15 | J30: 8 | K30: 0 | L30: 0 | M30: 292 | N30: 0 | O30: =SUM(C30:L30,N30) -> 97 | P30: =SUM(C30:N30) -> 389
B31: 12.15 - 12.30 | C31: 30 | D31: 8 | E31: 2 | F31: 8 | G31: 2 | H31: 0 | I31: 6 | J31: 11 | K31: 0 | L31: 0 | M31: 250 | N31: 0 | O31: =SUM(C31:L31,N31) -> 67 | P31: =SUM(C31:N31) -> 317
B32: 12.30 - 12.45 | C32: 32 | D32: 9 | E32: 5 | F32: 17 | G32: 3 | H32: 0 | I32: 1 | J32: 2 | K32: 1 | L32: 0 | M32: 285 | N32: 0 | O32: =SUM(C32:L32,N32) -> 70 | P32: =SUM(C32:N32) -> 355
B33: 12.45 - 13.00 | C33: 39 | D33: 6 | E33: 4 | F33: 18 | G33: 0 | H33: 0 | I33: 7 | J33: 2 | K33: 1 | L33: 2 | M33: 275 | N33: 0 | O33: =SUM(C33:L33,N33) -> 79 | P33: =SUM(C33:N33) -> 354
B34: 13.00 - 13.15 | C34: 34 | D34: 5 | E34: 4 | F34: 18 | G34: 0 | H34: 0 | I34: 7 | J34: 2 | K34: 0 | L34: 0 | M34: 222 | N34: 0 | O34: =SUM(C34:L34,N34) -> 70 | P34: =SUM(C34:N34) -> 292
B35: 13.15 - 13.30 | C35: 31 | D35: 5 | E35: 5 | F35: 13 | G35: 0 | H35: 0 | I35: 8 | J35: 10 | K35: 0 | L35: 0 | M35: 245 | N35: 0 | O35: =SUM(C35:L35,N35) -> 72 | P35: =SUM(C35:N35) -> 317
B36: 13.30 - 13.45 | C36: 37 | D36: 6 | E36: 4 | F36: 9 | G36: 1 | H36: 0 | I36: 5 | J36: 0 | K36: 0 | L36: 2 | M36: 198 | N36: 1 | O36: =SUM(C36:L36,N36) -> 65 | P36: =SUM(C36:N36) -> 263
B37: 13.45 - 14.00 | C37: 45 | D37: 13 | E37: 6 | F37: 17 | G37: 0 | H37: 0 | I37: 9 | J37: 10 | K37: 0 | L37: 0 | M37: 290 | N37: 0 | O37: =SUM(C37:L37,N37) -> 100 | P37: =SUM(C37:N37) -> 390
B38: 14.00 - 14.15 | C38: 46 | D38: 6 | E38: 5 | F38: 11 | G38: 0 | H38: 0 | I38: 6 | J38: 4 | K38: 0 | L38: 0 | M38: 220 | N38: 0 | O38: =SUM(C38:L38,N38) -> 78 | P38: =SUM(C38:N38) -> 298
B39: 14.15 - 14.30 | C39: 43 | D39: 5 | E39: 3 | F39: 11 | G39: 0 | H39: 0 | I39: 10 | J39: 9 | K39: 0 | L39: 0 | M39: 167 | N39: 0 | O39: =SUM(C39:L39,N39) -> 81 | P39: =SUM(C39:N39) -> 248
B40: 14.30 - 14.45 | C40: 35 | D40: 7 | E40: 2 | F40: 13 | G40: 1 | H40: 0 | I40: 4 | J40: 3 | K40: 1 | L40: 0 | M40: 135 | N40: 0 | O40: =SUM(C40:L40,N40) -> 66 | P40: =SUM(C40:N40) -> 201
... B57: 18.45 - 19.00 | C57: 38 | D57: 5 | E57: 8 | F57: 38 | G57: 0 | H57: 0 | I57: 4 | J57: 2 | K57: 0 | L57: 2 | M57: 112 | N57: 0 | O57: =SUM(C57:L57,N57) -> 97 | P57: =SUM(C57:N57) -> 209
B58: Totals | C58: =SUM(C10:C57) -> 1747 | D58: =SUM(D10:D57) -> 332 | E58: =SUM(E10:E57) -> 174 | F58: =SUM(F10:F57) -> 804 | G58: =SUM(G10:G57) -> 21 | H58: =SUM(H10:H57) -> 1 | I58: =SUM(I10:I57) -> 272 | J58: =SUM(J10:J57) -> 212 | ... P58: =SUM(P10:P57) -> 15290
B59: %ges + MCs | C59: =C58/$P$58 -> 0.11425768 | D59: =D58/$P$58 -> 0.021713538 | E59: =E58/$P$58 -> 0.011379987 | F59: =F58/$P$58 -> 0.052583388 | G59: =G58/$P$58 -> 0.0013734467 | H59: =H58/$P$58 -> 6.5402224e-05 | I59: =I58/$P$58 -> 0.017789405 | J59: =J58/$P$58 -> 0.013865271 | ... N59: =N58/$P$58 -> 0.00013080445
B60: %ges w/o MCs | C60: =C58/$O$58 -> 0.48581758 | D60: =D58/$O$58 -> 0.092324805 | E60: =E58/$O$58 -> 0.048387097 | F60: =F58/$O$58 -> 0.22358176 | G60: =G58/$O$58 -> 0.005839822 | H60: =H58/$O$58 -> 0.00027808676 | I60: =I58/$O$58 -> 0.0756396 | J60: =J58/$O$58 -> 0.058954394 | ... L60: =L58/$O$58 -> 0.0027808676 | N60: =N58/$O$58 -> 0.00055617353

Sheet 23.07 Ndeeba-Lubiri
B1: Consultancy services for Preparation of Expressway Development Master Plan (EDMP) for Uganda
B2: MANUAL CLASSIFIED COUNT (MCC)
B3: ROAD NAME: | C3: ='22.07 Ndeeba-Lubiri'!C3:G3 -> MCC - C1 - STN03- KALINDA ROAD
C5: Date | D5: ='23.07 Lubiri-Ndeeba'!D5 -> 23.07.19 | F5: Location | G5: ='22.07 Lubiri -Ndeeba'!G5:H5 -> Before Shell | J5: Surveyor | K5: Kizito Geofrey
C6: Dir. From | D6: Ndeeba | F6: Dir. To | G6: Lubiri | J6: Supervisor | K6: ='22.07 Lubiri -Ndeeba'!K6:L6 -> Denis
B8: Time / Veh Type | R8: SUMMARY TRAFFIC VOLUMES
C9: 1. Car | D9: 2. Station Wagon | E9: 3. Pickups | F9: 4. Minibus, matatu | G9: 5. Medium bus | H9: 6. Large Bus | I9: 7. Light Truck | J9: 8. Medium Truck | K9: 9. Heavy truck | L9: 10. Truck Trailer | M9: 11. Motor cycles | N9: 12. Tractors | O9: Total Excl M/Cycles | P9: Total All | R9: Time | S9: 1. Car | T9: 2. Station Wagon | U9: 3. Pickups | V9: 4. Minibus, matatu | W9: 5. Medium bus | X9: 6. Large Bus | Y9: 7. Light Truck | Z9: 8. Medium Truck | AA9: 9. Heavy truck | AB9: 10. Truck Trailer | AC9: 11. Motorcycles | AD9: 12. Tractors, Graders | AE9: Total Excl M/ Cycles | AF9: Total All
B10: 07.00 - 07.15 | C10: 100 | D10: 13 | E10: 9 | F10: 36 | G10: 0 | H10: 0 | I10: 5 | J10: 2 | K10: 0 | L10: 0 | M10: 120 | N10: 0 | O10: =SUM(C10:L10,N10) -> 165 | P10: =SUM(C10:N10) -> 285 | R10: 0700-0800 | S10: =SUM(C10:C13) -> 460 | T10: =SUM(D10:D13) -> 43 | U10: =SUM(E10:E13) -> 61 | V10: =SUM(F10:F13) -> 177 | W10: =SUM(G10:G13) -> 1 | X10: =SUM(H10:H13) -> 0 | Y10: =SUM(I10:I13) -> 19 | Z10: =SUM(J10:J13) -> 10 | ... AF10: =SUM(P10:P13) -> 1398
B11: 07.15 - 07.30 | C11: 110 | D11: 11 | E11: 20 | F11: 42 | G11: 1 | H11: 0 | I11: 6 | J11: 4 | K11: 0 | L11: 0 | M11: 145 | N11: 0 | O11: =SUM(C11:L11,N11) -> 194 | P11: =SUM(C11:N11) -> 339 | R11: 0800-0900 | S11: =SUM(C14:C17) -> 450 | T11: =SUM(D14:D17) -> 60 | U11: =SUM(E14:E17) -> 47 | V11: =SUM(F14:F17) -> 164 | W11: =SUM(G14:G17) -> 2 | X11: =SUM(H14:H17) -> 1 | Y11: =SUM(I14:I17) -> 27 | Z11: =SUM(J14:J17) -> 5 | ... AF11: =SUM(P14:P17) -> 1602
B12: 07.30 - 07.45 | C12: 110 | D12: 8 | E12: 5 | F12: 49 | G12: 0 | H12: 0 | I12: 5 | J12: 3 | K12: 4 | L12: 0 | M12: 175 | N12: 0 | O12: =SUM(C12:L12,N12) -> 184 | P12: =SUM(C12:N12) -> 359 | R12: 0900-1000 | S12: =SUM(C18:C21) -> 480 | T12: =SUM(D18:D21) -> 40 | U12: =SUM(E18:E21) -> 42 | V12: =SUM(F18:F21) -> 58 | W12: =SUM(G18:G21) -> 1 | X12: =SUM(H18:H21) -> 0 | Y12: =SUM(I18:I21) -> 27 | Z12: =SUM(J18:J21) -> 6 | ... AF12: =SUM(P18:P21) -> 1663
B13: 07.45 - 08.00 | C13: 140 | D13: 11 | E13: 27 | F13: 50 | G13: 0 | H13: 0 | I13: 3 | J13: 1 | K13: 3 | L13: 0 | M13: 180 | N13: 0 | O13: =SUM(C13:L13,N13) -> 235 | P13: =SUM(C13:N13) -> 415 | R13: 1000-1100 | S13: =SUM(C22:C25) -> 295 | T13: =SUM(D22:D25) -> 39 | U13: =SUM(E22:E25) -> 23 | V13: =SUM(F22:F25) -> 34 | W13: =SUM(G22:G25) -> 0 | X13: =SUM(H22:H25) -> 0 | Y13: =SUM(I22:I25) -> 24 | Z13: =SUM(J22:J25) -> 10 | ... AF13: =SUM(P22:P25) -> 1427
B14: 08.00 - 08.15 | C14: 110 | D14: 11 | E14: 10 | F14: 37 | G14: 0 | H14: 0 | I14: 5 | J14: 0 | K14: 0 | L14: 0 | M14: 195 | N14: 0 | O14: =SUM(C14:L14,N14) -> 173 | P14: =SUM(C14:N14) -> 368 | R14: 1100-1200 | S14: =SUM(C26:C29) -> 318 | T14: =SUM(D26:D29) -> 34 | U14: =SUM(E26:E29) -> 41 | V14: =SUM(F26:F29) -> 27 | W14: =SUM(G26:G29) -> 2 | X14: =SUM(H26:H29) -> 0 | Y14: =SUM(I26:I29) -> 24 | Z14: =SUM(J26:J29) -> 10 | ... AF14: =SUM(P26:P29) -> 1367
B15: 08.15 - 08.30 | C15: 115 | D15: 22 | E15: 12 | F15: 59 | G15: 0 | H15: 0 | I15: 6 | J15: 2 | K15: 0 | L15: 0 | M15: 190 | N15: 0 | O15: =SUM(C15:L15,N15) -> 216 | P15: =SUM(C15:N15) -> 406 | R15: 1200-1300 | S15: =SUM(C30:C33) -> 284 | T15: =SUM(D30:D33) -> 36 | U15: =SUM(E30:E33) -> 50 | V15: =SUM(F30:F33) -> 23 | W15: =SUM(G30:G33) -> 2 | X15: =SUM(H30:H33) -> 0 | Y15: =SUM(I30:I33) -> 32 | Z15: =SUM(J30:J33) -> 15 | ... AF15: =SUM(P30:P33) -> 1245
B16: 08.30 - 08.45 | C16: 115 | D16: 14 | E16: 13 | F16: 36 | G16: 2 | H16: 1 | I16: 12 | J16: 1 | K16: 0 | L16: 0 | M16: 220 | N16: 0 | O16: =SUM(C16:L16,N16) -> 194 | P16: =SUM(C16:N16) -> 414 | R16: 1300-1400 | S16: =SUM(C34:C37) -> 360 | T16: =SUM(D34:D37) -> 31 | U16: =SUM(E34:E37) -> 34 | V16: =SUM(F34:F37) -> 14 | W16: =SUM(G34:G37) -> 2 | X16: =SUM(H34:H37) -> 0 | Y16: =SUM(I34:I37) -> 15 | Z16: =SUM(J34:J37) -> 20 | ... AF16: =SUM(P34:P37) -> 1318
B17: 08.45 - 9.00 | C17: 110 | D17: 13 | E17: 12 | F17: 32 | G17: 0 | H17: 0 | I17: 4 | J17: 2 | K17: 1 | L17: 0 | M17: 240 | N17: 0 | O17: =SUM(C17:L17,N17) -> 174 | P17: =SUM(C17:N17) -> 414 | R17: 1400-1500 | S17: =SUM(C38:C41) -> 216 | T17: =SUM(D38:D41) -> 23 | U17: =SUM(E38:E41) -> 23 | V17: =SUM(F38:F41) -> 16 | W17: =SUM(G38:G41) -> 2 | X17: =SUM(H38:H41) -> 0 | Y17: =SUM(I38:I41) -> 14 | Z17: =SUM(J38:J41) -> 13 | ... AF17: =SUM(P38:P41) -> 1068
B18: 09.00 - 09.15 | C18: 110 | D18: 10 | E18: 6 | F18: 15 | G18: 1 | H18: 0 | I18: 8 | J18: 0 | K18: 2 | L18: 0 | M18: 225 | N18: 0 | O18: =SUM(C18:L18,N18) -> 152 | P18: =SUM(C18:N18) -> 377 | R18: 1500-1600 | S18: =SUM(C42:C45) -> 299 | T18: =SUM(D42:D45) -> 25 | U18: =SUM(E42:E45) -> 36 | V18: =SUM(F42:F45) -> 19 | W18: =SUM(G42:G45) -> 1 | X18: =SUM(H42:H45) -> 0 | Y18: =SUM(I42:I45) -> 19 | Z18: =SUM(J42:J45) -> 19 | ... AF18: =SUM(P42:P45) -> 1270
B19: 09.15 - 09.30 | C19: 120 | D19: 10 | E19: 15 | F19: 18 | G19: 0 | H19: 0 | I19: 7 | J19: 1 | K19: 0 | L19: 0 | M19: 265 | N19: 0 | O19: =SUM(C19:L19,N19) -> 171 | P19: =SUM(C19:N19) -> 436 | R19: 1600-1700 | S19: =SUM(C46:C49) -> 281 | T19: =SUM(D46:D49) -> 26 | U19: =SUM(E46:E49) -> 34 | V19: =SUM(F46:F49) -> 31 | W19: =SUM(G46:G49) -> 1 | X19: =SUM(H46:H49) -> 0 | Y19: =SUM(I46:I49) -> 12 | Z19: =SUM(J46:J49) -> 11 | ... AF19: =SUM(P46:P49) -> 1098
B20: 09.30 - 09.45 | C20: 135 | D20: 4 | E20: 8 | F20: 10 | G20: 0 | H20: 0 | I20: 5 | J20: 2 | K20: 2 | L20: 0 | M20: 235 | N20: 0 | O20: =SUM(C20:L20,N20) -> 166 | P20: =SUM(C20:N20) -> 401 | R20: 1700-1800 | S20: =SUM(C50:C53) -> 363 | T20: =SUM(D50:D53) -> 28 | U20: =SUM(E50:E53) -> 37 | V20: =SUM(F50:F53) -> 28 | W20: =SUM(G50:G53) -> 4 | X20: =SUM(H50:H53) -> 1 | Y20: =SUM(I50:I53) -> 26 | Z20: =SUM(J50:J53) -> 12 | ... AF20: =SUM(P50:P53) -> 1377
B21: 09.45 - 10.00 | C21: 115 | D21: 16 | E21: 13 | F21: 15 | G21: 0 | H21: 0 | I21: 7 | J21: 3 | K21: 0 | L21: 0 | M21: 280 | N21: 0 | O21: =SUM(C21:L21,N21) -> 169 | P21: =SUM(C21:N21) -> 449 | R21: 1800-1900 | S21: =SUM(C54:C57) -> 395 | T21: =SUM(D54:D57) -> 36 | U21: =SUM(E54:E57) -> 14 | V21: =SUM(F54:F57) -> 108 | W21: =SUM(G54:G57) -> 8 | X21: =SUM(H54:H57) -> 1 | Y21: =SUM(I54:I57) -> 13 | Z21: =SUM(J54:J57) -> 11 | ... AF21: =SUM(P54:P57) -> 1478
B22: 10.00 - 10.15 | C22: 100 | D22: 8 | E22: 4 | F22: 10 | G22: 0 | H22: 0 | I22: 8 | J22: 4 | K22: 1 | L22: 0 | M22: 270 | N22: 0 | O22: =SUM(C22:L22,N22) -> 135 | P22: =SUM(C22:N22) -> 405 | R22: AM Peak Hr | S22: =MAX(S10:S12) -> 480 | T22: =MAX(T10:T12) -> 60 | U22: =MAX(U10:U12) -> 61 | V22: =MAX(V10:V12) -> 177 | W22: =MAX(W10:W12) -> 2 | X22: =MAX(X10:X12) -> 1 | Y22: =MAX(Y10:Y12) -> 27 | Z22: =MAX(Z10:Z12) -> 10 | ... AF22: =MAX(AF10:AF12) -> 1663
B23: 10.15 - 10.30 | C23: 77 | D23: 9 | E23: 7 | F23: 10 | G23: 0 | H23: 0 | I23: 4 | J23: 2 | K23: 1 | L23: 0 | M23: 255 | N23: 0 | O23: =SUM(C23:L23,N23) -> 110 | P23: =SUM(C23:N23) -> 365 | R23: IP Peak Hr | S23: =MAX(S13:S18) -> 360 | T23: =MAX(T13:T18) -> 39 | U23: =MAX(U13:U18) -> 50 | V23: =MAX(V13:V18) -> 34 | W23: =MAX(W13:W18) -> 2 | X23: =MAX(X13:X18) -> 0 | Y23: =MAX(Y13:Y18) -> 32 | Z23: =MAX(Z13:Z18) -> 20 | ... AF23: =MAX(AF13:AF18) -> 1427
B24: 10.30 - 10.45 | C24: 58 | D24: 13 | E24: 8 | F24: 8 | G24: 0 | H24: 0 | I24: 7 | J24: 2 | K24: 0 | L24: 0 | M24: 250 | N24: 0 | O24: =SUM(C24:L24,N24) -> 96 | P24: =SUM(C24:N24) -> 346 | R24: PM Peak Hr | S24: =MAX(S19:S21) -> 395 | T24: =MAX(T19:T21) -> 36 | U24: =MAX(U19:U21) -> 37 | V24: =MAX(V19:V21) -> 108 | W24: =MAX(W19:W21) -> 8 | X24: =MAX(X19:X21) -> 1 | Y24: =MAX(Y19:Y21) -> 26 | Z24: =MAX(Z19:Z21) -> 12 | ... AF24: =MAX(AF19:AF21) -> 1478
B25: 10.45 - 11.00 | C25: 60 | D25: 9 | E25: 4 | F25: 6 | G25: 0 | H25: 0 | I25: 5 | J25: 2 | K25: 0 | L25: 0 | M25: 225 | N25: 0 | O25: =SUM(C25:L25,N25) -> 86 | P25: =SUM(C25:N25) -> 311 | R25: AM Period | S25: =SUM(S10:S12) -> 1390 | T25: =SUM(T10:T12) -> 143 | U25: =SUM(U10:U12) -> 150 | V25: =SUM(V10:V12) -> 399 | W25: =SUM(W10:W12) -> 4 | X25: =SUM(X10:X12) -> 1 | Y25: =SUM(Y10:Y12) -> 73 | Z25: =SUM(Z10:Z12) -> 21 | ... AF25: =SUM(AF10:AF12) -> 4663
B26: 11.00 - 11.15 | C26: 63 | D26: 8 | E26: 12 | F26: 5 | G26: 0 | H26: 0 | I26: 8 | J26: 1 | K26: 1 | L26: 1 | M26: 195 | N26: 0 | O26: =SUM(C26:L26,N26) -> 99 | P26: =SUM(C26:N26) -> 294 | R26: IP Period | S26: =SUM(S13:S18) -> 1772 | T26: =SUM(T13:T18) -> 188 | U26: =SUM(U13:U18) -> 207 | V26: =SUM(V13:V18) -> 133 | W26: =SUM(W13:W18) -> 9 | X26: =SUM(X13:X18) -> 0 | Y26: =SUM(Y13:Y18) -> 128 | Z26: =SUM(Z13:Z18) -> 87 | ... AF26: =SUM(AF13:AF18) -> 7695
B27: 11.15 - 11.30 | C27: 90 | D27: 10 | E27: 8 | F27: 8 | G27: 1 | H27: 0 | I27: 3 | J27: 1 | K27: 0 | L27: 0 | M27: 250 | N27: 0 | O27: =SUM(C27:L27,N27) -> 121 | P27: =SUM(C27:N27) -> 371 | R27: PM Period | S27: =SUM(S19:S21) -> 1039 | T27: =SUM(T19:T21) -> 90 | U27: =SUM(U19:U21) -> 85 | V27: =SUM(V19:V21) -> 167 | W27: =SUM(W19:W21) -> 13 | X27: =SUM(X19:X21) -> 2 | Y27: =SUM(Y19:Y21) -> 51 | Z27: =SUM(Z19:Z21) -> 34 | ... AF27: =SUM(AF19:AF21) -> 3953
B28: 11.30 - 11.45 | C28: 85 | D28: 9 | E28: 15 | F28: 5 | G28: 0 | H28: 0 | I28: 4 | J28: 3 | K28: 1 | L28: 1 | M28: 240 | N28: 0 | O28: =SUM(C28:L28,N28) -> 123 | P28: =SUM(C28:N28) -> 363 | R28: 12 Hours | S28: =SUM(S10:S21) -> 4201 | T28: =SUM(T10:T21) -> 421 | U28: =SUM(U10:U21) -> 442 | V28: =SUM(V10:V21) -> 699 | W28: =SUM(W10:W21) -> 26 | X28: =SUM(X10:X21) -> 3 | Y28: =SUM(Y10:Y21) -> 252 | Z28: =SUM(Z10:Z21) -> 142 | ... AF28: =SUM(AF10:AF21) -> 16311
B29: 11.45 - 12.00 | C29: 80 | D29: 7 | E29: 6 | F29: 9 | G29: 1 | H29: 0 | I29: 9 | J29: 5 | K29: 2 | L29: 0 | M29: 220 | N29: 0 | O29: =SUM(C29:L29,N29) -> 119 | P29: =SUM(C29:N29) -> 339
B30: 12.00 - 12.15 | C30: 80 | D30: 11 | E30: 23 | F30: 8 | G30: 1 | H30: 0 | I30: 9 | J30: 1 | K30: 0 | L30: 2 | M30: 210 | N30: 0 | O30: =SUM(C30:L30,N30) -> 135 | P30: =SUM(C30:N30) -> 345
B31: 12.15 - 12.30 | C31: 80 | D31: 5 | E31: 8 | F31: 3 | G31: 1 | H31: 0 | I31: 6 | J31: 5 | K31: 1 | L31: 0 | M31: 170 | N31: 0 | O31: =SUM(C31:L31,N31) -> 109 | P31: =SUM(C31:N31) -> 279
B32: 12.30 - 12.45 | C32: 67 | D32: 9 | E32: 9 | F32: 8 | G32: 0 | H32: 0 | I32: 7 | J32: 6 | K32: 0 | L32: 0 | M32: 200 | N32: 0 | O32: =SUM(C32:L32,N32) -> 106 | P32: =SUM(C32:N32) -> 306
B33: 12.45 - 13.00 | C33: 57 | D33: 11 | E33: 10 | F33: 4 | G33: 0 | H33: 0 | I33: 10 | J33: 3 | K33: 0 | L33: 0 | M33: 220 | N33: 0 | O33: =SUM(C33:L33,N33) -> 95 | P33: =SUM(C33:N33) -> 315
B34: 13.00 - 13.15 | C34: 80 | D34: 7 | E34: 16 | F34: 2 | G34: 0 | H34: 0 | I34: 5 | J34: 3 | K34: 2 | L34: 0 | M34: 225 | N34: 0 | O34: =SUM(C34:L34,N34) -> 115 | P34: =SUM(C34:N34) -> 340
B35: 13.15 - 13.30 | C35: 95 | D35: 7 | E35: 4 | F35: 0 | G35: 1 | H35: 0 | I35: 3 | J35: 2 | K35: 0 | L35: 0 | M35: 210 | N35: 0 | O35: =SUM(C35:L35,N35) -> 112 | P35: =SUM(C35:N35) -> 322
B36: 13.30 - 13.45 | C36: 90 | D36: 9 | E36: 9 | F36: 5 | G36: 0 | H36: 0 | I36: 5 | J36: 6 | K36: 0 | M36: 225 | N36: 0 | O36: =SUM(C36:L36,N36) -> 124 | P36: =SUM(C36:N36) -> 349
B37: 13.45 - 14.00 | C37: 95 | D37: 8 | E37: 5 | F37: 7 | G37: 1 | H37: 0 | I37: 2 | J37: 9 | K37: 0 | L37: 0 | M37: 180 | N37: 0 | O37: =SUM(C37:L37,N37) -> 127 | P37: =SUM(C37:N37) -> 307
B38: 14.00 - 14.15 | C38: 68 | D38: 1 | E38: 5 | F38: 2 | G38: 1 | H38: 0 | I38: 1 | J38: 1 | K38: 2 | L38: 0 | M38: 160 | N38: 0 | O38: =SUM(C38:L38,N38) -> 81 | P38: =SUM(C38:N38) -> 241
B39: 14.15 - 14.30 | C39: 51 | D39: 5 | E39: 6 | F39: 6 | G39: 1 | H39: 0 | I39: 6 | J39: 5 | K39: 0 | L39: 0 | M39: 210 | N39: 0 | O39: =SUM(C39:L39,N39) -> 80 | P39: =SUM(C39:N39) -> 290
B40: 14.30 - 14.45 | C40: 40 | D40: 9 | E40: 6 | F40: 4 | G40: 0 | H40: 0 | I40: 5 | J40: 5 | K40: 2 | L40: 1 | M40: 200 | N40: 0 | O40: =SUM(C40:L40,N40) -> 72 | P40: =SUM(C40:N40) -> 272
B41: 14.45 - 15.00 | C41: 57 | D41: 8 | E41: 6 | F41: 4 | G41: 0 | H41: 0 | I41: 2 | J41: 2 | K41: 1 | L41: 0 | M41: 185 | N41: 0 | O41: =SUM(C41:L41,N41) -> 80 | P41: =SUM(C41:N41) -> 265
B42: 15.00 - 15.15 | C42: 60 | D42: 5 | E42: 13 | F42: 6 | G42: 1 | H42: 0 | I42: 5 | J42: 6 | K42: 1 | L42: 3 | M42: 260 | N42: 0 | O42: =SUM(C42:L42,N42) -> 100 | P42: =SUM(C42:N42) -> 360
B43: 15.15 - 15.30 | C43: 104 | D43: 5 | E43: 6 | F43: 7 | G43: 0 | H43: 0 | I43: 6 | J43: 7 | K43: 1 | L43: 0 | M43: 202 | N43: 0 | O43: =SUM(C43:L43,N43) -> 136 | P43: =SUM(C43:N43) -> 338
B44: 15.30 - 15.45 | C44: 65 | D44: 7 | E44: 10 | F44: 5 | G44: 0 | H44: 0 | I44: 2 | J44: 5 | K44: 0 | L44: 0 | M44: 205 | N44: 0 | O44: =SUM(C44:L44,N44) -> 94 | P44: =SUM(C44:N44) -> 299
B45: 15.45 - 16.00 | C45: 70 | D45: 8 | E45: 7 | F45: 1 | G45: 0 | H45: 0 | I45: 6 | J45: 1 | K45: 0 | L45: 0 | M45: 180 | N45: 0 | O45: =SUM(C45:L45,N45) -> 93 | P45: =SUM(C45:N45) -> 273
B46: 16.00 - 16.15 | C46: 58 | D46: 5 | E46: 11 | F46: 10 | G46: 0 | H46: 0 | I46: 5 | J46: 2 | K46: 0 | L46: 1 | M46: 150 | N46: 0 | O46: =SUM(C46:L46,N46) -> 92 | P46: =SUM(C46:N46) -> 242
B47: 16.15 -16.30 | C47: 90 | D47: 5 | E47: 3 | F47: 10 | G47: 0 | H47: 0 | I47: 2 | J47: 3 | K47: 0 | L47: 0 | M47: 170 | N47: 0 | O47: =SUM(C47:L47,N47) -> 113 | P47: =SUM(C47:N47) -> 283
B48: 16.30 -16.45 | C48: 47 | D48: 8 | E48: 12 | F48: 4 | G48: 0 | H48: 0 | I48: 2 | J48: 1 | K48: 1 | L48: 1 | M48: 198 | N48: 0 | O48: =SUM(C48:L48,N48) -> 76 | P48: =SUM(C48:N48) -> 274
... B51: 17.15 -17.30 | C51: 108 | D51: 3 | E51: 11 | F51: 4 | G51: 0 | H51: 0 | I51: 6 | J51: 1 | K51: 0 | L51: 0 | M51: 195 | N51: 0 | O51: =SUM(C51:L51,N51) -> 133 | P51: =SUM(C51:N51) -> 328
B52: 17.30 -17.45 | C52: 85 | D52: 8 | E52: 10 | F52: 7 | G52: 1 | H52: 1 | I52: 6 | J52: 6 | K52: 0 | M52: 240 | N52: 0 | O52: =SUM(C52:L52,N52) -> 124 | P52: =SUM(C52:N52) -> 364
B53: 17.45 -18.00 | C53: 60 | D53: 10 | E53: 10 | F53: 11 | G53: 2 | H53: 0 | I53: 6 | J53: 1 | K53: 1 | L53: 2 | M53: 230 | N53: 0 | O53: =SUM(C53:L53,N53) -> 103 | P53: =SUM(C53:N53) -> 333
B54: 18.00 - 18.15 | C54: 110 | D54: 3 | E54: 5 | F54: 11 | G54: 3 | H54: 0 | I54: 4 | J54: 3 | K54: 4 | L54: 0 | M54: 210 | N54: 0 | O54: =SUM(C54:L54,N54) -> 143 | P54: =SUM(C54:N54) -> 353
B55: 18.15 - 18.30 | C55: 90 | D55: 4 | E55: 7 | F55: 25 | G55: 1 | H55: 1 | I55: 4 | J55: 4 | K55: 1 | L55: 1 | M55: 195 | N55: 0 | O55: =SUM(C55:L55,N55) -> 138 | P55: =SUM(C55:N55) -> 333
B56: 18.30 - 18.45 | C56: 115 | D56: 9 | E56: 2 | F56: 27 | G56: 1 | H56: 0 | I56: 3 | J56: 3 | K56: 1 | L56: 0 | M56: 285 | N56: 0 | O56: =SUM(C56:L56,N56) -> 161 | P56: =SUM(C56:N56) -> 446
B57: 18.45 - 19.00 | C57: 80 | D57: 20 | E57: 0 | F57: 45 | G57: 3 | H57: 0 | I57: 2 | J57: 1 | K57: 0 | L57: 0 | M57: 195 | N57: 0 | O57: =SUM(C57:L57,N57) -> 151 | P57: =SUM(C57:N57) -> 346
B58: Totals | C58: =SUM(C10:C57) -> 4201 | D58: =SUM(D10:D57) -> 421 | E58: =SUM(E10:E57) -> 442 | F58: =SUM(F10:F57) -> 699 | G58: =SUM(G10:G57) -> 26 | H58: =SUM(H10:H57) -> 3 | I58: =SUM(I10:I57) -> 252 | J58: =SUM(J10:J57) -> 142 | ... P58: =SUM(P10:P57) -> 16311
B59: %ges + MCs | C59: =C58/$P$58 -> 0.25755625 | D59: =D58/$P$58 -> 0.025810803 | E59: =E58/$P$58 -> 0.027098277 | F59: =F58/$P$58 -> 0.042854515 | G59: =G58/$P$58 -> 0.0015940163 | H59: =H58/$P$58 -> 0.00018392496 | I59: =I58/$P$58 -> 0.015449697 | J59: =J58/$P$58 -> 0.0087057814 | ... N59: =N58/$P$58 -> 0
B60: %ges w/o MCs | C60: =C58/$O$58 -> 0.67366902 | D60: =D58/$O$58 -> 0.067511225 | E60: =E58/$O$58 -> 0.070878768 | F60: =F58/$O$58 -> 0.11209108 | G60: =G58/$O$58 -> 0.0041693393 | H60: =H58/$O$58 -> 0.00048107761 | I60: =I58/$O$58 -> 0.04041052 | J60: =J58/$O$58 -> 0.022771007 | ... L60: =L58/$O$58 -> 0.0022450289 | N60: =N58/$O$58 -> 0

Sheet 24.07 Lubiri-Ndeeba
B1: Consultancy services for Preparation of Expressway Development Master Plan (EDMP) for Uganda
B2: MANUAL CLASSIFIED COUNT (MCC)
B3: ROAD NAME: | C3: ='22.07 Lubiri -Ndeeba'!C3:G3 -> MCC - C1 - STN03- KALINDA ROAD
C5: Date | D5: 24.07.19 | F5: Location | G5: ='22.07 Lubiri -Ndeeba'!G5:H5 -> Before Shell | J5: Surveyor | K5: ='22.07 Lubiri -Ndeeba'!K5:L5 -> Maiso. M. Gadafi
C6: Dir. From | D6: ='22.07 Lubiri -Ndeeba'!D6:E6 -> Lubiri | F6: Dir. To | G6: ='22.07 Lubiri -Ndeeba'!G6:H6 -> Ndeeba | J6: Supervisor | K6: ='22.07 Lubiri -Ndeeba'!K6:L6 -> Denis
B8: Time / Veh Type | R8: SUMMARY TRAFFIC VOLUMES
C9: 1. Car | D9: 2. Station Wagon | E9: 3. Pickups | F9: 4. Minibus, matatu | G9: 5. Medium bus | H9: 6. Large Bus | I9: 7. Light Truck | J9: 8. Medium Truck | K9: 9. Heavy truck | L9: 10. Truck Trailer | M9: 11. Motor cycles | N9: 12. Tractors | O9: Total Excl M/Cycles | P9: Total All | R9: Time | S9: 1. Car | T9: 2. Station Wagon | U9: 3. Pickups | V9: 4. Minibus, matatu | W9: 5. Medium bus | X9: 6. Large Bus | Y9: 7. Light Truck | Z9: 8. Medium Truck | AA9: 9. Heavy truck | AB9: 10. Truck Trailer | AC9: 11. Motorcycles | AD9: 12. Tractors, Graders | AE9: Total Excl M/ Cycles | AF9: Total All
B10: 07.00 - 07.15 | C10: 35 | D10: 5 | E10: 1 | F10: 4 | G10: 2 | H10: 0 | I10: 3 | J10: 1 | K10: 1 | L10: 0 | M10: 72 | N10: 0 | O10: =SUM(C10:L10,N10) -> 52 | P10: =SUM(C10:N10) -> 124 | R10: 0700-0800 | S10: =SUM(C10:C13) -> 97 | T10: =SUM(D10:D13) -> 11 | U10: =SUM(E10:E13) -> 8 | V10: =SUM(F10:F13) -> 63 | W10: =SUM(G10:G13) -> 2 | X10: =SUM(H10:H13) -> 0 | Y10: =SUM(I10:I13) -> 10 | Z10: =SUM(J10:J13) -> 4 | ... AF10: =SUM(P10:P13) -> 751
B11: 07.15 - 07.30 | C11: 27 | D11: 3 | E11: 2 | F11: 19 | G11: 0 | H11: 0 | I11: 1 | J11: 1 | K11: 0 | L11: 0 | M11: 108 | N11: 0 | O11: =SUM(C11:L11,N11) -> 53 | P11: =SUM(C11:N11) -> 161 | R11: 0800-0900 | S11: =SUM(C14:C17) -> 77 | T11: =SUM(D14:D17) -> 11 | U11: =SUM(E14:E17) -> 7 | V11: =SUM(F14:F17) -> 86 | W11: =SUM(G14:G17) -> 3 | X11: =SUM(H14:H17) -> 0 | Y11: =SUM(I14:I17) -> 12 | Z11: =SUM(J14:J17) -> 16 | ... AF11: =SUM(P14:P17) -> 1304
B12: 07.30 - 07.45 | C12: 23 | D12: 2 | E12: 1 | F12: 23 | G12: 0 | H12: 0 | I12: 2 | J12: 1 | K12: 1 | L12: 0 | M12: 180 | N12: 0 | O12: =SUM(C12:L12,N12) -> 53 | P12: =SUM(C12:N12) -> 233 | R12: 0900-1000 | S12: =SUM(C18:C21) -> 94 | T12: =SUM(D18:D21) -> 15 | U12: =SUM(E18:E21) -> 13 | V12: =SUM(F18:F21) -> 86 | W12: =SUM(G18:G21) -> 1 | X12: =SUM(H18:H21) -> 0 | Y12: =SUM(I18:I21) -> 19 | Z12: =SUM(J18:J21) -> 11 | ... AF12: =SUM(P18:P21) -> 1916
B13: 07.45 - 08.00 | C13: 12 | D13: 1 | E13: 4 | F13: 17 | G13: 0 | H13: 0 | I13: 4 | J13: 1 | K13: 0 | L13: 0 | M13: 194 | N13: 0 | O13: =SUM(C13:L13,N13) -> 39 | P13: =SUM(C13:N13) -> 233 | R13: 1000-1100 | S13: =SUM(C22:C25) -> 118 | T13: =SUM(D22:D25) -> 25 | U13: =SUM(E22:E25) -> 20 | V13: =SUM(F22:F25) -> 68 | W13: =SUM(G22:G25) -> 5 | X13: =SUM(H22:H25) -> 0 | Y13: =SUM(I22:I25) -> 28 | Z13: =SUM(J22:J25) -> 18 | ... AF13: =SUM(P22:P25) -> 1423
B14: 08.00 - 08.15 | C14: 21 | D14: 4 | E14: 3 | F14: 22 | G14: 0 | H14: 0 | I14: 1 | J14: 3 | K14: 0 | L14: 0 | M14: 240 | N14: 0 | O14: =SUM(C14:L14,N14) -> 54 | P14: =SUM(C14:N14) -> 294 | R14: 1100-1200 | S14: =SUM(C26:C29) -> 128 | T14: =SUM(D26:D29) -> 17 | U14: =SUM(E26:E29) -> 17 | V14: =SUM(F26:F29) -> 63 | W14: =SUM(G26:G29) -> 1 | X14: =SUM(H26:H29) -> 0 | Y14: =SUM(I26:I29) -> 34 | Z14: =SUM(J26:J29) -> 25 | ... AF14: =SUM(P26:P29) -> 1373
B15: 08.15 - 08.30 | C15: 25 | D15: 2 | E15: 2 | F15: 25 | G15: 1 | H15: 0 | I15: 4 | J15: 5 | K15: 0 | L15: 0 | M15: 285 | N15: 0 | O15: =SUM(C15:L15,N15) -> 64 | P15: =SUM(C15:N15) -> 349 | R15: 1200-1300 | S15: =SUM(C30:C33) -> 154 | T15: =SUM(D30:D33) -> 26 | U15: =SUM(E30:E33) -> 22 | V15: =SUM(F30:F33) -> 57 | W15: =SUM(G30:G33) -> 3 | X15: =SUM(H30:H33) -> 1 | Y15: =SUM(I30:I33) -> 22 | Z15: =SUM(J30:J33) -> 19 | ... AF15: =SUM(P30:P33) -> 1494
B16: 08.30 - 08.45 | C16: 15 | D16: 1 | E16: 2 | F16: 24 | G16: 0 | H16: 0 | I16: 7 | J16: 3 | K16: 0 | L16: 0 | M16: 262 | N16: 0 | O16: =SUM(C16:L16,N16) -> 52 | P16: =SUM(C16:N16) -> 314 | R16: 1300-1400 | S16: =SUM(C34:C37) -> 127 | T16: =SUM(D34:D37) -> 24 | U16: =SUM(E34:E37) -> 16 | V16: =SUM(F34:F37) -> 46 | W16: =SUM(G34:G37) -> 0 | X16: =SUM(H34:H37) -> 0 | Y16: =SUM(I34:I37) -> 31 | Z16: =SUM(J34:J37) -> 13 | ... AF16: =SUM(P34:P37) -> 1214
B17: 08.45 - 9.00 | C17: 16 | D17: 4 | E17: 0 | F17: 15 | G17: 2 | H17: 0 | I17: 0 | J17: 5 | K17: 0 | L17: 0 | M17: 305 | N17: 0 | O17: =SUM(C17:L17,N17) -> 42 | P17: =SUM(C17:N17) -> 347 | R17: 1400-1500 | S17: =SUM(C38:C41) -> 142 | T17: =SUM(D38:D41) -> 32 | U17: =SUM(E38:E41) -> 20 | V17: =SUM(F38:F41) -> 59 | W17: =SUM(G38:G41) -> 3 | X17: =SUM(H38:H41) -> 0 | Y17: =SUM(I38:I41) -> 26 | Z17: =SUM(J38:J41) -> 16 | ... AF17: =SUM(P38:P41) -> 1088
B18: 09.00 - 09.15 | C18: 25 | D18: 4 | E18: 5 | F18: 16 | G18: 0 | H18: 0 | I18: 5 | J18: 4 | K18: 0 | L18: 1 | M18: 420 | N18: 0 | O18: =SUM(C18:L18,N18) -> 60 | P18: =SUM(C18:N18) -> 480 | R18: 1500-1600 | S18: =SUM(C42:C45) -> 149 | T18: =SUM(D42:D45) -> 24 | U18: =SUM(E42:E45) -> 19 | V18: =SUM(F42:F45) -> 56 | W18: =SUM(G42:G45) -> 3 | X18: =SUM(H42:H45) -> 0 | Y18: =SUM(I42:I45) -> 19 | Z18: =SUM(J42:J45) -> 20 | ... AF18: =SUM(P42:P45) -> 1274
B19: 09.15 - 09.30 | C19: 16 | D19: 3 | E19: 0 | F19: 20 | G19: 0 | H19: 0 | I19: 3 | J19: 1 | K19: 2 | L19: 0 | M19: 473 | N19: 0 | O19: =SUM(C19:L19,N19) -> 45 | P19: =SUM(C19:N19) -> 518 | R19: 1600-1700 | S19: =SUM(C46:C49) -> 150 | T19: =SUM(D46:D49) -> 17 | U19: =SUM(E46:E49) -> 14 | V19: =SUM(F46:F49) -> 57 | W19: =SUM(G46:G49) -> 5 | X19: =SUM(H46:H49) -> 0 | Y19: =SUM(I46:I49) -> 24 | Z19: =SUM(J46:J49) -> 15 | ... AF19: =SUM(P46:P49) -> 1463
B20: 09.30 - 09.45 | C20: 29 | D20: 3 | E20: 3 | F20: 21 | G20: 0 | H20: 0 | I20: 4 | J20: 3 | K20: 0 | L20: 0 | M20: 394 | N20: 0 | O20: =SUM(C20:L20,N20) -> 63 | P20: =SUM(C20:N20) -> 457 | R20: 1700-1800 | S20: =SUM(C50:C53) -> 264 | T20: =SUM(D50:D53) -> 34 | U20: =SUM(E50:E53) -> 11 | V20: =SUM(F50:F53) -> 57 | W20: =SUM(G50:G53) -> 3 | X20: =SUM(H50:H53) -> 0 | Y20: =SUM(I50:I53) -> 19 | Z20: =SUM(J50:J53) -> 8 | ... AF20: =SUM(P50:P53) -> 1615
B21: 09.45 - 10.00 | C21: 24 | D21: 5 | E21: 5 | F21: 29 | G21: 1 | H21: 0 | I21: 7 | J21: 3 | K21: 0 | L21: 0 | M21: 387 | N21: 0 | O21: =SUM(C21:L21,N21) -> 74 | P21: =SUM(C21:N21) -> 461 | R21: 1800-1900 | S21: =SUM(C54:C57) -> 205 | T21: =SUM(D54:D57) -> 24 | U21: =SUM(E54:E57) -> 15 | V21: =SUM(F54:F57) -> 90 | W21: =SUM(G54:G57) -> 0 | X21: =SUM(H54:H57) -> 0 | Y21: =SUM(I54:I57) -> 21 | Z21: =SUM(J54:J57) -> 9 | ... AF21: =SUM(P54:P57) -> 1362
B22: 10.00 - 10.15 | C22: 29 | D22: 9 | E22: 3 | F22: 20 | G22: 1 | H22: 0 | I22: 6 | J22: 5 | K22: 0 | L22: 0 | M22: 318 | N22: 0 | O22: =SUM(C22:L22,N22) -> 73 | P22: =SUM(C22:N22) -> 391 | R22: AM Peak Hr | S22: =MAX(S10:S12) -> 97 | T22: =MAX(T10:T12) -> 15 | U22: =MAX(U10:U12) -> 13 | V22: =MAX(V10:V12) -> 86 | W22: =MAX(W10:W12) -> 3 | X22: =MAX(X10:X12) -> 0 | Y22: =MAX(Y10:Y12) -> 19 | Z22: =MAX(Z10:Z12) -> 16 | ... AF22: =MAX(AF10:AF12) -> 1916
B23: 10.15 - 10.30 | C23: 31 | D23: 2 | E23: 7 | F23: 9 | G23: 2 | H23: 0 | I23: 7 | J23: 5 | K23: 0 | L23: 2 | M23: 305 | N23: 0 | O23: =SUM(C23:L23,N23) -> 65 | P23: =SUM(C23:N23) -> 370 | R23: IP Peak Hr | S23: =MAX(S13:S18) -> 154 | T23: =MAX(T13:T18) -> 32 | U23: =MAX(U13:U18) -> 22 | V23: =MAX(V13:V18) -> 68 | W23: =MAX(W13:W18) -> 5 | X23: =MAX(X13:X18) -> 1 | Y23: =MAX(Y13:Y18) -> 34 | Z23: =MAX(Z13:Z18) -> 25 | ... AF23: =MAX(AF13:AF18) -> 1494
B24: 10.30 - 10.45 | C24: 26 | D24: 7 | E24: 8 | F24: 18 | G24: 2 | H24: 0 | I24: 7 | J24: 1 | K24: 1 | L24: 2 | M24: 166 | N24: 0 | O24: =SUM(C24:L24,N24) -> 72 | P24: =SUM(C24:N24) -> 238 | R24: PM Peak Hr | S24: =MAX(S19:S21) -> 264 | T24: =MAX(T19:T21) -> 34 | U24: =MAX(U19:U21) -> 15 | V24: =MAX(V19:V21) -> 90 | W24: =MAX(W19:W21) -> 5 | X24: =MAX(X19:X21) -> 0 | Y24: =MAX(Y19:Y21) -> 24 | Z24: =MAX(Z19:Z21) -> 15 | ... AF24: =MAX(AF19:AF21) -> 1615
B25: 10.45 - 11.00 | C25: 32 | D25: 7 | E25: 2 | F25: 21 | G25: 0 | H25: 0 | I25: 8 | J25: 7 | K25: 0 | L25: 1 | M25: 345 | N25: 1 | O25: =SUM(C25:L25,N25) -> 79 | P25: =SUM(C25:N25) -> 424 | R25: AM Period | S25: =SUM(S10:S12) -> 268 | T25: =SUM(T10:T12) -> 37 | U25: =SUM(U10:U12) -> 28 | V25: =SUM(V10:V12) -> 235 | W25: =SUM(W10:W12) -> 6 | X25: =SUM(X10:X12) -> 0 | Y25: =SUM(Y10:Y12) -> 41 | Z25: =SUM(Z10:Z12) -> 31 | ... AF25: =SUM(AF10:AF12) -> 3971
B26: 11.00 - 11.15 | C26: 34 | D26: 6 | E26: 2 | F26: 17 | G26: 0 | H26: 0 | I26: 10 | J26: 9 | K26: 0 | L26: 0 | M26: 220 | N26: 0 | O26: =SUM(C26:L26,N26) -> 78 | P26: =SUM(C26:N26) -> 298 | R26: IP Period | S26: =SUM(S13:S18) -> 818 | T26: =SUM(T13:T18) -> 148 | U26: =SUM(U13:U18) -> 114 | V26: =SUM(V13:V18) -> 349 | W26: =SUM(W13:W18) -> 15 | X26: =SUM(X13:X18) -> 1 | Y26: =SUM(Y13:Y18) -> 160 | Z26: =SUM(Z13:Z18) -> 111 | ... AF26: =SUM(AF13:AF18) -> 7866
B27: 11.15 - 11.30 | C27: 27 | D27: 1 | E27: 3 | F27: 12 | G27: 1 | H27: 0 | I27: 5 | J27: 5 | K27: 1 | L27: 0 | M27: 260 | N27: 0 | O27: =SUM(C27:L27,N27) -> 55 | P27: =SUM(C27:N27) -> 315 | R27: PM Period | S27: =SUM(S19:S21) -> 619 | T27: =SUM(T19:T21) -> 75 | U27: =SUM(U19:U21) -> 40 | V27: =SUM(V19:V21) -> 204 | W27: =SUM(W19:W21) -> 8 | X27: =SUM(X19:X21) -> 0 | Y27: =SUM(Y19:Y21) -> 64 | Z27: =SUM(Z19:Z21) -> 32 | ... AF27: =SUM(AF19:AF21) -> 4440
B28: 11.30 - 11.45 | C28: 30 | D28: 7 | E28: 4 | F28: 13 | G28: 0 | H28: 0 | I28: 7 | J28: 4 | K28: 0 | L28: 0 | M28: 236 | N28: 0 | O28: =SUM(C28:L28,N28) -> 65 | P28: =SUM(C28:N28) -> 301 | R28: 12 Hours | S28: =SUM(S10:S21) -> 1705 | T28: =SUM(T10:T21) -> 260 | U28: =SUM(U10:U21) -> 182 | V28: =SUM(V10:V21) -> 788 | W28: =SUM(W10:W21) -> 29 | X28: =SUM(X10:X21) -> 1 | Y28: =SUM(Y10:Y21) -> 265 | Z28: =SUM(Z10:Z21) -> 174 | ... AF28: =SUM(AF10:AF21) -> 16277
B29: 11.45 - 12.00 | C29: 37 | D29: 3 | E29: 8 | F29: 21 | G29: 0 | H29: 0 | I29: 12 | J29: 7 | K29: 0 | L29: 1 | M29: 370 | N29: 0 | O29: =SUM(C29:L29,N29) -> 89 | P29: =SUM(C29:N29) -> 459
B30: 12.00 - 12.15 | C30: 41 | D30: 7 | E30: 4 | F30: 13 | G30: 0 | H30: 0 | I30: 7 | J30: 3 | K30: 0 | L30: 0 | M30: 350 | N30: 0 | O30: =SUM(C30:L30,N30) -> 75 | P30: =SUM(C30:N30) -> 425
B31: 12.15 - 12.30 | C31: 34 | D31: 6 | E31: 7 | F31: 10 | G31: 0 | H31: 0 | I31: 4 | J31: 8 | K31: 2 | L31: 1 | M31: 365 | N31: 0 | O31: =SUM(C31:L31,N31) -> 72 | P31: =SUM(C31:N31) -> 437
B32: 12.30 - 12.45 | C32: 35 | D32: 7 | E32: 5 | F32: 21 | G32: 3 | H32: 1 | I32: 5 | J32: 5 | K32: 0 | L32: 1 | M32: 290 | N32: 0 | O32: =SUM(C32:L32,N32) -> 83 | P32: =SUM(C32:N32) -> 373
B33: 12.45 - 13.00 | C33: 44 | D33: 6 | E33: 6 | F33: 13 | G33: 0 | H33: 0 | I33: 6 | J33: 3 | K33: 1 | L33: 0 | M33: 180 | N33: 0 | O33: =SUM(C33:L33,N33) -> 79 | P33: =SUM(C33:N33) -> 259
B34: 13.00 - 13.15 | C34: 30 | D34: 7 | E34: 8 | F34: 17 | G34: 0 | H34: 0 | I34: 10 | J34: 6 | K34: 0 | L34: 0 | M34: 198 | N34: 0 | O34: =SUM(C34:L34,N34) -> 78 | P34: =SUM(C34:N34) -> 276
B35: 13.15 - 13.30 | C35: 23 | D35: 6 | E35: 2 | F35: 10 | G35: 0 | H35: 0 | I35: 9 | J35: 2 | K35: 1 | L35: 1 | M35: 255 | N35: 0 | O35: =SUM(C35:L35,N35) -> 54 | P35: =SUM(C35:N35) -> 309
B36: 13.30 - 13.45 | C36: 34 | D36: 8 | E36: 2 | F36: 12 | G36: 0 | H36: 0 | I36: 8 | J36: 3 | K36: 2 | L36: 0 | M36: 265 | N36: 0 | O36: =SUM(C36:L36,N36) -> 69 | P36: =SUM(C36:N36) -> 334
B37: 13.45 - 14.00 | C37: 40 | D37: 3 | E37: 4 | F37: 7 | G37: 0 | H37: 0 | I37: 4 | J37: 2 | K37: 1 | L37: 1 | M37: 233 | N37: 0 | O37: =SUM(C37:L37,N37) -> 62 | P37: =SUM(C37:N37) -> 295
B38: 14.00 - 14.15 | C38: 35 | D38: 15 | E38: 5 | F38: 13 | G38: 1 | H38: 0 | I38: 11 | J38: 6 | K38: 0 | L38: 0 | M38: 210 | N38: 0 | O38: =SUM(C38:L38,N38) -> 86 | P38: =SUM(C38:N38) -> 296
B39: 14.15 - 14.30 | C39: 36 | D39: 7 | E39: 6 | F39: 11 | G39: 0 | H39: 0 | I39: 4 | J39: 3 | K39: 1 | L39: 0 | M39: 260 | N39: 0 | O39: =SUM(C39:L39,N39) -> 68 | P39: =SUM(C39:N39) -> 328
B40: 14.30 - 14.45 | C40: 34 | D40: 2 | E40: 6 | F40: 13 | G40: 0 | H40: 0 | I40: 8 | J40: 4 | K40: 0 | L40: 1 | M40: 128 | N40: 0 | O40: =SUM(C40:L40,N40) -> 68 | P40: =SUM(C40:N40) -> 196
... B57: 18.45 - 19.00 | C57: 38 | D57: 3 | E57: 2 | F57: 2 | G57: 0 | H57: 0 | I57: 3 | J57: 1 | K57: 0 | L57: 0 | M57: 210 | N57: 0 | O57: =SUM(C57:L57,N57) -> 49 | P57: =SUM(C57:N57) -> 259
B58: Totals | C58: =SUM(C10:C57) -> 1705 | D58: =SUM(D10:D57) -> 260 | E58: =SUM(E10:E57) -> 182 | F58: =SUM(F10:F57) -> 788 | G58: =SUM(G10:G57) -> 29 | H58: =SUM(H10:H57) -> 1 | I58: =SUM(I10:I57) -> 265 | J58: =SUM(J10:J57) -> 174 | ... P58: =SUM(P10:P57) -> 16277
B59: %ges + MCs | C59: =C58/$P$58 -> 0.10474903 | D59: =D58/$P$58 -> 0.015973459 | E59: =E58/$P$58 -> 0.011181422 | F59: =F58/$P$58 -> 0.04841187 | G59: =G58/$P$58 -> 0.0017816551 | H59: =H58/$P$58 -> 6.1436383e-05 | I59: =I58/$P$58 -> 0.016280641 | J59: =J58/$P$58 -> 0.010689931 | ... N59: =N58/$P$58 -> 0.00012287277
B60: %ges w/o MCs | C60: =C58/$O$58 -> 0.49405969 | D60: =D58/$O$58 -> 0.075340481 | E60: =E58/$O$58 -> 0.052738337 | F60: =F58/$O$58 -> 0.22833961 | G60: =G58/$O$58 -> 0.0084033613 | H60: =H58/$O$58 -> 0.00028977108 | I60: =I58/$O$58 -> 0.076789336 | J60: =J58/$O$58 -> 0.050420168 | ... L60: =L58/$O$58 -> 0.0055056505 | N60: =N58/$O$58 -> 0.00057954216

Sheet 24.07 Ndeeba-Lubiri
B1: Consultancy services for Preparation of Expressway Development Master Plan (EDMP) for Uganda
B2: MANUAL CLASSIFIED COUNT (MCC)
B3: ROAD NAME: | C3: ='22.07 Ndeeba-Lubiri'!C3:G3 -> MCC - C1 - STN03- KALINDA ROAD
C5: Date | D5: ='24.07 Lubiri-Ndeeba'!D5 -> 24.07.19 | F5: Location | G5: ='22.07 Lubiri -Ndeeba'!G5:H5 -> Before Shell | J5: Surveyor | K5: Kizito Geofrey
C6: Dir. From | D6: ='22.07 Ndeeba-Lubiri'!D6:E6 -> Ndeeba | F6: Dir. To | G6: ='22.07 Ndeeba-Lubiri'!G6:H6 -> Lubiri | J6: Supervisor | K6: ='22.07 Lubiri -Ndeeba'!K6:L6 -> Denis
B8: Time / Veh Type | R8: SUMMARY TRAFFIC VOLUMES
C9: 1. Car | D9: 2. Station Wagon | E9: 3. Pickups | F9: 4. Minibus, matatu | G9: 5. Medium bus | H9: 6. Large Bus | I9: 7. Light Truck | J9: 8. Medium Truck | K9: 9. Heavy truck | L9: 10. Truck Trailer | M9: 11. Motor cycles | N9: 12. Tractors | O9: Total Excl M/Cycles | P9: Total All | R9: Time | S9: 1. Car | T9: 2. Station Wagon | U9: 3. Pickups | V9: 4. Minibus, matatu | W9: 5. Medium bus | X9: 6. Large Bus | Y9: 7. Light Truck | Z9: 8. Medium Truck | AA9: 9. Heavy truck | AB9: 10. Truck Trailer | AC9: 11. Motorcycles | AD9: 12. Tractors, Graders | AE9: Total Excl M/ Cycles | AF9: Total All
B10: 07.00 - 07.15 | C10: 85 | D10: 21 | E10: 13 | F10: 56 | G10: 0 | H10: 0 | I10: 5 | J10: 4 | K10: 0 | L10: 0 | M10: 175 | N10: 0 | O10: =SUM(C10:L10,N10) -> 184 | P10: =SUM(C10:N10) -> 359 | R10: 0700-0800 | S10: =SUM(C10:C13) -> 470 | T10: =SUM(D10:D13) -> 69 | U10: =SUM(E10:E13) -> 49 | V10: =SUM(F10:F13) -> 204 | W10: =SUM(G10:G13) -> 2 | X10: =SUM(H10:H13) -> 0 | Y10: =SUM(I10:I13) -> 19 | Z10: =SUM(J10:J13) -> 9 | ... AF10: =SUM(P10:P13) -> 1710
B11: 07.15 - 07.30 | C11: 120 | D11: 22 | E11: 12 | F11: 48 | G11: 1 | H11: 0 | I11: 6 | J11: 1 | K11: 1 | L11: 0 | M11: 250 | N11: 0 | O11: =SUM(C11:L11,N11) -> 211 | P11: =SUM(C11:N11) -> 461 | R11: 0800-0900 | S11: =SUM(C14:C17) -> 465 | T11: =SUM(D14:D17) -> 50 | U11: =SUM(E14:E17) -> 30 | V11: =SUM(F14:F17) -> 154 | W11: =SUM(G14:G17) -> 3 | X11: =SUM(H14:H17) -> 0 | Y11: =SUM(I14:I17) -> 26 | Z11: =SUM(J14:J17) -> 12 | ... AF11: =SUM(P14:P17) -> 1663
B12: 07.30 - 07.45 | C12: 135 | D12: 10 | E12: 11 | F12: 56 | G12: 0 | H12: 0 | I12: 5 | J12: 4 | K12: 6 | L12: 0 | M12: 245 | N12: 0 | O12: =SUM(C12:L12,N12) -> 227 | P12: =SUM(C12:N12) -> 472 | R12: 0900-1000 | S12: =SUM(C18:C21) -> 406 | T12: =SUM(D18:D21) -> 49 | U12: =SUM(E18:E21) -> 33 | V12: =SUM(F18:F21) -> 93 | W12: =SUM(G18:G21) -> 0 | X12: =SUM(H18:H21) -> 0 | Y12: =SUM(I18:I21) -> 35 | Z12: =SUM(J18:J21) -> 9 | ... AF12: =SUM(P18:P21) -> 1540
B13: 07.45 - 08.00 | C13: 130 | D13: 16 | E13: 13 | F13: 44 | G13: 1 | H13: 0 | I13: 3 | J13: 0 | K13: 0 | L13: 1 | M13: 210 | N13: 0 | O13: =SUM(C13:L13,N13) -> 208 | P13: =SUM(C13:N13) -> 418 | R13: 1000-1100 | S13: =SUM(C22:C25) -> 390 | T13: =SUM(D22:D25) -> 40 | U13: =SUM(E22:E25) -> 40 | V13: =SUM(F22:F25) -> 24 | W13: =SUM(G22:G25) -> 0 | X13: =SUM(H22:H25) -> 1 | Y13: =SUM(I22:I25) -> 19 | Z13: =SUM(J22:J25) -> 14 | ... AF13: =SUM(P22:P25) -> 1430
B14: 08.00 - 08.15 | C14: 115 | D14: 24 | E14: 7 | F14: 55 | G14: 1 | H14: 0 | I14: 5 | J14: 2 | K14: 1 | L14: 1 | M14: 190 | N14: 0 | O14: =SUM(C14:L14,N14) -> 211 | P14: =SUM(C14:N14) -> 401 | R14: 1100-1200 | S14: =SUM(C26:C29) -> 410 | T14: =SUM(D26:D29) -> 48 | U14: =SUM(E26:E29) -> 34 | V14: =SUM(F26:F29) -> 21 | W14: =SUM(G26:G29) -> 5 | X14: =SUM(H26:H29) -> 0 | Y14: =SUM(I26:I29) -> 30 | Z14: =SUM(J26:J29) -> 11 | ... AF14: =SUM(P26:P29) -> 1457
B15: 08.15 - 08.30 | C15: 125 | D15: 7 | E15: 8 | F15: 38 | G15: 0 | H15: 0 | I15: 11 | J15: 1 | K15: 0 | L15: 0 | M15: 240 | N15: 0 | O15: =SUM(C15:L15,N15) -> 190 | P15: =SUM(C15:N15) -> 430 | R15: 1200-1300 | S15: =SUM(C30:C33) -> 403 | T15: =SUM(D30:D33) -> 39 | U15: =SUM(E30:E33) -> 30 | V15: =SUM(F30:F33) -> 16 | W15: =SUM(G30:G33) -> 3 | X15: =SUM(H30:H33) -> 0 | Y15: =SUM(I30:I33) -> 20 | Z15: =SUM(J30:J33) -> 18 | ... AF15: =SUM(P30:P33) -> 1567
B16: 08.30 - 08.45 | C16: 100 | D16: 10 | E16: 10 | F16: 34 | G16: 1 | H16: 0 | I16: 4 | J16: 3 | K16: 0 | L16: 1 | M16: 235 | N16: 0 | O16: =SUM(C16:L16,N16) -> 163 | P16: =SUM(C16:N16) -> 398 | R16: 1300-1400 | S16: =SUM(C34:C37) -> 290 | T16: =SUM(D34:D37) -> 22 | U16: =SUM(E34:E37) -> 40 | V16: =SUM(F34:F37) -> 23 | W16: =SUM(G34:G37) -> 0 | X16: =SUM(H34:H37) -> 0 | Y16: =SUM(I34:I37) -> 27 | Z16: =SUM(J34:J37) -> 16 | ... AF16: =SUM(P34:P37) -> 1364
B17: 08.45 - 9.00 | C17: 125 | D17: 9 | E17: 5 | F17: 27 | G17: 1 | H17: 0 | I17: 6 | J17: 6 | K17: 0 | L17: 0 | M17: 255 | N17: 0 | O17: =SUM(C17:L17,N17) -> 179 | P17: =SUM(C17:N17) -> 434 | R17: 1400-1500 | S17: =SUM(C38:C41) -> 270 | T17: =SUM(D38:D41) -> 27 | U17: =SUM(E38:E41) -> 44 | V17: =SUM(F38:F41) -> 27 | W17: =SUM(G38:G41) -> 7 | X17: =SUM(H38:H41) -> 1 | Y17: =SUM(I38:I41) -> 31 | Z17: =SUM(J38:J41) -> 25 | ... AF17: =SUM(P38:P41) -> 1021
B18: 09.00 - 09.15 | C18: 96 | D18: 15 | E18: 8 | F18: 35 | G18: 0 | H18: 0 | I18: 4 | J18: 0 | K18: 0 | L18: 0 | M18: 210 | N18: 0 | O18: =SUM(C18:L18,N18) -> 158 | P18: =SUM(C18:N18) -> 368 | R18: 1500-1600 | S18: =SUM(C42:C45) -> 220 | T18: =SUM(D42:D45) -> 31 | U18: =SUM(E42:E45) -> 33 | V18: =SUM(F42:F45) -> 27 | W18: =SUM(G42:G45) -> 2 | X18: =SUM(H42:H45) -> 1 | Y18: =SUM(I42:I45) -> 9 | Z18: =SUM(J42:J45) -> 16 | ... AF18: =SUM(P42:P45) -> 994
B19: 09.15 - 09.30 | C19: 80 | D19: 15 | E19: 12 | F19: 17 | G19: 0 | H19: 0 | I19: 12 | J19: 3 | K19: 0 | L19: 1 | M19: 220 | N19: 0 | O19: =SUM(C19:L19,N19) -> 140 | P19: =SUM(C19:N19) -> 360 | R19: 1600-1700 | S19: =SUM(C46:C49) -> 268 | T19: =SUM(D46:D49) -> 17 | U19: =SUM(E46:E49) -> 33 | V19: =SUM(F46:F49) -> 22 | W19: =SUM(G46:G49) -> 5 | X19: =SUM(H46:H49) -> 1 | Y19: =SUM(I46:I49) -> 17 | Z19: =SUM(J46:J49) -> 13 | ... AF19: =SUM(P46:P49) -> 1170
B20: 09.30 - 09.45 | C20: 110 | D20: 8 | E20: 4 | F20: 21 | G20: 0 | H20: 0 | I20: 9 | J20: 5 | K20: 1 | L20: 1 | M20: 255 | N20: 0 | O20: =SUM(C20:L20,N20) -> 159 | P20: =SUM(C20:N20) -> 414 | R20: 1700-1800 | S20: =SUM(C50:C53) -> 287 | T20: =SUM(D50:D53) -> 21 | U20: =SUM(E50:E53) -> 22 | V20: =SUM(F50:F53) -> 28 | W20: =SUM(G50:G53) -> 2 | X20: =SUM(H50:H53) -> 0 | Y20: =SUM(I50:I53) -> 22 | Z20: =SUM(J50:J53) -> 10 | ... AF20: =SUM(P50:P53) -> 1197
B21: 09.45 - 10.00 | C21: 120 | D21: 11 | E21: 9 | F21: 20 | G21: 0 | H21: 0 | I21: 10 | J21: 1 | K21: 1 | L21: 1 | M21: 225 | N21: 0 | O21: =SUM(C21:L21,N21) -> 173 | P21: =SUM(C21:N21) -> 398 | R21: 1800-1900 | S21: =SUM(C54:C57) -> 365 | T21: =SUM(D54:D57) -> 19 | U21: =SUM(E54:E57) -> 20 | V21: =SUM(F54:F57) -> 46 | W21: =SUM(G54:G57) -> 5 | X21: =SUM(H54:H57) -> 2 | Y21: =SUM(I54:I57) -> 14 | Z21: =SUM(J54:J57) -> 12 | ... AF21: =SUM(P54:P57) -> 1415
B22: 10.00 - 10.15 | C22: 80 | D22: 6 | E22: 5 | F22: 4 | G22: 0 | H22: 0 | I22: 5 | J22: 1 | K22: 1 | L22: 0 | M22: 170 | N22: 0 | O22: =SUM(C22:L22,N22) -> 102 | P22: =SUM(C22:N22) -> 272 | R22: AM Peak Hr | S22: =MAX(S10:S12) -> 470 | T22: =MAX(T10:T12) -> 69 | U22: =MAX(U10:U12) -> 49 | V22: =MAX(V10:V12) -> 204 | W22: =MAX(W10:W12) -> 3 | X22: =MAX(X10:X12) -> 0 | Y22: =MAX(Y10:Y12) -> 35 | Z22: =MAX(Z10:Z12) -> 12 | ... AF22: =MAX(AF10:AF12) -> 1710
B23: 10.15 - 10.30 | C23: 95 | D23: 7 | E23: 10 | F23: 8 | G23: 0 | H23: 0 | I23: 3 | J23: 4 | K23: 0 | L23: 0 | M23: 230 | N23: 0 | O23: =SUM(C23:L23,N23) -> 127 | P23: =SUM(C23:N23) -> 357 | R23: IP Peak Hr | S23: =MAX(S13:S18) -> 410 | T23: =MAX(T13:T18) -> 48 | U23: =MAX(U13:U18) -> 44 | V23: =MAX(V13:V18) -> 27 | W23: =MAX(W13:W18) -> 7 | X23: =MAX(X13:X18) -> 1 | Y23: =MAX(Y13:Y18) -> 31 | Z23: =MAX(Z13:Z18) -> 25 | ... AF23: =MAX(AF13:AF18) -> 1567
B24: 10.30 - 10.45 | C24: 110 | D24: 13 | E24: 8 | F24: 5 | G24: 0 | H24: 0 | I24: 8 | J24: 2 | K24: 0 | L24: 1 | M24: 250 | N24: 0 | O24: =SUM(C24:L24,N24) -> 147 | P24: =SUM(C24:N24) -> 397 | R24: PM Peak Hr | S24: =MAX(S19:S21) -> 365 | T24: =MAX(T19:T21) -> 21 | U24: =MAX(U19:U21) -> 33 | V24: =MAX(V19:V21) -> 46 | W24: =MAX(W19:W21) -> 5 | X24: =MAX(X19:X21) -> 2 | Y24: =MAX(Y19:Y21) -> 22 | Z24: =MAX(Z19:Z21) -> 13 | ... AF24: =MAX(AF19:AF21) -> 1415
B25: 10.45 - 11.00 | C25: 105 | D25: 14 | E25: 17 | F25: 7 | G25: 0 | H25: 1 | I25: 3 | J25: 7 | K25: 0 | L25: 0 | M25: 250 | N25: 0 | O25: =SUM(C25:L25,N25) -> 154 | P25: =SUM(C25:N25) -> 404 | R25: AM Period | S25: =SUM(S10:S12) -> 1341 | T25: =SUM(T10:T12) -> 168 | U25: =SUM(U10:U12) -> 112 | V25: =SUM(V10:V12) -> 451 | W25: =SUM(W10:W12) -> 5 | X25: =SUM(X10:X12) -> 0 | Y25: =SUM(Y10:Y12) -> 80 | Z25: =SUM(Z10:Z12) -> 30 | ... AF25: =SUM(AF10:AF12) -> 4913
B26: 11.00 - 11.15 | C26: 95 | D26: 10 | E26: 11 | F26: 4 | G26: 0 | H26: 0 | I26: 8 | J26: 2 | K26: 0 | L26: 0 | M26: 225 | N26: 0 | O26: =SUM(C26:L26,N26) -> 130 | P26: =SUM(C26:N26) -> 355 | R26: IP Period | S26: =SUM(S13:S18) -> 1983 | T26: =SUM(T13:T18) -> 207 | U26: =SUM(U13:U18) -> 221 | V26: =SUM(V13:V18) -> 138 | W26: =SUM(W13:W18) -> 17 | X26: =SUM(X13:X18) -> 3 | Y26: =SUM(Y13:Y18) -> 136 | Z26: =SUM(Z13:Z18) -> 100 | ... AF26: =SUM(AF13:AF18) -> 7833
B27: 11.15 - 11.30 | C27: 115 | D27: 7 | E27: 3 | F27: 7 | G27: 3 | H27: 0 | I27: 10 | J27: 1 | K27: 1 | L27: 0 | M27: 220 | N27: 0 | O27: =SUM(C27:L27,N27) -> 147 | P27: =SUM(C27:N27) -> 367 | R27: PM Period | S27: =SUM(S19:S21) -> 920 | T27: =SUM(T19:T21) -> 57 | U27: =SUM(U19:U21) -> 75 | V27: =SUM(V19:V21) -> 96 | W27: =SUM(W19:W21) -> 12 | X27: =SUM(X19:X21) -> 3 | Y27: =SUM(Y19:Y21) -> 53 | Z27: =SUM(Z19:Z21) -> 35 | ... AF27: =SUM(AF19:AF21) -> 3782
B28: 11.30 - 11.45 | C28: 100 | D28: 25 | E28: 6 | F28: 6 | G28: 0 | H28: 0 | I28: 10 | J28: 7 | K28: 0 | L28: 0 | M28: 240 | N28: 0 | O28: =SUM(C28:L28,N28) -> 154 | P28: =SUM(C28:N28) -> 394 | R28: 12 Hours | S28: =SUM(S10:S21) -> 4244 | T28: =SUM(T10:T21) -> 432 | U28: =SUM(U10:U21) -> 408 | V28: =SUM(V10:V21) -> 685 | W28: =SUM(W10:W21) -> 34 | X28: =SUM(X10:X21) -> 6 | Y28: =SUM(Y10:Y21) -> 269 | Z28: =SUM(Z10:Z21) -> 165 | ... AF28: =SUM(AF10:AF21) -> 16528
B29: 11.45 - 12.00 | C29: 100 | D29: 6 | E29: 14 | F29: 4 | G29: 2 | H29: 0 | I29: 2 | J29: 1 | K29: 1 | L29: 1 | M29: 210 | N29: 0 | O29: =SUM(C29:L29,N29) -> 131 | P29: =SUM(C29:N29) -> 341
B30: 12.00 - 12.15 | C30: 103 | D30: 18 | E30: 7 | F30: 3 | G30: 0 | H30: 0 | I30: 3 | J30: 4 | K30: 1 | L30: 0 | M30: 240 | N30: 0 | O30: =SUM(C30:L30,N30) -> 139 | P30: =SUM(C30:N30) -> 379
B31: 12.15 - 12.30 | C31: 95 | D31: 8 | E31: 7 | F31: 2 | G31: 0 | H31: 0 | I31: 7 | J31: 4 | K31: 0 | L31: 0 | M31: 216 | N31: 0 | O31: =SUM(C31:L31,N31) -> 123 | P31: =SUM(C31:N31) -> 339
B32: 12.30 - 12.45 | C32: 110 | D32: 4 | E32: 8 | F32: 3 | G32: 0 | H32: 0 | I32: 4 | J32: 4 | K32: 0 | L32: 1 | M32: 280 | N32: 0 | O32: =SUM(C32:L32,N32) -> 134 | P32: =SUM(C32:N32) -> 414
B33: 12.45 - 13.00 | C33: 95 | D33: 9 | E33: 8 | F33: 8 | G33: 3 | H33: 0 | I33: 6 | J33: 6 | K33: 0 | L33: 0 | M33: 300 | N33: 0 | O33: =SUM(C33:L33,N33) -> 135 | P33: =SUM(C33:N33) -> 435
B34: 13.00 - 13.15 | C34: 104 | D34: 3 | E34: 16 | F34: 10 | G34: 0 | H34: 0 | I34: 7 | J34: 2 | K34: 1 | L34: 2 | M34: 276 | N34: 0 | O34: =SUM(C34:L34,N34) -> 145 | P34: =SUM(C34:N34) -> 421
B35: 13.15 - 13.30 | C35: 50 | D35: 5 | E35: 6 | F35: 4 | G35: 0 | H35: 0 | I35: 9 | J35: 5 | K35: 0 | L35: 2 | M35: 255 | N35: 0 | O35: =SUM(C35:L35,N35) -> 81 | P35: =SUM(C35:N35) -> 336
B36: 13.30 - 13.45 | C36: 71 | D36: 7 | E36: 5 | F36: 3 | G36: 0 | H36: 0 | I36: 3 | J36: 4 | K36: 0 | L36: 0 | M36: 209 | N36: 0 | O36: =SUM(C36:L36,N36) -> 93 | P36: =SUM(C36:N36) -> 302
B37: 13.45 - 14.00 | C37: 65 | D37: 7 | E37: 13 | F37: 6 | G37: 0 | H37: 0 | I37: 8 | J37: 5 | K37: 0 | L37: 0 | M37: 201 | N37: 0 | O37: =SUM(C37:L37,N37) -> 104 | P37: =SUM(C37:N37) -> 305
B38: 14.00 - 14.15 | C38: 63 | D38: 6 | E38: 11 | F38: 5 | G38: 1 | H38: 0 | I38: 7 | J38: 1 | K38: 1 | L38: 2 | M38: 140 | N38: 0 | O38: =SUM(C38:L38,N38) -> 97 | P38: =SUM(C38:N38) -> 237
B39: 14.15 - 14.30 | C39: 67 | D39: 11 | E39: 11 | F39: 6 | G39: 1 | H39: 1 | I39: 11 | J39: 8 | K39: 6 | L39: 1 | M39: 165 | N39: 0 | O39: =SUM(C39:L39,N39) -> 123 | P39: =SUM(C39:N39) -> 288
B40: 14.30 - 14.45 | C40: 53 | D40: 9 | E40: 6 | F40: 8 | G40: 2 | H40: 0 | I40: 7 | J40: 5 | K40: 6 | L40: 2 | M40: 126 | N40: 1 | O40: =SUM(C40:L40,N40) -> 99 | P40: =SUM(C40:N40) -> 225
... B57: 18.45 - 19.00 | C57: 90 | D57: 6 | E57: 5 | F57: 7 | G57: 0 | H57: 0 | I57: 2 | J57: 2 | K57: 0 | L57: 0 | M57: 200 | N57: 0 | O57: =SUM(C57:L57,N57) -> 112 | P57: =SUM(C57:N57) -> 312
B58: Totals | C58: =SUM(C10:C57) -> 4244 | D58: =SUM(D10:D57) -> 432 | E58: =SUM(E10:E57) -> 408 | F58: =SUM(F10:F57) -> 685 | G58: =SUM(G10:G57) -> 34 | H58: =SUM(H10:H57) -> 6 | I58: =SUM(I10:I57) -> 269 | J58: =SUM(J10:J57) -> 165 | ... P58: =SUM(P10:P57) -> 16528
B59: %ges + MCs | C59: =C58/$P$58 -> 0.25677638 | D59: =D58/$P$58 -> 0.026137464 | E59: =E58/$P$58 -> 0.024685382 | F59: =F58/$P$58 -> 0.041444821 | G59: =G58/$P$58 -> 0.0020571152 | H59: =H58/$P$58 -> 0.00036302033 | I59: =I58/$P$58 -> 0.016275411 | J59: =J58/$P$58 -> 0.0099830591 | ... N59: =N58/$P$58 -> 0.00024201355
B60: %ges w/o MCs | C60: =C58/$O$58 -> 0.67109424 | D60: =D58/$O$58 -> 0.068311195 | E60: =E58/$O$58 -> 0.064516129 | F60: =F58/$O$58 -> 0.10831752 | G60: =G58/$O$58 -> 0.0053763441 | H60: =H58/$O$58 -> 0.0009487666 | I60: =I58/$O$58 -> 0.042536369 | J60: =J58/$O$58 -> 0.026091082 | ... L60: =L58/$O$58 -> 0.0044275775 | N60: =N58/$O$58 -> 0.00063251107

Sheet 25.07 Lubiri-Ndeeba
B1: Consultancy services for Preparation of Expressway Development Master Plan (EDMP) for Uganda
B2: MANUAL CLASSIFIED COUNT (MCC)
B3: ROAD NAME: | C3: ='22.07 Lubiri -Ndeeba'!C3:G3 -> MCC - C1 - STN03- KALINDA ROAD
C5: Date | D5: 25.07.19 | F5: Location | G5: ='24.07 Ndeeba-Lubiri'!G5:H5 -> Before Shell | J5: Surveyor | K5: Maiso.M. Gadafi
C6: Dir. From | D6: ='22.07 Lubiri -Ndeeba'!D6:E6 -> Lubiri | F6: Dir. To | G6: ='22.07 Lubiri -Ndeeba'!G6:H6 -> Ndeeba | J6: Supervisor | K6: ='24.07 Ndeeba-Lubiri'!K6:L6 -> Denis
B8: Time / Veh Type | R8: SUMMARY TRAFFIC VOLUMES
C9: 1. Car | D9: 2. Station Wagon | E9: 3. Pickups | F9: 4. Minibus, matatu | G9: 5. Medium bus | H9: 6. Large Bus | I9: 7. Light Truck | J9: 8. Medium Truck | K9: 9. Heavy truck | L9: 10. Truck Trailer | M9: 11. Motor cycles | N9: 12. Tractors | O9: Total Excl M/Cycles | P9: Total All | R9: Time | S9: 1. Car | T9: 2. Station Wagon | U9: 3. Pickups | V9: 4. Minibus, matatu | W9: 5. Medium bus | X9: 6. Large Bus | Y9: 7. Light Truck | Z9: 8. Medium Truck | AA9: 9. Heavy truck | AB9: 10. Truck Trailer | AC9: 11. Motorcycles | AD9: 12. Tractors, Graders | AE9: Total Excl M/ Cycles | AF9: Total All
B10: 07.00 - 07.15 | C10: 33 | D10: 3 | E10: 5 | F10: 20 | G10: 1 | H10: 0 | I10: 2 | J10: 2 | K10: 0 | L10: 0 | M10: 75 | N10: 0 | O10: =SUM(C10:L10,N10) -> 66 | P10: =SUM(C10:N10) -> 141 | R10: 0700-0800 | S10: =SUM(C10:C13) -> 112 | T10: =SUM(D10:D13) -> 13 | U10: =SUM(E10:E13) -> 14 | V10: =SUM(F10:F13) -> 79 | W10: =SUM(G10:G13) -> 2 | X10: =SUM(H10:H13) -> 0 | Y10: =SUM(I10:I13) -> 10 | Z10: =SUM(J10:J13) -> 5 | ... AF10: =SUM(P10:P13) -> 787
B11: 07.15 - 07.30 | C11: 34 | D11: 3 | E11: 4 | F11: 19 | G11: 0 | H11: 0 | I11: 2 | J11: 1 | K11: 0 | L11: 0 | M11: 127 | N11: 0 | O11: =SUM(C11:L11,N11) -> 63 | P11: =SUM(C11:N11) -> 190 | R11: 0800-0900 | S11: =SUM(C14:C17) -> 83 | T11: =SUM(D14:D17) -> 10 | U11: =SUM(E14:E17) -> 7 | V11: =SUM(F14:F17) -> 61 | W11: =SUM(G14:G17) -> 0 | X11: =SUM(H14:H17) -> 0 | Y11: =SUM(I14:I17) -> 13 | Z11: =SUM(J14:J17) -> 8 | ... AF11: =SUM(P14:P17) -> 1128
B12: 07.30 - 07.45 | C12: 19 | D12: 5 | E12: 2 | F12: 19 | G12: 0 | H12: 0 | I12: 3 | J12: 1 | K12: 0 | L12: 0 | M12: 185 | N12: 0 | O12: =SUM(C12:L12,N12) -> 49 | P12: =SUM(C12:N12) -> 234 | R12: 0900-1000 | S12: =SUM(C18:C21) -> 85 | T12: =SUM(D18:D21) -> 22 | U12: =SUM(E18:E21) -> 8 | V12: =SUM(F18:F21) -> 66 | W12: =SUM(G18:G21) -> 1 | X12: =SUM(H18:H21) -> 0 | Y12: =SUM(I18:I21) -> 25 | Z12: =SUM(J18:J21) -> 16 | ... AF12: =SUM(P18:P21) -> 1188
B13: 07.45 - 08.00 | C13: 26 | D13: 2 | E13: 3 | F13: 21 | G13: 1 | H13: 0 | I13: 3 | J13: 1 | K13: 0 | L13: 0 | M13: 165 | N13: 0 | O13: =SUM(C13:L13,N13) -> 57 | P13: =SUM(C13:N13) -> 222 | R13: 1000-1100 | S13: =SUM(C22:C25) -> 89 | T13: =SUM(D22:D25) -> 9 | U13: =SUM(E22:E25) -> 13 | V13: =SUM(F22:F25) -> 59 | W13: =SUM(G22:G25) -> 0 | X13: =SUM(H22:H25) -> 1 | Y13: =SUM(I22:I25) -> 29 | Z13: =SUM(J22:J25) -> 23 | ... AF13: =SUM(P22:P25) -> 1060
B14: 08.00 - 08.15 | C14: 34 | D14: 3 | E14: 4 | F14: 19 | G14: 0 | H14: 0 | I14: 4 | J14: 1 | K14: 0 | L14: 0 | M14: 240 | N14: 0 | O14: =SUM(C14:L14,N14) -> 65 | P14: =SUM(C14:N14) -> 305 | R14: 1100-1200 | S14: =SUM(C26:C29) -> 122 | T14: =SUM(D26:D29) -> 19 | U14: =SUM(E26:E29) -> 19 | V14: =SUM(F26:F29) -> 58 | W14: =SUM(G26:G29) -> 1 | X14: =SUM(H26:H29) -> 0 | Y14: =SUM(I26:I29) -> 40 | Z14: =SUM(J26:J29) -> 23 | ... AF14: =SUM(P26:P29) -> 1261
B15: 08.15 - 08.30 | C15: 12 | D15: 0 | E15: 0 | F15: 13 | G15: 0 | H15: 0 | I15: 3 | J15: 1 | K15: 1 | L15: 0 | M15: 210 | N15: 0 | O15: =SUM(C15:L15,N15) -> 30 | P15: =SUM(C15:N15) -> 240 | R15: 1200-1300 | S15: =SUM(C30:C33) -> 135 | T15: =SUM(D30:D33) -> 27 | U15: =SUM(E30:E33) -> 21 | V15: =SUM(F30:F33) -> 42 | W15: =SUM(G30:G33) -> 1 | X15: =SUM(H30:H33) -> 0 | Y15: =SUM(I30:I33) -> 27 | Z15: =SUM(J30:J33) -> 21 | ... AF15: =SUM(P30:P33) -> 1413
B16: 08.30 - 08.45 | C16: 19 | D16: 3 | E16: 2 | F16: 16 | G16: 0 | H16: 0 | I16: 0 | J16: 3 | K16: 0 | L16: 0 | M16: 265 | N16: 0 | O16: =SUM(C16:L16,N16) -> 43 | P16: =SUM(C16:N16) -> 308 | R16: 1300-1400 | S16: =SUM(C34:C37) -> 135 | T16: =SUM(D34:D37) -> 15 | U16: =SUM(E34:E37) -> 17 | V16: =SUM(F34:F37) -> 41 | W16: =SUM(G34:G37) -> 3 | X16: =SUM(H34:H37) -> 1 | Y16: =SUM(I34:I37) -> 29 | Z16: =SUM(J34:J37) -> 19 | ... AF16: =SUM(P34:P37) -> 1203
B17: 08.45 - 9.00 | C17: 18 | D17: 4 | E17: 1 | F17: 13 | G17: 0 | H17: 0 | I17: 6 | J17: 3 | K17: 0 | L17: 0 | M17: 230 | N17: 0 | O17: =SUM(C17:L17,N17) -> 45 | P17: =SUM(C17:N17) -> 275 | R17: 1400-1500 | S17: =SUM(C38:C41) -> 142 | T17: =SUM(D38:D41) -> 29 | U17: =SUM(E38:E41) -> 15 | V17: =SUM(F38:F41) -> 39 | W17: =SUM(G38:G41) -> 2 | X17: =SUM(H38:H41) -> 1 | Y17: =SUM(I38:I41) -> 16 | Z17: =SUM(J38:J41) -> 10 | ... AF17: =SUM(P38:P41) -> 1051
B18: 09.00 - 09.15 | C18: 19 | D18: 6 | E18: 1 | F18: 13 | G18: 1 | H18: 0 | I18: 3 | J18: 2 | K18: 3 | L18: 0 | M18: 265 | N18: 0 | O18: =SUM(C18:L18,N18) -> 48 | P18: =SUM(C18:N18) -> 313 | R18: 1500-1600 | S18: =SUM(C42:C45) -> 133 | T18: =SUM(D42:D45) -> 26 | U18: =SUM(E42:E45) -> 18 | V18: =SUM(F42:F45) -> 40 | W18: =SUM(G42:G45) -> 4 | X18: =SUM(H42:H45) -> 0 | Y18: =SUM(I42:I45) -> 28 | Z18: =SUM(J42:J45) -> 19 | ... AF18: =SUM(P42:P45) -> 1551
B19: 09.15 - 09.30 | C19: 23 | D19: 7 | E19: 4 | F19: 24 | G19: 0 | H19: 0 | I19: 5 | J19: 2 | K19: 0 | L19: 0 | M19: 215 | N19: 0 | O19: =SUM(C19:L19,N19) -> 65 | P19: =SUM(C19:N19) -> 280 | R19: 1600-1700 | S19: =SUM(C46:C49) -> 180 | T19: =SUM(D46:D49) -> 15 | U19: =SUM(E46:E49) -> 13 | V19: =SUM(F46:F49) -> 49 | W19: =SUM(G46:G49) -> 3 | X19: =SUM(H46:H49) -> 0 | Y19: =SUM(I46:I49) -> 13 | Z19: =SUM(J46:J49) -> 15 | ... AF19: =SUM(P46:P49) -> 1110
B20: 09.30 - 09.45 | C20: 13 | D20: 4 | E20: 2 | F20: 11 | G20: 0 | H20: 0 | I20: 8 | J20: 7 | K20: 2 | L20: 0 | M20: 260 | N20: 0 | O20: =SUM(C20:L20,N20) -> 47 | P20: =SUM(C20:N20) -> 307 | R20: 1700-1800 | S20: =SUM(C50:C53) -> 210 | T20: =SUM(D50:D53) -> 28 | U20: =SUM(E50:E53) -> 15 | V20: =SUM(F50:F53) -> 65 | W20: =SUM(G50:G53) -> 1 | X20: =SUM(H50:H53) -> 0 | Y20: =SUM(I50:I53) -> 20 | Z20: =SUM(J50:J53) -> 13 | ... AF20: =SUM(P50:P53) -> 1363
B21: 09.45 - 10.00 | C21: 30 | D21: 5 | E21: 1 | F21: 18 | G21: 0 | H21: 0 | I21: 9 | J21: 5 | K21: 0 | L21: 0 | M21: 220 | N21: 0 | O21: =SUM(C21:L21,N21) -> 68 | P21: =SUM(C21:N21) -> 288 | R21: 1800-1900 | S21: =SUM(C54:C57) -> 151 | T21: =SUM(D54:D57) -> 19 | U21: =SUM(E54:E57) -> 16 | V21: =SUM(F54:F57) -> 59 | W21: =SUM(G54:G57) -> 0 | X21: =SUM(H54:H57) -> 0 | Y21: =SUM(I54:I57) -> 10 | Z21: =SUM(J54:J57) -> 17 | ... AF21: =SUM(P54:P57) -> 1048
B22: 10.00 - 10.15 | C22: 23 | D22: 3 | E22: 2 | F22: 13 | G22: 0 | H22: 0 | I22: 8 | J22: 9 | K22: 0 | L22: 0 | M22: 240 | N22: 0 | O22: =SUM(C22:L22,N22) -> 58 | P22: =SUM(C22:N22) -> 298 | R22: AM Peak Hr | S22: =MAX(S10:S12) -> 112 | T22: =MAX(T10:T12) -> 22 | U22: =MAX(U10:U12) -> 14 | V22: =MAX(V10:V12) -> 79 | W22: =MAX(W10:W12) -> 2 | X22: =MAX(X10:X12) -> 0 | Y22: =MAX(Y10:Y12) -> 25 | Z22: =MAX(Z10:Z12) -> 16 | ... AF22: =MAX(AF10:AF12) -> 1188
B23: 10.15 - 10.30 | C23: 23 | D23: 1 | E23: 3 | F23: 12 | G23: 0 | H23: 0 | I23: 10 | J23: 5 | K23: 2 | L23: 0 | M23: 135 | N23: 0 | O23: =SUM(C23:L23,N23) -> 56 | P23: =SUM(C23:N23) -> 191 | R23: IP Peak Hr | S23: =MAX(S13:S18) -> 142 | T23: =MAX(T13:T18) -> 29 | U23: =MAX(U13:U18) -> 21 | V23: =MAX(V13:V18) -> 59 | W23: =MAX(W13:W18) -> 4 | X23: =MAX(X13:X18) -> 1 | Y23: =MAX(Y13:Y18) -> 40 | Z23: =MAX(Z13:Z18) -> 23 | ... AF23: =MAX(AF13:AF18) -> 1551
B24: 10.30 - 10.45 | C24: 21 | D24: 3 | E24: 5 | F24: 14 | G24: 0 | H24: 1 | I24: 6 | J24: 7 | K24: 0 | L24: 0 | M24: 250 | N24: 0 | O24: =SUM(C24:L24,N24) -> 57 | P24: =SUM(C24:N24) -> 307 | R24: PM Peak Hr | S24: =MAX(S19:S21) -> 210 | T24: =MAX(T19:T21) -> 28 | U24: =MAX(U19:U21) -> 16 | V24: =MAX(V19:V21) -> 65 | W24: =MAX(W19:W21) -> 3 | X24: =MAX(X19:X21) -> 0 | Y24: =MAX(Y19:Y21) -> 20 | Z24: =MAX(Z19:Z21) -> 17 | ... AF24: =MAX(AF19:AF21) -> 1363
B25: 10.45 - 11.00 | C25: 22 | D25: 2 | E25: 3 | F25: 20 | G25: 0 | H25: 0 | I25: 5 | J25: 2 | K25: 0 | L25: 0 | M25: 210 | N25: 0 | O25: =SUM(C25:L25,N25) -> 54 | P25: =SUM(C25:N25) -> 264 | R25: AM Period | S25: =SUM(S10:S12) -> 280 | T25: =SUM(T10:T12) -> 45 | U25: =SUM(U10:U12) -> 29 | V25: =SUM(V10:V12) -> 206 | W25: =SUM(W10:W12) -> 3 | X25: =SUM(X10:X12) -> 0 | Y25: =SUM(Y10:Y12) -> 48 | Z25: =SUM(Z10:Z12) -> 29 | ... AF25: =SUM(AF10:AF12) -> 3103
B26: 11.00 - 11.15 | C26: 26 | D26: 2 | E26: 5 | F26: 17 | G26: 1 | H26: 0 | I26: 5 | J26: 5 | K26: 0 | L26: 1 | M26: 206 | N26: 0 | O26: =SUM(C26:L26,N26) -> 62 | P26: =SUM(C26:N26) -> 268 | R26: IP Period | S26: =SUM(S13:S18) -> 756 | T26: =SUM(T13:T18) -> 125 | U26: =SUM(U13:U18) -> 103 | V26: =SUM(V13:V18) -> 279 | W26: =SUM(W13:W18) -> 11 | X26: =SUM(X13:X18) -> 3 | Y26: =SUM(Y13:Y18) -> 169 | Z26: =SUM(Z13:Z18) -> 115 | ... AF26: =SUM(AF13:AF18) -> 7539
B27: 11.15 - 11.30 | C27: 36 | D27: 5 | E27: 7 | F27: 14 | G27: 0 | H27: 0 | I27: 9 | J27: 9 | K27: 0 | L27: 0 | M27: 245 | N27: 1 | O27: =SUM(C27:L27,N27) -> 81 | P27: =SUM(C27:N27) -> 326 | R27: PM Period | S27: =SUM(S19:S21) -> 541 | T27: =SUM(T19:T21) -> 62 | U27: =SUM(U19:U21) -> 44 | V27: =SUM(V19:V21) -> 173 | W27: =SUM(W19:W21) -> 4 | X27: =SUM(X19:X21) -> 0 | Y27: =SUM(Y19:Y21) -> 43 | Z27: =SUM(Z19:Z21) -> 45 | ... AF27: =SUM(AF19:AF21) -> 3521
B28: 11.30 - 11.45 | C28: 25 | D28: 7 | E28: 6 | F28: 14 | G28: 0 | H28: 0 | I28: 7 | J28: 5 | K28: 0 | L28: 0 | M28: 250 | N28: 0 | O28: =SUM(C28:L28,N28) -> 64 | P28: =SUM(C28:N28) -> 314 | R28: 12 Hours | S28: =SUM(S10:S21) -> 1577 | T28: =SUM(T10:T21) -> 232 | U28: =SUM(U10:U21) -> 176 | V28: =SUM(V10:V21) -> 658 | W28: =SUM(W10:W21) -> 18 | X28: =SUM(X10:X21) -> 3 | Y28: =SUM(Y10:Y21) -> 260 | Z28: =SUM(Z10:Z21) -> 189 | ... AF28: =SUM(AF10:AF21) -> 14163
B29: 11.45 - 12.00 | C29: 35 | D29: 5 | E29: 1 | F29: 13 | G29: 0 | H29: 0 | I29: 19 | J29: 4 | K29: 1 | L29: 2 | M29: 273 | N29: 0 | O29: =SUM(C29:L29,N29) -> 80 | P29: =SUM(C29:N29) -> 353
B30: 12.00 - 12.15 | C30: 26 | D30: 2 | E30: 6 | F30: 13 | G30: 0 | H30: 0 | I30: 4 | J30: 4 | K30: 1 | L30: 0 | M30: 270 | N30: 0 | O30: =SUM(C30:L30,N30) -> 56 | P30: =SUM(C30:N30) -> 326
B31: 12.15 - 12.30 | C31: 34 | D31: 11 | E31: 6 | F31: 12 | G31: 0 | H31: 0 | I31: 10 | J31: 6 | K31: 0 | L31: 0 | M31: 265 | N31: 0 | O31: =SUM(C31:L31,N31) -> 79 | P31: =SUM(C31:N31) -> 344
B32: 12.30 - 12.45 | C32: 35 | D32: 7 | E32: 8 | F32: 10 | G32: 0 | H32: 0 | I32: 5 | J32: 7 | K32: 1 | L32: 0 | M32: 330 | N32: 0 | O32: =SUM(C32:L32,N32) -> 73 | P32: =SUM(C32:N32) -> 403
B33: 12.45 - 13.00 | C33: 40 | D33: 7 | E33: 1 | F33: 7 | G33: 1 | H33: 0 | I33: 8 | J33: 4 | K33: 1 | L33: 0 | M33: 271 | N33: 0 | O33: =SUM(C33:L33,N33) -> 69 | P33: =SUM(C33:N33) -> 340
B34: 13.00 - 13.15 | C34: 28 | D34: 3 | E34: 6 | F34: 6 | G34: 3 | H34: 1 | I34: 10 | J34: 7 | K34: 0 | L34: 0 | M34: 182 | N34: 0 | O34: =SUM(C34:L34,N34) -> 64 | P34: =SUM(C34:N34) -> 246
B35: 13.15 - 13.30 | C35: 39 | D35: 2 | E35: 4 | F35: 15 | G35: 0 | H35: 0 | I35: 9 | J35: 6 | K35: 0 | L35: 1 | M35: 285 | N35: 0 | O35: =SUM(C35:L35,N35) -> 76 | P35: =SUM(C35:N35) -> 361
B36: 13.30 - 13.45 | C36: 36 | D36: 6 | E36: 1 | F36: 9 | G36: 0 | H36: 0 | I36: 7 | J36: 2 | K36: 0 | L36: 0 | M36: 155 | N36: 0 | O36: =SUM(C36:L36,N36) -> 61 | P36: =SUM(C36:N36) -> 216
B37: 13.45 - 14.00 | C37: 32 | D37: 4 | E37: 6 | F37: 11 | G37: 0 | H37: 0 | I37: 3 | J37: 4 | K37: 0 | L37: 0 | M37: 320 | N37: 0 | O37: =SUM(C37:L37,N37) -> 60 | P37: =SUM(C37:N37) -> 380
B38: 14.00 - 14.15 | C38: 48 | D38: 8 | E38: 5 | F38: 7 | G38: 0 | H38: 0 | I38: 5 | J38: 0 | K38: 0 | L38: 2 | M38: 115 | N38: 1 | O38: =SUM(C38:L38,N38) -> 76 | P38: =SUM(C38:N38) -> 191
B39: 14.15 - 14.30 | C39: 42 | D39: 7 | E39: 4 | F39: 7 | G39: 0 | H39: 0 | I39: 4 | J39: 3 | K39: 0 | L39: 1 | M39: 188 | N39: 0 | O39: =SUM(C39:L39,N39) -> 68 | P39: =SUM(C39:N39) -> 256
B40: 14.30 - 14.45 | C40: 16 | D40: 5 | E40: 2 | F40: 12 | G40: 2 | H40: 1 | I40: 5 | J40: 3 | K40: 0 | L40: 0 | M40: 255 | N40: 0 | O40: =SUM(C40:L40,N40) -> 46 | P40: =SUM(C40:N40) -> 301
... B57: 18.45 - 19.00 | C57: 42 | D57: 4 | E57: 5 | F57: 7 | G57: 0 | H57: 0 | I57: 3 | J57: 7 | K57: 2 | L57: 2 | M57: 173 | N57: 0 | O57: =SUM(C57:L57,N57) -> 72 | P57: =SUM(C57:N57) -> 245
B58: Totals | C58: =SUM(C10:C57) -> 1577 | D58: =SUM(D10:D57) -> 232 | E58: =SUM(E10:E57) -> 176 | F58: =SUM(F10:F57) -> 658 | G58: =SUM(G10:G57) -> 18 | H58: =SUM(H10:H57) -> 3 | I58: =SUM(I10:I57) -> 260 | J58: =SUM(J10:J57) -> 189 | ... P58: =SUM(P10:P57) -> 14163
B59: %ges + MCs | C59: =C58/$P$58 -> 0.11134647 | D59: =D58/$P$58 -> 0.01638071 | E59: =E58/$P$58 -> 0.012426746 | F59: =F58/$P$58 -> 0.046459084 | G59: =G58/$P$58 -> 0.0012709172 | H59: =H58/$P$58 -> 0.00021181953 | I59: =I58/$P$58 -> 0.018357693 | J59: =J58/$P$58 -> 0.01334463 | ... N59: =N58/$P$58 -> 0.00014121302
B60: %ges w/o MCs | C60: =C58/$O$58 -> 0.49952487 | D60: =D58/$O$58 -> 0.073487488 | E60: =E58/$O$58 -> 0.055749129 | F60: =F58/$O$58 -> 0.20842572 | G60: =G58/$O$58 -> 0.0057016155 | H60: =H58/$O$58 -> 0.00095026924 | I60: =I58/$O$58 -> 0.082356668 | J60: =J58/$O$58 -> 0.059866962 | ... L60: =L58/$O$58 -> 0.0069686411 | N60: =N58/$O$58 -> 0.00063351283

Sheet 25.07 Ndeeba-Lubiri
B1: Consultancy services for Preparation of Expressway Development Master Plan (EDMP) for Uganda
B2: MANUAL CLASSIFIED COUNT (MCC)
B3: ROAD NAME: | C3: ='22.07 Ndeeba-Lubiri'!C3:G3 -> MCC - C1 - STN03- KALINDA ROAD
C5: Date | D5: ='25.07 Lubiri-Ndeeba'!D5 -> 25.07.19 | F5: Location | G5: ='25.07 Lubiri-Ndeeba'!G5:H5 -> Before Shell | J5: Surveyor | K5: Kizito Geofrey
C6: Dir. From | D6: ='22.07 Ndeeba-Lubiri'!D6:E6 -> Ndeeba | F6: Dir. To | G6: ='22.07 Ndeeba-Lubiri'!G6:H6 -> Lubiri | J6: Supervisor | K6: ='25.07 Lubiri-Ndeeba'!K6:L6 -> Denis
B8: Time / Veh Type | R8: SUMMARY TRAFFIC VOLUMES
C9: 1. Car | D9: 2. Station Wagon | E9: 3. Pickups | F9: 4. Minibus, matatu | G9: 5. Medium bus | H9: 6. Large Bus | I9: 7. Light Truck | J9: 8. Medium Truck | K9: 9. Heavy truck | L9: 10. Truck Trailer | M9: 11. Motor cycles | N9: 12. Tractors | O9: Total Excl M/Cycles | P9: Total All | R9: Time | S9: 1. Car | T9: 2. Station Wagon | U9: 3. Pickups | V9: 4. Minibus, matatu | W9: 5. Medium bus | X9: 6. Large Bus | Y9: 7. Light Truck | Z9: 8. Medium Truck | AA9: 9. Heavy truck | AB9: 10. Truck Trailer | AC9: 11. Motorcycles | AD9: 12. Tractors, Graders | AE9: Total Excl M/ Cycles | AF9: Total All
B10: 07.00 - 07.15 | C10: 160 | D10: 16 | E10: 9 | F10: 73 | G10: 0 | H10: 0 | I10: 6 | J10: 2 | K10: 0 | L10: 0 | M10: 195 | N10: 0 | O10: =SUM(C10:L10,N10) -> 266 | P10: =SUM(C10:N10) -> 461 | R10: 0700-0800 | S10: =SUM(C10:C13) -> 586 | T10: =SUM(D10:D13) -> 67 | U10: =SUM(E10:E13) -> 44 | V10: =SUM(F10:F13) -> 239 | W10: =SUM(G10:G13) -> 1 | X10: =SUM(H10:H13) -> 0 | Y10: =SUM(I10:I13) -> 28 | Z10: =SUM(J10:J13) -> 6 | ... AF10: =SUM(P10:P13) -> 2165
B11: 07.15 - 07.30 | C11: 161 | D11: 18 | E11: 13 | F11: 60 | G11: 1 | H11: 0 | I11: 8 | J11: 0 | K11: 2 | L11: 250 | M11: 250 | N11: 0 | O11: =SUM(C11:L11,N11) -> 513 | P11: =SUM(C11:N11) -> 763 | R11: 0800-0900 | S11: =SUM(C14:C17) -> 551 | T11: =SUM(D14:D17) -> 40 | U11: =SUM(E14:E17) -> 41 | V11: =SUM(F14:F17) -> 110 | W11: =SUM(G14:G17) -> 3 | X11: =SUM(H14:H17) -> 0 | Y11: =SUM(I14:I17) -> 23 | Z11: =SUM(J14:J17) -> 9 | ... AF11: =SUM(P14:P17) -> 1700
B12: 07.30 - 07.45 | C12: 130 | D12: 21 | E12: 15 | F12: 60 | G12: 0 | H12: 0 | I12: 7 | J12: 3 | K12: 6 | L12: 0 | M12: 195 | N12: 0 | O12: =SUM(C12:L12,N12) -> 242 | P12: =SUM(C12:N12) -> 437 | R12: 0900-1000 | S12: =SUM(C18:C21) -> 473 | T12: =SUM(D18:D21) -> 30 | U12: =SUM(E18:E21) -> 29 | V12: =SUM(F18:F21) -> 56 | W12: =SUM(G18:G21) -> 0 | X12: =SUM(H18:H21) -> 0 | Y12: =SUM(I18:I21) -> 27 | Z12: =SUM(J18:J21) -> 16 | ... AF12: =SUM(P18:P21) -> 1440
B13: 07.45 - 08.00 | C13: 135 | D13: 12 | E13: 7 | F13: 46 | G13: 0 | H13: 0 | I13: 7 | J13: 1 | K13: 1 | L13: 0 | M13: 295 | N13: 0 | O13: =SUM(C13:L13,N13) -> 209 | P13: =SUM(C13:N13) -> 504 | R13: 1000-1100 | S13: =SUM(C22:C25) -> 325 | T13: =SUM(D22:D25) -> 44 | U13: =SUM(E22:E25) -> 32 | V13: =SUM(F22:F25) -> 23 | W13: =SUM(G22:G25) -> 4 | X13: =SUM(H22:H25) -> 0 | Y13: =SUM(I22:I25) -> 36 | Z13: =SUM(J22:J25) -> 8 | ... AF13: =SUM(P22:P25) -> 1328
B14: 08.00 - 08.15 | C14: 125 | D14: 12 | E14: 10 | F14: 35 | G14: 2 | H14: 0 | I14: 6 | J14: 0 | K14: 0 | L14: 1 | M14: 216 | N14: 0 | O14: =SUM(C14:L14,N14) -> 191 | P14: =SUM(C14:N14) -> 407 | R14: 1100-1200 | S14: =SUM(C26:C29) -> 315 | T14: =SUM(D26:D29) -> 29 | U14: =SUM(E26:E29) -> 28 | V14: =SUM(F26:F29) -> 23 | W14: =SUM(G26:G29) -> 0 | X14: =SUM(H26:H29) -> 0 | Y14: =SUM(I26:I29) -> 20 | Z14: =SUM(J26:J29) -> 16 | ... AF14: =SUM(P26:P29) -> 1310
B15: 08.15 - 08.30 | C15: 140 | D15: 11 | E15: 13 | F15: 32 | G15: 0 | H15: 0 | I15: 9 | J15: 0 | K15: 0 | L15: 0 | M15: 220 | N15: 0 | O15: =SUM(C15:L15,N15) -> 205 | P15: =SUM(C15:N15) -> 425 | R15: 1200-1300 | S15: =SUM(C30:C33) -> 173 | T15: =SUM(D30:D33) -> 21 | U15: =SUM(E30:E33) -> 28 | V15: =SUM(F30:F33) -> 18 | W15: =SUM(G30:G33) -> 0 | X15: =SUM(H30:H33) -> 0 | Y15: =SUM(I30:I33) -> 19 | Z15: =SUM(J30:J33) -> 11 | ... AF15: =SUM(P30:P33) -> 1192
B16: 08.30 - 08.45 | C16: 141 | D16: 11 | E16: 8 | F16: 29 | G16: 1 | H16: 0 | I16: 6 | J16: 6 | K16: 0 | L16: 0 | M16: 235 | N16: 0 | O16: =SUM(C16:L16,N16) -> 202 | P16: =SUM(C16:N16) -> 437 | R16: 1300-1400 | S16: =SUM(C34:C37) -> 130 | T16: =SUM(D34:D37) -> 21 | U16: =SUM(E34:E37) -> 24 | V16: =SUM(F34:F37) -> 14 | W16: =SUM(G34:G37) -> 0 | X16: =SUM(H34:H37) -> 0 | Y16: =SUM(I34:I37) -> 20 | Z16: =SUM(J34:J37) -> 5 | ... AF16: =SUM(P34:P37) -> 1205
B17: 08.45 - 9.00 | C17: 145 | D17: 6 | E17: 10 | F17: 14 | G17: 0 | H17: 0 | I17: 2 | J17: 3 | K17: 0 | L17: 1 | M17: 250 | N17: 0 | O17: =SUM(C17:L17,N17) -> 181 | P17: =SUM(C17:N17) -> 431 | R17: 1400-1500 | S17: =SUM(C38:C41) -> 177 | T17: =SUM(D38:D41) -> 20 | U17: =SUM(E38:E41) -> 15 | V17: =SUM(F38:F41) -> 37 | W17: =SUM(G38:G41) -> 2 | X17: =SUM(H38:H41) -> 1 | Y17: =SUM(I38:I41) -> 14 | Z17: =SUM(J38:J41) -> 9 | ... AF17: =SUM(P38:P41) -> 1130
B18: 09.00 - 09.15 | C18: 128 | D18: 11 | E18: 6 | F18: 27 | G18: 0 | H18: 0 | I18: 5 | J18: 1 | K18: 0 | L18: 1 | M18: 175 | N18: 0 | O18: =SUM(C18:L18,N18) -> 179 | P18: =SUM(C18:N18) -> 354 | R18: 1500-1600 | S18: =SUM(C42:C45) -> 276 | T18: =SUM(D42:D45) -> 21 | U18: =SUM(E42:E45) -> 31 | V18: =SUM(F42:F45) -> 30 | W18: =SUM(G42:G45) -> 0 | X18: =SUM(H42:H45) -> 0 | Y18: =SUM(I42:I45) -> 22 | Z18: =SUM(J42:J45) -> 12 | ... AF18: =SUM(P42:P45) -> 1325
B19: 09.15 - 09.30 | C19: 125 | D19: 7 | E19: 10 | F19: 10 | G19: 0 | H19: 0 | I19: 8 | J19: 7 | K19: 1 | L19: 0 | M19: 220 | N19: 0 | O19: =SUM(C19:L19,N19) -> 168 | P19: =SUM(C19:N19) -> 388 | R19: 1600-1700 | S19: =SUM(C46:C49) -> 222 | T19: =SUM(D46:D49) -> 26 | U19: =SUM(E46:E49) -> 20 | V19: =SUM(F46:F49) -> 18 | W19: =SUM(G46:G49) -> 1 | X19: =SUM(H46:H49) -> 0 | Y19: =SUM(I46:I49) -> 15 | Z19: =SUM(J46:J49) -> 17 | ... AF19: =SUM(P46:P49) -> 1017
B20: 09.30 - 09.45 | C20: 100 | D20: 4 | E20: 8 | F20: 9 | G20: 0 | H20: 0 | I20: 5 | J20: 1 | K20: 0 | L20: 0 | M20: 210 | N20: 0 | O20: =SUM(C20:L20,N20) -> 127 | P20: =SUM(C20:N20) -> 337 | R20: 1700-1800 | S20: =SUM(C50:C53) -> 425 | T20: =SUM(D50:D53) -> 50 | U20: =SUM(E50:E53) -> 18 | V20: =SUM(F50:F53) -> 15 | W20: =SUM(G50:G53) -> 1 | X20: =SUM(H50:H53) -> 0 | Y20: =SUM(I50:I53) -> 24 | Z20: =SUM(J50:J53) -> 15 | ... AF20: =SUM(P50:P53) -> 1453
B21: 09.45 - 10.00 | C21: 120 | D21: 8 | E21: 5 | F21: 10 | G21: 0 | H21: 0 | I21: 9 | J21: 7 | K21: 0 | L21: 2 | M21: 200 | N21: 0 | O21: =SUM(C21:L21,N21) -> 161 | P21: =SUM(C21:N21) -> 361 | R21: 1800-1900 | S21: =SUM(C54:C57) -> 488 | T21: =SUM(D54:D57) -> 35 | U21: =SUM(E54:E57) -> 17 | V21: =SUM(F54:F57) -> 31 | W21: =SUM(G54:G57) -> 1 | X21: =SUM(H54:H57) -> 2 | Y21: =SUM(I54:I57) -> 14 | Z21: =SUM(J54:J57) -> 15 | ... AF21: =SUM(P54:P57) -> 1527
B22: 10.00 - 10.15 | C22: 90 | D22: 12 | E22: 14 | F22: 5 | G22: 2 | H22: 0 | I22: 7 | J22: 1 | K22: 3 | L22: 0 | M22: 210 | N22: 0 | O22: =SUM(C22:L22,N22) -> 134 | P22: =SUM(C22:N22) -> 344 | R22: AM Peak Hr | S22: =MAX(S10:S12) -> 586 | T22: =MAX(T10:T12) -> 67 | U22: =MAX(U10:U12) -> 44 | V22: =MAX(V10:V12) -> 239 | W22: =MAX(W10:W12) -> 3 | X22: =MAX(X10:X12) -> 0 | Y22: =MAX(Y10:Y12) -> 28 | Z22: =MAX(Z10:Z12) -> 16 | ... AF22: =MAX(AF10:AF12) -> 2165
B23: 10.15 - 10.30 | C23: 75 | D23: 8 | E23: 5 | F23: 8 | G23: 0 | H23: 0 | I23: 10 | J23: 2 | K23: 2 | L23: 0 | M23: 225 | N23: 0 | O23: =SUM(C23:L23,N23) -> 110 | P23: =SUM(C23:N23) -> 335 | R23: IP Peak Hr | S23: =MAX(S13:S18) -> 325 | T23: =MAX(T13:T18) -> 44 | U23: =MAX(U13:U18) -> 32 | V23: =MAX(V13:V18) -> 37 | W23: =MAX(W13:W18) -> 4 | X23: =MAX(X13:X18) -> 1 | Y23: =MAX(Y13:Y18) -> 36 | Z23: =MAX(Z13:Z18) -> 16 | ... AF23: =MAX(AF13:AF18) -> 1328
B24: 10.30 - 10.45 | C24: 96 | D24: 14 | E24: 4 | F24: 6 | G24: 0 | H24: 0 | I24: 6 | J24: 3 | K24: 0 | L24: 0 | M24: 226 | N24: 0 | O24: =SUM(C24:L24,N24) -> 129 | P24: =SUM(C24:N24) -> 355 | R24: PM Peak Hr | S24: =MAX(S19:S21) -> 488 | T24: =MAX(T19:T21) -> 50 | U24: =MAX(U19:U21) -> 20 | V24: =MAX(V19:V21) -> 31 | W24: =MAX(W19:W21) -> 1 | X24: =MAX(X19:X21) -> 2 | Y24: =MAX(Y19:Y21) -> 24 | Z24: =MAX(Z19:Z21) -> 17 | ... AF24: =MAX(AF19:AF21) -> 1527
B25: 10.45 - 11.00 | C25: 64 | D25: 10 | E25: 9 | F25: 4 | G25: 2 | H25: 0 | I25: 13 | J25: 2 | K25: 0 | L25: 0 | M25: 190 | N25: 0 | O25: =SUM(C25:L25,N25) -> 104 | P25: =SUM(C25:N25) -> 294 | R25: AM Period | S25: =SUM(S10:S12) -> 1610 | T25: =SUM(T10:T12) -> 137 | U25: =SUM(U10:U12) -> 114 | V25: =SUM(V10:V12) -> 405 | W25: =SUM(W10:W12) -> 4 | X25: =SUM(X10:X12) -> 0 | Y25: =SUM(Y10:Y12) -> 78 | Z25: =SUM(Z10:Z12) -> 31 | ... AF25: =SUM(AF10:AF12) -> 5305
B26: 11.00 - 11.15 | C26: 85 | D26: 6 | E26: 4 | F26: 6 | G26: 0 | H26: 0 | I26: 8 | J26: 1 | K26: 0 | L26: 0 | M26: 220 | N26: 0 | O26: =SUM(C26:L26,N26) -> 110 | P26: =SUM(C26:N26) -> 330 | R26: IP Period | S26: =SUM(S13:S18) -> 1396 | T26: =SUM(T13:T18) -> 156 | U26: =SUM(U13:U18) -> 158 | V26: =SUM(V13:V18) -> 145 | W26: =SUM(W13:W18) -> 6 | X26: =SUM(X13:X18) -> 1 | Y26: =SUM(Y13:Y18) -> 131 | Z26: =SUM(Z13:Z18) -> 61 | ... AF26: =SUM(AF13:AF18) -> 7490
B27: 11.15 - 11.30 | C27: 95 | D27: 7 | E27: 10 | F27: 9 | G27: 0 | H27: 0 | I27: 7 | J27: 4 | K27: 1 | L27: 1 | M27: 222 | N27: 0 | O27: =SUM(C27:L27,N27) -> 134 | P27: =SUM(C27:N27) -> 356 | R27: PM Period | S27: =SUM(S19:S21) -> 1135 | T27: =SUM(T19:T21) -> 111 | U27: =SUM(U19:U21) -> 55 | V27: =SUM(V19:V21) -> 64 | W27: =SUM(W19:W21) -> 3 | X27: =SUM(X19:X21) -> 2 | Y27: =SUM(Y19:Y21) -> 53 | Z27: =SUM(Z19:Z21) -> 47 | ... AF27: =SUM(AF19:AF21) -> 3997
B28: 11.30 - 11.45 | C28: 75 | D28: 6 | E28: 7 | F28: 2 | G28: 0 | H28: 0 | I28: 0 | J28: 4 | K28: 0 | L28: 0 | M28: 225 | N28: 0 | O28: =SUM(C28:L28,N28) -> 94 | P28: =SUM(C28:N28) -> 319 | R28: 12 Hours | S28: =SUM(S10:S21) -> 4141 | T28: =SUM(T10:T21) -> 404 | U28: =SUM(U10:U21) -> 327 | V28: =SUM(V10:V21) -> 614 | W28: =SUM(W10:W21) -> 13 | X28: =SUM(X10:X21) -> 3 | Y28: =SUM(Y10:Y21) -> 262 | Z28: =SUM(Z10:Z21) -> 139 | ... AF28: =SUM(AF10:AF21) -> 16792
B29: 11.45 - 12.00 | C29: 60 | D29: 10 | E29: 7 | F29: 6 | G29: 0 | H29: 0 | I29: 5 | J29: 7 | K29: 0 | L29: 0 | M29: 210 | N29: 0 | O29: =SUM(C29:L29,N29) -> 95 | P29: =SUM(C29:N29) -> 305
B30: 12.00 - 12.15 | C30: 79 | D30: 7 | E30: 9 | F30: 3 | G30: 0 | H30: 0 | I30: 1 | J30: 1 | K30: 0 | L30: 1 | M30: 215 | N30: 0 | O30: =SUM(C30:L30,N30) -> 101 | P30: =SUM(C30:N30) -> 316
B31: 12.15 - 12.30 | C31: 29 | D31: 2 | E31: 9 | F31: 4 | G31: 0 | H31: 0 | I31: 4 | J31: 3 | K31: 0 | L31: 0 | M31: 205 | N31: 0 | O31: =SUM(C31:L31,N31) -> 51 | P31: =SUM(C31:N31) -> 256
B32: 12.30 - 12.45 | C32: 32 | D32: 7 | E32: 5 | F32: 8 | G32: 0 | H32: 0 | I32: 7 | J32: 5 | K32: 1 | L32: 0 | M32: 300 | N32: 0 | O32: =SUM(C32:L32,N32) -> 65 | P32: =SUM(C32:N32) -> 365
B33: 12.45 - 13.00 | C33: 33 | D33: 5 | E33: 5 | F33: 3 | G33: 0 | H33: 0 | I33: 7 | J33: 2 | K33: 0 | L33: 0 | M33: 200 | N33: 0 | O33: =SUM(C33:L33,N33) -> 55 | P33: =SUM(C33:N33) -> 255
B34: 13.00 - 13.15 | C34: 36 | D34: 3 | E34: 7 | F34: 5 | G34: 0 | H34: 0 | I34: 4 | J34: 0 | K34: 2 | L34: 0 | M34: 276 | N34: 0 | O34: =SUM(C34:L34,N34) -> 57 | P34: =SUM(C34:N34) -> 333
B35: 13.15 - 13.30 | C35: 31 | D35: 7 | E35: 3 | F35: 2 | G35: 0 | H35: 0 | I35: 6 | J35: 0 | K35: 0 | L35: 0 | M35: 245 | N35: 0 | O35: =SUM(C35:L35,N35) -> 49 | P35: =SUM(C35:N35) -> 294
B36: 13.30 - 13.45 | C36: 40 | D36: 7 | E36: 10 | F36: 4 | G36: 0 | H36: 0 | I36: 6 | J36: 4 | K36: 0 | L36: 0 | M36: 195 | N36: 0 | O36: =SUM(C36:L36,N36) -> 71 | P36: =SUM(C36:N36) -> 266
B37: 13.45 - 14.00 | C37: 23 | D37: 4 | E37: 4 | F37: 3 | G37: 0 | H37: 0 | I37: 4 | J37: 1 | K37: 1 | L37: 2 | M37: 270 | N37: 0 | O37: =SUM(C37:L37,N37) -> 42 | P37: =SUM(C37:N37) -> 312
B38: 14.00 - 14.15 | C38: 20 | D38: 8 | E38: 4 | F38: 8 | G38: 0 | H38: 0 | I38: 2 | J38: 2 | K38: 1 | L38: 1 | M38: 210 | N38: 0 | O38: =SUM(C38:L38,N38) -> 46 | P38: =SUM(C38:N38) -> 256
B39: 14.15 - 14.30 | C39: 55 | D39: 6 | E39: 4 | F39: 7 | G39: 0 | H39: 0 | I39: 8 | J39: 3 | K39: 0 | L39: 0 | M39: 180 | N39: 0 | O39: =SUM(C39:L39,N39) -> 83 | P39: =SUM(C39:N39) -> 263
B40: 14.30 - 14.45 | C40: 66 | D40: 2 | E40: 6 | F40: 9 | G40: 0 | H40: 1 | I40: 3 | J40: 2 | K40: 0 | L40: 0 | M40: 230 | N40: 0 | O40: =SUM(C40:L40,N40) -> 89 | P40: =SUM(C40:N40) -> 319
... B57: 18.45 - 19.00 | C57: 123 | D57: 12 | E57: 6 | F57: 13 | G57: 1 | H57: 1 | I57: 10 | J57: 3 | K57: 0 | L57: 1 | M57: 191 | N57: 0 | O57: =SUM(C57:L57,N57) -> 170 | P57: =SUM(C57:N57) -> 361
B58: Totals | C58: =SUM(C10:C57) -> 4141 | D58: =SUM(D10:D57) -> 404 | E58: =SUM(E10:E57) -> 327 | F58: =SUM(F10:F57) -> 614 | G58: =SUM(G10:G57) -> 13 | H58: =SUM(H10:H57) -> 3 | I58: =SUM(I10:I57) -> 262 | J58: =SUM(J10:J57) -> 139 | ... P58: =SUM(P10:P57) -> 16792
B59: %ges + MCs | C59: =C58/$P$58 -> 0.24660553 | D59: =D58/$P$58 -> 0.024059076 | E59: =E58/$P$58 -> 0.019473559 | F59: =F58/$P$58 -> 0.036565031 | G59: =G58/$P$58 -> 0.00077417818 | H59: =H58/$P$58 -> 0.0001786565 | I59: =I58/$P$58 -> 0.015602668 | J59: =J58/$P$58 -> 0.0082777513 | ... N59: =N58/$P$58 -> 0
B60: %ges w/o MCs | C60: =C58/$O$58 -> 0.66844229 | D60: =D58/$O$58 -> 0.065213882 | E60: =E58/$O$58 -> 0.052784504 | F60: =F58/$O$58 -> 0.099112187 | G60: =G58/$O$58 -> 0.0020984665 | H60: =H58/$O$58 -> 0.0004842615 | I60: =I58/$O$58 -> 0.042292171 | J60: =J58/$O$58 -> 0.02243745 | ... L60: =L58/$O$58 -> 0.042776433 | N60: =N58/$O$58 -> 0

Sheet 26.07 Lubiri-Ndeeba-24h
B1: Consultancy services for Preparation of Expressway Development Master Plan (EDMP) for Uganda
B2: MANUAL CLASSIFIED COUNT (MCC)
B3: ROAD NAME: | C3: ='22.07 Lubiri -Ndeeba'!C3:G3 -> MCC - C1 - STN03- KALINDA ROAD
C5: Date | D5: 26.07.19 | F5: Location | G5: ='25.07 Ndeeba-Lubiri'!G5:H5 -> Before Shell | J5: Surveyor | K5: ='25.07 Ndeeba-Lubiri'!K5:L5 -> Kizito Geofrey
C6: Dir. From | D6: ='22.07 Lubiri -Ndeeba'!D6:E6 -> Lubiri | F6: Dir. To | G6: ='22.07 Lubiri -Ndeeba'!G6:H6 -> Ndeeba | J6: Supervisor | K6: ='25.07 Ndeeba-Lubiri'!K6:L6 -> Denis
B8: Time / Veh Type | R8: SUMMARY TRAFFIC VOLUMES
C9: 1. Car | D9: 2. Station Wagon | E9: 3. Pickups | F9: 4. Minibus, matatu | G9: 5. Medium bus | H9: 6. Large Bus | I9: 7. Light Truck | J9: 8. Medium Truck | K9: 9. Heavy truck | L9: 10. Truck Trailer | M9: 11. Motor cycles | N9: 12. Tractors | O9: Total Excl M/Cycles | P9: Total All | R9: Time | S9: 1. Car | T9: 2. Station Wagon | U9: 3. Pickups | V9: 4. Minibus, matatu | W9: 5. Medium bus | X9: 6. Large Bus | Y9: 7. Light Truck | Z9: 8. Medium Truck | AA9: 9. Heavy truck | AB9: 10. Truck Trailer | AC9: 11. Motorcycles | AD9: 12. Tractors, Graders | AE9: Total Excl M/ Cycles | AF9: Total All
B10: 07.00 - 07.15 | C10: 19 | D10: 2 | E10: 2 | F10: 5 | G10: 0 | H10: 0 | I10: 2 | J10: 1 | K10: 0 | L10: 0 | M10: 70 | N10: 0 | O10: =SUM(C10:L10,N10) -> 31 | P10: =SUM(C10:N10) -> 101 | R10: 0700-0800 | S10: =SUM(C10:C13) -> 81 | T10: =SUM(D10:D13) -> 11 | U10: =SUM(E10:E13) -> 11 | V10: =SUM(F10:F13) -> 55 | W10: =SUM(G10:G13) -> 25 | X10: =SUM(H10:H13) -> 2 | Y10: =SUM(I10:I13) -> 5 | Z10: =SUM(J10:J13) -> 6 | ... AF10: =SUM(P10:P13) -> 643
B11: 07.15 - 07.30 | C11: 19 | D11: 3 | E11: 4 | F11: 19 | G11: 0 | H11: 0 | I11: 0 | J11: 1 | K11: 2 | L11: 0 | M11: 135 | N11: 0 | O11: =SUM(C11:L11,N11) -> 48 | P11: =SUM(C11:N11) -> 183 | R11: 0800-0900 | S11: =SUM(C14:C17) -> 77 | T11: =SUM(D14:D17) -> 8 | U11: =SUM(E14:E17) -> 6 | V11: =SUM(F14:F17) -> 71 | W11: =SUM(G14:G17) -> 3 | X11: =SUM(H14:H17) -> 0 | Y11: =SUM(I14:I17) -> 14 | Z11: =SUM(J14:J17) -> 13 | ... AF11: =SUM(P14:P17) -> 1254
B12: 07.30 - 07.45 | C12: 20 | D12: 1 | E12: 2 | F12: 4 | G12: 24 | H12: 1 | I12: 1 | J12: 4 | K12: 3 | L12: 0 | M12: 115 | N12: 0 | O12: =SUM(C12:L12,N12) -> 60 | P12: =SUM(C12:N12) -> 175 | R12: 0900-1000 | S12: =SUM(C18:C21) -> 94 | T12: =SUM(D18:D21) -> 21 | U12: =SUM(E18:E21) -> 14 | V12: =SUM(F18:F21) -> 79 | W12: =SUM(G18:G21) -> 3 | X12: =SUM(H18:H21) -> 1 | Y12: =SUM(I18:I21) -> 24 | Z12: =SUM(J18:J21) -> 18 | ... AF12: =SUM(P18:P21) -> 1463
B13: 07.45 - 08.00 | C13: 23 | D13: 5 | E13: 3 | F13: 27 | G13: 1 | H13: 1 | I13: 2 | J13: 0 | K13: 0 | L13: 2 | M13: 120 | N13: 0 | O13: =SUM(C13:L13,N13) -> 64 | P13: =SUM(C13:N13) -> 184 | R13: 1000-1100 | S13: =SUM(C22:C25) -> 82 | T13: =SUM(D22:D25) -> 18 | U13: =SUM(E22:E25) -> 15 | V13: =SUM(F22:F25) -> 61 | W13: =SUM(G22:G25) -> 3 | X13: =SUM(H22:H25) -> 0 | Y13: =SUM(I22:I25) -> 28 | Z13: =SUM(J22:J25) -> 19 | ... AF13: =SUM(P22:P25) -> 1443
B14: 08.00 - 08.15 | C14: 17 | D14: 1 | E14: 3 | F14: 17 | G14: 0 | H14: 0 | I14: 4 | J14: 1 | K14: 0 | L14: 0 | M14: 165 | N14: 0 | O14: =SUM(C14:L14,N14) -> 43 | P14: =SUM(C14:N14) -> 208 | R14: 1100-1200 | S14: =SUM(C26:C29) -> 140 | T14: =SUM(D26:D29) -> 20 | U14: =SUM(E26:E29) -> 19 | V14: =SUM(F26:F29) -> 64 | W14: =SUM(G26:G29) -> 0 | X14: =SUM(H26:H29) -> 0 | Y14: =SUM(I26:I29) -> 34 | Z14: =SUM(J26:J29) -> 37 | ... AF14: =SUM(P26:P29) -> 1355
B15: 08.15 - 08.30 | C15: 23 | D15: 2 | E15: 1 | F15: 18 | G15: 0 | H15: 0 | I15: 3 | J15: 5 | K15: 2 | L15: 0 | M15: 335 | N15: 0 | O15: =SUM(C15:L15,N15) -> 54 | P15: =SUM(C15:N15) -> 389 | R15: 1200-1300 | S15: =SUM(C30:C33) -> 137 | T15: =SUM(D30:D33) -> 32 | U15: =SUM(E30:E33) -> 17 | V15: =SUM(F30:F33) -> 62 | W15: =SUM(G30:G33) -> 3 | X15: =SUM(H30:H33) -> 0 | Y15: =SUM(I30:I33) -> 41 | Z15: =SUM(J30:J33) -> 24 | ... AF15: =SUM(P30:P33) -> 1268
B16: 08.30 - 08.45 | C16: 17 | D16: 3 | E16: 1 | F16: 20 | G16: 3 | H16: 0 | I16: 4 | J16: 4 | K16: 0 | L16: 0 | M16: 220 | N16: 0 | O16: =SUM(C16:L16,N16) -> 52 | P16: =SUM(C16:N16) -> 272 | R16: 1300-1400 | S16: =SUM(C34:C37) -> 149 | T16: =SUM(D34:D37) -> 20 | U16: =SUM(E34:E37) -> 13 | V16: =SUM(F34:F37) -> 90 | W16: =SUM(G34:G37) -> 0 | X16: =SUM(H34:H37) -> 0 | Y16: =SUM(I34:I37) -> 14 | Z16: =SUM(J34:J37) -> 25 | ... AF16: =SUM(P34:P37) -> 1333
B17: 08.45 - 9.00 | C17: 20 | D17: 2 | E17: 1 | F17: 16 | G17: 0 | H17: 0 | I17: 3 | J17: 3 | K17: 0 | L17: 0 | M17: 340 | N17: 0 | O17: =SUM(C17:L17,N17) -> 45 | P17: =SUM(C17:N17) -> 385 | R17: 1400-1500 | S17: =SUM(C38:C41) -> 147 | T17: =SUM(D38:D41) -> 38 | U17: =SUM(E38:E41) -> 25 | V17: =SUM(F38:F41) -> 51 | W17: =SUM(G38:G41) -> 0 | X17: =SUM(H38:H41) -> 0 | Y17: =SUM(I38:I41) -> 24 | Z17: =SUM(J38:J41) -> 23 | ... AF17: =SUM(P38:P41) -> 1279
B18: 09.00 - 09.15 | C18: 17 | D18: 5 | E18: 5 | F18: 22 | G18: 0 | H18: 0 | I18: 3 | J18: 3 | K18: 0 | L18: 0 | M18: 210 | N18: 0 | O18: =SUM(C18:L18,N18) -> 55 | P18: =SUM(C18:N18) -> 265 | R18: 1500-1600 | S18: =SUM(C42:C45) -> 160 | T18: =SUM(D42:D45) -> 30 | U18: =SUM(E42:E45) -> 20 | V18: =SUM(F42:F45) -> 66 | W18: =SUM(G42:G45) -> 1 | X18: =SUM(H42:H45) -> 0 | Y18: =SUM(I42:I45) -> 23 | Z18: =SUM(J42:J45) -> 31 | ... AF18: =SUM(P42:P45) -> 1419
B19: 09.15 - 09.30 | C19: 24 | D19: 1 | E19: 2 | F19: 18 | G19: 0 | H19: 1 | I19: 2 | J19: 4 | K19: 1 | L19: 0 | M19: 280 | N19: 0 | O19: =SUM(C19:L19,N19) -> 53 | P19: =SUM(C19:N19) -> 333 | R19: 1600-1700 | S19: =SUM(C46:C49) -> 233 | T19: =SUM(D46:D49) -> 35 | U19: =SUM(E46:E49) -> 14 | V19: =SUM(F46:F49) -> 54 | W19: =SUM(G46:G49) -> 1 | X19: =SUM(H46:H49) -> 1 | Y19: =SUM(I46:I49) -> 25 | Z19: =SUM(J46:J49) -> 20 | ... AF19: =SUM(P46:P49) -> 1256
B20: 09.30 - 09.45 | C20: 30 | D20: 6 | E20: 2 | F20: 17 | G20: 2 | H20: 0 | I20: 6 | J20: 4 | K20: 0 | L20: 0 | M20: 360 | N20: 0 | O20: =SUM(C20:L20,N20) -> 67 | P20: =SUM(C20:N20) -> 427 | R20: 1700-1800 | S20: =SUM(C50:C53) -> 192 | T20: =SUM(D50:D53) -> 30 | U20: =SUM(E50:E53) -> 14 | V20: =SUM(F50:F53) -> 61 | W20: =SUM(G50:G53) -> 2 | X20: =SUM(H50:H53) -> 0 | Y20: =SUM(I50:I53) -> 23 | Z20: =SUM(J50:J53) -> 15 | ... AF20: =SUM(P50:P53) -> 1188
B21: 09.45 - 10.00 | C21: 23 | D21: 9 | E21: 5 | F21: 22 | G21: 1 | H21: 0 | I21: 13 | J21: 7 | K21: 1 | L21: 2 | M21: 355 | N21: 0 | O21: =SUM(C21:L21,N21) -> 83 | P21: =SUM(C21:N21) -> 438 | R21: 1800-1900 | S21: =SUM(C54:C57) -> 158 | T21: =SUM(D54:D57) -> 27 | U21: =SUM(E54:E57) -> 12 | V21: =SUM(F54:F57) -> 64 | W21: =SUM(G54:G57) -> 0 | X21: =SUM(H54:H57) -> 0 | Y21: =SUM(I54:I57) -> 27 | Z21: =SUM(J54:J57) -> 21 | ... AF21: =SUM(P54:P57) -> 1061
B22: 10.00 - 10.15 | C22: 16 | D22: 4 | E22: 2 | F22: 20 | G22: 1 | H22: 0 | I22: 7 | J22: 4 | K22: 3 | L22: 2 | M22: 400 | N22: 0 | O22: =SUM(C22:L22,N22) -> 59 | P22: =SUM(C22:N22) -> 459 | R22: 1900-2000 | S22: =SUM(C58:C61) -> 318 | T22: =SUM(D58:D61) -> 38 | U22: =SUM(E58:E61) -> 24 | V22: =SUM(F58:F61) -> 212 | W22: =SUM(G58:G61) -> 5 | X22: =SUM(H58:H61) -> 1 | Y22: =SUM(I58:I61) -> 21 | Z22: =SUM(J58:J61) -> 12 | ... AF22: =SUM(P58:P61) -> 1562
B23: 10.15 - 10.30 | C23: 24 | D23: 4 | E23: 2 | F23: 13 | G23: 0 | H23: 0 | I23: 5 | J23: 4 | K23: 0 | L23: 1 | M23: 363 | N23: 0 | O23: =SUM(C23:L23,N23) -> 53 | P23: =SUM(C23:N23) -> 416 | R23: 2000-2100 | S23: =SUM(C62:C65) -> 215 | T23: =SUM(D62:D65) -> 51 | U23: =SUM(E62:E65) -> 14 | V23: =SUM(F62:F65) -> 144 | W23: =SUM(G62:G65) -> 0 | X23: =SUM(H62:H65) -> 0 | Y23: =SUM(I62:I65) -> 16 | Z23: =SUM(J62:J65) -> 18 | ... AF23: =SUM(P62:P65) -> 1471
B24: 10.30 - 10.45 | C24: 20 | D24: 7 | E24: 6 | F24: 18 | G24: 2 | H24: 0 | I24: 7 | J24: 6 | K24: 1 | L24: 2 | M24: 250 | N24: 0 | O24: =SUM(C24:L24,N24) -> 69 | P24: =SUM(C24:N24) -> 319 | R24: 2100-2200 | S24: =SUM(C66:C69) -> 194 | T24: =SUM(D66:D69) -> 16 | U24: =SUM(E66:E69) -> 12 | V24: =SUM(F66:F69) -> 142 | W24: =SUM(G66:G69) -> 3 | X24: =SUM(H66:H69) -> 0 | Y24: =SUM(I66:I69) -> 12 | Z24: =SUM(J66:J69) -> 6 | ... AF24: =SUM(P66:P69) -> 935
B25: 10.45 - 11.00 | C25: 22 | D25: 3 | E25: 5 | F25: 10 | G25: 0 | H25: 0 | I25: 9 | J25: 5 | K25: 0 | L25: 0 | M25: 195 | N25: 0 | O25: =SUM(C25:L25,N25) -> 54 | P25: =SUM(C25:N25) -> 249 | R25: 2200-2300 | S25: =SUM(C70:C73) -> 110 | T25: =SUM(D70:D73) -> 17 | U25: =SUM(E70:E73) -> 8 | V25: =SUM(F70:F73) -> 37 | W25: =SUM(G70:G73) -> 0 | X25: =SUM(H70:H73) -> 0 | Y25: =SUM(I70:I73) -> 3 | Z25: =SUM(J70:J73) -> 7 | ... AF25: =SUM(P70:P73) -> 376
B26: 11.00 - 11.15 | C26: 38 | D26: 6 | E26: 6 | F26: 14 | G26: 0 | H26: 0 | I26: 12 | J26: 5 | K26: 0 | L26: 1 | M26: 270 | N26: 0 | O26: =SUM(C26:L26,N26) -> 82 | P26: =SUM(C26:N26) -> 352 | R26: 2300-0000 | S26: =SUM(C74:C77) -> 73 | T26: =SUM(D74:D77) -> 10 | U26: =SUM(E74:E77) -> 4 | V26: =SUM(F74:F77) -> 22 | W26: =SUM(G74:G77) -> 3 | X26: =SUM(H74:H77) -> 2 | Y26: =SUM(I74:I77) -> 5 | Z26: =SUM(J74:J77) -> 4 | ... AF26: =SUM(P74:P77) -> 270
B27: 11.15 - 11.30 | C27: 25 | D27: 3 | E27: 6 | F27: 25 | G27: 0 | H27: 0 | I27: 9 | J27: 10 | K27: 1 | L27: 1 | M27: 270 | N27: 1 | O27: =SUM(C27:L27,N27) -> 81 | P27: =SUM(C27:N27) -> 351 | R27: 0000-0100 | S27: =SUM(C78:C81) -> 40 | T27: =SUM(D78:D81) -> 3 | U27: =SUM(E78:E81) -> 1 | V27: =SUM(F78:F81) -> 9 | W27: =SUM(G78:G81) -> 1 | X27: =SUM(H78:H81) -> 0 | Y27: =SUM(I78:I81) -> 7 | Z27: =SUM(J78:J81) -> 3 | ... AF27: =SUM(P78:P81) -> 117
B28: 11.30 - 11.45 | C28: 34 | D28: 4 | E28: 3 | F28: 12 | G28: 0 | H28: 0 | I28: 5 | J28: 7 | K28: 0 | L28: 0 | M28: 265 | N28: 0 | O28: =SUM(C28:L28,N28) -> 65 | P28: =SUM(C28:N28) -> 330 | R28: 0100-0200 | S28: =SUM(C82:C85) -> 11 | T28: =SUM(D82:D85) -> 2 | U28: =SUM(E82:E85) -> 0 | V28: =SUM(F82:F85) -> 1 | W28: =SUM(G82:G85) -> 0 | X28: =SUM(H82:H85) -> 0 | Y28: =SUM(I82:I85) -> 1 | Z28: =SUM(J82:J85) -> 3 | ... AF28: =SUM(P82:P85) -> 39
B29: 11.45 - 12.00 | C29: 43 | D29: 7 | E29: 4 | F29: 13 | G29: 0 | H29: 0 | I29: 8 | J29: 15 | K29: 0 | L29: 2 | M29: 230 | N29: 0 | O29: =SUM(C29:L29,N29) -> 92 | P29: =SUM(C29:N29) -> 322 | R29: 0200-0300 | S29: =SUM(C86:C89) -> 12 | T29: =SUM(D86:D89) -> 3 | U29: =SUM(E86:E89) -> 0 | V29: =SUM(F86:F89) -> 0 | W29: =SUM(G86:G89) -> 0 | X29: =SUM(H86:H89) -> 0 | Y29: =SUM(I86:I89) -> 0 | Z29: =SUM(J86:J89) -> 2 | ... AF29: =SUM(P86:P89) -> 34
B30: 12.00 - 12.15 | C30: 29 | D30: 6 | E30: 5 | F30: 14 | G30: 1 | H30: 0 | I30: 10 | J30: 8 | K30: 1 | L30: 1 | M30: 210 | N30: 0 | O30: =SUM(C30:L30,N30) -> 75 | P30: =SUM(C30:N30) -> 285 | R30: 0300-0400 | S30: =SUM(C90:C93) -> 11 | T30: =SUM(D90:D93) -> 0 | U30: =SUM(E90:E93) -> 0 | V30: =SUM(F90:F93) -> 0 | W30: =SUM(G90:G93) -> 0 | X30: =SUM(H90:H93) -> 0 | Y30: =SUM(I90:I93) -> 1 | Z30: =SUM(J90:J93) -> 0 | ... AF30: =SUM(P90:P93) -> 22
B31: 12.15 - 12.30 | C31: 35 | D31: 7 | E31: 4 | F31: 18 | G31: 0 | H31: 0 | I31: 6 | J31: 5 | K31: 0 | L31: 1 | M31: 282 | N31: 1 | O31: =SUM(C31:L31,N31) -> 77 | P31: =SUM(C31:N31) -> 359 | R31: 0400-0500 | S31: =SUM(C94:C97) -> 11 | T31: =SUM(D94:D97) -> 2 | U31: =SUM(E94:E97) -> 3 | V31: =SUM(F94:F97) -> 0 | W31: =SUM(G94:G97) -> 0 | X31: =SUM(H94:H97) -> 0 | Y31: =SUM(I94:I97) -> 0 | Z31: =SUM(J94:J97) -> 1 | ... AF31: =SUM(P94:P97) -> 41
B32: 12.30 - 12.45 | C32: 36 | D32: 11 | E32: 6 | F32: 20 | G32: 1 | H32: 0 | I32: 16 | J32: 4 | K32: 3 | L32: 1 | M32: 215 | N32: 0 | O32: =SUM(C32:L32,N32) -> 98 | P32: =SUM(C32:N32) -> 313 | R32: 0500-0600 | S32: =SUM(C98:C101) -> 18 | T32: =SUM(D98:D101) -> 5 | U32: =SUM(E98:E101) -> 1 | V32: =SUM(F98:F101) -> 6 | W32: =SUM(G98:G101) -> 0 | X32: =SUM(H98:H101) -> 0 | Y32: =SUM(I98:I101) -> 4 | Z32: =SUM(J98:J101) -> 3 | ... AF32: =SUM(P98:P101) -> 65
B33: 12.45 - 13.00 | C33: 37 | D33: 8 | E33: 2 | F33: 10 | G33: 1 | H33: 0 | I33: 9 | J33: 7 | K33: 1 | L33: 0 | M33: 236 | N33: 0 | O33: =SUM(C33:L33,N33) -> 75 | P33: =SUM(C33:N33) -> 311 | R33: 0600-0700 | S33: =SUM(C102:C105) -> 52 | T33: =SUM(D102:D105) -> 11 | U33: =SUM(E102:E105) -> 4 | V33: =SUM(F102:F105) -> 17 | W33: =SUM(G102:G105) -> 0 | X33: =SUM(H102:H105) -> 0 | Y33: =SUM(I102:I105) -> 13 | Z33: =SUM(J102:J105) -> 3 | ... AF33: =SUM(P102:P105) -> 185
B34: 13.00 - 13.15 | C34: 32 | D34: 3 | E34: 1 | F34: 21 | G34: 0 | H34: 0 | I34: 5 | J34: 4 | K34: 1 | L34: 0 | M34: 265 | N34: 0 | O34: =SUM(C34:L34,N34) -> 67 | P34: =SUM(C34:N34) -> 332 | R34: AM Peak Hr | S34: =MAX(S10:S12) -> 94 | T34: =MAX(T10:T12) -> 21 | U34: =MAX(U10:U12) -> 14 | V34: =MAX(V10:V12) -> 79 | W34: =MAX(W10:W12) -> 25 | X34: =MAX(X10:X12) -> 2 | Y34: =MAX(Y10:Y12) -> 24 | Z34: =MAX(Z10:Z12) -> 18 | ... AF34: =MAX(AF10:AF12) -> 1463
B35: 13.15 - 13.30 | C35: 42 | D35: 4 | E35: 5 | F35: 31 | G35: 0 | H35: 0 | I35: 4 | J35: 8 | K35: 3 | L35: 1 | M35: 237 | N35: 0 | O35: =SUM(C35:L35,N35) -> 98 | P35: =SUM(C35:N35) -> 335 | R35: IP Peak Hr | S35: =MAX(S13:S18) -> 160 | T35: =MAX(T13:T18) -> 38 | U35: =MAX(U13:U18) -> 25 | V35: =MAX(V13:V18) -> 90 | W35: =MAX(W13:W18) -> 3 | X35: =MAX(X13:X18) -> 0 | Y35: =MAX(Y13:Y18) -> 41 | Z35: =MAX(Z13:Z18) -> 37 | ... AF35: =MAX(AF13:AF18) -> 1443
B36: 13.30 - 13.45 | C36: 37 | D36: 5 | E36: 3 | F36: 28 | G36: 0 | H36: 0 | I36: 2 | J36: 12 | K36: 0 | L36: 2 | M36: 373 | N36: 0 | O36: =SUM(C36:L36,N36) -> 89 | P36: =SUM(C36:N36) -> 462 | R36: PM Peak Hr | S36: =MAX(S19:S21) -> 233 | T36: =MAX(T19:T21) -> 35 | U36: =MAX(U19:U21) -> 14 | V36: =MAX(V19:V21) -> 64 | W36: =MAX(W19:W21) -> 2 | X36: =MAX(X19:X21) -> 1 | Y36: =MAX(Y19:Y21) -> 27 | Z36: =MAX(Z19:Z21) -> 21 | ... AF36: =MAX(AF19:AF21) -> 1256
B37: 13.45 - 14.00 | C37: 38 | D37: 8 | E37: 4 | F37: 10 | G37: 0 | H37: 0 | I37: 3 | J37: 1 | K37: 0 | L37: 0 | M37: 140 | N37: 0 | O37: =SUM(C37:L37,N37) -> 64 | P37: =SUM(C37:N37) -> 204 | R37: AM Period | S37: =SUM(S10:S12) -> 252 | T37: =SUM(T10:T12) -> 40 | U37: =SUM(U10:U12) -> 31 | V37: =SUM(V10:V12) -> 205 | W37: =SUM(W10:W12) -> 31 | X37: =SUM(X10:X12) -> 3 | Y37: =SUM(Y10:Y12) -> 43 | Z37: =SUM(Z10:Z12) -> 37 | ... AF37: =SUM(AF10:AF12) -> 3360
B38: 14.00 - 14.15 | C38: 29 | D38: 8 | E38: 3 | F38: 18 | G38: 0 | H38: 0 | I38: 5 | J38: 6 | K38: 0 | L38: 0 | M38: 175 | N38: 0 | O38: =SUM(C38:L38,N38) -> 69 | P38: =SUM(C38:N38) -> 244 | R38: IP Period | S38: =SUM(S13:S18) -> 815 | T38: =SUM(T13:T18) -> 158 | U38: =SUM(U13:U18) -> 109 | V38: =SUM(V13:V18) -> 394 | W38: =SUM(W13:W18) -> 7 | X38: =SUM(X13:X18) -> 0 | Y38: =SUM(Y13:Y18) -> 164 | Z38: =SUM(Z13:Z18) -> 159 | ... AF38: =SUM(AF13:AF18) -> 8097
B39: 14.15 - 14.30 | C39: 47 | D39: 11 | E39: 5 | F39: 11 | G39: 0 | H39: 0 | I39: 7 | J39: 4 | K39: 0 | L39: 1 | M39: 250 | N39: 0 | O39: =SUM(C39:L39,N39) -> 86 | P39: =SUM(C39:N39) -> 336 | R39: PM Period | S39: =SUM(S19:S21) -> 583 | T39: =SUM(T19:T21) -> 92 | U39: =SUM(U19:U21) -> 40 | V39: =SUM(V19:V21) -> 179 | W39: =SUM(W19:W21) -> 3 | X39: =SUM(X19:X21) -> 1 | Y39: =SUM(Y19:Y21) -> 75 | Z39: =SUM(Z19:Z21) -> 56 | ... AF39: =SUM(AF19:AF21) -> 3505
B40: 14.30 - 14.45 | C40: 31 | D40: 11 | E40: 7 | F40: 13 | G40: 0 | H40: 0 | I40: 9 | J40: 8 | K40: 0 | L40: 0 | M40: 310 | N40: 0 | O40: =SUM(C40:L40,N40) -> 79 | P40: =SUM(C40:N40) -> 389 | R40: 12 Hours | S40: =SUM(S10:S21) -> 1650 | T40: =SUM(T10:T21) -> 290 | U40: =SUM(U10:U21) -> 180 | V40: =SUM(V10:V21) -> 778 | W40: =SUM(W10:W21) -> 41 | X40: =SUM(X10:X21) -> 4 | Y40: =SUM(Y10:Y21) -> 282 | Z40: =SUM(Z10:Z21) -> 252 | ... AF40: =SUM(AF10:AF21) -> 14962
B41: 14.45 - 15.00 | C41: 40 | D41: 8 | E41: 10 | F41: 9 | G41: 0 | H41: 0 | I41: 3 | J41: 5 | K41: 0 | L41: 0 | M41: 235 | N41: 0 | O41: =SUM(C41:L41,N41) -> 75 | P41: =SUM(C41:N41) -> 310 | R41: 24 Hrs/ADT | S41: =SUM(S10:S33) -> 2715 | T41: =SUM(T10:T33) -> 448 | U41: =SUM(U10:U33) -> 251 | V41: =SUM(V10:V33) -> 1368 | W41: =SUM(W10:W33) -> 53 | X41: =SUM(X10:X33) -> 7 | Y41: =SUM(Y10:Y33) -> 365 | Z41: =SUM(Z10:Z33) -> 314 | ... AF41: =SUM(AF10:AF33) -> 20079
B42: 15.00 - 15.15 | C42: 35 | D42: 4 | E42: 2 | F42: 18 | G42: 0 | H42: 0 | I42: 7 | J42: 6 | K42: 0 | L42: 0 | M42: 125 | N42: 0 | O42: =SUM(C42:L42,N42) -> 72 | P42: =SUM(C42:N42) -> 197 | R42: NEF | S42: =S41/S40 -> 1.6454545 | T42: =T41/T40 -> 1.5448276 | U42: =U41/U40 -> 1.3944444 | V42: =V41/V40 -> 1.7583548 | W42: =W41/W40 -> 1.2926829 | X42: =X41/X40 -> 1.75 | Y42: =Y41/Y40 -> 1.2943262 | Z42: =Z41/Z40 -> 1.2460317 | ... AF42: =AF41/AF40 -> 1.3419997
B43: 15.15 - 15.30 | C43: 28 | D43: 7 | E43: 4 | F43: 12 | G43: 0 | H43: 0 | I43: 2 | J43: 8 | K43: 3 | L43: 0 | M43: 350 | N43: 0 | O43: =SUM(C43:L43,N43) -> 64 | P43: =SUM(C43:N43) -> 414
B44: 15.30 - 15.45 | C44: 52 | D44: 11 | E44: 7 | F44: 18 | G44: 0 | H44: 0 | I44: 6 | J44: 10 | K44: 2 | L44: 2 | M44: 320 | N44: 0 | O44: =SUM(C44:L44,N44) -> 108 | P44: =SUM(C44:N44) -> 428
B45: 15.45 - 16.00 | C45: 45 | D45: 8 | E45: 7 | F45: 18 | G45: 1 | H45: 0 | I45: 8 | J45: 7 | K45: 1 | L45: 0 | M45: 285 | N45: 0 | O45: =SUM(C45:L45,N45) -> 95 | P45: =SUM(C45:N45) -> 380
B46: 16.00 - 16.15 | C46: 37 | D46: 12 | E46: 4 | F46: 13 | G46: 1 | H46: 1 | I46: 3 | J46: 7 | K46: 1 | L46: 1 | M46: 170 | N46: 0 | O46: =SUM(C46:L46,N46) -> 80 | P46: =SUM(C46:N46) -> 250
B47: 16.15 -16.30 | C47: 80 | D47: 9 | E47: 2 | F47: 15 | G47: 0 | H47: 0 | I47: 5 | J47: 8 | K47: 0 | L47: 0 | M47: 275 | N47: 0 | O47: =SUM(C47:L47,N47) -> 119 | P47: =SUM(C47:N47) -> 394
B48: 16.30 -16.45 | C48: 56 | D48: 11 | E48: 5 | F48: 12 | G48: 0 | H48: 0 | I48: 12 | J48: 3 | K48: 1 | L48: 1 | M48: 290 | N48: 0 | O48: =SUM(C48:L48,N48) -> 101 | P48: =SUM(C48:N48) -> 391
B49: 16.45 -17.00 | C49: 60 | D49: 3 | E49: 3 | F49: 14 | G49: 0 | H49: 0 | I49: 5 | J49: 2 | K49: 2 | L49: 2 | M49: 130 | N49: 0 | O49: =SUM(C49:L49,N49) -> 91 | P49: =SUM(C49:N49) -> 221
B50: 17.00 -17.15 | C50: 60 | D50: 8 | E50: 4 | F50: 13 | G50: 2 | H50: 0 | I50: 11 | J50: 7 | K50: 1 | L50: 0 | M50: 270 | N50: 0 | O50: =SUM(C50:L50,N50) -> 106 | P50: =SUM(C50:N50) -> 376
B51: 17.15 -17.30 | C51: 42 | D51: 6 | E51: 3 | F51: 9 | G51: 0 | H51: 0 | I51: 7 | J51: 1 | K51: 0 | L51: 0 | M51: 225 | N51: 0 | O51: =SUM(C51:L51,N51) -> 68 | P51: =SUM(C51:N51) -> 293
B52: 17.30 -17.45 | C52: 46 | D52: 9 | E52: 2 | F52: 22 | G52: 0 | H52: 0 | I52: 3 | J52: 4 | K52: 0 | L52: 0 | M52: 175 | N52: 0 | O52: =SUM(C52:L52,N52) -> 86 | P52: =SUM(C52:N52) -> 261
B53: 17.45 -18.00 | C53: 44 | D53: 7 | E53: 5 | F53: 17 | G53: 0 | H53: 0 | I53: 2 | J53: 3 | K53: 0 | L53: 0 | M53: 180 | N53: 0 | O53: =SUM(C53:L53,N53) -> 78 | P53: =SUM(C53:N53) -> 258
B54: 18.00 - 18.15 | C54: 27 | D54: 3 | E54: 2 | F54: 13 | G54: 0 | H54: 0 | I54: 7 | J54: 4 | K54: 0 | L54: 0 | M54: 135 | N54: 0 | O54: =SUM(C54:L54,N54) -> 56 | P54: =SUM(C54:N54) -> 191
... B105: 06.45 - 07.00 | C105: 23 | D105: 5 | E105: 2 | F105: 9 | G105: 0 | H105: 0 | I105: 1 | J105: 0 | K105: 1 | L105: 0 | M105: 25 | N105: 0 | O105: =SUM(C105:L105,N105) -> 41 | P105: =SUM(C105:N105) -> 66
B106: Totals | C106: =SUM(C10:C105) -> 2715 | D106: =SUM(D10:D105) -> 448 | E106: =SUM(E10:E105) -> 251 | F106: =SUM(F10:F105) -> 1368 | G106: =SUM(G10:G105) -> 53 | H106: =SUM(H10:H105) -> 7 | I106: =SUM(I10:I105) -> 365 | J106: =SUM(J10:J105) -> 314 | ... P106: =SUM(P10:P105) -> 20079
B107: %ges + MCs | C107: =C106/$P$106 -> 0.1352159 | D107: =D106/$P$106 -> 0.022311868 | E107: =E106/$P$106 -> 0.012500623 | F107: =F106/$P$106 -> 0.068130883 | G107: =G106/$P$106 -> 0.0026395737 | H107: =H106/$P$106 -> 0.00034862294 | I107: =I106/$P$106 -> 0.018178196 | J107: =J106/$P$106 -> 0.015638229 | ... N107: =N106/$P$106 -> 9.9606554e-05
B108: %ges w/o MCs | C108: =C106/$O$106 -> 0.48412981 | D108: =D106/$O$106 -> 0.079885877 | E108: =E106/$O$106 -> 0.044757489 | F108: =F106/$O$106 -> 0.24393723 | G108: =G106/$O$106 -> 0.0094507846 | H108: =H106/$O$106 -> 0.0012482168 | I108: =I106/$O$106 -> 0.065085592 | J108: =J106/$O$106 -> 0.055991441 | ... L108: =L106/$O$106 -> 0.0064194009 | N108: =N106/$O$106 -> 0.00035663338

Sheet 26.07 Ndeeba-Lubiri-24h
B1: Consultancy services for Preparation of Expressway Development Master Plan (EDMP) for Uganda
B2: MANUAL CLASSIFIED COUNT (MCC)
B3: ROAD NAME: | C3: ='22.07 Lubiri -Ndeeba'!C3:G3 -> MCC - C1 - STN03- KALINDA ROAD
C5: Date | D5: ='26.07 Lubiri-Ndeeba-24h'!D5 -> 26.07.19 | F5: Location | G5: ='26.07 Lubiri-Ndeeba-24h'!G5:H5 -> Before Shell | J5: Surveyor | K5: ='26.07 Lubiri-Ndeeba-24h'!K5:L5 -> Kizito Geofrey
C6: Dir. From | D6: ='22.07 Ndeeba-Lubiri'!D6:E6 -> Ndeeba | F6: Dir. To | G6: ='23.07 Ndeeba-Lubiri'!G6:H6 -> Lubiri | J6: Supervisor | K6: ='26.07 Lubiri-Ndeeba-24h'!K6:L6 -> Denis
B8: Time / Veh Type | R8: SUMMARY TRAFFIC VOLUMES
C9: 1. Car | D9: 2. Station Wagon | E9: 3. Pickups | F9: 4. Minibus, matatu | G9: 5. Medium bus | H9: 6. Large Bus | I9: 7. Light Truck | J9: 8. Medium Truck | K9: 9. Heavy truck | L9: 10. Truck Trailer | M9: 11. Motor cycles | N9: 12. Tractors | O9: Total Excl M/Cycles | P9: Total All | R9: Time | S9: 1. Car | T9: 2. Station Wagon | U9: 3. Pickups | V9: 4. Minibus, matatu | W9: 5. Medium bus | X9: 6. Large Bus | Y9: 7. Light Truck | Z9: 8. Medium Truck | AA9: 9. Heavy truck | AB9: 10. Truck Trailer | AC9: 11. Motorcycles | AD9: 12. Tractors, Graders | AE9: Total Excl M/ Cycles | AF9: Total All
B10: 07.00 - 07.15 | C10: 120 | D10: 19 | E10: 10 | F10: 47 | G10: 1 | H10: 1 | I10: 3 | J10: 1 | K10: 1 | L10: 1 | M10: 185 | N10: 0 | O10: =SUM(C10:L10,N10) -> 204 | P10: =SUM(C10:N10) -> 389 | R10: 0700-0800 | S10: =SUM(C10:C13) -> 472 | T10: =SUM(D10:D13) -> 59 | U10: =SUM(E10:E13) -> 46 | V10: =SUM(F10:F13) -> 141 | W10: =SUM(G10:G13) -> 1 | X10: =SUM(H10:H13) -> 1 | Y10: =SUM(I10:I13) -> 24 | Z10: =SUM(J10:J13) -> 8 | ... AF10: =SUM(P10:P13) -> 1712
B11: 07.15 - 07.30 | C11: 140 | D11: 10 | E11: 13 | F11: 22 | G11: 0 | H11: 0 | I11: 8 | J11: 3 | K11: 0 | L11: 1 | M11: 245 | N11: 0 | O11: =SUM(C11:L11,N11) -> 197 | P11: =SUM(C11:N11) -> 442 | R11: 0800-0900 | S11: =SUM(C14:C17) -> 532 | T11: =SUM(D14:D17) -> 39 | U11: =SUM(E14:E17) -> 29 | V11: =SUM(F14:F17) -> 145 | W11: =SUM(G14:G17) -> 2 | X11: =SUM(H14:H17) -> 1 | Y11: =SUM(I14:I17) -> 18 | Z11: =SUM(J14:J17) -> 12 | ... AF11: =SUM(P14:P17) -> 1751
B12: 07.30 - 07.45 | C12: 122 | D12: 10 | E12: 6 | F12: 34 | G12: 0 | H12: 0 | I12: 4 | J12: 1 | K12: 6 | L12: 0 | M12: 240 | N12: 0 | O12: =SUM(C12:L12,N12) -> 183 | P12: =SUM(C12:N12) -> 423 | R12: 0900-1000 | S12: =SUM(C18:C21) -> 405 | T12: =SUM(D18:D21) -> 45 | U12: =SUM(E18:E21) -> 28 | V12: =SUM(F18:F21) -> 46 | W12: =SUM(G18:G21) -> 2 | X12: =SUM(H18:H21) -> 1 | Y12: =SUM(I18:I21) -> 14 | Z12: =SUM(J18:J21) -> 11 | ... AF12: =SUM(P18:P21) -> 1465
B13: 07.45 - 08.00 | C13: 90 | D13: 20 | E13: 17 | F13: 38 | G13: 0 | H13: 0 | I13: 9 | J13: 3 | K13: 0 | L13: 1 | M13: 280 | N13: 0 | O13: =SUM(C13:L13,N13) -> 178 | P13: =SUM(C13:N13) -> 458 | R13: 1000-1100 | S13: =SUM(C22:C25) -> 290 | T13: =SUM(D22:D25) -> 41 | U13: =SUM(E22:E25) -> 24 | V13: =SUM(F22:F25) -> 22 | W13: =SUM(G22:G25) -> 4 | X13: =SUM(H22:H25) -> 0 | Y13: =SUM(I22:I25) -> 18 | Z13: =SUM(J22:J25) -> 10 | ... AF13: =SUM(P22:P25) -> 1211
B14: 08.00 - 08.15 | C14: 157 | D14: 9 | E14: 10 | F14: 60 | G14: 0 | H14: 0 | I14: 8 | J14: 4 | K14: 1 | L14: 0 | M14: 245 | N14: 0 | O14: =SUM(C14:L14,N14) -> 249 | P14: =SUM(C14:N14) -> 494 | R14: 1100-1200 | S14: =SUM(C26:C29) -> 331 | T14: =SUM(D26:D29) -> 33 | U14: =SUM(E26:E29) -> 35 | V14: =SUM(F26:F29) -> 17 | W14: =SUM(G26:G29) -> 1 | X14: =SUM(H26:H29) -> 0 | Y14: =SUM(I26:I29) -> 17 | Z14: =SUM(J26:J29) -> 13 | ... AF14: =SUM(P26:P29) -> 1228
B15: 08.15 - 08.30 | C15: 105 | D15: 9 | E15: 9 | F15: 28 | G15: 0 | H15: 1 | I15: 2 | J15: 3 | K15: 1 | L15: 0 | M15: 235 | N15: 0 | O15: =SUM(C15:L15,N15) -> 158 | P15: =SUM(C15:N15) -> 393 | R15: 1200-1300 | S15: =SUM(C30:C33) -> 248 | T15: =SUM(D30:D33) -> 35 | U15: =SUM(E30:E33) -> 40 | V15: =SUM(F30:F33) -> 19 | W15: =SUM(G30:G33) -> 2 | X15: =SUM(H30:H33) -> 0 | Y15: =SUM(I30:I33) -> 27 | Z15: =SUM(J30:J33) -> 12 | ... AF15: =SUM(P30:P33) -> 1014
B16: 08.30 - 08.45 | C16: 120 | D16: 15 | E16: 4 | F16: 42 | G16: 1 | H16: 0 | I16: 3 | J16: 2 | K16: 0 | L16: 0 | M16: 236 | N16: 0 | O16: =SUM(C16:L16,N16) -> 187 | P16: =SUM(C16:N16) -> 423 | R16: 1300-1400 | S16: =SUM(C34:C37) -> 270 | T16: =SUM(D34:D37) -> 14 | U16: =SUM(E34:E37) -> 22 | V16: =SUM(F34:F37) -> 17 | W16: =SUM(G34:G37) -> 0 | X16: =SUM(H34:H37) -> 0 | Y16: =SUM(I34:I37) -> 7 | Z16: =SUM(J34:J37) -> 10 | ... AF16: =SUM(P34:P37) -> 995
B17: 08.45 - 9.00 | C17: 150 | D17: 6 | E17: 6 | F17: 15 | G17: 1 | H17: 0 | I17: 5 | J17: 3 | K17: 0 | L17: 0 | M17: 255 | N17: 0 | O17: =SUM(C17:L17,N17) -> 186 | P17: =SUM(C17:N17) -> 441 | R17: 1400-1500 | S17: =SUM(C38:C41) -> 291 | T17: =SUM(D38:D41) -> 30 | U17: =SUM(E38:E41) -> 19 | V17: =SUM(F38:F41) -> 13 | W17: =SUM(G38:G41) -> 0 | X17: =SUM(H38:H41) -> 0 | Y17: =SUM(I38:I41) -> 13 | Z17: =SUM(J38:J41) -> 10 | ... AF17: =SUM(P38:P41) -> 1079
B18: 09.00 - 09.15 | C18: 145 | D18: 9 | E18: 8 | F18: 11 | G18: 1 | H18: 1 | I18: 5 | J18: 3 | K18: 0 | L18: 1 | M18: 290 | N18: 0 | O18: =SUM(C18:L18,N18) -> 184 | P18: =SUM(C18:N18) -> 474 | R18: 1500-1600 | S18: =SUM(C42:C45) -> 275 | T18: =SUM(D42:D45) -> 33 | U18: =SUM(E42:E45) -> 44 | V18: =SUM(F42:F45) -> 28 | W18: =SUM(G42:G45) -> 1 | X18: =SUM(H42:H45) -> 0 | Y18: =SUM(I42:I45) -> 25 | Z18: =SUM(J42:J45) -> 15 | ... AF18: =SUM(P42:P45) -> 942
B19: 09.15 - 09.30 | C19: 95 | D19: 16 | E19: 11 | F19: 17 | G19: 1 | H19: 0 | I19: 5 | J19: 1 | K19: 0 | L19: 1 | M19: 215 | N19: 0 | O19: =SUM(C19:L19,N19) -> 147 | P19: =SUM(C19:N19) -> 362 | R19: 1600-1700 | S19: =SUM(C46:C49) -> 298 | T19: =SUM(D46:D49) -> 37 | U19: =SUM(E46:E49) -> 31 | V19: =SUM(F46:F49) -> 27 | W19: =SUM(G46:G49) -> 2 | X19: =SUM(H46:H49) -> 1 | Y19: =SUM(I46:I49) -> 25 | Z19: =SUM(J46:J49) -> 15 | ... AF19: =SUM(P46:P49) -> 1109
B20: 09.30 - 09.45 | C20: 80 | D20: 5 | E20: 4 | F20: 5 | G20: 0 | H20: 0 | I20: 0 | J20: 3 | K20: 1 | L20: 0 | M20: 200 | N20: 0 | O20: =SUM(C20:L20,N20) -> 98 | P20: =SUM(C20:N20) -> 298 | R20: 1700-1800 | S20: =SUM(C50:C53) -> 316 | T20: =SUM(D50:D53) -> 25 | U20: =SUM(E50:E53) -> 28 | V20: =SUM(F50:F53) -> 19 | W20: =SUM(G50:G53) -> 2 | X20: =SUM(H50:H53) -> 0 | Y20: =SUM(I50:I53) -> 15 | Z20: =SUM(J50:J53) -> 17 | ... AF20: =SUM(P50:P53) -> 1263
B21: 09.45 - 10.00 | C21: 85 | D21: 15 | E21: 5 | F21: 13 | G21: 0 | H21: 0 | I21: 4 | J21: 4 | K21: 2 | L21: 0 | M21: 203 | N21: 0 | O21: =SUM(C21:L21,N21) -> 128 | P21: =SUM(C21:N21) -> 331 | R21: 1800-1900 | S21: =SUM(C54:C57) -> 445 | T21: =SUM(D54:D57) -> 20 | U21: =SUM(E54:E57) -> 22 | V21: =SUM(F54:F57) -> 48 | W21: =SUM(G54:G57) -> 8 | X21: =SUM(H54:H57) -> 2 | Y21: =SUM(I54:I57) -> 15 | Z21: =SUM(J54:J57) -> 17 | ... AF21: =SUM(P54:P57) -> 1445
B22: 10.00 - 10.15 | C22: 60 | D22: 11 | E22: 6 | F22: 6 | G22: 0 | H22: 0 | I22: 3 | J22: 1 | K22: 0 | L22: 0 | M22: 180 | N22: 0 | O22: =SUM(C22:L22,N22) -> 87 | P22: =SUM(C22:N22) -> 267 | R22: 1900-2000 | S22: =SUM(C58:C61) -> 317 | T22: =SUM(D58:D61) -> 9 | U22: =SUM(E58:E61) -> 10 | V22: =SUM(F58:F61) -> 75 | W22: =SUM(G58:G61) -> 4 | X22: =SUM(H58:H61) -> 0 | Y22: =SUM(I58:I61) -> 17 | Z22: =SUM(J58:J61) -> 3 | ... AF22: =SUM(P58:P61) -> 1349
B23: 10.15 - 10.30 | C23: 80 | D23: 9 | E23: 6 | F23: 5 | G23: 1 | H23: 0 | I23: 3 | J23: 1 | K23: 0 | L23: 1 | M23: 215 | N23: 0 | O23: =SUM(C23:L23,N23) -> 106 | P23: =SUM(C23:N23) -> 321 | R23: 2000-2100 | S23: =SUM(C62:C65) -> 285 | T23: =SUM(D62:D65) -> 6 | U23: =SUM(E62:E65) -> 12 | V23: =SUM(F62:F65) -> 136 | W23: =SUM(G62:G65) -> 6 | X23: =SUM(H62:H65) -> 0 | Y23: =SUM(I62:I65) -> 14 | Z23: =SUM(J62:J65) -> 4 | ... AF23: =SUM(P62:P65) -> 1331
B24: 10.30 - 10.45 | C24: 75 | D24: 9 | E24: 7 | F24: 7 | G24: 2 | H24: 0 | I24: 7 | J24: 4 | K24: 0 | L24: 0 | M24: 230 | N24: 0 | O24: =SUM(C24:L24,N24) -> 111 | P24: =SUM(C24:N24) -> 341 | R24: 2100-2200 | S24: =SUM(C66:C69) -> 226 | T24: =SUM(D66:D69) -> 18 | U24: =SUM(E66:E69) -> 7 | V24: =SUM(F66:F69) -> 125 | W24: =SUM(G66:G69) -> 1 | X24: =SUM(H66:H69) -> 0 | Y24: =SUM(I66:I69) -> 12 | Z24: =SUM(J66:J69) -> 3 | ... AF24: =SUM(P66:P69) -> 1114
B25: 10.45 - 11.00 | C25: 75 | D25: 12 | E25: 5 | F25: 4 | G25: 1 | H25: 0 | I25: 5 | J25: 4 | K25: 0 | L25: 1 | M25: 175 | N25: 0 | O25: =SUM(C25:L25,N25) -> 107 | P25: =SUM(C25:N25) -> 282 | R25: 2200-2300 | S25: =SUM(C70:C73) -> 74 | T25: =SUM(D70:D73) -> 9 | U25: =SUM(E70:E73) -> 10 | V25: =SUM(F70:F73) -> 15 | W25: =SUM(G70:G73) -> 0 | X25: =SUM(H70:H73) -> 0 | Y25: =SUM(I70:I73) -> 5 | Z25: =SUM(J70:J73) -> 7 | ... AF25: =SUM(P70:P73) -> 280
B26: 11.00 - 11.15 | C26: 95 | D26: 11 | E26: 10 | F26: 4 | G26: 0 | H26: 0 | I26: 3 | J26: 4 | K26: 0 | L26: 0 | M26: 215 | N26: 0 | O26: =SUM(C26:L26,N26) -> 127 | P26: =SUM(C26:N26) -> 342 | R26: 2300-0000 | S26: =SUM(C74:C77) -> 42 | T26: =SUM(D74:D77) -> 7 | U26: =SUM(E74:E77) -> 9 | V26: =SUM(F74:F77) -> 8 | W26: =SUM(G74:G77) -> 0 | X26: =SUM(H74:H77) -> 0 | Y26: =SUM(I74:I77) -> 7 | Z26: =SUM(J74:J77) -> 1 | ... AF26: =SUM(P74:P77) -> 304
B27: 11.15 - 11.30 | C27: 80 | D27: 7 | E27: 7 | F27: 5 | G27: 1 | H27: 0 | I27: 9 | J27: 4 | K27: 0 | L27: 0 | M27: 175 | N27: 0 | O27: =SUM(C27:L27,N27) -> 113 | P27: =SUM(C27:N27) -> 288 | R27: 0000-0100 | S27: =SUM(C78:C81) -> 30 | T27: =SUM(D78:D81) -> 2 | U27: =SUM(E78:E81) -> 8 | V27: =SUM(F78:F81) -> 12 | W27: =SUM(G78:G81) -> 0 | X27: =SUM(H78:H81) -> 0 | Y27: =SUM(I78:I81) -> 5 | Z27: =SUM(J78:J81) -> 5 | ... AF27: =SUM(P78:P81) -> 144
B28: 11.30 - 11.45 | C28: 75 | D28: 6 | E28: 13 | F28: 5 | G28: 0 | H28: 0 | I28: 5 | J28: 2 | K28: 0 | L28: 0 | M28: 170 | N28: 0 | O28: =SUM(C28:L28,N28) -> 106 | P28: =SUM(C28:N28) -> 276 | R28: 0100-0200 | S28: =SUM(C82:C85) -> 29 | T28: =SUM(D82:D85) -> 3 | U28: =SUM(E82:E85) -> 5 | V28: =SUM(F82:F85) -> 3 | W28: =SUM(G82:G85) -> 0 | X28: =SUM(H82:H85) -> 1 | Y28: =SUM(I82:I85) -> 2 | Z28: =SUM(J82:J85) -> 1 | ... AF28: =SUM(P82:P85) -> 98
B29: 11.45 - 12.00 | C29: 81 | D29: 9 | E29: 5 | F29: 3 | G29: 0 | H29: 0 | I29: 0 | J29: 3 | K29: 0 | L29: 1 | M29: 220 | N29: 0 | O29: =SUM(C29:L29,N29) -> 102 | P29: =SUM(C29:N29) -> 322 | R29: 0200-0300 | S29: =SUM(C86:C89) -> 6 | T29: =SUM(D86:D89) -> 0 | U29: =SUM(E86:E89) -> 1 | V29: =SUM(F86:F89) -> 0 | W29: =SUM(G86:G89) -> 0 | X29: =SUM(H86:H89) -> 0 | Y29: =SUM(I86:I89) -> 1 | Z29: =SUM(J86:J89) -> 2 | ... AF29: =SUM(P86:P89) -> 28
B30: 12.00 - 12.15 | C30: 90 | D30: 2 | E30: 6 | F30: 5 | G30: 1 | H30: 0 | I30: 5 | J30: 4 | K30: 0 | L30: 0 | M30: 135 | N30: 0 | O30: =SUM(C30:L30,N30) -> 113 | P30: =SUM(C30:N30) -> 248 | R30: 0300-0400 | S30: =SUM(C90:C93) -> 3 | T30: =SUM(D90:D93) -> 6 | U30: =SUM(E90:E93) -> 0 | V30: =SUM(F90:F93) -> 2 | W30: =SUM(G90:G93) -> 0 | X30: =SUM(H90:H93) -> 0 | Y30: =SUM(I90:I93) -> 2 | Z30: =SUM(J90:J93) -> 3 | ... AF30: =SUM(P90:P93) -> 38
B31: 12.15 - 12.30 | C31: 55 | D31: 11 | E31: 8 | F31: 2 | G31: 1 | H31: 0 | I31: 5 | J31: 3 | K31: 0 | L31: 0 | M31: 170 | N31: 0 | O31: =SUM(C31:L31,N31) -> 85 | P31: =SUM(C31:N31) -> 255 | R31: 0400-0500 | S31: =SUM(C94:C97) -> 6 | T31: =SUM(D94:D97) -> 1 | U31: =SUM(E94:E97) -> 1 | V31: =SUM(F94:F97) -> 4 | W31: =SUM(G94:G97) -> 0 | X31: =SUM(H94:H97) -> 0 | Y31: =SUM(I94:I97) -> 3 | Z31: =SUM(J94:J97) -> 7 | ... AF31: =SUM(P94:P97) -> 42
B32: 12.30 - 12.45 | C32: 58 | D32: 13 | E32: 14 | F32: 9 | G32: 0 | H32: 0 | I32: 7 | J32: 3 | K32: 1 | L32: 0 | M32: 180 | N32: 0 | O32: =SUM(C32:L32,N32) -> 105 | P32: =SUM(C32:N32) -> 285 | R32: 0500-0600 | S32: =SUM(C98:C101) -> 24 | T32: =SUM(D98:D101) -> 10 | U32: =SUM(E98:E101) -> 6 | V32: =SUM(F98:F101) -> 1 | W32: =SUM(G98:G101) -> 0 | X32: =SUM(H98:H101) -> 0 | Y32: =SUM(I98:I101) -> 1 | Z32: =SUM(J98:J101) -> 3 | ... AF32: =SUM(P98:P101) -> 84
B33: 12.45 - 13.00 | C33: 45 | D33: 9 | E33: 12 | F33: 3 | G33: 0 | H33: 0 | I33: 10 | J33: 2 | K33: 0 | L33: 0 | M33: 145 | N33: 0 | O33: =SUM(C33:L33,N33) -> 81 | P33: =SUM(C33:N33) -> 226 | R33: 0600-0700 | S33: =SUM(C102:C105) -> 37 | T33: =SUM(D102:D105) -> 5 | U33: =SUM(E102:E105) -> 5 | V33: =SUM(F102:F105) -> 10 | W33: =SUM(G102:G105) -> 0 | X33: =SUM(H102:H105) -> 0 | Y33: =SUM(I102:I105) -> 2 | Z33: =SUM(J102:J105) -> 2 | ... AF33: =SUM(P102:P105) -> 112
B34: 13.00 - 13.15 | C34: 80 | D34: 3 | E34: 4 | F34: 3 | G34: 0 | H34: 0 | I34: 1 | J34: 1 | K34: 0 | L34: 0 | M34: 200 | N34: 0 | O34: =SUM(C34:L34,N34) -> 92 | P34: =SUM(C34:N34) -> 292 | R34: AM Peak Hr | S34: =MAX(S10:S12) -> 532 | T34: =MAX(T10:T12) -> 59 | U34: =MAX(U10:U12) -> 46 | V34: =MAX(V10:V12) -> 145 | W34: =MAX(W10:W12) -> 2 | X34: =MAX(X10:X12) -> 1 | Y34: =MAX(Y10:Y12) -> 24 | Z34: =MAX(Z10:Z12) -> 12 | ... AF34: =MAX(AF10:AF12) -> 1751
B35: 13.15 - 13.30 | C35: 95 | D35: 4 | E35: 5 | F35: 3 | G35: 0 | H35: 0 | I35: 4 | J35: 1 | K35: 0 | L35: 1 | M35: 160 | N35: 0 | O35: =SUM(C35:L35,N35) -> 113 | P35: =SUM(C35:N35) -> 273 | R35: IP Peak Hr | S35: =MAX(S13:S18) -> 331 | T35: =MAX(T13:T18) -> 41 | U35: =MAX(U13:U18) -> 44 | V35: =MAX(V13:V18) -> 28 | W35: =MAX(W13:W18) -> 4 | X35: =MAX(X13:X18) -> 0 | Y35: =MAX(Y13:Y18) -> 27 | Z35: =MAX(Z13:Z18) -> 15 | ... AF35: =MAX(AF13:AF18) -> 1228
B36: 13.30 - 13.45 | C36: 45 | D36: 2 | E36: 5 | F36: 4 | G36: 0 | H36: 0 | I36: 1 | J36: 1 | K36: 0 | L36: 2 | M36: 160 | N36: 0 | O36: =SUM(C36:L36,N36) -> 60 | P36: =SUM(C36:N36) -> 220 | R36: PM Peak Hr | S36: =MAX(S19:S21) -> 445 | T36: =MAX(T19:T21) -> 37 | U36: =MAX(U19:U21) -> 31 | V36: =MAX(V19:V21) -> 48 | W36: =MAX(W19:W21) -> 8 | X36: =MAX(X19:X21) -> 2 | Y36: =MAX(Y19:Y21) -> 25 | Z36: =MAX(Z19:Z21) -> 17 | ... AF36: =MAX(AF19:AF21) -> 1445
B37: 13.45 - 14.00 | C37: 50 | D37: 5 | E37: 8 | F37: 7 | G37: 0 | H37: 0 | I37: 1 | J37: 7 | K37: 2 | L37: 0 | M37: 130 | N37: 0 | O37: =SUM(C37:L37,N37) -> 80 | P37: =SUM(C37:N37) -> 210 | R37: AM Period | S37: =SUM(S10:S12) -> 1409 | T37: =SUM(T10:T12) -> 143 | U37: =SUM(U10:U12) -> 103 | V37: =SUM(V10:V12) -> 332 | W37: =SUM(W10:W12) -> 5 | X37: =SUM(X10:X12) -> 3 | Y37: =SUM(Y10:Y12) -> 56 | Z37: =SUM(Z10:Z12) -> 31 | ... AF37: =SUM(AF10:AF12) -> 4928
B38: 14.00 - 14.15 | C38: 65 | D38: 4 | E38: 3 | F38: 5 | G38: 0 | H38: 0 | I38: 0 | J38: 4 | K38: 0 | L38: 0 | M38: 185 | N38: 0 | O38: =SUM(C38:L38,N38) -> 81 | P38: =SUM(C38:N38) -> 266 | R38: IP Period | S38: =SUM(S13:S18) -> 1705 | T38: =SUM(T13:T18) -> 186 | U38: =SUM(U13:U18) -> 184 | V38: =SUM(V13:V18) -> 116 | W38: =SUM(W13:W18) -> 8 | X38: =SUM(X13:X18) -> 0 | Y38: =SUM(Y13:Y18) -> 107 | Z38: =SUM(Z13:Z18) -> 70 | ... AF38: =SUM(AF13:AF18) -> 6469
B39: 14.15 - 14.30 | C39: 40 | D39: 13 | E39: 3 | F39: 2 | G39: 0 | H39: 0 | I39: 7 | J39: 2 | K39: 0 | L39: 1 | M39: 195 | N39: 0 | O39: =SUM(C39:L39,N39) -> 68 | P39: =SUM(C39:N39) -> 263 | R39: PM Period | S39: =SUM(S19:S21) -> 1059 | T39: =SUM(T19:T21) -> 82 | U39: =SUM(U19:U21) -> 81 | V39: =SUM(V19:V21) -> 94 | W39: =SUM(W19:W21) -> 12 | X39: =SUM(X19:X21) -> 3 | Y39: =SUM(Y19:Y21) -> 55 | Z39: =SUM(Z19:Z21) -> 49 | ... AF39: =SUM(AF19:AF21) -> 3817
B40: 14.30 - 14.45 | C40: 105 | D40: 11 | E40: 6 | F40: 4 | G40: 0 | H40: 0 | I40: 0 | J40: 2 | K40: 1 | L40: 1 | M40: 170 | N40: 0 | O40: =SUM(C40:L40,N40) -> 130 | P40: =SUM(C40:N40) -> 300 | R40: 12 Hours | S40: =SUM(S10:S21) -> 4173 | T40: =SUM(T10:T21) -> 411 | U40: =SUM(U10:U21) -> 368 | V40: =SUM(V10:V21) -> 542 | W40: =SUM(W10:W21) -> 25 | X40: =SUM(X10:X21) -> 6 | Y40: =SUM(Y10:Y21) -> 218 | Z40: =SUM(Z10:Z21) -> 150 | ... AF40: =SUM(AF10:AF21) -> 15214
B41: 14.45 - 15.00 | C41: 81 | D41: 2 | E41: 7 | F41: 2 | G41: 0 | H41: 0 | I41: 6 | J41: 2 | K41: 0 | L41: 0 | M41: 150 | N41: 0 | O41: =SUM(C41:L41,N41) -> 100 | P41: =SUM(C41:N41) -> 250 | R41: 24 Hrs/ADT | S41: =SUM(S10:S33) -> 5252 | T41: =SUM(T10:T33) -> 487 | U41: =SUM(U10:U33) -> 442 | V41: =SUM(V10:V33) -> 933 | W41: =SUM(W10:W33) -> 36 | X41: =SUM(X10:X33) -> 7 | Y41: =SUM(Y10:Y33) -> 289 | Z41: =SUM(Z10:Z33) -> 191 | ... AF41: =SUM(AF10:AF33) -> 20138
B42: 15.00 - 15.15 | C42: 65 | D42: 6 | E42: 8 | F42: 13 | G42: 0 | H42: 0 | I42: 1 | J42: 1 | K42: 1 | L42: 0 | M42: 130 | N42: 0 | O42: =SUM(C42:L42,N42) -> 95 | P42: =SUM(C42:N42) -> 225 | R42: NEF | S42: =S41/S40 -> 1.258567 | T42: =T41/T40 -> 1.1849148 | U42: =U41/U40 -> 1.201087 | V42: =V41/V40 -> 1.7214022 | W42: =W41/W40 -> 1.44 | X42: =X41/X40 -> 1.1666667 | Y42: =Y41/Y40 -> 1.3256881 | Z42: =Z41/Z40 -> 1.2733333 | ... AF42: =AF41/AF40 -> 1.3236493
B43: 15.15 - 15.30 | C43: 75 | D43: 11 | E43: 12 | F43: 8 | G43: 1 | H43: 0 | I43: 8 | J43: 3 | K43: 0 | L43: 1 | M43: 185 | N43: 0 | O43: =SUM(C43:L43,N43) -> 119 | P43: =SUM(C43:N43) -> 304
B44: 15.30 - 15.45 | C44: 90 | D44: 7 | E44: 11 | F44: 3 | G44: 0 | H44: 0 | I44: 7 | J44: 6 | K44: 2 | L44: 1 | M44: 170 | N44: 0 | O44: =SUM(C44:L44,N44) -> 127 | P44: =SUM(C44:N44) -> 297
B45: 15.45 - 16.00 | C45: 45 | D45: 9 | E45: 13 | F45: 4 | G45: 0 | H45: 0 | I45: 9 | J45: 5 | K45: 0 | L45: 1 | M45: 30 | N45: 0 | O45: =SUM(C45:L45,N45) -> 86 | P45: =SUM(C45:N45) -> 116
B46: 16.00 - 16.15 | C46: 82 | D46: 13 | E46: 10 | F46: 4 | G46: 0 | H46: 0 | I46: 10 | J46: 5 | K46: 0 | L46: 1 | M46: 175 | N46: 0 | O46: =SUM(C46:L46,N46) -> 125 | P46: =SUM(C46:N46) -> 300
B47: 16.15 -16.30 | C47: 56 | D47: 5 | E47: 6 | F47: 9 | G47: 0 | H47: 0 | I47: 4 | J47: 5 | K47: 1 | L47: 0 | M47: 145 | N47: 0 | O47: =SUM(C47:L47,N47) -> 86 | P47: =SUM(C47:N47) -> 231
B48: 16.30 -16.45 | C48: 75 | D48: 8 | E48: 5 | F48: 10 | G48: 0 | H48: 0 | I48: 8 | J48: 4 | K48: 1 | L48: 0 | M48: 177 | N48: 0 | O48: =SUM(C48:L48,N48) -> 111 | P48: =SUM(C48:N48) -> 288
B49: 16.45 -17.00 | C49: 85 | D49: 11 | E49: 10 | F49: 4 | G49: 2 | H49: 1 | I49: 3 | J49: 1 | K49: 0 | L49: 3 | M49: 170 | N49: 0 | O49: =SUM(C49:L49,N49) -> 120 | P49: =SUM(C49:N49) -> 290
B50: 17.00 -17.15 | C50: 75 | D50: 5 | E50: 7 | F50: 4 | G50: 0 | H50: 0 | I50: 3 | J50: 9 | K50: 0 | L50: 0 | M50: 185 | N50: 0 | O50: =SUM(C50:L50,N50) -> 103 | P50: =SUM(C50:N50) -> 288
B51: 17.15 -17.30 | C51: 90 | D51: 3 | E51: 11 | F51: 3 | G51: 0 | H51: 0 | I51: 5 | J51: 3 | K51: 0 | L51: 1 | M51: 230 | N51: 0 | O51: =SUM(C51:L51,N51) -> 116 | P51: =SUM(C51:N51) -> 346
B52: 17.30 -17.45 | C52: 81 | D52: 9 | E52: 3 | F52: 5 | G52: 2 | H52: 0 | I52: 4 | J52: 3 | K52: 0 | L52: 0 | M52: 240 | N52: 0 | O52: =SUM(C52:L52,N52) -> 107 | P52: =SUM(C52:N52) -> 347
B53: 17.45 -18.00 | C53: 70 | D53: 8 | E53: 7 | F53: 7 | G53: 0 | H53: 0 | I53: 3 | J53: 2 | K53: 0 | L53: 0 | M53: 185 | N53: 0 | O53: =SUM(C53:L53,N53) -> 97 | P53: =SUM(C53:N53) -> 282
B54: 18.00 - 18.15 | C54: 90 | D54: 11 | E54: 12 | F54: 5 | G54: 0 | H54: 0 | I54: 2 | J54: 3 | K54: 0 | L54: 0 | M54: 205 | N54: 0 | O54: =SUM(C54:L54,N54) -> 123 | P54: =SUM(C54:N54) -> 328
... B105: 06.45 - 07.00 | C105: 21 | D105: 0 | E105: 2 | F105: 5 | G105: 0 | H105: 0 | I105: 1 | J105: 0 | K105: 0 | L105: 0 | M105: 23 | N105: 0 | O105: =SUM(C105:L105,N105) -> 29 | P105: =SUM(C105:N105) -> 52
B106: Totals | C106: =SUM(C10:C105) -> 5252 | D106: =SUM(D10:D105) -> 487 | E106: =SUM(E10:E105) -> 442 | F106: =SUM(F10:F105) -> 933 | G106: =SUM(G10:G105) -> 36 | H106: =SUM(H10:H105) -> 7 | I106: =SUM(I10:I105) -> 289 | J106: =SUM(J10:J105) -> 191 | ... P106: =SUM(P10:P105) -> 20138
B107: %ges + MCs | C107: =C106/$P$106 -> 0.26080048 | D107: =D106/$P$106 -> 0.024183136 | E107: =E106/$P$106 -> 0.021948555 | F107: =F106/$P$106 -> 0.046330321 | G107: =G106/$P$106 -> 0.0017876651 | H107: =H106/$P$106 -> 0.00034760155 | I107: =I106/$P$106 -> 0.014350978 | J107: =J106/$P$106 -> 0.0094845566 | ... N107: =N106/$P$106 -> 0
B108: %ges w/o MCs | C108: =C106/$O$106 -> 0.68216652 | D108: =D106/$O$106 -> 0.063254968 | E108: =E106/$O$106 -> 0.057410053 | F108: =F106/$O$106 -> 0.12118457 | G108: =G106/$O$106 -> 0.0046759319 | H108: =H106/$O$106 -> 0.00090920899 | I108: =I106/$O$106 -> 0.037537343 | J108: =J106/$O$106 -> 0.024808417 | ... L108: =L106/$O$106 -> 0.0038966099 | N108: =N106/$O$106 -> 0

Sheet 27.07 Lubiri-Ndeeba-24h
B1: Consultancy services for Preparation of Expressway Development Master Plan (EDMP) for Uganda
B2: MANUAL CLASSIFIED COUNT (MCC)
B3: ROAD NAME: | C3: ='22.07 Lubiri -Ndeeba'!C3:G3 -> MCC - C1 - STN03- KALINDA ROAD
C5: Date | D5: 27.07.19 | F5: Location | G5: ='26.07 Ndeeba-Lubiri-24h'!G5:H5 -> Before Shell | J5: Surveyor | K5: Nakusasira Catherine & Kagweri Martin
C6: Dir. From | D6: ='22.07 Lubiri -Ndeeba'!D6:E6 -> Lubiri | F6: Dir. To | G6: ='22.07 Lubiri -Ndeeba'!G6:H6 -> Ndeeba | J6: Supervisor | K6: ='26.07 Ndeeba-Lubiri-24h'!K6:L6 -> Denis
B8: Time / Veh Type | R8: SUMMARY TRAFFIC VOLUMES
C9: 1. Car | D9: 2. Station Wagon | E9: 3. Pickups | F9: 4. Minibus, matatu | G9: 5. Medium bus | H9: 6. Large Bus | I9: 7. Light Truck | J9: 8. Medium Truck | K9: 9. Heavy truck | L9: 10. Truck Trailer | M9: 11. Motor cycles | N9: 12. Tractors | O9: Total Excl M/Cycles | P9: Total All | R9: Time | S9: 1. Car | T9: 2. Station Wagon | U9: 3. Pickups | V9: 4. Minibus, matatu | W9: 5. Medium bus | X9: 6. Large Bus | Y9: 7. Light Truck | Z9: 8. Medium Truck | AA9: 9. Heavy truck | AB9: 10. Truck Trailer | AC9: 11. Motorcycles | AD9: 12. Tractors, Graders | AE9: Total Excl M/ Cycles | AF9: Total All
B10: 07.00 - 07.15 | C10: 23 | D10: 13 | E10: 12 | F10: 10 | G10: 0 | H10: 0 | I10: 2 | J10: 0 | K10: 0 | L10: 0 | M10: 145 | N10: 0 | O10: =SUM(C10:L10,N10) -> 60 | P10: =SUM(C10:N10) -> 205 | R10: 0700-0800 | S10: =SUM(C10:C13) -> 118 | T10: =SUM(D10:D13) -> 33 | U10: =SUM(E10:E13) -> 36 | V10: =SUM(F10:F13) -> 13 | W10: =SUM(G10:G13) -> 19 | X10: =SUM(H10:H13) -> 0 | Y10: =SUM(I10:I13) -> 10 | Z10: =SUM(J10:J13) -> 3 | ... AF10: =SUM(P10:P13) -> 902
B11: 07.15 - 07.30 | C11: 32 | D11: 7 | E11: 5 | F11: 0 | G11: 1 | H11: 0 | I11: 1 | J11: 0 | K11: 0 | L11: 0 | M11: 150 | N11: 0 | O11: =SUM(C11:L11,N11) -> 46 | P11: =SUM(C11:N11) -> 196 | R11: 0800-0900 | S11: =SUM(C14:C17) -> 296 | T11: =SUM(D14:D17) -> 41 | U11: =SUM(E14:E17) -> 86 | V11: =SUM(F14:F17) -> 45 | W11: =SUM(G14:G17) -> 9 | X11: =SUM(H14:H17) -> 3 | Y11: =SUM(I14:I17) -> 36 | Z11: =SUM(J14:J17) -> 12 | ... AF11: =SUM(P14:P17) -> 945
B12: 07.30 - 07.45 | C12: 22 | D12: 2 | E12: 2 | F12: 3 | G12: 17 | H12: 0 | I12: 0 | J12: 3 | K12: 0 | L12: 0 | M12: 180 | N12: 0 | O12: =SUM(C12:L12,N12) -> 49 | P12: =SUM(C12:N12) -> 229 | R12: 0900-1000 | S12: =SUM(C18:C21) -> 95 | T12: =SUM(D18:D21) -> 30 | U12: =SUM(E18:E21) -> 20 | V12: =SUM(F18:F21) -> 43 | W12: =SUM(G18:G21) -> 1 | X12: =SUM(H18:H21) -> 0 | Y12: =SUM(I18:I21) -> 20 | Z12: =SUM(J18:J21) -> 0 | ... AF12: =SUM(P18:P21) -> 695
B13: 07.45 - 08.00 | C13: 41 | D13: 11 | E13: 17 | F13: 0 | G13: 1 | H13: 0 | I13: 7 | J13: 0 | K13: 0 | L13: 0 | M13: 195 | N13: 0 | O13: =SUM(C13:L13,N13) -> 77 | P13: =SUM(C13:N13) -> 272 | R13: 1000-1100 | S13: =SUM(C22:C25) -> 243 | T13: =SUM(D22:D25) -> 57 | U13: =SUM(E22:E25) -> 49 | V13: =SUM(F22:F25) -> 99 | W13: =SUM(G22:G25) -> 2 | X13: =SUM(H22:H25) -> 0 | Y13: =SUM(I22:I25) -> 47 | Z13: =SUM(J22:J25) -> 1 | ... AF13: =SUM(P22:P25) -> 1519
B14: 08.00 - 08.15 | C14: 87 | D14: 7 | E14: 22 | F14: 6 | G14: 1 | H14: 1 | I14: 6 | J14: 1 | K14: 1 | L14: 0 | M14: 120 | N14: 0 | O14: =SUM(C14:L14,N14) -> 132 | P14: =SUM(C14:N14) -> 252 | R14: 1100-1200 | S14: =SUM(C26:C29) -> 340 | T14: =SUM(D26:D29) -> 35 | U14: =SUM(E26:E29) -> 33 | V14: =SUM(F26:F29) -> 61 | W14: =SUM(G26:G29) -> 1 | X14: =SUM(H26:H29) -> 0 | Y14: =SUM(I26:I29) -> 32 | Z14: =SUM(J26:J29) -> 2 | ... AF14: =SUM(P26:P29) -> 1510
B15: 08.15 - 08.30 | C15: 57 | D15: 6 | E15: 21 | F15: 26 | G15: 2 | H15: 0 | I15: 11 | J15: 2 | K15: 0 | L15: 0 | M15: 126 | N15: 0 | O15: =SUM(C15:L15,N15) -> 125 | P15: =SUM(C15:N15) -> 251 | R15: 1200-1300 | S15: =SUM(C30:C33) -> 266 | T15: =SUM(D30:D33) -> 49 | U15: =SUM(E30:E33) -> 40 | V15: =SUM(F30:F33) -> 95 | W15: =SUM(G30:G33) -> 1 | X15: =SUM(H30:H33) -> 1 | Y15: =SUM(I30:I33) -> 23 | Z15: =SUM(J30:J33) -> 2 | ... AF15: =SUM(P30:P33) -> 1738
B16: 08.30 - 08.45 | C16: 70 | D16: 11 | E16: 18 | F16: 6 | G16: 5 | H16: 0 | I16: 6 | J16: 4 | K16: 6 | L16: 0 | M16: 83 | N16: 0 | O16: =SUM(C16:L16,N16) -> 126 | P16: =SUM(C16:N16) -> 209 | R16: 1300-1400 | S16: =SUM(C34:C37) -> 205 | T16: =SUM(D34:D37) -> 81 | U16: =SUM(E34:E37) -> 37 | V16: =SUM(F34:F37) -> 58 | W16: =SUM(G34:G37) -> 0 | X16: =SUM(H34:H37) -> 0 | Y16: =SUM(I34:I37) -> 13 | Z16: =SUM(J34:J37) -> 2 | ... AF16: =SUM(P34:P37) -> 1459
B17: 08.45 - 9.00 | C17: 82 | D17: 17 | E17: 25 | F17: 7 | G17: 1 | H17: 2 | I17: 13 | J17: 5 | K17: 6 | L17: 0 | M17: 75 | N17: 0 | O17: =SUM(C17:L17,N17) -> 158 | P17: =SUM(C17:N17) -> 233 | R17: 1400-1500 | S17: =SUM(C38:C41) -> 171 | T17: =SUM(D38:D41) -> 106 | U17: =SUM(E38:E41) -> 25 | V17: =SUM(F38:F41) -> 84 | W17: =SUM(G38:G41) -> 0 | X17: =SUM(H38:H41) -> 0 | Y17: =SUM(I38:I41) -> 19 | Z17: =SUM(J38:J41) -> 4 | ... AF17: =SUM(P38:P41) -> 1326
B18: 09.00 - 09.15 | C18: 40 | D18: 3 | E18: 2 | F18: 5 | G18: 0 | H18: 0 | I18: 0 | J18: 0 | K18: 0 | L18: 0 | M18: 97 | N18: 0 | O18: =SUM(C18:L18,N18) -> 50 | P18: =SUM(C18:N18) -> 147 | R18: 1500-1600 | S18: =SUM(C42:C45) -> 332 | T18: =SUM(D42:D45) -> 35 | U18: =SUM(E42:E45) -> 36 | V18: =SUM(F42:F45) -> 37 | W18: =SUM(G42:G45) -> 2 | X18: =SUM(H42:H45) -> 3 | Y18: =SUM(I42:I45) -> 21 | Z18: =SUM(J42:J45) -> 0 | ... AF18: =SUM(P42:P45) -> 1407
B19: 09.15 - 09.30 | C19: 12 | D19: 5 | E19: 2 | F19: 4 | G19: 0 | H19: 0 | I19: 1 | J19: 0 | K19: 0 | L19: 0 | M19: 80 | N19: 0 | O19: =SUM(C19:L19,N19) -> 24 | P19: =SUM(C19:N19) -> 104 | R19: 1600-1700 | S19: =SUM(C46:C49) -> 204 | T19: =SUM(D46:D49) -> 39 | U19: =SUM(E46:E49) -> 16 | V19: =SUM(F46:F49) -> 62 | W19: =SUM(G46:G49) -> 1 | X19: =SUM(H46:H49) -> 0 | Y19: =SUM(I46:I49) -> 26 | Z19: =SUM(J46:J49) -> 3 | ... AF19: =SUM(P46:P49) -> 1382
B20: 09.30 - 09.45 | C20: 20 | D20: 8 | E20: 10 | F20: 21 | G20: 0 | H20: 0 | I20: 5 | J20: 0 | K20: 0 | L20: 0 | M20: 160 | N20: 0 | O20: =SUM(C20:L20,N20) -> 64 | P20: =SUM(C20:N20) -> 224 | R20: 1700-1800 | S20: =SUM(C50:C53) -> 168 | T20: =SUM(D50:D53) -> 51 | U20: =SUM(E50:E53) -> 18 | V20: =SUM(F50:F53) -> 58 | W20: =SUM(G50:G53) -> 0 | X20: =SUM(H50:H53) -> 0 | Y20: =SUM(I50:I53) -> 18 | Z20: =SUM(J50:J53) -> 5 | ... AF20: =SUM(P50:P53) -> 1451
B21: 09.45 - 10.00 | C21: 23 | D21: 14 | E21: 6 | F21: 13 | G21: 1 | H21: 0 | I21: 14 | J21: 0 | K21: 0 | L21: 0 | M21: 149 | N21: 0 | O21: =SUM(C21:L21,N21) -> 71 | P21: =SUM(C21:N21) -> 220 | R21: 1800-1900 | S21: =SUM(C54:C57) -> 154 | T21: =SUM(D54:D57) -> 74 | U21: =SUM(E54:E57) -> 28 | V21: =SUM(F54:F57) -> 58 | W21: =SUM(G54:G57) -> 0 | X21: =SUM(H54:H57) -> 0 | Y21: =SUM(I54:I57) -> 9 | Z21: =SUM(J54:J57) -> 4 | ... AF21: =SUM(P54:P57) -> 1321
B22: 10.00 - 10.15 | C22: 82 | D22: 17 | E22: 18 | F22: 37 | G22: 1 | H22: 0 | I22: 8 | J22: 0 | K22: 1 | L22: 0 | M22: 262 | N22: 0 | O22: =SUM(C22:L22,N22) -> 164 | P22: =SUM(C22:N22) -> 426 | R22: 1900-2000 | S22: =SUM(C58:C61) -> 156 | T22: =SUM(D58:D61) -> 42 | U22: =SUM(E58:E61) -> 27 | V22: =SUM(F58:F61) -> 102 | W22: =SUM(G58:G61) -> 13 | X22: =SUM(H58:H61) -> 0 | Y22: =SUM(I58:I61) -> 3 | Z22: =SUM(J58:J61) -> 6 | ... AF22: =SUM(P58:P61) -> 699
B23: 10.15 - 10.30 | C23: 45 | D23: 9 | E23: 11 | F23: 18 | G23: 0 | H23: 0 | I23: 13 | J23: 0 | K23: 0 | L23: 0 | M23: 253 | N23: 0 | O23: =SUM(C23:L23,N23) -> 96 | P23: =SUM(C23:N23) -> 349 | R23: 2000-2100 | S23: =SUM(C62:C65) -> 189 | T23: =SUM(D62:D65) -> 21 | U23: =SUM(E62:E65) -> 17 | V23: =SUM(F62:F65) -> 168 | W23: =SUM(G62:G65) -> 1 | X23: =SUM(H62:H65) -> 0 | Y23: =SUM(I62:I65) -> 12 | Z23: =SUM(J62:J65) -> 12 | ... AF23: =SUM(P62:P65) -> 912
B24: 10.30 - 10.45 | C24: 53 | D24: 11 | E24: 5 | F24: 11 | G24: 0 | H24: 0 | I24: 9 | J24: 1 | K24: 0 | L24: 0 | M24: 300 | N24: 0 | O24: =SUM(C24:L24,N24) -> 90 | P24: =SUM(C24:N24) -> 390 | R24: 2100-2200 | S24: =SUM(C66:C69) -> 156 | T24: =SUM(D66:D69) -> 25 | U24: =SUM(E66:E69) -> 14 | V24: =SUM(F66:F69) -> 89 | W24: =SUM(G66:G69) -> 0 | X24: =SUM(H66:H69) -> 0 | Y24: =SUM(I66:I69) -> 13 | Z24: =SUM(J66:J69) -> 8 | ... AF24: =SUM(P66:P69) -> 578
B25: 10.45 - 11.00 | C25: 63 | D25: 20 | E25: 15 | F25: 33 | G25: 1 | H25: 0 | I25: 17 | J25: 0 | K25: 0 | L25: 0 | M25: 205 | N25: 0 | O25: =SUM(C25:L25,N25) -> 149 | P25: =SUM(C25:N25) -> 354 | R25: 2200-2300 | S25: =SUM(C70:C73) -> 147 | T25: =SUM(D70:D73) -> 17 | U25: =SUM(E70:E73) -> 14 | V25: =SUM(F70:F73) -> 52 | W25: =SUM(G70:G73) -> 3 | X25: =SUM(H70:H73) -> 0 | Y25: =SUM(I70:I73) -> 7 | Z25: =SUM(J70:J73) -> 9 | ... AF25: =SUM(P70:P73) -> 463
B26: 11.00 - 11.15 | C26: 89 | D26: 10 | E26: 10 | F26: 14 | G26: 0 | H26: 0 | I26: 7 | J26: 0 | K26: 0 | L26: 0 | M26: 260 | N26: 0 | O26: =SUM(C26:L26,N26) -> 130 | P26: =SUM(C26:N26) -> 390 | R26: 2300-0000 | S26: =SUM(C74:C77) -> 108 | T26: =SUM(D74:D77) -> 7 | U26: =SUM(E74:E77) -> 3 | V26: =SUM(F74:F77) -> 7 | W26: =SUM(G74:G77) -> 3 | X26: =SUM(H74:H77) -> 0 | Y26: =SUM(I74:I77) -> 7 | Z26: =SUM(J74:J77) -> 3 | ... AF26: =SUM(P74:P77) -> 266
B27: 11.15 - 11.30 | C27: 55 | D27: 10 | E27: 10 | F27: 18 | G27: 1 | H27: 0 | I27: 7 | J27: 1 | K27: 1 | L27: 0 | M27: 298 | N27: 0 | O27: =SUM(C27:L27,N27) -> 103 | P27: =SUM(C27:N27) -> 401 | R27: 0000-0100 | S27: =SUM(C78:C81) -> 50 | T27: =SUM(D78:D81) -> 0 | U27: =SUM(E78:E81) -> 2 | V27: =SUM(F78:F81) -> 2 | W27: =SUM(G78:G81) -> 7 | X27: =SUM(H78:H81) -> 0 | Y27: =SUM(I78:I81) -> 0 | Z27: =SUM(J78:J81) -> 2 | ... AF27: =SUM(P78:P81) -> 154
B28: 11.30 - 11.45 | C28: 84 | D28: 7 | E28: 6 | F28: 10 | G28: 0 | H28: 0 | I28: 6 | J28: 1 | K28: 0 | L28: 0 | M28: 310 | N28: 0 | O28: =SUM(C28:L28,N28) -> 114 | P28: =SUM(C28:N28) -> 424 | R28: 0100-0200 | S28: =SUM(C82:C85) -> 20 | T28: =SUM(D82:D85) -> 3 | U28: =SUM(E82:E85) -> 1 | V28: =SUM(F82:F85) -> 2 | W28: =SUM(G82:G85) -> 0 | X28: =SUM(H82:H85) -> 0 | Y28: =SUM(I82:I85) -> 2 | Z28: =SUM(J82:J85) -> 1 | ... AF28: =SUM(P82:P85) -> 74
B29: 11.45 - 12.00 | C29: 112 | D29: 8 | E29: 7 | F29: 19 | G29: 0 | H29: 0 | I29: 12 | J29: 0 | K29: 0 | L29: 0 | M29: 137 | N29: 0 | O29: =SUM(C29:L29,N29) -> 158 | P29: =SUM(C29:N29) -> 295 | R29: 0200-0300 | S29: =SUM(C86:C89) -> 14 | T29: =SUM(D86:D89) -> 1 | U29: =SUM(E86:E89) -> 1 | V29: =SUM(F86:F89) -> 0 | W29: =SUM(G86:G89) -> 0 | X29: =SUM(H86:H89) -> 0 | Y29: =SUM(I86:I89) -> 2 | Z29: =SUM(J86:J89) -> 0 | ... AF29: =SUM(P86:P89) -> 35
B30: 12.00 - 12.15 | C30: 85 | D30: 17 | E30: 11 | F30: 35 | G30: 1 | H30: 1 | I30: 5 | J30: 1 | K30: 0 | L30: 0 | M30: 300 | N30: 0 | O30: =SUM(C30:L30,N30) -> 156 | P30: =SUM(C30:N30) -> 456 | R30: 0300-0400 | S30: =SUM(C90:C93) -> 9 | T30: =SUM(D90:D93) -> 1 | U30: =SUM(E90:E93) -> 0 | V30: =SUM(F90:F93) -> 0 | W30: =SUM(G90:G93) -> 0 | X30: =SUM(H90:H93) -> 0 | Y30: =SUM(I90:I93) -> 1 | Z30: =SUM(J90:J93) -> 1 | ... AF30: =SUM(P90:P93) -> 35
B31: 12.15 - 12.30 | C31: 76 | D31: 15 | E31: 12 | F31: 7 | G31: 0 | H31: 0 | I31: 5 | J31: 1 | K31: 0 | L31: 0 | M31: 350 | N31: 0 | O31: =SUM(C31:L31,N31) -> 116 | P31: =SUM(C31:N31) -> 466 | R31: 0400-0500 | S31: =SUM(C94:C97) -> 16 | T31: =SUM(D94:D97) -> 0 | U31: =SUM(E94:E97) -> 1 | V31: =SUM(F94:F97) -> 0 | W31: =SUM(G94:G97) -> 1 | X31: =SUM(H94:H97) -> 0 | Y31: =SUM(I94:I97) -> 0 | Z31: =SUM(J94:J97) -> 2 | ... AF31: =SUM(P94:P97) -> 60
B32: 12.30 - 12.45 | C32: 50 | D32: 11 | E32: 9 | F32: 37 | G32: 0 | H32: 0 | I32: 4 | J32: 0 | K32: 0 | L32: 1 | M32: 243 | N32: 0 | O32: =SUM(C32:L32,N32) -> 112 | P32: =SUM(C32:N32) -> 355 | R32: 0500-0600 | S32: =SUM(C98:C101) -> 12 | T32: =SUM(D98:D101) -> 0 | U32: =SUM(E98:E101) -> 0 | V32: =SUM(F98:F101) -> 2 | W32: =SUM(G98:G101) -> 0 | X32: =SUM(H98:H101) -> 0 | Y32: =SUM(I98:I101) -> 1 | Z32: =SUM(J98:J101) -> 1 | ... AF32: =SUM(P98:P101) -> 73
B33: 12.45 - 13.00 | C33: 55 | D33: 6 | E33: 8 | F33: 16 | G33: 0 | H33: 0 | I33: 9 | J33: 0 | K33: 1 | L33: 1 | M33: 365 | N33: 0 | O33: =SUM(C33:L33,N33) -> 96 | P33: =SUM(C33:N33) -> 461 | R33: 0600-0700 | S33: =SUM(C102:C105) -> 28 | T33: =SUM(D102:D105) -> 4 | U33: =SUM(E102:E105) -> 1 | V33: =SUM(F102:F105) -> 9 | W33: =SUM(G102:G105) -> 4 | X33: =SUM(H102:H105) -> 0 | Y33: =SUM(I102:I105) -> 2 | Z33: =SUM(J102:J105) -> 2 | ... AF33: =SUM(P102:P105) -> 132
B34: 13.00 - 13.15 | C34: 36 | D34: 11 | E34: 9 | F34: 7 | G34: 0 | H34: 0 | I34: 3 | J34: 0 | K34: 0 | L34: 0 | M34: 268 | N34: 0 | O34: =SUM(C34:L34,N34) -> 66 | P34: =SUM(C34:N34) -> 334 | R34: AM Peak Hr | S34: =MAX(S10:S12) -> 296 | T34: =MAX(T10:T12) -> 41 | U34: =MAX(U10:U12) -> 86 | V34: =MAX(V10:V12) -> 45 | W34: =MAX(W10:W12) -> 19 | X34: =MAX(X10:X12) -> 3 | Y34: =MAX(Y10:Y12) -> 36 | Z34: =MAX(Z10:Z12) -> 12 | ... AF34: =MAX(AF10:AF12) -> 945
B35: 13.15 - 13.30 | C35: 66 | D35: 21 | E35: 15 | F35: 20 | G35: 0 | H35: 0 | I35: 8 | J35: 0 | K35: 0 | L35: 0 | M35: 315 | N35: 0 | O35: =SUM(C35:L35,N35) -> 130 | P35: =SUM(C35:N35) -> 445 | R35: IP Peak Hr | S35: =MAX(S13:S18) -> 340 | T35: =MAX(T13:T18) -> 106 | U35: =MAX(U13:U18) -> 49 | V35: =MAX(V13:V18) -> 99 | W35: =MAX(W13:W18) -> 2 | X35: =MAX(X13:X18) -> 3 | Y35: =MAX(Y13:Y18) -> 47 | Z35: =MAX(Z13:Z18) -> 4 | ... AF35: =MAX(AF13:AF18) -> 1738
B36: 13.30 - 13.45 | C36: 32 | D36: 26 | E36: 8 | F36: 15 | G36: 0 | H36: 0 | I36: 0 | J36: 2 | K36: 0 | L36: 0 | M36: 205 | N36: 0 | O36: =SUM(C36:L36,N36) -> 83 | P36: =SUM(C36:N36) -> 288 | R36: PM Peak Hr | S36: =MAX(S19:S21) -> 204 | T36: =MAX(T19:T21) -> 74 | U36: =MAX(U19:U21) -> 28 | V36: =MAX(V19:V21) -> 62 | W36: =MAX(W19:W21) -> 1 | X36: =MAX(X19:X21) -> 0 | Y36: =MAX(Y19:Y21) -> 26 | Z36: =MAX(Z19:Z21) -> 5 | ... AF36: =MAX(AF19:AF21) -> 1451
B37: 13.45 - 14.00 | C37: 71 | D37: 23 | E37: 5 | F37: 16 | G37: 0 | H37: 0 | I37: 2 | J37: 0 | K37: 0 | L37: 0 | M37: 275 | N37: 0 | O37: =SUM(C37:L37,N37) -> 117 | P37: =SUM(C37:N37) -> 392 | R37: AM Period | S37: =SUM(S10:S12) -> 509 | T37: =SUM(T10:T12) -> 104 | U37: =SUM(U10:U12) -> 142 | V37: =SUM(V10:V12) -> 101 | W37: =SUM(W10:W12) -> 29 | X37: =SUM(X10:X12) -> 3 | Y37: =SUM(Y10:Y12) -> 66 | Z37: =SUM(Z10:Z12) -> 15 | ... AF37: =SUM(AF10:AF12) -> 2542
B38: 14.00 - 14.15 | C38: 65 | D38: 44 | E38: 17 | F38: 23 | G38: 0 | H38: 0 | I38: 8 | J38: 2 | K38: 0 | L38: 0 | M38: 250 | N38: 0 | O38: =SUM(C38:L38,N38) -> 159 | P38: =SUM(C38:N38) -> 409 | R38: IP Period | S38: =SUM(S13:S18) -> 1557 | T38: =SUM(T13:T18) -> 363 | U38: =SUM(U13:U18) -> 220 | V38: =SUM(V13:V18) -> 434 | W38: =SUM(W13:W18) -> 6 | X38: =SUM(X13:X18) -> 4 | Y38: =SUM(Y13:Y18) -> 155 | Z38: =SUM(Z13:Z18) -> 11 | ... AF38: =SUM(AF13:AF18) -> 8959
B39: 14.15 - 14.30 | C39: 43 | D39: 25 | E39: 1 | F39: 25 | G39: 0 | H39: 0 | I39: 4 | J39: 2 | K39: 0 | L39: 1 | M39: 235 | N39: 0 | O39: =SUM(C39:L39,N39) -> 101 | P39: =SUM(C39:N39) -> 336 | R39: PM Period | S39: =SUM(S19:S21) -> 526 | T39: =SUM(T19:T21) -> 164 | U39: =SUM(U19:U21) -> 62 | V39: =SUM(V19:V21) -> 178 | W39: =SUM(W19:W21) -> 1 | X39: =SUM(X19:X21) -> 0 | Y39: =SUM(Y19:Y21) -> 53 | Z39: =SUM(Z19:Z21) -> 12 | ... AF39: =SUM(AF19:AF21) -> 4154
B40: 14.30 - 14.45 | C40: 28 | D40: 7 | E40: 5 | F40: 11 | G40: 0 | H40: 0 | I40: 4 | J40: 0 | K40: 0 | L40: 0 | M40: 181 | N40: 0 | O40: =SUM(C40:L40,N40) -> 55 | P40: =SUM(C40:N40) -> 236 | R40: 12 Hours | S40: =SUM(S10:S21) -> 2592 | T40: =SUM(T10:T21) -> 631 | U40: =SUM(U10:U21) -> 424 | V40: =SUM(V10:V21) -> 713 | W40: =SUM(W10:W21) -> 36 | X40: =SUM(X10:X21) -> 7 | Y40: =SUM(Y10:Y21) -> 274 | Z40: =SUM(Z10:Z21) -> 38 | ... AF40: =SUM(AF10:AF21) -> 15655
B41: 14.45 - 15.00 | C41: 35 | D41: 30 | E41: 2 | F41: 25 | G41: 0 | H41: 0 | I41: 3 | J41: 0 | K41: 0 | L41: 0 | M41: 250 | N41: 0 | O41: =SUM(C41:L41,N41) -> 95 | P41: =SUM(C41:N41) -> 345 | R41: 24 Hrs/ADT | S41: =SUM(S10:S33) -> 3497 | T41: =SUM(T10:T33) -> 752 | U41: =SUM(U10:U33) -> 505 | V41: =SUM(V10:V33) -> 1146 | W41: =SUM(W10:W33) -> 68 | X41: =SUM(X10:X33) -> 7 | Y41: =SUM(Y10:Y33) -> 324 | Z41: =SUM(Z10:Z33) -> 85 | ... AF41: =SUM(AF10:AF33) -> 19136
B42: 15.00 - 15.15 | C42: 90 | D42: 6 | E42: 22 | F42: 0 | G42: 0 | H42: 3 | I42: 0 | J42: 0 | K42: 0 | L42: 0 | M42: 215 | N42: 0 | O42: =SUM(C42:L42,N42) -> 121 | P42: =SUM(C42:N42) -> 336 | R42: NEF | S42: =S41/S40 -> 1.3491512 | T42: =T41/T40 -> 1.1917591 | U42: =U41/U40 -> 1.1910377 | V42: =V41/V40 -> 1.6072931 | W42: =W41/W40 -> 1.8888889 | X42: =X41/X40 -> 1 | Y42: =Y41/Y40 -> 1.1824818 | Z42: =Z41/Z40 -> 2.2368421 | ... AF42: =AF41/AF40 -> 1.2223571
B43: 15.15 - 15.30 | C43: 60 | D43: 9 | E43: 6 | F43: 15 | G43: 1 | H43: 0 | I43: 4 | J43: 0 | K43: 0 | L43: 0 | M43: 213 | N43: 0 | O43: =SUM(C43:L43,N43) -> 95 | P43: =SUM(C43:N43) -> 308
B44: 15.30 - 15.45 | C44: 65 | D44: 11 | E44: 7 | F44: 10 | G44: 0 | H44: 0 | I44: 13 | J44: 0 | K44: 0 | L44: 0 | M44: 215 | N44: 0 | O44: =SUM(C44:L44,N44) -> 106 | P44: =SUM(C44:N44) -> 321
B45: 15.45 - 16.00 | C45: 117 | D45: 9 | E45: 1 | F45: 12 | G45: 1 | H45: 0 | I45: 4 | J45: 0 | K45: 0 | L45: 0 | M45: 298 | N45: 0 | O45: =SUM(C45:L45,N45) -> 144 | P45: =SUM(C45:N45) -> 442
B46: 16.00 - 16.15 | C46: 40 | D46: 15 | E46: 6 | F46: 15 | G46: 0 | H46: 0 | I46: 9 | J46: 0 | K46: 0 | L46: 0 | M46: 215 | N46: 0 | O46: =SUM(C46:L46,N46) -> 85 | P46: =SUM(C46:N46) -> 300
B47: 16.15 -16.30 | C47: 62 | D47: 4 | E47: 2 | F47: 17 | G47: 0 | H47: 0 | I47: 5 | J47: 0 | K47: 0 | L47: 1 | M47: 205 | N47: 0 | O47: =SUM(C47:L47,N47) -> 91 | P47: =SUM(C47:N47) -> 296
B48: 16.30 -16.45 | C48: 48 | D48: 13 | E48: 3 | F48: 19 | G48: 1 | H48: 0 | I48: 5 | J48: 0 | K48: 0 | L48: 0 | M48: 275 | N48: 0 | O48: =SUM(C48:L48,N48) -> 89 | P48: =SUM(C48:N48) -> 364
B49: 16.45 -17.00 | C49: 54 | D49: 7 | E49: 5 | F49: 11 | G49: 0 | H49: 0 | I49: 7 | J49: 3 | K49: 0 | L49: 0 | M49: 335 | N49: 0 | O49: =SUM(C49:L49,N49) -> 87 | P49: =SUM(C49:N49) -> 422
B50: 17.00 -17.15 | C50: 23 | D50: 12 | E50: 3 | F50: 16 | G50: 0 | H50: 0 | I50: 6 | J50: 1 | K50: 0 | L50: 0 | M50: 188 | N50: 0 | O50: =SUM(C50:L50,N50) -> 61 | P50: =SUM(C50:N50) -> 249
B51: 17.15 -17.30 | C51: 41 | D51: 9 | E51: 7 | F51: 12 | G51: 0 | H51: 0 | I51: 5 | J51: 0 | K51: 3 | L51: 3 | M51: 329 | N51: 0 | O51: =SUM(C51:L51,N51) -> 80 | P51: =SUM(C51:N51) -> 409
B52: 17.30 -17.45 | C52: 61 | D52: 15 | E52: 6 | F52: 15 | G52: 0 | H52: 0 | I52: 5 | J52: 2 | K52: 0 | L52: 0 | M52: 330 | N52: 0 | O52: =SUM(C52:L52,N52) -> 104 | P52: =SUM(C52:N52) -> 434
B53: 17.45 -18.00 | C53: 43 | D53: 15 | E53: 2 | F53: 15 | G53: 0 | H53: 0 | I53: 2 | J53: 2 | K53: 0 | L53: 0 | M53: 280 | N53: 0 | O53: =SUM(C53:L53,N53) -> 79 | P53: =SUM(C53:N53) -> 359
B54: 18.00 - 18.15 | C54: 39 | D54: 18 | E54: 11 | F54: 15 | G54: 0 | H54: 0 | I54: 2 | J54: 2 | K54: 0 | L54: 0 | M54: 272 | N54: 0 | O54: =SUM(C54:L54,N54) -> 87 | P54: =SUM(C54:N54) -> 359
... B105: 06.45 - 07.00 | C105: 11 | D105: 2 | E105: 0 | F105: 2 | G105: 0 | H105: 0 | I105: 0 | J105: 0 | K105: 0 | L105: 1 | M105: 33 | N105: 0 | O105: =SUM(C105:L105,N105) -> 16 | P105: =SUM(C105:N105) -> 49
B106: Totals | C106: =SUM(C10:C105) -> 3497 | D106: =SUM(D10:D105) -> 752 | E106: =SUM(E10:E105) -> 505 | F106: =SUM(F10:F105) -> 1146 | G106: =SUM(G10:G105) -> 68 | H106: =SUM(H10:H105) -> 7 | I106: =SUM(I10:I105) -> 324 | J106: =SUM(J10:J105) -> 85 | ... P106: =SUM(P10:P105) -> 19136
B107: %ges + MCs | C107: =C106/$P$106 -> 0.18274457 | D107: =D106/$P$106 -> 0.039297659 | E107: =E106/$P$106 -> 0.02639005 | F107: =F106/$P$106 -> 0.059887124 | G107: =G106/$P$106 -> 0.0035535117 | H107: =H106/$P$106 -> 0.00036580268 | I107: =I106/$P$106 -> 0.016931438 | J107: =J106/$P$106 -> 0.0044418896 | ... N107: =N106/$P$106 -> 0.00010451505
B108: %ges w/o MCs | C108: =C106/$O$106 -> 0.54368781 | D108: =D106/$O$106 -> 0.11691542 | E108: =E106/$O$106 -> 0.078513682 | F108: =F106/$O$106 -> 0.17817164 | G108: =G106/$O$106 -> 0.010572139 | H108: =H106/$O$106 -> 0.0010883085 | I108: =I106/$O$106 -> 0.050373134 | J108: =J106/$O$106 -> 0.013215174 | ... L108: =L106/$O$106 -> 0.0023320896 | N108: =N106/$O$106 -> 0.00031094527

Sheet 27.07 Ndeeba-Lubiri-24h
B1: Consultancy services for Preparation of Expressway Development Master Plan (EDMP) for Uganda
B2: MANUAL CLASSIFIED COUNT (MCC)
B3: ROAD NAME: | C3: ='22.07 Lubiri -Ndeeba'!C3:G3 -> MCC - C1 - STN03- KALINDA ROAD
C5: Date | D5: ='27.07 Lubiri-Ndeeba-24h'!D5 -> 27.07.19 | F5: Location | G5: ='27.07 Lubiri-Ndeeba-24h'!G5:H5 -> Before Shell | J5: Surveyor | K5: Kizito Gerfrey & Kayondo Drake
C6: Dir. From | D6: ='22.07 Ndeeba-Lubiri'!D6:E6 -> Ndeeba | F6: Dir. To | G6: ='22.07 Ndeeba-Lubiri'!G6:H6 -> Lubiri | J6: Supervisor | K6: ='27.07 Lubiri-Ndeeba-24h'!K6:L6 -> Denis
B8: Time / Veh Type | R8: SUMMARY TRAFFIC VOLUMES
C9: 1. Car | D9: 2. Station Wagon | E9: 3. Pickups | F9: 4. Minibus, matatu | G9: 5. Medium bus | H9: 6. Large Bus | I9: 7. Light Truck | J9: 8. Medium Truck | K9: 9. Heavy truck | L9: 10. Truck Trailer | M9: 11. Motor cycles | N9: 12. Tractors | O9: Total Excl M/Cycles | P9: Total All | R9: Time | S9: 1. Car | T9: 2. Station Wagon | U9: 3. Pickups | V9: 4. Minibus, matatu | W9: 5. Medium bus | X9: 6. Large Bus | Y9: 7. Light Truck | Z9: 8. Medium Truck | AA9: 9. Heavy truck | AB9: 10. Truck Trailer | AC9: 11. Motorcycles | AD9: 12. Tractors, Graders | AE9: Total Excl M/ Cycles | AF9: Total All
B10: 07.00 - 07.15 | C10: 76 | D10: 11 | E10: 15 | F10: 22 | G10: 1 | H10: 0 | I10: 3 | J10: 5 | K10: 1 | L10: 1 | M10: 130 | N10: 0 | O10: =SUM(C10:L10,N10) -> 135 | P10: =SUM(C10:N10) -> 265 | R10: 0700-0800 | S10: =SUM(C10:C13) -> 436 | T10: =SUM(D10:D13) -> 32 | U10: =SUM(E10:E13) -> 37 | V10: =SUM(F10:F13) -> 163 | W10: =SUM(G10:G13) -> 1 | X10: =SUM(H10:H13) -> 0 | Y10: =SUM(I10:I13) -> 23 | Z10: =SUM(J10:J13) -> 5 | ... AF10: =SUM(P10:P13) -> 1189
B11: 07.15 - 07.30 | C11: 125 | D11: 7 | E11: 2 | F11: 120 | G11: 0 | H11: 0 | I11: 11 | J11: 0 | K11: 0 | L11: 2 | M11: 160 | N11: 0 | O11: =SUM(C11:L11,N11) -> 267 | P11: =SUM(C11:N11) -> 427 | R11: 0800-0900 | S11: =SUM(C14:C17) -> 460 | T11: =SUM(D14:D17) -> 60 | U11: =SUM(E14:E17) -> 45 | V11: =SUM(F14:F17) -> 142 | W11: =SUM(G14:G17) -> 4 | X11: =SUM(H14:H17) -> 0 | Y11: =SUM(I14:I17) -> 22 | Z11: =SUM(J14:J17) -> 8 | ... AF11: =SUM(P14:P17) -> 1445
B12: 07.30 - 07.45 | C12: 115 | D12: 3 | E12: 6 | F12: 15 | G12: 0 | H12: 0 | I12: 7 | J12: 0 | K12: 0 | L12: 0 | M12: 95 | N12: 0 | O12: =SUM(C12:L12,N12) -> 146 | P12: =SUM(C12:N12) -> 241 | R12: 0900-1000 | S12: =SUM(C18:C21) -> 540 | T12: =SUM(D18:D21) -> 98 | U12: =SUM(E18:E21) -> 19 | V12: =SUM(F18:F21) -> 102 | W12: =SUM(G18:G21) -> 2 | X12: =SUM(H18:H21) -> 0 | Y12: =SUM(I18:I21) -> 27 | Z12: =SUM(J18:J21) -> 11 | ... AF12: =SUM(P18:P21) -> 1749
B13: 07.45 - 08.00 | C13: 120 | D13: 11 | E13: 14 | F13: 6 | G13: 0 | H13: 0 | I13: 2 | J13: 0 | K13: 15 | L13: 0 | M13: 88 | N13: 0 | O13: =SUM(C13:L13,N13) -> 168 | P13: =SUM(C13:N13) -> 256 | R13: 1000-1100 | S13: =SUM(C22:C25) -> 625 | T13: =SUM(D22:D25) -> 133 | U13: =SUM(E22:E25) -> 27 | V13: =SUM(F22:F25) -> 62 | W13: =SUM(G22:G25) -> 7 | X13: =SUM(H22:H25) -> 0 | Y13: =SUM(I22:I25) -> 19 | Z13: =SUM(J22:J25) -> 6 | ... AF13: =SUM(P22:P25) -> 1818
B14: 08.00 - 08.15 | C14: 100 | D14: 26 | E14: 12 | F14: 26 | G14: 2 | H14: 0 | I14: 14 | J14: 3 | K14: 4 | L14: 1 | M14: 140 | N14: 0 | O14: =SUM(C14:L14,N14) -> 188 | P14: =SUM(C14:N14) -> 328 | R14: 1100-1200 | S14: =SUM(C26:C29) -> 606 | T14: =SUM(D26:D29) -> 34 | U14: =SUM(E26:E29) -> 19 | V14: =SUM(F26:F29) -> 86 | W14: =SUM(G26:G29) -> 1 | X14: =SUM(H26:H29) -> 0 | Y14: =SUM(I26:I29) -> 13 | Z14: =SUM(J26:J29) -> 9 | ... AF14: =SUM(P26:P29) -> 1638
B15: 08.15 - 08.30 | C15: 95 | D15: 7 | E15: 17 | F15: 40 | G15: 0 | H15: 0 | I15: 0 | J15: 2 | K15: 0 | L15: 0 | M15: 160 | N15: 0 | O15: =SUM(C15:L15,N15) -> 161 | P15: =SUM(C15:N15) -> 321 | R15: 1200-1300 | S15: =SUM(C30:C33) -> 600 | T15: =SUM(D30:D33) -> 66 | U15: =SUM(E30:E33) -> 51 | V15: =SUM(F30:F33) -> 49 | W15: =SUM(G30:G33) -> 0 | X15: =SUM(H30:H33) -> 0 | Y15: =SUM(I30:I33) -> 9 | Z15: =SUM(J30:J33) -> 7 | ... AF15: =SUM(P30:P33) -> 1810
B16: 08.30 - 08.45 | C16: 130 | D16: 22 | E16: 8 | F16: 31 | G16: 0 | H16: 0 | I16: 5 | J16: 2 | K16: 3 | L16: 0 | M16: 185 | N16: 0 | O16: =SUM(C16:L16,N16) -> 201 | P16: =SUM(C16:N16) -> 386 | R16: 1300-1400 | S16: =SUM(C34:C37) -> 540 | T16: =SUM(D34:D37) -> 120 | U16: =SUM(E34:E37) -> 24 | V16: =SUM(F34:F37) -> 98 | W16: =SUM(G34:G37) -> 0 | X16: =SUM(H34:H37) -> 50 | Y16: =SUM(I34:I37) -> 11 | Z16: =SUM(J34:J37) -> 7 | ... AF16: =SUM(P34:P37) -> 1667
B17: 08.45 - 9.00 | C17: 135 | D17: 5 | E17: 8 | F17: 45 | G17: 2 | H17: 0 | I17: 3 | J17: 1 | K17: 1 | L17: 0 | M17: 210 | N17: 0 | O17: =SUM(C17:L17,N17) -> 200 | P17: =SUM(C17:N17) -> 410 | R17: 1400-1500 | S17: =SUM(C38:C41) -> 475 | T17: =SUM(D38:D41) -> 104 | U17: =SUM(E38:E41) -> 52 | V17: =SUM(F38:F41) -> 79 | W17: =SUM(G38:G41) -> 0 | X17: =SUM(H38:H41) -> 8 | Y17: =SUM(I38:I41) -> 9 | Z17: =SUM(J38:J41) -> 38 | ... AF17: =SUM(P38:P41) -> 1341
B18: 09.00 - 09.15 | C18: 115 | D18: 39 | E18: 5 | F18: 45 | G18: 1 | H18: 0 | I18: 5 | J18: 1 | K18: 0 | L18: 0 | M18: 265 | N18: 0 | O18: =SUM(C18:L18,N18) -> 211 | P18: =SUM(C18:N18) -> 476 | R18: 1500-1600 | S18: =SUM(C42:C45) -> 500 | T18: =SUM(D42:D45) -> 65 | U18: =SUM(E42:E45) -> 53 | V18: =SUM(F42:F45) -> 23 | W18: =SUM(G42:G45) -> 2 | X18: =SUM(H42:H45) -> 0 | Y18: =SUM(I42:I45) -> 16 | Z18: =SUM(J42:J45) -> 4 | ... AF18: =SUM(P42:P45) -> 1340
B19: 09.15 - 09.30 | C19: 130 | D19: 22 | E19: 6 | F19: 20 | G19: 0 | H19: 0 | I19: 5 | J19: 3 | K19: 0 | L19: 1 | M19: 170 | N19: 0 | O19: =SUM(C19:L19,N19) -> 187 | P19: =SUM(C19:N19) -> 357 | R19: 1600-1700 | S19: =SUM(C46:C49) -> 475 | T19: =SUM(D46:D49) -> 79 | U19: =SUM(E46:E49) -> 24 | V19: =SUM(F46:F49) -> 85 | W19: =SUM(G46:G49) -> 3 | X19: =SUM(H46:H49) -> 0 | Y19: =SUM(I46:I49) -> 14 | Z19: =SUM(J46:J49) -> 15 | ... AF19: =SUM(P46:P49) -> 1415
B20: 09.30 - 09.45 | C20: 155 | D20: 5 | E20: 1 | F20: 17 | G20: 1 | H20: 0 | I20: 5 | J20: 5 | K20: 1 | L20: 2 | M20: 235 | N20: 0 | O20: =SUM(C20:L20,N20) -> 192 | P20: =SUM(C20:N20) -> 427 | R20: 1700-1800 | S20: =SUM(C50:C53) -> 510 | T20: =SUM(D50:D53) -> 55 | U20: =SUM(E50:E53) -> 86 | V20: =SUM(F50:F53) -> 108 | W20: =SUM(G50:G53) -> 4 | X20: =SUM(H50:H53) -> 0 | Y20: =SUM(I50:I53) -> 22 | Z20: =SUM(J50:J53) -> 11 | ... AF20: =SUM(P50:P53) -> 1499
B21: 09.45 - 10.00 | C21: 140 | D21: 32 | E21: 7 | F21: 20 | G21: 0 | H21: 0 | I21: 12 | J21: 2 | K21: 1 | L21: 0 | M21: 275 | N21: 0 | O21: =SUM(C21:L21,N21) -> 214 | P21: =SUM(C21:N21) -> 489 | R21: 1800-1900 | S21: =SUM(C54:C57) -> 465 | T21: =SUM(D54:D57) -> 64 | U21: =SUM(E54:E57) -> 64 | V21: =SUM(F54:F57) -> 71 | W21: =SUM(G54:G57) -> 3 | X21: =SUM(H54:H57) -> 0 | Y21: =SUM(I54:I57) -> 33 | Z21: =SUM(J54:J57) -> 62 | ... AF21: =SUM(P54:P57) -> 1443
B22: 10.00 - 10.15 | C22: 155 | D22: 7 | E22: 7 | F22: 6 | G22: 6 | H22: 0 | I22: 3 | J22: 0 | K22: 0 | L22: 0 | M22: 240 | N22: 0 | O22: =SUM(C22:L22,N22) -> 184 | P22: =SUM(C22:N22) -> 424 | R22: 1900-2000 | S22: =SUM(C58:C61) -> 202 | T22: =SUM(D58:D61) -> 55 | U22: =SUM(E58:E61) -> 38 | V22: =SUM(F58:F61) -> 120 | W22: =SUM(G58:G61) -> 6 | X22: =SUM(H58:H61) -> 0 | Y22: =SUM(I58:I61) -> 24 | Z22: =SUM(J58:J61) -> 12 | ... AF22: =SUM(P58:P61) -> 1032
B23: 10.15 - 10.30 | C23: 160 | D23: 25 | E23: 6 | F23: 5 | G23: 0 | H23: 0 | I23: 7 | J23: 2 | K23: 0 | L23: 1 | M23: 240 | N23: 0 | O23: =SUM(C23:L23,N23) -> 206 | P23: =SUM(C23:N23) -> 446 | R23: 2000-2100 | S23: =SUM(C62:C65) -> 177 | T23: =SUM(D62:D65) -> 31 | U23: =SUM(E62:E65) -> 14 | V23: =SUM(F62:F65) -> 177 | W23: =SUM(G62:G65) -> 5 | X23: =SUM(H62:H65) -> 8 | Y23: =SUM(I62:I65) -> 32 | Z23: =SUM(J62:J65) -> 6 | ... AF23: =SUM(P62:P65) -> 923
B24: 10.30 - 10.45 | C24: 180 | D24: 75 | E24: 5 | F24: 45 | G24: 0 | H24: 0 | I24: 6 | J24: 0 | K24: 0 | L24: 0 | M24: 245 | N24: 0 | O24: =SUM(C24:L24,N24) -> 311 | P24: =SUM(C24:N24) -> 556 | R24: 2100-2200 | S24: =SUM(C66:C69) -> 146 | T24: =SUM(D66:D69) -> 33 | U24: =SUM(E66:E69) -> 10 | V24: =SUM(F66:F69) -> 127 | W24: =SUM(G66:G69) -> 4 | X24: =SUM(H66:H69) -> 1 | Y24: =SUM(I66:I69) -> 25 | Z24: =SUM(J66:J69) -> 9 | ... AF24: =SUM(P66:P69) -> 718
B25: 10.45 - 11.00 | C25: 130 | D25: 26 | E25: 9 | F25: 6 | G25: 1 | H25: 0 | I25: 3 | J25: 4 | K25: 1 | L25: 2 | M25: 210 | N25: 0 | O25: =SUM(C25:L25,N25) -> 182 | P25: =SUM(C25:N25) -> 392 | R25: 2200-2300 | S25: =SUM(C70:C73) -> 112 | T25: =SUM(D70:D73) -> 60 | U25: =SUM(E70:E73) -> 6 | V25: =SUM(F70:F73) -> 27 | W25: =SUM(G70:G73) -> 1 | X25: =SUM(H70:H73) -> 0 | Y25: =SUM(I70:I73) -> 11 | Z25: =SUM(J70:J73) -> 4 | ... AF25: =SUM(P70:P73) -> 490
B26: 11.00 - 11.15 | C26: 141 | D26: 5 | E26: 8 | F26: 5 | G26: 1 | H26: 0 | I26: 6 | J26: 7 | K26: 5 | L26: 0 | M26: 260 | N26: 0 | O26: =SUM(C26:L26,N26) -> 178 | P26: =SUM(C26:N26) -> 438 | R26: 2300-0000 | S26: =SUM(C74:C77) -> 52 | T26: =SUM(D74:D77) -> 31 | U26: =SUM(E74:E77) -> 8 | V26: =SUM(F74:F77) -> 10 | W26: =SUM(G74:G77) -> 0 | X26: =SUM(H74:H77) -> 0 | Y26: =SUM(I74:I77) -> 9 | Z26: =SUM(J74:J77) -> 1 | ... AF26: =SUM(P74:P77) -> 372
B27: 11.15 - 11.30 | C27: 205 | D27: 15 | E27: 4 | F27: 55 | G27: 0 | H27: 0 | I27: 3 | J27: 0 | K27: 0 | L27: 0 | M27: 215 | N27: 0 | O27: =SUM(C27:L27,N27) -> 282 | P27: =SUM(C27:N27) -> 497 | R27: 0000-0100 | S27: =SUM(C78:C81) -> 51 | T27: =SUM(D78:D81) -> 23 | U27: =SUM(E78:E81) -> 5 | V27: =SUM(F78:F81) -> 9 | W27: =SUM(G78:G81) -> 0 | X27: =SUM(H78:H81) -> 0 | Y27: =SUM(I78:I81) -> 1 | Z27: =SUM(J78:J81) -> 4 | ... AF27: =SUM(P78:P81) -> 219
B28: 11.30 - 11.45 | C28: 140 | D28: 5 | E28: 2 | F28: 20 | G28: 0 | H28: 0 | I28: 1 | J28: 2 | K28: 0 | L28: 0 | M28: 180 | N28: 0 | O28: =SUM(C28:L28,N28) -> 170 | P28: =SUM(C28:N28) -> 350 | R28: 0100-0200 | S28: =SUM(C82:C85) -> 15 | T28: =SUM(D82:D85) -> 9 | U28: =SUM(E82:E85) -> 2 | V28: =SUM(F82:F85) -> 3 | W28: =SUM(G82:G85) -> 0 | X28: =SUM(H82:H85) -> 0 | Y28: =SUM(I82:I85) -> 0 | Z28: =SUM(J82:J85) -> 0 | ... AF28: =SUM(P82:P85) -> 107
B29: 11.45 - 12.00 | C29: 120 | D29: 9 | E29: 5 | F29: 6 | G29: 0 | H29: 0 | I29: 3 | J29: 0 | K29: 0 | L29: 0 | M29: 210 | N29: 0 | O29: =SUM(C29:L29,N29) -> 143 | P29: =SUM(C29:N29) -> 353 | R29: 0200-0300 | S29: =SUM(C86:C89) -> 15 | T29: =SUM(D86:D89) -> 8 | U29: =SUM(E86:E89) -> 1 | V29: =SUM(F86:F89) -> 3 | W29: =SUM(G86:G89) -> 0 | X29: =SUM(H86:H89) -> 0 | Y29: =SUM(I86:I89) -> 1 | Z29: =SUM(J86:J89) -> 2 | ... AF29: =SUM(P86:P89) -> 98
B30: 12.00 - 12.15 | C30: 185 | D30: 15 | E30: 7 | F30: 3 | G30: 0 | H30: 0 | I30: 3 | J30: 3 | K30: 0 | L30: 1 | M30: 260 | N30: 0 | O30: =SUM(C30:L30,N30) -> 217 | P30: =SUM(C30:N30) -> 477 | R30: 0300-0400 | S30: =SUM(C90:C93) -> 13 | T30: =SUM(D90:D93) -> 4 | U30: =SUM(E90:E93) -> 2 | V30: =SUM(F90:F93) -> 0 | W30: =SUM(G90:G93) -> 0 | X30: =SUM(H90:H93) -> 0 | Y30: =SUM(I90:I93) -> 3 | Z30: =SUM(J90:J93) -> 0 | ... AF30: =SUM(P90:P93) -> 60
B31: 12.15 - 12.30 | C31: 135 | D31: 6 | E31: 3 | F31: 1 | G31: 0 | H31: 0 | I31: 2 | J31: 1 | K31: 1 | L31: 0 | M31: 370 | N31: 0 | O31: =SUM(C31:L31,N31) -> 149 | P31: =SUM(C31:N31) -> 519 | R31: 0400-0500 | S31: =SUM(C94:C97) -> 13 | T31: =SUM(D94:D97) -> 0 | U31: =SUM(E94:E97) -> 1 | V31: =SUM(F94:F97) -> 2 | W31: =SUM(G94:G97) -> 0 | X31: =SUM(H94:H97) -> 0 | Y31: =SUM(I94:I97) -> 1 | Z31: =SUM(J94:J97) -> 3 | ... AF31: =SUM(P94:P97) -> 63
B32: 12.30 - 12.45 | C32: 160 | D32: 15 | E32: 5 | F32: 0 | G32: 0 | H32: 0 | I32: 4 | J32: 2 | K32: 2 | L32: 5 | M32: 240 | N32: 0 | O32: =SUM(C32:L32,N32) -> 193 | P32: =SUM(C32:N32) -> 433 | R32: 0500-0600 | S32: =SUM(C98:C101) -> 9 | T32: =SUM(D98:D101) -> 1 | U32: =SUM(E98:E101) -> 2 | V32: =SUM(F98:F101) -> 0 | W32: =SUM(G98:G101) -> 1 | X32: =SUM(H98:H101) -> 0 | Y32: =SUM(I98:I101) -> 4 | Z32: =SUM(J98:J101) -> 1 | ... AF32: =SUM(P98:P101) -> 77
B33: 12.45 - 13.00 | C33: 120 | D33: 30 | E33: 36 | F33: 45 | G33: 0 | H33: 0 | I33: 0 | J33: 1 | K33: 0 | L33: 4 | M33: 145 | N33: 0 | O33: =SUM(C33:L33,N33) -> 236 | P33: =SUM(C33:N33) -> 381 | R33: 0600-0700 | S33: =SUM(C102:C105) -> 27 | T33: =SUM(D102:D105) -> 5 | U33: =SUM(E102:E105) -> 4 | V33: =SUM(F102:F105) -> 3 | W33: =SUM(G102:G105) -> 0 | X33: =SUM(H102:H105) -> 0 | Y33: =SUM(I102:I105) -> 4 | Z33: =SUM(J102:J105) -> 1 | ... AF33: =SUM(P102:P105) -> 139
B34: 13.00 - 13.15 | C34: 140 | D34: 30 | E34: 6 | F34: 0 | G34: 0 | H34: 0 | I34: 3 | J34: 1 | K34: 0 | L34: 1 | M34: 280 | N34: 0 | O34: =SUM(C34:L34,N34) -> 181 | P34: =SUM(C34:N34) -> 461 | R34: AM Peak Hr | S34: =MAX(S10:S12) -> 540 | T34: =MAX(T10:T12) -> 98 | U34: =MAX(U10:U12) -> 45 | V34: =MAX(V10:V12) -> 163 | W34: =MAX(W10:W12) -> 4 | X34: =MAX(X10:X12) -> 0 | Y34: =MAX(Y10:Y12) -> 27 | Z34: =MAX(Z10:Z12) -> 11 | ... AF34: =MAX(AF10:AF12) -> 1749
B35: 13.15 - 13.30 | C35: 145 | D35: 50 | E35: 6 | F35: 40 | G35: 0 | H35: 50 | I35: 3 | J35: 0 | K35: 1 | L35: 0 | M35: 180 | N35: 0 | O35: =SUM(C35:L35,N35) -> 295 | P35: =SUM(C35:N35) -> 475 | R35: IP Peak Hr | S35: =MAX(S13:S18) -> 625 | T35: =MAX(T13:T18) -> 133 | U35: =MAX(U13:U18) -> 53 | V35: =MAX(V13:V18) -> 98 | W35: =MAX(W13:W18) -> 7 | X35: =MAX(X13:X18) -> 50 | Y35: =MAX(Y13:Y18) -> 19 | Z35: =MAX(Z13:Z18) -> 38 | ... AF35: =MAX(AF13:AF18) -> 1818
B36: 13.30 - 13.45 | C36: 130 | D36: 35 | E36: 10 | F36: 45 | G36: 0 | H36: 0 | I36: 2 | J36: 5 | K36: 0 | L36: 0 | M36: 200 | N36: 0 | O36: =SUM(C36:L36,N36) -> 227 | P36: =SUM(C36:N36) -> 427 | R36: PM Peak Hr | S36: =MAX(S19:S21) -> 510 | T36: =MAX(T19:T21) -> 79 | U36: =MAX(U19:U21) -> 86 | V36: =MAX(V19:V21) -> 108 | W36: =MAX(W19:W21) -> 4 | X36: =MAX(X19:X21) -> 0 | Y36: =MAX(Y19:Y21) -> 33 | Z36: =MAX(Z19:Z21) -> 62 | ... AF36: =MAX(AF19:AF21) -> 1499
B37: 13.45 - 14.00 | C37: 125 | D37: 5 | E37: 2 | F37: 13 | G37: 0 | H37: 0 | I37: 3 | J37: 1 | K37: 0 | L37: 0 | M37: 155 | N37: 0 | O37: =SUM(C37:L37,N37) -> 149 | P37: =SUM(C37:N37) -> 304 | R37: AM Period | S37: =SUM(S10:S12) -> 1436 | T37: =SUM(T10:T12) -> 190 | U37: =SUM(U10:U12) -> 101 | V37: =SUM(V10:V12) -> 407 | W37: =SUM(W10:W12) -> 7 | X37: =SUM(X10:X12) -> 0 | Y37: =SUM(Y10:Y12) -> 72 | Z37: =SUM(Z10:Z12) -> 24 | ... AF37: =SUM(AF10:AF12) -> 4383
B38: 14.00 - 14.15 | C38: 115 | D38: 30 | E38: 14 | F38: 40 | G38: 0 | H38: 0 | I38: 1 | J38: 30 | K38: 0 | L38: 0 | M38: 140 | N38: 0 | O38: =SUM(C38:L38,N38) -> 230 | P38: =SUM(C38:N38) -> 370 | R38: IP Period | S38: =SUM(S13:S18) -> 3346 | T38: =SUM(T13:T18) -> 522 | U38: =SUM(U13:U18) -> 226 | V38: =SUM(V13:V18) -> 397 | W38: =SUM(W13:W18) -> 10 | X38: =SUM(X13:X18) -> 58 | Y38: =SUM(Y13:Y18) -> 77 | Z38: =SUM(Z13:Z18) -> 71 | ... AF38: =SUM(AF13:AF18) -> 9614
B39: 14.15 - 14.30 | C39: 130 | D39: 43 | E39: 19 | F39: 20 | G39: 0 | H39: 0 | I39: 3 | J39: 2 | K39: 0 | L39: 1 | M39: 152 | N39: 0 | O39: =SUM(C39:L39,N39) -> 218 | P39: =SUM(C39:N39) -> 370 | R39: PM Period | S39: =SUM(S19:S21) -> 1450 | T39: =SUM(T19:T21) -> 198 | U39: =SUM(U19:U21) -> 174 | V39: =SUM(V19:V21) -> 264 | W39: =SUM(W19:W21) -> 10 | X39: =SUM(X19:X21) -> 0 | Y39: =SUM(Y19:Y21) -> 69 | Z39: =SUM(Z19:Z21) -> 88 | ... AF39: =SUM(AF19:AF21) -> 4357
B40: 14.30 - 14.45 | C40: 105 | D40: 25 | E40: 13 | F40: 11 | G40: 0 | H40: 8 | I40: 2 | J40: 1 | K40: 0 | L40: 0 | M40: 137 | N40: 0 | O40: =SUM(C40:L40,N40) -> 165 | P40: =SUM(C40:N40) -> 302 | R40: 12 Hours | S40: =SUM(S10:S21) -> 6232 | T40: =SUM(T10:T21) -> 910 | U40: =SUM(U10:U21) -> 501 | V40: =SUM(V10:V21) -> 1068 | W40: =SUM(W10:W21) -> 27 | X40: =SUM(X10:X21) -> 58 | Y40: =SUM(Y10:Y21) -> 218 | Z40: =SUM(Z10:Z21) -> 183 | ... AF40: =SUM(AF10:AF21) -> 18354
B41: 14.45 - 15.00 | C41: 125 | D41: 6 | E41: 6 | F41: 8 | G41: 0 | H41: 0 | I41: 3 | J41: 5 | K41: 0 | L41: 0 | M41: 146 | N41: 0 | O41: =SUM(C41:L41,N41) -> 153 | P41: =SUM(C41:N41) -> 299 | R41: 24 Hrs/ADT | S41: =SUM(S10:S33) -> 7064 | T41: =SUM(T10:T33) -> 1170 | U41: =SUM(U10:U33) -> 594 | V41: =SUM(V10:V33) -> 1549 | W41: =SUM(W10:W33) -> 44 | X41: =SUM(X10:X33) -> 67 | Y41: =SUM(Y10:Y33) -> 333 | Z41: =SUM(Z10:Z33) -> 226 | ... AF41: =SUM(AF10:AF33) -> 22652
B42: 15.00 - 15.15 | C42: 130 | D42: 38 | E42: 6 | F42: 15 | G42: 0 | H42: 0 | I42: 2 | J42: 1 | K42: 0 | L42: 0 | M42: 183 | N42: 0 | O42: =SUM(C42:L42,N42) -> 192 | P42: =SUM(C42:N42) -> 375 | R42: NEF | S42: =S41/S40 -> 1.1335045 | T42: =T41/T40 -> 1.2857143 | U42: =U41/U40 -> 1.1856287 | V42: =V41/V40 -> 1.4503745 | W42: =W41/W40 -> 1.6296296 | X42: =X41/X40 -> 1.1551724 | Y42: =Y41/Y40 -> 1.5275229 | Z42: =Z41/Z40 -> 1.2349727 | ... AF42: =AF41/AF40 -> 1.2341724
B43: 15.15 - 15.30 | C43: 115 | D43: 3 | E43: 3 | F43: 8 | G43: 0 | H43: 0 | I43: 4 | J43: 2 | K43: 0 | L43: 0 | M43: 155 | N43: 0 | O43: =SUM(C43:L43,N43) -> 135 | P43: =SUM(C43:N43) -> 290
B44: 15.30 - 15.45 | C44: 115 | D44: 11 | E44: 35 | F44: 0 | G44: 1 | H44: 0 | I44: 0 | J44: 1 | K44: 0 | L44: 0 | M44: 140 | N44: 0 | O44: =SUM(C44:L44,N44) -> 163 | P44: =SUM(C44:N44) -> 303
B45: 15.45 - 16.00 | C45: 140 | D45: 13 | E45: 9 | F45: 0 | G45: 1 | H45: 0 | I45: 10 | J45: 0 | K45: 0 | L45: 0 | M45: 199 | N45: 0 | O45: =SUM(C45:L45,N45) -> 173 | P45: =SUM(C45:N45) -> 372
B46: 16.00 - 16.15 | C46: 130 | D46: 8 | E46: 12 | F46: 5 | G46: 0 | H46: 0 | I46: 4 | J46: 3 | K46: 1 | L46: 0 | M46: 230 | N46: 0 | O46: =SUM(C46:L46,N46) -> 163 | P46: =SUM(C46:N46) -> 393
B47: 16.15 -16.30 | C47: 110 | D47: 6 | E47: 4 | F47: 45 | G47: 1 | H47: 0 | I47: 5 | J47: 4 | K47: 0 | L47: 0 | M47: 145 | N47: 0 | O47: =SUM(C47:L47,N47) -> 175 | P47: =SUM(C47:N47) -> 320
B48: 16.30 -16.45 | C48: 125 | D48: 50 | E48: 1 | F48: 30 | G48: 1 | H48: 0 | I48: 4 | J48: 5 | K48: 0 | L48: 0 | M48: 170 | N48: 0 | O48: =SUM(C48:L48,N48) -> 216 | P48: =SUM(C48:N48) -> 386
B49: 16.45 -17.00 | C49: 110 | D49: 15 | E49: 7 | F49: 5 | G49: 1 | H49: 0 | I49: 1 | J49: 3 | K49: 0 | L49: 0 | M49: 174 | N49: 0 | O49: =SUM(C49:L49,N49) -> 142 | P49: =SUM(C49:N49) -> 316
B50: 17.00 -17.15 | C50: 140 | D50: 30 | E50: 40 | F50: 35 | G50: 3 | H50: 0 | I50: 4 | J50: 2 | K50: 0 | L50: 0 | M50: 190 | N50: 0 | O50: =SUM(C50:L50,N50) -> 254 | P50: =SUM(C50:N50) -> 444
B51: 17.15 -17.30 | C51: 125 | D51: 4 | E51: 30 | F51: 37 | G51: 0 | H51: 0 | I51: 2 | J51: 1 | K51: 1 | L51: 2 | M51: 140 | N51: 0 | O51: =SUM(C51:L51,N51) -> 202 | P51: =SUM(C51:N51) -> 342
B52: 17.30 -17.45 | C52: 135 | D52: 6 | E52: 5 | F52: 21 | G52: 1 | H52: 0 | I52: 10 | J52: 4 | K52: 0 | L52: 3 | M52: 220 | N52: 0 | O52: =SUM(C52:L52,N52) -> 185 | P52: =SUM(C52:N52) -> 405
B53: 17.45 -18.00 | C53: 110 | D53: 15 | E53: 11 | F53: 15 | G53: 0 | H53: 0 | I53: 6 | J53: 4 | K53: 5 | L53: 2 | M53: 140 | N53: 0 | O53: =SUM(C53:L53,N53) -> 168 | P53: =SUM(C53:N53) -> 308
B54: 18.00 - 18.15 | C54: 110 | D54: 5 | E54: 13 | F54: 10 | G54: 1 | H54: 0 | I54: 4 | J54: 2 | K54: 0 | L54: 0 | M54: 210 | N54: 0 | O54: =SUM(C54:L54,N54) -> 145 | P54: =SUM(C54:N54) -> 355
... B105: 06.45 - 07.00 | C105: 13 | D105: 2 | E105: 1 | F105: 3 | G105: 0 | H105: 0 | I105: 2 | J105: 1 | K105: 1 | L105: 0 | M105: 33 | N105: 0 | O105: =SUM(C105:L105,N105) -> 23 | P105: =SUM(C105:N105) -> 56
B106: Totals | C106: =SUM(C10:C105) -> 7064 | D106: =SUM(D10:D105) -> 1170 | E106: =SUM(E10:E105) -> 594 | F106: =SUM(F10:F105) -> 1549 | G106: =SUM(G10:G105) -> 44 | H106: =SUM(H10:H105) -> 67 | I106: =SUM(I10:I105) -> 333 | J106: =SUM(J10:J105) -> 226 | ... P106: =SUM(P10:P105) -> 22652
B107: %ges + MCs | C107: =C106/$P$106 -> 0.31184884 | D107: =D106/$P$106 -> 0.051651068 | E107: =E106/$P$106 -> 0.02622285 | F107: =F106/$P$106 -> 0.068382483 | G107: =G106/$P$106 -> 0.0019424333 | H107: =H106/$P$106 -> 0.0029577962 | I107: =I106/$P$106 -> 0.014700689 | J107: =J106/$P$106 -> 0.009977044 | ... N107: =N106/$P$106 -> 4.4146212e-05
B108: %ges w/o MCs | C108: =C106/$O$106 -> 0.63325863 | D108: =D106/$O$106 -> 0.1048857 | E108: =E106/$O$106 -> 0.053249664 | F108: =F106/$O$106 -> 0.1388615 | G108: =G106/$O$106 -> 0.0039444195 | H108: =H106/$O$106 -> 0.0060062752 | I108: =I106/$O$106 -> 0.029852084 | J108: =J106/$O$106 -> 0.020259973 | ... L108: =L106/$O$106 -> 0.0036754818 | N108: =N106/$O$106 -> 8.9645899e-05

Sheet 28.07 Lubiri-Ndeeba
B1: Consultancy services for Preparation of Expressway Development Master Plan (EDMP) for Uganda
B2: MANUAL CLASSIFIED COUNT (MCC)
B3: ROAD NAME: | C3: ='22.07 Lubiri -Ndeeba'!C3:G3 -> MCC - C1 - STN03- KALINDA ROAD
C5: Date | D5: 28.07.19 | F5: Location | G5: ='27.07 Ndeeba-Lubiri-24h'!G5:H5 -> Before Shell | J5: Surveyor | K5: Maiso.M.Gadafi
C6: Dir. From | D6: ='22.07 Lubiri -Ndeeba'!D6:E6 -> Lubiri | F6: Dir. To | G6: ='22.07 Lubiri -Ndeeba'!G6:H6 -> Ndeeba | J6: Supervisor | K6: ='27.07 Ndeeba-Lubiri-24h'!K6:L6 -> Denis
B8: Time / Veh Type | R8: SUMMARY TRAFFIC VOLUMES
C9: 1. Car | D9: 2. Station Wagon | E9: 3. Pickups | F9: 4. Minibus, matatu | G9: 5. Medium bus | H9: 6. Large Bus | I9: 7. Light Truck | J9: 8. Medium Truck | K9: 9. Heavy truck | L9: 10. Truck Trailer | M9: 11. Motor cycles | N9: 12. Tractors | O9: Total Excl M/Cycles | P9: Total All | R9: Time | S9: 1. Car | T9: 2. Station Wagon | U9: 3. Pickups | V9: 4. Minibus, matatu | W9: 5. Medium bus | X9: 6. Large Bus | Y9: 7. Light Truck | Z9: 8. Medium Truck | AA9: 9. Heavy truck | AB9: 10. Truck Trailer | AC9: 11. Motorcycles | AD9: 12. Tractors, Graders | AE9: Total Excl M/ Cycles | AF9: Total All
B10: 07.00 - 07.15 | C10: 6 | D10: 1 | E10: 1 | F10: 4 | G10: 0 | H10: 0 | I10: 1 | J10: 1 | K10: 0 | L10: 0 | M10: 60 | N10: 0 | O10: =SUM(C10:L10,N10) -> 14 | P10: =SUM(C10:N10) -> 74 | R10: 0700-0800 | S10: =SUM(C10:C13) -> 30 | T10: =SUM(D10:D13) -> 5 | U10: =SUM(E10:E13) -> 4 | V10: =SUM(F10:F13) -> 26 | W10: =SUM(G10:G13) -> 1 | X10: =SUM(H10:H13) -> 0 | Y10: =SUM(I10:I13) -> 5 | Z10: =SUM(J10:J13) -> 10 | ... AF10: =SUM(P10:P13) -> 294
B11: 07.15 - 07.30 | C11: 5 | D11: 2 | E11: 0 | F11: 11 | G11: 0 | H11: 0 | I11: 0 | J11: 2 | K11: 0 | L11: 0 | M11: 65 | N11: 0 | O11: =SUM(C11:L11,N11) -> 20 | P11: =SUM(C11:N11) -> 85 | R11: 0800-0900 | S11: =SUM(C14:C17) -> 39 | T11: =SUM(D14:D17) -> 11 | U11: =SUM(E14:E17) -> 7 | V11: =SUM(F14:F17) -> 29 | W11: =SUM(G14:G17) -> 1 | X11: =SUM(H14:H17) -> 0 | Y11: =SUM(I14:I17) -> 13 | Z11: =SUM(J14:J17) -> 14 | ... AF11: =SUM(P14:P17) -> 495
B12: 07.30 - 07.45 | C12: 9 | D12: 0 | E12: 0 | F12: 4 | G12: 1 | H12: 0 | I12: 3 | J12: 4 | K12: 0 | L12: 0 | M12: 60 | N12: 0 | O12: =SUM(C12:L12,N12) -> 21 | P12: =SUM(C12:N12) -> 81 | R12: 0900-1000 | S12: =SUM(C18:C21) -> 84 | T12: =SUM(D18:D21) -> 22 | U12: =SUM(E18:E21) -> 8 | V12: =SUM(F18:F21) -> 35 | W12: =SUM(G18:G21) -> 1 | X12: =SUM(H18:H21) -> 0 | Y12: =SUM(I18:I21) -> 13 | Z12: =SUM(J18:J21) -> 15 | ... AF12: =SUM(P18:P21) -> 761
B13: 07.45 - 08.00 | C13: 10 | D13: 2 | E13: 3 | F13: 7 | G13: 0 | H13: 0 | I13: 1 | J13: 3 | K13: 0 | L13: 0 | M13: 28 | N13: 0 | O13: =SUM(C13:L13,N13) -> 26 | P13: =SUM(C13:N13) -> 54 | R13: 1000-1100 | S13: =SUM(C22:C25) -> 141 | T13: =SUM(D22:D25) -> 20 | U13: =SUM(E22:E25) -> 11 | V13: =SUM(F22:F25) -> 40 | W13: =SUM(G22:G25) -> 0 | X13: =SUM(H22:H25) -> 0 | Y13: =SUM(I22:I25) -> 14 | Z13: =SUM(J22:J25) -> 11 | ... AF13: =SUM(P22:P25) -> 867
B14: 08.00 - 08.15 | C14: 4 | D14: 4 | E14: 2 | F14: 5 | G14: 0 | H14: 0 | I14: 1 | J14: 3 | K14: 1 | L14: 0 | M14: 55 | N14: 0 | O14: =SUM(C14:L14,N14) -> 20 | P14: =SUM(C14:N14) -> 75 | R14: 1100-1200 | S14: =SUM(C26:C29) -> 151 | T14: =SUM(D26:D29) -> 25 | U14: =SUM(E26:E29) -> 11 | V14: =SUM(F26:F29) -> 44 | W14: =SUM(G26:G29) -> 1 | X14: =SUM(H26:H29) -> 2 | Y14: =SUM(I26:I29) -> 29 | Z14: =SUM(J26:J29) -> 11 | ... AF14: =SUM(P26:P29) -> 1008
B15: 08.15 - 08.30 | C15: 12 | D15: 2 | E15: 2 | F15: 4 | G15: 0 | H15: 0 | I15: 2 | J15: 3 | K15: 0 | L15: 0 | M15: 80 | N15: 0 | O15: =SUM(C15:L15,N15) -> 25 | P15: =SUM(C15:N15) -> 105 | R15: 1200-1300 | S15: =SUM(C30:C33) -> 144 | T15: =SUM(D30:D33) -> 23 | U15: =SUM(E30:E33) -> 12 | V15: =SUM(F30:F33) -> 43 | W15: =SUM(G30:G33) -> 0 | X15: =SUM(H30:H33) -> 0 | Y15: =SUM(I30:I33) -> 22 | Z15: =SUM(J30:J33) -> 11 | ... AF15: =SUM(P30:P33) -> 822
B16: 08.30 - 08.45 | C16: 11 | D16: 3 | E16: 2 | F16: 14 | G16: 1 | H16: 0 | I16: 8 | J16: 7 | K16: 0 | L16: 0 | M16: 145 | N16: 0 | O16: =SUM(C16:L16,N16) -> 46 | P16: =SUM(C16:N16) -> 191 | R16: 1300-1400 | S16: =SUM(C34:C37) -> 174 | T16: =SUM(D34:D37) -> 17 | U16: =SUM(E34:E37) -> 7 | V16: =SUM(F34:F37) -> 36 | W16: =SUM(G34:G37) -> 0 | X16: =SUM(H34:H37) -> 0 | Y16: =SUM(I34:I37) -> 14 | Z16: =SUM(J34:J37) -> 13 | ... AF16: =SUM(P34:P37) -> 828
B17: 08.45 - 9.00 | C17: 12 | D17: 2 | E17: 1 | F17: 6 | G17: 0 | H17: 0 | I17: 2 | J17: 1 | K17: 0 | L17: 0 | M17: 100 | N17: 0 | O17: =SUM(C17:L17,N17) -> 24 | P17: =SUM(C17:N17) -> 124 | R17: 1400-1500 | S17: =SUM(C38:C41) -> 162 | T17: =SUM(D38:D41) -> 25 | U17: =SUM(E38:E41) -> 9 | V17: =SUM(F38:F41) -> 44 | W17: =SUM(G38:G41) -> 0 | X17: =SUM(H38:H41) -> 0 | Y17: =SUM(I38:I41) -> 18 | Z17: =SUM(J38:J41) -> 7 | ... AF17: =SUM(P38:P41) -> 769
B18: 09.00 - 09.15 | C18: 15 | D18: 14 | E18: 4 | F18: 10 | G18: 0 | H18: 0 | I18: 6 | J18: 4 | K18: 0 | L18: 1 | M18: 77 | N18: 0 | O18: =SUM(C18:L18,N18) -> 54 | P18: =SUM(C18:N18) -> 131 | R18: 1500-1600 | S18: =SUM(C42:C45) -> 151 | T18: =SUM(D42:D45) -> 18 | U18: =SUM(E42:E45) -> 8 | V18: =SUM(F42:F45) -> 37 | W18: =SUM(G42:G45) -> 1 | X18: =SUM(H42:H45) -> 0 | Y18: =SUM(I42:I45) -> 13 | Z18: =SUM(J42:J45) -> 11 | ... AF18: =SUM(P42:P45) -> 841
B19: 09.15 - 09.30 | C19: 30 | D19: 3 | E19: 1 | F19: 8 | G19: 0 | H19: 0 | I19: 3 | J19: 6 | K19: 0 | L19: 0 | M19: 115 | N19: 0 | O19: =SUM(C19:L19,N19) -> 51 | P19: =SUM(C19:N19) -> 166 | R19: 1600-1700 | S19: =SUM(C46:C49) -> 131 | T19: =SUM(D46:D49) -> 17 | U19: =SUM(E46:E49) -> 10 | V19: =SUM(F46:F49) -> 32 | W19: =SUM(G46:G49) -> 3 | X19: =SUM(H46:H49) -> 0 | Y19: =SUM(I46:I49) -> 12 | Z19: =SUM(J46:J49) -> 10 | ... AF19: =SUM(P46:P49) -> 899
B20: 09.30 - 09.45 | C20: 19 | D20: 2 | E20: 3 | F20: 9 | G20: 0 | H20: 0 | I20: 0 | J20: 4 | K20: 0 | L20: 0 | M20: 130 | N20: 0 | O20: =SUM(C20:L20,N20) -> 37 | P20: =SUM(C20:N20) -> 167 | R20: 1700-1800 | S20: =SUM(C50:C53) -> 203 | T20: =SUM(D50:D53) -> 21 | U20: =SUM(E50:E53) -> 8 | V20: =SUM(F50:F53) -> 22 | W20: =SUM(G50:G53) -> 0 | X20: =SUM(H50:H53) -> 0 | Y20: =SUM(I50:I53) -> 19 | Z20: =SUM(J50:J53) -> 13 | ... AF20: =SUM(P50:P53) -> 922
B21: 09.45 - 10.00 | C21: 20 | D21: 3 | E21: 0 | F21: 8 | G21: 1 | H21: 0 | I21: 4 | J21: 1 | K21: 0 | L21: 0 | M21: 260 | N21: 0 | O21: =SUM(C21:L21,N21) -> 37 | P21: =SUM(C21:N21) -> 297 | R21: 1800-1900 | S21: =SUM(C54:C57) -> 144 | T21: =SUM(D54:D57) -> 17 | U21: =SUM(E54:E57) -> 10 | V21: =SUM(F54:F57) -> 59 | W21: =SUM(G54:G57) -> 1 | X21: =SUM(H54:H57) -> 0 | Y21: =SUM(I54:I57) -> 18 | Z21: =SUM(J54:J57) -> 9 | ... AF21: =SUM(P54:P57) -> 800
B22: 10.00 - 10.15 | C22: 26 | D22: 7 | E22: 3 | F22: 8 | G22: 0 | H22: 0 | I22: 2 | J22: 1 | K22: 0 | L22: 0 | M22: 150 | N22: 0 | O22: =SUM(C22:L22,N22) -> 47 | P22: =SUM(C22:N22) -> 197 | R22: AM Peak Hr | S22: =MAX(S10:S12) -> 84 | T22: =MAX(T10:T12) -> 22 | U22: =MAX(U10:U12) -> 8 | V22: =MAX(V10:V12) -> 35 | W22: =MAX(W10:W12) -> 1 | X22: =MAX(X10:X12) -> 0 | Y22: =MAX(Y10:Y12) -> 13 | Z22: =MAX(Z10:Z12) -> 15 | ... AF22: =MAX(AF10:AF12) -> 761
B23: 10.15 - 10.30 | C23: 40 | D23: 5 | E23: 2 | F23: 9 | G23: 0 | H23: 0 | I23: 7 | J23: 3 | K23: 0 | L23: 0 | M23: 145 | N23: 0 | O23: =SUM(C23:L23,N23) -> 66 | P23: =SUM(C23:N23) -> 211 | R23: IP Peak Hr | S23: =MAX(S13:S18) -> 174 | T23: =MAX(T13:T18) -> 25 | U23: =MAX(U13:U18) -> 12 | V23: =MAX(V13:V18) -> 44 | W23: =MAX(W13:W18) -> 1 | X23: =MAX(X13:X18) -> 2 | Y23: =MAX(Y13:Y18) -> 29 | Z23: =MAX(Z13:Z18) -> 13 | ... AF23: =MAX(AF13:AF18) -> 1008
B24: 10.30 - 10.45 | C24: 40 | D24: 2 | E24: 2 | F24: 13 | G24: 0 | H24: 0 | I24: 3 | J24: 5 | K24: 0 | L24: 0 | M24: 170 | N24: 0 | O24: =SUM(C24:L24,N24) -> 65 | P24: =SUM(C24:N24) -> 235 | R24: PM Peak Hr | S24: =MAX(S19:S21) -> 203 | T24: =MAX(T19:T21) -> 21 | U24: =MAX(U19:U21) -> 10 | V24: =MAX(V19:V21) -> 59 | W24: =MAX(W19:W21) -> 3 | X24: =MAX(X19:X21) -> 0 | Y24: =MAX(Y19:Y21) -> 19 | Z24: =MAX(Z19:Z21) -> 13 | ... AF24: =MAX(AF19:AF21) -> 922
B25: 10.45 - 11.00 | C25: 35 | D25: 6 | E25: 4 | F25: 10 | G25: 0 | H25: 0 | I25: 2 | J25: 2 | K25: 0 | L25: 0 | M25: 165 | N25: 0 | O25: =SUM(C25:L25,N25) -> 59 | P25: =SUM(C25:N25) -> 224 | R25: AM Period | S25: =SUM(S10:S12) -> 153 | T25: =SUM(T10:T12) -> 38 | U25: =SUM(U10:U12) -> 19 | V25: =SUM(V10:V12) -> 90 | W25: =SUM(W10:W12) -> 3 | X25: =SUM(X10:X12) -> 0 | Y25: =SUM(Y10:Y12) -> 31 | Z25: =SUM(Z10:Z12) -> 39 | ... AF25: =SUM(AF10:AF12) -> 1550
B26: 11.00 - 11.15 | C26: 35 | D26: 4 | E26: 3 | F26: 11 | G26: 1 | H26: 2 | I26: 5 | J26: 3 | K26: 2 | L26: 4 | M26: 150 | N26: 0 | O26: =SUM(C26:L26,N26) -> 70 | P26: =SUM(C26:N26) -> 220 | R26: IP Period | S26: =SUM(S13:S18) -> 923 | T26: =SUM(T13:T18) -> 128 | U26: =SUM(U13:U18) -> 58 | V26: =SUM(V13:V18) -> 244 | W26: =SUM(W13:W18) -> 2 | X26: =SUM(X13:X18) -> 2 | Y26: =SUM(Y13:Y18) -> 110 | Z26: =SUM(Z13:Z18) -> 64 | ... AF26: =SUM(AF13:AF18) -> 5135
