Workbook

Sheet 22.07 Kalerwe-Kampala
B1: Consultancy services for Preparation of Expressway Development Master Plan (EDMP) for Uganda
B2: MANUAL CLASSIFIED COUNT (MCC)
B3: ROAD NAME: | C3: MCC - C1 - STN24 GAYAZA ROAD
C5: Date | D5: 22.07.19 | F5: Location | G5: Wandegeya | J5: Surveyor | K5: Christine
C6: Dir. From | D6: Kalewre | F6: Dir. To | G6: Kampala | J6: Supervisor | K6: Lawrence
B8: Time / Veh Type | R8: SUMMARY TRAFFIC VOLUMES
C9: 1. Car | D9: 2. Station Wagon | E9: 3. Pickups | F9: 4. Minibus, matatu | G9: 5. Medium bus | H9: 6. Large Bus | I9: 7. Light Truck | J9: 8. Medium Truck | K9: 9. Heavy truck | L9: 10. Truck Trailer | M9: 11. Motor cycles | N9: 12. Tractors | O9: Total Excl M/Cycles | P9: Total All | R9: Time | S9: 1. Car | T9: 2. Station Wagon | U9: 3. Pickups | V9: 4. Minibus, matatu | W9: 5. Medium bus | X9: 6. Large Bus | Y9: 7. Light Truck | Z9: 8. Medium Truck | AA9: 9. Heavy truck | AB9: 10. Truck Trailer | AC9: 11. Motorcycles | AD9: 12. Tractors, Graders | AE9: Total Excl M/ Cycles | AF9: Total All
B10: 07.00 - 07.15 | C10: 25 | D10: 40 | E10: 5 | F10: 20 | G10: 0 | H10: 1 | I10: 3 | J10: 0 | K10: 0 | L10: 0 | M10: 55 | N10: 0 | O10: =SUM(C10:L10,N10) -> 94 | P10: =SUM(C10:N10) -> 149 | R10: 0700-0800 | S10: =SUM(C10:C13) -> 86 | T10: =SUM(D10:D13) -> 145 | U10: =SUM(E10:E13) -> 19 | V10: =SUM(F10:F13) -> 92 | W10: =SUM(G10:G13) -> 2 | X10: =SUM(H10:H13) -> 1 | Y10: =SUM(I10:I13) -> 17 | Z10: =SUM(J10:J13) -> 3 | ... AF10: =SUM(P10:P13) -> 581
B11: 07.15 - 07.30 | C11: 19 | D11: 20 | E11: 6 | F11: 20 | G11: 0 | H11: 0 | I11: 3 | J11: 1 | K11: 0 | L11: 1 | M11: 50 | N11: 0 | O11: =SUM(C11:L11,N11) -> 70 | P11: =SUM(C11:N11) -> 120 | R11: 0800-0900 | S11: =SUM(C14:C17) -> 72 | T11: =SUM(D14:D17) -> 192 | U11: =SUM(E14:E17) -> 14 | V11: =SUM(F14:F17) -> 118 | W11: =SUM(G14:G17) -> 3 | X11: =SUM(H14:H17) -> 0 | Y11: =SUM(I14:I17) -> 28 | Z11: =SUM(J14:J17) -> 2 | ... AF11: =SUM(P14:P17) -> 710
B12: 07.30 - 07.45 | C12: 13 | D12: 45 | E12: 5 | F12: 19 | G12: 0 | H12: 0 | I12: 3 | J12: 0 | K12: 0 | L12: 0 | M12: 50 | N12: 0 | O12: =SUM(C12:L12,N12) -> 85 | P12: =SUM(C12:N12) -> 135 | R12: 0900-1000 | S12: =SUM(C18:C21) -> 89 | T12: =SUM(D18:D21) -> 176 | U12: =SUM(E18:E21) -> 26 | V12: =SUM(F18:F21) -> 107 | W12: =SUM(G18:G21) -> 3 | X12: =SUM(H18:H21) -> 3 | Y12: =SUM(I18:I21) -> 33 | Z12: =SUM(J18:J21) -> 9 | ... AF12: =SUM(P18:P21) -> 726
B13: 07.45 - 08.00 | C13: 29 | D13: 40 | E13: 3 | F13: 33 | G13: 2 | H13: 0 | I13: 8 | J13: 2 | K13: 0 | L13: 0 | M13: 60 | N13: 0 | O13: =SUM(C13:L13,N13) -> 117 | P13: =SUM(C13:N13) -> 177 | R13: 1000-1100 | S13: =SUM(C22:C25) -> 114 | T13: =SUM(D22:D25) -> 138 | U13: =SUM(E22:E25) -> 9 | V13: =SUM(F22:F25) -> 164 | W13: =SUM(G22:G25) -> 1 | X13: =SUM(H22:H25) -> 3 | Y13: =SUM(I22:I25) -> 25 | Z13: =SUM(J22:J25) -> 4 | ... AF13: =SUM(P22:P25) -> 771
B14: 08.00 - 08.15 | C14: 22 | D14: 42 | E14: 3 | F14: 29 | G14: 1 | H14: 0 | I14: 6 | J14: 2 | K14: 0 | L14: 0 | M14: 47 | N14: 0 | O14: =SUM(C14:L14,N14) -> 105 | P14: =SUM(C14:N14) -> 152 | R14: 1100-1200 | S14: =SUM(C26:C29) -> 75 | T14: =SUM(D26:D29) -> 96 | U14: =SUM(E26:E29) -> 13 | V14: =SUM(F26:F29) -> 134 | W14: =SUM(G26:G29) -> 1 | X14: =SUM(H26:H29) -> 1 | Y14: =SUM(I26:I29) -> 23 | Z14: =SUM(J26:J29) -> 7 | ... AF14: =SUM(P26:P29) -> 666
B15: 08.15 - 08.30 | C15: 11 | D15: 37 | E15: 4 | F15: 22 | G15: 0 | H15: 0 | I15: 4 | J15: 0 | K15: 0 | L15: 1 | M15: 55 | N15: 0 | O15: =SUM(C15:L15,N15) -> 79 | P15: =SUM(C15:N15) -> 134 | R15: 1200-1300 | S15: =SUM(C30:C33) -> 111 | T15: =SUM(D30:D33) -> 83 | U15: =SUM(E30:E33) -> 13 | V15: =SUM(F30:F33) -> 126 | W15: =SUM(G30:G33) -> 1 | X15: =SUM(H30:H33) -> 0 | Y15: =SUM(I30:I33) -> 28 | Z15: =SUM(J30:J33) -> 8 | ... AF15: =SUM(P30:P33) -> 718
B16: 08.30 - 08.45 | C16: 17 | D16: 73 | E16: 4 | F16: 37 | G16: 1 | H16: 0 | I16: 8 | J16: 0 | K16: 0 | L16: 0 | M16: 90 | N16: 0 | O16: =SUM(C16:L16,N16) -> 140 | P16: =SUM(C16:N16) -> 230 | R16: 1300-1400 | S16: =SUM(C34:C37) -> 116 | T16: =SUM(D34:D37) -> 58 | U16: =SUM(E34:E37) -> 25 | V16: =SUM(F34:F37) -> 136 | W16: =SUM(G34:G37) -> 1 | X16: =SUM(H34:H37) -> 2 | Y16: =SUM(I34:I37) -> 62 | Z16: =SUM(J34:J37) -> 6 | ... AF16: =SUM(P34:P37) -> 720
B17: 08.45 - 9.00 | C17: 22 | D17: 40 | E17: 3 | F17: 30 | G17: 1 | H17: 0 | I17: 10 | J17: 0 | K17: 0 | L17: 0 | M17: 88 | N17: 0 | O17: =SUM(C17:L17,N17) -> 106 | P17: =SUM(C17:N17) -> 194 | R17: 1400-1500 | S17: =SUM(C38:C41) -> 230 | T17: =SUM(D38:D41) -> 149 | U17: =SUM(E38:E41) -> 56 | V17: =SUM(F38:F41) -> 194 | W17: =SUM(G38:G41) -> 11 | X17: =SUM(H38:H41) -> 0 | Y17: =SUM(I38:I41) -> 61 | Z17: =SUM(J38:J41) -> 8 | ... AF17: =SUM(P38:P41) -> 1056
B18: 09.00 - 09.15 | C18: 14 | D18: 60 | E18: 7 | F18: 33 | G18: 2 | H18: 0 | I18: 11 | J18: 4 | K18: 0 | L18: 1 | M18: 53 | N18: 0 | O18: =SUM(C18:L18,N18) -> 132 | P18: =SUM(C18:N18) -> 185 | R18: 1500-1600 | S18: =SUM(C42:C45) -> 165 | T18: =SUM(D42:D45) -> 145 | U18: =SUM(E42:E45) -> 62 | V18: =SUM(F42:F45) -> 230 | W18: =SUM(G42:G45) -> 5 | X18: =SUM(H42:H45) -> 10 | Y18: =SUM(I42:I45) -> 130 | Z18: =SUM(J42:J45) -> 11 | ... AF18: =SUM(P42:P45) -> 1066
B19: 09.15 - 09.30 | C19: 15 | D19: 47 | E19: 11 | F19: 1 | G19: 1 | H19: 2 | I19: 6 | J19: 2 | K19: 0 | L19: 0 | M19: 74 | N19: 0 | O19: =SUM(C19:L19,N19) -> 85 | P19: =SUM(C19:N19) -> 159 | R19: 1600-1700 | S19: =SUM(C46:C49) -> 184 | T19: =SUM(D46:D49) -> 98 | U19: =SUM(E46:E49) -> 42 | V19: =SUM(F46:F49) -> 184 | W19: =SUM(G46:G49) -> 11 | X19: =SUM(H46:H49) -> 2 | Y19: =SUM(I46:I49) -> 84 | Z19: =SUM(J46:J49) -> 10 | ... AF19: =SUM(P46:P49) -> 867
B20: 09.30 - 09.45 | C20: 20 | D20: 29 | E20: 2 | F20: 32 | G20: 0 | H20: 1 | I20: 9 | J20: 1 | K20: 0 | L20: 0 | M20: 57 | N20: 0 | O20: =SUM(C20:L20,N20) -> 94 | P20: =SUM(C20:N20) -> 151 | R20: 1700-1800 | S20: =SUM(C50:C53) -> 140 | T20: =SUM(D50:D53) -> 113 | U20: =SUM(E50:E53) -> 53 | V20: =SUM(F50:F53) -> 145 | W20: =SUM(G50:G53) -> 14 | X20: =SUM(H50:H53) -> 7 | Y20: =SUM(I50:I53) -> 60 | Z20: =SUM(J50:J53) -> 1 | ... AF20: =SUM(P50:P53) -> 822
B21: 09.45 - 10.00 | C21: 40 | D21: 40 | E21: 6 | F21: 41 | G21: 0 | H21: 0 | I21: 7 | J21: 2 | K21: 0 | L21: 0 | M21: 95 | N21: 0 | O21: =SUM(C21:L21,N21) -> 136 | P21: =SUM(C21:N21) -> 231 | R21: 1800-1900 | S21: =SUM(C54:C57) -> 113 | T21: =SUM(D54:D57) -> 57 | U21: =SUM(E54:E57) -> 8 | V21: =SUM(F54:F57) -> 125 | W21: =SUM(G54:G57) -> 4 | X21: =SUM(H54:H57) -> 3 | Y21: =SUM(I54:I57) -> 27 | Z21: =SUM(J54:J57) -> 3 | ... AF21: =SUM(P54:P57) -> 630
B22: 10.00 - 10.15 | C22: 43 | D22: 50 | E22: 3 | F22: 49 | G22: 1 | H22: 2 | I22: 7 | J22: 2 | K22: 0 | L22: 0 | M22: 76 | N22: 0 | O22: =SUM(C22:L22,N22) -> 157 | P22: =SUM(C22:N22) -> 233 | R22: AM Peak Hr | S22: =MAX(S10:S12) -> 89 | T22: =MAX(T10:T12) -> 192 | U22: =MAX(U10:U12) -> 26 | V22: =MAX(V10:V12) -> 118 | W22: =MAX(W10:W12) -> 3 | X22: =MAX(X10:X12) -> 3 | Y22: =MAX(Y10:Y12) -> 33 | Z22: =MAX(Z10:Z12) -> 9 | ... AF22: =MAX(AF10:AF12) -> 726
B23: 10.15 - 10.30 | C23: 22 | D23: 32 | E23: 5 | F23: 44 | G23: 0 | H23: 0 | I23: 5 | J23: 2 | K23: 0 | L23: 1 | M23: 75 | N23: 0 | O23: =SUM(C23:L23,N23) -> 111 | P23: =SUM(C23:N23) -> 186 | R23: IP Peak Hr | S23: =MAX(S13:S18) -> 230 | T23: =MAX(T13:T18) -> 149 | U23: =MAX(U13:U18) -> 62 | V23: =MAX(V13:V18) -> 230 | W23: =MAX(W13:W18) -> 11 | X23: =MAX(X13:X18) -> 10 | Y23: =MAX(Y13:Y18) -> 130 | Z23: =MAX(Z13:Z18) -> 11 | ... AF23: =MAX(AF13:AF18) -> 1066
B24: 10.30 - 10.45 | C24: 21 | D24: 25 | E24: 0 | F24: 37 | G24: 0 | H24: 1 | I24: 2 | J24: 0 | K24: 1 | L24: 0 | M24: 75 | N24: 0 | O24: =SUM(C24:L24,N24) -> 87 | P24: =SUM(C24:N24) -> 162 | R24: PM Peak Hr | S24: =MAX(S19:S21) -> 184 | T24: =MAX(T19:T21) -> 113 | U24: =MAX(U19:U21) -> 53 | V24: =MAX(V19:V21) -> 184 | W24: =MAX(W19:W21) -> 14 | X24: =MAX(X19:X21) -> 7 | Y24: =MAX(Y19:Y21) -> 84 | Z24: =MAX(Z19:Z21) -> 10 | ... AF24: =MAX(AF19:AF21) -> 867
B25: 10.45 - 11.00 | C25: 28 | D25: 31 | E25: 1 | F25: 34 | G25: 0 | H25: 0 | I25: 11 | J25: 0 | K25: 0 | L25: 0 | M25: 85 | N25: 0 | O25: =SUM(C25:L25,N25) -> 105 | P25: =SUM(C25:N25) -> 190 | R25: AM Period | S25: =SUM(S10:S12) -> 247 | T25: =SUM(T10:T12) -> 513 | U25: =SUM(U10:U12) -> 59 | V25: =SUM(V10:V12) -> 317 | W25: =SUM(W10:W12) -> 8 | X25: =SUM(X10:X12) -> 4 | Y25: =SUM(Y10:Y12) -> 78 | Z25: =SUM(Z10:Z12) -> 14 | ... AF25: =SUM(AF10:AF12) -> 2017
B26: 11.00 - 11.15 | C26: 23 | D26: 30 | E26: 5 | F26: 50 | G26: 0 | H26: 0 | I26: 6 | J26: 3 | K26: 0 | L26: 0 | M26: 92 | N26: 0 | O26: =SUM(C26:L26,N26) -> 117 | P26: =SUM(C26:N26) -> 209 | R26: IP Period | S26: =SUM(S13:S18) -> 811 | T26: =SUM(T13:T18) -> 669 | U26: =SUM(U13:U18) -> 178 | V26: =SUM(V13:V18) -> 984 | W26: =SUM(W13:W18) -> 20 | X26: =SUM(X13:X18) -> 16 | Y26: =SUM(Y13:Y18) -> 329 | Z26: =SUM(Z13:Z18) -> 44 | ... AF26: =SUM(AF13:AF18) -> 4997
B27: 11.15 - 11.30 | C27: 15 | D27: 21 | E27: 0 | F27: 13 | G27: 0 | H27: 0 | I27: 7 | J27: 0 | K27: 0 | L27: 1 | M27: 95 | N27: 0 | O27: =SUM(C27:L27,N27) -> 57 | P27: =SUM(C27:N27) -> 152 | R27: PM Period | S27: =SUM(S19:S21) -> 437 | T27: =SUM(T19:T21) -> 268 | U27: =SUM(U19:U21) -> 103 | V27: =SUM(V19:V21) -> 454 | W27: =SUM(W19:W21) -> 29 | X27: =SUM(X19:X21) -> 12 | Y27: =SUM(Y19:Y21) -> 171 | Z27: =SUM(Z19:Z21) -> 14 | ... AF27: =SUM(AF19:AF21) -> 2319
B28: 11.30 - 11.45 | C28: 17 | D28: 13 | E28: 1 | F28: 30 | G28: 1 | H28: 1 | I28: 7 | J28: 3 | K28: 0 | L28: 0 | M28: 47 | N28: 0 | O28: =SUM(C28:L28,N28) -> 73 | P28: =SUM(C28:N28) -> 120 | R28: 12 Hours | S28: =SUM(S10:S21) -> 1495 | T28: =SUM(T10:T21) -> 1450 | U28: =SUM(U10:U21) -> 340 | V28: =SUM(V10:V21) -> 1755 | W28: =SUM(W10:W21) -> 57 | X28: =SUM(X10:X21) -> 32 | Y28: =SUM(Y10:Y21) -> 578 | Z28: =SUM(Z10:Z21) -> 72 | ... AF28: =SUM(AF10:AF21) -> 9333
B29: 11.45 - 12.00 | C29: 20 | D29: 32 | E29: 7 | F29: 41 | G29: 0 | H29: 0 | I29: 3 | J29: 1 | K29: 1 | L29: 0 | M29: 80 | N29: 0 | O29: =SUM(C29:L29,N29) -> 105 | P29: =SUM(C29:N29) -> 185
B30: 12.00 - 12.15 | C30: 16 | D30: 27 | E30: 2 | F30: 34 | G30: 0 | H30: 0 | I30: 4 | J30: 1 | K30: 0 | L30: 0 | M30: 85 | N30: 0 | O30: =SUM(C30:L30,N30) -> 84 | P30: =SUM(C30:N30) -> 169
B31: 12.15 - 12.30 | C31: 39 | D31: 16 | E31: 3 | F31: 29 | G31: 0 | H31: 0 | I31: 4 | J31: 3 | K31: 0 | L31: 1 | M31: 83 | N31: 0 | O31: =SUM(C31:L31,N31) -> 95 | P31: =SUM(C31:N31) -> 178
B32: 12.30 - 12.45 | C32: 29 | D32: 22 | E32: 3 | F32: 26 | G32: 1 | H32: 0 | I32: 13 | J32: 2 | K32: 0 | L32: 0 | M32: 83 | N32: 0 | O32: =SUM(C32:L32,N32) -> 96 | P32: =SUM(C32:N32) -> 179
B33: 12.45 - 13.00 | C33: 27 | D33: 18 | E33: 5 | F33: 37 | G33: 0 | H33: 0 | I33: 7 | J33: 2 | K33: 1 | L33: 0 | M33: 95 | N33: 0 | O33: =SUM(C33:L33,N33) -> 97 | P33: =SUM(C33:N33) -> 192
B34: 13.00 - 13.15 | C34: 40 | D34: 12 | E34: 7 | F34: 33 | G34: 0 | H34: 0 | I34: 15 | J34: 5 | K34: 2 | L34: 0 | M34: 105 | N34: 0 | O34: =SUM(C34:L34,N34) -> 114 | P34: =SUM(C34:N34) -> 219
B35: 13.15 - 13.30 | C35: 19 | D35: 19 | E35: 2 | F35: 26 | G35: 0 | H35: 0 | I35: 3 | J35: 0 | K35: 0 | L35: 0 | M35: 65 | N35: 0 | O35: =SUM(C35:L35,N35) -> 69 | P35: =SUM(C35:N35) -> 134
B36: 13.30 - 13.45 | C36: 19 | D36: 12 | E36: 6 | F36: 31 | G36: 0 | H36: 1 | I36: 11 | J36: 0 | K36: 0 | L36: 0 | M36: 68 | N36: 0 | O36: =SUM(C36:L36,N36) -> 80 | P36: =SUM(C36:N36) -> 148
B37: 13.45 - 14.00 | C37: 38 | D37: 15 | E37: 10 | F37: 46 | G37: 1 | H37: 1 | I37: 33 | J37: 1 | K37: 0 | L37: 0 | M37: 74 | N37: 0 | O37: =SUM(C37:L37,N37) -> 145 | P37: =SUM(C37:N37) -> 219
B38: 14.00 - 14.15 | C38: 70 | D38: 5 | E38: 8 | F38: 39 | G38: 1 | H38: 0 | I38: 15 | J38: 0 | K38: 0 | L38: 2 | M38: 68 | N38: 0 | O38: =SUM(C38:L38,N38) -> 140 | P38: =SUM(C38:N38) -> 208
B39: 14.15 - 14.30 | C39: 38 | D39: 17 | E39: 8 | F39: 40 | G39: 2 | H39: 0 | I39: 9 | J39: 1 | K39: 0 | L39: 0 | M39: 85 | N39: 0 | O39: =SUM(C39:L39,N39) -> 115 | P39: =SUM(C39:N39) -> 200
B40: 14.30 - 14.45 | C40: 58 | D40: 72 | E40: 12 | F40: 45 | G40: 5 | H40: 0 | I40: 27 | J40: 5 | K40: 0 | L40: 0 | M40: 90 | N40: 0 | O40: =SUM(C40:L40,N40) -> 224 | P40: =SUM(C40:N40) -> 314
... B57: 18.45 - 19.00 | C57: 37 | D57: 9 | E57: 1 | F57: 42 | G57: 3 | H57: 0 | I57: 6 | J57: 1 | K57: 0 | L57: 0 | M57: 70 | N57: 0 | O57: =SUM(C57:L57,N57) -> 99 | P57: =SUM(C57:N57) -> 169
B58: Totals | C58: =SUM(C10:C57) -> 1495 | D58: =SUM(D10:D57) -> 1450 | E58: =SUM(E10:E57) -> 340 | F58: =SUM(F10:F57) -> 1755 | G58: =SUM(G10:G57) -> 57 | H58: =SUM(H10:H57) -> 32 | I58: =SUM(I10:I57) -> 578 | J58: =SUM(J10:J57) -> 72 | ... P58: =SUM(P10:P57) -> 9333
B59: %ges + MCs | C59: =C58/$P$58 -> 0.16018429 | D59: =D58/$P$58 -> 0.15536269 | E59: =E58/$P$58 -> 0.036429872 | F59: =F58/$P$58 -> 0.18804243 | G59: =G58/$P$58 -> 0.006107361 | H59: =H58/$P$58 -> 0.0034286939 | I59: =I58/$P$58 -> 0.061930783 | J59: =J58/$P$58 -> 0.0077145612 | ... N59: =N58/$P$58 -> 0
B60: %ges w/o MCs | C60: =C58/$O$58 -> 0.25718218 | D60: =D58/$O$58 -> 0.24944091 | E60: =E58/$O$58 -> 0.058489592 | F60: =F58/$O$58 -> 0.30190951 | G60: =G58/$O$58 -> 0.0098056081 | H60: =H58/$O$58 -> 0.0055049028 | I60: =I58/$O$58 -> 0.099432307 | J60: =J58/$O$58 -> 0.012386031 | ... L60: =L58/$O$58 -> 0.0039566489 | N60: =N58/$O$58 -> 0

Sheet 22.07 Kampala-Kalerwe
B1: Consultancy services for Preparation of Expressway Development Master Plan (EDMP) for Uganda
B2: MANUAL CLASSIFIED COUNT (MCC)
B3: ROAD NAME: | C3: ='22.07 Kalerwe-Kampala'!C3:G3 -> MCC - C1 - STN24 GAYAZA ROAD
C5: Date | D5: ='22.07 Kalerwe-Kampala'!D5 -> 22.07.19 | F5: Location | G5: ='22.07 Kalerwe-Kampala'!G5:H5 -> Wandegeya | J5: Surveyor | K5: Beteth
C6: Dir. From | D6: Kampala | F6: Dir. To | G6: Kalerwe | J6: Supervisor | K6: Lawrence
B8: Time / Veh Type | R8: SUMMARY TRAFFIC VOLUMES
C9: 1. Car | D9: 2. Station Wagon | E9: 3. Pickups | F9: 4. Minibus, matatu | G9: 5. Medium bus | H9: 6. Large Bus | I9: 7. Light Truck | J9: 8. Medium Truck | K9: 9. Heavy truck | L9: 10. Truck Trailer | M9: 11. Motor cycles | N9: 12. Tractors | O9: Total Excl M/Cycles | P9: Total All | R9: Time | S9: 1. Car | T9: 2. Station Wagon | U9: 3. Pickups | V9: 4. Minibus, matatu | W9: 5. Medium bus | X9: 6. Large Bus | Y9: 7. Light Truck | Z9: 8. Medium Truck | AA9: 9. Heavy truck | AB9: 10. Truck Trailer | AC9: 11. Motorcycles | AD9: 12. Tractors, Graders | AE9: Total Excl M/ Cycles | AF9: Total All
B10: 07.00 - 07.15 | C10: 15 | D10: 7 | E10: 1 | F10: 50 | G10: 1 | H10: 1 | I10: 2 | J10: 0 | K10: 1 | L10: 0 | M10: 95 | N10: 0 | O10: =SUM(C10:L10,N10) -> 78 | P10: =SUM(C10:N10) -> 173 | R10: 0700-0800 | S10: =SUM(C10:C13) -> 116 | T10: =SUM(D10:D13) -> 28 | U10: =SUM(E10:E13) -> 8 | V10: =SUM(F10:F13) -> 207 | W10: =SUM(G10:G13) -> 3 | X10: =SUM(H10:H13) -> 2 | Y10: =SUM(I10:I13) -> 6 | Z10: =SUM(J10:J13) -> 8 | ... AF10: =SUM(P10:P13) -> 1000
B11: 07.15 - 07.30 | C11: 27 | D11: 6 | E11: 5 | F11: 41 | G11: 1 | H11: 0 | I11: 2 | J11: 4 | K11: 0 | L11: 0 | M11: 85 | N11: 0 | O11: =SUM(C11:L11,N11) -> 86 | P11: =SUM(C11:N11) -> 171 | R11: 0800-0900 | S11: =SUM(C14:C17) -> 82 | T11: =SUM(D14:D17) -> 12 | U11: =SUM(E14:E17) -> 18 | V11: =SUM(F14:F17) -> 245 | W11: =SUM(G14:G17) -> 5 | X11: =SUM(H14:H17) -> 1 | Y11: =SUM(I14:I17) -> 16 | Z11: =SUM(J14:J17) -> 3 | ... AF11: =SUM(P14:P17) -> 1220
B12: 07.30 - 07.45 | C12: 21 | D12: 6 | E12: 0 | F12: 68 | G12: 1 | H12: 1 | I12: 2 | J12: 0 | K12: 0 | L12: 0 | M12: 190 | N12: 0 | O12: =SUM(C12:L12,N12) -> 99 | P12: =SUM(C12:N12) -> 289 | R12: 0900-1000 | S12: =SUM(C18:C21) -> 69 | T12: =SUM(D18:D21) -> 20 | U12: =SUM(E18:E21) -> 12 | V12: =SUM(F18:F21) -> 217 | W12: =SUM(G18:G21) -> 7 | X12: =SUM(H18:H21) -> 0 | Y12: =SUM(I18:I21) -> 23 | Z12: =SUM(J18:J21) -> 22 | ... AF12: =SUM(P18:P21) -> 1366
B13: 07.45 - 08.00 | C13: 53 | D13: 9 | E13: 2 | F13: 48 | G13: 0 | H13: 0 | I13: 0 | J13: 4 | K13: 1 | L13: 0 | M13: 250 | N13: 0 | O13: =SUM(C13:L13,N13) -> 117 | P13: =SUM(C13:N13) -> 367 | R13: 1000-1100 | S13: =SUM(C22:C25) -> 80 | T13: =SUM(D22:D25) -> 24 | U13: =SUM(E22:E25) -> 7 | V13: =SUM(F22:F25) -> 200 | W13: =SUM(G22:G25) -> 0 | X13: =SUM(H22:H25) -> 3 | Y13: =SUM(I22:I25) -> 21 | Z13: =SUM(J22:J25) -> 17 | ... AF13: =SUM(P22:P25) -> 1226
B14: 08.00 - 08.15 | C14: 31 | D14: 4 | E14: 2 | F14: 51 | G14: 4 | H14: 0 | I14: 6 | J14: 2 | K14: 1 | L14: 1 | M14: 220 | N14: 0 | O14: =SUM(C14:L14,N14) -> 102 | P14: =SUM(C14:N14) -> 322 | R14: 1100-1200 | S14: =SUM(C26:C29) -> 81 | T14: =SUM(D26:D29) -> 51 | U14: =SUM(E26:E29) -> 16 | V14: =SUM(F26:F29) -> 124 | W14: =SUM(G26:G29) -> 1 | X14: =SUM(H26:H29) -> 1 | Y14: =SUM(I26:I29) -> 26 | Z14: =SUM(J26:J29) -> 12 | ... AF14: =SUM(P26:P29) -> 944
B15: 08.15 - 08.30 | C15: 6 | D15: 1 | E15: 0 | F15: 54 | G15: 0 | H15: 0 | I15: 1 | J15: 1 | K15: 0 | L15: 1 | M15: 235 | N15: 0 | O15: =SUM(C15:L15,N15) -> 64 | P15: =SUM(C15:N15) -> 299 | R15: 1200-1300 | S15: =SUM(C30:C33) -> 155 | T15: =SUM(D30:D33) -> 25 | U15: =SUM(E30:E33) -> 33 | V15: =SUM(F30:F33) -> 155 | W15: =SUM(G30:G33) -> 5 | X15: =SUM(H30:H33) -> 3 | Y15: =SUM(I30:I33) -> 27 | Z15: =SUM(J30:J33) -> 15 | ... AF15: =SUM(P30:P33) -> 863
B16: 08.30 - 08.45 | C16: 23 | D16: 4 | E16: 10 | F16: 70 | G16: 1 | H16: 0 | I16: 7 | J16: 0 | K16: 5 | L16: 0 | M16: 260 | N16: 0 | O16: =SUM(C16:L16,N16) -> 120 | P16: =SUM(C16:N16) -> 380 | R16: 1300-1400 | S16: =SUM(C34:C37) -> 129 | T16: =SUM(D34:D37) -> 26 | U16: =SUM(E34:E37) -> 14 | V16: =SUM(F34:F37) -> 123 | W16: =SUM(G34:G37) -> 0 | X16: =SUM(H34:H37) -> 2 | Y16: =SUM(I34:I37) -> 20 | Z16: =SUM(J34:J37) -> 10 | ... AF16: =SUM(P34:P37) -> 825
B17: 08.45 - 9.00 | C17: 22 | D17: 3 | E17: 6 | F17: 70 | G17: 0 | H17: 1 | I17: 2 | J17: 0 | K17: 0 | L17: 0 | M17: 115 | N17: 0 | O17: =SUM(C17:L17,N17) -> 104 | P17: =SUM(C17:N17) -> 219 | R17: 1400-1500 | S17: =SUM(C38:C41) -> 102 | T17: =SUM(D38:D41) -> 50 | U17: =SUM(E38:E41) -> 9 | V17: =SUM(F38:F41) -> 120 | W17: =SUM(G38:G41) -> 2 | X17: =SUM(H38:H41) -> 3 | Y17: =SUM(I38:I41) -> 34 | Z17: =SUM(J38:J41) -> 5 | ... AF17: =SUM(P38:P41) -> 921
B18: 09.00 - 09.15 | C18: 21 | D18: 6 | E18: 3 | F18: 42 | G18: 2 | H18: 0 | I18: 5 | J18: 4 | K18: 0 | L18: 2 | M18: 230 | N18: 0 | O18: =SUM(C18:L18,N18) -> 85 | P18: =SUM(C18:N18) -> 315 | R18: 1500-1600 | S18: =SUM(C42:C45) -> 115 | T18: =SUM(D42:D45) -> 66 | U18: =SUM(E42:E45) -> 32 | V18: =SUM(F42:F45) -> 105 | W18: =SUM(G42:G45) -> 4 | X18: =SUM(H42:H45) -> 0 | Y18: =SUM(I42:I45) -> 30 | Z18: =SUM(J42:J45) -> 12 | ... AF18: =SUM(P42:P45) -> 971
B19: 09.15 - 09.30 | C19: 15 | D19: 2 | E19: 3 | F19: 62 | G19: 3 | H19: 0 | I19: 3 | J19: 5 | K19: 0 | L19: 0 | M19: 305 | N19: 0 | O19: =SUM(C19:L19,N19) -> 93 | P19: =SUM(C19:N19) -> 398 | R19: 1600-1700 | S19: =SUM(C46:C49) -> 289 | T19: =SUM(D46:D49) -> 47 | U19: =SUM(E46:E49) -> 27 | V19: =SUM(F46:F49) -> 140 | W19: =SUM(G46:G49) -> 1 | X19: =SUM(H46:H49) -> 1 | Y19: =SUM(I46:I49) -> 56 | Z19: =SUM(J46:J49) -> 3 | ... AF19: =SUM(P46:P49) -> 1381
B20: 09.30 - 09.45 | C20: 13 | D20: 9 | E20: 1 | F20: 60 | G20: 1 | H20: 0 | I20: 7 | J20: 5 | K20: 0 | L20: 1 | M20: 190 | N20: 0 | O20: =SUM(C20:L20,N20) -> 97 | P20: =SUM(C20:N20) -> 287 | R20: 1700-1800 | S20: =SUM(C50:C53) -> 185 | T20: =SUM(D50:D53) -> 45 | U20: =SUM(E50:E53) -> 25 | V20: =SUM(F50:F53) -> 80 | W20: =SUM(G50:G53) -> 6 | X20: =SUM(H50:H53) -> 4 | Y20: =SUM(I50:I53) -> 28 | Z20: =SUM(J50:J53) -> 0 | ... AF20: =SUM(P50:P53) -> 995
B21: 09.45 - 10.00 | C21: 20 | D21: 3 | E21: 5 | F21: 53 | G21: 1 | H21: 0 | I21: 8 | J21: 8 | K21: 2 | L21: 1 | M21: 265 | N21: 0 | O21: =SUM(C21:L21,N21) -> 101 | P21: =SUM(C21:N21) -> 366 | R21: 1800-1900 | S21: =SUM(C54:C57) -> 264 | T21: =SUM(D54:D57) -> 40 | U21: =SUM(E54:E57) -> 28 | V21: =SUM(F54:F57) -> 85 | W21: =SUM(G54:G57) -> 1 | X21: =SUM(H54:H57) -> 2 | Y21: =SUM(I54:I57) -> 15 | Z21: =SUM(J54:J57) -> 11 | ... AF21: =SUM(P54:P57) -> 1268
B22: 10.00 - 10.15 | C22: 9 | D22: 7 | E22: 2 | F22: 35 | G22: 0 | H22: 2 | I22: 7 | J22: 9 | K22: 0 | L22: 0 | M22: 220 | N22: 0 | O22: =SUM(C22:L22,N22) -> 71 | P22: =SUM(C22:N22) -> 291 | R22: AM Peak Hr | S22: =MAX(S10:S12) -> 116 | T22: =MAX(T10:T12) -> 28 | U22: =MAX(U10:U12) -> 18 | V22: =MAX(V10:V12) -> 245 | W22: =MAX(W10:W12) -> 7 | X22: =MAX(X10:X12) -> 2 | Y22: =MAX(Y10:Y12) -> 23 | Z22: =MAX(Z10:Z12) -> 22 | ... AF22: =MAX(AF10:AF12) -> 1366
B23: 10.15 - 10.30 | C23: 21 | D23: 5 | E23: 1 | F23: 65 | G23: 0 | H23: 0 | I23: 5 | J23: 4 | K23: 2 | L23: 0 | M23: 225 | N23: 0 | O23: =SUM(C23:L23,N23) -> 103 | P23: =SUM(C23:N23) -> 328 | R23: IP Peak Hr | S23: =MAX(S13:S18) -> 155 | T23: =MAX(T13:T18) -> 66 | U23: =MAX(U13:U18) -> 33 | V23: =MAX(V13:V18) -> 200 | W23: =MAX(W13:W18) -> 5 | X23: =MAX(X13:X18) -> 3 | Y23: =MAX(Y13:Y18) -> 34 | Z23: =MAX(Z13:Z18) -> 17 | ... AF23: =MAX(AF13:AF18) -> 1226
B24: 10.30 - 10.45 | C24: 19 | D24: 6 | E24: 3 | F24: 40 | G24: 0 | H24: 1 | I24: 6 | J24: 3 | K24: 0 | L24: 1 | M24: 245 | N24: 0 | O24: =SUM(C24:L24,N24) -> 79 | P24: =SUM(C24:N24) -> 324 | R24: PM Peak Hr | S24: =MAX(S19:S21) -> 289 | T24: =MAX(T19:T21) -> 47 | U24: =MAX(U19:U21) -> 28 | V24: =MAX(V19:V21) -> 140 | W24: =MAX(W19:W21) -> 6 | X24: =MAX(X19:X21) -> 4 | Y24: =MAX(Y19:Y21) -> 56 | Z24: =MAX(Z19:Z21) -> 11 | ... AF24: =MAX(AF19:AF21) -> 1381
B25: 10.45 - 11.00 | C25: 31 | D25: 6 | E25: 1 | F25: 60 | G25: 0 | H25: 0 | I25: 3 | J25: 1 | K25: 0 | L25: 0 | M25: 181 | N25: 0 | O25: =SUM(C25:L25,N25) -> 102 | P25: =SUM(C25:N25) -> 283 | R25: AM Period | S25: =SUM(S10:S12) -> 267 | T25: =SUM(T10:T12) -> 60 | U25: =SUM(U10:U12) -> 38 | V25: =SUM(V10:V12) -> 669 | W25: =SUM(W10:W12) -> 15 | X25: =SUM(X10:X12) -> 3 | Y25: =SUM(Y10:Y12) -> 45 | Z25: =SUM(Z10:Z12) -> 33 | ... AF25: =SUM(AF10:AF12) -> 3586
B26: 11.00 - 11.15 | C26: 14 | D26: 12 | E26: 8 | F26: 33 | G26: 0 | H26: 0 | I26: 13 | J26: 3 | K26: 0 | L26: 0 | M26: 137 | N26: 0 | O26: =SUM(C26:L26,N26) -> 83 | P26: =SUM(C26:N26) -> 220 | R26: IP Period | S26: =SUM(S13:S18) -> 662 | T26: =SUM(T13:T18) -> 242 | U26: =SUM(U13:U18) -> 111 | V26: =SUM(V13:V18) -> 827 | W26: =SUM(W13:W18) -> 12 | X26: =SUM(X13:X18) -> 12 | Y26: =SUM(Y13:Y18) -> 158 | Z26: =SUM(Z13:Z18) -> 71 | ... AF26: =SUM(AF13:AF18) -> 5750
B27: 11.15 - 11.30 | C27: 22 | D27: 10 | E27: 2 | F27: 36 | G27: 1 | H27: 0 | I27: 2 | J27: 2 | K27: 0 | L27: 0 | M27: 150 | N27: 0 | O27: =SUM(C27:L27,N27) -> 75 | P27: =SUM(C27:N27) -> 225 | R27: PM Period | S27: =SUM(S19:S21) -> 738 | T27: =SUM(T19:T21) -> 132 | U27: =SUM(U19:U21) -> 80 | V27: =SUM(V19:V21) -> 305 | W27: =SUM(W19:W21) -> 8 | X27: =SUM(X19:X21) -> 7 | Y27: =SUM(Y19:Y21) -> 99 | Z27: =SUM(Z19:Z21) -> 14 | ... AF27: =SUM(AF19:AF21) -> 3644
B28: 11.30 - 11.45 | C28: 11 | D28: 20 | E28: 3 | F28: 26 | G28: 0 | H28: 0 | I28: 3 | J28: 3 | K28: 0 | L28: 0 | M28: 200 | N28: 0 | O28: =SUM(C28:L28,N28) -> 66 | P28: =SUM(C28:N28) -> 266 | R28: 12 Hours | S28: =SUM(S10:S21) -> 1667 | T28: =SUM(T10:T21) -> 434 | U28: =SUM(U10:U21) -> 229 | V28: =SUM(V10:V21) -> 1801 | W28: =SUM(W10:W21) -> 35 | X28: =SUM(X10:X21) -> 22 | Y28: =SUM(Y10:Y21) -> 302 | Z28: =SUM(Z10:Z21) -> 118 | ... AF28: =SUM(AF10:AF21) -> 12980
B29: 11.45 - 12.00 | C29: 34 | D29: 9 | E29: 3 | F29: 29 | G29: 0 | H29: 1 | I29: 8 | J29: 4 | K29: 0 | L29: 1 | M29: 144 | N29: 0 | O29: =SUM(C29:L29,N29) -> 89 | P29: =SUM(C29:N29) -> 233
B30: 12.00 - 12.15 | C30: 21 | D30: 3 | E30: 5 | F30: 22 | G30: 2 | H30: 1 | I30: 5 | J30: 4 | K30: 0 | L30: 0 | M30: 88 | N30: 0 | O30: =SUM(C30:L30,N30) -> 63 | P30: =SUM(C30:N30) -> 151
B31: 12.15 - 12.30 | C31: 31 | D31: 7 | E31: 8 | F31: 35 | G31: 2 | H31: 1 | I31: 5 | J31: 7 | K31: 0 | L31: 0 | M31: 98 | N31: 0 | O31: =SUM(C31:L31,N31) -> 96 | P31: =SUM(C31:N31) -> 194
B32: 12.30 - 12.45 | C32: 51 | D32: 8 | E32: 8 | F32: 38 | G32: 0 | H32: 1 | I32: 8 | J32: 0 | K32: 0 | L32: 0 | M32: 120 | N32: 0 | O32: =SUM(C32:L32,N32) -> 114 | P32: =SUM(C32:N32) -> 234
B33: 12.45 - 13.00 | C33: 52 | D33: 7 | E33: 12 | F33: 60 | G33: 1 | H33: 0 | I33: 9 | J33: 4 | K33: 1 | L33: 0 | M33: 138 | N33: 0 | O33: =SUM(C33:L33,N33) -> 146 | P33: =SUM(C33:N33) -> 284
B34: 13.00 - 13.15 | C34: 42 | D34: 9 | E34: 5 | F34: 40 | G34: 0 | H34: 0 | I34: 13 | J34: 1 | K34: 1 | L34: 0 | M34: 120 | N34: 0 | O34: =SUM(C34:L34,N34) -> 111 | P34: =SUM(C34:N34) -> 231
B35: 13.15 - 13.30 | C35: 21 | D35: 10 | E35: 6 | F35: 37 | G35: 0 | H35: 0 | I35: 2 | J35: 4 | K35: 0 | L35: 0 | M35: 125 | N35: 0 | O35: =SUM(C35:L35,N35) -> 80 | P35: =SUM(C35:N35) -> 205
B36: 13.30 - 13.45 | C36: 26 | D36: 7 | E36: 3 | F36: 21 | G36: 0 | H36: 2 | I36: 5 | J36: 5 | K36: 0 | L36: 0 | M36: 130 | N36: 0 | O36: =SUM(C36:L36,N36) -> 69 | P36: =SUM(C36:N36) -> 199
B37: 13.45 - 14.00 | C37: 40 | D37: 0 | E37: 0 | F37: 25 | G37: 0 | H37: 0 | I37: 0 | J37: 0 | K37: 0 | L37: 0 | M37: 125 | N37: 0 | O37: =SUM(C37:L37,N37) -> 65 | P37: =SUM(C37:N37) -> 190
B38: 14.00 - 14.15 | C38: 20 | D38: 15 | E38: 4 | F38: 35 | G38: 2 | H38: 0 | I38: 8 | J38: 3 | K38: 1 | L38: 0 | M38: 155 | N38: 0 | O38: =SUM(C38:L38,N38) -> 88 | P38: =SUM(C38:N38) -> 243
B39: 14.15 - 14.30 | C39: 25 | D39: 13 | E39: 5 | F39: 30 | G39: 0 | H39: 1 | I39: 10 | J39: 2 | K39: 1 | L39: 1 | M39: 200 | N39: 0 | O39: =SUM(C39:L39,N39) -> 88 | P39: =SUM(C39:N39) -> 288
B40: 14.30 - 14.45 | C40: 24 | D40: 5 | E40: 0 | F40: 30 | G40: 0 | H40: 0 | I40: 1 | J40: 0 | K40: 1 | L40: 0 | M40: 100 | N40: 0 | O40: =SUM(C40:L40,N40) -> 61 | P40: =SUM(C40:N40) -> 161
... B57: 18.45 - 19.00 | C57: 47 | D57: 7 | E57: 7 | F57: 16 | G57: 0 | H57: 0 | I57: 2 | J57: 2 | K57: 2 | L57: 0 | M57: 112 | N57: 0 | O57: =SUM(C57:L57,N57) -> 83 | P57: =SUM(C57:N57) -> 195
B58: Totals | C58: =SUM(C10:C57) -> 1667 | D58: =SUM(D10:D57) -> 434 | E58: =SUM(E10:E57) -> 229 | F58: =SUM(F10:F57) -> 1801 | G58: =SUM(G10:G57) -> 35 | H58: =SUM(H10:H57) -> 22 | I58: =SUM(I10:I57) -> 302 | J58: =SUM(J10:J57) -> 118 | ... P58: =SUM(P10:P57) -> 12980
B59: %ges + MCs | C59: =C58/$P$58 -> 0.12842835 | D59: =D58/$P$58 -> 0.033436055 | E59: =E58/$P$58 -> 0.017642527 | F59: =F58/$P$58 -> 0.13875193 | G59: =G58/$P$58 -> 0.0026964561 | H59: =H58/$P$58 -> 0.0016949153 | I59: =I58/$P$58 -> 0.023266564 | J59: =J58/$P$58 -> 0.0090909091 | ... N59: =N58/$P$58 -> 0
B60: %ges w/o MCs | C60: =C58/$O$58 -> 0.35764857 | D60: =D58/$O$58 -> 0.093113066 | E60: =E58/$O$58 -> 0.049131088 | F60: =F58/$O$58 -> 0.38639777 | G60: =G58/$O$58 -> 0.0075091182 | H60: =H58/$O$58 -> 0.0047200172 | I60: =I58/$O$58 -> 0.064792963 | J60: =J58/$O$58 -> 0.025316456 | ... L60: =L58/$O$58 -> 0.0040763785 | N60: =N58/$O$58 -> 0

Sheet 23.07 Kalerwe-Kampala
B1: Consultancy services for Preparation of Expressway Development Master Plan (EDMP) for Uganda
B2: MANUAL CLASSIFIED COUNT (MCC)
B3: ROAD NAME: | C3: MCC - C1 - STN24 GAYAZA ROAD
C5: Date | D5: 23.07.19 | F5: Location | G5: Wandegeya | J5: Surveyor | K5: Christine
C6: Dir. From | D6: Kalerwe | F6: Dir. To | G6: Kampala | J6: Supervisor | K6: Lawrence
B8: Time / Veh Type | R8: SUMMARY TRAFFIC VOLUMES
C9: 1. Car | D9: 2. Station Wagon | E9: 3. Pickups | F9: 4. Minibus, matatu | G9: 5. Medium bus | H9: 6. Large Bus | I9: 7. Light Truck | J9: 8. Medium Truck | K9: 9. Heavy truck | L9: 10. Truck Trailer | M9: 11. Motor cycles | N9: 12. Tractors | O9: Total Excl M/Cycles | P9: Total All | R9: Time | S9: 1. Car | T9: 2. Station Wagon | U9: 3. Pickups | V9: 4. Minibus, matatu | W9: 5. Medium bus | X9: 6. Large Bus | Y9: 7. Light Truck | Z9: 8. Medium Truck | AA9: 9. Heavy truck | AB9: 10. Truck Trailer | AC9: 11. Motorcycles | AD9: 12. Tractors, Graders | AE9: Total Excl M/ Cycles | AF9: Total All
B10: 07.00 - 07.15 | C10: 76 | D10: 23 | E10: 2 | F10: 39 | G10: 0 | H10: 0 | I10: 4 | J10: 0 | K10: 0 | L10: 0 | M10: 141 | N10: 0 | O10: =SUM(C10:L10,N10) -> 144 | P10: =SUM(C10:N10) -> 285 | R10: 0700-0800 | S10: =SUM(C10:C13) -> 248 | T10: =SUM(D10:D13) -> 87 | U10: =SUM(E10:E13) -> 14 | V10: =SUM(F10:F13) -> 160 | W10: =SUM(G10:G13) -> 6 | X10: =SUM(H10:H13) -> 0 | Y10: =SUM(I10:I13) -> 22 | Z10: =SUM(J10:J13) -> 0 | ... AF10: =SUM(P10:P13) -> 1210
B11: 07.15 - 07.30 | C11: 46 | D11: 31 | E11: 2 | F11: 29 | G11: 2 | H11: 0 | I11: 7 | J11: 0 | K11: 0 | L11: 0 | M11: 167 | N11: 0 | O11: =SUM(C11:L11,N11) -> 117 | P11: =SUM(C11:N11) -> 284 | R11: 0800-0900 | S11: =SUM(C14:C17) -> 187 | T11: =SUM(D14:D17) -> 57 | U11: =SUM(E14:E17) -> 19 | V11: =SUM(F14:F17) -> 151 | W11: =SUM(G14:G17) -> 1 | X11: =SUM(H14:H17) -> 0 | Y11: =SUM(I14:I17) -> 33 | Z11: =SUM(J14:J17) -> 2 | ... AF11: =SUM(P14:P17) -> 1057
B12: 07.30 - 07.45 | C12: 31 | D12: 7 | E12: 2 | F12: 15 | G12: 2 | H12: 0 | I12: 4 | J12: 0 | K12: 0 | L12: 0 | M12: 137 | N12: 0 | O12: =SUM(C12:L12,N12) -> 61 | P12: =SUM(C12:N12) -> 198 | R12: 0900-1000 | S12: =SUM(C18:C21) -> 173 | T12: =SUM(D18:D21) -> 61 | U12: =SUM(E18:E21) -> 26 | V12: =SUM(F18:F21) -> 158 | W12: =SUM(G18:G21) -> 3 | X12: =SUM(H18:H21) -> 1 | Y12: =SUM(I18:I21) -> 17 | Z12: =SUM(J18:J21) -> 5 | ... AF12: =SUM(P18:P21) -> 1139
B13: 07.45 - 08.00 | C13: 95 | D13: 26 | E13: 8 | F13: 77 | G13: 2 | H13: 0 | I13: 7 | J13: 0 | K13: 0 | L13: 0 | M13: 228 | N13: 0 | O13: =SUM(C13:L13,N13) -> 215 | P13: =SUM(C13:N13) -> 443 | R13: 1000-1100 | S13: =SUM(C22:C25) -> 256 | T13: =SUM(D22:D25) -> 54 | U13: =SUM(E22:E25) -> 19 | V13: =SUM(F22:F25) -> 247 | W13: =SUM(G22:G25) -> 2 | X13: =SUM(H22:H25) -> 1 | Y13: =SUM(I22:I25) -> 25 | Z13: =SUM(J22:J25) -> 4 | ... AF13: =SUM(P22:P25) -> 1097
B14: 08.00 - 08.15 | C14: 40 | D14: 12 | E14: 2 | F14: 11 | G14: 0 | H14: 0 | I14: 5 | J14: 0 | K14: 0 | L14: 0 | M14: 175 | N14: 0 | O14: =SUM(C14:L14,N14) -> 70 | P14: =SUM(C14:N14) -> 245 | R14: 1100-1200 | S14: =SUM(C26:C29) -> 242 | T14: =SUM(D26:D29) -> 92 | U14: =SUM(E26:E29) -> 16 | V14: =SUM(F26:F29) -> 185 | W14: =SUM(G26:G29) -> 2 | X14: =SUM(H26:H29) -> 0 | Y14: =SUM(I26:I29) -> 41 | Z14: =SUM(J26:J29) -> 1 | ... AF14: =SUM(P26:P29) -> 1155
B15: 08.15 - 08.30 | C15: 20 | D15: 3 | E15: 1 | F15: 11 | G15: 0 | H15: 0 | I15: 4 | J15: 2 | K15: 0 | L15: 0 | M15: 123 | N15: 0 | O15: =SUM(C15:L15,N15) -> 41 | P15: =SUM(C15:N15) -> 164 | R15: 1200-1300 | S15: =SUM(C30:C33) -> 235 | T15: =SUM(D30:D33) -> 141 | U15: =SUM(E30:E33) -> 22 | V15: =SUM(F30:F33) -> 168 | W15: =SUM(G30:G33) -> 4 | X15: =SUM(H30:H33) -> 1 | Y15: =SUM(I30:I33) -> 31 | Z15: =SUM(J30:J33) -> 5 | ... AF15: =SUM(P30:P33) -> 1028
B16: 08.30 - 08.45 | C16: 80 | D16: 29 | E16: 7 | F16: 71 | G16: 1 | H16: 0 | I16: 15 | J16: 0 | K16: 0 | L16: 0 | M16: 176 | N16: 0 | O16: =SUM(C16:L16,N16) -> 203 | P16: =SUM(C16:N16) -> 379 | R16: 1300-1400 | S16: =SUM(C34:C37) -> 154 | T16: =SUM(D34:D37) -> 59 | U16: =SUM(E34:E37) -> 22 | V16: =SUM(F34:F37) -> 151 | W16: =SUM(G34:G37) -> 5 | X16: =SUM(H34:H37) -> 0 | Y16: =SUM(I34:I37) -> 30 | Z16: =SUM(J34:J37) -> 5 | ... AF16: =SUM(P34:P37) -> 937
B17: 08.45 - 9.00 | C17: 47 | D17: 13 | E17: 9 | F17: 58 | G17: 0 | H17: 0 | I17: 9 | J17: 0 | K17: 0 | L17: 0 | M17: 133 | N17: 0 | O17: =SUM(C17:L17,N17) -> 136 | P17: =SUM(C17:N17) -> 269 | R17: 1400-1500 | S17: =SUM(C38:C41) -> 177 | T17: =SUM(D38:D41) -> 41 | U17: =SUM(E38:E41) -> 22 | V17: =SUM(F38:F41) -> 136 | W17: =SUM(G38:G41) -> 1 | X17: =SUM(H38:H41) -> 0 | Y17: =SUM(I38:I41) -> 41 | Z17: =SUM(J38:J41) -> 0 | ... AF17: =SUM(P38:P41) -> 873
B18: 09.00 - 09.15 | C18: 36 | D18: 20 | E18: 8 | F18: 43 | G18: 1 | H18: 0 | I18: 4 | J18: 0 | K18: 2 | L18: 0 | M18: 220 | N18: 0 | O18: =SUM(C18:L18,N18) -> 114 | P18: =SUM(C18:N18) -> 334 | R18: 1500-1600 | S18: =SUM(C42:C45) -> 152 | T18: =SUM(D42:D45) -> 51 | U18: =SUM(E42:E45) -> 20 | V18: =SUM(F42:F45) -> 134 | W18: =SUM(G42:G45) -> 2 | X18: =SUM(H42:H45) -> 1 | Y18: =SUM(I42:I45) -> 44 | Z18: =SUM(J42:J45) -> 1 | ... AF18: =SUM(P42:P45) -> 840
B19: 09.15 - 09.30 | C19: 47 | D19: 10 | E19: 2 | F19: 30 | G19: 0 | H19: 0 | I19: 3 | J19: 1 | K19: 1 | L19: 1 | M19: 145 | N19: 0 | O19: =SUM(C19:L19,N19) -> 95 | P19: =SUM(C19:N19) -> 240 | R19: 1600-1700 | S19: =SUM(C46:C49) -> 151 | T19: =SUM(D46:D49) -> 77 | U19: =SUM(E46:E49) -> 21 | V19: =SUM(F46:F49) -> 164 | W19: =SUM(G46:G49) -> 3 | X19: =SUM(H46:H49) -> 1 | Y19: =SUM(I46:I49) -> 17 | Z19: =SUM(J46:J49) -> 0 | ... AF19: =SUM(P46:P49) -> 879
B20: 09.30 - 09.45 | C20: 40 | D20: 15 | E20: 10 | F20: 25 | G20: 1 | H20: 1 | I20: 6 | J20: 0 | K20: 1 | L20: 0 | M20: 180 | N20: 0 | O20: =SUM(C20:L20,N20) -> 99 | P20: =SUM(C20:N20) -> 279 | R20: 1700-1800 | S20: =SUM(C50:C53) -> 255 | T20: =SUM(D50:D53) -> 129 | U20: =SUM(E50:E53) -> 10 | V20: =SUM(F50:F53) -> 220 | W20: =SUM(G50:G53) -> 5 | X20: =SUM(H50:H53) -> 4 | Y20: =SUM(I50:I53) -> 15 | Z20: =SUM(J50:J53) -> 3 | ... AF20: =SUM(P50:P53) -> 1142
B21: 09.45 - 10.00 | C21: 50 | D21: 16 | E21: 6 | F21: 60 | G21: 1 | H21: 0 | I21: 4 | J21: 4 | K21: 0 | L21: 0 | M21: 145 | N21: 0 | O21: =SUM(C21:L21,N21) -> 141 | P21: =SUM(C21:N21) -> 286 | R21: 1800-1900 | S21: =SUM(C54:C57) -> 176 | T21: =SUM(D54:D57) -> 44 | U21: =SUM(E54:E57) -> 31 | V21: =SUM(F54:F57) -> 196 | W21: =SUM(G54:G57) -> 4 | X21: =SUM(H54:H57) -> 4 | Y21: =SUM(I54:I57) -> 23 | Z21: =SUM(J54:J57) -> 5 | ... AF21: =SUM(P54:P57) -> 1190
B22: 10.00 - 10.15 | C22: 41 | D22: 14 | E22: 3 | F22: 37 | G22: 0 | H22: 1 | I22: 3 | J22: 0 | K22: 0 | L22: 0 | M22: 95 | N22: 0 | O22: =SUM(C22:L22,N22) -> 99 | P22: =SUM(C22:N22) -> 194 | R22: AM Peak Hr | S22: =MAX(S10:S12) -> 248 | T22: =MAX(T10:T12) -> 87 | U22: =MAX(U10:U12) -> 26 | V22: =MAX(V10:V12) -> 160 | W22: =MAX(W10:W12) -> 6 | X22: =MAX(X10:X12) -> 1 | Y22: =MAX(Y10:Y12) -> 33 | Z22: =MAX(Z10:Z12) -> 5 | ... AF22: =MAX(AF10:AF12) -> 1210
B23: 10.15 - 10.30 | C23: 85 | D23: 10 | E23: 3 | F23: 85 | G23: 0 | H23: 0 | I23: 3 | J23: 0 | K23: 0 | L23: 0 | M23: 132 | N23: 0 | O23: =SUM(C23:L23,N23) -> 186 | P23: =SUM(C23:N23) -> 318 | R23: IP Peak Hr | S23: =MAX(S13:S18) -> 256 | T23: =MAX(T13:T18) -> 141 | U23: =MAX(U13:U18) -> 22 | V23: =MAX(V13:V18) -> 247 | W23: =MAX(W13:W18) -> 5 | X23: =MAX(X13:X18) -> 1 | Y23: =MAX(Y13:Y18) -> 44 | Z23: =MAX(Z13:Z18) -> 5 | ... AF23: =MAX(AF13:AF18) -> 1155
B24: 10.30 - 10.45 | C24: 70 | D24: 15 | E24: 7 | F24: 40 | G24: 1 | H24: 0 | I24: 9 | J24: 4 | K24: 0 | L24: 0 | M24: 135 | N24: 0 | O24: =SUM(C24:L24,N24) -> 146 | P24: =SUM(C24:N24) -> 281 | R24: PM Peak Hr | S24: =MAX(S19:S21) -> 255 | T24: =MAX(T19:T21) -> 129 | U24: =MAX(U19:U21) -> 31 | V24: =MAX(V19:V21) -> 220 | W24: =MAX(W19:W21) -> 5 | X24: =MAX(X19:X21) -> 4 | Y24: =MAX(Y19:Y21) -> 23 | Z24: =MAX(Z19:Z21) -> 5 | ... AF24: =MAX(AF19:AF21) -> 1190
B25: 10.45 - 11.00 | C25: 60 | D25: 15 | E25: 6 | F25: 85 | G25: 1 | H25: 0 | I25: 10 | J25: 0 | K25: 0 | L25: 1 | M25: 126 | N25: 0 | O25: =SUM(C25:L25,N25) -> 178 | P25: =SUM(C25:N25) -> 304 | R25: AM Period | S25: =SUM(S10:S12) -> 608 | T25: =SUM(T10:T12) -> 205 | U25: =SUM(U10:U12) -> 59 | V25: =SUM(V10:V12) -> 469 | W25: =SUM(W10:W12) -> 10 | X25: =SUM(X10:X12) -> 1 | Y25: =SUM(Y10:Y12) -> 72 | Z25: =SUM(Z10:Z12) -> 7 | ... AF25: =SUM(AF10:AF12) -> 3406
B26: 11.00 - 11.15 | C26: 80 | D26: 30 | E26: 6 | F26: 80 | G26: 0 | H26: 0 | I26: 13 | J26: 0 | K26: 0 | L26: 0 | M26: 170 | N26: 0 | O26: =SUM(C26:L26,N26) -> 209 | P26: =SUM(C26:N26) -> 379 | R26: IP Period | S26: =SUM(S13:S18) -> 1216 | T26: =SUM(T13:T18) -> 438 | U26: =SUM(U13:U18) -> 121 | V26: =SUM(V13:V18) -> 1021 | W26: =SUM(W13:W18) -> 16 | X26: =SUM(X13:X18) -> 3 | Y26: =SUM(Y13:Y18) -> 212 | Z26: =SUM(Z13:Z18) -> 16 | ... AF26: =SUM(AF13:AF18) -> 5930
B27: 11.15 - 11.30 | C27: 42 | D27: 28 | E27: 5 | F27: 52 | G27: 2 | H27: 0 | I27: 7 | J27: 0 | K27: 0 | L27: 0 | M27: 131 | N27: 0 | O27: =SUM(C27:L27,N27) -> 136 | P27: =SUM(C27:N27) -> 267 | R27: PM Period | S27: =SUM(S19:S21) -> 582 | T27: =SUM(T19:T21) -> 250 | U27: =SUM(U19:U21) -> 62 | V27: =SUM(V19:V21) -> 580 | W27: =SUM(W19:W21) -> 12 | X27: =SUM(X19:X21) -> 9 | Y27: =SUM(Y19:Y21) -> 55 | Z27: =SUM(Z19:Z21) -> 8 | ... AF27: =SUM(AF19:AF21) -> 3211
B28: 11.30 - 11.45 | C28: 75 | D28: 15 | E28: 0 | F28: 25 | G28: 0 | H28: 0 | I28: 4 | J28: 0 | K28: 0 | L28: 0 | M28: 85 | N28: 0 | O28: =SUM(C28:L28,N28) -> 119 | P28: =SUM(C28:N28) -> 204 | R28: 12 Hours | S28: =SUM(S10:S21) -> 2406 | T28: =SUM(T10:T21) -> 893 | U28: =SUM(U10:U21) -> 242 | V28: =SUM(V10:V21) -> 2070 | W28: =SUM(W10:W21) -> 38 | X28: =SUM(X10:X21) -> 13 | Y28: =SUM(Y10:Y21) -> 339 | Z28: =SUM(Z10:Z21) -> 31 | ... AF28: =SUM(AF10:AF21) -> 12547
B29: 11.45 - 12.00 | C29: 45 | D29: 19 | E29: 5 | F29: 28 | G29: 0 | H29: 0 | I29: 17 | J29: 1 | K29: 0 | L29: 0 | M29: 190 | N29: 0 | O29: =SUM(C29:L29,N29) -> 115 | P29: =SUM(C29:N29) -> 305
B30: 12.00 - 12.15 | C30: 65 | D30: 65 | E30: 6 | F30: 10 | G30: 0 | H30: 0 | I30: 3 | J30: 0 | K30: 0 | L30: 0 | M30: 45 | N30: 0 | O30: =SUM(C30:L30,N30) -> 149 | P30: =SUM(C30:N30) -> 194
B31: 12.15 - 12.30 | C31: 70 | D31: 45 | E31: 2 | F31: 75 | G31: 2 | H31: 0 | I31: 6 | J31: 5 | K31: 0 | L31: 0 | M31: 148 | N31: 0 | O31: =SUM(C31:L31,N31) -> 205 | P31: =SUM(C31:N31) -> 353
B32: 12.30 - 12.45 | C32: 45 | D32: 20 | E32: 10 | F32: 29 | G32: 0 | H32: 0 | I32: 12 | J32: 0 | K32: 2 | L32: 0 | M32: 145 | N32: 0 | O32: =SUM(C32:L32,N32) -> 118 | P32: =SUM(C32:N32) -> 263
B33: 12.45 - 13.00 | C33: 55 | D33: 11 | E33: 4 | F33: 54 | G33: 2 | H33: 1 | I33: 10 | J33: 0 | K33: 1 | L33: 0 | M33: 80 | N33: 0 | O33: =SUM(C33:L33,N33) -> 138 | P33: =SUM(C33:N33) -> 218
B34: 13.00 - 13.15 | C34: 43 | D34: 16 | E34: 0 | F34: 47 | G34: 0 | H34: 0 | I34: 10 | J34: 2 | K34: `1 | L34: 2 | M34: 125 | N34: 0 | O34: =SUM(C34:L34,N34) -> 120 | P34: =SUM(C34:N34) -> 245
B35: 13.15 - 13.30 | C35: 60 | D35: 19 | E35: 12 | F35: 47 | G35: 4 | H35: 0 | I35: 6 | J35: 1 | K35: 1 | L35: 2 | M35: 86 | N35: 0 | O35: =SUM(C35:L35,N35) -> 152 | P35: =SUM(C35:N35) -> 238
B36: 13.30 - 13.45 | C36: 26 | D36: 11 | E36: 1 | F36: 36 | G36: 1 | H36: 0 | I36: 11 | J36: 0 | K36: 0 | L36: 0 | M36: 140 | N36: 0 | O36: =SUM(C36:L36,N36) -> 86 | P36: =SUM(C36:N36) -> 226
B37: 13.45 - 14.00 | C37: 25 | D37: 13 | E37: 9 | F37: 21 | G37: 0 | H37: 0 | I37: 3 | J37: 2 | K37: 0 | L37: 0 | M37: 155 | N37: 0 | O37: =SUM(C37:L37,N37) -> 73 | P37: =SUM(C37:N37) -> 228
B38: 14.00 - 14.15 | C38: 10 | D38: 4 | E38: 5 | F38: 11 | G38: 1 | H38: 0 | I38: 6 | J38: 0 | K38: 0 | L38: 0 | M38: 145 | N38: 0 | O38: =SUM(C38:L38,N38) -> 37 | P38: =SUM(C38:N38) -> 182
B39: 14.15 - 14.30 | C39: 20 | D39: 3 | E39: 4 | F39: 50 | G39: 0 | H39: 0 | I39: 20 | J39: 0 | K39: 0 | L39: 0 | M39: 130 | N39: 0 | O39: =SUM(C39:L39,N39) -> 97 | P39: =SUM(C39:N39) -> 227
B40: 14.30 - 14.45 | C40: 22 | D40: 4 | E40: 3 | F40: 45 | G40: 0 | H40: 0 | I40: 7 | J40: 0 | K40: 0 | L40: 0 | M40: 90 | N40: 0 | O40: =SUM(C40:L40,N40) -> 81 | P40: =SUM(C40:N40) -> 171
B41: 14.45 - 15.00 | C41: 125 | D41: 30 | E41: 10 | F41: 30 | G41: 0 | H41: 0 | I41: 8 | J41: 0 | K41: 0 | L41: 0 | M41: 90 | N41: 0 | O41: =SUM(C41:L41,N41) -> 203 | P41: =SUM(C41:N41) -> 293
B42: 15.00 - 15.15 | C42: 27 | D42: 5 | E42: 6 | F42: 25 | G42: 1 | H42: 1 | I42: 11 | J42: 0 | K42: 0 | L42: 0 | M42: 145 | N42: 0 | O42: =SUM(C42:L42,N42) -> 76 | P42: =SUM(C42:N42) -> 221
B43: 15.15 - 15.30 | C43: 40 | D43: 19 | E43: 10 | F43: 36 | G43: 1 | H43: 0 | I43: 24 | J43: 1 | K43: 0 | L43: 0 | M43: 115 | N43: 0 | O43: =SUM(C43:L43,N43) -> 131 | P43: =SUM(C43:N43) -> 246
B44: 15.30 - 15.45 | C44: 60 | D44: 11 | E44: 0 | F44: 52 | G44: 0 | H44: 0 | I44: 1 | J44: 0 | K44: 0 | L44: 0 | M44: 85 | N44: 0 | O44: =SUM(C44:L44,N44) -> 124 | P44: =SUM(C44:N44) -> 209
B45: 15.45 - 16.00 | C45: 25 | D45: 16 | E45: 4 | F45: 21 | G45: 0 | H45: 0 | I45: 8 | J45: 0 | K45: 0 | L45: 0 | M45: 90 | N45: 0 | O45: =SUM(C45:L45,N45) -> 74 | P45: =SUM(C45:N45) -> 164
B46: 16.00 - 16.15 | C46: 35 | D46: 16 | E46: 6 | F46: 35 | G46: 1 | H46: 1 | I46: 6 | J46: 0 | K46: 0 | L46: 0 | M46: 102 | N46: 0 | O46: =SUM(C46:L46,N46) -> 100 | P46: =SUM(C46:N46) -> 202
... B57: 18.45 - 19.00 | C57: 32 | D57: 6 | E57: 8 | F57: 40 | G57: 1 | H57: 1 | I57: 4 | J57: 2 | K57: 1 | L57: 1 | M57: 122 | N57: 0 | O57: =SUM(C57:L57,N57) -> 96 | P57: =SUM(C57:N57) -> 218
B58: Totals | C58: =SUM(C10:C57) -> 2406 | D58: =SUM(D10:D57) -> 893 | E58: =SUM(E10:E57) -> 242 | F58: =SUM(F10:F57) -> 2070 | G58: =SUM(G10:G57) -> 38 | H58: =SUM(H10:H57) -> 13 | I58: =SUM(I10:I57) -> 339 | J58: =SUM(J10:J57) -> 31 | ... P58: =SUM(P10:P57) -> 12547
B59: %ges + MCs | C59: =C58/$P$58 -> 0.19175899 | D59: =D58/$P$58 -> 0.071172392 | E59: =E58/$P$58 -> 0.019287479 | F59: =F58/$P$58 -> 0.16497968 | G59: =G58/$P$58 -> 0.0030286124 | H59: =H58/$P$58 -> 0.0010361042 | I59: =I58/$P$58 -> 0.027018411 | J59: =J58/$P$58 -> 0.0024707101 | ... N59: =N58/$P$58 -> 0
B60: %ges w/o MCs | C60: =C58/$O$58 -> 0.39709523 | D60: =D58/$O$58 -> 0.14738406 | E60: =E58/$O$58 -> 0.039940584 | F60: =F58/$O$58 -> 0.34164053 | G60: =G58/$O$58 -> 0.006271662 | H60: =H58/$O$58 -> 0.0021455686 | I60: =I58/$O$58 -> 0.055949827 | J60: =J58/$O$58 -> 0.0051163558 | ... L60: =L58/$O$58 -> 0.0021455686 | N60: =N58/$O$58 -> 0

Sheet 23.07 Kampala-Kalerwe
B1: Consultancy services for Preparation of Expressway Development Master Plan (EDMP) for Uganda
B2: MANUAL CLASSIFIED COUNT (MCC)
B3: ROAD NAME: | C3: ='22.07 Kampala-Kalerwe'!C3:G3 -> MCC - C1 - STN24 GAYAZA ROAD
C5: Date | D5: ='23.07 Kalerwe-Kampala'!D5 -> 23.07.19 | F5: Location | G5: ='22.07 Kalerwe-Kampala'!G5:H5 -> Wandegeya | J5: Surveyor | K5: Beteth
C6: Dir. From | D6: ='22.07 Kampala-Kalerwe'!D6:E6 -> Kampala | F6: Dir. To | G6: ='22.07 Kampala-Kalerwe'!G6:H6 -> Kalerwe | J6: Supervisor | K6: Lawrence
B8: Time / Veh Type | R8: SUMMARY TRAFFIC VOLUMES
C9: 1. Car | D9: 2. Station Wagon | E9: 3. Pickups | F9: 4. Minibus, matatu | G9: 5. Medium bus | H9: 6. Large Bus | I9: 7. Light Truck | J9: 8. Medium Truck | K9: 9. Heavy truck | L9: 10. Truck Trailer | M9: 11. Motor cycles | N9: 12. Tractors | O9: Total Excl M/Cycles | P9: Total All | R9: Time | S9: 1. Car | T9: 2. Station Wagon | U9: 3. Pickups | V9: 4. Minibus, matatu | W9: 5. Medium bus | X9: 6. Large Bus | Y9: 7. Light Truck | Z9: 8. Medium Truck | AA9: 9. Heavy truck | AB9: 10. Truck Trailer | AC9: 11. Motorcycles | AD9: 12. Tractors, Graders | AE9: Total Excl M/ Cycles | AF9: Total All
B10: 07.00 - 07.15 | C10: 32 | D10: 8 | E10: 2 | F10: 73 | G10: 3 | H10: 2 | I10: 6 | J10: 0 | K10: 0 | L10: 0 | M10: 165 | N10: 0 | O10: =SUM(C10:L10,N10) -> 126 | P10: =SUM(C10:N10) -> 291 | R10: 0700-0800 | S10: =SUM(C10:C13) -> 98 | T10: =SUM(D10:D13) -> 28 | U10: =SUM(E10:E13) -> 12 | V10: =SUM(F10:F13) -> 225 | W10: =SUM(G10:G13) -> 6 | X10: =SUM(H10:H13) -> 4 | Y10: =SUM(I10:I13) -> 24 | Z10: =SUM(J10:J13) -> 1 | ... AF10: =SUM(P10:P13) -> 1209
B11: 07.15 - 07.30 | C11: 22 | D11: 6 | E11: 1 | F11: 45 | G11: 3 | H11: 0 | I11: 10 | J11: 0 | K11: 1 | L11: 0 | M11: 188 | N11: 0 | O11: =SUM(C11:L11,N11) -> 88 | P11: =SUM(C11:N11) -> 276 | R11: 0800-0900 | S11: =SUM(C14:C17) -> 84 | T11: =SUM(D14:D17) -> 13 | U11: =SUM(E14:E17) -> 9 | V11: =SUM(F14:F17) -> 226 | W11: =SUM(G14:G17) -> 3 | X11: =SUM(H14:H17) -> 0 | Y11: =SUM(I14:I17) -> 29 | Z11: =SUM(J14:J17) -> 3 | ... AF11: =SUM(P14:P17) -> 1622
B12: 07.30 - 07.45 | C12: 21 | D12: 5 | E12: 3 | F12: 49 | G12: 0 | H12: 2 | I12: 3 | J12: 0 | K12: 0 | L12: 0 | M12: 190 | N12: 0 | O12: =SUM(C12:L12,N12) -> 83 | P12: =SUM(C12:N12) -> 273 | R12: 0900-1000 | S12: =SUM(C18:C21) -> 74 | T12: =SUM(D18:D21) -> 34 | U12: =SUM(E18:E21) -> 17 | V12: =SUM(F18:F21) -> 236 | W12: =SUM(G18:G21) -> 5 | X12: =SUM(H18:H21) -> 1 | Y12: =SUM(I18:I21) -> 42 | Z12: =SUM(J18:J21) -> 2 | ... AF12: =SUM(P18:P21) -> 1413
B13: 07.45 - 08.00 | C13: 23 | D13: 9 | E13: 6 | F13: 58 | G13: 0 | H13: 0 | I13: 5 | J13: 1 | K13: 0 | L13: 0 | M13: 267 | N13: 0 | O13: =SUM(C13:L13,N13) -> 102 | P13: =SUM(C13:N13) -> 369 | R13: 1000-1100 | S13: =SUM(C22:C25) -> 93 | T13: =SUM(D22:D25) -> 33 | U13: =SUM(E22:E25) -> 18 | V13: =SUM(F22:F25) -> 170 | W13: =SUM(G22:G25) -> 3 | X13: =SUM(H22:H25) -> 3 | Y13: =SUM(I22:I25) -> 39 | Z13: =SUM(J22:J25) -> 4 | ... AF13: =SUM(P22:P25) -> 1242
B14: 08.00 - 08.15 | C14: 18 | D14: 4 | E14: 3 | F14: 50 | G14: 1 | H14: 0 | I14: 4 | J14: 0 | K14: 1 | L14: 1 | M14: 275 | N14: 0 | O14: =SUM(C14:L14,N14) -> 82 | P14: =SUM(C14:N14) -> 357 | R14: 1100-1200 | S14: =SUM(C26:C29) -> 102 | T14: =SUM(D26:D29) -> 34 | U14: =SUM(E26:E29) -> 25 | V14: =SUM(F26:F29) -> 147 | W14: =SUM(G26:G29) -> 1 | X14: =SUM(H26:H29) -> 6 | Y14: =SUM(I26:I29) -> 33 | Z14: =SUM(J26:J29) -> 3 | ... AF14: =SUM(P26:P29) -> 1214
B15: 08.15 - 08.30 | C15: 19 | D15: 2 | E15: 1 | F15: 55 | G15: 2 | H15: 0 | I15: 9 | J15: 2 | K15: 2 | L15: 0 | M15: 287 | N15: 0 | O15: =SUM(C15:L15,N15) -> 92 | P15: =SUM(C15:N15) -> 379 | R15: 1200-1300 | S15: =SUM(C30:C33) -> 105 | T15: =SUM(D30:D33) -> 37 | U15: =SUM(E30:E33) -> 20 | V15: =SUM(F30:F33) -> 132 | W15: =SUM(G30:G33) -> 17 | X15: =SUM(H30:H33) -> 3 | Y15: =SUM(I30:I33) -> 39 | Z15: =SUM(J30:J33) -> 4 | ... AF15: =SUM(P30:P33) -> 1092
B16: 08.30 - 08.45 | C16: 25 | D16: 6 | E16: 2 | F16: 64 | G16: 0 | H16: 0 | I16: 9 | J16: 0 | K16: 0 | L16: 1 | M16: 315 | N16: 0 | O16: =SUM(C16:L16,N16) -> 107 | P16: =SUM(C16:N16) -> 422 | R16: 1300-1400 | S16: =SUM(C34:C37) -> 97 | T16: =SUM(D34:D37) -> 37 | U16: =SUM(E34:E37) -> 30 | V16: =SUM(F34:F37) -> 109 | W16: =SUM(G34:G37) -> 3 | X16: =SUM(H34:H37) -> 1 | Y16: =SUM(I34:I37) -> 29 | Z16: =SUM(J34:J37) -> 3 | ... AF16: =SUM(P34:P37) -> 901
B17: 08.45 - 9.00 | C17: 22 | D17: 1 | E17: 3 | F17: 57 | G17: 0 | H17: 0 | I17: 7 | J17: 1 | K17: 1 | L17: 1 | M17: 371 | N17: 0 | O17: =SUM(C17:L17,N17) -> 93 | P17: =SUM(C17:N17) -> 464 | R17: 1400-1500 | S17: =SUM(C38:C41) -> 94 | T17: =SUM(D38:D41) -> 60 | U17: =SUM(E38:E41) -> 41 | V17: =SUM(F38:F41) -> 132 | W17: =SUM(G38:G41) -> 3 | X17: =SUM(H38:H41) -> 3 | Y17: =SUM(I38:I41) -> 55 | Z17: =SUM(J38:J41) -> 7 | ... AF17: =SUM(P38:P41) -> 944
B18: 09.00 - 09.15 | C18: 19 | D18: 6 | E18: 5 | F18: 55 | G18: 1 | H18: 1 | I18: 7 | J18: 0 | K18: 2 | L18: 0 | M18: 258 | N18: 0 | O18: =SUM(C18:L18,N18) -> 96 | P18: =SUM(C18:N18) -> 354 | R18: 1500-1600 | S18: =SUM(C42:C45) -> 138 | T18: =SUM(D42:D45) -> 73 | U18: =SUM(E42:E45) -> 33 | V18: =SUM(F42:F45) -> 147 | W18: =SUM(G42:G45) -> 4 | X18: =SUM(H42:H45) -> 3 | Y18: =SUM(I42:I45) -> 25 | Z18: =SUM(J42:J45) -> 6 | ... AF18: =SUM(P42:P45) -> 1023
B19: 09.15 - 09.30 | C19: 15 | D19: 13 | E19: 1 | F19: 66 | G19: 0 | H19: 0 | I19: 8 | J19: 0 | K19: 0 | L19: 0 | M19: 260 | N19: 0 | O19: =SUM(C19:L19,N19) -> 103 | P19: =SUM(C19:N19) -> 363 | R19: 1600-1700 | S19: =SUM(C46:C49) -> 155 | T19: =SUM(D46:D49) -> 71 | U19: =SUM(E46:E49) -> 14 | V19: =SUM(F46:F49) -> 170 | W19: =SUM(G46:G49) -> 4 | X19: =SUM(H46:H49) -> 1 | Y19: =SUM(I46:I49) -> 29 | Z19: =SUM(J46:J49) -> 2 | ... AF19: =SUM(P46:P49) -> 1045
B20: 09.30 - 09.45 | C20: 14 | D20: 9 | E20: 6 | F20: 59 | G20: 1 | H20: 0 | I20: 8 | J20: 2 | K20: 0 | L20: 1 | M20: 230 | N20: 0 | O20: =SUM(C20:L20,N20) -> 100 | P20: =SUM(C20:N20) -> 330 | R20: 1700-1800 | S20: =SUM(C50:C53) -> 251 | T20: =SUM(D50:D53) -> 50 | U20: =SUM(E50:E53) -> 19 | V20: =SUM(F50:F53) -> 119 | W20: =SUM(G50:G53) -> 5 | X20: =SUM(H50:H53) -> 4 | Y20: =SUM(I50:I53) -> 31 | Z20: =SUM(J50:J53) -> 4 | ... AF20: =SUM(P50:P53) -> 1068
B21: 09.45 - 10.00 | C21: 26 | D21: 6 | E21: 5 | F21: 56 | G21: 3 | H21: 0 | I21: 19 | J21: 0 | K21: 1 | L21: 0 | M21: 250 | N21: 0 | O21: =SUM(C21:L21,N21) -> 116 | P21: =SUM(C21:N21) -> 366 | R21: 1800-1900 | S21: =SUM(C54:C57) -> 316 | T21: =SUM(D54:D57) -> 148 | U21: =SUM(E54:E57) -> 20 | V21: =SUM(F54:F57) -> 218 | W21: =SUM(G54:G57) -> 6 | X21: =SUM(H54:H57) -> 5 | Y21: =SUM(I54:I57) -> 34 | Z21: =SUM(J54:J57) -> 8 | ... AF21: =SUM(P54:P57) -> 1828
B22: 10.00 - 10.15 | C22: 20 | D22: 4 | E22: 2 | F22: 40 | G22: 2 | H22: 2 | I22: 10 | J22: 0 | K22: 0 | L22: 0 | M22: 220 | N22: 0 | O22: =SUM(C22:L22,N22) -> 80 | P22: =SUM(C22:N22) -> 300 | R22: AM Peak Hr | S22: =MAX(S10:S12) -> 98 | T22: =MAX(T10:T12) -> 34 | U22: =MAX(U10:U12) -> 17 | V22: =MAX(V10:V12) -> 236 | W22: =MAX(W10:W12) -> 6 | X22: =MAX(X10:X12) -> 4 | Y22: =MAX(Y10:Y12) -> 42 | Z22: =MAX(Z10:Z12) -> 3 | ... AF22: =MAX(AF10:AF12) -> 1622
B23: 10.15 - 10.30 | C23: 28 | D23: 8 | E23: 6 | F23: 55 | G23: 1 | H23: 1 | I23: 7 | J23: 1 | K23: 1 | L23: 0 | M23: 250 | N23: 0 | O23: =SUM(C23:L23,N23) -> 108 | P23: =SUM(C23:N23) -> 358 | R23: IP Peak Hr | S23: =MAX(S13:S18) -> 138 | T23: =MAX(T13:T18) -> 73 | U23: =MAX(U13:U18) -> 41 | V23: =MAX(V13:V18) -> 170 | W23: =MAX(W13:W18) -> 17 | X23: =MAX(X13:X18) -> 6 | Y23: =MAX(Y13:Y18) -> 55 | Z23: =MAX(Z13:Z18) -> 7 | ... AF23: =MAX(AF13:AF18) -> 1242
B24: 10.30 - 10.45 | C24: 20 | D24: 7 | E24: 7 | F24: 38 | G24: 0 | H24: 0 | I24: 9 | J24: 0 | K24: 0 | L24: 2 | M24: 200 | N24: 0 | O24: =SUM(C24:L24,N24) -> 83 | P24: =SUM(C24:N24) -> 283 | R24: PM Peak Hr | S24: =MAX(S19:S21) -> 316 | T24: =MAX(T19:T21) -> 148 | U24: =MAX(U19:U21) -> 20 | V24: =MAX(V19:V21) -> 218 | W24: =MAX(W19:W21) -> 6 | X24: =MAX(X19:X21) -> 5 | Y24: =MAX(Y19:Y21) -> 34 | Z24: =MAX(Z19:Z21) -> 8 | ... AF24: =MAX(AF19:AF21) -> 1828
B25: 10.45 - 11.00 | C25: 25 | D25: 14 | E25: 3 | F25: 37 | G25: 0 | H25: 0 | I25: 13 | J25: 3 | K25: 2 | L25: 0 | M25: 204 | N25: 0 | O25: =SUM(C25:L25,N25) -> 97 | P25: =SUM(C25:N25) -> 301 | R25: AM Period | S25: =SUM(S10:S12) -> 256 | T25: =SUM(T10:T12) -> 75 | U25: =SUM(U10:U12) -> 38 | V25: =SUM(V10:V12) -> 687 | W25: =SUM(W10:W12) -> 14 | X25: =SUM(X10:X12) -> 5 | Y25: =SUM(Y10:Y12) -> 95 | Z25: =SUM(Z10:Z12) -> 6 | ... AF25: =SUM(AF10:AF12) -> 4244
B26: 11.00 - 11.15 | C26: 30 | D26: 11 | E26: 8 | F26: 43 | G26: 0 | H26: 2 | I26: 14 | J26: 1 | K26: 0 | L26: 1 | M26: 210 | N26: 0 | O26: =SUM(C26:L26,N26) -> 110 | P26: =SUM(C26:N26) -> 320 | R26: IP Period | S26: =SUM(S13:S18) -> 629 | T26: =SUM(T13:T18) -> 274 | U26: =SUM(U13:U18) -> 167 | V26: =SUM(V13:V18) -> 837 | W26: =SUM(W13:W18) -> 31 | X26: =SUM(X13:X18) -> 19 | Y26: =SUM(Y13:Y18) -> 220 | Z26: =SUM(Z13:Z18) -> 27 | ... AF26: =SUM(AF13:AF18) -> 6416
B27: 11.15 - 11.30 | C27: 19 | D27: 10 | E27: 5 | F27: 36 | G27: 0 | H27: 0 | I27: 7 | J27: 1 | K27: 1 | L27: 0 | M27: 240 | N27: 0 | O27: =SUM(C27:L27,N27) -> 79 | P27: =SUM(C27:N27) -> 319 | R27: PM Period | S27: =SUM(S19:S21) -> 722 | T27: =SUM(T19:T21) -> 269 | U27: =SUM(U19:U21) -> 53 | V27: =SUM(V19:V21) -> 507 | W27: =SUM(W19:W21) -> 15 | X27: =SUM(X19:X21) -> 10 | Y27: =SUM(Y19:Y21) -> 94 | Z27: =SUM(Z19:Z21) -> 14 | ... AF27: =SUM(AF19:AF21) -> 3941
B28: 11.30 - 11.45 | C28: 28 | D28: 7 | E28: 6 | F28: 42 | G28: 1 | H28: 1 | I28: 7 | J28: 1 | K28: 0 | L28: 1 | M28: 220 | N28: 0 | O28: =SUM(C28:L28,N28) -> 94 | P28: =SUM(C28:N28) -> 314 | R28: 12 Hours | S28: =SUM(S10:S21) -> 1607 | T28: =SUM(T10:T21) -> 618 | U28: =SUM(U10:U21) -> 258 | V28: =SUM(V10:V21) -> 2031 | W28: =SUM(W10:W21) -> 60 | X28: =SUM(X10:X21) -> 34 | Y28: =SUM(Y10:Y21) -> 409 | Z28: =SUM(Z10:Z21) -> 47 | ... AF28: =SUM(AF10:AF21) -> 14601
B29: 11.45 - 12.00 | C29: 25 | D29: 6 | E29: 6 | F29: 26 | G29: 0 | H29: 3 | I29: 5 | J29: 0 | K29: 0 | L29: 0 | M29: 190 | N29: 0 | O29: =SUM(C29:L29,N29) -> 71 | P29: =SUM(C29:N29) -> 261
B30: 12.00 - 12.15 | C30: 26 | D30: 10 | E30: 6 | F30: 39 | G30: 1 | H30: 1 | I30: 13 | J30: 4 | K30: 1 | L30: 2 | M30: 150 | N30: 0 | O30: =SUM(C30:L30,N30) -> 103 | P30: =SUM(C30:N30) -> 253
B31: 12.15 - 12.30 | C31: 30 | D31: 8 | E31: 3 | F31: 30 | G31: 0 | H31: 0 | I31: 4 | J31: 0 | K31: 2 | L31: 0 | M31: 178 | N31: 0 | O31: =SUM(C31:L31,N31) -> 77 | P31: =SUM(C31:N31) -> 255
B32: 12.30 - 12.45 | C32: 27 | D32: 12 | E32: 7 | F32: 39 | G32: 2 | H32: 2 | I32: 7 | J32: 0 | K32: 0 | L32: 1 | M32: 190 | N32: 0 | O32: =SUM(C32:L32,N32) -> 97 | P32: =SUM(C32:N32) -> 287
B33: 12.45 - 13.00 | C33: 22 | D33: 7 | E33: 4 | F33: 24 | G33: 14 | H33: 0 | I33: 15 | J33: 0 | K33: 1 | L33: 0 | M33: 210 | N33: 0 | O33: =SUM(C33:L33,N33) -> 87 | P33: =SUM(C33:N33) -> 297
B34: 13.00 - 13.15 | C34: 28 | D34: 13 | E34: 3 | F34: 45 | G34: 0 | H34: 1 | I34: 11 | J34: 1 | K34: 1 | L34: 1 | M34: 130 | N34: 0 | O34: =SUM(C34:L34,N34) -> 104 | P34: =SUM(C34:N34) -> 234
B35: 13.15 - 13.30 | C35: 11 | D35: 3 | E35: 3 | F35: 30 | G35: 1 | H35: 0 | I35: 6 | J35: 1 | K35: 0 | L35: 0 | M35: 150 | N35: 0 | O35: =SUM(C35:L35,N35) -> 55 | P35: =SUM(C35:N35) -> 205
B36: 13.30 - 13.45 | C36: 22 | D36: 5 | E36: 4 | F36: 24 | G36: 2 | H36: 0 | I36: 9 | J36: 0 | K36: 3 | L36: 0 | M36: 145 | N36: 0 | O36: =SUM(C36:L36,N36) -> 69 | P36: =SUM(C36:N36) -> 214
B37: 13.45 - 14.00 | C37: 36 | D37: 16 | E37: 20 | F37: 10 | G37: 0 | H37: 0 | I37: 3 | J37: 1 | K37: 2 | L37: 0 | M37: 160 | N37: 0 | O37: =SUM(C37:L37,N37) -> 88 | P37: =SUM(C37:N37) -> 248
B38: 14.00 - 14.15 | C38: 22 | D38: 7 | E38: 5 | F38: 30 | G38: 2 | H38: 1 | I38: 10 | J38: 3 | K38: 2 | L38: 0 | M38: 153 | N38: 0 | O38: =SUM(C38:L38,N38) -> 82 | P38: =SUM(C38:N38) -> 235
B39: 14.15 - 14.30 | C39: 22 | D39: 15 | E39: 10 | F39: 42 | G39: 0 | H39: 0 | I39: 26 | J39: 2 | K39: 1 | L39: 0 | M39: 140 | N39: 0 | O39: =SUM(C39:L39,N39) -> 118 | P39: =SUM(C39:N39) -> 258
B40: 14.30 - 14.45 | C40: 34 | D40: 24 | E40: 18 | F40: 48 | G40: 1 | H40: 1 | I40: 10 | J40: 1 | K40: 1 | L40: 0 | M40: 130 | N40: 0 | O40: =SUM(C40:L40,N40) -> 138 | P40: =SUM(C40:N40) -> 268
... B57: 18.45 - 19.00 | C57: 85 | D57: 50 | E57: 9 | F57: 70 | G57: 4 | H57: 3 | I57: 8 | J57: 3 | K57: 0 | L57: 1 | M57: 310 | N57: 0 | O57: =SUM(C57:L57,N57) -> 233 | P57: =SUM(C57:N57) -> 543
B58: Totals | C58: =SUM(C10:C57) -> 1607 | D58: =SUM(D10:D57) -> 618 | E58: =SUM(E10:E57) -> 258 | F58: =SUM(F10:F57) -> 2031 | G58: =SUM(G10:G57) -> 60 | H58: =SUM(H10:H57) -> 34 | I58: =SUM(I10:I57) -> 409 | J58: =SUM(J10:J57) -> 47 | ... P58: =SUM(P10:P57) -> 14601
B59: %ges + MCs | C59: =C58/$P$58 -> 0.11006095 | D59: =D58/$P$58 -> 0.042325868 | E59: =E58/$P$58 -> 0.017670023 | F59: =F58/$P$58 -> 0.13910006 | G59: =G58/$P$58 -> 0.0041093076 | H59: =H58/$P$58 -> 0.0023286076 | I59: =I58/$P$58 -> 0.02801178 | J59: =J58/$P$58 -> 0.0032189576 | ... N59: =N58/$P$58 -> 0
B60: %ges w/o MCs | C60: =C58/$O$58 -> 0.31411259 | D60: =D58/$O$58 -> 0.1207975 | E60: =E58/$O$58 -> 0.050430023 | F60: =F58/$O$58 -> 0.39698984 | G60: =G58/$O$58 -> 0.011727912 | H60: =H58/$O$58 -> 0.006645817 | I60: =I58/$O$58 -> 0.07994527 | J60: =J58/$O$58 -> 0.0091868647 | ... L60: =L58/$O$58 -> 0.0037138389 | N60: =N58/$O$58 -> 0

Sheet 24.07 Kalewre-Kampala
B1: Consultancy services for Preparation of Expressway Development Master Plan (EDMP) for Uganda
B2: MANUAL CLASSIFIED COUNT (MCC)
B3: ROAD NAME: | C3: ='22.07 Kalerwe-Kampala'!C3:G3 -> MCC - C1 - STN24 GAYAZA ROAD
C5: Date | D5: 24.07.19 | F5: Location | G5: ='22.07 Kalerwe-Kampala'!G5:H5 -> Wandegeya | J5: Surveyor | K5: Mbabazi
C6: Dir. From | D6: ='22.07 Kalerwe-Kampala'!D6:E6 -> Kalewre | F6: Dir. To | G6: ='22.07 Kalerwe-Kampala'!G6:H6 -> Kampala | J6: Supervisor | K6: ='22.07 Kalerwe-Kampala'!K6:L6 -> Lawrence
B8: Time / Veh Type | R8: SUMMARY TRAFFIC VOLUMES
C9: 1. Car | D9: 2. Station Wagon | E9: 3. Pickups | F9: 4. Minibus, matatu | G9: 5. Medium bus | H9: 6. Large Bus | I9: 7. Light Truck | J9: 8. Medium Truck | K9: 9. Heavy truck | L9: 10. Truck Trailer | M9: 11. Motor cycles | N9: 12. Tractors | O9: Total Excl M/Cycles | P9: Total All | R9: Time | S9: 1. Car | T9: 2. Station Wagon | U9: 3. Pickups | V9: 4. Minibus, matatu | W9: 5. Medium bus | X9: 6. Large Bus | Y9: 7. Light Truck | Z9: 8. Medium Truck | AA9: 9. Heavy truck | AB9: 10. Truck Trailer | AC9: 11. Motorcycles | AD9: 12. Tractors, Graders | AE9: Total Excl M/ Cycles | AF9: Total All
B10: 07.00 - 07.15 | C10: 0 | D10: 2 | E10: 12 | F10: 55 | G10: 0 | H10: 0 | I10: 30 | J10: 0 | K10: 0 | L10: 0 | M10: 195 | N10: 0 | O10: =SUM(C10:L10,N10) -> 99 | P10: =SUM(C10:N10) -> 294 | R10: 0700-0800 | S10: =SUM(C10:C13) -> 62 | T10: =SUM(D10:D13) -> 23 | U10: =SUM(E10:E13) -> 39 | V10: =SUM(F10:F13) -> 205 | W10: =SUM(G10:G13) -> 0 | X10: =SUM(H10:H13) -> 1 | Y10: =SUM(I10:I13) -> 83 | Z10: =SUM(J10:J13) -> 2 | ... AF10: =SUM(P10:P13) -> 1146
B11: 07.15 - 07.30 | C11: 16 | D11: 7 | E11: 8 | F11: 60 | G11: 0 | H11: 0 | I11: 34 | J11: 0 | K11: 1 | L11: 0 | M11: 155 | N11: 0 | O11: =SUM(C11:L11,N11) -> 126 | P11: =SUM(C11:N11) -> 281 | R11: 0800-0900 | S11: =SUM(C14:C17) -> 255 | T11: =SUM(D14:D17) -> 30 | U11: =SUM(E14:E17) -> 24 | V11: =SUM(F14:F17) -> 175 | W11: =SUM(G14:G17) -> 0 | X11: =SUM(H14:H17) -> 2 | Y11: =SUM(I14:I17) -> 19 | Z11: =SUM(J14:J17) -> 8 | ... AF11: =SUM(P14:P17) -> 1485
B12: 07.30 - 07.45 | C12: 42 | D12: 5 | E12: 15 | F12: 65 | G12: 0 | H12: 0 | I12: 18 | J12: 0 | K12: 0 | L12: 0 | M12: 160 | N12: 0 | O12: =SUM(C12:L12,N12) -> 145 | P12: =SUM(C12:N12) -> 305 | R12: 0900-1000 | S12: =SUM(C18:C21) -> 187 | T12: =SUM(D18:D21) -> 18 | U12: =SUM(E18:E21) -> 35 | V12: =SUM(F18:F21) -> 155 | W12: =SUM(G18:G21) -> 2 | X12: =SUM(H18:H21) -> 1 | Y12: =SUM(I18:I21) -> 18 | Z12: =SUM(J18:J21) -> 6 | ... AF12: =SUM(P18:P21) -> 1190
B13: 07.45 - 08.00 | C13: 4 | D13: 9 | E13: 4 | F13: 25 | G13: 0 | H13: 1 | I13: 1 | J13: 2 | K13: 0 | L13: 0 | M13: 220 | N13: 0 | O13: =SUM(C13:L13,N13) -> 46 | P13: =SUM(C13:N13) -> 266 | R13: 1000-1100 | S13: =SUM(C22:C25) -> 130 | T13: =SUM(D22:D25) -> 113 | U13: =SUM(E22:E25) -> 43 | V13: =SUM(F22:F25) -> 147 | W13: =SUM(G22:G25) -> 7 | X13: =SUM(H22:H25) -> 1 | Y13: =SUM(I22:I25) -> 25 | Z13: =SUM(J22:J25) -> 1 | ... AF13: =SUM(P22:P25) -> 1353
B14: 08.00 - 08.15 | C14: 62 | D14: 10 | E14: 5 | F14: 47 | G14: 0 | H14: 0 | I14: 3 | J14: 1 | K14: 0 | L14: 0 | M14: 260 | N14: 0 | O14: =SUM(C14:L14,N14) -> 128 | P14: =SUM(C14:N14) -> 388 | R14: 1100-1200 | S14: =SUM(C26:C29) -> 241 | T14: =SUM(D26:D29) -> 54 | U14: =SUM(E26:E29) -> 35 | V14: =SUM(F26:F29) -> 163 | W14: =SUM(G26:G29) -> 1 | X14: =SUM(H26:H29) -> 4 | Y14: =SUM(I26:I29) -> 32 | Z14: =SUM(J26:J29) -> 7 | ... AF14: =SUM(P26:P29) -> 1038
B15: 08.15 - 08.30 | C15: 68 | D15: 6 | E15: 6 | F15: 47 | G15: 0 | H15: 2 | I15: 7 | J15: 2 | K15: 0 | L15: 0 | M15: 255 | N15: 0 | O15: =SUM(C15:L15,N15) -> 138 | P15: =SUM(C15:N15) -> 393 | R15: 1200-1300 | S15: =SUM(C30:C33) -> 114 | T15: =SUM(D30:D33) -> 155 | U15: =SUM(E30:E33) -> 73 | V15: =SUM(F30:F33) -> 152 | W15: =SUM(G30:G33) -> 1 | X15: =SUM(H30:H33) -> 1 | Y15: =SUM(I30:I33) -> 30 | Z15: =SUM(J30:J33) -> 3 | ... AF15: =SUM(P30:P33) -> 1131
B16: 08.30 - 08.45 | C16: 55 | D16: 8 | E16: 8 | F16: 41 | G16: 0 | H16: 0 | I16: 4 | J16: 2 | K16: 0 | L16: 1 | M16: 232 | N16: 0 | O16: =SUM(C16:L16,N16) -> 119 | P16: =SUM(C16:N16) -> 351 | R16: 1300-1400 | S16: =SUM(C34:C37) -> 78 | T16: =SUM(D34:D37) -> 137 | U16: =SUM(E34:E37) -> 63 | V16: =SUM(F34:F37) -> 155 | W16: =SUM(G34:G37) -> 1 | X16: =SUM(H34:H37) -> 0 | Y16: =SUM(I34:I37) -> 30 | Z16: =SUM(J34:J37) -> 9 | ... AF16: =SUM(P34:P37) -> 1087
B17: 08.45 - 9.00 | C17: 70 | D17: 6 | E17: 5 | F17: 40 | G17: 0 | H17: 0 | I17: 5 | J17: 3 | K17: 0 | L17: 0 | M17: 224 | N17: 0 | O17: =SUM(C17:L17,N17) -> 129 | P17: =SUM(C17:N17) -> 353 | R17: 1400-1500 | S17: =SUM(C38:C41) -> 87 | T17: =SUM(D38:D41) -> 134 | U17: =SUM(E38:E41) -> 24 | V17: =SUM(F38:F41) -> 118 | W17: =SUM(G38:G41) -> 4 | X17: =SUM(H38:H41) -> 1 | Y17: =SUM(I38:I41) -> 19 | Z17: =SUM(J38:J41) -> 5 | ... AF17: =SUM(P38:P41) -> 994
B18: 09.00 - 09.15 | C18: 58 | D18: 10 | E18: 9 | F18: 56 | G18: 0 | H18: 0 | I18: 7 | J18: 3 | K18: 0 | L18: 0 | M18: 195 | N18: 0 | O18: =SUM(C18:L18,N18) -> 143 | P18: =SUM(C18:N18) -> 338 | R18: 1500-1600 | S18: =SUM(C42:C45) -> 229 | T18: =SUM(D42:D45) -> 37 | U18: =SUM(E42:E45) -> 51 | V18: =SUM(F42:F45) -> 146 | W18: =SUM(G42:G45) -> 3 | X18: =SUM(H42:H45) -> 1 | Y18: =SUM(I42:I45) -> 50 | Z18: =SUM(J42:J45) -> 9 | ... AF18: =SUM(P42:P45) -> 1103
B19: 09.15 - 09.30 | C19: 27 | D19: 0 | E19: 7 | F19: 30 | G19: 0 | H19: 1 | I19: 5 | J19: 3 | K19: 0 | L19: 0 | M19: 140 | N19: 0 | O19: =SUM(C19:L19,N19) -> 73 | P19: =SUM(C19:N19) -> 213 | R19: 1600-1700 | S19: =SUM(C46:C49) -> 201 | T19: =SUM(D46:D49) -> 58 | U19: =SUM(E46:E49) -> 41 | V19: =SUM(F46:F49) -> 144 | W19: =SUM(G46:G49) -> 2 | X19: =SUM(H46:H49) -> 1 | Y19: =SUM(I46:I49) -> 32 | Z19: =SUM(J46:J49) -> 4 | ... AF19: =SUM(P46:P49) -> 1106
B20: 09.30 - 09.45 | C20: 70 | D20: 0 | E20: 12 | F20: 32 | G20: 2 | H20: 0 | I20: 1 | J20: 0 | K20: 0 | L20: 0 | M20: 220 | N20: 0 | O20: =SUM(C20:L20,N20) -> 117 | P20: =SUM(C20:N20) -> 337 | R20: 1700-1800 | S20: =SUM(C50:C53) -> 198 | T20: =SUM(D50:D53) -> 51 | U20: =SUM(E50:E53) -> 21 | V20: =SUM(F50:F53) -> 187 | W20: =SUM(G50:G53) -> 2 | X20: =SUM(H50:H53) -> 2 | Y20: =SUM(I50:I53) -> 35 | Z20: =SUM(J50:J53) -> 7 | ... AF20: =SUM(P50:P53) -> 1229
B21: 09.45 - 10.00 | C21: 32 | D21: 8 | E21: 7 | F21: 37 | G21: 0 | H21: 0 | I21: 5 | J21: 0 | K21: 3 | L21: 0 | M21: 210 | N21: 0 | O21: =SUM(C21:L21,N21) -> 92 | P21: =SUM(C21:N21) -> 302 | R21: 1800-1900 | S21: =SUM(C54:C57) -> 165 | T21: =SUM(D54:D57) -> 56 | U21: =SUM(E54:E57) -> 26 | V21: =SUM(F54:F57) -> 173 | W21: =SUM(G54:G57) -> 12 | X21: =SUM(H54:H57) -> 0 | Y21: =SUM(I54:I57) -> 29 | Z21: =SUM(J54:J57) -> 0 | ... AF21: =SUM(P54:P57) -> 1198
B22: 10.00 - 10.15 | C22: 31 | D22: 25 | E22: 10 | F22: 6 | G22: 5 | H22: 0 | I22: 6 | J22: 0 | K22: 2 | L22: 0 | M22: 265 | N22: 0 | O22: =SUM(C22:L22,N22) -> 85 | P22: =SUM(C22:N22) -> 350 | R22: AM Peak Hr | S22: =MAX(S10:S12) -> 255 | T22: =MAX(T10:T12) -> 30 | U22: =MAX(U10:U12) -> 39 | V22: =MAX(V10:V12) -> 205 | W22: =MAX(W10:W12) -> 2 | X22: =MAX(X10:X12) -> 2 | Y22: =MAX(Y10:Y12) -> 83 | Z22: =MAX(Z10:Z12) -> 8 | ... AF22: =MAX(AF10:AF12) -> 1485
B23: 10.15 - 10.30 | C23: 35 | D23: 27 | E23: 10 | F23: 36 | G23: 0 | H23: 1 | I23: 7 | J23: 1 | K23: 5 | L23: 1 | M23: 215 | N23: 0 | O23: =SUM(C23:L23,N23) -> 123 | P23: =SUM(C23:N23) -> 338 | R23: IP Peak Hr | S23: =MAX(S13:S18) -> 241 | T23: =MAX(T13:T18) -> 155 | U23: =MAX(U13:U18) -> 73 | V23: =MAX(V13:V18) -> 163 | W23: =MAX(W13:W18) -> 7 | X23: =MAX(X13:X18) -> 4 | Y23: =MAX(Y13:Y18) -> 50 | Z23: =MAX(Z13:Z18) -> 9 | ... AF23: =MAX(AF13:AF18) -> 1353
B24: 10.30 - 10.45 | C24: 27 | D24: 18 | E24: 11 | F24: 51 | G24: 2 | H24: 0 | I24: 9 | J24: 0 | K24: 0 | L24: 1 | M24: 185 | N24: 0 | O24: =SUM(C24:L24,N24) -> 119 | P24: =SUM(C24:N24) -> 304 | R24: PM Peak Hr | S24: =MAX(S19:S21) -> 201 | T24: =MAX(T19:T21) -> 58 | U24: =MAX(U19:U21) -> 41 | V24: =MAX(V19:V21) -> 187 | W24: =MAX(W19:W21) -> 12 | X24: =MAX(X19:X21) -> 2 | Y24: =MAX(Y19:Y21) -> 35 | Z24: =MAX(Z19:Z21) -> 7 | ... AF24: =MAX(AF19:AF21) -> 1229
B25: 10.45 - 11.00 | C25: 37 | D25: 43 | E25: 12 | F25: 54 | G25: 0 | H25: 0 | I25: 3 | J25: 0 | K25: 0 | L25: 2 | M25: 210 | N25: 0 | O25: =SUM(C25:L25,N25) -> 151 | P25: =SUM(C25:N25) -> 361 | R25: AM Period | S25: =SUM(S10:S12) -> 504 | T25: =SUM(T10:T12) -> 71 | U25: =SUM(U10:U12) -> 98 | V25: =SUM(V10:V12) -> 535 | W25: =SUM(W10:W12) -> 2 | X25: =SUM(X10:X12) -> 4 | Y25: =SUM(Y10:Y12) -> 120 | Z25: =SUM(Z10:Z12) -> 16 | ... AF25: =SUM(AF10:AF12) -> 3821
B26: 11.00 - 11.15 | C26: 16 | D26: 6 | E26: 5 | F26: 24 | G26: 0 | H26: 1 | I26: 4 | J26: 0 | K26: 0 | L26: 1 | M26: 65 | N26: 0 | O26: =SUM(C26:L26,N26) -> 57 | P26: =SUM(C26:N26) -> 122 | R26: IP Period | S26: =SUM(S13:S18) -> 879 | T26: =SUM(T13:T18) -> 630 | U26: =SUM(U13:U18) -> 289 | V26: =SUM(V13:V18) -> 881 | W26: =SUM(W13:W18) -> 17 | X26: =SUM(X13:X18) -> 8 | Y26: =SUM(Y13:Y18) -> 186 | Z26: =SUM(Z13:Z18) -> 34 | ... AF26: =SUM(AF13:AF18) -> 6706
B27: 11.15 - 11.30 | C27: 63 | D27: 23 | E27: 16 | F27: 45 | G27: 0 | H27: 1 | I27: 10 | J27: 0 | K27: 0 | L27: 0 | M27: 130 | N27: 0 | O27: =SUM(C27:L27,N27) -> 158 | P27: =SUM(C27:N27) -> 288 | R27: PM Period | S27: =SUM(S19:S21) -> 564 | T27: =SUM(T19:T21) -> 165 | U27: =SUM(U19:U21) -> 88 | V27: =SUM(V19:V21) -> 504 | W27: =SUM(W19:W21) -> 16 | X27: =SUM(X19:X21) -> 3 | Y27: =SUM(Y19:Y21) -> 96 | Z27: =SUM(Z19:Z21) -> 11 | ... AF27: =SUM(AF19:AF21) -> 3533
B28: 11.30 - 11.45 | C28: 83 | D28: 15 | E28: 8 | F28: 50 | G28: 0 | H28: 2 | I28: 12 | J28: 6 | K28: 1 | L28: 1 | M28: 146 | N28: 0 | O28: =SUM(C28:L28,N28) -> 178 | P28: =SUM(C28:N28) -> 324 | R28: 12 Hours | S28: =SUM(S10:S21) -> 1947 | T28: =SUM(T10:T21) -> 866 | U28: =SUM(U10:U21) -> 475 | V28: =SUM(V10:V21) -> 1920 | W28: =SUM(W10:W21) -> 35 | X28: =SUM(X10:X21) -> 15 | Y28: =SUM(Y10:Y21) -> 402 | Z28: =SUM(Z10:Z21) -> 61 | ... AF28: =SUM(AF10:AF21) -> 14060
B29: 11.45 - 12.00 | C29: 79 | D29: 10 | E29: 6 | F29: 44 | G29: 1 | H29: 0 | I29: 6 | J29: 1 | K29: 0 | L29: 0 | M29: 157 | N29: 0 | O29: =SUM(C29:L29,N29) -> 147 | P29: =SUM(C29:N29) -> 304
B30: 12.00 - 12.15 | C30: 38 | D30: 42 | E30: 25 | F30: 28 | G30: 0 | H30: 0 | I30: 10 | J30: 0 | K30: 0 | L30: 0 | M30: 135 | N30: 0 | O30: =SUM(C30:L30,N30) -> 143 | P30: =SUM(C30:N30) -> 278
B31: 12.15 - 12.30 | C31: 26 | D31: 35 | E31: 19 | F31: 46 | G31: 0 | H31: 0 | I31: 3 | J31: 0 | K31: 0 | L31: 0 | M31: 125 | N31: 0 | O31: =SUM(C31:L31,N31) -> 129 | P31: =SUM(C31:N31) -> 254
B32: 12.30 - 12.45 | C32: 31 | D32: 38 | E32: 21 | F32: 45 | G32: 0 | H32: 0 | I32: 9 | J32: 2 | K32: 0 | L32: 0 | M32: 165 | N32: 0 | O32: =SUM(C32:L32,N32) -> 146 | P32: =SUM(C32:N32) -> 311
B33: 12.45 - 13.00 | C33: 19 | D33: 40 | E33: 8 | F33: 33 | G33: 1 | H33: 1 | I33: 8 | J33: 1 | K33: 2 | L33: 0 | M33: 175 | N33: 0 | O33: =SUM(C33:L33,N33) -> 113 | P33: =SUM(C33:N33) -> 288
B34: 13.00 - 13.15 | C34: 16 | D34: 49 | E34: 24 | F34: 55 | G34: 0 | H34: 0 | I34: 9 | J34: 3 | K34: 3 | L34: 0 | M34: 200 | N34: 0 | O34: =SUM(C34:L34,N34) -> 159 | P34: =SUM(C34:N34) -> 359
B35: 13.15 - 13.30 | C35: 17 | D35: 31 | E35: 14 | F35: 26 | G35: 1 | H35: 0 | I35: 9 | J35: 3 | K35: 2 | L35: 1 | M35: 152 | N35: 0 | O35: =SUM(C35:L35,N35) -> 104 | P35: =SUM(C35:N35) -> 256
B36: 13.30 - 13.45 | C36: 19 | D36: 19 | E36: 15 | F36: 32 | G36: 0 | H36: 0 | I36: 6 | J36: 3 | K36: 2 | L36: 0 | M36: 111 | N36: 0 | O36: =SUM(C36:L36,N36) -> 96 | P36: =SUM(C36:N36) -> 207
B37: 13.45 - 14.00 | C37: 26 | D37: 38 | E37: 10 | F37: 42 | G37: 0 | H37: 0 | I37: 6 | J37: 0 | K37: 2 | L37: 1 | M37: 140 | N37: 0 | O37: =SUM(C37:L37,N37) -> 125 | P37: =SUM(C37:N37) -> 265
B38: 14.00 - 14.15 | C38: 22 | D38: 30 | E38: 8 | F38: 38 | G38: 1 | H38: 1 | I38: 2 | J38: 0 | K38: 1 | L38: 0 | M38: 120 | N38: 0 | O38: =SUM(C38:L38,N38) -> 103 | P38: =SUM(C38:N38) -> 223
B39: 14.15 - 14.30 | C39: 26 | D39: 30 | E39: 7 | F39: 31 | G39: 0 | H39: 0 | I39: 3 | J39: 2 | K39: 1 | L39: 1 | M39: 130 | N39: 0 | O39: =SUM(C39:L39,N39) -> 101 | P39: =SUM(C39:N39) -> 231
B40: 14.30 - 14.45 | C40: 20 | D40: 44 | E40: 7 | F40: 29 | G40: 1 | H40: 0 | I40: 5 | J40: 0 | K40: 1 | L40: 1 | M40: 185 | N40: 0 | O40: =SUM(C40:L40,N40) -> 108 | P40: =SUM(C40:N40) -> 293
... B57: 18.45 - 19.00 | C57: 35 | D57: 9 | E57: 5 | F57: 38 | G57: 1 | H57: 0 | I57: 11 | J57: 0 | K57: 0 | L57: 0 | M57: 135 | N57: 0 | O57: =SUM(C57:L57,N57) -> 99 | P57: =SUM(C57:N57) -> 234
B58: Totals | C58: =SUM(C10:C57) -> 1947 | D58: =SUM(D10:D57) -> 866 | E58: =SUM(E10:E57) -> 475 | F58: =SUM(F10:F57) -> 1920 | G58: =SUM(G10:G57) -> 35 | H58: =SUM(H10:H57) -> 15 | I58: =SUM(I10:I57) -> 402 | J58: =SUM(J10:J57) -> 61 | ... P58: =SUM(P10:P57) -> 14060
B59: %ges + MCs | C59: =C58/$P$58 -> 0.13847795 | D59: =D58/$P$58 -> 0.061593172 | E59: =E58/$P$58 -> 0.033783784 | F59: =F58/$P$58 -> 0.13655761 | G59: =G58/$P$58 -> 0.0024893314 | H59: =H58/$P$58 -> 0.0010668563 | I59: =I58/$P$58 -> 0.02859175 | J59: =J58/$P$58 -> 0.0043385491 | ... N59: =N58/$P$58 -> 0
B60: %ges w/o MCs | C60: =C58/$O$58 -> 0.33685121 | D60: =D58/$O$58 -> 0.14982699 | E60: =E58/$O$58 -> 0.082179931 | F60: =F58/$O$58 -> 0.33217993 | G60: =G58/$O$58 -> 0.0060553633 | H60: =H58/$O$58 -> 0.0025951557 | I60: =I58/$O$58 -> 0.069550173 | J60: =J58/$O$58 -> 0.010553633 | ... L60: =L58/$O$58 -> 0.0032871972 | N60: =N58/$O$58 -> 0

Sheet 24.07 Kampala-Kalewre
B1: Consultancy services for Preparation of Expressway Development Master Plan (EDMP) for Uganda
B2: MANUAL CLASSIFIED COUNT (MCC)
B3: ROAD NAME: | C3: ='22.07 Kampala-Kalerwe'!C3:G3 -> MCC - C1 - STN24 GAYAZA ROAD
C5: Date | D5: ='24.07 Kalewre-Kampala'!D5 -> 24.07.19 | F5: Location | G5: ='22.07 Kalerwe-Kampala'!G5:H5 -> Wandegeya | J5: Surveyor | K5: Beteth
C6: Dir. From | D6: ='22.07 Kampala-Kalerwe'!D6:E6 -> Kampala | F6: Dir. To | G6: ='22.07 Kampala-Kalerwe'!G6:H6 -> Kalerwe | J6: Supervisor | K6: ='22.07 Kalerwe-Kampala'!K6:L6 -> Lawrence
B8: Time / Veh Type | R8: SUMMARY TRAFFIC VOLUMES
C9: 1. Car | D9: 2. Station Wagon | E9: 3. Pickups | F9: 4. Minibus, matatu | G9: 5. Medium bus | H9: 6. Large Bus | I9: 7. Light Truck | J9: 8. Medium Truck | K9: 9. Heavy truck | L9: 10. Truck Trailer | M9: 11. Motor cycles | N9: 12. Tractors | O9: Total Excl M/Cycles | P9: Total All | R9: Time | S9: 1. Car | T9: 2. Station Wagon | U9: 3. Pickups | V9: 4. Minibus, matatu | W9: 5. Medium bus | X9: 6. Large Bus | Y9: 7. Light Truck | Z9: 8. Medium Truck | AA9: 9. Heavy truck | AB9: 10. Truck Trailer | AC9: 11. Motorcycles | AD9: 12. Tractors, Graders | AE9: Total Excl M/ Cycles | AF9: Total All
B10: 07.00 - 07.15 | C10: 45 | D10: 40 | E10: 10 | F10: 0 | G10: 0 | H10: 15 | I10: 1 | J10: 0 | K10: 0 | L10: 0 | M10: 155 | N10: 0 | O10: =SUM(C10:L10,N10) -> 111 | P10: =SUM(C10:N10) -> 266 | R10: 0700-0800 | S10: =SUM(C10:C13) -> 200 | T10: =SUM(D10:D13) -> 140 | U10: =SUM(E10:E13) -> 57 | V10: =SUM(F10:F13) -> 295 | W10: =SUM(G10:G13) -> 8 | X10: =SUM(H10:H13) -> 17 | Y10: =SUM(I10:I13) -> 36 | Z10: =SUM(J10:J13) -> 1 | ... AF10: =SUM(P10:P13) -> 1496
B11: 07.15 - 07.30 | C11: 60 | D11: 30 | E11: 18 | F11: 70 | G11: 4 | H11: 1 | I11: 14 | J11: 0 | K11: 0 | L11: 1 | M11: 190 | N11: 0 | O11: =SUM(C11:L11,N11) -> 198 | P11: =SUM(C11:N11) -> 388 | R11: 0800-0900 | S11: =SUM(C14:C17) -> 73 | T11: =SUM(D14:D17) -> 21 | U11: =SUM(E14:E17) -> 10 | V11: =SUM(F14:F17) -> 289 | W11: =SUM(G14:G17) -> 3 | X11: =SUM(H14:H17) -> 3 | Y11: =SUM(I14:I17) -> 34 | Z11: =SUM(J14:J17) -> 2 | ... AF11: =SUM(P14:P17) -> 1606
B12: 07.30 - 07.45 | C12: 50 | D12: 35 | E12: 9 | F12: 115 | G12: 2 | H12: 0 | I12: 11 | J12: 0 | K12: 0 | L12: 1 | M12: 205 | N12: 0 | O12: =SUM(C12:L12,N12) -> 223 | P12: =SUM(C12:N12) -> 428 | R12: 0900-1000 | S12: =SUM(C18:C21) -> 126 | T12: =SUM(D18:D21) -> 35 | U12: =SUM(E18:E21) -> 17 | V12: =SUM(F18:F21) -> 248 | W12: =SUM(G18:G21) -> 2 | X12: =SUM(H18:H21) -> 1 | Y12: =SUM(I18:I21) -> 38 | Z12: =SUM(J18:J21) -> 3 | ... AF12: =SUM(P18:P21) -> 1548
B13: 07.45 - 08.00 | C13: 45 | D13: 35 | E13: 20 | F13: 110 | G13: 2 | H13: 1 | I13: 10 | J13: 1 | K13: 0 | L13: 0 | M13: 190 | N13: 0 | O13: =SUM(C13:L13,N13) -> 224 | P13: =SUM(C13:N13) -> 414 | R13: 1000-1100 | S13: =SUM(C22:C25) -> 133 | T13: =SUM(D22:D25) -> 28 | U13: =SUM(E22:E25) -> 22 | V13: =SUM(F22:F25) -> 191 | W13: =SUM(G22:G25) -> 0 | X13: =SUM(H22:H25) -> 6 | Y13: =SUM(I22:I25) -> 48 | Z13: =SUM(J22:J25) -> 2 | ... AF13: =SUM(P22:P25) -> 1438
B14: 08.00 - 08.15 | C14: 15 | D14: 9 | E14: 2 | F14: 70 | G14: 1 | H14: 2 | I14: 13 | J14: 0 | K14: 0 | L14: 0 | M14: 245 | N14: 0 | O14: =SUM(C14:L14,N14) -> 112 | P14: =SUM(C14:N14) -> 357 | R14: 1100-1200 | S14: =SUM(C26:C29) -> 80 | T14: =SUM(D26:D29) -> 65 | U14: =SUM(E26:E29) -> 17 | V14: =SUM(F26:F29) -> 185 | W14: =SUM(G26:G29) -> 0 | X14: =SUM(H26:H29) -> 2 | Y14: =SUM(I26:I29) -> 56 | Z14: =SUM(J26:J29) -> 4 | ... AF14: =SUM(P26:P29) -> 1266
B15: 08.15 - 08.30 | C15: 18 | D15: 7 | E15: 6 | F15: 80 | G15: 2 | H15: 1 | I15: 6 | J15: 0 | K15: 1 | L15: 0 | M15: 280 | N15: 0 | O15: =SUM(C15:L15,N15) -> 121 | P15: =SUM(C15:N15) -> 401 | R15: 1200-1300 | S15: =SUM(C30:C33) -> 132 | T15: =SUM(D30:D33) -> 55 | U15: =SUM(E30:E33) -> 14 | V15: =SUM(F30:F33) -> 169 | W15: =SUM(G30:G33) -> 2 | X15: =SUM(H30:H33) -> 5 | Y15: =SUM(I30:I33) -> 46 | Z15: =SUM(J30:J33) -> 3 | ... AF15: =SUM(P30:P33) -> 1038
B16: 08.30 - 08.45 | C16: 15 | D16: 3 | E16: 0 | F16: 44 | G16: 0 | H16: 0 | I16: 9 | J16: 1 | K16: 0 | L16: 0 | M16: 340 | N16: 0 | O16: =SUM(C16:L16,N16) -> 72 | P16: =SUM(C16:N16) -> 412 | R16: 1300-1400 | S16: =SUM(C34:C37) -> 147 | T16: =SUM(D34:D37) -> 65 | U16: =SUM(E34:E37) -> 17 | V16: =SUM(F34:F37) -> 169 | W16: =SUM(G34:G37) -> 7 | X16: =SUM(H34:H37) -> 3 | Y16: =SUM(I34:I37) -> 50 | Z16: =SUM(J34:J37) -> 7 | ... AF16: =SUM(P34:P37) -> 1181
B17: 08.45 - 9.00 | C17: 25 | D17: 2 | E17: 2 | F17: 95 | G17: 0 | H17: 0 | I17: 6 | J17: 1 | K17: 0 | L17: 0 | M17: 305 | N17: 0 | O17: =SUM(C17:L17,N17) -> 131 | P17: =SUM(C17:N17) -> 436 | R17: 1400-1500 | S17: =SUM(C38:C41) -> 119 | T17: =SUM(D38:D41) -> 39 | U17: =SUM(E38:E41) -> 6 | V17: =SUM(F38:F41) -> 124 | W17: =SUM(G38:G41) -> 1 | X17: =SUM(H38:H41) -> 3 | Y17: =SUM(I38:I41) -> 44 | Z17: =SUM(J38:J41) -> 4 | ... AF17: =SUM(P38:P41) -> 978
B18: 09.00 - 09.15 | C18: 25 | D18: 8 | E18: 3 | F18: 70 | G18: 0 | H18: 0 | I18: 6 | J18: 0 | K18: 0 | L18: 0 | M18: 255 | N18: 0 | O18: =SUM(C18:L18,N18) -> 112 | P18: =SUM(C18:N18) -> 367 | R18: 1500-1600 | S18: =SUM(C42:C45) -> 148 | T18: =SUM(D42:D45) -> 55 | U18: =SUM(E42:E45) -> 21 | V18: =SUM(F42:F45) -> 132 | W18: =SUM(G42:G45) -> 3 | X18: =SUM(H42:H45) -> 0 | Y18: =SUM(I42:I45) -> 44 | Z18: =SUM(J42:J45) -> 3 | ... AF18: =SUM(P42:P45) -> 980
B19: 09.15 - 09.30 | C19: 16 | D19: 6 | E19: 1 | F19: 57 | G19: 1 | H19: 0 | I19: 7 | J19: 1 | K19: 1 | L19: 0 | M19: 260 | N19: 0 | O19: =SUM(C19:L19,N19) -> 90 | P19: =SUM(C19:N19) -> 350 | R19: 1600-1700 | S19: =SUM(C46:C49) -> 203 | T19: =SUM(D46:D49) -> 128 | U19: =SUM(E46:E49) -> 63 | V19: =SUM(F46:F49) -> 236 | W19: =SUM(G46:G49) -> 6 | X19: =SUM(H46:H49) -> 3 | Y19: =SUM(I46:I49) -> 49 | Z19: =SUM(J46:J49) -> 6 | ... AF19: =SUM(P46:P49) -> 1300
B20: 09.30 - 09.45 | C20: 40 | D20: 13 | E20: 5 | F20: 65 | G20: 1 | H20: 1 | I20: 11 | J20: 2 | K20: 0 | L20: 0 | M20: 285 | N20: 0 | O20: =SUM(C20:L20,N20) -> 138 | P20: =SUM(C20:N20) -> 423 | R20: 1700-1800 | S20: =SUM(C50:C53) -> 272 | T20: =SUM(D50:D53) -> 70 | U20: =SUM(E50:E53) -> 18 | V20: =SUM(F50:F53) -> 167 | W20: =SUM(G50:G53) -> 3 | X20: =SUM(H50:H53) -> 2 | Y20: =SUM(I50:I53) -> 46 | Z20: =SUM(J50:J53) -> 7 | ... AF20: =SUM(P50:P53) -> 1259
B21: 09.45 - 10.00 | C21: 45 | D21: 8 | E21: 8 | F21: 56 | G21: 0 | H21: 0 | I21: 14 | J21: 0 | K21: 1 | L21: 1 | M21: 275 | N21: 0 | O21: =SUM(C21:L21,N21) -> 133 | P21: =SUM(C21:N21) -> 408 | R21: 1800-1900 | S21: =SUM(C54:C57) -> 240 | T21: =SUM(D54:D57) -> 63 | U21: =SUM(E54:E57) -> 10 | V21: =SUM(F54:F57) -> 175 | W21: =SUM(G54:G57) -> 1 | X21: =SUM(H54:H57) -> 1 | Y21: =SUM(I54:I57) -> 32 | Z21: =SUM(J54:J57) -> 6 | ... AF21: =SUM(P54:P57) -> 1103
B22: 10.00 - 10.15 | C22: 38 | D22: 10 | E22: 6 | F22: 64 | G22: 0 | H22: 3 | I22: 12 | J22: 1 | K22: 2 | L22: 0 | M22: 245 | N22: 0 | O22: =SUM(C22:L22,N22) -> 136 | P22: =SUM(C22:N22) -> 381 | R22: AM Peak Hr | S22: =MAX(S10:S12) -> 200 | T22: =MAX(T10:T12) -> 140 | U22: =MAX(U10:U12) -> 57 | V22: =MAX(V10:V12) -> 295 | W22: =MAX(W10:W12) -> 8 | X22: =MAX(X10:X12) -> 17 | Y22: =MAX(Y10:Y12) -> 38 | Z22: =MAX(Z10:Z12) -> 3 | ... AF22: =MAX(AF10:AF12) -> 1606
B23: 10.15 - 10.30 | C23: 18 | D23: 7 | E23: 8 | F23: 35 | G23: 0 | H23: 0 | I23: 15 | J23: 0 | K23: 0 | L23: 2 | M23: 260 | N23: 0 | O23: =SUM(C23:L23,N23) -> 85 | P23: =SUM(C23:N23) -> 345 | R23: IP Peak Hr | S23: =MAX(S13:S18) -> 148 | T23: =MAX(T13:T18) -> 65 | U23: =MAX(U13:U18) -> 22 | V23: =MAX(V13:V18) -> 191 | W23: =MAX(W13:W18) -> 7 | X23: =MAX(X13:X18) -> 6 | Y23: =MAX(Y13:Y18) -> 56 | Z23: =MAX(Z13:Z18) -> 7 | ... AF23: =MAX(AF13:AF18) -> 1438
B24: 10.30 - 10.45 | C24: 47 | D24: 7 | E24: 2 | F24: 46 | G24: 0 | H24: 1 | I24: 13 | J24: 1 | K24: 1 | L24: 0 | M24: 235 | N24: 0 | O24: =SUM(C24:L24,N24) -> 118 | P24: =SUM(C24:N24) -> 353 | R24: PM Peak Hr | S24: =MAX(S19:S21) -> 272 | T24: =MAX(T19:T21) -> 128 | U24: =MAX(U19:U21) -> 63 | V24: =MAX(V19:V21) -> 236 | W24: =MAX(W19:W21) -> 6 | X24: =MAX(X19:X21) -> 3 | Y24: =MAX(Y19:Y21) -> 49 | Z24: =MAX(Z19:Z21) -> 7 | ... AF24: =MAX(AF19:AF21) -> 1300
B25: 10.45 - 11.00 | C25: 30 | D25: 4 | E25: 6 | F25: 46 | G25: 0 | H25: 2 | I25: 8 | J25: 0 | K25: 1 | L25: 2 | M25: 260 | N25: 0 | O25: =SUM(C25:L25,N25) -> 99 | P25: =SUM(C25:N25) -> 359 | R25: AM Period | S25: =SUM(S10:S12) -> 399 | T25: =SUM(T10:T12) -> 196 | U25: =SUM(U10:U12) -> 84 | V25: =SUM(V10:V12) -> 832 | W25: =SUM(W10:W12) -> 13 | X25: =SUM(X10:X12) -> 21 | Y25: =SUM(Y10:Y12) -> 108 | Z25: =SUM(Z10:Z12) -> 6 | ... AF25: =SUM(AF10:AF12) -> 4650
B26: 11.00 - 11.15 | C26: 19 | D26: 14 | E26: 11 | F26: 36 | G26: 0 | H26: 0 | I26: 7 | J26: 0 | K26: 1 | L26: 0 | M26: 260 | N26: 0 | O26: =SUM(C26:L26,N26) -> 88 | P26: =SUM(C26:N26) -> 348 | R26: IP Period | S26: =SUM(S13:S18) -> 759 | T26: =SUM(T13:T18) -> 307 | U26: =SUM(U13:U18) -> 97 | V26: =SUM(V13:V18) -> 970 | W26: =SUM(W13:W18) -> 13 | X26: =SUM(X13:X18) -> 19 | Y26: =SUM(Y13:Y18) -> 288 | Z26: =SUM(Z13:Z18) -> 23 | ... AF26: =SUM(AF13:AF18) -> 6881
B27: 11.15 - 11.30 | C27: 25 | D27: 23 | E27: 0 | F27: 47 | G27: 0 | H27: 0 | I27: 14 | J27: 2 | K27: 0 | L27: 0 | M27: 190 | N27: 0 | O27: =SUM(C27:L27,N27) -> 111 | P27: =SUM(C27:N27) -> 301 | R27: PM Period | S27: =SUM(S19:S21) -> 715 | T27: =SUM(T19:T21) -> 261 | U27: =SUM(U19:U21) -> 91 | V27: =SUM(V19:V21) -> 578 | W27: =SUM(W19:W21) -> 10 | X27: =SUM(X19:X21) -> 6 | Y27: =SUM(Y19:Y21) -> 127 | Z27: =SUM(Z19:Z21) -> 19 | ... AF27: =SUM(AF19:AF21) -> 3662
B28: 11.30 - 11.45 | C28: 16 | D28: 18 | E28: 1 | F28: 52 | G28: 0 | H28: 1 | I28: 11 | J28: 0 | K28: 0 | L28: 2 | M28: 185 | N28: 0 | O28: =SUM(C28:L28,N28) -> 101 | P28: =SUM(C28:N28) -> 286 | R28: 12 Hours | S28: =SUM(S10:S21) -> 1873 | T28: =SUM(T10:T21) -> 764 | U28: =SUM(U10:U21) -> 272 | V28: =SUM(V10:V21) -> 2380 | W28: =SUM(W10:W21) -> 36 | X28: =SUM(X10:X21) -> 46 | Y28: =SUM(Y10:Y21) -> 523 | Z28: =SUM(Z10:Z21) -> 48 | ... AF28: =SUM(AF10:AF21) -> 15193
B29: 11.45 - 12.00 | C29: 20 | D29: 10 | E29: 5 | F29: 50 | G29: 0 | H29: 1 | I29: 24 | J29: 2 | K29: 1 | L29: 3 | M29: 215 | N29: 0 | O29: =SUM(C29:L29,N29) -> 116 | P29: =SUM(C29:N29) -> 331
B30: 12.00 - 12.15 | C30: 22 | D30: 11 | E30: 2 | F30: 31 | G30: 1 | H30: 0 | I30: 7 | J30: 0 | K30: 0 | L30: 1 | M30: 170 | N30: 0 | O30: =SUM(C30:L30,N30) -> 75 | P30: =SUM(C30:N30) -> 245
B31: 12.15 - 12.30 | C31: 33 | D31: 15 | E31: 2 | F31: 37 | G31: 0 | H31: 0 | I31: 14 | J31: 1 | K31: 2 | L31: 1 | M31: 155 | N31: 0 | O31: =SUM(C31:L31,N31) -> 105 | P31: =SUM(C31:N31) -> 260
B32: 12.30 - 12.45 | C32: 36 | D32: 10 | E32: 4 | F32: 48 | G32: 1 | H32: 2 | I32: 16 | J32: 1 | K32: 0 | L32: 2 | M32: 150 | N32: 0 | O32: =SUM(C32:L32,N32) -> 120 | P32: =SUM(C32:N32) -> 270
B33: 12.45 - 13.00 | C33: 41 | D33: 19 | E33: 6 | F33: 53 | G33: 0 | H33: 3 | I33: 9 | J33: 1 | K33: 1 | L33: 0 | M33: 130 | N33: 0 | O33: =SUM(C33:L33,N33) -> 133 | P33: =SUM(C33:N33) -> 263
B34: 13.00 - 13.15 | C34: 25 | D34: 12 | E34: 6 | F34: 35 | G34: 1 | H34: 2 | I34: 15 | J34: 3 | K34: 1 | L34: 0 | M34: 145 | N34: 0 | O34: =SUM(C34:L34,N34) -> 100 | P34: =SUM(C34:N34) -> 245
B35: 13.15 - 13.30 | C35: 22 | D35: 14 | E35: 4 | F35: 40 | G35: 2 | H35: 0 | I35: 9 | J35: 1 | K35: 1 | L35: 0 | M35: 175 | N35: 0 | O35: =SUM(C35:L35,N35) -> 93 | P35: =SUM(C35:N35) -> 268
B36: 13.30 - 13.45 | C36: 41 | D36: 27 | E36: 1 | F36: 47 | G36: 2 | H36: 0 | I36: 9 | J36: 1 | K36: 1 | L36: 0 | M36: 210 | N36: 0 | O36: =SUM(C36:L36,N36) -> 129 | P36: =SUM(C36:N36) -> 339
B37: 13.45 - 14.00 | C37: 59 | D37: 12 | E37: 6 | F37: 47 | G37: 2 | H37: 1 | I37: 17 | J37: 2 | K37: 1 | L37: 2 | M37: 180 | N37: 0 | O37: =SUM(C37:L37,N37) -> 149 | P37: =SUM(C37:N37) -> 329
B38: 14.00 - 14.15 | C38: 25 | D38: 4 | E38: 2 | F38: 16 | G38: 0 | H38: 1 | I38: 7 | J38: 0 | K38: 1 | L38: 0 | M38: 180 | N38: 0 | O38: =SUM(C38:L38,N38) -> 56 | P38: =SUM(C38:N38) -> 236
B39: 14.15 - 14.30 | C39: 30 | D39: 14 | E39: 0 | F39: 33 | G39: 1 | H39: 1 | I39: 13 | J39: 0 | K39: 0 | L39: 0 | M39: 150 | N39: 0 | O39: =SUM(C39:L39,N39) -> 92 | P39: =SUM(C39:N39) -> 242
B40: 14.30 - 14.45 | C40: 36 | D40: 13 | E40: 2 | F40: 50 | G40: 0 | H40: 1 | I40: 15 | J40: 2 | K40: 0 | L40: 1 | M40: 160 | N40: 0 | O40: =SUM(C40:L40,N40) -> 120 | P40: =SUM(C40:N40) -> 280
... B57: 18.45 - 19.00 | C57: 80 | D57: 10 | E57: 2 | F57: 35 | G57: 0 | H57: 0 | I57: 4 | J57: 3 | K57: 0 | L57: 0 | M57: 0 | N57: 0 | O57: =SUM(C57:L57,N57) -> 134 | P57: =SUM(C57:N57) -> 134
B58: Totals | C58: =SUM(C10:C57) -> 1873 | D58: =SUM(D10:D57) -> 764 | E58: =SUM(E10:E57) -> 272 | F58: =SUM(F10:F57) -> 2380 | G58: =SUM(G10:G57) -> 36 | H58: =SUM(H10:H57) -> 46 | I58: =SUM(I10:I57) -> 523 | J58: =SUM(J10:J57) -> 48 | ... P58: =SUM(P10:P57) -> 15193
B59: %ges + MCs | C59: =C58/$P$58 -> 0.12328046 | D59: =D58/$P$58 -> 0.050286316 | E59: =E58/$P$58 -> 0.017902982 | F59: =F58/$P$58 -> 0.15665109 | G59: =G58/$P$58 -> 0.0023695123 | H59: =H58/$P$58 -> 0.0030277101 | I59: =I58/$P$58 -> 0.034423748 | J59: =J58/$P$58 -> 0.0031593497 | ... N59: =N58/$P$58 -> 0
B60: %ges w/o MCs | C60: =C58/$O$58 -> 0.31227076 | D60: =D58/$O$58 -> 0.12737579 | E60: =E58/$O$58 -> 0.045348449 | F60: =F58/$O$58 -> 0.39679893 | G60: =G58/$O$58 -> 0.0060020007 | H60: =H58/$O$58 -> 0.0076692231 | I60: =I58/$O$58 -> 0.087195732 | J60: =J58/$O$58 -> 0.0080026676 | ... L60: =L58/$O$58 -> 0.004168056 | N60: =N58/$O$58 -> 0

Sheet 25.07 Kalewre-Kampala
B1: Consultancy services for Preparation of Expressway Development Master Plan (EDMP) for Uganda
B2: MANUAL CLASSIFIED COUNT (MCC)
B3: ROAD NAME: | C3: ='22.07 Kalerwe-Kampala'!C3:G3 -> MCC - C1 - STN24 GAYAZA ROAD
C5: Date | D5: 25.07.19 | F5: Location | G5: ='24.07 Kampala-Kalewre'!G5:H5 -> Wandegeya | J5: Surveyor | K5: Mbabazi
C6: Dir. From | D6: ='22.07 Kalerwe-Kampala'!D6:E6 -> Kalewre | F6: Dir. To | G6: ='22.07 Kalerwe-Kampala'!G6:H6 -> Kampala | J6: Supervisor | K6: ='24.07 Kampala-Kalewre'!K6:L6 -> Lawrence
B8: Time / Veh Type | R8: SUMMARY TRAFFIC VOLUMES
C9: 1. Car | D9: 2. Station Wagon | E9: 3. Pickups | F9: 4. Minibus, matatu | G9: 5. Medium bus | H9: 6. Large Bus | I9: 7. Light Truck | J9: 8. Medium Truck | K9: 9. Heavy truck | L9: 10. Truck Trailer | M9: 11. Motor cycles | N9: 12. Tractors | O9: Total Excl M/Cycles | P9: Total All | R9: Time | S9: 1. Car | T9: 2. Station Wagon | U9: 3. Pickups | V9: 4. Minibus, matatu | W9: 5. Medium bus | X9: 6. Large Bus | Y9: 7. Light Truck | Z9: 8. Medium Truck | AA9: 9. Heavy truck | AB9: 10. Truck Trailer | AC9: 11. Motorcycles | AD9: 12. Tractors, Graders | AE9: Total Excl M/ Cycles | AF9: Total All
B10: 07.00 - 07.15 | C10: 82 | D10: 9 | E10: 10 | F10: 30 | G10: 1 | H10: 1 | I10: 3 | J10: 0 | K10: 0 | L10: 0 | M10: 299 | N10: 0 | O10: =SUM(C10:L10,N10) -> 136 | P10: =SUM(C10:N10) -> 435 | R10: 0700-0800 | S10: =SUM(C10:C13) -> 277 | T10: =SUM(D10:D13) -> 52 | U10: =SUM(E10:E13) -> 31 | V10: =SUM(F10:F13) -> 135 | W10: =SUM(G10:G13) -> 3 | X10: =SUM(H10:H13) -> 1 | Y10: =SUM(I10:I13) -> 17 | Z10: =SUM(J10:J13) -> 2 | ... AF10: =SUM(P10:P13) -> 2022
B11: 07.15 - 07.30 | C11: 48 | D11: 8 | E11: 2 | F11: 26 | G11: 0 | H11: 0 | I11: 3 | J11: 0 | K11: 0 | L11: 0 | M11: 395 | N11: 0 | O11: =SUM(C11:L11,N11) -> 87 | P11: =SUM(C11:N11) -> 482 | R11: 0800-0900 | S11: =SUM(C14:C17) -> 213 | T11: =SUM(D14:D17) -> 86 | U11: =SUM(E14:E17) -> 21 | V11: =SUM(F14:F17) -> 187 | W11: =SUM(G14:G17) -> 1 | X11: =SUM(H14:H17) -> 0 | Y11: =SUM(I14:I17) -> 24 | Z11: =SUM(J14:J17) -> 3 | ... AF11: =SUM(P14:P17) -> 2200
B12: 07.30 - 07.45 | C12: 92 | D12: 20 | E12: 9 | F12: 44 | G12: 1 | H12: 0 | I12: 8 | J12: 1 | K12: 0 | L12: 0 | M12: 395 | N12: 0 | O12: =SUM(C12:L12,N12) -> 175 | P12: =SUM(C12:N12) -> 570 | R12: 0900-1000 | S12: =SUM(C18:C21) -> 159 | T12: =SUM(D18:D21) -> 48 | U12: =SUM(E18:E21) -> 25 | V12: =SUM(F18:F21) -> 151 | W12: =SUM(G18:G21) -> 3 | X12: =SUM(H18:H21) -> 0 | Y12: =SUM(I18:I21) -> 39 | Z12: =SUM(J18:J21) -> 2 | ... AF12: =SUM(P18:P21) -> 1679
B13: 07.45 - 08.00 | C13: 55 | D13: 15 | E13: 10 | F13: 35 | G13: 1 | H13: 0 | I13: 3 | J13: 1 | K13: 0 | L13: 0 | M13: 415 | N13: 0 | O13: =SUM(C13:L13,N13) -> 120 | P13: =SUM(C13:N13) -> 535 | R13: 1000-1100 | S13: =SUM(C22:C25) -> 128 | T13: =SUM(D22:D25) -> 62 | U13: =SUM(E22:E25) -> 14 | V13: =SUM(F22:F25) -> 142 | W13: =SUM(G22:G25) -> 3 | X13: =SUM(H22:H25) -> 0 | Y13: =SUM(I22:I25) -> 23 | Z13: =SUM(J22:J25) -> 2 | ... AF13: =SUM(P22:P25) -> 1350
B14: 08.00 - 08.15 | C14: 56 | D14: 30 | E14: 6 | F14: 53 | G14: 0 | H14: 0 | I14: 5 | J14: 2 | K14: 1 | L14: 0 | M14: 515 | N14: 0 | O14: =SUM(C14:L14,N14) -> 153 | P14: =SUM(C14:N14) -> 668 | R14: 1100-1200 | S14: =SUM(C26:C29) -> 174 | T14: =SUM(D26:D29) -> 69 | U14: =SUM(E26:E29) -> 19 | V14: =SUM(F26:F29) -> 138 | W14: =SUM(G26:G29) -> 2 | X14: =SUM(H26:H29) -> 2 | Y14: =SUM(I26:I29) -> 30 | Z14: =SUM(J26:J29) -> 3 | ... AF14: =SUM(P26:P29) -> 1464
B15: 08.15 - 08.30 | C15: 58 | D15: 20 | E15: 6 | F15: 49 | G15: 1 | H15: 0 | I15: 2 | J15: 0 | K15: 0 | L15: 0 | M15: 208 | N15: 0 | O15: =SUM(C15:L15,N15) -> 136 | P15: =SUM(C15:N15) -> 344 | R15: 1200-1300 | S15: =SUM(C30:C33) -> 182 | T15: =SUM(D30:D33) -> 86 | U15: =SUM(E30:E33) -> 26 | V15: =SUM(F30:F33) -> 145 | W15: =SUM(G30:G33) -> 2 | X15: =SUM(H30:H33) -> 1 | Y15: =SUM(I30:I33) -> 28 | Z15: =SUM(J30:J33) -> 4 | ... AF15: =SUM(P30:P33) -> 1483
B16: 08.30 - 08.45 | C16: 50 | D16: 13 | E16: 5 | F16: 35 | G16: 0 | H16: 0 | I16: 10 | J16: 0 | K16: 0 | L16: 0 | M16: 405 | N16: 0 | O16: =SUM(C16:L16,N16) -> 113 | P16: =SUM(C16:N16) -> 518 | R16: 1300-1400 | S16: =SUM(C34:C37) -> 185 | T16: =SUM(D34:D37) -> 104 | U16: =SUM(E34:E37) -> 40 | V16: =SUM(F34:F37) -> 142 | W16: =SUM(G34:G37) -> 2 | X16: =SUM(H34:H37) -> 2 | Y16: =SUM(I34:I37) -> 30 | Z16: =SUM(J34:J37) -> 9 | ... AF16: =SUM(P34:P37) -> 1373
B17: 08.45 - 9.00 | C17: 49 | D17: 23 | E17: 4 | F17: 50 | G17: 0 | H17: 0 | I17: 7 | J17: 1 | K17: 1 | L17: 0 | M17: 535 | N17: 0 | O17: =SUM(C17:L17,N17) -> 135 | P17: =SUM(C17:N17) -> 670 | R17: 1400-1500 | S17: =SUM(C38:C41) -> 148 | T17: =SUM(D38:D41) -> 74 | U17: =SUM(E38:E41) -> 24 | V17: =SUM(F38:F41) -> 180 | W17: =SUM(G38:G41) -> 0 | X17: =SUM(H38:H41) -> 4 | Y17: =SUM(I38:I41) -> 52 | Z17: =SUM(J38:J41) -> 7 | ... AF17: =SUM(P38:P41) -> 1171
B18: 09.00 - 09.15 | C18: 50 | D18: 2 | E18: 6 | F18: 43 | G18: 1 | H18: 0 | I18: 10 | J18: 2 | K18: 0 | L18: 0 | M18: 345 | N18: 0 | O18: =SUM(C18:L18,N18) -> 114 | P18: =SUM(C18:N18) -> 459 | R18: 1500-1600 | S18: =SUM(C42:C45) -> 179 | T18: =SUM(D42:D45) -> 55 | U18: =SUM(E42:E45) -> 31 | V18: =SUM(F42:F45) -> 140 | W18: =SUM(G42:G45) -> 0 | X18: =SUM(H42:H45) -> 2 | Y18: =SUM(I42:I45) -> 31 | Z18: =SUM(J42:J45) -> 2 | ... AF18: =SUM(P42:P45) -> 1296
B19: 09.15 - 09.30 | C19: 45 | D19: 13 | E19: 11 | F19: 32 | G19: 0 | H19: 0 | I19: 13 | J19: 0 | K19: 0 | L19: 0 | M19: 315 | N19: 0 | O19: =SUM(C19:L19,N19) -> 114 | P19: =SUM(C19:N19) -> 429 | R19: 1600-1700 | S19: =SUM(C46:C49) -> 153 | T19: =SUM(D46:D49) -> 70 | U19: =SUM(E46:E49) -> 28 | V19: =SUM(F46:F49) -> 148 | W19: =SUM(G46:G49) -> 5 | X19: =SUM(H46:H49) -> 0 | Y19: =SUM(I46:I49) -> 50 | Z19: =SUM(J46:J49) -> 2 | ... AF19: =SUM(P46:P49) -> 1391
B20: 09.30 - 09.45 | C20: 35 | D20: 18 | E20: 5 | F20: 27 | G20: 0 | H20: 0 | I20: 7 | J20: 0 | K20: 2 | L20: 0 | M20: 320 | N20: 0 | O20: =SUM(C20:L20,N20) -> 94 | P20: =SUM(C20:N20) -> 414 | R20: 1700-1800 | S20: =SUM(C50:C53) -> 193 | T20: =SUM(D50:D53) -> 77 | U20: =SUM(E50:E53) -> 30 | V20: =SUM(F50:F53) -> 171 | W20: =SUM(G50:G53) -> 4 | X20: =SUM(H50:H53) -> 1 | Y20: =SUM(I50:I53) -> 30 | Z20: =SUM(J50:J53) -> 4 | ... AF20: =SUM(P50:P53) -> 1447
B21: 09.45 - 10.00 | C21: 29 | D21: 15 | E21: 3 | F21: 49 | G21: 2 | H21: 0 | I21: 9 | J21: 0 | K21: 0 | L21: 0 | M21: 270 | N21: 0 | O21: =SUM(C21:L21,N21) -> 107 | P21: =SUM(C21:N21) -> 377 | R21: 1800-1900 | S21: =SUM(C54:C57) -> 150 | T21: =SUM(D54:D57) -> 51 | U21: =SUM(E54:E57) -> 21 | V21: =SUM(F54:F57) -> 156 | W21: =SUM(G54:G57) -> 3 | X21: =SUM(H54:H57) -> 3 | Y21: =SUM(I54:I57) -> 33 | Z21: =SUM(J54:J57) -> 0 | ... AF21: =SUM(P54:P57) -> 1268
B22: 10.00 - 10.15 | C22: 16 | D22: 12 | E22: 1 | F22: 31 | G22: 0 | H22: 0 | I22: 3 | J22: 0 | K22: 0 | L22: 0 | M22: 155 | N22: 0 | O22: =SUM(C22:L22,N22) -> 63 | P22: =SUM(C22:N22) -> 218 | R22: AM Peak Hr | S22: =MAX(S10:S12) -> 277 | T22: =MAX(T10:T12) -> 86 | U22: =MAX(U10:U12) -> 31 | V22: =MAX(V10:V12) -> 187 | W22: =MAX(W10:W12) -> 3 | X22: =MAX(X10:X12) -> 1 | Y22: =MAX(Y10:Y12) -> 39 | Z22: =MAX(Z10:Z12) -> 3 | ... AF22: =MAX(AF10:AF12) -> 2200
B23: 10.15 - 10.30 | C23: 30 | D23: 27 | E23: 4 | F23: 45 | G23: 2 | H23: 0 | I23: 4 | J23: 1 | K23: 0 | L23: 0 | M23: 295 | N23: 0 | O23: =SUM(C23:L23,N23) -> 113 | P23: =SUM(C23:N23) -> 408 | R23: IP Peak Hr | S23: =MAX(S13:S18) -> 185 | T23: =MAX(T13:T18) -> 104 | U23: =MAX(U13:U18) -> 40 | V23: =MAX(V13:V18) -> 180 | W23: =MAX(W13:W18) -> 3 | X23: =MAX(X13:X18) -> 4 | Y23: =MAX(Y13:Y18) -> 52 | Z23: =MAX(Z13:Z18) -> 9 | ... AF23: =MAX(AF13:AF18) -> 1483
B24: 10.30 - 10.45 | C24: 40 | D24: 15 | E24: 7 | F24: 33 | G24: 1 | H24: 0 | I24: 10 | J24: 0 | K24: 0 | L24: 1 | M24: 280 | N24: 0 | O24: =SUM(C24:L24,N24) -> 107 | P24: =SUM(C24:N24) -> 387 | R24: PM Peak Hr | S24: =MAX(S19:S21) -> 193 | T24: =MAX(T19:T21) -> 77 | U24: =MAX(U19:U21) -> 30 | V24: =MAX(V19:V21) -> 171 | W24: =MAX(W19:W21) -> 5 | X24: =MAX(X19:X21) -> 3 | Y24: =MAX(Y19:Y21) -> 50 | Z24: =MAX(Z19:Z21) -> 4 | ... AF24: =MAX(AF19:AF21) -> 1447
B25: 10.45 - 11.00 | C25: 42 | D25: 8 | E25: 2 | F25: 33 | G25: 0 | H25: 0 | I25: 6 | J25: 1 | K25: 0 | L25: 0 | M25: 245 | N25: 0 | O25: =SUM(C25:L25,N25) -> 92 | P25: =SUM(C25:N25) -> 337 | R25: AM Period | S25: =SUM(S10:S12) -> 649 | T25: =SUM(T10:T12) -> 186 | U25: =SUM(U10:U12) -> 77 | V25: =SUM(V10:V12) -> 473 | W25: =SUM(W10:W12) -> 7 | X25: =SUM(X10:X12) -> 1 | Y25: =SUM(Y10:Y12) -> 80 | Z25: =SUM(Z10:Z12) -> 7 | ... AF25: =SUM(AF10:AF12) -> 5901
B26: 11.00 - 11.15 | C26: 62 | D26: 21 | E26: 6 | F26: 40 | G26: 0 | H26: 0 | I26: 12 | J26: 1 | K26: 1 | L26: 0 | M26: 280 | N26: 0 | O26: =SUM(C26:L26,N26) -> 143 | P26: =SUM(C26:N26) -> 423 | R26: IP Period | S26: =SUM(S13:S18) -> 996 | T26: =SUM(T13:T18) -> 450 | U26: =SUM(U13:U18) -> 154 | V26: =SUM(V13:V18) -> 887 | W26: =SUM(W13:W18) -> 9 | X26: =SUM(X13:X18) -> 11 | Y26: =SUM(Y13:Y18) -> 194 | Z26: =SUM(Z13:Z18) -> 27 | ... AF26: =SUM(AF13:AF18) -> 8137
B27: 11.15 - 11.30 | C27: 45 | D27: 20 | E27: 7 | F27: 40 | G27: 2 | H27: 1 | I27: 10 | J27: 0 | K27: 1 | L27: 0 | M27: 285 | N27: 0 | O27: =SUM(C27:L27,N27) -> 126 | P27: =SUM(C27:N27) -> 411 | R27: PM Period | S27: =SUM(S19:S21) -> 496 | T27: =SUM(T19:T21) -> 198 | U27: =SUM(U19:U21) -> 79 | V27: =SUM(V19:V21) -> 475 | W27: =SUM(W19:W21) -> 12 | X27: =SUM(X19:X21) -> 4 | Y27: =SUM(Y19:Y21) -> 113 | Z27: =SUM(Z19:Z21) -> 6 | ... AF27: =SUM(AF19:AF21) -> 4106
B28: 11.30 - 11.45 | C28: 37 | D28: 17 | E28: 4 | F28: 25 | G28: 0 | H28: 0 | I28: 6 | J28: 1 | K28: 0 | L28: 3 | M28: 285 | N28: 0 | O28: =SUM(C28:L28,N28) -> 93 | P28: =SUM(C28:N28) -> 378 | R28: 12 Hours | S28: =SUM(S10:S21) -> 2141 | T28: =SUM(T10:T21) -> 834 | U28: =SUM(U10:U21) -> 310 | V28: =SUM(V10:V21) -> 1835 | W28: =SUM(W10:W21) -> 28 | X28: =SUM(X10:X21) -> 16 | Y28: =SUM(Y10:Y21) -> 387 | Z28: =SUM(Z10:Z21) -> 40 | ... AF28: =SUM(AF10:AF21) -> 18144
B29: 11.45 - 12.00 | C29: 30 | D29: 11 | E29: 2 | F29: 33 | G29: 0 | H29: 1 | I29: 2 | J29: 1 | K29: 0 | L29: 2 | M29: 170 | N29: 0 | O29: =SUM(C29:L29,N29) -> 82 | P29: =SUM(C29:N29) -> 252
B30: 12.00 - 12.15 | C30: 51 | D30: 21 | E30: 5 | F30: 45 | G30: 1 | H30: 0 | I30: 6 | J30: 2 | K30: 0 | L30: 0 | M30: 200 | N30: 0 | O30: =SUM(C30:L30,N30) -> 131 | P30: =SUM(C30:N30) -> 331
B31: 12.15 - 12.30 | C31: 37 | D31: 24 | E31: 5 | F31: 34 | G31: 0 | H31: 0 | I31: 11 | J31: 1 | K31: 0 | L31: 0 | M31: 250 | N31: 0 | O31: =SUM(C31:L31,N31) -> 112 | P31: =SUM(C31:N31) -> 362
B32: 12.30 - 12.45 | C32: 52 | D32: 14 | E32: 8 | F32: 33 | G32: 1 | H32: 1 | I32: 7 | J32: 0 | K32: 2 | L32: 1 | M32: 270 | N32: 0 | O32: =SUM(C32:L32,N32) -> 119 | P32: =SUM(C32:N32) -> 389
B33: 12.45 - 13.00 | C33: 42 | D33: 27 | E33: 8 | F33: 33 | G33: 0 | H33: 0 | I33: 4 | J33: 1 | K33: 0 | L33: 1 | M33: 285 | N33: 0 | O33: =SUM(C33:L33,N33) -> 116 | P33: =SUM(C33:N33) -> 401
B34: 13.00 - 13.15 | C34: 41 | D34: 25 | E34: 5 | F34: 29 | G34: 0 | H34: 0 | I34: 8 | J34: 2 | K34: 3 | L34: 2 | M34: 245 | N34: 0 | O34: =SUM(C34:L34,N34) -> 115 | P34: =SUM(C34:N34) -> 360
B35: 13.15 - 13.30 | C35: 63 | D35: 31 | E35: 15 | F35: 37 | G35: 2 | H35: 1 | I35: 10 | J35: 5 | K35: 1 | L35: 3 | M35: 190 | N35: 0 | O35: =SUM(C35:L35,N35) -> 168 | P35: =SUM(C35:N35) -> 358
B36: 13.30 - 13.45 | C36: 42 | D36: 24 | E36: 14 | F36: 40 | G36: 0 | H36: 1 | I36: 7 | J36: 1 | K36: 2 | L36: 0 | M36: 165 | N36: 0 | O36: =SUM(C36:L36,N36) -> 131 | P36: =SUM(C36:N36) -> 296
B37: 13.45 - 14.00 | C37: 39 | D37: 24 | E37: 6 | F37: 36 | G37: 0 | H37: 0 | I37: 5 | J37: 1 | K37: 2 | L37: 1 | M37: 245 | N37: 0 | O37: =SUM(C37:L37,N37) -> 114 | P37: =SUM(C37:N37) -> 359
B38: 14.00 - 14.15 | C38: 29 | D38: 15 | E38: 1 | F38: 35 | G38: 0 | H38: 0 | I38: 10 | J38: 1 | K38: 3 | L38: 0 | M38: 160 | N38: 0 | O38: =SUM(C38:L38,N38) -> 94 | P38: =SUM(C38:N38) -> 254
B39: 14.15 - 14.30 | C39: 42 | D39: 14 | E39: 5 | F39: 40 | G39: 0 | H39: 1 | I39: 10 | J39: 0 | K39: 4 | L39: 0 | M39: 120 | N39: 0 | O39: =SUM(C39:L39,N39) -> 116 | P39: =SUM(C39:N39) -> 236
B40: 14.30 - 14.45 | C40: 35 | D40: 25 | E40: 17 | F40: 55 | G40: 0 | H40: 3 | I40: 17 | J40: 5 | K40: 3 | L40: 2 | M40: 235 | N40: 0 | O40: =SUM(C40:L40,N40) -> 162 | P40: =SUM(C40:N40) -> 397
... B57: 18.45 - 19.00 | C57: 29 | D57: 9 | E57: 4 | F57: 34 | G57: 0 | H57: 1 | I57: 4 | J57: 0 | K57: 3 | L57: 1 | M57: 205 | N57: 0 | O57: =SUM(C57:L57,N57) -> 85 | P57: =SUM(C57:N57) -> 290
B58: Totals | C58: =SUM(C10:C57) -> 2141 | D58: =SUM(D10:D57) -> 834 | E58: =SUM(E10:E57) -> 310 | F58: =SUM(F10:F57) -> 1835 | G58: =SUM(G10:G57) -> 28 | H58: =SUM(H10:H57) -> 16 | I58: =SUM(I10:I57) -> 387 | J58: =SUM(J10:J57) -> 40 | ... P58: =SUM(P10:P57) -> 18144
B59: %ges + MCs | C59: =C58/$P$58 -> 0.11800044 | D59: =D58/$P$58 -> 0.045965608 | E59: =E58/$P$58 -> 0.017085538 | F59: =F58/$P$58 -> 0.10113536 | G59: =G58/$P$58 -> 0.0015432099 | H59: =H58/$P$58 -> 0.00088183422 | I59: =I58/$P$58 -> 0.021329365 | J59: =J58/$P$58 -> 0.0022045855 | ... N59: =N58/$P$58 -> 0
B60: %ges w/o MCs | C60: =C58/$O$58 -> 0.37846915 | D60: =D58/$O$58 -> 0.14742797 | E60: =E58/$O$58 -> 0.054799364 | F60: =F58/$O$58 -> 0.32437688 | G60: =G58/$O$58 -> 0.0049496199 | H60: =H58/$O$58 -> 0.0028283543 | I60: =I58/$O$58 -> 0.068410818 | J60: =J58/$O$58 -> 0.0070708856 | ... L60: =L58/$O$58 -> 0.0040657592 | N60: =N58/$O$58 -> 0

Sheet 25.07 Kampala-Kalewre
B1: Consultancy services for Preparation of Expressway Development Master Plan (EDMP) for Uganda
B2: MANUAL CLASSIFIED COUNT (MCC)
B3: ROAD NAME: | C3: ='22.07 Kampala-Kalerwe'!C3:G3 -> MCC - C1 - STN24 GAYAZA ROAD
C5: Date | D5: ='25.07 Kalewre-Kampala'!D5 -> 25.07.19 | F5: Location | G5: ='25.07 Kalewre-Kampala'!G5:H5 -> Wandegeya | J5: Surveyor | K5: Beteth
C6: Dir. From | D6: ='22.07 Kampala-Kalerwe'!D6:E6 -> Kampala | F6: Dir. To | G6: ='22.07 Kampala-Kalerwe'!G6:H6 -> Kalerwe | J6: Supervisor | K6: ='25.07 Kalewre-Kampala'!K6:L6 -> Lawrence
B8: Time / Veh Type | R8: SUMMARY TRAFFIC VOLUMES
C9: 1. Car | D9: 2. Station Wagon | E9: 3. Pickups | F9: 4. Minibus, matatu | G9: 5. Medium bus | H9: 6. Large Bus | I9: 7. Light Truck | J9: 8. Medium Truck | K9: 9. Heavy truck | L9: 10. Truck Trailer | M9: 11. Motor cycles | N9: 12. Tractors | O9: Total Excl M/Cycles | P9: Total All | R9: Time | S9: 1. Car | T9: 2. Station Wagon | U9: 3. Pickups | V9: 4. Minibus, matatu | W9: 5. Medium bus | X9: 6. Large Bus | Y9: 7. Light Truck | Z9: 8. Medium Truck | AA9: 9. Heavy truck | AB9: 10. Truck Trailer | AC9: 11. Motorcycles | AD9: 12. Tractors, Graders | AE9: Total Excl M/ Cycles | AF9: Total All
B10: 07.00 - 07.15 | C10: 55 | D10: 25 | E10: 15 | F10: 85 | G10: 2 | H10: 1 | I10: 15 | J10: 0 | K10: 1 | L10: 0 | M10: 190 | N10: 0 | O10: =SUM(C10:L10,N10) -> 199 | P10: =SUM(C10:N10) -> 389 | R10: 0700-0800 | S10: =SUM(C10:C13) -> 182 | T10: =SUM(D10:D13) -> 83 | U10: =SUM(E10:E13) -> 18 | V10: =SUM(F10:F13) -> 233 | W10: =SUM(G10:G13) -> 3 | X10: =SUM(H10:H13) -> 4 | Y10: =SUM(I10:I13) -> 57 | Z10: =SUM(J10:J13) -> 0 | ... AF10: =SUM(P10:P13) -> 1317
B11: 07.15 - 07.30 | C11: 40 | D11: 15 | E11: 0 | F11: 50 | G11: 0 | H11: 0 | I11: 20 | J11: 0 | K11: 0 | L11: 0 | M11: 175 | N11: 0 | O11: =SUM(C11:L11,N11) -> 125 | P11: =SUM(C11:N11) -> 300 | R11: 0800-0900 | S11: =SUM(C14:C17) -> 87 | T11: =SUM(D14:D17) -> 34 | U11: =SUM(E14:E17) -> 11 | V11: =SUM(F14:F17) -> 246 | W11: =SUM(G14:G17) -> 9 | X11: =SUM(H14:H17) -> 1 | Y11: =SUM(I14:I17) -> 37 | Z11: =SUM(J14:J17) -> 2 | ... AF11: =SUM(P14:P17) -> 1428
B12: 07.30 - 07.45 | C12: 50 | D12: 40 | E12: 1 | F12: 48 | G12: 1 | H12: 2 | I12: 18 | J12: 0 | K12: 1 | L12: 0 | M12: 185 | N12: 0 | O12: =SUM(C12:L12,N12) -> 161 | P12: =SUM(C12:N12) -> 346 | R12: 0900-1000 | S12: =SUM(C18:C21) -> 88 | T12: =SUM(D18:D21) -> 38 | U12: =SUM(E18:E21) -> 22 | V12: =SUM(F18:F21) -> 287 | W12: =SUM(G18:G21) -> 5 | X12: =SUM(H18:H21) -> 1 | Y12: =SUM(I18:I21) -> 26 | Z12: =SUM(J18:J21) -> 4 | ... AF12: =SUM(P18:P21) -> 1460
B13: 07.45 - 08.00 | C13: 37 | D13: 3 | E13: 2 | F13: 50 | G13: 0 | H13: 1 | I13: 4 | J13: 0 | K13: 0 | L13: 0 | M13: 185 | N13: 0 | O13: =SUM(C13:L13,N13) -> 97 | P13: =SUM(C13:N13) -> 282 | R13: 1000-1100 | S13: =SUM(C22:C25) -> 98 | T13: =SUM(D22:D25) -> 36 | U13: =SUM(E22:E25) -> 4 | V13: =SUM(F22:F25) -> 181 | W13: =SUM(G22:G25) -> 1 | X13: =SUM(H22:H25) -> 5 | Y13: =SUM(I22:I25) -> 41 | Z13: =SUM(J22:J25) -> 7 | ... AF13: =SUM(P22:P25) -> 1177
B14: 08.00 - 08.15 | C14: 16 | D14: 7 | E14: 2 | F14: 60 | G14: 3 | H14: 1 | I14: 8 | J14: 0 | K14: 0 | L14: 0 | M14: 265 | N14: 0 | O14: =SUM(C14:L14,N14) -> 97 | P14: =SUM(C14:N14) -> 362 | R14: 1100-1200 | S14: =SUM(C26:C29) -> 118 | T14: =SUM(D26:D29) -> 14 | U14: =SUM(E26:E29) -> 59 | V14: =SUM(F26:F29) -> 172 | W14: =SUM(G26:G29) -> 1 | X14: =SUM(H26:H29) -> 0 | Y14: =SUM(I26:I29) -> 42 | Z14: =SUM(J26:J29) -> 2 | ... AF14: =SUM(P26:P29) -> 1039
B15: 08.15 - 08.30 | C15: 23 | D15: 13 | E15: 5 | F15: 57 | G15: 4 | H15: 0 | I15: 13 | J15: 1 | K15: 1 | L15: 0 | M15: 215 | N15: 0 | O15: =SUM(C15:L15,N15) -> 117 | P15: =SUM(C15:N15) -> 332 | R15: 1200-1300 | S15: =SUM(C30:C33) -> 133 | T15: =SUM(D30:D33) -> 77 | U15: =SUM(E30:E33) -> 19 | V15: =SUM(F30:F33) -> 169 | W15: =SUM(G30:G33) -> 17 | X15: =SUM(H30:H33) -> 0 | Y15: =SUM(I30:I33) -> 25 | Z15: =SUM(J30:J33) -> 10 | ... AF15: =SUM(P30:P33) -> 1141
B16: 08.30 - 08.45 | C16: 30 | D16: 10 | E16: 3 | F16: 69 | G16: 1 | H16: 0 | I16: 11 | J16: 0 | K16: 0 | L16: 0 | M16: 255 | N16: 0 | O16: =SUM(C16:L16,N16) -> 124 | P16: =SUM(C16:N16) -> 379 | R16: 1300-1400 | S16: =SUM(C34:C37) -> 124 | T16: =SUM(D34:D37) -> 70 | U16: =SUM(E34:E37) -> 7 | V16: =SUM(F34:F37) -> 172 | W16: =SUM(G34:G37) -> 1 | X16: =SUM(H34:H37) -> 3 | Y16: =SUM(I34:I37) -> 54 | Z16: =SUM(J34:J37) -> 2 | ... AF16: =SUM(P34:P37) -> 1053
B17: 08.45 - 9.00 | C17: 18 | D17: 4 | E17: 1 | F17: 60 | G17: 1 | H17: 0 | I17: 5 | J17: 1 | K17: 0 | L17: 0 | M17: 265 | N17: 0 | O17: =SUM(C17:L17,N17) -> 90 | P17: =SUM(C17:N17) -> 355 | R17: 1400-1500 | S17: =SUM(C38:C41) -> 114 | T17: =SUM(D38:D41) -> 53 | U17: =SUM(E38:E41) -> 18 | V17: =SUM(F38:F41) -> 212 | W17: =SUM(G38:G41) -> 6 | X17: =SUM(H38:H41) -> 2 | Y17: =SUM(I38:I41) -> 47 | Z17: =SUM(J38:J41) -> 4 | ... AF17: =SUM(P38:P41) -> 1116
B18: 09.00 - 09.15 | C18: 33 | D18: 17 | E18: 14 | F18: 70 | G18: 2 | H18: 0 | I18: 5 | J18: 3 | K18: 0 | L18: 0 | M18: 265 | N18: 0 | O18: =SUM(C18:L18,N18) -> 144 | P18: =SUM(C18:N18) -> 409 | R18: 1500-1600 | S18: =SUM(C42:C45) -> 130 | T18: =SUM(D42:D45) -> 64 | U18: =SUM(E42:E45) -> 20 | V18: =SUM(F42:F45) -> 170 | W18: =SUM(G42:G45) -> 1 | X18: =SUM(H42:H45) -> 2 | Y18: =SUM(I42:I45) -> 38 | Z18: =SUM(J42:J45) -> 6 | ... AF18: =SUM(P42:P45) -> 1153
B19: 09.15 - 09.30 | C19: 14 | D19: 8 | E19: 3 | F19: 75 | G19: 2 | H19: 0 | I19: 9 | J19: 1 | K19: 0 | L19: 0 | M19: 210 | N19: 0 | O19: =SUM(C19:L19,N19) -> 112 | P19: =SUM(C19:N19) -> 322 | R19: 1600-1700 | S19: =SUM(C46:C49) -> 159 | T19: =SUM(D46:D49) -> 124 | U19: =SUM(E46:E49) -> 20 | V19: =SUM(F46:F49) -> 159 | W19: =SUM(G46:G49) -> 3 | X19: =SUM(H46:H49) -> 3 | Y19: =SUM(I46:I49) -> 56 | Z19: =SUM(J46:J49) -> 4 | ... AF19: =SUM(P46:P49) -> 1261
B20: 09.30 - 09.45 | C20: 23 | D20: 9 | E20: 3 | F20: 70 | G20: 1 | H20: 1 | I20: 8 | J20: 0 | K20: 1 | L20: 0 | M20: 267 | N20: 0 | O20: =SUM(C20:L20,N20) -> 116 | P20: =SUM(C20:N20) -> 383 | R20: 1700-1800 | S20: =SUM(C50:C53) -> 256 | T20: =SUM(D50:D53) -> 76 | U20: =SUM(E50:E53) -> 9 | V20: =SUM(F50:F53) -> 217 | W20: =SUM(G50:G53) -> 2 | X20: =SUM(H50:H53) -> 1 | Y20: =SUM(I50:I53) -> 63 | Z20: =SUM(J50:J53) -> 12 | ... AF20: =SUM(P50:P53) -> 1362
B21: 09.45 - 10.00 | C21: 18 | D21: 4 | E21: 2 | F21: 72 | G21: 0 | H21: 0 | I21: 4 | J21: 0 | K21: 0 | L21: 1 | M21: 245 | N21: 0 | O21: =SUM(C21:L21,N21) -> 101 | P21: =SUM(C21:N21) -> 346 | R21: 1800-1900 | S21: =SUM(C54:C57) -> 267 | T21: =SUM(D54:D57) -> 74 | U21: =SUM(E54:E57) -> 29 | V21: =SUM(F54:F57) -> 150 | W21: =SUM(G54:G57) -> 9 | X21: =SUM(H54:H57) -> 5 | Y21: =SUM(I54:I57) -> 43 | Z21: =SUM(J54:J57) -> 4 | ... AF21: =SUM(P54:P57) -> 1574
B22: 10.00 - 10.15 | C22: 32 | D22: 5 | E22: 0 | F22: 54 | G22: 0 | H22: 2 | I22: 8 | J22: 1 | K22: 0 | L22: 2 | M22: 235 | N22: 0 | O22: =SUM(C22:L22,N22) -> 104 | P22: =SUM(C22:N22) -> 339 | R22: AM Peak Hr | S22: =MAX(S10:S12) -> 182 | T22: =MAX(T10:T12) -> 83 | U22: =MAX(U10:U12) -> 22 | V22: =MAX(V10:V12) -> 287 | W22: =MAX(W10:W12) -> 9 | X22: =MAX(X10:X12) -> 4 | Y22: =MAX(Y10:Y12) -> 57 | Z22: =MAX(Z10:Z12) -> 4 | ... AF22: =MAX(AF10:AF12) -> 1460
B23: 10.15 - 10.30 | C23: 22 | D23: 13 | E23: 0 | F23: 35 | G23: 0 | H23: 1 | I23: 8 | J23: 1 | K23: 1 | L23: 0 | M23: 205 | N23: 0 | O23: =SUM(C23:L23,N23) -> 81 | P23: =SUM(C23:N23) -> 286 | R23: IP Peak Hr | S23: =MAX(S13:S18) -> 133 | T23: =MAX(T13:T18) -> 77 | U23: =MAX(U13:U18) -> 59 | V23: =MAX(V13:V18) -> 212 | W23: =MAX(W13:W18) -> 17 | X23: =MAX(X13:X18) -> 5 | Y23: =MAX(Y13:Y18) -> 54 | Z23: =MAX(Z13:Z18) -> 10 | ... AF23: =MAX(AF13:AF18) -> 1177
B24: 10.30 - 10.45 | C24: 21 | D24: 8 | E24: 2 | F24: 40 | G24: 0 | H24: 0 | I24: 9 | J24: 2 | K24: 1 | L24: 0 | M24: 190 | N24: 0 | O24: =SUM(C24:L24,N24) -> 83 | P24: =SUM(C24:N24) -> 273 | R24: PM Peak Hr | S24: =MAX(S19:S21) -> 267 | T24: =MAX(T19:T21) -> 124 | U24: =MAX(U19:U21) -> 29 | V24: =MAX(V19:V21) -> 217 | W24: =MAX(W19:W21) -> 9 | X24: =MAX(X19:X21) -> 5 | Y24: =MAX(Y19:Y21) -> 63 | Z24: =MAX(Z19:Z21) -> 12 | ... AF24: =MAX(AF19:AF21) -> 1574
B25: 10.45 - 11.00 | C25: 23 | D25: 10 | E25: 2 | F25: 52 | G25: 1 | H25: 2 | I25: 16 | J25: 3 | K25: 0 | L25: 0 | M25: 170 | N25: 0 | O25: =SUM(C25:L25,N25) -> 109 | P25: =SUM(C25:N25) -> 279 | R25: AM Period | S25: =SUM(S10:S12) -> 357 | T25: =SUM(T10:T12) -> 155 | U25: =SUM(U10:U12) -> 51 | V25: =SUM(V10:V12) -> 766 | W25: =SUM(W10:W12) -> 17 | X25: =SUM(X10:X12) -> 6 | Y25: =SUM(Y10:Y12) -> 120 | Z25: =SUM(Z10:Z12) -> 6 | ... AF25: =SUM(AF10:AF12) -> 4205
B26: 11.00 - 11.15 | C26: 20 | D26: 8 | E26: 4 | F26: 30 | G26: 1 | H26: 0 | I26: 6 | J26: 0 | K26: 0 | L26: 0 | M26: 180 | N26: 0 | O26: =SUM(C26:L26,N26) -> 69 | P26: =SUM(C26:N26) -> 249 | R26: IP Period | S26: =SUM(S13:S18) -> 717 | T26: =SUM(T13:T18) -> 314 | U26: =SUM(U13:U18) -> 127 | V26: =SUM(V13:V18) -> 1076 | W26: =SUM(W13:W18) -> 27 | X26: =SUM(X13:X18) -> 12 | Y26: =SUM(Y13:Y18) -> 247 | Z26: =SUM(Z13:Z18) -> 31 | ... AF26: =SUM(AF13:AF18) -> 6679
B27: 11.15 - 11.30 | C27: 35 | D27: 6 | E27: 0 | F27: 55 | G27: 0 | H27: 0 | I27: 11 | J27: 2 | K27: 0 | L27: 1 | M27: 170 | N27: 0 | O27: =SUM(C27:L27,N27) -> 110 | P27: =SUM(C27:N27) -> 280 | R27: PM Period | S27: =SUM(S19:S21) -> 682 | T27: =SUM(T19:T21) -> 274 | U27: =SUM(U19:U21) -> 58 | V27: =SUM(V19:V21) -> 526 | W27: =SUM(W19:W21) -> 14 | X27: =SUM(X19:X21) -> 9 | Y27: =SUM(Y19:Y21) -> 162 | Z27: =SUM(Z19:Z21) -> 20 | ... AF27: =SUM(AF19:AF21) -> 4197
B28: 11.30 - 11.45 | C28: 45 | D28: 0 | E28: 35 | F28: 53 | G28: 0 | H28: 0 | I28: 10 | J28: 0 | K28: 0 | L28: 0 | M28: 130 | N28: 0 | O28: =SUM(C28:L28,N28) -> 143 | P28: =SUM(C28:N28) -> 273 | R28: 12 Hours | S28: =SUM(S10:S21) -> 1756 | T28: =SUM(T10:T21) -> 743 | U28: =SUM(U10:U21) -> 236 | V28: =SUM(V10:V21) -> 2368 | W28: =SUM(W10:W21) -> 58 | X28: =SUM(X10:X21) -> 27 | Y28: =SUM(Y10:Y21) -> 529 | Z28: =SUM(Z10:Z21) -> 57 | ... AF28: =SUM(AF10:AF21) -> 15081
B29: 11.45 - 12.00 | C29: 18 | D29: 0 | E29: 20 | F29: 34 | G29: 0 | H29: 0 | I29: 15 | J29: 0 | K29: 0 | L29: 0 | M29: 150 | N29: 0 | O29: =SUM(C29:L29,N29) -> 87 | P29: =SUM(C29:N29) -> 237
B30: 12.00 - 12.15 | C30: 45 | D30: 8 | E30: 4 | F30: 40 | G30: 2 | H30: 0 | I30: 9 | J30: 2 | K30: 0 | L30: 0 | M30: 175 | N30: 0 | O30: =SUM(C30:L30,N30) -> 110 | P30: =SUM(C30:N30) -> 285
B31: 12.15 - 12.30 | C31: 30 | D31: 11 | E31: 14 | F31: 44 | G31: 1 | H31: 0 | I31: 5 | J31: 5 | K31: 0 | L31: 0 | M31: 160 | N31: 0 | O31: =SUM(C31:L31,N31) -> 110 | P31: =SUM(C31:N31) -> 270
B32: 12.30 - 12.45 | C32: 28 | D32: 13 | E32: 1 | F32: 45 | G32: 2 | H32: 0 | I32: 11 | J32: 3 | K32: 1 | L32: 0 | M32: 165 | N32: 0 | O32: =SUM(C32:L32,N32) -> 104 | P32: =SUM(C32:N32) -> 269
B33: 12.45 - 13.00 | C33: 30 | D33: 45 | E33: 0 | F33: 40 | G33: 12 | H33: 0 | I33: 0 | J33: 0 | K33: 0 | L33: 0 | M33: 190 | N33: 0 | O33: =SUM(C33:L33,N33) -> 127 | P33: =SUM(C33:N33) -> 317
B34: 13.00 - 13.15 | C34: 26 | D34: 16 | E34: 2 | F34: 45 | G34: 0 | H34: 0 | I34: 12 | J34: 1 | K34: 1 | L34: 1 | M34: 140 | N34: 0 | O34: =SUM(C34:L34,N34) -> 104 | P34: =SUM(C34:N34) -> 244
B35: 13.15 - 13.30 | C35: 26 | D35: 13 | E35: 3 | F35: 44 | G35: 0 | H35: 1 | I35: 18 | J35: 0 | K35: 0 | L35: 1 | M35: 150 | N35: 0 | O35: =SUM(C35:L35,N35) -> 106 | P35: =SUM(C35:N35) -> 256
B36: 13.30 - 13.45 | C36: 39 | D36: 18 | E36: 1 | F36: 47 | G36: 1 | H36: 1 | I36: 7 | J36: 0 | K36: 1 | L36: 0 | M36: 155 | N36: 0 | O36: =SUM(C36:L36,N36) -> 115 | P36: =SUM(C36:N36) -> 270
B37: 13.45 - 14.00 | C37: 33 | D37: 23 | E37: 1 | F37: 36 | G37: 0 | H37: 1 | I37: 17 | J37: 1 | K37: 1 | L37: 0 | M37: 170 | N37: 0 | O37: =SUM(C37:L37,N37) -> 113 | P37: =SUM(C37:N37) -> 283
B38: 14.00 - 14.15 | C38: 20 | D38: 9 | E38: 5 | F38: 55 | G38: 3 | H38: 0 | I38: 5 | J38: 1 | K38: 0 | L38: 1 | M38: 180 | N38: 0 | O38: =SUM(C38:L38,N38) -> 99 | P38: =SUM(C38:N38) -> 279
B39: 14.15 - 14.30 | C39: 20 | D39: 8 | E39: 0 | F39: 58 | G39: 0 | H39: 0 | I39: 14 | J39: 1 | K39: 1 | L39: 0 | M39: 145 | N39: 0 | O39: =SUM(C39:L39,N39) -> 102 | P39: =SUM(C39:N39) -> 247
B40: 14.30 - 14.45 | C40: 44 | D40: 17 | E40: 4 | F40: 46 | G40: 2 | H40: 2 | I40: 17 | J40: 1 | K40: 1 | L40: 0 | M40: 155 | N40: 0 | O40: =SUM(C40:L40,N40) -> 134 | P40: =SUM(C40:N40) -> 289
... B57: 18.45 - 19.00 | C57: 58 | D57: 15 | E57: 7 | F57: 42 | G57: 4 | H57: 2 | I57: 12 | J57: 1 | K57: 1 | L57: 1 | M57: 285 | N57: 0 | O57: =SUM(C57:L57,N57) -> 143 | P57: =SUM(C57:N57) -> 428
B58: Totals | C58: =SUM(C10:C57) -> 1756 | D58: =SUM(D10:D57) -> 743 | E58: =SUM(E10:E57) -> 236 | F58: =SUM(F10:F57) -> 2368 | G58: =SUM(G10:G57) -> 58 | H58: =SUM(H10:H57) -> 27 | I58: =SUM(I10:I57) -> 529 | J58: =SUM(J10:J57) -> 57 | ... P58: =SUM(P10:P57) -> 15081
B59: %ges + MCs | C59: =C58/$P$58 -> 0.1164379 | D59: =D58/$P$58 -> 0.04926729 | E59: =E58/$P$58 -> 0.01564883 | F59: =F58/$P$58 -> 0.15701877 | G59: =G58/$P$58 -> 0.0038458988 | H59: =H58/$P$58 -> 0.0017903322 | I59: =I58/$P$58 -> 0.03507725 | J59: =J58/$P$58 -> 0.0037795902 | ... N59: =N58/$P$58 -> 0
B60: %ges w/o MCs | C60: =C58/$O$58 -> 0.30145923 | D60: =D58/$O$58 -> 0.12755365 | E60: =E58/$O$58 -> 0.040515021 | F60: =F58/$O$58 -> 0.40652361 | G60: =G58/$O$58 -> 0.0099570815 | H60: =H58/$O$58 -> 0.0046351931 | I60: =I58/$O$58 -> 0.090815451 | J60: =J58/$O$58 -> 0.0097854077 | ... L60: =L58/$O$58 -> 0.0042918455 | N60: =N58/$O$58 -> 0

Sheet 26.07 Kalerwe-Kampala-24h
B1: Consultancy services for Preparation of Expressway Development Master Plan (EDMP) for Uganda
B2: MANUAL CLASSIFIED COUNT (MCC)
B3: ROAD NAME: | C3: ='22.07 Kalerwe-Kampala'!C3:G3 -> MCC - C1 - STN24 GAYAZA ROAD
C5: Date | D5: 26.07.19 | F5: Location | G5: ='25.07 Kampala-Kalewre'!G5:H5 -> Wandegeya | J5: Surveyor | K5: Mbabazi /Kandake
C6: Dir. From | D6: ='22.07 Kalerwe-Kampala'!D6:E6 -> Kalewre | F6: Dir. To | G6: ='22.07 Kalerwe-Kampala'!G6:H6 -> Kampala | J6: Supervisor | K6: ='25.07 Kampala-Kalewre'!K6:L6 -> Lawrence
B8: Time / Veh Type | R8: SUMMARY TRAFFIC VOLUMES
C9: 1. Car | D9: 2. Station Wagon | E9: 3. Pickups | F9: 4. Minibus, matatu | G9: 5. Medium bus | H9: 6. Large Bus | I9: 7. Light Truck | J9: 8. Medium Truck | K9: 9. Heavy truck | L9: 10. Truck Trailer | M9: 11. Motor cycles | N9: 12. Tractors | O9: Total Excl M/Cycles | P9: Total All | R9: Time | S9: 1. Car | T9: 2. Station Wagon | U9: 3. Pickups | V9: 4. Minibus, matatu | W9: 5. Medium bus | X9: 6. Large Bus | Y9: 7. Light Truck | Z9: 8. Medium Truck | AA9: 9. Heavy truck | AB9: 10. Truck Trailer | AC9: 11. Motorcycles | AD9: 12. Tractors, Graders | AE9: Total Excl M/ Cycles | AF9: Total All
B10: 07.00 - 07.15 | C10: 60 | D10: 26 | E10: 10 | F10: 60 | G10: 2 | H10: 0 | I10: 5 | J10: 0 | K10: 0 | L10: 0 | M10: 395 | N10: 0 | O10: =SUM(C10:L10,N10) -> 163 | P10: =SUM(C10:N10) -> 558 | R10: 0700-0800 | S10: =SUM(C10:C13) -> 281 | T10: =SUM(D10:D13) -> 54 | U10: =SUM(E10:E13) -> 36 | V10: =SUM(F10:F13) -> 155 | W10: =SUM(G10:G13) -> 4 | X10: =SUM(H10:H13) -> 1 | Y10: =SUM(I10:I13) -> 21 | Z10: =SUM(J10:J13) -> 0 | ... AF10: =SUM(P10:P13) -> 1862
B11: 07.15 - 07.30 | C11: 45 | D11: 7 | E11: 6 | F11: 30 | G11: 0 | H11: 0 | I11: 3 | J11: 0 | K11: 0 | L11: 0 | M11: 210 | N11: 0 | O11: =SUM(C11:L11,N11) -> 91 | P11: =SUM(C11:N11) -> 301 | R11: 0800-0900 | S11: =SUM(C14:C17) -> 155 | T11: =SUM(D14:D17) -> 48 | U11: =SUM(E14:E17) -> 22 | V11: =SUM(F14:F17) -> 104 | W11: =SUM(G14:G17) -> 2 | X11: =SUM(H14:H17) -> 1 | Y11: =SUM(I14:I17) -> 25 | Z11: =SUM(J14:J17) -> 1 | ... AF11: =SUM(P14:P17) -> 1791
B12: 07.30 - 07.45 | C12: 110 | D12: 16 | E12: 10 | F12: 35 | G12: 1 | H12: 1 | I12: 8 | J12: 0 | K12: 0 | L12: 0 | M12: 355 | N12: 0 | O12: =SUM(C12:L12,N12) -> 181 | P12: =SUM(C12:N12) -> 536 | R12: 0900-1000 | S12: =SUM(C18:C21) -> 228 | T12: =SUM(D18:D21) -> 47 | U12: =SUM(E18:E21) -> 19 | V12: =SUM(F18:F21) -> 159 | W12: =SUM(G18:G21) -> 6 | X12: =SUM(H18:H21) -> 1 | Y12: =SUM(I18:I21) -> 25 | Z12: =SUM(J18:J21) -> 4 | ... AF12: =SUM(P18:P21) -> 1608
B13: 07.45 - 08.00 | C13: 66 | D13: 5 | E13: 10 | F13: 30 | G13: 1 | H13: 0 | I13: 5 | J13: 0 | K13: 0 | L13: 0 | M13: 350 | N13: 0 | O13: =SUM(C13:L13,N13) -> 117 | P13: =SUM(C13:N13) -> 467 | R13: 1000-1100 | S13: =SUM(C22:C25) -> 203 | T13: =SUM(D22:D25) -> 63 | U13: =SUM(E22:E25) -> 64 | V13: =SUM(F22:F25) -> 139 | W13: =SUM(G22:G25) -> 7 | X13: =SUM(H22:H25) -> 10 | Y13: =SUM(I22:I25) -> 29 | Z13: =SUM(J22:J25) -> 12 | ... AF13: =SUM(P22:P25) -> 1146
B14: 08.00 - 08.15 | C14: 55 | D14: 13 | E14: 7 | F14: 27 | G14: 2 | H14: 1 | I14: 6 | J14: 0 | K14: 0 | L14: 0 | M14: 445 | N14: 0 | O14: =SUM(C14:L14,N14) -> 111 | P14: =SUM(C14:N14) -> 556 | R14: 1100-1200 | S14: =SUM(C26:C29) -> 221 | T14: =SUM(D26:D29) -> 58 | U14: =SUM(E26:E29) -> 20 | V14: =SUM(F26:F29) -> 219 | W14: =SUM(G26:G29) -> 3 | X14: =SUM(H26:H29) -> 3 | Y14: =SUM(I26:I29) -> 35 | Z14: =SUM(J26:J29) -> 2 | ... AF14: =SUM(P26:P29) -> 1394
B15: 08.15 - 08.30 | C15: 44 | D15: 9 | E15: 5 | F15: 30 | G15: 0 | H15: 0 | I15: 5 | J15: 0 | K15: 0 | L15: 0 | M15: 345 | N15: 0 | O15: =SUM(C15:L15,N15) -> 93 | P15: =SUM(C15:N15) -> 438 | R15: 1200-1300 | S15: =SUM(C30:C33) -> 230 | T15: =SUM(D30:D33) -> 81 | U15: =SUM(E30:E33) -> 34 | V15: =SUM(F30:F33) -> 189 | W15: =SUM(G30:G33) -> 18 | X15: =SUM(H30:H33) -> 5 | Y15: =SUM(I30:I33) -> 87 | Z15: =SUM(J30:J33) -> 4 | ... AF15: =SUM(P30:P33) -> 1438
B16: 08.30 - 08.45 | C16: 34 | D16: 15 | E16: 6 | F16: 28 | G16: 0 | H16: 0 | I16: 5 | J16: 0 | K16: 2 | L16: 0 | M16: 400 | N16: 0 | O16: =SUM(C16:L16,N16) -> 90 | P16: =SUM(C16:N16) -> 490 | R16: 1300-1400 | S16: =SUM(C34:C37) -> 299 | T16: =SUM(D34:D37) -> 138 | U16: =SUM(E34:E37) -> 58 | V16: =SUM(F34:F37) -> 186 | W16: =SUM(G34:G37) -> 6 | X16: =SUM(H34:H37) -> 5 | Y16: =SUM(I34:I37) -> 73 | Z16: =SUM(J34:J37) -> 7 | ... AF16: =SUM(P34:P37) -> 1677
B17: 08.45 - 9.00 | C17: 22 | D17: 11 | E17: 4 | F17: 19 | G17: 0 | H17: 0 | I17: 9 | J17: 1 | K17: 1 | L17: 0 | M17: 240 | N17: 0 | O17: =SUM(C17:L17,N17) -> 67 | P17: =SUM(C17:N17) -> 307 | R17: 1400-1500 | S17: =SUM(C38:C41) -> 217 | T17: =SUM(D38:D41) -> 56 | U17: =SUM(E38:E41) -> 32 | V17: =SUM(F38:F41) -> 158 | W17: =SUM(G38:G41) -> 6 | X17: =SUM(H38:H41) -> 1 | Y17: =SUM(I38:I41) -> 44 | Z17: =SUM(J38:J41) -> 9 | ... AF17: =SUM(P38:P41) -> 1525
B18: 09.00 - 09.15 | C18: 54 | D18: 15 | E18: 6 | F18: 50 | G18: 1 | H18: 0 | I18: 7 | J18: 0 | K18: 0 | L18: 0 | M18: 400 | N18: 0 | O18: =SUM(C18:L18,N18) -> 133 | P18: =SUM(C18:N18) -> 533 | R18: 1500-1600 | S18: =SUM(C42:C45) -> 198 | T18: =SUM(D42:D45) -> 57 | U18: =SUM(E42:E45) -> 32 | V18: =SUM(F42:F45) -> 129 | W18: =SUM(G42:G45) -> 5 | X18: =SUM(H42:H45) -> 1 | Y18: =SUM(I42:I45) -> 45 | Z18: =SUM(J42:J45) -> 2 | ... AF18: =SUM(P42:P45) -> 1511
B19: 09.15 - 09.30 | C19: 50 | D19: 15 | E19: 4 | F19: 35 | G19: 1 | H19: 0 | I19: 11 | J19: 1 | K19: 0 | L19: 0 | M19: 280 | N19: 0 | O19: =SUM(C19:L19,N19) -> 117 | P19: =SUM(C19:N19) -> 397 | R19: 1600-1700 | S19: =SUM(C46:C49) -> 219 | T19: =SUM(D46:D49) -> 37 | U19: =SUM(E46:E49) -> 20 | V19: =SUM(F46:F49) -> 115 | W19: =SUM(G46:G49) -> 4 | X19: =SUM(H46:H49) -> 0 | Y19: =SUM(I46:I49) -> 46 | Z19: =SUM(J46:J49) -> 1 | ... AF19: =SUM(P46:P49) -> 1492
B20: 09.30 - 09.45 | C20: 61 | D20: 11 | E20: 5 | F20: 43 | G20: 1 | H20: 0 | I20: 3 | J20: 2 | K20: 0 | L20: 0 | M20: 257 | N20: 0 | O20: =SUM(C20:L20,N20) -> 126 | P20: =SUM(C20:N20) -> 383 | R20: 1700-1800 | S20: =SUM(C50:C53) -> 219 | T20: =SUM(D50:D53) -> 63 | U20: =SUM(E50:E53) -> 23 | V20: =SUM(F50:F53) -> 152 | W20: =SUM(G50:G53) -> 6 | X20: =SUM(H50:H53) -> 0 | Y20: =SUM(I50:I53) -> 33 | Z20: =SUM(J50:J53) -> 5 | ... AF20: =SUM(P50:P53) -> 1681
B21: 09.45 - 10.00 | C21: 63 | D21: 6 | E21: 4 | F21: 31 | G21: 3 | H21: 1 | I21: 4 | J21: 1 | K21: 2 | L21: 0 | M21: 180 | N21: 0 | O21: =SUM(C21:L21,N21) -> 115 | P21: =SUM(C21:N21) -> 295 | R21: 1800-1900 | S21: =SUM(C54:C57) -> 203 | T21: =SUM(D54:D57) -> 38 | U21: =SUM(E54:E57) -> 35 | V21: =SUM(F54:F57) -> 171 | W21: =SUM(G54:G57) -> 3 | X21: =SUM(H54:H57) -> 0 | Y21: =SUM(I54:I57) -> 22 | Z21: =SUM(J54:J57) -> 1 | ... AF21: =SUM(P54:P57) -> 1548
B22: 10.00 - 10.15 | C22: 65 | D22: 16 | E22: 36 | F22: 0 | G22: 0 | H22: 10 | I22: 5 | J22: 2 | K22: 0 | L22: 0 | M22: 163 | N22: 0 | O22: =SUM(C22:L22,N22) -> 134 | P22: =SUM(C22:N22) -> 297 | R22: 1900-2000 | S22: =SUM(C58:C61) -> 353 | T22: =SUM(D58:D61) -> 17 | U22: =SUM(E58:E61) -> 8 | V22: =SUM(F58:F61) -> 42 | W22: =SUM(G58:G61) -> 10 | X22: =SUM(H58:H61) -> 7 | Y22: =SUM(I58:I61) -> 20 | Z22: =SUM(J58:J61) -> 2 | ... AF22: =SUM(P58:P61) -> 1189
B23: 10.15 - 10.30 | C23: 41 | D23: 16 | E23: 9 | F23: 47 | G23: 2 | H23: 0 | I23: 6 | J23: 3 | K23: 0 | L23: 0 | M23: 72 | N23: 0 | O23: =SUM(C23:L23,N23) -> 124 | P23: =SUM(C23:N23) -> 196 | R23: 2000-2100 | S23: =SUM(C62:C65) -> 455 | T23: =SUM(D62:D65) -> 15 | U23: =SUM(E62:E65) -> 11 | V23: =SUM(F62:F65) -> 248 | W23: =SUM(G62:G65) -> 12 | X23: =SUM(H62:H65) -> 3 | Y23: =SUM(I62:I65) -> 17 | Z23: =SUM(J62:J65) -> 10 | ... AF23: =SUM(P62:P65) -> 1095
B24: 10.30 - 10.45 | C24: 47 | D24: 11 | E24: 9 | F24: 47 | G24: 2 | H24: 0 | I24: 6 | J24: 2 | K24: 0 | L24: 1 | M24: 165 | N24: 0 | O24: =SUM(C24:L24,N24) -> 125 | P24: =SUM(C24:N24) -> 290 | R24: 2100-2200 | S24: =SUM(C66:C69) -> 71 | T24: =SUM(D66:D69) -> 25 | U24: =SUM(E66:E69) -> 20 | V24: =SUM(F66:F69) -> 93 | W24: =SUM(G66:G69) -> 2 | X24: =SUM(H66:H69) -> 1 | Y24: =SUM(I66:I69) -> 21 | Z24: =SUM(J66:J69) -> 6 | ... AF24: =SUM(P66:P69) -> 608
B25: 10.45 - 11.00 | C25: 50 | D25: 20 | E25: 10 | F25: 45 | G25: 3 | H25: 0 | I25: 12 | J25: 5 | K25: 1 | L25: 2 | M25: 215 | N25: 0 | O25: =SUM(C25:L25,N25) -> 148 | P25: =SUM(C25:N25) -> 363 | R25: 2200-2300 | S25: =SUM(C70:C73) -> 140 | T25: =SUM(D70:D73) -> 22 | U25: =SUM(E70:E73) -> 35 | V25: =SUM(F70:F73) -> 120 | W25: =SUM(G70:G73) -> 10 | X25: =SUM(H70:H73) -> 4 | Y25: =SUM(I70:I73) -> 22 | Z25: =SUM(J70:J73) -> 33 | ... AF25: =SUM(P70:P73) -> 710
B26: 11.00 - 11.15 | C26: 58 | D26: 13 | E26: 6 | F26: 50 | G26: 0 | H26: 1 | I26: 10 | J26: 0 | K26: 0 | L26: 1 | M26: 164 | N26: 0 | O26: =SUM(C26:L26,N26) -> 139 | P26: =SUM(C26:N26) -> 303 | R26: 2300-0000 | S26: =SUM(C74:C77) -> 110 | T26: =SUM(D74:D77) -> 9 | U26: =SUM(E74:E77) -> 11 | V26: =SUM(F74:F77) -> 50 | W26: =SUM(G74:G77) -> 0 | X26: =SUM(H74:H77) -> 3 | Y26: =SUM(I74:I77) -> 23 | Z26: =SUM(J74:J77) -> 11 | ... AF26: =SUM(P74:P77) -> 368
B27: 11.15 - 11.30 | C27: 70 | D27: 14 | E27: 7 | F27: 65 | G27: 0 | H27: 0 | I27: 10 | J27: 0 | K27: 1 | L27: 0 | M27: 205 | N27: 0 | O27: =SUM(C27:L27,N27) -> 167 | P27: =SUM(C27:N27) -> 372 | R27: 0000-0100 | S27: =SUM(C78:C81) -> 60 | T27: =SUM(D78:D81) -> 6 | U27: =SUM(E78:E81) -> 5 | V27: =SUM(F78:F81) -> 27 | W27: =SUM(G78:G81) -> 0 | X27: =SUM(H78:H81) -> 0 | Y27: =SUM(I78:I81) -> 7 | Z27: =SUM(J78:J81) -> 4 | ... AF27: =SUM(P78:P81) -> 222
B28: 11.30 - 11.45 | C28: 57 | D28: 16 | E28: 3 | F28: 33 | G28: 1 | H28: 1 | I28: 11 | J28: 1 | K28: 0 | L28: 1 | M28: 245 | N28: 0 | O28: =SUM(C28:L28,N28) -> 124 | P28: =SUM(C28:N28) -> 369 | R28: 0100-0200 | S28: =SUM(C82:C85) -> 29 | T28: =SUM(D82:D85) -> 2 | U28: =SUM(E82:E85) -> 1 | V28: =SUM(F82:F85) -> 5 | W28: =SUM(G82:G85) -> 0 | X28: =SUM(H82:H85) -> 0 | Y28: =SUM(I82:I85) -> 5 | Z28: =SUM(J82:J85) -> 4 | ... AF28: =SUM(P82:P85) -> 179
B29: 11.45 - 12.00 | C29: 36 | D29: 15 | E29: 4 | F29: 71 | G29: 2 | H29: 1 | I29: 4 | J29: 1 | K29: 1 | L29: 0 | M29: 215 | N29: 0 | O29: =SUM(C29:L29,N29) -> 135 | P29: =SUM(C29:N29) -> 350 | R29: 0200-0300 | S29: =SUM(C86:C89) -> 30 | T29: =SUM(D86:D89) -> 1 | U29: =SUM(E86:E89) -> 3 | V29: =SUM(F86:F89) -> 2 | W29: =SUM(G86:G89) -> 0 | X29: =SUM(H86:H89) -> 0 | Y29: =SUM(I86:I89) -> 1 | Z29: =SUM(J86:J89) -> 2 | ... AF29: =SUM(P86:P89) -> 126
B30: 12.00 - 12.15 | C30: 47 | D30: 13 | E30: 7 | F30: 43 | G30: 0 | H30: 0 | I30: 9 | J30: 1 | K30: 1 | L30: 0 | M30: 190 | N30: 0 | O30: =SUM(C30:L30,N30) -> 121 | P30: =SUM(C30:N30) -> 311 | R30: 0300-0400 | S30: =SUM(C90:C93) -> 30 | T30: =SUM(D90:D93) -> 1 | U30: =SUM(E90:E93) -> 2 | V30: =SUM(F90:F93) -> 13 | W30: =SUM(G90:G93) -> 2 | X30: =SUM(H90:H93) -> 1 | Y30: =SUM(I90:I93) -> 1 | Z30: =SUM(J90:J93) -> 2 | ... AF30: =SUM(P90:P93) -> 122
B31: 12.15 - 12.30 | C31: 69 | D31: 24 | E31: 8 | F31: 49 | G31: 5 | H31: 0 | I31: 35 | J31: 2 | K31: 0 | L31: 2 | M31: 210 | N31: 0 | O31: =SUM(C31:L31,N31) -> 194 | P31: =SUM(C31:N31) -> 404 | R31: 0400-0500 | S31: =SUM(C94:C97) -> 30 | T31: =SUM(D94:D97) -> 2 | U31: =SUM(E94:E97) -> 4 | V31: =SUM(F94:F97) -> 38 | W31: =SUM(G94:G97) -> 2 | X31: =SUM(H94:H97) -> 1 | Y31: =SUM(I94:I97) -> 6 | Z31: =SUM(J94:J97) -> 10 | ... AF31: =SUM(P94:P97) -> 157
B32: 12.30 - 12.45 | C32: 60 | D32: 30 | E32: 4 | F32: 65 | G32: 3 | H32: 2 | I32: 18 | J32: 0 | K32: 3 | L32: 0 | M32: 165 | N32: 0 | O32: =SUM(C32:L32,N32) -> 185 | P32: =SUM(C32:N32) -> 350 | R32: 0500-0600 | S32: =SUM(C98:C101) -> 63 | T32: =SUM(D98:D101) -> 3 | U32: =SUM(E98:E101) -> 2 | V32: =SUM(F98:F101) -> 96 | W32: =SUM(G98:G101) -> 1 | X32: =SUM(H98:H101) -> 0 | Y32: =SUM(I98:I101) -> 9 | Z32: =SUM(J98:J101) -> 4 | ... AF32: =SUM(P98:P101) -> 323
B33: 12.45 - 13.00 | C33: 54 | D33: 14 | E33: 15 | F33: 32 | G33: 10 | H33: 3 | I33: 25 | J33: 1 | K33: 4 | L33: 0 | M33: 215 | N33: 0 | O33: =SUM(C33:L33,N33) -> 158 | P33: =SUM(C33:N33) -> 373 | R33: 0600-0700 | S33: =SUM(C102:C105) -> 85 | T33: =SUM(D102:D105) -> 5 | U33: =SUM(E102:E105) -> 8 | V33: =SUM(F102:F105) -> 226 | W33: =SUM(G102:G105) -> 5 | X33: =SUM(H102:H105) -> 1 | Y33: =SUM(I102:I105) -> 22 | Z33: =SUM(J102:J105) -> 13 | ... AF33: =SUM(P102:P105) -> 759
B34: 13.00 - 13.15 | C34: 75 | D34: 35 | E34: 4 | F34: 47 | G34: 4 | H34: 2 | I34: 24 | J34: 2 | K34: 0 | L34: 2 | M34: 225 | N34: 0 | O34: =SUM(C34:L34,N34) -> 195 | P34: =SUM(C34:N34) -> 420 | R34: AM Peak Hr | S34: =MAX(S10:S12) -> 281 | T34: =MAX(T10:T12) -> 54 | U34: =MAX(U10:U12) -> 36 | V34: =MAX(V10:V12) -> 159 | W34: =MAX(W10:W12) -> 6 | X34: =MAX(X10:X12) -> 1 | Y34: =MAX(Y10:Y12) -> 25 | Z34: =MAX(Z10:Z12) -> 4 | ... AF34: =MAX(AF10:AF12) -> 1862
B35: 13.15 - 13.30 | C35: 85 | D35: 60 | E35: 15 | F35: 34 | G35: 1 | H35: 0 | I35: 17 | J35: 5 | K35: 3 | L35: 1 | M35: 240 | N35: 0 | O35: =SUM(C35:L35,N35) -> 221 | P35: =SUM(C35:N35) -> 461 | R35: IP Peak Hr | S35: =MAX(S13:S18) -> 299 | T35: =MAX(T13:T18) -> 138 | U35: =MAX(U13:U18) -> 64 | V35: =MAX(V13:V18) -> 219 | W35: =MAX(W13:W18) -> 18 | X35: =MAX(X13:X18) -> 10 | Y35: =MAX(Y13:Y18) -> 87 | Z35: =MAX(Z13:Z18) -> 12 | ... AF35: =MAX(AF13:AF18) -> 1677
B36: 13.30 - 13.45 | C36: 70 | D36: 25 | E36: 25 | F36: 60 | G36: 0 | H36: 0 | I36: 12 | J36: 0 | K36: 4 | L36: 0 | M36: 235 | N36: 0 | O36: =SUM(C36:L36,N36) -> 196 | P36: =SUM(C36:N36) -> 431 | R36: PM Peak Hr | S36: =MAX(S19:S21) -> 219 | T36: =MAX(T19:T21) -> 63 | U36: =MAX(U19:U21) -> 35 | V36: =MAX(V19:V21) -> 171 | W36: =MAX(W19:W21) -> 6 | X36: =MAX(X19:X21) -> 0 | Y36: =MAX(Y19:Y21) -> 46 | Z36: =MAX(Z19:Z21) -> 5 | ... AF36: =MAX(AF19:AF21) -> 1681
B37: 13.45 - 14.00 | C37: 69 | D37: 18 | E37: 14 | F37: 45 | G37: 1 | H37: 3 | I37: 20 | J37: 0 | K37: 0 | L37: 0 | M37: 195 | N37: 0 | O37: =SUM(C37:L37,N37) -> 170 | P37: =SUM(C37:N37) -> 365 | R37: AM Period | S37: =SUM(S10:S12) -> 664 | T37: =SUM(T10:T12) -> 149 | U37: =SUM(U10:U12) -> 77 | V37: =SUM(V10:V12) -> 418 | W37: =SUM(W10:W12) -> 12 | X37: =SUM(X10:X12) -> 3 | Y37: =SUM(Y10:Y12) -> 71 | Z37: =SUM(Z10:Z12) -> 5 | ... AF37: =SUM(AF10:AF12) -> 5261
B38: 14.00 - 14.15 | C38: 60 | D38: 9 | E38: 4 | F38: 40 | G38: 5 | H38: 0 | I38: 15 | J38: 1 | K38: 0 | L38: 0 | M38: 240 | N38: 0 | O38: =SUM(C38:L38,N38) -> 134 | P38: =SUM(C38:N38) -> 374 | R38: IP Period | S38: =SUM(S13:S18) -> 1368 | T38: =SUM(T13:T18) -> 453 | U38: =SUM(U13:U18) -> 240 | V38: =SUM(V13:V18) -> 1020 | W38: =SUM(W13:W18) -> 45 | X38: =SUM(X13:X18) -> 25 | Y38: =SUM(Y13:Y18) -> 313 | Z38: =SUM(Z13:Z18) -> 36 | ... AF38: =SUM(AF13:AF18) -> 8691
B39: 14.15 - 14.30 | C39: 59 | D39: 18 | E39: 25 | F39: 55 | G39: 1 | H39: 0 | I39: 14 | J39: 3 | K39: 1 | L39: 1 | M39: 235 | N39: 0 | O39: =SUM(C39:L39,N39) -> 177 | P39: =SUM(C39:N39) -> 412 | R39: PM Period | S39: =SUM(S19:S21) -> 641 | T39: =SUM(T19:T21) -> 138 | U39: =SUM(U19:U21) -> 78 | V39: =SUM(V19:V21) -> 438 | W39: =SUM(W19:W21) -> 13 | X39: =SUM(X19:X21) -> 0 | Y39: =SUM(Y19:Y21) -> 101 | Z39: =SUM(Z19:Z21) -> 7 | ... AF39: =SUM(AF19:AF21) -> 4721
B40: 14.30 - 14.45 | C40: 55 | D40: 17 | E40: 2 | F40: 35 | G40: 0 | H40: 0 | I40: 7 | J40: 3 | K40: 0 | L40: 0 | M40: 275 | N40: 0 | O40: =SUM(C40:L40,N40) -> 119 | P40: =SUM(C40:N40) -> 394 | R40: 12 Hours | S40: =SUM(S10:S21) -> 2673 | T40: =SUM(T10:T21) -> 740 | U40: =SUM(U10:U21) -> 395 | V40: =SUM(V10:V21) -> 1876 | W40: =SUM(W10:W21) -> 70 | X40: =SUM(X10:X21) -> 28 | Y40: =SUM(Y10:Y21) -> 485 | Z40: =SUM(Z10:Z21) -> 48 | ... AF40: =SUM(AF10:AF21) -> 18673
B41: 14.45 - 15.00 | C41: 43 | D41: 12 | E41: 1 | F41: 28 | G41: 0 | H41: 1 | I41: 8 | J41: 2 | K41: 0 | L41: 0 | M41: 250 | N41: 0 | O41: =SUM(C41:L41,N41) -> 95 | P41: =SUM(C41:N41) -> 345 | R41: 24 Hrs/ADT | S41: =SUM(S10:S33) -> 4129 | T41: =SUM(T10:T33) -> 848 | U41: =SUM(U10:U33) -> 505 | V41: =SUM(V10:V33) -> 2836 | W41: =SUM(W10:W33) -> 114 | X41: =SUM(X10:X33) -> 49 | Y41: =SUM(Y10:Y33) -> 639 | Z41: =SUM(Z10:Z33) -> 149 | ... AF41: =SUM(AF10:AF33) -> 24531
B42: 15.00 - 15.15 | C42: 54 | D42: 15 | E42: 7 | F42: 29 | G42: 3 | H42: 0 | I42: 11 | J42: 0 | K42: 1 | L42: 0 | M42: 245 | N42: 0 | O42: =SUM(C42:L42,N42) -> 120 | P42: =SUM(C42:N42) -> 365 | R42: NEF | S42: =S41/S40 -> 1.5447063 | T42: =T41/T40 -> 1.1459459 | U42: =U41/U40 -> 1.278481 | V42: =V41/V40 -> 1.5117271 | W42: =W41/W40 -> 1.6285714 | X42: =X41/X40 -> 1.75 | Y42: =Y41/Y40 -> 1.3175258 | Z42: =Z41/Z40 -> 3.1041667 | ... AF42: =AF41/AF40 -> 1.313715
B43: 15.15 - 15.30 | C43: 42 | D43: 11 | E43: 12 | F43: 39 | G43: 0 | H43: 0 | I43: 7 | J43: 0 | K43: 0 | L43: 0 | M43: 275 | N43: 0 | O43: =SUM(C43:L43,N43) -> 111 | P43: =SUM(C43:N43) -> 386
B44: 15.30 - 15.45 | C44: 45 | D44: 10 | E44: 6 | F44: 20 | G44: 0 | H44: 0 | I44: 11 | J44: 1 | K44: 0 | L44: 1 | M44: 230 | N44: 0 | O44: =SUM(C44:L44,N44) -> 94 | P44: =SUM(C44:N44) -> 324
B45: 15.45 - 16.00 | C45: 57 | D45: 21 | E45: 7 | F45: 41 | G45: 2 | H45: 1 | I45: 16 | J45: 1 | K45: 0 | L45: 0 | M45: 290 | N45: 0 | O45: =SUM(C45:L45,N45) -> 146 | P45: =SUM(C45:N45) -> 436
B46: 16.00 - 16.15 | C46: 46 | D46: 10 | E46: 5 | F46: 24 | G46: 1 | H46: 0 | I46: 11 | J46: 0 | K46: 0 | L46: 0 | M46: 295 | N46: 0 | O46: =SUM(C46:L46,N46) -> 97 | P46: =SUM(C46:N46) -> 392
B47: 16.15 -16.30 | C47: 45 | D47: 7 | E47: 8 | F47: 31 | G47: 2 | H47: 0 | I47: 8 | J47: 0 | K47: 0 | L47: 0 | M47: 235 | N47: 0 | O47: =SUM(C47:L47,N47) -> 101 | P47: =SUM(C47:N47) -> 336
B48: 16.30 -16.45 | C48: 75 | D48: 12 | E48: 4 | F48: 40 | G48: 1 | H48: 0 | I48: 15 | J48: 1 | K48: 0 | L48: 0 | M48: 275 | N48: 0 | O48: =SUM(C48:L48,N48) -> 148 | P48: =SUM(C48:N48) -> 423
B49: 16.45 -17.00 | C49: 53 | D49: 8 | E49: 3 | F49: 20 | G49: 0 | H49: 0 | I49: 12 | J49: 0 | K49: 0 | L49: 0 | M49: 245 | N49: 0 | O49: =SUM(C49:L49,N49) -> 96 | P49: =SUM(C49:N49) -> 341
B50: 17.00 -17.15 | C50: 57 | D50: 16 | E50: 4 | F50: 38 | G50: 0 | H50: 0 | I50: 7 | J50: 2 | K50: 0 | L50: 0 | M50: 295 | N50: 0 | O50: =SUM(C50:L50,N50) -> 124 | P50: =SUM(C50:N50) -> 419
B51: 17.15 -17.30 | C51: 45 | D51: 7 | E51: 1 | F51: 34 | G51: 2 | H51: 0 | I51: 10 | J51: 0 | K51: 0 | L51: 0 | M51: 275 | N51: 0 | O51: =SUM(C51:L51,N51) -> 99 | P51: =SUM(C51:N51) -> 374
B52: 17.30 -17.45 | C52: 47 | D52: 18 | E52: 6 | F52: 40 | G52: 1 | H52: 0 | I52: 10 | J52: 0 | K52: 0 | L52: 0 | M52: 325 | N52: 0 | O52: =SUM(C52:L52,N52) -> 122 | P52: =SUM(C52:N52) -> 447
B53: 17.45 -18.00 | C53: 70 | D53: 22 | E53: 12 | F53: 40 | G53: 3 | H53: 0 | I53: 6 | J53: 3 | K53: 0 | L53: 0 | M53: 285 | N53: 0 | O53: =SUM(C53:L53,N53) -> 156 | P53: =SUM(C53:N53) -> 441
B54: 18.00 - 18.15 | C54: 52 | D54: 8 | E54: 9 | F54: 32 | G54: 0 | H54: 0 | I54: 3 | J54: 0 | K54: 0 | L54: 0 | M54: 285 | N54: 0 | O54: =SUM(C54:L54,N54) -> 104 | P54: =SUM(C54:N54) -> 389
... B105: 06.45 - 07.00 | C105: 30 | D105: 2 | E105: 2 | F105: 73 | G105: 0 | H105: 0 | I105: 3 | J105: 5 | K105: 5 | L105: 2 | M105: 156 | N105: 0 | O105: =SUM(C105:L105,N105) -> 122 | P105: =SUM(C105:N105) -> 278
B106: Totals | C106: =SUM(C10:C105) -> 4129 | D106: =SUM(D10:D105) -> 848 | E106: =SUM(E10:E105) -> 505 | F106: =SUM(F10:F105) -> 2836 | G106: =SUM(G10:G105) -> 114 | H106: =SUM(H10:H105) -> 49 | I106: =SUM(I10:I105) -> 639 | J106: =SUM(J10:J105) -> 149 | ... P106: =SUM(P10:P105) -> 24531
B107: %ges + MCs | C107: =C106/$P$106 -> 0.16831764 | D107: =D106/$P$106 -> 0.034568505 | E107: =E106/$P$106 -> 0.020586197 | F107: =F106/$P$106 -> 0.11560882 | G107: =G106/$P$106 -> 0.0046471811 | H107: =H106/$P$106 -> 0.0019974726 | I107: =I106/$P$106 -> 0.026048673 | J107: =J106/$P$106 -> 0.0060739473 | ... N107: =N106/$P$106 -> 4.0764747e-05
B108: %ges w/o MCs | C108: =C106/$O$106 -> 0.44089696 | D108: =D106/$O$106 -> 0.09054992 | E108: =E106/$O$106 -> 0.053924186 | F108: =F106/$O$106 -> 0.30282968 | G108: =G106/$O$106 -> 0.012172985 | H108: =H106/$O$106 -> 0.0052322477 | I108: =I106/$O$106 -> 0.068232782 | J108: =J106/$O$106 -> 0.015910304 | ... L108: =L106/$O$106 -> 0.0029898558 | N108: =N106/$O$106 -> 0.00010678057

Sheet 26.07 Kampala-Kalerwe-24h
B1: Consultancy services for Preparation of Expressway Development Master Plan (EDMP) for Uganda
B2: MANUAL CLASSIFIED COUNT (MCC)
B3: ROAD NAME: | C3: ='22.07 Kalerwe-Kampala'!C3:G3 -> MCC - C1 - STN24 GAYAZA ROAD
C5: Date | D5: ='26.07 Kalerwe-Kampala-24h'!D5 -> 26.07.19 | F5: Location | G5: ='26.07 Kalerwe-Kampala-24h'!G5:H5 -> Wandegeya | J5: Surveyor | K5: ='26.07 Kalerwe-Kampala-24h'!K5:L5 -> Mbabazi /Kandake
C6: Dir. From | D6: ='22.07 Kampala-Kalerwe'!D6:E6 -> Kampala | F6: Dir. To | G6: ='23.07 Kampala-Kalerwe'!G6:H6 -> Kalerwe | J6: Supervisor | K6: ='26.07 Kalerwe-Kampala-24h'!K6:L6 -> Lawrence
B8: Time / Veh Type | R8: SUMMARY TRAFFIC VOLUMES
C9: 1. Car | D9: 2. Station Wagon | E9: 3. Pickups | F9: 4. Minibus, matatu | G9: 5. Medium bus | H9: 6. Large Bus | I9: 7. Light Truck | J9: 8. Medium Truck | K9: 9. Heavy truck | L9: 10. Truck Trailer | M9: 11. Motor cycles | N9: 12. Tractors | O9: Total Excl M/Cycles | P9: Total All | R9: Time | S9: 1. Car | T9: 2. Station Wagon | U9: 3. Pickups | V9: 4. Minibus, matatu | W9: 5. Medium bus | X9: 6. Large Bus | Y9: 7. Light Truck | Z9: 8. Medium Truck | AA9: 9. Heavy truck | AB9: 10. Truck Trailer | AC9: 11. Motorcycles | AD9: 12. Tractors, Graders | AE9: Total Excl M/ Cycles | AF9: Total All
B10: 07.00 - 07.15 | C10: 16 | D10: 5 | E10: 0 | F10: 37 | G10: 4 | H10: 1 | I10: 6 | J10: 0 | K10: 0 | L10: 0 | M10: 130 | N10: 0 | O10: =SUM(C10:L10,N10) -> 69 | P10: =SUM(C10:N10) -> 199 | R10: 0700-0800 | S10: =SUM(C10:C13) -> 75 | T10: =SUM(D10:D13) -> 25 | U10: =SUM(E10:E13) -> 10 | V10: =SUM(F10:F13) -> 239 | W10: =SUM(G10:G13) -> 10 | X10: =SUM(H10:H13) -> 6 | Y10: =SUM(I10:I13) -> 21 | Z10: =SUM(J10:J13) -> 0 | ... AF10: =SUM(P10:P13) -> 1308
B11: 07.15 - 07.30 | C11: 21 | D11: 4 | E11: 5 | F11: 61 | G11: 1 | H11: 3 | I11: 3 | J11: 0 | K11: 0 | L11: 0 | M11: 225 | N11: 0 | O11: =SUM(C11:L11,N11) -> 98 | P11: =SUM(C11:N11) -> 323 | R11: 0800-0900 | S11: =SUM(C14:C17) -> 104 | T11: =SUM(D14:D17) -> 19 | U11: =SUM(E14:E17) -> 8 | V11: =SUM(F14:F17) -> 253 | W11: =SUM(G14:G17) -> 4 | X11: =SUM(H14:H17) -> 4 | Y11: =SUM(I14:I17) -> 29 | Z11: =SUM(J14:J17) -> 2 | ... AF11: =SUM(P14:P17) -> 1525
B12: 07.30 - 07.45 | C12: 22 | D12: 14 | E12: 3 | F12: 71 | G12: 4 | H12: 2 | I12: 5 | J12: 0 | K12: 0 | L12: 0 | M12: 295 | N12: 0 | O12: =SUM(C12:L12,N12) -> 121 | P12: =SUM(C12:N12) -> 416 | R12: 0900-1000 | S12: =SUM(C18:C21) -> 120 | T12: =SUM(D18:D21) -> 25 | U12: =SUM(E18:E21) -> 10 | V12: =SUM(F18:F21) -> 264 | W12: =SUM(G18:G21) -> 3 | X12: =SUM(H18:H21) -> 1 | Y12: =SUM(I18:I21) -> 48 | Z12: =SUM(J18:J21) -> 3 | ... AF12: =SUM(P18:P21) -> 1770
B13: 07.45 - 08.00 | C13: 16 | D13: 2 | E13: 2 | F13: 70 | G13: 1 | H13: 0 | I13: 7 | J13: 0 | K13: 2 | L13: 0 | M13: 270 | N13: 0 | O13: =SUM(C13:L13,N13) -> 100 | P13: =SUM(C13:N13) -> 370 | R13: 1000-1100 | S13: =SUM(C22:C25) -> 124 | T13: =SUM(D22:D25) -> 34 | U13: =SUM(E22:E25) -> 16 | V13: =SUM(F22:F25) -> 152 | W13: =SUM(G22:G25) -> 5 | X13: =SUM(H22:H25) -> 2 | Y13: =SUM(I22:I25) -> 34 | Z13: =SUM(J22:J25) -> 2 | ... AF13: =SUM(P22:P25) -> 1464
B14: 08.00 - 08.15 | C14: 30 | D14: 5 | E14: 1 | F14: 69 | G14: 2 | H14: 0 | I14: 8 | J14: 2 | K14: 1 | L14: 0 | M14: 310 | N14: 0 | O14: =SUM(C14:L14,N14) -> 118 | P14: =SUM(C14:N14) -> 428 | R14: 1100-1200 | S14: =SUM(C26:C29) -> 112 | T14: =SUM(D26:D29) -> 30 | U14: =SUM(E26:E29) -> 18 | V14: =SUM(F26:F29) -> 141 | W14: =SUM(G26:G29) -> 3 | X14: =SUM(H26:H29) -> 2 | Y14: =SUM(I26:I29) -> 46 | Z14: =SUM(J26:J29) -> 1 | ... AF14: =SUM(P26:P29) -> 1265
B15: 08.15 - 08.30 | C15: 29 | D15: 5 | E15: 2 | F15: 55 | G15: 1 | H15: 3 | I15: 9 | J15: 0 | K15: 0 | L15: 0 | M15: 260 | N15: 0 | O15: =SUM(C15:L15,N15) -> 104 | P15: =SUM(C15:N15) -> 364 | R15: 1200-1300 | S15: =SUM(C30:C33) -> 104 | T15: =SUM(D30:D33) -> 35 | U15: =SUM(E30:E33) -> 15 | V15: =SUM(F30:F33) -> 150 | W15: =SUM(G30:G33) -> 4 | X15: =SUM(H30:H33) -> 3 | Y15: =SUM(I30:I33) -> 57 | Z15: =SUM(J30:J33) -> 4 | ... AF15: =SUM(P30:P33) -> 1210
B16: 08.30 - 08.45 | C16: 25 | D16: 2 | E16: 3 | F16: 71 | G16: 0 | H16: 0 | I16: 10 | J16: 0 | K16: 0 | L16: 0 | M16: 280 | N16: 0 | O16: =SUM(C16:L16,N16) -> 111 | P16: =SUM(C16:N16) -> 391 | R16: 1300-1400 | S16: =SUM(C34:C37) -> 120 | T16: =SUM(D34:D37) -> 40 | U16: =SUM(E34:E37) -> 8 | V16: =SUM(F34:F37) -> 157 | W16: =SUM(G34:G37) -> 5 | X16: =SUM(H34:H37) -> 4 | Y16: =SUM(I34:I37) -> 50 | Z16: =SUM(J34:J37) -> 6 | ... AF16: =SUM(P34:P37) -> 1187
B17: 08.45 - 9.00 | C17: 20 | D17: 7 | E17: 2 | F17: 58 | G17: 1 | H17: 1 | I17: 2 | J17: 0 | K17: 0 | L17: 1 | M17: 250 | N17: 0 | O17: =SUM(C17:L17,N17) -> 92 | P17: =SUM(C17:N17) -> 342 | R17: 1400-1500 | S17: =SUM(C38:C41) -> 168 | T17: =SUM(D38:D41) -> 30 | U17: =SUM(E38:E41) -> 18 | V17: =SUM(F38:F41) -> 195 | W17: =SUM(G38:G41) -> 4 | X17: =SUM(H38:H41) -> 4 | Y17: =SUM(I38:I41) -> 70 | Z17: =SUM(J38:J41) -> 6 | ... AF17: =SUM(P38:P41) -> 1351
B18: 09.00 - 09.15 | C18: 30 | D18: 3 | E18: 4 | F18: 85 | G18: 1 | H18: 1 | I18: 9 | J18: 0 | K18: 0 | L18: 0 | M18: 350 | N18: 0 | O18: =SUM(C18:L18,N18) -> 133 | P18: =SUM(C18:N18) -> 483 | R18: 1500-1600 | S18: =SUM(C42:C45) -> 180 | T18: =SUM(D42:D45) -> 43 | U18: =SUM(E42:E45) -> 25 | V18: =SUM(F42:F45) -> 203 | W18: =SUM(G42:G45) -> 6 | X18: =SUM(H42:H45) -> 4 | Y18: =SUM(I42:I45) -> 45 | Z18: =SUM(J42:J45) -> 14 | ... AF18: =SUM(P42:P45) -> 1370
B19: 09.15 - 09.30 | C19: 35 | D19: 9 | E19: 3 | F19: 75 | G19: 0 | H19: 0 | I19: 22 | J19: 1 | K19: 0 | L19: 1 | M19: 315 | N19: 0 | O19: =SUM(C19:L19,N19) -> 146 | P19: =SUM(C19:N19) -> 461 | R19: 1600-1700 | S19: =SUM(C46:C49) -> 195 | T19: =SUM(D46:D49) -> 69 | U19: =SUM(E46:E49) -> 30 | V19: =SUM(F46:F49) -> 151 | W19: =SUM(G46:G49) -> 4 | X19: =SUM(H46:H49) -> 0 | Y19: =SUM(I46:I49) -> 59 | Z19: =SUM(J46:J49) -> 10 | ... AF19: =SUM(P46:P49) -> 1262
B20: 09.30 - 09.45 | C20: 22 | D20: 3 | E20: 2 | F20: 50 | G20: 0 | H20: 0 | I20: 7 | J20: 2 | K20: 0 | L20: 0 | M20: 320 | N20: 0 | O20: =SUM(C20:L20,N20) -> 86 | P20: =SUM(C20:N20) -> 406 | R20: 1700-1800 | S20: =SUM(C50:C53) -> 284 | T20: =SUM(D50:D53) -> 57 | U20: =SUM(E50:E53) -> 19 | V20: =SUM(F50:F53) -> 128 | W20: =SUM(G50:G53) -> 2 | X20: =SUM(H50:H53) -> 3 | Y20: =SUM(I50:I53) -> 33 | Z20: =SUM(J50:J53) -> 2 | ... AF20: =SUM(P50:P53) -> 1286
B21: 09.45 - 10.00 | C21: 33 | D21: 10 | E21: 1 | F21: 54 | G21: 2 | H21: 0 | I21: 10 | J21: 0 | K21: 0 | L21: 0 | M21: 310 | N21: 0 | O21: =SUM(C21:L21,N21) -> 110 | P21: =SUM(C21:N21) -> 420 | R21: 1800-1900 | S21: =SUM(C54:C57) -> 230 | T21: =SUM(D54:D57) -> 50 | U21: =SUM(E54:E57) -> 19 | V21: =SUM(F54:F57) -> 82 | W21: =SUM(G54:G57) -> 5 | X21: =SUM(H54:H57) -> 1 | Y21: =SUM(I54:I57) -> 30 | Z21: =SUM(J54:J57) -> 6 | ... AF21: =SUM(P54:P57) -> 1181
B22: 10.00 - 10.15 | C22: 30 | D22: 6 | E22: 2 | F22: 45 | G22: 2 | H22: 0 | I22: 8 | J22: 0 | K22: 0 | L22: 0 | M22: 270 | N22: 0 | O22: =SUM(C22:L22,N22) -> 93 | P22: =SUM(C22:N22) -> 363 | R22: 1900-2000 | S22: =SUM(C58:C61) -> 220 | T22: =SUM(D58:D61) -> 32 | U22: =SUM(E58:E61) -> 8 | V22: =SUM(F58:F61) -> 157 | W22: =SUM(G58:G61) -> 14 | X22: =SUM(H58:H61) -> 2 | Y22: =SUM(I58:I61) -> 73 | Z22: =SUM(J58:J61) -> 11 | ... AF22: =SUM(P58:P61) -> 1154
B23: 10.15 - 10.30 | C23: 33 | D23: 5 | E23: 2 | F23: 30 | G23: 0 | H23: 1 | I23: 10 | J23: 0 | K23: 0 | L23: 0 | M23: 295 | N23: 0 | O23: =SUM(C23:L23,N23) -> 81 | P23: =SUM(C23:N23) -> 376 | R23: 2000-2100 | S23: =SUM(C62:C65) -> 253 | T23: =SUM(D62:D65) -> 60 | U23: =SUM(E62:E65) -> 39 | V23: =SUM(F62:F65) -> 209 | W23: =SUM(G62:G65) -> 30 | X23: =SUM(H62:H65) -> 16 | Y23: =SUM(I62:I65) -> 13 | Z23: =SUM(J62:J65) -> 11 | ... AF23: =SUM(P62:P65) -> 1212
B24: 10.30 - 10.45 | C24: 31 | D24: 19 | E24: 9 | F24: 55 | G24: 3 | H24: 1 | I24: 15 | J24: 2 | K24: 1 | L24: 0 | M24: 279 | N24: 0 | O24: =SUM(C24:L24,N24) -> 136 | P24: =SUM(C24:N24) -> 415 | R24: 2100-2200 | S24: =SUM(C66:C69) -> 134 | T24: =SUM(D66:D69) -> 42 | U24: =SUM(E66:E69) -> 9 | V24: =SUM(F66:F69) -> 75 | W24: =SUM(G66:G69) -> 9 | X24: =SUM(H66:H69) -> 9 | Y24: =SUM(I66:I69) -> 16 | Z24: =SUM(J66:J69) -> 5 | ... AF24: =SUM(P66:P69) -> 816
B25: 10.45 - 11.00 | C25: 30 | D25: 4 | E25: 3 | F25: 22 | G25: 0 | H25: 0 | I25: 1 | J25: 0 | K25: 0 | L25: 0 | M25: 250 | N25: 0 | O25: =SUM(C25:L25,N25) -> 60 | P25: =SUM(C25:N25) -> 310 | R25: 2200-2300 | S25: =SUM(C70:C73) -> 81 | T25: =SUM(D70:D73) -> 63 | U25: =SUM(E70:E73) -> 9 | V25: =SUM(F70:F73) -> 91 | W25: =SUM(G70:G73) -> 3 | X25: =SUM(H70:H73) -> 4 | Y25: =SUM(I70:I73) -> 9 | Z25: =SUM(J70:J73) -> 13 | ... AF25: =SUM(P70:P73) -> 613
B26: 11.00 - 11.15 | C26: 36 | D26: 9 | E26: 11 | F26: 30 | G26: 1 | H26: 0 | I26: 16 | J26: 0 | K26: 0 | L26: 0 | M26: 220 | N26: 0 | O26: =SUM(C26:L26,N26) -> 103 | P26: =SUM(C26:N26) -> 323 | R26: 2300-0000 | S26: =SUM(C74:C77) -> 84 | T26: =SUM(D74:D77) -> 22 | U26: =SUM(E74:E77) -> 11 | V26: =SUM(F74:F77) -> 44 | W26: =SUM(G74:G77) -> 0 | X26: =SUM(H74:H77) -> 3 | Y26: =SUM(I74:I77) -> 13 | Z26: =SUM(J74:J77) -> 4 | ... AF26: =SUM(P74:P77) -> 472
B27: 11.15 - 11.30 | C27: 40 | D27: 10 | E27: 2 | F27: 39 | G27: 1 | H27: 0 | I27: 15 | J27: 1 | K27: 0 | L27: 0 | M27: 215 | N27: 0 | O27: =SUM(C27:L27,N27) -> 108 | P27: =SUM(C27:N27) -> 323 | R27: 0000-0100 | S27: =SUM(C78:C81) -> 59 | T27: =SUM(D78:D81) -> 37 | U27: =SUM(E78:E81) -> 2 | V27: =SUM(F78:F81) -> 38 | W27: =SUM(G78:G81) -> 0 | X27: =SUM(H78:H81) -> 0 | Y27: =SUM(I78:I81) -> 9 | Z27: =SUM(J78:J81) -> 11 | ... AF27: =SUM(P78:P81) -> 372
B28: 11.30 - 11.45 | C28: 11 | D28: 6 | E28: 1 | F28: 22 | G28: 0 | H28: 0 | I28: 4 | J28: 0 | K28: 1 | L28: 0 | M28: 225 | N28: 0 | O28: =SUM(C28:L28,N28) -> 45 | P28: =SUM(C28:N28) -> 270 | R28: 0100-0200 | S28: =SUM(C82:C85) -> 48 | T28: =SUM(D82:D85) -> 21 | U28: =SUM(E82:E85) -> 0 | V28: =SUM(F82:F85) -> 12 | W28: =SUM(G82:G85) -> 1 | X28: =SUM(H82:H85) -> 0 | Y28: =SUM(I82:I85) -> 6 | Z28: =SUM(J82:J85) -> 1 | ... AF28: =SUM(P82:P85) -> 265
B29: 11.45 - 12.00 | C29: 25 | D29: 5 | E29: 4 | F29: 50 | G29: 1 | H29: 2 | I29: 11 | J29: 0 | K29: 1 | L29: 0 | M29: 250 | N29: 0 | O29: =SUM(C29:L29,N29) -> 99 | P29: =SUM(C29:N29) -> 349 | R29: 0200-0300 | S29: =SUM(C86:C89) -> 34 | T29: =SUM(D86:D89) -> 10 | U29: =SUM(E86:E89) -> 1 | V29: =SUM(F86:F89) -> 5 | W29: =SUM(G86:G89) -> 0 | X29: =SUM(H86:H89) -> 0 | Y29: =SUM(I86:I89) -> 1 | Z29: =SUM(J86:J89) -> 2 | ... AF29: =SUM(P86:P89) -> 180
B30: 12.00 - 12.15 | C30: 32 | D30: 6 | E30: 3 | F30: 45 | G30: 2 | H30: 1 | I30: 11 | J30: 0 | K30: 1 | L30: 1 | M30: 215 | N30: 0 | O30: =SUM(C30:L30,N30) -> 102 | P30: =SUM(C30:N30) -> 317 | R30: 0300-0400 | S30: =SUM(C90:C93) -> 42 | T30: =SUM(D90:D93) -> 10 | U30: =SUM(E90:E93) -> 0 | V30: =SUM(F90:F93) -> 5 | W30: =SUM(G90:G93) -> 0 | X30: =SUM(H90:H93) -> 0 | Y30: =SUM(I90:I93) -> 2 | Z30: =SUM(J90:J93) -> 4 | ... AF30: =SUM(P90:P93) -> 132
B31: 12.15 - 12.30 | C31: 20 | D31: 9 | E31: 3 | F31: 35 | G31: 1 | H31: 0 | I31: 22 | J31: 3 | K31: 0 | L31: 0 | M31: 190 | N31: 0 | O31: =SUM(C31:L31,N31) -> 93 | P31: =SUM(C31:N31) -> 283 | R31: 0400-0500 | S31: =SUM(C94:C97) -> 31 | T31: =SUM(D94:D97) -> 23 | U31: =SUM(E94:E97) -> 1 | V31: =SUM(F94:F97) -> 4 | W31: =SUM(G94:G97) -> 0 | X31: =SUM(H94:H97) -> 2 | Y31: =SUM(I94:I97) -> 2 | Z31: =SUM(J94:J97) -> 7 | ... AF31: =SUM(P94:P97) -> 162
B32: 12.30 - 12.45 | C32: 23 | D32: 14 | E32: 4 | F32: 30 | G32: 0 | H32: 2 | I32: 9 | J32: 0 | K32: 0 | L32: 1 | M32: 180 | N32: 0 | O32: =SUM(C32:L32,N32) -> 83 | P32: =SUM(C32:N32) -> 263 | R32: 0500-0600 | S32: =SUM(C98:C101) -> 44 | T32: =SUM(D98:D101) -> 16 | U32: =SUM(E98:E101) -> 8 | V32: =SUM(F98:F101) -> 53 | W32: =SUM(G98:G101) -> 0 | X32: =SUM(H98:H101) -> 2 | Y32: =SUM(I98:I101) -> 9 | Z32: =SUM(J98:J101) -> 15 | ... AF32: =SUM(P98:P101) -> 359
B33: 12.45 - 13.00 | C33: 29 | D33: 6 | E33: 5 | F33: 40 | G33: 1 | H33: 0 | I33: 15 | J33: 1 | K33: 0 | L33: 0 | M33: 250 | N33: 0 | O33: =SUM(C33:L33,N33) -> 97 | P33: =SUM(C33:N33) -> 347 | R33: 0600-0700 | S33: =SUM(C102:C105) -> 78 | T33: =SUM(D102:D105) -> 57 | U33: =SUM(E102:E105) -> 8 | V33: =SUM(F102:F105) -> 161 | W33: =SUM(G102:G105) -> 0 | X33: =SUM(H102:H105) -> 3 | Y33: =SUM(I102:I105) -> 20 | Z33: =SUM(J102:J105) -> 14 | ... AF33: =SUM(P102:P105) -> 945
B34: 13.00 - 13.15 | C34: 19 | D34: 9 | E34: 1 | F34: 36 | G34: 1 | H34: 3 | I34: 8 | J34: 5 | K34: 2 | L34: 0 | M34: 210 | N34: 0 | O34: =SUM(C34:L34,N34) -> 84 | P34: =SUM(C34:N34) -> 294 | R34: AM Peak Hr | S34: =MAX(S10:S12) -> 120 | T34: =MAX(T10:T12) -> 25 | U34: =MAX(U10:U12) -> 10 | V34: =MAX(V10:V12) -> 264 | W34: =MAX(W10:W12) -> 10 | X34: =MAX(X10:X12) -> 6 | Y34: =MAX(Y10:Y12) -> 48 | Z34: =MAX(Z10:Z12) -> 3 | ... AF34: =MAX(AF10:AF12) -> 1770
B35: 13.15 - 13.30 | C35: 25 | D35: 13 | E35: 0 | F35: 40 | G35: 1 | H35: 0 | I35: 2 | J35: 0 | K35: 1 | L35: 0 | M35: 190 | N35: 0 | O35: =SUM(C35:L35,N35) -> 82 | P35: =SUM(C35:N35) -> 272 | R35: IP Peak Hr | S35: =MAX(S13:S18) -> 180 | T35: =MAX(T13:T18) -> 43 | U35: =MAX(U13:U18) -> 25 | V35: =MAX(V13:V18) -> 203 | W35: =MAX(W13:W18) -> 6 | X35: =MAX(X13:X18) -> 4 | Y35: =MAX(Y13:Y18) -> 70 | Z35: =MAX(Z13:Z18) -> 14 | ... AF35: =MAX(AF13:AF18) -> 1464
B36: 13.30 - 13.45 | C36: 40 | D36: 10 | E36: 3 | F36: 36 | G36: 2 | H36: 1 | I36: 25 | J36: 1 | K36: 2 | L36: 2 | M36: 185 | N36: 0 | O36: =SUM(C36:L36,N36) -> 122 | P36: =SUM(C36:N36) -> 307 | R36: PM Peak Hr | S36: =MAX(S19:S21) -> 284 | T36: =MAX(T19:T21) -> 69 | U36: =MAX(U19:U21) -> 30 | V36: =MAX(V19:V21) -> 151 | W36: =MAX(W19:W21) -> 5 | X36: =MAX(X19:X21) -> 3 | Y36: =MAX(Y19:Y21) -> 59 | Z36: =MAX(Z19:Z21) -> 10 | ... AF36: =MAX(AF19:AF21) -> 1286
B37: 13.45 - 14.00 | C37: 36 | D37: 8 | E37: 4 | F37: 45 | G37: 1 | H37: 0 | I37: 15 | J37: 0 | K37: 0 | L37: 0 | M37: 205 | N37: 0 | O37: =SUM(C37:L37,N37) -> 109 | P37: =SUM(C37:N37) -> 314 | R37: AM Period | S37: =SUM(S10:S12) -> 299 | T37: =SUM(T10:T12) -> 69 | U37: =SUM(U10:U12) -> 28 | V37: =SUM(V10:V12) -> 756 | W37: =SUM(W10:W12) -> 17 | X37: =SUM(X10:X12) -> 11 | Y37: =SUM(Y10:Y12) -> 98 | Z37: =SUM(Z10:Z12) -> 5 | ... AF37: =SUM(AF10:AF12) -> 4603
B38: 14.00 - 14.15 | C38: 35 | D38: 4 | E38: 7 | F38: 60 | G38: 3 | H38: 1 | I38: 18 | J38: 2 | K38: 1 | L38: 0 | M38: 210 | N38: 0 | O38: =SUM(C38:L38,N38) -> 131 | P38: =SUM(C38:N38) -> 341 | R38: IP Period | S38: =SUM(S13:S18) -> 808 | T38: =SUM(T13:T18) -> 212 | U38: =SUM(U13:U18) -> 100 | V38: =SUM(V13:V18) -> 998 | W38: =SUM(W13:W18) -> 27 | X38: =SUM(X13:X18) -> 19 | Y38: =SUM(Y13:Y18) -> 302 | Z38: =SUM(Z13:Z18) -> 33 | ... AF38: =SUM(AF13:AF18) -> 7847
B39: 14.15 - 14.30 | C39: 38 | D39: 6 | E39: 4 | F39: 40 | G39: 0 | H39: 2 | I39: 20 | J39: 0 | K39: 0 | L39: 1 | M39: 225 | N39: 0 | O39: =SUM(C39:L39,N39) -> 111 | P39: =SUM(C39:N39) -> 336 | R39: PM Period | S39: =SUM(S19:S21) -> 709 | T39: =SUM(T19:T21) -> 176 | U39: =SUM(U19:U21) -> 68 | V39: =SUM(V19:V21) -> 361 | W39: =SUM(W19:W21) -> 11 | X39: =SUM(X19:X21) -> 4 | Y39: =SUM(Y19:Y21) -> 122 | Z39: =SUM(Z19:Z21) -> 18 | ... AF39: =SUM(AF19:AF21) -> 3729
B40: 14.30 - 14.45 | C40: 40 | D40: 8 | E40: 5 | F40: 50 | G40: 1 | H40: 0 | I40: 12 | J40: 4 | K40: 1 | L40: 0 | M40: 215 | N40: 0 | O40: =SUM(C40:L40,N40) -> 121 | P40: =SUM(C40:N40) -> 336 | R40: 12 Hours | S40: =SUM(S10:S21) -> 1816 | T40: =SUM(T10:T21) -> 457 | U40: =SUM(U10:U21) -> 196 | V40: =SUM(V10:V21) -> 2115 | W40: =SUM(W10:W21) -> 55 | X40: =SUM(X10:X21) -> 34 | Y40: =SUM(Y10:Y21) -> 522 | Z40: =SUM(Z10:Z21) -> 56 | ... AF40: =SUM(AF10:AF21) -> 16179
B41: 14.45 - 15.00 | C41: 55 | D41: 12 | E41: 2 | F41: 45 | G41: 0 | H41: 1 | I41: 20 | J41: 0 | K41: 1 | L41: 2 | M41: 200 | N41: 0 | O41: =SUM(C41:L41,N41) -> 138 | P41: =SUM(C41:N41) -> 338 | R41: 24 Hrs/ADT | S41: =SUM(S10:S33) -> 2924 | T41: =SUM(T10:T33) -> 850 | U41: =SUM(U10:U33) -> 292 | V41: =SUM(V10:V33) -> 2969 | W41: =SUM(W10:W33) -> 112 | X41: =SUM(X10:X33) -> 75 | Y41: =SUM(Y10:Y33) -> 695 | Z41: =SUM(Z10:Z33) -> 154 | ... AF41: =SUM(AF10:AF33) -> 22861
B42: 15.00 - 15.15 | C42: 40 | D42: 3 | E42: 2 | F42: 55 | G42: 0 | H42: 1 | I42: 8 | J42: 3 | K42: 0 | L42: 0 | M42: 220 | N42: 0 | O42: =SUM(C42:L42,N42) -> 112 | P42: =SUM(C42:N42) -> 332 | R42: NEF | S42: =S41/S40 -> 1.6101322 | T42: =T41/T40 -> 1.8599562 | U42: =U41/U40 -> 1.4897959 | V42: =V41/V40 -> 1.4037825 | W42: =W41/W40 -> 2.0363636 | X42: =X41/X40 -> 2.2058824 | Y42: =Y41/Y40 -> 1.3314176 | Z42: =Z41/Z40 -> 2.75 | ... AF42: =AF41/AF40 -> 1.4130045
B43: 15.15 - 15.30 | C43: 35 | D43: 7 | E43: 4 | F43: 65 | G43: 1 | H43: 1 | I43: 10 | J43: 2 | K43: 1 | L43: 0 | M43: 200 | N43: 0 | O43: =SUM(C43:L43,N43) -> 126 | P43: =SUM(C43:N43) -> 326
B44: 15.30 - 15.45 | C44: 60 | D44: 14 | E44: 9 | F44: 38 | G44: 3 | H44: 0 | I44: 9 | J44: 4 | K44: 1 | L44: 0 | M44: 215 | N44: 0 | O44: =SUM(C44:L44,N44) -> 138 | P44: =SUM(C44:N44) -> 353
B45: 15.45 - 16.00 | C45: 45 | D45: 19 | E45: 10 | F45: 45 | G45: 2 | H45: 2 | I45: 18 | J45: 5 | K45: 0 | L45: 0 | M45: 213 | N45: 0 | O45: =SUM(C45:L45,N45) -> 146 | P45: =SUM(C45:N45) -> 359
B46: 16.00 - 16.15 | C46: 40 | D46: 14 | E46: 5 | F46: 35 | G46: 3 | H46: 0 | I46: 9 | J46: 5 | K46: 0 | L46: 1 | M46: 165 | N46: 0 | O46: =SUM(C46:L46,N46) -> 112 | P46: =SUM(C46:N46) -> 277
B47: 16.15 -16.30 | C47: 35 | D47: 13 | E47: 4 | F47: 60 | G47: 0 | H47: 0 | I47: 14 | J47: 0 | K47: 0 | L47: 0 | M47: 195 | N47: 0 | O47: =SUM(C47:L47,N47) -> 126 | P47: =SUM(C47:N47) -> 321
B48: 16.30 -16.45 | C48: 50 | D48: 25 | E48: 14 | F48: 30 | G48: 1 | H48: 0 | I48: 25 | J48: 3 | K48: 1 | L48: 0 | M48: 195 | N48: 0 | O48: =SUM(C48:L48,N48) -> 149 | P48: =SUM(C48:N48) -> 344
B49: 16.45 -17.00 | C49: 70 | D49: 17 | E49: 7 | F49: 26 | G49: 0 | H49: 0 | I49: 11 | J49: 2 | K49: 0 | L49: 2 | M49: 185 | N49: 0 | O49: =SUM(C49:L49,N49) -> 135 | P49: =SUM(C49:N49) -> 320
B50: 17.00 -17.15 | C50: 70 | D50: 14 | E50: 3 | F50: 36 | G50: 0 | H50: 1 | I50: 8 | J50: 0 | K50: 2 | L50: 0 | M50: 210 | N50: 0 | O50: =SUM(C50:L50,N50) -> 134 | P50: =SUM(C50:N50) -> 344
B51: 17.15 -17.30 | C51: 67 | D51: 15 | E51: 6 | F51: 33 | G51: 1 | H51: 2 | I51: 9 | J51: 1 | K51: 0 | L51: 1 | M51: 165 | N51: 0 | O51: =SUM(C51:L51,N51) -> 135 | P51: =SUM(C51:N51) -> 300
B52: 17.30 -17.45 | C52: 76 | D52: 17 | E52: 6 | F52: 25 | G52: 0 | H52: 0 | I52: 11 | J52: 1 | K52: 0 | L52: 0 | M52: 185 | N52: 0 | O52: =SUM(C52:L52,N52) -> 136 | P52: =SUM(C52:N52) -> 321
B53: 17.45 -18.00 | C53: 71 | D53: 11 | E53: 4 | F53: 34 | G53: 1 | H53: 0 | I53: 5 | J53: 0 | K53: 0 | L53: 0 | M53: 195 | N53: 0 | O53: =SUM(C53:L53,N53) -> 126 | P53: =SUM(C53:N53) -> 321
B54: 18.00 - 18.15 | C54: 60 | D54: 15 | E54: 3 | F54: 22 | G54: 1 | H54: 0 | I54: 5 | J54: 2 | K54: 0 | L54: 0 | M54: 185 | N54: 0 | O54: =SUM(C54:L54,N54) -> 108 | P54: =SUM(C54:N54) -> 293
... B105: 06.45 - 07.00 | C105: 44 | D105: 25 | E105: 2 | F105: 70 | G105: 0 | H105: 0 | I105: 8 | J105: 6 | K105: 1 | L105: 1 | M105: 215 | N105: 0 | O105: =SUM(C105:L105,N105) -> 157 | P105: =SUM(C105:N105) -> 372
B106: Totals | C106: =SUM(C10:C105) -> 2924 | D106: =SUM(D10:D105) -> 850 | E106: =SUM(E10:E105) -> 292 | F106: =SUM(F10:F105) -> 2969 | G106: =SUM(G10:G105) -> 112 | H106: =SUM(H10:H105) -> 75 | I106: =SUM(I10:I105) -> 695 | J106: =SUM(J10:J105) -> 154 | ... P106: =SUM(P10:P105) -> 22861
B107: %ges + MCs | C107: =C106/$P$106 -> 0.12790342 | D107: =D106/$P$106 -> 0.037181226 | E107: =E106/$P$106 -> 0.012772845 | F107: =F106/$P$106 -> 0.12987183 | G107: =G106/$P$106 -> 0.0048991733 | H107: =H106/$P$106 -> 0.0032806964 | I107: =I106/$P$106 -> 0.03040112 | J107: =J106/$P$106 -> 0.0067363632 | ... N107: =N106/$P$106 -> 0
B108: %ges w/o MCs | C108: =C106/$O$106 -> 0.35864099 | D108: =D106/$O$106 -> 0.1042561 | E108: =E106/$O$106 -> 0.035815037 | F108: =F106/$O$106 -> 0.36416043 | G108: =G106/$O$106 -> 0.013737275 | H108: =H106/$O$106 -> 0.0091990678 | I108: =I106/$O$106 -> 0.085244695 | J108: =J106/$O$106 -> 0.018888753 | ... L108: =L106/$O$106 -> 0.0036796271 | N108: =N106/$O$106 -> 0

Sheet 27.07 Kalerwe-Kampala-24h
B1: Consultancy services for Preparation of Expressway Development Master Plan (EDMP) for Uganda
B2: MANUAL CLASSIFIED COUNT (MCC)
B3: ROAD NAME: | C3: ='22.07 Kalerwe-Kampala'!C3:G3 -> MCC - C1 - STN24 GAYAZA ROAD
C5: Date | D5: 27.07.19 | F5: Location | G5: ='26.07 Kampala-Kalerwe-24h'!G5:H5 -> Wandegeya | J5: Surveyor | K5: ='26.07 Kampala-Kalerwe-24h'!K5:L5 -> Mbabazi /Kandake
C6: Dir. From | D6: ='22.07 Kalerwe-Kampala'!D6:E6 -> Kalewre | F6: Dir. To | G6: ='22.07 Kalerwe-Kampala'!G6:H6 -> Kampala | J6: Supervisor | K6: ='26.07 Kampala-Kalerwe-24h'!K6:L6 -> Lawrence
B8: Time / Veh Type | R8: SUMMARY TRAFFIC VOLUMES
C9: 1. Car | D9: 2. Station Wagon | E9: 3. Pickups | F9: 4. Minibus, matatu | G9: 5. Medium bus | H9: 6. Large Bus | I9: 7. Light Truck | J9: 8. Medium Truck | K9: 9. Heavy truck | L9: 10. Truck Trailer | M9: 11. Motor cycles | N9: 12. Tractors | O9: Total Excl M/Cycles | P9: Total All | R9: Time | S9: 1. Car | T9: 2. Station Wagon | U9: 3. Pickups | V9: 4. Minibus, matatu | W9: 5. Medium bus | X9: 6. Large Bus | Y9: 7. Light Truck | Z9: 8. Medium Truck | AA9: 9. Heavy truck | AB9: 10. Truck Trailer | AC9: 11. Motorcycles | AD9: 12. Tractors, Graders | AE9: Total Excl M/ Cycles | AF9: Total All
B10: 07.00 - 07.15 | C10: 25 | D10: 15 | E10: 45 | F10: 33 | G10: 3 | H10: 2 | I10: 1 | J10: 0 | K10: 0 | L10: 0 | M10: 160 | N10: 0 | O10: =SUM(C10:L10,N10) -> 124 | P10: =SUM(C10:N10) -> 284 | R10: 0700-0800 | S10: =SUM(C10:C13) -> 166 | T10: =SUM(D10:D13) -> 66 | U10: =SUM(E10:E13) -> 120 | V10: =SUM(F10:F13) -> 104 | W10: =SUM(G10:G13) -> 13 | X10: =SUM(H10:H13) -> 17 | Y10: =SUM(I10:I13) -> 12 | Z10: =SUM(J10:J13) -> 10 | ... AF10: =SUM(P10:P13) -> 1169
B11: 07.15 - 07.30 | C11: 48 | D11: 15 | E11: 10 | F11: 32 | G11: 7 | H11: 4 | I11: 4 | J11: 2 | K11: 6 | L11: 3 | M11: 120 | N11: 0 | O11: =SUM(C11:L11,N11) -> 131 | P11: =SUM(C11:N11) -> 251 | R11: 0800-0900 | S11: =SUM(C14:C17) -> 260 | T11: =SUM(D14:D17) -> 88 | U11: =SUM(E14:E17) -> 24 | V11: =SUM(F14:F17) -> 243 | W11: =SUM(G14:G17) -> 3 | X11: =SUM(H14:H17) -> 3 | Y11: =SUM(I14:I17) -> 53 | Z11: =SUM(J14:J17) -> 24 | ... AF11: =SUM(P14:P17) -> 1388
B12: 07.30 - 07.45 | C12: 68 | D12: 22 | E12: 11 | F12: 38 | G12: 3 | H12: 3 | I12: 1 | J12: 8 | K12: 2 | L12: 0 | M12: 195 | N12: 0 | O12: =SUM(C12:L12,N12) -> 156 | P12: =SUM(C12:N12) -> 351 | R12: 0900-1000 | S12: =SUM(C18:C21) -> 420 | T12: =SUM(D18:D21) -> 54 | U12: =SUM(E18:E21) -> 34 | V12: =SUM(F18:F21) -> 201 | W12: =SUM(G18:G21) -> 12 | X12: =SUM(H18:H21) -> 16 | Y12: =SUM(I18:I21) -> 48 | Z12: =SUM(J18:J21) -> 33 | ... AF12: =SUM(P18:P21) -> 1436
B13: 07.45 - 08.00 | C13: 25 | D13: 14 | E13: 54 | F13: 1 | G13: 0 | H13: 8 | I13: 6 | J13: 0 | K13: 0 | L13: 0 | M13: 175 | N13: 0 | O13: =SUM(C13:L13,N13) -> 108 | P13: =SUM(C13:N13) -> 283 | R13: 1000-1100 | S13: =SUM(C22:C25) -> 175 | T13: =SUM(D22:D25) -> 35 | U13: =SUM(E22:E25) -> 12 | V13: =SUM(F22:F25) -> 90 | W13: =SUM(G22:G25) -> 9 | X13: =SUM(H22:H25) -> 9 | Y13: =SUM(I22:I25) -> 25 | Z13: =SUM(J22:J25) -> 12 | ... AF13: =SUM(P22:P25) -> 878
B14: 08.00 - 08.15 | C14: 95 | D14: 22 | E14: 14 | F14: 95 | G14: 2 | H14: 0 | I14: 13 | J14: 4 | K14: 0 | L14: 0 | M14: 230 | N14: 0 | O14: =SUM(C14:L14,N14) -> 245 | P14: =SUM(C14:N14) -> 475 | R14: 1100-1200 | S14: =SUM(C26:C29) -> 376 | T14: =SUM(D26:D29) -> 59 | U14: =SUM(E26:E29) -> 58 | V14: =SUM(F26:F29) -> 148 | W14: =SUM(G26:G29) -> 8 | X14: =SUM(H26:H29) -> 7 | Y14: =SUM(I26:I29) -> 27 | Z14: =SUM(J26:J29) -> 21 | ... AF14: =SUM(P26:P29) -> 1273
B15: 08.15 - 08.30 | C15: 40 | D15: 35 | E15: 0 | F15: 35 | G15: 0 | H15: 0 | I15: 17 | J15: 3 | K15: 0 | L15: 2 | M15: 195 | N15: 0 | O15: =SUM(C15:L15,N15) -> 132 | P15: =SUM(C15:N15) -> 327 | R15: 1200-1300 | S15: =SUM(C30:C33) -> 218 | T15: =SUM(D30:D33) -> 43 | U15: =SUM(E30:E33) -> 26 | V15: =SUM(F30:F33) -> 103 | W15: =SUM(G30:G33) -> 3 | X15: =SUM(H30:H33) -> 3 | Y15: =SUM(I30:I33) -> 18 | Z15: =SUM(J30:J33) -> 21 | ... AF15: =SUM(P30:P33) -> 835
B16: 08.30 - 08.45 | C16: 65 | D16: 18 | E16: 8 | F16: 55 | G16: 1 | H16: 3 | I16: 4 | J16: 7 | K16: 0 | L16: 0 | M16: 115 | N16: 0 | O16: =SUM(C16:L16,N16) -> 161 | P16: =SUM(C16:N16) -> 276 | R16: 1300-1400 | S16: =SUM(C34:C37) -> 196 | T16: =SUM(D34:D37) -> 48 | U16: =SUM(E34:E37) -> 24 | V16: =SUM(F34:F37) -> 85 | W16: =SUM(G34:G37) -> 3 | X16: =SUM(H34:H37) -> 4 | Y16: =SUM(I34:I37) -> 23 | Z16: =SUM(J34:J37) -> 14 | ... AF16: =SUM(P34:P37) -> 790
B17: 08.45 - 9.00 | C17: 60 | D17: 13 | E17: 2 | F17: 58 | G17: 0 | H17: 0 | I17: 19 | J17: 10 | K17: 13 | L17: 0 | M17: 135 | N17: 0 | O17: =SUM(C17:L17,N17) -> 175 | P17: =SUM(C17:N17) -> 310 | R17: 1400-1500 | S17: =SUM(C38:C41) -> 290 | T17: =SUM(D38:D41) -> 79 | U17: =SUM(E38:E41) -> 12 | V17: =SUM(F38:F41) -> 200 | W17: =SUM(G38:G41) -> 3 | X17: =SUM(H38:H41) -> 11 | Y17: =SUM(I38:I41) -> 43 | Z17: =SUM(J38:J41) -> 9 | ... AF17: =SUM(P38:P41) -> 1307
B18: 09.00 - 09.15 | C18: 100 | D18: 17 | E18: 12 | F18: 42 | G18: 2 | H18: 3 | I18: 12 | J18: 14 | K18: 4 | L18: 5 | M18: 210 | N18: 0 | O18: =SUM(C18:L18,N18) -> 211 | P18: =SUM(C18:N18) -> 421 | R18: 1500-1600 | S18: =SUM(C42:C45) -> 410 | T18: =SUM(D42:D45) -> 118 | U18: =SUM(E42:E45) -> 77 | V18: =SUM(F42:F45) -> 275 | W18: =SUM(G42:G45) -> 23 | X18: =SUM(H42:H45) -> 2 | Y18: =SUM(I42:I45) -> 80 | Z18: =SUM(J42:J45) -> 31 | ... AF18: =SUM(P42:P45) -> 1796
B19: 09.15 - 09.30 | C19: 75 | D19: 13 | E19: 2 | F19: 67 | G19: 4 | H19: 4 | I19: 8 | J19: 4 | K19: 3 | L19: 3 | M19: 108 | N19: 0 | O19: =SUM(C19:L19,N19) -> 183 | P19: =SUM(C19:N19) -> 291 | R19: 1600-1700 | S19: =SUM(C46:C49) -> 221 | T19: =SUM(D46:D49) -> 75 | U19: =SUM(E46:E49) -> 22 | V19: =SUM(F46:F49) -> 179 | W19: =SUM(G46:G49) -> 9 | X19: =SUM(H46:H49) -> 0 | Y19: =SUM(I46:I49) -> 58 | Z19: =SUM(J46:J49) -> 11 | ... AF19: =SUM(P46:P49) -> 1173
B20: 09.30 - 09.45 | C20: 120 | D20: 10 | E20: 6 | F20: 52 | G20: 2 | H20: 6 | I20: 15 | J20: 6 | K20: 3 | L20: 3 | M20: 144 | N20: 0 | O20: =SUM(C20:L20,N20) -> 223 | P20: =SUM(C20:N20) -> 367 | R20: 1700-1800 | S20: =SUM(C50:C53) -> 213 | T20: =SUM(D50:D53) -> 67 | U20: =SUM(E50:E53) -> 27 | V20: =SUM(F50:F53) -> 159 | W20: =SUM(G50:G53) -> 6 | X20: =SUM(H50:H53) -> 0 | Y20: =SUM(I50:I53) -> 36 | Z20: =SUM(J50:J53) -> 8 | ... AF20: =SUM(P50:P53) -> 1086
B21: 09.45 - 10.00 | C21: 125 | D21: 14 | E21: 14 | F21: 40 | G21: 4 | H21: 3 | I21: 13 | J21: 9 | K21: 4 | L21: 4 | M21: 127 | N21: 0 | O21: =SUM(C21:L21,N21) -> 230 | P21: =SUM(C21:N21) -> 357 | R21: 1800-1900 | S21: =SUM(C54:C57) -> 240 | T21: =SUM(D54:D57) -> 49 | U21: =SUM(E54:E57) -> 36 | V21: =SUM(F54:F57) -> 178 | W21: =SUM(G54:G57) -> 8 | X21: =SUM(H54:H57) -> 12 | Y21: =SUM(I54:I57) -> 23 | Z21: =SUM(J54:J57) -> 7 | ... AF21: =SUM(P54:P57) -> 1145
B22: 10.00 - 10.15 | C22: 47 | D22: 9 | E22: 12 | F22: 12 | G22: 4 | H22: 2 | I22: 8 | J22: 3 | K22: 6 | L22: 3 | M22: 135 | N22: 0 | O22: =SUM(C22:L22,N22) -> 106 | P22: =SUM(C22:N22) -> 241 | R22: 1900-2000 | S22: =SUM(C58:C61) -> 260 | T22: =SUM(D58:D61) -> 9 | U22: =SUM(E58:E61) -> 14 | V22: =SUM(F58:F61) -> 130 | W22: =SUM(G58:G61) -> 27 | X22: =SUM(H58:H61) -> 7 | Y22: =SUM(I58:I61) -> 50 | Z22: =SUM(J58:J61) -> 23 | ... AF22: =SUM(P58:P61) -> 999
B23: 10.15 - 10.30 | C23: 48 | D23: 11 | E23: 0 | F23: 23 | G23: 0 | H23: 3 | I23: 5 | J23: 1 | K23: 2 | L23: 4 | M23: 143 | N23: 0 | O23: =SUM(C23:L23,N23) -> 97 | P23: =SUM(C23:N23) -> 240 | R23: 2000-2100 | S23: =SUM(C62:C65) -> 95 | T23: =SUM(D62:D65) -> 4 | U23: =SUM(E62:E65) -> 19 | V23: =SUM(F62:F65) -> 195 | W23: =SUM(G62:G65) -> 17 | X23: =SUM(H62:H65) -> 51 | Y23: =SUM(I62:I65) -> 49 | Z23: =SUM(J62:J65) -> 7 | ... AF23: =SUM(P62:P65) -> 679
B24: 10.30 - 10.45 | C24: 37 | D24: 9 | E24: 0 | F24: 28 | G24: 2 | H24: 4 | I24: 6 | J24: 4 | K24: 5 | L24: 2 | M24: 93 | N24: 0 | O24: =SUM(C24:L24,N24) -> 97 | P24: =SUM(C24:N24) -> 190 | R24: 2100-2200 | S24: =SUM(C66:C69) -> 135 | T24: =SUM(D66:D69) -> 11 | U24: =SUM(E66:E69) -> 19 | V24: =SUM(F66:F69) -> 193 | W24: =SUM(G66:G69) -> 22 | X24: =SUM(H66:H69) -> 17 | Y24: =SUM(I66:I69) -> 20 | Z24: =SUM(J66:J69) -> 7 | ... AF24: =SUM(P66:P69) -> 864
B25: 10.45 - 11.00 | C25: 43 | D25: 6 | E25: 0 | F25: 27 | G25: 3 | H25: 0 | I25: 6 | J25: 4 | K25: 3 | L25: 0 | M25: 115 | N25: 0 | O25: =SUM(C25:L25,N25) -> 92 | P25: =SUM(C25:N25) -> 207 | R25: 2200-2300 | S25: =SUM(C70:C73) -> 71 | T25: =SUM(D70:D73) -> 11 | U25: =SUM(E70:E73) -> 25 | V25: =SUM(F70:F73) -> 145 | W25: =SUM(G70:G73) -> 36 | X25: =SUM(H70:H73) -> 22 | Y25: =SUM(I70:I73) -> 42 | Z25: =SUM(J70:J73) -> 40 | ... AF25: =SUM(P70:P73) -> 586
B26: 11.00 - 11.15 | C26: 67 | D26: 12 | E26: 8 | F26: 67 | G26: 1 | H26: 2 | I26: 4 | J26: 3 | K26: 4 | L26: 1 | M26: 117 | N26: 0 | O26: =SUM(C26:L26,N26) -> 169 | P26: =SUM(C26:N26) -> 286 | R26: 2300-0000 | S26: =SUM(C74:C77) -> 75 | T26: =SUM(D74:D77) -> 6 | U26: =SUM(E74:E77) -> 18 | V26: =SUM(F74:F77) -> 86 | W26: =SUM(G74:G77) -> 18 | X26: =SUM(H74:H77) -> 5 | Y26: =SUM(I74:I77) -> 3 | Z26: =SUM(J74:J77) -> 23 | ... AF26: =SUM(P74:P77) -> 387
B27: 11.15 - 11.30 | C27: 60 | D27: 16 | E27: 15 | F27: 26 | G27: 1 | H27: 2 | I27: 11 | J27: 7 | K27: 2 | L27: 0 | M27: 150 | N27: 0 | O27: =SUM(C27:L27,N27) -> 140 | P27: =SUM(C27:N27) -> 290 | R27: 0000-0100 | S27: =SUM(C78:C81) -> 92 | T27: =SUM(D78:D81) -> 11 | U27: =SUM(E78:E81) -> 21 | V27: =SUM(F78:F81) -> 118 | W27: =SUM(G78:G81) -> 6 | X27: =SUM(H78:H81) -> 6 | Y27: =SUM(I78:I81) -> 39 | Z27: =SUM(J78:J81) -> 19 | ... AF27: =SUM(P78:P81) -> 435
B28: 11.30 - 11.45 | C28: 54 | D28: 20 | E28: 27 | F28: 20 | G28: 4 | H28: 0 | I28: 5 | J28: 3 | K28: 4 | L28: 3 | M28: 145 | N28: 0 | O28: =SUM(C28:L28,N28) -> 140 | P28: =SUM(C28:N28) -> 285 | R28: 0100-0200 | S28: =SUM(C82:C85) -> 165 | T28: =SUM(D82:D85) -> 41 | U28: =SUM(E82:E85) -> 14 | V28: =SUM(F82:F85) -> 40 | W28: =SUM(G82:G85) -> 12 | X28: =SUM(H82:H85) -> 9 | Y28: =SUM(I82:I85) -> 36 | Z28: =SUM(J82:J85) -> 28 | ... AF28: =SUM(P82:P85) -> 451
B29: 11.45 - 12.00 | C29: 195 | D29: 11 | E29: 8 | F29: 35 | G29: 2 | H29: 3 | I29: 7 | J29: 8 | K29: 5 | L29: 3 | M29: 135 | N29: 0 | O29: =SUM(C29:L29,N29) -> 277 | P29: =SUM(C29:N29) -> 412 | R29: 0200-0300 | S29: =SUM(C86:C89) -> 113 | T29: =SUM(D86:D89) -> 9 | U29: =SUM(E86:E89) -> 13 | V29: =SUM(F86:F89) -> 71 | W29: =SUM(G86:G89) -> 7 | X29: =SUM(H86:H89) -> 6 | Y29: =SUM(I86:I89) -> 34 | Z29: =SUM(J86:J89) -> 44 | ... AF29: =SUM(P86:P89) -> 476
B30: 12.00 - 12.15 | C30: 68 | D30: 11 | E30: 8 | F30: 51 | G30: 1 | H30: 1 | I30: 5 | J30: 7 | K30: 4 | L30: 1 | M30: 80 | N30: 0 | O30: =SUM(C30:L30,N30) -> 157 | P30: =SUM(C30:N30) -> 237 | R30: 0300-0400 | S30: =SUM(C90:C93) -> 100 | T30: =SUM(D90:D93) -> 9 | U30: =SUM(E90:E93) -> 27 | V30: =SUM(F90:F93) -> 61 | W30: =SUM(G90:G93) -> 15 | X30: =SUM(H90:H93) -> 22 | Y30: =SUM(I90:I93) -> 21 | Z30: =SUM(J90:J93) -> 22 | ... AF30: =SUM(P90:P93) -> 422
B31: 12.15 - 12.30 | C31: 54 | D31: 15 | E31: 8 | F31: 21 | G31: 2 | H31: 2 | I31: 1 | J31: 8 | K31: 2 | L31: 0 | M31: 97 | N31: 0 | O31: =SUM(C31:L31,N31) -> 113 | P31: =SUM(C31:N31) -> 210 | R31: 0400-0500 | S31: =SUM(C94:C97) -> 26 | T31: =SUM(D94:D97) -> 0 | U31: =SUM(E94:E97) -> 1 | V31: =SUM(F94:F97) -> 22 | W31: =SUM(G94:G97) -> 0 | X31: =SUM(H94:H97) -> 0 | Y31: =SUM(I94:I97) -> 6 | Z31: =SUM(J94:J97) -> 5 | ... AF31: =SUM(P94:P97) -> 119
B32: 12.30 - 12.45 | C32: 51 | D32: 9 | E32: 6 | F32: 9 | G32: 0 | H32: 0 | I32: 4 | J32: 4 | K32: 3 | L32: 0 | M32: 103 | N32: 0 | O32: =SUM(C32:L32,N32) -> 86 | P32: =SUM(C32:N32) -> 189 | R32: 0500-0600 | S32: =SUM(C98:C101) -> 87 | T32: =SUM(D98:D101) -> 8 | U32: =SUM(E98:E101) -> 14 | V32: =SUM(F98:F101) -> 210 | W32: =SUM(G98:G101) -> 7 | X32: =SUM(H98:H101) -> 4 | Y32: =SUM(I98:I101) -> 30 | Z32: =SUM(J98:J101) -> 40 | ... AF32: =SUM(P98:P101) -> 506
B33: 12.45 - 13.00 | C33: 45 | D33: 8 | E33: 4 | F33: 22 | G33: 0 | H33: 0 | I33: 8 | J33: 2 | K33: 2 | L33: 3 | M33: 105 | N33: 0 | O33: =SUM(C33:L33,N33) -> 94 | P33: =SUM(C33:N33) -> 199 | R33: 0600-0700 | S33: =SUM(C102:C105) -> 67 | T33: =SUM(D102:D105) -> 10 | U33: =SUM(E102:E105) -> 38 | V33: =SUM(F102:F105) -> 225 | W33: =SUM(G102:G105) -> 27 | X33: =SUM(H102:H105) -> 10 | Y33: =SUM(I102:I105) -> 51 | Z33: =SUM(J102:J105) -> 29 | ... AF33: =SUM(P102:P105) -> 677
B34: 13.00 - 13.15 | C34: 27 | D34: 14 | E34: 6 | F34: 16 | G34: 1 | H34: 0 | I34: 4 | J34: 3 | K34: 4 | L34: 0 | M34: 108 | N34: 0 | O34: =SUM(C34:L34,N34) -> 75 | P34: =SUM(C34:N34) -> 183 | R34: AM Peak Hr | S34: =MAX(S10:S12) -> 420 | T34: =MAX(T10:T12) -> 88 | U34: =MAX(U10:U12) -> 120 | V34: =MAX(V10:V12) -> 243 | W34: =MAX(W10:W12) -> 13 | X34: =MAX(X10:X12) -> 17 | Y34: =MAX(Y10:Y12) -> 53 | Z34: =MAX(Z10:Z12) -> 33 | ... AF34: =MAX(AF10:AF12) -> 1436
B35: 13.15 - 13.30 | C35: 63 | D35: 6 | E35: 7 | F35: 21 | G35: 0 | H35: 2 | I35: 10 | J35: 2 | K35: 6 | L35: 1 | M35: 91 | N35: 0 | O35: =SUM(C35:L35,N35) -> 118 | P35: =SUM(C35:N35) -> 209 | R35: IP Peak Hr | S35: =MAX(S13:S18) -> 410 | T35: =MAX(T13:T18) -> 118 | U35: =MAX(U13:U18) -> 77 | V35: =MAX(V13:V18) -> 275 | W35: =MAX(W13:W18) -> 23 | X35: =MAX(X13:X18) -> 11 | Y35: =MAX(Y13:Y18) -> 80 | Z35: =MAX(Z13:Z18) -> 31 | ... AF35: =MAX(AF13:AF18) -> 1796
B36: 13.30 - 13.45 | C36: 40 | D36: 16 | E36: 4 | F36: 18 | G36: 2 | H36: 2 | I36: 5 | J36: 3 | K36: 2 | L36: 2 | M36: 69 | N36: 0 | O36: =SUM(C36:L36,N36) -> 94 | P36: =SUM(C36:N36) -> 163 | R36: PM Peak Hr | S36: =MAX(S19:S21) -> 240 | T36: =MAX(T19:T21) -> 75 | U36: =MAX(U19:U21) -> 36 | V36: =MAX(V19:V21) -> 179 | W36: =MAX(W19:W21) -> 9 | X36: =MAX(X19:X21) -> 12 | Y36: =MAX(Y19:Y21) -> 58 | Z36: =MAX(Z19:Z21) -> 11 | ... AF36: =MAX(AF19:AF21) -> 1173
B37: 13.45 - 14.00 | C37: 66 | D37: 12 | E37: 7 | F37: 30 | G37: 0 | H37: 0 | I37: 4 | J37: 6 | K37: 3 | L37: 0 | M37: 107 | N37: 0 | O37: =SUM(C37:L37,N37) -> 128 | P37: =SUM(C37:N37) -> 235 | R37: AM Period | S37: =SUM(S10:S12) -> 846 | T37: =SUM(T10:T12) -> 208 | U37: =SUM(U10:U12) -> 178 | V37: =SUM(V10:V12) -> 548 | W37: =SUM(W10:W12) -> 28 | X37: =SUM(X10:X12) -> 36 | Y37: =SUM(Y10:Y12) -> 113 | Z37: =SUM(Z10:Z12) -> 67 | ... AF37: =SUM(AF10:AF12) -> 3993
B38: 14.00 - 14.15 | C38: 75 | D38: 35 | E38: 6 | F38: 60 | G38: 3 | H38: 0 | I38: 24 | J38: 7 | K38: 0 | L38: 2 | M38: 195 | N38: 0 | O38: =SUM(C38:L38,N38) -> 212 | P38: =SUM(C38:N38) -> 407 | R38: IP Period | S38: =SUM(S13:S18) -> 1665 | T38: =SUM(T13:T18) -> 382 | U38: =SUM(U13:U18) -> 209 | V38: =SUM(V13:V18) -> 901 | W38: =SUM(W13:W18) -> 49 | X38: =SUM(X13:X18) -> 36 | Y38: =SUM(Y13:Y18) -> 216 | Z38: =SUM(Z13:Z18) -> 108 | ... AF38: =SUM(AF13:AF18) -> 6879
B39: 14.15 - 14.30 | C39: 80 | D39: 16 | E39: 2 | F39: 30 | G39: 0 | H39: 3 | I39: 6 | J39: 2 | K39: 3 | L39: 0 | M39: 160 | N39: 0 | O39: =SUM(C39:L39,N39) -> 142 | P39: =SUM(C39:N39) -> 302 | R39: PM Period | S39: =SUM(S19:S21) -> 674 | T39: =SUM(T19:T21) -> 191 | U39: =SUM(U19:U21) -> 85 | V39: =SUM(V19:V21) -> 516 | W39: =SUM(W19:W21) -> 23 | X39: =SUM(X19:X21) -> 12 | Y39: =SUM(Y19:Y21) -> 117 | Z39: =SUM(Z19:Z21) -> 26 | ... AF39: =SUM(AF19:AF21) -> 3404
B40: 14.30 - 14.45 | C40: 75 | D40: 15 | E40: 0 | F40: 55 | G40: 0 | H40: 5 | I40: 10 | J40: 0 | K40: 0 | L40: 0 | M40: 160 | N40: 0 | O40: =SUM(C40:L40,N40) -> 160 | P40: =SUM(C40:N40) -> 320 | R40: 12 Hours | S40: =SUM(S10:S21) -> 3185 | T40: =SUM(T10:T21) -> 781 | U40: =SUM(U10:U21) -> 472 | V40: =SUM(V10:V21) -> 1965 | W40: =SUM(W10:W21) -> 100 | X40: =SUM(X10:X21) -> 84 | Y40: =SUM(Y10:Y21) -> 446 | Z40: =SUM(Z10:Z21) -> 201 | ... AF40: =SUM(AF10:AF21) -> 14276
B41: 14.45 - 15.00 | C41: 60 | D41: 13 | E41: 4 | F41: 55 | G41: 0 | H41: 3 | I41: 3 | J41: 0 | K41: 0 | L41: 0 | M41: 140 | N41: 0 | O41: =SUM(C41:L41,N41) -> 138 | P41: =SUM(C41:N41) -> 278 | R41: 24 Hrs/ADT | S41: =SUM(S10:S33) -> 4471 | T41: =SUM(T10:T33) -> 910 | U41: =SUM(U10:U33) -> 695 | V41: =SUM(V10:V33) -> 3461 | W41: =SUM(W10:W33) -> 294 | X41: =SUM(X10:X33) -> 243 | Y41: =SUM(Y10:Y33) -> 827 | Z41: =SUM(Z10:Z33) -> 488 | ... AF41: =SUM(AF10:AF33) -> 20877
B42: 15.00 - 15.15 | C42: 135 | D42: 25 | E42: 17 | F42: 90 | G42: 4 | H42: 0 | I42: 12 | J42: 4 | K42: 0 | L42: 0 | M42: 290 | N42: 0 | O42: =SUM(C42:L42,N42) -> 287 | P42: =SUM(C42:N42) -> 577 | R42: NEF | S42: =S41/S40 -> 1.4037677 | T42: =T41/T40 -> 1.1651729 | U42: =U41/U40 -> 1.4724576 | V42: =V41/V40 -> 1.7613232 | W42: =W41/W40 -> 2.94 | X42: =X41/X40 -> 2.8928571 | Y42: =Y41/Y40 -> 1.8542601 | Z42: =Z41/Z40 -> 2.4278607 | ... AF42: =AF41/AF40 -> 1.4623844
B43: 15.15 - 15.30 | C43: 85 | D43: 13 | E43: 8 | F43: 60 | G43: 8 | H43: 0 | I43: 15 | J43: 8 | K43: 0 | L43: 1 | M43: 160 | N43: 0 | O43: =SUM(C43:L43,N43) -> 198 | P43: =SUM(C43:N43) -> 358
B44: 15.30 - 15.45 | C44: 115 | D44: 48 | E44: 46 | F44: 75 | G44: 8 | H44: 0 | I44: 45 | J44: 15 | K44: 0 | L44: 4 | M44: 220 | N44: 0 | O44: =SUM(C44:L44,N44) -> 356 | P44: =SUM(C44:N44) -> 576
B45: 15.45 - 16.00 | C45: 75 | D45: 32 | E45: 6 | F45: 50 | G45: 3 | H45: 2 | I45: 8 | J45: 4 | K45: 0 | L45: 0 | M45: 105 | N45: 0 | O45: =SUM(C45:L45,N45) -> 180 | P45: =SUM(C45:N45) -> 285
B46: 16.00 - 16.15 | C46: 80 | D46: 13 | E46: 7 | F46: 45 | G46: 4 | H46: 0 | I46: 28 | J46: 3 | K46: 0 | L46: 2 | M46: 120 | N46: 0 | O46: =SUM(C46:L46,N46) -> 182 | P46: =SUM(C46:N46) -> 302
B47: 16.15 -16.30 | C47: 45 | D47: 25 | E47: 4 | F47: 70 | G47: 2 | H47: 0 | I47: 11 | J47: 8 | K47: 0 | L47: 1 | M47: 145 | N47: 0 | O47: =SUM(C47:L47,N47) -> 166 | P47: =SUM(C47:N47) -> 311
B48: 16.30 -16.45 | C48: 46 | D48: 14 | E48: 7 | F48: 41 | G48: 0 | H48: 0 | I48: 13 | J48: 0 | K48: 0 | L48: 0 | M48: 210 | N48: 0 | O48: =SUM(C48:L48,N48) -> 121 | P48: =SUM(C48:N48) -> 331
B49: 16.45 -17.00 | C49: 50 | D49: 23 | E49: 4 | F49: 23 | G49: 3 | H49: 0 | I49: 6 | J49: 0 | K49: 0 | L49: 0 | M49: 120 | N49: 0 | O49: =SUM(C49:L49,N49) -> 109 | P49: =SUM(C49:N49) -> 229
B50: 17.00 -17.15 | C50: 31 | D50: 15 | E50: 10 | F50: 36 | G50: 0 | H50: 0 | I50: 8 | J50: 1 | K50: 0 | L50: 0 | M50: 100 | N50: 0 | O50: =SUM(C50:L50,N50) -> 101 | P50: =SUM(C50:N50) -> 201
B51: 17.15 -17.30 | C51: 50 | D51: 12 | E51: 3 | F51: 55 | G51: 1 | H51: 0 | I51: 10 | J51: 0 | K51: 0 | L51: 0 | M51: 140 | N51: 0 | O51: =SUM(C51:L51,N51) -> 131 | P51: =SUM(C51:N51) -> 271
B52: 17.30 -17.45 | C52: 57 | D52: 10 | E52: 5 | F52: 33 | G52: 3 | H52: 0 | I52: 13 | J52: 1 | K52: 0 | L52: 0 | M52: 160 | N52: 0 | O52: =SUM(C52:L52,N52) -> 122 | P52: =SUM(C52:N52) -> 282
B53: 17.45 -18.00 | C53: 75 | D53: 30 | E53: 9 | F53: 35 | G53: 2 | H53: 0 | I53: 5 | J53: 6 | K53: 0 | L53: 0 | M53: 170 | N53: 0 | O53: =SUM(C53:L53,N53) -> 162 | P53: =SUM(C53:N53) -> 332
B54: 18.00 - 18.15 | C54: 110 | D54: 17 | E54: 12 | F54: 55 | G54: 5 | H54: 2 | I54: 18 | J54: 5 | K54: 2 | L54: 0 | M54: 190 | N54: 0 | O54: =SUM(C54:L54,N54) -> 226 | P54: =SUM(C54:N54) -> 416
... B105: 06.45 - 07.00 | C105: 14 | D105: 3 | E105: 18 | F105: 55 | G105: 4 | H105: 3 | I105: 13 | J105: 5 | K105: 1 | L105: 2 | M105: 80 | N105: 0 | O105: =SUM(C105:L105,N105) -> 118 | P105: =SUM(C105:N105) -> 198
B106: Totals | C106: =SUM(C10:C105) -> 4471 | D106: =SUM(D10:D105) -> 910 | E106: =SUM(E10:E105) -> 695 | F106: =SUM(F10:F105) -> 3461 | G106: =SUM(G10:G105) -> 294 | H106: =SUM(H10:H105) -> 243 | I106: =SUM(I10:I105) -> 827 | J106: =SUM(J10:J105) -> 488 | ... P106: =SUM(P10:P105) -> 20877
B107: %ges + MCs | C107: =C106/$P$106 -> 0.21415912 | D107: =D106/$P$106 -> 0.043588638 | E107: =E106/$P$106 -> 0.033290224 | F107: =F106/$P$106 -> 0.16578052 | G107: =G106/$P$106 -> 0.014082483 | H107: =H106/$P$106 -> 0.011639603 | I107: =I106/$P$106 -> 0.039612971 | J107: =J106/$P$106 -> 0.023375006 | ... N107: =N106/$P$106 -> 0
B108: %ges w/o MCs | C108: =C106/$O$106 -> 0.38371095 | D108: =D106/$O$106 -> 0.078098181 | E108: =E106/$O$106 -> 0.059646413 | F108: =F106/$O$106 -> 0.29703055 | G108: =G106/$O$106 -> 0.02523172 | H108: =H106/$O$106 -> 0.020854789 | I108: =I106/$O$106 -> 0.07097494 | J108: =J106/$O$106 -> 0.041881222 | ... L108: =L106/$O$106 -> 0.0063508411 | N108: =N106/$O$106 -> 0

Sheet 27.07 Kampala-Kalerwe-24h
B1: Consultancy services for Preparation of Expressway Development Master Plan (EDMP) for Uganda
B2: MANUAL CLASSIFIED COUNT (MCC)
B3: ROAD NAME: | C3: ='22.07 Kalerwe-Kampala'!C3:G3 -> MCC - C1 - STN24 GAYAZA ROAD
C5: Date | D5: ='27.07 Kalerwe-Kampala-24h'!D5 -> 27.07.19 | F5: Location | G5: ='27.07 Kalerwe-Kampala-24h'!G5:H5 -> Wandegeya | J5: Surveyor | K5: Beteth/Sherry
C6: Dir. From | D6: ='22.07 Kampala-Kalerwe'!D6:E6 -> Kampala | F6: Dir. To | G6: ='22.07 Kampala-Kalerwe'!G6:H6 -> Kalerwe | J6: Supervisor | K6: ='27.07 Kalerwe-Kampala-24h'!K6:L6 -> Lawrence
B8: Time / Veh Type | R8: SUMMARY TRAFFIC VOLUMES
C9: 1. Car | D9: 2. Station Wagon | E9: 3. Pickups | F9: 4. Minibus, matatu | G9: 5. Medium bus | H9: 6. Large Bus | I9: 7. Light Truck | J9: 8. Medium Truck | K9: 9. Heavy truck | L9: 10. Truck Trailer | M9: 11. Motor cycles | N9: 12. Tractors | O9: Total Excl M/Cycles | P9: Total All | R9: Time | S9: 1. Car | T9: 2. Station Wagon | U9: 3. Pickups | V9: 4. Minibus, matatu | W9: 5. Medium bus | X9: 6. Large Bus | Y9: 7. Light Truck | Z9: 8. Medium Truck | AA9: 9. Heavy truck | AB9: 10. Truck Trailer | AC9: 11. Motorcycles | AD9: 12. Tractors, Graders | AE9: Total Excl M/ Cycles | AF9: Total All
B10: 07.00 - 07.15 | C10: 40 | D10: 7 | E10: 40 | F10: 55 | G10: 1 | H10: 4 | I10: 1 | J10: 1 | K10: 6 | L10: 1 | M10: 90 | N10: 0 | O10: =SUM(C10:L10,N10) -> 156 | P10: =SUM(C10:N10) -> 246 | R10: 0700-0800 | S10: =SUM(C10:C13) -> 143 | T10: =SUM(D10:D13) -> 32 | U10: =SUM(E10:E13) -> 105 | V10: =SUM(F10:F13) -> 190 | W10: =SUM(G10:G13) -> 5 | X10: =SUM(H10:H13) -> 24 | Y10: =SUM(I10:I13) -> 13 | Z10: =SUM(J10:J13) -> 13 | ... AF10: =SUM(P10:P13) -> 752
B11: 07.15 - 07.30 | C11: 50 | D11: 10 | E11: 50 | F11: 60 | G11: 0 | H11: 13 | I11: 0 | J11: 0 | K11: 4 | L11: 2 | M11: 100 | N11: 0 | O11: =SUM(C11:L11,N11) -> 189 | P11: =SUM(C11:N11) -> 289 | R11: 0800-0900 | S11: =SUM(C14:C17) -> 90 | T11: =SUM(D14:D17) -> 27 | U11: =SUM(E14:E17) -> 46 | V11: =SUM(F14:F17) -> 165 | W11: =SUM(G14:G17) -> 4 | X11: =SUM(H14:H17) -> 6 | Y11: =SUM(I14:I17) -> 35 | Z11: =SUM(J14:J17) -> 4 | ... AF11: =SUM(P14:P17) -> 956
B12: 07.30 - 07.45 | C12: 23 | D12: 7 | E12: 5 | F12: 40 | G12: 2 | H12: 3 | I12: 8 | J12: 10 | K12: 4 | L12: 0 | M12: 85 | N12: 0 | O12: =SUM(C12:L12,N12) -> 102 | P12: =SUM(C12:N12) -> 187 | R12: 0900-1000 | S12: =SUM(C18:C21) -> 215 | T12: =SUM(D18:D21) -> 52 | U12: =SUM(E18:E21) -> 32 | V12: =SUM(F18:F21) -> 322 | W12: =SUM(G18:G21) -> 15 | X12: =SUM(H18:H21) -> 3 | Y12: =SUM(I18:I21) -> 41 | Z12: =SUM(J18:J21) -> 10 | ... AF12: =SUM(P18:P21) -> 1275
B13: 07.45 - 08.00 | C13: 30 | D13: 8 | E13: 10 | F13: 35 | G13: 2 | H13: 4 | I13: 4 | J13: 2 | K13: 7 | L13: 1 | M13: 135 | N13: 9 | O13: 15 | P13: 30 | R13: 1000-1100 | S13: =SUM(C22:C25) -> 170 | T13: =SUM(D22:D25) -> 79 | U13: =SUM(E22:E25) -> 49 | V13: =SUM(F22:F25) -> 178 | W13: =SUM(G22:G25) -> 11 | X13: =SUM(H22:H25) -> 3 | Y13: =SUM(I22:I25) -> 39 | Z13: =SUM(J22:J25) -> 15 | ... AF13: =SUM(P22:P25) -> 1024
B14: 08.00 - 08.15 | C14: 30 | D14: 9 | E14: 15 | F14: 30 | G14: 2 | H14: 1 | I14: 7 | J14: 1 | K14: 0 | L14: 0 | M14: 135 | N14: 0 | O14: =SUM(C14:L14,N14) -> 95 | P14: =SUM(C14:N14) -> 230 | R14: 1100-1200 | S14: =SUM(C26:C29) -> 159 | T14: =SUM(D26:D29) -> 11 | U14: =SUM(E26:E29) -> 6 | V14: =SUM(F26:F29) -> 150 | W14: =SUM(G26:G29) -> 6 | X14: =SUM(H26:H29) -> 0 | Y14: =SUM(I26:I29) -> 7 | Z14: =SUM(J26:J29) -> 3 | ... AF14: =SUM(P26:P29) -> 864
B15: 08.15 - 08.30 | C15: 20 | D15: 12 | E15: 25 | F15: 25 | G15: 1 | H15: 3 | I15: 10 | J15: 0 | K15: 2 | L15: 0 | M15: 100 | N15: 0 | O15: =SUM(C15:L15,N15) -> 98 | P15: =SUM(C15:N15) -> 198 | R15: 1200-1300 | S15: =SUM(C30:C33) -> 140 | T15: =SUM(D30:D33) -> 6 | U15: =SUM(E30:E33) -> 5 | V15: =SUM(F30:F33) -> 119 | W15: =SUM(G30:G33) -> 4 | X15: =SUM(H30:H33) -> 3 | Y15: =SUM(I30:I33) -> 6 | Z15: =SUM(J30:J33) -> 7 | ... AF15: =SUM(P30:P33) -> 833
B16: 08.30 - 08.45 | C16: 15 | D16: 4 | E16: 3 | F16: 60 | G16: 0 | H16: 0 | I16: 8 | J16: 2 | K16: 0 | L16: 0 | M16: 155 | N16: 0 | O16: =SUM(C16:L16,N16) -> 92 | P16: =SUM(C16:N16) -> 247 | R16: 1300-1400 | S16: =SUM(C34:C37) -> 135 | T16: =SUM(D34:D37) -> 4 | U16: =SUM(E34:E37) -> 14 | V16: =SUM(F34:F37) -> 146 | W16: =SUM(G34:G37) -> 8 | X16: =SUM(H34:H37) -> 3 | Y16: =SUM(I34:I37) -> 18 | Z16: =SUM(J34:J37) -> 3 | ... AF16: =SUM(P34:P37) -> 907
B17: 08.45 - 9.00 | C17: 25 | D17: 2 | E17: 3 | F17: 50 | G17: 1 | H17: 2 | I17: 10 | J17: 1 | K17: 1 | L17: 1 | M17: 185 | N17: 0 | O17: =SUM(C17:L17,N17) -> 96 | P17: =SUM(C17:N17) -> 281 | R17: 1400-1500 | S17: =SUM(C38:C41) -> 160 | T17: =SUM(D38:D41) -> 25 | U17: =SUM(E38:E41) -> 6 | V17: =SUM(F38:F41) -> 140 | W17: =SUM(G38:G41) -> 9 | X17: =SUM(H38:H41) -> 3 | Y17: =SUM(I38:I41) -> 45 | Z17: =SUM(J38:J41) -> 6 | ... AF17: =SUM(P38:P41) -> 1181
B18: 09.00 - 09.15 | C18: 35 | D18: 15 | E18: 9 | F18: 60 | G18: 9 | H18: 1 | I18: 8 | J18: 4 | K18: 1 | L18: 0 | M18: 140 | N18: 0 | O18: =SUM(C18:L18,N18) -> 142 | P18: =SUM(C18:N18) -> 282 | R18: 1500-1600 | S18: =SUM(C42:C45) -> 188 | T18: =SUM(D42:D45) -> 26 | U18: =SUM(E42:E45) -> 19 | V18: =SUM(F42:F45) -> 185 | W18: =SUM(G42:G45) -> 18 | X18: =SUM(H42:H45) -> 3 | Y18: =SUM(I42:I45) -> 27 | Z18: =SUM(J42:J45) -> 8 | ... AF18: =SUM(P42:P45) -> 1124
B19: 09.15 - 09.30 | C19: 40 | D19: 9 | E19: 12 | F19: 100 | G19: 5 | H19: 0 | I19: 12 | J19: 2 | K19: 0 | L19: 2 | M19: 150 | N19: 0 | O19: =SUM(C19:L19,N19) -> 182 | P19: =SUM(C19:N19) -> 332 | R19: 1600-1700 | S19: =SUM(C46:C49) -> 170 | T19: =SUM(D46:D49) -> 32 | U19: =SUM(E46:E49) -> 9 | V19: =SUM(F46:F49) -> 141 | W19: =SUM(G46:G49) -> 6 | X19: =SUM(H46:H49) -> 5 | Y19: =SUM(I46:I49) -> 41 | Z19: =SUM(J46:J49) -> 4 | ... AF19: =SUM(P46:P49) -> 1048
B20: 09.30 - 09.45 | C20: 60 | D20: 13 | E20: 2 | F20: 110 | G20: 1 | H20: 1 | I20: 16 | J20: 4 | K20: 1 | L20: 0 | M20: 135 | N20: 0 | O20: =SUM(C20:L20,N20) -> 208 | P20: =SUM(C20:N20) -> 343 | R20: 1700-1800 | S20: =SUM(C50:C53) -> 178 | T20: =SUM(D50:D53) -> 28 | U20: =SUM(E50:E53) -> 16 | V20: =SUM(F50:F53) -> 160 | W20: =SUM(G50:G53) -> 11 | X20: =SUM(H50:H53) -> 3 | Y20: =SUM(I50:I53) -> 34 | Z20: =SUM(J50:J53) -> 4 | ... AF20: =SUM(P50:P53) -> 1093
B21: 09.45 - 10.00 | C21: 80 | D21: 15 | E21: 9 | F21: 52 | G21: 0 | H21: 1 | I21: 5 | J21: 0 | K21: 1 | L21: 0 | M21: 155 | N21: 0 | O21: =SUM(C21:L21,N21) -> 163 | P21: =SUM(C21:N21) -> 318 | R21: 1800-1900 | S21: =SUM(C54:C57) -> 160 | T21: =SUM(D54:D57) -> 8 | U21: =SUM(E54:E57) -> 8 | V21: =SUM(F54:F57) -> 156 | W21: =SUM(G54:G57) -> 9 | X21: =SUM(H54:H57) -> 2 | Y21: =SUM(I54:I57) -> 36 | Z21: =SUM(J54:J57) -> 7 | ... AF21: =SUM(P54:P57) -> 957
B22: 10.00 - 10.15 | C22: 45 | D22: 20 | E22: 8 | F22: 40 | G22: 0 | H22: 1 | I22: 8 | J22: 2 | K22: 3 | L22: 1 | M22: 110 | N22: 0 | O22: =SUM(C22:L22,N22) -> 128 | P22: =SUM(C22:N22) -> 238 | R22: 1900-2000 | S22: =SUM(C58:C61) -> 141 | T22: =SUM(D58:D61) -> 107 | U22: =SUM(E58:E61) -> 7 | V22: =SUM(F58:F61) -> 158 | W22: =SUM(G58:G61) -> 11 | X22: =SUM(H58:H61) -> 0 | Y22: =SUM(I58:I61) -> 30 | Z22: =SUM(J58:J61) -> 14 | ... AF22: =SUM(P58:P61) -> 1108
B23: 10.15 - 10.30 | C23: 35 | D23: 25 | E23: 12 | F23: 45 | G23: 8 | H23: 1 | I23: 7 | J23: 1 | K23: 2 | L23: 2 | M23: 113 | N23: 0 | O23: =SUM(C23:L23,N23) -> 138 | P23: =SUM(C23:N23) -> 251 | R23: 2000-2100 | S23: =SUM(C62:C65) -> 190 | T23: =SUM(D62:D65) -> 124 | U23: =SUM(E62:E65) -> 17 | V23: =SUM(F62:F65) -> 181 | W23: =SUM(G62:G65) -> 13 | X23: =SUM(H62:H65) -> 8 | Y23: =SUM(I62:I65) -> 22 | Z23: =SUM(J62:J65) -> 9 | ... AF23: =SUM(P62:P65) -> 1231
B24: 10.30 - 10.45 | C24: 50 | D24: 15 | E24: 17 | F24: 43 | G24: 0 | H24: 0 | I24: 15 | J24: 0 | K24: 1 | L24: 0 | M24: 115 | N24: 0 | O24: =SUM(C24:L24,N24) -> 141 | P24: =SUM(C24:N24) -> 256 | R24: 2100-2200 | S24: =SUM(C66:C69) -> 164 | T24: =SUM(D66:D69) -> 53 | U24: =SUM(E66:E69) -> 11 | V24: =SUM(F66:F69) -> 80 | W24: =SUM(G66:G69) -> 8 | X24: =SUM(H66:H69) -> 9 | Y24: =SUM(I66:I69) -> 16 | Z24: =SUM(J66:J69) -> 14 | ... AF24: =SUM(P66:P69) -> 1120
B25: 10.45 - 11.00 | C25: 40 | D25: 19 | E25: 12 | F25: 50 | G25: 3 | H25: 1 | I25: 9 | J25: 12 | K25: 2 | L25: 1 | M25: 130 | N25: 0 | O25: =SUM(C25:L25,N25) -> 149 | P25: =SUM(C25:N25) -> 279 | R25: 2200-2300 | S25: =SUM(C70:C73) -> 195 | T25: =SUM(D70:D73) -> 99 | U25: =SUM(E70:E73) -> 1 | V25: =SUM(F70:F73) -> 114 | W25: =SUM(G70:G73) -> 32 | X25: =SUM(H70:H73) -> 4 | Y25: =SUM(I70:I73) -> 4 | Z25: =SUM(J70:J73) -> 10 | ... AF25: =SUM(P70:P73) -> 1001
B26: 11.00 - 11.15 | C26: 39 | D26: 5 | E26: 1 | F26: 40 | G26: 2 | H26: 0 | I26: 2 | J26: 3 | K26: 0 | L26: 1 | M26: 120 | N26: 0 | O26: =SUM(C26:L26,N26) -> 93 | P26: =SUM(C26:N26) -> 213 | R26: 2300-0000 | S26: =SUM(C74:C77) -> 113 | T26: =SUM(D74:D77) -> 63 | U26: =SUM(E74:E77) -> 3 | V26: =SUM(F74:F77) -> 90 | W26: =SUM(G74:G77) -> 0 | X26: =SUM(H74:H77) -> 0 | Y26: =SUM(I74:I77) -> 12 | Z26: =SUM(J74:J77) -> 6 | ... AF26: =SUM(P74:P77) -> 589
B27: 11.15 - 11.30 | C27: 30 | D27: 3 | E27: 2 | F27: 35 | G27: 0 | H27: 0 | I27: 0 | J27: 0 | K27: 2 | L27: 0 | M27: 130 | N27: 0 | O27: =SUM(C27:L27,N27) -> 72 | P27: =SUM(C27:N27) -> 202 | R27: 0000-0100 | S27: =SUM(C78:C81) -> 37 | T27: =SUM(D78:D81) -> 35 | U27: =SUM(E78:E81) -> 3 | V27: =SUM(F78:F81) -> 30 | W27: =SUM(G78:G81) -> 0 | X27: =SUM(H78:H81) -> 0 | Y27: =SUM(I78:I81) -> 16 | Z27: =SUM(J78:J81) -> 11 | ... AF27: =SUM(P78:P81) -> 442
B28: 11.30 - 11.45 | C28: 40 | D28: 2 | E28: 2 | F28: 45 | G28: 3 | H28: 0 | I28: 3 | J28: 0 | K28: 1 | L28: 2 | M28: 140 | N28: 0 | O28: =SUM(C28:L28,N28) -> 98 | P28: =SUM(C28:N28) -> 238 | R28: 0100-0200 | S28: =SUM(C82:C85) -> 64 | T28: =SUM(D82:D85) -> 63 | U28: =SUM(E82:E85) -> 1 | V28: =SUM(F82:F85) -> 33 | W28: =SUM(G82:G85) -> 0 | X28: =SUM(H82:H85) -> 0 | Y28: =SUM(I82:I85) -> 5 | Z28: =SUM(J82:J85) -> 12 | ... AF28: =SUM(P82:P85) -> 377
B29: 11.45 - 12.00 | C29: 50 | D29: 1 | E29: 1 | F29: 30 | G29: 1 | H29: 0 | I29: 2 | J29: 0 | K29: 0 | L29: 1 | M29: 125 | N29: 0 | O29: =SUM(C29:L29,N29) -> 86 | P29: =SUM(C29:N29) -> 211 | R29: 0200-0300 | S29: =SUM(C86:C89) -> 81 | T29: =SUM(D86:D89) -> 41 | U29: =SUM(E86:E89) -> 0 | V29: =SUM(F86:F89) -> 10 | W29: =SUM(G86:G89) -> 0 | X29: =SUM(H86:H89) -> 0 | Y29: =SUM(I86:I89) -> 3 | Z29: =SUM(J86:J89) -> 6 | ... AF29: =SUM(P86:P89) -> 313
B30: 12.00 - 12.15 | C30: 27 | D30: 2 | E30: 1 | F30: 25 | G30: 2 | H30: 1 | I30: 1 | J30: 2 | K30: 0 | L30: 0 | M30: 120 | N30: 0 | O30: =SUM(C30:L30,N30) -> 61 | P30: =SUM(C30:N30) -> 181 | R30: 0300-0400 | S30: =SUM(C90:C93) -> 25 | T30: =SUM(D90:D93) -> 4 | U30: =SUM(E90:E93) -> 6 | V30: =SUM(F90:F93) -> 3 | W30: =SUM(G90:G93) -> 0 | X30: =SUM(H90:H93) -> 0 | Y30: =SUM(I90:I93) -> 0 | Z30: =SUM(J90:J93) -> 7 | ... AF30: =SUM(P90:P93) -> 166
B31: 12.15 - 12.30 | C31: 45 | D31: 1 | E31: 2 | F31: 35 | G31: 1 | H31: 0 | I31: 2 | J31: 0 | K31: 1 | L31: 1 | M31: 130 | N31: 0 | O31: =SUM(C31:L31,N31) -> 88 | P31: =SUM(C31:N31) -> 218 | R31: 0400-0500 | S31: =SUM(C94:C97) -> 40 | T31: =SUM(D94:D97) -> 9 | U31: =SUM(E94:E97) -> 4 | V31: =SUM(F94:F97) -> 9 | W31: =SUM(G94:G97) -> 0 | X31: =SUM(H94:H97) -> 2 | Y31: =SUM(I94:I97) -> 5 | Z31: =SUM(J94:J97) -> 3 | ... AF31: =SUM(P94:P97) -> 140
B32: 12.30 - 12.45 | C32: 30 | D32: 0 | E32: 0 | F32: 29 | G32: 1 | H32: 2 | I32: 0 | J32: 3 | K32: 0 | L32: 0 | M32: 150 | N32: 0 | O32: =SUM(C32:L32,N32) -> 65 | P32: =SUM(C32:N32) -> 215 | R32: 0500-0600 | S32: =SUM(C98:C101) -> 227 | T32: =SUM(D98:D101) -> 148 | U32: =SUM(E98:E101) -> 1 | V32: =SUM(F98:F101) -> 94 | W32: =SUM(G98:G101) -> 0 | X32: =SUM(H98:H101) -> 0 | Y32: =SUM(I98:I101) -> 21 | Z32: =SUM(J98:J101) -> 17 | ... AF32: =SUM(P98:P101) -> 763
B33: 12.45 - 13.00 | C33: 38 | D33: 3 | E33: 2 | F33: 30 | G33: 0 | H33: 0 | I33: 3 | J33: 2 | K33: 1 | L33: 2 | M33: 138 | N33: 0 | O33: =SUM(C33:L33,N33) -> 81 | P33: =SUM(C33:N33) -> 219 | R33: 0600-0700 | S33: =SUM(C102:C105) -> 201 | T33: =SUM(D102:D105) -> 130 | U33: =SUM(E102:E105) -> 19 | V33: =SUM(F102:F105) -> 94 | W33: =SUM(G102:G105) -> 3 | X33: =SUM(H102:H105) -> 3 | Y33: =SUM(I102:I105) -> 28 | Z33: =SUM(J102:J105) -> 28 | ... AF33: =SUM(P102:P105) -> 905
B34: 13.00 - 13.15 | C34: 45 | D34: 1 | E34: 2 | F34: 40 | G34: 5 | H34: 0 | I34: 9 | J34: 2 | K34: 0 | L34: 0 | M34: 145 | N34: 0 | O34: =SUM(C34:L34,N34) -> 104 | P34: =SUM(C34:N34) -> 249 | R34: AM Peak Hr | S34: =MAX(S10:S12) -> 215 | T34: =MAX(T10:T12) -> 52 | U34: =MAX(U10:U12) -> 105 | V34: =MAX(V10:V12) -> 322 | W34: =MAX(W10:W12) -> 15 | X34: =MAX(X10:X12) -> 24 | Y34: =MAX(Y10:Y12) -> 41 | Z34: =MAX(Z10:Z12) -> 13 | ... AF34: =MAX(AF10:AF12) -> 1275
B35: 13.15 - 13.30 | C35: 30 | D35: 2 | E35: 1 | F35: 35 | G35: 0 | H35: 1 | I35: 5 | J35: 0 | K35: 2 | L35: 1 | M35: 160 | N35: 0 | O35: =SUM(C35:L35,N35) -> 77 | P35: =SUM(C35:N35) -> 237 | R35: IP Peak Hr | S35: =MAX(S13:S18) -> 188 | T35: =MAX(T13:T18) -> 79 | U35: =MAX(U13:U18) -> 49 | V35: =MAX(V13:V18) -> 185 | W35: =MAX(W13:W18) -> 18 | X35: =MAX(X13:X18) -> 3 | Y35: =MAX(Y13:Y18) -> 45 | Z35: =MAX(Z13:Z18) -> 15 | ... AF35: =MAX(AF13:AF18) -> 1181
B36: 13.30 - 13.45 | C36: 25 | D36: 0 | E36: 6 | F36: 33 | G36: 3 | H36: 2 | I36: 3 | J36: 1 | K36: 1 | L36: 0 | M36: 140 | N36: 0 | O36: =SUM(C36:L36,N36) -> 74 | P36: =SUM(C36:N36) -> 214 | R36: PM Peak Hr | S36: =MAX(S19:S21) -> 178 | T36: =MAX(T19:T21) -> 32 | U36: =MAX(U19:U21) -> 16 | V36: =MAX(V19:V21) -> 160 | W36: =MAX(W19:W21) -> 11 | X36: =MAX(X19:X21) -> 5 | Y36: =MAX(Y19:Y21) -> 41 | Z36: =MAX(Z19:Z21) -> 7 | ... AF36: =MAX(AF19:AF21) -> 1093
B37: 13.45 - 14.00 | C37: 35 | D37: 1 | E37: 5 | F37: 38 | G37: 0 | H37: 0 | I37: 1 | J37: 0 | K37: 0 | L37: 2 | M37: 125 | N37: 0 | O37: =SUM(C37:L37,N37) -> 82 | P37: =SUM(C37:N37) -> 207 | R37: AM Period | S37: =SUM(S10:S12) -> 448 | T37: =SUM(T10:T12) -> 111 | U37: =SUM(U10:U12) -> 183 | V37: =SUM(V10:V12) -> 677 | W37: =SUM(W10:W12) -> 24 | X37: =SUM(X10:X12) -> 33 | Y37: =SUM(Y10:Y12) -> 89 | Z37: =SUM(Z10:Z12) -> 27 | ... AF37: =SUM(AF10:AF12) -> 2983
B38: 14.00 - 14.15 | C38: 42 | D38: 6 | E38: 2 | F38: 45 | G38: 3 | H38: 1 | I38: 20 | J38: 2 | K38: 1 | L38: 0 | M38: 200 | N38: 0 | O38: =SUM(C38:L38,N38) -> 122 | P38: =SUM(C38:N38) -> 322 | R38: IP Period | S38: =SUM(S13:S18) -> 952 | T38: =SUM(T13:T18) -> 151 | U38: =SUM(U13:U18) -> 99 | V38: =SUM(V13:V18) -> 918 | W38: =SUM(W13:W18) -> 56 | X38: =SUM(X13:X18) -> 15 | Y38: =SUM(Y13:Y18) -> 142 | Z38: =SUM(Z13:Z18) -> 42 | ... AF38: =SUM(AF13:AF18) -> 5933
B39: 14.15 - 14.30 | C39: 35 | D39: 5 | E39: 1 | F39: 30 | G39: 0 | H39: 2 | I39: 11 | J39: 0 | K39: 0 | L39: 2 | M39: 180 | N39: 0 | O39: =SUM(C39:L39,N39) -> 86 | P39: =SUM(C39:N39) -> 266 | R39: PM Period | S39: =SUM(S19:S21) -> 508 | T39: =SUM(T19:T21) -> 68 | U39: =SUM(U19:U21) -> 33 | V39: =SUM(V19:V21) -> 457 | W39: =SUM(W19:W21) -> 26 | X39: =SUM(X19:X21) -> 10 | Y39: =SUM(Y19:Y21) -> 111 | Z39: =SUM(Z19:Z21) -> 15 | ... AF39: =SUM(AF19:AF21) -> 3098
B40: 14.30 - 14.45 | C40: 45 | D40: 2 | E40: 0 | F40: 28 | G40: 2 | H40: 0 | I40: 9 | J40: 4 | K40: 3 | L40: 3 | M40: 193 | N40: 0 | O40: =SUM(C40:L40,N40) -> 96 | P40: =SUM(C40:N40) -> 289 | R40: 12 Hours | S40: =SUM(S10:S21) -> 1908 | T40: =SUM(T10:T21) -> 330 | U40: =SUM(U10:U21) -> 315 | V40: =SUM(V10:V21) -> 2052 | W40: =SUM(W10:W21) -> 106 | X40: =SUM(X10:X21) -> 58 | Y40: =SUM(Y10:Y21) -> 342 | Z40: =SUM(Z10:Z21) -> 84 | ... AF40: =SUM(AF10:AF21) -> 12014
B41: 14.45 - 15.00 | C41: 38 | D41: 12 | E41: 3 | F41: 37 | G41: 4 | H41: 0 | I41: 5 | J41: 0 | K41: 0 | L41: 0 | M41: 205 | N41: 0 | O41: =SUM(C41:L41,N41) -> 99 | P41: =SUM(C41:N41) -> 304 | R41: 24 Hrs/ADT | S41: =SUM(S10:S33) -> 3386 | T41: =SUM(T10:T33) -> 1206 | U41: =SUM(U10:U33) -> 388 | V41: =SUM(V10:V33) -> 2948 | W41: =SUM(W10:W33) -> 173 | X41: =SUM(X10:X33) -> 84 | Y41: =SUM(Y10:Y33) -> 504 | Z41: =SUM(Z10:Z33) -> 221 | ... AF41: =SUM(AF10:AF33) -> 20169
B42: 15.00 - 15.15 | C42: 86 | D42: 13 | E42: 10 | F42: 75 | G42: 2 | H42: 1 | I42: 10 | J42: 5 | K42: 3 | L42: 1 | M42: 180 | N42: 0 | O42: =SUM(C42:L42,N42) -> 206 | P42: =SUM(C42:N42) -> 386 | R42: NEF | S42: =S41/S40 -> 1.7746331 | T42: =T41/T40 -> 3.6545455 | U42: =U41/U40 -> 1.231746 | V42: =V41/V40 -> 1.4366472 | W42: =W41/W40 -> 1.6320755 | X42: =X41/X40 -> 1.4482759 | Y42: =Y41/Y40 -> 1.4736842 | Z42: =Z41/Z40 -> 2.6309524 | ... AF42: =AF41/AF40 -> 1.6787914
B43: 15.15 - 15.30 | C43: 30 | D43: 6 | E43: 3 | F43: 30 | G43: 8 | H43: 0 | I43: 5 | J43: 2 | K43: 2 | L43: 2 | M43: 150 | N43: 0 | O43: =SUM(C43:L43,N43) -> 88 | P43: =SUM(C43:N43) -> 238
B44: 15.30 - 15.45 | C44: 32 | D44: 5 | E44: 2 | F44: 35 | G44: 4 | H44: 1 | I44: 4 | J44: 1 | K44: 0 | L44: 1 | M44: 145 | N44: 0 | O44: =SUM(C44:L44,N44) -> 85 | P44: =SUM(C44:N44) -> 230
B45: 15.45 - 16.00 | C45: 40 | D45: 2 | E45: 4 | F45: 45 | G45: 4 | H45: 1 | I45: 8 | J45: 0 | K45: 1 | L45: 0 | M45: 165 | N45: 0 | O45: =SUM(C45:L45,N45) -> 105 | P45: =SUM(C45:N45) -> 270
B46: 16.00 - 16.15 | C46: 56 | D46: 12 | E46: 3 | F46: 37 | G46: 4 | H46: 0 | I46: 16 | J46: 2 | K46: 1 | L46: 1 | M46: 170 | N46: 0 | O46: =SUM(C46:L46,N46) -> 132 | P46: =SUM(C46:N46) -> 302
B47: 16.15 -16.30 | C47: 30 | D47: 4 | E47: 5 | F47: 35 | G47: 1 | H47: 2 | I47: 9 | J47: 0 | K47: 0 | L47: 0 | M47: 160 | N47: 0 | O47: =SUM(C47:L47,N47) -> 86 | P47: =SUM(C47:N47) -> 246
B48: 16.30 -16.45 | C48: 39 | D48: 9 | E48: 0 | F48: 35 | G48: 0 | H48: 1 | I48: 10 | J48: 2 | K48: 1 | L48: 0 | M48: 155 | N48: 0 | O48: =SUM(C48:L48,N48) -> 97 | P48: =SUM(C48:N48) -> 252
B49: 16.45 -17.00 | C49: 45 | D49: 7 | E49: 1 | F49: 34 | G49: 1 | H49: 2 | I49: 6 | J49: 0 | K49: 0 | L49: 2 | M49: 150 | N49: 0 | O49: =SUM(C49:L49,N49) -> 98 | P49: =SUM(C49:N49) -> 248
B50: 17.00 -17.15 | C50: 46 | D50: 8 | E50: 6 | F50: 27 | G50: 4 | H50: 0 | I50: 11 | J50: 2 | K50: 0 | L50: 1 | M50: 165 | N50: 0 | O50: =SUM(C50:L50,N50) -> 105 | P50: =SUM(C50:N50) -> 270
B51: 17.15 -17.30 | C51: 40 | D51: 7 | E51: 3 | F51: 18 | G51: 2 | H51: 1 | I51: 9 | J51: 0 | K51: 2 | L51: 0 | M51: 150 | N51: 0 | O51: =SUM(C51:L51,N51) -> 82 | P51: =SUM(C51:N51) -> 232
B52: 17.30 -17.45 | C52: 50 | D52: 4 | E52: 3 | F52: 55 | G52: 3 | H52: 2 | I52: 4 | J52: 1 | K52: 1 | L52: 2 | M52: 170 | N52: 0 | O52: =SUM(C52:L52,N52) -> 125 | P52: =SUM(C52:N52) -> 295
B53: 17.45 -18.00 | C53: 42 | D53: 9 | E53: 4 | F53: 60 | G53: 2 | H53: 0 | I53: 10 | J53: 1 | K53: 3 | L53: 0 | M53: 165 | N53: 0 | O53: =SUM(C53:L53,N53) -> 131 | P53: =SUM(C53:N53) -> 296
B54: 18.00 - 18.15 | C54: 55 | D54: 3 | E54: 2 | F54: 30 | G54: 2 | H54: 1 | I54: 9 | J54: 5 | K54: 2 | L54: 1 | M54: 160 | N54: 0 | O54: =SUM(C54:L54,N54) -> 110 | P54: =SUM(C54:N54) -> 270
... B105: 06.45 - 07.00 | C105: 45 | D105: 32 | E105: 8 | F105: 30 | G105: 0 | H105: 0 | I105: 8 | J105: 2 | K105: 1 | L105: 2 | M105: 105 | N105: 0 | O105: =SUM(C105:L105,N105) -> 128 | P105: =SUM(C105:N105) -> 233
B106: Totals | C106: =SUM(C10:C105) -> 3386 | D106: =SUM(D10:D105) -> 1206 | E106: =SUM(E10:E105) -> 388 | F106: =SUM(F10:F105) -> 2948 | G106: =SUM(G10:G105) -> 173 | H106: =SUM(H10:H105) -> 84 | I106: =SUM(I10:I105) -> 504 | J106: =SUM(J10:J105) -> 221 | ... P106: =SUM(P10:P105) -> 20169
B107: %ges + MCs | C107: =C106/$P$106 -> 0.1678814 | D107: =D106/$P$106 -> 0.059794734 | E107: =E106/$P$106 -> 0.019237444 | F107: =F106/$P$106 -> 0.14616491 | G107: =G106/$P$106 -> 0.00857752 | H107: =H106/$P$106 -> 0.0041648074 | I107: =I106/$P$106 -> 0.024988844 | J107: =J106/$P$106 -> 0.01095741 | ... N107: =N106/$P$106 -> 0.0004958104
B108: %ges w/o MCs | C108: =C106/$O$106 -> 0.37414365 | D108: =D106/$O$106 -> 0.13325967 | E108: =E106/$O$106 -> 0.042872928 | F108: =F106/$O$106 -> 0.32574586 | G108: =G106/$O$106 -> 0.019116022 | H108: =H106/$O$106 -> 0.009281768 | I108: =I106/$O$106 -> 0.055690608 | J108: =J106/$O$106 -> 0.02441989 | ... L108: =L106/$O$106 -> 0.010055249 | N108: =N106/$O$106 -> 0.0011049724

Sheet 28.07 Kalerwe-Kampala
B1: Consultancy services for Preparation of Expressway Development Master Plan (EDMP) for Uganda
B2: MANUAL CLASSIFIED COUNT (MCC)
B3: ROAD NAME: | C3: ='22.07 Kalerwe-Kampala'!C3:G3 -> MCC - C1 - STN24 GAYAZA ROAD
C5: Date | D5: 28.07.19 | F5: Location | G5: ='27.07 Kampala-Kalerwe-24h'!G5:H5 -> Wandegeya | J5: Surveyor | K5: Mbabazi
C6: Dir. From | D6: ='22.07 Kalerwe-Kampala'!D6:E6 -> Kalewre | F6: Dir. To | G6: ='22.07 Kalerwe-Kampala'!G6:H6 -> Kampala | J6: Supervisor | K6: ='27.07 Kampala-Kalerwe-24h'!K6:L6 -> Lawrence
B8: Time / Veh Type | R8: SUMMARY TRAFFIC VOLUMES
C9: 1. Car | D9: 2. Station Wagon | E9: 3. Pickups | F9: 4. Minibus, matatu | G9: 5. Medium bus | H9: 6. Large Bus | I9: 7. Light Truck | J9: 8. Medium Truck | K9: 9. Heavy truck | L9: 10. Truck Trailer | M9: 11. Motor cycles | N9: 12. Tractors | O9: Total Excl M/Cycles | P9: Total All | R9: Time | S9: 1. Car | T9: 2. Station Wagon | U9: 3. Pickups | V9: 4. Minibus, matatu | W9: 5. Medium bus | X9: 6. Large Bus | Y9: 7. Light Truck | Z9: 8. Medium Truck | AA9: 9. Heavy truck | AB9: 10. Truck Trailer | AC9: 11. Motorcycles | AD9: 12. Tractors, Graders | AE9: Total Excl M/ Cycles | AF9: Total All
B10: 07.00 - 07.15 | C10: 35 | D10: 7 | E10: 1 | F10: 70 | G10: 1 | H10: 0 | I10: 6 | J10: 4 | K10: 0 | L10: 0 | M10: 215 | N10: 0 | O10: =SUM(C10:L10,N10) -> 124 | P10: =SUM(C10:N10) -> 339 | R10: 0700-0800 | S10: =SUM(C10:C13) -> 113 | T10: =SUM(D10:D13) -> 29 | U10: =SUM(E10:E13) -> 2 | V10: =SUM(F10:F13) -> 198 | W10: =SUM(G10:G13) -> 4 | X10: =SUM(H10:H13) -> 0 | Y10: =SUM(I10:I13) -> 19 | Z10: =SUM(J10:J13) -> 8 | ... AF10: =SUM(P10:P13) -> 1089
B11: 07.15 - 07.30 | C11: 20 | D11: 6 | E11: 0 | F11: 42 | G11: 2 | H11: 0 | I11: 8 | J11: 3 | K11: 0 | L11: 0 | M11: 155 | N11: 0 | O11: =SUM(C11:L11,N11) -> 81 | P11: =SUM(C11:N11) -> 236 | R11: 0800-0900 | S11: =SUM(C14:C17) -> 158 | T11: =SUM(D14:D17) -> 37 | U11: =SUM(E14:E17) -> 16 | V11: =SUM(F14:F17) -> 235 | W11: =SUM(G14:G17) -> 0 | X11: =SUM(H14:H17) -> 2 | Y11: =SUM(I14:I17) -> 26 | Z11: =SUM(J14:J17) -> 9 | ... AF11: =SUM(P14:P17) -> 1298
B12: 07.30 - 07.45 | C12: 30 | D12: 4 | E12: 0 | F12: 40 | G12: 1 | H12: 0 | I12: 1 | J12: 1 | K12: 1 | L12: 0 | M12: 115 | N12: 0 | O12: =SUM(C12:L12,N12) -> 78 | P12: =SUM(C12:N12) -> 193 | R12: 0900-1000 | S12: =SUM(C18:C21) -> 262 | T12: =SUM(D18:D21) -> 50 | U12: =SUM(E18:E21) -> 18 | V12: =SUM(F18:F21) -> 342 | W12: =SUM(G18:G21) -> 12 | X12: =SUM(H18:H21) -> 0 | Y12: =SUM(I18:I21) -> 41 | Z12: =SUM(J18:J21) -> 1 | ... AF12: =SUM(P18:P21) -> 1501
B13: 07.45 - 08.00 | C13: 28 | D13: 12 | E13: 1 | F13: 46 | G13: 0 | H13: 0 | I13: 4 | J13: 0 | K13: 0 | L13: 0 | M13: 230 | N13: 0 | O13: =SUM(C13:L13,N13) -> 91 | P13: =SUM(C13:N13) -> 321 | R13: 1000-1100 | S13: =SUM(C22:C25) -> 264 | T13: =SUM(D22:D25) -> 81 | U13: =SUM(E22:E25) -> 20 | V13: =SUM(F22:F25) -> 235 | W13: =SUM(G22:G25) -> 4 | X13: =SUM(H22:H25) -> 1 | Y13: =SUM(I22:I25) -> 51 | Z13: =SUM(J22:J25) -> 8 | ... AF13: =SUM(P22:P25) -> 1279
B14: 08.00 - 08.15 | C14: 28 | D14: 7 | E14: 2 | F14: 68 | G14: 0 | H14: 0 | I14: 7 | J14: 4 | K14: 0 | L14: 0 | M14: 235 | N14: 0 | O14: =SUM(C14:L14,N14) -> 116 | P14: =SUM(C14:N14) -> 351 | R14: 1100-1200 | S14: =SUM(C26:C29) -> 337 | T14: =SUM(D26:D29) -> 123 | U14: =SUM(E26:E29) -> 24 | V14: =SUM(F26:F29) -> 244 | W14: =SUM(G26:G29) -> 8 | X14: =SUM(H26:H29) -> 4 | Y14: =SUM(I26:I29) -> 31 | Z14: =SUM(J26:J29) -> 6 | ... AF14: =SUM(P26:P29) -> 1427
B15: 08.15 - 08.30 | C15: 35 | D15: 7 | E15: 6 | F15: 59 | G15: 0 | H15: 1 | I15: 7 | J15: 0 | K15: 0 | L15: 0 | M15: 145 | N15: 0 | O15: =SUM(C15:L15,N15) -> 115 | P15: =SUM(C15:N15) -> 260 | R15: 1200-1300 | S15: =SUM(C30:C33) -> 203 | T15: =SUM(D30:D33) -> 77 | U15: =SUM(E30:E33) -> 25 | V15: =SUM(F30:F33) -> 190 | W15: =SUM(G30:G33) -> 6 | X15: =SUM(H30:H33) -> 0 | Y15: =SUM(I30:I33) -> 31 | Z15: =SUM(J30:J33) -> 8 | ... AF15: =SUM(P30:P33) -> 1075
B16: 08.30 - 08.45 | C16: 35 | D16: 8 | E16: 5 | F16: 50 | G16: 0 | H16: 1 | I16: 2 | J16: 2 | K16: 0 | L16: 0 | M16: 240 | N16: 0 | O16: =SUM(C16:L16,N16) -> 103 | P16: =SUM(C16:N16) -> 343 | R16: 1300-1400 | S16: =SUM(C34:C37) -> 285 | T16: =SUM(D34:D37) -> 31 | U16: =SUM(E34:E37) -> 23 | V16: =SUM(F34:F37) -> 200 | W16: =SUM(G34:G37) -> 12 | X16: =SUM(H34:H37) -> 14 | Y16: =SUM(I34:I37) -> 45 | Z16: =SUM(J34:J37) -> 10 | ... AF16: =SUM(P34:P37) -> 1233
B17: 08.45 - 9.00 | C17: 60 | D17: 15 | E17: 3 | F17: 58 | G17: 0 | H17: 0 | I17: 10 | J17: 3 | K17: 0 | L17: 0 | M17: 195 | N17: 0 | O17: =SUM(C17:L17,N17) -> 149 | P17: =SUM(C17:N17) -> 344 | R17: 1400-1500 | S17: =SUM(C38:C41) -> 340 | T17: =SUM(D38:D41) -> 69 | U17: =SUM(E38:E41) -> 34 | V17: =SUM(F38:F41) -> 255 | W17: =SUM(G38:G41) -> 3 | X17: =SUM(H38:H41) -> 0 | Y17: =SUM(I38:I41) -> 51 | Z17: =SUM(J38:J41) -> 6 | ... AF17: =SUM(P38:P41) -> 1483
B18: 09.00 - 09.15 | C18: 47 | D18: 12 | E18: 2 | F18: 60 | G18: 2 | H18: 0 | I18: 6 | J18: 1 | K18: 0 | L18: 0 | M18: 235 | N18: 0 | O18: =SUM(C18:L18,N18) -> 130 | P18: =SUM(C18:N18) -> 365 | R18: 1500-1600 | S18: =SUM(C42:C45) -> 191 | T18: =SUM(D42:D45) -> 72 | U18: =SUM(E42:E45) -> 19 | V18: =SUM(F42:F45) -> 141 | W18: =SUM(G42:G45) -> 3 | X18: =SUM(H42:H45) -> 0 | Y18: =SUM(I42:I45) -> 31 | Z18: =SUM(J42:J45) -> 1 | ... AF18: =SUM(P42:P45) -> 1023
B19: 09.15 - 09.30 | C19: 57 | D19: 13 | E19: 5 | F19: 47 | G19: 2 | H19: 0 | I19: 8 | J19: 0 | K19: 0 | L19: 0 | M19: 190 | N19: 0 | O19: =SUM(C19:L19,N19) -> 132 | P19: =SUM(C19:N19) -> 322 | R19: 1600-1700 | S19: =SUM(C46:C49) -> 295 | T19: =SUM(D46:D49) -> 112 | U19: =SUM(E46:E49) -> 13 | V19: =SUM(F46:F49) -> 235 | W19: =SUM(G46:G49) -> 5 | X19: =SUM(H46:H49) -> 0 | Y19: =SUM(I46:I49) -> 31 | Z19: =SUM(J46:J49) -> 0 | ... AF19: =SUM(P46:P49) -> 1286
B20: 09.30 - 09.45 | C20: 63 | D20: 10 | E20: 3 | F20: 160 | G20: 1 | H20: 0 | I20: 12 | J20: 0 | K20: 0 | L20: 0 | M20: 195 | N20: 0 | O20: =SUM(C20:L20,N20) -> 249 | P20: =SUM(C20:N20) -> 444 | R20: 1700-1800 | S20: =SUM(C50:C53) -> 210 | T20: =SUM(D50:D53) -> 54 | U20: =SUM(E50:E53) -> 10 | V20: =SUM(F50:F53) -> 159 | W20: =SUM(G50:G53) -> 2 | X20: =SUM(H50:H53) -> 0 | Y20: =SUM(I50:I53) -> 15 | Z20: =SUM(J50:J53) -> 5 | ... AF20: =SUM(P50:P53) -> 1166
B21: 09.45 - 10.00 | C21: 95 | D21: 15 | E21: 8 | F21: 75 | G21: 7 | H21: 0 | I21: 15 | J21: 0 | K21: 0 | L21: 0 | M21: 155 | N21: 0 | O21: =SUM(C21:L21,N21) -> 215 | P21: =SUM(C21:N21) -> 370 | R21: 1800-1900 | S21: =SUM(C54:C57) -> 129 | T21: =SUM(D54:D57) -> 37 | U21: =SUM(E54:E57) -> 9 | V21: =SUM(F54:F57) -> 190 | W21: =SUM(G54:G57) -> 7 | X21: =SUM(H54:H57) -> 3 | Y21: =SUM(I54:I57) -> 13 | Z21: =SUM(J54:J57) -> 2 | ... AF21: =SUM(P54:P57) -> 950
B22: 10.00 - 10.15 | C22: 57 | D22: 20 | E22: 9 | F22: 42 | G22: 0 | H22: 0 | I22: 6 | J22: 2 | K22: 0 | L22: 0 | M22: 130 | N22: 0 | O22: =SUM(C22:L22,N22) -> 136 | P22: =SUM(C22:N22) -> 266 | R22: AM Peak Hr | S22: =MAX(S10:S12) -> 262 | T22: =MAX(T10:T12) -> 50 | U22: =MAX(U10:U12) -> 18 | V22: =MAX(V10:V12) -> 342 | W22: =MAX(W10:W12) -> 12 | X22: =MAX(X10:X12) -> 2 | Y22: =MAX(Y10:Y12) -> 41 | Z22: =MAX(Z10:Z12) -> 9 | ... AF22: =MAX(AF10:AF12) -> 1501
B23: 10.15 - 10.30 | C23: 58 | D23: 19 | E23: 3 | F23: 50 | G23: 1 | H23: 1 | I23: 8 | J23: 3 | K23: 0 | L23: 0 | M23: 145 | N23: 0 | O23: =SUM(C23:L23,N23) -> 143 | P23: =SUM(C23:N23) -> 288 | R23: IP Peak Hr | S23: =MAX(S13:S18) -> 340 | T23: =MAX(T13:T18) -> 123 | U23: =MAX(U13:U18) -> 34 | V23: =MAX(V13:V18) -> 255 | W23: =MAX(W13:W18) -> 12 | X23: =MAX(X13:X18) -> 14 | Y23: =MAX(Y13:Y18) -> 51 | Z23: =MAX(Z13:Z18) -> 10 | ... AF23: =MAX(AF13:AF18) -> 1483
B24: 10.30 - 10.45 | C24: 65 | D24: 18 | E24: 5 | F24: 70 | G24: 0 | H24: 0 | I24: 7 | J24: 1 | K24: 0 | L24: 0 | M24: 190 | N24: 0 | O24: =SUM(C24:L24,N24) -> 166 | P24: =SUM(C24:N24) -> 356 | R24: PM Peak Hr | S24: =MAX(S19:S21) -> 295 | T24: =MAX(T19:T21) -> 112 | U24: =MAX(U19:U21) -> 13 | V24: =MAX(V19:V21) -> 235 | W24: =MAX(W19:W21) -> 7 | X24: =MAX(X19:X21) -> 3 | Y24: =MAX(Y19:Y21) -> 31 | Z24: =MAX(Z19:Z21) -> 5 | ... AF24: =MAX(AF19:AF21) -> 1286
B25: 10.45 - 11.00 | C25: 84 | D25: 24 | E25: 3 | F25: 73 | G25: 3 | H25: 0 | I25: 30 | J25: 2 | K25: 0 | L25: 0 | M25: 150 | N25: 0 | O25: =SUM(C25:L25,N25) -> 219 | P25: =SUM(C25:N25) -> 369 | R25: AM Period | S25: =SUM(S10:S12) -> 533 | T25: =SUM(T10:T12) -> 116 | U25: =SUM(U10:U12) -> 36 | V25: =SUM(V10:V12) -> 775 | W25: =SUM(W10:W12) -> 16 | X25: =SUM(X10:X12) -> 2 | Y25: =SUM(Y10:Y12) -> 86 | Z25: =SUM(Z10:Z12) -> 18 | ... AF25: =SUM(AF10:AF12) -> 3888
B26: 11.00 - 11.15 | C26: 80 | D26: 30 | E26: 10 | F26: 60 | G26: 5 | H26: 1 | I26: 4 | J26: 0 | K26: 0 | L26: 0 | M26: 160 | N26: 0 | O26: =SUM(C26:L26,N26) -> 190 | P26: =SUM(C26:N26) -> 350 | R26: IP Period | S26: =SUM(S13:S18) -> 1620 | T26: =SUM(T13:T18) -> 453 | U26: =SUM(U13:U18) -> 145 | V26: =SUM(V13:V18) -> 1265 | W26: =SUM(W13:W18) -> 36 | X26: =SUM(X13:X18) -> 19 | Y26: =SUM(Y13:Y18) -> 240 | Z26: =SUM(Z13:Z18) -> 39 | ... AF26: =SUM(AF13:AF18) -> 7520
B27: 11.15 - 11.30 | C27: 107 | D27: 13 | E27: 2 | F27: 45 | G27: 0 | H27: 1 | I27: 2 | J27: 2 | K27: 0 | L27: 0 | M27: 190 | N27: 0 | O27: =SUM(C27:L27,N27) -> 172 | P27: =SUM(C27:N27) -> 362 | R27: PM Period | S27: =SUM(S19:S21) -> 634 | T27: =SUM(T19:T21) -> 203 | U27: =SUM(U19:U21) -> 32 | V27: =SUM(V19:V21) -> 584 | W27: =SUM(W19:W21) -> 14 | X27: =SUM(X19:X21) -> 3 | Y27: =SUM(Y19:Y21) -> 59 | Z27: =SUM(Z19:Z21) -> 7 | ... AF27: =SUM(AF19:AF21) -> 3402
B28: 11.30 - 11.45 | C28: 75 | D28: 57 | E28: 8 | F28: 69 | G28: 3 | H28: 2 | I28: 11 | J28: 4 | K28: 0 | L28: 0 | M28: 135 | N28: 0 | O28: =SUM(C28:L28,N28) -> 229 | P28: =SUM(C28:N28) -> 364 | R28: 12 Hours | S28: =SUM(S10:S21) -> 2787 | T28: =SUM(T10:T21) -> 772 | U28: =SUM(U10:U21) -> 213 | V28: =SUM(V10:V21) -> 2624 | W28: =SUM(W10:W21) -> 66 | X28: =SUM(X10:X21) -> 24 | Y28: =SUM(Y10:Y21) -> 385 | Z28: =SUM(Z10:Z21) -> 64 | ... AF28: =SUM(AF10:AF21) -> 14810
B29: 11.45 - 12.00 | C29: 75 | D29: 23 | E29: 4 | F29: 70 | G29: 0 | H29: 0 | I29: 14 | J29: 0 | K29: 0 | L29: 0 | M29: 165 | N29: 0 | O29: =SUM(C29:L29,N29) -> 186 | P29: =SUM(C29:N29) -> 351
B30: 12.00 - 12.15 | C30: 45 | D30: 8 | E30: 4 | F30: 29 | G30: 0 | H30: 0 | I30: 2 | J30: 1 | K30: 0 | L30: 0 | M30: 130 | N30: 0 | O30: =SUM(C30:L30,N30) -> 89 | P30: =SUM(C30:N30) -> 219
B31: 12.15 - 12.30 | C31: 39 | D31: 14 | E31: 2 | F31: 43 | G31: 0 | H31: 0 | I31: 2 | J31: 1 | K31: 0 | L31: 0 | M31: 145 | N31: 0 | O31: =SUM(C31:L31,N31) -> 101 | P31: =SUM(C31:N31) -> 246
B32: 12.30 - 12.45 | C32: 59 | D32: 23 | E32: 14 | F32: 63 | G32: 4 | H32: 0 | I32: 13 | J32: 4 | K32: 0 | L32: 0 | M32: 135 | N32: 0 | O32: =SUM(C32:L32,N32) -> 180 | P32: =SUM(C32:N32) -> 315
B33: 12.45 - 13.00 | C33: 60 | D33: 32 | E33: 5 | F33: 55 | G33: 2 | H33: 0 | I33: 14 | J33: 2 | K33: 0 | L33: 0 | M33: 125 | N33: 0 | O33: =SUM(C33:L33,N33) -> 170 | P33: =SUM(C33:N33) -> 295
B34: 13.00 - 13.15 | C34: 65 | D34: 17 | E34: 10 | F34: 60 | G34: 4 | H34: 1 | I34: 18 | J34: 4 | K34: 0 | L34: 0 | M34: 160 | N34: 0 | O34: =SUM(C34:L34,N34) -> 179 | P34: =SUM(C34:N34) -> 339
B35: 13.15 - 13.30 | C35: 65 | D35: 2 | E35: 4 | F35: 60 | G35: 7 | H35: 0 | I35: 11 | J35: 0 | K35: 0 | L35: 0 | M35: 125 | N35: 0 | O35: =SUM(C35:L35,N35) -> 149 | P35: =SUM(C35:N35) -> 274
B36: 13.30 - 13.45 | C36: 70 | D36: 7 | E36: 5 | F36: 50 | G36: 1 | H36: 0 | I36: 4 | J36: 5 | K36: 1 | L36: 2 | M36: 165 | N36: 0 | O36: =SUM(C36:L36,N36) -> 145 | P36: =SUM(C36:N36) -> 310
B37: 13.45 - 14.00 | C37: 85 | D37: 5 | E37: 4 | F37: 30 | G37: 0 | H37: 13 | I37: 12 | J37: 1 | K37: 0 | L37: 0 | M37: 160 | N37: 0 | O37: =SUM(C37:L37,N37) -> 150 | P37: =SUM(C37:N37) -> 310
B38: 14.00 - 14.15 | C38: 75 | D38: 19 | E38: 11 | F38: 85 | G38: 2 | H38: 0 | I38: 15 | J38: 5 | K38: 0 | L38: 0 | M38: 230 | N38: 0 | O38: =SUM(C38:L38,N38) -> 212 | P38: =SUM(C38:N38) -> 442
B39: 14.15 - 14.30 | C39: 110 | D39: 9 | E39: 5 | F39: 65 | G39: 0 | H39: 0 | I39: 9 | J39: 1 | K39: 0 | L39: 0 | M39: 175 | N39: 0 | O39: =SUM(C39:L39,N39) -> 199 | P39: =SUM(C39:N39) -> 374
B40: 14.30 - 14.45 | C40: 75 | D40: 32 | E40: 3 | F40: 55 | G40: 0 | H40: 0 | I40: 20 | J40: 0 | K40: 0 | L40: 0 | M40: 180 | N40: 0 | O40: =SUM(C40:L40,N40) -> 185 | P40: =SUM(C40:N40) -> 365
... B57: 18.45 - 19.00 | C57: 45 | D57: 8 | E57: 4 | F57: 65 | G57: 3 | H57: 1 | I57: 3 | J57: 2 | K57: 0 | L57: 0 | M57: 150 | N57: 0 | O57: =SUM(C57:L57,N57) -> 131 | P57: =SUM(C57:N57) -> 281
