Workbook

Sheet 23.09 Bukasa-Wakiso
B1: Consultancy services for Preparation of Expressway Development Master Plan (EDMP) for Uganda
B2: MANUAL CLASSIFIED COUNT (MCC)
B3: ROAD NAME: | C3: MCC - C2 - STN0-64- BUKASA-WAKISO ROAD
C5: Date | D5: 23.09.19 | F5: Location | G5: Wakiso Junior Sch. | J5: Surveyor | K5: Farida
C6: Dir. From | D6: Bukasa | F6: Dir. To | G6: Wakiso | J6: Supervisor | K6: Nusurah
B8: Time / Veh Type | R8: SUMMARY TRAFFIC VOLUMES
C9: 1. Car | D9: 2. Station Wagon | E9: 3. Pickups | F9: 4. Minibus, matatu | G9: 5. Medium bus | H9: 6. Large Bus | I9: 7. Light Truck | J9: 8. Medium Truck | K9: 9. Heavy truck | L9: 10. Truck Trailer | M9: 11. Motor cycles | N9: 12. Tractors | O9: Total Excl M/Cycles | P9: Total All | R9: Time | S9: 1. Car | T9: 2. Station Wagon | U9: 3. Pickups | V9: 4. Minibus, matatu | W9: 5. Medium bus | X9: 6. Large Bus | Y9: 7. Light Truck | Z9: 8. Medium Truck | AA9: 9. Heavy truck | AB9: 10. Truck Trailer | AC9: 11. Motorcycles | AD9: 12. Tractors, Graders | AE9: Total Excl M/ Cycles | AF9: Total All
B10: 07.00 - 07.15 | C10: 6 | D10: 5 | E10: 6 | F10: 0 | G10: 1 | H10: 0 | I10: 2 | J10: 0 | K10: 0 | L10: 0 | M10: 19 | N10: 0 | O10: =SUM(C10:L10,N10) -> 20 | P10: =SUM(C10:N10) -> 39 | R10: 0700-0800 | S10: =SUM(C10:C13) -> 24 | T10: =SUM(D10:D13) -> 16 | U10: =SUM(E10:E13) -> 11 | V10: =SUM(F10:F13) -> 3 | W10: =SUM(G10:G13) -> 2 | X10: =SUM(H10:H13) -> 0 | Y10: =SUM(I10:I13) -> 4 | Z10: =SUM(J10:J13) -> 2 | ... AF10: =SUM(P10:P13) -> 156
B11: 07.15 - 07.30 | C11: 4 | D11: 3 | E11: 2 | F11: 0 | G11: 0 | H11: 0 | I11: 0 | J11: 0 | K11: 0 | L11: 0 | M11: 17 | N11: 0 | O11: =SUM(C11:L11,N11) -> 9 | P11: =SUM(C11:N11) -> 26 | R11: 0800-0900 | S11: =SUM(C14:C17) -> 30 | T11: =SUM(D14:D17) -> 17 | U11: =SUM(E14:E17) -> 5 | V11: =SUM(F14:F17) -> 2 | W11: =SUM(G14:G17) -> 1 | X11: =SUM(H14:H17) -> 1 | Y11: =SUM(I14:I17) -> 2 | Z11: =SUM(J14:J17) -> 1 | ... AF11: =SUM(P14:P17) -> 144
B12: 07.30 - 07.45 | C12: 8 | D12: 2 | E12: 1 | F12: 2 | G12: 1 | H12: 0 | I12: 1 | J12: 2 | K12: 0 | L12: 0 | M12: 28 | N12: 0 | O12: =SUM(C12:L12,N12) -> 17 | P12: =SUM(C12:N12) -> 45 | R12: 0900-1000 | S12: =SUM(C18:C21) -> 18 | T12: =SUM(D18:D21) -> 20 | U12: =SUM(E18:E21) -> 1 | V12: =SUM(F18:F21) -> 3 | W12: =SUM(G18:G21) -> 0 | X12: =SUM(H18:H21) -> 0 | Y12: =SUM(I18:I21) -> 5 | Z12: =SUM(J18:J21) -> 0 | ... AF12: =SUM(P18:P21) -> 118
B13: 07.45 - 08.00 | C13: 6 | D13: 6 | E13: 2 | F13: 1 | G13: 0 | H13: 0 | I13: 1 | J13: 0 | K13: 0 | L13: 0 | M13: 30 | N13: 0 | O13: =SUM(C13:L13,N13) -> 16 | P13: =SUM(C13:N13) -> 46 | R13: 1000-1100 | S13: =SUM(C22:C25) -> 22 | T13: =SUM(D22:D25) -> 19 | U13: =SUM(E22:E25) -> 2 | V13: =SUM(F22:F25) -> 0 | W13: =SUM(G22:G25) -> 0 | X13: =SUM(H22:H25) -> 0 | Y13: =SUM(I22:I25) -> 6 | Z13: =SUM(J22:J25) -> 2 | ... AF13: =SUM(P22:P25) -> 110
B14: 08.00 - 08.15 | C14: 3 | D14: 4 | E14: 1 | F14: 0 | G14: 0 | H14: 0 | I14: 1 | J14: 0 | K14: 0 | L14: 0 | M14: 35 | N14: 0 | O14: =SUM(C14:L14,N14) -> 9 | P14: =SUM(C14:N14) -> 44 | R14: 1100-1200 | S14: =SUM(C26:C29) -> 22 | T14: =SUM(D26:D29) -> 13 | U14: =SUM(E26:E29) -> 2 | V14: =SUM(F26:F29) -> 3 | W14: =SUM(G26:G29) -> 0 | X14: =SUM(H26:H29) -> 0 | Y14: =SUM(I26:I29) -> 11 | Z14: =SUM(J26:J29) -> 0 | ... AF14: =SUM(P26:P29) -> 115
B15: 08.15 - 08.30 | C15: 4 | D15: 4 | E15: 2 | F15: 1 | G15: 0 | H15: 0 | I15: 0 | J15: 1 | K15: 0 | L15: 0 | M15: 13 | N15: 0 | O15: =SUM(C15:L15,N15) -> 12 | P15: =SUM(C15:N15) -> 25 | R15: 1200-1300 | S15: =SUM(C30:C33) -> 17 | T15: =SUM(D30:D33) -> 14 | U15: =SUM(E30:E33) -> 7 | V15: =SUM(F30:F33) -> 1 | W15: =SUM(G30:G33) -> 0 | X15: =SUM(H30:H33) -> 0 | Y15: =SUM(I30:I33) -> 5 | Z15: =SUM(J30:J33) -> 2 | ... AF15: =SUM(P30:P33) -> 105
B16: 08.30 - 08.45 | C16: 15 | D16: 4 | E16: 1 | F16: 0 | G16: 0 | H16: 0 | I16: 1 | J16: 0 | K16: 0 | L16: 0 | M16: 2 | N16: 0 | O16: =SUM(C16:L16,N16) -> 21 | P16: =SUM(C16:N16) -> 23 | R16: 1300-1400 | S16: =SUM(C34:C37) -> 16 | T16: =SUM(D34:D37) -> 11 | U16: =SUM(E34:E37) -> 6 | V16: =SUM(F34:F37) -> 0 | W16: =SUM(G34:G37) -> 0 | X16: =SUM(H34:H37) -> 0 | Y16: =SUM(I34:I37) -> 3 | Z16: =SUM(J34:J37) -> 2 | ... AF16: =SUM(P34:P37) -> 105
B17: 08.45 - 9.00 | C17: 8 | D17: 5 | E17: 1 | F17: 1 | G17: 1 | H17: 1 | I17: 0 | J17: 0 | K17: 0 | L17: 0 | M17: 35 | N17: 0 | O17: =SUM(C17:L17,N17) -> 17 | P17: =SUM(C17:N17) -> 52 | R17: 1400-1500 | S17: =SUM(C38:C41) -> 12 | T17: =SUM(D38:D41) -> 8 | U17: =SUM(E38:E41) -> 4 | V17: =SUM(F38:F41) -> 2 | W17: =SUM(G38:G41) -> 0 | X17: =SUM(H38:H41) -> 0 | Y17: =SUM(I38:I41) -> 9 | Z17: =SUM(J38:J41) -> 3 | ... AF17: =SUM(P38:P41) -> 98
B18: 09.00 - 09.15 | C18: 6 | D18: 6 | E18: 0 | F18: 1 | G18: 0 | H18: 0 | I18: 2 | J18: 0 | K18: 0 | L18: 0 | M18: 18 | N18: 0 | O18: =SUM(C18:L18,N18) -> 15 | P18: =SUM(C18:N18) -> 33 | R18: 1500-1600 | S18: =SUM(C42:C45) -> 17 | T18: =SUM(D42:D45) -> 10 | U18: =SUM(E42:E45) -> 5 | V18: =SUM(F42:F45) -> 1 | W18: =SUM(G42:G45) -> 0 | X18: =SUM(H42:H45) -> 0 | Y18: =SUM(I42:I45) -> 6 | Z18: =SUM(J42:J45) -> 1 | ... AF18: =SUM(P42:P45) -> 71
B19: 09.15 - 09.30 | C19: 6 | D19: 3 | E19: 0 | F19: 0 | G19: 0 | H19: 0 | I19: 2 | J19: 0 | K19: 0 | L19: 0 | M19: 18 | N19: 0 | O19: =SUM(C19:L19,N19) -> 11 | P19: =SUM(C19:N19) -> 29 | R19: 1600-1700 | S19: =SUM(C46:C49) -> 11 | T19: =SUM(D46:D49) -> 10 | U19: =SUM(E46:E49) -> 2 | V19: =SUM(F46:F49) -> 14 | W19: =SUM(G46:G49) -> 1 | X19: =SUM(H46:H49) -> 0 | Y19: =SUM(I46:I49) -> 5 | Z19: =SUM(J46:J49) -> 3 | ... AF19: =SUM(P46:P49) -> 113
B20: 09.30 - 09.45 | C20: 2 | D20: 3 | E20: 0 | F20: 1 | G20: 0 | H20: 0 | I20: 1 | J20: 0 | K20: 0 | L20: 0 | M20: 17 | N20: 0 | O20: =SUM(C20:L20,N20) -> 7 | P20: =SUM(C20:N20) -> 24 | R20: 1700-1800 | S20: =SUM(C50:C53) -> 15 | T20: =SUM(D50:D53) -> 13 | U20: =SUM(E50:E53) -> 4 | V20: =SUM(F50:F53) -> 6 | W20: =SUM(G50:G53) -> 3 | X20: =SUM(H50:H53) -> 0 | Y20: =SUM(I50:I53) -> 10 | Z20: =SUM(J50:J53) -> 0 | ... AF20: =SUM(P50:P53) -> 115
B21: 09.45 - 10.00 | C21: 4 | D21: 8 | E21: 1 | F21: 1 | G21: 0 | H21: 0 | I21: 0 | J21: 0 | K21: 0 | L21: 0 | M21: 18 | N21: 0 | O21: =SUM(C21:L21,N21) -> 14 | P21: =SUM(C21:N21) -> 32 | R21: 1800-1900 | S21: =SUM(C54:C57) -> 14 | T21: =SUM(D54:D57) -> 18 | U21: =SUM(E54:E57) -> 3 | V21: =SUM(F54:F57) -> 8 | W21: =SUM(G54:G57) -> 1 | X21: =SUM(H54:H57) -> 3 | Y21: =SUM(I54:I57) -> 8 | Z21: =SUM(J54:J57) -> 1 | ... AF21: =SUM(P54:P57) -> 102
B22: 10.00 - 10.15 | C22: 3 | D22: 5 | E22: 0 | F22: 0 | G22: 0 | H22: 0 | I22: 2 | J22: 0 | K22: 0 | L22: 0 | M22: 13 | N22: 0 | O22: =SUM(C22:L22,N22) -> 10 | P22: =SUM(C22:N22) -> 23 | R22: AM Peak Hr | S22: =MAX(S10:S12) -> 30 | T22: =MAX(T10:T12) -> 20 | U22: =MAX(U10:U12) -> 11 | V22: =MAX(V10:V12) -> 3 | W22: =MAX(W10:W12) -> 2 | X22: =MAX(X10:X12) -> 1 | Y22: =MAX(Y10:Y12) -> 5 | Z22: =MAX(Z10:Z12) -> 2 | ... AF22: =MAX(AF10:AF12) -> 156
B23: 10.15 - 10.30 | C23: 6 | D23: 0 | E23: 0 | F23: 0 | G23: 0 | H23: 0 | I23: 0 | J23: 1 | K23: 0 | L23: 0 | M23: 13 | N23: 0 | O23: =SUM(C23:L23,N23) -> 7 | P23: =SUM(C23:N23) -> 20 | R23: IP Peak Hr | S23: =MAX(S13:S18) -> 22 | T23: =MAX(T13:T18) -> 19 | U23: =MAX(U13:U18) -> 7 | V23: =MAX(V13:V18) -> 3 | W23: =MAX(W13:W18) -> 0 | X23: =MAX(X13:X18) -> 0 | Y23: =MAX(Y13:Y18) -> 11 | Z23: =MAX(Z13:Z18) -> 3 | ... AF23: =MAX(AF13:AF18) -> 115
B24: 10.30 - 10.45 | C24: 8 | D24: 8 | E24: 1 | F24: 0 | G24: 0 | H24: 0 | I24: 3 | J24: 1 | K24: 0 | L24: 0 | M24: 20 | N24: 0 | O24: =SUM(C24:L24,N24) -> 21 | P24: =SUM(C24:N24) -> 41 | R24: PM Peak Hr | S24: =MAX(S19:S21) -> 15 | T24: =MAX(T19:T21) -> 18 | U24: =MAX(U19:U21) -> 4 | V24: =MAX(V19:V21) -> 14 | W24: =MAX(W19:W21) -> 3 | X24: =MAX(X19:X21) -> 3 | Y24: =MAX(Y19:Y21) -> 10 | Z24: =MAX(Z19:Z21) -> 3 | ... AF24: =MAX(AF19:AF21) -> 115
B25: 10.45 - 11.00 | C25: 5 | D25: 6 | E25: 1 | F25: 0 | G25: 0 | H25: 0 | I25: 1 | J25: 0 | K25: 0 | L25: 0 | M25: 13 | N25: 0 | O25: =SUM(C25:L25,N25) -> 13 | P25: =SUM(C25:N25) -> 26 | R25: AM Period | S25: =SUM(S10:S12) -> 72 | T25: =SUM(T10:T12) -> 53 | U25: =SUM(U10:U12) -> 17 | V25: =SUM(V10:V12) -> 8 | W25: =SUM(W10:W12) -> 3 | X25: =SUM(X10:X12) -> 1 | Y25: =SUM(Y10:Y12) -> 11 | Z25: =SUM(Z10:Z12) -> 3 | ... AF25: =SUM(AF10:AF12) -> 418
B26: 11.00 - 11.15 | C26: 6 | D26: 3 | E26: 0 | F26: 2 | G26: 0 | H26: 0 | I26: 2 | J26: 0 | K26: 0 | L26: 0 | M26: 9 | N26: 0 | O26: =SUM(C26:L26,N26) -> 13 | P26: =SUM(C26:N26) -> 22 | R26: IP Period | S26: =SUM(S13:S18) -> 106 | T26: =SUM(T13:T18) -> 75 | U26: =SUM(U13:U18) -> 26 | V26: =SUM(V13:V18) -> 7 | W26: =SUM(W13:W18) -> 0 | X26: =SUM(X13:X18) -> 0 | Y26: =SUM(Y13:Y18) -> 40 | Z26: =SUM(Z13:Z18) -> 10 | ... AF26: =SUM(AF13:AF18) -> 604
B27: 11.15 - 11.30 | C27: 7 | D27: 1 | E27: 2 | F27: 0 | G27: 0 | H27: 0 | I27: 4 | J27: 0 | K27: 0 | L27: 0 | M27: 24 | N27: 0 | O27: =SUM(C27:L27,N27) -> 14 | P27: =SUM(C27:N27) -> 38 | R27: PM Period | S27: =SUM(S19:S21) -> 40 | T27: =SUM(T19:T21) -> 41 | U27: =SUM(U19:U21) -> 9 | V27: =SUM(V19:V21) -> 28 | W27: =SUM(W19:W21) -> 5 | X27: =SUM(X19:X21) -> 3 | Y27: =SUM(Y19:Y21) -> 23 | Z27: =SUM(Z19:Z21) -> 4 | ... AF27: =SUM(AF19:AF21) -> 330
B28: 11.30 - 11.45 | C28: 5 | D28: 3 | E28: 0 | F28: 0 | G28: 0 | H28: 0 | I28: 2 | J28: 0 | K28: 0 | L28: 0 | M28: 18 | N28: 0 | O28: =SUM(C28:L28,N28) -> 10 | P28: =SUM(C28:N28) -> 28 | R28: 12 Hours | S28: =SUM(S10:S21) -> 218 | T28: =SUM(T10:T21) -> 169 | U28: =SUM(U10:U21) -> 52 | V28: =SUM(V10:V21) -> 43 | W28: =SUM(W10:W21) -> 8 | X28: =SUM(X10:X21) -> 4 | Y28: =SUM(Y10:Y21) -> 74 | Z28: =SUM(Z10:Z21) -> 17 | ... AF28: =SUM(AF10:AF21) -> 1352
B29: 11.45 - 12.00 | C29: 4 | D29: 6 | E29: 0 | F29: 1 | G29: 0 | H29: 0 | I29: 3 | J29: 0 | K29: 0 | L29: 0 | M29: 13 | N29: 0 | O29: =SUM(C29:L29,N29) -> 14 | P29: =SUM(C29:N29) -> 27
B30: 12.00 - 12.15 | C30: 2 | D30: 3 | E30: 3 | F30: 1 | G30: 0 | H30: 0 | I30: 1 | J30: 1 | K30: 0 | L30: 0 | M30: 11 | N30: 0 | O30: =SUM(C30:L30,N30) -> 11 | P30: =SUM(C30:N30) -> 22
B31: 12.15 - 12.30 | C31: 6 | D31: 4 | E31: 3 | F31: 0 | G31: 0 | H31: 0 | I31: 0 | J31: 0 | K31: 0 | L31: 0 | M31: 22 | N31: 0 | O31: =SUM(C31:L31,N31) -> 13 | P31: =SUM(C31:N31) -> 35
B32: 12.30 - 12.45 | C32: 5 | D32: 4 | E32: 0 | F32: 0 | G32: 0 | H32: 0 | I32: 3 | J32: 1 | K32: 0 | L32: 0 | M32: 14 | N32: 0 | O32: =SUM(C32:L32,N32) -> 13 | P32: =SUM(C32:N32) -> 27
B33: 12.45 - 13.00 | C33: 4 | D33: 3 | E33: 1 | F33: 0 | G33: 0 | H33: 0 | I33: 1 | J33: 0 | K33: 0 | L33: 0 | M33: 12 | N33: 0 | O33: =SUM(C33:L33,N33) -> 9 | P33: =SUM(C33:N33) -> 21
B34: 13.00 - 13.15 | C34: 3 | D34: 2 | E34: 1 | F34: 0 | G34: 0 | H34: 0 | I34: 0 | J34: 0 | K34: 0 | L34: 0 | M34: 15 | N34: 0 | O34: =SUM(C34:L34,N34) -> 6 | P34: =SUM(C34:N34) -> 21
B35: 13.15 - 13.30 | C35: 3 | D35: 3 | E35: 2 | F35: 0 | G35: 0 | H35: 0 | I35: 2 | J35: 0 | K35: 0 | L35: 0 | M35: 13 | N35: 0 | O35: =SUM(C35:L35,N35) -> 10 | P35: =SUM(C35:N35) -> 23
B36: 13.30 - 13.45 | C36: 6 | D36: 3 | E36: 1 | F36: 0 | G36: 0 | H36: 0 | I36: 1 | J36: 2 | K36: 0 | L36: 0 | M36: 24 | N36: 0 | O36: =SUM(C36:L36,N36) -> 13 | P36: =SUM(C36:N36) -> 37
B37: 13.45 - 14.00 | C37: 4 | D37: 3 | E37: 2 | F37: 0 | G37: 0 | H37: 0 | I37: 0 | J37: 0 | K37: 0 | L37: 0 | M37: 15 | N37: 0 | O37: =SUM(C37:L37,N37) -> 9 | P37: =SUM(C37:N37) -> 24
B38: 14.00 - 14.15 | C38: 5 | D38: 3 | E38: 0 | F38: 0 | G38: 0 | H38: 0 | I38: 3 | J38: 1 | K38: 0 | L38: 0 | M38: 23 | N38: 0 | O38: =SUM(C38:L38,N38) -> 12 | P38: =SUM(C38:N38) -> 35
B39: 14.15 - 14.30 | C39: 3 | D39: 3 | E39: 0 | F39: 1 | G39: 0 | H39: 0 | I39: 1 | J39: 0 | K39: 0 | L39: 0 | M39: 10 | N39: 0 | O39: =SUM(C39:L39,N39) -> 8 | P39: =SUM(C39:N39) -> 18
B40: 14.30 - 14.45 | C40: 4 | D40: 0 | E40: 1 | F40: 1 | G40: 0 | H40: 0 | I40: 1 | J40: 2 | K40: 0 | L40: 0 | M40: 16 | N40: 0 | O40: =SUM(C40:L40,N40) -> 9 | P40: =SUM(C40:N40) -> 25
... B57: 18.45 - 19.00 | C57: 3 | D57: 5 | E57: 1 | F57: 1 | G57: 0 | H57: 0 | I57: 1 | J57: 0 | K57: 0 | L57: 0 | M57: 14 | N57: 0 | O57: =SUM(C57:L57,N57) -> 11 | P57: =SUM(C57:N57) -> 25
B58: Totals | C58: =SUM(C10:C57) -> 218 | D58: =SUM(D10:D57) -> 169 | E58: =SUM(E10:E57) -> 52 | F58: =SUM(F10:F57) -> 43 | G58: =SUM(G10:G57) -> 8 | H58: =SUM(H10:H57) -> 4 | I58: =SUM(I10:I57) -> 74 | J58: =SUM(J10:J57) -> 17 | ... P58: =SUM(P10:P57) -> 1352
B59: %ges + MCs | C59: =C58/$P$58 -> 0.1612426 | D59: =D58/$P$58 -> 0.125 | E59: =E58/$P$58 -> 0.038461538 | F59: =F58/$P$58 -> 0.031804734 | G59: =G58/$P$58 -> 0.0059171598 | H59: =H58/$P$58 -> 0.0029585799 | I59: =I58/$P$58 -> 0.054733728 | J59: =J58/$P$58 -> 0.012573964 | ... N59: =N58/$P$58 -> 0
B60: %ges w/o MCs | C60: =C58/$O$58 -> 0.37264957 | D60: =D58/$O$58 -> 0.28888889 | E60: =E58/$O$58 -> 0.088888889 | F60: =F58/$O$58 -> 0.073504274 | G60: =G58/$O$58 -> 0.013675214 | H60: =H58/$O$58 -> 0.0068376068 | I60: =I58/$O$58 -> 0.12649573 | J60: =J58/$O$58 -> 0.029059829 | ... L60: =L58/$O$58 -> 0 | N60: =N58/$O$58 -> 0

Sheet 23.09 Wakiso-Bukasa
B1: Consultancy services for Preparation of Expressway Development Master Plan (EDMP) for Uganda
B2: MANUAL CLASSIFIED COUNT (MCC)
B3: ROAD NAME: | C3: ='23.09 Bukasa-Wakiso'!C3:G3 -> MCC - C2 - STN0-64- BUKASA-WAKISO ROAD
C5: Date | D5: ='23.09 Bukasa-Wakiso'!D5 -> 23.09.19 | F5: Location | G5: ='23.09 Bukasa-Wakiso'!G5:H5 -> Wakiso Junior Sch. | J5: Surveyor | K5: ='23.09 Bukasa-Wakiso'!K5:L5 -> Farida
C6: Dir. From | D6: Wakiso | F6: Dir. To | G6: Bukasa | J6: Supervisor | K6: ='23.09 Bukasa-Wakiso'!K6:L6 -> Nusurah
B8: Time / Veh Type | R8: SUMMARY TRAFFIC VOLUMES
C9: 1. Car | D9: 2. Station Wagon | E9: 3. Pickups | F9: 4. Minibus, matatu | G9: 5. Medium bus | H9: 6. Large Bus | I9: 7. Light Truck | J9: 8. Medium Truck | K9: 9. Heavy truck | L9: 10. Truck Trailer | M9: 11. Motor cycles | N9: 12. Tractors | O9: Total Excl M/Cycles | P9: Total All | R9: Time | S9: 1. Car | T9: 2. Station Wagon | U9: 3. Pickups | V9: 4. Minibus, matatu | W9: 5. Medium bus | X9: 6. Large Bus | Y9: 7. Light Truck | Z9: 8. Medium Truck | AA9: 9. Heavy truck | AB9: 10. Truck Trailer | AC9: 11. Motorcycles | AD9: 12. Tractors, Graders | AE9: Total Excl M/ Cycles | AF9: Total All
B10: 07.00 - 07.15 | C10: 9 | D10: 1 | E10: 1 | F10: 1 | G10: 1 | H10: 0 | I10: 2 | J10: 2 | K10: 0 | L10: 0 | M10: 25 | N10: 0 | O10: =SUM(C10:L10,N10) -> 17 | P10: =SUM(C10:N10) -> 42 | R10: 0700-0800 | S10: =SUM(C10:C13) -> 42 | T10: =SUM(D10:D13) -> 5 | U10: =SUM(E10:E13) -> 9 | V10: =SUM(F10:F13) -> 11 | W10: =SUM(G10:G13) -> 2 | X10: =SUM(H10:H13) -> 0 | Y10: =SUM(I10:I13) -> 11 | Z10: =SUM(J10:J13) -> 2 | ... AF10: =SUM(P10:P13) -> 188
B11: 07.15 - 07.30 | C11: 10 | D11: 0 | E11: 3 | F11: 4 | G11: 0 | H11: 0 | I11: 4 | J11: 0 | K11: 1 | L11: 0 | M11: 24 | N11: 0 | O11: =SUM(C11:L11,N11) -> 22 | P11: =SUM(C11:N11) -> 46 | R11: 0800-0900 | S11: =SUM(C14:C17) -> 28 | T11: =SUM(D14:D17) -> 4 | U11: =SUM(E14:E17) -> 7 | V11: =SUM(F14:F17) -> 9 | W11: =SUM(G14:G17) -> 0 | X11: =SUM(H14:H17) -> 0 | Y11: =SUM(I14:I17) -> 3 | Z11: =SUM(J14:J17) -> 7 | ... AF11: =SUM(P14:P17) -> 146
B12: 07.30 - 07.45 | C12: 10 | D12: 1 | E12: 2 | F12: 4 | G12: 1 | H12: 0 | I12: 2 | J12: 0 | K12: 0 | L12: 0 | M12: 27 | N12: 0 | O12: =SUM(C12:L12,N12) -> 20 | P12: =SUM(C12:N12) -> 47 | R12: 0900-1000 | S12: =SUM(C18:C21) -> 17 | T12: =SUM(D18:D21) -> 5 | U12: =SUM(E18:E21) -> 8 | V12: =SUM(F18:F21) -> 2 | W12: =SUM(G18:G21) -> 2 | X12: =SUM(H18:H21) -> 0 | Y12: =SUM(I18:I21) -> 7 | Z12: =SUM(J18:J21) -> 1 | ... AF12: =SUM(P18:P21) -> 114
B13: 07.45 - 08.00 | C13: 13 | D13: 3 | E13: 3 | F13: 2 | G13: 0 | H13: 0 | I13: 3 | J13: 0 | K13: 0 | L13: 0 | M13: 29 | N13: 0 | O13: =SUM(C13:L13,N13) -> 24 | P13: =SUM(C13:N13) -> 53 | R13: 1000-1100 | S13: =SUM(C22:C25) -> 16 | T13: =SUM(D22:D25) -> 6 | U13: =SUM(E22:E25) -> 4 | V13: =SUM(F22:F25) -> 7 | W13: =SUM(G22:G25) -> 0 | X13: =SUM(H22:H25) -> 0 | Y13: =SUM(I22:I25) -> 6 | Z13: =SUM(J22:J25) -> 5 | ... AF13: =SUM(P22:P25) -> 77
B14: 08.00 - 08.15 | C14: 12 | D14: 0 | E14: 3 | F14: 0 | G14: 0 | H14: 0 | I14: 0 | J14: 3 | K14: 0 | L14: 0 | M14: 22 | N14: 0 | O14: =SUM(C14:L14,N14) -> 18 | P14: =SUM(C14:N14) -> 40 | R14: 1100-1200 | S14: =SUM(C26:C29) -> 17 | T14: =SUM(D26:D29) -> 8 | U14: =SUM(E26:E29) -> 9 | V14: =SUM(F26:F29) -> 5 | W14: =SUM(G26:G29) -> 0 | X14: =SUM(H26:H29) -> 0 | Y14: =SUM(I26:I29) -> 6 | Z14: =SUM(J26:J29) -> 1 | ... AF14: =SUM(P26:P29) -> 122
B15: 08.15 - 08.30 | C15: 5 | D15: 1 | E15: 1 | F15: 2 | G15: 0 | H15: 0 | I15: 1 | J15: 2 | K15: 0 | L15: 0 | M15: 19 | N15: 0 | O15: =SUM(C15:L15,N15) -> 12 | P15: =SUM(C15:N15) -> 31 | R15: 1200-1300 | S15: =SUM(C30:C33) -> 25 | T15: =SUM(D30:D33) -> 4 | U15: =SUM(E30:E33) -> 2 | V15: =SUM(F30:F33) -> 4 | W15: =SUM(G30:G33) -> 0 | X15: =SUM(H30:H33) -> 0 | Y15: =SUM(I30:I33) -> 2 | Z15: =SUM(J30:J33) -> 2 | ... AF15: =SUM(P30:P33) -> 129
B16: 08.30 - 08.45 | C16: 7 | D16: 2 | E16: 1 | F16: 3 | G16: 0 | H16: 0 | I16: 2 | J16: 0 | K16: 0 | L16: 0 | M16: 28 | N16: 0 | O16: =SUM(C16:L16,N16) -> 15 | P16: =SUM(C16:N16) -> 43 | R16: 1300-1400 | S16: =SUM(C34:C37) -> 18 | T16: =SUM(D34:D37) -> 8 | U16: =SUM(E34:E37) -> 8 | V16: =SUM(F34:F37) -> 2 | W16: =SUM(G34:G37) -> 1 | X16: =SUM(H34:H37) -> 0 | Y16: =SUM(I34:I37) -> 5 | Z16: =SUM(J34:J37) -> 3 | ... AF16: =SUM(P34:P37) -> 115
B17: 08.45 - 9.00 | C17: 4 | D17: 1 | E17: 2 | F17: 4 | G17: 0 | H17: 0 | I17: 0 | J17: 2 | K17: 0 | L17: 0 | M17: 19 | N17: 0 | O17: =SUM(C17:L17,N17) -> 13 | P17: =SUM(C17:N17) -> 32 | R17: 1400-1500 | S17: =SUM(C38:C41) -> 14 | T17: =SUM(D38:D41) -> 4 | U17: =SUM(E38:E41) -> 3 | V17: =SUM(F38:F41) -> 5 | W17: =SUM(G38:G41) -> 0 | X17: =SUM(H38:H41) -> 0 | Y17: =SUM(I38:I41) -> 5 | Z17: =SUM(J38:J41) -> 2 | ... AF17: =SUM(P38:P41) -> 103
B18: 09.00 - 09.15 | C18: 3 | D18: 0 | E18: 3 | F18: 2 | G18: 0 | H18: 0 | I18: 1 | J18: 0 | K18: 0 | L18: 0 | M18: 18 | N18: 0 | O18: =SUM(C18:L18,N18) -> 9 | P18: =SUM(C18:N18) -> 27 | R18: 1500-1600 | S18: =SUM(C42:C45) -> 22 | T18: =SUM(D42:D45) -> 4 | U18: =SUM(E42:E45) -> 10 | V18: =SUM(F42:F45) -> 0 | W18: =SUM(G42:G45) -> 0 | X18: =SUM(H42:H45) -> 0 | Y18: =SUM(I42:I45) -> 7 | Z18: =SUM(J42:J45) -> 4 | ... AF18: =SUM(P42:P45) -> 139
B19: 09.15 - 09.30 | C19: 5 | D19: 1 | E19: 2 | F19: 0 | G19: 0 | H19: 0 | I19: 2 | J19: 0 | K19: 0 | L19: 0 | M19: 24 | N19: 0 | O19: =SUM(C19:L19,N19) -> 10 | P19: =SUM(C19:N19) -> 34 | R19: 1600-1700 | S19: =SUM(C46:C49) -> 19 | T19: =SUM(D46:D49) -> 5 | U19: =SUM(E46:E49) -> 4 | V19: =SUM(F46:F49) -> 4 | W19: =SUM(G46:G49) -> 0 | X19: =SUM(H46:H49) -> 0 | Y19: =SUM(I46:I49) -> 4 | Z19: =SUM(J46:J49) -> 1 | ... AF19: =SUM(P46:P49) -> 153
B20: 09.30 - 09.45 | C20: 4 | D20: 2 | E20: 3 | F20: 0 | G20: 2 | H20: 0 | I20: 4 | J20: 1 | K20: 1 | L20: 0 | M20: 15 | N20: 0 | O20: =SUM(C20:L20,N20) -> 17 | P20: =SUM(C20:N20) -> 32 | R20: 1700-1800 | S20: =SUM(C50:C53) -> 22 | T20: =SUM(D50:D53) -> 5 | U20: =SUM(E50:E53) -> 4 | V20: =SUM(F50:F53) -> 1 | W20: =SUM(G50:G53) -> 0 | X20: =SUM(H50:H53) -> 0 | Y20: =SUM(I50:I53) -> 0 | Z20: =SUM(J50:J53) -> 1 | ... AF20: =SUM(P50:P53) -> 135
B21: 09.45 - 10.00 | C21: 5 | D21: 2 | E21: 0 | F21: 0 | G21: 0 | H21: 0 | I21: 0 | J21: 0 | K21: 0 | L21: 0 | M21: 14 | N21: 0 | O21: =SUM(C21:L21,N21) -> 7 | P21: =SUM(C21:N21) -> 21 | R21: 1800-1900 | S21: =SUM(C54:C57) -> 28 | T21: =SUM(D54:D57) -> 3 | U21: =SUM(E54:E57) -> 5 | V21: =SUM(F54:F57) -> 5 | W21: =SUM(G54:G57) -> 0 | X21: =SUM(H54:H57) -> 0 | Y21: =SUM(I54:I57) -> 1 | Z21: =SUM(J54:J57) -> 3 | ... AF21: =SUM(P54:P57) -> 127
B22: 10.00 - 10.15 | C22: 4 | D22: 2 | E22: 0 | F22: 3 | G22: 0 | H22: 0 | I22: 3 | J22: 2 | K22: 1 | L22: 0 | M22: 14 | N22: 0 | O22: =SUM(C22:L22,N22) -> 15 | P22: =SUM(C22:N22) -> 29 | R22: AM Peak Hr | S22: =MAX(S10:S12) -> 42 | T22: =MAX(T10:T12) -> 5 | U22: =MAX(U10:U12) -> 9 | V22: =MAX(V10:V12) -> 11 | W22: =MAX(W10:W12) -> 2 | X22: =MAX(X10:X12) -> 0 | Y22: =MAX(Y10:Y12) -> 11 | Z22: =MAX(Z10:Z12) -> 7 | ... AF22: =MAX(AF10:AF12) -> 188
B23: 10.15 - 10.30 | C23: 6 | D23: 2 | E23: 2 | F23: 0 | G23: 0 | H23: 0 | I23: 1 | J23: 2 | K23: 0 | L23: 0 | M23: 5 | N23: 0 | O23: =SUM(C23:L23,N23) -> 13 | P23: =SUM(C23:N23) -> 18 | R23: IP Peak Hr | S23: =MAX(S13:S18) -> 25 | T23: =MAX(T13:T18) -> 8 | U23: =MAX(U13:U18) -> 10 | V23: =MAX(V13:V18) -> 7 | W23: =MAX(W13:W18) -> 1 | X23: =MAX(X13:X18) -> 0 | Y23: =MAX(Y13:Y18) -> 7 | Z23: =MAX(Z13:Z18) -> 5 | ... AF23: =MAX(AF13:AF18) -> 139
B24: 10.30 - 10.45 | C24: 4 | D24: 0 | E24: 1 | F24: 2 | G24: 0 | H24: 0 | I24: 0 | J24: 1 | K24: 0 | L24: 0 | M24: 4 | N24: 0 | O24: =SUM(C24:L24,N24) -> 8 | P24: =SUM(C24:N24) -> 12 | R24: PM Peak Hr | S24: =MAX(S19:S21) -> 28 | T24: =MAX(T19:T21) -> 5 | U24: =MAX(U19:U21) -> 5 | V24: =MAX(V19:V21) -> 5 | W24: =MAX(W19:W21) -> 0 | X24: =MAX(X19:X21) -> 0 | Y24: =MAX(Y19:Y21) -> 4 | Z24: =MAX(Z19:Z21) -> 3 | ... AF24: =MAX(AF19:AF21) -> 153
B25: 10.45 - 11.00 | C25: 2 | D25: 2 | E25: 1 | F25: 2 | G25: 0 | H25: 0 | I25: 2 | J25: 0 | K25: 0 | L25: 0 | M25: 9 | N25: 0 | O25: =SUM(C25:L25,N25) -> 9 | P25: =SUM(C25:N25) -> 18 | R25: AM Period | S25: =SUM(S10:S12) -> 87 | T25: =SUM(T10:T12) -> 14 | U25: =SUM(U10:U12) -> 24 | V25: =SUM(V10:V12) -> 22 | W25: =SUM(W10:W12) -> 4 | X25: =SUM(X10:X12) -> 0 | Y25: =SUM(Y10:Y12) -> 21 | Z25: =SUM(Z10:Z12) -> 10 | ... AF25: =SUM(AF10:AF12) -> 448
B26: 11.00 - 11.15 | C26: 1 | D26: 1 | E26: 2 | F26: 3 | G26: 0 | H26: 0 | I26: 1 | J26: 0 | K26: 1 | L26: 0 | M26: 12 | N26: 0 | O26: =SUM(C26:L26,N26) -> 9 | P26: =SUM(C26:N26) -> 21 | R26: IP Period | S26: =SUM(S13:S18) -> 112 | T26: =SUM(T13:T18) -> 34 | U26: =SUM(U13:U18) -> 36 | V26: =SUM(V13:V18) -> 23 | W26: =SUM(W13:W18) -> 1 | X26: =SUM(X13:X18) -> 0 | Y26: =SUM(Y13:Y18) -> 31 | Z26: =SUM(Z13:Z18) -> 17 | ... AF26: =SUM(AF13:AF18) -> 685
B27: 11.15 - 11.30 | C27: 6 | D27: 4 | E27: 0 | F27: 0 | G27: 0 | H27: 0 | I27: 1 | J27: 1 | K27: 1 | L27: 0 | M27: 25 | N27: 0 | O27: =SUM(C27:L27,N27) -> 13 | P27: =SUM(C27:N27) -> 38 | R27: PM Period | S27: =SUM(S19:S21) -> 69 | T27: =SUM(T19:T21) -> 13 | U27: =SUM(U19:U21) -> 13 | V27: =SUM(V19:V21) -> 10 | W27: =SUM(W19:W21) -> 0 | X27: =SUM(X19:X21) -> 0 | Y27: =SUM(Y19:Y21) -> 5 | Z27: =SUM(Z19:Z21) -> 5 | ... AF27: =SUM(AF19:AF21) -> 415
B28: 11.30 - 11.45 | C28: 8 | D28: 1 | E28: 3 | F28: 1 | G28: 0 | H28: 0 | I28: 2 | J28: 0 | K28: 0 | L28: 0 | M28: 15 | N28: 0 | O28: =SUM(C28:L28,N28) -> 15 | P28: =SUM(C28:N28) -> 30 | R28: 12 Hours | S28: =SUM(S10:S21) -> 268 | T28: =SUM(T10:T21) -> 61 | U28: =SUM(U10:U21) -> 73 | V28: =SUM(V10:V21) -> 55 | W28: =SUM(W10:W21) -> 5 | X28: =SUM(X10:X21) -> 0 | Y28: =SUM(Y10:Y21) -> 57 | Z28: =SUM(Z10:Z21) -> 32 | ... AF28: =SUM(AF10:AF21) -> 1548
B29: 11.45 - 12.00 | C29: 2 | D29: 2 | E29: 4 | F29: 1 | G29: 0 | H29: 0 | I29: 2 | J29: 0 | K29: 0 | L29: 0 | M29: 22 | N29: 0 | O29: =SUM(C29:L29,N29) -> 11 | P29: =SUM(C29:N29) -> 33
B30: 12.00 - 12.15 | C30: 7 | D30: 0 | E30: 1 | F30: 0 | G30: 0 | H30: 0 | I30: 0 | J30: 1 | K30: 0 | L30: 0 | M30: 16 | N30: 0 | O30: =SUM(C30:L30,N30) -> 9 | P30: =SUM(C30:N30) -> 25
B31: 12.15 - 12.30 | C31: 8 | D31: 1 | E31: 1 | F31: 1 | G31: 0 | H31: 0 | I31: 2 | J31: 1 | K31: 0 | L31: 0 | M31: 22 | N31: 0 | O31: =SUM(C31:L31,N31) -> 14 | P31: =SUM(C31:N31) -> 36
B32: 12.30 - 12.45 | C32: 5 | D32: 2 | E32: 0 | F32: 1 | G32: 0 | H32: 0 | I32: 0 | J32: 0 | K32: 0 | L32: 0 | M32: 18 | N32: 0 | O32: =SUM(C32:L32,N32) -> 8 | P32: =SUM(C32:N32) -> 26
B33: 12.45 - 13.00 | C33: 5 | D33: 1 | E33: 0 | F33: 2 | G33: 0 | H33: 0 | I33: 0 | J33: 0 | K33: 0 | L33: 0 | M33: 34 | N33: 0 | O33: =SUM(C33:L33,N33) -> 8 | P33: =SUM(C33:N33) -> 42
B34: 13.00 - 13.15 | C34: 6 | D34: 2 | E34: 0 | F34: 2 | G34: 1 | H34: 0 | I34: 0 | J34: 1 | K34: 0 | L34: 0 | M34: 16 | N34: 0 | O34: =SUM(C34:L34,N34) -> 12 | P34: =SUM(C34:N34) -> 28
B35: 13.15 - 13.30 | C35: 2 | D35: 1 | E35: 2 | F35: 0 | G35: 0 | H35: 0 | I35: 2 | J35: 1 | K35: 0 | L35: 0 | M35: 13 | N35: 0 | O35: =SUM(C35:L35,N35) -> 8 | P35: =SUM(C35:N35) -> 21
B36: 13.30 - 13.45 | C36: 5 | D36: 3 | E36: 2 | F36: 0 | G36: 0 | H36: 0 | I36: 2 | J36: 1 | K36: 0 | L36: 0 | M36: 22 | N36: 0 | O36: =SUM(C36:L36,N36) -> 13 | P36: =SUM(C36:N36) -> 35
B37: 13.45 - 14.00 | C37: 5 | D37: 2 | E37: 4 | F37: 0 | G37: 0 | H37: 0 | I37: 1 | J37: 0 | K37: 0 | L37: 0 | M37: 19 | N37: 0 | O37: =SUM(C37:L37,N37) -> 12 | P37: =SUM(C37:N37) -> 31
B38: 14.00 - 14.15 | C38: 1 | D38: 2 | E38: 2 | F38: 2 | G38: 0 | H38: 0 | I38: 0 | J38: 0 | K38: 0 | L38: 1 | M38: 11 | N38: 0 | O38: =SUM(C38:L38,N38) -> 8 | P38: =SUM(C38:N38) -> 19
B39: 14.15 - 14.30 | C39: 7 | D39: 2 | E39: 0 | F39: 2 | G39: 0 | H39: 0 | I39: 3 | J39: 0 | K39: 0 | L39: 0 | M39: 24 | N39: 0 | O39: =SUM(C39:L39,N39) -> 14 | P39: =SUM(C39:N39) -> 38
B40: 14.30 - 14.45 | C40: 3 | D40: 0 | E40: 0 | F40: 0 | G40: 0 | H40: 0 | I40: 1 | J40: 1 | K40: 0 | L40: 0 | M40: 21 | N40: 0 | O40: =SUM(C40:L40,N40) -> 5 | P40: =SUM(C40:N40) -> 26
... B57: 18.45 - 19.00 | C57: 8 | D57: 1 | E57: 3 | F57: 0 | G57: 0 | H57: 0 | I57: 0 | J57: 1 | K57: 1 | L57: 0 | M57: 29 | N57: 0 | O57: =SUM(C57:L57,N57) -> 14 | P57: =SUM(C57:N57) -> 43
B58: Totals | C58: =SUM(C10:C57) -> 268 | D58: =SUM(D10:D57) -> 61 | E58: =SUM(E10:E57) -> 73 | F58: =SUM(F10:F57) -> 55 | G58: =SUM(G10:G57) -> 5 | H58: =SUM(H10:H57) -> 0 | I58: =SUM(I10:I57) -> 57 | J58: =SUM(J10:J57) -> 32 | ... P58: =SUM(P10:P57) -> 1548
B59: %ges + MCs | C59: =C58/$P$58 -> 0.17312661 | D59: =D58/$P$58 -> 0.039405685 | E59: =E58/$P$58 -> 0.047157623 | F59: =F58/$P$58 -> 0.035529716 | G59: =G58/$P$58 -> 0.0032299742 | H59: =H58/$P$58 -> 0 | I59: =I58/$P$58 -> 0.036821705 | J59: =J58/$P$58 -> 0.020671835 | ... N59: =N58/$P$58 -> 0
B60: %ges w/o MCs | C60: =C58/$O$58 -> 0.47602131 | D60: =D58/$O$58 -> 0.10834813 | E60: =E58/$O$58 -> 0.12966252 | F60: =F58/$O$58 -> 0.097690941 | G60: =G58/$O$58 -> 0.0088809947 | H60: =H58/$O$58 -> 0 | I60: =I58/$O$58 -> 0.10124334 | J60: =J58/$O$58 -> 0.056838366 | ... L60: =L58/$O$58 -> 0.0017761989 | N60: =N58/$O$58 -> 0

Sheet 24.09 Bukasa-Wakiso
B1: Consultancy services for Preparation of Expressway Development Master Plan (EDMP) for Uganda
B2: MANUAL CLASSIFIED COUNT (MCC)
B3: ROAD NAME: | C3: MCC-C2-STN-64-BUKASA-WAKISO
C5: Date | D5: 24.09.19 | F5: Location | G5: Wakiso Junior Sch. | J5: Surveyor | K5: FARIDAH
C6: Dir. From | D6: BUKASA | F6: Dir. To | G6: WAKISO | J6: Supervisor | K6: NUSURAH
B8: Time / Veh Type | R8: SUMMARY TRAFFIC VOLUMES
C9: 1. Car | D9: 2. Station Wagon | E9: 3. Pickups | F9: 4. Minibus, matatu | G9: 5. Medium bus | H9: 6. Large Bus | I9: 7. Light Truck | J9: 8. Medium Truck | K9: 9. Heavy truck | L9: 10. Truck Trailer | M9: 11. Motor cycles | N9: 12. Tractors | O9: Total Excl M/Cycles | P9: Total All | R9: Time | S9: 1. Car | T9: 2. Station Wagon | U9: 3. Pickups | V9: 4. Minibus, matatu | W9: 5. Medium bus | X9: 6. Large Bus | Y9: 7. Light Truck | Z9: 8. Medium Truck | AA9: 9. Heavy truck | AB9: 10. Truck Trailer | AC9: 11. Motorcycles | AD9: 12. Tractors, Graders | AE9: Total Excl M/ Cycles | AF9: Total All
B10: 07.00 - 07.15 | C10: 3 | D10: 0 | E10: 1 | F10: 0 | G10: 0 | H10: 0 | I10: 1 | J10: 0 | K10: 0 | L10: 0 | M10: 14 | N10: 0 | O10: =SUM(C10:L10,N10) -> 5 | P10: =SUM(C10:N10) -> 19 | R10: 0700-0800 | S10: =SUM(C10:C13) -> 15 | T10: =SUM(D10:D13) -> 6 | U10: =SUM(E10:E13) -> 5 | V10: =SUM(F10:F13) -> 2 | W10: =SUM(G10:G13) -> 0 | X10: =SUM(H10:H13) -> 0 | Y10: =SUM(I10:I13) -> 9 | Z10: =SUM(J10:J13) -> 0 | ... AF10: =SUM(P10:P13) -> 98
B11: 07.15 - 07.30 | C11: 3 | D11: 1 | E11: 0 | F11: 0 | G11: 0 | H11: 0 | I11: 5 | J11: 0 | K11: 0 | L11: 0 | M11: 12 | N11: 0 | O11: =SUM(C11:L11,N11) -> 9 | P11: =SUM(C11:N11) -> 21 | R11: 0800-0900 | S11: =SUM(C14:C17) -> 18 | T11: =SUM(D14:D17) -> 13 | U11: =SUM(E14:E17) -> 7 | V11: =SUM(F14:F17) -> 3 | W11: =SUM(G14:G17) -> 0 | X11: =SUM(H14:H17) -> 0 | Y11: =SUM(I14:I17) -> 12 | Z11: =SUM(J14:J17) -> 0 | ... AF11: =SUM(P14:P17) -> 106
B12: 07.30 - 07.45 | C12: 6 | D12: 4 | E12: 2 | F12: 2 | G12: 0 | H12: 0 | I12: 1 | J12: 0 | K12: 0 | L12: 0 | M12: 15 | N12: 0 | O12: =SUM(C12:L12,N12) -> 15 | P12: =SUM(C12:N12) -> 30 | R12: 0900-1000 | S12: =SUM(C18:C21) -> 20 | T12: =SUM(D18:D21) -> 13 | U12: =SUM(E18:E21) -> 3 | V12: =SUM(F18:F21) -> 0 | W12: =SUM(G18:G21) -> 0 | X12: =SUM(H18:H21) -> 0 | Y12: =SUM(I18:I21) -> 6 | Z12: =SUM(J18:J21) -> 0 | ... AF12: =SUM(P18:P21) -> 100
B13: 07.45 - 08.00 | C13: 3 | D13: 1 | E13: 2 | F13: 0 | G13: 0 | H13: 0 | I13: 2 | J13: 0 | K13: 0 | L13: 0 | M13: 20 | N13: 0 | O13: =SUM(C13:L13,N13) -> 8 | P13: =SUM(C13:N13) -> 28 | R13: 1000-1100 | S13: =SUM(C22:C25) -> 21 | T13: =SUM(D22:D25) -> 18 | U13: =SUM(E22:E25) -> 5 | V13: =SUM(F22:F25) -> 1 | W13: =SUM(G22:G25) -> 0 | X13: =SUM(H22:H25) -> 1 | Y13: =SUM(I22:I25) -> 7 | Z13: =SUM(J22:J25) -> 0 | ... AF13: =SUM(P22:P25) -> 104
B14: 08.00 - 08.15 | C14: 4 | D14: 3 | E14: 4 | F14: 3 | G14: 0 | H14: 0 | I14: 1 | J14: 0 | K14: 0 | L14: 0 | M14: 17 | N14: 0 | O14: =SUM(C14:L14,N14) -> 15 | P14: =SUM(C14:N14) -> 32 | R14: 1100-1200 | S14: =SUM(C26:C29) -> 15 | T14: =SUM(D26:D29) -> 15 | U14: =SUM(E26:E29) -> 4 | V14: =SUM(F26:F29) -> 1 | W14: =SUM(G26:G29) -> 0 | X14: =SUM(H26:H29) -> 0 | Y14: =SUM(I26:I29) -> 14 | Z14: =SUM(J26:J29) -> 2 | ... AF14: =SUM(P26:P29) -> 103
B15: 08.15 - 08.30 | C15: 3 | D15: 1 | E15: 1 | F15: 0 | G15: 0 | H15: 0 | I15: 3 | J15: 0 | K15: 0 | L15: 0 | M15: 10 | N15: 0 | O15: =SUM(C15:L15,N15) -> 8 | P15: =SUM(C15:N15) -> 18 | R15: 1200-1300 | S15: =SUM(C30:C33) -> 17 | T15: =SUM(D30:D33) -> 12 | U15: =SUM(E30:E33) -> 6 | V15: =SUM(F30:F33) -> 1 | W15: =SUM(G30:G33) -> 0 | X15: =SUM(H30:H33) -> 0 | Y15: =SUM(I30:I33) -> 15 | Z15: =SUM(J30:J33) -> 0 | ... AF15: =SUM(P30:P33) -> 111
B16: 08.30 - 08.45 | C16: 6 | D16: 4 | E16: 2 | F16: 0 | G16: 0 | H16: 0 | I16: 7 | J16: 0 | K16: 0 | L16: 0 | M16: 12 | N16: 0 | O16: =SUM(C16:L16,N16) -> 19 | P16: =SUM(C16:N16) -> 31 | R16: 1300-1400 | S16: =SUM(C34:C37) -> 14 | T16: =SUM(D34:D37) -> 15 | U16: =SUM(E34:E37) -> 1 | V16: =SUM(F34:F37) -> 3 | W16: =SUM(G34:G37) -> 0 | X16: =SUM(H34:H37) -> 0 | Y16: =SUM(I34:I37) -> 18 | Z16: =SUM(J34:J37) -> 0 | ... AF16: =SUM(P34:P37) -> 102
B17: 08.45 - 9.00 | C17: 5 | D17: 5 | E17: 0 | F17: 0 | G17: 0 | H17: 0 | I17: 1 | J17: 0 | K17: 0 | L17: 0 | M17: 14 | N17: 0 | O17: =SUM(C17:L17,N17) -> 11 | P17: =SUM(C17:N17) -> 25 | R17: 1400-1500 | S17: =SUM(C38:C41) -> 18 | T17: =SUM(D38:D41) -> 15 | U17: =SUM(E38:E41) -> 1 | V17: =SUM(F38:F41) -> 0 | W17: =SUM(G38:G41) -> 0 | X17: =SUM(H38:H41) -> 0 | Y17: =SUM(I38:I41) -> 22 | Z17: =SUM(J38:J41) -> 0 | ... AF17: =SUM(P38:P41) -> 134
B18: 09.00 - 09.15 | C18: 5 | D18: 4 | E18: 2 | F18: 0 | G18: 0 | H18: 0 | I18: 0 | J18: 0 | K18: 0 | L18: 0 | M18: 11 | N18: 0 | O18: =SUM(C18:L18,N18) -> 11 | P18: =SUM(C18:N18) -> 22 | R18: 1500-1600 | S18: =SUM(C42:C45) -> 11 | T18: =SUM(D42:D45) -> 12 | U18: =SUM(E42:E45) -> 2 | V18: =SUM(F42:F45) -> 1 | W18: =SUM(G42:G45) -> 0 | X18: =SUM(H42:H45) -> 0 | Y18: =SUM(I42:I45) -> 9 | Z18: =SUM(J42:J45) -> 2 | ... AF18: =SUM(P42:P45) -> 76
B19: 09.15 - 09.30 | C19: 4 | D19: 2 | E19: 0 | F19: 0 | G19: 0 | H19: 0 | I19: 2 | J19: 0 | K19: 0 | L19: 0 | M19: 12 | N19: 0 | O19: =SUM(C19:L19,N19) -> 8 | P19: =SUM(C19:N19) -> 20 | R19: 1600-1700 | S19: =SUM(C46:C49) -> 13 | T19: =SUM(D46:D49) -> 18 | U19: =SUM(E46:E49) -> 2 | V19: =SUM(F46:F49) -> 2 | W19: =SUM(G46:G49) -> 1 | X19: =SUM(H46:H49) -> 0 | Y19: =SUM(I46:I49) -> 6 | Z19: =SUM(J46:J49) -> 2 | ... AF19: =SUM(P46:P49) -> 96
B20: 09.30 - 09.45 | C20: 5 | D20: 3 | E20: 0 | F20: 0 | G20: 0 | H20: 0 | I20: 2 | J20: 0 | K20: 0 | L20: 0 | M20: 16 | N20: 0 | O20: =SUM(C20:L20,N20) -> 10 | P20: =SUM(C20:N20) -> 26 | R20: 1700-1800 | S20: =SUM(C50:C53) -> 17 | T20: =SUM(D50:D53) -> 17 | U20: =SUM(E50:E53) -> 2 | V20: =SUM(F50:F53) -> 7 | W20: =SUM(G50:G53) -> 1 | X20: =SUM(H50:H53) -> 0 | Y20: =SUM(I50:I53) -> 7 | Z20: =SUM(J50:J53) -> 2 | ... AF20: =SUM(P50:P53) -> 86
B21: 09.45 - 10.00 | C21: 6 | D21: 4 | E21: 1 | F21: 0 | G21: 0 | H21: 0 | I21: 2 | J21: 0 | K21: 0 | L21: 0 | M21: 19 | N21: 0 | O21: =SUM(C21:L21,N21) -> 13 | P21: =SUM(C21:N21) -> 32 | R21: 1800-1900 | S21: =SUM(C54:C57) -> 25 | T21: =SUM(D54:D57) -> 20 | U21: =SUM(E54:E57) -> 3 | V21: =SUM(F54:F57) -> 3 | W21: =SUM(G54:G57) -> 0 | X21: =SUM(H54:H57) -> 0 | Y21: =SUM(I54:I57) -> 6 | Z21: =SUM(J54:J57) -> 0 | ... AF21: =SUM(P54:P57) -> 104
B22: 10.00 - 10.15 | C22: 6 | D22: 5 | E22: 1 | F22: 0 | G22: 0 | H22: 0 | I22: 2 | J22: 0 | K22: 0 | L22: 0 | M22: 14 | N22: 0 | O22: =SUM(C22:L22,N22) -> 14 | P22: =SUM(C22:N22) -> 28 | R22: AM Peak Hr | S22: =MAX(S10:S12) -> 20 | T22: =MAX(T10:T12) -> 13 | U22: =MAX(U10:U12) -> 7 | V22: =MAX(V10:V12) -> 3 | W22: =MAX(W10:W12) -> 0 | X22: =MAX(X10:X12) -> 0 | Y22: =MAX(Y10:Y12) -> 12 | Z22: =MAX(Z10:Z12) -> 0 | ... AF22: =MAX(AF10:AF12) -> 106
B23: 10.15 - 10.30 | C23: 2 | D23: 3 | E23: 0 | F23: 0 | G23: 0 | H23: 0 | I23: 1 | J23: 0 | K23: 0 | L23: 0 | M23: 11 | N23: 0 | O23: =SUM(C23:L23,N23) -> 6 | P23: =SUM(C23:N23) -> 17 | R23: IP Peak Hr | S23: =MAX(S13:S18) -> 21 | T23: =MAX(T13:T18) -> 18 | U23: =MAX(U13:U18) -> 6 | V23: =MAX(V13:V18) -> 3 | W23: =MAX(W13:W18) -> 0 | X23: =MAX(X13:X18) -> 1 | Y23: =MAX(Y13:Y18) -> 22 | Z23: =MAX(Z13:Z18) -> 2 | ... AF23: =MAX(AF13:AF18) -> 134
B24: 10.30 - 10.45 | C24: 7 | D24: 3 | E24: 1 | F24: 0 | G24: 0 | H24: 0 | I24: 3 | J24: 0 | K24: 0 | L24: 0 | M24: 14 | N24: 0 | O24: =SUM(C24:L24,N24) -> 14 | P24: =SUM(C24:N24) -> 28 | R24: PM Peak Hr | S24: =MAX(S19:S21) -> 25 | T24: =MAX(T19:T21) -> 20 | U24: =MAX(U19:U21) -> 3 | V24: =MAX(V19:V21) -> 7 | W24: =MAX(W19:W21) -> 1 | X24: =MAX(X19:X21) -> 0 | Y24: =MAX(Y19:Y21) -> 7 | Z24: =MAX(Z19:Z21) -> 2 | ... AF24: =MAX(AF19:AF21) -> 104
B25: 10.45 - 11.00 | C25: 6 | D25: 7 | E25: 3 | F25: 1 | G25: 0 | H25: 1 | I25: 1 | J25: 0 | K25: 0 | L25: 0 | M25: 12 | N25: 0 | O25: =SUM(C25:L25,N25) -> 19 | P25: =SUM(C25:N25) -> 31 | R25: AM Period | S25: =SUM(S10:S12) -> 53 | T25: =SUM(T10:T12) -> 32 | U25: =SUM(U10:U12) -> 15 | V25: =SUM(V10:V12) -> 5 | W25: =SUM(W10:W12) -> 0 | X25: =SUM(X10:X12) -> 0 | Y25: =SUM(Y10:Y12) -> 27 | Z25: =SUM(Z10:Z12) -> 0 | ... AF25: =SUM(AF10:AF12) -> 304
B26: 11.00 - 11.15 | C26: 1 | D26: 3 | E26: 1 | F26: 1 | G26: 0 | H26: 0 | I26: 4 | J26: 1 | K26: 0 | L26: 0 | M26: 11 | N26: 0 | O26: =SUM(C26:L26,N26) -> 11 | P26: =SUM(C26:N26) -> 22 | R26: IP Period | S26: =SUM(S13:S18) -> 96 | T26: =SUM(T13:T18) -> 87 | U26: =SUM(U13:U18) -> 19 | V26: =SUM(V13:V18) -> 7 | W26: =SUM(W13:W18) -> 0 | X26: =SUM(X13:X18) -> 1 | Y26: =SUM(Y13:Y18) -> 85 | Z26: =SUM(Z13:Z18) -> 4 | ... AF26: =SUM(AF13:AF18) -> 630
B27: 11.15 - 11.30 | C27: 5 | D27: 3 | E27: 2 | F27: 0 | G27: 0 | H27: 0 | I27: 5 | J27: 0 | K27: 0 | L27: 0 | M27: 14 | N27: 0 | O27: =SUM(C27:L27,N27) -> 15 | P27: =SUM(C27:N27) -> 29 | R27: PM Period | S27: =SUM(S19:S21) -> 55 | T27: =SUM(T19:T21) -> 55 | U27: =SUM(U19:U21) -> 7 | V27: =SUM(V19:V21) -> 12 | W27: =SUM(W19:W21) -> 2 | X27: =SUM(X19:X21) -> 0 | Y27: =SUM(Y19:Y21) -> 19 | Z27: =SUM(Z19:Z21) -> 4 | ... AF27: =SUM(AF19:AF21) -> 286
B28: 11.30 - 11.45 | C28: 5 | D28: 4 | E28: 0 | F28: 0 | G28: 0 | H28: 0 | I28: 2 | J28: 0 | K28: 0 | L28: 0 | M28: 13 | N28: 0 | O28: =SUM(C28:L28,N28) -> 11 | P28: =SUM(C28:N28) -> 24 | R28: 12 Hours | S28: =SUM(S10:S21) -> 204 | T28: =SUM(T10:T21) -> 174 | U28: =SUM(U10:U21) -> 41 | V28: =SUM(V10:V21) -> 24 | W28: =SUM(W10:W21) -> 2 | X28: =SUM(X10:X21) -> 1 | Y28: =SUM(Y10:Y21) -> 131 | Z28: =SUM(Z10:Z21) -> 8 | ... AF28: =SUM(AF10:AF21) -> 1220
B29: 11.45 - 12.00 | C29: 4 | D29: 5 | E29: 1 | F29: 0 | G29: 0 | H29: 0 | I29: 3 | J29: 1 | K29: 0 | L29: 0 | M29: 14 | N29: 0 | O29: =SUM(C29:L29,N29) -> 14 | P29: =SUM(C29:N29) -> 28
B30: 12.00 - 12.15 | C30: 2 | D30: 2 | E30: 0 | F30: 0 | G30: 0 | H30: 0 | I30: 3 | J30: 0 | K30: 0 | L30: 0 | M30: 18 | N30: 0 | O30: =SUM(C30:L30,N30) -> 7 | P30: =SUM(C30:N30) -> 25
B31: 12.15 - 12.30 | C31: 5 | D31: 4 | E31: 2 | F31: 1 | G31: 0 | H31: 0 | I31: 3 | J31: 0 | K31: 0 | L31: 0 | M31: 16 | N31: 0 | O31: =SUM(C31:L31,N31) -> 15 | P31: =SUM(C31:N31) -> 31
B32: 12.30 - 12.45 | C32: 7 | D32: 4 | E32: 3 | F32: 0 | G32: 0 | H32: 0 | I32: 5 | J32: 0 | K32: 0 | L32: 0 | M32: 20 | N32: 0 | O32: =SUM(C32:L32,N32) -> 19 | P32: =SUM(C32:N32) -> 39
B33: 12.45 - 13.00 | C33: 3 | D33: 2 | E33: 1 | F33: 0 | G33: 0 | H33: 0 | I33: 4 | J33: 0 | K33: 0 | L33: 0 | M33: 6 | N33: 0 | O33: =SUM(C33:L33,N33) -> 10 | P33: =SUM(C33:N33) -> 16
B34: 13.00 - 13.15 | C34: 4 | D34: 4 | E34: 0 | F34: 3 | G34: 0 | H34: 0 | I34: 3 | J34: 0 | K34: 0 | L34: 0 | M34: 16 | N34: 0 | O34: =SUM(C34:L34,N34) -> 14 | P34: =SUM(C34:N34) -> 30
B35: 13.15 - 13.30 | C35: 3 | D35: 4 | E35: 0 | F35: 0 | G35: 0 | H35: 0 | I35: 6 | J35: 0 | K35: 0 | L35: 0 | M35: 13 | N35: 0 | O35: =SUM(C35:L35,N35) -> 13 | P35: =SUM(C35:N35) -> 26
B36: 13.30 - 13.45 | C36: 3 | D36: 3 | E36: 0 | F36: 0 | G36: 0 | H36: 0 | I36: 4 | J36: 0 | K36: 0 | L36: 0 | M36: 10 | N36: 0 | O36: =SUM(C36:L36,N36) -> 10 | P36: =SUM(C36:N36) -> 20
B37: 13.45 - 14.00 | C37: 4 | D37: 4 | E37: 1 | F37: 0 | G37: 0 | H37: 0 | I37: 5 | J37: 0 | K37: 0 | L37: 0 | M37: 12 | N37: 0 | O37: =SUM(C37:L37,N37) -> 14 | P37: =SUM(C37:N37) -> 26
B38: 14.00 - 14.15 | C38: 7 | D38: 5 | E38: 1 | F38: 0 | G38: 0 | H38: 0 | I38: 3 | J38: 0 | K38: 0 | L38: 0 | M38: 25 | N38: 0 | O38: =SUM(C38:L38,N38) -> 16 | P38: =SUM(C38:N38) -> 41
B39: 14.15 - 14.30 | C39: 5 | D39: 5 | E39: 0 | F39: 0 | G39: 0 | H39: 0 | I39: 4 | J39: 0 | K39: 0 | L39: 0 | M39: 21 | N39: 0 | O39: =SUM(C39:L39,N39) -> 14 | P39: =SUM(C39:N39) -> 35
B40: 14.30 - 14.45 | C40: 3 | D40: 3 | E40: 0 | F40: 0 | G40: 0 | H40: 0 | I40: 5 | J40: 0 | K40: 0 | L40: 0 | M40: 18 | N40: 0 | O40: =SUM(C40:L40,N40) -> 11 | P40: =SUM(C40:N40) -> 29
... B57: 18.45 - 19.00 | C57: 7 | D57: 4 | E57: 0 | F57: 0 | G57: 0 | H57: 0 | I57: 1 | J57: 0 | K57: 0 | L57: 0 | M57: 12 | N57: 0 | O57: =SUM(C57:L57,N57) -> 12 | P57: =SUM(C57:N57) -> 24
B58: Totals | C58: =SUM(C10:C57) -> 204 | D58: =SUM(D10:D57) -> 174 | E58: =SUM(E10:E57) -> 41 | F58: =SUM(F10:F57) -> 24 | G58: =SUM(G10:G57) -> 2 | H58: =SUM(H10:H57) -> 1 | I58: =SUM(I10:I57) -> 131 | J58: =SUM(J10:J57) -> 8 | ... P58: =SUM(P10:P57) -> 1220
B59: %ges + MCs | C59: =C58/$P$58 -> 0.16721311 | D59: =D58/$P$58 -> 0.14262295 | E59: =E58/$P$58 -> 0.033606557 | F59: =F58/$P$58 -> 0.019672131 | G59: =G58/$P$58 -> 0.0016393443 | H59: =H58/$P$58 -> 0.00081967213 | I59: =I58/$P$58 -> 0.10737705 | J59: =J58/$P$58 -> 0.006557377 | ... N59: =N58/$P$58 -> 0
B60: %ges w/o MCs | C60: =C58/$O$58 -> 0.34812287 | D60: =D58/$O$58 -> 0.29692833 | E60: =E58/$O$58 -> 0.06996587 | F60: =F58/$O$58 -> 0.040955631 | G60: =G58/$O$58 -> 0.0034129693 | H60: =H58/$O$58 -> 0.0017064846 | I60: =I58/$O$58 -> 0.22354949 | J60: =J58/$O$58 -> 0.013651877 | ... L60: =L58/$O$58 -> 0 | N60: =N58/$O$58 -> 0

Sheet 24.09 Wakiso-Bukasa
B1: Consultancy services for Preparation of Expressway Development Master Plan (EDMP) for Uganda
B2: MANUAL CLASSIFIED COUNT (MCC)
B3: ROAD NAME: | C3: ='24.09 Bukasa-Wakiso'!C3:G3 -> MCC-C2-STN-64-BUKASA-WAKISO
C5: Date | D5: ='[1]24.09.2019 BUKASA-WAKISO'!D5 -> 24.09.19 | F5: Location | G5: WAKISO JUNIOR SCH | J5: Surveyor | K5: LEAH TUSASIRWE
C6: Dir. From | D6: WAKISO | F6: Dir. To | G6: BUKASA | J6: Supervisor | K6: NUSURAH
B8: Time / Veh Type | R8: SUMMARY TRAFFIC VOLUMES
C9: 1. Car | D9: 2. Station Wagon | E9: 3. Pickups | F9: 4. Minibus, matatu | G9: 5. Medium bus | H9: 6. Large Bus | I9: 7. Light Truck | J9: 8. Medium Truck | K9: 9. Heavy truck | L9: 10. Truck Trailer | M9: 11. Motor cycles | N9: 12. Tractors | O9: Total Excl M/Cycles | P9: Total All | R9: Time | S9: 1. Car | T9: 2. Station Wagon | U9: 3. Pickups | V9: 4. Minibus, matatu | W9: 5. Medium bus | X9: 6. Large Bus | Y9: 7. Light Truck | Z9: 8. Medium Truck | AA9: 9. Heavy truck | AB9: 10. Truck Trailer | AC9: 11. Motorcycles | AD9: 12. Tractors, Graders | AE9: Total Excl M/ Cycles | AF9: Total All
B10: 07.00 - 07.15 | C10: 4 | D10: 0 | E10: 0 | F10: 1 | G10: 0 | H10: 0 | I10: 1 | J10: 0 | K10: 0 | L10: 0 | M10: 15 | N10: 0 | O10: =SUM(C10:L10,N10) -> 6 | P10: =SUM(C10:N10) -> 21 | R10: 0700-0800 | S10: =SUM(C10:C13) -> 15 | T10: =SUM(D10:D13) -> 2 | U10: =SUM(E10:E13) -> 4 | V10: =SUM(F10:F13) -> 8 | W10: =SUM(G10:G13) -> 1 | X10: =SUM(H10:H13) -> 0 | Y10: =SUM(I10:I13) -> 6 | Z10: =SUM(J10:J13) -> 1 | ... AF10: =SUM(P10:P13) -> 114
B11: 07.15 - 07.30 | C11: 3 | D11: 0 | E11: 0 | F11: 3 | G11: 0 | H11: 0 | I11: 2 | J11: 0 | K11: 0 | L11: 0 | M11: 19 | N11: 0 | O11: =SUM(C11:L11,N11) -> 8 | P11: =SUM(C11:N11) -> 27 | R11: 0800-0900 | S11: =SUM(C14:C17) -> 24 | T11: =SUM(D14:D17) -> 6 | U11: =SUM(E14:E17) -> 6 | V11: =SUM(F14:F17) -> 3 | W11: =SUM(G14:G17) -> 0 | X11: =SUM(H14:H17) -> 0 | Y11: =SUM(I14:I17) -> 7 | Z11: =SUM(J14:J17) -> 2 | ... AF11: =SUM(P14:P17) -> 121
B12: 07.30 - 07.45 | C12: 6 | D12: 1 | E12: 1 | F12: 2 | G12: 1 | H12: 0 | I12: 1 | J12: 0 | K12: 0 | L12: 0 | M12: 28 | N12: 0 | O12: =SUM(C12:L12,N12) -> 12 | P12: =SUM(C12:N12) -> 40 | R12: 0900-1000 | S12: =SUM(C18:C21) -> 16 | T12: =SUM(D18:D21) -> 2 | U12: =SUM(E18:E21) -> 5 | V12: =SUM(F18:F21) -> 1 | W12: =SUM(G18:G21) -> 0 | X12: =SUM(H18:H21) -> 0 | Y12: =SUM(I18:I21) -> 9 | Z12: =SUM(J18:J21) -> 1 | ... AF12: =SUM(P18:P21) -> 126
B13: 07.45 - 08.00 | C13: 2 | D13: 1 | E13: 3 | F13: 2 | G13: 0 | H13: 0 | I13: 2 | J13: 1 | K13: 0 | L13: 0 | M13: 15 | N13: 0 | O13: =SUM(C13:L13,N13) -> 11 | P13: =SUM(C13:N13) -> 26 | R13: 1000-1100 | S13: =SUM(C22:C25) -> 9 | T13: =SUM(D22:D25) -> 8 | U13: =SUM(E22:E25) -> 8 | V13: =SUM(F22:F25) -> 2 | W13: =SUM(G22:G25) -> 0 | X13: =SUM(H22:H25) -> 0 | Y13: =SUM(I22:I25) -> 8 | Z13: =SUM(J22:J25) -> 2 | ... AF13: =SUM(P22:P25) -> 106
B14: 08.00 - 08.15 | C14: 7 | D14: 1 | E14: 0 | F14: 1 | G14: 0 | H14: 0 | I14: 3 | J14: 0 | K14: 0 | L14: 0 | M14: 18 | N14: 0 | O14: =SUM(C14:L14,N14) -> 12 | P14: =SUM(C14:N14) -> 30 | R14: 1100-1200 | S14: =SUM(C26:C29) -> 20 | T14: =SUM(D26:D29) -> 9 | U14: =SUM(E26:E29) -> 6 | V14: =SUM(F26:F29) -> 1 | W14: =SUM(G26:G29) -> 0 | X14: =SUM(H26:H29) -> 0 | Y14: =SUM(I26:I29) -> 7 | Z14: =SUM(J26:J29) -> 1 | ... AF14: =SUM(P26:P29) -> 123
B15: 08.15 - 08.30 | C15: 6 | D15: 5 | E15: 4 | F15: 1 | G15: 0 | H15: 0 | I15: 3 | J15: 0 | K15: 0 | L15: 0 | M15: 17 | N15: 0 | O15: =SUM(C15:L15,N15) -> 19 | P15: =SUM(C15:N15) -> 36 | R15: 1200-1300 | S15: =SUM(C30:C33) -> 24 | T15: =SUM(D30:D33) -> 0 | U15: =SUM(E30:E33) -> 7 | V15: =SUM(F30:F33) -> 1 | W15: =SUM(G30:G33) -> 0 | X15: =SUM(H30:H33) -> 0 | Y15: =SUM(I30:I33) -> 14 | Z15: =SUM(J30:J33) -> 2 | ... AF15: =SUM(P30:P33) -> 124
B16: 08.30 - 08.45 | C16: 6 | D16: 0 | E16: 1 | F16: 0 | G16: 0 | H16: 0 | I16: 0 | J16: 1 | K16: 0 | L16: 0 | M16: 13 | N16: 0 | O16: =SUM(C16:L16,N16) -> 8 | P16: =SUM(C16:N16) -> 21 | R16: 1300-1400 | S16: =SUM(C34:C38) -> 26 | T16: =SUM(D34:D38) -> 2 | U16: =SUM(E34:E38) -> 4 | V16: =SUM(F34:F38) -> 3 | W16: =SUM(G34:G38) -> 1 | X16: =SUM(H34:H38) -> 0 | Y16: =SUM(I34:I38) -> 13 | Z16: =SUM(J34:J38) -> 5 | ... AC16: =SUM(M34:M38) -> 88 | AD16: =SUM(N34:N37) -> 0 | AE16: =SUM(O34:O37) -> 42 | AF16: =SUM(P34:P37) -> 115
B17: 08.45 - 9.00 | C17: 5 | D17: 0 | E17: 1 | F17: 1 | G17: 0 | H17: 0 | I17: 1 | J17: 1 | K17: 0 | L17: 0 | M17: 25 | N17: 0 | O17: =SUM(C17:L17,N17) -> 9 | P17: =SUM(C17:N17) -> 34 | R17: 1400-1500 | S17: =SUM(C39:C42) -> 18 | T17: =SUM(D39:D42) -> 1 | U17: =SUM(E39:E42) -> 3 | V17: =SUM(F39:F42) -> 0 | W17: =SUM(G39:G42) -> 0 | X17: =SUM(H39:H42) -> 0 | Y17: =SUM(I39:I42) -> 5 | Z17: =SUM(J39:J42) -> 3 | ... AC17: =SUM(M39:M42) -> 62 | AD17: =SUM(N38:N41) -> 0 | AE17: =SUM(O38:O41) -> 35 | AF17: =SUM(P38:P41) -> 95
B18: 09.00 - 09.15 | C18: 8 | D18: 0 | E18: 2 | F18: 0 | G18: 0 | H18: 0 | I18: 3 | J18: 0 | K18: 0 | L18: 0 | M18: 30 | N18: 0 | O18: =SUM(C18:L18,N18) -> 13 | P18: =SUM(C18:N18) -> 43 | R18: 1500-1600 | S18: =SUM(C43:C46) -> 21 | T18: =SUM(D43:D46) -> 2 | U18: =SUM(E43:E46) -> 8 | V18: =SUM(F43:F46) -> 3 | W18: =SUM(G43:G46) -> 0 | X18: =SUM(H43:H46) -> 0 | Y18: =SUM(I43:I46) -> 7 | Z18: =SUM(J43:J46) -> 3 | ... AC18: =SUM(M43:M46) -> 45 | AD18: =SUM(N42:N45) -> 1 | AE18: =SUM(O42:O45) -> 43 | AF18: =SUM(P42:P45) -> 104
B19: 09.15 - 09.30 | C19: 4 | D19: 2 | E19: 1 | F19: 1 | G19: 0 | H19: 0 | I19: 3 | J19: 0 | K19: 0 | L19: 0 | M19: 19 | N19: 0 | O19: =SUM(C19:L19,N19) -> 11 | P19: =SUM(C19:N19) -> 30 | R19: 1600-1700 | S19: =SUM(C47:C50) -> 17 | T19: =SUM(D47:D50) -> 4 | U19: =SUM(E47:E50) -> 3 | V19: =SUM(F47:F50) -> 5 | W19: =SUM(G47:G50) -> 2 | X19: =SUM(H47:H50) -> 0 | Y19: =SUM(I47:I50) -> 7 | Z19: =SUM(J47:J50) -> 2 | ... AC19: =SUM(M47:M50) -> 90 | AD19: =SUM(N46:N49) -> 0 | AE19: =SUM(O46:O49) -> 47 | AF19: =SUM(P46:P49) -> 111
B20: 09.30 - 09.45 | C20: 2 | D20: 0 | E20: 1 | F20: 0 | G20: 0 | H20: 0 | I20: 1 | J20: 1 | K20: 0 | L20: 0 | M20: 28 | N20: 0 | O20: =SUM(C20:L20,N20) -> 5 | P20: =SUM(C20:N20) -> 33 | R20: 1700-1800 | S20: =SUM(C51:C53) -> 27 | T20: =SUM(D51:D53) -> 3 | U20: =SUM(E51:E53) -> 4 | V20: =SUM(F51:F53) -> 4 | W20: =SUM(G51:G53) -> 0 | X20: =SUM(H51:H53) -> 0 | Y20: =SUM(I51:I53) -> 6 | Z20: =SUM(J51:J53) -> 5 | ... AC20: =SUM(M51:M53) -> 72 | AD20: =SUM(N50:N53) -> 0 | AE20: =SUM(O50:O53) -> 58 | AF20: =SUM(P50:P53) -> 157
B21: 09.45 - 10.00 | C21: 2 | D21: 0 | E21: 1 | F21: 0 | G21: 0 | H21: 0 | I21: 2 | J21: 0 | K21: 0 | L21: 0 | M21: 15 | N21: 0 | O21: =SUM(C21:L21,N21) -> 5 | P21: =SUM(C21:N21) -> 20 | R21: 1800-1900 | S21: =SUM(C54:C57) -> 26 | T21: =SUM(D54:D57) -> 8 | U21: =SUM(E54:E57) -> 8 | V21: =SUM(F54:F57) -> 8 | W21: =SUM(G54:G57) -> 1 | X21: =SUM(H54:H57) -> 0 | Y21: =SUM(I54:I57) -> 6 | Z21: =SUM(J54:J57) -> 7 | ... AF21: =SUM(P54:P57) -> 161
B22: 10.00 - 10.15 | C22: 3 | D22: 1 | E22: 2 | F22: 0 | G22: 0 | H22: 0 | I22: 3 | J22: 0 | K22: 1 | L22: 0 | M22: 24 | N22: 0 | O22: =SUM(C22:L22,N22) -> 10 | P22: =SUM(C22:N22) -> 34 | R22: AM Peak Hr | S22: =MAX(S10:S12) -> 24 | T22: =MAX(T10:T12) -> 6 | U22: =MAX(U10:U12) -> 6 | V22: =MAX(V10:V12) -> 8 | W22: =MAX(W10:W12) -> 1 | X22: =MAX(X10:X12) -> 0 | Y22: =MAX(Y10:Y12) -> 9 | Z22: =MAX(Z10:Z12) -> 2 | ... AF22: =MAX(AF10:AF12) -> 126
B23: 10.15 - 10.30 | C23: 1 | D23: 3 | E23: 0 | F23: 0 | G23: 0 | H23: 0 | I23: 2 | J23: 1 | K23: 0 | L23: 0 | M23: 18 | N23: 0 | O23: =SUM(C23:L23,N23) -> 7 | P23: =SUM(C23:N23) -> 25 | R23: IP Peak Hr | S23: =MAX(S13:S18) -> 26 | T23: =MAX(T13:T18) -> 9 | U23: =MAX(U13:U18) -> 8 | V23: =MAX(V13:V18) -> 3 | W23: =MAX(W13:W18) -> 1 | X23: =MAX(X13:X18) -> 0 | Y23: =MAX(Y13:Y18) -> 14 | Z23: =MAX(Z13:Z18) -> 5 | ... AF23: =MAX(AF13:AF18) -> 124
B24: 10.30 - 10.45 | C24: 4 | D24: 2 | E24: 3 | F24: 1 | G24: 0 | H24: 0 | I24: 2 | J24: 0 | K24: 0 | L24: 0 | M24: 11 | N24: 0 | O24: =SUM(C24:L24,N24) -> 12 | P24: =SUM(C24:N24) -> 23 | R24: PM Peak Hr | S24: =MAX(S19:S21) -> 27 | T24: =MAX(T19:T21) -> 8 | U24: =MAX(U19:U21) -> 8 | V24: =MAX(V19:V21) -> 8 | W24: =MAX(W19:W21) -> 2 | X24: =MAX(X19:X21) -> 0 | Y24: =MAX(Y19:Y21) -> 7 | Z24: =MAX(Z19:Z21) -> 7 | ... AF24: =MAX(AF19:AF21) -> 161
B25: 10.45 - 11.00 | C25: 1 | D25: 2 | E25: 3 | F25: 1 | G25: 0 | H25: 0 | I25: 1 | J25: 1 | K25: 0 | L25: 0 | M25: 15 | N25: 0 | O25: =SUM(C25:L25,N25) -> 9 | P25: =SUM(C25:N25) -> 24 | R25: AM Period | S25: =SUM(S10:S12) -> 55 | T25: =SUM(T10:T12) -> 10 | U25: =SUM(U10:U12) -> 15 | V25: =SUM(V10:V12) -> 12 | W25: =SUM(W10:W12) -> 1 | X25: =SUM(X10:X12) -> 0 | Y25: =SUM(Y10:Y12) -> 22 | Z25: =SUM(Z10:Z12) -> 4 | ... AF25: =SUM(AF10:AF12) -> 361
B26: 11.00 - 11.15 | C26: 6 | D26: 2 | E26: 1 | F26: 0 | G26: 0 | H26: 0 | I26: 1 | J26: 0 | K26: 0 | L26: 0 | M26: 18 | N26: 0 | O26: =SUM(C26:L26,N26) -> 10 | P26: =SUM(C26:N26) -> 28 | R26: IP Period | S26: =SUM(S13:S18) -> 118 | T26: =SUM(T13:T18) -> 22 | U26: =SUM(U13:U18) -> 36 | V26: =SUM(V13:V18) -> 10 | W26: =SUM(W13:W18) -> 1 | X26: =SUM(X13:X18) -> 0 | Y26: =SUM(Y13:Y18) -> 54 | Z26: =SUM(Z13:Z18) -> 16 | ... AF26: =SUM(AF13:AF18) -> 667
B27: 11.15 - 11.30 | C27: 1 | D27: 2 | E27: 0 | F27: 0 | G27: 0 | H27: 0 | I27: 4 | J27: 0 | K27: 0 | L27: 0 | M27: 7 | N27: 0 | O27: =SUM(C27:L27,N27) -> 7 | P27: =SUM(C27:N27) -> 14 | R27: PM Period | S27: =SUM(S19:S21) -> 70 | T27: =SUM(T19:T21) -> 15 | U27: =SUM(U19:U21) -> 15 | V27: =SUM(V19:V21) -> 17 | W27: =SUM(W19:W21) -> 3 | X27: =SUM(X19:X21) -> 0 | Y27: =SUM(Y19:Y21) -> 19 | Z27: =SUM(Z19:Z21) -> 14 | ... AF27: =SUM(AF19:AF21) -> 429
B28: 11.30 - 11.45 | C28: 7 | D28: 4 | E28: 2 | F28: 1 | G28: 0 | H28: 0 | I28: 2 | J28: 0 | K28: 1 | L28: 0 | M28: 32 | N28: 0 | O28: =SUM(C28:L28,N28) -> 17 | P28: =SUM(C28:N28) -> 49 | R28: 12 Hours | S28: =SUM(S10:S21) -> 243 | T28: =SUM(T10:T21) -> 47 | U28: =SUM(U10:U21) -> 66 | V28: =SUM(V10:V21) -> 39 | W28: =SUM(W10:W21) -> 5 | X28: =SUM(X10:X21) -> 0 | Y28: =SUM(Y10:Y21) -> 95 | Z28: =SUM(Z10:Z21) -> 34 | ... AF28: =SUM(AF10:AF21) -> 1457
B29: 11.45 - 12.00 | C29: 6 | D29: 1 | E29: 3 | F29: 0 | G29: 0 | H29: 0 | I29: 0 | J29: 1 | K29: 1 | L29: 0 | M29: 20 | N29: 0 | O29: =SUM(C29:L29,N29) -> 12 | P29: =SUM(C29:N29) -> 32
B30: 12.00 - 12.15 | C30: 4 | D30: 0 | E30: 0 | F30: 0 | G30: 0 | H30: 0 | I30: 4 | J30: 0 | K30: 0 | L30: 0 | M30: 21 | N30: 0 | O30: =SUM(C30:L30,N30) -> 8 | P30: =SUM(C30:N30) -> 29
B31: 12.15 - 12.30 | C31: 10 | D31: 0 | E31: 4 | F31: 0 | G31: 0 | H31: 0 | I31: 4 | J31: 0 | K31: 0 | L31: 0 | M31: 28 | N31: 0 | O31: =SUM(C31:L31,N31) -> 18 | P31: =SUM(C31:N31) -> 46
B32: 12.30 - 12.45 | C32: 8 | D32: 0 | E32: 2 | F32: 0 | G32: 0 | H32: 0 | I32: 4 | J32: 2 | K32: 0 | L32: 0 | M32: 19 | N32: 0 | O32: =SUM(C32:L32,N32) -> 16 | P32: =SUM(C32:N32) -> 35
B33: 12.45 - 13.00 | C33: 2 | D33: 0 | E33: 1 | F33: 1 | G33: 0 | H33: 0 | I33: 2 | J33: 0 | K33: 0 | L33: 0 | M33: 8 | N33: 0 | O33: =SUM(C33:L33,N33) -> 6 | P33: =SUM(C33:N33) -> 14
B34: 13.00 - 13.15 | C34: 6 | D34: 1 | E34: 0 | F34: 0 | G34: 0 | H34: 0 | I34: 3 | J34: 1 | K34: 0 | L34: 0 | M34: 13 | N34: 0 | O34: =SUM(C34:L34,N34) -> 11 | P34: =SUM(C34:N34) -> 24
B35: 13.15 - 13.30 | C35: 5 | D35: 0 | E35: 0 | F35: 0 | G35: 0 | H35: 0 | I35: 3 | J35: 0 | K35: 0 | L35: 0 | M35: 25 | N35: 0 | O35: =SUM(C35:L35,N35) -> 8 | P35: =SUM(C35:N35) -> 33
B36: 13.30 - 13.45 | C36: 5 | D36: 1 | E36: 1 | F36: 0 | G36: 0 | H36: 0 | I36: 2 | J36: 1 | K36: 0 | L36: 0 | M36: 14 | N36: 0 | O36: =SUM(C36:L36,N36) -> 10 | P36: =SUM(C36:N36) -> 24
B37: 13.45 - 14.00 | C37: 4 | D37: 0 | E37: 1 | F37: 2 | G37: 0 | H37: 0 | I37: 3 | J37: 2 | K37: 1 | L37: 0 | M37: 21 | N37: 0 | O37: =SUM(C37:L37,N37) -> 13 | P37: =SUM(C37:N37) -> 34
B38: 14.00 - 14.15 | C38: 6 | D38: 0 | E38: 2 | F38: 1 | G38: 1 | H38: 0 | I38: 2 | J38: 1 | K38: 0 | L38: 0 | M38: 15 | N38: 0 | O38: =SUM(C38:L38,N38) -> 13 | P38: =SUM(C38:N38) -> 28
B39: 14.15 - 14.30 | C39: 4 | D39: 0 | E39: 0 | F39: 0 | G39: 0 | H39: 0 | I39: 1 | J39: 1 | K39: 0 | L39: 0 | M39: 11 | N39: 0 | O39: =SUM(C39:L39,N39) -> 6 | P39: =SUM(C39:N39) -> 17
B40: 14.30 - 14.45 | C40: 3 | D40: 1 | E40: 0 | F40: 0 | G40: 0 | H40: 0 | I40: 2 | J40: 0 | K40: 0 | L40: 0 | M40: 15 | N40: 0 | O40: =SUM(C40:L40,N40) -> 6 | P40: =SUM(C40:N40) -> 21
... B57: 18.45 - 19.00 | C57: 3 | D57: 1 | E57: 4 | F57: 2 | G57: 0 | H57: 0 | I57: 1 | J57: 2 | K57: 0 | L57: 0 | M57: 22 | N57: 0 | O57: =SUM(C57:L57,N57) -> 13 | P57: =SUM(C57:N57) -> 35
B58: Totals | C58: =SUM(C10:C57) -> 243 | D58: =SUM(D10:D57) -> 47 | E58: =SUM(E10:E57) -> 66 | F58: =SUM(F10:F57) -> 39 | G58: =SUM(G10:G57) -> 5 | H58: =SUM(H10:H57) -> 0 | I58: =SUM(I10:I57) -> 95 | J58: =SUM(J10:J57) -> 34 | ... N58: =SUM(N10:N57) -> 1 | O58: =SUM(C58:L58,N58) -> 540 | P58: =SUM(P10:P57) -> 1457
B59: %ges + MCs | C59: =C58/$P$58 -> 0.16678106 | D59: =D58/$P$58 -> 0.032258065 | E59: =E58/$P$58 -> 0.045298559 | F59: =F58/$P$58 -> 0.02676733 | G59: =G58/$P$58 -> 0.003431709 | H59: =H58/$P$58 -> 0 | I59: =I58/$P$58 -> 0.065202471 | J59: =J58/$P$58 -> 0.023335621 | ... N59: =N58/$P$58 -> 0.0006863418
B60: %ges w/o MCs | C60: =C58/$O$58 -> 0.45 | D60: =D58/$O$58 -> 0.087037037 | E60: =E58/$O$58 -> 0.12222222 | F60: =F58/$O$58 -> 0.072222222 | G60: =G58/$O$58 -> 0.0092592593 | H60: =H58/$O$58 -> 0 | I60: =I58/$O$58 -> 0.17592593 | J60: =J58/$O$58 -> 0.062962963 | ... L60: =L58/$O$58 -> 0 | N60: =N58/$O$58 -> 0.0018518519

Sheet 25.09 Bukasa-Wakiso
B1: Consultancy services for Preparation of Expressway Development Master Plan (EDMP) for Uganda
B2: MANUAL CLASSIFIED COUNT (MCC)
B3: ROAD NAME: | C3: ='23.09 Bukasa-Wakiso'!C3:G3 -> MCC - C2 - STN0-64- BUKASA-WAKISO ROAD
C5: Date | D5: 24.09.19 | F5: Location | G5: ='23.09 Bukasa-Wakiso'!G5:H5 -> Wakiso Junior Sch. | J5: Surveyor | K5: ='23.09 Bukasa-Wakiso'!K5:L5 -> Farida
C6: Dir. From | D6: ='23.09 Bukasa-Wakiso'!D6:E6 -> Bukasa | F6: Dir. To | G6: ='23.09 Bukasa-Wakiso'!G6:H6 -> Wakiso | J6: Supervisor | K6: ='23.09 Bukasa-Wakiso'!K6:L6 -> Nusurah
B8: Time / Veh Type | R8: SUMMARY TRAFFIC VOLUMES
C9: 1. Car | D9: 2. Station Wagon | E9: 3. Pickups | F9: 4. Minibus, matatu | G9: 5. Medium bus | H9: 6. Large Bus | I9: 7. Light Truck | J9: 8. Medium Truck | K9: 9. Heavy truck | L9: 10. Truck Trailer | M9: 11. Motor cycles | N9: 12. Tractors | O9: Total Excl M/Cycles | P9: Total All | R9: Time | S9: 1. Car | T9: 2. Station Wagon | U9: 3. Pickups | V9: 4. Minibus, matatu | W9: 5. Medium bus | X9: 6. Large Bus | Y9: 7. Light Truck | Z9: 8. Medium Truck | AA9: 9. Heavy truck | AB9: 10. Truck Trailer | AC9: 11. Motorcycles | AD9: 12. Tractors, Graders | AE9: Total Excl M/ Cycles | AF9: Total All
B10: 07.00 - 07.15 | C10: 10 | D10: 5 | E10: 1 | F10: 2 | G10: 1 | H10: 0 | I10: 3 | J10: 0 | K10: 0 | L10: 0 | M10: 15 | N10: 0 | O10: =SUM(C10:L10,N10) -> 22 | P10: =SUM(C10:N10) -> 37 | R10: 0700-0800 | S10: =SUM(C10:C13) -> 25 | T10: =SUM(D10:D13) -> 22 | U10: =SUM(E10:E13) -> 3 | V10: =SUM(F10:F13) -> 6 | W10: =SUM(G10:G13) -> 1 | X10: =SUM(H10:H13) -> 0 | Y10: =SUM(I10:I13) -> 12 | Z10: =SUM(J10:J13) -> 1 | ... AF10: =SUM(P10:P13) -> 120
B11: 07.15 - 07.30 | C11: 4 | D11: 4 | E11: 1 | F11: 1 | G11: 0 | H11: 0 | I11: 2 | J11: 0 | K11: 0 | L11: 0 | M11: 13 | N11: 0 | O11: =SUM(C11:L11,N11) -> 12 | P11: =SUM(C11:N11) -> 25 | R11: 0800-0900 | S11: =SUM(C14:C17) -> 32 | T11: =SUM(D14:D17) -> 25 | U11: =SUM(E14:E17) -> 3 | V11: =SUM(F14:F17) -> 7 | W11: =SUM(G14:G17) -> 0 | X11: =SUM(H14:H17) -> 0 | Y11: =SUM(I14:I17) -> 9 | Z11: =SUM(J14:J17) -> 0 | ... AF11: =SUM(P14:P17) -> 151
B12: 07.30 - 07.45 | C12: 4 | D12: 1 | E12: 1 | F12: 2 | G12: 0 | H12: 0 | I12: 4 | J12: 0 | K12: 0 | L12: 0 | M12: 8 | N12: 0 | O12: =SUM(C12:L12,N12) -> 12 | P12: =SUM(C12:N12) -> 20 | R12: 0900-1000 | S12: =SUM(C18:C21) -> 25 | T12: =SUM(D18:D21) -> 14 | U12: =SUM(E18:E21) -> 3 | V12: =SUM(F18:F21) -> 0 | W12: =SUM(G18:G21) -> 0 | X12: =SUM(H18:H21) -> 0 | Y12: =SUM(I18:I21) -> 13 | Z12: =SUM(J18:J21) -> 2 | ... AF12: =SUM(P18:P21) -> 120
B13: 07.45 - 08.00 | C13: 7 | D13: 12 | E13: 0 | F13: 1 | G13: 0 | H13: 0 | I13: 3 | J13: 1 | K13: 0 | L13: 0 | M13: 14 | N13: 0 | O13: =SUM(C13:L13,N13) -> 24 | P13: =SUM(C13:N13) -> 38 | R13: 1000-1100 | S13: =SUM(C22:C25) -> 20 | T13: =SUM(D22:D25) -> 15 | U13: =SUM(E22:E25) -> 4 | V13: =SUM(F22:F25) -> 2 | W13: =SUM(G22:G25) -> 0 | X13: =SUM(H22:H25) -> 0 | Y13: =SUM(I22:I25) -> 17 | Z13: =SUM(J22:J25) -> 5 | ... AF13: =SUM(P22:P25) -> 123
B14: 08.00 - 08.15 | C14: 8 | D14: 7 | E14: 1 | F14: 4 | G14: 0 | H14: 0 | I14: 0 | J14: 0 | K14: 0 | L14: 0 | M14: 18 | N14: 0 | O14: =SUM(C14:L14,N14) -> 20 | P14: =SUM(C14:N14) -> 38 | R14: 1100-1200 | S14: =SUM(C26:C29) -> 12 | T14: =SUM(D26:D29) -> 5 | U14: =SUM(E26:E29) -> 5 | V14: =SUM(F26:F29) -> 1 | W14: =SUM(G26:G29) -> 0 | X14: =SUM(H26:H29) -> 0 | Y14: =SUM(I26:I29) -> 11 | Z14: =SUM(J26:J29) -> 1 | ... AF14: =SUM(P26:P29) -> 91
B15: 08.15 - 08.30 | C15: 10 | D15: 5 | E15: 1 | F15: 0 | G15: 0 | H15: 0 | I15: 3 | J15: 0 | K15: 1 | L15: 0 | M15: 20 | N15: 0 | O15: =SUM(C15:L15,N15) -> 20 | P15: =SUM(C15:N15) -> 40 | R15: 1200-1300 | S15: =SUM(C30:C33) -> 14 | T15: =SUM(D30:D33) -> 13 | U15: =SUM(E30:E33) -> 2 | V15: =SUM(F30:F33) -> 2 | W15: =SUM(G30:G33) -> 0 | X15: =SUM(H30:H33) -> 0 | Y15: =SUM(I30:I33) -> 10 | Z15: =SUM(J30:J33) -> 2 | ... AF15: =SUM(P30:P33) -> 97
B16: 08.30 - 08.45 | C16: 8 | D16: 6 | E16: 1 | F16: 1 | G16: 0 | H16: 0 | I16: 2 | J16: 0 | K16: 0 | L16: 0 | M16: 21 | N16: 0 | O16: =SUM(C16:L16,N16) -> 18 | P16: =SUM(C16:N16) -> 39 | R16: 1300-1400 | S16: =SUM(C34:C37) -> 18 | T16: =SUM(D34:D37) -> 12 | U16: =SUM(E34:E37) -> 1 | V16: =SUM(F34:F37) -> 2 | W16: =SUM(G34:G37) -> 0 | X16: =SUM(H34:H37) -> 0 | Y16: =SUM(I34:I37) -> 8 | Z16: =SUM(J34:J37) -> 1 | ... AF16: =SUM(P34:P37) -> 76
B17: 08.45 - 9.00 | C17: 6 | D17: 7 | E17: 0 | F17: 2 | G17: 0 | H17: 0 | I17: 4 | J17: 0 | K17: 0 | L17: 0 | M17: 15 | N17: 0 | O17: =SUM(C17:L17,N17) -> 19 | P17: =SUM(C17:N17) -> 34 | R17: 1400-1500 | S17: =SUM(C38:C41) -> 23 | T17: =SUM(D38:D41) -> 22 | U17: =SUM(E38:E41) -> 4 | V17: =SUM(F38:F41) -> 2 | W17: =SUM(G38:G41) -> 0 | X17: =SUM(H38:H41) -> 0 | Y17: =SUM(I38:I41) -> 8 | Z17: =SUM(J38:J41) -> 0 | ... AF17: =SUM(P38:P41) -> 112
B18: 09.00 - 09.15 | C18: 7 | D18: 4 | E18: 0 | F18: 0 | G18: 0 | H18: 0 | I18: 5 | J18: 0 | K18: 0 | L18: 0 | M18: 13 | N18: 0 | O18: =SUM(C18:L18,N18) -> 16 | P18: =SUM(C18:N18) -> 29 | R18: 1500-1600 | S18: =SUM(C42:C45) -> 20 | T18: =SUM(D42:D45) -> 18 | U18: =SUM(E42:E45) -> 7 | V18: =SUM(F42:F45) -> 3 | W18: =SUM(G42:G45) -> 0 | X18: =SUM(H42:H45) -> 0 | Y18: =SUM(I42:I45) -> 10 | Z18: =SUM(J42:J45) -> 0 | ... AF18: =SUM(P42:P45) -> 118
B19: 09.15 - 09.30 | C19: 8 | D19: 5 | E19: 1 | F19: 0 | G19: 0 | H19: 0 | I19: 3 | J19: 1 | K19: 0 | L19: 0 | M19: 10 | N19: 0 | O19: =SUM(C19:L19,N19) -> 18 | P19: =SUM(C19:N19) -> 28 | R19: 1600-1700 | S19: =SUM(C46:C49) -> 17 | T19: =SUM(D46:D49) -> 12 | U19: =SUM(E46:E49) -> 4 | V19: =SUM(F46:F49) -> 4 | W19: =SUM(G46:G49) -> 0 | X19: =SUM(H46:H49) -> 0 | Y19: =SUM(I46:I49) -> 7 | Z19: =SUM(J46:J49) -> 0 | ... AF19: =SUM(P46:P49) -> 99
B20: 09.30 - 09.45 | C20: 4 | D20: 2 | E20: 0 | F20: 0 | G20: 0 | H20: 0 | I20: 2 | J20: 1 | K20: 0 | L20: 0 | M20: 22 | N20: 0 | O20: =SUM(C20:L20,N20) -> 9 | P20: =SUM(C20:N20) -> 31 | R20: 1700-1800 | S20: =SUM(C50:C53) -> 22 | T20: =SUM(D50:D53) -> 14 | U20: =SUM(E50:E53) -> 7 | V20: =SUM(F50:F53) -> 7 | W20: =SUM(G50:G53) -> 2 | X20: =SUM(H50:H53) -> 0 | Y20: =SUM(I50:I53) -> 7 | Z20: =SUM(J50:J53) -> 3 | ... AF20: =SUM(P50:P53) -> 123
B21: 09.45 - 10.00 | C21: 6 | D21: 3 | E21: 2 | F21: 0 | G21: 0 | H21: 0 | I21: 3 | J21: 0 | K21: 0 | L21: 0 | M21: 18 | N21: 0 | O21: =SUM(C21:L21,N21) -> 14 | P21: =SUM(C21:N21) -> 32 | R21: 1800-1900 | S21: =SUM(C54:C57) -> 18 | T21: =SUM(D54:D57) -> 17 | U21: =SUM(E54:E57) -> 3 | V21: =SUM(F54:F57) -> 3 | W21: =SUM(G54:G57) -> 0 | X21: =SUM(H54:H57) -> 0 | Y21: =SUM(I54:I57) -> 10 | Z21: =SUM(J54:J57) -> 1 | ... AF21: =SUM(P54:P57) -> 140
B22: 10.00 - 10.15 | C22: 4 | D22: 4 | E22: 2 | F22: 2 | G22: 0 | H22: 0 | I22: 8 | J22: 3 | K22: 0 | L22: 0 | M22: 22 | N22: 0 | O22: =SUM(C22:L22,N22) -> 23 | P22: =SUM(C22:N22) -> 45 | R22: AM Peak Hr | S22: =MAX(S10:S12) -> 32 | T22: =MAX(T10:T12) -> 25 | U22: =MAX(U10:U12) -> 3 | V22: =MAX(V10:V12) -> 7 | W22: =MAX(W10:W12) -> 1 | X22: =MAX(X10:X12) -> 0 | Y22: =MAX(Y10:Y12) -> 13 | Z22: =MAX(Z10:Z12) -> 2 | ... AF22: =MAX(AF10:AF12) -> 151
B23: 10.15 - 10.30 | C23: 5 | D23: 3 | E23: 2 | F23: 0 | G23: 0 | H23: 0 | I23: 5 | J23: 0 | K23: 0 | L23: 0 | M23: 17 | N23: 0 | O23: =SUM(C23:L23,N23) -> 15 | P23: =SUM(C23:N23) -> 32 | R23: IP Peak Hr | S23: =MAX(S13:S18) -> 23 | T23: =MAX(T13:T18) -> 22 | U23: =MAX(U13:U18) -> 7 | V23: =MAX(V13:V18) -> 3 | W23: =MAX(W13:W18) -> 0 | X23: =MAX(X13:X18) -> 0 | Y23: =MAX(Y13:Y18) -> 17 | Z23: =MAX(Z13:Z18) -> 5 | ... AF23: =MAX(AF13:AF18) -> 123
B24: 10.30 - 10.45 | C24: 5 | D24: 5 | E24: 0 | F24: 0 | G24: 0 | H24: 0 | I24: 3 | J24: 1 | K24: 0 | L24: 0 | M24: 12 | N24: 0 | O24: =SUM(C24:L24,N24) -> 14 | P24: =SUM(C24:N24) -> 26 | R24: PM Peak Hr | S24: =MAX(S19:S21) -> 22 | T24: =MAX(T19:T21) -> 17 | U24: =MAX(U19:U21) -> 7 | V24: =MAX(V19:V21) -> 7 | W24: =MAX(W19:W21) -> 2 | X24: =MAX(X19:X21) -> 0 | Y24: =MAX(Y19:Y21) -> 10 | Z24: =MAX(Z19:Z21) -> 3 | ... AF24: =MAX(AF19:AF21) -> 140
B25: 10.45 - 11.00 | C25: 6 | D25: 3 | E25: 0 | F25: 0 | G25: 0 | H25: 0 | I25: 1 | J25: 1 | K25: 0 | L25: 0 | M25: 9 | N25: 0 | O25: =SUM(C25:L25,N25) -> 11 | P25: =SUM(C25:N25) -> 20 | R25: AM Period | S25: =SUM(S10:S12) -> 82 | T25: =SUM(T10:T12) -> 61 | U25: =SUM(U10:U12) -> 9 | V25: =SUM(V10:V12) -> 13 | W25: =SUM(W10:W12) -> 1 | X25: =SUM(X10:X12) -> 0 | Y25: =SUM(Y10:Y12) -> 34 | Z25: =SUM(Z10:Z12) -> 3 | ... AF25: =SUM(AF10:AF12) -> 391
B26: 11.00 - 11.15 | C26: 4 | D26: 0 | E26: 1 | F26: 0 | G26: 0 | H26: 0 | I26: 1 | J26: 0 | K26: 0 | L26: 0 | M26: 12 | N26: 0 | O26: =SUM(C26:L26,N26) -> 6 | P26: =SUM(C26:N26) -> 18 | R26: IP Period | S26: =SUM(S13:S18) -> 107 | T26: =SUM(T13:T18) -> 85 | U26: =SUM(U13:U18) -> 23 | V26: =SUM(V13:V18) -> 12 | W26: =SUM(W13:W18) -> 0 | X26: =SUM(X13:X18) -> 0 | Y26: =SUM(Y13:Y18) -> 64 | Z26: =SUM(Z13:Z18) -> 9 | ... AF26: =SUM(AF13:AF18) -> 617
B27: 11.15 - 11.30 | C27: 1 | D27: 0 | E27: 2 | F27: 0 | G27: 0 | H27: 0 | I27: 1 | J27: 0 | K27: 0 | L27: 0 | M27: 16 | N27: 0 | O27: =SUM(C27:L27,N27) -> 4 | P27: =SUM(C27:N27) -> 20 | R27: PM Period | S27: =SUM(S19:S21) -> 57 | T27: =SUM(T19:T21) -> 43 | U27: =SUM(U19:U21) -> 14 | V27: =SUM(V19:V21) -> 14 | W27: =SUM(W19:W21) -> 2 | X27: =SUM(X19:X21) -> 0 | Y27: =SUM(Y19:Y21) -> 24 | Z27: =SUM(Z19:Z21) -> 4 | ... AF27: =SUM(AF19:AF21) -> 362
B28: 11.30 - 11.45 | C28: 3 | D28: 3 | E28: 1 | F28: 1 | G28: 0 | H28: 0 | I28: 6 | J28: 1 | K28: 0 | L28: 0 | M28: 15 | N28: 0 | O28: =SUM(C28:L28,N28) -> 15 | P28: =SUM(C28:N28) -> 30 | R28: 12 Hours | S28: =SUM(S10:S21) -> 246 | T28: =SUM(T10:T21) -> 189 | U28: =SUM(U10:U21) -> 46 | V28: =SUM(V10:V21) -> 39 | W28: =SUM(W10:W21) -> 3 | X28: =SUM(X10:X21) -> 0 | Y28: =SUM(Y10:Y21) -> 122 | Z28: =SUM(Z10:Z21) -> 16 | ... AF28: =SUM(AF10:AF21) -> 1370
B29: 11.45 - 12.00 | C29: 4 | D29: 2 | E29: 1 | F29: 0 | G29: 0 | H29: 0 | I29: 3 | J29: 0 | K29: 0 | L29: 0 | M29: 13 | N29: 0 | O29: =SUM(C29:L29,N29) -> 10 | P29: =SUM(C29:N29) -> 23
B30: 12.00 - 12.15 | C30: 4 | D30: 5 | E30: 0 | F30: 2 | G30: 0 | H30: 0 | I30: 1 | J30: 1 | K30: 0 | L30: 0 | M30: 13 | N30: 0 | O30: =SUM(C30:L30,N30) -> 13 | P30: =SUM(C30:N30) -> 26
B31: 12.15 - 12.30 | C31: 3 | D31: 1 | E31: 1 | F31: 0 | G31: 0 | H31: 0 | I31: 0 | J31: 0 | K31: 0 | L31: 0 | M31: 14 | N31: 0 | O31: =SUM(C31:L31,N31) -> 5 | P31: =SUM(C31:N31) -> 19
B32: 12.30 - 12.45 | C32: 4 | D32: 4 | E32: 1 | F32: 0 | G32: 0 | H32: 0 | I32: 7 | J32: 1 | K32: 0 | L32: 0 | M32: 15 | N32: 0 | O32: =SUM(C32:L32,N32) -> 17 | P32: =SUM(C32:N32) -> 32
B33: 12.45 - 13.00 | C33: 3 | D33: 3 | E33: 0 | F33: 0 | G33: 0 | H33: 0 | I33: 2 | J33: 0 | K33: 0 | L33: 0 | M33: 12 | N33: 0 | O33: =SUM(C33:L33,N33) -> 8 | P33: =SUM(C33:N33) -> 20
B34: 13.00 - 13.15 | C34: 3 | D34: 4 | E34: 1 | F34: 2 | G34: 0 | H34: 0 | I34: 2 | J34: 0 | K34: 0 | L34: 0 | M34: 8 | N34: 0 | O34: =SUM(C34:L34,N34) -> 12 | P34: =SUM(C34:N34) -> 20
B35: 13.15 - 13.30 | C35: 4 | D35: 4 | E35: 0 | F35: 0 | G35: 0 | H35: 0 | I35: 1 | J35: 1 | K35: 0 | L35: 0 | M35: 7 | N35: 0 | O35: =SUM(C35:L35,N35) -> 10 | P35: =SUM(C35:N35) -> 17
B36: 13.30 - 13.45 | C36: 7 | D36: 4 | E36: 0 | F36: 0 | G36: 0 | H36: 0 | I36: 2 | J36: 0 | K36: 0 | L36: 0 | M36: 12 | N36: 0 | O36: =SUM(C36:L36,N36) -> 13 | P36: =SUM(C36:N36) -> 25
B37: 13.45 - 14.00 | C37: 4 | D37: 0 | E37: 0 | F37: 0 | G37: 0 | H37: 0 | I37: 3 | J37: 0 | K37: 0 | L37: 0 | M37: 7 | N37: 0 | O37: =SUM(C37:L37,N37) -> 7 | P37: =SUM(C37:N37) -> 14
B38: 14.00 - 14.15 | C38: 10 | D38: 8 | E38: 0 | F38: 0 | G38: 0 | H38: 0 | I38: 1 | J38: 0 | K38: 0 | L38: 0 | M38: 15 | N38: 0 | O38: =SUM(C38:L38,N38) -> 19 | P38: =SUM(C38:N38) -> 34
B39: 14.15 - 14.30 | C39: 3 | D39: 4 | E39: 1 | F39: 1 | G39: 0 | H39: 0 | I39: 2 | J39: 0 | K39: 0 | L39: 0 | M39: 10 | N39: 0 | O39: =SUM(C39:L39,N39) -> 11 | P39: =SUM(C39:N39) -> 21
B40: 14.30 - 14.45 | C40: 6 | D40: 6 | E40: 2 | F40: 1 | G40: 0 | H40: 0 | I40: 4 | J40: 0 | K40: 0 | L40: 0 | M40: 14 | N40: 0 | O40: =SUM(C40:L40,N40) -> 19 | P40: =SUM(C40:N40) -> 33
... B57: 18.45 - 19.00 | C57: 7 | D57: 4 | E57: 0 | F57: 0 | G57: 0 | H57: 0 | I57: 3 | J57: 1 | K57: 0 | L57: 0 | M57: 24 | N57: 0 | O57: =SUM(C57:L57,N57) -> 15 | P57: =SUM(C57:N57) -> 39
B58: Totals | C58: 0 | D58: 0 | E58: 0 | F58: 0 | G58: 0 | H58: 0 | I58: 0 | J58: 0 | K58: 0 | L58: 0 | M58: 0 | N58: 0 | O58: =SUM(O10:O57) -> 663 | P58: =SUM(P10:P57) -> 1370
B59: %ges + MCs | C59: 0 | D59: 0 | E59: 0 | F59: 0 | G59: 0 | H59: 0 | I59: 0 | J59: 0 | K59: 0 | L59: 0 | M59: 0 | N59: 0
B60: %ges w/o MCs | C60: 0 | D60: 0 | E60: 0 | F60: 0 | G60: 0 | H60: 0 | I60: 0 | J60: 0 | K60: 0 | L60: 0 | M60: 0 | N60: 0
C61: 0 | D61: 0 | E61: 0 | F61: 0 | G61: 0 | H61: 0 | I61: 0 | J61: 0 | K61: 0 | L61: 0 | M61: 0 | N61: 0
C62: 0 | D62: 0 | E62: 0 | F62: 0 | G62: 0 | H62: 0 | I62: 0 | J62: 0 | K62: 0 | L62: 0 | M62: 0 | N62: 0
C63: 0 | D63: 0 | E63: 0 | F63: 0 | G63: 0 | H63: 0 | I63: 0 | J63: 0 | K63: 0 | L63: 0 | M63: 0 | N63: 0
C64: 0 | D64: 0 | E64: 0 | F64: 0 | G64: 0 | H64: 0 | I64: 0 | J64: 0 | K64: 0 | L64: 0 | M64: 0 | N64: 0
C65: 0 | D65: 0 | E65: 0 | F65: 0 | G65: 0 | H65: 0 | I65: 0 | J65: 0 | K65: 0 | L65: 0 | M65: 0 | N65: 0
C66: 0 | D66: 0 | E66: 0 | F66: 0 | G66: 0 | H66: 0 | I66: 0 | J66: 0 | K66: 0 | L66: 0 | M66: 0 | N66: 0
C67: 0 | D67: 0 | E67: 0 | F67: 0 | G67: 0 | H67: 0 | I67: 0 | J67: 0 | K67: 0 | L67: 0 | M67: 0 | N67: 0
C68: 0 | D68: 0 | E68: 0 | F68: 0 | G68: 0 | H68: 0 | I68: 0 | J68: 0 | K68: 0 | L68: 0 | M68: 0 | N68: 0
C69: 0 | D69: 0 | E69: 0 | F69: 0 | G69: 0 | H69: 0 | I69: 0 | J69: 0 | K69: 0 | L69: 0 | M69: 0 | N69: 0
C70: 0 | D70: 0 | E70: 0 | F70: 0 | G70: 0 | H70: 0 | I70: 0 | J70: 0 | K70: 0 | L70: 0 | M70: 0 | N70: 0
C71: 0 | D71: 0 | E71: 0 | F71: 0 | G71: 0 | H71: 0 | I71: 0 | J71: 0 | K71: 0 | L71: 0 | M71: 0 | N71: 0
C72: 0 | D72: 0 | E72: 0 | F72: 0 | G72: 0 | H72: 0 | I72: 0 | J72: 0 | K72: 0 | L72: 0 | M72: 0 | N72: 0
... C105: 0 | D105: 0 | E105: 0 | F105: 0 | G105: 0 | H105: 0 | I105: 0 | J105: 0 | K105: 0 | L105: 0 | M105: 0 | N105: 0
C106: =SUM(C10:C105) -> 246 | D106: =SUM(D10:D105) -> 189 | E106: =SUM(E10:E105) -> 46 | F106: =SUM(F10:F105) -> 39 | G106: =SUM(G10:G105) -> 3 | H106: =SUM(H10:H105) -> 0 | I106: =SUM(I10:I105) -> 122 | J106: =SUM(J10:J105) -> 16 | ... N106: =SUM(N10:N105) -> 0
C107: =C106/$P$106 -> #DIV/0! | D107: =D106/$P$106 -> #DIV/0! | E107: =E106/$P$106 -> #DIV/0! | F107: =F106/$P$106 -> #DIV/0! | G107: =G106/$P$106 -> #DIV/0! | H107: =H106/$P$106 -> #DIV/0! | I107: =I106/$P$106 -> #DIV/0! | J107: =J106/$P$106 -> #DIV/0! | ... N107: =N106/$P$106 -> #DIV/0!
C108: =C106/$O$106 -> #DIV/0! | D108: =D106/$O$106 -> #DIV/0! | E108: =E106/$O$106 -> #DIV/0! | F108: =F106/$O$106 -> #DIV/0! | G108: =G106/$O$106 -> #DIV/0! | H108: =H106/$O$106 -> #DIV/0! | I108: =I106/$O$106 -> #DIV/0! | J108: =J106/$O$106 -> #DIV/0! | ... L108: =L106/$O$106 -> #DIV/0! | N108: =N106/$O$106 -> #DIV/0!

Sheet 25.09 Wakiso-Bukasa
B1: Consultancy services for Preparation of Expressway Development Master Plan (EDMP) for Uganda
B2: MANUAL CLASSIFIED COUNT (MCC)
B3: ROAD NAME: | C3: ='23.09 Wakiso-Bukasa'!C3:G3 -> MCC - C2 - STN0-64- BUKASA-WAKISO ROAD
C5: Date | D5: 25.09.19 | F5: Location | G5: ='23.09 Bukasa-Wakiso'!G5:H5 -> Wakiso Junior Sch. | J5: Surveyor | K5: Tusasirwe Leah
C6: Dir. From | D6: ='23.09 Wakiso-Bukasa'!D6:E6 -> Wakiso | F6: Dir. To | G6: ='23.09 Wakiso-Bukasa'!G6:H6 -> Bukasa | J6: Supervisor | K6: ='23.09 Bukasa-Wakiso'!K6:L6 -> Nusurah
B8: Time / Veh Type | R8: SUMMARY TRAFFIC VOLUMES
C9: 1. Car | D9: 2. Station Wagon | E9: 3. Pickups | F9: 4. Minibus, matatu | G9: 5. Medium bus | H9: 6. Large Bus | I9: 7. Light Truck | J9: 8. Medium Truck | K9: 9. Heavy truck | L9: 10. Truck Trailer | M9: 11. Motor cycles | N9: 12. Tractors | O9: Total Excl M/Cycles | P9: Total All | R9: Time | S9: 1. Car | T9: 2. Station Wagon | U9: 3. Pickups | V9: 4. Minibus, matatu | W9: 5. Medium bus | X9: 6. Large Bus | Y9: 7. Light Truck | Z9: 8. Medium Truck | AA9: 9. Heavy truck | AB9: 10. Truck Trailer | AC9: 11. Motorcycles | AD9: 12. Tractors, Graders | AE9: Total Excl M/ Cycles | AF9: Total All
B10: 07.00 - 07.15 | C10: 6 | D10: 1 | E10: 1 | F10: 4 | G10: 0 | H10: 0 | I10: 3 | J10: 0 | K10: 1 | L10: 0 | M10: 14 | N10: 0 | O10: =SUM(C10:L10,N10) -> 16 | P10: =SUM(C10:N10) -> 30 | R10: 0700-0800 | S10: =SUM(C10:C13) -> 18 | T10: =SUM(D10:D13) -> 6 | U10: =SUM(E10:E13) -> 4 | V10: =SUM(F10:F13) -> 6 | W10: =SUM(G10:G13) -> 0 | X10: =SUM(H10:H13) -> 0 | Y10: =SUM(I10:I13) -> 6 | Z10: =SUM(J10:J13) -> 3 | ... AF10: =SUM(P10:P13) -> 128
B11: 07.15 - 07.30 | C11: 2 | D11: 0 | E11: 1 | F11: 0 | G11: 0 | H11: 0 | I11: 2 | J11: 1 | K11: 1 | L11: 0 | M11: 20 | N11: 0 | O11: =SUM(C11:L11,N11) -> 7 | P11: =SUM(C11:N11) -> 27 | R11: 0800-0900 | S11: =SUM(C14:C17) -> 26 | T11: =SUM(D14:D17) -> 2 | U11: =SUM(E14:E17) -> 1 | V11: =SUM(F14:F17) -> 2 | W11: =SUM(G14:G17) -> 1 | X11: =SUM(H14:H17) -> 0 | Y11: =SUM(I14:I17) -> 8 | Z11: =SUM(J14:J17) -> 4 | ... AF11: =SUM(P14:P17) -> 138
B12: 07.30 - 07.45 | C12: 7 | D12: 4 | E12: 1 | F12: 2 | G12: 0 | H12: 0 | I12: 0 | J12: 2 | K12: 0 | L12: 0 | M12: 21 | N12: 0 | O12: =SUM(C12:L12,N12) -> 16 | P12: =SUM(C12:N12) -> 37 | R12: 0900-1000 | S12: =SUM(C18:C21) -> 25 | T12: =SUM(D18:D21) -> 1 | U12: =SUM(E18:E21) -> 7 | V12: =SUM(F18:F21) -> 1 | W12: =SUM(G18:G21) -> 0 | X12: =SUM(H18:H21) -> 0 | Y12: =SUM(I18:I21) -> 6 | Z12: =SUM(J18:J21) -> 2 | ... AF12: =SUM(P18:P21) -> 126
B13: 07.45 - 08.00 | C13: 3 | D13: 1 | E13: 1 | F13: 0 | G13: 0 | H13: 0 | I13: 1 | J13: 0 | K13: 0 | L13: 0 | M13: 28 | N13: 0 | O13: =SUM(C13:L13,N13) -> 6 | P13: =SUM(C13:N13) -> 34 | R13: 1000-1100 | S13: =SUM(C22:C25) -> 20 | T13: =SUM(D22:D25) -> 4 | U13: =SUM(E22:E25) -> 6 | V13: =SUM(F22:F25) -> 0 | W13: =SUM(G22:G25) -> 1 | X13: =SUM(H22:H25) -> 0 | Y13: =SUM(I22:I25) -> 10 | Z13: =SUM(J22:J25) -> 3 | ... AF13: =SUM(P22:P25) -> 136
B14: 08.00 - 08.15 | C14: 8 | D14: 1 | E14: 0 | F14: 0 | G14: 0 | H14: 0 | I14: 2 | J14: 0 | K14: 0 | L14: 0 | M14: 28 | N14: 0 | O14: =SUM(C14:L14,N14) -> 11 | P14: =SUM(C14:N14) -> 39 | R14: 1100-1200 | S14: =SUM(C26:C29) -> 21 | T14: =SUM(D26:D29) -> 2 | U14: =SUM(E26:E29) -> 4 | V14: =SUM(F26:F29) -> 2 | W14: =SUM(G26:G29) -> 0 | X14: =SUM(H26:H29) -> 0 | Y14: =SUM(I26:I29) -> 12 | Z14: =SUM(J26:J29) -> 8 | ... AF14: =SUM(P26:P29) -> 115
B15: 08.15 - 08.30 | C15: 5 | D15: 0 | E15: 0 | F15: 1 | G15: 1 | H15: 0 | I15: 2 | J15: 2 | K15: 0 | L15: 0 | M15: 19 | N15: 0 | O15: =SUM(C15:L15,N15) -> 11 | P15: =SUM(C15:N15) -> 30 | R15: 1200-1300 | S15: =SUM(C30:C33) -> 23 | T15: =SUM(D30:D33) -> 1 | U15: =SUM(E30:E33) -> 6 | V15: =SUM(F30:F33) -> 0 | W15: =SUM(G30:G33) -> 1 | X15: =SUM(H30:H33) -> 0 | Y15: =SUM(I30:I33) -> 7 | Z15: =SUM(J30:J33) -> 2 | ... AF15: =SUM(P30:P33) -> 107
B16: 08.30 - 08.45 | C16: 3 | D16: 0 | E16: 0 | F16: 1 | G16: 0 | H16: 0 | I16: 3 | J16: 2 | K16: 0 | L16: 0 | M16: 26 | N16: 0 | O16: =SUM(C16:L16,N16) -> 9 | P16: =SUM(C16:N16) -> 35 | R16: 1300-1400 | S16: =SUM(C34:C37) -> 17 | T16: =SUM(D34:D37) -> 3 | U16: =SUM(E34:E37) -> 1 | V16: =SUM(F34:F37) -> 1 | W16: =SUM(G34:G37) -> 0 | X16: =SUM(H34:H37) -> 0 | Y16: =SUM(I34:I37) -> 10 | Z16: =SUM(J34:J37) -> 5 | ... AF16: =SUM(P34:P37) -> 101
B17: 08.45 - 9.00 | C17: 10 | D17: 1 | E17: 1 | F17: 0 | G17: 0 | H17: 0 | I17: 1 | J17: 0 | K17: 0 | L17: 0 | M17: 21 | N17: 0 | O17: =SUM(C17:L17,N17) -> 13 | P17: =SUM(C17:N17) -> 34 | R17: 1400-1500 | S17: =SUM(C38:C41) -> 19 | T17: =SUM(D38:D41) -> 0 | U17: =SUM(E38:E41) -> 4 | V17: =SUM(F38:F41) -> 3 | W17: =SUM(G38:G41) -> 1 | X17: =SUM(H38:H41) -> 0 | Y17: =SUM(I38:I41) -> 9 | Z17: =SUM(J38:J41) -> 0 | ... AF17: =SUM(P38:P41) -> 99
B18: 09.00 - 09.15 | C18: 8 | D18: 0 | E18: 3 | F18: 0 | G18: 0 | H18: 0 | I18: 1 | J18: 0 | K18: 0 | L18: 0 | M18: 21 | N18: 0 | O18: =SUM(C18:L18,N18) -> 12 | P18: =SUM(C18:N18) -> 33 | R18: 1500-1600 | S18: =SUM(C42:C45) -> 16 | T18: =SUM(D42:D45) -> 4 | U18: =SUM(E42:E45) -> 2 | V18: =SUM(F42:F45) -> 2 | W18: =SUM(G42:G45) -> 0 | X18: =SUM(H42:H45) -> 0 | Y18: =SUM(I42:I45) -> 6 | Z18: =SUM(J42:J45) -> 4 | ... AF18: =SUM(P42:P45) -> 103
B19: 09.15 - 09.30 | C19: 5 | D19: 1 | E19: 3 | F19: 0 | G19: 0 | H19: 0 | I19: 4 | J19: 1 | K19: 0 | L19: 0 | M19: 23 | N19: 0 | O19: =SUM(C19:L19,N19) -> 14 | P19: =SUM(C19:N19) -> 37 | R19: 1600-1700 | S19: =SUM(C46:C49) -> 23 | T19: =SUM(D46:D49) -> 4 | U19: =SUM(E46:E49) -> 1 | V19: =SUM(F46:F49) -> 4 | W19: =SUM(G46:G49) -> 1 | X19: =SUM(H46:H49) -> 0 | Y19: =SUM(I46:I49) -> 4 | Z19: =SUM(J46:J49) -> 3 | ... AF19: =SUM(P46:P49) -> 119
B20: 09.30 - 09.45 | C20: 5 | D20: 0 | E20: 0 | F20: 1 | G20: 0 | H20: 0 | I20: 1 | J20: 0 | K20: 0 | L20: 0 | M20: 24 | N20: 0 | O20: =SUM(C20:L20,N20) -> 7 | P20: =SUM(C20:N20) -> 31 | R20: 1700-1800 | S20: =SUM(C50:C53) -> 34 | T20: =SUM(D50:D53) -> 12 | U20: =SUM(E50:E53) -> 5 | V20: =SUM(F50:F53) -> 8 | W20: =SUM(G50:G53) -> 0 | X20: =SUM(H50:H53) -> 0 | Y20: =SUM(I50:I53) -> 13 | Z20: =SUM(J50:J53) -> 3 | ... AF20: =SUM(P50:P53) -> 187
B21: 09.45 - 10.00 | C21: 7 | D21: 0 | E21: 1 | F21: 0 | G21: 0 | H21: 0 | I21: 0 | J21: 1 | K21: 0 | L21: 0 | M21: 15 | N21: 1 | O21: =SUM(C21:L21,N21) -> 10 | P21: =SUM(C21:N21) -> 25 | R21: 1800-1900 | S21: =SUM(C54:C57) -> 35 | T21: =SUM(D54:D57) -> 7 | U21: =SUM(E54:E57) -> 5 | V21: =SUM(F54:F57) -> 8 | W21: =SUM(G54:G57) -> 0 | X21: =SUM(H54:H57) -> 0 | Y21: =SUM(I54:I57) -> 10 | Z21: =SUM(J54:J57) -> 2 | ... AF21: =SUM(P54:P57) -> 179
B22: 10.00 - 10.15 | C22: 6 | D22: 3 | E22: 3 | F22: 0 | G22: 0 | H22: 0 | I22: 5 | J22: 0 | K22: 0 | L22: 0 | M22: 28 | N22: 0 | O22: =SUM(C22:L22,N22) -> 17 | P22: =SUM(C22:N22) -> 45 | R22: AM Peak Hr | S22: =MAX(S10:S12) -> 26 | T22: =MAX(T10:T12) -> 6 | U22: =MAX(U10:U12) -> 7 | V22: =MAX(V10:V12) -> 6 | W22: =MAX(W10:W12) -> 1 | X22: =MAX(X10:X12) -> 0 | Y22: =MAX(Y10:Y12) -> 8 | Z22: =MAX(Z10:Z12) -> 4 | ... AF22: =MAX(AF10:AF12) -> 138
B23: 10.15 - 10.30 | C23: 5 | D23: 0 | E23: 2 | F23: 0 | G23: 0 | H23: 0 | I23: 3 | J23: 0 | K23: 0 | L23: 0 | M23: 25 | N23: 0 | O23: =SUM(C23:L23,N23) -> 10 | P23: =SUM(C23:N23) -> 35 | R23: IP Peak Hr | S23: =MAX(S13:S18) -> 23 | T23: =MAX(T13:T18) -> 4 | U23: =MAX(U13:U18) -> 6 | V23: =MAX(V13:V18) -> 3 | W23: =MAX(W13:W18) -> 1 | X23: =MAX(X13:X18) -> 0 | Y23: =MAX(Y13:Y18) -> 12 | Z23: =MAX(Z13:Z18) -> 8 | ... AF23: =MAX(AF13:AF18) -> 136
B24: 10.30 - 10.45 | C24: 4 | D24: 0 | E24: 0 | F24: 0 | G24: 1 | H24: 0 | I24: 2 | J24: 2 | K24: 0 | L24: 0 | M24: 21 | N24: 0 | O24: =SUM(C24:L24,N24) -> 9 | P24: =SUM(C24:N24) -> 30 | R24: PM Peak Hr | S24: =MAX(S19:S21) -> 35 | T24: =MAX(T19:T21) -> 12 | U24: =MAX(U19:U21) -> 5 | V24: =MAX(V19:V21) -> 8 | W24: =MAX(W19:W21) -> 1 | X24: =MAX(X19:X21) -> 0 | Y24: =MAX(Y19:Y21) -> 13 | Z24: =MAX(Z19:Z21) -> 3 | ... AF24: =MAX(AF19:AF21) -> 187
B25: 10.45 - 11.00 | C25: 5 | D25: 1 | E25: 1 | F25: 0 | G25: 0 | H25: 0 | I25: 0 | J25: 1 | K25: 0 | L25: 0 | M25: 18 | N25: 0 | O25: =SUM(C25:L25,N25) -> 8 | P25: =SUM(C25:N25) -> 26 | R25: AM Period | S25: =SUM(S10:S12) -> 69 | T25: =SUM(T10:T12) -> 9 | U25: =SUM(U10:U12) -> 12 | V25: =SUM(V10:V12) -> 9 | W25: =SUM(W10:W12) -> 1 | X25: =SUM(X10:X12) -> 0 | Y25: =SUM(Y10:Y12) -> 20 | Z25: =SUM(Z10:Z12) -> 9 | ... AF25: =SUM(AF10:AF12) -> 392
B26: 11.00 - 11.15 | C26: 4 | D26: 0 | E26: 0 | F26: 1 | G26: 0 | H26: 0 | I26: 3 | J26: 1 | K26: 0 | L26: 0 | M26: 18 | N26: 0 | O26: =SUM(C26:L26,N26) -> 9 | P26: =SUM(C26:N26) -> 27 | R26: IP Period | S26: =SUM(S13:S18) -> 116 | T26: =SUM(T13:T18) -> 14 | U26: =SUM(U13:U18) -> 23 | V26: =SUM(V13:V18) -> 8 | W26: =SUM(W13:W18) -> 3 | X26: =SUM(X13:X18) -> 0 | Y26: =SUM(Y13:Y18) -> 54 | Z26: =SUM(Z13:Z18) -> 22 | ... AF26: =SUM(AF13:AF18) -> 661
B27: 11.15 - 11.30 | C27: 8 | D27: 0 | E27: 3 | F27: 0 | G27: 0 | H27: 0 | I27: 3 | J27: 4 | K27: 0 | L27: 0 | M27: 17 | N27: 1 | O27: =SUM(C27:L27,N27) -> 19 | P27: =SUM(C27:N27) -> 36 | R27: PM Period | S27: =SUM(S19:S21) -> 92 | T27: =SUM(T19:T21) -> 23 | U27: =SUM(U19:U21) -> 11 | V27: =SUM(V19:V21) -> 20 | W27: =SUM(W19:W21) -> 1 | X27: =SUM(X19:X21) -> 0 | Y27: =SUM(Y19:Y21) -> 27 | Z27: =SUM(Z19:Z21) -> 8 | ... AF27: =SUM(AF19:AF21) -> 485
B28: 11.30 - 11.45 | C28: 3 | D28: 0 | E28: 0 | F28: 0 | G28: 0 | H28: 0 | I28: 3 | J28: 1 | K28: 0 | L28: 0 | M28: 9 | N28: 0 | O28: =SUM(C28:L28,N28) -> 7 | P28: =SUM(C28:N28) -> 16 | R28: 12 Hours | S28: =SUM(S10:S21) -> 277 | T28: =SUM(T10:T21) -> 46 | U28: =SUM(U10:U21) -> 46 | V28: =SUM(V10:V21) -> 37 | W28: =SUM(W10:W21) -> 5 | X28: =SUM(X10:X21) -> 0 | Y28: =SUM(Y10:Y21) -> 101 | Z28: =SUM(Z10:Z21) -> 39 | ... AF28: =SUM(AF10:AF21) -> 1538
B29: 11.45 - 12.00 | C29: 6 | D29: 2 | E29: 1 | F29: 1 | G29: 0 | H29: 0 | I29: 3 | J29: 2 | K29: 0 | L29: 0 | M29: 21 | N29: 0 | O29: =SUM(C29:L29,N29) -> 15 | P29: =SUM(C29:N29) -> 36
B30: 12.00 - 12.15 | C30: 4 | D30: 1 | E30: 2 | F30: 0 | G30: 0 | H30: 0 | I30: 3 | J30: 1 | K30: 0 | L30: 0 | M30: 18 | N30: 0 | O30: =SUM(C30:L30,N30) -> 11 | P30: =SUM(C30:N30) -> 29
B31: 12.15 - 12.30 | C31: 7 | D31: 0 | E31: 3 | F31: 0 | G31: 0 | H31: 0 | I31: 1 | J31: 1 | K31: 0 | L31: 0 | M31: 23 | N31: 0 | O31: =SUM(C31:L31,N31) -> 12 | P31: =SUM(C31:N31) -> 35
B32: 12.30 - 12.45 | C32: 6 | D32: 0 | E32: 1 | F32: 0 | G32: 0 | H32: 0 | I32: 2 | J32: 0 | K32: 0 | L32: 0 | M32: 9 | N32: 0 | O32: =SUM(C32:L32,N32) -> 9 | P32: =SUM(C32:N32) -> 18
B33: 12.45 - 13.00 | C33: 6 | D33: 0 | E33: 0 | F33: 0 | G33: 1 | H33: 0 | I33: 1 | J33: 0 | K33: 0 | L33: 0 | M33: 17 | N33: 0 | O33: =SUM(C33:L33,N33) -> 8 | P33: =SUM(C33:N33) -> 25
B34: 13.00 - 13.15 | C34: 5 | D34: 1 | E34: 0 | F34: 0 | G34: 0 | H34: 0 | I34: 0 | J34: 1 | K34: 0 | L34: 0 | M34: 18 | N34: 0 | O34: =SUM(C34:L34,N34) -> 7 | P34: =SUM(C34:N34) -> 25
B35: 13.15 - 13.30 | C35: 5 | D35: 1 | E35: 0 | F35: 1 | G35: 0 | H35: 0 | I35: 3 | J35: 2 | K35: 0 | L35: 0 | M35: 13 | N35: 0 | O35: =SUM(C35:L35,N35) -> 12 | P35: =SUM(C35:N35) -> 25
B36: 13.30 - 13.45 | C36: 4 | D36: 1 | E36: 0 | F36: 0 | G36: 0 | H36: 0 | I36: 3 | J36: 1 | K36: 0 | L36: 0 | M36: 19 | N36: 0 | O36: =SUM(C36:L36,N36) -> 9 | P36: =SUM(C36:N36) -> 28
B37: 13.45 - 14.00 | C37: 3 | D37: 0 | E37: 1 | F37: 0 | G37: 0 | H37: 0 | I37: 4 | J37: 1 | K37: 0 | L37: 0 | M37: 14 | N37: 0 | O37: =SUM(C37:L37,N37) -> 9 | P37: =SUM(C37:N37) -> 23
B38: 14.00 - 14.15 | C38: 6 | D38: 0 | E38: 3 | F38: 2 | G38: 0 | H38: 0 | I38: 1 | J38: 0 | K38: 0 | L38: 0 | M38: 18 | N38: 0 | O38: =SUM(C38:L38,N38) -> 12 | P38: =SUM(C38:N38) -> 30
B39: 14.15 - 14.30 | C39: 6 | D39: 0 | E39: 0 | F39: 1 | G39: 1 | H39: 0 | I39: 2 | J39: 0 | K39: 0 | L39: 0 | M39: 9 | N39: 0 | O39: =SUM(C39:L39,N39) -> 10 | P39: =SUM(C39:N39) -> 19
B40: 14.30 - 14.45 | C40: 3 | D40: 0 | E40: 1 | F40: 0 | G40: 0 | H40: 0 | I40: 5 | J40: 0 | K40: 0 | L40: 0 | M40: 21 | N40: 0 | O40: =SUM(C40:L40,N40) -> 9 | P40: =SUM(C40:N40) -> 30
... B57: 18.45 - 19.00 | C57: 10 | D57: 3 | E57: 1 | F57: 0 | G57: 0 | H57: 0 | I57: 3 | J57: 1 | K57: 0 | L57: 0 | M57: 27 | N57: 0 | O57: =SUM(C57:L57,N57) -> 18 | P57: =SUM(C57:N57) -> 45
B58: Totals | C58: =SUM(C10:C57) -> 277 | D58: =SUM(D10:D57) -> 46 | E58: =SUM(E10:E57) -> 46 | F58: =SUM(F10:F57) -> 37 | G58: =SUM(G10:G57) -> 5 | H58: =SUM(H10:H57) -> 0 | I58: =SUM(I10:I57) -> 101 | J58: =SUM(J10:J57) -> 39 | ... P58: =SUM(P10:P57) -> 1538
B59: %ges + MCs | C59: =C58/$P$58 -> 0.18010403 | D59: =D58/$P$58 -> 0.029908973 | E59: =E58/$P$58 -> 0.029908973 | F59: =F58/$P$58 -> 0.024057217 | G59: =G58/$P$58 -> 0.0032509753 | H59: =H58/$P$58 -> 0 | I59: =I58/$P$58 -> 0.065669701 | J59: =J58/$P$58 -> 0.025357607 | ... N59: =N58/$P$58 -> 0.0013003901
B60: %ges w/o MCs | C60: =C58/$O$58 -> 0.49464286 | D60: =D58/$O$58 -> 0.082142857 | E60: =E58/$O$58 -> 0.082142857 | F60: =F58/$O$58 -> 0.066071429 | G60: =G58/$O$58 -> 0.0089285714 | H60: =H58/$O$58 -> 0 | I60: =I58/$O$58 -> 0.18035714 | J60: =J58/$O$58 -> 0.069642857 | ... L60: =L58/$O$58 -> 0.0053571429 | N60: =N58/$O$58 -> 0.0035714286

Sheet 26.09 Bukasa-Wakiso
B1: Consultancy services for Preparation of Expressway Development Master Plan (EDMP) for Uganda
B2: MANUAL CLASSIFIED COUNT (MCC)
B3: ROAD NAME: | C3: ='[2]23.09 Bukasa-Wakiso'!C3:G3 -> MCC - C2 - STN0-64- BUKASA-WAKISO ROAD
C5: Date | D5: 26.09.19 | F5: Location | G5: ='[2]27.09 Wakiso-Bukasa'!G5:H5 -> Wakiso Junior Sch. | J5: Surveyor | K5: ='[2]27.09 Wakiso-Bukasa'!K5:L5 -> Tusasirwe Leah
C6: Dir. From | D6: ='[2]23.09 Bukasa-Wakiso'!D6:E6 -> Bukasa | F6: Dir. To | G6: ='[2]23.09 Bukasa-Wakiso'!G6:H6 -> Wakiso | J6: Supervisor | K6: ='[2]27.09 Wakiso-Bukasa'!K6:L6 -> Nusurah
B8: Time / Veh Type | R8: SUMMARY TRAFFIC VOLUMES
C9: 1. Car | D9: 2. Station Wagon | E9: 3. Pickups | F9: 4. Minibus, matatu | G9: 5. Medium bus | H9: 6. Large Bus | I9: 7. Light Truck | J9: 8. Medium Truck | K9: 9. Heavy truck | L9: 10. Truck Trailer | M9: 11. Motor cycles | N9: 12. Tractors | O9: Total Excl M/Cycles | P9: Total All | R9: Time | S9: 1. Car | T9: 2. Station Wagon | U9: 3. Pickups | V9: 4. Minibus, matatu | W9: 5. Medium bus | X9: 6. Large Bus | Y9: 7. Light Truck | Z9: 8. Medium Truck | AA9: 9. Heavy truck | AB9: 10. Truck Trailer | AC9: 11. Motorcycles | AD9: 12. Tractors, Graders | AE9: Total Excl M/ Cycles | AF9: Total All
B10: 07.00 - 07.15 | C10: 3 | D10: 1 | E10: 0 | F10: 0 | G10: 1 | H10: 0 | I10: 1 | J10: 0 | K10: 0 | L10: 0 | M10: 13 | N10: 0 | O10: =SUM(C10:L10,N10) -> 6 | P10: =SUM(C10:N10) -> 19 | R10: 0700-0800 | S10: =SUM(C10:C13) -> 20 | T10: =SUM(D10:D13) -> 13 | U10: =SUM(E10:E13) -> 7 | V10: =SUM(F10:F13) -> 5 | W10: =SUM(G10:G13) -> 2 | X10: =SUM(H10:H13) -> 0 | Y10: =SUM(I10:I13) -> 5 | Z10: =SUM(J10:J13) -> 1 | ... AF10: =SUM(P10:P13) -> 134
B11: 07.15 - 07.30 | C11: 4 | D11: 5 | E11: 3 | F11: 3 | G11: 0 | H11: 0 | I11: 2 | J11: 0 | K11: 0 | L11: 0 | M11: 23 | N11: 0 | O11: =SUM(C11:L11,N11) -> 17 | P11: =SUM(C11:N11) -> 40 | R11: 0800-0900 | S11: =SUM(C14:C17) -> 28 | T11: =SUM(D14:D17) -> 17 | U11: =SUM(E14:E17) -> 5 | V11: =SUM(F14:F17) -> 2 | W11: =SUM(G14:G17) -> 0 | X11: =SUM(H14:H17) -> 2 | Y11: =SUM(I14:I17) -> 4 | Z11: =SUM(J14:J17) -> 0 | ... AF11: =SUM(P14:P17) -> 133
B12: 07.30 - 07.45 | C12: 6 | D12: 3 | E12: 2 | F12: 1 | G12: 1 | H12: 0 | I12: 1 | J12: 0 | K12: 1 | L12: 0 | M12: 21 | N12: 0 | O12: =SUM(C12:L12,N12) -> 15 | P12: =SUM(C12:N12) -> 36 | R12: 0900-1000 | S12: =SUM(C18:C21) -> 18 | T12: =SUM(D18:D21) -> 12 | U12: =SUM(E18:E21) -> 6 | V12: =SUM(F18:F21) -> 2 | W12: =SUM(G18:G21) -> 0 | X12: =SUM(H18:H21) -> 0 | Y12: =SUM(I18:I21) -> 10 | Z12: =SUM(J18:J21) -> 1 | ... AF12: =SUM(P18:P21) -> 120
B13: 07.45 - 08.00 | C13: 7 | D13: 4 | E13: 2 | F13: 1 | G13: 0 | H13: 0 | I13: 1 | J13: 1 | K13: 1 | L13: 0 | M13: 22 | N13: 0 | O13: =SUM(C13:L13,N13) -> 17 | P13: =SUM(C13:N13) -> 39 | R13: 1000-1100 | S13: =SUM(C22:C25) -> 20 | T13: =SUM(D22:D25) -> 14 | U13: =SUM(E22:E25) -> 6 | V13: =SUM(F22:F25) -> 2 | W13: =SUM(G22:G25) -> 0 | X13: =SUM(H22:H25) -> 0 | Y13: =SUM(I22:I25) -> 5 | Z13: =SUM(J22:J25) -> 1 | ... AF13: =SUM(P22:P25) -> 103
B14: 08.00 - 08.15 | C14: 8 | D14: 3 | E14: 0 | F14: 1 | G14: 0 | H14: 2 | I14: 0 | J14: 0 | K14: 0 | L14: 0 | M14: 20 | N14: 0 | O14: =SUM(C14:L14,N14) -> 14 | P14: =SUM(C14:N14) -> 34 | R14: 1100-1200 | S14: =SUM(C26:C29) -> 19 | T14: =SUM(D26:D29) -> 20 | U14: =SUM(E26:E29) -> 6 | V14: =SUM(F26:F29) -> 6 | W14: =SUM(G26:G29) -> 2 | X14: =SUM(H26:H29) -> 0 | Y14: =SUM(I26:I29) -> 8 | Z14: =SUM(J26:J29) -> 0 | ... AF14: =SUM(P26:P29) -> 117
B15: 08.15 - 08.30 | C15: 9 | D15: 5 | E15: 2 | F15: 1 | G15: 0 | H15: 0 | I15: 1 | J15: 0 | K15: 1 | L15: 0 | M15: 17 | N15: 0 | O15: =SUM(C15:L15,N15) -> 19 | P15: =SUM(C15:N15) -> 36 | R15: 1200-1300 | S15: =SUM(C30:C33) -> 14 | T15: =SUM(D30:D33) -> 12 | U15: =SUM(E30:E33) -> 4 | V15: =SUM(F30:F33) -> 2 | W15: =SUM(G30:G33) -> 0 | X15: =SUM(H30:H33) -> 0 | Y15: =SUM(I30:I33) -> 5 | Z15: =SUM(J30:J33) -> 3 | ... AF15: =SUM(P30:P33) -> 95
B16: 08.30 - 08.45 | C16: 8 | D16: 6 | E16: 2 | F16: 0 | G16: 0 | H16: 0 | I16: 0 | J16: 0 | K16: 0 | L16: 0 | M16: 19 | N16: 0 | O16: =SUM(C16:L16,N16) -> 16 | P16: =SUM(C16:N16) -> 35 | R16: 1300-1400 | S16: =SUM(C34:C37) -> 16 | T16: =SUM(D34:D37) -> 12 | U16: =SUM(E34:E37) -> 6 | V16: =SUM(F34:F37) -> 0 | W16: =SUM(G34:G37) -> 0 | X16: =SUM(H34:H37) -> 0 | Y16: =SUM(I34:I37) -> 10 | Z16: =SUM(J34:J37) -> 1 | ... AF16: =SUM(P34:P37) -> 121
B17: 08.45 - 9.00 | C17: 3 | D17: 3 | E17: 1 | F17: 0 | G17: 0 | H17: 0 | I17: 3 | J17: 0 | K17: 0 | L17: 0 | M17: 18 | N17: 0 | O17: =SUM(C17:L17,N17) -> 10 | P17: =SUM(C17:N17) -> 28 | R17: 1400-1500 | S17: =SUM(C38:C41) -> 12 | T17: =SUM(D38:D41) -> 10 | U17: =SUM(E38:E41) -> 5 | V17: =SUM(F38:F41) -> 2 | W17: =SUM(G38:G41) -> 0 | X17: =SUM(H38:H41) -> 0 | Y17: =SUM(I38:I41) -> 6 | Z17: =SUM(J38:J41) -> 0 | ... AF17: =SUM(P38:P41) -> 94
B18: 09.00 - 09.15 | C18: 4 | D18: 2 | E18: 0 | F18: 0 | G18: 0 | H18: 0 | I18: 4 | J18: 0 | K18: 0 | L18: 0 | M18: 14 | N18: 0 | O18: =SUM(C18:L18,N18) -> 10 | P18: =SUM(C18:N18) -> 24 | R18: 1500-1600 | S18: =SUM(C42:C45) -> 18 | T18: =SUM(D42:D45) -> 6 | U18: =SUM(E42:E45) -> 4 | V18: =SUM(F42:F45) -> 0 | W18: =SUM(G42:G45) -> 0 | X18: =SUM(H42:H45) -> 0 | Y18: =SUM(I42:I45) -> 14 | Z18: =SUM(J42:J45) -> 0 | ... AF18: =SUM(P42:P45) -> 106
B19: 09.15 - 09.30 | C19: 4 | D19: 1 | E19: 3 | F19: 0 | G19: 0 | H19: 0 | I19: 0 | J19: 0 | K19: 0 | L19: 0 | M19: 20 | N19: 0 | O19: =SUM(C19:L19,N19) -> 8 | P19: =SUM(C19:N19) -> 28 | R19: 1600-1700 | S19: =SUM(C46:C49) -> 20 | T19: =SUM(D46:D49) -> 10 | U19: =SUM(E46:E49) -> 6 | V19: =SUM(F46:F49) -> 4 | W19: =SUM(G46:G49) -> 0 | X19: =SUM(H46:H49) -> 0 | Y19: =SUM(I46:I49) -> 3 | Z19: =SUM(J46:J49) -> 1 | ... AF19: =SUM(P46:P49) -> 125
B20: 09.30 - 09.45 | C20: 4 | D20: 5 | E20: 3 | F20: 1 | G20: 0 | H20: 0 | I20: 3 | J20: 0 | K20: 0 | L20: 0 | M20: 21 | N20: 0 | O20: =SUM(C20:L20,N20) -> 16 | P20: =SUM(C20:N20) -> 37 | R20: 1700-1800 | S20: =SUM(C50:C53) -> 20 | T20: =SUM(D50:D53) -> 20 | U20: =SUM(E50:E53) -> 6 | V20: =SUM(F50:F53) -> 8 | W20: =SUM(G50:G53) -> 2 | X20: =SUM(H50:H53) -> 0 | Y20: =SUM(I50:I53) -> 9 | Z20: =SUM(J50:J53) -> 0 | ... AF20: =SUM(P50:P53) -> 171
B21: 09.45 - 10.00 | C21: 6 | D21: 4 | E21: 0 | F21: 1 | G21: 0 | H21: 0 | I21: 3 | J21: 1 | K21: 0 | L21: 0 | M21: 16 | N21: 0 | O21: =SUM(C21:L21,N21) -> 15 | P21: =SUM(C21:N21) -> 31 | R21: 1800-1900 | S21: =SUM(C54:C57) -> 24 | T21: =SUM(D54:D57) -> 19 | U21: =SUM(E54:E57) -> 11 | V21: =SUM(F54:F57) -> 4 | W21: =SUM(G54:G57) -> 0 | X21: =SUM(H54:H57) -> 0 | Y21: =SUM(I54:I57) -> 13 | Z21: =SUM(J54:J57) -> 1 | ... AF21: =SUM(P54:P57) -> 154
B22: 10.00 - 10.15 | C22: 9 | D22: 4 | E22: 2 | F22: 0 | G22: 0 | H22: 0 | I22: 1 | J22: 0 | K22: 0 | L22: 0 | M22: 17 | N22: 0 | O22: =SUM(C22:L22,N22) -> 16 | P22: =SUM(C22:N22) -> 33 | R22: 1900-2000 | S22: =SUM(C58:C61) -> 13 | T22: =SUM(D58:D61) -> 9 | U22: =SUM(E58:E61) -> 6 | V22: =SUM(F58:F61) -> 2 | W22: =SUM(G58:G61) -> 0 | X22: =SUM(H58:H61) -> 0 | Y22: =SUM(I58:I61) -> 7 | Z22: =SUM(J58:J61) -> 1 | ... AF22: =SUM(P58:P61) -> 131
B23: 10.15 - 10.30 | C23: 5 | D23: 6 | E23: 1 | F23: 0 | G23: 0 | H23: 0 | I23: 2 | J23: 0 | K23: 0 | L23: 0 | M23: 13 | N23: 0 | O23: =SUM(C23:L23,N23) -> 14 | P23: =SUM(C23:N23) -> 27 | R23: 2000-2100 | S23: =SUM(C62:C65) -> 11 | T23: =SUM(D62:D65) -> 6 | U23: =SUM(E62:E65) -> 7 | V23: =SUM(F62:F65) -> 5 | W23: =SUM(G62:G65) -> 0 | X23: =SUM(H62:H65) -> 0 | Y23: =SUM(I62:I65) -> 4 | Z23: =SUM(J62:J65) -> 4 | ... AF23: =SUM(P62:P65) -> 102
B24: 10.30 - 10.45 | C24: 4 | D24: 3 | E24: 2 | F24: 0 | G24: 0 | H24: 0 | I24: 0 | J24: 1 | K24: 0 | L24: 0 | M24: 13 | N24: 0 | O24: =SUM(C24:L24,N24) -> 10 | P24: =SUM(C24:N24) -> 23 | R24: 2100-2200 | S24: =SUM(C66:C69) -> 6 | T24: =SUM(D66:D69) -> 2 | U24: =SUM(E66:E69) -> 6 | V24: =SUM(F66:F69) -> 2 | W24: =SUM(G66:G69) -> 0 | X24: =SUM(H66:H69) -> 0 | Y24: =SUM(I66:I69) -> 0 | Z24: =SUM(J66:J69) -> 2 | ... AF24: =SUM(P66:P69) -> 49
B25: 10.45 - 11.00 | C25: 2 | D25: 1 | E25: 1 | F25: 2 | G25: 0 | H25: 0 | I25: 2 | J25: 0 | K25: 0 | L25: 0 | M25: 12 | N25: 0 | O25: =SUM(C25:L25,N25) -> 8 | P25: =SUM(C25:N25) -> 20 | R25: 2200-2300 | S25: =SUM(C70:C73) -> 5 | T25: =SUM(D70:D73) -> 0 | U25: =SUM(E70:E73) -> 1 | V25: =SUM(F70:F73) -> 1 | W25: =SUM(G70:G73) -> 1 | X25: =SUM(H70:H73) -> 1 | Y25: =SUM(I70:I73) -> 0 | Z25: =SUM(J70:J73) -> 1 | ... AF25: =SUM(P70:P73) -> 27
B26: 11.00 - 11.15 | C26: 5 | D26: 3 | E26: 0 | F26: 0 | G26: 0 | H26: 0 | I26: 3 | J26: 0 | K26: 0 | L26: 0 | M26: 12 | N26: 0 | O26: =SUM(C26:L26,N26) -> 11 | P26: =SUM(C26:N26) -> 23 | R26: 2300-0000 | S26: =SUM(C74:C77) -> 3 | T26: =SUM(D74:D77) -> 2 | U26: =SUM(E74:E77) -> 1 | V26: =SUM(F74:F77) -> 2 | W26: =SUM(G74:G77) -> 0 | X26: =SUM(H74:H77) -> 0 | Y26: =SUM(I74:I77) -> 2 | Z26: =SUM(J74:J77) -> 1 | ... AF26: =SUM(P74:P77) -> 29
B27: 11.15 - 11.30 | C27: 5 | D27: 6 | E27: 2 | F27: 2 | G27: 2 | H27: 0 | I27: 1 | J27: 0 | K27: 0 | L27: 0 | M27: 13 | N27: 0 | O27: =SUM(C27:L27,N27) -> 18 | P27: =SUM(C27:N27) -> 31 | R27: 0000-0100 | S27: =SUM(C78:C81) -> 4 | T27: =SUM(D78:D81) -> 0 | U27: =SUM(E78:E81) -> 1 | V27: =SUM(F78:F81) -> 0 | W27: =SUM(G78:G81) -> 1 | X27: =SUM(H78:H81) -> 1 | Y27: =SUM(I78:I81) -> 0 | Z27: =SUM(J78:J81) -> 2 | ... AF27: =SUM(P78:P81) -> 14
B28: 11.30 - 11.45 | C28: 3 | D28: 4 | E28: 3 | F28: 2 | G28: 0 | H28: 0 | I28: 2 | J28: 0 | K28: 0 | L28: 0 | M28: 15 | N28: 0 | O28: =SUM(C28:L28,N28) -> 14 | P28: =SUM(C28:N28) -> 29 | R28: 0100-0200 | S28: =SUM(C82:C85) -> 0 | T28: =SUM(D82:D85) -> 0 | U28: =SUM(E82:E85) -> 0 | V28: =SUM(F82:F85) -> 0 | W28: =SUM(G82:G85) -> 0 | X28: =SUM(H82:H85) -> 0 | Y28: =SUM(I82:I85) -> 0 | Z28: =SUM(J82:J85) -> 2 | ... AF28: =SUM(P82:P85) -> 4
B29: 11.45 - 12.00 | C29: 6 | D29: 7 | E29: 1 | F29: 2 | G29: 0 | H29: 0 | I29: 2 | J29: 0 | K29: 0 | L29: 0 | M29: 16 | N29: 0 | O29: =SUM(C29:L29,N29) -> 18 | P29: =SUM(C29:N29) -> 34 | R29: 0200-0300 | S29: =SUM(C86:C89) -> 0 | T29: =SUM(D86:D89) -> 0 | U29: =SUM(E86:E89) -> 0 | V29: =SUM(F86:F89) -> 0 | W29: =SUM(G86:G89) -> 0 | X29: =SUM(H86:H89) -> 0 | Y29: =SUM(I86:I89) -> 0 | Z29: =SUM(J86:J89) -> 0 | ... AF29: =SUM(P86:P89) -> 0
B30: 12.00 - 12.15 | C30: 3 | D30: 3 | E30: 0 | F30: 0 | G30: 0 | H30: 0 | I30: 2 | J30: 1 | K30: 0 | L30: 0 | M30: 11 | N30: 0 | O30: =SUM(C30:L30,N30) -> 9 | P30: =SUM(C30:N30) -> 20 | R30: 0300-0400 | S30: =SUM(C90:C93) -> 0 | T30: =SUM(D90:D93) -> 0 | U30: =SUM(E90:E93) -> 0 | V30: =SUM(F90:F93) -> 0 | W30: =SUM(G90:G93) -> 0 | X30: =SUM(H90:H93) -> 0 | Y30: =SUM(I90:I93) -> 0 | Z30: =SUM(J90:J93) -> 0 | ... AF30: =SUM(P90:P93) -> 2
B31: 12.15 - 12.30 | C31: 4 | D31: 3 | E31: 0 | F31: 0 | G31: 0 | H31: 0 | I31: 1 | J31: 0 | K31: 0 | L31: 0 | M31: 15 | N31: 0 | O31: =SUM(C31:L31,N31) -> 8 | P31: =SUM(C31:N31) -> 23 | R31: 0400-0500 | S31: =SUM(C94:C97) -> 0 | T31: =SUM(D94:D97) -> 0 | U31: =SUM(E94:E97) -> 2 | V31: =SUM(F94:F97) -> 1 | W31: =SUM(G94:G97) -> 0 | X31: =SUM(H94:H97) -> 0 | Y31: =SUM(I94:I97) -> 0 | Z31: =SUM(J94:J97) -> 0 | ... AF31: =SUM(P94:P97) -> 5
B32: 12.30 - 12.45 | C32: 4 | D32: 3 | E32: 1 | F32: 0 | G32: 0 | H32: 0 | I32: 2 | J32: 2 | K32: 0 | L32: 0 | M32: 16 | N32: 0 | O32: =SUM(C32:L32,N32) -> 12 | P32: =SUM(C32:N32) -> 28 | R32: 0500-0600 | S32: =SUM(C98:C101) -> 2 | T32: =SUM(D98:D101) -> 3 | U32: =SUM(E98:E101) -> 0 | V32: =SUM(F98:F101) -> 4 | W32: =SUM(G98:G101) -> 0 | X32: =SUM(H98:H101) -> 0 | Y32: =SUM(I98:I101) -> 0 | Z32: =SUM(J98:J101) -> 0 | ... AF32: =SUM(P98:P101) -> 17
B33: 12.45 - 13.00 | C33: 3 | D33: 3 | E33: 3 | F33: 2 | G33: 0 | H33: 0 | I33: 0 | J33: 0 | K33: 0 | L33: 0 | M33: 13 | N33: 0 | O33: =SUM(C33:L33,N33) -> 11 | P33: =SUM(C33:N33) -> 24 | R33: 0600-0700 | S33: =SUM(C102:C105) -> 13 | T33: =SUM(D102:D105) -> 0 | U33: =SUM(E102:E105) -> 4 | V33: =SUM(F102:F105) -> 5 | W33: =SUM(G102:G105) -> 1 | X33: =SUM(H102:H105) -> 0 | Y33: =SUM(I102:I105) -> 2 | Z33: =SUM(J102:J105) -> 2 | ... AF33: =SUM(P102:P105) -> 57
B34: 13.00 - 13.15 | C34: 3 | D34: 3 | E34: 2 | F34: 0 | G34: 0 | H34: 0 | I34: 2 | J34: 0 | K34: 0 | L34: 0 | M34: 17 | N34: 0 | O34: =SUM(C34:L34,N34) -> 10 | P34: =SUM(C34:N34) -> 27 | R34: AM Peak Hr | S34: =MAX(S10:S12) -> 28 | T34: =MAX(T10:T12) -> 17 | U34: =MAX(U10:U12) -> 7 | V34: =MAX(V10:V12) -> 5 | W34: =MAX(W10:W12) -> 2 | X34: =MAX(X10:X12) -> 2 | Y34: =MAX(Y10:Y12) -> 10 | Z34: =MAX(Z10:Z12) -> 1 | ... AF34: =MAX(AF10:AF12) -> 134
B35: 13.15 - 13.30 | C35: 4 | D35: 5 | E35: 3 | F35: 0 | G35: 0 | H35: 0 | I35: 2 | J35: 1 | K35: 0 | L35: 0 | M35: 25 | N35: 0 | O35: =SUM(C35:L35,N35) -> 15 | P35: =SUM(C35:N35) -> 40 | R35: IP Peak Hr | S35: =MAX(S13:S18) -> 20 | T35: =MAX(T13:T18) -> 20 | U35: =MAX(U13:U18) -> 6 | V35: =MAX(V13:V18) -> 6 | W35: =MAX(W13:W18) -> 2 | X35: =MAX(X13:X18) -> 0 | Y35: =MAX(Y13:Y18) -> 14 | Z35: =MAX(Z13:Z18) -> 3 | ... AF35: =MAX(AF13:AF18) -> 121
B36: 13.30 - 13.45 | C36: 4 | D36: 2 | E36: 0 | F36: 0 | G36: 0 | H36: 0 | I36: 2 | J36: 0 | K36: 0 | L36: 0 | M36: 11 | N36: 0 | O36: =SUM(C36:L36,N36) -> 8 | P36: =SUM(C36:N36) -> 19 | R36: PM Peak Hr | S36: =MAX(S19:S21) -> 24 | T36: =MAX(T19:T21) -> 20 | U36: =MAX(U19:U21) -> 11 | V36: =MAX(V19:V21) -> 8 | W36: =MAX(W19:W21) -> 2 | X36: =MAX(X19:X21) -> 0 | Y36: =MAX(Y19:Y21) -> 13 | Z36: =MAX(Z19:Z21) -> 1 | ... AF36: =MAX(AF19:AF21) -> 171
B37: 13.45 - 14.00 | C37: 5 | D37: 2 | E37: 1 | F37: 0 | G37: 0 | H37: 0 | I37: 4 | J37: 0 | K37: 0 | L37: 0 | M37: 23 | N37: 0 | O37: =SUM(C37:L37,N37) -> 12 | P37: =SUM(C37:N37) -> 35 | R37: AM Period | S37: =SUM(S10:S12) -> 66 | T37: =SUM(T10:T12) -> 42 | U37: =SUM(U10:U12) -> 18 | V37: =SUM(V10:V12) -> 9 | W37: =SUM(W10:W12) -> 2 | X37: =SUM(X10:X12) -> 2 | Y37: =SUM(Y10:Y12) -> 19 | Z37: =SUM(Z10:Z12) -> 2 | ... AF37: =SUM(AF10:AF12) -> 387
B38: 14.00 - 14.15 | C38: 3 | D38: 4 | E38: 1 | F38: 1 | G38: 0 | H38: 0 | I38: 2 | J38: 0 | K38: 0 | L38: 0 | M38: 17 | N38: 0 | O38: =SUM(C38:L38,N38) -> 11 | P38: =SUM(C38:N38) -> 28 | R38: IP Period | S38: =SUM(S13:S18) -> 99 | T38: =SUM(T13:T18) -> 74 | U38: =SUM(U13:U18) -> 31 | V38: =SUM(V13:V18) -> 12 | W38: =SUM(W13:W18) -> 2 | X38: =SUM(X13:X18) -> 0 | Y38: =SUM(Y13:Y18) -> 48 | Z38: =SUM(Z13:Z18) -> 5 | ... AF38: =SUM(AF13:AF18) -> 636
B39: 14.15 - 14.30 | C39: 2 | D39: 3 | E39: 3 | F39: 0 | G39: 0 | H39: 0 | I39: 2 | J39: 0 | K39: 0 | L39: 0 | M39: 14 | N39: 0 | O39: =SUM(C39:L39,N39) -> 10 | P39: =SUM(C39:N39) -> 24 | R39: PM Period | S39: =SUM(S19:S21) -> 64 | T39: =SUM(T19:T21) -> 49 | U39: =SUM(U19:U21) -> 23 | V39: =SUM(V19:V21) -> 16 | W39: =SUM(W19:W21) -> 2 | X39: =SUM(X19:X21) -> 0 | Y39: =SUM(Y19:Y21) -> 25 | Z39: =SUM(Z19:Z21) -> 2 | ... AF39: =SUM(AF19:AF21) -> 450
B40: 14.30 - 14.45 | C40: 4 | D40: 2 | E40: 0 | F40: 0 | G40: 0 | H40: 0 | I40: 2 | J40: 0 | K40: 0 | L40: 0 | M40: 12 | N40: 0 | O40: =SUM(C40:L40,N40) -> 8 | P40: =SUM(C40:N40) -> 20 | R40: 12 Hours | S40: =SUM(S10:S21) -> 229 | T40: =SUM(T10:T21) -> 165 | U40: =SUM(U10:U21) -> 72 | V40: =SUM(V10:V21) -> 37 | W40: =SUM(W10:W21) -> 6 | X40: =SUM(X10:X21) -> 2 | Y40: =SUM(Y10:Y21) -> 92 | Z40: =SUM(Z10:Z21) -> 9 | ... AF40: =SUM(AF10:AF21) -> 1473
B41: 14.45 - 15.00 | C41: 3 | D41: 1 | E41: 1 | F41: 1 | G41: 0 | H41: 0 | I41: 0 | J41: 0 | K41: 0 | L41: 0 | M41: 16 | N41: 0 | O41: =SUM(C41:L41,N41) -> 6 | P41: =SUM(C41:N41) -> 22 | R41: 24 Hrs/ADT | S41: =SUM(S10:S33) -> 286 | T41: =SUM(T10:T33) -> 187 | U41: =SUM(U10:U33) -> 100 | V41: =SUM(V10:V33) -> 59 | W41: =SUM(W10:W33) -> 9 | X41: =SUM(X10:X33) -> 4 | Y41: =SUM(Y10:Y33) -> 107 | Z41: =SUM(Z10:Z33) -> 24 | ... AF41: =SUM(AF10:AF33) -> 1910
B42: 15.00 - 15.15 | C42: 6 | D42: 0 | E42: 1 | F42: 0 | G42: 0 | H42: 0 | I42: 2 | J42: 0 | K42: 0 | L42: 0 | M42: 14 | N42: 0 | O42: =SUM(C42:L42,N42) -> 9 | P42: =SUM(C42:N42) -> 23 | R42: NEF | S42: =S41/S40 -> 1.2489083 | T42: =T41/T40 -> 1.1333333 | U42: =U41/U40 -> 1.3888889 | V42: =V41/V40 -> 1.5945946 | W42: =W41/W40 -> 1.5 | X42: =X41/X40 -> 2 | Y42: =Y41/Y40 -> 1.1630435 | Z42: =Z41/Z40 -> 2.6666667 | ... AF42: =AF41/AF40 -> 1.2966735
B43: 15.15 - 15.30 | C43: 5 | D43: 1 | E43: 1 | F43: 0 | G43: 0 | H43: 0 | I43: 3 | J43: 0 | K43: 0 | L43: 0 | M43: 16 | N43: 0 | O43: =SUM(C43:L43,N43) -> 10 | P43: =SUM(C43:N43) -> 26
B44: 15.30 - 15.45 | C44: 4 | D44: 2 | E44: 1 | F44: 0 | G44: 0 | H44: 0 | I44: 8 | J44: 0 | K44: 0 | L44: 0 | M44: 18 | N44: 0 | O44: =SUM(C44:L44,N44) -> 15 | P44: =SUM(C44:N44) -> 33
B45: 15.45 - 16.00 | C45: 3 | D45: 3 | E45: 1 | F45: 0 | G45: 0 | H45: 0 | I45: 1 | J45: 0 | K45: 0 | L45: 0 | M45: 16 | N45: 0 | O45: =SUM(C45:L45,N45) -> 8 | P45: =SUM(C45:N45) -> 24
B46: 16.00 - 16.15 | C46: 4 | D46: 0 | E46: 2 | F46: 0 | G46: 0 | H46: 0 | I46: 0 | J46: 1 | K46: 0 | L46: 0 | M46: 13 | N46: 0 | O46: =SUM(C46:L46,N46) -> 7 | P46: =SUM(C46:N46) -> 20
B47: 16.15 -16.30 | C47: 3 | D47: 1 | E47: 0 | F47: 0 | G47: 0 | H47: 0 | I47: 1 | J47: 0 | K47: 0 | L47: 0 | M47: 13 | N47: 0 | O47: =SUM(C47:L47,N47) -> 5 | P47: =SUM(C47:N47) -> 18
B48: 16.30 -16.45 | C48: 5 | D48: 3 | E48: 2 | F48: 2 | G48: 0 | H48: 0 | I48: 0 | J48: 0 | K48: 0 | L48: 0 | M48: 21 | N48: 0 | O48: =SUM(C48:L48,N48) -> 12 | P48: =SUM(C48:N48) -> 33
B49: 16.45 -17.00 | C49: 8 | D49: 6 | E49: 2 | F49: 2 | G49: 0 | H49: 0 | I49: 2 | J49: 0 | K49: 0 | L49: 0 | M49: 34 | N49: 0 | O49: =SUM(C49:L49,N49) -> 20 | P49: =SUM(C49:N49) -> 54
B50: 17.00 -17.15 | C50: 2 | D50: 3 | E50: 2 | F50: 4 | G50: 1 | H50: 0 | I50: 3 | J50: 0 | K50: 0 | L50: 0 | M50: 33 | N50: 0 | O50: =SUM(C50:L50,N50) -> 15 | P50: =SUM(C50:N50) -> 48
B51: 17.15 -17.30 | C51: 4 | D51: 2 | E51: 1 | F51: 3 | G51: 0 | H51: 0 | I51: 3 | J51: 0 | K51: 0 | L51: 0 | M51: 25 | N51: 0 | O51: =SUM(C51:L51,N51) -> 13 | P51: =SUM(C51:N51) -> 38
B52: 17.30 -17.45 | C52: 7 | D52: 8 | E52: 3 | F52: 0 | G52: 1 | H52: 0 | I52: 2 | J52: 0 | K52: 0 | L52: 0 | M52: 23 | N52: 0 | O52: =SUM(C52:L52,N52) -> 21 | P52: =SUM(C52:N52) -> 44
B53: 17.45 -18.00 | C53: 7 | D53: 7 | E53: 0 | F53: 1 | G53: 0 | H53: 0 | I53: 1 | J53: 0 | K53: 0 | L53: 0 | M53: 25 | N53: 0 | O53: =SUM(C53:L53,N53) -> 16 | P53: =SUM(C53:N53) -> 41
B54: 18.00 - 18.15 | C54: 2 | D54: 2 | E54: 0 | F54: 2 | G54: 0 | H54: 0 | I54: 2 | J54: 0 | K54: 0 | L54: 0 | M54: 12 | N54: 0 | O54: =SUM(C54:L54,N54) -> 8 | P54: =SUM(C54:N54) -> 20
... B70: 22.00 - 22.15 | C70: 2 | D70: 0 | E70: 0 | F70: 1 | G70: 0 | H70: 0 | I70: 0 | J70: 0 | K70: 0 | L70: 0 | M70: 5 | N70: 0 | O70: =SUM(C70:L70,N70) -> 3 | P70: =SUM(C70:N70) -> 8
B71: 22.15 - 22.30 | C71: 0 | D71: 0 | E71: 0 | F71: 0 | G71: 0 | H71: 0 | I71: 0 | J71: 1 | K71: 1 | L71: 0 | M71: 4 | O71: =SUM(C71:L71,N71) -> 2 | P71: =SUM(C71:N71) -> 6
B72: 22.30 - 22.45 | C72: 3 | D72: 0 | E72: 1 | F72: 0 | G72: 0 | H72: 0 | I72: 0 | J72: 0 | K72: 0 | L72: 0 | M72: 1 | N72: 0 | O72: =SUM(C72:L72,N72) -> 4 | P72: =SUM(C72:N72) -> 5
B73: 22.45 - 23.00 | C73: 0 | D73: 0 | E73: 0 | F73: 0 | G73: 1 | H73: 1 | I73: 0 | J73: 0 | K73: 1 | L73: 0 | M73: 5 | N73: 0 | O73: =SUM(C73:L73,N73) -> 3 | P73: =SUM(C73:N73) -> 8
B74: 23.00 - 23.15 | C74: 0 | D74: 0 | E74: 0 | F74: 0 | G74: 0 | H74: 0 | I74: 1 | J74: 0 | K74: 0 | L74: 0 | M74: 6 | N74: 0 | O74: =SUM(C74:L74,N74) -> 1 | P74: =SUM(C74:N74) -> 7
B75: 23.15 - 23.30 | C75: 2 | D75: 1 | E75: 1 | F75: 1 | G75: 0 | H75: 0 | I75: 0 | J75: 0 | K75: 0 | L75: 0 | M75: 6 | N75: 0 | O75: =SUM(C75:L75,N75) -> 5 | P75: =SUM(C75:N75) -> 11
B76: 23.30 - 23.45 | C76: 1 | D76: 0 | E76: 0 | F76: 0 | G76: 0 | H76: 0 | I76: 0 | J76: 0 | K76: 1 | L76: 0 | M76: 4 | N76: 0 | O76: =SUM(C76:L76,N76) -> 2 | P76: =SUM(C76:N76) -> 6
B77: 23.45 - 00.00 | C77: 0 | D77: 1 | E77: 0 | F77: 1 | G77: 0 | H77: 0 | I77: 1 | J77: 1 | K77: 0 | L77: 0 | M77: 1 | N77: 0 | O77: =SUM(C77:L77,N77) -> 4 | P77: =SUM(C77:N77) -> 5
B78: 00.00 - 00.15 | C78: 0 | D78: 0 | E78: 0 | F78: 0 | G78: 1 | H78: 0 | I78: 0 | J78: 1 | K78: 0 | L78: 0 | M78: 2 | N78: 0 | O78: =SUM(C78:L78,N78) -> 2 | P78: =SUM(C78:N78) -> 4
B79: 00.15 - 00.30 | C79: 1 | D79: 0 | E79: 0 | F79: 0 | G79: 0 | H79: 0 | I79: 0 | J79: 0 | K79: 0 | L79: 0 | M79: 1 | N79: 0 | O79: =SUM(C79:L79,N79) -> 1 | P79: =SUM(C79:N79) -> 2
B80: 00.30 - 00.45 | C80: 0 | D80: 0 | E80: 0 | F80: 0 | G80: 0 | H80: 1 | I80: 0 | J80: 0 | K80: 0 | L80: 0 | M80: 0 | N80: 0 | O80: =SUM(C80:L80,N80) -> 1 | P80: =SUM(C80:N80) -> 1
B81: 00.45 - 01.00 | C81: 3 | D81: 0 | E81: 1 | F81: 0 | G81: 0 | H81: 0 | I81: 0 | J81: 1 | K81: 0 | L81: 0 | M81: 2 | N81: 0 | O81: =SUM(C81:L81,N81) -> 5 | P81: =SUM(C81:N81) -> 7
B82: 01.00 - 01.15 | C82: 0 | D82: 0 | E82: 0 | F82: 0 | G82: 0 | H82: 0 | I82: 0 | J82: 0 | K82: 0 | L82: 0 | M82: 0 | N82: 0 | O82: =SUM(C82:L82,N82) -> 0 | P82: =SUM(C82:N82) -> 0
B83: 01.15 - 01.30 | C83: 0 | D83: 0 | E83: 0 | F83: 0 | G83: 0 | H83: 0 | I83: 0 | J83: 2 | K83: 0 | L83: 0 | M83: 2 | N83: 0 | O83: =SUM(C83:L83,N83) -> 2 | P83: =SUM(C83:N83) -> 4
... B105: 06.45 - 07.00 | C105: 1 | D105: 0 | E105: 2 | F105: 0 | G105: 1 | H105: 0 | I105: 1 | J105: 0 | K105: 0 | L105: 0 | M105: 5 | N105: 0 | O105: =SUM(C105:L105,N105) -> 5 | P105: =SUM(C105:N105) -> 10
B106: Totals | C106: =SUM(C10:C105) -> 286 | D106: =SUM(D10:D105) -> 187 | E106: =SUM(E10:E105) -> 100 | F106: =SUM(F10:F105) -> 59 | G106: =SUM(G10:G105) -> 9 | H106: =SUM(H10:H105) -> 4 | I106: =SUM(I10:I105) -> 107 | J106: =SUM(J10:J105) -> 24 | ... P106: =SUM(P10:P105) -> 1910
B107: %ges + MCs | C107: =C106/$P$106 -> 0.14973822 | D107: =D106/$P$106 -> 0.097905759 | E107: =E106/$P$106 -> 0.052356021 | F107: =F106/$P$106 -> 0.030890052 | G107: =G106/$P$106 -> 0.0047120419 | H107: =H106/$P$106 -> 0.0020942408 | I107: =I106/$P$106 -> 0.056020942 | J107: =J106/$P$106 -> 0.012565445 | ... N107: =N106/$P$106 -> 0
B108: %ges w/o MCs | C108: =C106/$O$106 -> 0.36386768 | D108: =D106/$O$106 -> 0.23791349 | E108: =E106/$O$106 -> 0.12722646 | F108: =F106/$O$106 -> 0.075063613 | G108: =G106/$O$106 -> 0.011450382 | H108: =H106/$O$106 -> 0.0050890585 | I108: =I106/$O$106 -> 0.13613232 | J108: =J106/$O$106 -> 0.030534351 | ... L108: =L106/$O$106 -> 0 | N108: =N106/$O$106 -> 0

Sheet 26.09 Wakiso-Bukasa
B1: Consultancy services for Preparation of Expressway Development Master Plan (EDMP) for Uganda
B2: MANUAL CLASSIFIED COUNT (MCC)
B3: ROAD NAME: | C3: ='23.09 Bukasa-Wakiso'!C3:G3 -> MCC - C2 - STN0-64- BUKASA-WAKISO ROAD
C5: Date | D5: 25.09.19 | F5: Location | G5: ='26.09 Bukasa-Wakiso'!G5:H5 -> Wakiso Junior Sch. | J5: Surveyor | K5: ='26.09 Bukasa-Wakiso'!K5:L5 -> Tusasirwe Leah
C6: Dir. From | D6: ='23.09 Wakiso-Bukasa'!D6:E6 -> Wakiso | F6: Dir. To | G6: ='24.09 Wakiso-Bukasa'!G6:H6 -> BUKASA | J6: Supervisor | K6: ='26.09 Bukasa-Wakiso'!K6:L6 -> Nusurah
B8: Time / Veh Type | R8: SUMMARY TRAFFIC VOLUMES
C9: 1. Car | D9: 2. Station Wagon | E9: 3. Pickups | F9: 4. Minibus, matatu | G9: 5. Medium bus | H9: 6. Large Bus | I9: 7. Light Truck | J9: 8. Medium Truck | K9: 9. Heavy truck | L9: 10. Truck Trailer | M9: 11. Motor cycles | N9: 12. Tractors | O9: Total Excl M/Cycles | P9: Total All | R9: Time | S9: 1. Car | T9: 2. Station Wagon | U9: 3. Pickups | V9: 4. Minibus, matatu | W9: 5. Medium bus | X9: 6. Large Bus | Y9: 7. Light Truck | Z9: 8. Medium Truck | AA9: 9. Heavy truck | AB9: 10. Truck Trailer | AC9: 11. Motorcycles | AD9: 12. Tractors, Graders | AE9: Total Excl M/ Cycles | AF9: Total All
B10: 07.00 - 07.15 | C10: 6 | D10: 0 | E10: 0 | F10: 1 | G10: 0 | H10: 0 | I10: 0 | J10: 0 | K10: 0 | L10: 0 | M10: 10 | N10: 0 | O10: =SUM(C10:L10,N10) -> 7 | P10: =SUM(C10:N10) -> 17 | R10: 0700-0800 | S10: =SUM(C10:C13) -> 25 | T10: =SUM(D10:D13) -> 4 | U10: =SUM(E10:E13) -> 2 | V10: =SUM(F10:F13) -> 2 | W10: =SUM(G10:G13) -> 0 | X10: =SUM(H10:H13) -> 0 | Y10: =SUM(I10:I13) -> 3 | Z10: =SUM(J10:J13) -> 0 | ... AF10: =SUM(P10:P13) -> 109
B11: 07.15 - 07.30 | C11: 8 | D11: 1 | E11: 1 | F11: 1 | G11: 0 | H11: 0 | I11: 2 | J11: 0 | K11: 0 | L11: 0 | M11: 16 | N11: 0 | O11: =SUM(C11:L11,N11) -> 13 | P11: =SUM(C11:N11) -> 29 | R11: 0800-0900 | S11: =SUM(C14:C17) -> 17 | T11: =SUM(D14:D17) -> 3 | U11: =SUM(E14:E17) -> 1 | V11: =SUM(F14:F17) -> 1 | W11: =SUM(G14:G17) -> 1 | X11: =SUM(H14:H17) -> 3 | Y11: =SUM(I14:I17) -> 3 | Z11: =SUM(J14:J17) -> 1 | ... AF11: =SUM(P14:P17) -> 109
B12: 07.30 - 07.45 | C12: 6 | D12: 3 | E12: 1 | F12: 0 | G12: 0 | H12: 0 | I12: 1 | J12: 0 | K12: 0 | L12: 0 | M12: 23 | N12: 0 | O12: =SUM(C12:L12,N12) -> 11 | P12: =SUM(C12:N12) -> 34 | R12: 0900-1000 | S12: =SUM(C18:C21) -> 20 | T12: =SUM(D18:D21) -> 3 | U12: =SUM(E18:E21) -> 6 | V12: =SUM(F18:F21) -> 1 | W12: =SUM(G18:G21) -> 0 | X12: =SUM(H18:H21) -> 0 | Y12: =SUM(I18:I21) -> 7 | Z12: =SUM(J18:J21) -> 1 | ... AF12: =SUM(P18:P21) -> 111
B13: 07.45 - 08.00 | C13: 5 | D13: 0 | E13: 0 | F13: 0 | G13: 0 | H13: 0 | I13: 0 | J13: 0 | K13: 0 | L13: 0 | M13: 24 | N13: 0 | O13: =SUM(C13:L13,N13) -> 5 | P13: =SUM(C13:N13) -> 29 | R13: 1000-1100 | S13: =SUM(C22:C25) -> 18 | T13: =SUM(D22:D25) -> 7 | U13: =SUM(E22:E25) -> 6 | V13: =SUM(F22:F25) -> 4 | W13: =SUM(G22:G25) -> 1 | X13: =SUM(H22:H25) -> 0 | Y13: =SUM(I22:I25) -> 5 | Z13: =SUM(J22:J25) -> 2 | ... AF13: =SUM(P22:P25) -> 109
B14: 08.00 - 08.15 | C14: 4 | D14: 1 | E14: 0 | F14: 0 | G14: 0 | H14: 3 | I14: 0 | J14: 0 | K14: 0 | L14: 0 | M14: 21 | N14: 0 | O14: =SUM(C14:L14,N14) -> 8 | P14: =SUM(C14:N14) -> 29 | R14: 1100-1200 | S14: =SUM(C26:C29) -> 19 | T14: =SUM(D26:D29) -> 5 | U14: =SUM(E26:E29) -> 1 | V14: =SUM(F26:F29) -> 1 | W14: =SUM(G26:G29) -> 0 | X14: =SUM(H26:H29) -> 0 | Y14: =SUM(I26:I29) -> 6 | Z14: =SUM(J26:J29) -> 2 | ... AF14: =SUM(P26:P29) -> 103
B15: 08.15 - 08.30 | C15: 6 | D15: 2 | E15: 0 | F15: 1 | G15: 1 | H15: 0 | I15: 1 | J15: 1 | K15: 1 | L15: 1 | M15: 23 | N15: 0 | O15: =SUM(C15:L15,N15) -> 14 | P15: =SUM(C15:N15) -> 37 | R15: 1200-1300 | S15: =SUM(C30:C33) -> 15 | T15: =SUM(D30:D33) -> 3 | U15: =SUM(E30:E33) -> 4 | V15: =SUM(F30:F33) -> 4 | W15: =SUM(G30:G33) -> 0 | X15: =SUM(H30:H33) -> 0 | Y15: =SUM(I30:I33) -> 6 | Z15: =SUM(J30:J33) -> 6 | ... AF15: =SUM(P30:P33) -> 117
B16: 08.30 - 08.45 | C16: 2 | D16: 0 | E16: 1 | F16: 0 | G16: 0 | H16: 0 | I16: 2 | J16: 0 | K16: 0 | L16: 0 | M16: 12 | N16: 0 | O16: =SUM(C16:L16,N16) -> 5 | P16: =SUM(C16:N16) -> 17 | R16: 1300-1400 | S16: =SUM(C34:C37) -> 27 | T16: =SUM(D34:D37) -> 11 | U16: =SUM(E34:E37) -> 3 | V16: =SUM(F34:F37) -> 4 | W16: =SUM(G34:G37) -> 1 | X16: =SUM(H34:H37) -> 0 | Y16: =SUM(I34:I37) -> 4 | Z16: =SUM(J34:J37) -> 2 | ... AF16: =SUM(P34:P37) -> 128
B17: 08.45 - 9.00 | C17: 5 | D17: 0 | E17: 0 | F17: 0 | G17: 0 | H17: 0 | I17: 0 | J17: 0 | K17: 0 | L17: 0 | M17: 21 | N17: 0 | O17: =SUM(C17:L17,N17) -> 5 | P17: =SUM(C17:N17) -> 26 | R17: 1400-1500 | S17: =SUM(C38:C41) -> 17 | T17: =SUM(D38:D41) -> 1 | U17: =SUM(E38:E41) -> 7 | V17: =SUM(F38:F41) -> 7 | W17: =SUM(G38:G41) -> 0 | X17: =SUM(H38:H41) -> 0 | Y17: =SUM(I38:I41) -> 8 | Z17: =SUM(J38:J41) -> 2 | ... AF17: =SUM(P38:P41) -> 109
B18: 09.00 - 09.15 | C18: 5 | D18: 0 | E18: 1 | F18: 1 | G18: 0 | H18: 0 | I18: 2 | J18: 0 | K18: 0 | L18: 0 | M18: 20 | N18: 0 | O18: =SUM(C18:L18,N18) -> 9 | P18: =SUM(C18:N18) -> 29 | R18: 1500-1600 | S18: =SUM(C42:C45) -> 20 | T18: =SUM(D42:D45) -> 4 | U18: =SUM(E42:E45) -> 7 | V18: =SUM(F42:F45) -> 4 | W18: =SUM(G42:G45) -> 0 | X18: =SUM(H42:H45) -> 0 | Y18: =SUM(I42:I45) -> 8 | Z18: =SUM(J42:J45) -> 2 | ... AF18: =SUM(P42:P45) -> 127
B19: 09.15 - 09.30 | C19: 4 | D19: 0 | E19: 1 | F19: 0 | G19: 0 | H19: 0 | I19: 1 | J19: 1 | K19: 0 | L19: 0 | M19: 15 | N19: 0 | O19: =SUM(C19:L19,N19) -> 7 | P19: =SUM(C19:N19) -> 22 | R19: 1600-1700 | S19: =SUM(C46:C49) -> 20 | T19: =SUM(D46:D49) -> 3 | U19: =SUM(E46:E49) -> 4 | V19: =SUM(F46:F49) -> 1 | W19: =SUM(G46:G49) -> 2 | X19: =SUM(H46:H49) -> 0 | Y19: =SUM(I46:I49) -> 7 | Z19: =SUM(J46:J49) -> 5 | ... AF19: =SUM(P46:P49) -> 100
B20: 09.30 - 09.45 | C20: 9 | D20: 2 | E20: 1 | F20: 0 | G20: 0 | H20: 0 | I20: 2 | J20: 0 | K20: 1 | L20: 0 | M20: 12 | N20: 0 | O20: =SUM(C20:L20,N20) -> 15 | P20: =SUM(C20:N20) -> 27 | R20: 1700-1800 | S20: =SUM(C50:C53) -> 38 | T20: =SUM(D50:D53) -> 5 | U20: =SUM(E50:E53) -> 4 | V20: =SUM(F50:F53) -> 3 | W20: =SUM(G50:G53) -> 0 | X20: =SUM(H50:H53) -> 1 | Y20: =SUM(I50:I53) -> 3 | Z20: =SUM(J50:J53) -> 3 | ... AF20: =SUM(P50:P53) -> 142
B21: 09.45 - 10.00 | C21: 2 | D21: 1 | E21: 3 | F21: 0 | G21: 0 | H21: 0 | I21: 2 | J21: 0 | K21: 0 | L21: 0 | M21: 25 | N21: 0 | O21: =SUM(C21:L21,N21) -> 8 | P21: =SUM(C21:N21) -> 33 | R21: 1800-1900 | S21: =SUM(C54:C57) -> 34 | T21: =SUM(D54:D57) -> 8 | U21: =SUM(E54:E57) -> 8 | V21: =SUM(F54:F57) -> 8 | W21: =SUM(G54:G57) -> 0 | X21: =SUM(H54:H57) -> 0 | Y21: =SUM(I54:I57) -> 11 | Z21: =SUM(J54:J57) -> 4 | ... AF21: =SUM(P54:P57) -> 159
B22: 10.00 - 10.15 | C22: 2 | D22: 3 | E22: 1 | F22: 0 | G22: 0 | H22: 0 | I22: 1 | J22: 0 | K22: 0 | L22: 0 | M22: 16 | N22: 0 | O22: =SUM(C22:L22,N22) -> 7 | P22: =SUM(C22:N22) -> 23 | R22: 1900-2000 | S22: =SUM(C58:C61) -> 16 | T22: =SUM(D58:D61) -> 8 | U22: =SUM(E58:E61) -> 3 | V22: =SUM(F58:F61) -> 1 | W22: =SUM(G58:G61) -> 0 | X22: =SUM(H58:H61) -> 0 | Y22: =SUM(I58:I61) -> 6 | Z22: =SUM(J58:J61) -> 7 | ... AF22: =SUM(P58:P61) -> 106
B23: 10.15 - 10.30 | C23: 3 | D23: 0 | E23: 0 | F23: 0 | G23: 0 | H23: 0 | I23: 2 | J23: 0 | K23: 0 | L23: 0 | M23: 17 | N23: 0 | O23: =SUM(C23:L23,N23) -> 5 | P23: =SUM(C23:N23) -> 22 | R23: 2000-2100 | S23: =SUM(C62:C65) -> 25 | T23: =SUM(D62:D65) -> 4 | U23: =SUM(E62:E65) -> 6 | V23: =SUM(F62:F65) -> 0 | W23: =SUM(G62:G65) -> 0 | X23: =SUM(H62:H65) -> 0 | Y23: =SUM(I62:I65) -> 2 | Z23: =SUM(J62:J65) -> 6 | ... AF23: =SUM(P62:P65) -> 113
B24: 10.30 - 10.45 | C24: 7 | D24: 2 | E24: 2 | F24: 3 | G24: 0 | H24: 0 | I24: 1 | J24: 1 | K24: 0 | L24: 0 | M24: 13 | N24: 0 | O24: =SUM(C24:L24,N24) -> 16 | P24: =SUM(C24:N24) -> 29 | R24: 2100-2200 | S24: =SUM(C66:C69) -> 8 | T24: =SUM(D66:D69) -> 1 | U24: =SUM(E66:E69) -> 3 | V24: =SUM(F66:F69) -> 1 | W24: =SUM(G66:G69) -> 0 | X24: =SUM(H66:H69) -> 0 | Y24: =SUM(I66:I69) -> 2 | Z24: =SUM(J66:J69) -> 1 | ... AF24: =SUM(P66:P69) -> 44
B25: 10.45 - 11.00 | C25: 6 | D25: 2 | E25: 3 | F25: 1 | G25: 1 | H25: 0 | I25: 1 | J25: 1 | K25: 0 | L25: 0 | M25: 20 | N25: 0 | O25: =SUM(C25:L25,N25) -> 15 | P25: =SUM(C25:N25) -> 35 | R25: 2200-2300 | S25: =SUM(C70:C73) -> 5 | T25: =SUM(D70:D73) -> 2 | U25: =SUM(E70:E73) -> 1 | V25: =SUM(F70:F73) -> 2 | W25: =SUM(G70:G73) -> 0 | X25: =SUM(H70:H73) -> 0 | Y25: =SUM(I70:I73) -> 1 | Z25: =SUM(J70:J73) -> 0 | ... AF25: =SUM(P70:P73) -> 33
B26: 11.00 - 11.15 | C26: 3 | D26: 3 | E26: 0 | F26: 0 | G26: 0 | H26: 0 | I26: 1 | J26: 0 | K26: 0 | L26: 0 | M26: 27 | N26: 0 | O26: =SUM(C26:L26,N26) -> 7 | P26: =SUM(C26:N26) -> 34 | R26: 2300-0000 | S26: =SUM(C74:C77) -> 11 | T26: =SUM(D74:D77) -> 0 | U26: =SUM(E74:E77) -> 1 | V26: =SUM(F74:F77) -> 1 | W26: =SUM(G74:G77) -> 0 | X26: =SUM(H74:H77) -> 0 | Y26: =SUM(I74:I77) -> 3 | Z26: =SUM(J74:J77) -> 0 | ... AF26: =SUM(P74:P77) -> 35
B27: 11.15 - 11.30 | C27: 4 | D27: 1 | E27: 0 | F27: 0 | G27: 0 | H27: 0 | I27: 2 | J27: 1 | K27: 0 | L27: 0 | M27: 16 | N27: 0 | O27: =SUM(C27:L27,N27) -> 8 | P27: =SUM(C27:N27) -> 24 | R27: 0000-0100 | S27: =SUM(C78:C81) -> 3 | T27: =SUM(D78:D81) -> 1 | U27: =SUM(E78:E81) -> 0 | V27: =SUM(F78:F81) -> 1 | W27: =SUM(G78:G81) -> 0 | X27: =SUM(H78:H81) -> 1 | Y27: =SUM(I78:I81) -> 7 | Z27: =SUM(J78:J81) -> 1 | ... AF27: =SUM(P78:P81) -> 27
B28: 11.30 - 11.45 | C28: 6 | D28: 1 | E28: 0 | F28: 1 | G28: 0 | H28: 0 | I28: 2 | J28: 0 | K28: 0 | L28: 0 | M28: 14 | N28: 0 | O28: =SUM(C28:L28,N28) -> 10 | P28: =SUM(C28:N28) -> 24 | R28: 0100-0200 | S28: =SUM(C82:C85) -> 2 | T28: =SUM(D82:D85) -> 1 | U28: =SUM(E82:E85) -> 0 | V28: =SUM(F82:F85) -> 1 | W28: =SUM(G82:G85) -> 0 | X28: =SUM(H82:H85) -> 0 | Y28: =SUM(I82:I85) -> 1 | Z28: =SUM(J82:J85) -> 0 | ... AF28: =SUM(P82:P85) -> 12
B29: 11.45 - 12.00 | C29: 6 | D29: 0 | E29: 1 | F29: 0 | G29: 0 | H29: 0 | I29: 1 | J29: 1 | K29: 0 | L29: 0 | M29: 12 | N29: 0 | O29: =SUM(C29:L29,N29) -> 9 | P29: =SUM(C29:N29) -> 21 | R29: 0200-0300 | S29: =SUM(C86:C89) -> 0 | T29: =SUM(D86:D89) -> 0 | U29: =SUM(E86:E89) -> 0 | V29: =SUM(F86:F89) -> 0 | W29: =SUM(G86:G89) -> 0 | X29: =SUM(H86:H89) -> 0 | Y29: =SUM(I86:I89) -> 0 | Z29: =SUM(J86:J89) -> 1 | ... AF29: =SUM(P86:P89) -> 1
B30: 12.00 - 12.15 | C30: 2 | D30: 0 | E30: 0 | F30: 1 | G30: 0 | H30: 0 | I30: 2 | J30: 2 | K30: 0 | L30: 0 | M30: 31 | N30: 0 | O30: =SUM(C30:L30,N30) -> 7 | P30: =SUM(C30:N30) -> 38 | R30: 0300-0400 | S30: =SUM(C90:C93) -> 0 | T30: =SUM(D90:D93) -> 0 | U30: =SUM(E90:E93) -> 0 | V30: =SUM(F90:F93) -> 0 | W30: =SUM(G90:G93) -> 0 | X30: =SUM(H90:H93) -> 0 | Y30: =SUM(I90:I93) -> 0 | Z30: =SUM(J90:J93) -> 0 | ... AF30: =SUM(P90:P93) -> 2
B31: 12.15 - 12.30 | C31: 2 | D31: 1 | E31: 1 | F31: 2 | G31: 0 | H31: 0 | I31: 1 | J31: 2 | K31: 0 | L31: 0 | M31: 20 | N31: 0 | O31: =SUM(C31:L31,N31) -> 9 | P31: =SUM(C31:N31) -> 29 | R31: 0400-0500 | S31: =SUM(C94:C97) -> 2 | T31: =SUM(D94:D97) -> 0 | U31: =SUM(E94:E97) -> 0 | V31: =SUM(F94:F97) -> 2 | W31: =SUM(G94:G97) -> 0 | X31: =SUM(H94:H97) -> 0 | Y31: =SUM(I94:I97) -> 0 | Z31: =SUM(J94:J97) -> 0 | ... AF31: =SUM(P94:P97) -> 5
B32: 12.30 - 12.45 | C32: 5 | D32: 0 | E32: 3 | F32: 1 | G32: 0 | H32: 0 | I32: 1 | J32: 1 | K32: 0 | L32: 0 | M32: 15 | N32: 0 | O32: =SUM(C32:L32,N32) -> 11 | P32: =SUM(C32:N32) -> 26 | R32: 0500-0600 | S32: =SUM(C98:C101) -> 1 | T32: =SUM(D98:D101) -> 0 | U32: =SUM(E98:E101) -> 0 | V32: =SUM(F98:F101) -> 3 | W32: =SUM(G98:G101) -> 2 | X32: =SUM(H98:H101) -> 0 | Y32: =SUM(I98:I101) -> 1 | Z32: =SUM(J98:J101) -> 1 | ... AF32: =SUM(P98:P101) -> 16
B33: 12.45 - 13.00 | C33: 6 | D33: 2 | E33: 0 | F33: 0 | G33: 0 | H33: 0 | I33: 2 | J33: 1 | K33: 0 | L33: 0 | M33: 13 | N33: 0 | O33: =SUM(C33:L33,N33) -> 11 | P33: =SUM(C33:N33) -> 24 | R33: 0600-0700 | S33: =SUM(C102:C105) -> 8 | T33: =SUM(D102:D105) -> 3 | U33: =SUM(E102:E105) -> 2 | V33: =SUM(F102:F105) -> 3 | W33: =SUM(G102:G105) -> 0 | X33: =SUM(H102:H105) -> 0 | Y33: =SUM(I102:I105) -> 0 | Z33: =SUM(J102:J105) -> 2 | ... AF33: =SUM(P102:P105) -> 44
B34: 13.00 - 13.15 | C34: 6 | D34: 1 | E34: 1 | F34: 2 | G34: 0 | H34: 0 | I34: 2 | J34: 1 | K34: 0 | L34: 0 | M34: 24 | N34: 0 | O34: =SUM(C34:L34,N34) -> 13 | P34: =SUM(C34:N34) -> 37 | R34: AM Peak Hr | S34: =MAX(S10:S12) -> 25 | T34: =MAX(T10:T12) -> 4 | U34: =MAX(U10:U12) -> 6 | V34: =MAX(V10:V12) -> 2 | W34: =MAX(W10:W12) -> 1 | X34: =MAX(X10:X12) -> 3 | Y34: =MAX(Y10:Y12) -> 7 | Z34: =MAX(Z10:Z12) -> 1 | ... AF34: =MAX(AF10:AF12) -> 111
B35: 13.15 - 13.30 | C35: 6 | D35: 3 | E35: 1 | F35: 1 | G35: 0 | H35: 0 | I35: 0 | J35: 0 | K35: 0 | L35: 0 | M35: 14 | N35: 0 | O35: =SUM(C35:L35,N35) -> 11 | P35: =SUM(C35:N35) -> 25 | R35: IP Peak Hr | S35: =MAX(S13:S18) -> 27 | T35: =MAX(T13:T18) -> 11 | U35: =MAX(U13:U18) -> 7 | V35: =MAX(V13:V18) -> 7 | W35: =MAX(W13:W18) -> 1 | X35: =MAX(X13:X18) -> 0 | Y35: =MAX(Y13:Y18) -> 8 | Z35: =MAX(Z13:Z18) -> 6 | ... AF35: =MAX(AF13:AF18) -> 128
B36: 13.30 - 13.45 | C36: 8 | D36: 4 | E36: 0 | F36: 1 | G36: 0 | H36: 0 | I36: 1 | J36: 1 | K36: 0 | L36: 0 | M36: 21 | N36: 0 | O36: =SUM(C36:L36,N36) -> 15 | P36: =SUM(C36:N36) -> 36 | R36: PM Peak Hr | S36: =MAX(S19:S21) -> 38 | T36: =MAX(T19:T21) -> 8 | U36: =MAX(U19:U21) -> 8 | V36: =MAX(V19:V21) -> 8 | W36: =MAX(W19:W21) -> 2 | X36: =MAX(X19:X21) -> 1 | Y36: =MAX(Y19:Y21) -> 11 | Z36: =MAX(Z19:Z21) -> 5 | ... AF36: =MAX(AF19:AF21) -> 159
B37: 13.45 - 14.00 | C37: 7 | D37: 3 | E37: 1 | F37: 0 | G37: 1 | H37: 0 | I37: 1 | J37: 0 | K37: 0 | L37: 0 | M37: 17 | N37: 0 | O37: =SUM(C37:L37,N37) -> 13 | P37: =SUM(C37:N37) -> 30 | R37: AM Period | S37: =SUM(S10:S12) -> 62 | T37: =SUM(T10:T12) -> 10 | U37: =SUM(U10:U12) -> 9 | V37: =SUM(V10:V12) -> 4 | W37: =SUM(W10:W12) -> 1 | X37: =SUM(X10:X12) -> 3 | Y37: =SUM(Y10:Y12) -> 13 | Z37: =SUM(Z10:Z12) -> 2 | ... AF37: =SUM(AF10:AF12) -> 329
B38: 14.00 - 14.15 | C38: 3 | D38: 0 | E38: 4 | F38: 2 | G38: 0 | H38: 0 | I38: 1 | J38: 0 | K38: 0 | L38: 0 | M38: 14 | N38: 0 | O38: =SUM(C38:L38,N38) -> 10 | P38: =SUM(C38:N38) -> 24 | R38: IP Period | S38: =SUM(S13:S18) -> 116 | T38: =SUM(T13:T18) -> 31 | U38: =SUM(U13:U18) -> 28 | V38: =SUM(V13:V18) -> 24 | W38: =SUM(W13:W18) -> 2 | X38: =SUM(X13:X18) -> 0 | Y38: =SUM(Y13:Y18) -> 37 | Z38: =SUM(Z13:Z18) -> 16 | ... AF38: =SUM(AF13:AF18) -> 693
B39: 14.15 - 14.30 | C39: 6 | D39: 0 | E39: 1 | F39: 2 | G39: 0 | H39: 0 | I39: 1 | J39: 0 | K39: 0 | L39: 0 | M39: 15 | N39: 0 | O39: =SUM(C39:L39,N39) -> 10 | P39: =SUM(C39:N39) -> 25 | R39: PM Period | S39: =SUM(S19:S21) -> 92 | T39: =SUM(T19:T21) -> 16 | U39: =SUM(U19:U21) -> 16 | V39: =SUM(V19:V21) -> 12 | W39: =SUM(W19:W21) -> 2 | X39: =SUM(X19:X21) -> 1 | Y39: =SUM(Y19:Y21) -> 21 | Z39: =SUM(Z19:Z21) -> 12 | ... AF39: =SUM(AF19:AF21) -> 401
B40: 14.30 - 14.45 | C40: 4 | D40: 0 | E40: 2 | F40: 3 | G40: 0 | H40: 0 | I40: 4 | J40: 1 | K40: 0 | L40: 0 | M40: 16 | N40: 0 | O40: =SUM(C40:L40,N40) -> 14 | P40: =SUM(C40:N40) -> 30 | R40: 12 Hours | S40: =SUM(S10:S21) -> 270 | T40: =SUM(T10:T21) -> 57 | U40: =SUM(U10:U21) -> 53 | V40: =SUM(V10:V21) -> 40 | W40: =SUM(W10:W21) -> 5 | X40: =SUM(X10:X21) -> 4 | Y40: =SUM(Y10:Y21) -> 71 | Z40: =SUM(Z10:Z21) -> 30 | ... AF40: =SUM(AF10:AF21) -> 1423
B41: 14.45 - 15.00 | C41: 4 | D41: 1 | E41: 0 | F41: 0 | G41: 0 | H41: 0 | I41: 2 | J41: 1 | K41: 0 | L41: 0 | M41: 22 | N41: 0 | O41: =SUM(C41:L41,N41) -> 8 | P41: =SUM(C41:N41) -> 30 | R41: 24 Hrs/ADT | S41: =SUM(S10:S33) -> 351 | T41: =SUM(T10:T33) -> 77 | U41: =SUM(U10:U33) -> 69 | V41: =SUM(V10:V33) -> 55 | W41: =SUM(W10:W33) -> 7 | X41: =SUM(X10:X33) -> 5 | Y41: =SUM(Y10:Y33) -> 94 | Z41: =SUM(Z10:Z33) -> 49 | ... AF41: =SUM(AF10:AF33) -> 1861
B42: 15.00 - 15.15 | C42: 4 | D42: 1 | E42: 2 | F42: 1 | G42: 0 | H42: 0 | I42: 1 | J42: 0 | K42: 1 | L42: 0 | M42: 23 | N42: 0 | O42: =SUM(C42:L42,N42) -> 10 | P42: =SUM(C42:N42) -> 33 | R42: NEF | S42: =S41/S40 -> 1.3 | T42: =T41/T40 -> 1.3508772 | U42: =U41/U40 -> 1.3018868 | V42: =V41/V40 -> 1.375 | W42: =W41/W40 -> 1.4 | X42: =X41/X40 -> 1.25 | Y42: =Y41/Y40 -> 1.3239437 | Z42: =Z41/Z40 -> 1.6333333 | ... AF42: =AF41/AF40 -> 1.3078004
B43: 15.15 - 15.30 | C43: 6 | D43: 1 | E43: 2 | F43: 1 | G43: 0 | H43: 0 | I43: 1 | J43: 0 | K43: 0 | L43: 0 | M43: 27 | N43: 0 | O43: =SUM(C43:L43,N43) -> 11 | P43: =SUM(C43:N43) -> 38
B44: 15.30 - 15.45 | C44: 5 | D44: 2 | E44: 2 | F44: 2 | G44: 0 | H44: 0 | I44: 2 | J44: 2 | K44: 1 | L44: 0 | M44: 15 | N44: 0 | O44: =SUM(C44:L44,N44) -> 16 | P44: =SUM(C44:N44) -> 31
B45: 15.45 - 16.00 | C45: 5 | D45: 0 | E45: 1 | F45: 0 | G45: 0 | H45: 0 | I45: 4 | J45: 0 | K45: 0 | L45: 0 | M45: 15 | N45: 0 | O45: =SUM(C45:L45,N45) -> 10 | P45: =SUM(C45:N45) -> 25
B46: 16.00 - 16.15 | C46: 5 | D46: 0 | E46: 3 | F46: 0 | G46: 0 | H46: 0 | I46: 1 | J46: 2 | K46: 0 | L46: 0 | M46: 14 | N46: 0 | O46: =SUM(C46:L46,N46) -> 11 | P46: =SUM(C46:N46) -> 25
B47: 16.15 -16.30 | C47: 3 | D47: 0 | E47: 1 | F47: 0 | G47: 0 | H47: 0 | I47: 2 | J47: 0 | K47: 0 | L47: 0 | M47: 14 | N47: 0 | O47: =SUM(C47:L47,N47) -> 6 | P47: =SUM(C47:N47) -> 20
B48: 16.30 -16.45 | C48: 4 | D48: 2 | E48: 0 | F48: 0 | G48: 2 | H48: 0 | I48: 1 | J48: 1 | K48: 1 | L48: 0 | M48: 15 | N48: 0 | O48: =SUM(C48:L48,N48) -> 11 | P48: =SUM(C48:N48) -> 26
B49: 16.45 -17.00 | C49: 8 | D49: 1 | E49: 0 | F49: 1 | G49: 0 | H49: 0 | I49: 3 | J49: 2 | K49: 0 | L49: 0 | M49: 14 | N49: 0 | O49: =SUM(C49:L49,N49) -> 15 | P49: =SUM(C49:N49) -> 29
B50: 17.00 -17.15 | C50: 12 | D50: 1 | E50: 0 | F50: 0 | G50: 0 | H50: 0 | I50: 1 | J50: 0 | K50: 0 | L50: 0 | M50: 21 | N50: 0 | O50: =SUM(C50:L50,N50) -> 14 | P50: =SUM(C50:N50) -> 35
B51: 17.15 -17.30 | C51: 6 | D51: 0 | E51: 2 | F51: 0 | G51: 0 | H51: 0 | I51: 0 | J51: 0 | K51: 0 | L51: 0 | M51: 21 | N51: 0 | O51: =SUM(C51:L51,N51) -> 8 | P51: =SUM(C51:N51) -> 29
B52: 17.30 -17.45 | C52: 6 | D52: 1 | E52: 1 | F52: 3 | G52: 0 | H52: 0 | I52: 1 | J52: 2 | K52: 0 | L52: 0 | M52: 19 | N52: 0 | O52: =SUM(C52:L52,N52) -> 14 | P52: =SUM(C52:N52) -> 33
B53: 17.45 -18.00 | C53: 14 | D53: 3 | E53: 1 | F53: 0 | G53: 0 | H53: 1 | I53: 1 | J53: 1 | K53: 0 | L53: 0 | M53: 24 | N53: 0 | O53: =SUM(C53:L53,N53) -> 21 | P53: =SUM(C53:N53) -> 45
B54: 18.00 - 18.15 | C54: 7 | D54: 3 | E54: 3 | F54: 2 | G54: 0 | H54: 0 | I54: 3 | J54: 1 | K54: 0 | L54: 0 | M54: 23 | N54: 0 | O54: =SUM(C54:L54,N54) -> 19 | P54: =SUM(C54:N54) -> 42
... B105: 06.45 - 07.00 | C105: 2 | D105: 1 | E105: 0 | F105: 0 | G105: 0 | H105: 0 | I105: 0 | J105: 0 | K105: 0 | L105: 0 | M105: 6 | N105: 0 | O105: =SUM(C105:L105,N105) -> 3 | P105: =SUM(C105:N105) -> 9
B106: Totals | C106: =SUM(C10:C105) -> 351 | D106: =SUM(D10:D105) -> 77 | E106: =SUM(E10:E105) -> 69 | F106: =SUM(F10:F105) -> 55 | G106: =SUM(G10:G105) -> 7 | H106: =SUM(H10:H105) -> 5 | I106: =SUM(I10:I105) -> 94 | J106: =SUM(J10:J105) -> 49 | ... P106: =SUM(P10:P105) -> 1861
B107: %ges + MCs | C107: =C106/$P$106 -> 0.18860828 | D107: =D106/$P$106 -> 0.041375605 | E107: =E106/$P$106 -> 0.03707684 | F107: =F106/$P$106 -> 0.029554003 | G107: =G106/$P$106 -> 0.0037614186 | H107: =H106/$P$106 -> 0.0026867276 | I107: =I106/$P$106 -> 0.050510478 | J107: =J106/$P$106 -> 0.02632993 | ... N107: =N106/$P$106 -> 0
B108: %ges w/o MCs | C108: =C106/$O$106 -> 0.48682386 | D108: =D106/$O$106 -> 0.10679612 | E108: =E106/$O$106 -> 0.095700416 | F108: =F106/$O$106 -> 0.07628294 | G108: =G106/$O$106 -> 0.0097087379 | H108: =H106/$O$106 -> 0.0069348128 | I108: =I106/$O$106 -> 0.13037448 | J108: =J106/$O$106 -> 0.067961165 | ... L108: =L106/$O$106 -> 0.0041608877 | N108: =N106/$O$106 -> 0

Sheet 27.09 Bukasa-Wakiso
B1: Consultancy services for Preparation of Expressway Development Master Plan (EDMP) for Uganda
B2: MANUAL CLASSIFIED COUNT (MCC)
B3: ROAD NAME: | C3: ='23.09 Bukasa-Wakiso'!C3:G3 -> MCC - C2 - STN0-64- BUKASA-WAKISO ROAD
C5: Date | D5: 27.9.19 | F5: Location | G5: ='25.09 Wakiso-Bukasa'!G5:H5 -> Wakiso Junior Sch. | J5: Surveyor | K5: ='25.09 Wakiso-Bukasa'!K5:L5 -> Tusasirwe Leah
C6: Dir. From | D6: ='23.09 Bukasa-Wakiso'!D6:E6 -> Bukasa | F6: Dir. To | G6: ='23.09 Bukasa-Wakiso'!G6:H6 -> Wakiso | J6: Supervisor | K6: ='25.09 Wakiso-Bukasa'!K6:L6 -> Nusurah
B8: Time / Veh Type | R8: SUMMARY TRAFFIC VOLUMES
C9: 1. Car | D9: 2. Station Wagon | E9: 3. Pickups | F9: 4. Minibus, matatu | G9: 5. Medium bus | H9: 6. Large Bus | I9: 7. Light Truck | J9: 8. Medium Truck | K9: 9. Heavy truck | L9: 10. Truck Trailer | M9: 11. Motor cycles | N9: 12. Tractors | O9: Total Excl M/Cycles | P9: Total All | R9: Time | S9: 1. Car | T9: 2. Station Wagon | U9: 3. Pickups | V9: 4. Minibus, matatu | W9: 5. Medium bus | X9: 6. Large Bus | Y9: 7. Light Truck | Z9: 8. Medium Truck | AA9: 9. Heavy truck | AB9: 10. Truck Trailer | AC9: 11. Motorcycles | AD9: 12. Tractors, Graders | AE9: Total Excl M/ Cycles | AF9: Total All
B10: 07.00 - 07.15 | C10: 6 | D10: 4 | E10: 1 | F10: 0 | G10: 3 | H10: 0 | I10: 0 | J10: 0 | K10: 0 | L10: 0 | M10: 17 | N10: 0 | O10: =SUM(C10:L10,N10) -> 14 | P10: =SUM(C10:N10) -> 31 | R10: 0700-0800 | S10: =SUM(C10:C13) -> 40 | T10: =SUM(D10:D13) -> 25 | U10: =SUM(E10:E13) -> 8 | V10: =SUM(F10:F13) -> 2 | W10: =SUM(G10:G13) -> 4 | X10: =SUM(H10:H13) -> 0 | Y10: =SUM(I10:I13) -> 7 | Z10: =SUM(J10:J13) -> 0 | ... AF10: =SUM(P10:P13) -> 155
B11: 07.15 - 07.30 | C11: 6 | D11: 8 | E11: 0 | F11: 0 | G11: 1 | H11: 0 | I11: 0 | J11: 0 | K11: 0 | L11: 0 | M11: 21 | N11: 0 | O11: =SUM(C11:L11,N11) -> 15 | P11: =SUM(C11:N11) -> 36 | R11: 0800-0900 | S11: =SUM(C14:C17) -> 18 | T11: =SUM(D14:D17) -> 18 | U11: =SUM(E14:E17) -> 9 | V11: =SUM(F14:F17) -> 3 | W11: =SUM(G14:G17) -> 1 | X11: =SUM(H14:H17) -> 2 | Y11: =SUM(I14:I17) -> 2 | Z11: =SUM(J14:J17) -> 1 | ... AF11: =SUM(P14:P17) -> 126
B12: 07.30 - 07.45 | C12: 13 | D12: 4 | E12: 5 | F12: 0 | G12: 0 | H12: 0 | I12: 3 | J12: 0 | K12: 0 | L12: 0 | M12: 18 | N12: 0 | O12: =SUM(C12:L12,N12) -> 25 | P12: =SUM(C12:N12) -> 43 | R12: 0900-1000 | S12: =SUM(C18:C21) -> 29 | T12: =SUM(D18:D21) -> 16 | U12: =SUM(E18:E21) -> 4 | V12: =SUM(F18:F21) -> 0 | W12: =SUM(G18:G21) -> 0 | X12: =SUM(H18:H21) -> 0 | Y12: =SUM(I18:I21) -> 7 | Z12: =SUM(J18:J21) -> 1 | ... AF12: =SUM(P18:P21) -> 116
B13: 07.45 - 08.00 | C13: 15 | D13: 9 | E13: 2 | F13: 2 | G13: 0 | H13: 0 | I13: 4 | J13: 0 | K13: 0 | L13: 0 | M13: 13 | N13: 0 | O13: =SUM(C13:L13,N13) -> 32 | P13: =SUM(C13:N13) -> 45 | R13: 1000-1100 | S13: =SUM(C22:C25) -> 18 | T13: =SUM(D22:D25) -> 18 | U13: =SUM(E22:E25) -> 8 | V13: =SUM(F22:F25) -> 1 | W13: =SUM(G22:G25) -> 0 | X13: =SUM(H22:H25) -> 0 | Y13: =SUM(I22:I25) -> 5 | Z13: =SUM(J22:J25) -> 1 | ... AF13: =SUM(P22:P25) -> 110
B14: 08.00 - 08.15 | C14: 2 | D14: 3 | E14: 1 | F14: 1 | G14: 0 | H14: 2 | I14: 0 | J14: 0 | K14: 0 | L14: 0 | M14: 18 | N14: 0 | O14: =SUM(C14:L14,N14) -> 9 | P14: =SUM(C14:N14) -> 27 | R14: 1100-1200 | S14: =SUM(C26:C29) -> 20 | T14: =SUM(D26:D29) -> 16 | U14: =SUM(E26:E29) -> 9 | V14: =SUM(F26:F29) -> 0 | W14: =SUM(G26:G29) -> 0 | X14: =SUM(H26:H29) -> 0 | Y14: =SUM(I26:I29) -> 16 | Z14: =SUM(J26:J29) -> 0 | ... AF14: =SUM(P26:P29) -> 133
B15: 08.15 - 08.30 | C15: 6 | D15: 4 | E15: 4 | F15: 0 | G15: 1 | H15: 0 | I15: 0 | J15: 0 | K15: 0 | L15: 0 | M15: 21 | N15: 0 | O15: =SUM(C15:L15,N15) -> 15 | P15: =SUM(C15:N15) -> 36 | R15: 1200-1300 | S15: =SUM(C30:C33) -> 18 | T15: =SUM(D30:D33) -> 11 | U15: =SUM(E30:E33) -> 3 | V15: =SUM(F30:F33) -> 5 | W15: =SUM(G30:G33) -> 3 | X15: =SUM(H30:H33) -> 0 | Y15: =SUM(I30:I33) -> 13 | Z15: =SUM(J30:J33) -> 1 | ... AF15: =SUM(P30:P33) -> 109
B16: 08.30 - 08.45 | C16: 3 | D16: 4 | E16: 1 | F16: 2 | G16: 0 | H16: 0 | I16: 0 | J16: 1 | K16: 0 | L16: 0 | M16: 18 | N16: 0 | O16: =SUM(C16:L16,N16) -> 11 | P16: =SUM(C16:N16) -> 29 | R16: 1300-1400 | S16: =SUM(C34:C37) -> 3 | T16: =SUM(D34:D37) -> 2 | U16: =SUM(E34:E37) -> 1 | V16: =SUM(F34:F37) -> 1 | W16: =SUM(G34:G37) -> 1 | X16: =SUM(H34:H37) -> 1 | Y16: =SUM(I34:I37) -> 1 | Z16: =SUM(J34:J37) -> 1 | ... AF16: =SUM(P34:P37) -> 15
B17: 08.45 - 9.00 | C17: 7 | D17: 7 | E17: 3 | F17: 0 | G17: 0 | H17: 0 | I17: 2 | J17: 0 | K17: 0 | L17: 0 | M17: 15 | N17: 0 | O17: =SUM(C17:L17,N17) -> 19 | P17: =SUM(C17:N17) -> 34 | R17: 1400-1500 | S17: =SUM(C38:C41) -> 16 | T17: =SUM(D38:D41) -> 7 | U17: =SUM(E38:E41) -> 2 | V17: =SUM(F38:F41) -> 2 | W17: =SUM(G38:G41) -> 0 | X17: =SUM(H38:H41) -> 0 | Y17: =SUM(I38:I41) -> 6 | Z17: =SUM(J38:J41) -> 1 | ... AF17: =SUM(P38:P41) -> 66
B18: 09.00 - 09.15 | C18: 3 | D18: 6 | E18: 0 | F18: 0 | G18: 0 | H18: 0 | I18: 1 | J18: 0 | K18: 0 | L18: 0 | M18: 17 | N18: 0 | O18: =SUM(C18:L18,N18) -> 10 | P18: =SUM(C18:N18) -> 27 | R18: 1500-1600 | S18: =SUM(C42:C45) -> 16 | T18: =SUM(D42:D45) -> 14 | U18: =SUM(E42:E45) -> 5 | V18: =SUM(F42:F45) -> 1 | W18: =SUM(G42:G45) -> 0 | X18: =SUM(H42:H45) -> 2 | Y18: =SUM(I42:I45) -> 6 | Z18: =SUM(J42:J45) -> 2 | ... AF18: =SUM(P42:P45) -> 94
B19: 09.15 - 09.30 | C19: 11 | D19: 4 | E19: 0 | F19: 0 | G19: 0 | H19: 0 | I19: 2 | J19: 1 | K19: 0 | L19: 0 | M19: 19 | N19: 0 | O19: =SUM(C19:L19,N19) -> 18 | P19: =SUM(C19:N19) -> 37 | R19: 1600-1700 | S19: =SUM(C46:C49) -> 23 | T19: =SUM(D46:D49) -> 15 | U19: =SUM(E46:E49) -> 1 | V19: =SUM(F46:F49) -> 0 | W19: =SUM(G46:G49) -> 7 | X19: =SUM(H46:H49) -> 0 | Y19: =SUM(I46:I49) -> 2 | Z19: =SUM(J46:J49) -> 0 | ... AF19: =SUM(P46:P49) -> 116
B20: 09.30 - 09.45 | C20: 9 | D20: 1 | E20: 3 | F20: 0 | G20: 0 | H20: 0 | I20: 2 | J20: 0 | K20: 0 | L20: 0 | M20: 13 | N20: 0 | O20: =SUM(C20:L20,N20) -> 15 | P20: =SUM(C20:N20) -> 28 | R20: 1700-1800 | S20: =SUM(C50:C53) -> 19 | T20: =SUM(D50:D53) -> 17 | U20: =SUM(E50:E53) -> 7 | V20: =SUM(F50:F53) -> 8 | W20: =SUM(G50:G53) -> 1 | X20: =SUM(H50:H53) -> 0 | Y20: =SUM(I50:I53) -> 3 | Z20: =SUM(J50:J53) -> 0 | ... AF20: =SUM(P50:P53) -> 147
B21: 09.45 - 10.00 | C21: 6 | D21: 5 | E21: 1 | F21: 0 | G21: 0 | H21: 0 | I21: 2 | J21: 0 | K21: 0 | L21: 0 | M21: 10 | N21: 0 | O21: =SUM(C21:L21,N21) -> 14 | P21: =SUM(C21:N21) -> 24 | R21: 1800-1900 | S21: =SUM(C54:C57) -> 32 | T21: =SUM(D54:D57) -> 30 | U21: =SUM(E54:E57) -> 8 | V21: =SUM(F54:F57) -> 9 | W21: =SUM(G54:G57) -> 0 | X21: =SUM(H54:H57) -> 0 | Y21: =SUM(I54:I57) -> 7 | Z21: =SUM(J54:J57) -> 1 | ... AF21: =SUM(P54:P57) -> 167
B22: 10.00 - 10.15 | C22: 3 | D22: 2 | E22: 1 | F22: 0 | G22: 0 | H22: 0 | I22: 1 | J22: 0 | K22: 0 | L22: 0 | M22: 14 | N22: 0 | O22: =SUM(C22:L22,N22) -> 7 | P22: =SUM(C22:N22) -> 21 | R22: AM Peak Hr | S22: =MAX(S10:S12) -> 40 | T22: =MAX(T10:T12) -> 25 | U22: =MAX(U10:U12) -> 9 | V22: =MAX(V10:V12) -> 3 | W22: =MAX(W10:W12) -> 4 | X22: =MAX(X10:X12) -> 2 | Y22: =MAX(Y10:Y12) -> 7 | Z22: =MAX(Z10:Z12) -> 1 | ... AF22: =MAX(AF10:AF12) -> 155
B23: 10.15 - 10.30 | C23: 6 | D23: 5 | E23: 2 | F23: 0 | G23: 0 | H23: 0 | I23: 2 | J23: 0 | K23: 0 | L23: 0 | M23: 12 | N23: 0 | O23: =SUM(C23:L23,N23) -> 15 | P23: =SUM(C23:N23) -> 27 | R23: IP Peak Hr | S23: =MAX(S13:S18) -> 20 | T23: =MAX(T13:T18) -> 18 | U23: =MAX(U13:U18) -> 9 | V23: =MAX(V13:V18) -> 5 | W23: =MAX(W13:W18) -> 3 | X23: =MAX(X13:X18) -> 2 | Y23: =MAX(Y13:Y18) -> 16 | Z23: =MAX(Z13:Z18) -> 2 | ... AF23: =MAX(AF13:AF18) -> 133
B24: 10.30 - 10.45 | C24: 4 | D24: 5 | E24: 1 | F24: 1 | G24: 0 | H24: 0 | I24: 1 | J24: 0 | K24: 0 | L24: 0 | M24: 18 | N24: 0 | O24: =SUM(C24:L24,N24) -> 12 | P24: =SUM(C24:N24) -> 30 | R24: PM Peak Hr | S24: =MAX(S19:S21) -> 32 | T24: =MAX(T19:T21) -> 30 | U24: =MAX(U19:U21) -> 8 | V24: =MAX(V19:V21) -> 9 | W24: =MAX(W19:W21) -> 7 | X24: =MAX(X19:X21) -> 0 | Y24: =MAX(Y19:Y21) -> 7 | Z24: =MAX(Z19:Z21) -> 1 | ... AF24: =MAX(AF19:AF21) -> 167
B25: 10.45 - 11.00 | C25: 5 | D25: 6 | E25: 4 | F25: 0 | G25: 0 | H25: 0 | I25: 1 | J25: 1 | K25: 0 | L25: 0 | M25: 15 | N25: 0 | O25: =SUM(C25:L25,N25) -> 17 | P25: =SUM(C25:N25) -> 32 | R25: AM Period | S25: =SUM(S10:S12) -> 87 | T25: =SUM(T10:T12) -> 59 | U25: =SUM(U10:U12) -> 21 | V25: =SUM(V10:V12) -> 5 | W25: =SUM(W10:W12) -> 5 | X25: =SUM(X10:X12) -> 2 | Y25: =SUM(Y10:Y12) -> 16 | Z25: =SUM(Z10:Z12) -> 2 | ... AF25: =SUM(AF10:AF12) -> 397
B26: 11.00 - 11.15 | C26: 6 | D26: 5 | E26: 4 | F26: 0 | G26: 0 | H26: 0 | I26: 4 | J26: 0 | K26: 0 | L26: 0 | M26: 18 | N26: 0 | O26: =SUM(C26:L26,N26) -> 19 | P26: =SUM(C26:N26) -> 37 | R26: IP Period | S26: =SUM(S13:S18) -> 91 | T26: =SUM(T13:T18) -> 68 | U26: =SUM(U13:U18) -> 28 | V26: =SUM(V13:V18) -> 10 | W26: =SUM(W13:W18) -> 4 | X26: =SUM(X13:X18) -> 3 | Y26: =SUM(Y13:Y18) -> 47 | Z26: =SUM(Z13:Z18) -> 6 | ... AF26: =SUM(AF13:AF18) -> 527
B27: 11.15 - 11.30 | C27: 4 | D27: 3 | E27: 2 | F27: 0 | G27: 0 | H27: 0 | I27: 4 | J27: 0 | K27: 0 | L27: 0 | M27: 15 | N27: 0 | O27: =SUM(C27:L27,N27) -> 13 | P27: =SUM(C27:N27) -> 28 | R27: PM Period | S27: =SUM(S19:S21) -> 74 | T27: =SUM(T19:T21) -> 62 | U27: =SUM(U19:U21) -> 16 | V27: =SUM(V19:V21) -> 17 | W27: =SUM(W19:W21) -> 8 | X27: =SUM(X19:X21) -> 0 | Y27: =SUM(Y19:Y21) -> 12 | Z27: =SUM(Z19:Z21) -> 1 | ... AF27: =SUM(AF19:AF21) -> 430
B28: 11.30 - 11.45 | C28: 2 | D28: 3 | E28: 2 | F28: 0 | G28: 0 | H28: 0 | I28: 3 | J28: 0 | K28: 0 | L28: 0 | M28: 22 | N28: 0 | O28: =SUM(C28:L28,N28) -> 10 | P28: =SUM(C28:N28) -> 32 | R28: 12 Hours | S28: =SUM(S10:S21) -> 252 | T28: =SUM(T10:T21) -> 189 | U28: =SUM(U10:U21) -> 65 | V28: =SUM(V10:V21) -> 32 | W28: =SUM(W10:W21) -> 17 | X28: =SUM(X10:X21) -> 5 | Y28: =SUM(Y10:Y21) -> 75 | Z28: =SUM(Z10:Z21) -> 9 | ... AF28: =SUM(AF10:AF21) -> 1354
B29: 11.45 - 12.00 | C29: 8 | D29: 5 | E29: 1 | F29: 0 | G29: 0 | H29: 0 | I29: 5 | J29: 0 | K29: 0 | L29: 0 | M29: 17 | N29: 0 | O29: =SUM(C29:L29,N29) -> 19 | P29: =SUM(C29:N29) -> 36
B30: 12.00 - 12.15 | C30: 6 | D30: 2 | E30: 2 | F30: 2 | G30: 0 | H30: 0 | I30: 3 | J30: 0 | K30: 0 | L30: 0 | M30: 16 | N30: 0 | O30: =SUM(C30:L30,N30) -> 15 | P30: =SUM(C30:N30) -> 31
B31: 12.15 - 12.30 | C31: 4 | D31: 3 | E31: 0 | F31: 3 | G31: 3 | H31: 0 | I31: 5 | J31: 1 | K31: 1 | L31: 0 | M31: 12 | N31: 0 | O31: =SUM(C31:L31,N31) -> 20 | P31: =SUM(C31:N31) -> 32
B32: 12.30 - 12.45 | C32: 4 | D32: 4 | E32: 0 | F32: 0 | G32: 0 | H32: 0 | I32: 5 | J32: 0 | K32: 0 | L32: 0 | M32: 20 | N32: 1 | O32: =SUM(C32:L32,N32) -> 14 | P32: =SUM(C32:N32) -> 34
B33: 12.45 - 13.00 | C33: 4 | D33: 2 | E33: 1 | F33: 0 | G33: 0 | H33: 0 | I33: 0 | J33: 0 | K33: 0 | L33: 0 | M33: 5 | N33: 0 | O33: =SUM(C33:L33,N33) -> 7 | P33: =SUM(C33:N33) -> 12
B34: 13.00 - 13.15 | C34: 0 | D34: 0 | E34: 0 | F34: 0 | G34: 0 | H34: 0 | I34: 0 | J34: 0 | K34: 0 | L34: 0 | M34: 0 | N34: 0 | O34: =SUM(C34:L34,N34) -> 0 | P34: =SUM(C34:N34) -> 0
B35: 13.15 - 13.30 | C35: 0 | D35: 0 | E35: 0 | F35: 0 | G35: 0 | H35: 0 | I35: 0 | J35: 0 | K35: 0 | L35: 0 | M35: 0 | N35: 0 | O35: =SUM(C35:L35,N35) -> 0 | P35: =SUM(C35:N35) -> 0
B36: 13.30 - 13.45 | C36: 0 | D36: 0 | E36: 0 | F36: 0 | G36: 0 | H36: 0 | I36: 0 | J36: 0 | K36: 0 | L36: 0 | M36: 0 | N36: 0 | O36: =SUM(C36:L36,N36) -> 0 | P36: =SUM(C36:N36) -> 0
B37: 13.45 - 14.00 | C37: 3 | D37: 2 | E37: 1 | F37: 1 | G37: 1 | H37: 1 | I37: 1 | J37: 1 | K37: 0 | L37: 0 | M37: 4 | N37: 0 | O37: =SUM(C37:L37,N37) -> 11 | P37: =SUM(C37:N37) -> 15
B38: 14.00 - 14.15 | C38: 6 | D38: 2 | E38: 0 | F38: 0 | G38: 0 | H38: 0 | I38: 1 | J38: 0 | K38: 0 | L38: 0 | M38: 6 | N38: 0 | O38: =SUM(C38:L38,N38) -> 9 | P38: =SUM(C38:N38) -> 15
B39: 14.15 - 14.30 | C39: 2 | D39: 1 | E39: 0 | F39: 1 | G39: 0 | H39: 0 | I39: 1 | J39: 1 | K39: 0 | L39: 0 | M39: 8 | N39: 0 | O39: =SUM(C39:L39,N39) -> 6 | P39: =SUM(C39:N39) -> 14
B40: 14.30 - 14.45 | C40: 5 | D40: 1 | E40: 1 | F40: 1 | G40: 0 | H40: 0 | I40: 4 | J40: 0 | K40: 0 | L40: 0 | M40: 7 | N40: 0 | O40: =SUM(C40:L40,N40) -> 12 | P40: =SUM(C40:N40) -> 19
... B57: 18.45 - 19.00 | C57: 8 | D57: 10 | E57: 2 | F57: 3 | G57: 0 | H57: 0 | I57: 0 | J57: 0 | K57: 0 | L57: 0 | M57: 30 | N57: 0 | O57: =SUM(C57:L57,N57) -> 23 | P57: =SUM(C57:N57) -> 53
B58: Totals | C58: =SUM(C10:C57) -> 252 | D58: =SUM(D10:D57) -> 189 | E58: =SUM(E10:E57) -> 65 | F58: =SUM(F10:F57) -> 32 | G58: =SUM(G10:G57) -> 17 | H58: =SUM(H10:H57) -> 5 | I58: =SUM(I10:I57) -> 75 | J58: =SUM(J10:J57) -> 9 | ... P58: =SUM(P10:P57) -> 1354
B59: %ges + MCs | C59: =C58/$P$58 -> 0.18611521 | D59: =D58/$P$58 -> 0.13958641 | E59: =E58/$P$58 -> 0.048005908 | F59: =F58/$P$58 -> 0.023633678 | G59: =G58/$P$58 -> 0.012555391 | H59: =H58/$P$58 -> 0.0036927622 | I59: =I58/$P$58 -> 0.055391433 | J59: =J58/$P$58 -> 0.0066469719 | ... N59: =N58/$P$58 -> 0.00073855244
B60: %ges w/o MCs | C60: =C58/$O$58 -> 0.38948995 | D60: =D58/$O$58 -> 0.29211747 | E60: =E58/$O$58 -> 0.10046368 | F60: =F58/$O$58 -> 0.049459042 | G60: =G58/$O$58 -> 0.026275116 | H60: =H58/$O$58 -> 0.0077279753 | I60: =I58/$O$58 -> 0.11591963 | J60: =J58/$O$58 -> 0.013910355 | ... L60: =L58/$O$58 -> 0 | N60: =N58/$O$58 -> 0.0015455951

Sheet 27.09 Wakiso-Bukasa
B1: Consultancy services for Preparation of Expressway Development Master Plan (EDMP) for Uganda
B2: MANUAL CLASSIFIED COUNT (MCC)
B3: ROAD NAME: | C3: ='23.09 Wakiso-Bukasa'!C3:G3 -> MCC - C2 - STN0-64- BUKASA-WAKISO ROAD
C5: Date | D5: 27.9.19 | F5: Location | G5: ='27.09 Bukasa-Wakiso'!G5:H5 -> Wakiso Junior Sch. | J5: Surveyor | K5: ='27.09 Bukasa-Wakiso'!K5:L5 -> Tusasirwe Leah
C6: Dir. From | D6: ='23.09 Wakiso-Bukasa'!D6:E6 -> Wakiso | F6: Dir. To | G6: ='23.09 Wakiso-Bukasa'!G6:H6 -> Bukasa | J6: Supervisor | K6: ='27.09 Bukasa-Wakiso'!K6:L6 -> Nusurah
B8: Time / Veh Type | R8: SUMMARY TRAFFIC VOLUMES
C9: 1. Car | D9: 2. Station Wagon | E9: 3. Pickups | F9: 4. Minibus, matatu | G9: 5. Medium bus | H9: 6. Large Bus | I9: 7. Light Truck | J9: 8. Medium Truck | K9: 9. Heavy truck | L9: 10. Truck Trailer | M9: 11. Motor cycles | N9: 12. Tractors | O9: Total Excl M/Cycles | P9: Total All | R9: Time | S9: 1. Car | T9: 2. Station Wagon | U9: 3. Pickups | V9: 4. Minibus, matatu | W9: 5. Medium bus | X9: 6. Large Bus | Y9: 7. Light Truck | Z9: 8. Medium Truck | AA9: 9. Heavy truck | AB9: 10. Truck Trailer | AC9: 11. Motorcycles | AD9: 12. Tractors, Graders | AE9: Total Excl M/ Cycles | AF9: Total All
B10: 07.00 - 07.15 | C10: 2 | D10: 0 | E10: 1 | F10: 2 | G10: 0 | H10: 0 | I10: 0 | J10: 0 | K10: 0 | L10: 0 | M10: 16 | N10: 0 | O10: =SUM(C10:L10,N10) -> 5 | P10: =SUM(C10:N10) -> 21 | R10: 0700-0800 | S10: =SUM(C10:C13) -> 10 | T10: =SUM(D10:D13) -> 2 | U10: =SUM(E10:E13) -> 4 | V10: =SUM(F10:F13) -> 4 | W10: =SUM(G10:G13) -> 1 | X10: =SUM(H10:H13) -> 1 | Y10: =SUM(I10:I13) -> 1 | Z10: =SUM(J10:J13) -> 0 | ... AF10: =SUM(P10:P13) -> 94
B11: 07.15 - 07.30 | C11: 3 | D11: 0 | E11: 1 | F11: 0 | G11: 0 | H11: 1 | I11: 0 | J11: 0 | K11: 0 | L11: 0 | M11: 16 | N11: 0 | O11: =SUM(C11:L11,N11) -> 5 | P11: =SUM(C11:N11) -> 21 | R11: 0800-0900 | S11: =SUM(C14:C17) -> 23 | T11: =SUM(D14:D17) -> 3 | U11: =SUM(E14:E17) -> 2 | V11: =SUM(F14:F17) -> 0 | W11: =SUM(G14:G17) -> 1 | X11: =SUM(H14:H17) -> 0 | Y11: =SUM(I14:I17) -> 1 | Z11: =SUM(J14:J17) -> 3 | ... AF11: =SUM(P14:P17) -> 125
B12: 07.30 - 07.45 | C12: 2 | D12: 1 | E12: 1 | F12: 0 | G12: 1 | H12: 0 | I12: 1 | J12: 0 | K12: 0 | L12: 0 | M12: 24 | N12: 0 | O12: =SUM(C12:L12,N12) -> 6 | P12: =SUM(C12:N12) -> 30 | R12: 0900-1000 | S12: =SUM(C18:C21) -> 13 | T12: =SUM(D18:D21) -> 3 | U12: =SUM(E18:E21) -> 2 | V12: =SUM(F18:F21) -> 0 | W12: =SUM(G18:G21) -> 2 | X12: =SUM(H18:H21) -> 0 | Y12: =SUM(I18:I21) -> 7 | Z12: =SUM(J18:J21) -> 4 | ... AF12: =SUM(P18:P21) -> 103
B13: 07.45 - 08.00 | C13: 3 | D13: 1 | E13: 1 | F13: 2 | G13: 0 | H13: 0 | I13: 0 | J13: 0 | K13: 0 | L13: 0 | M13: 15 | N13: 0 | O13: =SUM(C13:L13,N13) -> 7 | P13: =SUM(C13:N13) -> 22 | R13: 1000-1100 | S13: =SUM(C22:C25) -> 16 | T13: =SUM(D22:D25) -> 4 | U13: =SUM(E22:E25) -> 5 | V13: =SUM(F22:F25) -> 1 | W13: =SUM(G22:G25) -> 0 | X13: =SUM(H22:H25) -> 0 | Y13: =SUM(I22:I25) -> 15 | Z13: =SUM(J22:J25) -> 2 | ... AF13: =SUM(P22:P25) -> 128
B14: 08.00 - 08.15 | C14: 2 | D14: 1 | E14: 0 | F14: 0 | G14: 0 | H14: 0 | I14: 0 | J14: 1 | K14: 0 | L14: 0 | M14: 21 | N14: 0 | O14: =SUM(C14:L14,N14) -> 4 | P14: =SUM(C14:N14) -> 25 | R14: 1100-1200 | S14: =SUM(C26:C29) -> 24 | T14: =SUM(D26:D29) -> 4 | U14: =SUM(E26:E29) -> 5 | V14: =SUM(F26:F29) -> 2 | W14: =SUM(G26:G29) -> 0 | X14: =SUM(H26:H29) -> 0 | Y14: =SUM(I26:I29) -> 5 | Z14: =SUM(J26:J29) -> 3 | ... AF14: =SUM(P26:P29) -> 106
B15: 08.15 - 08.30 | C15: 5 | D15: 0 | E15: 0 | F15: 0 | G15: 1 | H15: 0 | I15: 1 | J15: 0 | K15: 0 | L15: 0 | M15: 15 | N15: 0 | O15: =SUM(C15:L15,N15) -> 7 | P15: =SUM(C15:N15) -> 22 | R15: 1200-1300 | S15: =SUM(C30:C33) -> 17 | T15: =SUM(D30:D33) -> 4 | U15: =SUM(E30:E33) -> 10 | V15: =SUM(F30:F33) -> 1 | W15: =SUM(G30:G33) -> 0 | X15: =SUM(H30:H33) -> 0 | Y15: =SUM(I30:I33) -> 8 | Z15: =SUM(J30:J33) -> 2 | ... AF15: =SUM(P30:P33) -> 114
B16: 08.30 - 08.45 | C16: 9 | D16: 0 | E16: 1 | F16: 0 | G16: 0 | H16: 0 | I16: 0 | J16: 1 | K16: 0 | L16: 0 | M16: 26 | N16: 0 | O16: =SUM(C16:L16,N16) -> 11 | P16: =SUM(C16:N16) -> 37 | R16: 1300-1400 | S16: =SUM(C34:C37) -> 0 | T16: =SUM(D34:D37) -> 3 | U16: =SUM(E34:E37) -> 1 | V16: =SUM(F34:F37) -> 0 | W16: =SUM(G34:G37) -> 0 | X16: =SUM(H34:H37) -> 0 | Y16: =SUM(I34:I37) -> 0 | Z16: =SUM(J34:J37) -> 4 | ... AF16: =SUM(P34:P37) -> 18
B17: 08.45 - 9.00 | C17: 7 | D17: 2 | E17: 1 | F17: 0 | G17: 0 | H17: 0 | I17: 0 | J17: 1 | K17: 0 | L17: 0 | M17: 30 | N17: 0 | O17: =SUM(C17:L17,N17) -> 11 | P17: =SUM(C17:N17) -> 41 | R17: 1400-1500 | S17: =SUM(C38:C41) -> 31 | T17: =SUM(D38:D41) -> 4 | U17: =SUM(E38:E41) -> 4 | V17: =SUM(F38:F41) -> 1 | W17: =SUM(G38:G41) -> 0 | X17: =SUM(H38:H41) -> 0 | Y17: =SUM(I38:I41) -> 8 | Z17: =SUM(J38:J41) -> 5 | ... AF17: =SUM(P38:P41) -> 107
B18: 09.00 - 09.15 | C18: 4 | D18: 0 | E18: 0 | F18: 0 | G18: 1 | H18: 0 | I18: 2 | J18: 0 | K18: 0 | L18: 0 | M18: 21 | N18: 0 | O18: =SUM(C18:L18,N18) -> 7 | P18: =SUM(C18:N18) -> 28 | R18: 1500-1600 | S18: =SUM(C42:C45) -> 25 | T18: =SUM(D42:D45) -> 6 | U18: =SUM(E42:E45) -> 4 | V18: =SUM(F42:F45) -> 2 | W18: =SUM(G42:G45) -> 0 | X18: =SUM(H42:H45) -> 0 | Y18: =SUM(I42:I45) -> 6 | Z18: =SUM(J42:J45) -> 3 | ... AF18: =SUM(P42:P45) -> 104
B19: 09.15 - 09.30 | C19: 3 | D19: 0 | E19: 1 | F19: 0 | G19: 0 | H19: 0 | I19: 2 | J19: 0 | K19: 0 | L19: 0 | M19: 9 | N19: 0 | O19: =SUM(C19:L19,N19) -> 6 | P19: =SUM(C19:N19) -> 15 | R19: 1600-1700 | S19: =SUM(C46:C49) -> 28 | T19: =SUM(D46:D49) -> 1 | U19: =SUM(E46:E49) -> 7 | V19: =SUM(F46:F49) -> 1 | W19: =SUM(G46:G49) -> 2 | X19: =SUM(H46:H49) -> 0 | Y19: =SUM(I46:I49) -> 5 | Z19: =SUM(J46:J49) -> 3 | ... AF19: =SUM(P46:P49) -> 114
B20: 09.30 - 09.45 | C20: 2 | D20: 3 | E20: 1 | F20: 0 | G20: 0 | H20: 0 | I20: 1 | J20: 3 | K20: 0 | L20: 0 | M20: 26 | N20: 0 | O20: =SUM(C20:L20,N20) -> 10 | P20: =SUM(C20:N20) -> 36 | R20: 1700-1800 | S20: =SUM(C50:C53) -> 46 | T20: =SUM(D50:D53) -> 9 | U20: =SUM(E50:E53) -> 8 | V20: =SUM(F50:F53) -> 11 | W20: =SUM(G50:G53) -> 3 | X20: =SUM(H50:H53) -> 0 | Y20: =SUM(I50:I53) -> 2 | Z20: =SUM(J50:J53) -> 1 | ... AF20: =SUM(P50:P53) -> 175
B21: 09.45 - 10.00 | C21: 4 | D21: 0 | E21: 0 | F21: 0 | G21: 1 | H21: 0 | I21: 2 | J21: 1 | K21: 0 | L21: 0 | M21: 16 | N21: 0 | O21: =SUM(C21:L21,N21) -> 8 | P21: =SUM(C21:N21) -> 24 | R21: 1800-1900 | S21: =SUM(C54:C57) -> 26 | T21: =SUM(D54:D57) -> 8 | U21: =SUM(E54:E57) -> 13 | V21: =SUM(F54:F57) -> 23 | W21: =SUM(G54:G57) -> 2 | X21: =SUM(H54:H57) -> 0 | Y21: =SUM(I54:I57) -> 9 | Z21: =SUM(J54:J57) -> 2 | ... AF21: =SUM(P54:P57) -> 181
B22: 10.00 - 10.15 | C22: 2 | D22: 2 | E22: 4 | F22: 0 | G22: 0 | H22: 0 | I22: 6 | J22: 1 | K22: 0 | L22: 0 | M22: 23 | N22: 0 | O22: =SUM(C22:L22,N22) -> 15 | P22: =SUM(C22:N22) -> 38 | R22: AM Peak Hr | S22: =MAX(S10:S12) -> 23 | T22: =MAX(T10:T12) -> 3 | U22: =MAX(U10:U12) -> 4 | V22: =MAX(V10:V12) -> 4 | W22: =MAX(W10:W12) -> 2 | X22: =MAX(X10:X12) -> 1 | Y22: =MAX(Y10:Y12) -> 7 | Z22: =MAX(Z10:Z12) -> 4 | ... AF22: =MAX(AF10:AF12) -> 125
B23: 10.15 - 10.30 | C23: 2 | D23: 0 | E23: 0 | F23: 0 | G23: 0 | H23: 0 | I23: 3 | J23: 0 | K23: 0 | L23: 0 | M23: 20 | N23: 0 | O23: =SUM(C23:L23,N23) -> 5 | P23: =SUM(C23:N23) -> 25 | R23: IP Peak Hr | S23: =MAX(S13:S18) -> 31 | T23: =MAX(T13:T18) -> 6 | U23: =MAX(U13:U18) -> 10 | V23: =MAX(V13:V18) -> 2 | W23: =MAX(W13:W18) -> 0 | X23: =MAX(X13:X18) -> 0 | Y23: =MAX(Y13:Y18) -> 15 | Z23: =MAX(Z13:Z18) -> 5 | ... AF23: =MAX(AF13:AF18) -> 128
B24: 10.30 - 10.45 | C24: 5 | D24: 1 | E24: 1 | F24: 0 | G24: 0 | H24: 0 | I24: 3 | J24: 0 | K24: 0 | L24: 0 | M24: 20 | N24: 0 | O24: =SUM(C24:L24,N24) -> 10 | P24: =SUM(C24:N24) -> 30 | R24: PM Peak Hr | S24: =MAX(S19:S21) -> 46 | T24: =MAX(T19:T21) -> 9 | U24: =MAX(U19:U21) -> 13 | V24: =MAX(V19:V21) -> 23 | W24: =MAX(W19:W21) -> 3 | X24: =MAX(X19:X21) -> 0 | Y24: =MAX(Y19:Y21) -> 9 | Z24: =MAX(Z19:Z21) -> 3 | ... AF24: =MAX(AF19:AF21) -> 181
B25: 10.45 - 11.00 | C25: 7 | D25: 1 | E25: 0 | F25: 1 | G25: 0 | H25: 0 | I25: 3 | J25: 1 | K25: 0 | L25: 0 | M25: 22 | N25: 0 | O25: =SUM(C25:L25,N25) -> 13 | P25: =SUM(C25:N25) -> 35 | R25: AM Period | S25: =SUM(S10:S12) -> 46 | T25: =SUM(T10:T12) -> 8 | U25: =SUM(U10:U12) -> 8 | V25: =SUM(V10:V12) -> 4 | W25: =SUM(W10:W12) -> 4 | X25: =SUM(X10:X12) -> 1 | Y25: =SUM(Y10:Y12) -> 9 | Z25: =SUM(Z10:Z12) -> 7 | ... AF25: =SUM(AF10:AF12) -> 322
B26: 11.00 - 11.15 | C26: 7 | D26: 1 | E26: 2 | F26: 0 | G26: 0 | H26: 0 | I26: 2 | J26: 1 | K26: 0 | L26: 0 | M26: 20 | N26: 0 | O26: =SUM(C26:L26,N26) -> 13 | P26: =SUM(C26:N26) -> 33 | R26: IP Period | S26: =SUM(S13:S18) -> 113 | T26: =SUM(T13:T18) -> 25 | U26: =SUM(U13:U18) -> 29 | V26: =SUM(V13:V18) -> 7 | W26: =SUM(W13:W18) -> 0 | X26: =SUM(X13:X18) -> 0 | Y26: =SUM(Y13:Y18) -> 42 | Z26: =SUM(Z13:Z18) -> 19 | ... AF26: =SUM(AF13:AF18) -> 577
B27: 11.15 - 11.30 | C27: 3 | D27: 0 | E27: 0 | F27: 0 | G27: 0 | H27: 0 | I27: 0 | J27: 2 | K27: 0 | L27: 0 | M27: 11 | N27: 0 | O27: =SUM(C27:L27,N27) -> 5 | P27: =SUM(C27:N27) -> 16 | R27: PM Period | S27: =SUM(S19:S21) -> 100 | T27: =SUM(T19:T21) -> 18 | U27: =SUM(U19:U21) -> 28 | V27: =SUM(V19:V21) -> 35 | W27: =SUM(W19:W21) -> 7 | X27: =SUM(X19:X21) -> 0 | Y27: =SUM(Y19:Y21) -> 16 | Z27: =SUM(Z19:Z21) -> 6 | ... AF27: =SUM(AF19:AF21) -> 470
B28: 11.30 - 11.45 | C28: 9 | D28: 1 | E28: 1 | F28: 0 | G28: 0 | H28: 0 | I28: 2 | J28: 0 | K28: 0 | L28: 0 | M28: 21 | N28: 0 | O28: =SUM(C28:L28,N28) -> 13 | P28: =SUM(C28:N28) -> 34 | R28: 12 Hours | S28: =SUM(S10:S21) -> 259 | T28: =SUM(T10:T21) -> 51 | U28: =SUM(U10:U21) -> 65 | V28: =SUM(V10:V21) -> 46 | W28: =SUM(W10:W21) -> 11 | X28: =SUM(X10:X21) -> 1 | Y28: =SUM(Y10:Y21) -> 67 | Z28: =SUM(Z10:Z21) -> 32 | ... AF28: =SUM(AF10:AF21) -> 1369
B29: 11.45 - 12.00 | C29: 5 | D29: 2 | E29: 2 | F29: 2 | G29: 0 | H29: 0 | I29: 1 | J29: 0 | K29: 0 | L29: 0 | M29: 11 | N29: 0 | O29: =SUM(C29:L29,N29) -> 12 | P29: =SUM(C29:N29) -> 23
B30: 12.00 - 12.15 | C30: 4 | D30: 1 | E30: 1 | F30: 0 | G30: 0 | H30: 0 | I30: 3 | J30: 0 | K30: 0 | L30: 0 | M30: 21 | N30: 0 | O30: =SUM(C30:L30,N30) -> 9 | P30: =SUM(C30:N30) -> 30
B31: 12.15 - 12.30 | C31: 5 | D31: 0 | E31: 4 | F31: 1 | G31: 0 | H31: 0 | I31: 1 | J31: 0 | K31: 0 | L31: 0 | M31: 25 | N31: 0 | O31: =SUM(C31:L31,N31) -> 11 | P31: =SUM(C31:N31) -> 36
B32: 12.30 - 12.45 | C32: 4 | D32: 2 | E32: 1 | F32: 0 | G32: 0 | H32: 0 | I32: 2 | J32: 1 | K32: 0 | L32: 0 | M32: 9 | N32: 0 | O32: =SUM(C32:L32,N32) -> 10 | P32: =SUM(C32:N32) -> 19
B33: 12.45 - 13.00 | C33: 4 | D33: 1 | E33: 4 | F33: 0 | G33: 0 | H33: 0 | I33: 2 | J33: 1 | K33: 0 | L33: 0 | M33: 17 | N33: 0 | O33: =SUM(C33:L33,N33) -> 12 | P33: =SUM(C33:N33) -> 29
B34: 13.00 - 13.15 | C34: 0 | D34: 0 | E34: 0 | F34: 0 | G34: 0 | H34: 0 | I34: 0 | J34: 0 | K34: 0 | L34: 0 | M34: 0 | N34: 0 | O34: =SUM(C34:L34,N34) -> 0 | P34: =SUM(C34:N34) -> 0
B35: 13.15 - 13.30 | C35: 0 | D35: 0 | E35: 0 | F35: 0 | G35: 0 | H35: 0 | I35: 0 | J35: 0 | K35: 0 | L35: 0 | M35: 0 | N35: 0 | O35: =SUM(C35:L35,N35) -> 0 | P35: =SUM(C35:N35) -> 0
B36: 13.30 - 13.45 | C36: 0 | D36: 0 | E36: 0 | F36: 0 | G36: 0 | H36: 0 | I36: 0 | J36: 0 | K36: 0 | L36: 0 | M36: 0 | N36: 0 | O36: =SUM(C36:L36,N36) -> 0 | P36: =SUM(C36:N36) -> 0
B37: 13.45 - 14.00 | C37: 0 | D37: 3 | E37: 1 | F37: 0 | G37: 0 | H37: 0 | I37: 0 | J37: 4 | K37: 0 | L37: 0 | M37: 10 | N37: 0 | O37: =SUM(C37:L37,N37) -> 8 | P37: =SUM(C37:N37) -> 18
B38: 14.00 - 14.15 | C38: 3 | D38: 3 | E38: 1 | F38: 0 | G38: 0 | H38: 0 | I38: 2 | J38: 0 | K38: 0 | L38: 0 | M38: 9 | N38: 0 | O38: =SUM(C38:L38,N38) -> 9 | P38: =SUM(C38:N38) -> 18
B39: 14.15 - 14.30 | C39: 9 | D39: 0 | E39: 1 | F39: 0 | G39: 0 | H39: 0 | I39: 5 | J39: 2 | K39: 0 | L39: 0 | M39: 12 | N39: 0 | O39: =SUM(C39:L39,N39) -> 17 | P39: =SUM(C39:N39) -> 29
B40: 14.30 - 14.45 | C40: 14 | D40: 1 | E40: 1 | F40: 1 | G40: 0 | H40: 0 | I40: 0 | J40: 2 | K40: 0 | L40: 0 | M40: 11 | N40: 0 | O40: =SUM(C40:L40,N40) -> 19 | P40: =SUM(C40:N40) -> 30
... B57: 18.45 - 19.00 | C57: 5 | D57: 3 | E57: 3 | F57: 7 | G57: 1 | H57: 0 | I57: 2 | J57: 0 | K57: 0 | L57: 0 | M57: 24 | N57: 0 | O57: =SUM(C57:L57,N57) -> 21 | P57: =SUM(C57:N57) -> 45
B58: Totals | C58: =SUM(C10:C57) -> 259 | D58: =SUM(D10:D57) -> 51 | E58: =SUM(E10:E57) -> 65 | F58: =SUM(F10:F57) -> 46 | G58: =SUM(G10:G57) -> 11 | H58: =SUM(H10:H57) -> 1 | I58: =SUM(I10:I57) -> 67 | J58: =SUM(J10:J57) -> 32 | ... P58: =SUM(P10:P57) -> 1369
B59: %ges + MCs | C59: =C58/$P$58 -> 0.18918919 | D59: =D58/$P$58 -> 0.03725347 | E59: =E58/$P$58 -> 0.047479912 | F59: =F58/$P$58 -> 0.033601169 | G59: =G58/$P$58 -> 0.0080350621 | H59: =H58/$P$58 -> 0.00073046019 | I59: =I58/$P$58 -> 0.048940833 | J59: =J58/$P$58 -> 0.023374726 | ... N59: =N58/$P$58 -> 0
B60: %ges w/o MCs | C60: =C58/$O$58 -> 0.48230912 | D60: =D58/$O$58 -> 0.094972067 | E60: =E58/$O$58 -> 0.12104283 | F60: =F58/$O$58 -> 0.08566108 | G60: =G58/$O$58 -> 0.020484171 | H60: =H58/$O$58 -> 0.0018621974 | I60: =I58/$O$58 -> 0.12476723 | J60: =J58/$O$58 -> 0.059590317 | ... L60: =L58/$O$58 -> 0 | N60: =N58/$O$58 -> 0

Sheet 28.09 Bukasa-Wakiso-24h
B1: Consultancy services for Preparation of Expressway Development Master Plan (EDMP) for Uganda
B2: MANUAL CLASSIFIED COUNT (MCC)
B3: ROAD NAME: | C3: ='[3]23.09 Bukasa-Wakiso'!C3:G3 -> MCC - C2 - STN0-64- BUKASA-WAKISO ROAD
C5: Date | D5: ='[3]28.09 WAKISO-BUKASA-24h'!D5 -> 28.9.19 | F5: Location | G5: ='[3]28.09 WAKISO-BUKASA-24h'!G5:H5 -> Wakiso Junior Sch. | J5: Surveyor | K5: ='[3]28.09 WAKISO-BUKASA-24h'!K5:L5 -> Tusasirwe Leah
C6: Dir. From | D6: BUKASA | F6: Dir. To | G6: Wakiso Junior Sch. | J6: Supervisor | K6: ='[3]28.09 WAKISO-BUKASA-24h'!K6:L6 -> Nusurah
B8: Time / Veh Type | R8: SUMMARY TRAFFIC VOLUMES
C9: 1. Car | D9: 2. Station Wagon | E9: 3. Pickups | F9: 4. Minibus, matatu | G9: 5. Medium bus | H9: 6. Large Bus | I9: 7. Light Truck | J9: 8. Medium Truck | K9: 9. Heavy truck | L9: 10. Truck Trailer | M9: 11. Motor cycles | N9: 12. Tractors | O9: Total Excl M/Cycles | P9: Total All | R9: Time | S9: 1. Car | T9: 2. Station Wagon | U9: 3. Pickups | V9: 4. Minibus, matatu | W9: 5. Medium bus | X9: 6. Large Bus | Y9: 7. Light Truck | Z9: 8. Medium Truck | AA9: 9. Heavy truck | AB9: 10. Truck Trailer | AC9: 11. Motorcycles | AD9: 12. Tractors, Graders | AE9: Total Excl M/ Cycles | AF9: Total All
B10: 07.00 - 07.15 | C10: 3 | D10: 1 | E10: 1 | F10: 1 | G10: 0 | H10: 0 | I10: 2 | J10: 0 | K10: 0 | L10: 0 | M10: 13 | N10: 0 | O10: =SUM(C10:L10,N10) -> 8 | P10: =SUM(C10:N10) -> 21 | R10: 0700-0800 | S10: =SUM(C10:C13) -> 14 | T10: =SUM(D10:D13) -> 5 | U10: =SUM(E10:E13) -> 4 | V10: =SUM(F10:F13) -> 3 | W10: =SUM(G10:G13) -> 0 | X10: =SUM(H10:H13) -> 0 | Y10: =SUM(I10:I13) -> 2 | Z10: =SUM(J10:J13) -> 2 | ... AF10: =SUM(P10:P13) -> 100
B11: 07.15 - 07.30 | C11: 3 | D11: 1 | E11: 0 | F11: 0 | G11: 0 | H11: 0 | I11: 0 | J11: 0 | K11: 0 | L11: 0 | M11: 10 | N11: 0 | O11: =SUM(C11:L11,N11) -> 4 | P11: =SUM(C11:N11) -> 14 | R11: 0800-0900 | S11: =SUM(C14:C17) -> 28 | T11: =SUM(D14:D17) -> 4 | U11: =SUM(E14:E17) -> 5 | V11: =SUM(F14:F17) -> 3 | W11: =SUM(G14:G17) -> 0 | X11: =SUM(H14:H17) -> 0 | Y11: =SUM(I14:I17) -> 4 | Z11: =SUM(J14:J17) -> 0 | ... AF11: =SUM(P14:P17) -> 101
B12: 07.30 - 07.45 | C12: 2 | D12: 1 | E12: 2 | F12: 2 | G12: 0 | H12: 0 | I12: 0 | J12: 0 | K12: 0 | L12: 0 | M12: 19 | N12: 0 | O12: =SUM(C12:L12,N12) -> 7 | P12: =SUM(C12:N12) -> 26 | R12: 0900-1000 | S12: =SUM(C18:C21) -> 21 | T12: =SUM(D18:D21) -> 14 | U12: =SUM(E18:E21) -> 8 | V12: =SUM(F18:F21) -> 1 | W12: =SUM(G18:G21) -> 1 | X12: =SUM(H18:H21) -> 0 | Y12: =SUM(I18:I21) -> 2 | Z12: =SUM(J18:J21) -> 1 | ... AF12: =SUM(P18:P21) -> 110
B13: 07.45 - 08.00 | C13: 6 | D13: 2 | E13: 1 | F13: 0 | G13: 0 | H13: 0 | I13: 0 | J13: 2 | K13: 0 | L13: 0 | M13: 28 | N13: 0 | O13: =SUM(C13:L13,N13) -> 11 | P13: =SUM(C13:N13) -> 39 | R13: 1000-1100 | S13: =SUM(C22:C25) -> 20 | T13: =SUM(D22:D25) -> 13 | U13: =SUM(E22:E25) -> 13 | V13: =SUM(F22:F25) -> 1 | W13: =SUM(G22:G25) -> 0 | X13: =SUM(H22:H25) -> 0 | Y13: =SUM(I22:I25) -> 12 | Z13: =SUM(J22:J25) -> 0 | ... AF13: =SUM(P22:P25) -> 124
B14: 08.00 - 08.15 | C14: 5 | D14: 1 | E14: 0 | F14: 0 | G14: 0 | H14: 0 | I14: 3 | J14: 0 | K14: 0 | L14: 0 | M14: 17 | N14: 0 | O14: =SUM(C14:L14,N14) -> 9 | P14: =SUM(C14:N14) -> 26 | R14: 1100-1200 | S14: =SUM(C26:C29) -> 24 | T14: =SUM(D26:D29) -> 7 | U14: =SUM(E26:E29) -> 6 | V14: =SUM(F26:F29) -> 5 | W14: =SUM(G26:G29) -> 0 | X14: =SUM(H26:H29) -> 0 | Y14: =SUM(I26:I29) -> 12 | Z14: =SUM(J26:J29) -> 0 | ... AF14: =SUM(P26:P29) -> 113
B15: 08.15 - 08.30 | C15: 9 | D15: 2 | E15: 0 | F15: 0 | G15: 0 | H15: 0 | I15: 0 | J15: 0 | K15: 0 | L15: 0 | M15: 13 | N15: 0 | O15: =SUM(C15:L15,N15) -> 11 | P15: =SUM(C15:N15) -> 24 | R15: 1200-1300 | S15: =SUM(C30:C33) -> 40 | T15: =SUM(D30:D33) -> 12 | U15: =SUM(E30:E33) -> 6 | V15: =SUM(F30:F33) -> 3 | W15: =SUM(G30:G33) -> 1 | X15: =SUM(H30:H33) -> 0 | Y15: =SUM(I30:I33) -> 12 | Z15: =SUM(J30:J33) -> 2 | ... AF15: =SUM(P30:P33) -> 149
B16: 08.30 - 08.45 | C16: 6 | D16: 0 | E16: 2 | F16: 1 | G16: 0 | H16: 0 | I16: 1 | J16: 0 | K16: 0 | L16: 0 | M16: 14 | N16: 0 | O16: =SUM(C16:L16,N16) -> 10 | P16: =SUM(C16:N16) -> 24 | R16: 1300-1400 | S16: =SUM(C34:C37) -> 30 | T16: =SUM(D34:D37) -> 11 | U16: =SUM(E34:E37) -> 2 | V16: =SUM(F34:F37) -> 6 | W16: =SUM(G34:G37) -> 0 | X16: =SUM(H34:H37) -> 0 | Y16: =SUM(I34:I37) -> 13 | Z16: =SUM(J34:J37) -> 2 | ... AF16: =SUM(P34:P37) -> 125
B17: 08.45 - 9.00 | C17: 8 | D17: 1 | E17: 3 | F17: 2 | G17: 0 | H17: 0 | I17: 0 | J17: 0 | K17: 0 | L17: 0 | M17: 13 | N17: 0 | O17: =SUM(C17:L17,N17) -> 14 | P17: =SUM(C17:N17) -> 27 | R17: 1400-1500 | S17: =SUM(C38:C41) -> 22 | T17: =SUM(D38:D41) -> 7 | U17: =SUM(E38:E41) -> 3 | V17: =SUM(F38:F41) -> 2 | W17: =SUM(G38:G41) -> 0 | X17: =SUM(H38:H41) -> 0 | Y17: =SUM(I38:I41) -> 4 | Z17: =SUM(J38:J41) -> 4 | ... AF17: =SUM(P38:P41) -> 97
B18: 09.00 - 09.15 | C18: 6 | D18: 5 | E18: 4 | F18: 0 | G18: 0 | H18: 0 | I18: 0 | J18: 0 | K18: 0 | L18: 0 | M18: 11 | N18: 0 | O18: =SUM(C18:L18,N18) -> 15 | P18: =SUM(C18:N18) -> 26 | R18: 1500-1600 | S18: =SUM(C42:C45) -> 26 | T18: =SUM(D42:D45) -> 14 | U18: =SUM(E42:E45) -> 3 | V18: =SUM(F42:F45) -> 1 | W18: =SUM(G42:G45) -> 0 | X18: =SUM(H42:H45) -> 0 | Y18: =SUM(I42:I45) -> 13 | Z18: =SUM(J42:J45) -> 2 | ... AF18: =SUM(P42:P45) -> 106
B19: 09.15 - 09.30 | C19: 5 | D19: 3 | E19: 2 | F19: 1 | G19: 0 | H19: 0 | I19: 1 | J19: 0 | K19: 0 | L19: 0 | M19: 21 | N19: 1 | O19: =SUM(C19:L19,N19) -> 13 | P19: =SUM(C19:N19) -> 34 | R19: 1600-1700 | S19: =SUM(C46:C49) -> 21 | T19: =SUM(D46:D49) -> 13 | U19: =SUM(E46:E49) -> 7 | V19: =SUM(F46:F49) -> 1 | W19: =SUM(G46:G49) -> 0 | X19: =SUM(H46:H49) -> 0 | Y19: =SUM(I46:I49) -> 11 | Z19: =SUM(J46:J49) -> 0 | ... AF19: =SUM(P46:P49) -> 102
B20: 09.30 - 09.45 | C20: 4 | D20: 3 | E20: 2 | F20: 0 | G20: 0 | H20: 0 | I20: 1 | J20: 1 | K20: 0 | L20: 0 | M20: 20 | N20: 0 | O20: =SUM(C20:L20,N20) -> 11 | P20: =SUM(C20:N20) -> 31 | R20: 1700-1800 | S20: =SUM(C50:C53) -> 25 | T20: =SUM(D50:D53) -> 9 | U20: =SUM(E50:E53) -> 5 | V20: =SUM(F50:F53) -> 1 | W20: =SUM(G50:G53) -> 0 | X20: =SUM(H50:H53) -> 0 | Y20: =SUM(I50:I53) -> 6 | Z20: =SUM(J50:J53) -> 1 | ... AF20: =SUM(P50:P53) -> 96
B21: 09.45 - 10.00 | C21: 6 | D21: 3 | E21: 0 | F21: 0 | G21: 1 | H21: 0 | I21: 0 | J21: 0 | K21: 0 | L21: 0 | M21: 9 | N21: 0 | O21: =SUM(C21:L21,N21) -> 10 | P21: =SUM(C21:N21) -> 19 | R21: 1800-1900 | S21: =SUM(C54:C57) -> 25 | T21: =SUM(D54:D57) -> 7 | U21: =SUM(E54:E57) -> 3 | V21: =SUM(F54:F57) -> 12 | W21: =SUM(G54:G57) -> 0 | X21: =SUM(H54:H57) -> 0 | Y21: =SUM(I54:I57) -> 3 | Z21: =SUM(J54:J57) -> 4 | ... AF21: =SUM(P54:P57) -> 100
B22: 10.00 - 10.15 | C22: 5 | D22: 4 | E22: 5 | F22: 1 | G22: 0 | H22: 0 | I22: 0 | J22: 0 | K22: 0 | L22: 0 | M22: 22 | N22: 0 | O22: =SUM(C22:L22,N22) -> 15 | P22: =SUM(C22:N22) -> 37 | R22: 1900-2000 | S22: =SUM(C58:C61) -> 27 | T22: =SUM(D58:D61) -> 7 | U22: =SUM(E58:E61) -> 6 | V22: =SUM(F58:F61) -> 10 | W22: =SUM(G58:G61) -> 1 | X22: =SUM(H58:H61) -> 0 | Y22: =SUM(I58:I61) -> 11 | Z22: =SUM(J58:J61) -> 2 | ... AF22: =SUM(P58:P61) -> 128
B23: 10.15 - 10.30 | C23: 6 | D23: 3 | E23: 3 | F23: 0 | G23: 0 | H23: 0 | I23: 7 | J23: 0 | K23: 0 | L23: 0 | M23: 15 | N23: 0 | O23: =SUM(C23:L23,N23) -> 19 | P23: =SUM(C23:N23) -> 34 | R23: 2000-2100 | S23: =SUM(C62:C65) -> 39 | T23: =SUM(D62:D65) -> 5 | U23: =SUM(E62:E65) -> 6 | V23: =SUM(F62:F65) -> 15 | W23: =SUM(G62:G65) -> 1 | X23: =SUM(H62:H65) -> 0 | Y23: =SUM(I62:I65) -> 7 | Z23: =SUM(J62:J65) -> 0 | ... AF23: =SUM(P62:P65) -> 134
B24: 10.30 - 10.45 | C24: 2 | D24: 2 | E24: 3 | F24: 0 | G24: 0 | H24: 0 | I24: 0 | J24: 0 | K24: 0 | L24: 0 | M24: 16 | N24: 0 | O24: =SUM(C24:L24,N24) -> 7 | P24: =SUM(C24:N24) -> 23 | R24: 2100-2200 | S24: =SUM(C66:C69) -> 35 | T24: =SUM(D66:D69) -> 2 | U24: =SUM(E66:E69) -> 3 | V24: =SUM(F66:F69) -> 8 | W24: =SUM(G66:G69) -> 0 | X24: =SUM(H66:H69) -> 0 | Y24: =SUM(I66:I69) -> 2 | Z24: =SUM(J66:J69) -> 0 | ... AF24: =SUM(P66:P69) -> 88
B25: 10.45 - 11.00 | C25: 7 | D25: 4 | E25: 2 | F25: 0 | G25: 0 | H25: 0 | I25: 5 | J25: 0 | K25: 0 | L25: 0 | M25: 12 | N25: 0 | O25: =SUM(C25:L25,N25) -> 18 | P25: =SUM(C25:N25) -> 30 | R25: 2200-2300 | S25: =SUM(C70:C73) -> 30 | T25: =SUM(D70:D73) -> 4 | U25: =SUM(E70:E73) -> 5 | V25: =SUM(F70:F73) -> 4 | W25: =SUM(G70:G73) -> 0 | X25: =SUM(H70:H73) -> 0 | Y25: =SUM(I70:I73) -> 2 | Z25: =SUM(J70:J73) -> 2 | ... AF25: =SUM(P70:P73) -> 79
B26: 11.00 - 11.15 | C26: 7 | D26: 5 | E26: 1 | F26: 3 | G26: 0 | H26: 0 | I26: 4 | J26: 0 | K26: 0 | L26: 0 | M26: 14 | N26: 0 | O26: =SUM(C26:L26,N26) -> 20 | P26: =SUM(C26:N26) -> 34 | R26: 2300-0000 | S26: =SUM(C74:C77) -> 16 | T26: =SUM(D74:D77) -> 5 | U26: =SUM(E74:E77) -> 2 | V26: =SUM(F74:F77) -> 3 | W26: =SUM(G74:G77) -> 0 | X26: =SUM(H74:H77) -> 0 | Y26: =SUM(I74:I77) -> 1 | Z26: =SUM(J74:J77) -> 0 | ... AF26: =SUM(P74:P77) -> 45
B27: 11.15 - 11.30 | C27: 4 | D27: 0 | E27: 2 | F27: 1 | G27: 0 | H27: 0 | I27: 1 | J27: 0 | K27: 0 | L27: 0 | M27: 18 | N27: 0 | O27: =SUM(C27:L27,N27) -> 8 | P27: =SUM(C27:N27) -> 26 | R27: 0000-0100 | S27: =SUM(C78:C81) -> 10 | T27: =SUM(D78:D81) -> 5 | U27: =SUM(E78:E81) -> 5 | V27: =SUM(F78:F81) -> 1 | W27: =SUM(G78:G81) -> 0 | X27: =SUM(H78:H81) -> 0 | Y27: =SUM(I78:I81) -> 1 | Z27: =SUM(J78:J81) -> 1 | ... AF27: =SUM(P78:P81) -> 34
B28: 11.30 - 11.45 | C28: 8 | D28: 1 | E28: 0 | F28: 1 | G28: 0 | H28: 0 | I28: 3 | J28: 0 | K28: 0 | L28: 0 | M28: 12 | N28: 0 | O28: =SUM(C28:L28,N28) -> 13 | P28: =SUM(C28:N28) -> 25 | R28: 0100-0200 | S28: =SUM(C82:C85) -> 6 | T28: =SUM(D82:D85) -> 5 | U28: =SUM(E82:E85) -> 1 | V28: =SUM(F82:F85) -> 0 | W28: =SUM(G82:G85) -> 0 | X28: =SUM(H82:H85) -> 0 | Y28: =SUM(I82:I85) -> 1 | Z28: =SUM(J82:J85) -> 0 | ... AF28: =SUM(P82:P85) -> 18
B29: 11.45 - 12.00 | C29: 5 | D29: 1 | E29: 3 | F29: 0 | G29: 0 | H29: 0 | I29: 4 | J29: 0 | K29: 0 | L29: 0 | M29: 15 | N29: 0 | O29: =SUM(C29:L29,N29) -> 13 | P29: =SUM(C29:N29) -> 28 | R29: 0200-0300 | S29: =SUM(C86:C89) -> 1 | T29: =SUM(D86:D89) -> 0 | U29: =SUM(E86:E89) -> 1 | V29: =SUM(F86:F89) -> 0 | W29: =SUM(G86:G89) -> 0 | X29: =SUM(H86:H89) -> 0 | Y29: =SUM(I86:I89) -> 1 | Z29: =SUM(J86:J89) -> 0 | ... AF29: =SUM(P86:P89) -> 6
B30: 12.00 - 12.15 | C30: 15 | D30: 4 | E30: 2 | F30: 1 | G30: 0 | H30: 0 | I30: 6 | J30: 0 | K30: 0 | L30: 0 | M30: 19 | N30: 0 | O30: =SUM(C30:L30,N30) -> 28 | P30: =SUM(C30:N30) -> 47 | R30: 0300-0400 | S30: =SUM(C90:C93) -> 1 | T30: =SUM(D90:D93) -> 0 | U30: =SUM(E90:E93) -> 0 | V30: =SUM(F90:F93) -> 0 | W30: =SUM(G90:G93) -> 0 | X30: =SUM(H90:H93) -> 0 | Y30: =SUM(I90:I93) -> 0 | Z30: =SUM(J90:J93) -> 0 | ... AF30: =SUM(P90:P93) -> 4
B31: 12.15 - 12.30 | C31: 7 | D31: 1 | E31: 1 | F31: 2 | G31: 0 | H31: 0 | I31: 4 | J31: 1 | K31: 0 | L31: 0 | M31: 20 | N31: 0 | O31: =SUM(C31:L31,N31) -> 16 | P31: =SUM(C31:N31) -> 36 | R31: 0400-0500 | S31: =SUM(C94:C97) -> 0 | T31: =SUM(D94:D97) -> 0 | U31: =SUM(E94:E97) -> 0 | V31: =SUM(F94:F97) -> 0 | W31: =SUM(G94:G97) -> 0 | X31: =SUM(H94:H97) -> 0 | Y31: =SUM(I94:I97) -> 2 | Z31: =SUM(J94:J97) -> 0 | ... AF31: =SUM(P94:P97) -> 4
B32: 12.30 - 12.45 | C32: 10 | D32: 4 | E32: 3 | F32: 0 | G32: 1 | H32: 0 | I32: 0 | J32: 0 | K32: 0 | L32: 0 | M32: 18 | N32: 0 | O32: =SUM(C32:L32,N32) -> 18 | P32: =SUM(C32:N32) -> 36 | R32: 0500-0600 | S32: =SUM(C98:C101) -> 6 | T32: =SUM(D98:D101) -> 4 | U32: =SUM(E98:E101) -> 2 | V32: =SUM(F98:F101) -> 6 | W32: =SUM(G98:G101) -> 0 | X32: =SUM(H98:H101) -> 0 | Y32: =SUM(I98:I101) -> 3 | Z32: =SUM(J98:J101) -> 0 | ... AF32: =SUM(P98:P101) -> 31
B33: 12.45 - 13.00 | C33: 8 | D33: 3 | E33: 0 | F33: 0 | G33: 0 | H33: 0 | I33: 2 | J33: 1 | K33: 0 | L33: 0 | M33: 16 | N33: 0 | O33: =SUM(C33:L33,N33) -> 14 | P33: =SUM(C33:N33) -> 30 | R33: 0600-0700 | S33: =SUM(C102:C105) -> 49 | T33: =SUM(D102:D105) -> 10 | U33: =SUM(E102:E105) -> 6 | V33: =SUM(F102:F105) -> 9 | W33: =SUM(G102:G105) -> 0 | X33: =SUM(H102:H105) -> 0 | Y33: =SUM(I102:I105) -> 6 | Z33: =SUM(J102:J105) -> 3 | ... AF33: =SUM(P102:P105) -> 123
B34: 13.00 - 13.15 | C34: 8 | D34: 4 | E34: 0 | F34: 3 | G34: 0 | H34: 0 | I34: 5 | J34: 0 | K34: 0 | L34: 0 | M34: 13 | N34: 0 | O34: =SUM(C34:L34,N34) -> 20 | P34: =SUM(C34:N34) -> 33 | R34: AM Peak Hr | S34: =MAX(S10:S12) -> 28 | T34: =MAX(T10:T12) -> 14 | U34: =MAX(U10:U12) -> 8 | V34: =MAX(V10:V12) -> 3 | W34: =MAX(W10:W12) -> 1 | X34: =MAX(X10:X12) -> 0 | Y34: =MAX(Y10:Y12) -> 4 | Z34: =MAX(Z10:Z12) -> 2 | ... AF34: =MAX(AF10:AF12) -> 110
B35: 13.15 - 13.30 | C35: 8 | D35: 3 | E35: 0 | F35: 0 | G35: 0 | H35: 0 | I35: 2 | J35: 0 | K35: 0 | L35: 0 | M35: 17 | N35: 0 | O35: =SUM(C35:L35,N35) -> 13 | P35: =SUM(C35:N35) -> 30 | R35: IP Peak Hr | S35: =MAX(S13:S18) -> 40 | T35: =MAX(T13:T18) -> 14 | U35: =MAX(U13:U18) -> 13 | V35: =MAX(V13:V18) -> 6 | W35: =MAX(W13:W18) -> 1 | X35: =MAX(X13:X18) -> 0 | Y35: =MAX(Y13:Y18) -> 13 | Z35: =MAX(Z13:Z18) -> 4 | ... AF35: =MAX(AF13:AF18) -> 149
B36: 13.30 - 13.45 | C36: 6 | D36: 2 | E36: 0 | F36: 1 | G36: 0 | H36: 0 | I36: 4 | J36: 0 | K36: 0 | L36: 0 | M36: 19 | N36: 0 | O36: =SUM(C36:L36,N36) -> 13 | P36: =SUM(C36:N36) -> 32 | R36: PM Peak Hr | S36: =MAX(S19:S21) -> 25 | T36: =MAX(T19:T21) -> 13 | U36: =MAX(U19:U21) -> 7 | V36: =MAX(V19:V21) -> 12 | W36: =MAX(W19:W21) -> 0 | X36: =MAX(X19:X21) -> 0 | Y36: =MAX(Y19:Y21) -> 11 | Z36: =MAX(Z19:Z21) -> 4 | ... AF36: =MAX(AF19:AF21) -> 102
B37: 13.45 - 14.00 | C37: 8 | D37: 2 | E37: 2 | F37: 2 | G37: 0 | H37: 0 | I37: 2 | J37: 2 | K37: 0 | L37: 0 | M37: 12 | N37: 0 | O37: =SUM(C37:L37,N37) -> 18 | P37: =SUM(C37:N37) -> 30 | R37: AM Period | S37: =SUM(S10:S12) -> 63 | T37: =SUM(T10:T12) -> 23 | U37: =SUM(U10:U12) -> 17 | V37: =SUM(V10:V12) -> 7 | W37: =SUM(W10:W12) -> 1 | X37: =SUM(X10:X12) -> 0 | Y37: =SUM(Y10:Y12) -> 8 | Z37: =SUM(Z10:Z12) -> 3 | ... AF37: =SUM(AF10:AF12) -> 311
B38: 14.00 - 14.15 | C38: 8 | D38: 5 | E38: 1 | F38: 1 | G38: 0 | H38: 0 | I38: 0 | J38: 0 | K38: 0 | L38: 0 | M38: 16 | N38: 0 | O38: =SUM(C38:L38,N38) -> 15 | P38: =SUM(C38:N38) -> 31 | R38: IP Period | S38: =SUM(S13:S18) -> 162 | T38: =SUM(T13:T18) -> 64 | U38: =SUM(U13:U18) -> 33 | V38: =SUM(V13:V18) -> 18 | W38: =SUM(W13:W18) -> 1 | X38: =SUM(X13:X18) -> 0 | Y38: =SUM(Y13:Y18) -> 66 | Z38: =SUM(Z13:Z18) -> 10 | ... AF38: =SUM(AF13:AF18) -> 714
B39: 14.15 - 14.30 | C39: 5 | D39: 1 | E39: 1 | F39: 1 | G39: 0 | H39: 0 | I39: 0 | J39: 1 | K39: 0 | L39: 0 | M39: 14 | N39: 0 | O39: =SUM(C39:L39,N39) -> 9 | P39: =SUM(C39:N39) -> 23 | R39: PM Period | S39: =SUM(S19:S21) -> 71 | T39: =SUM(T19:T21) -> 29 | U39: =SUM(U19:U21) -> 15 | V39: =SUM(V19:V21) -> 14 | W39: =SUM(W19:W21) -> 0 | X39: =SUM(X19:X21) -> 0 | Y39: =SUM(Y19:Y21) -> 20 | Z39: =SUM(Z19:Z21) -> 5 | ... AF39: =SUM(AF19:AF21) -> 298
B40: 14.30 - 14.45 | C40: 3 | D40: 0 | E40: 1 | F40: 0 | G40: 0 | H40: 0 | I40: 2 | J40: 1 | K40: 0 | L40: 0 | M40: 12 | N40: 0 | O40: =SUM(C40:L40,N40) -> 7 | P40: =SUM(C40:N40) -> 19 | R40: 12 Hours | S40: =SUM(S10:S21) -> 296 | T40: =SUM(T10:T21) -> 116 | U40: =SUM(U10:U21) -> 65 | V40: =SUM(V10:V21) -> 39 | W40: =SUM(W10:W21) -> 2 | X40: =SUM(X10:X21) -> 0 | Y40: =SUM(Y10:Y21) -> 94 | Z40: =SUM(Z10:Z21) -> 18 | ... AF40: =SUM(AF10:AF21) -> 1323
B41: 14.45 - 15.00 | C41: 6 | D41: 1 | E41: 0 | F41: 0 | G41: 0 | H41: 0 | I41: 2 | J41: 2 | K41: 0 | L41: 0 | M41: 13 | N41: 0 | O41: =SUM(C41:L41,N41) -> 11 | P41: =SUM(C41:N41) -> 24 | R41: 24 Hrs/ADT | S41: =SUM(S10:S33) -> 516 | T41: =SUM(T10:T33) -> 163 | U41: =SUM(U10:U33) -> 102 | V41: =SUM(V10:V33) -> 95 | W41: =SUM(W10:W33) -> 4 | X41: =SUM(X10:X33) -> 0 | Y41: =SUM(Y10:Y33) -> 131 | Z41: =SUM(Z10:Z33) -> 26 | ... AF41: =SUM(AF10:AF33) -> 2017
B42: 15.00 - 15.15 | C42: 13 | D42: 5 | E42: 1 | F42: 0 | G42: 0 | H42: 0 | I42: 1 | J42: 0 | K42: 0 | L42: 0 | M42: 5 | N42: 0 | O42: =SUM(C42:L42,N42) -> 20 | P42: =SUM(C42:N42) -> 25 | R42: NEF | S42: =S41/S40 -> 1.7432432 | T42: =T41/T40 -> 1.4051724 | U42: =U41/U40 -> 1.5692308 | V42: =V41/V40 -> 2.4358974 | W42: =W41/W40 -> 2 | X42: =X41/X40 -> #DIV/0! | Y42: =Y41/Y40 -> 1.393617 | Z42: =Z41/Z40 -> 1.4444444 | ... AF42: =AF41/AF40 -> 1.5245654
B43: 15.15 - 15.30 | C43: 5 | D43: 5 | E43: 1 | F43: 0 | G43: 0 | H43: 0 | I43: 7 | J43: 0 | K43: 0 | L43: 0 | M43: 15 | N43: 0 | O43: =SUM(C43:L43,N43) -> 18 | P43: =SUM(C43:N43) -> 33
B44: 15.30 - 15.45 | C44: 4 | D44: 2 | E44: 0 | F44: 1 | G44: 0 | H44: 0 | I44: 4 | J44: 0 | K44: 0 | L44: 0 | M44: 12 | N44: 0 | O44: =SUM(C44:L44,N44) -> 11 | P44: =SUM(C44:N44) -> 23
B45: 15.45 - 16.00 | C45: 4 | D45: 2 | E45: 1 | F45: 0 | G45: 0 | H45: 0 | I45: 1 | J45: 2 | K45: 0 | L45: 0 | M45: 15 | N45: 0 | O45: =SUM(C45:L45,N45) -> 10 | P45: =SUM(C45:N45) -> 25
B46: 16.00 - 16.15 | C46: 5 | D46: 4 | E46: 4 | F46: 0 | G46: 0 | H46: 0 | I46: 4 | J46: 0 | K46: 0 | L46: 0 | M46: 12 | N46: 0 | O46: =SUM(C46:L46,N46) -> 17 | P46: =SUM(C46:N46) -> 29
B47: 16.15 -16.30 | C47: 8 | D47: 2 | E47: 2 | F47: 0 | G47: 0 | H47: 0 | I47: 2 | J47: 0 | K47: 0 | L47: 0 | M47: 13 | N47: 0 | O47: =SUM(C47:L47,N47) -> 14 | P47: =SUM(C47:N47) -> 27
B48: 16.30 -16.45 | C48: 4 | D48: 3 | E48: 1 | F48: 0 | G48: 0 | H48: 0 | I48: 2 | J48: 0 | K48: 0 | L48: 0 | M48: 13 | N48: 0 | O48: =SUM(C48:L48,N48) -> 10 | P48: =SUM(C48:N48) -> 23
B49: 16.45 -17.00 | C49: 4 | D49: 4 | E49: 0 | F49: 1 | G49: 0 | H49: 0 | I49: 3 | J49: 0 | K49: 0 | L49: 0 | M49: 11 | N49: 0 | O49: =SUM(C49:L49,N49) -> 12 | P49: =SUM(C49:N49) -> 23
B50: 17.00 -17.15 | C50: 13 | D50: 2 | E50: 1 | F50: 0 | G50: 0 | H50: 0 | I50: 0 | J50: 0 | K50: 0 | L50: 0 | M50: 23 | N50: 0 | O50: =SUM(C50:L50,N50) -> 16 | P50: =SUM(C50:N50) -> 39
B51: 17.15 -17.30 | C51: 6 | D51: 4 | E51: 3 | F51: 0 | G51: 0 | H51: 0 | I51: 4 | J51: 0 | K51: 0 | L51: 0 | M51: 12 | N51: 0 | O51: =SUM(C51:L51,N51) -> 17 | P51: =SUM(C51:N51) -> 29
B52: 17.30 -17.45 | C52: 4 | D52: 1 | E52: 1 | F52: 1 | G52: 0 | H52: 0 | I52: 2 | J52: 0 | K52: 0 | L52: 0 | M52: 7 | N52: 0 | O52: =SUM(C52:L52,N52) -> 9 | P52: =SUM(C52:N52) -> 16
B53: 17.45 -18.00 | C53: 2 | D53: 2 | E53: 0 | F53: 0 | G53: 0 | H53: 0 | I53: 0 | J53: 1 | K53: 0 | L53: 0 | M53: 7 | N53: 0 | O53: =SUM(C53:L53,N53) -> 5 | P53: =SUM(C53:N53) -> 12
B54: 18.00 - 18.15 | C54: 8 | D54: 3 | E54: 1 | F54: 2 | G54: 0 | H54: 0 | I54: 0 | J54: 3 | K54: 0 | L54: 0 | M54: 6 | N54: 0 | O54: =SUM(C54:L54,N54) -> 17 | P54: =SUM(C54:N54) -> 23
... B105: 06.45 - 07.00 | C105: 12 | D105: 1 | E105: 0 | F105: 2 | G105: 0 | H105: 0 | I105: 2 | J105: 0 | K105: 0 | L105: 0 | M105: 13 | N105: 0 | O105: =SUM(C105:L105,N105) -> 17 | P105: =SUM(C105:N105) -> 30
B106: Totals | C106: =SUM(C10:C105) -> 516 | D106: =SUM(D10:D105) -> 163 | E106: =SUM(E10:E105) -> 102 | F106: =SUM(F10:F105) -> 95 | G106: =SUM(G10:G105) -> 4 | H106: =SUM(H10:H105) -> 0 | I106: =SUM(I10:I105) -> 131 | J106: =SUM(J10:J105) -> 26 | ... P106: =SUM(P10:P105) -> 2017
B107: %ges + MCs | C107: =C106/$P$106 -> 0.25582548 | D107: =D106/$P$106 -> 0.080813089 | E107: =E106/$P$106 -> 0.050570154 | F107: =F106/$P$106 -> 0.047099653 | G107: =G106/$P$106 -> 0.0019831433 | H107: =H106/$P$106 -> 0 | I107: =I106/$P$106 -> 0.064947942 | J107: =J106/$P$106 -> 0.012890431 | ... N107: =N106/$P$106 -> 0.00049578582
B108: %ges w/o MCs | C108: =C106/$O$106 -> 0.49710983 | D108: =D106/$O$106 -> 0.15703276 | E108: =E106/$O$106 -> 0.098265896 | F108: =F106/$O$106 -> 0.091522158 | G108: =G106/$O$106 -> 0.0038535645 | H108: =H106/$O$106 -> 0 | I108: =I106/$O$106 -> 0.12620424 | J108: =J106/$O$106 -> 0.02504817 | ... L108: =L106/$O$106 -> 0 | N108: =N106/$O$106 -> 0.00096339114

Sheet 28.09 Wakiso-Bukasa-24h
B1: Consultancy services for Preparation of Expressway Development Master Plan (EDMP) for Uganda
B2: MANUAL CLASSIFIED COUNT (MCC)
B3: ROAD NAME: | C3: ='[3]23.09 Bukasa-Wakiso'!C3:G3 -> MCC - C2 - STN0-64- BUKASA-WAKISO ROAD
C5: Date | D5: 28.9.19 | F5: Location | G5: ='[3]27.09 Wakiso-Bukasa'!G5:H5 -> Wakiso Junior Sch. | J5: Surveyor | K5: ='[3]27.09 Wakiso-Bukasa'!K5:L5 -> Tusasirwe Leah
C6: Dir. From | D6: WAKISO | F6: Dir. To | G6: BUKASA | J6: Supervisor | K6: ='[3]27.09 Wakiso-Bukasa'!K6:L6 -> Nusurah
B8: Time / Veh Type | R8: SUMMARY TRAFFIC VOLUMES
C9: 1. Car | D9: 2. Station Wagon | E9: 3. Pickups | F9: 4. Minibus, matatu | G9: 5. Medium bus | H9: 6. Large Bus | I9: 7. Light Truck | J9: 8. Medium Truck | K9: 9. Heavy truck | L9: 10. Truck Trailer | M9: 11. Motor cycles | N9: 12. Tractors | O9: Total Excl M/Cycles | P9: Total All | R9: Time | S9: 1. Car | T9: 2. Station Wagon | U9: 3. Pickups | V9: 4. Minibus, matatu | W9: 5. Medium bus | X9: 6. Large Bus | Y9: 7. Light Truck | Z9: 8. Medium Truck | AA9: 9. Heavy truck | AB9: 10. Truck Trailer | AC9: 11. Motorcycles | AD9: 12. Tractors, Graders | AE9: Total Excl M/ Cycles | AF9: Total All
B10: 07.00 - 07.15 | C10: 2 | D10: 1 | E10: 1 | F10: 0 | G10: 0 | H10: 0 | I10: 0 | J10: 0 | K10: 0 | L10: 0 | M10: 14 | N10: 0 | O10: =SUM(C10:L10,N10) -> 4 | P10: =SUM(C10:N10) -> 18 | R10: 0700-0800 | S10: =SUM(C10:C13) -> 14 | T10: =SUM(D10:D13) -> 6 | U10: =SUM(E10:E13) -> 3 | V10: =SUM(F10:F13) -> 0 | W10: =SUM(G10:G13) -> 1 | X10: =SUM(H10:H13) -> 0 | Y10: =SUM(I10:I13) -> 0 | Z10: =SUM(J10:J13) -> 0 | ... AF10: =SUM(P10:P13) -> 83
B11: 07.15 - 07.30 | C11: 4 | D11: 0 | E11: 1 | F11: 0 | G11: 0 | H11: 0 | I11: 0 | J11: 0 | K11: 0 | L11: 0 | M11: 11 | N11: 0 | O11: =SUM(C11:L11,N11) -> 5 | P11: =SUM(C11:N11) -> 16 | R11: 0800-0900 | S11: =SUM(C14:C17) -> 18 | T11: =SUM(D14:D17) -> 5 | U11: =SUM(E14:E17) -> 5 | V11: =SUM(F14:F17) -> 4 | W11: =SUM(G14:G17) -> 2 | X11: =SUM(H14:H17) -> 0 | Y11: =SUM(I14:I17) -> 1 | Z11: =SUM(J14:J17) -> 0 | ... AF11: =SUM(P14:P17) -> 100
B12: 07.30 - 07.45 | C12: 2 | D12: 2 | E12: 1 | F12: 0 | G12: 1 | H12: 0 | I12: 0 | J12: 0 | K12: 0 | L12: 0 | M12: 21 | N12: 0 | O12: =SUM(C12:L12,N12) -> 6 | P12: =SUM(C12:N12) -> 27 | R12: 0900-1000 | S12: =SUM(C18:C21) -> 20 | T12: =SUM(D18:D21) -> 7 | U12: =SUM(E18:E21) -> 5 | V12: =SUM(F18:F21) -> 9 | W12: =SUM(G18:G21) -> 1 | X12: =SUM(H18:H21) -> 0 | Y12: =SUM(I18:I21) -> 2 | Z12: =SUM(J18:J21) -> 3 | ... AF12: =SUM(P18:P21) -> 134
B13: 07.45 - 08.00 | C13: 6 | D13: 3 | E13: 0 | F13: 0 | G13: 0 | H13: 0 | I13: 0 | J13: 0 | K13: 0 | L13: 0 | M13: 13 | N13: 0 | O13: =SUM(C13:L13,N13) -> 9 | P13: =SUM(C13:N13) -> 22 | R13: 1000-1100 | S13: =SUM(C22:C25) -> 23 | T13: =SUM(D22:D25) -> 3 | U13: =SUM(E22:E25) -> 5 | V13: =SUM(F22:F25) -> 4 | W13: =SUM(G22:G25) -> 0 | X13: =SUM(H22:H25) -> 0 | Y13: =SUM(I22:I25) -> 7 | Z13: =SUM(J22:J25) -> 3 | ... AF13: =SUM(P22:P25) -> 147
B14: 08.00 - 08.15 | C14: 5 | D14: 4 | E14: 1 | F14: 1 | G14: 1 | H14: 0 | I14: 0 | J14: 0 | K14: 0 | L14: 0 | M14: 10 | N14: 0 | O14: =SUM(C14:L14,N14) -> 12 | P14: =SUM(C14:N14) -> 22 | R14: 1100-1200 | S14: =SUM(C26:C29) -> 25 | T14: =SUM(D26:D29) -> 2 | U14: =SUM(E26:E29) -> 9 | V14: =SUM(F26:F29) -> 2 | W14: =SUM(G26:G29) -> 0 | X14: =SUM(H26:H29) -> 0 | Y14: =SUM(I26:I29) -> 9 | Z14: =SUM(J26:J29) -> 1 | ... AF14: =SUM(P26:P29) -> 125
B15: 08.15 - 08.30 | C15: 6 | D15: 0 | E15: 3 | F15: 2 | G15: 1 | H15: 0 | I15: 0 | J15: 0 | K15: 0 | L15: 0 | M15: 23 | N15: 0 | O15: =SUM(C15:L15,N15) -> 12 | P15: =SUM(C15:N15) -> 35 | R15: 1200-1300 | S15: =SUM(C30:C33) -> 29 | T15: =SUM(D30:D33) -> 4 | U15: =SUM(E30:E33) -> 4 | V15: =SUM(F30:F33) -> 7 | W15: =SUM(G30:G33) -> 0 | X15: =SUM(H30:H33) -> 0 | Y15: =SUM(I30:I33) -> 8 | Z15: =SUM(J30:J33) -> 3 | ... AF15: =SUM(P30:P33) -> 133
B16: 08.30 - 08.45 | C16: 4 | D16: 0 | E16: 1 | F16: 1 | G16: 0 | H16: 0 | I16: 1 | J16: 0 | K16: 0 | L16: 0 | M16: 9 | N16: 0 | O16: =SUM(C16:L16,N16) -> 7 | P16: =SUM(C16:N16) -> 16 | R16: 1300-1400 | S16: =SUM(C34:C37) -> 25 | T16: =SUM(D34:D37) -> 4 | U16: =SUM(E34:E37) -> 6 | V16: =SUM(F34:F37) -> 4 | W16: =SUM(G34:G37) -> 0 | X16: =SUM(H34:H37) -> 0 | Y16: =SUM(I34:I37) -> 13 | Z16: =SUM(J34:J37) -> 1 | ... AF16: =SUM(P34:P37) -> 117
B17: 08.45 - 9.00 | C17: 3 | D17: 1 | E17: 0 | F17: 0 | G17: 0 | H17: 0 | I17: 0 | J17: 0 | K17: 0 | L17: 0 | M17: 23 | N17: 0 | O17: =SUM(C17:L17,N17) -> 4 | P17: =SUM(C17:N17) -> 27 | R17: 1400-1500 | S17: =SUM(C38:C41) -> 33 | T17: =SUM(D38:D41) -> 4 | U17: =SUM(E38:E41) -> 5 | V17: =SUM(F38:F41) -> 5 | W17: =SUM(G38:G41) -> 0 | X17: =SUM(H38:H41) -> 0 | Y17: =SUM(I38:I41) -> 6 | Z17: =SUM(J38:J41) -> 1 | ... AF17: =SUM(P38:P41) -> 124
B18: 09.00 - 09.15 | C18: 3 | D18: 3 | E18: 1 | F18: 2 | G18: 0 | H18: 0 | I18: 0 | J18: 2 | K18: 0 | L18: 0 | M18: 23 | N18: 0 | O18: =SUM(C18:L18,N18) -> 11 | P18: =SUM(C18:N18) -> 34 | R18: 1500-1600 | S18: =SUM(C42:C45) -> 19 | T18: =SUM(D42:D45) -> 5 | U18: =SUM(E42:E45) -> 9 | V18: =SUM(F42:F45) -> 1 | W18: =SUM(G42:G45) -> 0 | X18: =SUM(H42:H45) -> 0 | Y18: =SUM(I42:I45) -> 15 | Z18: =SUM(J42:J45) -> 2 | ... AF18: =SUM(P42:P45) -> 112
B19: 09.15 - 09.30 | C19: 4 | D19: 0 | E19: 1 | F19: 3 | G19: 0 | H19: 0 | I19: 1 | J19: 0 | K19: 0 | L19: 0 | M19: 23 | N19: 0 | O19: =SUM(C19:L19,N19) -> 9 | P19: =SUM(C19:N19) -> 32 | R19: 1600-1700 | S19: =SUM(C46:C49) -> 30 | T19: =SUM(D46:D49) -> 9 | U19: =SUM(E46:E49) -> 5 | V19: =SUM(F46:F49) -> 2 | W19: =SUM(G46:G49) -> 0 | X19: =SUM(H46:H49) -> 0 | Y19: =SUM(I46:I49) -> 11 | Z19: =SUM(J46:J49) -> 6 | ... AF19: =SUM(P46:P49) -> 118
B20: 09.30 - 09.45 | C20: 6 | D20: 1 | E20: 1 | F20: 4 | G20: 0 | H20: 0 | I20: 0 | J20: 0 | K20: 0 | L20: 0 | M20: 19 | N20: 0 | O20: =SUM(C20:L20,N20) -> 12 | P20: =SUM(C20:N20) -> 31 | R20: 1700-1800 | S20: =SUM(C50:C53) -> 35 | T20: =SUM(D50:D53) -> 4 | U20: =SUM(E50:E53) -> 8 | V20: =SUM(F50:F53) -> 2 | W20: =SUM(G50:G53) -> 0 | X20: =SUM(H50:H53) -> 0 | Y20: =SUM(I50:I53) -> 9 | Z20: =SUM(J50:J53) -> 2 | ... AF20: =SUM(P50:P53) -> 138
B21: 09.45 - 10.00 | C21: 7 | D21: 3 | E21: 2 | F21: 0 | G21: 1 | H21: 0 | I21: 1 | J21: 1 | K21: 0 | L21: 0 | M21: 22 | N21: 0 | O21: =SUM(C21:L21,N21) -> 15 | P21: =SUM(C21:N21) -> 37 | R21: 1800-1900 | S21: =SUM(C54:C57) -> 52 | T21: =SUM(D54:D57) -> 9 | U21: =SUM(E54:E57) -> 7 | V21: =SUM(F54:F57) -> 2 | W21: =SUM(G54:G57) -> 2 | X21: =SUM(H54:H57) -> 0 | Y21: =SUM(I54:I57) -> 9 | Z21: =SUM(J54:J57) -> 6 | ... AF21: =SUM(P54:P57) -> 142
B22: 10.00 - 10.15 | C22: 7 | D22: 1 | E22: 1 | F22: 1 | G22: 0 | H22: 0 | I22: 1 | J22: 1 | K22: 0 | L22: 0 | M22: 22 | N22: 0 | O22: =SUM(C22:L22,N22) -> 12 | P22: =SUM(C22:N22) -> 34 | R22: 1900-2000 | S22: =SUM(C58:C61) -> 33 | T22: =SUM(D58:D61) -> 4 | U22: =SUM(E58:E61) -> 7 | V22: =SUM(F58:F61) -> 9 | W22: =SUM(G58:G61) -> 1 | X22: =SUM(H58:H61) -> 0 | Y22: =SUM(I58:I61) -> 1 | Z22: =SUM(J58:J61) -> 0 | ... AF22: =SUM(P58:P61) -> 113
B23: 10.15 - 10.30 | C23: 4 | D23: 1 | E23: 1 | F23: 2 | G23: 0 | H23: 0 | I23: 0 | J23: 0 | K23: 0 | L23: 0 | M23: 27 | N23: 0 | O23: =SUM(C23:L23,N23) -> 8 | P23: =SUM(C23:N23) -> 35 | R23: 2000-2100 | S23: =SUM(C62:C65) -> 30 | T23: =SUM(D62:D65) -> 6 | U23: =SUM(E62:E65) -> 2 | V23: =SUM(F62:F65) -> 5 | W23: =SUM(G62:G65) -> 0 | X23: =SUM(H62:H65) -> 0 | Y23: =SUM(I62:I65) -> 3 | Z23: =SUM(J62:J65) -> 2 | ... AF23: =SUM(P62:P65) -> 123
B24: 10.30 - 10.45 | C24: 7 | D24: 1 | E24: 2 | F24: 1 | G24: 0 | H24: 0 | I24: 4 | J24: 0 | K24: 0 | L24: 0 | M24: 26 | N24: 0 | O24: =SUM(C24:L24,N24) -> 15 | P24: =SUM(C24:N24) -> 41 | R24: 2100-2200 | S24: =SUM(C66:C69) -> 25 | T24: =SUM(D66:D69) -> 1 | U24: =SUM(E66:E69) -> 7 | V24: =SUM(F66:F69) -> 4 | W24: =SUM(G66:G69) -> 0 | X24: =SUM(H66:H69) -> 0 | Y24: =SUM(I66:I69) -> 3 | Z24: =SUM(J66:J69) -> 1 | ... AF24: =SUM(P66:P69) -> 74
B25: 10.45 - 11.00 | C25: 5 | D25: 0 | E25: 1 | F25: 0 | G25: 0 | H25: 0 | I25: 2 | J25: 2 | K25: 0 | L25: 0 | M25: 27 | N25: 0 | O25: =SUM(C25:L25,N25) -> 10 | P25: =SUM(C25:N25) -> 37 | R25: 2200-2300 | S25: =SUM(C70:C73) -> 14 | T25: =SUM(D70:D73) -> 1 | U25: =SUM(E70:E73) -> 2 | V25: =SUM(F70:F73) -> 6 | W25: =SUM(G70:G73) -> 0 | X25: =SUM(H70:H73) -> 0 | Y25: =SUM(I70:I73) -> 3 | Z25: =SUM(J70:J73) -> 0 | ... AF25: =SUM(P70:P73) -> 66
B26: 11.00 - 11.15 | C26: 9 | D26: 1 | E26: 2 | F26: 0 | G26: 0 | H26: 0 | I26: 3 | J26: 0 | K26: 0 | L26: 0 | M26: 21 | N26: 1 | O26: =SUM(C26:L26,N26) -> 16 | P26: =SUM(C26:N26) -> 37 | R26: 2300-0000 | S26: =SUM(C74:C77) -> 8 | T26: =SUM(D74:D77) -> 3 | U26: =SUM(E74:E77) -> 2 | V26: =SUM(F74:F77) -> 2 | W26: =SUM(G74:G77) -> 0 | X26: =SUM(H74:H77) -> 0 | Y26: =SUM(I74:I77) -> 1 | Z26: =SUM(J74:J77) -> 0 | ... AF26: =SUM(P74:P77) -> 31
B27: 11.15 - 11.30 | C27: 6 | D27: 1 | E27: 2 | F27: 2 | G27: 0 | H27: 0 | I27: 3 | J27: 1 | K27: 0 | L27: 0 | M27: 17 | N27: 0 | O27: =SUM(C27:L27,N27) -> 15 | P27: =SUM(C27:N27) -> 32 | R27: 0000-0100 | S27: =SUM(C78:C81) -> 12 | T27: =SUM(D78:D81) -> 3 | U27: =SUM(E78:E81) -> 3 | V27: =SUM(F78:F81) -> 0 | W27: =SUM(G78:G81) -> 0 | X27: =SUM(H78:H81) -> 0 | Y27: =SUM(I78:I81) -> 1 | Z27: =SUM(J78:J81) -> 1 | ... AF27: =SUM(P78:P81) -> 36
B28: 11.30 - 11.45 | C28: 5 | D28: 0 | E28: 2 | F28: 0 | G28: 0 | H28: 0 | I28: 2 | J28: 0 | K28: 0 | L28: 0 | M28: 19 | N28: 0 | O28: =SUM(C28:L28,N28) -> 9 | P28: =SUM(C28:N28) -> 28 | R28: 0100-0200 | S28: =SUM(C82:C85) -> 11 | T28: =SUM(D82:D85) -> 3 | U28: =SUM(E82:E85) -> 3 | V28: =SUM(F82:F85) -> 0 | W28: =SUM(G82:G85) -> 0 | X28: =SUM(H82:H85) -> 0 | Y28: =SUM(I82:I85) -> 1 | Z28: =SUM(J82:J85) -> 1 | ... AF28: =SUM(P82:P85) -> 32
B29: 11.45 - 12.00 | C29: 5 | D29: 0 | E29: 3 | F29: 0 | G29: 0 | H29: 0 | I29: 1 | J29: 0 | K29: 0 | L29: 0 | M29: 19 | N29: 0 | O29: =SUM(C29:L29,N29) -> 9 | P29: =SUM(C29:N29) -> 28 | R29: 0200-0300 | S29: =SUM(C86:C89) -> 5 | T29: =SUM(D86:D89) -> 2 | U29: =SUM(E86:E89) -> 4 | V29: =SUM(F86:F89) -> 0 | W29: =SUM(G86:G89) -> 0 | X29: =SUM(H86:H89) -> 0 | Y29: =SUM(I86:I89) -> 1 | Z29: =SUM(J86:J89) -> 2 | ... AF29: =SUM(P86:P89) -> 22
B30: 12.00 - 12.15 | C30: 9 | D30: 1 | E30: 1 | F30: 4 | G30: 0 | H30: 0 | I30: 4 | J30: 0 | K30: 0 | L30: 0 | M30: 16 | N30: 0 | O30: =SUM(C30:L30,N30) -> 19 | P30: =SUM(C30:N30) -> 35 | R30: 0300-0400 | S30: =SUM(C90:C93) -> 3 | T30: =SUM(D90:D93) -> 0 | U30: =SUM(E90:E93) -> 1 | V30: =SUM(F90:F93) -> 0 | W30: =SUM(G90:G93) -> 0 | X30: =SUM(H90:H93) -> 0 | Y30: =SUM(I90:I93) -> 1 | Z30: =SUM(J90:J93) -> 0 | ... AF30: =SUM(P90:P93) -> 6
B31: 12.15 - 12.30 | C31: 6 | D31: 0 | E31: 1 | F31: 0 | G31: 0 | H31: 0 | I31: 1 | J31: 2 | K31: 0 | L31: 0 | M31: 24 | N31: 0 | O31: =SUM(C31:L31,N31) -> 10 | P31: =SUM(C31:N31) -> 34 | R31: 0400-0500 | S31: =SUM(C94:C97) -> 9 | T31: =SUM(D94:D97) -> 1 | U31: =SUM(E94:E97) -> 3 | V31: =SUM(F94:F97) -> 0 | W31: =SUM(G94:G97) -> 0 | X31: =SUM(H94:H97) -> 0 | Y31: =SUM(I94:I97) -> 0 | Z31: =SUM(J94:J97) -> 0 | ... AF31: =SUM(P94:P97) -> 18
B32: 12.30 - 12.45 | C32: 5 | D32: 1 | E32: 1 | F32: 1 | G32: 0 | H32: 0 | I32: 1 | J32: 0 | K32: 0 | L32: 0 | M32: 21 | N32: 0 | O32: =SUM(C32:L32,N32) -> 9 | P32: =SUM(C32:N32) -> 30 | R32: 0500-0600 | S32: =SUM(C98:C101) -> 16 | T32: =SUM(D98:D101) -> 6 | U32: =SUM(E98:E101) -> 4 | V32: =SUM(F98:F101) -> 2 | W32: =SUM(G98:G101) -> 0 | X32: =SUM(H98:H101) -> 0 | Y32: =SUM(I98:I101) -> 3 | Z32: =SUM(J98:J101) -> 1 | ... AF32: =SUM(P98:P101) -> 47
B33: 12.45 - 13.00 | C33: 9 | D33: 2 | E33: 1 | F33: 2 | G33: 0 | H33: 0 | I33: 2 | J33: 1 | K33: 0 | L33: 0 | M33: 17 | N33: 0 | O33: =SUM(C33:L33,N33) -> 17 | P33: =SUM(C33:N33) -> 34 | R33: 0600-0700 | S33: =SUM(C102:C105) -> 27 | T33: =SUM(D102:D105) -> 6 | U33: =SUM(E102:E105) -> 6 | V33: =SUM(F102:F105) -> 4 | W33: =SUM(G102:G105) -> 1 | X33: =SUM(H102:H105) -> 0 | Y33: =SUM(I102:I105) -> 10 | Z33: =SUM(J102:J105) -> 4 | ... AF33: =SUM(P102:P105) -> 104
B34: 13.00 - 13.15 | C34: 7 | D34: 2 | E34: 1 | F34: 2 | G34: 0 | H34: 0 | I34: 2 | J34: 0 | K34: 0 | L34: 0 | M34: 23 | N34: 0 | O34: =SUM(C34:L34,N34) -> 14 | P34: =SUM(C34:N34) -> 37 | R34: AM Peak Hr | S34: =MAX(S10:S12) -> 20 | T34: =MAX(T10:T12) -> 7 | U34: =MAX(U10:U12) -> 5 | V34: =MAX(V10:V12) -> 9 | W34: =MAX(W10:W12) -> 2 | X34: =MAX(X10:X12) -> 0 | Y34: =MAX(Y10:Y12) -> 2 | Z34: =MAX(Z10:Z12) -> 3 | ... AF34: =MAX(AF10:AF12) -> 134
B35: 13.15 - 13.30 | C35: 5 | D35: 1 | E35: 3 | F35: 0 | G35: 0 | H35: 0 | I35: 4 | J35: 1 | K35: 1 | L35: 0 | M35: 12 | N35: 0 | O35: =SUM(C35:L35,N35) -> 15 | P35: =SUM(C35:N35) -> 27 | R35: IP Peak Hr | S35: =MAX(S13:S18) -> 33 | T35: =MAX(T13:T18) -> 5 | U35: =MAX(U13:U18) -> 9 | V35: =MAX(V13:V18) -> 7 | W35: =MAX(W13:W18) -> 0 | X35: =MAX(X13:X18) -> 0 | Y35: =MAX(Y13:Y18) -> 15 | Z35: =MAX(Z13:Z18) -> 3 | ... AF35: =MAX(AF13:AF18) -> 147
B36: 13.30 - 13.45 | C36: 6 | D36: 1 | E36: 1 | F36: 1 | G36: 0 | H36: 0 | I36: 4 | J36: 0 | K36: 0 | L36: 0 | M36: 12 | N36: 0 | O36: =SUM(C36:L36,N36) -> 13 | P36: =SUM(C36:N36) -> 25 | R36: PM Peak Hr | S36: =MAX(S19:S21) -> 52 | T36: =MAX(T19:T21) -> 9 | U36: =MAX(U19:U21) -> 8 | V36: =MAX(V19:V21) -> 2 | W36: =MAX(W19:W21) -> 2 | X36: =MAX(X19:X21) -> 0 | Y36: =MAX(Y19:Y21) -> 11 | Z36: =MAX(Z19:Z21) -> 6 | ... AF36: =MAX(AF19:AF21) -> 142
B37: 13.45 - 14.00 | C37: 7 | D37: 0 | E37: 1 | F37: 1 | G37: 0 | H37: 0 | I37: 3 | J37: 0 | K37: 0 | L37: 0 | M37: 16 | N37: 0 | O37: =SUM(C37:L37,N37) -> 12 | P37: =SUM(C37:N37) -> 28 | R37: AM Period | S37: =SUM(S10:S12) -> 52 | T37: =SUM(T10:T12) -> 18 | U37: =SUM(U10:U12) -> 13 | V37: =SUM(V10:V12) -> 13 | W37: =SUM(W10:W12) -> 4 | X37: =SUM(X10:X12) -> 0 | Y37: =SUM(Y10:Y12) -> 3 | Z37: =SUM(Z10:Z12) -> 3 | ... AF37: =SUM(AF10:AF12) -> 317
B38: 14.00 - 14.15 | C38: 10 | D38: 2 | E38: 3 | F38: 1 | G38: 0 | H38: 0 | I38: 3 | J38: 1 | K38: 0 | L38: 0 | M38: 15 | N38: 0 | O38: =SUM(C38:L38,N38) -> 20 | P38: =SUM(C38:N38) -> 35 | R38: IP Period | S38: =SUM(S13:S18) -> 154 | T38: =SUM(T13:T18) -> 22 | U38: =SUM(U13:U18) -> 38 | V38: =SUM(V13:V18) -> 23 | W38: =SUM(W13:W18) -> 0 | X38: =SUM(X13:X18) -> 0 | Y38: =SUM(Y13:Y18) -> 58 | Z38: =SUM(Z13:Z18) -> 11 | ... AF38: =SUM(AF13:AF18) -> 758
B39: 14.15 - 14.30 | C39: 7 | D39: 2 | E39: 1 | F39: 3 | G39: 0 | H39: 0 | I39: 0 | J39: 0 | K39: 1 | L39: 0 | M39: 24 | N39: 0 | O39: =SUM(C39:L39,N39) -> 14 | P39: =SUM(C39:N39) -> 38 | R39: PM Period | S39: =SUM(S19:S21) -> 117 | T39: =SUM(T19:T21) -> 22 | U39: =SUM(U19:U21) -> 20 | V39: =SUM(V19:V21) -> 6 | W39: =SUM(W19:W21) -> 2 | X39: =SUM(X19:X21) -> 0 | Y39: =SUM(Y19:Y21) -> 29 | Z39: =SUM(Z19:Z21) -> 14 | ... AF39: =SUM(AF19:AF21) -> 398
B40: 14.30 - 14.45 | C40: 10 | D40: 0 | E40: 1 | F40: 1 | G40: 0 | H40: 0 | I40: 0 | J40: 0 | K40: 0 | L40: 0 | M40: 17 | N40: 0 | O40: =SUM(C40:L40,N40) -> 12 | P40: =SUM(C40:N40) -> 29 | R40: 12 Hours | S40: =SUM(S10:S21) -> 323 | T40: =SUM(T10:T21) -> 62 | U40: =SUM(U10:U21) -> 71 | V40: =SUM(V10:V21) -> 42 | W40: =SUM(W10:W21) -> 6 | X40: =SUM(X10:X21) -> 0 | Y40: =SUM(Y10:Y21) -> 90 | Z40: =SUM(Z10:Z21) -> 28 | ... AF40: =SUM(AF10:AF21) -> 1473
B41: 14.45 - 15.00 | C41: 6 | D41: 0 | E41: 0 | F41: 0 | G41: 0 | H41: 0 | I41: 3 | J41: 0 | K41: 0 | L41: 0 | M41: 13 | N41: 0 | O41: =SUM(C41:L41,N41) -> 9 | P41: =SUM(C41:N41) -> 22 | R41: 24 Hrs/ADT | S41: =SUM(S10:S33) -> 516 | T41: =SUM(T10:T33) -> 98 | U41: =SUM(U10:U33) -> 115 | V41: =SUM(V10:V33) -> 74 | W41: =SUM(W10:W33) -> 8 | X41: =SUM(X10:X33) -> 0 | Y41: =SUM(Y10:Y33) -> 118 | Z41: =SUM(Z10:Z33) -> 40 | ... AF41: =SUM(AF10:AF33) -> 2145
B42: 15.00 - 15.15 | C42: 4 | D42: 0 | E42: 3 | F42: 0 | G42: 0 | H42: 0 | I42: 8 | J42: 1 | K42: 0 | L42: 0 | M42: 11 | N42: 0 | O42: =SUM(C42:L42,N42) -> 16 | P42: =SUM(C42:N42) -> 27 | R42: NEF | S42: =S41/S40 -> 1.5975232 | T42: =T41/T40 -> 1.5806452 | U42: =U41/U40 -> 1.6197183 | V42: =V41/V40 -> 1.7619048 | W42: =W41/W40 -> 1.3333333 | X42: =X41/X40 -> #DIV/0! | Y42: =Y41/Y40 -> 1.3111111 | Z42: =Z41/Z40 -> 1.4285714 | ... AF42: =AF41/AF40 -> 1.4562118
B43: 15.15 - 15.30 | C43: 8 | D43: 1 | E43: 3 | F43: 0 | G43: 0 | H43: 0 | I43: 2 | J43: 1 | K43: 1 | L43: 0 | M43: 15 | N43: 0 | O43: =SUM(C43:L43,N43) -> 16 | P43: =SUM(C43:N43) -> 31
B44: 15.30 - 15.45 | C44: 4 | D44: 0 | E44: 2 | F44: 0 | G44: 0 | H44: 0 | I44: 4 | J44: 0 | K44: 0 | L44: 0 | M44: 18 | N44: 0 | O44: =SUM(C44:L44,N44) -> 10 | P44: =SUM(C44:N44) -> 28
B45: 15.45 - 16.00 | C45: 3 | D45: 4 | E45: 1 | F45: 1 | G45: 0 | H45: 0 | I45: 1 | J45: 0 | K45: 0 | L45: 0 | M45: 16 | N45: 0 | O45: =SUM(C45:L45,N45) -> 10 | P45: =SUM(C45:N45) -> 26
B46: 16.00 - 16.15 | C46: 6 | D46: 2 | E46: 1 | F46: 0 | G46: 0 | H46: 0 | I46: 3 | J46: 3 | K46: 0 | L46: 0 | M46: 13 | N46: 0 | O46: =SUM(C46:L46,N46) -> 15 | P46: =SUM(C46:N46) -> 28
B47: 16.15 -16.30 | C47: 6 | D47: 3 | E47: 0 | F47: 0 | G47: 0 | H47: 0 | I47: 0 | J47: 2 | K47: 0 | L47: 0 | M47: 11 | N47: 0 | O47: =SUM(C47:L47,N47) -> 11 | P47: =SUM(C47:N47) -> 22
B48: 16.30 -16.45 | C48: 11 | D48: 2 | E48: 2 | F48: 1 | G48: 0 | H48: 0 | I48: 4 | J48: 1 | K48: 0 | L48: 0 | M48: 13 | N48: 0 | O48: =SUM(C48:L48,N48) -> 21 | P48: =SUM(C48:N48) -> 34
B49: 16.45 -17.00 | C49: 7 | D49: 2 | E49: 2 | F49: 1 | G49: 0 | H49: 0 | I49: 4 | J49: 0 | K49: 0 | L49: 0 | M49: 18 | N49: 0 | O49: =SUM(C49:L49,N49) -> 16 | P49: =SUM(C49:N49) -> 34
B50: 17.00 -17.15 | C50: 7 | D50: 1 | E50: 0 | F50: 0 | G50: 0 | H50: 0 | I50: 5 | J50: 1 | K50: 0 | L50: 0 | M50: 20 | N50: 0 | O50: =SUM(C50:L50,N50) -> 14 | P50: =SUM(C50:N50) -> 34
B51: 17.15 -17.30 | C51: 9 | D51: 2 | E51: 4 | F51: 1 | G51: 0 | H51: 0 | I51: 0 | J51: 1 | K51: 0 | L51: 0 | M51: 24 | N51: 0 | O51: =SUM(C51:L51,N51) -> 17 | P51: =SUM(C51:N51) -> 41
B52: 17.30 -17.45 | C52: 9 | D52: 0 | E52: 2 | F52: 0 | G52: 0 | H52: 0 | I52: 1 | J52: 0 | K52: 0 | L52: 0 | M52: 17 | N52: 0 | O52: =SUM(C52:L52,N52) -> 12 | P52: =SUM(C52:N52) -> 29
B53: 17.45 -18.00 | C53: 10 | D53: 1 | E53: 2 | F53: 1 | G53: 0 | H53: 0 | I53: 3 | J53: 0 | K53: 0 | L53: 0 | M53: 17 | N53: 0 | O53: =SUM(C53:L53,N53) -> 17 | P53: =SUM(C53:N53) -> 34
B54: 18.00 - 18.15 | C54: 12 | D54: 3 | E54: 1 | F54: 0 | G54: 1 | H54: 0 | I54: 4 | J54: 2 | K54: 0 | L54: 1 | M54: 11 | N54: 0 | O54: =SUM(C54:L54,N54) -> 24 | P54: =SUM(C54:N54) -> 35
... B105: 06.45 - 07.00 | C105: 5 | D105: 3 | E105: 2 | F105: 1 | G105: 1 | H105: 0 | I105: 2 | J105: 0 | K105: 0 | L105: 0 | M105: 12 | N105: 0 | O105: =SUM(C105:L105,N105) -> 14 | P105: =SUM(C105:N105) -> 26
B106: Totals | C106: =SUM(C10:C105) -> 516 | D106: =SUM(D10:D105) -> 98 | E106: =SUM(E10:E105) -> 115 | F106: =SUM(F10:F105) -> 74 | G106: =SUM(G10:G105) -> 8 | H106: =SUM(H10:H105) -> 0 | I106: =SUM(I10:I105) -> 118 | J106: =SUM(J10:J105) -> 40 | ... P106: =SUM(P10:P105) -> 2145
B107: %ges + MCs | C107: =C106/$P$106 -> 0.24055944 | D107: =D106/$P$106 -> 0.045687646 | E107: =E106/$P$106 -> 0.053613054 | F107: =F106/$P$106 -> 0.034498834 | G107: =G106/$P$106 -> 0.0037296037 | H107: =H106/$P$106 -> 0 | I107: =I106/$P$106 -> 0.055011655 | J107: =J106/$P$106 -> 0.018648019 | ... N107: =N106/$P$106 -> 0.00046620047
B108: %ges w/o MCs | C108: =C106/$O$106 -> 0.5249237 | D108: =D106/$O$106 -> 0.099694812 | E108: =E106/$O$106 -> 0.11698881 | F108: =F106/$O$106 -> 0.075279756 | G108: =G106/$O$106 -> 0.008138352 | H108: =H106/$O$106 -> 0 | I108: =I106/$O$106 -> 0.12004069 | J108: =J106/$O$106 -> 0.04069176 | ... L108: =L106/$O$106 -> 0.002034588 | N108: =N106/$O$106 -> 0.001017294

Sheet 29.09 Bukasa-Wakiso
B1: Consultancy services for Preparation of Expressway Development Master Plan (EDMP) for Uganda
B2: MANUAL CLASSIFIED COUNT (MCC)
B3: ROAD NAME: | C3: ='[3]23.09 Bukasa-Wakiso'!C3:G3 -> MCC - C2 - STN0-64- BUKASA-WAKISO ROAD
C5: Date | D5: 29.9.19 | F5: Location | G5: ='[3]28.08 BUKASA-WAKISO-24h'!G5:H5 -> Wakiso Junior Sch. | J5: Surveyor | K5: ='[3]28.08 BUKASA-WAKISO-24h'!K5:L5 -> Tusasirwe Leah
C6: Dir. From | D6: ='[3]23.09 Bukasa-Wakiso'!D6:E6 -> Bukasa | F6: Dir. To | G6: ='[3]23.09 Bukasa-Wakiso'!G6:H6 -> Wakiso | J6: Supervisor | K6: ='[3]28.08 BUKASA-WAKISO-24h'!K6:L6 -> Nusurah
B8: Time / Veh Type | R8: SUMMARY TRAFFIC VOLUMES
C9: 1. Car | D9: 2. Station Wagon | E9: 3. Pickups | F9: 4. Minibus, matatu | G9: 5. Medium bus | H9: 6. Large Bus | I9: 7. Light Truck | J9: 8. Medium Truck | K9: 9. Heavy truck | L9: 10. Truck Trailer | M9: 11. Motor cycles | N9: 12. Tractors | O9: Total Excl M/Cycles | P9: Total All | R9: Time | S9: 1. Car | T9: 2. Station Wagon | U9: 3. Pickups | V9: 4. Minibus, matatu | W9: 5. Medium bus | X9: 6. Large Bus | Y9: 7. Light Truck | Z9: 8. Medium Truck | AA9: 9. Heavy truck | AB9: 10. Truck Trailer | AC9: 11. Motorcycles | AD9: 12. Tractors, Graders | AE9: Total Excl M/ Cycles | AF9: Total All
B10: 07.00 - 07.15 | C10: 3 | D10: 0 | E10: 1 | F10: 0 | G10: 0 | H10: 0 | I10: 1 | J10: 0 | K10: 0 | L10: 0 | M10: 12 | N10: 0 | O10: =SUM(C10:L10,N10) -> 5 | P10: =SUM(C10:N10) -> 17 | R10: 0700-0800 | S10: =SUM(C10:C13) -> 8 | T10: =SUM(D10:D13) -> 1 | U10: =SUM(E10:E13) -> 4 | V10: =SUM(F10:F13) -> 2 | W10: =SUM(G10:G13) -> 0 | X10: =SUM(H10:H13) -> 0 | Y10: =SUM(I10:I13) -> 3 | Z10: =SUM(J10:J13) -> 0 | ... AF10: =SUM(P10:P13) -> 55
B11: 07.15 - 07.30 | C11: 1 | D11: 0 | E11: 1 | F11: 1 | G11: 0 | H11: 0 | I11: 1 | J11: 0 | K11: 0 | L11: 0 | M11: 4 | N11: 0 | O11: =SUM(C11:L11,N11) -> 4 | P11: =SUM(C11:N11) -> 8 | R11: 0800-0900 | S11: =SUM(C14:C17) -> 21 | T11: =SUM(D14:D17) -> 0 | U11: =SUM(E14:E17) -> 4 | V11: =SUM(F14:F17) -> 1 | W11: =SUM(G14:G17) -> 0 | X11: =SUM(H14:H17) -> 0 | Y11: =SUM(I14:I17) -> 4 | Z11: =SUM(J14:J17) -> 2 | ... AF11: =SUM(P14:P17) -> 90
B12: 07.30 - 07.45 | C12: 1 | D12: 0 | E12: 1 | F12: 1 | G12: 0 | H12: 0 | I12: 0 | J12: 0 | K12: 0 | L12: 0 | M12: 11 | N12: 0 | O12: =SUM(C12:L12,N12) -> 3 | P12: =SUM(C12:N12) -> 14 | R12: 0900-1000 | S12: =SUM(C18:C21) -> 21 | T12: =SUM(D18:D21) -> 12 | U12: =SUM(E18:E21) -> 6 | V12: =SUM(F18:F21) -> 3 | W12: =SUM(G18:G21) -> 0 | X12: =SUM(H18:H21) -> 0 | Y12: =SUM(I18:I21) -> 3 | Z12: =SUM(J18:J21) -> 1 | ... AF12: =SUM(P18:P21) -> 100
B13: 07.45 - 08.00 | C13: 3 | D13: 1 | E13: 1 | F13: 0 | G13: 0 | H13: 0 | I13: 1 | J13: 0 | K13: 0 | L13: 0 | M13: 10 | N13: 0 | O13: =SUM(C13:L13,N13) -> 6 | P13: =SUM(C13:N13) -> 16 | R13: 1000-1100 | S13: =SUM(C22:C25) -> 17 | T13: =SUM(D22:D25) -> 12 | U13: =SUM(E22:E25) -> 8 | V13: =SUM(F22:F25) -> 2 | W13: =SUM(G22:G25) -> 1 | X13: =SUM(H22:H25) -> 0 | Y13: =SUM(I22:I25) -> 9 | Z13: =SUM(J22:J25) -> 5 | ... AF13: =SUM(P22:P25) -> 102
B14: 08.00 - 08.15 | C14: 4 | D14: 0 | E14: 2 | F14: 0 | G14: 0 | H14: 0 | I14: 3 | J14: 0 | K14: 0 | L14: 0 | M14: 11 | N14: 0 | O14: =SUM(C14:L14,N14) -> 9 | P14: =SUM(C14:N14) -> 20 | R14: 1100-1200 | S14: =SUM(C26:C29) -> 31 | T14: =SUM(D26:D29) -> 7 | U14: =SUM(E26:E29) -> 6 | V14: =SUM(F26:F29) -> 1 | W14: =SUM(G26:G29) -> 1 | X14: =SUM(H26:H29) -> 0 | Y14: =SUM(I26:I29) -> 11 | Z14: =SUM(J26:J29) -> 1 | ... AF14: =SUM(P26:P29) -> 106
B15: 08.15 - 08.30 | C15: 5 | D15: 0 | E15: 0 | F15: 1 | G15: 0 | H15: 0 | I15: 1 | J15: 0 | K15: 0 | L15: 0 | M15: 13 | N15: 0 | O15: =SUM(C15:L15,N15) -> 7 | P15: =SUM(C15:N15) -> 20 | R15: 1200-1300 | S15: =SUM(C30:C33) -> 27 | T15: =SUM(D30:D33) -> 4 | U15: =SUM(E30:E33) -> 4 | V15: =SUM(F30:F33) -> 1 | W15: =SUM(G30:G33) -> 0 | X15: =SUM(H30:H33) -> 0 | Y15: =SUM(I30:I33) -> 5 | Z15: =SUM(J30:J33) -> 0 | ... AF15: =SUM(P30:P33) -> 99
B16: 08.30 - 08.45 | C16: 5 | D16: 0 | E16: 1 | F16: 0 | G16: 0 | H16: 0 | I16: 0 | J16: 1 | K16: 0 | L16: 0 | M16: 19 | N16: 0 | O16: =SUM(C16:L16,N16) -> 7 | P16: =SUM(C16:N16) -> 26 | R16: 1300-1400 | S16: =SUM(C34:C37) -> 13 | T16: =SUM(D34:D37) -> 3 | U16: =SUM(E34:E37) -> 2 | V16: =SUM(F34:F37) -> 2 | W16: =SUM(G34:G37) -> 0 | X16: =SUM(H34:H37) -> 0 | Y16: =SUM(I34:I37) -> 3 | Z16: =SUM(J34:J37) -> 0 | ... AF16: =SUM(P34:P37) -> 44
B17: 08.45 - 9.00 | C17: 7 | D17: 0 | E17: 1 | F17: 0 | G17: 0 | H17: 0 | I17: 0 | J17: 1 | K17: 0 | L17: 0 | M17: 15 | N17: 0 | O17: =SUM(C17:L17,N17) -> 9 | P17: =SUM(C17:N17) -> 24 | R17: 1400-1500 | S17: =SUM(C38:C41) -> 27 | T17: =SUM(D38:D41) -> 10 | U17: =SUM(E38:E41) -> 4 | V17: =SUM(F38:F41) -> 1 | W17: =SUM(G38:G41) -> 0 | X17: =SUM(H38:H41) -> 0 | Y17: =SUM(I38:I41) -> 6 | Z17: =SUM(J38:J41) -> 0 | ... AF17: =SUM(P38:P41) -> 104
B18: 09.00 - 09.15 | C18: 3 | D18: 3 | E18: 0 | F18: 0 | G18: 0 | H18: 0 | I18: 0 | J18: 0 | K18: 0 | L18: 0 | M18: 10 | N18: 0 | O18: =SUM(C18:L18,N18) -> 6 | P18: =SUM(C18:N18) -> 16 | R18: 1500-1600 | S18: =SUM(C42:C45) -> 36 | T18: =SUM(D42:D45) -> 13 | U18: =SUM(E42:E45) -> 5 | V18: =SUM(F42:F45) -> 2 | W18: =SUM(G42:G45) -> 0 | X18: =SUM(H42:H45) -> 0 | Y18: =SUM(I42:I45) -> 7 | Z18: =SUM(J42:J45) -> 1 | ... AF18: =SUM(P42:P45) -> 136
B19: 09.15 - 09.30 | C19: 3 | D19: 5 | E19: 1 | F19: 3 | G19: 0 | H19: 0 | I19: 1 | J19: 0 | K19: 0 | L19: 0 | M19: 12 | N19: 0 | O19: =SUM(C19:L19,N19) -> 13 | P19: =SUM(C19:N19) -> 25 | R19: 1600-1700 | S19: =SUM(C46:C49) -> 39 | T19: =SUM(D46:D49) -> 16 | U19: =SUM(E46:E49) -> 5 | V19: =SUM(F46:F49) -> 6 | W19: =SUM(G46:G49) -> 0 | X19: =SUM(H46:H49) -> 0 | Y19: =SUM(I46:I49) -> 6 | Z19: =SUM(J46:J49) -> 0 | ... AF19: =SUM(P46:P49) -> 140
B20: 09.30 - 09.45 | C20: 6 | D20: 1 | E20: 4 | F20: 0 | G20: 0 | H20: 0 | I20: 1 | J20: 1 | K20: 0 | L20: 0 | M20: 15 | N20: 0 | O20: =SUM(C20:L20,N20) -> 13 | P20: =SUM(C20:N20) -> 28 | R20: 1700-1800 | S20: =SUM(C50:C53) -> 22 | T20: =SUM(D50:D53) -> 13 | U20: =SUM(E50:E53) -> 6 | V20: =SUM(F50:F53) -> 9 | W20: =SUM(G50:G53) -> 0 | X20: =SUM(H50:H53) -> 0 | Y20: =SUM(I50:I53) -> 6 | Z20: =SUM(J50:J53) -> 1 | ... AF20: =SUM(P50:P53) -> 117
B21: 09.45 - 10.00 | C21: 9 | D21: 3 | E21: 1 | F21: 0 | G21: 0 | H21: 0 | I21: 1 | J21: 0 | K21: 0 | L21: 0 | M21: 17 | N21: 0 | O21: =SUM(C21:L21,N21) -> 14 | P21: =SUM(C21:N21) -> 31 | R21: 1800-1900 | S21: =SUM(C54:C57) -> 48 | T21: =SUM(D54:D57) -> 18 | U21: =SUM(E54:E57) -> 7 | V21: =SUM(F54:F57) -> 4 | W21: =SUM(G54:G57) -> 2 | X21: =SUM(H54:H57) -> 0 | Y21: =SUM(I54:I57) -> 2 | Z21: =SUM(J54:J57) -> 3 | ... AF21: =SUM(P54:P57) -> 160
B22: 10.00 - 10.15 | C22: 3 | D22: 4 | E22: 3 | F22: 0 | G22: 0 | H22: 0 | I22: 4 | J22: 1 | K22: 0 | L22: 0 | M22: 9 | N22: 0 | O22: =SUM(C22:L22,N22) -> 15 | P22: =SUM(C22:N22) -> 24 | R22: AM Peak Hr | S22: =MAX(S10:S12) -> 21 | T22: =MAX(T10:T12) -> 12 | U22: =MAX(U10:U12) -> 6 | V22: =MAX(V10:V12) -> 3 | W22: =MAX(W10:W12) -> 0 | X22: =MAX(X10:X12) -> 0 | Y22: =MAX(Y10:Y12) -> 4 | Z22: =MAX(Z10:Z12) -> 2 | ... AF22: =MAX(AF10:AF12) -> 100
B23: 10.15 - 10.30 | C23: 5 | D23: 2 | E23: 3 | F23: 0 | G23: 0 | H23: 0 | I23: 2 | J23: 1 | K23: 0 | L23: 0 | M23: 13 | N23: 0 | O23: =SUM(C23:L23,N23) -> 13 | P23: =SUM(C23:N23) -> 26 | R23: IP Peak Hr | S23: =MAX(S13:S18) -> 36 | T23: =MAX(T13:T18) -> 13 | U23: =MAX(U13:U18) -> 8 | V23: =MAX(V13:V18) -> 2 | W23: =MAX(W13:W18) -> 1 | X23: =MAX(X13:X18) -> 0 | Y23: =MAX(Y13:Y18) -> 11 | Z23: =MAX(Z13:Z18) -> 5 | ... AF23: =MAX(AF13:AF18) -> 136
B24: 10.30 - 10.45 | C24: 5 | D24: 3 | E24: 1 | F24: 2 | G24: 1 | H24: 0 | I24: 3 | J24: 1 | K24: 0 | L24: 0 | M24: 14 | N24: 0 | O24: =SUM(C24:L24,N24) -> 16 | P24: =SUM(C24:N24) -> 30 | R24: PM Peak Hr | S24: =MAX(S19:S21) -> 48 | T24: =MAX(T19:T21) -> 18 | U24: =MAX(U19:U21) -> 7 | V24: =MAX(V19:V21) -> 9 | W24: =MAX(W19:W21) -> 2 | X24: =MAX(X19:X21) -> 0 | Y24: =MAX(Y19:Y21) -> 6 | Z24: =MAX(Z19:Z21) -> 3 | ... AF24: =MAX(AF19:AF21) -> 160
B25: 10.45 - 11.00 | C25: 4 | D25: 3 | E25: 1 | F25: 0 | G25: 0 | H25: 0 | I25: 0 | J25: 2 | K25: 0 | L25: 0 | M25: 12 | N25: 0 | O25: =SUM(C25:L25,N25) -> 10 | P25: =SUM(C25:N25) -> 22 | R25: AM Period | S25: =SUM(S10:S12) -> 50 | T25: =SUM(T10:T12) -> 13 | U25: =SUM(U10:U12) -> 14 | V25: =SUM(V10:V12) -> 6 | W25: =SUM(W10:W12) -> 0 | X25: =SUM(X10:X12) -> 0 | Y25: =SUM(Y10:Y12) -> 10 | Z25: =SUM(Z10:Z12) -> 3 | ... AF25: =SUM(AF10:AF12) -> 245
B26: 11.00 - 11.15 | C26: 6 | D26: 1 | E26: 1 | F26: 0 | G26: 0 | H26: 0 | I26: 1 | J26: 0 | K26: 0 | L26: 0 | M26: 17 | N26: 0 | O26: =SUM(C26:L26,N26) -> 9 | P26: =SUM(C26:N26) -> 26 | R26: IP Period | S26: =SUM(S13:S18) -> 151 | T26: =SUM(T13:T18) -> 49 | U26: =SUM(U13:U18) -> 29 | V26: =SUM(V13:V18) -> 9 | W26: =SUM(W13:W18) -> 2 | X26: =SUM(X13:X18) -> 0 | Y26: =SUM(Y13:Y18) -> 41 | Z26: =SUM(Z13:Z18) -> 7 | ... AF26: =SUM(AF13:AF18) -> 591
B27: 11.15 - 11.30 | C27: 10 | D27: 2 | E27: 2 | F27: 1 | G27: 0 | H27: 0 | I27: 4 | J27: 0 | K27: 0 | L27: 0 | M27: 9 | N27: 0 | O27: =SUM(C27:L27,N27) -> 19 | P27: =SUM(C27:N27) -> 28 | R27: PM Period | S27: =SUM(S19:S21) -> 109 | T27: =SUM(T19:T21) -> 47 | U27: =SUM(U19:U21) -> 18 | V27: =SUM(V19:V21) -> 19 | W27: =SUM(W19:W21) -> 2 | X27: =SUM(X19:X21) -> 0 | Y27: =SUM(Y19:Y21) -> 14 | Z27: =SUM(Z19:Z21) -> 4 | ... AF27: =SUM(AF19:AF21) -> 417
B28: 11.30 - 11.45 | C28: 6 | D28: 4 | E28: 0 | F28: 0 | G28: 0 | H28: 0 | I28: 6 | J28: 1 | K28: 0 | L28: 0 | M28: 13 | N28: 0 | O28: =SUM(C28:L28,N28) -> 17 | P28: =SUM(C28:N28) -> 30 | R28: 12 Hours | S28: =SUM(S10:S21) -> 310 | T28: =SUM(T10:T21) -> 109 | U28: =SUM(U10:U21) -> 61 | V28: =SUM(V10:V21) -> 34 | W28: =SUM(W10:W21) -> 4 | X28: =SUM(X10:X21) -> 0 | Y28: =SUM(Y10:Y21) -> 65 | Z28: =SUM(Z10:Z21) -> 14 | ... AF28: =SUM(AF10:AF21) -> 1253
B29: 11.45 - 12.00 | C29: 9 | D29: 0 | E29: 3 | F29: 0 | G29: 1 | H29: 0 | I29: 0 | J29: 0 | K29: 0 | L29: 0 | M29: 9 | N29: 0 | O29: =SUM(C29:L29,N29) -> 13 | P29: =SUM(C29:N29) -> 22
B30: 12.00 - 12.15 | C30: 7 | D30: 1 | E30: 0 | F30: 0 | G30: 0 | H30: 0 | I30: 1 | J30: 0 | K30: 0 | L30: 0 | M30: 14 | N30: 0 | O30: =SUM(C30:L30,N30) -> 9 | P30: =SUM(C30:N30) -> 23
B31: 12.15 - 12.30 | C31: 8 | D31: 0 | E31: 1 | F31: 0 | G31: 0 | H31: 0 | I31: 0 | J31: 0 | K31: 0 | L31: 0 | M31: 18 | N31: 0 | O31: =SUM(C31:L31,N31) -> 9 | P31: =SUM(C31:N31) -> 27
B32: 12.30 - 12.45 | C32: 2 | D32: 1 | E32: 2 | F32: 0 | G32: 0 | H32: 0 | I32: 4 | J32: 0 | K32: 0 | L32: 0 | M32: 20 | N32: 0 | O32: =SUM(C32:L32,N32) -> 9 | P32: =SUM(C32:N32) -> 29
B33: 12.45 - 13.00 | C33: 10 | D33: 2 | E33: 1 | F33: 1 | G33: 0 | H33: 0 | I33: 0 | J33: 0 | K33: 0 | L33: 0 | M33: 6 | N33: 0 | O33: =SUM(C33:L33,N33) -> 14 | P33: =SUM(C33:N33) -> 20
B34: 13.00 - 13.15 | C34: 0 | D34: 0 | E34: 0 | F34: 0 | G34: 0 | H34: 0 | I34: 0 | J34: 0 | K34: 0 | L34: 0 | M34: 0 | N34: 0 | O34: =SUM(C34:L34,N34) -> 0 | P34: =SUM(C34:N34) -> 0
B35: 13.15 - 13.30 | C35: 3 | D35: 0 | E35: 0 | F35: 0 | G35: 0 | H35: 0 | I35: 1 | J35: 0 | K35: 0 | L35: 0 | M35: 1 | N35: 0 | O35: =SUM(C35:L35,N35) -> 4 | P35: =SUM(C35:N35) -> 5
B36: 13.30 - 13.45 | C36: 6 | D36: 2 | E36: 1 | F36: 1 | G36: 0 | H36: 0 | I36: 2 | J36: 0 | K36: 0 | L36: 0 | M36: 9 | N36: 0 | O36: =SUM(C36:L36,N36) -> 12 | P36: =SUM(C36:N36) -> 21
B37: 13.45 - 14.00 | C37: 4 | D37: 1 | E37: 1 | F37: 1 | G37: 0 | H37: 0 | I37: 0 | J37: 0 | K37: 0 | L37: 0 | M37: 11 | N37: 0 | O37: =SUM(C37:L37,N37) -> 7 | P37: =SUM(C37:N37) -> 18
B38: 14.00 - 14.15 | C38: 7 | D38: 3 | E38: 1 | F38: 0 | G38: 0 | H38: 0 | I38: 3 | J38: 0 | K38: 0 | L38: 0 | M38: 17 | N38: 0 | O38: =SUM(C38:L38,N38) -> 14 | P38: =SUM(C38:N38) -> 31
B39: 14.15 - 14.30 | C39: 6 | D39: 1 | E39: 0 | F39: 1 | G39: 0 | H39: 0 | I39: 0 | J39: 0 | K39: 0 | L39: 0 | M39: 12 | N39: 0 | O39: =SUM(C39:L39,N39) -> 8 | P39: =SUM(C39:N39) -> 20
B40: 14.30 - 14.45 | C40: 4 | D40: 4 | E40: 0 | F40: 0 | G40: 0 | H40: 0 | I40: 1 | J40: 0 | K40: 0 | L40: 0 | M40: 10 | N40: 0 | O40: =SUM(C40:L40,N40) -> 9 | P40: =SUM(C40:N40) -> 19
... B57: 18.45 - 19.00 | C57: 17 | D57: 6 | E57: 2 | F57: 1 | G57: 1 | H57: 0 | I57: 0 | J57: 3 | K57: 0 | L57: 0 | M57: 18 | N57: 0 | O57: =SUM(C57:L57,N57) -> 30 | P57: =SUM(C57:N57) -> 48
B58: Totals | C58: =SUM(C10:C57) -> 310 | D58: =SUM(D10:D57) -> 109 | E58: =SUM(E10:E57) -> 61 | F58: =SUM(F10:F57) -> 34 | G58: =SUM(G10:G57) -> 4 | H58: =SUM(H10:H57) -> 0 | I58: =SUM(I10:I57) -> 65 | J58: =SUM(J10:J57) -> 14 | ... P58: =SUM(P10:P57) -> 1253
B59: %ges + MCs | C59: =C58/$P$58 -> 0.24740623 | D59: =D58/$P$58 -> 0.086991221 | E59: =E58/$P$58 -> 0.04868316 | F59: =F58/$P$58 -> 0.027134876 | G59: =G58/$P$58 -> 0.0031923384 | H59: =H58/$P$58 -> 0 | I59: =I58/$P$58 -> 0.051875499 | J59: =J58/$P$58 -> 0.011173184 | ... N59: =N58/$P$58 -> 0
B60: %ges w/o MCs | C60: =C58/$O$58 -> 0.51926298 | D60: =D58/$O$58 -> 0.18257956 | E60: =E58/$O$58 -> 0.10217755 | F60: =F58/$O$58 -> 0.056951424 | G60: =G58/$O$58 -> 0.0067001675 | H60: =H58/$O$58 -> 0 | I60: =I58/$O$58 -> 0.10887772 | J60: =J58/$O$58 -> 0.023450586 | ... L60: =L58/$O$58 -> 0 | N60: =N58/$O$58 -> 0

Sheet 29.09 Wakiso-Bukasa
B1: Consultancy services for Preparation of Expressway Development Master Plan (EDMP) for Uganda
B2: MANUAL CLASSIFIED COUNT (MCC)
B3: ROAD NAME: | C3: ='[3]23.09 Wakiso-Bukasa'!C3:G3 -> MCC - C2 - STN0-64- BUKASA-WAKISO ROAD
C5: Date | D5: 29.9.19 | F5: Location | G5: ='[3]29.09 bukasa-wakiso'!G5:H5 -> Wakiso Junior Sch. | J5: Surveyor | K5: ='[3]29.09 bukasa-wakiso'!K5:L5 -> Tusasirwe Leah
C6: Dir. From | D6: ='[3]23.09 Wakiso-Bukasa'!D6:E6 -> Wakiso | F6: Dir. To | G6: ='[3]23.09 Wakiso-Bukasa'!G6:H6 -> Bukasa | J6: Supervisor | K6: ='[3]29.09 bukasa-wakiso'!K6:L6 -> Nusurah
B8: Time / Veh Type | R8: SUMMARY TRAFFIC VOLUMES
