Workbook

Sheet 29.10 Bujuko-Buloba
B1: Consultancy services for Preparation of Expressway Development Master Plan (EDMP) for Uganda
B2: MANUAL CLASSIFIED COUNT (MCC)
B3: ROAD NAME: | C3: MCC - C2 - STN62 - BUJUKO-BULOBA ROAD
C5: Date | D5: 29.10.19 | F5: Location | G5: Buloba Pop Oil | J5: Surveyor | K5: Nakiwuge A
C6: Dir. From | D6: Bujuko | F6: Dir. To | G6: Buloba | J6: Supervisor | K6: Godfrey
B8: Time / Veh Type | R8: SUMMARY TRAFFIC VOLUMES
C9: 1. Car | D9: 2. Station Wagon | E9: 3. Pickups | F9: 4. Minibus, matatu | G9: 5. Medium bus | H9: 6. Large Bus | I9: 7. Light Truck | J9: 8. Medium Truck | K9: 9. Heavy truck | L9: 10. Truck Trailer | M9: 11. Motor cycles | N9: 12. Tractors | O9: Total Excl M/Cycles | P9: Total All | R9: Time | S9: 1. Car | T9: 2. Station Wagon | U9: 3. Pickups | V9: 4. Minibus, matatu | W9: 5. Medium bus | X9: 6. Large Bus | Y9: 7. Light Truck | Z9: 8. Medium Truck | AA9: 9. Heavy truck | AB9: 10. Truck Trailer | AC9: 11. Motorcycles | AD9: 12. Tractors, Graders | AE9: Total Excl M/ Cycles | AF9: Total All
B10: 07.00 - 07.15 | C10: 26 | D10: 1 | E10: 3 | F10: 22 | G10: 1 | H10: 0 | I10: 4 | J10: 1 | K10: 0 | L10: 1 | M10: 38 | N10: 0 | O10: =SUM(C10:L10,N10) -> 59 | P10: =SUM(C10:N10) -> 97 | R10: 0700-0800 | S10: =SUM(C10:C13) -> 71 | T10: =SUM(D10:D13) -> 5 | U10: =SUM(E10:E13) -> 6 | V10: =SUM(F10:F13) -> 61 | W10: =SUM(G10:G13) -> 1 | X10: =SUM(H10:H13) -> 0 | Y10: =SUM(I10:I13) -> 11 | Z10: =SUM(J10:J13) -> 6 | ... AF10: =SUM(P10:P13) -> 256
B11: 07.15 - 07.30 | C11: 11 | D11: 3 | E11: 0 | F11: 16 | G11: 0 | H11: 0 | I11: 4 | J11: 3 | K11: 0 | L11: 0 | M11: 12 | N11: 0 | O11: =SUM(C11:L11,N11) -> 37 | P11: =SUM(C11:N11) -> 49 | R11: 0800-0900 | S11: =SUM(C14:C17) -> 72 | T11: =SUM(D14:D17) -> 8 | U11: =SUM(E14:E17) -> 7 | V11: =SUM(F14:F17) -> 58 | W11: =SUM(G14:G17) -> 0 | X11: =SUM(H14:H17) -> 0 | Y11: =SUM(I14:I17) -> 15 | Z11: =SUM(J14:J17) -> 8 | ... AF11: =SUM(P14:P17) -> 261
B12: 07.30 - 07.45 | C12: 23 | D12: 0 | E12: 3 | F12: 12 | G12: 0 | H12: 0 | I12: 2 | J12: 2 | K12: 0 | L12: 0 | M12: 21 | N12: 0 | O12: =SUM(C12:L12,N12) -> 42 | P12: =SUM(C12:N12) -> 63 | R12: 0900-1000 | S12: =SUM(C18:C21) -> 46 | T12: =SUM(D18:D21) -> 5 | U12: =SUM(E18:E21) -> 3 | V12: =SUM(F18:F21) -> 49 | W12: =SUM(G18:G21) -> 1 | X12: =SUM(H18:H21) -> 0 | Y12: =SUM(I18:I21) -> 13 | Z12: =SUM(J18:J21) -> 10 | ... AF12: =SUM(P18:P21) -> 215
B13: 07.45 - 08.00 | C13: 11 | D13: 1 | E13: 0 | F13: 11 | G13: 0 | H13: 0 | I13: 1 | J13: 0 | K13: 0 | L13: 0 | M13: 23 | N13: 0 | O13: =SUM(C13:L13,N13) -> 24 | P13: =SUM(C13:N13) -> 47 | R13: 1000-1100 | S13: =SUM(C22:C25) -> 56 | T13: =SUM(D22:D25) -> 5 | U13: =SUM(E22:E25) -> 7 | V13: =SUM(F22:F25) -> 51 | W13: =SUM(G22:G25) -> 1 | X13: =SUM(H22:H25) -> 1 | Y13: =SUM(I22:I25) -> 15 | Z13: =SUM(J22:J25) -> 6 | ... AF13: =SUM(P22:P25) -> 224
B14: 08.00 - 08.15 | C14: 7 | D14: 1 | E14: 0 | F14: 17 | G14: 0 | H14: 0 | I14: 1 | J14: 0 | K14: 0 | L14: 0 | M14: 24 | N14: 0 | O14: =SUM(C14:L14,N14) -> 26 | P14: =SUM(C14:N14) -> 50 | R14: 1100-1200 | S14: =SUM(C26:C29) -> 71 | T14: =SUM(D26:D29) -> 8 | U14: =SUM(E26:E29) -> 5 | V14: =SUM(F26:F29) -> 56 | W14: =SUM(G26:G29) -> 1 | X14: =SUM(H26:H29) -> 0 | Y14: =SUM(I26:I29) -> 25 | Z14: =SUM(J26:J29) -> 5 | ... AF14: =SUM(P26:P29) -> 256
B15: 08.15 - 08.30 | C15: 20 | D15: 4 | E15: 2 | F15: 14 | G15: 0 | H15: 0 | I15: 2 | J15: 2 | K15: 0 | L15: 1 | M15: 36 | N15: 0 | O15: =SUM(C15:L15,N15) -> 45 | P15: =SUM(C15:N15) -> 81 | R15: 1200-1300 | S15: =SUM(C30:C33) -> 36 | T15: =SUM(D30:D33) -> 8 | U15: =SUM(E30:E33) -> 6 | V15: =SUM(F30:F33) -> 55 | W15: =SUM(G30:G33) -> 1 | X15: =SUM(H30:H33) -> 1 | Y15: =SUM(I30:I33) -> 26 | Z15: =SUM(J30:J33) -> 8 | ... AF15: =SUM(P30:P33) -> 200
B16: 08.30 - 08.45 | C16: 22 | D16: 2 | E16: 5 | F16: 14 | G16: 0 | H16: 0 | I16: 2 | J16: 4 | K16: 0 | L16: 1 | M16: 8 | N16: 0 | O16: =SUM(C16:L16,N16) -> 50 | P16: =SUM(C16:N16) -> 58 | R16: 1300-1400 | S16: =SUM(C34:C37) -> 80 | T16: =SUM(D34:D37) -> 13 | U16: =SUM(E34:E37) -> 18 | V16: =SUM(F34:F37) -> 53 | W16: =SUM(G34:G37) -> 0 | X16: =SUM(H34:H37) -> 2 | Y16: =SUM(I34:I37) -> 24 | Z16: =SUM(J34:J37) -> 11 | ... AF16: =SUM(P34:P37) -> 276
B17: 08.45 - 9.00 | C17: 23 | D17: 1 | E17: 0 | F17: 13 | G17: 0 | H17: 0 | I17: 10 | J17: 2 | K17: 0 | L17: 0 | M17: 23 | N17: 0 | O17: =SUM(C17:L17,N17) -> 49 | P17: =SUM(C17:N17) -> 72 | R17: 1400-1500 | S17: =SUM(C38:C41) -> 59 | T17: =SUM(D38:D41) -> 9 | U17: =SUM(E38:E41) -> 14 | V17: =SUM(F38:F41) -> 56 | W17: =SUM(G38:G41) -> 0 | X17: =SUM(H38:H41) -> 2 | Y17: =SUM(I38:I41) -> 23 | Z17: =SUM(J38:J41) -> 14 | ... AF17: =SUM(P38:P41) -> 273
B18: 09.00 - 09.15 | C18: 6 | D18: 2 | E18: 0 | F18: 11 | G18: 0 | H18: 0 | I18: 2 | J18: 4 | K18: 0 | L18: 0 | M18: 22 | N18: 0 | O18: =SUM(C18:L18,N18) -> 25 | P18: =SUM(C18:N18) -> 47 | R18: 1500-1600 | S18: =SUM(C42:C45) -> 84 | T18: =SUM(D42:D45) -> 15 | U18: =SUM(E42:E45) -> 17 | V18: =SUM(F42:F45) -> 61 | W18: =SUM(G42:G45) -> 1 | X18: =SUM(H42:H45) -> 2 | Y18: =SUM(I42:I45) -> 25 | Z18: =SUM(J42:J45) -> 11 | ... AF18: =SUM(P42:P45) -> 309
B19: 09.15 - 09.30 | C19: 11 | D19: 2 | E19: 1 | F19: 14 | G19: 1 | H19: 0 | I19: 1 | J19: 2 | K19: 0 | L19: 0 | M19: 30 | N19: 0 | O19: =SUM(C19:L19,N19) -> 32 | P19: =SUM(C19:N19) -> 62 | R19: 1600-1700 | S19: =SUM(C46:C49) -> 91 | T19: =SUM(D46:D49) -> 20 | U19: =SUM(E46:E49) -> 13 | V19: =SUM(F46:F49) -> 58 | W19: =SUM(G46:G49) -> 1 | X19: =SUM(H46:H49) -> 7 | Y19: =SUM(I46:I49) -> 24 | Z19: =SUM(J46:J49) -> 11 | ... AF19: =SUM(P46:P49) -> 333
B20: 09.30 - 09.45 | C20: 12 | D20: 1 | E20: 2 | F20: 11 | G20: 0 | H20: 0 | I20: 6 | J20: 4 | K20: 0 | L20: 1 | M20: 21 | N20: 0 | O20: =SUM(C20:L20,N20) -> 37 | P20: =SUM(C20:N20) -> 58 | R20: 1700-1800 | S20: =SUM(C50:C53) -> 87 | T20: =SUM(D50:D53) -> 22 | U20: =SUM(E50:E53) -> 21 | V20: =SUM(F50:F53) -> 64 | W20: =SUM(G50:G53) -> 3 | X20: =SUM(H50:H53) -> 0 | Y20: =SUM(I50:I53) -> 27 | Z20: =SUM(J50:J53) -> 7 | ... AF20: =SUM(P50:P53) -> 320
B21: 09.45 - 10.00 | C21: 17 | D21: 0 | E21: 0 | F21: 13 | G21: 0 | H21: 0 | I21: 4 | J21: 0 | K21: 0 | L21: 0 | M21: 14 | N21: 0 | O21: =SUM(C21:L21,N21) -> 34 | P21: =SUM(C21:N21) -> 48 | R21: 1800-1900 | S21: =SUM(C54:C57) -> 102 | T21: =SUM(D54:D57) -> 14 | U21: =SUM(E54:E57) -> 24 | V21: =SUM(F54:F57) -> 101 | W21: =SUM(G54:G57) -> 4 | X21: =SUM(H54:H57) -> 3 | Y21: =SUM(I54:I57) -> 31 | Z21: =SUM(J54:J57) -> 11 | ... AF21: =SUM(P54:P57) -> 431
B22: 10.00 - 10.15 | C22: 11 | D22: 3 | E22: 2 | F22: 21 | G22: 0 | H22: 0 | I22: 3 | J22: 1 | K22: 1 | L22: 1 | M22: 28 | N22: 0 | O22: =SUM(C22:L22,N22) -> 43 | P22: =SUM(C22:N22) -> 71 | R22: AM Peak Hr | S22: =MAX(S10:S12) -> 72 | T22: =MAX(T10:T12) -> 8 | U22: =MAX(U10:U12) -> 7 | V22: =MAX(V10:V12) -> 61 | W22: =MAX(W10:W12) -> 1 | X22: =MAX(X10:X12) -> 0 | Y22: =MAX(Y10:Y12) -> 15 | Z22: =MAX(Z10:Z12) -> 10 | ... AF22: =MAX(AF10:AF12) -> 261
B23: 10.15 - 10.30 | C23: 13 | D23: 1 | E23: 1 | F23: 5 | G23: 0 | H23: 0 | I23: 2 | J23: 2 | K23: 0 | L23: 2 | M23: 17 | N23: 0 | O23: =SUM(C23:L23,N23) -> 26 | P23: =SUM(C23:N23) -> 43 | R23: IP Peak Hr | S23: =MAX(S13:S18) -> 84 | T23: =MAX(T13:T18) -> 15 | U23: =MAX(U13:U18) -> 18 | V23: =MAX(V13:V18) -> 61 | W23: =MAX(W13:W18) -> 1 | X23: =MAX(X13:X18) -> 2 | Y23: =MAX(Y13:Y18) -> 26 | Z23: =MAX(Z13:Z18) -> 14 | ... AF23: =MAX(AF13:AF18) -> 309
B24: 10.30 - 10.45 | C24: 20 | D24: 1 | E24: 4 | F24: 14 | G24: 0 | H24: 1 | I24: 5 | J24: 2 | K24: 0 | L24: 3 | M24: 20 | N24: 0 | O24: =SUM(C24:L24,N24) -> 50 | P24: =SUM(C24:N24) -> 70 | R24: PM Peak Hr | S24: =MAX(S19:S21) -> 102 | T24: =MAX(T19:T21) -> 22 | U24: =MAX(U19:U21) -> 24 | V24: =MAX(V19:V21) -> 101 | W24: =MAX(W19:W21) -> 4 | X24: =MAX(X19:X21) -> 7 | Y24: =MAX(Y19:Y21) -> 31 | Z24: =MAX(Z19:Z21) -> 11 | ... AF24: =MAX(AF19:AF21) -> 431
B25: 10.45 - 11.00 | C25: 12 | D25: 0 | E25: 0 | F25: 11 | G25: 1 | H25: 0 | I25: 5 | J25: 1 | K25: 0 | L25: 0 | M25: 10 | N25: 0 | O25: =SUM(C25:L25,N25) -> 30 | P25: =SUM(C25:N25) -> 40 | R25: AM Period | S25: =SUM(S10:S12) -> 189 | T25: =SUM(T10:T12) -> 18 | U25: =SUM(U10:U12) -> 16 | V25: =SUM(V10:V12) -> 168 | W25: =SUM(W10:W12) -> 2 | X25: =SUM(X10:X12) -> 0 | Y25: =SUM(Y10:Y12) -> 39 | Z25: =SUM(Z10:Z12) -> 24 | ... AF25: =SUM(AF10:AF12) -> 732
B26: 11.00 - 11.15 | C26: 10 | D26: 0 | E26: 1 | F26: 15 | G26: 0 | H26: 0 | I26: 8 | J26: 1 | K26: 0 | L26: 2 | M26: 24 | N26: 0 | O26: =SUM(C26:L26,N26) -> 37 | P26: =SUM(C26:N26) -> 61 | R26: IP Period | S26: =SUM(S13:S18) -> 386 | T26: =SUM(T13:T18) -> 58 | U26: =SUM(U13:U18) -> 67 | V26: =SUM(V13:V18) -> 332 | W26: =SUM(W13:W18) -> 4 | X26: =SUM(X13:X18) -> 8 | Y26: =SUM(Y13:Y18) -> 138 | Z26: =SUM(Z13:Z18) -> 55 | ... AF26: =SUM(AF13:AF18) -> 1538
B27: 11.15 - 11.30 | C27: 20 | D27: 4 | E27: 1 | F27: 15 | G27: 0 | H27: 0 | I27: 2 | J27: 0 | K27: 0 | L27: 1 | M27: 21 | N27: 0 | O27: =SUM(C27:L27,N27) -> 43 | P27: =SUM(C27:N27) -> 64 | R27: PM Period | S27: =SUM(S19:S21) -> 280 | T27: =SUM(T19:T21) -> 56 | U27: =SUM(U19:U21) -> 58 | V27: =SUM(V19:V21) -> 223 | W27: =SUM(W19:W21) -> 8 | X27: =SUM(X19:X21) -> 10 | Y27: =SUM(Y19:Y21) -> 82 | Z27: =SUM(Z19:Z21) -> 29 | ... AF27: =SUM(AF19:AF21) -> 1084
B28: 11.30 - 11.45 | C28: 14 | D28: 1 | E28: 2 | F28: 11 | G28: 0 | H28: 0 | I28: 6 | J28: 2 | K28: 0 | L28: 0 | M28: 17 | N28: 0 | O28: =SUM(C28:L28,N28) -> 36 | P28: =SUM(C28:N28) -> 53 | R28: 12 Hours | S28: =SUM(S10:S21) -> 855 | T28: =SUM(T10:T21) -> 132 | U28: =SUM(U10:U21) -> 141 | V28: =SUM(V10:V21) -> 723 | W28: =SUM(W10:W21) -> 14 | X28: =SUM(X10:X21) -> 18 | Y28: =SUM(Y10:Y21) -> 259 | Z28: =SUM(Z10:Z21) -> 108 | ... AF28: =SUM(AF10:AF21) -> 3354
B29: 11.45 - 12.00 | C29: 27 | D29: 3 | E29: 1 | F29: 15 | G29: 1 | H29: 0 | I29: 9 | J29: 2 | K29: 0 | L29: 0 | M29: 20 | N29: 0 | O29: =SUM(C29:L29,N29) -> 58 | P29: =SUM(C29:N29) -> 78
B30: 12.00 - 12.15 | C30: 6 | D30: 2 | E30: 3 | F30: 11 | G30: 0 | H30: 0 | I30: 4 | J30: 0 | K30: 0 | L30: 1 | M30: 16 | N30: 0 | O30: =SUM(C30:L30,N30) -> 27 | P30: =SUM(C30:N30) -> 43
B31: 12.15 - 12.30 | C31: 8 | D31: 2 | E31: 1 | F31: 13 | G31: 0 | H31: 0 | I31: 9 | J31: 3 | K31: 0 | L31: 1 | M31: 8 | N31: 0 | O31: =SUM(C31:L31,N31) -> 37 | P31: =SUM(C31:N31) -> 45
B32: 12.30 - 12.45 | C32: 17 | D32: 1 | E32: 2 | F32: 19 | G32: 0 | H32: 1 | I32: 9 | J32: 4 | K32: 1 | L32: 2 | M32: 14 | N32: 0 | O32: =SUM(C32:L32,N32) -> 56 | P32: =SUM(C32:N32) -> 70
B33: 12.45 - 13.00 | C33: 5 | D33: 3 | E33: 0 | F33: 12 | G33: 1 | H33: 0 | I33: 4 | J33: 1 | K33: 1 | L33: 0 | M33: 15 | N33: 0 | O33: =SUM(C33:L33,N33) -> 27 | P33: =SUM(C33:N33) -> 42
B34: 13.00 - 13.15 | C34: 22 | D34: 3 | E34: 6 | F34: 12 | G34: 0 | H34: 2 | I34: 11 | J34: 4 | K34: 1 | L34: 0 | M34: 20 | N34: 0 | O34: =SUM(C34:L34,N34) -> 61 | P34: =SUM(C34:N34) -> 81
B35: 13.15 - 13.30 | C35: 13 | D35: 3 | E35: 4 | F35: 15 | G35: 0 | H35: 0 | I35: 2 | J35: 1 | K35: 0 | L35: 0 | M35: 17 | N35: 0 | O35: =SUM(C35:L35,N35) -> 38 | P35: =SUM(C35:N35) -> 55
B36: 13.30 - 13.45 | C36: 15 | D36: 4 | E36: 6 | F36: 12 | G36: 0 | H36: 0 | I36: 7 | J36: 3 | K36: 0 | L36: 0 | M36: 19 | N36: 0 | O36: =SUM(C36:L36,N36) -> 47 | P36: =SUM(C36:N36) -> 66
B37: 13.45 - 14.00 | C37: 30 | D37: 3 | E37: 2 | F37: 14 | G37: 0 | H37: 0 | I37: 4 | J37: 3 | K37: 1 | L37: 1 | M37: 16 | N37: 0 | O37: =SUM(C37:L37,N37) -> 58 | P37: =SUM(C37:N37) -> 74
B38: 14.00 - 14.15 | C38: 14 | D38: 1 | E38: 3 | F38: 10 | G38: 0 | H38: 0 | I38: 9 | J38: 2 | K38: 0 | L38: 2 | M38: 21 | N38: 0 | O38: =SUM(C38:L38,N38) -> 41 | P38: =SUM(C38:N38) -> 62
B39: 14.15 - 14.30 | C39: 20 | D39: 5 | E39: 3 | F39: 19 | G39: 0 | H39: 1 | I39: 8 | J39: 8 | K39: 1 | L39: 1 | M39: 23 | N39: 0 | O39: =SUM(C39:L39,N39) -> 66 | P39: =SUM(C39:N39) -> 89
B40: 14.30 - 14.45 | C40: 13 | D40: 2 | E40: 4 | F40: 17 | G40: 0 | H40: 0 | I40: 2 | J40: 1 | K40: 0 | L40: 0 | M40: 26 | N40: 1 | O40: =SUM(C40:L40,N40) -> 40 | P40: =SUM(C40:N40) -> 66
... B57: 18.45 - 19.00 | C57: 31 | D57: 5 | E57: 7 | F57: 29 | G57: 2 | H57: 0 | I57: 11 | J57: 2 | K57: 2 | L57: 5 | M57: 40 | N57: 0 | O57: =SUM(C57:L57,N57) -> 94 | P57: =SUM(C57:N57) -> 134
B58: Totals | C58: =SUM(C10:C57) -> 855 | D58: =SUM(D10:D57) -> 132 | E58: =SUM(E10:E57) -> 141 | F58: =SUM(F10:F57) -> 723 | G58: =SUM(G10:G57) -> 14 | H58: =SUM(H10:H57) -> 18 | I58: =SUM(I10:I57) -> 259 | J58: =SUM(J10:J57) -> 108 | ... P58: =SUM(P10:P57) -> 3354
B59: %ges + MCs | C59: =C58/$P$58 -> 0.2549195 | D59: =D58/$P$58 -> 0.039355993 | E59: =E58/$P$58 -> 0.042039356 | F59: =F58/$P$58 -> 0.21556351 | G59: =G58/$P$58 -> 0.0041741205 | H59: =H58/$P$58 -> 0.0053667263 | I59: =I58/$P$58 -> 0.077221228 | J59: =J58/$P$58 -> 0.032200358 | ... N59: =N58/$P$58 -> 0.00029815146
B60: %ges w/o MCs | C60: =C58/$O$58 -> 0.36964981 | D60: =D58/$O$58 -> 0.057068742 | E60: =E58/$O$58 -> 0.060959792 | F60: =F58/$O$58 -> 0.31258106 | G60: =G58/$O$58 -> 0.0060527454 | H60: =H58/$O$58 -> 0.0077821012 | I60: =I58/$O$58 -> 0.11197579 | J60: =J58/$O$58 -> 0.046692607 | ... L60: =L58/$O$58 -> 0.019455253 | N60: =N58/$O$58 -> 0.00043233895

Sheet 29.10 Buloba-Bujuko
B1: Consultancy services for Preparation of Expressway Development Master Plan (EDMP) for Uganda
B2: MANUAL CLASSIFIED COUNT (MCC)
B3: ROAD NAME: | C3: ='29.10 Bujuko-Buloba'!C3:G3 -> MCC - C2 - STN62 - BUJUKO-BULOBA ROAD
C5: Date | D5: ='29.10 Bujuko-Buloba'!D5 -> 29.10.19 | F5: Location | G5: ='29.10 Bujuko-Buloba'!G5:H5 -> Buloba Pop Oil | J5: Surveyor | K5: Doreen
C6: Dir. From | D6: Buloba | F6: Dir. To | G6: Bujuko | J6: Supervisor | K6: ='29.10 Bujuko-Buloba'!K6:L6 -> Godfrey
B8: Time / Veh Type | R8: SUMMARY TRAFFIC VOLUMES
C9: 1. Car | D9: 2. Station Wagon | E9: 3. Pickups | F9: 4. Minibus, matatu | G9: 5. Medium bus | H9: 6. Large Bus | I9: 7. Light Truck | J9: 8. Medium Truck | K9: 9. Heavy truck | L9: 10. Truck Trailer | M9: 11. Motor cycles | N9: 12. Tractors | O9: Total Excl M/Cycles | P9: Total All | R9: Time | S9: 1. Car | T9: 2. Station Wagon | U9: 3. Pickups | V9: 4. Minibus, matatu | W9: 5. Medium bus | X9: 6. Large Bus | Y9: 7. Light Truck | Z9: 8. Medium Truck | AA9: 9. Heavy truck | AB9: 10. Truck Trailer | AC9: 11. Motorcycles | AD9: 12. Tractors, Graders | AE9: Total Excl M/ Cycles | AF9: Total All
B10: 07.00 - 07.15 | C10: 9 | D10: 3 | E10: 9 | F10: 13 | G10: 2 | H10: 1 | I10: 6 | J10: 2 | K10: 0 | L10: 3 | M10: 16 | N10: 0 | O10: =SUM(C10:L10,N10) -> 48 | P10: =SUM(C10:N10) -> 64 | R10: 0700-0800 | S10: =SUM(C10:C13) -> 41 | T10: =SUM(D10:D13) -> 14 | U10: =SUM(E10:E13) -> 16 | V10: =SUM(F10:F13) -> 37 | W10: =SUM(G10:G13) -> 2 | X10: =SUM(H10:H13) -> 2 | Y10: =SUM(I10:I13) -> 15 | Z10: =SUM(J10:J13) -> 3 | ... AF10: =SUM(P10:P13) -> 166
B11: 07.15 - 07.30 | C11: 10 | D11: 5 | E11: 3 | F11: 5 | G11: 0 | H11: 1 | I11: 3 | J11: 1 | K11: 0 | L11: 0 | M11: 6 | N11: 0 | O11: =SUM(C11:L11,N11) -> 28 | P11: =SUM(C11:N11) -> 34 | R11: 0800-0900 | S11: =SUM(C14:C17) -> 61 | T11: =SUM(D14:D17) -> 15 | U11: =SUM(E14:E17) -> 15 | V11: =SUM(F14:F17) -> 59 | W11: =SUM(G14:G17) -> 3 | X11: =SUM(H14:H17) -> 1 | Y11: =SUM(I14:I17) -> 17 | Z11: =SUM(J14:J17) -> 8 | ... AF11: =SUM(P14:P17) -> 239
B12: 07.30 - 07.45 | C12: 11 | D12: 3 | E12: 3 | F12: 6 | G12: 0 | H12: 0 | I12: 3 | J12: 0 | K12: 0 | L12: 0 | M12: 5 | N12: 0 | O12: =SUM(C12:L12,N12) -> 26 | P12: =SUM(C12:N12) -> 31 | R12: 0900-1000 | S12: =SUM(C18:C21) -> 76 | T12: =SUM(D18:D21) -> 13 | U12: =SUM(E18:E21) -> 9 | V12: =SUM(F18:F21) -> 52 | W12: =SUM(G18:G21) -> 0 | X12: =SUM(H18:H21) -> 2 | Y12: =SUM(I18:I21) -> 23 | Z12: =SUM(J18:J21) -> 6 | ... AF12: =SUM(P18:P21) -> 237
B13: 07.45 - 08.00 | C13: 11 | D13: 3 | E13: 1 | F13: 13 | G13: 0 | H13: 0 | I13: 3 | J13: 0 | K13: 0 | L13: 2 | M13: 4 | N13: 0 | O13: =SUM(C13:L13,N13) -> 33 | P13: =SUM(C13:N13) -> 37 | R13: 1000-1100 | S13: =SUM(C22:C25) -> 76 | T13: =SUM(D22:D25) -> 15 | U13: =SUM(E22:E25) -> 21 | V13: =SUM(F22:F25) -> 58 | W13: =SUM(G22:G25) -> 3 | X13: =SUM(H22:H25) -> 1 | Y13: =SUM(I22:I25) -> 26 | Z13: =SUM(J22:J25) -> 9 | ... AF13: =SUM(P22:P25) -> 292
B14: 08.00 - 08.15 | C14: 22 | D14: 3 | E14: 3 | F14: 19 | G14: 0 | H14: 0 | I14: 3 | J14: 4 | K14: 4 | L14: 0 | M14: 12 | N14: 0 | O14: =SUM(C14:L14,N14) -> 58 | P14: =SUM(C14:N14) -> 70 | R14: 1100-1200 | S14: =SUM(C26:C29) -> 61 | T14: =SUM(D26:D29) -> 33 | U14: =SUM(E26:E29) -> 26 | V14: =SUM(F26:F29) -> 68 | W14: =SUM(G26:G29) -> 1 | X14: =SUM(H26:H29) -> 4 | Y14: =SUM(I26:I29) -> 34 | Z14: =SUM(J26:J29) -> 3 | ... AF14: =SUM(P26:P29) -> 335
B15: 08.15 - 08.30 | C15: 12 | D15: 2 | E15: 4 | F15: 14 | G15: 0 | H15: 0 | I15: 3 | J15: 2 | K15: 0 | L15: 1 | M15: 13 | N15: 0 | O15: =SUM(C15:L15,N15) -> 38 | P15: =SUM(C15:N15) -> 51 | R15: 1200-1300 | S15: =SUM(C30:C33) -> 49 | T15: =SUM(D30:D33) -> 40 | U15: =SUM(E30:E33) -> 19 | V15: =SUM(F30:F33) -> 58 | W15: =SUM(G30:G33) -> 1 | X15: =SUM(H30:H33) -> 2 | Y15: =SUM(I30:I33) -> 28 | Z15: =SUM(J30:J33) -> 4 | ... AF15: =SUM(P30:P33) -> 300
B16: 08.30 - 08.45 | C16: 12 | D16: 3 | E16: 7 | F16: 17 | G16: 1 | H16: 1 | I16: 7 | J16: 0 | K16: 0 | L16: 0 | M16: 16 | N16: 0 | O16: =SUM(C16:L16,N16) -> 48 | P16: =SUM(C16:N16) -> 64 | R16: 1300-1400 | S16: =SUM(C34:C37) -> 54 | T16: =SUM(D34:D37) -> 25 | U16: =SUM(E34:E37) -> 25 | V16: =SUM(F34:F37) -> 68 | W16: =SUM(G34:G37) -> 2 | X16: =SUM(H34:H37) -> 0 | Y16: =SUM(I34:I37) -> 17 | Z16: =SUM(J34:J37) -> 3 | ... AF16: =SUM(P34:P37) -> 292
B17: 08.45 - 9.00 | C17: 15 | D17: 7 | E17: 1 | F17: 9 | G17: 2 | H17: 0 | I17: 4 | J17: 2 | K17: 1 | L17: 0 | M17: 13 | N17: 0 | O17: =SUM(C17:L17,N17) -> 41 | P17: =SUM(C17:N17) -> 54 | R17: 1400-1500 | S17: =SUM(C38:C41) -> 43 | T17: =SUM(D38:D41) -> 21 | U17: =SUM(E38:E41) -> 18 | V17: =SUM(F38:F41) -> 60 | W17: =SUM(G38:G41) -> 2 | X17: =SUM(H38:H41) -> 3 | Y17: =SUM(I38:I41) -> 38 | Z17: =SUM(J38:J41) -> 6 | ... AF17: =SUM(P38:P41) -> 296
B18: 09.00 - 09.15 | C18: 28 | D18: 3 | E18: 2 | F18: 15 | G18: 0 | H18: 1 | I18: 12 | J18: 0 | K18: 1 | L18: 1 | M18: 13 | N18: 0 | O18: =SUM(C18:L18,N18) -> 63 | P18: =SUM(C18:N18) -> 76 | R18: 1500-1600 | S18: =SUM(C42:C45) -> 39 | T18: =SUM(D42:D45) -> 22 | U18: =SUM(E42:E45) -> 11 | V18: =SUM(F42:F45) -> 69 | W18: =SUM(G42:G45) -> 2 | X18: =SUM(H42:H45) -> 1 | Y18: =SUM(I42:I45) -> 33 | Z18: =SUM(J42:J45) -> 3 | ... AF18: =SUM(P42:P45) -> 278
B19: 09.15 - 09.30 | C19: 23 | D19: 2 | E19: 1 | F19: 18 | G19: 0 | H19: 0 | I19: 4 | J19: 5 | K19: 1 | L19: 0 | M19: 13 | N19: 0 | O19: =SUM(C19:L19,N19) -> 54 | P19: =SUM(C19:N19) -> 67 | R19: 1600-1700 | S19: =SUM(C46:C49) -> 54 | T19: =SUM(D46:D49) -> 18 | U19: =SUM(E46:E49) -> 22 | V19: =SUM(F46:F49) -> 65 | W19: =SUM(G46:G49) -> 0 | X19: =SUM(H46:H49) -> 3 | Y19: =SUM(I46:I49) -> 32 | Z19: =SUM(J46:J49) -> 4 | ... AF19: =SUM(P46:P49) -> 266
B20: 09.30 - 09.45 | C20: 9 | D20: 1 | E20: 1 | F20: 11 | G20: 0 | H20: 0 | I20: 4 | J20: 1 | K20: 0 | L20: 0 | M20: 6 | N20: 0 | O20: =SUM(C20:L20,N20) -> 27 | P20: =SUM(C20:N20) -> 33 | R20: 1700-1800 | S20: =SUM(C50:C53) -> 35 | T20: =SUM(D50:D53) -> 26 | U20: =SUM(E50:E53) -> 10 | V20: =SUM(F50:F53) -> 55 | W20: =SUM(G50:G53) -> 5 | X20: =SUM(H50:H53) -> 1 | Y20: =SUM(I50:I53) -> 50 | Z20: =SUM(J50:J53) -> 3 | ... AF20: =SUM(P50:P53) -> 265
B21: 09.45 - 10.00 | C21: 16 | D21: 7 | E21: 5 | F21: 8 | G21: 0 | H21: 1 | I21: 3 | J21: 0 | K21: 0 | L21: 0 | M21: 21 | N21: 0 | O21: =SUM(C21:L21,N21) -> 40 | P21: =SUM(C21:N21) -> 61 | R21: 1800-1900 | S21: =SUM(C54:C57) -> 33 | T21: =SUM(D54:D57) -> 32 | U21: =SUM(E54:E57) -> 5 | V21: =SUM(F54:F57) -> 44 | W21: =SUM(G54:G57) -> 2 | X21: =SUM(H54:H57) -> 2 | Y21: =SUM(I54:I57) -> 51 | Z21: =SUM(J54:J57) -> 4 | ... AF21: =SUM(P54:P57) -> 234
B22: 10.00 - 10.15 | C22: 13 | D22: 3 | E22: 3 | F22: 15 | G22: 0 | H22: 0 | I22: 6 | J22: 2 | K22: 2 | L22: 1 | M22: 20 | N22: 0 | O22: =SUM(C22:L22,N22) -> 45 | P22: =SUM(C22:N22) -> 65 | R22: AM Peak Hr | S22: =MAX(S10:S12) -> 76 | T22: =MAX(T10:T12) -> 15 | U22: =MAX(U10:U12) -> 16 | V22: =MAX(V10:V12) -> 59 | W22: =MAX(W10:W12) -> 3 | X22: =MAX(X10:X12) -> 2 | Y22: =MAX(Y10:Y12) -> 23 | Z22: =MAX(Z10:Z12) -> 8 | ... AF22: =MAX(AF10:AF12) -> 239
B23: 10.15 - 10.30 | C23: 24 | D23: 0 | E23: 3 | F23: 12 | G23: 0 | H23: 1 | I23: 7 | J23: 3 | K23: 3 | L23: 0 | M23: 22 | N23: 0 | O23: =SUM(C23:L23,N23) -> 53 | P23: =SUM(C23:N23) -> 75 | R23: IP Peak Hr | S23: =MAX(S13:S18) -> 76 | T23: =MAX(T13:T18) -> 40 | U23: =MAX(U13:U18) -> 26 | V23: =MAX(V13:V18) -> 69 | W23: =MAX(W13:W18) -> 3 | X23: =MAX(X13:X18) -> 4 | Y23: =MAX(Y13:Y18) -> 38 | Z23: =MAX(Z13:Z18) -> 9 | ... AF23: =MAX(AF13:AF18) -> 335
B24: 10.30 - 10.45 | C24: 22 | D24: 5 | E24: 11 | F24: 17 | G24: 2 | H24: 0 | I24: 7 | J24: 2 | K24: 3 | L24: 0 | M24: 16 | N24: 1 | O24: =SUM(C24:L24,N24) -> 70 | P24: =SUM(C24:N24) -> 86 | R24: PM Peak Hr | S24: =MAX(S19:S21) -> 54 | T24: =MAX(T19:T21) -> 32 | U24: =MAX(U19:U21) -> 22 | V24: =MAX(V19:V21) -> 65 | W24: =MAX(W19:W21) -> 5 | X24: =MAX(X19:X21) -> 3 | Y24: =MAX(Y19:Y21) -> 51 | Z24: =MAX(Z19:Z21) -> 4 | ... AF24: =MAX(AF19:AF21) -> 266
B25: 10.45 - 11.00 | C25: 17 | D25: 7 | E25: 4 | F25: 14 | G25: 1 | H25: 0 | I25: 6 | J25: 2 | K25: 3 | L25: 0 | M25: 12 | N25: 0 | O25: =SUM(C25:L25,N25) -> 54 | P25: =SUM(C25:N25) -> 66 | R25: AM Period | S25: =SUM(S10:S12) -> 178 | T25: =SUM(T10:T12) -> 42 | U25: =SUM(U10:U12) -> 40 | V25: =SUM(V10:V12) -> 148 | W25: =SUM(W10:W12) -> 5 | X25: =SUM(X10:X12) -> 5 | Y25: =SUM(Y10:Y12) -> 55 | Z25: =SUM(Z10:Z12) -> 17 | ... AF25: =SUM(AF10:AF12) -> 642
B26: 11.00 - 11.15 | C26: 17 | D26: 10 | E26: 8 | F26: 18 | G26: 0 | H26: 1 | I26: 13 | J26: 2 | K26: 5 | L26: 1 | M26: 25 | N26: 0 | O26: =SUM(C26:L26,N26) -> 75 | P26: =SUM(C26:N26) -> 100 | R26: IP Period | S26: =SUM(S13:S18) -> 322 | T26: =SUM(T13:T18) -> 156 | U26: =SUM(U13:U18) -> 120 | V26: =SUM(V13:V18) -> 381 | W26: =SUM(W13:W18) -> 11 | X26: =SUM(X13:X18) -> 11 | Y26: =SUM(Y13:Y18) -> 176 | Z26: =SUM(Z13:Z18) -> 28 | ... AF26: =SUM(AF13:AF18) -> 1793
B27: 11.15 - 11.30 | C27: 14 | D27: 5 | E27: 5 | F27: 18 | G27: 1 | H27: 0 | I27: 4 | J27: 0 | K27: 3 | L27: 1 | M27: 20 | N27: 0 | O27: =SUM(C27:L27,N27) -> 51 | P27: =SUM(C27:N27) -> 71 | R27: PM Period | S27: =SUM(S19:S21) -> 122 | T27: =SUM(T19:T21) -> 76 | U27: =SUM(U19:U21) -> 37 | V27: =SUM(V19:V21) -> 164 | W27: =SUM(W19:W21) -> 7 | X27: =SUM(X19:X21) -> 6 | Y27: =SUM(Y19:Y21) -> 133 | Z27: =SUM(Z19:Z21) -> 11 | ... AF27: =SUM(AF19:AF21) -> 765
B28: 11.30 - 11.45 | C28: 15 | D28: 4 | E28: 2 | F28: 14 | G28: 0 | H28: 1 | I28: 8 | J28: 1 | K28: 1 | L28: 0 | M28: 21 | N28: 0 | O28: =SUM(C28:L28,N28) -> 46 | P28: =SUM(C28:N28) -> 67 | R28: 12 Hours | S28: =SUM(S10:S21) -> 622 | T28: =SUM(T10:T21) -> 274 | U28: =SUM(U10:U21) -> 197 | V28: =SUM(V10:V21) -> 693 | W28: =SUM(W10:W21) -> 23 | X28: =SUM(X10:X21) -> 22 | Y28: =SUM(Y10:Y21) -> 364 | Z28: =SUM(Z10:Z21) -> 56 | ... AF28: =SUM(AF10:AF21) -> 3200
B29: 11.45 - 12.00 | C29: 15 | D29: 14 | E29: 11 | F29: 18 | G29: 0 | H29: 2 | I29: 9 | J29: 0 | K29: 8 | L29: 0 | M29: 20 | N29: 0 | O29: =SUM(C29:L29,N29) -> 77 | P29: =SUM(C29:N29) -> 97
B30: 12.00 - 12.15 | C30: 10 | D30: 9 | E30: 2 | F30: 13 | G30: 0 | H30: 0 | I30: 7 | J30: 1 | K30: 1 | L30: 0 | M30: 15 | N30: 0 | O30: =SUM(C30:L30,N30) -> 43 | P30: =SUM(C30:N30) -> 58
B31: 12.15 - 12.30 | C31: 10 | D31: 9 | E31: 4 | F31: 10 | G31: 1 | H31: 1 | I31: 3 | J31: 1 | K31: 10 | L31: 0 | M31: 14 | N31: 0 | O31: =SUM(C31:L31,N31) -> 49 | P31: =SUM(C31:N31) -> 63
B32: 12.30 - 12.45 | C32: 11 | D32: 10 | E32: 4 | F32: 15 | G32: 0 | H32: 0 | I32: 12 | J32: 1 | K32: 6 | L32: 3 | M32: 15 | N32: 0 | O32: =SUM(C32:L32,N32) -> 62 | P32: =SUM(C32:N32) -> 77
B33: 12.45 - 13.00 | C33: 18 | D33: 12 | E33: 9 | F33: 20 | G33: 0 | H33: 1 | I33: 6 | J33: 1 | K33: 4 | L33: 6 | M33: 25 | N33: 0 | O33: =SUM(C33:L33,N33) -> 77 | P33: =SUM(C33:N33) -> 102
B34: 13.00 - 13.15 | C34: 14 | D34: 5 | E34: 9 | F34: 20 | G34: 1 | H34: 0 | I34: 5 | J34: 2 | K34: 9 | L34: 2 | M34: 23 | N34: 0 | O34: =SUM(C34:L34,N34) -> 67 | P34: =SUM(C34:N34) -> 90
B35: 13.15 - 13.30 | C35: 5 | D35: 2 | E35: 5 | F35: 14 | G35: 0 | H35: 0 | I35: 2 | J35: 1 | K35: 4 | L35: 0 | M35: 13 | N35: 0 | O35: =SUM(C35:L35,N35) -> 33 | P35: =SUM(C35:N35) -> 46
B36: 13.30 - 13.45 | C36: 13 | D36: 6 | E36: 4 | F36: 17 | G36: 1 | H36: 0 | I36: 6 | J36: 0 | K36: 6 | L36: 0 | M36: 20 | N36: 1 | O36: =SUM(C36:L36,N36) -> 54 | P36: =SUM(C36:N36) -> 74
B37: 13.45 - 14.00 | C37: 22 | D37: 12 | E37: 7 | F37: 17 | G37: 0 | H37: 0 | I37: 4 | J37: 0 | K37: 1 | L37: 1 | M37: 17 | N37: 1 | O37: =SUM(C37:L37,N37) -> 65 | P37: =SUM(C37:N37) -> 82
B38: 14.00 - 14.15 | C38: 16 | D38: 10 | E38: 4 | F38: 23 | G38: 1 | H38: 1 | I38: 10 | J38: 0 | K38: 8 | L38: 0 | M38: 24 | N38: 0 | O38: =SUM(C38:L38,N38) -> 73 | P38: =SUM(C38:N38) -> 97
B39: 14.15 - 14.30 | C39: 11 | D39: 5 | E39: 3 | F39: 10 | G39: 1 | H39: 1 | I39: 13 | J39: 0 | K39: 7 | L39: 3 | M39: 13 | N39: 0 | O39: =SUM(C39:L39,N39) -> 54 | P39: =SUM(C39:N39) -> 67
B40: 14.30 - 14.45 | C40: 8 | D40: 3 | E40: 3 | F40: 11 | G40: 0 | H40: 1 | I40: 9 | J40: 1 | K40: 4 | L40: 5 | M40: 17 | N40: 0 | O40: =SUM(C40:L40,N40) -> 45 | P40: =SUM(C40:N40) -> 62
... B57: 18.45 - 19.00 | C57: 6 | D57: 3 | E57: 0 | F57: 12 | G57: 0 | H57: 1 | I57: 11 | J57: 0 | K57: 0 | L57: 1 | M57: 13 | N57: 0 | O57: =SUM(C57:L57,N57) -> 34 | P57: =SUM(C57:N57) -> 47
B58: Totals | C58: =SUM(C10:C57) -> 622 | D58: =SUM(D10:D57) -> 274 | E58: =SUM(E10:E57) -> 197 | F58: =SUM(F10:F57) -> 693 | G58: =SUM(G10:G57) -> 23 | H58: =SUM(H10:H57) -> 22 | I58: =SUM(I10:I57) -> 364 | J58: =SUM(J10:J57) -> 56 | ... P58: =SUM(P10:P57) -> 3200
B59: %ges + MCs | C59: =C58/$P$58 -> 0.194375 | D59: =D58/$P$58 -> 0.085625 | E59: =E58/$P$58 -> 0.0615625 | F59: =F58/$P$58 -> 0.2165625 | G59: =G58/$P$58 -> 0.0071875 | H59: =H58/$P$58 -> 0.006875 | I59: =I58/$P$58 -> 0.11375 | J59: =J58/$P$58 -> 0.0175 | ... N59: =N58/$P$58 -> 0.0021875
B60: %ges w/o MCs | C60: =C58/$O$58 -> 0.25544148 | D60: =D58/$O$58 -> 0.11252567 | E60: =E58/$O$58 -> 0.080903491 | F60: =F58/$O$58 -> 0.28459959 | G60: =G58/$O$58 -> 0.0094455852 | H60: =H58/$O$58 -> 0.0090349076 | I60: =I58/$O$58 -> 0.14948665 | J60: =J58/$O$58 -> 0.022997947 | ... L60: =L58/$O$58 -> 0.019301848 | N60: =N58/$O$58 -> 0.0028747433

Sheet 30.10 Bujuko-Buloba
B1: Consultancy services for Preparation of Expressway Development Master Plan (EDMP) for Uganda
B2: MANUAL CLASSIFIED COUNT (MCC)
B3: ROAD NAME: | C3: ='29.10 Bujuko-Buloba'!C3:G3 -> MCC - C2 - STN62 - BUJUKO-BULOBA ROAD
C5: Date | D5: 30.10.19 | F5: Location | G5: ='29.10 Bujuko-Buloba'!G5:H5 -> Buloba Pop Oil | J5: Surveyor | K5: ='29.10 Bujuko-Buloba'!K5:L5 -> Nakiwuge A
C6: Dir. From | D6: ='29.10 Bujuko-Buloba'!D6:E6 -> Bujuko | F6: Dir. To | G6: ='29.10 Bujuko-Buloba'!G6:H6 -> Buloba | J6: Supervisor | K6: ='29.10 Bujuko-Buloba'!K6:L6 -> Godfrey
B8: Time / Veh Type | R8: SUMMARY TRAFFIC VOLUMES
C9: 1. Car | D9: 2. Station Wagon | E9: 3. Pickups | F9: 4. Minibus, matatu | G9: 5. Medium bus | H9: 6. Large Bus | I9: 7. Light Truck | J9: 8. Medium Truck | K9: 9. Heavy truck | L9: 10. Truck Trailer | M9: 11. Motor cycles | N9: 12. Tractors | O9: Total Excl M/Cycles | P9: Total All | R9: Time | S9: 1. Car | T9: 2. Station Wagon | U9: 3. Pickups | V9: 4. Minibus, matatu | W9: 5. Medium bus | X9: 6. Large Bus | Y9: 7. Light Truck | Z9: 8. Medium Truck | AA9: 9. Heavy truck | AB9: 10. Truck Trailer | AC9: 11. Motorcycles | AD9: 12. Tractors, Graders | AE9: Total Excl M/ Cycles | AF9: Total All
B10: 07.00 - 07.15 | C10: 23 | D10: 2 | E10: 1 | F10: 23 | G10: 1 | H10: 0 | I10: 4 | J10: 1 | K10: 0 | L10: 1 | M10: 15 | N10: 0 | O10: =SUM(C10:L10,N10) -> 56 | P10: =SUM(C10:N10) -> 71 | R10: 0700-0800 | S10: =SUM(C10:C13) -> 77 | T10: =SUM(D10:D13) -> 2 | U10: =SUM(E10:E13) -> 6 | V10: =SUM(F10:F13) -> 66 | W10: =SUM(G10:G13) -> 1 | X10: =SUM(H10:H13) -> 0 | Y10: =SUM(I10:I13) -> 10 | Z10: =SUM(J10:J13) -> 12 | ... AF10: =SUM(P10:P13) -> 267
B11: 07.15 - 07.30 | C11: 20 | D11: 0 | E11: 0 | F11: 18 | G11: 0 | H11: 0 | I11: 4 | J11: 3 | K11: 0 | L11: 3 | M11: 21 | N11: 0 | O11: =SUM(C11:L11,N11) -> 48 | P11: =SUM(C11:N11) -> 69 | R11: 0800-0900 | S11: =SUM(C14:C17) -> 71 | T11: =SUM(D14:D17) -> 5 | U11: =SUM(E14:E17) -> 10 | V11: =SUM(F14:F17) -> 65 | W11: =SUM(G14:G17) -> 1 | X11: =SUM(H14:H17) -> 0 | Y11: =SUM(I14:I17) -> 23 | Z11: =SUM(J14:J17) -> 8 | ... AF11: =SUM(P14:P17) -> 284
B12: 07.30 - 07.45 | C12: 19 | D12: 0 | E12: 1 | F12: 11 | G12: 0 | H12: 0 | I12: 1 | J12: 1 | K12: 0 | L12: 0 | M12: 18 | N12: 0 | O12: =SUM(C12:L12,N12) -> 33 | P12: =SUM(C12:N12) -> 51 | R12: 0900-1000 | S12: =SUM(C18:C21) -> 62 | T12: =SUM(D18:D21) -> 7 | U12: =SUM(E18:E21) -> 7 | V12: =SUM(F18:F21) -> 59 | W12: =SUM(G18:G21) -> 0 | X12: =SUM(H18:H21) -> 0 | Y12: =SUM(I18:I21) -> 5 | Z12: =SUM(J18:J21) -> 4 | ... AF12: =SUM(P18:P21) -> 225
B13: 07.45 - 08.00 | C13: 15 | D13: 0 | E13: 4 | F13: 14 | G13: 0 | H13: 0 | I13: 1 | J13: 7 | K13: 1 | L13: 2 | M13: 32 | N13: 0 | O13: =SUM(C13:L13,N13) -> 44 | P13: =SUM(C13:N13) -> 76 | R13: 1000-1100 | S13: =SUM(C22:C25) -> 63 | T13: =SUM(D22:D25) -> 8 | U13: =SUM(E22:E25) -> 12 | V13: =SUM(F22:F25) -> 57 | W13: =SUM(G22:G25) -> 0 | X13: =SUM(H22:H25) -> 0 | Y13: =SUM(I22:I25) -> 11 | Z13: =SUM(J22:J25) -> 10 | ... AF13: =SUM(P22:P25) -> 247
B14: 08.00 - 08.15 | C14: 20 | D14: 0 | E14: 1 | F14: 21 | G14: 0 | H14: 0 | I14: 4 | J14: 2 | K14: 0 | L14: 0 | M14: 20 | N14: 0 | O14: =SUM(C14:L14,N14) -> 48 | P14: =SUM(C14:N14) -> 68 | R14: 1100-1200 | S14: =SUM(C26:C29) -> 45 | T14: =SUM(D26:D29) -> 6 | U14: =SUM(E26:E29) -> 7 | V14: =SUM(F26:F29) -> 46 | W14: =SUM(G26:G29) -> 3 | X14: =SUM(H26:H29) -> 2 | Y14: =SUM(I26:I29) -> 21 | Z14: =SUM(J26:J29) -> 6 | ... AF14: =SUM(P26:P29) -> 206
B15: 08.15 - 08.30 | C15: 10 | D15: 1 | E15: 2 | F15: 14 | G15: 1 | H15: 0 | I15: 5 | J15: 3 | K15: 2 | L15: 0 | M15: 22 | N15: 0 | O15: =SUM(C15:L15,N15) -> 38 | P15: =SUM(C15:N15) -> 60 | R15: 1200-1300 | S15: =SUM(C30:C33) -> 69 | T15: =SUM(D30:D33) -> 8 | U15: =SUM(E30:E33) -> 9 | V15: =SUM(F30:F33) -> 46 | W15: =SUM(G30:G33) -> 0 | X15: =SUM(H30:H33) -> 2 | Y15: =SUM(I30:I33) -> 26 | Z15: =SUM(J30:J33) -> 12 | ... AF15: =SUM(P30:P33) -> 239
B16: 08.30 - 08.45 | C16: 14 | D16: 2 | E16: 4 | F16: 14 | G16: 0 | H16: 0 | I16: 8 | J16: 1 | K16: 0 | L16: 0 | M16: 22 | N16: 0 | O16: =SUM(C16:L16,N16) -> 43 | P16: =SUM(C16:N16) -> 65 | R16: 1300-1400 | S16: =SUM(C34:C37) -> 59 | T16: =SUM(D34:D37) -> 17 | U16: =SUM(E34:E37) -> 23 | V16: =SUM(F34:F37) -> 42 | W16: =SUM(G34:G37) -> 0 | X16: =SUM(H34:H37) -> 1 | Y16: =SUM(I34:I37) -> 13 | Z16: =SUM(J34:J37) -> 15 | ... AF16: =SUM(P34:P37) -> 261
B17: 08.45 - 9.00 | C17: 27 | D17: 2 | E17: 3 | F17: 16 | G17: 0 | H17: 0 | I17: 6 | J17: 2 | K17: 0 | L17: 2 | M17: 33 | N17: 0 | O17: =SUM(C17:L17,N17) -> 58 | P17: =SUM(C17:N17) -> 91 | R17: 1400-1500 | S17: =SUM(C38:C41) -> 66 | T17: =SUM(D38:D41) -> 14 | U17: =SUM(E38:E41) -> 14 | V17: =SUM(F38:F41) -> 53 | W17: =SUM(G38:G41) -> 0 | X17: =SUM(H38:H41) -> 1 | Y17: =SUM(I38:I41) -> 24 | Z17: =SUM(J38:J41) -> 17 | ... AF17: =SUM(P38:P41) -> 271
B18: 09.00 - 09.15 | C18: 21 | D18: 4 | E18: 2 | F18: 25 | G18: 0 | H18: 0 | I18: 2 | J18: 2 | K18: 0 | L18: 1 | M18: 29 | N18: 0 | O18: =SUM(C18:L18,N18) -> 57 | P18: =SUM(C18:N18) -> 86 | R18: 1500-1600 | S18: =SUM(C42:C45) -> 76 | T18: =SUM(D42:D45) -> 12 | U18: =SUM(E42:E45) -> 16 | V18: =SUM(F42:F45) -> 50 | W18: =SUM(G42:G45) -> 0 | X18: =SUM(H42:H45) -> 3 | Y18: =SUM(I42:I45) -> 23 | Z18: =SUM(J42:J45) -> 13 | ... AF18: =SUM(P42:P45) -> 262
B19: 09.15 - 09.30 | C19: 12 | D19: 2 | E19: 2 | F19: 11 | G19: 0 | H19: 0 | I19: 1 | J19: 1 | K19: 0 | L19: 0 | M19: 19 | N19: 0 | O19: =SUM(C19:L19,N19) -> 29 | P19: =SUM(C19:N19) -> 48 | R19: 1600-1700 | S19: =SUM(C46:C49) -> 98 | T19: =SUM(D46:D49) -> 20 | U19: =SUM(E46:E49) -> 24 | V19: =SUM(F46:F49) -> 54 | W19: =SUM(G46:G49) -> 2 | X19: =SUM(H46:H49) -> 2 | Y19: =SUM(I46:I49) -> 35 | Z19: =SUM(J46:J49) -> 20 | ... AF19: =SUM(P46:P49) -> 348
B20: 09.30 - 09.45 | C20: 19 | D20: 1 | E20: 0 | F20: 11 | G20: 0 | H20: 0 | I20: 0 | J20: 1 | K20: 0 | L20: 1 | M20: 23 | N20: 0 | O20: =SUM(C20:L20,N20) -> 33 | P20: =SUM(C20:N20) -> 56 | R20: 1700-1800 | S20: =SUM(C50:C53) -> 108 | T20: =SUM(D50:D53) -> 16 | U20: =SUM(E50:E53) -> 24 | V20: =SUM(F50:F53) -> 66 | W20: =SUM(G50:G53) -> 4 | X20: =SUM(H50:H53) -> 1 | Y20: =SUM(I50:I53) -> 30 | Z20: =SUM(J50:J53) -> 13 | ... AF20: =SUM(P50:P53) -> 379
B21: 09.45 - 10.00 | C21: 10 | D21: 0 | E21: 3 | F21: 12 | G21: 0 | H21: 0 | I21: 2 | J21: 0 | K21: 0 | L21: 0 | M21: 8 | N21: 0 | O21: =SUM(C21:L21,N21) -> 27 | P21: =SUM(C21:N21) -> 35 | R21: 1800-1900 | S21: =SUM(C54:C57) -> 113 | T21: =SUM(D54:D57) -> 19 | U21: =SUM(E54:E57) -> 23 | V21: =SUM(F54:F57) -> 88 | W21: =SUM(G54:G57) -> 9 | X21: =SUM(H54:H57) -> 3 | Y21: =SUM(I54:I57) -> 24 | Z21: =SUM(J54:J57) -> 16 | ... AF21: =SUM(P54:P57) -> 442
B22: 10.00 - 10.15 | C22: 16 | D22: 0 | E22: 6 | F22: 18 | G22: 0 | H22: 0 | I22: 0 | J22: 2 | K22: 0 | L22: 1 | M22: 23 | N22: 0 | O22: =SUM(C22:L22,N22) -> 43 | P22: =SUM(C22:N22) -> 66 | R22: AM Peak Hr | S22: =MAX(S10:S12) -> 77 | T22: =MAX(T10:T12) -> 7 | U22: =MAX(U10:U12) -> 10 | V22: =MAX(V10:V12) -> 66 | W22: =MAX(W10:W12) -> 1 | X22: =MAX(X10:X12) -> 0 | Y22: =MAX(Y10:Y12) -> 23 | Z22: =MAX(Z10:Z12) -> 12 | ... AF22: =MAX(AF10:AF12) -> 284
B23: 10.15 - 10.30 | C23: 14 | D23: 1 | E23: 1 | F23: 11 | G23: 0 | H23: 0 | I23: 1 | J23: 4 | K23: 0 | L23: 2 | M23: 19 | N23: 0 | O23: =SUM(C23:L23,N23) -> 34 | P23: =SUM(C23:N23) -> 53 | R23: IP Peak Hr | S23: =MAX(S13:S18) -> 76 | T23: =MAX(T13:T18) -> 17 | U23: =MAX(U13:U18) -> 23 | V23: =MAX(V13:V18) -> 57 | W23: =MAX(W13:W18) -> 3 | X23: =MAX(X13:X18) -> 3 | Y23: =MAX(Y13:Y18) -> 26 | Z23: =MAX(Z13:Z18) -> 17 | ... AF23: =MAX(AF13:AF18) -> 271
B24: 10.30 - 10.45 | C24: 17 | D24: 4 | E24: 4 | F24: 15 | G24: 0 | H24: 0 | I24: 5 | J24: 3 | K24: 0 | L24: 0 | M24: 22 | N24: 0 | O24: =SUM(C24:L24,N24) -> 48 | P24: =SUM(C24:N24) -> 70 | R24: PM Peak Hr | S24: =MAX(S19:S21) -> 113 | T24: =MAX(T19:T21) -> 20 | U24: =MAX(U19:U21) -> 24 | V24: =MAX(V19:V21) -> 88 | W24: =MAX(W19:W21) -> 9 | X24: =MAX(X19:X21) -> 3 | Y24: =MAX(Y19:Y21) -> 35 | Z24: =MAX(Z19:Z21) -> 20 | ... AF24: =MAX(AF19:AF21) -> 442
B25: 10.45 - 11.00 | C25: 16 | D25: 3 | E25: 1 | F25: 13 | G25: 0 | H25: 0 | I25: 5 | J25: 1 | K25: 0 | L25: 0 | M25: 19 | N25: 0 | O25: =SUM(C25:L25,N25) -> 39 | P25: =SUM(C25:N25) -> 58 | R25: AM Period | S25: =SUM(S10:S12) -> 210 | T25: =SUM(T10:T12) -> 14 | U25: =SUM(U10:U12) -> 23 | V25: =SUM(V10:V12) -> 190 | W25: =SUM(W10:W12) -> 2 | X25: =SUM(X10:X12) -> 0 | Y25: =SUM(Y10:Y12) -> 38 | Z25: =SUM(Z10:Z12) -> 24 | ... AF25: =SUM(AF10:AF12) -> 776
B26: 11.00 - 11.15 | C26: 8 | D26: 1 | E26: 2 | F26: 10 | G26: 0 | H26: 1 | I26: 4 | J26: 1 | K26: 1 | L26: 1 | M26: 17 | N26: 0 | O26: =SUM(C26:L26,N26) -> 29 | P26: =SUM(C26:N26) -> 46 | R26: IP Period | S26: =SUM(S13:S18) -> 378 | T26: =SUM(T13:T18) -> 65 | U26: =SUM(U13:U18) -> 81 | V26: =SUM(V13:V18) -> 294 | W26: =SUM(W13:W18) -> 3 | X26: =SUM(X13:X18) -> 9 | Y26: =SUM(Y13:Y18) -> 118 | Z26: =SUM(Z13:Z18) -> 73 | ... AF26: =SUM(AF13:AF18) -> 1486
B27: 11.15 - 11.30 | C27: 13 | D27: 4 | E27: 2 | F27: 11 | G27: 2 | H27: 0 | I27: 3 | J27: 2 | K27: 1 | L27: 1 | M27: 14 | N27: 0 | O27: =SUM(C27:L27,N27) -> 39 | P27: =SUM(C27:N27) -> 53 | R27: PM Period | S27: =SUM(S19:S21) -> 319 | T27: =SUM(T19:T21) -> 55 | U27: =SUM(U19:U21) -> 71 | V27: =SUM(V19:V21) -> 208 | W27: =SUM(W19:W21) -> 15 | X27: =SUM(X19:X21) -> 6 | Y27: =SUM(Y19:Y21) -> 89 | Z27: =SUM(Z19:Z21) -> 49 | ... AF27: =SUM(AF19:AF21) -> 1169
B28: 11.30 - 11.45 | C28: 10 | D28: 1 | E28: 1 | F28: 9 | G28: 1 | H28: 1 | I28: 8 | J28: 2 | K28: 0 | L28: 1 | M28: 17 | N28: 0 | O28: =SUM(C28:L28,N28) -> 34 | P28: =SUM(C28:N28) -> 51 | R28: 12 Hours | S28: =SUM(S10:S21) -> 907 | T28: =SUM(T10:T21) -> 134 | U28: =SUM(U10:U21) -> 175 | V28: =SUM(V10:V21) -> 692 | W28: =SUM(W10:W21) -> 20 | X28: =SUM(X10:X21) -> 15 | Y28: =SUM(Y10:Y21) -> 245 | Z28: =SUM(Z10:Z21) -> 146 | ... AF28: =SUM(AF10:AF21) -> 3431
B29: 11.45 - 12.00 | C29: 14 | D29: 0 | E29: 2 | F29: 16 | G29: 0 | H29: 0 | I29: 6 | J29: 1 | K29: 3 | L29: 1 | M29: 13 | N29: 0 | O29: =SUM(C29:L29,N29) -> 43 | P29: =SUM(C29:N29) -> 56
B30: 12.00 - 12.15 | C30: 18 | D30: 2 | E30: 3 | F30: 10 | G30: 0 | H30: 0 | I30: 8 | J30: 1 | K30: 0 | L30: 1 | M30: 13 | N30: 0 | O30: =SUM(C30:L30,N30) -> 43 | P30: =SUM(C30:N30) -> 56
B31: 12.15 - 12.30 | C31: 15 | D31: 2 | E31: 1 | F31: 12 | G31: 0 | H31: 0 | I31: 5 | J31: 3 | K31: 2 | L31: 2 | M31: 14 | N31: 0 | O31: =SUM(C31:L31,N31) -> 42 | P31: =SUM(C31:N31) -> 56
B32: 12.30 - 12.45 | C32: 22 | D32: 1 | E32: 4 | F32: 16 | G32: 0 | H32: 2 | I32: 9 | J32: 8 | K32: 1 | L32: 2 | M32: 24 | N32: 0 | O32: =SUM(C32:L32,N32) -> 65 | P32: =SUM(C32:N32) -> 89
B33: 12.45 - 13.00 | C33: 14 | D33: 3 | E33: 1 | F33: 8 | G33: 0 | H33: 0 | I33: 4 | J33: 0 | K33: 1 | L33: 1 | M33: 6 | N33: 0 | O33: =SUM(C33:L33,N33) -> 32 | P33: =SUM(C33:N33) -> 38
B34: 13.00 - 13.15 | C34: 15 | D34: 4 | E34: 4 | F34: 9 | G34: 0 | H34: 0 | I34: 2 | J34: 6 | K34: 0 | L34: 1 | M34: 24 | N34: 0 | O34: =SUM(C34:L34,N34) -> 41 | P34: =SUM(C34:N34) -> 65
B35: 13.15 - 13.30 | C35: 11 | D35: 3 | E35: 6 | F35: 9 | G35: 0 | H35: 0 | I35: 4 | J35: 1 | K35: 0 | L35: 0 | M35: 25 | N35: 0 | O35: =SUM(C35:L35,N35) -> 34 | P35: =SUM(C35:N35) -> 59
B36: 13.30 - 13.45 | C36: 14 | D36: 4 | E36: 7 | F36: 9 | G36: 0 | H36: 0 | I36: 4 | J36: 3 | K36: 1 | L36: 2 | M36: 15 | N36: 0 | O36: =SUM(C36:L36,N36) -> 44 | P36: =SUM(C36:N36) -> 59
B37: 13.45 - 14.00 | C37: 19 | D37: 6 | E37: 6 | F37: 15 | G37: 0 | H37: 1 | I37: 3 | J37: 5 | K37: 0 | L37: 1 | M37: 22 | N37: 0 | O37: =SUM(C37:L37,N37) -> 56 | P37: =SUM(C37:N37) -> 78
B38: 14.00 - 14.15 | C38: 16 | D38: 3 | E38: 1 | F38: 13 | G38: 0 | H38: 0 | I38: 5 | J38: 4 | K38: 0 | L38: 0 | M38: 29 | N38: 0 | O38: =SUM(C38:L38,N38) -> 42 | P38: =SUM(C38:N38) -> 71
B39: 14.15 - 14.30 | C39: 20 | D39: 2 | E39: 8 | F39: 18 | G39: 0 | H39: 0 | I39: 8 | J39: 2 | K39: 0 | L39: 0 | M39: 28 | N39: 0 | O39: =SUM(C39:L39,N39) -> 58 | P39: =SUM(C39:N39) -> 86
B40: 14.30 - 14.45 | C40: 21 | D40: 5 | E40: 3 | F40: 12 | G40: 0 | H40: 0 | I40: 9 | J40: 6 | K40: 1 | L40: 0 | M40: 11 | N40: 0 | O40: =SUM(C40:L40,N40) -> 57 | P40: =SUM(C40:N40) -> 68
... B57: 18.45 - 19.00 | C57: 25 | D57: 6 | E57: 6 | F57: 26 | G57: 3 | H57: 1 | I57: 6 | J57: 7 | K57: 1 | L57: 2 | M57: 18 | N57: 0 | O57: =SUM(C57:L57,N57) -> 83 | P57: =SUM(C57:N57) -> 101
B58: Totals | C58: =SUM(C10:C57) -> 907 | D58: =SUM(D10:D57) -> 134 | E58: =SUM(E10:E57) -> 175 | F58: =SUM(F10:F57) -> 692 | G58: =SUM(G10:G57) -> 20 | H58: =SUM(H10:H57) -> 15 | I58: =SUM(I10:I57) -> 245 | J58: =SUM(J10:J57) -> 146 | ... P58: =SUM(P10:P57) -> 3431
B59: %ges + MCs | C59: =C58/$P$58 -> 0.26435442 | D59: =D58/$P$58 -> 0.039055669 | E59: =E58/$P$58 -> 0.051005538 | F59: =F58/$P$58 -> 0.20169047 | G59: =G58/$P$58 -> 0.0058292043 | H59: =H58/$P$58 -> 0.0043719032 | I59: =I58/$P$58 -> 0.071407753 | J59: =J58/$P$58 -> 0.042553191 | ... N59: =N58/$P$58 -> 0
B60: %ges w/o MCs | C60: =C58/$O$58 -> 0.377602 | D60: =D58/$O$58 -> 0.055786844 | E60: =E58/$O$58 -> 0.072855953 | F60: =F58/$O$58 -> 0.28809326 | G60: =G58/$O$58 -> 0.0083263947 | H60: =H58/$O$58 -> 0.006244796 | I60: =I58/$O$58 -> 0.10199833 | J60: =J58/$O$58 -> 0.060782681 | ... L60: =L58/$O$58 -> 0.020399667 | N60: =N58/$O$58 -> 0

Sheet 30.10 Buloba-Bujuko
B1: Consultancy services for Preparation of Expressway Development Master Plan (EDMP) for Uganda
B2: MANUAL CLASSIFIED COUNT (MCC)
B3: ROAD NAME: | C3: ='29.10 Buloba-Bujuko'!C3:G3 -> MCC - C2 - STN62 - BUJUKO-BULOBA ROAD
C5: Date | D5: ='30.10 Bujuko-Buloba'!D5 -> 30.10.19 | F5: Location | G5: ='29.10 Bujuko-Buloba'!G5:H5 -> Buloba Pop Oil | J5: Surveyor | K5: Doreen
C6: Dir. From | D6: ='29.10 Buloba-Bujuko'!D6:E6 -> Buloba | F6: Dir. To | G6: ='29.10 Buloba-Bujuko'!G6:H6 -> Bujuko | J6: Supervisor | K6: ='29.10 Bujuko-Buloba'!K6:L6 -> Godfrey
B8: Time / Veh Type | R8: SUMMARY TRAFFIC VOLUMES
C9: 1. Car | D9: 2. Station Wagon | E9: 3. Pickups | F9: 4. Minibus, matatu | G9: 5. Medium bus | H9: 6. Large Bus | I9: 7. Light Truck | J9: 8. Medium Truck | K9: 9. Heavy truck | L9: 10. Truck Trailer | M9: 11. Motor cycles | N9: 12. Tractors | O9: Total Excl M/Cycles | P9: Total All | R9: Time | S9: 1. Car | T9: 2. Station Wagon | U9: 3. Pickups | V9: 4. Minibus, matatu | W9: 5. Medium bus | X9: 6. Large Bus | Y9: 7. Light Truck | Z9: 8. Medium Truck | AA9: 9. Heavy truck | AB9: 10. Truck Trailer | AC9: 11. Motorcycles | AD9: 12. Tractors, Graders | AE9: Total Excl M/ Cycles | AF9: Total All
B10: 07.00 - 07.15 | C10: 6 | D10: 1 | E10: 6 | F10: 15 | G10: 0 | H10: 0 | I10: 4 | J10: 1 | K10: 0 | L10: 1 | M10: 9 | N10: 0 | O10: =SUM(C10:L10,N10) -> 34 | P10: =SUM(C10:N10) -> 43 | R10: 0700-0800 | S10: =SUM(C10:C13) -> 62 | T10: =SUM(D10:D13) -> 8 | U10: =SUM(E10:E13) -> 13 | V10: =SUM(F10:F13) -> 47 | W10: =SUM(G10:G13) -> 1 | X10: =SUM(H10:H13) -> 1 | Y10: =SUM(I10:I13) -> 24 | Z10: =SUM(J10:J13) -> 14 | ... AF10: =SUM(P10:P13) -> 232
B11: 07.15 - 07.30 | C11: 26 | D11: 2 | E11: 4 | F11: 12 | G11: 1 | H11: 1 | I11: 5 | J11: 3 | K11: 0 | L11: 1 | M11: 19 | N11: 0 | O11: =SUM(C11:L11,N11) -> 55 | P11: =SUM(C11:N11) -> 74 | R11: 0800-0900 | S11: =SUM(C14:C17) -> 67 | T11: =SUM(D14:D17) -> 12 | U11: =SUM(E14:E17) -> 13 | V11: =SUM(F14:F17) -> 45 | W11: =SUM(G14:G17) -> 0 | X11: =SUM(H14:H17) -> 1 | Y11: =SUM(I14:I17) -> 31 | Z11: =SUM(J14:J17) -> 6 | ... AF11: =SUM(P14:P17) -> 252
B12: 07.30 - 07.45 | C12: 17 | D12: 2 | E12: 2 | F12: 10 | G12: 0 | H12: 0 | I12: 6 | J12: 7 | K12: 1 | L12: 1 | M12: 8 | N12: 0 | O12: =SUM(C12:L12,N12) -> 46 | P12: =SUM(C12:N12) -> 54 | R12: 0900-1000 | S12: =SUM(C18:C21) -> 33 | T12: =SUM(D18:D21) -> 29 | U12: =SUM(E18:E21) -> 18 | V12: =SUM(F18:F21) -> 53 | W12: =SUM(G18:G21) -> 0 | X12: =SUM(H18:H21) -> 2 | Y12: =SUM(I18:I21) -> 32 | Z12: =SUM(J18:J21) -> 12 | ... AF12: =SUM(P18:P21) -> 263
B13: 07.45 - 08.00 | C13: 13 | D13: 3 | E13: 1 | F13: 10 | G13: 0 | H13: 0 | I13: 9 | J13: 3 | K13: 0 | L13: 2 | M13: 20 | N13: 0 | O13: =SUM(C13:L13,N13) -> 41 | P13: =SUM(C13:N13) -> 61 | R13: 1000-1100 | S13: =SUM(C22:C25) -> 45 | T13: =SUM(D22:D25) -> 17 | U13: =SUM(E22:E25) -> 15 | V13: =SUM(F22:F25) -> 45 | W13: =SUM(G22:G25) -> 4 | X13: =SUM(H22:H25) -> 1 | Y13: =SUM(I22:I25) -> 22 | Z13: =SUM(J22:J25) -> 15 | ... AF13: =SUM(P22:P25) -> 209
B14: 08.00 - 08.15 | C14: 20 | D14: 6 | E14: 6 | F14: 18 | G14: 0 | H14: 0 | I14: 10 | J14: 1 | K14: 0 | L14: 0 | M14: 23 | N14: 0 | O14: =SUM(C14:L14,N14) -> 61 | P14: =SUM(C14:N14) -> 84 | R14: 1100-1200 | S14: =SUM(C26:C29) -> 90 | T14: =SUM(D26:D29) -> 13 | U14: =SUM(E26:E29) -> 16 | V14: =SUM(F26:F29) -> 68 | W14: =SUM(G26:G29) -> 3 | X14: =SUM(H26:H29) -> 3 | Y14: =SUM(I26:I29) -> 30 | Z14: =SUM(J26:J29) -> 17 | ... AF14: =SUM(P26:P29) -> 327
B15: 08.15 - 08.30 | C15: 21 | D15: 1 | E15: 2 | F15: 10 | G15: 0 | H15: 1 | I15: 4 | J15: 1 | K15: 2 | L15: 0 | M15: 17 | N15: 0 | O15: =SUM(C15:L15,N15) -> 42 | P15: =SUM(C15:N15) -> 59 | R15: 1200-1300 | S15: =SUM(C30:C33) -> 63 | T15: =SUM(D30:D33) -> 25 | U15: =SUM(E30:E33) -> 20 | V15: =SUM(F30:F33) -> 65 | W15: =SUM(G30:G33) -> 4 | X15: =SUM(H30:H33) -> 1 | Y15: =SUM(I30:I33) -> 21 | Z15: =SUM(J30:J33) -> 12 | ... AF15: =SUM(P30:P33) -> 277
B16: 08.30 - 08.45 | C16: 10 | D16: 2 | E16: 4 | F16: 7 | G16: 0 | H16: 0 | I16: 12 | J16: 4 | K16: 2 | L16: 0 | M16: 17 | N16: 0 | O16: =SUM(C16:L16,N16) -> 41 | P16: =SUM(C16:N16) -> 58 | R16: 1300-1400 | S16: =SUM(C34:C37) -> 63 | T16: =SUM(D34:D37) -> 14 | U16: =SUM(E34:E37) -> 14 | V16: =SUM(F34:F37) -> 47 | W16: =SUM(G34:G37) -> 5 | X16: =SUM(H34:H37) -> 3 | Y16: =SUM(I34:I37) -> 26 | Z16: =SUM(J34:J37) -> 11 | ... AF16: =SUM(P34:P37) -> 242
B17: 08.45 - 9.00 | C17: 16 | D17: 3 | E17: 1 | F17: 10 | G17: 0 | H17: 0 | I17: 5 | J17: 0 | K17: 1 | L17: 0 | M17: 15 | N17: 0 | O17: =SUM(C17:L17,N17) -> 36 | P17: =SUM(C17:N17) -> 51 | R17: 1400-1500 | S17: =SUM(C38:C41) -> 62 | T17: =SUM(D38:D41) -> 18 | U17: =SUM(E38:E41) -> 15 | V17: =SUM(F38:F41) -> 67 | W17: =SUM(G38:G41) -> 3 | X17: =SUM(H38:H41) -> 2 | Y17: =SUM(I38:I41) -> 20 | Z17: =SUM(J38:J41) -> 13 | ... AF17: =SUM(P38:P41) -> 259
B18: 09.00 - 09.15 | C18: 11 | D18: 5 | E18: 5 | F18: 14 | G18: 0 | H18: 0 | I18: 9 | J18: 4 | K18: 1 | L18: 0 | M18: 21 | N18: 0 | O18: =SUM(C18:L18,N18) -> 49 | P18: =SUM(C18:N18) -> 70 | R18: 1500-1600 | S18: =SUM(C42:C45) -> 73 | T18: =SUM(D42:D45) -> 8 | U18: =SUM(E42:E45) -> 10 | V18: =SUM(F42:F45) -> 65 | W18: =SUM(G42:G45) -> 0 | X18: =SUM(H42:H45) -> 2 | Y18: =SUM(I42:I45) -> 33 | Z18: =SUM(J42:J45) -> 21 | ... AF18: =SUM(P42:P45) -> 271
B19: 09.15 - 09.30 | C19: 6 | D19: 9 | E19: 1 | F19: 12 | G19: 0 | H19: 1 | I19: 5 | J19: 3 | K19: 0 | L19: 0 | M19: 15 | N19: 0 | O19: =SUM(C19:L19,N19) -> 37 | P19: =SUM(C19:N19) -> 52 | R19: 1600-1700 | S19: =SUM(C46:C49) -> 70 | T19: =SUM(D46:D49) -> 11 | U19: =SUM(E46:E49) -> 13 | V19: =SUM(F46:F49) -> 49 | W19: =SUM(G46:G49) -> 1 | X19: =SUM(H46:H49) -> 2 | Y19: =SUM(I46:I49) -> 30 | Z19: =SUM(J46:J49) -> 17 | ... AF19: =SUM(P46:P49) -> 270
B20: 09.30 - 09.45 | C20: 12 | D20: 12 | E20: 7 | F20: 14 | G20: 0 | H20: 0 | I20: 9 | J20: 1 | K20: 1 | L20: 0 | M20: 20 | N20: 0 | O20: =SUM(C20:L20,N20) -> 56 | P20: =SUM(C20:N20) -> 76 | R20: 1700-1800 | S20: =SUM(C50:C53) -> 54 | T20: =SUM(D50:D53) -> 13 | U20: =SUM(E50:E53) -> 14 | V20: =SUM(F50:F53) -> 56 | W20: =SUM(G50:G53) -> 0 | X20: =SUM(H50:H53) -> 1 | Y20: =SUM(I50:I53) -> 21 | Z20: =SUM(J50:J53) -> 13 | ... AF20: =SUM(P50:P53) -> 211
B21: 09.45 - 10.00 | C21: 4 | D21: 3 | E21: 5 | F21: 13 | G21: 0 | H21: 1 | I21: 9 | J21: 4 | K21: 1 | L21: 0 | M21: 25 | N21: 0 | O21: =SUM(C21:L21,N21) -> 40 | P21: =SUM(C21:N21) -> 65 | R21: 1800-1900 | S21: =SUM(C54:C57) -> 65 | T21: =SUM(D54:D57) -> 6 | U21: =SUM(E54:E57) -> 10 | V21: =SUM(F54:F57) -> 60 | W21: =SUM(G54:G57) -> 2 | X21: =SUM(H54:H57) -> 3 | Y21: =SUM(I54:I57) -> 23 | Z21: =SUM(J54:J57) -> 13 | ... AF21: =SUM(P54:P57) -> 232
B22: 10.00 - 10.15 | C22: 9 | D22: 1 | E22: 4 | F22: 7 | G22: 0 | H22: 0 | I22: 5 | J22: 2 | K22: 0 | L22: 1 | M22: 4 | N22: 0 | O22: =SUM(C22:L22,N22) -> 29 | P22: =SUM(C22:N22) -> 33 | R22: AM Peak Hr | S22: =MAX(S10:S12) -> 67 | T22: =MAX(T10:T12) -> 29 | U22: =MAX(U10:U12) -> 18 | V22: =MAX(V10:V12) -> 53 | W22: =MAX(W10:W12) -> 1 | X22: =MAX(X10:X12) -> 2 | Y22: =MAX(Y10:Y12) -> 32 | Z22: =MAX(Z10:Z12) -> 14 | ... AF22: =MAX(AF10:AF12) -> 263
B23: 10.15 - 10.30 | C23: 15 | D23: 5 | E23: 5 | F23: 13 | G23: 1 | H23: 0 | I23: 5 | J23: 2 | K23: 1 | L23: 1 | M23: 10 | N23: 0 | O23: =SUM(C23:L23,N23) -> 48 | P23: =SUM(C23:N23) -> 58 | R23: IP Peak Hr | S23: =MAX(S13:S18) -> 90 | T23: =MAX(T13:T18) -> 25 | U23: =MAX(U13:U18) -> 20 | V23: =MAX(V13:V18) -> 68 | W23: =MAX(W13:W18) -> 5 | X23: =MAX(X13:X18) -> 3 | Y23: =MAX(Y13:Y18) -> 33 | Z23: =MAX(Z13:Z18) -> 21 | ... AF23: =MAX(AF13:AF18) -> 327
B24: 10.30 - 10.45 | C24: 13 | D24: 5 | E24: 3 | F24: 9 | G24: 1 | H24: 0 | I24: 8 | J24: 5 | K24: 0 | L24: 1 | M24: 10 | N24: 0 | O24: =SUM(C24:L24,N24) -> 45 | P24: =SUM(C24:N24) -> 55 | R24: PM Peak Hr | S24: =MAX(S19:S21) -> 70 | T24: =MAX(T19:T21) -> 13 | U24: =MAX(U19:U21) -> 14 | V24: =MAX(V19:V21) -> 60 | W24: =MAX(W19:W21) -> 2 | X24: =MAX(X19:X21) -> 3 | Y24: =MAX(Y19:Y21) -> 30 | Z24: =MAX(Z19:Z21) -> 17 | ... AF24: =MAX(AF19:AF21) -> 270
B25: 10.45 - 11.00 | C25: 8 | D25: 6 | E25: 3 | F25: 16 | G25: 2 | H25: 1 | I25: 4 | J25: 6 | K25: 1 | L25: 1 | M25: 15 | N25: 0 | O25: =SUM(C25:L25,N25) -> 48 | P25: =SUM(C25:N25) -> 63 | R25: AM Period | S25: =SUM(S10:S12) -> 162 | T25: =SUM(T10:T12) -> 49 | U25: =SUM(U10:U12) -> 44 | V25: =SUM(V10:V12) -> 145 | W25: =SUM(W10:W12) -> 1 | X25: =SUM(X10:X12) -> 4 | Y25: =SUM(Y10:Y12) -> 87 | Z25: =SUM(Z10:Z12) -> 32 | ... AF25: =SUM(AF10:AF12) -> 747
B26: 11.00 - 11.15 | C26: 17 | D26: 3 | E26: 5 | F26: 16 | G26: 0 | H26: 1 | I26: 7 | J26: 4 | K26: 1 | L26: 3 | M26: 23 | N26: 0 | O26: =SUM(C26:L26,N26) -> 57 | P26: =SUM(C26:N26) -> 80 | R26: IP Period | S26: =SUM(S13:S18) -> 396 | T26: =SUM(T13:T18) -> 95 | U26: =SUM(U13:U18) -> 90 | V26: =SUM(V13:V18) -> 357 | W26: =SUM(W13:W18) -> 19 | X26: =SUM(X13:X18) -> 12 | Y26: =SUM(Y13:Y18) -> 152 | Z26: =SUM(Z13:Z18) -> 89 | ... AF26: =SUM(AF13:AF18) -> 1585
B27: 11.15 - 11.30 | C27: 25 | D27: 2 | E27: 3 | F27: 17 | G27: 2 | H27: 0 | I27: 8 | J27: 2 | K27: 0 | L27: 2 | M27: 25 | N27: 0 | O27: =SUM(C27:L27,N27) -> 61 | P27: =SUM(C27:N27) -> 86 | R27: PM Period | S27: =SUM(S19:S21) -> 189 | T27: =SUM(T19:T21) -> 30 | U27: =SUM(U19:U21) -> 37 | V27: =SUM(V19:V21) -> 165 | W27: =SUM(W19:W21) -> 3 | X27: =SUM(X19:X21) -> 6 | Y27: =SUM(Y19:Y21) -> 74 | Z27: =SUM(Z19:Z21) -> 43 | ... AF27: =SUM(AF19:AF21) -> 713
B28: 11.30 - 11.45 | C28: 22 | D28: 3 | E28: 3 | F28: 12 | G28: 0 | H28: 2 | I28: 7 | J28: 7 | K28: 1 | L28: 3 | M28: 14 | N28: 0 | O28: =SUM(C28:L28,N28) -> 60 | P28: =SUM(C28:N28) -> 74 | R28: 12 Hours | S28: =SUM(S10:S21) -> 747 | T28: =SUM(T10:T21) -> 174 | U28: =SUM(U10:U21) -> 171 | V28: =SUM(V10:V21) -> 667 | W28: =SUM(W10:W21) -> 23 | X28: =SUM(X10:X21) -> 22 | Y28: =SUM(Y10:Y21) -> 313 | Z28: =SUM(Z10:Z21) -> 164 | ... AF28: =SUM(AF10:AF21) -> 3045
B29: 11.45 - 12.00 | C29: 26 | D29: 5 | E29: 5 | F29: 23 | G29: 1 | H29: 0 | I29: 8 | J29: 4 | K29: 1 | L29: 0 | M29: 14 | N29: 0 | O29: =SUM(C29:L29,N29) -> 73 | P29: =SUM(C29:N29) -> 87
B30: 12.00 - 12.15 | C30: 23 | D30: 5 | E30: 4 | F30: 20 | G30: 1 | H30: 1 | I30: 8 | J30: 3 | K30: 2 | L30: 0 | M30: 13 | N30: 0 | O30: =SUM(C30:L30,N30) -> 67 | P30: =SUM(C30:N30) -> 80
B31: 12.15 - 12.30 | C31: 11 | D31: 11 | E31: 8 | F31: 19 | G31: 1 | H31: 0 | I31: 2 | J31: 2 | K31: 0 | L31: 1 | M31: 14 | N31: 0 | O31: =SUM(C31:L31,N31) -> 55 | P31: =SUM(C31:N31) -> 69
B32: 12.30 - 12.45 | C32: 21 | D32: 6 | E32: 5 | F32: 19 | G32: 2 | H32: 0 | I32: 8 | J32: 4 | K32: 0 | L32: 1 | M32: 21 | N32: 0 | O32: =SUM(C32:L32,N32) -> 66 | P32: =SUM(C32:N32) -> 87
B33: 12.45 - 13.00 | C33: 8 | D33: 3 | E33: 3 | F33: 7 | G33: 0 | H33: 0 | I33: 3 | J33: 3 | K33: 1 | L33: 0 | M33: 13 | N33: 0 | O33: =SUM(C33:L33,N33) -> 28 | P33: =SUM(C33:N33) -> 41
B34: 13.00 - 13.15 | C34: 17 | D34: 7 | E34: 5 | F34: 14 | G34: 2 | H34: 2 | I34: 6 | J34: 4 | K34: 2 | L34: 1 | M34: 14 | N34: 0 | O34: =SUM(C34:L34,N34) -> 60 | P34: =SUM(C34:N34) -> 74
B35: 13.15 - 13.30 | C35: 24 | D35: 5 | E35: 3 | F35: 13 | G35: 2 | H35: 0 | I35: 8 | J35: 1 | K35: 1 | L35: 0 | M35: 11 | N35: 0 | O35: =SUM(C35:L35,N35) -> 57 | P35: =SUM(C35:N35) -> 68
B36: 13.30 - 13.45 | C36: 8 | D36: 1 | E36: 2 | F36: 5 | G36: 1 | H36: 1 | I36: 5 | J36: 4 | K36: 1 | L36: 0 | M36: 9 | N36: 0 | O36: =SUM(C36:L36,N36) -> 28 | P36: =SUM(C36:N36) -> 37
B37: 13.45 - 14.00 | C37: 14 | D37: 1 | E37: 4 | F37: 15 | G37: 0 | H37: 0 | I37: 7 | J37: 2 | K37: 0 | L37: 5 | M37: 15 | N37: 0 | O37: =SUM(C37:L37,N37) -> 48 | P37: =SUM(C37:N37) -> 63
B38: 14.00 - 14.15 | C38: 19 | D38: 3 | E38: 8 | F38: 17 | G38: 1 | H38: 0 | I38: 9 | J38: 5 | K38: 1 | L38: 1 | M38: 20 | N38: 0 | O38: =SUM(C38:L38,N38) -> 64 | P38: =SUM(C38:N38) -> 84
B39: 14.15 - 14.30 | C39: 13 | D39: 3 | E39: 0 | F39: 10 | G39: 2 | H39: 1 | I39: 2 | J39: 1 | K39: 0 | L39: 1 | M39: 9 | N39: 0 | O39: =SUM(C39:L39,N39) -> 33 | P39: =SUM(C39:N39) -> 42
B40: 14.30 - 14.45 | C40: 15 | D40: 7 | E40: 3 | F40: 17 | G40: 0 | H40: 0 | I40: 3 | J40: 3 | K40: 1 | L40: 1 | M40: 10 | N40: 0 | O40: =SUM(C40:L40,N40) -> 50 | P40: =SUM(C40:N40) -> 60
... B57: 18.45 - 19.00 | C57: 11 | D57: 0 | E57: 3 | F57: 12 | G57: 0 | H57: 2 | I57: 6 | J57: 3 | K57: 0 | L57: 0 | M57: 16 | N57: 0 | O57: =SUM(C57:L57,N57) -> 37 | P57: =SUM(C57:N57) -> 53
B58: Totals | C58: =SUM(C10:C57) -> 747 | D58: =SUM(D10:D57) -> 174 | E58: =SUM(E10:E57) -> 171 | F58: =SUM(F10:F57) -> 667 | G58: =SUM(G10:G57) -> 23 | H58: =SUM(H10:H57) -> 22 | I58: =SUM(I10:I57) -> 313 | J58: =SUM(J10:J57) -> 164 | ... P58: =SUM(P10:P57) -> 3045
B59: %ges + MCs | C59: =C58/$P$58 -> 0.2453202 | D59: =D58/$P$58 -> 0.057142857 | E59: =E58/$P$58 -> 0.056157635 | F59: =F58/$P$58 -> 0.21904762 | G59: =G58/$P$58 -> 0.0075533662 | H59: =H58/$P$58 -> 0.0072249589 | I59: =I58/$P$58 -> 0.10279146 | J59: =J58/$P$58 -> 0.053858785 | ... N59: =N58/$P$58 -> 0
B60: %ges w/o MCs | C60: =C58/$O$58 -> 0.31518987 | D60: =D58/$O$58 -> 0.073417722 | E60: =E58/$O$58 -> 0.072151899 | F60: =F58/$O$58 -> 0.2814346 | G60: =G58/$O$58 -> 0.0097046414 | H60: =H58/$O$58 -> 0.0092827004 | I60: =I58/$O$58 -> 0.13206751 | J60: =J58/$O$58 -> 0.069198312 | ... L60: =L58/$O$58 -> 0.016877637 | N60: =N58/$O$58 -> 0

Sheet 31.10 Bujuko-Buloba-24h
B1: Consultancy services for Preparation of Expressway Development Master Plan (EDMP) for Uganda
B2: MANUAL CLASSIFIED COUNT (MCC)
B3: ROAD NAME: | C3: ='29.10 Bujuko-Buloba'!C3:G3 -> MCC - C2 - STN62 - BUJUKO-BULOBA ROAD
C5: Date | D5: 31.10.19 | F5: Location | G5: ='3.11 Buloba-Bujuko'!G5:H5 -> Buloba Pop Oil | J5: Surveyor | K5: Susan, Nakizito
C6: Dir. From | D6: ='29.10 Bujuko-Buloba'!D6:E6 -> Bujuko | F6: Dir. To | G6: ='29.10 Bujuko-Buloba'!G6:H6 -> Buloba | J6: Supervisor | K6: ='3.11 Buloba-Bujuko'!K6:L6 -> Godfrey
B8: Time / Veh Type | R8: SUMMARY TRAFFIC VOLUMES
C9: 1. Car | D9: 2. Station Wagon | E9: 3. Pickups | F9: 4. Minibus, matatu | G9: 5. Medium bus | H9: 6. Large Bus | I9: 7. Light Truck | J9: 8. Medium Truck | K9: 9. Heavy truck | L9: 10. Truck Trailer | M9: 11. Motor cycles | N9: 12. Tractors | O9: Total Excl M/Cycles | P9: Total All | R9: Time | S9: 1. Car | T9: 2. Station Wagon | U9: 3. Pickups | V9: 4. Minibus, matatu | W9: 5. Medium bus | X9: 6. Large Bus | Y9: 7. Light Truck | Z9: 8. Medium Truck | AA9: 9. Heavy truck | AB9: 10. Truck Trailer | AC9: 11. Motorcycles | AD9: 12. Tractors, Graders | AE9: Total Excl M/ Cycles | AF9: Total All
B10: 07.00 - 07.15 | C10: 8 | D10: 2 | E10: 1 | F10: 4 | G10: 1 | H10: 0 | I10: 0 | J10: 0 | K10: 1 | L10: 0 | M10: 6 | N10: 0 | O10: =SUM(C10:L10,N10) -> 17 | P10: =SUM(C10:N10) -> 23 | R10: 0700-0800 | S10: =SUM(C10:C13) -> 50 | T10: =SUM(D10:D13) -> 8 | U10: =SUM(E10:E13) -> 2 | V10: =SUM(F10:F13) -> 59 | W10: =SUM(G10:G13) -> 1 | X10: =SUM(H10:H13) -> 0 | Y10: =SUM(I10:I13) -> 10 | Z10: =SUM(J10:J13) -> 3 | ... AF10: =SUM(P10:P13) -> 215
B11: 07.15 - 07.30 | C11: 12 | D11: 2 | E11: 0 | F11: 23 | G11: 0 | H11: 0 | I11: 3 | J11: 2 | K11: 0 | L11: 0 | M11: 21 | N11: 0 | O11: =SUM(C11:L11,N11) -> 42 | P11: =SUM(C11:N11) -> 63 | R11: 0800-0900 | S11: =SUM(C14:C17) -> 56 | T11: =SUM(D14:D17) -> 18 | U11: =SUM(E14:E17) -> 1 | V11: =SUM(F14:F17) -> 61 | W11: =SUM(G14:G17) -> 0 | X11: =SUM(H14:H17) -> 0 | Y11: =SUM(I14:I17) -> 12 | Z11: =SUM(J14:J17) -> 5 | ... AF11: =SUM(P14:P17) -> 268
B12: 07.30 - 07.45 | C12: 14 | D12: 1 | E12: 0 | F12: 14 | G12: 0 | H12: 0 | I12: 3 | J12: 1 | K12: 1 | L12: 0 | M12: 34 | N12: 0 | O12: =SUM(C12:L12,N12) -> 34 | P12: =SUM(C12:N12) -> 68 | R12: 0900-1000 | S12: =SUM(C18:C21) -> 31 | T12: =SUM(D18:D21) -> 16 | U12: =SUM(E18:E21) -> 3 | V12: =SUM(F18:F21) -> 48 | W12: =SUM(G18:G21) -> 1 | X12: =SUM(H18:H21) -> 0 | Y12: =SUM(I18:I21) -> 8 | Z12: =SUM(J18:J21) -> 1 | ... AF12: =SUM(P18:P21) -> 179
B13: 07.45 - 08.00 | C13: 16 | D13: 3 | E13: 1 | F13: 18 | G13: 0 | H13: 0 | I13: 4 | J13: 0 | K13: 1 | L13: 0 | M13: 18 | N13: 0 | O13: =SUM(C13:L13,N13) -> 43 | P13: =SUM(C13:N13) -> 61 | R13: 1000-1100 | S13: =SUM(C22:C25) -> 37 | T13: =SUM(D22:D25) -> 12 | U13: =SUM(E22:E25) -> 5 | V13: =SUM(F22:F25) -> 51 | W13: =SUM(G22:G25) -> 0 | X13: =SUM(H22:H25) -> 0 | Y13: =SUM(I22:I25) -> 11 | Z13: =SUM(J22:J25) -> 5 | ... AF13: =SUM(P22:P25) -> 204
B14: 08.00 - 08.15 | C14: 13 | D14: 4 | E14: 0 | F14: 15 | G14: 0 | H14: 0 | I14: 1 | J14: 1 | K14: 1 | L14: 0 | M14: 29 | N14: 0 | O14: =SUM(C14:L14,N14) -> 35 | P14: =SUM(C14:N14) -> 64 | R14: 1100-1200 | S14: =SUM(C26:C29) -> 27 | T14: =SUM(D26:D29) -> 9 | U14: =SUM(E26:E29) -> 5 | V14: =SUM(F26:F29) -> 32 | W14: =SUM(G26:G29) -> 0 | X14: =SUM(H26:H29) -> 1 | Y14: =SUM(I26:I29) -> 14 | Z14: =SUM(J26:J29) -> 1 | ... AF14: =SUM(P26:P29) -> 119
B15: 08.15 - 08.30 | C15: 17 | D15: 6 | E15: 0 | F15: 17 | G15: 0 | H15: 0 | I15: 5 | J15: 4 | K15: 1 | L15: 1 | M15: 25 | N15: 0 | O15: =SUM(C15:L15,N15) -> 51 | P15: =SUM(C15:N15) -> 76 | R15: 1200-1300 | S15: =SUM(C30:C33) -> 31 | T15: =SUM(D30:D33) -> 8 | U15: =SUM(E30:E33) -> 4 | V15: =SUM(F30:F33) -> 35 | W15: =SUM(G30:G33) -> 2 | X15: =SUM(H30:H33) -> 1 | Y15: =SUM(I30:I33) -> 16 | Z15: =SUM(J30:J33) -> 6 | ... AF15: =SUM(P30:P33) -> 145
B16: 08.30 - 08.45 | C16: 15 | D16: 4 | E16: 1 | F16: 14 | G16: 0 | H16: 0 | I16: 1 | J16: 0 | K16: 1 | L16: 0 | M16: 32 | N16: 0 | O16: =SUM(C16:L16,N16) -> 36 | P16: =SUM(C16:N16) -> 68 | R16: 1300-1400 | S16: =SUM(C34:C37) -> 29 | T16: =SUM(D34:D37) -> 13 | U16: =SUM(E34:E37) -> 14 | V16: =SUM(F34:F37) -> 34 | W16: =SUM(G34:G37) -> 2 | X16: =SUM(H34:H37) -> 2 | Y16: =SUM(I34:I37) -> 11 | Z16: =SUM(J34:J37) -> 16 | ... AF16: =SUM(P34:P37) -> 166
B17: 08.45 - 9.00 | C17: 11 | D17: 4 | E17: 0 | F17: 15 | G17: 0 | H17: 0 | I17: 5 | J17: 0 | K17: 0 | L17: 0 | M17: 25 | N17: 0 | O17: =SUM(C17:L17,N17) -> 35 | P17: =SUM(C17:N17) -> 60 | R17: 1400-1500 | S17: =SUM(C38:C41) -> 46 | T17: =SUM(D38:D41) -> 20 | U17: =SUM(E38:E41) -> 7 | V17: =SUM(F38:F41) -> 47 | W17: =SUM(G38:G41) -> 0 | X17: =SUM(H38:H41) -> 1 | Y17: =SUM(I38:I41) -> 34 | Z17: =SUM(J38:J41) -> 10 | ... AF17: =SUM(P38:P41) -> 196
B18: 09.00 - 09.15 | C18: 12 | D18: 7 | E18: 0 | F18: 16 | G18: 0 | H18: 0 | I18: 1 | J18: 1 | K18: 1 | L18: 0 | M18: 15 | N18: 0 | O18: =SUM(C18:L18,N18) -> 38 | P18: =SUM(C18:N18) -> 53 | R18: 1500-1600 | S18: =SUM(C42:C45) -> 36 | T18: =SUM(D42:D45) -> 21 | U18: =SUM(E42:E45) -> 8 | V18: =SUM(F42:F45) -> 44 | W18: =SUM(G42:G45) -> 2 | X18: =SUM(H42:H45) -> 2 | Y18: =SUM(I42:I45) -> 25 | Z18: =SUM(J42:J45) -> 9 | ... AF18: =SUM(P42:P45) -> 206
B19: 09.15 - 09.30 | C19: 9 | D19: 4 | E19: 1 | F19: 10 | G19: 0 | H19: 0 | I19: 3 | J19: 0 | K19: 0 | L19: 0 | M19: 13 | N19: 0 | O19: =SUM(C19:L19,N19) -> 27 | P19: =SUM(C19:N19) -> 40 | R19: 1600-1700 | S19: =SUM(C46:C49) -> 53 | T19: =SUM(D46:D49) -> 27 | U19: =SUM(E46:E49) -> 14 | V19: =SUM(F46:F49) -> 43 | W19: =SUM(G46:G49) -> 3 | X19: =SUM(H46:H49) -> 2 | Y19: =SUM(I46:I49) -> 37 | Z19: =SUM(J46:J49) -> 13 | ... AF19: =SUM(P46:P49) -> 254
B20: 09.30 - 09.45 | C20: 6 | D20: 1 | E20: 0 | F20: 14 | G20: 1 | H20: 0 | I20: 2 | J20: 0 | K20: 0 | L20: 0 | M20: 16 | N20: 0 | O20: =SUM(C20:L20,N20) -> 24 | P20: =SUM(C20:N20) -> 40 | R20: 1700-1800 | S20: =SUM(C50:C53) -> 101 | T20: =SUM(D50:D53) -> 48 | U20: =SUM(E50:E53) -> 20 | V20: =SUM(F50:F53) -> 73 | W20: =SUM(G50:G53) -> 2 | X20: =SUM(H50:H53) -> 6 | Y20: =SUM(I50:I53) -> 35 | Z20: =SUM(J50:J53) -> 12 | ... AF20: =SUM(P50:P53) -> 381
B21: 09.45 - 10.00 | C21: 4 | D21: 4 | E21: 2 | F21: 8 | G21: 0 | H21: 0 | I21: 2 | J21: 0 | K21: 1 | L21: 1 | M21: 24 | N21: 0 | O21: =SUM(C21:L21,N21) -> 22 | P21: =SUM(C21:N21) -> 46 | R21: 1800-1900 | S21: =SUM(C54:C57) -> 50 | T21: =SUM(D54:D57) -> 38 | U21: =SUM(E54:E57) -> 22 | V21: =SUM(F54:F57) -> 50 | W21: =SUM(G54:G57) -> 2 | X21: =SUM(H54:H57) -> 2 | Y21: =SUM(I54:I57) -> 30 | Z21: =SUM(J54:J57) -> 10 | ... AF21: =SUM(P54:P57) -> 277
B22: 10.00 - 10.15 | C22: 10 | D22: 4 | E22: 2 | F22: 17 | G22: 0 | H22: 0 | I22: 1 | J22: 0 | K22: 2 | L22: 0 | M22: 20 | N22: 0 | O22: =SUM(C22:L22,N22) -> 36 | P22: =SUM(C22:N22) -> 56 | R22: 1900-2000 | S22: =SUM(C58:C61) -> 110 | T22: =SUM(D58:D61) -> 23 | U22: =SUM(E58:E61) -> 22 | V22: =SUM(F58:F61) -> 73 | W22: =SUM(G58:G61) -> 2 | X22: =SUM(H58:H61) -> 1 | Y22: =SUM(I58:I61) -> 33 | Z22: =SUM(J58:J61) -> 21 | ... AF22: =SUM(P58:P61) -> 399
B23: 10.15 - 10.30 | C23: 7 | D23: 4 | E23: 0 | F23: 15 | G23: 0 | H23: 0 | I23: 1 | J23: 2 | K23: 2 | L23: 1 | M23: 28 | N23: 0 | O23: =SUM(C23:L23,N23) -> 32 | P23: =SUM(C23:N23) -> 60 | R23: 2000-2100 | S23: =SUM(C62:C65) -> 63 | T23: =SUM(D62:D65) -> 9 | U23: =SUM(E62:E65) -> 13 | V23: =SUM(F62:F65) -> 42 | W23: =SUM(G62:G65) -> 1 | X23: =SUM(H62:H65) -> 0 | Y23: =SUM(I62:I65) -> 12 | Z23: =SUM(J62:J65) -> 15 | ... AF23: =SUM(P62:P65) -> 268
B24: 10.30 - 10.45 | C24: 10 | D24: 1 | E24: 2 | F24: 11 | G24: 0 | H24: 0 | I24: 5 | J24: 1 | K24: 0 | L24: 1 | M24: 17 | N24: 0 | O24: =SUM(C24:L24,N24) -> 31 | P24: =SUM(C24:N24) -> 48 | R24: 2100-2200 | S24: =SUM(C66:C69) -> 65 | T24: =SUM(D66:D69) -> 5 | U24: =SUM(E66:E69) -> 5 | V24: =SUM(F66:F69) -> 36 | W24: =SUM(G66:G69) -> 0 | X24: =SUM(H66:H69) -> 5 | Y24: =SUM(I66:I69) -> 23 | Z24: =SUM(J66:J69) -> 17 | ... AF24: =SUM(P66:P69) -> 225
B25: 10.45 - 11.00 | C25: 10 | D25: 3 | E25: 1 | F25: 8 | G25: 0 | H25: 0 | I25: 4 | J25: 2 | K25: 0 | L25: 0 | M25: 12 | N25: 0 | O25: =SUM(C25:L25,N25) -> 28 | P25: =SUM(C25:N25) -> 40 | R25: 2200-2300 | S25: =SUM(C70:C73) -> 50 | T25: =SUM(D70:D73) -> 7 | U25: =SUM(E70:E73) -> 3 | V25: =SUM(F70:F73) -> 30 | W25: =SUM(G70:G73) -> 0 | X25: =SUM(H70:H73) -> 2 | Y25: =SUM(I70:I73) -> 10 | Z25: =SUM(J70:J73) -> 11 | ... AF25: =SUM(P70:P73) -> 177
B26: 11.00 - 11.15 | C26: 4 | D26: 0 | E26: 0 | F26: 9 | G26: 0 | H26: 1 | I26: 6 | J26: 0 | K26: 1 | L26: 0 | M26: 9 | N26: 0 | O26: =SUM(C26:L26,N26) -> 21 | P26: =SUM(C26:N26) -> 30 | R26: 2300-0000 | S26: =SUM(C74:C77) -> 23 | T26: =SUM(D74:D77) -> 4 | U26: =SUM(E74:E77) -> 2 | V26: =SUM(F74:F77) -> 11 | W26: =SUM(G74:G77) -> 0 | X26: =SUM(H74:H77) -> 0 | Y26: =SUM(I74:I77) -> 8 | Z26: =SUM(J74:J77) -> 9 | ... AF26: =SUM(P74:P77) -> 92
B27: 11.15 - 11.30 | C27: 8 | D27: 3 | E27: 1 | F27: 8 | G27: 0 | H27: 0 | I27: 2 | J27: 1 | K27: 0 | L27: 0 | M27: 4 | N27: 0 | O27: =SUM(C27:L27,N27) -> 23 | P27: =SUM(C27:N27) -> 27 | R27: 0000-0100 | S27: =SUM(C78:C81) -> 9 | T27: =SUM(D78:D81) -> 3 | U27: =SUM(E78:E81) -> 5 | V27: =SUM(F78:F81) -> 6 | W27: =SUM(G78:G81) -> 0 | X27: =SUM(H78:H81) -> 0 | Y27: =SUM(I78:I81) -> 5 | Z27: =SUM(J78:J81) -> 12 | ... AF27: =SUM(P78:P81) -> 51
B28: 11.30 - 11.45 | C28: 7 | D28: 4 | E28: 2 | F28: 3 | G28: 0 | H28: 0 | I28: 3 | J28: 0 | K28: 0 | L28: 0 | M28: 8 | N28: 0 | O28: =SUM(C28:L28,N28) -> 19 | P28: =SUM(C28:N28) -> 27 | R28: 0100-0200 | S28: =SUM(C82:C85) -> 7 | T28: =SUM(D82:D85) -> 2 | U28: =SUM(E82:E85) -> 4 | V28: =SUM(F82:F85) -> 0 | W28: =SUM(G82:G85) -> 0 | X28: =SUM(H82:H85) -> 0 | Y28: =SUM(I82:I85) -> 4 | Z28: =SUM(J82:J85) -> 5 | ... AF28: =SUM(P82:P85) -> 36
B29: 11.45 - 12.00 | C29: 8 | D29: 2 | E29: 2 | F29: 12 | G29: 0 | H29: 0 | I29: 3 | J29: 0 | K29: 0 | L29: 3 | M29: 5 | N29: 0 | O29: =SUM(C29:L29,N29) -> 30 | P29: =SUM(C29:N29) -> 35 | R29: 0200-0300 | S29: =SUM(C86:C89) -> 5 | T29: =SUM(D86:D89) -> 2 | U29: =SUM(E86:E89) -> 1 | V29: =SUM(F86:F89) -> 1 | W29: =SUM(G86:G89) -> 0 | X29: =SUM(H86:H89) -> 0 | Y29: =SUM(I86:I89) -> 5 | Z29: =SUM(J86:J89) -> 1 | ... AF29: =SUM(P86:P89) -> 28
B30: 12.00 - 12.15 | C30: 10 | D30: 2 | E30: 2 | F30: 8 | G30: 2 | H30: 0 | I30: 7 | J30: 2 | K30: 0 | L30: 0 | M30: 11 | N30: 0 | O30: =SUM(C30:L30,N30) -> 33 | P30: =SUM(C30:N30) -> 44 | R30: 0300-0400 | S30: =SUM(C90:C93) -> 6 | T30: =SUM(D90:D93) -> 2 | U30: =SUM(E90:E93) -> 0 | V30: =SUM(F90:F93) -> 0 | W30: =SUM(G90:G93) -> 0 | X30: =SUM(H90:H93) -> 0 | Y30: =SUM(I90:I93) -> 6 | Z30: =SUM(J90:J93) -> 3 | ... AF30: =SUM(P90:P93) -> 32
B31: 12.15 - 12.30 | C31: 4 | D31: 2 | E31: 0 | F31: 3 | G31: 0 | H31: 0 | I31: 1 | J31: 0 | K31: 0 | L31: 0 | M31: 5 | N31: 0 | O31: =SUM(C31:L31,N31) -> 10 | P31: =SUM(C31:N31) -> 15 | R31: 0400-0500 | S31: =SUM(C94:C97) -> 15 | T31: =SUM(D94:D97) -> 0 | U31: =SUM(E94:E97) -> 1 | V31: =SUM(F94:F97) -> 2 | W31: =SUM(G94:G97) -> 0 | X31: =SUM(H94:H97) -> 2 | Y31: =SUM(I94:I97) -> 3 | Z31: =SUM(J94:J97) -> 1 | ... AF31: =SUM(P94:P97) -> 36
B32: 12.30 - 12.45 | C32: 8 | D32: 2 | E32: 2 | F32: 9 | G32: 0 | H32: 0 | I32: 7 | J32: 1 | K32: 1 | L32: 0 | M32: 8 | N32: 0 | O32: =SUM(C32:L32,N32) -> 30 | P32: =SUM(C32:N32) -> 38 | R32: 0500-0600 | S32: =SUM(C98:C101) -> 23 | T32: =SUM(D98:D101) -> 2 | U32: =SUM(E98:E101) -> 1 | V32: =SUM(F98:F101) -> 23 | W32: =SUM(G98:G101) -> 0 | X32: =SUM(H98:H101) -> 2 | Y32: =SUM(I98:I101) -> 3 | Z32: =SUM(J98:J101) -> 13 | ... AF32: =SUM(P98:P101) -> 94
B33: 12.45 - 13.00 | C33: 9 | D33: 2 | E33: 0 | F33: 15 | G33: 0 | H33: 1 | I33: 1 | J33: 3 | K33: 1 | L33: 0 | M33: 16 | N33: 0 | O33: =SUM(C33:L33,N33) -> 32 | P33: =SUM(C33:N33) -> 48 | R33: 0600-0700 | S33: =SUM(C102:C105) -> 46 | T33: =SUM(D102:D105) -> 6 | U33: =SUM(E102:E105) -> 0 | V33: =SUM(F102:F105) -> 37 | W33: =SUM(G102:G105) -> 2 | X33: =SUM(H102:H105) -> 1 | Y33: =SUM(I102:I105) -> 5 | Z33: =SUM(J102:J105) -> 8 | ... AF33: =SUM(P102:P105) -> 131
B34: 13.00 - 13.15 | C34: 9 | D34: 3 | E34: 3 | F34: 12 | G34: 0 | H34: 1 | I34: 3 | J34: 4 | K34: 0 | L34: 0 | M34: 15 | N34: 0 | O34: =SUM(C34:L34,N34) -> 35 | P34: =SUM(C34:N34) -> 50 | R34: AM Peak Hr | S34: =MAX(S10:S12) -> 56 | T34: =MAX(T10:T12) -> 18 | U34: =MAX(U10:U12) -> 3 | V34: =MAX(V10:V12) -> 61 | W34: =MAX(W10:W12) -> 1 | X34: =MAX(X10:X12) -> 0 | Y34: =MAX(Y10:Y12) -> 12 | Z34: =MAX(Z10:Z12) -> 5 | ... AF34: =MAX(AF10:AF12) -> 268
B35: 13.15 - 13.30 | C35: 5 | D35: 4 | E35: 2 | F35: 6 | G35: 2 | H35: 0 | I35: 4 | J35: 6 | K35: 0 | L35: 0 | M35: 11 | N35: 0 | O35: =SUM(C35:L35,N35) -> 29 | P35: =SUM(C35:N35) -> 40 | R35: IP Peak Hr | S35: =MAX(S13:S18) -> 46 | T35: =MAX(T13:T18) -> 21 | U35: =MAX(U13:U18) -> 14 | V35: =MAX(V13:V18) -> 51 | W35: =MAX(W13:W18) -> 2 | X35: =MAX(X13:X18) -> 2 | Y35: =MAX(Y13:Y18) -> 34 | Z35: =MAX(Z13:Z18) -> 16 | ... AF35: =MAX(AF13:AF18) -> 206
B36: 13.30 - 13.45 | C36: 10 | D36: 3 | E36: 6 | F36: 10 | G36: 0 | H36: 0 | I36: 4 | J36: 5 | K36: 1 | L36: 4 | M36: 6 | N36: 0 | O36: =SUM(C36:L36,N36) -> 43 | P36: =SUM(C36:N36) -> 49 | R36: PM Peak Hr | S36: =MAX(S19:S21) -> 101 | T36: =MAX(T19:T21) -> 48 | U36: =MAX(U19:U21) -> 22 | V36: =MAX(V19:V21) -> 73 | W36: =MAX(W19:W21) -> 3 | X36: =MAX(X19:X21) -> 6 | Y36: =MAX(Y19:Y21) -> 37 | Z36: =MAX(Z19:Z21) -> 13 | ... AF36: =MAX(AF19:AF21) -> 381
B37: 13.45 - 14.00 | C37: 5 | D37: 3 | E37: 3 | F37: 6 | G37: 0 | H37: 1 | I37: 0 | J37: 1 | K37: 0 | L37: 2 | M37: 6 | N37: 0 | O37: =SUM(C37:L37,N37) -> 21 | P37: =SUM(C37:N37) -> 27 | R37: AM Period | S37: =SUM(S10:S12) -> 137 | T37: =SUM(T10:T12) -> 42 | U37: =SUM(U10:U12) -> 6 | V37: =SUM(V10:V12) -> 168 | W37: =SUM(W10:W12) -> 2 | X37: =SUM(X10:X12) -> 0 | Y37: =SUM(Y10:Y12) -> 30 | Z37: =SUM(Z10:Z12) -> 9 | ... AF37: =SUM(AF10:AF12) -> 662
B38: 14.00 - 14.15 | C38: 10 | D38: 4 | E38: 3 | F38: 9 | G38: 0 | H38: 0 | I38: 15 | J38: 3 | K38: 2 | L38: 1 | M38: 10 | N38: 0 | O38: =SUM(C38:L38,N38) -> 47 | P38: =SUM(C38:N38) -> 57 | R38: IP Period | S38: =SUM(S13:S18) -> 206 | T38: =SUM(T13:T18) -> 83 | U38: =SUM(U13:U18) -> 43 | V38: =SUM(V13:V18) -> 243 | W38: =SUM(W13:W18) -> 6 | X38: =SUM(X13:X18) -> 7 | Y38: =SUM(Y13:Y18) -> 111 | Z38: =SUM(Z13:Z18) -> 47 | ... AF38: =SUM(AF13:AF18) -> 1036
B39: 14.15 - 14.30 | C39: 14 | D39: 5 | E39: 4 | F39: 14 | G39: 0 | H39: 0 | I39: 8 | J39: 3 | K39: 1 | L39: 1 | M39: 5 | N39: 0 | O39: =SUM(C39:L39,N39) -> 50 | P39: =SUM(C39:N39) -> 55 | R39: PM Period | S39: =SUM(S19:S21) -> 204 | T39: =SUM(T19:T21) -> 113 | U39: =SUM(U19:U21) -> 56 | V39: =SUM(V19:V21) -> 166 | W39: =SUM(W19:W21) -> 7 | X39: =SUM(X19:X21) -> 10 | Y39: =SUM(Y19:Y21) -> 102 | Z39: =SUM(Z19:Z21) -> 35 | ... AF39: =SUM(AF19:AF21) -> 912
B40: 14.30 - 14.45 | C40: 10 | D40: 5 | E40: 0 | F40: 15 | G40: 0 | H40: 0 | I40: 3 | J40: 3 | K40: 1 | L40: 2 | M40: 2 | N40: 0 | O40: =SUM(C40:L40,N40) -> 39 | P40: =SUM(C40:N40) -> 41 | R40: 12 Hours | S40: =SUM(S10:S21) -> 547 | T40: =SUM(T10:T21) -> 238 | U40: =SUM(U10:U21) -> 105 | V40: =SUM(V10:V21) -> 577 | W40: =SUM(W10:W21) -> 15 | X40: =SUM(X10:X21) -> 17 | Y40: =SUM(Y10:Y21) -> 243 | Z40: =SUM(Z10:Z21) -> 91 | ... AF40: =SUM(AF10:AF21) -> 2610
B41: 14.45 - 15.00 | C41: 12 | D41: 6 | E41: 0 | F41: 9 | G41: 0 | H41: 1 | I41: 8 | J41: 1 | K41: 0 | L41: 0 | M41: 6 | N41: 0 | O41: =SUM(C41:L41,N41) -> 37 | P41: =SUM(C41:N41) -> 43 | R41: 24 Hrs/ADT | S41: =SUM(S10:S33) -> 969 | T41: =SUM(T10:T33) -> 303 | U41: =SUM(U10:U33) -> 162 | V41: =SUM(V10:V33) -> 838 | W41: =SUM(W10:W33) -> 20 | X41: =SUM(X10:X33) -> 30 | Y41: =SUM(Y10:Y33) -> 360 | Z41: =SUM(Z10:Z33) -> 207 | ... AF41: =SUM(AF10:AF33) -> 4179
B42: 15.00 - 15.15 | C42: 6 | D42: 12 | E42: 2 | F42: 6 | G42: 1 | H42: 2 | I42: 5 | J42: 2 | K42: 0 | L42: 0 | M42: 15 | N42: 0 | O42: =SUM(C42:L42,N42) -> 36 | P42: =SUM(C42:N42) -> 51 | R42: NEF | S42: =S41/S40 -> 1.7714808 | T42: =T41/T40 -> 1.2731092 | U42: =U41/U40 -> 1.5428571 | V42: =V41/V40 -> 1.4523397 | W42: =W41/W40 -> 1.3333333 | X42: =X41/X40 -> 1.7647059 | Y42: =Y41/Y40 -> 1.4814815 | Z42: =Z41/Z40 -> 2.2747253 | ... AF42: =AF41/AF40 -> 1.6011494
B43: 15.15 - 15.30 | C43: 4 | D43: 5 | E43: 2 | F43: 6 | G43: 0 | H43: 0 | I43: 4 | J43: 3 | K43: 3 | L43: 0 | M43: 4 | N43: 0 | O43: =SUM(C43:L43,N43) -> 27 | P43: =SUM(C43:N43) -> 31
B44: 15.30 - 15.45 | C44: 17 | D44: 3 | E44: 1 | F44: 16 | G44: 0 | H44: 0 | I44: 8 | J44: 2 | K44: 1 | L44: 0 | M44: 18 | N44: 0 | O44: =SUM(C44:L44,N44) -> 48 | P44: =SUM(C44:N44) -> 66
B45: 15.45 - 16.00 | C45: 9 | D45: 1 | E45: 3 | F45: 16 | G45: 1 | H45: 0 | I45: 8 | J45: 2 | K45: 1 | L45: 2 | M45: 15 | N45: 0 | O45: =SUM(C45:L45,N45) -> 43 | P45: =SUM(C45:N45) -> 58
B46: 16.00 - 16.15 | C46: 8 | D46: 6 | E46: 1 | F46: 7 | G46: 0 | H46: 1 | I46: 8 | J46: 2 | K46: 7 | L46: 0 | M46: 12 | N46: 0 | O46: =SUM(C46:L46,N46) -> 40 | P46: =SUM(C46:N46) -> 52
B47: 16.15 -16.30 | C47: 11 | D47: 5 | E47: 3 | F47: 7 | G47: 0 | H47: 0 | I47: 13 | J47: 1 | K47: 1 | L47: 3 | M47: 10 | N47: 0 | O47: =SUM(C47:L47,N47) -> 44 | P47: =SUM(C47:N47) -> 54
B48: 16.30 -16.45 | C48: 19 | D48: 8 | E48: 1 | F48: 12 | G48: 3 | H48: 0 | I48: 11 | J48: 4 | K48: 0 | L48: 1 | M48: 14 | N48: 0 | O48: =SUM(C48:L48,N48) -> 59 | P48: =SUM(C48:N48) -> 73
B49: 16.45 -17.00 | C49: 15 | D49: 8 | E49: 9 | F49: 17 | G49: 0 | H49: 1 | I49: 5 | J49: 6 | K49: 3 | L49: 0 | M49: 11 | N49: 0 | O49: =SUM(C49:L49,N49) -> 64 | P49: =SUM(C49:N49) -> 75
B50: 17.00 -17.15 | C50: 21 | D50: 14 | E50: 6 | F50: 15 | G50: 0 | H50: 0 | I50: 9 | J50: 2 | K50: 0 | L50: 2 | M50: 10 | N50: 0 | O50: =SUM(C50:L50,N50) -> 69 | P50: =SUM(C50:N50) -> 79
B51: 17.15 -17.30 | C51: 24 | D51: 11 | E51: 4 | F51: 20 | G51: 0 | H51: 3 | I51: 10 | J51: 3 | K51: 0 | L51: 0 | M51: 22 | N51: 0 | O51: =SUM(C51:L51,N51) -> 75 | P51: =SUM(C51:N51) -> 97
B52: 17.30 -17.45 | C52: 33 | D52: 9 | E52: 4 | F52: 21 | G52: 0 | H52: 3 | I52: 8 | J52: 4 | K52: 1 | L52: 3 | M52: 20 | N52: 0 | O52: =SUM(C52:L52,N52) -> 86 | P52: =SUM(C52:N52) -> 106
B53: 17.45 -18.00 | C53: 23 | D53: 14 | E53: 6 | F53: 17 | G53: 2 | H53: 0 | I53: 8 | J53: 3 | K53: 2 | L53: 1 | M53: 23 | N53: 0 | O53: =SUM(C53:L53,N53) -> 76 | P53: =SUM(C53:N53) -> 99
B54: 18.00 - 18.15 | C54: 16 | D54: 12 | E54: 8 | F54: 16 | G54: 0 | H54: 0 | I54: 8 | J54: 3 | K54: 1 | L54: 1 | M54: 25 | N54: 0 | O54: =SUM(C54:L54,N54) -> 65 | P54: =SUM(C54:N54) -> 90
... B105: 06.45 - 07.00 | C105: 20 | D105: 0 | E105: 0 | F105: 18 | G105: 0 | H105: 0 | I105: 0 | J105: 4 | K105: 0 | L105: 2 | M105: 11 | N105: 0 | O105: =SUM(C105:L105,N105) -> 44 | P105: =SUM(C105:N105) -> 55
B106: Totals | C106: =SUM(C10:C105) -> 969 | D106: =SUM(D10:D105) -> 303 | E106: =SUM(E10:E105) -> 162 | F106: =SUM(F10:F105) -> 838 | G106: =SUM(G10:G105) -> 20 | H106: =SUM(H10:H105) -> 30 | I106: =SUM(I10:I105) -> 360 | J106: =SUM(J10:J105) -> 207 | ... P106: =SUM(P10:P105) -> 4179
B107: %ges + MCs | C107: =C106/$P$106 -> 0.23187365 | D107: =D106/$P$106 -> 0.072505384 | E107: =E106/$P$106 -> 0.038765255 | F107: =F106/$P$106 -> 0.20052644 | G107: =G106/$P$106 -> 0.0047858339 | H107: =H106/$P$106 -> 0.0071787509 | I107: =I106/$P$106 -> 0.086145011 | J107: =J106/$P$106 -> 0.049533381 | ... N107: =N106/$P$106 -> 0
B108: %ges w/o MCs | C108: =C106/$O$106 -> 0.31938036 | D108: =D106/$O$106 -> 0.099868161 | E108: =E106/$O$106 -> 0.053394858 | F108: =F106/$O$106 -> 0.27620303 | G108: =G106/$O$106 -> 0.0065919578 | H108: =H106/$O$106 -> 0.0098879367 | I108: =I106/$O$106 -> 0.11865524 | J108: =J106/$O$106 -> 0.068226763 | ... L108: =L106/$O$106 -> 0.019775873 | N108: =N106/$O$106 -> 0

Sheet 31.10 Buloba-Bujuko-24h
B1: Consultancy services for Preparation of Expressway Development Master Plan (EDMP) for Uganda
B2: MANUAL CLASSIFIED COUNT (MCC)
B3: ROAD NAME: | C3: ='29.10 Bujuko-Buloba'!C3:G3 -> MCC - C2 - STN62 - BUJUKO-BULOBA ROAD
C5: Date | D5: ='31.10 Bujuko-Buloba-24h'!D5 -> 31.10.19 | F5: Location | G5: ='31.10 Bujuko-Buloba-24h'!G5:H5 -> Buloba Pop Oil | J5: Surveyor | K5: Mukasa J, Doreen
C6: Dir. From | D6: ='29.10 Buloba-Bujuko'!D6:E6 -> Buloba | F6: Dir. To | G6: ='30.10 Buloba-Bujuko'!G6:H6 -> Bujuko | J6: Supervisor | K6: ='31.10 Bujuko-Buloba-24h'!K6:L6 -> Godfrey
B8: Time / Veh Type | R8: SUMMARY TRAFFIC VOLUMES
C9: 1. Car | D9: 2. Station Wagon | E9: 3. Pickups | F9: 4. Minibus, matatu | G9: 5. Medium bus | H9: 6. Large Bus | I9: 7. Light Truck | J9: 8. Medium Truck | K9: 9. Heavy truck | L9: 10. Truck Trailer | M9: 11. Motor cycles | N9: 12. Tractors | O9: Total Excl M/Cycles | P9: Total All | R9: Time | S9: 1. Car | T9: 2. Station Wagon | U9: 3. Pickups | V9: 4. Minibus, matatu | W9: 5. Medium bus | X9: 6. Large Bus | Y9: 7. Light Truck | Z9: 8. Medium Truck | AA9: 9. Heavy truck | AB9: 10. Truck Trailer | AC9: 11. Motorcycles | AD9: 12. Tractors, Graders | AE9: Total Excl M/ Cycles | AF9: Total All
B10: 07.00 - 07.15 | C10: 11 | D10: 2 | E10: 2 | F10: 4 | G10: 1 | H10: 0 | I10: 6 | J10: 2 | K10: 0 | L10: 0 | M10: 14 | N10: 0 | O10: =SUM(C10:L10,N10) -> 28 | P10: =SUM(C10:N10) -> 42 | R10: 0700-0800 | S10: =SUM(C10:C13) -> 39 | T10: =SUM(D10:D13) -> 11 | U10: =SUM(E10:E13) -> 5 | V10: =SUM(F10:F13) -> 30 | W10: =SUM(G10:G13) -> 2 | X10: =SUM(H10:H13) -> 1 | Y10: =SUM(I10:I13) -> 15 | Z10: =SUM(J10:J13) -> 11 | ... AF10: =SUM(P10:P13) -> 153
B11: 07.15 - 07.30 | C11: 13 | D11: 2 | E11: 1 | F11: 10 | G11: 1 | H11: 1 | I11: 4 | J11: 2 | K11: 0 | L11: 0 | M11: 7 | N11: 0 | O11: =SUM(C11:L11,N11) -> 34 | P11: =SUM(C11:N11) -> 41 | R11: 0800-0900 | S11: =SUM(C14:C17) -> 71 | T11: =SUM(D14:D17) -> 35 | U11: =SUM(E14:E17) -> 21 | V11: =SUM(F14:F17) -> 63 | W11: =SUM(G14:G17) -> 3 | X11: =SUM(H14:H17) -> 1 | Y11: =SUM(I14:I17) -> 17 | Z11: =SUM(J14:J17) -> 10 | ... AF11: =SUM(P14:P17) -> 288
B12: 07.30 - 07.45 | C12: 8 | D12: 5 | E12: 2 | F12: 10 | G12: 0 | H12: 0 | I12: 1 | J12: 3 | K12: 2 | L12: 0 | M12: 9 | N12: 0 | O12: =SUM(C12:L12,N12) -> 31 | P12: =SUM(C12:N12) -> 40 | R12: 0900-1000 | S12: =SUM(C18:C21) -> 60 | T12: =SUM(D18:D21) -> 13 | U12: =SUM(E18:E21) -> 13 | V12: =SUM(F18:F21) -> 62 | W12: =SUM(G18:G21) -> 0 | X12: =SUM(H18:H21) -> 1 | Y12: =SUM(I18:I21) -> 18 | Z12: =SUM(J18:J21) -> 10 | ... AF12: =SUM(P18:P21) -> 234
B13: 07.45 - 08.00 | C13: 7 | D13: 2 | E13: 0 | F13: 6 | G13: 0 | H13: 0 | I13: 4 | J13: 4 | K13: 0 | L13: 0 | M13: 7 | N13: 0 | O13: =SUM(C13:L13,N13) -> 23 | P13: =SUM(C13:N13) -> 30 | R13: 1000-1100 | S13: =SUM(C22:C25) -> 77 | T13: =SUM(D22:D25) -> 11 | U13: =SUM(E22:E25) -> 21 | V13: =SUM(F22:F25) -> 71 | W13: =SUM(G22:G25) -> 1 | X13: =SUM(H22:H25) -> 1 | Y13: =SUM(I22:I25) -> 27 | Z13: =SUM(J22:J25) -> 17 | ... AF13: =SUM(P22:P25) -> 309
B14: 08.00 - 08.15 | C14: 24 | D14: 14 | E14: 5 | F14: 26 | G14: 1 | H14: 0 | I14: 6 | J14: 4 | K14: 3 | L14: 3 | M14: 18 | N14: 0 | O14: =SUM(C14:L14,N14) -> 86 | P14: =SUM(C14:N14) -> 104 | R14: 1100-1200 | S14: =SUM(C26:C29) -> 97 | T14: =SUM(D26:D29) -> 17 | U14: =SUM(E26:E29) -> 10 | V14: =SUM(F26:F29) -> 48 | W14: =SUM(G26:G29) -> 1 | X14: =SUM(H26:H29) -> 2 | Y14: =SUM(I26:I29) -> 8 | Z14: =SUM(J26:J29) -> 8 | ... AF14: =SUM(P26:P29) -> 243
B15: 08.15 - 08.30 | C15: 13 | D15: 5 | E15: 1 | F15: 10 | G15: 0 | H15: 0 | I15: 3 | J15: 0 | K15: 0 | L15: 0 | M15: 13 | N15: 0 | O15: =SUM(C15:L15,N15) -> 32 | P15: =SUM(C15:N15) -> 45 | R15: 1200-1300 | S15: =SUM(C30:C33) -> 55 | T15: =SUM(D30:D33) -> 8 | U15: =SUM(E30:E33) -> 10 | V15: =SUM(F30:F33) -> 38 | W15: =SUM(G30:G33) -> 1 | X15: =SUM(H30:H33) -> 1 | Y15: =SUM(I30:I33) -> 19 | Z15: =SUM(J30:J33) -> 15 | ... AF15: =SUM(P30:P33) -> 194
B16: 08.30 - 08.45 | C16: 16 | D16: 6 | E16: 2 | F16: 13 | G16: 2 | H16: 0 | I16: 4 | J16: 3 | K16: 0 | L16: 0 | M16: 9 | N16: 0 | O16: =SUM(C16:L16,N16) -> 46 | P16: =SUM(C16:N16) -> 55 | R16: 1300-1400 | S16: =SUM(C34:C37) -> 60 | T16: =SUM(D34:D37) -> 17 | U16: =SUM(E34:E37) -> 19 | V16: =SUM(F34:F37) -> 60 | W16: =SUM(G34:G37) -> 0 | X16: =SUM(H34:H37) -> 2 | Y16: =SUM(I34:I37) -> 31 | Z16: =SUM(J34:J37) -> 19 | ... AF16: =SUM(P34:P37) -> 262
B17: 08.45 - 9.00 | C17: 18 | D17: 10 | E17: 13 | F17: 14 | G17: 0 | H17: 1 | I17: 4 | J17: 3 | K17: 0 | L17: 0 | M17: 21 | N17: 0 | O17: =SUM(C17:L17,N17) -> 63 | P17: =SUM(C17:N17) -> 84 | R17: 1400-1500 | S17: =SUM(C38:C41) -> 52 | T17: =SUM(D38:D41) -> 9 | U17: =SUM(E38:E41) -> 13 | V17: =SUM(F38:F41) -> 60 | W17: =SUM(G38:G41) -> 0 | X17: =SUM(H38:H41) -> 1 | Y17: =SUM(I38:I41) -> 14 | Z17: =SUM(J38:J41) -> 12 | ... AF17: =SUM(P38:P41) -> 206
B18: 09.00 - 09.15 | C18: 18 | D18: 3 | E18: 2 | F18: 22 | G18: 0 | H18: 0 | I18: 2 | J18: 2 | K18: 0 | L18: 0 | M18: 13 | N18: 0 | O18: =SUM(C18:L18,N18) -> 49 | P18: =SUM(C18:N18) -> 62 | R18: 1500-1600 | S18: =SUM(C42:C45) -> 57 | T18: =SUM(D42:D45) -> 12 | U18: =SUM(E42:E45) -> 13 | V18: =SUM(F42:F45) -> 64 | W18: =SUM(G42:G45) -> 1 | X18: =SUM(H42:H45) -> 3 | Y18: =SUM(I42:I45) -> 34 | Z18: =SUM(J42:J45) -> 13 | ... AF18: =SUM(P42:P45) -> 263
B19: 09.15 - 09.30 | C19: 11 | D19: 4 | E19: 5 | F19: 12 | G19: 0 | H19: 1 | I19: 8 | J19: 0 | K19: 1 | L19: 0 | M19: 10 | N19: 0 | O19: =SUM(C19:L19,N19) -> 42 | P19: =SUM(C19:N19) -> 52 | R19: 1600-1700 | S19: =SUM(C46:C49) -> 55 | T19: =SUM(D46:D49) -> 8 | U19: =SUM(E46:E49) -> 17 | V19: =SUM(F46:F49) -> 42 | W19: =SUM(G46:G49) -> 1 | X19: =SUM(H46:H49) -> 0 | Y19: =SUM(I46:I49) -> 26 | Z19: =SUM(J46:J49) -> 13 | ... AF19: =SUM(P46:P49) -> 200
B20: 09.30 - 09.45 | C20: 14 | D20: 4 | E20: 4 | F20: 16 | G20: 0 | H20: 0 | I20: 3 | J20: 4 | K20: 2 | L20: 0 | M20: 9 | N20: 0 | O20: =SUM(C20:L20,N20) -> 47 | P20: =SUM(C20:N20) -> 56 | R20: 1700-1800 | S20: =SUM(C50:C53) -> 69 | T20: =SUM(D50:D53) -> 18 | U20: =SUM(E50:E53) -> 4 | V20: =SUM(F50:F53) -> 67 | W20: =SUM(G50:G53) -> 1 | X20: =SUM(H50:H53) -> 2 | Y20: =SUM(I50:I53) -> 22 | Z20: =SUM(J50:J53) -> 15 | ... AF20: =SUM(P50:P53) -> 239
B21: 09.45 - 10.00 | C21: 17 | D21: 2 | E21: 2 | F21: 12 | G21: 0 | H21: 0 | I21: 5 | J21: 4 | K21: 3 | L21: 0 | M21: 19 | N21: 0 | O21: =SUM(C21:L21,N21) -> 45 | P21: =SUM(C21:N21) -> 64 | R21: 1800-1900 | S21: =SUM(C54:C57) -> 31 | T21: =SUM(D54:D57) -> 8 | U21: =SUM(E54:E57) -> 10 | V21: =SUM(F54:F57) -> 61 | W21: =SUM(G54:G57) -> 1 | X21: =SUM(H54:H57) -> 0 | Y21: =SUM(I54:I57) -> 14 | Z21: =SUM(J54:J57) -> 8 | ... AF21: =SUM(P54:P57) -> 179
B22: 10.00 - 10.15 | C22: 10 | D22: 2 | E22: 5 | F22: 18 | G22: 0 | H22: 0 | I22: 7 | J22: 2 | K22: 1 | L22: 3 | M22: 13 | N22: 0 | O22: =SUM(C22:L22,N22) -> 48 | P22: =SUM(C22:N22) -> 61 | R22: 1900-2000 | S22: =SUM(C58:C61) -> 73 | T22: =SUM(D58:D61) -> 9 | U22: =SUM(E58:E61) -> 11 | V22: =SUM(F58:F61) -> 59 | W22: =SUM(G58:G61) -> 0 | X22: =SUM(H58:H61) -> 1 | Y22: =SUM(I58:I61) -> 16 | Z22: =SUM(J58:J61) -> 22 | ... AF22: =SUM(P58:P61) -> 297
B23: 10.15 - 10.30 | C23: 20 | D23: 2 | E23: 7 | F23: 17 | G23: 1 | H23: 1 | I23: 5 | J23: 3 | K23: 4 | L23: 0 | M23: 17 | N23: 0 | O23: =SUM(C23:L23,N23) -> 60 | P23: =SUM(C23:N23) -> 77 | R23: 2000-2100 | S23: =SUM(C62:C65) -> 57 | T23: =SUM(D62:D65) -> 13 | U23: =SUM(E62:E65) -> 12 | V23: =SUM(F62:F65) -> 63 | W23: =SUM(G62:G65) -> 0 | X23: =SUM(H62:H65) -> 1 | Y23: =SUM(I62:I65) -> 24 | Z23: =SUM(J62:J65) -> 12 | ... AF23: =SUM(P62:P65) -> 252
B24: 10.30 - 10.45 | C24: 21 | D24: 3 | E24: 8 | F24: 20 | G24: 0 | H24: 0 | I24: 7 | J24: 7 | K24: 1 | L24: 2 | M24: 17 | N24: 0 | O24: =SUM(C24:L24,N24) -> 69 | P24: =SUM(C24:N24) -> 86 | R24: 2100-2200 | S24: =SUM(C66:C69) -> 41 | T24: =SUM(D66:D69) -> 7 | U24: =SUM(E66:E69) -> 10 | V24: =SUM(F66:F69) -> 31 | W24: =SUM(G66:G69) -> 1 | X24: =SUM(H66:H69) -> 2 | Y24: =SUM(I66:I69) -> 17 | Z24: =SUM(J66:J69) -> 20 | ... AF24: =SUM(P66:P69) -> 184
B25: 10.45 - 11.00 | C25: 26 | D25: 4 | E25: 1 | F25: 16 | G25: 0 | H25: 0 | I25: 8 | J25: 5 | K25: 2 | L25: 2 | M25: 21 | N25: 0 | O25: =SUM(C25:L25,N25) -> 64 | P25: =SUM(C25:N25) -> 85 | R25: 2200-2300 | S25: =SUM(C70:C73) -> 30 | T25: =SUM(D70:D73) -> 6 | U25: =SUM(E70:E73) -> 7 | V25: =SUM(F70:F73) -> 12 | W25: =SUM(G70:G73) -> 0 | X25: =SUM(H70:H73) -> 1 | Y25: =SUM(I70:I73) -> 19 | Z25: =SUM(J70:J73) -> 18 | ... AF25: =SUM(P70:P73) -> 136
B26: 11.00 - 11.15 | C26: 24 | D26: 0 | E26: 1 | F26: 11 | G26: 0 | H26: 1 | I26: 1 | J26: 0 | K26: 1 | L26: 2 | M26: 15 | N26: 0 | O26: =SUM(C26:L26,N26) -> 41 | P26: =SUM(C26:N26) -> 56 | R26: 2300-0000 | S26: =SUM(C74:C77) -> 15 | T26: =SUM(D74:D77) -> 3 | U26: =SUM(E74:E77) -> 4 | V26: =SUM(F74:F77) -> 8 | W26: =SUM(G74:G77) -> 0 | X26: =SUM(H74:H77) -> 0 | Y26: =SUM(I74:I77) -> 8 | Z26: =SUM(J74:J77) -> 19 | ... AF26: =SUM(P74:P77) -> 76
B27: 11.15 - 11.30 | C27: 22 | D27: 5 | E27: 4 | F27: 12 | G27: 0 | H27: 0 | I27: 1 | J27: 4 | K27: 0 | L27: 1 | M27: 6 | N27: 0 | O27: =SUM(C27:L27,N27) -> 49 | P27: =SUM(C27:N27) -> 55 | R27: 0000-0100 | S27: =SUM(C78:C81) -> 10 | T27: =SUM(D78:D81) -> 2 | U27: =SUM(E78:E81) -> 5 | V27: =SUM(F78:F81) -> 1 | W27: =SUM(G78:G81) -> 0 | X27: =SUM(H78:H81) -> 1 | Y27: =SUM(I78:I81) -> 21 | Z27: =SUM(J78:J81) -> 15 | ... AF27: =SUM(P78:P81) -> 70
B28: 11.30 - 11.45 | C28: 29 | D28: 5 | E28: 1 | F28: 10 | G28: 0 | H28: 1 | I28: 6 | J28: 2 | K28: 2 | L28: 0 | M28: 13 | N28: 0 | O28: =SUM(C28:L28,N28) -> 56 | P28: =SUM(C28:N28) -> 69 | R28: 0100-0200 | S28: =SUM(C82:C85) -> 2 | T28: =SUM(D82:D85) -> 1 | U28: =SUM(E82:E85) -> 1 | V28: =SUM(F82:F85) -> 2 | W28: =SUM(G82:G85) -> 0 | X28: =SUM(H82:H85) -> 1 | Y28: =SUM(I82:I85) -> 2 | Z28: =SUM(J82:J85) -> 6 | ... AF28: =SUM(P82:P85) -> 23
B29: 11.45 - 12.00 | C29: 22 | D29: 7 | E29: 4 | F29: 15 | G29: 1 | H29: 0 | I29: 0 | J29: 2 | K29: 0 | L29: 0 | M29: 12 | N29: 0 | O29: =SUM(C29:L29,N29) -> 51 | P29: =SUM(C29:N29) -> 63 | R29: 0200-0300 | S29: =SUM(C86:C89) -> 5 | T29: =SUM(D86:D89) -> 0 | U29: =SUM(E86:E89) -> 1 | V29: =SUM(F86:F89) -> 1 | W29: =SUM(G86:G89) -> 0 | X29: =SUM(H86:H89) -> 0 | Y29: =SUM(I86:I89) -> 2 | Z29: =SUM(J86:J89) -> 2 | ... AF29: =SUM(P86:P89) -> 23
B30: 12.00 - 12.15 | C30: 19 | D30: 1 | E30: 3 | F30: 11 | G30: 0 | H30: 0 | I30: 2 | J30: 2 | K30: 0 | L30: 1 | M30: 11 | N30: 0 | O30: =SUM(C30:L30,N30) -> 39 | P30: =SUM(C30:N30) -> 50 | R30: 0300-0400 | S30: =SUM(C90:C93) -> 7 | T30: =SUM(D90:D93) -> 2 | U30: =SUM(E90:E93) -> 2 | V30: =SUM(F90:F93) -> 1 | W30: =SUM(G90:G93) -> 0 | X30: =SUM(H90:H93) -> 0 | Y30: =SUM(I90:I93) -> 2 | Z30: =SUM(J90:J93) -> 2 | ... AF30: =SUM(P90:P93) -> 23
B31: 12.15 - 12.30 | C31: 10 | D31: 0 | E31: 1 | F31: 7 | G31: 0 | H31: 1 | I31: 8 | J31: 7 | K31: 0 | L31: 1 | M31: 10 | N31: 0 | O31: =SUM(C31:L31,N31) -> 35 | P31: =SUM(C31:N31) -> 45 | R31: 0400-0500 | S31: =SUM(C94:C97) -> 10 | T31: =SUM(D94:D97) -> 3 | U31: =SUM(E94:E97) -> 0 | V31: =SUM(F94:F97) -> 0 | W31: =SUM(G94:G97) -> 0 | X31: =SUM(H94:H97) -> 0 | Y31: =SUM(I94:I97) -> 0 | Z31: =SUM(J94:J97) -> 3 | ... AF31: =SUM(P94:P97) -> 23
B32: 12.30 - 12.45 | C32: 16 | D32: 5 | E32: 3 | F32: 14 | G32: 0 | H32: 0 | I32: 6 | J32: 3 | K32: 4 | L32: 0 | M32: 8 | N32: 0 | O32: =SUM(C32:L32,N32) -> 51 | P32: =SUM(C32:N32) -> 59 | R32: 0500-0600 | S32: =SUM(C98:C101) -> 4 | T32: =SUM(D98:D101) -> 3 | U32: =SUM(E98:E101) -> 0 | V32: =SUM(F98:F101) -> 3 | W32: =SUM(G98:G101) -> 0 | X32: =SUM(H98:H101) -> 1 | Y32: =SUM(I98:I101) -> 1 | Z32: =SUM(J98:J101) -> 3 | ... AF32: =SUM(P98:P101) -> 31
B33: 12.45 - 13.00 | C33: 10 | D33: 2 | E33: 3 | F33: 6 | G33: 1 | H33: 0 | I33: 3 | J33: 3 | K33: 1 | L33: 1 | M33: 10 | N33: 0 | O33: =SUM(C33:L33,N33) -> 30 | P33: =SUM(C33:N33) -> 40 | R33: 0600-0700 | S33: =SUM(C102:C105) -> 11 | T33: =SUM(D102:D105) -> 1 | U33: =SUM(E102:E105) -> 0 | V33: =SUM(F102:F105) -> 8 | W33: =SUM(G102:G105) -> 0 | X33: =SUM(H102:H105) -> 1 | Y33: =SUM(I102:I105) -> 10 | Z33: =SUM(J102:J105) -> 1 | ... AF33: =SUM(P102:P105) -> 50
B34: 13.00 - 13.15 | C34: 14 | D34: 8 | E34: 8 | F34: 25 | G34: 0 | H34: 0 | I34: 9 | J34: 11 | K34: 0 | L34: 2 | M34: 15 | N34: 0 | O34: =SUM(C34:L34,N34) -> 77 | P34: =SUM(C34:N34) -> 92 | R34: AM Peak Hr | S34: =MAX(S10:S12) -> 71 | T34: =MAX(T10:T12) -> 35 | U34: =MAX(U10:U12) -> 21 | V34: =MAX(V10:V12) -> 63 | W34: =MAX(W10:W12) -> 3 | X34: =MAX(X10:X12) -> 1 | Y34: =MAX(Y10:Y12) -> 18 | Z34: =MAX(Z10:Z12) -> 11 | ... AF34: =MAX(AF10:AF12) -> 288
B35: 13.15 - 13.30 | C35: 20 | D35: 2 | E35: 3 | F35: 13 | G35: 0 | H35: 0 | I35: 5 | J35: 2 | K35: 0 | L35: 0 | M35: 13 | N35: 0 | O35: =SUM(C35:L35,N35) -> 45 | P35: =SUM(C35:N35) -> 58 | R35: IP Peak Hr | S35: =MAX(S13:S18) -> 97 | T35: =MAX(T13:T18) -> 17 | U35: =MAX(U13:U18) -> 21 | V35: =MAX(V13:V18) -> 71 | W35: =MAX(W13:W18) -> 1 | X35: =MAX(X13:X18) -> 3 | Y35: =MAX(Y13:Y18) -> 34 | Z35: =MAX(Z13:Z18) -> 19 | ... AF35: =MAX(AF13:AF18) -> 309
B36: 13.30 - 13.45 | C36: 10 | D36: 4 | E36: 2 | F36: 10 | G36: 0 | H36: 2 | I36: 11 | J36: 3 | K36: 2 | L36: 0 | M36: 13 | N36: 0 | O36: =SUM(C36:L36,N36) -> 44 | P36: =SUM(C36:N36) -> 57 | R36: PM Peak Hr | S36: =MAX(S19:S21) -> 69 | T36: =MAX(T19:T21) -> 18 | U36: =MAX(U19:U21) -> 17 | V36: =MAX(V19:V21) -> 67 | W36: =MAX(W19:W21) -> 1 | X36: =MAX(X19:X21) -> 2 | Y36: =MAX(Y19:Y21) -> 26 | Z36: =MAX(Z19:Z21) -> 15 | ... AF36: =MAX(AF19:AF21) -> 239
B37: 13.45 - 14.00 | C37: 16 | D37: 3 | E37: 6 | F37: 12 | G37: 0 | H37: 0 | I37: 6 | J37: 3 | K37: 3 | L37: 1 | M37: 5 | N37: 0 | O37: =SUM(C37:L37,N37) -> 50 | P37: =SUM(C37:N37) -> 55 | R37: AM Period | S37: =SUM(S10:S12) -> 170 | T37: =SUM(T10:T12) -> 59 | U37: =SUM(U10:U12) -> 39 | V37: =SUM(V10:V12) -> 155 | W37: =SUM(W10:W12) -> 5 | X37: =SUM(X10:X12) -> 3 | Y37: =SUM(Y10:Y12) -> 50 | Z37: =SUM(Z10:Z12) -> 31 | ... AF37: =SUM(AF10:AF12) -> 675
B38: 14.00 - 14.15 | C38: 16 | D38: 1 | E38: 4 | F38: 15 | G38: 0 | H38: 1 | I38: 3 | J38: 4 | K38: 2 | L38: 3 | M38: 13 | N38: 0 | O38: =SUM(C38:L38,N38) -> 49 | P38: =SUM(C38:N38) -> 62 | R38: IP Period | S38: =SUM(S13:S18) -> 398 | T38: =SUM(T13:T18) -> 74 | U38: =SUM(U13:U18) -> 86 | V38: =SUM(V13:V18) -> 341 | W38: =SUM(W13:W18) -> 4 | X38: =SUM(X13:X18) -> 10 | Y38: =SUM(Y13:Y18) -> 133 | Z38: =SUM(Z13:Z18) -> 84 | ... AF38: =SUM(AF13:AF18) -> 1477
B39: 14.15 - 14.30 | C39: 9 | D39: 2 | E39: 3 | F39: 12 | G39: 0 | H39: 0 | I39: 2 | J39: 4 | K39: 4 | L39: 1 | M39: 4 | N39: 0 | O39: =SUM(C39:L39,N39) -> 37 | P39: =SUM(C39:N39) -> 41 | R39: PM Period | S39: =SUM(S19:S21) -> 155 | T39: =SUM(T19:T21) -> 34 | U39: =SUM(U19:U21) -> 31 | V39: =SUM(V19:V21) -> 170 | W39: =SUM(W19:W21) -> 3 | X39: =SUM(X19:X21) -> 2 | Y39: =SUM(Y19:Y21) -> 62 | Z39: =SUM(Z19:Z21) -> 36 | ... AF39: =SUM(AF19:AF21) -> 618
B40: 14.30 - 14.45 | C40: 14 | D40: 4 | E40: 3 | F40: 15 | G40: 0 | H40: 0 | I40: 7 | J40: 2 | K40: 2 | L40: 0 | M40: 0 | N40: 0 | O40: =SUM(C40:L40,N40) -> 47 | P40: =SUM(C40:N40) -> 47 | R40: 12 Hours | S40: =SUM(S10:S21) -> 723 | T40: =SUM(T10:T21) -> 167 | U40: =SUM(U10:U21) -> 156 | V40: =SUM(V10:V21) -> 666 | W40: =SUM(W10:W21) -> 12 | X40: =SUM(X10:X21) -> 15 | Y40: =SUM(Y10:Y21) -> 245 | Z40: =SUM(Z10:Z21) -> 151 | ... AF40: =SUM(AF10:AF21) -> 2770
B41: 14.45 - 15.00 | C41: 13 | D41: 2 | E41: 3 | F41: 18 | G41: 0 | H41: 0 | I41: 2 | J41: 2 | K41: 2 | L41: 0 | M41: 14 | N41: 0 | O41: =SUM(C41:L41,N41) -> 42 | P41: =SUM(C41:N41) -> 56 | R41: 24 Hrs/ADT | S41: =SUM(S10:S33) -> 988 | T41: =SUM(T10:T33) -> 217 | U41: =SUM(U10:U33) -> 209 | V41: =SUM(V10:V33) -> 855 | W41: =SUM(W10:W33) -> 13 | X41: =SUM(X10:X33) -> 24 | Y41: =SUM(Y10:Y33) -> 367 | Z41: =SUM(Z10:Z33) -> 274 | ... AF41: =SUM(AF10:AF33) -> 3958
B42: 15.00 - 15.15 | C42: 15 | D42: 2 | E42: 4 | F42: 12 | G42: 0 | H42: 0 | I42: 4 | J42: 2 | K42: 0 | L42: 0 | M42: 18 | N42: 0 | O42: =SUM(C42:L42,N42) -> 39 | P42: =SUM(C42:N42) -> 57 | R42: NEF | S42: =S41/S40 -> 1.3665284 | T42: =T41/T40 -> 1.2994012 | U42: =U41/U40 -> 1.3397436 | V42: =V41/V40 -> 1.2837838 | W42: =W41/W40 -> 1.0833333 | X42: =X41/X40 -> 1.6 | Y42: =Y41/Y40 -> 1.4979592 | Z42: =Z41/Z40 -> 1.8145695 | ... AF42: =AF41/AF40 -> 1.4288809
B43: 15.15 - 15.30 | C43: 12 | D43: 4 | E43: 2 | F43: 13 | G43: 0 | H43: 1 | I43: 9 | J43: 4 | K43: 1 | L43: 0 | M43: 10 | N43: 0 | O43: =SUM(C43:L43,N43) -> 46 | P43: =SUM(C43:N43) -> 56
B44: 15.30 - 15.45 | C44: 13 | D44: 1 | E44: 4 | F44: 21 | G44: 1 | H44: 2 | I44: 13 | J44: 3 | K44: 2 | L44: 0 | M44: 18 | N44: 0 | O44: =SUM(C44:L44,N44) -> 60 | P44: =SUM(C44:N44) -> 78
B45: 15.45 - 16.00 | C45: 17 | D45: 5 | E45: 3 | F45: 18 | G45: 0 | H45: 0 | I45: 8 | J45: 4 | K45: 3 | L45: 1 | M45: 13 | N45: 0 | O45: =SUM(C45:L45,N45) -> 59 | P45: =SUM(C45:N45) -> 72
B46: 16.00 - 16.15 | C46: 7 | D46: 2 | E46: 4 | F46: 6 | G46: 1 | H46: 0 | I46: 7 | J46: 2 | K46: 0 | L46: 1 | M46: 9 | N46: 0 | O46: =SUM(C46:L46,N46) -> 30 | P46: =SUM(C46:N46) -> 39
B47: 16.15 -16.30 | C47: 8 | D47: 1 | E47: 4 | F47: 15 | G47: 0 | H47: 0 | I47: 5 | J47: 3 | K47: 1 | L47: 0 | M47: 3 | N47: 0 | O47: =SUM(C47:L47,N47) -> 37 | P47: =SUM(C47:N47) -> 40
B48: 16.30 -16.45 | C48: 17 | D48: 3 | E48: 4 | F48: 13 | G48: 0 | H48: 0 | I48: 7 | J48: 5 | K48: 3 | L48: 1 | M48: 5 | N48: 0 | O48: =SUM(C48:L48,N48) -> 53 | P48: =SUM(C48:N48) -> 58
B49: 16.45 -17.00 | C49: 23 | D49: 2 | E49: 5 | F49: 8 | G49: 0 | H49: 0 | I49: 7 | J49: 3 | K49: 0 | L49: 5 | M49: 10 | N49: 0 | O49: =SUM(C49:L49,N49) -> 53 | P49: =SUM(C49:N49) -> 63
B50: 17.00 -17.15 | C50: 23 | D50: 2 | E50: 2 | F50: 15 | G50: 0 | H50: 2 | I50: 7 | J50: 2 | K50: 1 | L50: 1 | M50: 3 | N50: 0 | O50: =SUM(C50:L50,N50) -> 55 | P50: =SUM(C50:N50) -> 58
B51: 17.15 -17.30 | C51: 17 | D51: 7 | E51: 0 | F51: 20 | G51: 0 | H51: 0 | I51: 8 | J51: 4 | K51: 0 | L51: 1 | M51: 15 | N51: 0 | O51: =SUM(C51:L51,N51) -> 57 | P51: =SUM(C51:N51) -> 72
B52: 17.30 -17.45 | C52: 16 | D52: 8 | E52: 2 | F52: 19 | G52: 1 | H52: 0 | I52: 4 | J52: 2 | K52: 0 | L52: 0 | M52: 7 | N52: 0 | O52: =SUM(C52:L52,N52) -> 52 | P52: =SUM(C52:N52) -> 59
B53: 17.45 -18.00 | C53: 13 | D53: 1 | E53: 0 | F53: 13 | G53: 0 | H53: 0 | I53: 3 | J53: 7 | K53: 2 | L53: 1 | M53: 10 | N53: 0 | O53: =SUM(C53:L53,N53) -> 40 | P53: =SUM(C53:N53) -> 50
B54: 18.00 - 18.15 | C54: 5 | D54: 2 | E54: 3 | F54: 10 | G54: 0 | H54: 0 | I54: 2 | J54: 1 | K54: 1 | L54: 0 | M54: 7 | N54: 0 | O54: =SUM(C54:L54,N54) -> 24 | P54: =SUM(C54:N54) -> 31
... B105: 06.45 - 07.00 | C105: 5 | D105: 0 | E105: 0 | F105: 0 | G105: 0 | H105: 0 | I105: 4 | J105: 0 | K105: 0 | L105: 0 | M105: 3 | N105: 0 | O105: =SUM(C105:L105,N105) -> 9 | P105: =SUM(C105:N105) -> 12
B106: Totals | C106: =SUM(C10:C105) -> 988 | D106: =SUM(D10:D105) -> 217 | E106: =SUM(E10:E105) -> 209 | F106: =SUM(F10:F105) -> 855 | G106: =SUM(G10:G105) -> 13 | H106: =SUM(H10:H105) -> 24 | I106: =SUM(I10:I105) -> 367 | J106: =SUM(J10:J105) -> 274 | ... P106: =SUM(P10:P105) -> 3958
B107: %ges + MCs | C107: =C106/$P$106 -> 0.24962102 | D107: =D106/$P$106 -> 0.05482567 | E107: =E106/$P$106 -> 0.052804447 | F107: =F106/$P$106 -> 0.21601819 | G107: =G106/$P$106 -> 0.0032844871 | H107: =H106/$P$106 -> 0.0060636685 | I107: =I106/$P$106 -> 0.092723598 | J107: =J106/$P$106 -> 0.069226882 | ... N107: =N106/$P$106 -> 0.00075795856
B108: %ges w/o MCs | C108: =C106/$O$106 -> 0.31870968 | D108: =D106/$O$106 -> 0.07 | E108: =E106/$O$106 -> 0.067419355 | F108: =F106/$O$106 -> 0.27580645 | G108: =G106/$O$106 -> 0.0041935484 | H108: =H106/$O$106 -> 0.0077419355 | I108: =I106/$O$106 -> 0.1183871 | J108: =J106/$O$106 -> 0.088387097 | ... L108: =L106/$O$106 -> 0.020967742 | N108: =N106/$O$106 -> 0.00096774194

Sheet 1.11 Bujuko-Buloba
B1: Consultancy services for Preparation of Expressway Development Master Plan (EDMP) for Uganda
B2: MANUAL CLASSIFIED COUNT (MCC)
B3: ROAD NAME: | C3: ='29.10 Bujuko-Buloba'!C3:G3 -> MCC - C2 - STN62 - BUJUKO-BULOBA ROAD
C5: Date | D5: 1.11.19 | F5: Location | G5: ='29.10 Bujuko-Buloba'!G5:H5 -> Buloba Pop Oil | J5: Surveyor | K5: Nakiwuge A
C6: Dir. From | D6: ='29.10 Bujuko-Buloba'!D6:E6 -> Bujuko | F6: Dir. To | G6: ='29.10 Bujuko-Buloba'!G6:H6 -> Buloba | J6: Supervisor | K6: ='29.10 Bujuko-Buloba'!K6:L6 -> Godfrey
B8: Time / Veh Type | R8: SUMMARY TRAFFIC VOLUMES
C9: 1. Car | D9: 2. Station Wagon | E9: 3. Pickups | F9: 4. Minibus, matatu | G9: 5. Medium bus | H9: 6. Large Bus | I9: 7. Light Truck | J9: 8. Medium Truck | K9: 9. Heavy truck | L9: 10. Truck Trailer | M9: 11. Motor cycles | N9: 12. Tractors | O9: Total Excl M/Cycles | P9: Total All | R9: Time | S9: 1. Car | T9: 2. Station Wagon | U9: 3. Pickups | V9: 4. Minibus, matatu | W9: 5. Medium bus | X9: 6. Large Bus | Y9: 7. Light Truck | Z9: 8. Medium Truck | AA9: 9. Heavy truck | AB9: 10. Truck Trailer | AC9: 11. Motorcycles | AD9: 12. Tractors, Graders | AE9: Total Excl M/ Cycles | AF9: Total All
B10: 07.00 - 07.15 | C10: 6 | D10: 2 | E10: 1 | F10: 5 | G10: 0 | H10: 0 | I10: 2 | J10: 1 | K10: 0 | L10: 0 | M10: 8 | N10: 0 | O10: =SUM(C10:L10,N10) -> 17 | P10: =SUM(C10:N10) -> 25 | R10: 0700-0800 | S10: =SUM(C10:C13) -> 61 | T10: =SUM(D10:D13) -> 9 | U10: =SUM(E10:E13) -> 7 | V10: =SUM(F10:F13) -> 61 | W10: =SUM(G10:G13) -> 0 | X10: =SUM(H10:H13) -> 0 | Y10: =SUM(I10:I13) -> 5 | Z10: =SUM(J10:J13) -> 7 | ... AF10: =SUM(P10:P13) -> 204
B11: 07.15 - 07.30 | C11: 11 | D11: 0 | E11: 1 | F11: 20 | G11: 0 | H11: 0 | I11: 1 | J11: 1 | K11: 0 | L11: 0 | M11: 7 | N11: 0 | O11: =SUM(C11:L11,N11) -> 34 | P11: =SUM(C11:N11) -> 41 | R11: 0800-0900 | S11: =SUM(C14:C17) -> 74 | T11: =SUM(D14:D17) -> 5 | U11: =SUM(E14:E17) -> 14 | V11: =SUM(F14:F17) -> 72 | W11: =SUM(G14:G17) -> 2 | X11: =SUM(H14:H17) -> 1 | Y11: =SUM(I14:I17) -> 11 | Z11: =SUM(J14:J17) -> 9 | ... AF11: =SUM(P14:P17) -> 290
B12: 07.30 - 07.45 | C12: 26 | D12: 4 | E12: 2 | F12: 18 | G12: 0 | H12: 0 | I12: 1 | J12: 3 | K12: 0 | L12: 0 | M12: 17 | N12: 0 | O12: =SUM(C12:L12,N12) -> 54 | P12: =SUM(C12:N12) -> 71 | R12: 0900-1000 | S12: =SUM(C18:C21) -> 80 | T12: =SUM(D18:D21) -> 8 | U12: =SUM(E18:E21) -> 15 | V12: =SUM(F18:F21) -> 83 | W12: =SUM(G18:G21) -> 0 | X12: =SUM(H18:H21) -> 0 | Y12: =SUM(I18:I21) -> 16 | Z12: =SUM(J18:J21) -> 7 | ... AF12: =SUM(P18:P21) -> 316
B13: 07.45 - 08.00 | C13: 18 | D13: 3 | E13: 3 | F13: 18 | G13: 0 | H13: 0 | I13: 1 | J13: 2 | K13: 1 | L13: 0 | M13: 21 | N13: 0 | O13: =SUM(C13:L13,N13) -> 46 | P13: =SUM(C13:N13) -> 67 | R13: 1000-1100 | S13: =SUM(C22:C25) -> 70 | T13: =SUM(D22:D25) -> 12 | U13: =SUM(E22:E25) -> 14 | V13: =SUM(F22:F25) -> 56 | W13: =SUM(G22:G25) -> 0 | X13: =SUM(H22:H25) -> 1 | Y13: =SUM(I22:I25) -> 6 | Z13: =SUM(J22:J25) -> 7 | ... AF13: =SUM(P22:P25) -> 250
B14: 08.00 - 08.15 | C14: 14 | D14: 0 | E14: 2 | F14: 12 | G14: 0 | H14: 0 | I14: 1 | J14: 2 | K14: 0 | L14: 1 | M14: 27 | N14: 0 | O14: =SUM(C14:L14,N14) -> 32 | P14: =SUM(C14:N14) -> 59 | R14: 1100-1200 | S14: =SUM(C26:C29) -> 68 | T14: =SUM(D26:D29) -> 15 | U14: =SUM(E26:E29) -> 12 | V14: =SUM(F26:F29) -> 63 | W14: =SUM(G26:G29) -> 0 | X14: =SUM(H26:H29) -> 0 | Y14: =SUM(I26:I29) -> 18 | Z14: =SUM(J26:J29) -> 10 | ... AF14: =SUM(P26:P29) -> 281
B15: 08.15 - 08.30 | C15: 26 | D15: 1 | E15: 6 | F15: 26 | G15: 0 | H15: 1 | I15: 5 | J15: 5 | K15: 0 | L15: 1 | M15: 33 | N15: 0 | O15: =SUM(C15:L15,N15) -> 71 | P15: =SUM(C15:N15) -> 104 | R15: 1200-1300 | S15: =SUM(C30:C33) -> 58 | T15: =SUM(D30:D33) -> 13 | U15: =SUM(E30:E33) -> 13 | V15: =SUM(F30:F33) -> 58 | W15: =SUM(G30:G33) -> 2 | X15: =SUM(H30:H33) -> 1 | Y15: =SUM(I30:I33) -> 26 | Z15: =SUM(J30:J33) -> 8 | ... AF15: =SUM(P30:P33) -> 252
B16: 08.30 - 08.45 | C16: 12 | D16: 0 | E16: 4 | F16: 13 | G16: 1 | H16: 0 | I16: 2 | J16: 1 | K16: 0 | L16: 0 | M16: 24 | N16: 0 | O16: =SUM(C16:L16,N16) -> 33 | P16: =SUM(C16:N16) -> 57 | R16: 1300-1400 | S16: =SUM(C34:C37) -> 82 | T16: =SUM(D34:D37) -> 15 | U16: =SUM(E34:E37) -> 15 | V16: =SUM(F34:F37) -> 50 | W16: =SUM(G34:G37) -> 0 | X16: =SUM(H34:H37) -> 2 | Y16: =SUM(I34:I37) -> 19 | Z16: =SUM(J34:J37) -> 3 | ... AF16: =SUM(P34:P37) -> 253
B17: 08.45 - 9.00 | C17: 22 | D17: 4 | E17: 2 | F17: 21 | G17: 1 | H17: 0 | I17: 3 | J17: 1 | K17: 0 | L17: 1 | M17: 15 | N17: 0 | O17: =SUM(C17:L17,N17) -> 55 | P17: =SUM(C17:N17) -> 70 | R17: 1400-1500 | S17: =SUM(C38:C41) -> 56 | T17: =SUM(D38:D41) -> 12 | U17: =SUM(E38:E41) -> 23 | V17: =SUM(F38:F41) -> 50 | W17: =SUM(G38:G41) -> 0 | X17: =SUM(H38:H41) -> 0 | Y17: =SUM(I38:I41) -> 26 | Z17: =SUM(J38:J41) -> 14 | ... AF17: =SUM(P38:P41) -> 198
B18: 09.00 - 09.15 | C18: 23 | D18: 3 | E18: 1 | F18: 22 | G18: 0 | H18: 0 | I18: 4 | J18: 2 | K18: 1 | L18: 0 | M18: 25 | N18: 0 | O18: =SUM(C18:L18,N18) -> 56 | P18: =SUM(C18:N18) -> 81 | R18: 1500-1600 | S18: =SUM(C42:C45) -> 87 | T18: =SUM(D42:D45) -> 13 | U18: =SUM(E42:E45) -> 27 | V18: =SUM(F42:F45) -> 75 | W18: =SUM(G42:G45) -> 0 | X18: =SUM(H42:H45) -> 3 | Y18: =SUM(I42:I45) -> 28 | Z18: =SUM(J42:J45) -> 12 | ... AF18: =SUM(P42:P45) -> 301
B19: 09.15 - 09.30 | C19: 22 | D19: 3 | E19: 4 | F19: 28 | G19: 0 | H19: 0 | I19: 3 | J19: 4 | K19: 0 | L19: 0 | M19: 28 | N19: 0 | O19: =SUM(C19:L19,N19) -> 64 | P19: =SUM(C19:N19) -> 92 | R19: 1600-1700 | S19: =SUM(C46:C49) -> 96 | T19: =SUM(D46:D49) -> 24 | U19: =SUM(E46:E49) -> 18 | V19: =SUM(F46:F49) -> 69 | W19: =SUM(G46:G49) -> 1 | X19: =SUM(H46:H49) -> 1 | Y19: =SUM(I46:I49) -> 27 | Z19: =SUM(J46:J49) -> 15 | ... AF19: =SUM(P46:P49) -> 361
B20: 09.30 - 09.45 | C20: 18 | D20: 2 | E20: 8 | F20: 18 | G20: 0 | H20: 0 | I20: 5 | J20: 1 | K20: 0 | L20: 0 | M20: 30 | N20: 0 | O20: =SUM(C20:L20,N20) -> 52 | P20: =SUM(C20:N20) -> 82 | R20: 1700-1800 | S20: =SUM(C50:C53) -> 104 | T20: =SUM(D50:D53) -> 35 | U20: =SUM(E50:E53) -> 18 | V20: =SUM(F50:F53) -> 80 | W20: =SUM(G50:G53) -> 1 | X20: =SUM(H50:H53) -> 2 | Y20: =SUM(I50:I53) -> 19 | Z20: =SUM(J50:J53) -> 11 | ... AF20: =SUM(P50:P53) -> 370
B21: 09.45 - 10.00 | C21: 17 | D21: 0 | E21: 2 | F21: 15 | G21: 0 | H21: 0 | I21: 4 | J21: 0 | K21: 1 | L21: 0 | M21: 22 | N21: 0 | O21: =SUM(C21:L21,N21) -> 39 | P21: =SUM(C21:N21) -> 61 | R21: 1800-1900 | S21: =SUM(C54:C57) -> 138 | T21: =SUM(D54:D57) -> 29 | U21: =SUM(E54:E57) -> 25 | V21: =SUM(F54:F57) -> 120 | W21: =SUM(G54:G57) -> 12 | X21: =SUM(H54:H57) -> 3 | Y21: =SUM(I54:I57) -> 31 | Z21: =SUM(J54:J57) -> 13 | ... AF21: =SUM(P54:P57) -> 475
B22: 10.00 - 10.15 | C22: 15 | D22: 2 | E22: 8 | F22: 10 | G22: 0 | H22: 0 | I22: 2 | J22: 0 | K22: 0 | L22: 1 | M22: 17 | N22: 0 | O22: =SUM(C22:L22,N22) -> 38 | P22: =SUM(C22:N22) -> 55 | R22: AM Peak Hr | S22: =MAX(S10:S12) -> 80 | T22: =MAX(T10:T12) -> 9 | U22: =MAX(U10:U12) -> 15 | V22: =MAX(V10:V12) -> 83 | W22: =MAX(W10:W12) -> 2 | X22: =MAX(X10:X12) -> 1 | Y22: =MAX(Y10:Y12) -> 16 | Z22: =MAX(Z10:Z12) -> 9 | ... AF22: =MAX(AF10:AF12) -> 316
B23: 10.15 - 10.30 | C23: 18 | D23: 1 | E23: 3 | F23: 20 | G23: 0 | H23: 0 | I23: 1 | J23: 1 | K23: 0 | L23: 0 | M23: 24 | N23: 0 | O23: =SUM(C23:L23,N23) -> 44 | P23: =SUM(C23:N23) -> 68 | R23: IP Peak Hr | S23: =MAX(S13:S18) -> 87 | T23: =MAX(T13:T18) -> 15 | U23: =MAX(U13:U18) -> 27 | V23: =MAX(V13:V18) -> 75 | W23: =MAX(W13:W18) -> 2 | X23: =MAX(X13:X18) -> 3 | Y23: =MAX(Y13:Y18) -> 28 | Z23: =MAX(Z13:Z18) -> 14 | ... AF23: =MAX(AF13:AF18) -> 301
B24: 10.30 - 10.45 | C24: 18 | D24: 2 | E24: 1 | F24: 15 | G24: 0 | H24: 0 | I24: 2 | J24: 2 | K24: 0 | L24: 0 | M24: 23 | N24: 0 | O24: =SUM(C24:L24,N24) -> 40 | P24: =SUM(C24:N24) -> 63 | R24: PM Peak Hr | S24: =MAX(S19:S21) -> 138 | T24: =MAX(T19:T21) -> 35 | U24: =MAX(U19:U21) -> 25 | V24: =MAX(V19:V21) -> 120 | W24: =MAX(W19:W21) -> 12 | X24: =MAX(X19:X21) -> 3 | Y24: =MAX(Y19:Y21) -> 31 | Z24: =MAX(Z19:Z21) -> 15 | ... AF24: =MAX(AF19:AF21) -> 475
B25: 10.45 - 11.00 | C25: 19 | D25: 7 | E25: 2 | F25: 11 | G25: 0 | H25: 1 | I25: 1 | J25: 4 | K25: 0 | L25: 1 | M25: 18 | N25: 0 | O25: =SUM(C25:L25,N25) -> 46 | P25: =SUM(C25:N25) -> 64 | R25: AM Period | S25: =SUM(S10:S12) -> 215 | T25: =SUM(T10:T12) -> 22 | U25: =SUM(U10:U12) -> 36 | V25: =SUM(V10:V12) -> 216 | W25: =SUM(W10:W12) -> 2 | X25: =SUM(X10:X12) -> 1 | Y25: =SUM(Y10:Y12) -> 32 | Z25: =SUM(Z10:Z12) -> 23 | ... AF25: =SUM(AF10:AF12) -> 810
B26: 11.00 - 11.15 | C26: 12 | D26: 1 | E26: 2 | F26: 11 | G26: 0 | H26: 0 | I26: 7 | J26: 0 | K26: 1 | L26: 1 | M26: 22 | N26: 0 | O26: =SUM(C26:L26,N26) -> 35 | P26: =SUM(C26:N26) -> 57 | R26: IP Period | S26: =SUM(S13:S18) -> 421 | T26: =SUM(T13:T18) -> 80 | U26: =SUM(U13:U18) -> 104 | V26: =SUM(V13:V18) -> 352 | W26: =SUM(W13:W18) -> 2 | X26: =SUM(X13:X18) -> 7 | Y26: =SUM(Y13:Y18) -> 123 | Z26: =SUM(Z13:Z18) -> 54 | ... AF26: =SUM(AF13:AF18) -> 1535
B27: 11.15 - 11.30 | C27: 28 | D27: 3 | E27: 2 | F27: 22 | G27: 0 | H27: 0 | I27: 5 | J27: 3 | K27: 4 | L27: 1 | M27: 26 | N27: 0 | O27: =SUM(C27:L27,N27) -> 68 | P27: =SUM(C27:N27) -> 94 | R27: PM Period | S27: =SUM(S19:S21) -> 338 | T27: =SUM(T19:T21) -> 88 | U27: =SUM(U19:U21) -> 61 | V27: =SUM(V19:V21) -> 269 | W27: =SUM(W19:W21) -> 14 | X27: =SUM(X19:X21) -> 6 | Y27: =SUM(Y19:Y21) -> 77 | Z27: =SUM(Z19:Z21) -> 39 | ... AF27: =SUM(AF19:AF21) -> 1206
B28: 11.30 - 11.45 | C28: 8 | D28: 7 | E28: 4 | F28: 9 | G28: 0 | H28: 0 | I28: 3 | J28: 1 | K28: 0 | L28: 0 | M28: 21 | N28: 0 | O28: =SUM(C28:L28,N28) -> 32 | P28: =SUM(C28:N28) -> 53 | R28: 12 Hours | S28: =SUM(S10:S21) -> 974 | T28: =SUM(T10:T21) -> 190 | U28: =SUM(U10:U21) -> 201 | V28: =SUM(V10:V21) -> 837 | W28: =SUM(W10:W21) -> 18 | X28: =SUM(X10:X21) -> 14 | Y28: =SUM(Y10:Y21) -> 232 | Z28: =SUM(Z10:Z21) -> 116 | ... AF28: =SUM(AF10:AF21) -> 3551
B29: 11.45 - 12.00 | C29: 20 | D29: 4 | E29: 4 | F29: 21 | G29: 0 | H29: 0 | I29: 3 | J29: 6 | K29: 1 | L29: 0 | M29: 18 | N29: 0 | O29: =SUM(C29:L29,N29) -> 59 | P29: =SUM(C29:N29) -> 77
B30: 12.00 - 12.15 | C30: 10 | D30: 1 | E30: 5 | F30: 15 | G30: 1 | H30: 0 | I30: 9 | J30: 2 | K30: 0 | L30: 0 | M30: 19 | N30: 0 | O30: =SUM(C30:L30,N30) -> 43 | P30: =SUM(C30:N30) -> 62
B31: 12.15 - 12.30 | C31: 13 | D31: 7 | E31: 2 | F31: 13 | G31: 0 | H31: 0 | I31: 3 | J31: 2 | K31: 2 | L31: 1 | M31: 17 | N31: 0 | O31: =SUM(C31:L31,N31) -> 43 | P31: =SUM(C31:N31) -> 60
B32: 12.30 - 12.45 | C32: 15 | D32: 2 | E32: 3 | F32: 12 | G32: 1 | H32: 1 | I32: 5 | J32: 2 | K32: 0 | L32: 0 | M32: 19 | N32: 0 | O32: =SUM(C32:L32,N32) -> 41 | P32: =SUM(C32:N32) -> 60
B33: 12.45 - 13.00 | C33: 20 | D33: 3 | E33: 3 | F33: 18 | G33: 0 | H33: 0 | I33: 9 | J33: 2 | K33: 0 | L33: 1 | M33: 14 | N33: 0 | O33: =SUM(C33:L33,N33) -> 56 | P33: =SUM(C33:N33) -> 70
B34: 13.00 - 13.15 | C34: 14 | D34: 4 | E34: 2 | F34: 9 | G34: 0 | H34: 0 | I34: 3 | J34: 1 | K34: 2 | L34: 0 | M34: 10 | N34: 0 | O34: =SUM(C34:L34,N34) -> 35 | P34: =SUM(C34:N34) -> 45
B35: 13.15 - 13.30 | C35: 23 | D35: 5 | E35: 2 | F35: 16 | G35: 0 | H35: 0 | I35: 8 | J35: 0 | K35: 0 | L35: 0 | M35: 15 | N35: 0 | O35: =SUM(C35:L35,N35) -> 54 | P35: =SUM(C35:N35) -> 69
B36: 13.30 - 13.45 | C36: 29 | D36: 2 | E36: 5 | F36: 13 | G36: 0 | H36: 1 | I36: 1 | J36: 1 | K36: 0 | L36: 2 | M36: 24 | N36: 0 | O36: =SUM(C36:L36,N36) -> 54 | P36: =SUM(C36:N36) -> 78
B37: 13.45 - 14.00 | C37: 16 | D37: 4 | E37: 6 | F37: 12 | G37: 0 | H37: 1 | I37: 7 | J37: 1 | K37: 0 | L37: 0 | M37: 14 | N37: 0 | O37: =SUM(C37:L37,N37) -> 47 | P37: =SUM(C37:N37) -> 61
B38: 14.00 - 14.15 | C38: 17 | D38: 4 | E38: 4 | F38: 11 | G38: 0 | H38: 0 | I38: 11 | J38: 4 | K38: 0 | L38: 0 | M38: 7 | N38: 0 | O38: =SUM(C38:L38,N38) -> 51 | P38: =SUM(C38:N38) -> 58
B39: 14.15 - 14.30 | C39: 8 | D39: 2 | E39: 8 | F39: 9 | G39: 0 | H39: 0 | I39: 5 | J39: 3 | K39: 1 | L39: 1 | M39: 1 | N39: 0 | O39: =SUM(C39:L39,N39) -> 37 | P39: =SUM(C39:N39) -> 38
B40: 14.30 - 14.45 | C40: 11 | D40: 6 | E40: 7 | F40: 11 | G40: 0 | H40: 0 | I40: 5 | J40: 4 | K40: 0 | L40: 3 | M40: 0 | N40: 0 | O40: =SUM(C40:L40,N40) -> 47 | P40: =SUM(C40:N40) -> 47
... B57: 18.45 - 19.00 | C57: 32 | D57: 5 | E57: 5 | F57: 22 | G57: 2 | H57: 0 | I57: 9 | J57: 6 | K57: 0 | L57: 1 | M57: 38 | N57: 0 | O57: =SUM(C57:L57,N57) -> 82 | P57: =SUM(C57:N57) -> 120
B58: Totals | C58: =SUM(C10:C57) -> 974 | D58: =SUM(D10:D57) -> 190 | E58: =SUM(E10:E57) -> 201 | F58: =SUM(F10:F57) -> 837 | G58: =SUM(G10:G57) -> 18 | H58: =SUM(H10:H57) -> 14 | I58: =SUM(I10:I57) -> 232 | J58: =SUM(J10:J57) -> 116 | ... P58: =SUM(P10:P57) -> 3551
B59: %ges + MCs | C59: =C58/$P$58 -> 0.27428893 | D59: =D58/$P$58 -> 0.053506055 | E59: =E58/$P$58 -> 0.056603774 | F59: =F58/$P$58 -> 0.23570825 | G59: =G58/$P$58 -> 0.0050689946 | H59: =H58/$P$58 -> 0.0039425514 | I59: =I58/$P$58 -> 0.065333709 | J59: =J58/$P$58 -> 0.032666854 | ... N59: =N58/$P$58 -> 0
B60: %ges w/o MCs | C60: =C58/$O$58 -> 0.3681028 | D60: =D58/$O$58 -> 0.0718065 | E60: =E58/$O$58 -> 0.075963719 | F60: =F58/$O$58 -> 0.31632653 | G60: =G58/$O$58 -> 0.0068027211 | H60: =H58/$O$58 -> 0.0052910053 | I60: =I58/$O$58 -> 0.087679516 | J60: =J58/$O$58 -> 0.043839758 | ... L60: =L58/$O$58 -> 0.01095994 | N60: =N58/$O$58 -> 0

Sheet 1.11 Buloba-Bujuko
B1: Consultancy services for Preparation of Expressway Development Master Plan (EDMP) for Uganda
B2: MANUAL CLASSIFIED COUNT (MCC)
B3: ROAD NAME: | C3: ='29.10 Buloba-Bujuko'!C3:G3 -> MCC - C2 - STN62 - BUJUKO-BULOBA ROAD
C5: Date | D5: ='1.11 Bujuko-Buloba'!D5 -> 1.11.19 | F5: Location | G5: ='29.10 Bujuko-Buloba'!G5:H5 -> Buloba Pop Oil | J5: Surveyor | K5: Ritah
C6: Dir. From | D6: ='29.10 Buloba-Bujuko'!D6:E6 -> Buloba | F6: Dir. To | G6: ='29.10 Buloba-Bujuko'!G6:H6 -> Bujuko | J6: Supervisor | K6: ='29.10 Bujuko-Buloba'!K6:L6 -> Godfrey
B8: Time / Veh Type | R8: SUMMARY TRAFFIC VOLUMES
C9: 1. Car | D9: 2. Station Wagon | E9: 3. Pickups | F9: 4. Minibus, matatu | G9: 5. Medium bus | H9: 6. Large Bus | I9: 7. Light Truck | J9: 8. Medium Truck | K9: 9. Heavy truck | L9: 10. Truck Trailer | M9: 11. Motor cycles | N9: 12. Tractors | O9: Total Excl M/Cycles | P9: Total All | R9: Time | S9: 1. Car | T9: 2. Station Wagon | U9: 3. Pickups | V9: 4. Minibus, matatu | W9: 5. Medium bus | X9: 6. Large Bus | Y9: 7. Light Truck | Z9: 8. Medium Truck | AA9: 9. Heavy truck | AB9: 10. Truck Trailer | AC9: 11. Motorcycles | AD9: 12. Tractors, Graders | AE9: Total Excl M/ Cycles | AF9: Total All
B10: 07.00 - 07.15 | C10: 17 | D10: 0 | E10: 0 | F10: 0 | G10: 0 | H10: 0 | I10: 0 | J10: 0 | K10: 0 | L10: 0 | M10: 10 | N10: 0 | O10: =SUM(C10:L10,N10) -> 17 | P10: =SUM(C10:N10) -> 27 | R10: 0700-0800 | S10: =SUM(C10:C13) -> 73 | T10: =SUM(D10:D13) -> 9 | U10: =SUM(E10:E13) -> 9 | V10: =SUM(F10:F13) -> 29 | W10: =SUM(G10:G13) -> 0 | X10: =SUM(H10:H13) -> 0 | Y10: =SUM(I10:I13) -> 8 | Z10: =SUM(J10:J13) -> 13 | ... AF10: =SUM(P10:P13) -> 190
B11: 07.15 - 07.30 | C11: 14 | D11: 1 | E11: 0 | F11: 8 | G11: 0 | H11: 0 | I11: 0 | J11: 0 | K11: 1 | L11: 1 | M11: 7 | N11: 0 | O11: =SUM(C11:L11,N11) -> 25 | P11: =SUM(C11:N11) -> 32 | R11: 0800-0900 | S11: =SUM(C14:C17) -> 45 | T11: =SUM(D14:D17) -> 21 | U11: =SUM(E14:E17) -> 16 | V11: =SUM(F14:F17) -> 34 | W11: =SUM(G14:G17) -> 0 | X11: =SUM(H14:H17) -> 1 | Y11: =SUM(I14:I17) -> 14 | Z11: =SUM(J14:J17) -> 17 | ... AF11: =SUM(P14:P17) -> 204
B12: 07.30 - 07.45 | C12: 16 | D12: 3 | E12: 3 | F12: 11 | G12: 0 | H12: 0 | I12: 5 | J12: 5 | K12: 1 | L12: 0 | M12: 11 | N12: 0 | O12: =SUM(C12:L12,N12) -> 44 | P12: =SUM(C12:N12) -> 55 | R12: 0900-1000 | S12: =SUM(C18:C21) -> 21 | T12: =SUM(D18:D21) -> 14 | U12: =SUM(E18:E21) -> 10 | V12: =SUM(F18:F21) -> 26 | W12: =SUM(G18:G21) -> 1 | X12: =SUM(H18:H21) -> 1 | Y12: =SUM(I18:I21) -> 8 | Z12: =SUM(J18:J21) -> 10 | ... AF12: =SUM(P18:P21) -> 133
B13: 07.45 - 08.00 | C13: 26 | D13: 5 | E13: 6 | F13: 10 | G13: 0 | H13: 0 | I13: 3 | J13: 8 | K13: 0 | L13: 0 | M13: 18 | N13: 0 | O13: =SUM(C13:L13,N13) -> 58 | P13: =SUM(C13:N13) -> 76 | R13: 1000-1100 | S13: =SUM(C22:C25) -> 43 | T13: =SUM(D22:D25) -> 22 | U13: =SUM(E22:E25) -> 15 | V13: =SUM(F22:F25) -> 65 | W13: =SUM(G22:G25) -> 0 | X13: =SUM(H22:H25) -> 3 | Y13: =SUM(I22:I25) -> 26 | Z13: =SUM(J22:J25) -> 12 | ... AF13: =SUM(P22:P25) -> 277
B14: 08.00 - 08.15 | C14: 17 | D14: 10 | E14: 4 | F14: 11 | G14: 0 | H14: 1 | I14: 4 | J14: 5 | K14: 0 | L14: 2 | M14: 18 | N14: 0 | O14: =SUM(C14:L14,N14) -> 54 | P14: =SUM(C14:N14) -> 72 | R14: 1100-1200 | S14: =SUM(C26:C29) -> 31 | T14: =SUM(D26:D29) -> 16 | U14: =SUM(E26:E29) -> 6 | V14: =SUM(F26:F29) -> 78 | W14: =SUM(G26:G29) -> 1 | X14: =SUM(H26:H29) -> 4 | Y14: =SUM(I26:I29) -> 28 | Z14: =SUM(J26:J29) -> 13 | ... AF14: =SUM(P26:P29) -> 270
B15: 08.15 - 08.30 | C15: 8 | D15: 3 | E15: 1 | F15: 9 | G15: 0 | H15: 0 | I15: 2 | J15: 4 | K15: 0 | L15: 0 | M15: 11 | N15: 0 | O15: =SUM(C15:L15,N15) -> 27 | P15: =SUM(C15:N15) -> 38 | R15: 1200-1300 | S15: =SUM(C30:C33) -> 36 | T15: =SUM(D30:D33) -> 21 | U15: =SUM(E30:E33) -> 7 | V15: =SUM(F30:F33) -> 39 | W15: =SUM(G30:G33) -> 0 | X15: =SUM(H30:H33) -> 0 | Y15: =SUM(I30:I33) -> 26 | Z15: =SUM(J30:J33) -> 10 | ... AF15: =SUM(P30:P33) -> 212
B16: 08.30 - 08.45 | C16: 12 | D16: 3 | E16: 2 | F16: 7 | G16: 0 | H16: 0 | I16: 5 | J16: 8 | K16: 0 | L16: 0 | M16: 9 | N16: 0 | O16: =SUM(C16:L16,N16) -> 37 | P16: =SUM(C16:N16) -> 46 | R16: 1300-1400 | S16: =SUM(C34:C37) -> 64 | T16: =SUM(D34:D37) -> 14 | U16: =SUM(E34:E37) -> 12 | V16: =SUM(F34:F37) -> 86 | W16: =SUM(G34:G37) -> 4 | X16: =SUM(H34:H37) -> 4 | Y16: =SUM(I34:I37) -> 26 | Z16: =SUM(J34:J37) -> 11 | ... AF16: =SUM(P34:P37) -> 277
B17: 08.45 - 9.00 | C17: 8 | D17: 5 | E17: 9 | F17: 7 | G17: 0 | H17: 0 | I17: 3 | J17: 0 | K17: 1 | L17: 0 | M17: 15 | N17: 0 | O17: =SUM(C17:L17,N17) -> 33 | P17: =SUM(C17:N17) -> 48 | R17: 1400-1500 | S17: =SUM(C38:C41) -> 54 | T17: =SUM(D38:D41) -> 4 | U17: =SUM(E38:E41) -> 6 | V17: =SUM(F38:F41) -> 75 | W17: =SUM(G38:G41) -> 1 | X17: =SUM(H38:H41) -> 1 | Y17: =SUM(I38:I41) -> 21 | Z17: =SUM(J38:J41) -> 12 | ... AF17: =SUM(P38:P41) -> 188
B18: 09.00 - 09.15 | C18: 2 | D18: 7 | E18: 2 | F18: 7 | G18: 0 | H18: 1 | I18: 4 | J18: 7 | K18: 1 | L18: 1 | M18: 14 | N18: 0 | O18: =SUM(C18:L18,N18) -> 32 | P18: =SUM(C18:N18) -> 46 | R18: 1500-1600 | S18: =SUM(C42:C45) -> 75 | T18: =SUM(D42:D45) -> 16 | U18: =SUM(E42:E45) -> 8 | V18: =SUM(F42:F45) -> 73 | W18: =SUM(G42:G45) -> 0 | X18: =SUM(H42:H45) -> 3 | Y18: =SUM(I42:I45) -> 25 | Z18: =SUM(J42:J45) -> 20 | ... AF18: =SUM(P42:P45) -> 272
B19: 09.15 - 09.30 | C19: 11 | D19: 3 | E19: 3 | F19: 2 | G19: 0 | H19: 0 | I19: 0 | J19: 0 | K19: 3 | L19: 0 | M19: 9 | N19: 0 | O19: =SUM(C19:L19,N19) -> 22 | P19: =SUM(C19:N19) -> 31 | R19: 1600-1700 | S19: =SUM(C46:C49) -> 71 | T19: =SUM(D46:D49) -> 15 | U19: =SUM(E46:E49) -> 15 | V19: =SUM(F46:F49) -> 74 | W19: =SUM(G46:G49) -> 0 | X19: =SUM(H46:H49) -> 2 | Y19: =SUM(I46:I49) -> 23 | Z19: =SUM(J46:J49) -> 9 | ... AF19: =SUM(P46:P49) -> 270
B20: 09.30 - 09.45 | C20: 3 | D20: 3 | E20: 2 | F20: 10 | G20: 1 | H20: 0 | I20: 3 | J20: 3 | K20: 1 | L20: 0 | M20: 6 | N20: 0 | O20: =SUM(C20:L20,N20) -> 26 | P20: =SUM(C20:N20) -> 32 | R20: 1700-1800 | S20: =SUM(C50:C53) -> 53 | T20: =SUM(D50:D53) -> 18 | U20: =SUM(E50:E53) -> 8 | V20: =SUM(F50:F53) -> 48 | W20: =SUM(G50:G53) -> 0 | X20: =SUM(H50:H53) -> 1 | Y20: =SUM(I50:I53) -> 17 | Z20: =SUM(J50:J53) -> 23 | ... AF20: =SUM(P50:P53) -> 205
B21: 09.45 - 10.00 | C21: 5 | D21: 1 | E21: 3 | F21: 7 | G21: 0 | H21: 0 | I21: 1 | J21: 0 | K21: 0 | L21: 0 | M21: 7 | N21: 0 | O21: =SUM(C21:L21,N21) -> 17 | P21: =SUM(C21:N21) -> 24 | R21: 1800-1900 | S21: =SUM(C54:C57) -> 71 | T21: =SUM(D54:D57) -> 10 | U21: =SUM(E54:E57) -> 11 | V21: =SUM(F54:F57) -> 58 | W21: =SUM(G54:G57) -> 1 | X21: =SUM(H54:H57) -> 3 | Y21: =SUM(I54:I57) -> 17 | Z21: =SUM(J54:J57) -> 19 | ... AF21: =SUM(P54:P57) -> 263
B22: 10.00 - 10.15 | C22: 8 | D22: 6 | E22: 3 | F22: 11 | G22: 0 | H22: 0 | I22: 9 | J22: 2 | K22: 1 | L22: 1 | M22: 14 | N22: 0 | O22: =SUM(C22:L22,N22) -> 41 | P22: =SUM(C22:N22) -> 55 | R22: AM Peak Hr | S22: =MAX(S10:S12) -> 73 | T22: =MAX(T10:T12) -> 21 | U22: =MAX(U10:U12) -> 16 | V22: =MAX(V10:V12) -> 34 | W22: =MAX(W10:W12) -> 1 | X22: =MAX(X10:X12) -> 1 | Y22: =MAX(Y10:Y12) -> 14 | Z22: =MAX(Z10:Z12) -> 17 | ... AF22: =MAX(AF10:AF12) -> 204
B23: 10.15 - 10.30 | C23: 7 | D23: 6 | E23: 4 | F23: 13 | G23: 0 | H23: 2 | I23: 4 | J23: 2 | K23: 1 | L23: 1 | M23: 18 | N23: 0 | O23: =SUM(C23:L23,N23) -> 40 | P23: =SUM(C23:N23) -> 58 | R23: IP Peak Hr | S23: =MAX(S13:S18) -> 75 | T23: =MAX(T13:T18) -> 22 | U23: =MAX(U13:U18) -> 15 | V23: =MAX(V13:V18) -> 86 | W23: =MAX(W13:W18) -> 4 | X23: =MAX(X13:X18) -> 4 | Y23: =MAX(Y13:Y18) -> 28 | Z23: =MAX(Z13:Z18) -> 20 | ... AF23: =MAX(AF13:AF18) -> 277
B24: 10.30 - 10.45 | C24: 13 | D24: 4 | E24: 3 | F24: 18 | G24: 0 | H24: 1 | I24: 7 | J24: 4 | K24: 1 | L24: 1 | M24: 20 | N24: 0 | O24: =SUM(C24:L24,N24) -> 52 | P24: =SUM(C24:N24) -> 72 | R24: PM Peak Hr | S24: =MAX(S19:S21) -> 71 | T24: =MAX(T19:T21) -> 18 | U24: =MAX(U19:U21) -> 15 | V24: =MAX(V19:V21) -> 74 | W24: =MAX(W19:W21) -> 1 | X24: =MAX(X19:X21) -> 3 | Y24: =MAX(Y19:Y21) -> 23 | Z24: =MAX(Z19:Z21) -> 23 | ... AF24: =MAX(AF19:AF21) -> 270
B25: 10.45 - 11.00 | C25: 15 | D25: 6 | E25: 5 | F25: 23 | G25: 0 | H25: 0 | I25: 6 | J25: 4 | K25: 3 | L25: 0 | M25: 30 | N25: 0 | O25: =SUM(C25:L25,N25) -> 62 | P25: =SUM(C25:N25) -> 92 | R25: AM Period | S25: =SUM(S10:S12) -> 139 | T25: =SUM(T10:T12) -> 44 | U25: =SUM(U10:U12) -> 35 | V25: =SUM(V10:V12) -> 89 | W25: =SUM(W10:W12) -> 1 | X25: =SUM(X10:X12) -> 2 | Y25: =SUM(Y10:Y12) -> 30 | Z25: =SUM(Z10:Z12) -> 40 | ... AF25: =SUM(AF10:AF12) -> 527
B26: 11.00 - 11.15 | C26: 14 | D26: 4 | E26: 2 | F26: 17 | G26: 0 | H26: 0 | I26: 10 | J26: 8 | K26: 0 | L26: 0 | M26: 38 | N26: 0 | O26: =SUM(C26:L26,N26) -> 55 | P26: =SUM(C26:N26) -> 93 | R26: IP Period | S26: =SUM(S13:S18) -> 303 | T26: =SUM(T13:T18) -> 93 | U26: =SUM(U13:U18) -> 54 | V26: =SUM(V13:V18) -> 416 | W26: =SUM(W13:W18) -> 6 | X26: =SUM(X13:X18) -> 15 | Y26: =SUM(Y13:Y18) -> 152 | Z26: =SUM(Z13:Z18) -> 78 | ... AF26: =SUM(AF13:AF18) -> 1496
B27: 11.15 - 11.30 | C27: 5 | D27: 3 | E27: 1 | F27: 26 | G27: 1 | H27: 4 | I27: 8 | J27: 3 | K27: 0 | L27: 0 | M27: 30 | N27: 0 | O27: =SUM(C27:L27,N27) -> 51 | P27: =SUM(C27:N27) -> 81 | R27: PM Period | S27: =SUM(S19:S21) -> 195 | T27: =SUM(T19:T21) -> 43 | U27: =SUM(U19:U21) -> 34 | V27: =SUM(V19:V21) -> 180 | W27: =SUM(W19:W21) -> 1 | X27: =SUM(X19:X21) -> 6 | Y27: =SUM(Y19:Y21) -> 57 | Z27: =SUM(Z19:Z21) -> 51 | ... AF27: =SUM(AF19:AF21) -> 738
B28: 11.30 - 11.45 | C28: 10 | D28: 3 | E28: 2 | F28: 25 | G28: 0 | H28: 0 | I28: 5 | J28: 1 | K28: 1 | L28: 0 | M28: 15 | N28: 0 | O28: =SUM(C28:L28,N28) -> 47 | P28: =SUM(C28:N28) -> 62 | R28: 12 Hours | S28: =SUM(S10:S21) -> 637 | T28: =SUM(T10:T21) -> 180 | U28: =SUM(U10:U21) -> 123 | V28: =SUM(V10:V21) -> 685 | W28: =SUM(W10:W21) -> 8 | X28: =SUM(X10:X21) -> 23 | Y28: =SUM(Y10:Y21) -> 239 | Z28: =SUM(Z10:Z21) -> 169 | ... AF28: =SUM(AF10:AF21) -> 2761
B29: 11.45 - 12.00 | C29: 2 | D29: 6 | E29: 1 | F29: 10 | G29: 0 | H29: 0 | I29: 5 | J29: 1 | K29: 0 | L29: 0 | M29: 9 | N29: 0 | O29: =SUM(C29:L29,N29) -> 25 | P29: =SUM(C29:N29) -> 34
B30: 12.00 - 12.15 | C30: 10 | D30: 6 | E30: 0 | F30: 7 | G30: 0 | H30: 0 | I30: 4 | J30: 6 | K30: 2 | L30: 0 | M30: 16 | N30: 0 | O30: =SUM(C30:L30,N30) -> 35 | P30: =SUM(C30:N30) -> 51
B31: 12.15 - 12.30 | C31: 11 | D31: 1 | E31: 2 | F31: 16 | G31: 0 | H31: 0 | I31: 3 | J31: 2 | K31: 3 | L31: 0 | M31: 25 | N31: 0 | O31: =SUM(C31:L31,N31) -> 38 | P31: =SUM(C31:N31) -> 63
B32: 12.30 - 12.45 | C32: 10 | D32: 3 | E32: 3 | F32: 13 | G32: 0 | H32: 0 | I32: 13 | J32: 1 | K32: 1 | L32: 1 | M32: 8 | N32: 0 | O32: =SUM(C32:L32,N32) -> 45 | P32: =SUM(C32:N32) -> 53
B33: 12.45 - 13.00 | C33: 5 | D33: 11 | E33: 2 | F33: 3 | G33: 0 | H33: 0 | I33: 6 | J33: 1 | K33: 1 | L33: 0 | M33: 16 | N33: 0 | O33: =SUM(C33:L33,N33) -> 29 | P33: =SUM(C33:N33) -> 45
B34: 13.00 - 13.15 | C34: 12 | D34: 5 | E34: 2 | F34: 25 | G34: 0 | H34: 3 | I34: 6 | J34: 3 | K34: 3 | L34: 1 | M34: 16 | N34: 0 | O34: =SUM(C34:L34,N34) -> 60 | P34: =SUM(C34:N34) -> 76
B35: 13.15 - 13.30 | C35: 18 | D35: 4 | E35: 5 | F35: 22 | G35: 1 | H35: 0 | I35: 5 | J35: 4 | K35: 2 | L35: 0 | M35: 12 | N35: 0 | O35: =SUM(C35:L35,N35) -> 61 | P35: =SUM(C35:N35) -> 73
B36: 13.30 - 13.45 | C36: 18 | D36: 4 | E36: 4 | F36: 20 | G36: 2 | H36: 0 | I36: 6 | J36: 3 | K36: 1 | L36: 0 | M36: 12 | N36: 0 | O36: =SUM(C36:L36,N36) -> 58 | P36: =SUM(C36:N36) -> 70
B37: 13.45 - 14.00 | C37: 16 | D37: 1 | E37: 1 | F37: 19 | G37: 1 | H37: 1 | I37: 9 | J37: 1 | K37: 0 | L37: 0 | M37: 9 | N37: 0 | O37: =SUM(C37:L37,N37) -> 49 | P37: =SUM(C37:N37) -> 58
B38: 14.00 - 14.15 | C38: 12 | D38: 1 | E38: 2 | F38: 22 | G38: 1 | H38: 0 | I38: 3 | J38: 3 | K38: 1 | L38: 0 | M38: 5 | N38: 0 | O38: =SUM(C38:L38,N38) -> 45 | P38: =SUM(C38:N38) -> 50
B39: 14.15 - 14.30 | C39: 4 | D39: 2 | E39: 1 | F39: 3 | G39: 0 | H39: 1 | I39: 5 | J39: 0 | K39: 0 | L39: 0 | M39: 0 | N39: 0 | O39: =SUM(C39:L39,N39) -> 16 | P39: =SUM(C39:N39) -> 16
B40: 14.30 - 14.45 | C40: 23 | D40: 1 | E40: 3 | F40: 28 | G40: 0 | H40: 0 | I40: 7 | J40: 6 | K40: 0 | L40: 1 | M40: 0 | N40: 0 | O40: =SUM(C40:L40,N40) -> 69 | P40: =SUM(C40:N40) -> 69
... B57: 18.45 - 19.00 | C57: 17 | D57: 2 | E57: 3 | F57: 12 | G57: 1 | H57: 1 | I57: 2 | J57: 4 | K57: 0 | L57: 3 | M57: 15 | N57: 0 | O57: =SUM(C57:L57,N57) -> 45 | P57: =SUM(C57:N57) -> 60
B58: Totals | C58: =SUM(C10:C57) -> 637 | D58: =SUM(D10:D57) -> 180 | E58: =SUM(E10:E57) -> 123 | F58: =SUM(F10:F57) -> 685 | G58: =SUM(G10:G57) -> 8 | H58: =SUM(H10:H57) -> 23 | I58: =SUM(I10:I57) -> 239 | J58: =SUM(J10:J57) -> 169 | ... P58: =SUM(P10:P57) -> 2761
B59: %ges + MCs | C59: =C58/$P$58 -> 0.23071351 | D59: =D58/$P$58 -> 0.06519377 | E59: =E58/$P$58 -> 0.044549076 | F59: =F58/$P$58 -> 0.24809852 | G59: =G58/$P$58 -> 0.0028975009 | H59: =H58/$P$58 -> 0.0083303151 | I59: =I58/$P$58 -> 0.08656284 | J59: =J58/$P$58 -> 0.061209707 | ... N59: =N58/$P$58 -> 0
B60: %ges w/o MCs | C60: =C58/$O$58 -> 0.29850047 | D60: =D58/$O$58 -> 0.084348641 | E60: =E58/$O$58 -> 0.057638238 | F60: =F58/$O$58 -> 0.32099344 | G60: =G58/$O$58 -> 0.0037488285 | H60: =H58/$O$58 -> 0.010777882 | I60: =I58/$O$58 -> 0.11199625 | J60: =J58/$O$58 -> 0.079194002 | ... L60: =L58/$O$58 -> 0.014058107 | N60: =N58/$O$58 -> 0

Sheet 2.11 Bujuko-Buloba-24HR
B1: Consultancy services for Preparation of Expressway Development Master Plan (EDMP) for Uganda
B2: MANUAL CLASSIFIED COUNT (MCC)
B3: ROAD NAME: | C3: ='29.10 Bujuko-Buloba'!C3:G3 -> MCC - C2 - STN62 - BUJUKO-BULOBA ROAD
C5: Date | D5: 2.11.19 | F5: Location | G5: ='31.10 Buloba-Bujuko-24h'!G5:H5 -> Buloba Pop Oil | J5: Surveyor | K5: Suzan, Nakizito
C6: Dir. From | D6: ='29.10 Bujuko-Buloba'!D6:E6 -> Bujuko | F6: Dir. To | G6: ='29.10 Bujuko-Buloba'!G6:H6 -> Buloba | J6: Supervisor | K6: ='31.10 Buloba-Bujuko-24h'!K6:L6 -> Godfrey
B8: Time / Veh Type | R8: SUMMARY TRAFFIC VOLUMES
C9: 1. Car | D9: 2. Station Wagon | E9: 3. Pickups | F9: 4. Minibus, matatu | G9: 5. Medium bus | H9: 6. Large Bus | I9: 7. Light Truck | J9: 8. Medium Truck | K9: 9. Heavy truck | L9: 10. Truck Trailer | M9: 11. Motor cycles | N9: 12. Tractors | O9: Total Excl M/Cycles | P9: Total All | R9: Time | S9: 1. Car | T9: 2. Station Wagon | U9: 3. Pickups | V9: 4. Minibus, matatu | W9: 5. Medium bus | X9: 6. Large Bus | Y9: 7. Light Truck | Z9: 8. Medium Truck | AA9: 9. Heavy truck | AB9: 10. Truck Trailer | AC9: 11. Motorcycles | AD9: 12. Tractors, Graders | AE9: Total Excl M/ Cycles | AF9: Total All
B10: 07.00 - 07.15 | C10: 3 | D10: 2 | E10: 1 | F10: 8 | G10: 1 | H10: 0 | I10: 4 | J10: 0 | K10: 0 | L10: 0 | M10: 10 | N10: 0 | O10: =SUM(C10:L10,N10) -> 19 | P10: =SUM(C10:N10) -> 29 | R10: 0700-0800 | S10: =SUM(C10:C13) -> 31 | T10: =SUM(D10:D13) -> 10 | U10: =SUM(E10:E13) -> 6 | V10: =SUM(F10:F13) -> 46 | W10: =SUM(G10:G13) -> 1 | X10: =SUM(H10:H13) -> 0 | Y10: =SUM(I10:I13) -> 10 | Z10: =SUM(J10:J13) -> 3 | ... AF10: =SUM(P10:P13) -> 161
B11: 07.15 - 07.30 | C11: 4 | D11: 2 | E11: 0 | F11: 9 | G11: 0 | H11: 0 | I11: 1 | J11: 0 | K11: 0 | L11: 0 | M11: 10 | N11: 0 | O11: =SUM(C11:L11,N11) -> 16 | P11: =SUM(C11:N11) -> 26 | R11: 0800-0900 | S11: =SUM(C14:C17) -> 26 | T11: =SUM(D14:D17) -> 11 | U11: =SUM(E14:E17) -> 8 | V11: =SUM(F14:F17) -> 63 | W11: =SUM(G14:G17) -> 0 | X11: =SUM(H14:H17) -> 0 | Y11: =SUM(I14:I17) -> 16 | Z11: =SUM(J14:J17) -> 7 | ... AF11: =SUM(P14:P17) -> 189
B12: 07.30 - 07.45 | C12: 9 | D12: 3 | E12: 3 | F12: 15 | G12: 0 | H12: 0 | I12: 2 | J12: 2 | K12: 3 | L12: 0 | M12: 11 | N12: 0 | O12: =SUM(C12:L12,N12) -> 37 | P12: =SUM(C12:N12) -> 48 | R12: 0900-1000 | S12: =SUM(C18:C21) -> 38 | T12: =SUM(D18:D21) -> 21 | U12: =SUM(E18:E21) -> 8 | V12: =SUM(F18:F21) -> 62 | W12: =SUM(G18:G21) -> 0 | X12: =SUM(H18:H21) -> 1 | Y12: =SUM(I18:I21) -> 24 | Z12: =SUM(J18:J21) -> 7 | ... AF12: =SUM(P18:P21) -> 236
B13: 07.45 - 08.00 | C13: 15 | D13: 3 | E13: 2 | F13: 14 | G13: 0 | H13: 0 | I13: 3 | J13: 1 | K13: 1 | L13: 0 | M13: 19 | N13: 0 | O13: =SUM(C13:L13,N13) -> 39 | P13: =SUM(C13:N13) -> 58 | R13: 1000-1100 | S13: =SUM(C22:C25) -> 35 | T13: =SUM(D22:D25) -> 12 | U13: =SUM(E22:E25) -> 5 | V13: =SUM(F22:F25) -> 43 | W13: =SUM(G22:G25) -> 0 | X13: =SUM(H22:H25) -> 1 | Y13: =SUM(I22:I25) -> 16 | Z13: =SUM(J22:J25) -> 4 | ... AF13: =SUM(P22:P25) -> 181
B14: 08.00 - 08.15 | C14: 6 | D14: 3 | E14: 2 | F14: 13 | G14: 0 | H14: 0 | I14: 3 | J14: 1 | K14: 0 | L14: 0 | M14: 15 | N14: 0 | O14: =SUM(C14:L14,N14) -> 28 | P14: =SUM(C14:N14) -> 43 | R14: 1100-1200 | S14: =SUM(C26:C29) -> 30 | T14: =SUM(D26:D29) -> 21 | U14: =SUM(E26:E29) -> 8 | V14: =SUM(F26:F29) -> 36 | W14: =SUM(G26:G29) -> 1 | X14: =SUM(H26:H29) -> 0 | Y14: =SUM(I26:I29) -> 14 | Z14: =SUM(J26:J29) -> 7 | ... AF14: =SUM(P26:P29) -> 154
B15: 08.15 - 08.30 | C15: 7 | D15: 2 | E15: 6 | F15: 15 | G15: 0 | H15: 0 | I15: 4 | J15: 2 | K15: 1 | L15: 0 | M15: 18 | N15: 0 | O15: =SUM(C15:L15,N15) -> 37 | P15: =SUM(C15:N15) -> 55 | R15: 1200-1300 | S15: =SUM(C30:C33) -> 37 | T15: =SUM(D30:D33) -> 16 | U15: =SUM(E30:E33) -> 10 | V15: =SUM(F30:F33) -> 35 | W15: =SUM(G30:G33) -> 0 | X15: =SUM(H30:H33) -> 1 | Y15: =SUM(I30:I33) -> 31 | Z15: =SUM(J30:J33) -> 10 | ... AF15: =SUM(P30:P33) -> 205
B16: 08.30 - 08.45 | C16: 11 | D16: 3 | E16: 0 | F16: 19 | G16: 0 | H16: 0 | I16: 3 | J16: 1 | K16: 0 | L16: 0 | M16: 13 | N16: 0 | O16: =SUM(C16:L16,N16) -> 37 | P16: =SUM(C16:N16) -> 50 | R16: 1300-1400 | S16: =SUM(C34:C37) -> 37 | T16: =SUM(D34:D37) -> 17 | U16: =SUM(E34:E37) -> 10 | V16: =SUM(F34:F37) -> 46 | W16: =SUM(G34:G37) -> 1 | X16: =SUM(H34:H37) -> 0 | Y16: =SUM(I34:I37) -> 29 | Z16: =SUM(J34:J37) -> 9 | ... AF16: =SUM(P34:P37) -> 213
B17: 08.45 - 9.00 | C17: 2 | D17: 3 | E17: 0 | F17: 16 | G17: 0 | H17: 0 | I17: 6 | J17: 3 | K17: 0 | L17: 0 | M17: 11 | N17: 0 | O17: =SUM(C17:L17,N17) -> 30 | P17: =SUM(C17:N17) -> 41 | R17: 1400-1500 | S17: =SUM(C38:C41) -> 58 | T17: =SUM(D38:D41) -> 18 | U17: =SUM(E38:E41) -> 8 | V17: =SUM(F38:F41) -> 42 | W17: =SUM(G38:G41) -> 0 | X17: =SUM(H38:H41) -> 1 | Y17: =SUM(I38:I41) -> 10 | Z17: =SUM(J38:J41) -> 9 | ... AF17: =SUM(P38:P41) -> 207
B18: 09.00 - 09.15 | C18: 10 | D18: 5 | E18: 2 | F18: 17 | G18: 0 | H18: 1 | I18: 6 | J18: 1 | K18: 0 | L18: 0 | M18: 20 | N18: 0 | O18: =SUM(C18:L18,N18) -> 42 | P18: =SUM(C18:N18) -> 62 | R18: 1500-1600 | S18: =SUM(C42:C45) -> 45 | T18: =SUM(D42:D45) -> 22 | U18: =SUM(E42:E45) -> 7 | V18: =SUM(F42:F45) -> 36 | W18: =SUM(G42:G45) -> 0 | X18: =SUM(H42:H45) -> 2 | Y18: =SUM(I42:I45) -> 12 | Z18: =SUM(J42:J45) -> 5 | ... AF18: =SUM(P42:P45) -> 176
B19: 09.15 - 09.30 | C19: 11 | D19: 2 | E19: 3 | F19: 18 | G19: 0 | H19: 0 | I19: 2 | J19: 2 | K19: 1 | L19: 0 | M19: 23 | N19: 0 | O19: =SUM(C19:L19,N19) -> 39 | P19: =SUM(C19:N19) -> 62 | R19: 1600-1700 | S19: =SUM(C46:C49) -> 17 | T19: =SUM(D46:D49) -> 7 | U19: =SUM(E46:E49) -> 5 | V19: =SUM(F46:F49) -> 15 | W19: =SUM(G46:G49) -> 1 | X19: =SUM(H46:H49) -> 2 | Y19: =SUM(I46:I49) -> 8 | Z19: =SUM(J46:J49) -> 4 | ... AF19: =SUM(P46:P49) -> 84
B20: 09.30 - 09.45 | C20: 10 | D20: 4 | E20: 2 | F20: 11 | G20: 0 | H20: 0 | I20: 9 | J20: 3 | K20: 1 | L20: 0 | M20: 16 | N20: 0 | O20: =SUM(C20:L20,N20) -> 40 | P20: =SUM(C20:N20) -> 56 | R20: 1700-1800 | S20: =SUM(C50:C53) -> 12 | T20: =SUM(D50:D53) -> 8 | U20: =SUM(E50:E53) -> 10 | V20: =SUM(F50:F53) -> 19 | W20: =SUM(G50:G53) -> 0 | X20: =SUM(H50:H53) -> 0 | Y20: =SUM(I50:I53) -> 8 | Z20: =SUM(J50:J53) -> 4 | ... AF20: =SUM(P50:P53) -> 94
B21: 09.45 - 10.00 | C21: 7 | D21: 10 | E21: 1 | F21: 16 | G21: 0 | H21: 0 | I21: 7 | J21: 1 | K21: 2 | L21: 1 | M21: 11 | N21: 0 | O21: =SUM(C21:L21,N21) -> 45 | P21: =SUM(C21:N21) -> 56 | R21: 1800-1900 | S21: =SUM(C54:C57) -> 83 | T21: =SUM(D54:D57) -> 14 | U21: =SUM(E54:E57) -> 8 | V21: =SUM(F54:F57) -> 55 | W21: =SUM(G54:G57) -> 2 | X21: =SUM(H54:H57) -> 1 | Y21: =SUM(I54:I57) -> 18 | Z21: =SUM(J54:J57) -> 5 | ... AF21: =SUM(P54:P57) -> 240
B22: 10.00 - 10.15 | C22: 10 | D22: 3 | E22: 4 | F22: 10 | G22: 0 | H22: 0 | I22: 2 | J22: 1 | K22: 0 | L22: 1 | M22: 15 | N22: 0 | O22: =SUM(C22:L22,N22) -> 31 | P22: =SUM(C22:N22) -> 46 | R22: 1900-2000 | S22: =SUM(C58:C61) -> 135 | T22: =SUM(D58:D61) -> 36 | U22: =SUM(E58:E61) -> 30 | V22: =SUM(F58:F61) -> 93 | W22: =SUM(G58:G61) -> 0 | X22: =SUM(H58:H61) -> 2 | Y22: =SUM(I58:I61) -> 30 | Z22: =SUM(J58:J61) -> 16 | ... AF22: =SUM(P58:P61) -> 451
B23: 10.15 - 10.30 | C23: 6 | D23: 4 | E23: 0 | F23: 10 | G23: 0 | H23: 0 | I23: 7 | J23: 1 | K23: 0 | L23: 0 | M23: 16 | N23: 0 | O23: =SUM(C23:L23,N23) -> 28 | P23: =SUM(C23:N23) -> 44 | R23: 2000-2100 | S23: =SUM(C62:C65) -> 87 | T23: =SUM(D62:D65) -> 15 | U23: =SUM(E62:E65) -> 17 | V23: =SUM(F62:F65) -> 47 | W23: =SUM(G62:G65) -> 4 | X23: =SUM(H62:H65) -> 3 | Y23: =SUM(I62:I65) -> 36 | Z23: =SUM(J62:J65) -> 8 | ... AF23: =SUM(P62:P65) -> 264
B24: 10.30 - 10.45 | C24: 9 | D24: 2 | E24: 0 | F24: 10 | G24: 0 | H24: 1 | I24: 5 | J24: 0 | K24: 0 | L24: 1 | M24: 15 | N24: 0 | O24: =SUM(C24:L24,N24) -> 28 | P24: =SUM(C24:N24) -> 43 | R24: 2100-2200 | S24: =SUM(C66:C69) -> 59 | T24: =SUM(D66:D69) -> 9 | U24: =SUM(E66:E69) -> 18 | V24: =SUM(F66:F69) -> 46 | W24: =SUM(G66:G69) -> 2 | X24: =SUM(H66:H69) -> 2 | Y24: =SUM(I66:I69) -> 27 | Z24: =SUM(J66:J69) -> 21 | ... AF24: =SUM(P66:P69) -> 235
B25: 10.45 - 11.00 | C25: 10 | D25: 3 | E25: 1 | F25: 13 | G25: 0 | H25: 0 | I25: 2 | J25: 2 | K25: 2 | L25: 0 | M25: 15 | N25: 0 | O25: =SUM(C25:L25,N25) -> 33 | P25: =SUM(C25:N25) -> 48 | R25: 2200-2300 | S25: =SUM(C70:C73) -> 34 | T25: =SUM(D70:D73) -> 8 | U25: =SUM(E70:E73) -> 11 | V25: =SUM(F70:F73) -> 23 | W25: =SUM(G70:G73) -> 2 | X25: =SUM(H70:H73) -> 0 | Y25: =SUM(I70:I73) -> 21 | Z25: =SUM(J70:J73) -> 10 | ... AF25: =SUM(P70:P73) -> 147
B26: 11.00 - 11.15 | C26: 2 | D26: 8 | E26: 2 | F26: 10 | G26: 0 | H26: 0 | I26: 3 | J26: 1 | K26: 0 | L26: 0 | M26: 8 | N26: 0 | O26: =SUM(C26:L26,N26) -> 26 | P26: =SUM(C26:N26) -> 34 | R26: 2300-0000 | S26: =SUM(C74:C77) -> 25 | T26: =SUM(D74:D77) -> 8 | U26: =SUM(E74:E77) -> 7 | V26: =SUM(F74:F77) -> 9 | W26: =SUM(G74:G77) -> 0 | X26: =SUM(H74:H77) -> 0 | Y26: =SUM(I74:I77) -> 10 | Z26: =SUM(J74:J77) -> 19 | ... AF26: =SUM(P74:P77) -> 111
B27: 11.15 - 11.30 | C27: 7 | D27: 4 | E27: 2 | F27: 8 | G27: 0 | H27: 0 | I27: 2 | J27: 3 | K27: 0 | L27: 0 | M27: 3 | N27: 0 | O27: =SUM(C27:L27,N27) -> 26 | P27: =SUM(C27:N27) -> 29 | R27: 0000-0100 | S27: =SUM(C78:C81) -> 19 | T27: =SUM(D78:D81) -> 1 | U27: =SUM(E78:E81) -> 1 | V27: =SUM(F78:F81) -> 3 | W27: =SUM(G78:G81) -> 0 | X27: =SUM(H78:H81) -> 0 | Y27: =SUM(I78:I81) -> 17 | Z27: =SUM(J78:J81) -> 1 | ... AF27: =SUM(P78:P81) -> 56
B28: 11.30 - 11.45 | C28: 11 | D28: 6 | E28: 1 | F28: 9 | G28: 0 | H28: 0 | I28: 4 | J28: 1 | K28: 0 | L28: 1 | M28: 16 | N28: 0 | O28: =SUM(C28:L28,N28) -> 33 | P28: =SUM(C28:N28) -> 49 | R28: 0100-0200 | S28: =SUM(C82:C85) -> 14 | T28: =SUM(D82:D85) -> 11 | U28: =SUM(E82:E85) -> 2 | V28: =SUM(F82:F85) -> 1 | W28: =SUM(G82:G85) -> 0 | X28: =SUM(H82:H85) -> 0 | Y28: =SUM(I82:I85) -> 12 | Z28: =SUM(J82:J85) -> 5 | ... AF28: =SUM(P82:P85) -> 64
B29: 11.45 - 12.00 | C29: 10 | D29: 3 | E29: 3 | F29: 9 | G29: 1 | H29: 0 | I29: 5 | J29: 2 | K29: 0 | L29: 2 | M29: 7 | N29: 0 | O29: =SUM(C29:L29,N29) -> 35 | P29: =SUM(C29:N29) -> 42 | R29: 0200-0300 | S29: =SUM(C86:C89) -> 12 | T29: =SUM(D86:D89) -> 0 | U29: =SUM(E86:E89) -> 4 | V29: =SUM(F86:F89) -> 1 | W29: =SUM(G86:G89) -> 0 | X29: =SUM(H86:H89) -> 0 | Y29: =SUM(I86:I89) -> 4 | Z29: =SUM(J86:J89) -> 0 | ... AF29: =SUM(P86:P89) -> 49
B30: 12.00 - 12.15 | C30: 14 | D30: 4 | E30: 5 | F30: 15 | G30: 0 | H30: 0 | I30: 5 | J30: 3 | K30: 1 | L30: 0 | M30: 15 | N30: 0 | O30: =SUM(C30:L30,N30) -> 47 | P30: =SUM(C30:N30) -> 62 | R30: 0300-0400 | S30: =SUM(C90:C93) -> 8 | T30: =SUM(D90:D93) -> 0 | U30: =SUM(E90:E93) -> 0 | V30: =SUM(F90:F93) -> 0 | W30: =SUM(G90:G93) -> 0 | X30: =SUM(H90:H93) -> 0 | Y30: =SUM(I90:I93) -> 2 | Z30: =SUM(J90:J93) -> 4 | ... AF30: =SUM(P90:P93) -> 20
B31: 12.15 - 12.30 | C31: 6 | D31: 6 | E31: 1 | F31: 7 | G31: 0 | H31: 0 | I31: 5 | J31: 2 | K31: 1 | L31: 1 | M31: 14 | N31: 0 | O31: =SUM(C31:L31,N31) -> 29 | P31: =SUM(C31:N31) -> 43 | R31: 0400-0500 | S31: =SUM(C94:C97) -> 23 | T31: =SUM(D94:D97) -> 0 | U31: =SUM(E94:E97) -> 0 | V31: =SUM(F94:F97) -> 3 | W31: =SUM(G94:G97) -> 0 | X31: =SUM(H94:H97) -> 1 | Y31: =SUM(I94:I97) -> 10 | Z31: =SUM(J94:J97) -> 2 | ... AF31: =SUM(P94:P97) -> 50
B32: 12.30 - 12.45 | C32: 10 | D32: 3 | E32: 2 | F32: 6 | G32: 0 | H32: 1 | I32: 16 | J32: 2 | K32: 1 | L32: 2 | M32: 16 | N32: 0 | O32: =SUM(C32:L32,N32) -> 43 | P32: =SUM(C32:N32) -> 59 | R32: 0500-0600 | S32: =SUM(C98:C101) -> 22 | T32: =SUM(D98:D101) -> 8 | U32: =SUM(E98:E101) -> 2 | V32: =SUM(F98:F101) -> 19 | W32: =SUM(G98:G101) -> 0 | X32: =SUM(H98:H101) -> 1 | Y32: =SUM(I98:I101) -> 7 | Z32: =SUM(J98:J101) -> 11 | ... AF32: =SUM(P98:P101) -> 113
B33: 12.45 - 13.00 | C33: 7 | D33: 3 | E33: 2 | F33: 7 | G33: 0 | H33: 0 | I33: 5 | J33: 3 | K33: 0 | L33: 0 | M33: 14 | N33: 0 | O33: =SUM(C33:L33,N33) -> 27 | P33: =SUM(C33:N33) -> 41 | R33: 0600-0700 | S33: =SUM(C102:C105) -> 33 | T33: =SUM(D102:D105) -> 0 | U33: =SUM(E102:E105) -> 2 | V33: =SUM(F102:F105) -> 25 | W33: =SUM(G102:G105) -> 0 | X33: =SUM(H102:H105) -> 2 | Y33: =SUM(I102:I105) -> 5 | Z33: =SUM(J102:J105) -> 2 | ... AF33: =SUM(P102:P105) -> 103
B34: 13.00 - 13.15 | C34: 7 | D34: 3 | E34: 0 | F34: 12 | G34: 1 | H34: 0 | I34: 7 | J34: 2 | K34: 0 | L34: 2 | M34: 11 | N34: 0 | O34: =SUM(C34:L34,N34) -> 34 | P34: =SUM(C34:N34) -> 45 | R34: AM Peak Hr | S34: =MAX(S10:S12) -> 38 | T34: =MAX(T10:T12) -> 21 | U34: =MAX(U10:U12) -> 8 | V34: =MAX(V10:V12) -> 63 | W34: =MAX(W10:W12) -> 1 | X34: =MAX(X10:X12) -> 1 | Y34: =MAX(Y10:Y12) -> 24 | Z34: =MAX(Z10:Z12) -> 7 | ... AF34: =MAX(AF10:AF12) -> 236
B35: 13.15 - 13.30 | C35: 7 | D35: 5 | E35: 4 | F35: 7 | G35: 0 | H35: 0 | I35: 7 | J35: 3 | K35: 0 | L35: 1 | M35: 23 | N35: 0 | O35: =SUM(C35:L35,N35) -> 34 | P35: =SUM(C35:N35) -> 57 | R35: IP Peak Hr | S35: =MAX(S13:S18) -> 58 | T35: =MAX(T13:T18) -> 22 | U35: =MAX(U13:U18) -> 10 | V35: =MAX(V13:V18) -> 46 | W35: =MAX(W13:W18) -> 1 | X35: =MAX(X13:X18) -> 2 | Y35: =MAX(Y13:Y18) -> 31 | Z35: =MAX(Z13:Z18) -> 10 | ... AF35: =MAX(AF13:AF18) -> 213
B36: 13.30 - 13.45 | C36: 8 | D36: 2 | E36: 4 | F36: 7 | G36: 0 | H36: 0 | I36: 5 | J36: 1 | K36: 0 | L36: 0 | M36: 9 | N36: 0 | O36: =SUM(C36:L36,N36) -> 27 | P36: =SUM(C36:N36) -> 36 | R36: PM Peak Hr | S36: =MAX(S19:S21) -> 83 | T36: =MAX(T19:T21) -> 14 | U36: =MAX(U19:U21) -> 10 | V36: =MAX(V19:V21) -> 55 | W36: =MAX(W19:W21) -> 2 | X36: =MAX(X19:X21) -> 2 | Y36: =MAX(Y19:Y21) -> 18 | Z36: =MAX(Z19:Z21) -> 5 | ... AF36: =MAX(AF19:AF21) -> 240
B37: 13.45 - 14.00 | C37: 15 | D37: 7 | E37: 2 | F37: 20 | G37: 0 | H37: 0 | I37: 10 | J37: 3 | K37: 0 | L37: 0 | M37: 18 | N37: 0 | O37: =SUM(C37:L37,N37) -> 57 | P37: =SUM(C37:N37) -> 75 | R37: AM Period | S37: =SUM(S10:S12) -> 95 | T37: =SUM(T10:T12) -> 42 | U37: =SUM(U10:U12) -> 22 | V37: =SUM(V10:V12) -> 171 | W37: =SUM(W10:W12) -> 1 | X37: =SUM(X10:X12) -> 1 | Y37: =SUM(Y10:Y12) -> 50 | Z37: =SUM(Z10:Z12) -> 17 | ... AF37: =SUM(AF10:AF12) -> 586
B38: 14.00 - 14.15 | C38: 24 | D38: 4 | E38: 4 | F38: 12 | G38: 0 | H38: 0 | I38: 3 | J38: 3 | K38: 3 | L38: 1 | M38: 19 | N38: 0 | O38: =SUM(C38:L38,N38) -> 54 | P38: =SUM(C38:N38) -> 73 | R38: IP Period | S38: =SUM(S13:S18) -> 242 | T38: =SUM(T13:T18) -> 106 | U38: =SUM(U13:U18) -> 48 | V38: =SUM(V13:V18) -> 238 | W38: =SUM(W13:W18) -> 2 | X38: =SUM(X13:X18) -> 5 | Y38: =SUM(Y13:Y18) -> 112 | Z38: =SUM(Z13:Z18) -> 44 | ... AF38: =SUM(AF13:AF18) -> 1136
B39: 14.15 - 14.30 | C39: 9 | D39: 8 | E39: 2 | F39: 8 | G39: 0 | H39: 0 | I39: 5 | J39: 1 | K39: 1 | L39: 1 | M39: 15 | N39: 0 | O39: =SUM(C39:L39,N39) -> 35 | P39: =SUM(C39:N39) -> 50 | R39: PM Period | S39: =SUM(S19:S21) -> 112 | T39: =SUM(T19:T21) -> 29 | U39: =SUM(U19:U21) -> 23 | V39: =SUM(V19:V21) -> 89 | W39: =SUM(W19:W21) -> 3 | X39: =SUM(X19:X21) -> 3 | Y39: =SUM(Y19:Y21) -> 34 | Z39: =SUM(Z19:Z21) -> 13 | ... AF39: =SUM(AF19:AF21) -> 418
B40: 14.30 - 14.45 | C40: 10 | D40: 3 | E40: 0 | F40: 10 | G40: 0 | H40: 1 | I40: 0 | J40: 4 | K40: 2 | L40: 0 | M40: 8 | N40: 0 | O40: =SUM(C40:L40,N40) -> 30 | P40: =SUM(C40:N40) -> 38 | R40: 12 Hours | S40: =SUM(S10:S21) -> 449 | T40: =SUM(T10:T21) -> 177 | U40: =SUM(U10:U21) -> 93 | V40: =SUM(V10:V21) -> 498 | W40: =SUM(W10:W21) -> 6 | X40: =SUM(X10:X21) -> 9 | Y40: =SUM(Y10:Y21) -> 196 | Z40: =SUM(Z10:Z21) -> 74 | ... AF40: =SUM(AF10:AF21) -> 2140
B41: 14.45 - 15.00 | C41: 15 | D41: 3 | E41: 2 | F41: 12 | G41: 0 | H41: 0 | I41: 2 | J41: 1 | K41: 2 | L41: 0 | M41: 9 | N41: 0 | O41: =SUM(C41:L41,N41) -> 37 | P41: =SUM(C41:N41) -> 46 | R41: 24 Hrs/ADT | S41: =SUM(S10:S33) -> 920 | T41: =SUM(T10:T33) -> 273 | U41: =SUM(U10:U33) -> 187 | V41: =SUM(V10:V33) -> 768 | W41: =SUM(W10:W33) -> 14 | X41: =SUM(X10:X33) -> 20 | Y41: =SUM(Y10:Y33) -> 377 | Z41: =SUM(Z10:Z33) -> 173 | ... AF41: =SUM(AF10:AF33) -> 3803
B42: 15.00 - 15.15 | C42: 15 | D42: 5 | E42: 3 | F42: 9 | G42: 0 | H42: 0 | I42: 3 | J42: 0 | K42: 3 | L42: 0 | M42: 15 | N42: 0 | O42: =SUM(C42:L42,N42) -> 38 | P42: =SUM(C42:N42) -> 53 | R42: NEF | S42: =S41/S40 -> 2.0489978 | T42: =T41/T40 -> 1.5423729 | U42: =U41/U40 -> 2.0107527 | V42: =V41/V40 -> 1.5421687 | W42: =W41/W40 -> 2.3333333 | X42: =X41/X40 -> 2.2222222 | Y42: =Y41/Y40 -> 1.9234694 | Z42: =Z41/Z40 -> 2.3378378 | ... AF42: =AF41/AF40 -> 1.7771028
B43: 15.15 - 15.30 | C43: 10 | D43: 12 | E43: 0 | F43: 10 | G43: 0 | H43: 1 | I43: 3 | J43: 3 | K43: 0 | L43: 0 | M43: 10 | N43: 0 | O43: =SUM(C43:L43,N43) -> 39 | P43: =SUM(C43:N43) -> 49
B44: 15.30 - 15.45 | C44: 9 | D44: 3 | E44: 4 | F44: 8 | G44: 0 | H44: 1 | I44: 3 | J44: 2 | K44: 3 | L44: 1 | M44: 8 | N44: 0 | O44: =SUM(C44:L44,N44) -> 34 | P44: =SUM(C44:N44) -> 42
B45: 15.45 - 16.00 | C45: 11 | D45: 2 | E45: 0 | F45: 9 | G45: 0 | H45: 0 | I45: 3 | J45: 0 | K45: 1 | L45: 0 | M45: 6 | N45: 0 | O45: =SUM(C45:L45,N45) -> 26 | P45: =SUM(C45:N45) -> 32
B46: 16.00 - 16.15 | C46: 5 | D46: 2 | E46: 0 | F46: 5 | G46: 0 | H46: 0 | I46: 0 | J46: 0 | K46: 0 | L46: 0 | M46: 7 | N46: 0 | O46: =SUM(C46:L46,N46) -> 12 | P46: =SUM(C46:N46) -> 19
B47: 16.15 -16.30 | C47: 6 | D47: 0 | E47: 2 | F47: 0 | G47: 0 | H47: 0 | I47: 2 | J47: 0 | K47: 0 | L47: 0 | M47: 4 | N47: 0 | O47: =SUM(C47:L47,N47) -> 10 | P47: =SUM(C47:N47) -> 14
B48: 16.30 -16.45 | C48: 2 | D48: 2 | E48: 1 | F48: 3 | G48: 1 | H48: 2 | I48: 3 | J48: 3 | K48: 0 | L48: 1 | M48: 5 | N48: 0 | O48: =SUM(C48:L48,N48) -> 18 | P48: =SUM(C48:N48) -> 23
B49: 16.45 -17.00 | C49: 4 | D49: 3 | E49: 2 | F49: 7 | G49: 0 | H49: 0 | I49: 3 | J49: 1 | K49: 1 | L49: 4 | M49: 3 | N49: 0 | O49: =SUM(C49:L49,N49) -> 25 | P49: =SUM(C49:N49) -> 28
B50: 17.00 -17.15 | C50: 1 | D50: 4 | E50: 0 | F50: 6 | G50: 0 | H50: 0 | I50: 3 | J50: 2 | K50: 0 | L50: 0 | M50: 5 | N50: 0 | O50: =SUM(C50:L50,N50) -> 16 | P50: =SUM(C50:N50) -> 21
B51: 17.15 -17.30 | C51: 0 | D51: 2 | E51: 4 | F51: 3 | G51: 0 | H51: 0 | I51: 0 | J51: 0 | K51: 0 | L51: 0 | M51: 4 | N51: 0 | O51: =SUM(C51:L51,N51) -> 9 | P51: =SUM(C51:N51) -> 13
B52: 17.30 -17.45 | C52: 4 | D52: 0 | E52: 3 | F52: 3 | G52: 0 | H52: 0 | I52: 1 | J52: 0 | K52: 1 | L52: 1 | M52: 10 | N52: 0 | O52: =SUM(C52:L52,N52) -> 13 | P52: =SUM(C52:N52) -> 23
B53: 17.45 -18.00 | C53: 7 | D53: 2 | E53: 3 | F53: 7 | G53: 0 | H53: 0 | I53: 4 | J53: 2 | K53: 0 | L53: 0 | M53: 12 | N53: 0 | O53: =SUM(C53:L53,N53) -> 25 | P53: =SUM(C53:N53) -> 37
B54: 18.00 - 18.15 | C54: 13 | D54: 3 | E54: 2 | F54: 10 | G54: 0 | H54: 1 | I54: 3 | J54: 0 | K54: 0 | L54: 2 | M54: 10 | N54: 0 | O54: =SUM(C54:L54,N54) -> 34 | P54: =SUM(C54:N54) -> 44
... B105: 06.45 - 07.00 | C105: 11 | D105: 0 | E105: 1 | F105: 9 | G105: 0 | H105: 0 | I105: 3 | J105: 0 | K105: 0 | L105: 0 | M105: 5 | N105: 0 | O105: =SUM(C105:L105,N105) -> 24 | P105: =SUM(C105:N105) -> 29
B106: Totals | C106: =SUM(C10:C105) -> 920 | D106: =SUM(D10:D105) -> 273 | E106: =SUM(E10:E105) -> 187 | F106: =SUM(F10:F105) -> 768 | G106: =SUM(G10:G105) -> 14 | H106: =SUM(H10:H105) -> 20 | I106: =SUM(I10:I105) -> 377 | J106: =SUM(J10:J105) -> 173 | ... P106: =SUM(P10:P105) -> 3803
B107: %ges + MCs | C107: =C106/$P$106 -> 0.24191428 | D107: =D106/$P$106 -> 0.071785433 | E107: =E106/$P$106 -> 0.049171707 | F107: =F106/$P$106 -> 0.20194583 | G107: =G106/$P$106 -> 0.0036813042 | H107: =H106/$P$106 -> 0.005259006 | I107: =I106/$P$106 -> 0.099132264 | J107: =J106/$P$106 -> 0.045490402 | ... N107: =N106/$P$106 -> 0
B108: %ges w/o MCs | C108: =C106/$O$106 -> 0.32224168 | D108: =D106/$O$106 -> 0.095621716 | E108: =E106/$O$106 -> 0.065499124 | F108: =F106/$O$106 -> 0.26900175 | G108: =G106/$O$106 -> 0.0049036778 | H108: =H106/$O$106 -> 0.0070052539 | I108: =I106/$O$106 -> 0.13204904 | J108: =J106/$O$106 -> 0.060595447 | ... L108: =L106/$O$106 -> 0.021366025 | N108: =N106/$O$106 -> 0

Sheet 2.11 Buloba-Bujuko-24HR
B1: Consultancy services for Preparation of Expressway Development Master Plan (EDMP) for Uganda
B2: MANUAL CLASSIFIED COUNT (MCC)
B3: ROAD NAME: | C3: ='29.10 Bujuko-Buloba'!C3:G3 -> MCC - C2 - STN62 - BUJUKO-BULOBA ROAD
C5: Date | D5: ='2.11 Bujuko-Buloba-24HR'!D5 -> 2.11.19 | F5: Location | G5: ='2.11 Bujuko-Buloba-24HR'!G5:H5 -> Buloba Pop Oil | J5: Surveyor | K5: Doreen Geofrey
C6: Dir. From | D6: ='29.10 Buloba-Bujuko'!D6:E6 -> Buloba | F6: Dir. To | G6: ='29.10 Buloba-Bujuko'!G6:H6 -> Bujuko | J6: Supervisor | K6: ='2.11 Bujuko-Buloba-24HR'!K6:L6 -> Godfrey
B8: Time / Veh Type | R8: SUMMARY TRAFFIC VOLUMES
C9: 1. Car | D9: 2. Station Wagon | E9: 3. Pickups | F9: 4. Minibus, matatu | G9: 5. Medium bus | H9: 6. Large Bus | I9: 7. Light Truck | J9: 8. Medium Truck | K9: 9. Heavy truck | L9: 10. Truck Trailer | M9: 11. Motor cycles | N9: 12. Tractors | O9: Total Excl M/Cycles | P9: Total All | R9: Time | S9: 1. Car | T9: 2. Station Wagon | U9: 3. Pickups | V9: 4. Minibus, matatu | W9: 5. Medium bus | X9: 6. Large Bus | Y9: 7. Light Truck | Z9: 8. Medium Truck | AA9: 9. Heavy truck | AB9: 10. Truck Trailer | AC9: 11. Motorcycles | AD9: 12. Tractors, Graders | AE9: Total Excl M/ Cycles | AF9: Total All
B10: 07.00 - 07.15 | C10: 3 | D10: 2 | E10: 1 | F10: 4 | G10: 5 | H10: 0 | I10: 0 | J10: 0 | K10: 0 | L10: 0 | M10: 2 | N10: 0 | O10: =SUM(C10:L10,N10) -> 15 | P10: =SUM(C10:N10) -> 17 | R10: 0700-0800 | S10: =SUM(C10:C13) -> 27 | T10: =SUM(D10:D13) -> 19 | U10: =SUM(E10:E13) -> 21 | V10: =SUM(F10:F13) -> 38 | W10: =SUM(G10:G13) -> 5 | X10: =SUM(H10:H13) -> 0 | Y10: =SUM(I10:I13) -> 20 | Z10: =SUM(J10:J13) -> 1 | ... AF10: =SUM(P10:P13) -> 188
B11: 07.15 - 07.30 | C11: 6 | D11: 7 | E11: 2 | F11: 6 | G11: 0 | H11: 0 | I11: 11 | J11: 1 | K11: 0 | L11: 0 | M11: 10 | N11: 0 | O11: =SUM(C11:L11,N11) -> 33 | P11: =SUM(C11:N11) -> 43 | R11: 0800-0900 | S11: =SUM(C14:C17) -> 50 | T11: =SUM(D14:D17) -> 33 | U11: =SUM(E14:E17) -> 19 | V11: =SUM(F14:F17) -> 63 | W11: =SUM(G14:G17) -> 1 | X11: =SUM(H14:H17) -> 2 | Y11: =SUM(I14:I17) -> 20 | Z11: =SUM(J14:J17) -> 4 | ... AF11: =SUM(P14:P17) -> 286
B12: 07.30 - 07.45 | C12: 10 | D12: 6 | E12: 6 | F12: 14 | G12: 0 | H12: 0 | I12: 5 | J12: 0 | K12: 1 | L12: 0 | M12: 19 | N12: 0 | O12: =SUM(C12:L12,N12) -> 42 | P12: =SUM(C12:N12) -> 61 | R12: 0900-1000 | S12: =SUM(C18:C21) -> 61 | T12: =SUM(D18:D21) -> 35 | U12: =SUM(E18:E21) -> 28 | V12: =SUM(F18:F21) -> 79 | W12: =SUM(G18:G21) -> 2 | X12: =SUM(H18:H21) -> 2 | Y12: =SUM(I18:I21) -> 38 | Z12: =SUM(J18:J21) -> 3 | ... AF12: =SUM(P18:P21) -> 370
B13: 07.45 - 08.00 | C13: 8 | D13: 4 | E13: 12 | F13: 14 | G13: 0 | H13: 0 | I13: 4 | J13: 0 | K13: 1 | L13: 1 | M13: 23 | N13: 0 | O13: =SUM(C13:L13,N13) -> 44 | P13: =SUM(C13:N13) -> 67 | R13: 1000-1100 | S13: =SUM(C22:C25) -> 95 | T13: =SUM(D22:D25) -> 52 | U13: =SUM(E22:E25) -> 28 | V13: =SUM(F22:F25) -> 96 | W13: =SUM(G22:G25) -> 3 | X13: =SUM(H22:H25) -> 1 | Y13: =SUM(I22:I25) -> 44 | Z13: =SUM(J22:J25) -> 9 | ... AF13: =SUM(P22:P25) -> 433
B14: 08.00 - 08.15 | C14: 15 | D14: 6 | E14: 6 | F14: 14 | G14: 1 | H14: 1 | I14: 7 | J14: 2 | K14: 0 | L14: 0 | M14: 26 | N14: 0 | O14: =SUM(C14:L14,N14) -> 52 | P14: =SUM(C14:N14) -> 78 | R14: 1100-1200 | S14: =SUM(C26:C29) -> 80 | T14: =SUM(D26:D29) -> 38 | U14: =SUM(E26:E29) -> 21 | V14: =SUM(F26:F29) -> 77 | W14: =SUM(G26:G29) -> 0 | X14: =SUM(H26:H29) -> 3 | Y14: =SUM(I26:I29) -> 28 | Z14: =SUM(J26:J29) -> 5 | ... AF14: =SUM(P26:P29) -> 329
B15: 08.15 - 08.30 | C15: 12 | D15: 16 | E15: 3 | F15: 22 | G15: 0 | H15: 1 | I15: 5 | J15: 1 | K15: 1 | L15: 0 | M15: 18 | N15: 0 | O15: =SUM(C15:L15,N15) -> 61 | P15: =SUM(C15:N15) -> 79 | R15: 1200-1300 | S15: =SUM(C30:C33) -> 70 | T15: =SUM(D30:D33) -> 52 | U15: =SUM(E30:E33) -> 31 | V15: =SUM(F30:F33) -> 80 | W15: =SUM(G30:G33) -> 3 | X15: =SUM(H30:H33) -> 1 | Y15: =SUM(I30:I33) -> 47 | Z15: =SUM(J30:J33) -> 3 | ... AF15: =SUM(P30:P33) -> 377
B16: 08.30 - 08.45 | C16: 13 | D16: 4 | E16: 6 | F16: 14 | G16: 0 | H16: 0 | I16: 4 | J16: 0 | K16: 1 | L16: 0 | M16: 18 | N16: 0 | O16: =SUM(C16:L16,N16) -> 42 | P16: =SUM(C16:N16) -> 60 | R16: 1300-1400 | S16: =SUM(C34:C37) -> 51 | T16: =SUM(D34:D37) -> 49 | U16: =SUM(E34:E37) -> 25 | V16: =SUM(F34:F37) -> 71 | W16: =SUM(G34:G37) -> 3 | X16: =SUM(H34:H37) -> 2 | Y16: =SUM(I34:I37) -> 24 | Z16: =SUM(J34:J37) -> 0 | ... AF16: =SUM(P34:P37) -> 330
B17: 08.45 - 9.00 | C17: 10 | D17: 7 | E17: 4 | F17: 13 | G17: 0 | H17: 0 | I17: 4 | J17: 1 | K17: 0 | L17: 0 | M17: 30 | N17: 0 | O17: =SUM(C17:L17,N17) -> 39 | P17: =SUM(C17:N17) -> 69 | R17: 1400-1500 | S17: =SUM(C38:C41) -> 75 | T17: =SUM(D38:D41) -> 62 | U17: =SUM(E38:E41) -> 55 | V17: =SUM(F38:F41) -> 100 | W17: =SUM(G38:G41) -> 2 | X17: =SUM(H38:H41) -> 1 | Y17: =SUM(I38:I41) -> 46 | Z17: =SUM(J38:J41) -> 6 | ... AF17: =SUM(P38:P41) -> 449
B18: 09.00 - 09.15 | C18: 18 | D18: 6 | E18: 6 | F18: 19 | G18: 1 | H18: 1 | I18: 12 | J18: 0 | K18: 1 | L18: 0 | M18: 37 | N18: 0 | O18: =SUM(C18:L18,N18) -> 64 | P18: =SUM(C18:N18) -> 101 | R18: 1500-1600 | S18: =SUM(C42:C45) -> 84 | T18: =SUM(D42:D45) -> 38 | U18: =SUM(E42:E45) -> 28 | V18: =SUM(F42:F45) -> 68 | W18: =SUM(G42:G45) -> 2 | X18: =SUM(H42:H45) -> 2 | Y18: =SUM(I42:I45) -> 38 | Z18: =SUM(J42:J45) -> 7 | ... AF18: =SUM(P42:P45) -> 342
B19: 09.15 - 09.30 | C19: 12 | D19: 12 | E19: 8 | F19: 20 | G19: 0 | H19: 1 | I19: 7 | J19: 0 | K19: 5 | L19: 0 | M19: 23 | N19: 0 | O19: =SUM(C19:L19,N19) -> 65 | P19: =SUM(C19:N19) -> 88 | R19: 1600-1700 | S19: =SUM(C46:C49) -> 49 | T19: =SUM(D46:D49) -> 59 | U19: =SUM(E46:E49) -> 22 | V19: =SUM(F46:F49) -> 62 | W19: =SUM(G46:G49) -> 2 | X19: =SUM(H46:H49) -> 2 | Y19: =SUM(I46:I49) -> 32 | Z19: =SUM(J46:J49) -> 4 | ... AF19: =SUM(P46:P49) -> 304
B20: 09.30 - 09.45 | C20: 17 | D20: 5 | E20: 8 | F20: 16 | G20: 0 | H20: 0 | I20: 14 | J20: 3 | K20: 1 | L20: 0 | M20: 20 | N20: 0 | O20: =SUM(C20:L20,N20) -> 64 | P20: =SUM(C20:N20) -> 84 | R20: 1700-1800 | S20: =SUM(C50:C53) -> 75 | T20: =SUM(D50:D53) -> 64 | U20: =SUM(E50:E53) -> 59 | V20: =SUM(F50:F53) -> 85 | W20: =SUM(G50:G53) -> 1 | X20: =SUM(H50:H53) -> 1 | Y20: =SUM(I50:I53) -> 35 | Z20: =SUM(J50:J53) -> 2 | ... AF20: =SUM(P50:P53) -> 412
B21: 09.45 - 10.00 | C21: 14 | D21: 12 | E21: 6 | F21: 24 | G21: 1 | H21: 0 | I21: 5 | J21: 0 | K21: 1 | L21: 0 | M21: 34 | N21: 0 | O21: =SUM(C21:L21,N21) -> 63 | P21: =SUM(C21:N21) -> 97 | R21: 1800-1900 | S21: =SUM(C54:C57) -> 84 | T21: =SUM(D54:D57) -> 56 | U21: =SUM(E54:E57) -> 47 | V21: =SUM(F54:F57) -> 62 | W21: =SUM(G54:G57) -> 2 | X21: =SUM(H54:H57) -> 2 | Y21: =SUM(I54:I57) -> 45 | Z21: =SUM(J54:J57) -> 5 | ... AF21: =SUM(P54:P57) -> 381
B22: 10.00 - 10.15 | C22: 19 | D22: 12 | E22: 8 | F22: 20 | G22: 0 | H22: 0 | I22: 7 | J22: 2 | K22: 1 | L22: 0 | M22: 25 | N22: 0 | O22: =SUM(C22:L22,N22) -> 69 | P22: =SUM(C22:N22) -> 94 | R22: 1900-2000 | S22: =SUM(C58:C61) -> 48 | T22: =SUM(D58:D61) -> 13 | U22: =SUM(E58:E61) -> 10 | V22: =SUM(F58:F61) -> 47 | W22: =SUM(G58:G61) -> 0 | X22: =SUM(H58:H61) -> 2 | Y22: =SUM(I58:I61) -> 20 | Z22: =SUM(J58:J61) -> 13 | ... AF22: =SUM(P58:P61) -> 230
B23: 10.15 - 10.30 | C23: 23 | D23: 10 | E23: 8 | F23: 27 | G23: 0 | H23: 0 | I23: 9 | J23: 1 | K23: 1 | L23: 0 | M23: 19 | N23: 0 | O23: =SUM(C23:L23,N23) -> 79 | P23: =SUM(C23:N23) -> 98 | R23: 2000-2100 | S23: =SUM(C62:C65) -> 22 | T23: =SUM(D62:D65) -> 4 | U23: =SUM(E62:E65) -> 4 | V23: =SUM(F62:F65) -> 29 | W23: =SUM(G62:G65) -> 0 | X23: =SUM(H62:H65) -> 0 | Y23: =SUM(I62:I65) -> 6 | Z23: =SUM(J62:J65) -> 3 | ... AF23: =SUM(P62:P65) -> 115
B24: 10.30 - 10.45 | C24: 24 | D24: 18 | E24: 7 | F24: 29 | G24: 0 | H24: 0 | I24: 13 | J24: 4 | K24: 0 | L24: 0 | M24: 34 | N24: 0 | O24: =SUM(C24:L24,N24) -> 95 | P24: =SUM(C24:N24) -> 129 | R24: 2100-2200 | S24: =SUM(C66:C69) -> 21 | T24: =SUM(D66:D69) -> 7 | U24: =SUM(E66:E69) -> 0 | V24: =SUM(F66:F69) -> 33 | W24: =SUM(G66:G69) -> 0 | X24: =SUM(H66:H69) -> 1 | Y24: =SUM(I66:I69) -> 12 | Z24: =SUM(J66:J69) -> 7 | ... AF24: =SUM(P66:P69) -> 125
B25: 10.45 - 11.00 | C25: 29 | D25: 12 | E25: 5 | F25: 20 | G25: 3 | H25: 1 | I25: 15 | J25: 2 | K25: 1 | L25: 0 | M25: 24 | N25: 0 | O25: =SUM(C25:L25,N25) -> 88 | P25: =SUM(C25:N25) -> 112 | R25: 2200-2300 | S25: =SUM(C70:C73) -> 44 | T25: =SUM(D70:D73) -> 7 | U25: =SUM(E70:E73) -> 5 | V25: =SUM(F70:F73) -> 32 | W25: =SUM(G70:G73) -> 0 | X25: =SUM(H70:H73) -> 1 | Y25: =SUM(I70:I73) -> 14 | Z25: =SUM(J70:J73) -> 7 | ... AF25: =SUM(P70:P73) -> 152
B26: 11.00 - 11.15 | C26: 11 | D26: 8 | E26: 1 | F26: 16 | G26: 0 | H26: 1 | I26: 8 | J26: 3 | K26: 2 | L26: 0 | M26: 14 | N26: 0 | O26: =SUM(C26:L26,N26) -> 50 | P26: =SUM(C26:N26) -> 64 | R26: 2300-0000 | S26: =SUM(C74:C77) -> 59 | T26: =SUM(D74:D77) -> 3 | U26: =SUM(E74:E77) -> 6 | V26: =SUM(F74:F77) -> 22 | W26: =SUM(G74:G77) -> 0 | X26: =SUM(H74:H77) -> 1 | Y26: =SUM(I74:I77) -> 10 | Z26: =SUM(J74:J77) -> 12 | ... AF26: =SUM(P74:P77) -> 156
B27: 11.15 - 11.30 | C27: 23 | D27: 5 | E27: 6 | F27: 26 | G27: 0 | H27: 1 | I27: 4 | J27: 2 | K27: 1 | L27: 0 | M27: 21 | N27: 0 | O27: =SUM(C27:L27,N27) -> 68 | P27: =SUM(C27:N27) -> 89 | R27: 0000-0100 | S27: =SUM(C78:C81) -> 36 | T27: =SUM(D78:D81) -> 4 | U27: =SUM(E78:E81) -> 5 | V27: =SUM(F78:F81) -> 21 | W27: =SUM(G78:G81) -> 0 | X27: =SUM(H78:H81) -> 0 | Y27: =SUM(I78:I81) -> 10 | Z27: =SUM(J78:J81) -> 3 | ... AF27: =SUM(P78:P81) -> 101
B28: 11.30 - 11.45 | C28: 20 | D28: 13 | E28: 6 | F28: 18 | G28: 0 | H28: 1 | I28: 7 | J28: 0 | K28: 1 | L28: 0 | M28: 25 | N28: 0 | O28: =SUM(C28:L28,N28) -> 66 | P28: =SUM(C28:N28) -> 91 | R28: 0100-0200 | S28: =SUM(C82:C85) -> 15 | T28: =SUM(D82:D85) -> 8 | U28: =SUM(E82:E85) -> 2 | V28: =SUM(F82:F85) -> 3 | W28: =SUM(G82:G85) -> 0 | X28: =SUM(H82:H85) -> 0 | Y28: =SUM(I82:I85) -> 5 | Z28: =SUM(J82:J85) -> 5 | ... AF28: =SUM(P82:P85) -> 55
B29: 11.45 - 12.00 | C29: 26 | D29: 12 | E29: 8 | F29: 17 | G29: 0 | H29: 0 | I29: 9 | J29: 0 | K29: 0 | L29: 0 | M29: 13 | N29: 0 | O29: =SUM(C29:L29,N29) -> 72 | P29: =SUM(C29:N29) -> 85 | R29: 0200-0300 | S29: =SUM(C86:C89) -> 7 | T29: =SUM(D86:D89) -> 4 | U29: =SUM(E86:E89) -> 5 | V29: =SUM(F86:F89) -> 1 | W29: =SUM(G86:G89) -> 0 | X29: =SUM(H86:H89) -> 0 | Y29: =SUM(I86:I89) -> 4 | Z29: =SUM(J86:J89) -> 4 | ... AF29: =SUM(P86:P89) -> 37
B30: 12.00 - 12.15 | C30: 17 | D30: 10 | E30: 13 | F30: 24 | G30: 1 | H30: 0 | I30: 8 | J30: 0 | K30: 0 | L30: 0 | M30: 22 | N30: 0 | O30: =SUM(C30:L30,N30) -> 73 | P30: =SUM(C30:N30) -> 95 | R30: 0300-0400 | S30: =SUM(C90:C93) -> 6 | T30: =SUM(D90:D93) -> 2 | U30: =SUM(E90:E93) -> 1 | V30: =SUM(F90:F93) -> 1 | W30: =SUM(G90:G93) -> 0 | X30: =SUM(H90:H93) -> 0 | Y30: =SUM(I90:I93) -> 5 | Z30: =SUM(J90:J93) -> 5 | ... AF30: =SUM(P90:P93) -> 26
B31: 12.15 - 12.30 | C31: 15 | D31: 13 | E31: 1 | F31: 17 | G31: 1 | H31: 1 | I31: 17 | J31: 2 | K31: 1 | L31: 0 | M31: 30 | N31: 0 | O31: =SUM(C31:L31,N31) -> 68 | P31: =SUM(C31:N31) -> 98 | R31: 0400-0500 | S31: =SUM(C94:C97) -> 7 | T31: =SUM(D94:D97) -> 2 | U31: =SUM(E94:E97) -> 0 | V31: =SUM(F94:F97) -> 2 | W31: =SUM(G94:G97) -> 0 | X31: =SUM(H94:H97) -> 0 | Y31: =SUM(I94:I97) -> 8 | Z31: =SUM(J94:J97) -> 1 | ... AF31: =SUM(P94:P97) -> 34
B32: 12.30 - 12.45 | C32: 19 | D32: 22 | E32: 15 | F32: 16 | G32: 1 | H32: 0 | I32: 7 | J32: 0 | K32: 0 | L32: 0 | M32: 17 | N32: 0 | O32: =SUM(C32:L32,N32) -> 80 | P32: =SUM(C32:N32) -> 97 | R32: 0500-0600 | S32: =SUM(C98:C101) -> 21 | T32: =SUM(D98:D101) -> 4 | U32: =SUM(E98:E101) -> 3 | V32: =SUM(F98:F101) -> 2 | W32: =SUM(G98:G101) -> 1 | X32: =SUM(H98:H101) -> 1 | Y32: =SUM(I98:I101) -> 7 | Z32: =SUM(J98:J101) -> 0 | ... AF32: =SUM(P98:P101) -> 68
B33: 12.45 - 13.00 | C33: 19 | D33: 7 | E33: 2 | F33: 23 | G33: 0 | H33: 0 | I33: 15 | J33: 1 | K33: 1 | L33: 0 | M33: 19 | N33: 0 | O33: =SUM(C33:L33,N33) -> 68 | P33: =SUM(C33:N33) -> 87 | R33: 0600-0700 | S33: =SUM(C102:C105) -> 13 | T33: =SUM(D102:D105) -> 4 | U33: =SUM(E102:E105) -> 3 | V33: =SUM(F102:F105) -> 0 | W33: =SUM(G102:G105) -> 2 | X33: =SUM(H102:H105) -> 0 | Y33: =SUM(I102:I105) -> 6 | Z33: =SUM(J102:J105) -> 3 | ... AF33: =SUM(P102:P105) -> 58
B34: 13.00 - 13.15 | C34: 24 | D34: 12 | E34: 8 | F34: 15 | G34: 1 | H34: 0 | I34: 8 | J34: 0 | K34: 3 | L34: 3 | M34: 20 | N34: 0 | O34: =SUM(C34:L34,N34) -> 74 | P34: =SUM(C34:N34) -> 94 | R34: AM Peak Hr | S34: =MAX(S10:S12) -> 61 | T34: =MAX(T10:T12) -> 35 | U34: =MAX(U10:U12) -> 28 | V34: =MAX(V10:V12) -> 79 | W34: =MAX(W10:W12) -> 5 | X34: =MAX(X10:X12) -> 2 | Y34: =MAX(Y10:Y12) -> 38 | Z34: =MAX(Z10:Z12) -> 4 | ... AF34: =MAX(AF10:AF12) -> 370
B35: 13.15 - 13.30 | C35: 10 | D35: 17 | E35: 5 | F35: 20 | G35: 0 | H35: 2 | I35: 6 | J35: 0 | K35: 0 | L35: 1 | M35: 34 | N35: 0 | O35: =SUM(C35:L35,N35) -> 61 | P35: =SUM(C35:N35) -> 95 | R35: IP Peak Hr | S35: =MAX(S13:S18) -> 95 | T35: =MAX(T13:T18) -> 62 | U35: =MAX(U13:U18) -> 55 | V35: =MAX(V13:V18) -> 100 | W35: =MAX(W13:W18) -> 3 | X35: =MAX(X13:X18) -> 3 | Y35: =MAX(Y13:Y18) -> 47 | Z35: =MAX(Z13:Z18) -> 9 | ... AF35: =MAX(AF13:AF18) -> 449
B36: 13.30 - 13.45 | C36: 7 | D36: 4 | E36: 6 | F36: 13 | G36: 0 | H36: 0 | I36: 5 | J36: 0 | K36: 1 | L36: 0 | M36: 21 | N36: 0 | O36: =SUM(C36:L36,N36) -> 36 | P36: =SUM(C36:N36) -> 57 | R36: PM Peak Hr | S36: =MAX(S19:S21) -> 84 | T36: =MAX(T19:T21) -> 64 | U36: =MAX(U19:U21) -> 59 | V36: =MAX(V19:V21) -> 85 | W36: =MAX(W19:W21) -> 2 | X36: =MAX(X19:X21) -> 2 | Y36: =MAX(Y19:Y21) -> 45 | Z36: =MAX(Z19:Z21) -> 5 | ... AF36: =MAX(AF19:AF21) -> 412
B37: 13.45 - 14.00 | C37: 10 | D37: 16 | E37: 6 | F37: 23 | G37: 2 | H37: 0 | I37: 5 | J37: 0 | K37: 0 | L37: 1 | M37: 21 | N37: 0 | O37: =SUM(C37:L37,N37) -> 63 | P37: =SUM(C37:N37) -> 84 | R37: AM Period | S37: =SUM(S10:S12) -> 138 | T37: =SUM(T10:T12) -> 87 | U37: =SUM(U10:U12) -> 68 | V37: =SUM(V10:V12) -> 180 | W37: =SUM(W10:W12) -> 8 | X37: =SUM(X10:X12) -> 4 | Y37: =SUM(Y10:Y12) -> 78 | Z37: =SUM(Z10:Z12) -> 8 | ... AF37: =SUM(AF10:AF12) -> 844
B38: 14.00 - 14.15 | C38: 30 | D38: 17 | E38: 15 | F38: 23 | G38: 2 | H38: 0 | I38: 19 | J38: 1 | K38: 1 | L38: 0 | M38: 33 | N38: 0 | O38: =SUM(C38:L38,N38) -> 108 | P38: =SUM(C38:N38) -> 141 | R38: IP Period | S38: =SUM(S13:S18) -> 455 | T38: =SUM(T13:T18) -> 291 | U38: =SUM(U13:U18) -> 188 | V38: =SUM(V13:V18) -> 492 | W38: =SUM(W13:W18) -> 13 | X38: =SUM(X13:X18) -> 10 | Y38: =SUM(Y13:Y18) -> 227 | Z38: =SUM(Z13:Z18) -> 30 | ... AF38: =SUM(AF13:AF18) -> 2260
B39: 14.15 - 14.30 | C39: 10 | D39: 18 | E39: 3 | F39: 25 | G39: 0 | H39: 0 | I39: 8 | J39: 2 | K39: 0 | L39: 0 | M39: 12 | N39: 0 | O39: =SUM(C39:L39,N39) -> 66 | P39: =SUM(C39:N39) -> 78 | R39: PM Period | S39: =SUM(S19:S21) -> 208 | T39: =SUM(T19:T21) -> 179 | U39: =SUM(U19:U21) -> 128 | V39: =SUM(V19:V21) -> 209 | W39: =SUM(W19:W21) -> 5 | X39: =SUM(X19:X21) -> 5 | Y39: =SUM(Y19:Y21) -> 112 | Z39: =SUM(Z19:Z21) -> 11 | ... AF39: =SUM(AF19:AF21) -> 1097
B40: 14.30 - 14.45 | C40: 15 | D40: 10 | E40: 15 | F40: 29 | G40: 0 | H40: 1 | I40: 4 | J40: 0 | K40: 2 | L40: 0 | M40: 15 | N40: 0 | O40: =SUM(C40:L40,N40) -> 76 | P40: =SUM(C40:N40) -> 91 | R40: 12 Hours | S40: =SUM(S10:S21) -> 801 | T40: =SUM(T10:T21) -> 557 | U40: =SUM(U10:U21) -> 384 | V40: =SUM(V10:V21) -> 881 | W40: =SUM(W10:W21) -> 26 | X40: =SUM(X10:X21) -> 19 | Y40: =SUM(Y10:Y21) -> 417 | Z40: =SUM(Z10:Z21) -> 49 | ... AF40: =SUM(AF10:AF21) -> 4201
B41: 14.45 - 15.00 | C41: 20 | D41: 17 | E41: 22 | F41: 23 | G41: 0 | H41: 0 | I41: 15 | J41: 3 | K41: 3 | L41: 2 | M41: 34 | N41: 0 | O41: =SUM(C41:L41,N41) -> 105 | P41: =SUM(C41:N41) -> 139 | R41: 24 Hrs/ADT | S41: =SUM(S10:S33) -> 1100 | T41: =SUM(T10:T33) -> 619 | U41: =SUM(U10:U33) -> 428 | V41: =SUM(V10:V33) -> 1074 | W41: =SUM(W10:W33) -> 29 | X41: =SUM(X10:X33) -> 25 | Y41: =SUM(Y10:Y33) -> 524 | Z41: =SUM(Z10:Z33) -> 112 | ... AF41: =SUM(AF10:AF33) -> 5358
B42: 15.00 - 15.15 | C42: 20 | D42: 4 | E42: 4 | F42: 13 | G42: 0 | H42: 0 | I42: 8 | J42: 2 | K42: 2 | L42: 0 | M42: 13 | N42: 0 | O42: =SUM(C42:L42,N42) -> 53 | P42: =SUM(C42:N42) -> 66 | R42: NEF | S42: =S41/S40 -> 1.3732834 | T42: =T41/T40 -> 1.1113106 | U42: =U41/U40 -> 1.1145833 | V42: =V41/V40 -> 1.2190692 | W42: =W41/W40 -> 1.1153846 | X42: =X41/X40 -> 1.3157895 | Y42: =Y41/Y40 -> 1.2565947 | Z42: =Z41/Z40 -> 2.2857143 | ... AF42: =AF41/AF40 -> 1.2754106
B43: 15.15 - 15.30 | C43: 27 | D43: 7 | E43: 4 | F43: 15 | G43: 1 | H43: 1 | I43: 7 | J43: 4 | K43: 2 | L43: 2 | M43: 15 | N43: 0 | O43: =SUM(C43:L43,N43) -> 70 | P43: =SUM(C43:N43) -> 85
B44: 15.30 - 15.45 | C44: 15 | D44: 12 | E44: 8 | F44: 12 | G44: 1 | H44: 0 | I44: 9 | J44: 0 | K44: 2 | L44: 0 | M44: 23 | N44: 0 | O44: =SUM(C44:L44,N44) -> 59 | P44: =SUM(C44:N44) -> 82
B45: 15.45 - 16.00 | C45: 22 | D45: 15 | E45: 12 | F45: 28 | G45: 0 | H45: 1 | I45: 14 | J45: 1 | K45: 2 | L45: 0 | M45: 14 | N45: 0 | O45: =SUM(C45:L45,N45) -> 95 | P45: =SUM(C45:N45) -> 109
B46: 16.00 - 16.15 | C46: 18 | D46: 17 | E46: 3 | F46: 25 | G46: 0 | H46: 1 | I46: 11 | J46: 0 | K46: 1 | L46: 0 | M46: 17 | N46: 1 | O46: =SUM(C46:L46,N46) -> 77 | P46: =SUM(C46:N46) -> 94
B47: 16.15 -16.30 | C47: 6 | D47: 15 | E47: 3 | F47: 9 | G47: 1 | H47: 0 | I47: 8 | J47: 1 | K47: 1 | L47: 0 | M47: 13 | N47: 0 | O47: =SUM(C47:L47,N47) -> 44 | P47: =SUM(C47:N47) -> 57
B48: 16.30 -16.45 | C48: 10 | D48: 10 | E48: 6 | F48: 9 | G48: 1 | H48: 1 | I48: 10 | J48: 1 | K48: 1 | L48: 1 | M48: 20 | N48: 0 | O48: =SUM(C48:L48,N48) -> 50 | P48: =SUM(C48:N48) -> 70
B49: 16.45 -17.00 | C49: 15 | D49: 17 | E49: 10 | F49: 19 | G49: 0 | H49: 0 | I49: 3 | J49: 2 | K49: 0 | L49: 0 | M49: 17 | N49: 0 | O49: =SUM(C49:L49,N49) -> 66 | P49: =SUM(C49:N49) -> 83
B50: 17.00 -17.15 | C50: 14 | D50: 10 | E50: 18 | F50: 22 | G50: 0 | H50: 0 | I50: 4 | J50: 1 | K50: 2 | L50: 1 | M50: 15 | N50: 0 | O50: =SUM(C50:L50,N50) -> 72 | P50: =SUM(C50:N50) -> 87
B51: 17.15 -17.30 | C51: 32 | D51: 18 | E51: 14 | F51: 24 | G51: 1 | H51: 0 | I51: 10 | J51: 0 | K51: 1 | L51: 1 | M51: 18 | N51: 0 | O51: =SUM(C51:L51,N51) -> 101 | P51: =SUM(C51:N51) -> 119
B52: 17.30 -17.45 | C52: 10 | D52: 15 | E52: 12 | F52: 17 | G52: 0 | H52: 0 | I52: 9 | J52: 0 | K52: 0 | L52: 0 | M52: 32 | N52: 0 | O52: =SUM(C52:L52,N52) -> 63 | P52: =SUM(C52:N52) -> 95
B53: 17.45 -18.00 | C53: 19 | D53: 21 | E53: 15 | F53: 22 | G53: 0 | H53: 1 | I53: 12 | J53: 1 | K53: 2 | L53: 0 | M53: 18 | N53: 0 | O53: =SUM(C53:L53,N53) -> 93 | P53: =SUM(C53:N53) -> 111
B54: 18.00 - 18.15 | C54: 30 | D54: 23 | E54: 15 | F54: 25 | G54: 1 | H54: 0 | I54: 20 | J54: 3 | K54: 0 | L54: 0 | M54: 31 | N54: 0 | O54: =SUM(C54:L54,N54) -> 117 | P54: =SUM(C54:N54) -> 148
... B105: 06.45 - 07.00 | C105: 2 | D105: 1 | E105: 0 | F105: 0 | G105: 1 | H105: 0 | I105: 0 | J105: 0 | K105: 1 | L105: 0 | M105: 9 | N105: 0 | O105: =SUM(C105:L105,N105) -> 5 | P105: =SUM(C105:N105) -> 14
B106: Totals | C106: =SUM(C10:C105) -> 1100 | D106: =SUM(D10:D105) -> 619 | E106: =SUM(E10:E105) -> 428 | F106: =SUM(F10:F105) -> 1074 | G106: =SUM(G10:G105) -> 29 | H106: =SUM(H10:H105) -> 25 | I106: =SUM(I10:I105) -> 524 | J106: =SUM(J10:J105) -> 112 | ... P106: =SUM(P10:P105) -> 5358
B107: %ges + MCs | C107: =C106/$P$106 -> 0.20530049 | D107: =D106/$P$106 -> 0.11552818 | E107: =E106/$P$106 -> 0.079880552 | F107: =F106/$P$106 -> 0.20044793 | G107: =G106/$P$106 -> 0.0054124673 | H107: =H106/$P$106 -> 0.0046659201 | I107: =I106/$P$106 -> 0.097797686 | J107: =J106/$P$106 -> 0.020903322 | ... N107: =N106/$P$106 -> 0.0001866368
B108: %ges w/o MCs | C108: =C106/$O$106 -> 0.27147088 | D108: =D106/$O$106 -> 0.15276407 | E108: =E106/$O$106 -> 0.10562685 | F108: =F106/$O$106 -> 0.26505429 | G108: =G106/$O$106 -> 0.0071569595 | H108: =H106/$O$106 -> 0.0061697927 | I108: =I106/$O$106 -> 0.12931885 | J108: =J106/$O$106 -> 0.027640671 | ... L108: =L106/$O$106 -> 0.011352419 | N108: =N106/$O$106 -> 0.00024679171

Sheet 3.11 Bujuko-Buloba
B1: Consultancy services for Preparation of Expressway Development Master Plan (EDMP) for Uganda
B2: MANUAL CLASSIFIED COUNT (MCC)
B3: ROAD NAME: | C3: ='29.10 Bujuko-Buloba'!C3:G3 -> MCC - C2 - STN62 - BUJUKO-BULOBA ROAD
C5: Date | D5: 3.11.19 | F5: Location | G5: ='1.11 Buloba-Bujuko'!G5:H5 -> Buloba Pop Oil | J5: Surveyor | K5: Nakiwuge A
C6: Dir. From | D6: ='29.10 Bujuko-Buloba'!D6:E6 -> Bujuko | F6: Dir. To | G6: ='29.10 Bujuko-Buloba'!G6:H6 -> Buloba | J6: Supervisor | K6: ='29.10 Bujuko-Buloba'!K6:L6 -> Godfrey
B8: Time / Veh Type | R8: SUMMARY TRAFFIC VOLUMES
C9: 1. Car | D9: 2. Station Wagon | E9: 3. Pickups | F9: 4. Minibus, matatu | G9: 5. Medium bus | H9: 6. Large Bus | I9: 7. Light Truck | J9: 8. Medium Truck | K9: 9. Heavy truck | L9: 10. Truck Trailer | M9: 11. Motor cycles | N9: 12. Tractors | O9: Total Excl M/Cycles | P9: Total All | R9: Time | S9: 1. Car | T9: 2. Station Wagon | U9: 3. Pickups | V9: 4. Minibus, matatu | W9: 5. Medium bus | X9: 6. Large Bus | Y9: 7. Light Truck | Z9: 8. Medium Truck | AA9: 9. Heavy truck | AB9: 10. Truck Trailer | AC9: 11. Motorcycles | AD9: 12. Tractors, Graders | AE9: Total Excl M/ Cycles | AF9: Total All
B10: 07.00 - 07.15 | C10: 2 | D10: 2 | E10: 0 | F10: 15 | G10: 0 | H10: 0 | I10: 3 | J10: 5 | K10: 0 | L10: 2 | M10: 10 | N10: 0 | O10: =SUM(C10:L10,N10) -> 29 | P10: =SUM(C10:N10) -> 39 | R10: 0700-0800 | S10: =SUM(C10:C13) -> 25 | T10: =SUM(D10:D13) -> 6 | U10: =SUM(E10:E13) -> 3 | V10: =SUM(F10:F13) -> 59 | W10: =SUM(G10:G13) -> 1 | X10: =SUM(H10:H13) -> 0 | Y10: =SUM(I10:I13) -> 13 | Z10: =SUM(J10:J13) -> 10 | ... AF10: =SUM(P10:P13) -> 153
B11: 07.15 - 07.30 | C11: 2 | D11: 0 | E11: 0 | F11: 11 | G11: 0 | H11: 0 | I11: 7 | J11: 2 | K11: 1 | L11: 1 | M11: 0 | N11: 0 | O11: =SUM(C11:L11,N11) -> 24 | P11: =SUM(C11:N11) -> 24 | R11: 0800-0900 | S11: =SUM(C14:C17) -> 58 | T11: =SUM(D14:D17) -> 4 | U11: =SUM(E14:E17) -> 8 | V11: =SUM(F14:F17) -> 51 | W11: =SUM(G14:G17) -> 1 | X11: =SUM(H14:H17) -> 0 | Y11: =SUM(I14:I17) -> 8 | Z11: =SUM(J14:J17) -> 1 | ... AF11: =SUM(P14:P17) -> 203
B12: 07.30 - 07.45 | C12: 15 | D12: 3 | E12: 1 | F12: 24 | G12: 0 | H12: 0 | I12: 3 | J12: 2 | K12: 0 | L12: 0 | M12: 18 | N12: 0 | O12: =SUM(C12:L12,N12) -> 48 | P12: =SUM(C12:N12) -> 66 | R12: 0900-1000 | S12: =SUM(C18:C21) -> 64 | T12: =SUM(D18:D21) -> 7 | U12: =SUM(E18:E21) -> 8 | V12: =SUM(F18:F21) -> 53 | W12: =SUM(G18:G21) -> 1 | X12: =SUM(H18:H21) -> 0 | Y12: =SUM(I18:I21) -> 19 | Z12: =SUM(J18:J21) -> 5 | ... AF12: =SUM(P18:P21) -> 257
B13: 07.45 - 08.00 | C13: 6 | D13: 1 | E13: 2 | F13: 9 | G13: 1 | H13: 0 | I13: 0 | J13: 1 | K13: 0 | L13: 0 | M13: 4 | N13: 0 | O13: =SUM(C13:L13,N13) -> 20 | P13: =SUM(C13:N13) -> 24 | R13: 1000-1100 | S13: =SUM(C22:C25) -> 55 | T13: =SUM(D22:D25) -> 4 | U13: =SUM(E22:E25) -> 3 | V13: =SUM(F22:F25) -> 54 | W13: =SUM(G22:G25) -> 3 | X13: =SUM(H22:H25) -> 1 | Y13: =SUM(I22:I25) -> 12 | Z13: =SUM(J22:J25) -> 7 | ... AF13: =SUM(P22:P25) -> 220
B14: 08.00 - 08.15 | C14: 11 | D14: 2 | E14: 2 | F14: 13 | G14: 0 | H14: 0 | I14: 4 | J14: 1 | K14: 2 | L14: 2 | M14: 10 | N14: 0 | O14: =SUM(C14:L14,N14) -> 37 | P14: =SUM(C14:N14) -> 47 | R14: 1100-1200 | S14: =SUM(C26:C29) -> 73 | T14: =SUM(D26:D29) -> 12 | U14: =SUM(E26:E29) -> 10 | V14: =SUM(F26:F29) -> 54 | W14: =SUM(G26:G29) -> 0 | X14: =SUM(H26:H29) -> 0 | Y14: =SUM(I26:I29) -> 10 | Z14: =SUM(J26:J29) -> 5 | ... AF14: =SUM(P26:P29) -> 263
B15: 08.15 - 08.30 | C15: 12 | D15: 1 | E15: 3 | F15: 12 | G15: 0 | H15: 0 | I15: 1 | J15: 0 | K15: 0 | L15: 2 | M15: 19 | N15: 0 | O15: =SUM(C15:L15,N15) -> 31 | P15: =SUM(C15:N15) -> 50 | R15: 1200-1300 | S15: =SUM(C30:C33) -> 86 | T15: =SUM(D30:D33) -> 13 | U15: =SUM(E30:E33) -> 11 | V15: =SUM(F30:F33) -> 57 | W15: =SUM(G30:G33) -> 1 | X15: =SUM(H30:H33) -> 0 | Y15: =SUM(I30:I33) -> 20 | Z15: =SUM(J30:J33) -> 7 | ... AF15: =SUM(P30:P33) -> 283
B16: 08.30 - 08.45 | C16: 15 | D16: 0 | E16: 2 | F16: 8 | G16: 1 | H16: 0 | I16: 0 | J16: 0 | K16: 0 | L16: 0 | M16: 29 | N16: 0 | O16: =SUM(C16:L16,N16) -> 26 | P16: =SUM(C16:N16) -> 55 | R16: 1300-1400 | S16: =SUM(C34:C37) -> 84 | T16: =SUM(D34:D37) -> 13 | U16: =SUM(E34:E37) -> 9 | V16: =SUM(F34:F37) -> 68 | W16: =SUM(G34:G37) -> 0 | X16: =SUM(H34:H37) -> 3 | Y16: =SUM(I34:I37) -> 28 | Z16: =SUM(J34:J37) -> 4 | ... AF16: =SUM(P34:P37) -> 286
B17: 08.45 - 9.00 | C17: 20 | D17: 1 | E17: 1 | F17: 18 | G17: 0 | H17: 0 | I17: 3 | J17: 0 | K17: 0 | L17: 0 | M17: 8 | N17: 0 | O17: =SUM(C17:L17,N17) -> 43 | P17: =SUM(C17:N17) -> 51 | R17: 1400-1500 | S17: =SUM(C38:C41) -> 107 | T17: =SUM(D38:D41) -> 21 | U17: =SUM(E38:E41) -> 21 | V17: =SUM(F38:F41) -> 77 | W17: =SUM(G38:G41) -> 1 | X17: =SUM(H38:H41) -> 1 | Y17: =SUM(I38:I41) -> 14 | Z17: =SUM(J38:J41) -> 7 | ... AF17: =SUM(P38:P41) -> 349
B18: 09.00 - 09.15 | C18: 20 | D18: 1 | E18: 1 | F18: 11 | G18: 1 | H18: 0 | I18: 7 | J18: 1 | K18: 0 | L18: 2 | M18: 23 | N18: 0 | O18: =SUM(C18:L18,N18) -> 44 | P18: =SUM(C18:N18) -> 67 | R18: 1500-1600 | S18: =SUM(C42:C45) -> 105 | T18: =SUM(D42:D45) -> 22 | U18: =SUM(E42:E45) -> 20 | V18: =SUM(F42:F45) -> 75 | W18: =SUM(G42:G45) -> 1 | X18: =SUM(H42:H45) -> 3 | Y18: =SUM(I42:I45) -> 31 | Z18: =SUM(J42:J45) -> 7 | ... AF18: =SUM(P42:P45) -> 350
B19: 09.15 - 09.30 | C19: 10 | D19: 2 | E19: 2 | F19: 12 | G19: 0 | H19: 0 | I19: 2 | J19: 0 | K19: 0 | L19: 1 | M19: 23 | N19: 0 | O19: =SUM(C19:L19,N19) -> 29 | P19: =SUM(C19:N19) -> 52 | R19: 1600-1700 | S19: =SUM(C46:C49) -> 139 | T19: =SUM(D46:D49) -> 20 | U19: =SUM(E46:E49) -> 26 | V19: =SUM(F46:F49) -> 95 | W19: =SUM(G46:G49) -> 10 | X19: =SUM(H46:H49) -> 3 | Y19: =SUM(I46:I49) -> 25 | Z19: =SUM(J46:J49) -> 7 | ... AF19: =SUM(P46:P49) -> 441
B20: 09.30 - 09.45 | C20: 17 | D20: 2 | E20: 2 | F20: 11 | G20: 0 | H20: 0 | I20: 4 | J20: 0 | K20: 1 | L20: 0 | M20: 19 | N20: 0 | O20: =SUM(C20:L20,N20) -> 37 | P20: =SUM(C20:N20) -> 56 | R20: 1700-1800 | S20: =SUM(C50:C53) -> 173 | T20: =SUM(D50:D53) -> 33 | U20: =SUM(E50:E53) -> 29 | V20: =SUM(F50:F53) -> 91 | W20: =SUM(G50:G53) -> 6 | X20: =SUM(H50:H53) -> 4 | Y20: =SUM(I50:I53) -> 37 | Z20: =SUM(J50:J53) -> 4 | ... AF20: =SUM(P50:P53) -> 507
B21: 09.45 - 10.00 | C21: 17 | D21: 2 | E21: 3 | F21: 19 | G21: 0 | H21: 0 | I21: 6 | J21: 4 | K21: 0 | L21: 0 | M21: 31 | N21: 0 | O21: =SUM(C21:L21,N21) -> 51 | P21: =SUM(C21:N21) -> 82 | R21: 1800-1900 | S21: =SUM(C54:C57) -> 207 | T21: =SUM(D54:D57) -> 57 | U21: =SUM(E54:E57) -> 33 | V21: =SUM(F54:F57) -> 106 | W21: =SUM(G54:G57) -> 17 | X21: =SUM(H54:H57) -> 2 | Y21: =SUM(I54:I57) -> 25 | Z21: =SUM(J54:J57) -> 11 | ... AF21: =SUM(P54:P57) -> 609
B22: 10.00 - 10.15 | C22: 14 | D22: 1 | E22: 0 | F22: 17 | G22: 0 | H22: 0 | I22: 3 | J22: 3 | K22: 0 | L22: 1 | M22: 23 | N22: 0 | O22: =SUM(C22:L22,N22) -> 39 | P22: =SUM(C22:N22) -> 62 | R22: AM Peak Hr | S22: =MAX(S10:S12) -> 64 | T22: =MAX(T10:T12) -> 7 | U22: =MAX(U10:U12) -> 8 | V22: =MAX(V10:V12) -> 59 | W22: =MAX(W10:W12) -> 1 | X22: =MAX(X10:X12) -> 0 | Y22: =MAX(Y10:Y12) -> 19 | Z22: =MAX(Z10:Z12) -> 10 | ... AF22: =MAX(AF10:AF12) -> 257
B23: 10.15 - 10.30 | C23: 12 | D23: 1 | E23: 0 | F23: 16 | G23: 1 | H23: 0 | I23: 2 | J23: 1 | K23: 0 | L23: 1 | M23: 17 | N23: 0 | O23: =SUM(C23:L23,N23) -> 34 | P23: =SUM(C23:N23) -> 51 | R23: IP Peak Hr | S23: =MAX(S13:S18) -> 107 | T23: =MAX(T13:T18) -> 22 | U23: =MAX(U13:U18) -> 21 | V23: =MAX(V13:V18) -> 77 | W23: =MAX(W13:W18) -> 3 | X23: =MAX(X13:X18) -> 3 | Y23: =MAX(Y13:Y18) -> 31 | Z23: =MAX(Z13:Z18) -> 7 | ... AF23: =MAX(AF13:AF18) -> 350
B24: 10.30 - 10.45 | C24: 15 | D24: 1 | E24: 3 | F24: 13 | G24: 0 | H24: 0 | I24: 5 | J24: 2 | K24: 1 | L24: 0 | M24: 16 | N24: 0 | O24: =SUM(C24:L24,N24) -> 40 | P24: =SUM(C24:N24) -> 56 | R24: PM Peak Hr | S24: =MAX(S19:S21) -> 207 | T24: =MAX(T19:T21) -> 57 | U24: =MAX(U19:U21) -> 33 | V24: =MAX(V19:V21) -> 106 | W24: =MAX(W19:W21) -> 17 | X24: =MAX(X19:X21) -> 4 | Y24: =MAX(Y19:Y21) -> 37 | Z24: =MAX(Z19:Z21) -> 11 | ... AF24: =MAX(AF19:AF21) -> 609
B25: 10.45 - 11.00 | C25: 14 | D25: 1 | E25: 0 | F25: 8 | G25: 2 | H25: 1 | I25: 2 | J25: 1 | K25: 1 | L25: 0 | M25: 21 | N25: 0 | O25: =SUM(C25:L25,N25) -> 30 | P25: =SUM(C25:N25) -> 51 | R25: AM Period | S25: =SUM(S10:S12) -> 147 | T25: =SUM(T10:T12) -> 17 | U25: =SUM(U10:U12) -> 19 | V25: =SUM(V10:V12) -> 163 | W25: =SUM(W10:W12) -> 3 | X25: =SUM(X10:X12) -> 0 | Y25: =SUM(Y10:Y12) -> 40 | Z25: =SUM(Z10:Z12) -> 16 | ... AF25: =SUM(AF10:AF12) -> 613
B26: 11.00 - 11.15 | C26: 18 | D26: 1 | E26: 2 | F26: 11 | G26: 0 | H26: 0 | I26: 2 | J26: 2 | K26: 0 | L26: 2 | M26: 17 | N26: 0 | O26: =SUM(C26:L26,N26) -> 38 | P26: =SUM(C26:N26) -> 55 | R26: IP Period | S26: =SUM(S13:S18) -> 510 | T26: =SUM(T13:T18) -> 85 | U26: =SUM(U13:U18) -> 74 | V26: =SUM(V13:V18) -> 385 | W26: =SUM(W13:W18) -> 6 | X26: =SUM(X13:X18) -> 8 | Y26: =SUM(Y13:Y18) -> 115 | Z26: =SUM(Z13:Z18) -> 37 | ... AF26: =SUM(AF13:AF18) -> 1751
B27: 11.15 - 11.30 | C27: 17 | D27: 4 | E27: 2 | F27: 13 | G27: 0 | H27: 0 | I27: 2 | J27: 0 | K27: 0 | L27: 2 | M27: 26 | N27: 0 | O27: =SUM(C27:L27,N27) -> 40 | P27: =SUM(C27:N27) -> 66 | R27: PM Period | S27: =SUM(S19:S21) -> 519 | T27: =SUM(T19:T21) -> 110 | U27: =SUM(U19:U21) -> 88 | V27: =SUM(V19:V21) -> 292 | W27: =SUM(W19:W21) -> 33 | X27: =SUM(X19:X21) -> 9 | Y27: =SUM(Y19:Y21) -> 87 | Z27: =SUM(Z19:Z21) -> 22 | ... AF27: =SUM(AF19:AF21) -> 1557
B28: 11.30 - 11.45 | C28: 26 | D28: 2 | E28: 4 | F28: 16 | G28: 0 | H28: 0 | I28: 5 | J28: 1 | K28: 0 | L28: 0 | M28: 26 | N28: 0 | O28: =SUM(C28:L28,N28) -> 54 | P28: =SUM(C28:N28) -> 80 | R28: 12 Hours | S28: =SUM(S10:S21) -> 1176 | T28: =SUM(T10:T21) -> 212 | U28: =SUM(U10:U21) -> 181 | V28: =SUM(V10:V21) -> 840 | W28: =SUM(W10:W21) -> 42 | X28: =SUM(X10:X21) -> 17 | Y28: =SUM(Y10:Y21) -> 242 | Z28: =SUM(Z10:Z21) -> 75 | ... AF28: =SUM(AF10:AF21) -> 3921
B29: 11.45 - 12.00 | C29: 12 | D29: 5 | E29: 2 | F29: 14 | G29: 0 | H29: 0 | I29: 1 | J29: 2 | K29: 0 | L29: 0 | M29: 26 | N29: 0 | O29: =SUM(C29:L29,N29) -> 36 | P29: =SUM(C29:N29) -> 62
B30: 12.00 - 12.15 | C30: 30 | D30: 1 | E30: 0 | F30: 14 | G30: 1 | H30: 0 | I30: 5 | J30: 0 | K30: 0 | L30: 1 | M30: 28 | N30: 0 | O30: =SUM(C30:L30,N30) -> 52 | P30: =SUM(C30:N30) -> 80
B31: 12.15 - 12.30 | C31: 20 | D31: 3 | E31: 4 | F31: 14 | G31: 0 | H31: 0 | I31: 7 | J31: 2 | K31: 0 | L31: 0 | M31: 19 | N31: 0 | O31: =SUM(C31:L31,N31) -> 50 | P31: =SUM(C31:N31) -> 69
B32: 12.30 - 12.45 | C32: 25 | D32: 6 | E32: 5 | F32: 16 | G32: 0 | H32: 0 | I32: 3 | J32: 2 | K32: 0 | L32: 0 | M32: 23 | N32: 0 | O32: =SUM(C32:L32,N32) -> 57 | P32: =SUM(C32:N32) -> 80
B33: 12.45 - 13.00 | C33: 11 | D33: 3 | E33: 2 | F33: 13 | G33: 0 | H33: 0 | I33: 5 | J33: 3 | K33: 1 | L33: 1 | M33: 15 | N33: 0 | O33: =SUM(C33:L33,N33) -> 39 | P33: =SUM(C33:N33) -> 54
B34: 13.00 - 13.15 | C34: 24 | D34: 3 | E34: 3 | F34: 21 | G34: 0 | H34: 1 | I34: 7 | J34: 1 | K34: 1 | L34: 3 | M34: 18 | N34: 0 | O34: =SUM(C34:L34,N34) -> 64 | P34: =SUM(C34:N34) -> 82
B35: 13.15 - 13.30 | C35: 20 | D35: 2 | E35: 3 | F35: 18 | G35: 0 | H35: 0 | I35: 5 | J35: 2 | K35: 0 | L35: 1 | M35: 20 | N35: 0 | O35: =SUM(C35:L35,N35) -> 51 | P35: =SUM(C35:N35) -> 71
B36: 13.30 - 13.45 | C36: 23 | D36: 3 | E36: 2 | F36: 17 | G36: 0 | H36: 2 | I36: 9 | J36: 1 | K36: 0 | L36: 1 | M36: 17 | N36: 0 | O36: =SUM(C36:L36,N36) -> 58 | P36: =SUM(C36:N36) -> 75
B37: 13.45 - 14.00 | C37: 17 | D37: 5 | E37: 1 | F37: 12 | G37: 0 | H37: 0 | I37: 7 | J37: 0 | K37: 3 | L37: 0 | M37: 13 | N37: 0 | O37: =SUM(C37:L37,N37) -> 45 | P37: =SUM(C37:N37) -> 58
B38: 14.00 - 14.15 | C38: 30 | D38: 4 | E38: 4 | F38: 25 | G38: 0 | H38: 0 | I38: 8 | J38: 0 | K38: 2 | L38: 3 | M38: 23 | N38: 0 | O38: =SUM(C38:L38,N38) -> 76 | P38: =SUM(C38:N38) -> 99
B39: 14.15 - 14.30 | C39: 26 | D39: 7 | E39: 10 | F39: 21 | G39: 0 | H39: 0 | I39: 3 | J39: 3 | K39: 1 | L39: 1 | M39: 30 | N39: 0 | O39: =SUM(C39:L39,N39) -> 72 | P39: =SUM(C39:N39) -> 102
B40: 14.30 - 14.45 | C40: 32 | D40: 7 | E40: 6 | F40: 14 | G40: 1 | H40: 1 | I40: 1 | J40: 0 | K40: 0 | L40: 1 | M40: 19 | N40: 0 | O40: =SUM(C40:L40,N40) -> 63 | P40: =SUM(C40:N40) -> 82
... B57: 18.45 - 19.00 | C57: 68 | D57: 14 | E57: 8 | F57: 35 | G57: 1 | H57: 0 | I57: 6 | J57: 4 | K57: 0 | L57: 0 | M57: 38 | N57: 0 | O57: =SUM(C57:L57,N57) -> 136 | P57: =SUM(C57:N57) -> 174
B58: Totals | C58: =SUM(C10:C57) -> 1176 | D58: =SUM(D10:D57) -> 212 | E58: =SUM(E10:E57) -> 181 | F58: =SUM(F10:F57) -> 840 | G58: =SUM(G10:G57) -> 42 | H58: =SUM(H10:H57) -> 17 | I58: =SUM(I10:I57) -> 242 | J58: =SUM(J10:J57) -> 75 | ... P58: =SUM(P10:P57) -> 3921
B59: %ges + MCs | C59: =C58/$P$58 -> 0.29992349 | D59: =D58/$P$58 -> 0.05406784 | E59: =E58/$P$58 -> 0.046161693 | F59: =F58/$P$58 -> 0.21423106 | G59: =G58/$P$58 -> 0.010711553 | H59: =H58/$P$58 -> 0.0043356287 | I59: =I58/$P$58 -> 0.061718949 | J59: =J58/$P$58 -> 0.019127774 | ... N59: =N58/$P$58 -> 0
B60: %ges w/o MCs | C60: =C58/$O$58 -> 0.41162058 | D60: =D58/$O$58 -> 0.07420371 | E60: =E58/$O$58 -> 0.063353168 | F60: =F58/$O$58 -> 0.2940147 | G60: =G58/$O$58 -> 0.014700735 | H60: =H58/$O$58 -> 0.0059502975 | I60: =I58/$O$58 -> 0.084704235 | J60: =J58/$O$58 -> 0.026251313 | ... L60: =L58/$O$58 -> 0.016450823 | N60: =N58/$O$58 -> 0

Sheet 3.11 Buloba-Bujuko
B1: Consultancy services for Preparation of Expressway Development Master Plan (EDMP) for Uganda
B2: MANUAL CLASSIFIED COUNT (MCC)
B3: ROAD NAME: | C3: ='29.10 Buloba-Bujuko'!C3:G3 -> MCC - C2 - STN62 - BUJUKO-BULOBA ROAD
C5: Date | D5: ='3.11 Bujuko-Buloba'!D5 -> 3.11.19 | F5: Location | G5: ='3.11 Bujuko-Buloba'!G5:H5 -> Buloba Pop Oil | J5: Surveyor | K5: Mukasa
C6: Dir. From | D6: ='29.10 Buloba-Bujuko'!D6:E6 -> Buloba | F6: Dir. To | G6: ='29.10 Buloba-Bujuko'!G6:H6 -> Bujuko | J6: Supervisor | K6: ='3.11 Bujuko-Buloba'!K6:L6 -> Godfrey
B8: Time / Veh Type | R8: SUMMARY TRAFFIC VOLUMES
C9: 1. Car | D9: 2. Station Wagon | E9: 3. Pickups | F9: 4. Minibus, matatu | G9: 5. Medium bus | H9: 6. Large Bus | I9: 7. Light Truck | J9: 8. Medium Truck | K9: 9. Heavy truck | L9: 10. Truck Trailer | M9: 11. Motor cycles | N9: 12. Tractors | O9: Total Excl M/Cycles | P9: Total All | R9: Time | S9: 1. Car | T9: 2. Station Wagon | U9: 3. Pickups | V9: 4. Minibus, matatu | W9: 5. Medium bus | X9: 6. Large Bus | Y9: 7. Light Truck | Z9: 8. Medium Truck | AA9: 9. Heavy truck | AB9: 10. Truck Trailer | AC9: 11. Motorcycles | AD9: 12. Tractors, Graders | AE9: Total Excl M/ Cycles | AF9: Total All
B10: 07.00 - 07.15 | C10: 2 | D10: 0 | E10: 0 | F10: 1 | G10: 0 | H10: 0 | I10: 0 | J10: 0 | K10: 0 | L10: 0 | M10: 2 | N10: 0 | O10: =SUM(C10:L10,N10) -> 3 | P10: =SUM(C10:N10) -> 5 | R10: 0700-0800 | S10: =SUM(C10:C13) -> 26 | T10: =SUM(D10:D13) -> 1 | U10: =SUM(E10:E13) -> 3 | V10: =SUM(F10:F13) -> 20 | W10: =SUM(G10:G13) -> 0 | X10: =SUM(H10:H13) -> 1 | Y10: =SUM(I10:I13) -> 8 | Z10: =SUM(J10:J13) -> 4 | ... AF10: =SUM(P10:P13) -> 80
B11: 07.15 - 07.30 | C11: 5 | D11: 0 | E11: 0 | F11: 3 | G11: 0 | H11: 0 | I11: 1 | J11: 0 | K11: 0 | L11: 0 | M11: 4 | N11: 0 | O11: =SUM(C11:L11,N11) -> 9 | P11: =SUM(C11:N11) -> 13 | R11: 0800-0900 | S11: =SUM(C14:C17) -> 36 | T11: =SUM(D14:D17) -> 7 | U11: =SUM(E14:E17) -> 10 | V11: =SUM(F14:F17) -> 37 | W11: =SUM(G14:G17) -> 1 | X11: =SUM(H14:H17) -> 2 | Y11: =SUM(I14:I17) -> 10 | Z11: =SUM(J14:J17) -> 5 | ... AF11: =SUM(P14:P17) -> 144
B12: 07.30 - 07.45 | C12: 2 | D12: 0 | E12: 0 | F12: 1 | G12: 0 | H12: 0 | I12: 3 | J12: 1 | K12: 0 | L12: 0 | M12: 3 | N12: 0 | O12: =SUM(C12:L12,N12) -> 7 | P12: =SUM(C12:N12) -> 10 | R12: 0900-1000 | S12: =SUM(C18:C21) -> 73 | T12: =SUM(D18:D21) -> 14 | U12: =SUM(E18:E21) -> 9 | V12: =SUM(F18:F21) -> 57 | W12: =SUM(G18:G21) -> 1 | X12: =SUM(H18:H21) -> 0 | Y12: =SUM(I18:I21) -> 18 | Z12: =SUM(J18:J21) -> 6 | ... AF12: =SUM(P18:P21) -> 216
B13: 07.45 - 08.00 | C13: 17 | D13: 1 | E13: 3 | F13: 15 | G13: 0 | H13: 1 | I13: 4 | J13: 3 | K13: 0 | L13: 1 | M13: 7 | N13: 0 | O13: =SUM(C13:L13,N13) -> 45 | P13: =SUM(C13:N13) -> 52 | R13: 1000-1100 | S13: =SUM(C22:C25) -> 87 | T13: =SUM(D22:D25) -> 21 | U13: =SUM(E22:E25) -> 10 | V13: =SUM(F22:F25) -> 69 | W13: =SUM(G22:G25) -> 1 | X13: =SUM(H22:H25) -> 1 | Y13: =SUM(I22:I25) -> 18 | Z13: =SUM(J22:J25) -> 4 | ... AF13: =SUM(P22:P25) -> 284
B14: 08.00 - 08.15 | C14: 7 | D14: 2 | E14: 5 | F14: 11 | G14: 0 | H14: 0 | I14: 7 | J14: 1 | K14: 2 | L14: 0 | M14: 11 | N14: 0 | O14: =SUM(C14:L14,N14) -> 35 | P14: =SUM(C14:N14) -> 46 | R14: 1100-1200 | S14: =SUM(C26:C29) -> 114 | T14: =SUM(D26:D29) -> 22 | U14: =SUM(E26:E29) -> 16 | V14: =SUM(F26:F29) -> 57 | W14: =SUM(G26:G29) -> 4 | X14: =SUM(H26:H29) -> 3 | Y14: =SUM(I26:I29) -> 33 | Z14: =SUM(J26:J29) -> 6 | ... AF14: =SUM(P26:P29) -> 311
B15: 08.15 - 08.30 | C15: 3 | D15: 0 | E15: 0 | F15: 7 | G15: 1 | H15: 0 | I15: 1 | J15: 3 | K15: 0 | L15: 0 | M15: 5 | N15: 0 | O15: =SUM(C15:L15,N15) -> 15 | P15: =SUM(C15:N15) -> 20 | R15: 1200-1300 | S15: =SUM(C30:C33) -> 138 | T15: =SUM(D30:D33) -> 32 | U15: =SUM(E30:E33) -> 19 | V15: =SUM(F30:F33) -> 72 | W15: =SUM(G30:G33) -> 5 | X15: =SUM(H30:H33) -> 3 | Y15: =SUM(I30:I33) -> 21 | Z15: =SUM(J30:J33) -> 12 | ... AF15: =SUM(P30:P33) -> 374
B16: 08.30 - 08.45 | C16: 16 | D16: 2 | E16: 4 | F16: 8 | G16: 0 | H16: 1 | I16: 0 | J16: 1 | K16: 0 | L16: 0 | M16: 8 | N16: 0 | O16: =SUM(C16:L16,N16) -> 32 | P16: =SUM(C16:N16) -> 40 | R16: 1300-1400 | S16: =SUM(C34:C37) -> 102 | T16: =SUM(D34:D37) -> 25 | U16: =SUM(E34:E37) -> 23 | V16: =SUM(F34:F37) -> 83 | W16: =SUM(G34:G37) -> 11 | X16: =SUM(H34:H37) -> 3 | Y16: =SUM(I34:I37) -> 31 | Z16: =SUM(J34:J37) -> 6 | ... AF16: =SUM(P34:P37) -> 355
B17: 08.45 - 9.00 | C17: 10 | D17: 3 | E17: 1 | F17: 11 | G17: 0 | H17: 1 | I17: 2 | J17: 0 | K17: 0 | L17: 0 | M17: 10 | N17: 0 | O17: =SUM(C17:L17,N17) -> 28 | P17: =SUM(C17:N17) -> 38 | R17: 1400-1500 | S17: =SUM(C38:C41) -> 145 | T17: =SUM(D38:D41) -> 39 | U17: =SUM(E38:E41) -> 30 | V17: =SUM(F38:F41) -> 122 | W17: =SUM(G38:G41) -> 6 | X17: =SUM(H38:H41) -> 3 | Y17: =SUM(I38:I41) -> 55 | Z17: =SUM(J38:J41) -> 16 | ... AF17: =SUM(P38:P41) -> 535
B18: 09.00 - 09.15 | C18: 11 | D18: 1 | E18: 3 | F18: 12 | G18: 1 | H18: 0 | I18: 4 | J18: 2 | K18: 0 | L18: 1 | M18: 6 | N18: 0 | O18: =SUM(C18:L18,N18) -> 35 | P18: =SUM(C18:N18) -> 41 | R18: 1500-1600 | S18: =SUM(C42:C45) -> 100 | T18: =SUM(D42:D45) -> 20 | U18: =SUM(E42:E45) -> 20 | V18: =SUM(F42:F45) -> 85 | W18: =SUM(G42:G45) -> 2 | X18: =SUM(H42:H45) -> 1 | Y18: =SUM(I42:I45) -> 28 | Z18: =SUM(J42:J45) -> 8 | ... AF18: =SUM(P42:P45) -> 329
B19: 09.15 - 09.30 | C19: 22 | D19: 6 | E19: 3 | F19: 13 | G19: 0 | H19: 0 | I19: 6 | J19: 0 | K19: 0 | L19: 1 | M19: 3 | N19: 0 | O19: =SUM(C19:L19,N19) -> 51 | P19: =SUM(C19:N19) -> 54 | R19: 1600-1700 | S19: =SUM(C46:C49) -> 105 | T19: =SUM(D46:D49) -> 15 | U19: =SUM(E46:E49) -> 9 | V19: =SUM(F46:F49) -> 74 | W19: =SUM(G46:G49) -> 1 | X19: =SUM(H46:H49) -> 2 | Y19: =SUM(I46:I49) -> 28 | Z19: =SUM(J46:J49) -> 15 | ... AF19: =SUM(P46:P49) -> 303
B20: 09.30 - 09.45 | C20: 20 | D20: 2 | E20: 2 | F20: 13 | G20: 0 | H20: 0 | I20: 3 | J20: 4 | K20: 0 | L20: 0 | M20: 9 | N20: 0 | O20: =SUM(C20:L20,N20) -> 44 | P20: =SUM(C20:N20) -> 53 | R20: 1700-1800 | S20: =SUM(C50:C53) -> 82 | T20: =SUM(D50:D53) -> 8 | U20: =SUM(E50:E53) -> 10 | V20: =SUM(F50:F53) -> 61 | W20: =SUM(G50:G53) -> 1 | X20: =SUM(H50:H53) -> 2 | Y20: =SUM(I50:I53) -> 19 | Z20: =SUM(J50:J53) -> 11 | ... AF20: =SUM(P50:P53) -> 245
B21: 09.45 - 10.00 | C21: 20 | D21: 5 | E21: 1 | F21: 19 | G21: 0 | H21: 0 | I21: 5 | J21: 0 | K21: 0 | L21: 2 | M21: 16 | N21: 0 | O21: =SUM(C21:L21,N21) -> 52 | P21: =SUM(C21:N21) -> 68 | R21: 1800-1900 | S21: =SUM(C54:C57) -> 66 | T21: =SUM(D54:D57) -> 6 | U21: =SUM(E54:E57) -> 15 | V21: =SUM(F54:F57) -> 68 | W21: =SUM(G54:G57) -> 1 | X21: =SUM(H54:H57) -> 1 | Y21: =SUM(I54:I57) -> 13 | Z21: =SUM(J54:J57) -> 11 | ... AF21: =SUM(P54:P57) -> 223
B22: 10.00 - 10.15 | C22: 18 | D22: 7 | E22: 3 | F22: 11 | G22: 0 | H22: 0 | I22: 8 | J22: 2 | K22: 0 | L22: 1 | M22: 19 | N22: 0 | O22: =SUM(C22:L22,N22) -> 50 | P22: =SUM(C22:N22) -> 69 | R22: AM Peak Hr | S22: =MAX(S10:S12) -> 73 | T22: =MAX(T10:T12) -> 14 | U22: =MAX(U10:U12) -> 10 | V22: =MAX(V10:V12) -> 57 | W22: =MAX(W10:W12) -> 1 | X22: =MAX(X10:X12) -> 2 | Y22: =MAX(Y10:Y12) -> 18 | Z22: =MAX(Z10:Z12) -> 6 | ... AF22: =MAX(AF10:AF12) -> 216
B23: 10.15 - 10.30 | C23: 22 | D23: 3 | E23: 3 | F23: 14 | G23: 0 | H23: 0 | I23: 2 | J23: 0 | K23: 0 | L23: 0 | M23: 12 | N23: 0 | O23: =SUM(C23:L23,N23) -> 44 | P23: =SUM(C23:N23) -> 56 | R23: IP Peak Hr | S23: =MAX(S13:S18) -> 145 | T23: =MAX(T13:T18) -> 39 | U23: =MAX(U13:U18) -> 30 | V23: =MAX(V13:V18) -> 122 | W23: =MAX(W13:W18) -> 11 | X23: =MAX(X13:X18) -> 3 | Y23: =MAX(Y13:Y18) -> 55 | Z23: =MAX(Z13:Z18) -> 16 | ... AF23: =MAX(AF13:AF18) -> 535
B24: 10.30 - 10.45 | C24: 25 | D24: 5 | E24: 1 | F24: 23 | G24: 1 | H24: 0 | I24: 5 | J24: 2 | K24: 3 | L24: 0 | M24: 19 | N24: 0 | O24: =SUM(C24:L24,N24) -> 65 | P24: =SUM(C24:N24) -> 84 | R24: PM Peak Hr | S24: =MAX(S19:S21) -> 105 | T24: =MAX(T19:T21) -> 15 | U24: =MAX(U19:U21) -> 15 | V24: =MAX(V19:V21) -> 74 | W24: =MAX(W19:W21) -> 1 | X24: =MAX(X19:X21) -> 2 | Y24: =MAX(Y19:Y21) -> 28 | Z24: =MAX(Z19:Z21) -> 15 | ... AF24: =MAX(AF19:AF21) -> 303
B25: 10.45 - 11.00 | C25: 22 | D25: 6 | E25: 3 | F25: 21 | G25: 0 | H25: 1 | I25: 3 | J25: 0 | K25: 1 | L25: 0 | M25: 18 | N25: 0 | O25: =SUM(C25:L25,N25) -> 57 | P25: =SUM(C25:N25) -> 75 | R25: AM Period | S25: =SUM(S10:S12) -> 135 | T25: =SUM(T10:T12) -> 22 | U25: =SUM(U10:U12) -> 22 | V25: =SUM(V10:V12) -> 114 | W25: =SUM(W10:W12) -> 2 | X25: =SUM(X10:X12) -> 3 | Y25: =SUM(Y10:Y12) -> 36 | Z25: =SUM(Z10:Z12) -> 15 | ... AF25: =SUM(AF10:AF12) -> 440
B26: 11.00 - 11.15 | C26: 36 | D26: 3 | E26: 6 | F26: 19 | G26: 2 | H26: 1 | I26: 10 | J26: 1 | K26: 0 | L26: 0 | M26: 22 | N26: 0 | O26: =SUM(C26:L26,N26) -> 78 | P26: =SUM(C26:N26) -> 100 | R26: IP Period | S26: =SUM(S13:S18) -> 686 | T26: =SUM(T13:T18) -> 159 | U26: =SUM(U13:U18) -> 118 | V26: =SUM(V13:V18) -> 488 | W26: =SUM(W13:W18) -> 29 | X26: =SUM(X13:X18) -> 14 | Y26: =SUM(Y13:Y18) -> 186 | Z26: =SUM(Z13:Z18) -> 52 | ... AF26: =SUM(AF13:AF18) -> 2188
B27: 11.15 - 11.30 | C27: 16 | D27: 3 | E27: 3 | F27: 10 | G27: 0 | H27: 0 | I27: 6 | J27: 3 | K27: 0 | L27: 0 | M27: 9 | N27: 0 | O27: =SUM(C27:L27,N27) -> 41 | P27: =SUM(C27:N27) -> 50 | R27: PM Period | S27: =SUM(S19:S21) -> 253 | T27: =SUM(T19:T21) -> 29 | U27: =SUM(U19:U21) -> 34 | V27: =SUM(V19:V21) -> 203 | W27: =SUM(W19:W21) -> 3 | X27: =SUM(X19:X21) -> 5 | Y27: =SUM(Y19:Y21) -> 60 | Z27: =SUM(Z19:Z21) -> 37 | ... AF27: =SUM(AF19:AF21) -> 771
B28: 11.30 - 11.45 | C28: 30 | D28: 9 | E28: 3 | F28: 19 | G28: 1 | H28: 2 | I28: 9 | J28: 2 | K28: 1 | L28: 1 | M28: 13 | N28: 0 | O28: =SUM(C28:L28,N28) -> 77 | P28: =SUM(C28:N28) -> 90 | R28: 12 Hours | S28: =SUM(S10:S21) -> 1074 | T28: =SUM(T10:T21) -> 210 | U28: =SUM(U10:U21) -> 174 | V28: =SUM(V10:V21) -> 805 | W28: =SUM(W10:W21) -> 34 | X28: =SUM(X10:X21) -> 22 | Y28: =SUM(Y10:Y21) -> 282 | Z28: =SUM(Z10:Z21) -> 104 | ... AF28: =SUM(AF10:AF21) -> 3399
B29: 11.45 - 12.00 | C29: 32 | D29: 7 | E29: 4 | F29: 9 | G29: 1 | H29: 0 | I29: 8 | J29: 0 | K29: 0 | L29: 0 | M29: 10 | N29: 0 | O29: =SUM(C29:L29,N29) -> 61 | P29: =SUM(C29:N29) -> 71
B30: 12.00 - 12.15 | C30: 35 | D30: 14 | E30: 3 | F30: 16 | G30: 0 | H30: 1 | I30: 6 | J30: 4 | K30: 1 | L30: 0 | M30: 27 | N30: 0 | O30: =SUM(C30:L30,N30) -> 80 | P30: =SUM(C30:N30) -> 107
B31: 12.15 - 12.30 | C31: 45 | D31: 8 | E31: 9 | F31: 25 | G31: 2 | H31: 1 | I31: 6 | J31: 4 | K31: 0 | L31: 1 | M31: 24 | N31: 0 | O31: =SUM(C31:L31,N31) -> 101 | P31: =SUM(C31:N31) -> 125
B32: 12.30 - 12.45 | C32: 31 | D32: 9 | E32: 2 | F32: 14 | G32: 0 | H32: 1 | I32: 4 | J32: 2 | K32: 0 | L32: 0 | M32: 9 | N32: 0 | O32: =SUM(C32:L32,N32) -> 63 | P32: =SUM(C32:N32) -> 72
B33: 12.45 - 13.00 | C33: 27 | D33: 1 | E33: 5 | F33: 17 | G33: 3 | H33: 0 | I33: 5 | J33: 2 | K33: 0 | L33: 1 | M33: 9 | N33: 0 | O33: =SUM(C33:L33,N33) -> 61 | P33: =SUM(C33:N33) -> 70
B34: 13.00 - 13.15 | C34: 24 | D34: 8 | E34: 3 | F34: 25 | G34: 3 | H34: 0 | I34: 7 | J34: 0 | K34: 1 | L34: 2 | M34: 17 | N34: 0 | O34: =SUM(C34:L34,N34) -> 73 | P34: =SUM(C34:N34) -> 90
B35: 13.15 - 13.30 | C35: 23 | D35: 3 | E35: 5 | F35: 21 | G35: 7 | H35: 1 | I35: 6 | J35: 2 | K35: 0 | L35: 0 | M35: 24 | N35: 0 | O35: =SUM(C35:L35,N35) -> 68 | P35: =SUM(C35:N35) -> 92
B36: 13.30 - 13.45 | C36: 25 | D36: 6 | E36: 8 | F36: 16 | G36: 1 | H36: 1 | I36: 6 | J36: 4 | K36: 0 | L36: 1 | M36: 7 | N36: 0 | O36: =SUM(C36:L36,N36) -> 68 | P36: =SUM(C36:N36) -> 75
B37: 13.45 - 14.00 | C37: 30 | D37: 8 | E37: 7 | F37: 21 | G37: 0 | H37: 1 | I37: 12 | J37: 0 | K37: 0 | L37: 0 | M37: 19 | N37: 0 | O37: =SUM(C37:L37,N37) -> 79 | P37: =SUM(C37:N37) -> 98
B38: 14.00 - 14.15 | C38: 37 | D38: 16 | E38: 4 | F38: 30 | G38: 2 | H38: 1 | I38: 8 | J38: 9 | K38: 2 | L38: 0 | M38: 19 | N38: 0 | O38: =SUM(C38:L38,N38) -> 109 | P38: =SUM(C38:N38) -> 128
B39: 14.15 - 14.30 | C39: 28 | D39: 11 | E39: 18 | F39: 34 | G39: 2 | H39: 1 | I39: 17 | J39: 4 | K39: 3 | L39: 2 | M39: 33 | N39: 0 | O39: =SUM(C39:L39,N39) -> 120 | P39: =SUM(C39:N39) -> 153
B40: 14.30 - 14.45 | C40: 49 | D40: 7 | E40: 7 | F40: 25 | G40: 2 | H40: 0 | I40: 10 | J40: 0 | K40: 1 | L40: 2 | M40: 30 | N40: 0 | O40: =SUM(C40:L40,N40) -> 103 | P40: =SUM(C40:N40) -> 133
... B57: 18.45 - 19.00 | C57: 22 | D57: 3 | E57: 11 | F57: 17 | G57: 0 | H57: 0 | I57: 2 | J57: 2 | K57: 2 | L57: 1 | M57: 13 | N57: 0 | O57: =SUM(C57:L57,N57) -> 60 | P57: =SUM(C57:N57) -> 73
B58: Totals | C58: =SUM(C10:C57) -> 1074 | D58: =SUM(D10:D57) -> 210 | E58: =SUM(E10:E57) -> 174 | F58: =SUM(F10:F57) -> 805 | G58: =SUM(G10:G57) -> 34 | H58: =SUM(H10:H57) -> 22 | I58: =SUM(I10:I57) -> 282 | J58: =SUM(J10:J57) -> 104 | ... P58: =SUM(P10:P57) -> 3399
B59: %ges + MCs | C59: =C58/$P$58 -> 0.31597529 | D59: =D58/$P$58 -> 0.061782877 | E59: =E58/$P$58 -> 0.051191527 | F59: =F58/$P$58 -> 0.23683436 | G59: =G58/$P$58 -> 0.010002942 | H59: =H58/$P$58 -> 0.0064724919 | I59: =I58/$P$58 -> 0.082965578 | J59: =J58/$P$58 -> 0.030597234 | ... N59: =N58/$P$58 -> 0
B60: %ges w/o MCs | C60: =C58/$O$58 -> 0.38969521 | D60: =D58/$O$58 -> 0.076197388 | E60: =E58/$O$58 -> 0.063134978 | F60: =F58/$O$58 -> 0.29208999 | G60: =G58/$O$58 -> 0.01233672 | H60: =H58/$O$58 -> 0.0079825835 | I60: =I58/$O$58 -> 0.10232221 | J60: =J58/$O$58 -> 0.037735849 | ... L60: =L58/$O$58 -> 0.0083454282 | N60: =N58/$O$58 -> 0

Sheet 4.11 Bujuko-Buloba
B1: Consultancy services for Preparation of Expressway Development Master Plan (EDMP) for Uganda
B2: MANUAL CLASSIFIED COUNT (MCC)
B3: ROAD NAME: | C3: ='29.10 Bujuko-Buloba'!C3:G3 -> MCC - C2 - STN62 - BUJUKO-BULOBA ROAD
C5: Date | D5: 4.11.19 | F5: Location | G5: ='2.11 Buloba-Bujuko-24HR'!G5:H5 -> Buloba Pop Oil | J5: Surveyor | K5: ='2.11 Buloba-Bujuko-24HR'!K5:L5 -> Doreen Geofrey
C6: Dir. From | D6: ='29.10 Bujuko-Buloba'!D6:E6 -> Bujuko | F6: Dir. To | G6: ='29.10 Bujuko-Buloba'!G6:H6 -> Buloba | J6: Supervisor | K6: ='2.11 Buloba-Bujuko-24HR'!K6:L6 -> Godfrey
B8: Time / Veh Type | R8: SUMMARY TRAFFIC VOLUMES
C9: 1. Car | D9: 2. Station Wagon | E9: 3. Pickups | F9: 4. Minibus, matatu | G9: 5. Medium bus | H9: 6. Large Bus | I9: 7. Light Truck | J9: 8. Medium Truck | K9: 9. Heavy truck | L9: 10. Truck Trailer | M9: 11. Motor cycles | N9: 12. Tractors | O9: Total Excl M/Cycles | P9: Total All | R9: Time | S9: 1. Car | T9: 2. Station Wagon | U9: 3. Pickups | V9: 4. Minibus, matatu | W9: 5. Medium bus | X9: 6. Large Bus | Y9: 7. Light Truck | Z9: 8. Medium Truck | AA9: 9. Heavy truck | AB9: 10. Truck Trailer | AC9: 11. Motorcycles | AD9: 12. Tractors, Graders | AE9: Total Excl M/ Cycles | AF9: Total All
B10: 07.00 - 07.15 | C10: 22 | D10: 1 | E10: 0 | F10: 18 | G10: 1 | H10: 0 | I10: 1 | J10: 1 | K10: 0 | L10: 0 | M10: 24 | N10: 0 | O10: =SUM(C10:L10,N10) -> 44 | P10: =SUM(C10:N10) -> 68 | R10: 0700-0800 | S10: =SUM(C10:C13) -> 90 | T10: =SUM(D10:D13) -> 9 | U10: =SUM(E10:E13) -> 8 | V10: =SUM(F10:F13) -> 65 | W10: =SUM(G10:G13) -> 3 | X10: =SUM(H10:H13) -> 0 | Y10: =SUM(I10:I13) -> 8 | Z10: =SUM(J10:J13) -> 11 | ... AF10: =SUM(P10:P13) -> 327
B11: 07.15 - 07.30 | C11: 35 | D11: 4 | E11: 4 | F11: 18 | G11: 0 | H11: 0 | I11: 3 | J11: 5 | K11: 0 | L11: 1 | M11: 39 | N11: 0 | O11: =SUM(C11:L11,N11) -> 70 | P11: =SUM(C11:N11) -> 109 | R11: 0800-0900 | S11: =SUM(C14:C17) -> 88 | T11: =SUM(D14:D17) -> 9 | U11: =SUM(E14:E17) -> 10 | V11: =SUM(F14:F17) -> 77 | W11: =SUM(G14:G17) -> 1 | X11: =SUM(H14:H17) -> 0 | Y11: =SUM(I14:I17) -> 15 | Z11: =SUM(J14:J17) -> 3 | ... AF11: =SUM(P14:P17) -> 333
B12: 07.30 - 07.45 | C12: 18 | D12: 2 | E12: 1 | F12: 21 | G12: 0 | H12: 0 | I12: 1 | J12: 4 | K12: 0 | L12: 2 | M12: 31 | N12: 0 | O12: =SUM(C12:L12,N12) -> 49 | P12: =SUM(C12:N12) -> 80 | R12: 0900-1000 | S12: =SUM(C18:C21) -> 70 | T12: =SUM(D18:D21) -> 6 | U12: =SUM(E18:E21) -> 14 | V12: =SUM(F18:F21) -> 74 | W12: =SUM(G18:G21) -> 1 | X12: =SUM(H18:H21) -> 1 | Y12: =SUM(I18:I21) -> 15 | Z12: =SUM(J18:J21) -> 11 | ... AF12: =SUM(P18:P21) -> 271
B13: 07.45 - 08.00 | C13: 15 | D13: 2 | E13: 3 | F13: 8 | G13: 2 | H13: 0 | I13: 3 | J13: 1 | K13: 0 | L13: 2 | M13: 34 | N13: 0 | O13: =SUM(C13:L13,N13) -> 36 | P13: =SUM(C13:N13) -> 70 | R13: 1000-1100 | S13: =SUM(C22:C25) -> 58 | T13: =SUM(D22:D25) -> 11 | U13: =SUM(E22:E25) -> 9 | V13: =SUM(F22:F25) -> 62 | W13: =SUM(G22:G25) -> 0 | X13: =SUM(H22:H25) -> 1 | Y13: =SUM(I22:I25) -> 25 | Z13: =SUM(J22:J25) -> 2 | ... AF13: =SUM(P22:P25) -> 257
B14: 08.00 - 08.15 | C14: 21 | D14: 5 | E14: 3 | F14: 15 | G14: 0 | H14: 0 | I14: 2 | J14: 0 | K14: 0 | L14: 0 | M14: 26 | N14: 0 | O14: =SUM(C14:L14,N14) -> 46 | P14: =SUM(C14:N14) -> 72 | R14: 1100-1200 | S14: =SUM(C26:C29) -> 42 | T14: =SUM(D26:D29) -> 12 | U14: =SUM(E26:E29) -> 8 | V14: =SUM(F26:F29) -> 64 | W14: =SUM(G26:G29) -> 0 | X14: =SUM(H26:H29) -> 0 | Y14: =SUM(I26:I29) -> 26 | Z14: =SUM(J26:J29) -> 0 | ... AF14: =SUM(P26:P29) -> 229
B15: 08.15 - 08.30 | C15: 19 | D15: 1 | E15: 1 | F15: 16 | G15: 0 | H15: 0 | I15: 5 | J15: 2 | K15: 1 | L15: 0 | M15: 35 | N15: 0 | O15: =SUM(C15:L15,N15) -> 45 | P15: =SUM(C15:N15) -> 80 | R15: 1200-1300 | S15: =SUM(C30:C33) -> 39 | T15: =SUM(D30:D33) -> 8 | U15: =SUM(E30:E33) -> 7 | V15: =SUM(F30:F33) -> 56 | W15: =SUM(G30:G33) -> 0 | X15: =SUM(H30:H33) -> 2 | Y15: =SUM(I30:I33) -> 25 | Z15: =SUM(J30:J33) -> 5 | ... AF15: =SUM(P30:P33) -> 218
B16: 08.30 - 08.45 | C16: 23 | D16: 1 | E16: 3 | F16: 23 | G16: 0 | H16: 0 | I16: 4 | J16: 1 | K16: 0 | L16: 2 | M16: 32 | N16: 0 | O16: =SUM(C16:L16,N16) -> 57 | P16: =SUM(C16:N16) -> 89 | R16: 1300-1400 | S16: =SUM(C34:C37) -> 53 | T16: =SUM(D34:D37) -> 6 | U16: =SUM(E34:E37) -> 11 | V16: =SUM(F34:F37) -> 61 | W16: =SUM(G34:G37) -> 0 | X16: =SUM(H34:H37) -> 1 | Y16: =SUM(I34:I37) -> 18 | Z16: =SUM(J34:J37) -> 5 | ... AF16: =SUM(P34:P37) -> 235
B17: 08.45 - 9.00 | C17: 25 | D17: 2 | E17: 3 | F17: 23 | G17: 1 | H17: 0 | I17: 4 | J17: 0 | K17: 0 | L17: 1 | M17: 33 | N17: 0 | O17: =SUM(C17:L17,N17) -> 59 | P17: =SUM(C17:N17) -> 92 | R17: 1400-1500 | S17: =SUM(C38:C41) -> 60 | T17: =SUM(D38:D41) -> 10 | U17: =SUM(E38:E41) -> 13 | V17: =SUM(F38:F41) -> 57 | W17: =SUM(G38:G41) -> 0 | X17: =SUM(H38:H41) -> 2 | Y17: =SUM(I38:I41) -> 17 | Z17: =SUM(J38:J41) -> 6 | ... AF17: =SUM(P38:P41) -> 247
B18: 09.00 - 09.15 | C18: 25 | D18: 1 | E18: 4 | F18: 23 | G18: 1 | H18: 0 | I18: 6 | J18: 3 | K18: 2 | L18: 0 | M18: 22 | N18: 0 | O18: =SUM(C18:L18,N18) -> 65 | P18: =SUM(C18:N18) -> 87 | R18: 1500-1600 | S18: =SUM(C42:C45) -> 68 | T18: =SUM(D42:D45) -> 17 | U18: =SUM(E42:E45) -> 25 | V18: =SUM(F42:F45) -> 58 | W18: =SUM(G42:G45) -> 0 | X18: =SUM(H42:H45) -> 3 | Y18: =SUM(I42:I45) -> 25 | Z18: =SUM(J42:J45) -> 9 | ... AF18: =SUM(P42:P45) -> 298
B19: 09.15 - 09.30 | C19: 14 | D19: 1 | E19: 3 | F19: 20 | G19: 0 | H19: 1 | I19: 4 | J19: 3 | K19: 0 | L19: 0 | M19: 24 | N19: 0 | O19: =SUM(C19:L19,N19) -> 46 | P19: =SUM(C19:N19) -> 70 | R19: 1600-1700 | S19: =SUM(C46:C49) -> 91 | T19: =SUM(D46:D49) -> 13 | U19: =SUM(E46:E49) -> 13 | V19: =SUM(F46:F49) -> 66 | W19: =SUM(G46:G49) -> 4 | X19: =SUM(H46:H49) -> 3 | Y19: =SUM(I46:I49) -> 31 | Z19: =SUM(J46:J49) -> 12 | ... AF19: =SUM(P46:P49) -> 323
B20: 09.30 - 09.45 | C20: 18 | D20: 2 | E20: 3 | F20: 18 | G20: 0 | H20: 0 | I20: 4 | J20: 4 | K20: 0 | L20: 1 | M20: 18 | N20: 0 | O20: =SUM(C20:L20,N20) -> 50 | P20: =SUM(C20:N20) -> 68 | R20: 1700-1800 | S20: =SUM(C50:C53) -> 110 | T20: =SUM(D50:D53) -> 20 | U20: =SUM(E50:E53) -> 19 | V20: =SUM(F50:F53) -> 78 | W20: =SUM(G50:G53) -> 0 | X20: =SUM(H50:H53) -> 3 | Y20: =SUM(I50:I53) -> 33 | Z20: =SUM(J50:J53) -> 11 | ... AF20: =SUM(P50:P53) -> 389
B21: 09.45 - 10.00 | C21: 13 | D21: 2 | E21: 4 | F21: 13 | G21: 0 | H21: 0 | I21: 1 | J21: 1 | K21: 1 | L21: 0 | M21: 11 | N21: 0 | O21: =SUM(C21:L21,N21) -> 35 | P21: =SUM(C21:N21) -> 46 | R21: 1800-1900 | S21: =SUM(C54:C57) -> 167 | T21: =SUM(D54:D57) -> 22 | U21: =SUM(E54:E57) -> 28 | V21: =SUM(F54:F57) -> 85 | W21: =SUM(G54:G57) -> 1 | X21: =SUM(H54:H57) -> 4 | Y21: =SUM(I54:I57) -> 26 | Z21: =SUM(J54:J57) -> 10 | ... AF21: =SUM(P54:P57) -> 447
B22: 10.00 - 10.15 | C22: 18 | D22: 2 | E22: 3 | F22: 13 | G22: 0 | H22: 0 | I22: 7 | J22: 0 | K22: 0 | L22: 0 | M22: 30 | N22: 0 | O22: =SUM(C22:L22,N22) -> 43 | P22: =SUM(C22:N22) -> 73 | R22: AM Peak Hr | S22: =MAX(S10:S12) -> 90 | T22: =MAX(T10:T12) -> 9 | U22: =MAX(U10:U12) -> 14 | V22: =MAX(V10:V12) -> 77 | W22: =MAX(W10:W12) -> 3 | X22: =MAX(X10:X12) -> 1 | Y22: =MAX(Y10:Y12) -> 15 | Z22: =MAX(Z10:Z12) -> 11 | ... AF22: =MAX(AF10:AF12) -> 333
B23: 10.15 - 10.30 | C23: 11 | D23: 2 | E23: 1 | F23: 16 | G23: 0 | H23: 0 | I23: 6 | J23: 0 | K23: 0 | L23: 0 | M23: 20 | N23: 0 | O23: =SUM(C23:L23,N23) -> 36 | P23: =SUM(C23:N23) -> 56 | R23: IP Peak Hr | S23: =MAX(S13:S18) -> 68 | T23: =MAX(T13:T18) -> 17 | U23: =MAX(U13:U18) -> 25 | V23: =MAX(V13:V18) -> 64 | W23: =MAX(W13:W18) -> 0 | X23: =MAX(X13:X18) -> 3 | Y23: =MAX(Y13:Y18) -> 26 | Z23: =MAX(Z13:Z18) -> 9 | ... AF23: =MAX(AF13:AF18) -> 298
B24: 10.30 - 10.45 | C24: 15 | D24: 3 | E24: 3 | F24: 17 | G24: 0 | H24: 0 | I24: 3 | J24: 1 | K24: 1 | L24: 0 | M24: 17 | N24: 0 | O24: =SUM(C24:L24,N24) -> 43 | P24: =SUM(C24:N24) -> 60 | R24: PM Peak Hr | S24: =MAX(S19:S21) -> 167 | T24: =MAX(T19:T21) -> 22 | U24: =MAX(U19:U21) -> 28 | V24: =MAX(V19:V21) -> 85 | W24: =MAX(W19:W21) -> 4 | X24: =MAX(X19:X21) -> 4 | Y24: =MAX(Y19:Y21) -> 33 | Z24: =MAX(Z19:Z21) -> 12 | ... AF24: =MAX(AF19:AF21) -> 447
B25: 10.45 - 11.00 | C25: 14 | D25: 4 | E25: 2 | F25: 16 | G25: 0 | H25: 1 | I25: 9 | J25: 1 | K25: 0 | L25: 1 | M25: 20 | N25: 0 | O25: =SUM(C25:L25,N25) -> 48 | P25: =SUM(C25:N25) -> 68 | R25: AM Period | S25: =SUM(S10:S12) -> 248 | T25: =SUM(T10:T12) -> 24 | U25: =SUM(U10:U12) -> 32 | V25: =SUM(V10:V12) -> 216 | W25: =SUM(W10:W12) -> 5 | X25: =SUM(X10:X12) -> 1 | Y25: =SUM(Y10:Y12) -> 38 | Z25: =SUM(Z10:Z12) -> 25 | ... AF25: =SUM(AF10:AF12) -> 931
B26: 11.00 - 11.15 | C26: 13 | D26: 2 | E26: 3 | F26: 13 | G26: 0 | H26: 0 | I26: 3 | J26: 0 | K26: 0 | L26: 0 | M26: 27 | N26: 0 | O26: =SUM(C26:L26,N26) -> 34 | P26: =SUM(C26:N26) -> 61 | R26: IP Period | S26: =SUM(S13:S18) -> 320 | T26: =SUM(T13:T18) -> 64 | U26: =SUM(U13:U18) -> 73 | V26: =SUM(V13:V18) -> 358 | W26: =SUM(W13:W18) -> 0 | X26: =SUM(X13:X18) -> 9 | Y26: =SUM(Y13:Y18) -> 136 | Z26: =SUM(Z13:Z18) -> 27 | ... AF26: =SUM(AF13:AF18) -> 1484
B27: 11.15 - 11.30 | C27: 11 | D27: 5 | E27: 1 | F27: 12 | G27: 0 | H27: 0 | I27: 5 | J27: 0 | K27: 1 | L27: 1 | M27: 18 | N27: 0 | O27: =SUM(C27:L27,N27) -> 36 | P27: =SUM(C27:N27) -> 54 | R27: PM Period | S27: =SUM(S19:S21) -> 368 | T27: =SUM(T19:T21) -> 55 | U27: =SUM(U19:U21) -> 60 | V27: =SUM(V19:V21) -> 229 | W27: =SUM(W19:W21) -> 5 | X27: =SUM(X19:X21) -> 10 | Y27: =SUM(Y19:Y21) -> 90 | Z27: =SUM(Z19:Z21) -> 33 | ... AF27: =SUM(AF19:AF21) -> 1159
B28: 11.30 - 11.45 | C28: 8 | D28: 1 | E28: 1 | F28: 21 | G28: 0 | H28: 0 | I28: 10 | J28: 0 | K28: 0 | L28: 1 | M28: 12 | N28: 0 | O28: =SUM(C28:L28,N28) -> 42 | P28: =SUM(C28:N28) -> 54 | R28: 12 Hours | S28: =SUM(S10:S21) -> 936 | T28: =SUM(T10:T21) -> 143 | U28: =SUM(U10:U21) -> 165 | V28: =SUM(V10:V21) -> 803 | W28: =SUM(W10:W21) -> 10 | X28: =SUM(X10:X21) -> 20 | Y28: =SUM(Y10:Y21) -> 264 | Z28: =SUM(Z10:Z21) -> 85 | ... AF28: =SUM(AF10:AF21) -> 3574
B29: 11.45 - 12.00 | C29: 10 | D29: 4 | E29: 3 | F29: 18 | G29: 0 | H29: 0 | I29: 8 | J29: 0 | K29: 0 | L29: 1 | M29: 16 | N29: 0 | O29: =SUM(C29:L29,N29) -> 44 | P29: =SUM(C29:N29) -> 60
B30: 12.00 - 12.15 | C30: 12 | D30: 2 | E30: 2 | F30: 19 | G30: 0 | H30: 1 | I30: 8 | J30: 1 | K30: 0 | L30: 0 | M30: 21 | N30: 0 | O30: =SUM(C30:L30,N30) -> 45 | P30: =SUM(C30:N30) -> 66
B31: 12.15 - 12.30 | C31: 10 | D31: 2 | E31: 3 | F31: 16 | G31: 0 | H31: 1 | I31: 7 | J31: 1 | K31: 0 | L31: 1 | M31: 16 | N31: 0 | O31: =SUM(C31:L31,N31) -> 41 | P31: =SUM(C31:N31) -> 57
B32: 12.30 - 12.45 | C32: 7 | D32: 1 | E32: 1 | F32: 12 | G32: 0 | H32: 0 | I32: 5 | J32: 1 | K32: 1 | L32: 0 | M32: 14 | N32: 0 | O32: =SUM(C32:L32,N32) -> 28 | P32: =SUM(C32:N32) -> 42
B33: 12.45 - 13.00 | C33: 10 | D33: 3 | E33: 1 | F33: 9 | G33: 0 | H33: 0 | I33: 5 | J33: 2 | K33: 0 | L33: 1 | M33: 22 | N33: 0 | O33: =SUM(C33:L33,N33) -> 31 | P33: =SUM(C33:N33) -> 53
B34: 13.00 - 13.15 | C34: 16 | D34: 2 | E34: 3 | F34: 15 | G34: 0 | H34: 0 | I34: 3 | J34: 1 | K34: 0 | L34: 1 | M34: 24 | N34: 0 | O34: =SUM(C34:L34,N34) -> 41 | P34: =SUM(C34:N34) -> 65
B35: 13.15 - 13.30 | C35: 12 | D35: 1 | E35: 3 | F35: 15 | G35: 0 | H35: 0 | I35: 6 | J35: 0 | K35: 0 | L35: 0 | M35: 10 | N35: 0 | O35: =SUM(C35:L35,N35) -> 37 | P35: =SUM(C35:N35) -> 47
B36: 13.30 - 13.45 | C36: 9 | D36: 1 | E36: 2 | F36: 11 | G36: 0 | H36: 1 | I36: 4 | J36: 0 | K36: 0 | L36: 0 | M36: 24 | N36: 0 | O36: =SUM(C36:L36,N36) -> 28 | P36: =SUM(C36:N36) -> 52
B37: 13.45 - 14.00 | C37: 16 | D37: 2 | E37: 3 | F37: 20 | G37: 0 | H37: 0 | I37: 5 | J37: 4 | K37: 0 | L37: 0 | M37: 21 | N37: 0 | O37: =SUM(C37:L37,N37) -> 50 | P37: =SUM(C37:N37) -> 71
B38: 14.00 - 14.15 | C38: 14 | D38: 3 | E38: 3 | F38: 14 | G38: 0 | H38: 0 | I38: 2 | J38: 1 | K38: 0 | L38: 0 | M38: 14 | N38: 0 | O38: =SUM(C38:L38,N38) -> 37 | P38: =SUM(C38:N38) -> 51
B39: 14.15 - 14.30 | C39: 16 | D39: 1 | E39: 3 | F39: 15 | G39: 0 | H39: 1 | I39: 4 | J39: 4 | K39: 0 | L39: 1 | M39: 25 | N39: 0 | O39: =SUM(C39:L39,N39) -> 45 | P39: =SUM(C39:N39) -> 70
B40: 14.30 - 14.45 | C40: 17 | D40: 4 | E40: 3 | F40: 12 | G40: 0 | H40: 0 | I40: 10 | J40: 1 | K40: 0 | L40: 0 | M40: 29 | N40: 0 | O40: =SUM(C40:L40,N40) -> 47 | P40: =SUM(C40:N40) -> 76
... B57: 18.45 - 19.00 | C57: 57 | D57: 4 | E57: 7 | F57: 23 | G57: 0 | H57: 2 | I57: 6 | J57: 3 | K57: 1 | L57: 1 | M57: 24 | N57: 0 | O57: =SUM(C57:L57,N57) -> 104 | P57: =SUM(C57:N57) -> 128
B58: Totals | C58: =SUM(C10:C57) -> 936 | D58: =SUM(D10:D57) -> 143 | E58: =SUM(E10:E57) -> 165 | F58: =SUM(F10:F57) -> 803 | G58: =SUM(G10:G57) -> 10 | H58: =SUM(H10:H57) -> 20 | I58: =SUM(I10:I57) -> 264 | J58: =SUM(J10:J57) -> 85 | ... P58: =SUM(P10:P57) -> 3574
B59: %ges + MCs | C59: =C58/$P$58 -> 0.26189144 | D59: =D58/$P$58 -> 0.040011192 | E59: =E58/$P$58 -> 0.04616676 | F59: =F58/$P$58 -> 0.22467823 | G59: =G58/$P$58 -> 0.0027979855 | H59: =H58/$P$58 -> 0.0055959709 | I59: =I58/$P$58 -> 0.073866816 | J59: =J58/$P$58 -> 0.023782876 | ... N59: =N58/$P$58 -> 0
B60: %ges w/o MCs | C60: =C58/$O$58 -> 0.37864078 | D60: =D58/$O$58 -> 0.057847896 | E60: =E58/$O$58 -> 0.066747573 | F60: =F58/$O$58 -> 0.32483819 | G60: =G58/$O$58 -> 0.0040453074 | H60: =H58/$O$58 -> 0.0080906149 | I60: =I58/$O$58 -> 0.10679612 | J60: =J58/$O$58 -> 0.034385113 | ... L60: =L58/$O$58 -> 0.011326861 | N60: =N58/$O$58 -> 0

Sheet 4.11.BULOBA-BUJUKO
B1: Consultancy services for Preparation of Expressway Development Master Plan (EDMP) for Uganda
B2: MANUAL CLASSIFIED COUNT (MCC)
B3: ROAD NAME: | C3: ='29.10 Buloba-Bujuko'!C3:G3 -> MCC - C2 - STN62 - BUJUKO-BULOBA ROAD
C5: Date | D5: ='4.11 Bujuko-Buloba'!D5 -> 4.11.19 | F5: Location | G5: ='4.11 Bujuko-Buloba'!G5:H5 -> Buloba Pop Oil | J5: Surveyor | K5: ='4.11 Bujuko-Buloba'!K5:L5 -> Doreen Geofrey
C6: Dir. From | D6: ='29.10 Buloba-Bujuko'!D6:E6 -> Buloba | F6: Dir. To | G6: ='29.10 Buloba-Bujuko'!G6:H6 -> Bujuko | J6: Supervisor | K6: ='4.11 Bujuko-Buloba'!K6:L6 -> Godfrey
B8: Time / Veh Type | R8: SUMMARY TRAFFIC VOLUMES
C9: 1. Car | D9: 2. Station Wagon | E9: 3. Pickups | F9: 4. Minibus, matatu | G9: 5. Medium bus | H9: 6. Large Bus | I9: 7. Light Truck | J9: 8. Medium Truck | K9: 9. Heavy truck | L9: 10. Truck Trailer | M9: 11. Motor cycles | N9: 12. Tractors | O9: Total Excl M/Cycles | P9: Total All | R9: Time | S9: 1. Car | T9: 2. Station Wagon | U9: 3. Pickups | V9: 4. Minibus, matatu | W9: 5. Medium bus | X9: 6. Large Bus | Y9: 7. Light Truck | Z9: 8. Medium Truck | AA9: 9. Heavy truck | AB9: 10. Truck Trailer | AC9: 11. Motorcycles | AD9: 12. Tractors, Graders | AE9: Total Excl M/ Cycles | AF9: Total All
B10: 07.00 - 07.15 | C10: 7 | D10: 1 | E10: 6 | F10: 18 | G10: 0 | H10: 0 | I10: 1 | J10: 6 | K10: 1 | L10: 1 | M10: 13 | N10: 0 | O10: =SUM(C10:L10,N10) -> 41 | P10: =SUM(C10:N10) -> 54 | R10: 0700-0800 | S10: =SUM(C10:C13) -> 67 | T10: =SUM(D10:D13) -> 10 | U10: =SUM(E10:E13) -> 9 | V10: =SUM(F10:F13) -> 57 | W10: =SUM(G10:G13) -> 2 | X10: =SUM(H10:H13) -> 0 | Y10: =SUM(I10:I13) -> 18 | Z10: =SUM(J10:J13) -> 16 | ... AF10: =SUM(P10:P13) -> 230
B11: 07.15 - 07.30 | C11: 17 | D11: 3 | E11: 2 | F11: 18 | G11: 0 | H11: 0 | I11: 7 | J11: 4 | K11: 0 | L11: 0 | M11: 8 | N11: 0 | O11: =SUM(C11:L11,N11) -> 51 | P11: =SUM(C11:N11) -> 59 | R11: 0800-0900 | S11: =SUM(C14:C17) -> 78 | T11: =SUM(D14:D17) -> 12 | U11: =SUM(E14:E17) -> 12 | V11: =SUM(F14:F17) -> 60 | W11: =SUM(G14:G17) -> 0 | X11: =SUM(H14:H17) -> 2 | Y11: =SUM(I14:I17) -> 37 | Z11: =SUM(J14:J17) -> 9 | ... AF11: =SUM(P14:P17) -> 255
B12: 07.30 - 07.45 | C12: 18 | D12: 1 | E12: 0 | F12: 8 | G12: 2 | H12: 0 | I12: 3 | J12: 1 | K12: 3 | L12: 1 | M12: 10 | N12: 0 | O12: =SUM(C12:L12,N12) -> 37 | P12: =SUM(C12:N12) -> 47 | R12: 0900-1000 | S12: =SUM(C18:C21) -> 62 | T12: =SUM(D18:D21) -> 26 | U12: =SUM(E18:E21) -> 14 | V12: =SUM(F18:F21) -> 65 | W12: =SUM(G18:G21) -> 1 | X12: =SUM(H18:H21) -> 4 | Y12: =SUM(I18:I21) -> 33 | Z12: =SUM(J18:J21) -> 10 | ... AF12: =SUM(P18:P21) -> 270
