Workbook

Sheet 23.09 Sonde-Namugongo
B1: Consultancy services for Preparation of Expressway Development Master Plan (EDMP) for Uganda
B2: MANUAL CLASSIFIED COUNT (MCC)
B3: ROAD NAME: | C3: MCC-C2-STNO 73
C5: Date | D5: 23.09.19 | F5: Location | G5: ='[1] 23.09.19 Bukasa-Wakiso'!G5:H5 -> Bukasa | J5: Surveyor | K5: Kalebo Mark
C6: Dir. From | D6: SSONDE | F6: Dir. To | G6: NAMUGONGO | J6: Supervisor | K6: Tracy
B8: Time / Veh Type | R8: SUMMARY TRAFFIC VOLUMES
C9: 1. Car | D9: 2. Station Wagon | E9: 3. Pickups | F9: 4. Minibus, matatu | G9: 5. Medium bus | H9: 6. Large Bus | I9: 7. Light Truck | J9: 8. Medium Truck | K9: 9. Heavy truck | L9: 10. Truck Trailer | M9: 11. Motor cycles | N9: 12. Tractors | O9: Total Excl M/Cycles | P9: Total All | R9: Time | S9: 1. Car | T9: 2. Station Wagon | U9: 3. Pickups | V9: 4. Minibus, matatu | W9: 5. Medium bus | X9: 6. Large Bus | Y9: 7. Light Truck | Z9: 8. Medium Truck | AA9: 9. Heavy truck | AB9: 10. Truck Trailer | AC9: 11. Motorcycles | AD9: 12. Tractors, Graders | AE9: Total Excl M/ Cycles | AF9: Total All
B10: 07.00 - 07.15 | C10: 40 | D10: 12 | E10: 4 | F10: 14 | G10: 0 | H10: 0 | I10: 2 | J10: 1 | K10: 0 | L10: 0 | M10: 13 | N10: 0 | O10: =SUM(C10:L10,N10) -> 73 | P10: =SUM(C10:N10) -> 86 | R10: 0700-0800 | S10: =SUM(C10:C13) -> 186 | T10: =SUM(D10:D13) -> 61 | U10: =SUM(E10:E13) -> 26 | V10: =SUM(F10:F13) -> 51 | W10: =SUM(G10:G13) -> 0 | X10: =SUM(H10:H13) -> 3 | Y10: =SUM(I10:I13) -> 16 | Z10: =SUM(J10:J13) -> 5 | ... AF10: =SUM(P10:P13) -> 562
B11: 07.15 - 07.30 | C11: 45 | D11: 13 | E11: 7 | F11: 19 | G11: 0 | H11: 0 | I11: 4 | J11: 2 | K11: 0 | L11: 0 | M11: 72 | N11: 0 | O11: =SUM(C11:L11,N11) -> 90 | P11: =SUM(C11:N11) -> 162 | R11: 0800-0900 | S11: =SUM(C14:C17) -> 192 | T11: =SUM(D14:D17) -> 62 | U11: =SUM(E14:E17) -> 30 | V11: =SUM(F14:F17) -> 73 | W11: =SUM(G14:G17) -> 0 | X11: =SUM(H14:H17) -> 0 | Y11: =SUM(I14:I17) -> 10 | Z11: =SUM(J14:J17) -> 5 | ... AF11: =SUM(P14:P17) -> 629
B12: 07.30 - 07.45 | C12: 51 | D12: 13 | E12: 7 | F12: 18 | G12: 0 | H12: 0 | I12: 7 | J12: 2 | K12: 0 | L12: 0 | M12: 67 | N12: 0 | O12: =SUM(C12:L12,N12) -> 98 | P12: =SUM(C12:N12) -> 165 | R12: 0900-1000 | S12: =SUM(C18:C21) -> 141 | T12: =SUM(D18:D21) -> 32 | U12: =SUM(E18:E21) -> 27 | V12: =SUM(F18:F21) -> 56 | W12: =SUM(G18:G21) -> 0 | X12: =SUM(H18:H21) -> 1 | Y12: =SUM(I18:I21) -> 15 | Z12: =SUM(J18:J21) -> 7 | ... AF12: =SUM(P18:P21) -> 461
B13: 07.45 - 08.00 | C13: 50 | D13: 23 | E13: 8 | F13: 0 | G13: 0 | H13: 3 | I13: 3 | J13: 0 | K13: 0 | L13: 0 | M13: 62 | N13: 0 | O13: =SUM(C13:L13,N13) -> 87 | P13: =SUM(C13:N13) -> 149 | R13: 1000-1100 | S13: =SUM(C22:C25) -> 113 | T13: =SUM(D22:D25) -> 35 | U13: =SUM(E22:E25) -> 27 | V13: =SUM(F22:F25) -> 51 | W13: =SUM(G22:G25) -> 0 | X13: =SUM(H22:H25) -> 0 | Y13: =SUM(I22:I25) -> 23 | Z13: =SUM(J22:J25) -> 9 | ... AF13: =SUM(P22:P25) -> 404
B14: 08.00 - 08.15 | C14: 42 | D14: 15 | E14: 6 | F14: 14 | G14: 0 | H14: 0 | I14: 2 | J14: 2 | K14: 2 | L14: 0 | M14: 57 | N14: 0 | O14: =SUM(C14:L14,N14) -> 83 | P14: =SUM(C14:N14) -> 140 | R14: 1100-1200 | S14: =SUM(C26:C29) -> 117 | T14: =SUM(D26:D29) -> 36 | U14: =SUM(E26:E29) -> 27 | V14: =SUM(F26:F29) -> 61 | W14: =SUM(G26:G29) -> 0 | X14: =SUM(H26:H29) -> 0 | Y14: =SUM(I26:I29) -> 22 | Z14: =SUM(J26:J29) -> 7 | ... AF14: =SUM(P26:P29) -> 390
B15: 08.15 - 08.30 | C15: 47 | D15: 19 | E15: 9 | F15: 17 | G15: 0 | H15: 0 | I15: 2 | J15: 0 | K15: 0 | L15: 0 | M15: 73 | N15: 0 | O15: =SUM(C15:L15,N15) -> 94 | P15: =SUM(C15:N15) -> 167 | R15: 1200-1300 | S15: =SUM(C30:C33) -> 124 | T15: =SUM(D30:D33) -> 33 | U15: =SUM(E30:E33) -> 26 | V15: =SUM(F30:F33) -> 50 | W15: =SUM(G30:G33) -> 0 | X15: =SUM(H30:H33) -> 0 | Y15: =SUM(I30:I33) -> 25 | Z15: =SUM(J30:J33) -> 8 | ... AF15: =SUM(P30:P33) -> 365
B16: 08.30 - 08.45 | C16: 60 | D16: 12 | E16: 7 | F16: 18 | G16: 0 | H16: 0 | I16: 3 | J16: 1 | K16: 1 | L16: 0 | M16: 58 | N16: 0 | O16: =SUM(C16:L16,N16) -> 102 | P16: =SUM(C16:N16) -> 160 | R16: 1300-1400 | S16: =SUM(C34:C37) -> 86 | T16: =SUM(D34:D37) -> 34 | U16: =SUM(E34:E37) -> 22 | V16: =SUM(F34:F37) -> 53 | W16: =SUM(G34:G37) -> 1 | X16: =SUM(H34:H37) -> 0 | Y16: =SUM(I34:I37) -> 31 | Z16: =SUM(J34:J37) -> 7 | ... AF16: =SUM(P34:P37) -> 349
B17: 08.45 - 9.00 | C17: 43 | D17: 16 | E17: 8 | F17: 24 | G17: 0 | H17: 0 | I17: 3 | J17: 2 | K17: 1 | L17: 0 | M17: 65 | N17: 0 | O17: =SUM(C17:L17,N17) -> 97 | P17: =SUM(C17:N17) -> 162 | R17: 1400-1500 | S17: =SUM(C38:C41) -> 66 | T17: =SUM(D38:D41) -> 25 | U17: =SUM(E38:E41) -> 17 | V17: =SUM(F38:F41) -> 36 | W17: =SUM(G38:G41) -> 0 | X17: =SUM(H38:H41) -> 0 | Y17: =SUM(I38:I41) -> 22 | Z17: =SUM(J38:J41) -> 3 | ... AF17: =SUM(P38:P41) -> 246
B18: 09.00 - 09.15 | C18: 44 | D18: 6 | E18: 6 | F18: 13 | G18: 0 | H18: 1 | I18: 3 | J18: 1 | K18: 0 | L18: 0 | M18: 44 | N18: 0 | O18: =SUM(C18:L18,N18) -> 74 | P18: =SUM(C18:N18) -> 118 | R18: 1500-1600 | S18: =SUM(C42:C45) -> 137 | T18: =SUM(D42:D45) -> 42 | U18: =SUM(E42:E45) -> 25 | V18: =SUM(F42:F45) -> 59 | W18: =SUM(G42:G45) -> 0 | X18: =SUM(H42:H45) -> 0 | Y18: =SUM(I42:I45) -> 24 | Z18: =SUM(J42:J45) -> 10 | ... AF18: =SUM(P42:P45) -> 375
B19: 09.15 - 09.30 | C19: 34 | D19: 13 | E19: 6 | F19: 17 | G19: 0 | H19: 0 | I19: 4 | J19: 3 | K19: 0 | L19: 0 | M19: 57 | N19: 0 | O19: =SUM(C19:L19,N19) -> 77 | P19: =SUM(C19:N19) -> 134 | R19: 1600-1700 | S19: =SUM(C46:C49) -> 112 | T19: =SUM(D46:D49) -> 44 | U19: =SUM(E46:E49) -> 28 | V19: =SUM(F46:F49) -> 49 | W19: =SUM(G46:G49) -> 2 | X19: =SUM(H46:H49) -> 0 | Y19: =SUM(I46:I49) -> 20 | Z19: =SUM(J46:J49) -> 4 | ... AF19: =SUM(P46:P49) -> 384
B20: 09.30 - 09.45 | C20: 35 | D20: 5 | E20: 11 | F20: 12 | G20: 0 | H20: 0 | I20: 4 | J20: 1 | K20: 0 | L20: 0 | M20: 29 | N20: 0 | O20: =SUM(C20:L20,N20) -> 68 | P20: =SUM(C20:N20) -> 97 | R20: 1700-1800 | S20: =SUM(C50:C53) -> 131 | T20: =SUM(D50:D53) -> 44 | U20: =SUM(E50:E53) -> 24 | V20: =SUM(F50:F53) -> 59 | W20: =SUM(G50:G53) -> 3 | X20: =SUM(H50:H53) -> 0 | Y20: =SUM(I50:I53) -> 35 | Z20: =SUM(J50:J53) -> 9 | ... AF20: =SUM(P50:P53) -> 415
B21: 09.45 - 10.00 | C21: 28 | D21: 8 | E21: 4 | F21: 14 | G21: 0 | H21: 0 | I21: 4 | J21: 2 | K21: 4 | L21: 0 | M21: 48 | N21: 0 | O21: =SUM(C21:L21,N21) -> 64 | P21: =SUM(C21:N21) -> 112 | R21: 1800-1900 | S21: =SUM(C54:C57) -> 119 | T21: =SUM(D54:D57) -> 48 | U21: =SUM(E54:E57) -> 35 | V21: =SUM(F54:F57) -> 63 | W21: =SUM(G54:G57) -> 4 | X21: =SUM(H54:H57) -> 0 | Y21: =SUM(I54:I57) -> 25 | Z21: =SUM(J54:J57) -> 5 | ... AF21: =SUM(P54:P57) -> 419
B22: 10.00 - 10.15 | C22: 26 | D22: 9 | E22: 8 | F22: 14 | G22: 0 | H22: 0 | I22: 5 | J22: 1 | K22: 0 | L22: 0 | M22: 34 | N22: 0 | O22: =SUM(C22:L22,N22) -> 63 | P22: =SUM(C22:N22) -> 97 | R22: AM Peak Hr | S22: =MAX(S10:S12) -> 192 | T22: =MAX(T10:T12) -> 62 | U22: =MAX(U10:U12) -> 30 | V22: =MAX(V10:V12) -> 73 | W22: =MAX(W10:W12) -> 0 | X22: =MAX(X10:X12) -> 3 | Y22: =MAX(Y10:Y12) -> 16 | Z22: =MAX(Z10:Z12) -> 7 | ... AF22: =MAX(AF10:AF12) -> 629
B23: 10.15 - 10.30 | C23: 27 | D23: 4 | E23: 6 | F23: 12 | G23: 0 | H23: 0 | I23: 7 | J23: 0 | K23: 0 | L23: 0 | M23: 46 | N23: 0 | O23: =SUM(C23:L23,N23) -> 56 | P23: =SUM(C23:N23) -> 102 | R23: IP Peak Hr | S23: =MAX(S13:S18) -> 137 | T23: =MAX(T13:T18) -> 42 | U23: =MAX(U13:U18) -> 27 | V23: =MAX(V13:V18) -> 61 | W23: =MAX(W13:W18) -> 1 | X23: =MAX(X13:X18) -> 0 | Y23: =MAX(Y13:Y18) -> 31 | Z23: =MAX(Z13:Z18) -> 10 | ... AF23: =MAX(AF13:AF18) -> 404
B24: 10.30 - 10.45 | C24: 28 | D24: 12 | E24: 7 | F24: 15 | G24: 0 | H24: 0 | I24: 4 | J24: 4 | K24: 1 | L24: 0 | M24: 29 | N24: 0 | O24: =SUM(C24:L24,N24) -> 71 | P24: =SUM(C24:N24) -> 100 | R24: PM Peak Hr | S24: =MAX(S19:S21) -> 131 | T24: =MAX(T19:T21) -> 48 | U24: =MAX(U19:U21) -> 35 | V24: =MAX(V19:V21) -> 63 | W24: =MAX(W19:W21) -> 4 | X24: =MAX(X19:X21) -> 0 | Y24: =MAX(Y19:Y21) -> 35 | Z24: =MAX(Z19:Z21) -> 9 | ... AF24: =MAX(AF19:AF21) -> 419
B25: 10.45 - 11.00 | C25: 32 | D25: 10 | E25: 6 | F25: 10 | G25: 0 | H25: 0 | I25: 7 | J25: 4 | K25: 1 | L25: 0 | M25: 35 | N25: 0 | O25: =SUM(C25:L25,N25) -> 70 | P25: =SUM(C25:N25) -> 105 | R25: AM Period | S25: =SUM(S10:S12) -> 519 | T25: =SUM(T10:T12) -> 155 | U25: =SUM(U10:U12) -> 83 | V25: =SUM(V10:V12) -> 180 | W25: =SUM(W10:W12) -> 0 | X25: =SUM(X10:X12) -> 4 | Y25: =SUM(Y10:Y12) -> 41 | Z25: =SUM(Z10:Z12) -> 17 | ... AF25: =SUM(AF10:AF12) -> 1652
B26: 11.00 - 11.15 | C26: 28 | D26: 8 | E26: 5 | F26: 16 | G26: 0 | H26: 0 | I26: 6 | J26: 1 | K26: 1 | L26: 0 | M26: 23 | N26: 0 | O26: =SUM(C26:L26,N26) -> 65 | P26: =SUM(C26:N26) -> 88 | R26: IP Period | S26: =SUM(S13:S18) -> 643 | T26: =SUM(T13:T18) -> 205 | U26: =SUM(U13:U18) -> 144 | V26: =SUM(V13:V18) -> 310 | W26: =SUM(W13:W18) -> 1 | X26: =SUM(X13:X18) -> 0 | Y26: =SUM(Y13:Y18) -> 147 | Z26: =SUM(Z13:Z18) -> 44 | ... AF26: =SUM(AF13:AF18) -> 2129
B27: 11.15 - 11.30 | C27: 30 | D27: 16 | E27: 11 | F27: 18 | G27: 0 | H27: 0 | I27: 5 | J27: 4 | K27: 3 | L27: 0 | M27: 35 | N27: 0 | O27: =SUM(C27:L27,N27) -> 87 | P27: =SUM(C27:N27) -> 122 | R27: PM Period | S27: =SUM(S19:S21) -> 362 | T27: =SUM(T19:T21) -> 136 | U27: =SUM(U19:U21) -> 87 | V27: =SUM(V19:V21) -> 171 | W27: =SUM(W19:W21) -> 9 | X27: =SUM(X19:X21) -> 0 | Y27: =SUM(Y19:Y21) -> 80 | Z27: =SUM(Z19:Z21) -> 18 | ... AF27: =SUM(AF19:AF21) -> 1218
B28: 11.30 - 11.45 | C28: 33 | D28: 9 | E28: 6 | F28: 15 | G28: 0 | H28: 0 | I28: 5 | J28: 2 | K28: 2 | L28: 0 | M28: 38 | N28: 0 | O28: =SUM(C28:L28,N28) -> 72 | P28: =SUM(C28:N28) -> 110 | R28: 12 Hours | S28: =SUM(S10:S21) -> 1524 | T28: =SUM(T10:T21) -> 496 | U28: =SUM(U10:U21) -> 314 | V28: =SUM(V10:V21) -> 661 | W28: =SUM(W10:W21) -> 10 | X28: =SUM(X10:X21) -> 4 | Y28: =SUM(Y10:Y21) -> 268 | Z28: =SUM(Z10:Z21) -> 79 | ... AF28: =SUM(AF10:AF21) -> 4999
B29: 11.45 - 12.00 | C29: 26 | D29: 3 | E29: 5 | F29: 12 | G29: 0 | H29: 0 | I29: 6 | J29: 0 | K29: 2 | L29: 1 | M29: 15 | N29: 0 | O29: =SUM(C29:L29,N29) -> 55 | P29: =SUM(C29:N29) -> 70
B30: 12.00 - 12.15 | C30: 48 | D30: 11 | E30: 8 | F30: 17 | G30: 0 | H30: 0 | I30: 6 | J30: 3 | K30: 1 | L30: 0 | M30: 27 | N30: 0 | O30: =SUM(C30:L30,N30) -> 94 | P30: =SUM(C30:N30) -> 121
B31: 12.15 - 12.30 | C31: 21 | D31: 5 | E31: 4 | F31: 7 | G31: 0 | H31: 0 | I31: 8 | J31: 0 | K31: 1 | L31: 0 | M31: 20 | N31: 0 | O31: =SUM(C31:L31,N31) -> 46 | P31: =SUM(C31:N31) -> 66
B32: 12.30 - 12.45 | C32: 25 | D32: 6 | E32: 10 | F32: 16 | G32: 0 | H32: 0 | I32: 5 | J32: 4 | K32: 1 | L32: 0 | M32: 27 | N32: 0 | O32: =SUM(C32:L32,N32) -> 67 | P32: =SUM(C32:N32) -> 94
B33: 12.45 - 13.00 | C33: 30 | D33: 11 | E33: 4 | F33: 10 | G33: 0 | H33: 0 | I33: 6 | J33: 1 | K33: 1 | L33: 1 | M33: 20 | N33: 0 | O33: =SUM(C33:L33,N33) -> 64 | P33: =SUM(C33:N33) -> 84
B34: 13.00 - 13.15 | C34: 15 | D34: 6 | E34: 5 | F34: 10 | G34: 0 | H34: 0 | I34: 2 | J34: 3 | K34: 0 | L34: 0 | M34: 17 | N34: 0 | O34: =SUM(C34:L34,N34) -> 41 | P34: =SUM(C34:N34) -> 58
B35: 13.15 - 13.30 | C35: 25 | D35: 4 | E35: 7 | F35: 17 | G35: 0 | H35: 0 | I35: 11 | J35: 1 | K35: 2 | L35: 0 | M35: 28 | N35: 0 | O35: =SUM(C35:L35,N35) -> 67 | P35: =SUM(C35:N35) -> 95
B36: 13.30 - 13.45 | C36: 23 | D36: 12 | E36: 5 | F36: 11 | G36: 0 | H36: 0 | I36: 5 | J36: 2 | K36: 1 | L36: 0 | M36: 28 | N36: 0 | O36: =SUM(C36:L36,N36) -> 59 | P36: =SUM(C36:N36) -> 87
B37: 13.45 - 14.00 | C37: 23 | D37: 12 | E37: 5 | F37: 15 | G37: 1 | H37: 0 | I37: 13 | J37: 1 | K37: 1 | L37: 0 | M37: 38 | N37: 0 | O37: =SUM(C37:L37,N37) -> 71 | P37: =SUM(C37:N37) -> 109
B38: 14.00 - 14.15 | C38: 16 | D38: 2 | E38: 5 | F38: 4 | G38: 0 | H38: 0 | I38: 6 | J38: 0 | K38: 1 | L38: 0 | M38: 13 | N38: 0 | O38: =SUM(C38:L38,N38) -> 34 | P38: =SUM(C38:N38) -> 47
B39: 14.15 - 14.30 | C39: 14 | D39: 10 | E39: 5 | F39: 8 | G39: 0 | H39: 0 | I39: 4 | J39: 1 | K39: 1 | L39: 0 | M39: 12 | N39: 0 | O39: =SUM(C39:L39,N39) -> 43 | P39: =SUM(C39:N39) -> 55
B40: 14.30 - 14.45 | C40: 15 | D40: 12 | E40: 4 | F40: 10 | G40: 0 | H40: 0 | I40: 8 | J40: 2 | K40: 0 | L40: 0 | M40: 28 | N40: 0 | O40: =SUM(C40:L40,N40) -> 51 | P40: =SUM(C40:N40) -> 79
... B57: 18.45 - 19.00 | C57: 34 | D57: 8 | E57: 6 | F57: 14 | G57: 0 | H57: 0 | I57: 5 | J57: 1 | K57: 1 | L57: 0 | M57: 24 | N57: 0 | O57: =SUM(C57:L57,N57) -> 69 | P57: =SUM(C57:N57) -> 93
B58: Totals | C58: =SUM(C10:C57) -> 1524 | D58: =SUM(D10:D57) -> 496 | E58: =SUM(E10:E57) -> 314 | F58: =SUM(F10:F57) -> 661 | G58: =SUM(G10:G57) -> 10 | H58: =SUM(H10:H57) -> 4 | I58: =SUM(I10:I57) -> 268 | J58: =SUM(J10:J57) -> 79 | ... P58: =SUM(P10:P57) -> 4999
B59: %ges + MCs | C59: =C58/$P$58 -> 0.30486097 | D59: =D58/$P$58 -> 0.099219844 | E59: =E58/$P$58 -> 0.062812563 | F59: =F58/$P$58 -> 0.13222645 | G59: =G58/$P$58 -> 0.0020004001 | H59: =H58/$P$58 -> 0.00080016003 | I59: =I58/$P$58 -> 0.053610722 | J59: =J58/$P$58 -> 0.015803161 | ... N59: =N58/$P$58 -> 0
B60: %ges w/o MCs | C60: =C58/$O$58 -> 0.44652798 | D60: =D58/$O$58 -> 0.14532669 | E60: =E58/$O$58 -> 0.092001172 | F60: =F58/$O$58 -> 0.19367126 | G60: =G58/$O$58 -> 0.0029299736 | H60: =H58/$O$58 -> 0.0011719895 | I60: =I58/$O$58 -> 0.078523293 | J60: =J58/$O$58 -> 0.023146792 | ... L60: =L58/$O$58 -> 0.0011719895 | N60: =N58/$O$58 -> 0

Sheet 23.09 Namugongo-Sonde
B1: Consultancy services for Preparation of Expressway Development Master Plan (EDMP) for Uganda
B2: MANUAL CLASSIFIED COUNT (MCC)
B3: ROAD NAME: | C3: MCC-C2-STNO 73
C5: Date | D5: ='[2]23.09.19-Ssonde-Namugongo'!D5 -> 23.09.19 | F5: Location | G5: Ssonde RD | J5: Surveyor | K5: Amony Jovana
C6: Dir. From | D6: NAMUGONGO | F6: Dir. To | G6: SSONDE | J6: Supervisor | K6: Tracy
B8: Time / Veh Type | R8: SUMMARY TRAFFIC VOLUMES
C9: 1. Car | D9: 2. Station Wagon | E9: 3. Pickups | F9: 4. Minibus, matatu | G9: 5. Medium bus | H9: 6. Large Bus | I9: 7. Light Truck | J9: 8. Medium Truck | K9: 9. Heavy truck | L9: 10. Truck Trailer | M9: 11. Motor cycles | N9: 12. Tractors | O9: Total Excl M/Cycles | P9: Total All | R9: Time | S9: 1. Car | T9: 2. Station Wagon | U9: 3. Pickups | V9: 4. Minibus, matatu | W9: 5. Medium bus | X9: 6. Large Bus | Y9: 7. Light Truck | Z9: 8. Medium Truck | AA9: 9. Heavy truck | AB9: 10. Truck Trailer | AC9: 11. Motorcycles | AD9: 12. Tractors, Graders | AE9: Total Excl M/ Cycles | AF9: Total All
B10: 07.00 - 07.15 | C10: 25 | D10: 25 | E10: 6 | F10: 9 | G10: 0 | H10: 0 | I10: 5 | J10: 2 | K10: 0 | L10: 0 | M10: 9 | N10: 0 | O10: =SUM(C10:L10,N10) -> 72 | P10: =SUM(C10:N10) -> 81 | R10: 0700-0800 | S10: =SUM(C10:C13) -> 108 | T10: =SUM(D10:D13) -> 106 | U10: =SUM(E10:E13) -> 46 | V10: =SUM(F10:F13) -> 42 | W10: =SUM(G10:G13) -> 2 | X10: =SUM(H10:H13) -> 0 | Y10: =SUM(I10:I13) -> 10 | Z10: =SUM(J10:J13) -> 7 | ... AF10: =SUM(P10:P13) -> 417
B11: 07.15 - 07.30 | C11: 23 | D11: 20 | E11: 15 | F11: 12 | G11: 1 | H11: 0 | I11: 1 | J11: 2 | K11: 0 | L11: 0 | M11: 19 | N11: 0 | O11: =SUM(C11:L11,N11) -> 74 | P11: =SUM(C11:N11) -> 93 | R11: 0800-0900 | S11: =SUM(C14:C17) -> 131 | T11: =SUM(D14:D17) -> 85 | U11: =SUM(E14:E17) -> 31 | V11: =SUM(F14:F17) -> 31 | W11: =SUM(G14:G17) -> 1 | X11: =SUM(H14:H17) -> 1 | Y11: =SUM(I14:I17) -> 16 | Z11: =SUM(J14:J17) -> 9 | ... AF11: =SUM(P14:P17) -> 453
B12: 07.30 - 07.45 | C12: 25 | D12: 32 | E12: 15 | F12: 11 | G12: 0 | H12: 0 | I12: 3 | J12: 2 | K12: 0 | L12: 0 | M12: 28 | N12: 0 | O12: =SUM(C12:L12,N12) -> 88 | P12: =SUM(C12:N12) -> 116 | R12: 0900-1000 | S12: =SUM(C18:C21) -> 113 | T12: =SUM(D18:D21) -> 95 | U12: =SUM(E18:E21) -> 41 | V12: =SUM(F18:F21) -> 44 | W12: =SUM(G18:G21) -> 2 | X12: =SUM(H18:H21) -> 0 | Y12: =SUM(I18:I21) -> 17 | Z12: =SUM(J18:J21) -> 12 | ... AF12: =SUM(P18:P21) -> 489
B13: 07.45 - 08.00 | C13: 35 | D13: 29 | E13: 10 | F13: 10 | G13: 1 | H13: 0 | I13: 1 | J13: 1 | K13: 0 | L13: 0 | M13: 40 | N13: 0 | O13: =SUM(C13:L13,N13) -> 87 | P13: =SUM(C13:N13) -> 127 | R13: 1000-1100 | S13: =SUM(C22:C25) -> 108 | T13: =SUM(D22:D25) -> 87 | U13: =SUM(E22:E25) -> 30 | V13: =SUM(F22:F25) -> 43 | W13: =SUM(G22:G25) -> 3 | X13: =SUM(H22:H25) -> 0 | Y13: =SUM(I22:I25) -> 41 | Z13: =SUM(J22:J25) -> 13 | ... AF13: =SUM(P22:P25) -> 456
B14: 08.00 - 08.15 | C14: 26 | D14: 8 | E14: 6 | F14: 5 | G14: 0 | H14: 0 | I14: 3 | J14: 0 | K14: 0 | L14: 0 | M14: 35 | N14: 0 | O14: =SUM(C14:L14,N14) -> 48 | P14: =SUM(C14:N14) -> 83 | R14: 1100-1200 | S14: =SUM(C26:C29) -> 81 | T14: =SUM(D26:D29) -> 61 | U14: =SUM(E26:E29) -> 25 | V14: =SUM(F26:F29) -> 33 | W14: =SUM(G26:G29) -> 0 | X14: =SUM(H26:H29) -> 0 | Y14: =SUM(I26:I29) -> 41 | Z14: =SUM(J26:J29) -> 10 | ... AF14: =SUM(P26:P29) -> 365
B15: 08.15 - 08.30 | C15: 35 | D15: 22 | E15: 12 | F15: 6 | G15: 0 | H15: 1 | I15: 3 | J15: 1 | K15: 0 | L15: 1 | M15: 40 | N15: 0 | O15: =SUM(C15:L15,N15) -> 81 | P15: =SUM(C15:N15) -> 121 | R15: 1200-1300 | S15: =SUM(C30:C33) -> 117 | T15: =SUM(D30:D33) -> 85 | U15: =SUM(E30:E33) -> 33 | V15: =SUM(F30:F33) -> 43 | W15: =SUM(G30:G33) -> 3 | X15: =SUM(H30:H33) -> 0 | Y15: =SUM(I30:I33) -> 47 | Z15: =SUM(J30:J33) -> 11 | ... AF15: =SUM(P30:P33) -> 457
B16: 08.30 - 08.45 | C16: 31 | D16: 22 | E16: 8 | F16: 8 | G16: 0 | H16: 0 | I16: 5 | J16: 2 | K16: 0 | L16: 0 | M16: 40 | N16: 0 | O16: =SUM(C16:L16,N16) -> 76 | P16: =SUM(C16:N16) -> 116 | R16: 1300-1400 | S16: =SUM(C34:C37) -> 84 | T16: =SUM(D34:D37) -> 62 | U16: =SUM(E34:E37) -> 39 | V16: =SUM(F34:F37) -> 40 | W16: =SUM(G34:G37) -> 1 | X16: =SUM(H34:H37) -> 0 | Y16: =SUM(I34:I37) -> 37 | Z16: =SUM(J34:J37) -> 16 | ... AF16: =SUM(P34:P37) -> 400
B17: 08.45 - 9.00 | C17: 39 | D17: 33 | E17: 5 | F17: 12 | G17: 1 | H17: 0 | I17: 5 | J17: 6 | K17: 0 | L17: 0 | M17: 32 | N17: 0 | O17: =SUM(C17:L17,N17) -> 101 | P17: =SUM(C17:N17) -> 133 | R17: 1400-1500 | S17: =SUM(C38:C41) -> 75 | T17: =SUM(D38:D41) -> 77 | U17: =SUM(E38:E41) -> 27 | V17: =SUM(F38:F41) -> 41 | W17: =SUM(G38:G41) -> 1 | X17: =SUM(H38:H41) -> 1 | Y17: =SUM(I38:I41) -> 32 | Z17: =SUM(J38:J41) -> 12 | ... AF17: =SUM(P38:P41) -> 368
B18: 09.00 - 09.15 | C18: 31 | D18: 29 | E18: 13 | F18: 11 | G18: 0 | H18: 0 | I18: 1 | J18: 2 | K18: 0 | L18: 0 | M18: 44 | N18: 0 | O18: =SUM(C18:L18,N18) -> 87 | P18: =SUM(C18:N18) -> 131 | R18: 1500-1600 | S18: =SUM(C42:C45) -> 73 | T18: =SUM(D42:D45) -> 76 | U18: =SUM(E42:E45) -> 35 | V18: =SUM(F42:F45) -> 34 | W18: =SUM(G42:G45) -> 1 | X18: =SUM(H42:H45) -> 0 | Y18: =SUM(I42:I45) -> 30 | Z18: =SUM(J42:J45) -> 21 | ... AF18: =SUM(P42:P45) -> 369
B19: 09.15 - 09.30 | C19: 29 | D19: 27 | E19: 9 | F19: 8 | G19: 0 | H19: 0 | I19: 5 | J19: 2 | K19: 0 | L19: 0 | M19: 53 | N19: 0 | O19: =SUM(C19:L19,N19) -> 80 | P19: =SUM(C19:N19) -> 133 | R19: 1600-1700 | S19: =SUM(C46:C49) -> 101 | T19: =SUM(D46:D49) -> 100 | U19: =SUM(E46:E49) -> 22 | V19: =SUM(F46:F49) -> 35 | W19: =SUM(G46:G49) -> 1 | X19: =SUM(H46:H49) -> 0 | Y19: =SUM(I46:I49) -> 28 | Z19: =SUM(J46:J49) -> 13 | ... AF19: =SUM(P46:P49) -> 394
B20: 09.30 - 09.45 | C20: 22 | D20: 17 | E20: 5 | F20: 13 | G20: 1 | H20: 0 | I20: 6 | J20: 3 | K20: 1 | L20: 1 | M20: 27 | N20: 0 | O20: =SUM(C20:L20,N20) -> 69 | P20: =SUM(C20:N20) -> 96 | R20: 1700-1800 | S20: =SUM(C50:C53) -> 124 | T20: =SUM(D50:D53) -> 123 | U20: =SUM(E50:E53) -> 31 | V20: =SUM(F50:F53) -> 32 | W20: =SUM(G50:G53) -> 2 | X20: =SUM(H50:H53) -> 0 | Y20: =SUM(I50:I53) -> 30 | Z20: =SUM(J50:J53) -> 14 | ... AF20: =SUM(P50:P53) -> 478
B21: 09.45 - 10.00 | C21: 31 | D21: 22 | E21: 14 | F21: 12 | G21: 1 | H21: 0 | I21: 5 | J21: 5 | K21: 0 | L21: 1 | M21: 35 | N21: 3 | O21: =SUM(C21:L21,N21) -> 94 | P21: =SUM(C21:N21) -> 129 | R21: 1800-1900 | S21: =SUM(C54:C57) -> 170 | T21: =SUM(D54:D57) -> 95 | U21: =SUM(E54:E57) -> 34 | V21: =SUM(F54:F57) -> 38 | W21: =SUM(G54:G57) -> 1 | X21: =SUM(H54:H57) -> 1 | Y21: =SUM(I54:I57) -> 20 | Z21: =SUM(J54:J57) -> 6 | ... AF21: =SUM(P54:P57) -> 547
B22: 10.00 - 10.15 | C22: 31 | D22: 26 | E22: 3 | F22: 8 | G22: 2 | H22: 0 | I22: 11 | J22: 8 | K22: 0 | L22: 0 | M22: 38 | N22: 0 | O22: =SUM(C22:L22,N22) -> 89 | P22: =SUM(C22:N22) -> 127 | R22: AM Peak Hr | S22: =MAX(S10:S12) -> 131 | T22: =MAX(T10:T12) -> 106 | U22: =MAX(U10:U12) -> 46 | V22: =MAX(V10:V12) -> 44 | W22: =MAX(W10:W12) -> 2 | X22: =MAX(X10:X12) -> 1 | Y22: =MAX(Y10:Y12) -> 17 | Z22: =MAX(Z10:Z12) -> 12 | ... AF22: =MAX(AF10:AF12) -> 489
B23: 10.15 - 10.30 | C23: 24 | D23: 21 | E23: 8 | F23: 14 | G23: 0 | H23: 0 | I23: 15 | J23: 2 | K23: 0 | L23: 1 | M23: 29 | N23: 0 | O23: =SUM(C23:L23,N23) -> 85 | P23: =SUM(C23:N23) -> 114 | R23: IP Peak Hr | S23: =MAX(S13:S18) -> 117 | T23: =MAX(T13:T18) -> 87 | U23: =MAX(U13:U18) -> 39 | V23: =MAX(V13:V18) -> 43 | W23: =MAX(W13:W18) -> 3 | X23: =MAX(X13:X18) -> 1 | Y23: =MAX(Y13:Y18) -> 47 | Z23: =MAX(Z13:Z18) -> 21 | ... AF23: =MAX(AF13:AF18) -> 457
B24: 10.30 - 10.45 | C24: 30 | D24: 23 | E24: 14 | F24: 7 | G24: 1 | H24: 0 | I24: 12 | J24: 2 | K24: 0 | L24: 0 | M24: 28 | N24: 0 | O24: =SUM(C24:L24,N24) -> 89 | P24: =SUM(C24:N24) -> 117 | R24: PM Peak Hr | S24: =MAX(S19:S21) -> 170 | T24: =MAX(T19:T21) -> 123 | U24: =MAX(U19:U21) -> 34 | V24: =MAX(V19:V21) -> 38 | W24: =MAX(W19:W21) -> 2 | X24: =MAX(X19:X21) -> 1 | Y24: =MAX(Y19:Y21) -> 30 | Z24: =MAX(Z19:Z21) -> 14 | ... AF24: =MAX(AF19:AF21) -> 547
B25: 10.45 - 11.00 | C25: 23 | D25: 17 | E25: 5 | F25: 14 | G25: 0 | H25: 0 | I25: 3 | J25: 1 | K25: 0 | L25: 0 | M25: 35 | N25: 0 | O25: =SUM(C25:L25,N25) -> 63 | P25: =SUM(C25:N25) -> 98 | R25: AM Period | S25: =SUM(S10:S12) -> 352 | T25: =SUM(T10:T12) -> 286 | U25: =SUM(U10:U12) -> 118 | V25: =SUM(V10:V12) -> 117 | W25: =SUM(W10:W12) -> 5 | X25: =SUM(X10:X12) -> 1 | Y25: =SUM(Y10:Y12) -> 43 | Z25: =SUM(Z10:Z12) -> 28 | ... AF25: =SUM(AF10:AF12) -> 1359
B26: 11.00 - 11.15 | C26: 27 | D26: 17 | E26: 6 | F26: 7 | G26: 0 | H26: 0 | I26: 8 | J26: 1 | K26: 0 | L26: 0 | M26: 30 | N26: 0 | O26: =SUM(C26:L26,N26) -> 66 | P26: =SUM(C26:N26) -> 96 | R26: IP Period | S26: =SUM(S13:S18) -> 538 | T26: =SUM(T13:T18) -> 448 | U26: =SUM(U13:U18) -> 189 | V26: =SUM(V13:V18) -> 234 | W26: =SUM(W13:W18) -> 9 | X26: =SUM(X13:X18) -> 1 | Y26: =SUM(Y13:Y18) -> 228 | Z26: =SUM(Z13:Z18) -> 83 | ... AF26: =SUM(AF13:AF18) -> 2415
B27: 11.15 - 11.30 | C27: 18 | D27: 14 | E27: 9 | F27: 8 | G27: 0 | H27: 0 | I27: 7 | J27: 4 | K27: 0 | L27: 0 | M27: 37 | N27: 0 | O27: =SUM(C27:L27,N27) -> 60 | P27: =SUM(C27:N27) -> 97 | R27: PM Period | S27: =SUM(S19:S21) -> 395 | T27: =SUM(T19:T21) -> 318 | U27: =SUM(U19:U21) -> 87 | V27: =SUM(V19:V21) -> 105 | W27: =SUM(W19:W21) -> 4 | X27: =SUM(X19:X21) -> 1 | Y27: =SUM(Y19:Y21) -> 78 | Z27: =SUM(Z19:Z21) -> 33 | ... AF27: =SUM(AF19:AF21) -> 1419
B28: 11.30 - 11.45 | C28: 23 | D28: 17 | E28: 5 | F28: 10 | G28: 0 | H28: 0 | I28: 13 | J28: 0 | K28: 0 | L28: 0 | M28: 19 | N28: 0 | O28: =SUM(C28:L28,N28) -> 68 | P28: =SUM(C28:N28) -> 87 | R28: 12 Hours | S28: =SUM(S10:S21) -> 1285 | T28: =SUM(T10:T21) -> 1052 | U28: =SUM(U10:U21) -> 394 | V28: =SUM(V10:V21) -> 456 | W28: =SUM(W10:W21) -> 18 | X28: =SUM(X10:X21) -> 3 | Y28: =SUM(Y10:Y21) -> 349 | Z28: =SUM(Z10:Z21) -> 144 | ... AF28: =SUM(AF10:AF21) -> 5193
B29: 11.45 - 12.00 | C29: 13 | D29: 13 | E29: 5 | F29: 8 | G29: 0 | H29: 0 | I29: 13 | J29: 5 | K29: 0 | L29: 0 | M29: 28 | N29: 0 | O29: =SUM(C29:L29,N29) -> 57 | P29: =SUM(C29:N29) -> 85
B30: 12.00 - 12.15 | C30: 35 | D30: 24 | E30: 9 | F30: 15 | G30: 0 | H30: 0 | I30: 9 | J30: 5 | K30: 0 | L30: 1 | M30: 29 | N30: 0 | O30: =SUM(C30:L30,N30) -> 98 | P30: =SUM(C30:N30) -> 127
B31: 12.15 - 12.30 | C31: 30 | D31: 24 | E31: 8 | F31: 7 | G31: 1 | H31: 0 | I31: 13 | J31: 4 | K31: 0 | L31: 0 | M31: 35 | N31: 0 | O31: =SUM(C31:L31,N31) -> 87 | P31: =SUM(C31:N31) -> 122
B32: 12.30 - 12.45 | C32: 24 | D32: 21 | E32: 7 | F32: 11 | G32: 2 | H32: 0 | I32: 14 | J32: 0 | K32: 0 | L32: 1 | M32: 32 | N32: 0 | O32: =SUM(C32:L32,N32) -> 80 | P32: =SUM(C32:N32) -> 112
B33: 12.45 - 13.00 | C33: 28 | D33: 16 | E33: 9 | F33: 10 | G33: 0 | H33: 0 | I33: 11 | J33: 2 | K33: 0 | L33: 0 | M33: 20 | N33: 0 | O33: =SUM(C33:L33,N33) -> 76 | P33: =SUM(C33:N33) -> 96
B34: 13.00 - 13.15 | C34: 27 | D34: 16 | E34: 7 | F34: 11 | G34: 1 | H34: 0 | I34: 11 | J34: 2 | K34: 1 | L34: 0 | M34: 27 | N34: 0 | O34: =SUM(C34:L34,N34) -> 76 | P34: =SUM(C34:N34) -> 103
B35: 13.15 - 13.30 | C35: 13 | D35: 12 | E35: 10 | F35: 8 | G35: 0 | H35: 0 | I35: 9 | J35: 3 | K35: 0 | L35: 2 | M35: 33 | N35: 0 | O35: =SUM(C35:L35,N35) -> 57 | P35: =SUM(C35:N35) -> 90
B36: 13.30 - 13.45 | C36: 22 | D36: 16 | E36: 17 | F36: 11 | G36: 0 | H36: 0 | I36: 10 | J36: 4 | K36: 0 | L36: 2 | M36: 32 | N36: 0 | O36: =SUM(C36:L36,N36) -> 82 | P36: =SUM(C36:N36) -> 114
B37: 13.45 - 14.00 | C37: 22 | D37: 18 | E37: 5 | F37: 10 | G37: 0 | H37: 0 | I37: 7 | J37: 7 | K37: 0 | L37: 0 | M37: 24 | N37: 0 | O37: =SUM(C37:L37,N37) -> 69 | P37: =SUM(C37:N37) -> 93
B38: 14.00 - 14.15 | C38: 17 | D38: 14 | E38: 6 | F38: 14 | G38: 0 | H38: 0 | I38: 8 | J38: 7 | K38: 1 | L38: 3 | M38: 24 | N38: 0 | O38: =SUM(C38:L38,N38) -> 70 | P38: =SUM(C38:N38) -> 94
B39: 14.15 - 14.30 | C39: 19 | D39: 26 | E39: 8 | F39: 10 | G39: 0 | H39: 0 | I39: 5 | J39: 1 | K39: 0 | L39: 2 | M39: 22 | N39: 0 | O39: =SUM(C39:L39,N39) -> 71 | P39: =SUM(C39:N39) -> 93
B40: 14.30 - 14.45 | C40: 16 | D40: 19 | E40: 9 | F40: 8 | G40: 1 | H40: 0 | I40: 12 | J40: 2 | K40: 1 | L40: 3 | M40: 26 | N40: 0 | O40: =SUM(C40:L40,N40) -> 71 | P40: =SUM(C40:N40) -> 97
... B57: 18.45 - 19.00 | C57: 47 | D57: 26 | E57: 9 | F57: 8 | G57: 0 | H57: 0 | I57: 9 | J57: 1 | K57: 0 | L57: 1 | M57: 37 | N57: 0 | O57: =SUM(C57:L57,N57) -> 101 | P57: =SUM(C57:N57) -> 138
B58: Totals | C58: =SUM(C10:C57) -> 1285 | D58: =SUM(D10:D57) -> 1052 | E58: =SUM(E10:E57) -> 394 | F58: =SUM(F10:F57) -> 456 | G58: =SUM(G10:G57) -> 18 | H58: =SUM(H10:H57) -> 3 | I58: =SUM(I10:I57) -> 349 | J58: =SUM(J10:J57) -> 144 | ... P58: =SUM(P10:P57) -> 5193
B59: %ges + MCs | C59: =C58/$P$58 -> 0.24744849 | D59: =D58/$P$58 -> 0.2025804 | E59: =E58/$P$58 -> 0.075871365 | F59: =F58/$P$58 -> 0.087810514 | G59: =G58/$P$58 -> 0.0034662045 | H59: =H58/$P$58 -> 0.00057770075 | I59: =I58/$P$58 -> 0.067205854 | J59: =J58/$P$58 -> 0.027729636 | ... N59: =N58/$P$58 -> 0.00057770075
B60: %ges w/o MCs | C60: =C58/$O$58 -> 0.34321581 | D60: =D58/$O$58 -> 0.28098291 | E60: =E58/$O$58 -> 0.10523504 | F60: =F58/$O$58 -> 0.12179487 | G60: =G58/$O$58 -> 0.0048076923 | H60: =H58/$O$58 -> 0.00080128205 | I60: =I58/$O$58 -> 0.093215812 | J60: =J58/$O$58 -> 0.038461538 | ... L60: =L58/$O$58 -> 0.0088141026 | N60: =N58/$O$58 -> 0.00080128205

Sheet 24.09 Sonde-Namugongo
B1: Consultancy services for Preparation of Expressway Development Master Plan (EDMP) for Uganda
B2: MANUAL CLASSIFIED COUNT (MCC)
B3: ROAD NAME: | C3: ='[3]24.09.19 Namugongo-Ssonde '!C3:G3 -> MCC - C2 - STN073-SONDE ROAD
C5: Date | D5: ='[3]24.09.19 Namugongo-Ssonde '!D5 -> 24.09.19 | F5: Location | G5: ='[3]24.09.19 Namugongo-Ssonde '!G5:H5 -> SONDE STATION | J5: Surveyor | K5: ='[3]24.09.19 Namugongo-Ssonde '!K5:L5 -> Amony Bella
C6: Dir. From | D6: Sonde | F6: Dir. To | G6: Namugongo | J6: Supervisor | K6: ='[3]24.09.19 Namugongo-Ssonde '!K6:L6 -> Tracy
B8: Time / Veh Type | R8: SUMMARY TRAFFIC VOLUMES
C9: 1. Car | D9: 2. Station Wagon | E9: 3. Pickups | F9: 4. Minibus, matatu | G9: 5. Medium bus | H9: 6. Large Bus | I9: 7. Light Truck | J9: 8. Medium Truck | K9: 9. Heavy truck | L9: 10. Truck Trailer | M9: 11. Motor cycles | N9: 12. Tractors | O9: Total Excl M/Cycles | P9: Total All | R9: Time | S9: 1. Car | T9: 2. Station Wagon | U9: 3. Pickups | V9: 4. Minibus, matatu | W9: 5. Medium bus | X9: 6. Large Bus | Y9: 7. Light Truck | Z9: 8. Medium Truck | AA9: 9. Heavy truck | AB9: 10. Truck Trailer | AC9: 11. Motorcycles | AD9: 12. Tractors, Graders | AE9: Total Excl M/ Cycles | AF9: Total All
B10: 07.00 - 07.15 | C10: 44 | D10: 12 | E10: 11 | F10: 12 | G10: 1 | H10: 0 | I10: 6 | J10: 1 | K10: 1 | L10: 0 | M10: 32 | N10: 0 | O10: =SUM(C10:L10,N10) -> 88 | P10: =SUM(C10:N10) -> 120 | R10: 0700-0800 | S10: =SUM(C10:C13) -> 150 | T10: =SUM(D10:D13) -> 62 | U10: =SUM(E10:E13) -> 37 | V10: =SUM(F10:F13) -> 59 | W10: =SUM(G10:G13) -> 4 | X10: =SUM(H10:H13) -> 1 | Y10: =SUM(I10:I13) -> 16 | Z10: =SUM(J10:J13) -> 16 | ... AF10: =SUM(P10:P13) -> 499
B11: 07.15 - 07.30 | C11: 32 | D11: 20 | E11: 7 | F11: 10 | G11: 2 | H11: 0 | I11: 4 | J11: 2 | K11: 1 | L11: 0 | M11: 38 | N11: 0 | O11: =SUM(C11:L11,N11) -> 78 | P11: =SUM(C11:N11) -> 116 | R11: 0800-0900 | S11: =SUM(C14:C17) -> 148 | T11: =SUM(D14:D17) -> 71 | U11: =SUM(E14:E17) -> 30 | V11: =SUM(F14:F17) -> 36 | W11: =SUM(G14:G17) -> 1 | X11: =SUM(H14:H17) -> 0 | Y11: =SUM(I14:I17) -> 12 | Z11: =SUM(J14:J17) -> 5 | ... AF11: =SUM(P14:P17) -> 464
B12: 07.30 - 07.45 | C12: 35 | D12: 19 | E12: 10 | F12: 16 | G12: 1 | H12: 1 | I12: 3 | J12: 3 | K12: 1 | L12: 3 | M12: 27 | N12: 0 | O12: =SUM(C12:L12,N12) -> 92 | P12: =SUM(C12:N12) -> 119 | R12: 0900-1000 | S12: =SUM(C18:C21) -> 137 | T12: =SUM(D18:D21) -> 53 | U12: =SUM(E18:E21) -> 40 | V12: =SUM(F18:F21) -> 46 | W12: =SUM(G18:G21) -> 0 | X12: =SUM(H18:H21) -> 0 | Y12: =SUM(I18:I21) -> 19 | Z12: =SUM(J18:J21) -> 3 | ... AF12: =SUM(P18:P21) -> 458
B13: 07.45 - 08.00 | C13: 39 | D13: 11 | E13: 9 | F13: 21 | G13: 0 | H13: 0 | I13: 3 | J13: 10 | K13: 3 | L13: 0 | M13: 48 | N13: 0 | O13: =SUM(C13:L13,N13) -> 96 | P13: =SUM(C13:N13) -> 144 | R13: 1000-1100 | S13: =SUM(C22:C25) -> 97 | T13: =SUM(D22:D25) -> 46 | U13: =SUM(E22:E25) -> 28 | V13: =SUM(F22:F25) -> 40 | W13: =SUM(G22:G25) -> 1 | X13: =SUM(H22:H25) -> 0 | Y13: =SUM(I22:I25) -> 13 | Z13: =SUM(J22:J25) -> 6 | ... AF13: =SUM(P22:P25) -> 350
B14: 08.00 - 08.15 | C14: 35 | D14: 16 | E14: 13 | F14: 8 | G14: 0 | H14: 0 | I14: 0 | J14: 2 | K14: 0 | L14: 1 | M14: 42 | N14: 0 | O14: =SUM(C14:L14,N14) -> 75 | P14: =SUM(C14:N14) -> 117 | R14: 1100-1200 | S14: =SUM(C26:C29) -> 98 | T14: =SUM(D26:D29) -> 55 | U14: =SUM(E26:E29) -> 24 | V14: =SUM(F26:F29) -> 32 | W14: =SUM(G26:G29) -> 0 | X14: =SUM(H26:H29) -> 1 | Y14: =SUM(I26:I29) -> 32 | Z14: =SUM(J26:J29) -> 7 | ... AF14: =SUM(P26:P29) -> 378
B15: 08.15 - 08.30 | C15: 37 | D15: 21 | E15: 6 | F15: 9 | G15: 1 | H15: 0 | I15: 5 | J15: 1 | K15: 1 | L15: 0 | M15: 49 | N15: 0 | O15: =SUM(C15:L15,N15) -> 81 | P15: =SUM(C15:N15) -> 130 | R15: 1200-1300 | S15: =SUM(C30:C33) -> 107 | T15: =SUM(D30:D33) -> 38 | U15: =SUM(E30:E33) -> 28 | V15: =SUM(F30:F33) -> 31 | W15: =SUM(G30:G33) -> 0 | X15: =SUM(H30:H33) -> 0 | Y15: =SUM(I30:I33) -> 33 | Z15: =SUM(J30:J33) -> 6 | ... AF15: =SUM(P30:P33) -> 341
B16: 08.30 - 08.45 | C16: 31 | D16: 16 | E16: 6 | F16: 10 | G16: 0 | H16: 0 | I16: 5 | J16: 1 | K16: 1 | L16: 0 | M16: 34 | N16: 0 | O16: =SUM(C16:L16,N16) -> 70 | P16: =SUM(C16:N16) -> 104 | R16: 1300-1400 | S16: =SUM(C34:C37) -> 104 | T16: =SUM(D34:D37) -> 39 | U16: =SUM(E34:E37) -> 19 | V16: =SUM(F34:F37) -> 30 | W16: =SUM(G34:G37) -> 0 | X16: =SUM(H34:H37) -> 1 | Y16: =SUM(I34:I37) -> 29 | Z16: =SUM(J34:J37) -> 5 | ... AF16: =SUM(P34:P37) -> 305
B17: 08.45 - 9.00 | C17: 45 | D17: 18 | E17: 5 | F17: 9 | G17: 0 | H17: 0 | I17: 2 | J17: 1 | K17: 1 | L17: 0 | M17: 32 | N17: 0 | O17: =SUM(C17:L17,N17) -> 81 | P17: =SUM(C17:N17) -> 113 | R17: 1400-1500 | S17: =SUM(C38:C41) -> 87 | T17: =SUM(D38:D41) -> 47 | U17: =SUM(E38:E41) -> 17 | V17: =SUM(F38:F41) -> 33 | W17: =SUM(G38:G41) -> 0 | X17: =SUM(H38:H41) -> 0 | Y17: =SUM(I38:I41) -> 35 | Z17: =SUM(J38:J41) -> 2 | ... AF17: =SUM(P38:P41) -> 305
B18: 09.00 - 09.15 | C18: 35 | D18: 11 | E18: 9 | F18: 13 | G18: 0 | H18: 0 | I18: 1 | J18: 0 | K18: 0 | L18: 0 | M18: 43 | N18: 0 | O18: =SUM(C18:L18,N18) -> 69 | P18: =SUM(C18:N18) -> 112 | R18: 1500-1600 | S18: =SUM(C42:C45) -> 120 | T18: =SUM(D42:D45) -> 62 | U18: =SUM(E42:E45) -> 30 | V18: =SUM(F42:F45) -> 44 | W18: =SUM(G42:G45) -> 0 | X18: =SUM(H42:H45) -> 0 | Y18: =SUM(I42:I45) -> 24 | Z18: =SUM(J42:J45) -> 9 | ... AF18: =SUM(P42:P45) -> 408
B19: 09.15 - 09.30 | C19: 41 | D19: 18 | E19: 10 | F19: 12 | G19: 0 | H19: 0 | I19: 8 | J19: 1 | K19: 1 | L19: 0 | M19: 43 | N19: 0 | O19: =SUM(C19:L19,N19) -> 91 | P19: =SUM(C19:N19) -> 134 | R19: 1600-1700 | S19: =SUM(C46:C49) -> 128 | T19: =SUM(D46:D49) -> 78 | U19: =SUM(E46:E49) -> 49 | V19: =SUM(F46:F49) -> 50 | W19: =SUM(G46:G49) -> 7 | X19: =SUM(H46:H49) -> 0 | Y19: =SUM(I46:I49) -> 33 | Z19: =SUM(J46:J49) -> 13 | ... AF19: =SUM(P46:P49) -> 488
B20: 09.30 - 09.45 | C20: 26 | D20: 9 | E20: 10 | F20: 9 | G20: 0 | H20: 0 | I20: 7 | J20: 0 | K20: 2 | L20: 0 | M20: 30 | N20: 0 | O20: =SUM(C20:L20,N20) -> 63 | P20: =SUM(C20:N20) -> 93 | R20: 1700-1800 | S20: =SUM(C50:C53) -> 166 | T20: =SUM(D50:D53) -> 89 | U20: =SUM(E50:E53) -> 32 | V20: =SUM(F50:F53) -> 58 | W20: =SUM(G50:G53) -> 7 | X20: =SUM(H50:H53) -> 0 | Y20: =SUM(I50:I53) -> 37 | Z20: =SUM(J50:J53) -> 10 | ... AF20: =SUM(P50:P53) -> 560
B21: 09.45 - 10.00 | C21: 35 | D21: 15 | E21: 11 | F21: 12 | G21: 0 | H21: 0 | I21: 3 | J21: 2 | K21: 4 | L21: 0 | M21: 37 | N21: 0 | O21: =SUM(C21:L21,N21) -> 82 | P21: =SUM(C21:N21) -> 119 | R21: 1800-1900 | S21: =SUM(C54:C57) -> 162 | T21: =SUM(D54:D57) -> 51 | U21: =SUM(E54:E57) -> 28 | V21: =SUM(F54:F57) -> 60 | W21: =SUM(G54:G57) -> 1 | X21: =SUM(H54:H57) -> 0 | Y21: =SUM(I54:I57) -> 17 | Z21: =SUM(J54:J57) -> 5 | ... AF21: =SUM(P54:P57) -> 482
B22: 10.00 - 10.15 | C22: 28 | D22: 8 | E22: 7 | F22: 16 | G22: 1 | H22: 0 | I22: 1 | J22: 0 | K22: 1 | L22: 0 | M22: 30 | N22: 0 | O22: =SUM(C22:L22,N22) -> 62 | P22: =SUM(C22:N22) -> 92 | R22: AM Peak Hr | S22: =MAX(S10:S12) -> 150 | T22: =MAX(T10:T12) -> 71 | U22: =MAX(U10:U12) -> 40 | V22: =MAX(V10:V12) -> 59 | W22: =MAX(W10:W12) -> 4 | X22: =MAX(X10:X12) -> 1 | Y22: =MAX(Y10:Y12) -> 19 | Z22: =MAX(Z10:Z12) -> 16 | ... AF22: =MAX(AF10:AF12) -> 499
B23: 10.15 - 10.30 | C23: 14 | D23: 11 | E23: 9 | F23: 11 | G23: 0 | H23: 0 | I23: 5 | J23: 1 | K23: 1 | L23: 0 | M23: 26 | N23: 0 | O23: =SUM(C23:L23,N23) -> 52 | P23: =SUM(C23:N23) -> 78 | R23: IP Peak Hr | S23: =MAX(S13:S18) -> 120 | T23: =MAX(T13:T18) -> 62 | U23: =MAX(U13:U18) -> 30 | V23: =MAX(V13:V18) -> 44 | W23: =MAX(W13:W18) -> 1 | X23: =MAX(X13:X18) -> 1 | Y23: =MAX(Y13:Y18) -> 35 | Z23: =MAX(Z13:Z18) -> 9 | ... AF23: =MAX(AF13:AF18) -> 408
B24: 10.30 - 10.45 | C24: 38 | D24: 15 | E24: 4 | F24: 5 | G24: 0 | H24: 0 | I24: 4 | J24: 3 | K24: 0 | L24: 0 | M24: 23 | N24: 0 | O24: =SUM(C24:L24,N24) -> 69 | P24: =SUM(C24:N24) -> 92 | R24: PM Peak Hr | S24: =MAX(S19:S21) -> 166 | T24: =MAX(T19:T21) -> 89 | U24: =MAX(U19:U21) -> 49 | V24: =MAX(V19:V21) -> 60 | W24: =MAX(W19:W21) -> 7 | X24: =MAX(X19:X21) -> 0 | Y24: =MAX(Y19:Y21) -> 37 | Z24: =MAX(Z19:Z21) -> 13 | ... AF24: =MAX(AF19:AF21) -> 560
B25: 10.45 - 11.00 | C25: 17 | D25: 12 | E25: 8 | F25: 8 | G25: 0 | H25: 0 | I25: 3 | J25: 2 | K25: 3 | L25: 0 | M25: 35 | N25: 0 | O25: =SUM(C25:L25,N25) -> 53 | P25: =SUM(C25:N25) -> 88 | R25: AM Period | S25: =SUM(S10:S12) -> 435 | T25: =SUM(T10:T12) -> 186 | U25: =SUM(U10:U12) -> 107 | V25: =SUM(V10:V12) -> 141 | W25: =SUM(W10:W12) -> 5 | X25: =SUM(X10:X12) -> 1 | Y25: =SUM(Y10:Y12) -> 47 | Z25: =SUM(Z10:Z12) -> 24 | ... AF25: =SUM(AF10:AF12) -> 1421
B26: 11.00 - 11.15 | C26: 36 | D26: 17 | E26: 10 | F26: 6 | G26: 0 | H26: 0 | I26: 11 | J26: 5 | K26: 1 | L26: 0 | M26: 37 | N26: 0 | O26: =SUM(C26:L26,N26) -> 86 | P26: =SUM(C26:N26) -> 123 | R26: IP Period | S26: =SUM(S13:S18) -> 613 | T26: =SUM(T13:T18) -> 287 | U26: =SUM(U13:U18) -> 146 | V26: =SUM(V13:V18) -> 210 | W26: =SUM(W13:W18) -> 1 | X26: =SUM(X13:X18) -> 2 | Y26: =SUM(Y13:Y18) -> 166 | Z26: =SUM(Z13:Z18) -> 35 | ... AF26: =SUM(AF13:AF18) -> 2087
B27: 11.15 - 11.30 | C27: 19 | D27: 16 | E27: 4 | F27: 4 | G27: 0 | H27: 0 | I27: 6 | J27: 1 | K27: 0 | L27: 2 | M27: 18 | N27: 0 | O27: =SUM(C27:L27,N27) -> 52 | P27: =SUM(C27:N27) -> 70 | R27: PM Period | S27: =SUM(S19:S21) -> 456 | T27: =SUM(T19:T21) -> 218 | U27: =SUM(U19:U21) -> 109 | V27: =SUM(V19:V21) -> 168 | W27: =SUM(W19:W21) -> 15 | X27: =SUM(X19:X21) -> 0 | Y27: =SUM(Y19:Y21) -> 87 | Z27: =SUM(Z19:Z21) -> 28 | ... AF27: =SUM(AF19:AF21) -> 1530
B28: 11.30 - 11.45 | C28: 22 | D28: 10 | E28: 7 | F28: 16 | G28: 0 | H28: 1 | I28: 10 | J28: 1 | K28: 2 | L28: 0 | M28: 36 | N28: 0 | O28: =SUM(C28:L28,N28) -> 69 | P28: =SUM(C28:N28) -> 105 | R28: 12 Hours | S28: =SUM(S10:S21) -> 1504 | T28: =SUM(T10:T21) -> 691 | U28: =SUM(U10:U21) -> 362 | V28: =SUM(V10:V21) -> 519 | W28: =SUM(W10:W21) -> 21 | X28: =SUM(X10:X21) -> 3 | Y28: =SUM(Y10:Y21) -> 300 | Z28: =SUM(Z10:Z21) -> 87 | ... AF28: =SUM(AF10:AF21) -> 5038
B29: 11.45 - 12.00 | C29: 21 | D29: 12 | E29: 3 | F29: 6 | G29: 0 | H29: 0 | I29: 5 | J29: 0 | K29: 2 | L29: 0 | M29: 31 | N29: 0 | O29: =SUM(C29:L29,N29) -> 49 | P29: =SUM(C29:N29) -> 80
B30: 12.00 - 12.15 | C30: 30 | D30: 16 | E30: 4 | F30: 10 | G30: 0 | H30: 0 | I30: 9 | J30: 2 | K30: 2 | L30: 0 | M30: 26 | N30: 0 | O30: =SUM(C30:L30,N30) -> 73 | P30: =SUM(C30:N30) -> 99
B31: 12.15 - 12.30 | C31: 29 | D31: 10 | E31: 9 | F31: 8 | G31: 0 | H31: 0 | I31: 6 | J31: 1 | K31: 4 | L31: 0 | M31: 31 | N31: 0 | O31: =SUM(C31:L31,N31) -> 67 | P31: =SUM(C31:N31) -> 98
B32: 12.30 - 12.45 | C32: 20 | D32: 6 | E32: 8 | F32: 7 | G32: 0 | H32: 0 | I32: 12 | J32: 2 | K32: 1 | L32: 0 | M32: 16 | N32: 0 | O32: =SUM(C32:L32,N32) -> 56 | P32: =SUM(C32:N32) -> 72
B33: 12.45 - 13.00 | C33: 28 | D33: 6 | E33: 7 | F33: 6 | G33: 0 | H33: 0 | I33: 6 | J33: 1 | K33: 1 | L33: 0 | M33: 17 | N33: 0 | O33: =SUM(C33:L33,N33) -> 55 | P33: =SUM(C33:N33) -> 72
B34: 13.00 - 13.15 | C34: 23 | D34: 7 | E34: 5 | F34: 6 | G34: 0 | H34: 0 | I34: 3 | J34: 1 | K34: 3 | L34: 0 | M34: 11 | N34: 0 | O34: =SUM(C34:L34,N34) -> 48 | P34: =SUM(C34:N34) -> 59
B35: 13.15 - 13.30 | C35: 28 | D35: 15 | E35: 5 | F35: 8 | G35: 0 | H35: 0 | I35: 13 | J35: 1 | K35: 0 | L35: 1 | M35: 18 | N35: 0 | O35: =SUM(C35:L35,N35) -> 71 | P35: =SUM(C35:N35) -> 89
B36: 13.30 - 13.45 | C36: 26 | D36: 15 | E36: 5 | F36: 11 | G36: 0 | H36: 1 | I36: 7 | J36: 2 | K36: 1 | L36: 0 | M36: 28 | N36: 0 | O36: =SUM(C36:L36,N36) -> 68 | P36: =SUM(C36:N36) -> 96
B37: 13.45 - 14.00 | C37: 27 | D37: 2 | E37: 4 | F37: 5 | G37: 0 | H37: 0 | I37: 6 | J37: 1 | K37: 3 | L37: 0 | M37: 13 | N37: 0 | O37: =SUM(C37:L37,N37) -> 48 | P37: =SUM(C37:N37) -> 61
B38: 14.00 - 14.15 | C38: 20 | D38: 21 | E38: 7 | F38: 6 | G38: 0 | H38: 0 | I38: 11 | J38: 0 | K38: 2 | L38: 0 | M38: 21 | N38: 0 | O38: =SUM(C38:L38,N38) -> 67 | P38: =SUM(C38:N38) -> 88
B39: 14.15 - 14.30 | C39: 25 | D39: 3 | E39: 4 | F39: 9 | G39: 0 | H39: 0 | I39: 5 | J39: 2 | K39: 4 | L39: 0 | M39: 7 | N39: 0 | O39: =SUM(C39:L39,N39) -> 52 | P39: =SUM(C39:N39) -> 59
B40: 14.30 - 14.45 | C40: 19 | D40: 9 | E40: 2 | F40: 9 | G40: 0 | H40: 0 | I40: 12 | J40: 0 | K40: 1 | L40: 1 | M40: 20 | N40: 0 | O40: =SUM(C40:L40,N40) -> 53 | P40: =SUM(C40:N40) -> 73
... B57: 18.45 - 19.00 | C57: 41 | D57: 18 | E57: 7 | F57: 16 | G57: 1 | H57: 0 | I57: 10 | J57: 0 | K57: 0 | L57: 0 | M57: 32 | N57: 0 | O57: =SUM(C57:L57,N57) -> 93 | P57: =SUM(C57:N57) -> 125
B58: Totals | C58: =SUM(C10:C57) -> 1504 | D58: =SUM(D10:D57) -> 691 | E58: =SUM(E10:E57) -> 362 | F58: =SUM(F10:F57) -> 519 | G58: =SUM(G10:G57) -> 21 | H58: =SUM(H10:H57) -> 3 | I58: =SUM(I10:I57) -> 300 | J58: =SUM(J10:J57) -> 87 | ... P58: =SUM(P10:P57) -> 5038
B59: %ges + MCs | C59: =C58/$P$58 -> 0.29853116 | D59: =D58/$P$58 -> 0.1371576 | E59: =E58/$P$58 -> 0.07185391 | F59: =F58/$P$58 -> 0.10301707 | G59: =G58/$P$58 -> 0.0041683208 | H59: =H58/$P$58 -> 0.00059547439 | I59: =I58/$P$58 -> 0.059547439 | J59: =J58/$P$58 -> 0.017268757 | ... N59: =N58/$P$58 -> 0
B60: %ges w/o MCs | C60: =C58/$O$58 -> 0.42046408 | D60: =D58/$O$58 -> 0.19317864 | E60: =E58/$O$58 -> 0.10120212 | F60: =F58/$O$58 -> 0.14509365 | G60: =G58/$O$58 -> 0.0058708415 | H60: =H58/$O$58 -> 0.00083869164 | I60: =I58/$O$58 -> 0.083869164 | J60: =J58/$O$58 -> 0.024322058 | ... L60: =L58/$O$58 -> 0.0041934582 | N60: =N58/$O$58 -> 0

Sheet 24.09 Namugongo-Sonde
B1: Consultancy services for Preparation of Expressway Development Master Plan (EDMP) for Uganda
B2: MANUAL CLASSIFIED COUNT (MCC)
B3: ROAD NAME: | C3: MCC - C2 - STN073-SONDE ROAD
C5: Date | D5: 24.09.19 | F5: Location | G5: SONDE STATION | J5: Surveyor | K5: Amony Bella
C6: Dir. From | D6: NAMUGONGO | F6: Dir. To | G6: SSONDE | J6: Supervisor | K6: Tracy
B8: Time / Veh Type | R8: SUMMARY TRAFFIC VOLUMES
C9: 1. Car | D9: 2. Station Wagon | E9: 3. Pickups | F9: 4. Minibus, matatu | G9: 5. Medium bus | H9: 6. Large Bus | I9: 7. Light Truck | J9: 8. Medium Truck | K9: 9. Heavy truck | L9: 10. Truck Trailer | M9: 11. Motor cycles | N9: 12. Tractors | O9: Total Excl M/Cycles | P9: Total All | R9: Time | S9: 1. Car | T9: 2. Station Wagon | U9: 3. Pickups | V9: 4. Minibus, matatu | W9: 5. Medium bus | X9: 6. Large Bus | Y9: 7. Light Truck | Z9: 8. Medium Truck | AA9: 9. Heavy truck | AB9: 10. Truck Trailer | AC9: 11. Motorcycles | AD9: 12. Tractors, Graders | AE9: Total Excl M/ Cycles | AF9: Total All
B10: 07.00 - 07.15 | C10: 17 | D10: 4 | E10: 4 | F10: 3 | G10: 1 | H10: 0 | I10: 1 | J10: 2 | K10: 0 | L10: 0 | M10: 19 | N10: 0 | O10: =SUM(C10:L10,N10) -> 32 | P10: =SUM(C10:N10) -> 51 | R10: 0700-0800 | S10: =SUM(C10:C13) -> 87 | T10: =SUM(D10:D13) -> 61 | U10: =SUM(E10:E13) -> 31 | V10: =SUM(F10:F13) -> 24 | W10: =SUM(G10:G13) -> 1 | X10: =SUM(H10:H13) -> 0 | Y10: =SUM(I10:I13) -> 12 | Z10: =SUM(J10:J13) -> 7 | ... AF10: =SUM(P10:P13) -> 319
B11: 07.15 - 07.30 | C11: 27 | D11: 23 | E11: 14 | F11: 8 | G11: 0 | H11: 0 | I11: 4 | J11: 3 | K11: 0 | L11: 0 | M11: 28 | N11: 0 | O11: =SUM(C11:L11,N11) -> 79 | P11: =SUM(C11:N11) -> 107 | R11: 0800-0900 | S11: =SUM(C14:C17) -> 113 | T11: =SUM(D14:D17) -> 105 | U11: =SUM(E14:E17) -> 41 | V11: =SUM(F14:F17) -> 49 | W11: =SUM(G14:G17) -> 0 | X11: =SUM(H14:H17) -> 0 | Y11: =SUM(I14:I17) -> 26 | Z11: =SUM(J14:J17) -> 6 | ... AF11: =SUM(P14:P17) -> 468
B12: 07.30 - 07.45 | C12: 25 | D12: 17 | E12: 8 | F12: 9 | G12: 0 | H12: 0 | I12: 4 | J12: 0 | K12: 0 | L12: 0 | M12: 23 | N12: 0 | O12: =SUM(C12:L12,N12) -> 63 | P12: =SUM(C12:N12) -> 86 | R12: 0900-1000 | S12: =SUM(C18:C21) -> 74 | T12: =SUM(D18:D21) -> 75 | U12: =SUM(E18:E21) -> 22 | V12: =SUM(F18:F21) -> 53 | W12: =SUM(G18:G21) -> 0 | X12: =SUM(H18:H21) -> 2 | Y12: =SUM(I18:I21) -> 14 | Z12: =SUM(J18:J21) -> 16 | ... AF12: =SUM(P18:P21) -> 386
B13: 07.45 - 08.00 | C13: 18 | D13: 17 | E13: 5 | F13: 4 | G13: 0 | H13: 0 | I13: 3 | J13: 2 | K13: 0 | L13: 0 | M13: 26 | N13: 0 | O13: =SUM(C13:L13,N13) -> 49 | P13: =SUM(C13:N13) -> 75 | R13: 1000-1100 | S13: =SUM(C22:C25) -> 99 | T13: =SUM(D22:D25) -> 58 | U13: =SUM(E22:E25) -> 34 | V13: =SUM(F22:F25) -> 34 | W13: =SUM(G22:G25) -> 1 | X13: =SUM(H22:H25) -> 0 | Y13: =SUM(I22:I25) -> 29 | Z13: =SUM(J22:J25) -> 6 | ... AF13: =SUM(P22:P25) -> 409
B14: 08.00 - 08.15 | C14: 25 | D14: 27 | E14: 7 | F14: 8 | G14: 0 | H14: 0 | I14: 4 | J14: 0 | K14: 0 | L14: 0 | M14: 24 | N14: 0 | O14: =SUM(C14:L14,N14) -> 71 | P14: =SUM(C14:N14) -> 95 | R14: 1100-1200 | S14: =SUM(C26:C29) -> 79 | T14: =SUM(D26:D29) -> 64 | U14: =SUM(E26:E29) -> 19 | V14: =SUM(F26:F29) -> 40 | W14: =SUM(G26:G29) -> 3 | X14: =SUM(H26:H29) -> 0 | Y14: =SUM(I26:I29) -> 27 | Z14: =SUM(J26:J29) -> 14 | ... AF14: =SUM(P26:P29) -> 407
B15: 08.15 - 08.30 | C15: 24 | D15: 25 | E15: 15 | F15: 16 | G15: 0 | H15: 0 | I15: 7 | J15: 3 | K15: 0 | L15: 0 | M15: 30 | N15: 0 | O15: =SUM(C15:L15,N15) -> 90 | P15: =SUM(C15:N15) -> 120 | R15: 1200-1300 | S15: =SUM(C30:C33) -> 73 | T15: =SUM(D30:D33) -> 87 | U15: =SUM(E30:E33) -> 34 | V15: =SUM(F30:F33) -> 49 | W15: =SUM(G30:G33) -> 6 | X15: =SUM(H30:H33) -> 0 | Y15: =SUM(I30:I33) -> 41 | Z15: =SUM(J30:J33) -> 23 | ... AF15: =SUM(P30:P33) -> 440
B16: 08.30 - 08.45 | C16: 30 | D16: 30 | E16: 10 | F16: 12 | G16: 0 | H16: 0 | I16: 9 | J16: 2 | K16: 0 | L16: 1 | M16: 41 | N16: 0 | O16: =SUM(C16:L16,N16) -> 94 | P16: =SUM(C16:N16) -> 135 | R16: 1300-1400 | S16: =SUM(C34:C37) -> 74 | T16: =SUM(D34:D37) -> 75 | U16: =SUM(E34:E37) -> 26 | V16: =SUM(F34:F37) -> 39 | W16: =SUM(G34:G37) -> 2 | X16: =SUM(H34:H37) -> 1 | Y16: =SUM(I34:I37) -> 31 | Z16: =SUM(J34:J37) -> 18 | ... AF16: =SUM(P34:P37) -> 382
B17: 08.45 - 9.00 | C17: 34 | D17: 23 | E17: 9 | F17: 13 | G17: 0 | H17: 0 | I17: 6 | J17: 1 | K17: 0 | L17: 0 | M17: 32 | N17: 0 | O17: =SUM(C17:L17,N17) -> 86 | P17: =SUM(C17:N17) -> 118 | R17: 1400-1500 | S17: =SUM(C38:C41) -> 78 | T17: =SUM(D38:D41) -> 58 | U17: =SUM(E38:E41) -> 35 | V17: =SUM(F38:F41) -> 40 | W17: =SUM(G38:G41) -> 0 | X17: =SUM(H38:H41) -> 0 | Y17: =SUM(I38:I41) -> 31 | Z17: =SUM(J38:J41) -> 19 | ... AF17: =SUM(P38:P41) -> 380
B18: 09.00 - 09.15 | C18: 20 | D18: 21 | E18: 10 | F18: 11 | G18: 0 | H18: 0 | I18: 6 | J18: 2 | K18: 0 | L18: 0 | M18: 40 | N18: 0 | O18: =SUM(C18:L18,N18) -> 70 | P18: =SUM(C18:N18) -> 110 | R18: 1500-1600 | S18: =SUM(C42:C45) -> 109 | T18: =SUM(D42:D45) -> 82 | U18: =SUM(E42:E45) -> 29 | V18: =SUM(F42:F45) -> 55 | W18: =SUM(G42:G45) -> 0 | X18: =SUM(H42:H45) -> 1 | Y18: =SUM(I42:I45) -> 32 | Z18: =SUM(J42:J45) -> 26 | ... AF18: =SUM(P42:P45) -> 455
B19: 09.15 - 09.30 | C19: 32 | D19: 16 | E19: 5 | F19: 16 | G19: 0 | H19: 1 | I19: 3 | J19: 4 | K19: 0 | L19: 0 | M19: 25 | N19: 0 | O19: =SUM(C19:L19,N19) -> 77 | P19: =SUM(C19:N19) -> 102 | R19: 1600-1700 | S19: =SUM(C46:C49) -> 120 | T19: =SUM(D46:D49) -> 82 | U19: =SUM(E46:E49) -> 27 | V19: =SUM(F46:F49) -> 37 | W19: =SUM(G46:G49) -> 0 | X19: =SUM(H46:H49) -> 1 | Y19: =SUM(I46:I49) -> 27 | Z19: =SUM(J46:J49) -> 10 | ... AF19: =SUM(P46:P49) -> 414
B20: 09.30 - 09.45 | C20: 10 | D20: 16 | E20: 2 | F20: 11 | G20: 0 | H20: 1 | I20: 3 | J20: 6 | K20: 2 | L20: 0 | M20: 40 | N20: 0 | O20: =SUM(C20:L20,N20) -> 51 | P20: =SUM(C20:N20) -> 91 | R20: 1700-1800 | S20: =SUM(C50:C53) -> 164 | T20: =SUM(D50:D53) -> 116 | U20: =SUM(E50:E53) -> 34 | V20: =SUM(F50:F53) -> 39 | W20: =SUM(G50:G53) -> 11 | X20: =SUM(H50:H53) -> 1 | Y20: =SUM(I50:I53) -> 22 | Z20: =SUM(J50:J53) -> 11 | ... AF20: =SUM(P50:P53) -> 568
B21: 09.45 - 10.00 | C21: 12 | D21: 22 | E21: 5 | F21: 15 | G21: 0 | H21: 0 | I21: 2 | J21: 4 | K21: 0 | L21: 0 | M21: 23 | N21: 0 | O21: =SUM(C21:L21,N21) -> 60 | P21: =SUM(C21:N21) -> 83 | R21: 1800-1900 | S21: =SUM(C54:C57) -> 152 | T21: =SUM(D54:D57) -> 112 | U21: =SUM(E54:E57) -> 32 | V21: =SUM(F54:F57) -> 45 | W21: =SUM(G54:G57) -> 1 | X21: =SUM(H54:H57) -> 0 | Y21: =SUM(I54:I57) -> 16 | Z21: =SUM(J54:J57) -> 9 | ... AF21: =SUM(P54:P57) -> 536
B22: 10.00 - 10.15 | C22: 25 | D22: 17 | E22: 8 | F22: 10 | G22: 0 | H22: 0 | I22: 4 | J22: 0 | K22: 0 | L22: 0 | M22: 31 | N22: 0 | O22: =SUM(C22:L22,N22) -> 64 | P22: =SUM(C22:N22) -> 95 | R22: AM Peak Hr | S22: =MAX(S10:S12) -> 113 | T22: =MAX(T10:T12) -> 105 | U22: =MAX(U10:U12) -> 41 | V22: =MAX(V10:V12) -> 53 | W22: =MAX(W10:W12) -> 1 | X22: =MAX(X10:X12) -> 2 | Y22: =MAX(Y10:Y12) -> 26 | Z22: =MAX(Z10:Z12) -> 16 | ... AF22: =MAX(AF10:AF12) -> 468
B23: 10.15 - 10.30 | C23: 28 | D23: 10 | E23: 10 | F23: 9 | G23: 0 | H23: 0 | I23: 5 | J23: 0 | K23: 0 | L23: 0 | M23: 41 | N23: 0 | O23: =SUM(C23:L23,N23) -> 62 | P23: =SUM(C23:N23) -> 103 | R23: IP Peak Hr | S23: =MAX(S13:S18) -> 109 | T23: =MAX(T13:T18) -> 87 | U23: =MAX(U13:U18) -> 35 | V23: =MAX(V13:V18) -> 55 | W23: =MAX(W13:W18) -> 6 | X23: =MAX(X13:X18) -> 1 | Y23: =MAX(Y13:Y18) -> 41 | Z23: =MAX(Z13:Z18) -> 26 | ... AF23: =MAX(AF13:AF18) -> 455
B24: 10.30 - 10.45 | C24: 19 | D24: 18 | E24: 12 | F24: 7 | G24: 0 | H24: 0 | I24: 6 | J24: 0 | K24: 0 | L24: 0 | M24: 49 | N24: 0 | O24: =SUM(C24:L24,N24) -> 62 | P24: =SUM(C24:N24) -> 111 | R24: PM Peak Hr | S24: =MAX(S19:S21) -> 164 | T24: =MAX(T19:T21) -> 116 | U24: =MAX(U19:U21) -> 34 | V24: =MAX(V19:V21) -> 45 | W24: =MAX(W19:W21) -> 11 | X24: =MAX(X19:X21) -> 1 | Y24: =MAX(Y19:Y21) -> 27 | Z24: =MAX(Z19:Z21) -> 11 | ... AF24: =MAX(AF19:AF21) -> 568
B25: 10.45 - 11.00 | C25: 27 | D25: 13 | E25: 4 | F25: 8 | G25: 1 | H25: 0 | I25: 14 | J25: 6 | K25: 0 | L25: 1 | M25: 26 | N25: 0 | O25: =SUM(C25:L25,N25) -> 74 | P25: =SUM(C25:N25) -> 100 | R25: AM Period | S25: =SUM(S10:S12) -> 274 | T25: =SUM(T10:T12) -> 241 | U25: =SUM(U10:U12) -> 94 | V25: =SUM(V10:V12) -> 126 | W25: =SUM(W10:W12) -> 1 | X25: =SUM(X10:X12) -> 2 | Y25: =SUM(Y10:Y12) -> 52 | Z25: =SUM(Z10:Z12) -> 29 | ... AF25: =SUM(AF10:AF12) -> 1173
B26: 11.00 - 11.15 | C26: 15 | D26: 20 | E26: 5 | F26: 6 | G26: 1 | H26: 0 | I26: 6 | J26: 3 | K26: 0 | L26: 0 | M26: 45 | N26: 0 | O26: =SUM(C26:L26,N26) -> 56 | P26: =SUM(C26:N26) -> 101 | R26: IP Period | S26: =SUM(S13:S18) -> 512 | T26: =SUM(T13:T18) -> 424 | U26: =SUM(U13:U18) -> 177 | V26: =SUM(V13:V18) -> 257 | W26: =SUM(W13:W18) -> 12 | X26: =SUM(X13:X18) -> 2 | Y26: =SUM(Y13:Y18) -> 191 | Z26: =SUM(Z13:Z18) -> 106 | ... AF26: =SUM(AF13:AF18) -> 2473
B27: 11.15 - 11.30 | C27: 18 | D27: 12 | E27: 3 | F27: 10 | G27: 1 | H27: 0 | I27: 3 | J27: 4 | K27: 0 | L27: 0 | M27: 26 | N27: 0 | O27: =SUM(C27:L27,N27) -> 51 | P27: =SUM(C27:N27) -> 77 | R27: PM Period | S27: =SUM(S19:S21) -> 436 | T27: =SUM(T19:T21) -> 310 | U27: =SUM(U19:U21) -> 93 | V27: =SUM(V19:V21) -> 121 | W27: =SUM(W19:W21) -> 12 | X27: =SUM(X19:X21) -> 2 | Y27: =SUM(Y19:Y21) -> 65 | Z27: =SUM(Z19:Z21) -> 30 | ... AF27: =SUM(AF19:AF21) -> 1518
B28: 11.30 - 11.45 | C28: 20 | D28: 18 | E28: 6 | F28: 12 | G28: 1 | H28: 0 | I28: 5 | J28: 3 | K28: 0 | L28: 0 | M28: 42 | N28: 0 | O28: =SUM(C28:L28,N28) -> 65 | P28: =SUM(C28:N28) -> 107 | R28: 12 Hours | S28: =SUM(S10:S21) -> 1222 | T28: =SUM(T10:T21) -> 975 | U28: =SUM(U10:U21) -> 364 | V28: =SUM(V10:V21) -> 504 | W28: =SUM(W10:W21) -> 25 | X28: =SUM(X10:X21) -> 6 | Y28: =SUM(Y10:Y21) -> 308 | Z28: =SUM(Z10:Z21) -> 165 | ... AF28: =SUM(AF10:AF21) -> 5164
B29: 11.45 - 12.00 | C29: 26 | D29: 14 | E29: 5 | F29: 12 | G29: 0 | H29: 0 | I29: 13 | J29: 4 | K29: 0 | L29: 0 | M29: 48 | N29: 0 | O29: =SUM(C29:L29,N29) -> 74 | P29: =SUM(C29:N29) -> 122
B30: 12.00 - 12.15 | C30: 24 | D30: 6 | E30: 6 | F30: 11 | G30: 1 | H30: 0 | I30: 11 | J30: 11 | K30: 0 | L30: 1 | M30: 40 | N30: 0 | O30: =SUM(C30:L30,N30) -> 71 | P30: =SUM(C30:N30) -> 111
B31: 12.15 - 12.30 | C31: 18 | D31: 22 | E31: 11 | F31: 13 | G31: 0 | H31: 0 | I31: 8 | J31: 2 | K31: 0 | L31: 0 | M31: 29 | N31: 0 | O31: =SUM(C31:L31,N31) -> 74 | P31: =SUM(C31:N31) -> 103
B32: 12.30 - 12.45 | C32: 12 | D32: 27 | E32: 8 | F32: 11 | G32: 3 | H32: 0 | I32: 11 | J32: 6 | K32: 0 | L32: 2 | M32: 20 | N32: 0 | O32: =SUM(C32:L32,N32) -> 80 | P32: =SUM(C32:N32) -> 100
B33: 12.45 - 13.00 | C33: 19 | D33: 32 | E33: 9 | F33: 14 | G33: 2 | H33: 0 | I33: 11 | J33: 4 | K33: 1 | L33: 1 | M33: 33 | N33: 0 | O33: =SUM(C33:L33,N33) -> 93 | P33: =SUM(C33:N33) -> 126
B34: 13.00 - 13.15 | C34: 20 | D34: 18 | E34: 4 | F34: 10 | G34: 0 | H34: 0 | I34: 6 | J34: 3 | K34: 0 | L34: 0 | M34: 28 | N34: 0 | O34: =SUM(C34:L34,N34) -> 61 | P34: =SUM(C34:N34) -> 89
B35: 13.15 - 13.30 | C35: 18 | D35: 18 | E35: 9 | F35: 10 | G35: 0 | H35: 1 | I35: 5 | J35: 6 | K35: 0 | L35: 0 | M35: 32 | N35: 0 | O35: =SUM(C35:L35,N35) -> 67 | P35: =SUM(C35:N35) -> 99
B36: 13.30 - 13.45 | C36: 20 | D36: 23 | E36: 6 | F36: 8 | G36: 2 | H36: 0 | I36: 14 | J36: 5 | K36: 0 | L36: 0 | M36: 32 | N36: 0 | O36: =SUM(C36:L36,N36) -> 78 | P36: =SUM(C36:N36) -> 110
B37: 13.45 - 14.00 | C37: 16 | D37: 16 | E37: 7 | F37: 11 | G37: 0 | H37: 0 | I37: 6 | J37: 4 | K37: 0 | L37: 0 | M37: 23 | N37: 1 | O37: =SUM(C37:L37,N37) -> 61 | P37: =SUM(C37:N37) -> 84
B38: 14.00 - 14.15 | C38: 12 | D38: 13 | E38: 12 | F38: 8 | G38: 0 | H38: 0 | I38: 7 | J38: 5 | K38: 0 | L38: 0 | M38: 29 | N38: 0 | O38: =SUM(C38:L38,N38) -> 57 | P38: =SUM(C38:N38) -> 86
B39: 14.15 - 14.30 | C39: 26 | D39: 18 | E39: 9 | F39: 13 | G39: 0 | H39: 0 | I39: 9 | J39: 2 | K39: 0 | L39: 1 | M39: 25 | N39: 0 | O39: =SUM(C39:L39,N39) -> 78 | P39: =SUM(C39:N39) -> 103
B40: 14.30 - 14.45 | C40: 13 | D40: 14 | E40: 6 | F40: 12 | G40: 0 | H40: 0 | I40: 7 | J40: 6 | K40: 0 | L40: 0 | M40: 34 | N40: 0 | O40: =SUM(C40:L40,N40) -> 58 | P40: =SUM(C40:N40) -> 92
... B57: 18.45 - 19.00 | C57: 40 | D57: 25 | E57: 4 | F57: 10 | G57: 0 | H57: 0 | I57: 2 | J57: 2 | K57: 0 | L57: 0 | M57: 41 | N57: 0 | O57: =SUM(C57:L57,N57) -> 83 | P57: =SUM(C57:N57) -> 124
B58: Totals | C58: =SUM(C10:C57) -> 1222 | D58: =SUM(D10:D57) -> 975 | E58: =SUM(E10:E57) -> 364 | F58: =SUM(F10:F57) -> 504 | G58: =SUM(G10:G57) -> 25 | H58: =SUM(H10:H57) -> 6 | I58: =SUM(I10:I57) -> 308 | J58: =SUM(J10:J57) -> 165 | ... P58: =SUM(P10:P57) -> 5164
B59: %ges + MCs | C59: =C58/$P$58 -> 0.23663826 | D59: =D58/$P$58 -> 0.18880713 | E59: =E58/$P$58 -> 0.070487994 | F59: =F58/$P$58 -> 0.097598761 | G59: =G58/$P$58 -> 0.0048412084 | H59: =H58/$P$58 -> 0.00116189 | I59: =I58/$P$58 -> 0.059643687 | J59: =J58/$P$58 -> 0.031951975 | ... N59: =N58/$P$58 -> 0.00019364833
B60: %ges w/o MCs | C60: =C58/$O$58 -> 0.33982202 | D60: =D58/$O$58 -> 0.27113459 | E60: =E58/$O$58 -> 0.10122358 | F60: =F58/$O$58 -> 0.14015573 | G60: =G58/$O$58 -> 0.0069521691 | H60: =H58/$O$58 -> 0.0016685206 | I60: =I58/$O$58 -> 0.085650723 | J60: =J58/$O$58 -> 0.045884316 | ... L60: =L58/$O$58 -> 0.0055617353 | N60: =N58/$O$58 -> 0.00027808676

Sheet 25.09 Sonde-Namugongo
B1: Consultancy services for Preparation of Expressway Development Master Plan (EDMP) for Uganda
B2: MANUAL CLASSIFIED COUNT (MCC)
B3: ROAD NAME: | C3: ='23.09 Sonde-Namugongo'!C3:G3 -> MCC-C2-STNO 73
C5: Date | D5: 25.09.19 | F5: Location | G5: ='23.09 Sonde-Namugongo'!G5:H5 -> Bukasa | J5: Surveyor | K5: ='23.09 Sonde-Namugongo'!K5:L5 -> Kalebo Mark
C6: Dir. From | D6: ='23.09 Sonde-Namugongo'!D6:E6 -> SSONDE | F6: Dir. To | G6: ='23.09 Sonde-Namugongo'!G6:H6 -> NAMUGONGO | J6: Supervisor | K6: ='23.09 Sonde-Namugongo'!K6:L6 -> Tracy
B8: Time / Veh Type | R8: SUMMARY TRAFFIC VOLUMES
C9: 1. Car | D9: 2. Station Wagon | E9: 3. Pickups | F9: 4. Minibus, matatu | G9: 5. Medium bus | H9: 6. Large Bus | I9: 7. Light Truck | J9: 8. Medium Truck | K9: 9. Heavy truck | L9: 10. Truck Trailer | M9: 11. Motor cycles | N9: 12. Tractors | O9: Total Excl M/Cycles | P9: Total All | R9: Time | S9: 1. Car | T9: 2. Station Wagon | U9: 3. Pickups | V9: 4. Minibus, matatu | W9: 5. Medium bus | X9: 6. Large Bus | Y9: 7. Light Truck | Z9: 8. Medium Truck | AA9: 9. Heavy truck | AB9: 10. Truck Trailer | AC9: 11. Motorcycles | AD9: 12. Tractors, Graders | AE9: Total Excl M/ Cycles | AF9: Total All
B10: 07.00 - 07.15 | C10: 35 | D10: 14 | E10: 0 | F10: 10 | G10: 0 | H10: 0 | I10: 2 | J10: 0 | K10: 0 | L10: 1 | M10: 33 | N10: 0 | O10: =SUM(C10:L10,N10) -> 62 | P10: =SUM(C10:N10) -> 95 | R10: 0700-0800 | S10: =SUM(C10:C13) -> 167 | T10: =SUM(D10:D13) -> 73 | U10: =SUM(E10:E13) -> 18 | V10: =SUM(F10:F13) -> 49 | W10: =SUM(G10:G13) -> 0 | X10: =SUM(H10:H13) -> 0 | Y10: =SUM(I10:I13) -> 15 | Z10: =SUM(J10:J13) -> 3 | ... AF10: =SUM(P10:P13) -> 509
B11: 07.15 - 07.30 | C11: 54 | D11: 18 | E11: 8 | F11: 12 | G11: 0 | H11: 0 | I11: 1 | J11: 0 | K11: 0 | L11: 0 | M11: 53 | N11: 0 | O11: =SUM(C11:L11,N11) -> 93 | P11: =SUM(C11:N11) -> 146 | R11: 0800-0900 | S11: =SUM(C14:C17) -> 156 | T11: =SUM(D14:D17) -> 72 | U11: =SUM(E14:E17) -> 18 | V11: =SUM(F14:F17) -> 45 | W11: =SUM(G14:G17) -> 0 | X11: =SUM(H14:H17) -> 0 | Y11: =SUM(I14:I17) -> 23 | Z11: =SUM(J14:J17) -> 12 | ... AF11: =SUM(P14:P17) -> 536
B12: 07.30 - 07.45 | C12: 42 | D12: 24 | E12: 5 | F12: 17 | G12: 0 | H12: 0 | I12: 3 | J12: 2 | K12: 0 | L12: 0 | M12: 61 | N12: 0 | O12: =SUM(C12:L12,N12) -> 93 | P12: =SUM(C12:N12) -> 154 | R12: 0900-1000 | S12: =SUM(C18:C21) -> 136 | T12: =SUM(D18:D21) -> 57 | U12: =SUM(E18:E21) -> 25 | V12: =SUM(F18:F21) -> 43 | W12: =SUM(G18:G21) -> 1 | X12: =SUM(H18:H21) -> 0 | Y12: =SUM(I18:I21) -> 18 | Z12: =SUM(J18:J21) -> 11 | ... AF12: =SUM(P18:P21) -> 420
B13: 07.45 - 08.00 | C13: 36 | D13: 17 | E13: 5 | F13: 10 | G13: 0 | H13: 0 | I13: 9 | J13: 1 | K13: 1 | L13: 1 | M13: 34 | N13: 0 | O13: =SUM(C13:L13,N13) -> 80 | P13: =SUM(C13:N13) -> 114 | R13: 1000-1100 | S13: =SUM(C22:C25) -> 120 | T13: =SUM(D22:D25) -> 49 | U13: =SUM(E22:E25) -> 26 | V13: =SUM(F22:F25) -> 34 | W13: =SUM(G22:G25) -> 0 | X13: =SUM(H22:H25) -> 0 | Y13: =SUM(I22:I25) -> 31 | Z13: =SUM(J22:J25) -> 4 | ... AF13: =SUM(P22:P25) -> 378
B14: 08.00 - 08.15 | C14: 43 | D14: 17 | E14: 4 | F14: 12 | G14: 0 | H14: 0 | I14: 4 | J14: 8 | K14: 1 | L14: 1 | M14: 52 | N14: 0 | O14: =SUM(C14:L14,N14) -> 90 | P14: =SUM(C14:N14) -> 142 | R14: 1100-1200 | S14: =SUM(C26:C29) -> 96 | T14: =SUM(D26:D29) -> 44 | U14: =SUM(E26:E29) -> 18 | V14: =SUM(F26:F29) -> 26 | W14: =SUM(G26:G29) -> 0 | X14: =SUM(H26:H29) -> 0 | Y14: =SUM(I26:I29) -> 25 | Z14: =SUM(J26:J29) -> 8 | ... AF14: =SUM(P26:P29) -> 329
B15: 08.15 - 08.30 | C15: 46 | D15: 14 | E15: 5 | F15: 12 | G15: 0 | H15: 0 | I15: 6 | J15: 1 | K15: 1 | L15: 1 | M15: 57 | N15: 0 | O15: =SUM(C15:L15,N15) -> 86 | P15: =SUM(C15:N15) -> 143 | R15: 1200-1300 | S15: =SUM(C30:C33) -> 124 | T15: =SUM(D30:D33) -> 46 | U15: =SUM(E30:E33) -> 38 | V15: =SUM(F30:F33) -> 27 | W15: =SUM(G30:G33) -> 0 | X15: =SUM(H30:H33) -> 0 | Y15: =SUM(I30:I33) -> 23 | Z15: =SUM(J30:J33) -> 7 | ... AF15: =SUM(P30:P33) -> 345
B16: 08.30 - 08.45 | C16: 35 | D16: 24 | E16: 4 | F16: 12 | G16: 0 | H16: 0 | I16: 12 | J16: 2 | K16: 2 | L16: 0 | M16: 38 | N16: 0 | O16: =SUM(C16:L16,N16) -> 91 | P16: =SUM(C16:N16) -> 129 | R16: 1300-1400 | S16: =SUM(C34:C37) -> 103 | T16: =SUM(D34:D37) -> 41 | U16: =SUM(E34:E37) -> 20 | V16: =SUM(F34:F37) -> 31 | W16: =SUM(G34:G37) -> 1 | X16: =SUM(H34:H37) -> 13 | Y16: =SUM(I34:I37) -> 15 | Z16: =SUM(J34:J37) -> 10 | ... AF16: =SUM(P34:P37) -> 316
B17: 08.45 - 9.00 | C17: 32 | D17: 17 | E17: 5 | F17: 9 | G17: 0 | H17: 0 | I17: 1 | J17: 1 | K17: 0 | L17: 0 | M17: 57 | N17: 0 | O17: =SUM(C17:L17,N17) -> 65 | P17: =SUM(C17:N17) -> 122 | R17: 1400-1500 | S17: =SUM(C38:C41) -> 103 | T17: =SUM(D38:D41) -> 51 | U17: =SUM(E38:E41) -> 24 | V17: =SUM(F38:F41) -> 36 | W17: =SUM(G38:G41) -> 0 | X17: =SUM(H38:H41) -> 0 | Y17: =SUM(I38:I41) -> 15 | Z17: =SUM(J38:J41) -> 6 | ... AF17: =SUM(P38:P41) -> 326
B18: 09.00 - 09.15 | C18: 55 | D18: 21 | E18: 6 | F18: 12 | G18: 0 | H18: 0 | I18: 3 | J18: 1 | K18: 5 | L18: 0 | M18: 28 | N18: 0 | O18: =SUM(C18:L18,N18) -> 103 | P18: =SUM(C18:N18) -> 131 | R18: 1500-1600 | S18: =SUM(C42:C45) -> 132 | T18: =SUM(D42:D45) -> 57 | U18: =SUM(E42:E45) -> 18 | V18: =SUM(F42:F45) -> 47 | W18: =SUM(G42:G45) -> 0 | X18: =SUM(H42:H45) -> 0 | Y18: =SUM(I42:I45) -> 27 | Z18: =SUM(J42:J45) -> 4 | ... AF18: =SUM(P42:P45) -> 396
B19: 09.15 - 09.30 | C19: 34 | D19: 12 | E19: 11 | F19: 11 | G19: 1 | H19: 0 | I19: 5 | J19: 5 | K19: 1 | L19: 1 | M19: 31 | N19: 0 | O19: =SUM(C19:L19,N19) -> 81 | P19: =SUM(C19:N19) -> 112 | R19: 1600-1700 | S19: =SUM(C46:C49) -> 159 | T19: =SUM(D46:D49) -> 69 | U19: =SUM(E46:E49) -> 31 | V19: =SUM(F46:F49) -> 38 | W19: =SUM(G46:G49) -> 1 | X19: =SUM(H46:H49) -> 0 | Y19: =SUM(I46:I49) -> 21 | Z19: =SUM(J46:J49) -> 17 | ... AF19: =SUM(P46:P49) -> 459
B20: 09.30 - 09.45 | C20: 25 | D20: 9 | E20: 4 | F20: 12 | G20: 0 | H20: 0 | I20: 5 | J20: 1 | K20: 1 | L20: 0 | M20: 27 | N20: 0 | O20: =SUM(C20:L20,N20) -> 57 | P20: =SUM(C20:N20) -> 84 | R20: 1700-1800 | S20: =SUM(C50:C53) -> 149 | T20: =SUM(D50:D53) -> 66 | U20: =SUM(E50:E53) -> 27 | V20: =SUM(F50:F53) -> 35 | W20: =SUM(G50:G53) -> 4 | X20: =SUM(H50:H53) -> 12 | Y20: =SUM(I50:I53) -> 33 | Z20: =SUM(J50:J53) -> 7 | ... AF20: =SUM(P50:P53) -> 451
B21: 09.45 - 10.00 | C21: 22 | D21: 15 | E21: 4 | F21: 8 | G21: 0 | H21: 0 | I21: 5 | J21: 4 | K21: 0 | L21: 0 | M21: 35 | N21: 0 | O21: =SUM(C21:L21,N21) -> 58 | P21: =SUM(C21:N21) -> 93 | R21: 1800-1900 | S21: =SUM(C54:C57) -> 98 | T21: =SUM(D54:D57) -> 46 | U21: =SUM(E54:E57) -> 35 | V21: =SUM(F54:F57) -> 29 | W21: =SUM(G54:G57) -> 1 | X21: =SUM(H54:H57) -> 9 | Y21: =SUM(I54:I57) -> 15 | Z21: =SUM(J54:J57) -> 16 | ... AF21: =SUM(P54:P57) -> 383
B22: 10.00 - 10.15 | C22: 23 | D22: 14 | E22: 6 | F22: 8 | G22: 0 | H22: 0 | I22: 11 | J22: 1 | K22: 1 | L22: 0 | M22: 27 | N22: 0 | O22: =SUM(C22:L22,N22) -> 64 | P22: =SUM(C22:N22) -> 91 | R22: AM Peak Hr | S22: =MAX(S10:S12) -> 167 | T22: =MAX(T10:T12) -> 73 | U22: =MAX(U10:U12) -> 25 | V22: =MAX(V10:V12) -> 49 | W22: =MAX(W10:W12) -> 1 | X22: =MAX(X10:X12) -> 0 | Y22: =MAX(Y10:Y12) -> 23 | Z22: =MAX(Z10:Z12) -> 12 | ... AF22: =MAX(AF10:AF12) -> 536
B23: 10.15 - 10.30 | C23: 31 | D23: 10 | E23: 9 | F23: 9 | G23: 0 | H23: 0 | I23: 5 | J23: 1 | K23: 0 | L23: 0 | M23: 31 | N23: 0 | O23: =SUM(C23:L23,N23) -> 65 | P23: =SUM(C23:N23) -> 96 | R23: IP Peak Hr | S23: =MAX(S13:S18) -> 132 | T23: =MAX(T13:T18) -> 57 | U23: =MAX(U13:U18) -> 38 | V23: =MAX(V13:V18) -> 47 | W23: =MAX(W13:W18) -> 1 | X23: =MAX(X13:X18) -> 13 | Y23: =MAX(Y13:Y18) -> 31 | Z23: =MAX(Z13:Z18) -> 10 | ... AF23: =MAX(AF13:AF18) -> 396
B24: 10.30 - 10.45 | C24: 39 | D24: 12 | E24: 6 | F24: 7 | G24: 0 | H24: 0 | I24: 5 | J24: 0 | K24: 0 | L24: 0 | M24: 35 | N24: 0 | O24: =SUM(C24:L24,N24) -> 69 | P24: =SUM(C24:N24) -> 104 | R24: PM Peak Hr | S24: =MAX(S19:S21) -> 159 | T24: =MAX(T19:T21) -> 69 | U24: =MAX(U19:U21) -> 35 | V24: =MAX(V19:V21) -> 38 | W24: =MAX(W19:W21) -> 4 | X24: =MAX(X19:X21) -> 12 | Y24: =MAX(Y19:Y21) -> 33 | Z24: =MAX(Z19:Z21) -> 17 | ... AF24: =MAX(AF19:AF21) -> 459
B25: 10.45 - 11.00 | C25: 27 | D25: 13 | E25: 5 | F25: 10 | G25: 0 | H25: 0 | I25: 10 | J25: 2 | K25: 0 | L25: 0 | M25: 20 | N25: 0 | O25: =SUM(C25:L25,N25) -> 67 | P25: =SUM(C25:N25) -> 87 | R25: AM Period | S25: =SUM(S10:S12) -> 459 | T25: =SUM(T10:T12) -> 202 | U25: =SUM(U10:U12) -> 61 | V25: =SUM(V10:V12) -> 137 | W25: =SUM(W10:W12) -> 1 | X25: =SUM(X10:X12) -> 0 | Y25: =SUM(Y10:Y12) -> 56 | Z25: =SUM(Z10:Z12) -> 26 | ... AF25: =SUM(AF10:AF12) -> 1465
B26: 11.00 - 11.15 | C26: 20 | D26: 12 | E26: 4 | F26: 6 | G26: 0 | H26: 0 | I26: 4 | J26: 2 | K26: 1 | L26: 0 | M26: 27 | N26: 0 | O26: =SUM(C26:L26,N26) -> 49 | P26: =SUM(C26:N26) -> 76 | R26: IP Period | S26: =SUM(S13:S18) -> 678 | T26: =SUM(T13:T18) -> 288 | U26: =SUM(U13:U18) -> 144 | V26: =SUM(V13:V18) -> 201 | W26: =SUM(W13:W18) -> 1 | X26: =SUM(X13:X18) -> 13 | Y26: =SUM(Y13:Y18) -> 136 | Z26: =SUM(Z13:Z18) -> 39 | ... AF26: =SUM(AF13:AF18) -> 2090
B27: 11.15 - 11.30 | C27: 32 | D27: 13 | E27: 4 | F27: 10 | G27: 0 | H27: 0 | I27: 5 | J27: 4 | K27: 2 | L27: 0 | M27: 28 | N27: 0 | O27: =SUM(C27:L27,N27) -> 70 | P27: =SUM(C27:N27) -> 98 | R27: PM Period | S27: =SUM(S19:S21) -> 406 | T27: =SUM(T19:T21) -> 181 | U27: =SUM(U19:U21) -> 93 | V27: =SUM(V19:V21) -> 102 | W27: =SUM(W19:W21) -> 6 | X27: =SUM(X19:X21) -> 21 | Y27: =SUM(Y19:Y21) -> 69 | Z27: =SUM(Z19:Z21) -> 40 | ... AF27: =SUM(AF19:AF21) -> 1293
B28: 11.30 - 11.45 | C28: 22 | D28: 6 | E28: 5 | F28: 10 | G28: 0 | H28: 0 | I28: 8 | J28: 0 | K28: 0 | L28: 0 | M28: 17 | N28: 0 | O28: =SUM(C28:L28,N28) -> 51 | P28: =SUM(C28:N28) -> 68 | R28: 12 Hours | S28: =SUM(S10:S21) -> 1543 | T28: =SUM(T10:T21) -> 671 | U28: =SUM(U10:U21) -> 298 | V28: =SUM(V10:V21) -> 440 | W28: =SUM(W10:W21) -> 8 | X28: =SUM(X10:X21) -> 34 | Y28: =SUM(Y10:Y21) -> 261 | Z28: =SUM(Z10:Z21) -> 105 | ... AF28: =SUM(AF10:AF21) -> 4848
B29: 11.45 - 12.00 | C29: 22 | D29: 13 | E29: 5 | F29: 0 | G29: 0 | H29: 0 | I29: 8 | J29: 2 | K29: 4 | L29: 1 | M29: 32 | N29: 0 | O29: =SUM(C29:L29,N29) -> 55 | P29: =SUM(C29:N29) -> 87
B30: 12.00 - 12.15 | C30: 31 | D30: 18 | E30: 2 | F30: 8 | G30: 0 | H30: 0 | I30: 4 | J30: 2 | K30: 2 | L30: 0 | M30: 20 | N30: 0 | O30: =SUM(C30:L30,N30) -> 67 | P30: =SUM(C30:N30) -> 87
B31: 12.15 - 12.30 | C31: 34 | D31: 11 | E31: 15 | F31: 7 | G31: 0 | H31: 0 | I31: 6 | J31: 0 | K31: 1 | L31: 0 | M31: 21 | N31: 0 | O31: =SUM(C31:L31,N31) -> 74 | P31: =SUM(C31:N31) -> 95
B32: 12.30 - 12.45 | C32: 25 | D32: 4 | E32: 12 | F32: 5 | G32: 0 | H32: 0 | I32: 9 | J32: 2 | K32: 1 | L32: 2 | M32: 17 | N32: 0 | O32: =SUM(C32:L32,N32) -> 60 | P32: =SUM(C32:N32) -> 77
B33: 12.45 - 13.00 | C33: 34 | D33: 13 | E33: 9 | F33: 7 | G33: 0 | H33: 0 | I33: 4 | J33: 3 | K33: 1 | L33: 0 | M33: 15 | N33: 0 | O33: =SUM(C33:L33,N33) -> 71 | P33: =SUM(C33:N33) -> 86
B34: 13.00 - 13.15 | C34: 30 | D34: 9 | E34: 0 | F34: 13 | G34: 0 | H34: 0 | I34: 7 | J34: 1 | K34: 0 | L34: 0 | M34: 19 | N34: 0 | O34: =SUM(C34:L34,N34) -> 60 | P34: =SUM(C34:N34) -> 79
B35: 13.15 - 13.30 | C35: 27 | D35: 7 | E35: 4 | F35: 9 | G35: 1 | H35: 7 | I35: 0 | J35: 4 | K35: 3 | L35: 0 | M35: 17 | N35: 0 | O35: =SUM(C35:L35,N35) -> 62 | P35: =SUM(C35:N35) -> 79
B36: 13.30 - 13.45 | C36: 21 | D36: 17 | E36: 7 | F36: 9 | G36: 0 | H36: 0 | I36: 5 | J36: 2 | K36: 1 | L36: 0 | M36: 21 | N36: 0 | O36: =SUM(C36:L36,N36) -> 62 | P36: =SUM(C36:N36) -> 83
B37: 13.45 - 14.00 | C37: 25 | D37: 8 | E37: 9 | F37: 0 | G37: 0 | H37: 6 | I37: 3 | J37: 3 | K37: 0 | L37: 0 | M37: 21 | N37: 0 | O37: =SUM(C37:L37,N37) -> 54 | P37: =SUM(C37:N37) -> 75
B38: 14.00 - 14.15 | C38: 20 | D38: 13 | E38: 4 | F38: 7 | G38: 0 | H38: 0 | I38: 4 | J38: 1 | K38: 1 | L38: 1 | M38: 17 | N38: 0 | O38: =SUM(C38:L38,N38) -> 51 | P38: =SUM(C38:N38) -> 68
B39: 14.15 - 14.30 | C39: 31 | D39: 16 | E39: 12 | F39: 13 | G39: 0 | H39: 0 | I39: 3 | J39: 4 | K39: 0 | L39: 0 | M39: 15 | N39: 0 | O39: =SUM(C39:L39,N39) -> 79 | P39: =SUM(C39:N39) -> 94
B40: 14.30 - 14.45 | C40: 28 | D40: 7 | E40: 1 | F40: 8 | G40: 0 | H40: 0 | I40: 3 | J40: 0 | K40: 1 | L40: 0 | M40: 21 | N40: 0 | O40: =SUM(C40:L40,N40) -> 48 | P40: =SUM(C40:N40) -> 69
... B57: 18.45 - 19.00 | C57: 27 | D57: 16 | E57: 6 | F57: 15 | G57: 1 | H57: 0 | I57: 0 | J57: 6 | K57: 1 | L57: 0 | M57: 32 | N57: 0 | O57: =SUM(C57:L57,N57) -> 72 | P57: =SUM(C57:N57) -> 104
B58: Totals | C58: =SUM(C10:C57) -> 1543 | D58: =SUM(D10:D57) -> 671 | E58: =SUM(E10:E57) -> 298 | F58: =SUM(F10:F57) -> 440 | G58: =SUM(G10:G57) -> 8 | H58: =SUM(H10:H57) -> 34 | I58: =SUM(I10:I57) -> 261 | J58: =SUM(J10:J57) -> 105 | ... P58: =SUM(P10:P57) -> 4848
B59: %ges + MCs | C59: =C58/$P$58 -> 0.31827558 | D59: =D58/$P$58 -> 0.13840759 | E59: =E58/$P$58 -> 0.061468647 | F59: =F58/$P$58 -> 0.090759076 | G59: =G58/$P$58 -> 0.001650165 | H59: =H58/$P$58 -> 0.0070132013 | I59: =I58/$P$58 -> 0.053836634 | J59: =J58/$P$58 -> 0.021658416 | ... N59: =N58/$P$58 -> 0
B60: %ges w/o MCs | C60: =C58/$O$58 -> 0.44972311 | D60: =D58/$O$58 -> 0.1955698 | E60: =E58/$O$58 -> 0.086855144 | F60: =F58/$O$58 -> 0.12824249 | G60: =G58/$O$58 -> 0.0023316817 | H60: =H58/$O$58 -> 0.0099096473 | I60: =I58/$O$58 -> 0.076071116 | J60: =J58/$O$58 -> 0.030603323 | ... L60: =L58/$O$58 -> 0.0052462839 | N60: =N58/$O$58 -> 0

Sheet 25.09 Namugongo-Sonde
B1: Consultancy services for Preparation of Expressway Development Master Plan (EDMP) for Uganda
B2: MANUAL CLASSIFIED COUNT (MCC)
B3: ROAD NAME: | C3: ='23.09 Namugongo-Sonde'!C3:G3 -> MCC-C2-STNO 73
C5: Date | D5: ='25.09 Sonde-Namugongo'!D5 -> 25.09.19 | F5: Location | G5: ='23.09 Sonde-Namugongo'!G5:H5 -> Bukasa | J5: Surveyor | K5: ='23.09 Sonde-Namugongo'!K5:L5 -> Kalebo Mark
C6: Dir. From | D6: ='23.09 Namugongo-Sonde'!D6:E6 -> NAMUGONGO | F6: Dir. To | G6: ='23.09 Namugongo-Sonde'!G6:H6 -> SSONDE | J6: Supervisor | K6: ='23.09 Sonde-Namugongo'!K6:L6 -> Tracy
B8: Time / Veh Type | R8: SUMMARY TRAFFIC VOLUMES
C9: 1. Car | D9: 2. Station Wagon | E9: 3. Pickups | F9: 4. Minibus, matatu | G9: 5. Medium bus | H9: 6. Large Bus | I9: 7. Light Truck | J9: 8. Medium Truck | K9: 9. Heavy truck | L9: 10. Truck Trailer | M9: 11. Motor cycles | N9: 12. Tractors | O9: Total Excl M/Cycles | P9: Total All | R9: Time | S9: 1. Car | T9: 2. Station Wagon | U9: 3. Pickups | V9: 4. Minibus, matatu | W9: 5. Medium bus | X9: 6. Large Bus | Y9: 7. Light Truck | Z9: 8. Medium Truck | AA9: 9. Heavy truck | AB9: 10. Truck Trailer | AC9: 11. Motorcycles | AD9: 12. Tractors, Graders | AE9: Total Excl M/ Cycles | AF9: Total All
B10: 07.00 - 07.15 | C10: 18 | D10: 15 | E10: 7 | F10: 7 | G10: 0 | H10: 0 | I10: 0 | J10: 5 | K10: 0 | L10: 0 | M10: 32 | N10: 0 | O10: =SUM(C10:L10,N10) -> 52 | P10: =SUM(C10:N10) -> 84 | R10: 0700-0800 | S10: =SUM(C10:C13) -> 98 | T10: =SUM(D10:D13) -> 72 | U10: =SUM(E10:E13) -> 27 | V10: =SUM(F10:F13) -> 41 | W10: =SUM(G10:G13) -> 0 | X10: =SUM(H10:H13) -> 0 | Y10: =SUM(I10:I13) -> 12 | Z10: =SUM(J10:J13) -> 7 | ... AF10: =SUM(P10:P13) -> 375
B11: 07.15 - 07.30 | C11: 28 | D11: 10 | E11: 7 | F11: 10 | G11: 0 | H11: 0 | I11: 5 | J11: 0 | K11: 0 | L11: 0 | M11: 18 | N11: 0 | O11: =SUM(C11:L11,N11) -> 60 | P11: =SUM(C11:N11) -> 78 | R11: 0800-0900 | S11: =SUM(C14:C17) -> 104 | T11: =SUM(D14:D17) -> 77 | U11: =SUM(E14:E17) -> 31 | V11: =SUM(F14:F17) -> 59 | W11: =SUM(G14:G17) -> 0 | X11: =SUM(H14:H17) -> 1 | Y11: =SUM(I14:I17) -> 35 | Z11: =SUM(J14:J17) -> 5 | ... AF11: =SUM(P14:P17) -> 462
B12: 07.30 - 07.45 | C12: 27 | D12: 22 | E12: 9 | F12: 13 | G12: 0 | H12: 0 | I12: 3 | J12: 1 | K12: 0 | L12: 0 | M12: 35 | N12: 1 | O12: =SUM(C12:L12,N12) -> 76 | P12: =SUM(C12:N12) -> 111 | R12: 0900-1000 | S12: =SUM(C18:C21) -> 107 | T12: =SUM(D18:D21) -> 69 | U12: =SUM(E18:E21) -> 34 | V12: =SUM(F18:F21) -> 45 | W12: =SUM(G18:G21) -> 1 | X12: =SUM(H18:H21) -> 0 | Y12: =SUM(I18:I21) -> 31 | Z12: =SUM(J18:J21) -> 13 | ... AF12: =SUM(P18:P21) -> 434
B13: 07.45 - 08.00 | C13: 25 | D13: 25 | E13: 4 | F13: 11 | G13: 0 | H13: 0 | I13: 4 | J13: 1 | K13: 0 | L13: 0 | M13: 32 | N13: 0 | O13: =SUM(C13:L13,N13) -> 70 | P13: =SUM(C13:N13) -> 102 | R13: 1000-1100 | S13: =SUM(C22:C25) -> 100 | T13: =SUM(D22:D25) -> 65 | U13: =SUM(E22:E25) -> 37 | V13: =SUM(F22:F25) -> 46 | W13: =SUM(G22:G25) -> 5 | X13: =SUM(H22:H25) -> 0 | Y13: =SUM(I22:I25) -> 24 | Z13: =SUM(J22:J25) -> 16 | ... AF13: =SUM(P22:P25) -> 434
B14: 08.00 - 08.15 | C14: 21 | D14: 19 | E14: 5 | F14: 14 | G14: 0 | H14: 0 | I14: 10 | J14: 1 | K14: 0 | L14: 0 | M14: 24 | N14: 0 | O14: =SUM(C14:L14,N14) -> 70 | P14: =SUM(C14:N14) -> 94 | R14: 1100-1200 | S14: =SUM(C26:C29) -> 93 | T14: =SUM(D26:D29) -> 57 | U14: =SUM(E26:E29) -> 35 | V14: =SUM(F26:F29) -> 44 | W14: =SUM(G26:G29) -> 2 | X14: =SUM(H26:H29) -> 0 | Y14: =SUM(I26:I29) -> 33 | Z14: =SUM(J26:J29) -> 16 | ... AF14: =SUM(P26:P29) -> 417
B15: 08.15 - 08.30 | C15: 26 | D15: 16 | E15: 11 | F15: 13 | G15: 0 | H15: 0 | I15: 8 | J15: 1 | K15: 0 | L15: 1 | M15: 39 | N15: 0 | O15: =SUM(C15:L15,N15) -> 76 | P15: =SUM(C15:N15) -> 115 | R15: 1200-1300 | S15: =SUM(C30:C33) -> 84 | T15: =SUM(D30:D33) -> 87 | U15: =SUM(E30:E33) -> 30 | V15: =SUM(F30:F33) -> 47 | W15: =SUM(G30:G33) -> 1 | X15: =SUM(H30:H33) -> 0 | Y15: =SUM(I30:I33) -> 33 | Z15: =SUM(J30:J33) -> 23 | ... AF15: =SUM(P30:P33) -> 454
B16: 08.30 - 08.45 | C16: 26 | D16: 12 | E16: 7 | F16: 13 | G16: 0 | H16: 0 | I16: 9 | J16: 1 | K16: 0 | L16: 0 | M16: 41 | N16: 0 | O16: =SUM(C16:L16,N16) -> 68 | P16: =SUM(C16:N16) -> 109 | R16: 1300-1400 | S16: =SUM(C34:C37) -> 58 | T16: =SUM(D34:D37) -> 64 | U16: =SUM(E34:E37) -> 18 | V16: =SUM(F34:F37) -> 48 | W16: =SUM(G34:G37) -> 1 | X16: =SUM(H34:H37) -> 0 | Y16: =SUM(I34:I37) -> 38 | Z16: =SUM(J34:J37) -> 11 | ... AF16: =SUM(P34:P37) -> 373
B17: 08.45 - 9.00 | C17: 31 | D17: 30 | E17: 8 | F17: 19 | G17: 0 | H17: 1 | I17: 8 | J17: 2 | K17: 1 | L17: 0 | M17: 44 | N17: 0 | O17: =SUM(C17:L17,N17) -> 100 | P17: =SUM(C17:N17) -> 144 | R17: 1400-1500 | S17: =SUM(C38:C41) -> 93 | T17: =SUM(D38:D41) -> 158 | U17: =SUM(E38:E41) -> 30 | V17: =SUM(F38:F41) -> 45 | W17: =SUM(G38:G41) -> 1 | X17: =SUM(H38:H41) -> 0 | Y17: =SUM(I38:I41) -> 29 | Z17: =SUM(J38:J41) -> 23 | ... AF17: =SUM(P38:P41) -> 495
B18: 09.00 - 09.15 | C18: 33 | D18: 15 | E18: 10 | F18: 14 | G18: 0 | H18: 0 | I18: 10 | J18: 2 | K18: 0 | L18: 0 | M18: 38 | N18: 0 | O18: =SUM(C18:L18,N18) -> 84 | P18: =SUM(C18:N18) -> 122 | R18: 1500-1600 | S18: =SUM(C42:C45) -> 106 | T18: =SUM(D42:D45) -> 101 | U18: =SUM(E42:E45) -> 31 | V18: =SUM(F42:F45) -> 49 | W18: =SUM(G42:G45) -> 0 | X18: =SUM(H42:H45) -> 0 | Y18: =SUM(I42:I45) -> 20 | Z18: =SUM(J42:J45) -> 16 | ... AF18: =SUM(P42:P45) -> 459
B19: 09.15 - 09.30 | C19: 21 | D19: 16 | E19: 8 | F19: 11 | G19: 0 | H19: 0 | I19: 11 | J19: 1 | K19: 0 | L19: 0 | M19: 33 | N19: 0 | O19: =SUM(C19:L19,N19) -> 68 | P19: =SUM(C19:N19) -> 101 | R19: 1600-1700 | S19: =SUM(C46:C49) -> 124 | T19: =SUM(D46:D49) -> 90 | U19: =SUM(E46:E49) -> 35 | V19: =SUM(F46:F49) -> 47 | W19: =SUM(G46:G49) -> 1 | X19: =SUM(H46:H49) -> 0 | Y19: =SUM(I46:I49) -> 19 | Z19: =SUM(J46:J49) -> 20 | ... AF19: =SUM(P46:P49) -> 477
B20: 09.30 - 09.45 | C20: 25 | D20: 17 | E20: 7 | F20: 9 | G20: 0 | H20: 0 | I20: 0 | J20: 6 | K20: 3 | L20: 0 | M20: 30 | N20: 0 | O20: =SUM(C20:L20,N20) -> 67 | P20: =SUM(C20:N20) -> 97 | R20: 1700-1800 | S20: =SUM(C50:C53) -> 171 | T20: =SUM(D50:D53) -> 109 | U20: =SUM(E50:E53) -> 27 | V20: =SUM(F50:F53) -> 49 | W20: =SUM(G50:G53) -> 2 | X20: =SUM(H50:H53) -> 0 | Y20: =SUM(I50:I53) -> 17 | Z20: =SUM(J50:J53) -> 10 | ... AF20: =SUM(P50:P53) -> 559
B21: 09.45 - 10.00 | C21: 28 | D21: 21 | E21: 9 | F21: 11 | G21: 1 | H21: 0 | I21: 10 | J21: 4 | K21: 0 | L21: 0 | M21: 30 | N21: 0 | O21: =SUM(C21:L21,N21) -> 84 | P21: =SUM(C21:N21) -> 114 | R21: 1800-1900 | S21: =SUM(C54:C57) -> 172 | T21: =SUM(D54:D57) -> 126 | U21: =SUM(E54:E57) -> 34 | V21: =SUM(F54:F57) -> 46 | W21: =SUM(G54:G57) -> 0 | X21: =SUM(H54:H57) -> 0 | Y21: =SUM(I54:I57) -> 23 | Z21: =SUM(J54:J57) -> 9 | ... AF21: =SUM(P54:P57) -> 615
B22: 10.00 - 10.15 | C22: 23 | D22: 17 | E22: 6 | F22: 9 | G22: 2 | H22: 0 | I22: 8 | J22: 5 | K22: 0 | L22: 0 | M22: 37 | N22: 0 | O22: =SUM(C22:L22,N22) -> 70 | P22: =SUM(C22:N22) -> 107 | R22: AM Peak Hr | S22: =MAX(S10:S12) -> 107 | T22: =MAX(T10:T12) -> 77 | U22: =MAX(U10:U12) -> 34 | V22: =MAX(V10:V12) -> 59 | W22: =MAX(W10:W12) -> 1 | X22: =MAX(X10:X12) -> 1 | Y22: =MAX(Y10:Y12) -> 35 | Z22: =MAX(Z10:Z12) -> 13 | ... AF22: =MAX(AF10:AF12) -> 462
B23: 10.15 - 10.30 | C23: 36 | D23: 21 | E23: 12 | F23: 14 | G23: 0 | H23: 0 | I23: 4 | J23: 5 | K23: 0 | L23: 2 | M23: 36 | N23: 0 | O23: =SUM(C23:L23,N23) -> 94 | P23: =SUM(C23:N23) -> 130 | R23: IP Peak Hr | S23: =MAX(S13:S18) -> 106 | T23: =MAX(T13:T18) -> 158 | U23: =MAX(U13:U18) -> 37 | V23: =MAX(V13:V18) -> 49 | W23: =MAX(W13:W18) -> 5 | X23: =MAX(X13:X18) -> 0 | Y23: =MAX(Y13:Y18) -> 38 | Z23: =MAX(Z13:Z18) -> 23 | ... AF23: =MAX(AF13:AF18) -> 495
B24: 10.30 - 10.45 | C24: 24 | D24: 11 | E24: 9 | F24: 11 | G24: 3 | H24: 0 | I24: 3 | J24: 3 | K24: 0 | L24: 1 | M24: 39 | N24: 0 | O24: =SUM(C24:L24,N24) -> 65 | P24: =SUM(C24:N24) -> 104 | R24: PM Peak Hr | S24: =MAX(S19:S21) -> 172 | T24: =MAX(T19:T21) -> 126 | U24: =MAX(U19:U21) -> 35 | V24: =MAX(V19:V21) -> 49 | W24: =MAX(W19:W21) -> 2 | X24: =MAX(X19:X21) -> 0 | Y24: =MAX(Y19:Y21) -> 23 | Z24: =MAX(Z19:Z21) -> 20 | ... AF24: =MAX(AF19:AF21) -> 615
B25: 10.45 - 11.00 | C25: 17 | D25: 16 | E25: 10 | F25: 12 | G25: 0 | H25: 0 | I25: 9 | J25: 3 | K25: 0 | L25: 1 | M25: 25 | N25: 0 | O25: =SUM(C25:L25,N25) -> 68 | P25: =SUM(C25:N25) -> 93 | R25: AM Period | S25: =SUM(S10:S12) -> 309 | T25: =SUM(T10:T12) -> 218 | U25: =SUM(U10:U12) -> 92 | V25: =SUM(V10:V12) -> 145 | W25: =SUM(W10:W12) -> 1 | X25: =SUM(X10:X12) -> 1 | Y25: =SUM(Y10:Y12) -> 78 | Z25: =SUM(Z10:Z12) -> 25 | ... AF25: =SUM(AF10:AF12) -> 1271
B26: 11.00 - 11.15 | C26: 18 | D26: 17 | E26: 12 | F26: 11 | G26: 0 | H26: 0 | I26: 8 | J26: 3 | K26: 0 | L26: 2 | M26: 36 | N26: 0 | O26: =SUM(C26:L26,N26) -> 71 | P26: =SUM(C26:N26) -> 107 | R26: IP Period | S26: =SUM(S13:S18) -> 534 | T26: =SUM(T13:T18) -> 532 | U26: =SUM(U13:U18) -> 181 | V26: =SUM(V13:V18) -> 279 | W26: =SUM(W13:W18) -> 10 | X26: =SUM(X13:X18) -> 0 | Y26: =SUM(Y13:Y18) -> 177 | Z26: =SUM(Z13:Z18) -> 105 | ... AF26: =SUM(AF13:AF18) -> 2632
B27: 11.15 - 11.30 | C27: 26 | D27: 14 | E27: 8 | F27: 9 | G27: 0 | H27: 0 | I27: 8 | J27: 8 | K27: 1 | L27: 1 | M27: 35 | N27: 0 | O27: =SUM(C27:L27,N27) -> 75 | P27: =SUM(C27:N27) -> 110 | R27: PM Period | S27: =SUM(S19:S21) -> 467 | T27: =SUM(T19:T21) -> 325 | U27: =SUM(U19:U21) -> 96 | V27: =SUM(V19:V21) -> 142 | W27: =SUM(W19:W21) -> 3 | X27: =SUM(X19:X21) -> 0 | Y27: =SUM(Y19:Y21) -> 59 | Z27: =SUM(Z19:Z21) -> 39 | ... AF27: =SUM(AF19:AF21) -> 1651
B28: 11.30 - 11.45 | C28: 30 | D28: 13 | E28: 13 | F28: 12 | G28: 1 | H28: 0 | I28: 9 | J28: 3 | K28: 0 | L28: 0 | M28: 34 | N28: 0 | O28: =SUM(C28:L28,N28) -> 81 | P28: =SUM(C28:N28) -> 115 | R28: 12 Hours | S28: =SUM(S10:S21) -> 1310 | T28: =SUM(T10:T21) -> 1075 | U28: =SUM(U10:U21) -> 369 | V28: =SUM(V10:V21) -> 566 | W28: =SUM(W10:W21) -> 14 | X28: =SUM(X10:X21) -> 1 | Y28: =SUM(Y10:Y21) -> 314 | Z28: =SUM(Z10:Z21) -> 169 | ... AF28: =SUM(AF10:AF21) -> 5554
B29: 11.45 - 12.00 | C29: 19 | D29: 13 | E29: 2 | F29: 12 | G29: 1 | H29: 0 | I29: 8 | J29: 2 | K29: 0 | L29: 0 | M29: 28 | N29: 0 | O29: =SUM(C29:L29,N29) -> 57 | P29: =SUM(C29:N29) -> 85
B30: 12.00 - 12.15 | C30: 23 | D30: 21 | E30: 5 | F30: 7 | G30: 0 | H30: 0 | I30: 11 | J30: 4 | K30: 0 | L30: 1 | M30: 32 | N30: 0 | O30: =SUM(C30:L30,N30) -> 72 | P30: =SUM(C30:N30) -> 104
B31: 12.15 - 12.30 | C31: 17 | D31: 28 | E31: 4 | F31: 17 | G31: 0 | H31: 0 | I31: 10 | J31: 7 | K31: 0 | L31: 3 | M31: 33 | N31: 0 | O31: =SUM(C31:L31,N31) -> 86 | P31: =SUM(C31:N31) -> 119
B32: 12.30 - 12.45 | C32: 21 | D32: 20 | E32: 8 | F32: 14 | G32: 1 | H32: 0 | I32: 4 | J32: 4 | K32: 1 | L32: 1 | M32: 42 | N32: 0 | O32: =SUM(C32:L32,N32) -> 74 | P32: =SUM(C32:N32) -> 116
B33: 12.45 - 13.00 | C33: 23 | D33: 18 | E33: 13 | F33: 9 | G33: 0 | H33: 0 | I33: 8 | J33: 8 | K33: 0 | L33: 1 | M33: 35 | N33: 0 | O33: =SUM(C33:L33,N33) -> 80 | P33: =SUM(C33:N33) -> 115
B34: 13.00 - 13.15 | C34: 15 | D34: 18 | E34: 4 | F34: 9 | G34: 0 | H34: 0 | I34: 9 | J34: 4 | K34: 0 | L34: 0 | M34: 31 | N34: 0 | O34: =SUM(C34:L34,N34) -> 59 | P34: =SUM(C34:N34) -> 90
B35: 13.15 - 13.30 | C35: 12 | D35: 16 | E35: 5 | F35: 9 | G35: 1 | H35: 0 | I35: 9 | J35: 1 | K35: 0 | L35: 2 | M35: 34 | N35: 0 | O35: =SUM(C35:L35,N35) -> 55 | P35: =SUM(C35:N35) -> 89
B36: 13.30 - 13.45 | C36: 16 | D36: 14 | E36: 5 | F36: 20 | G36: 0 | H36: 0 | I36: 9 | J36: 3 | K36: 0 | L36: 0 | M36: 33 | N36: 0 | O36: =SUM(C36:L36,N36) -> 67 | P36: =SUM(C36:N36) -> 100
B37: 13.45 - 14.00 | C37: 15 | D37: 16 | E37: 4 | F37: 10 | G37: 0 | H37: 0 | I37: 11 | J37: 3 | K37: 1 | L37: 1 | M37: 33 | N37: 0 | O37: =SUM(C37:L37,N37) -> 61 | P37: =SUM(C37:N37) -> 94
B38: 14.00 - 14.15 | C38: 20 | D38: 113 | E38: 6 | F38: 6 | G38: 0 | H38: 0 | I38: 4 | J38: 9 | K38: 0 | L38: 0 | M38: 33 | N38: 0 | O38: =SUM(C38:L38,N38) -> 158 | P38: =SUM(C38:N38) -> 191
B39: 14.15 - 14.30 | C39: 26 | D39: 18 | E39: 9 | F39: 12 | G39: 0 | H39: 0 | I39: 7 | J39: 5 | K39: 0 | L39: 1 | M39: 26 | N39: 0 | O39: =SUM(C39:L39,N39) -> 78 | P39: =SUM(C39:N39) -> 104
B40: 14.30 - 14.45 | C40: 21 | D40: 17 | E40: 11 | F40: 20 | G40: 0 | H40: 0 | I40: 8 | J40: 5 | K40: 0 | L40: 1 | M40: 29 | N40: 0 | O40: =SUM(C40:L40,N40) -> 83 | P40: =SUM(C40:N40) -> 112
... B57: 18.45 - 19.00 | C57: 40 | D57: 38 | E57: 7 | F57: 6 | G57: 0 | H57: 0 | I57: 6 | J57: 2 | K57: 0 | L57: 0 | M57: 51 | N57: 0 | O57: =SUM(C57:L57,N57) -> 99 | P57: =SUM(C57:N57) -> 150
B58: Totals | C58: =SUM(C10:C57) -> 1310 | D58: =SUM(D10:D57) -> 1075 | E58: =SUM(E10:E57) -> 369 | F58: =SUM(F10:F57) -> 566 | G58: =SUM(G10:G57) -> 14 | H58: =SUM(H10:H57) -> 1 | I58: =SUM(I10:I57) -> 314 | J58: =SUM(J10:J57) -> 169 | ... P58: =SUM(P10:P57) -> 5554
B59: %ges + MCs | C59: =C58/$P$58 -> 0.23586604 | D59: =D58/$P$58 -> 0.1935542 | E59: =E58/$P$58 -> 0.066438603 | F59: =F58/$P$58 -> 0.10190853 | G59: =G58/$P$58 -> 0.0025207058 | H59: =H58/$P$58 -> 0.00018005041 | I59: =I58/$P$58 -> 0.05653583 | J59: =J58/$P$58 -> 0.03042852 | ... N59: =N58/$P$58 -> 0.00018005041
B60: %ges w/o MCs | C60: =C58/$O$58 -> 0.33929034 | D60: =D58/$O$58 -> 0.27842528 | E60: =E58/$O$58 -> 0.095571096 | F60: =F58/$O$58 -> 0.14659415 | G60: =G58/$O$58 -> 0.0036260036 | H60: =H58/$O$58 -> 0.00025900026 | I60: =I58/$O$58 -> 0.081326081 | J60: =J58/$O$58 -> 0.043771044 | ... L60: =L58/$O$58 -> 0.0082880083 | N60: =N58/$O$58 -> 0.00025900026

Sheet 26.09.19 Sonde-Namugongo-24h
B1: Consultancy services for Preparation of Expressway Development Master Plan (EDMP) for Uganda
B2: MANUAL CLASSIFIED COUNT (MCC)
B3: ROAD NAME: | C3: ='23.09 Sonde-Namugongo'!C3:G3 -> MCC-C2-STNO 73
C5: Date | D5: 26.07.19 | F5: Location | G5: ='29.09 Namugongo-Sonde'!G5:H5 -> SONDE RD | J5: Surveyor | K5: ='29.09 Namugongo-Sonde'!K5:L5 -> Nsimire Joan
C6: Dir. From | D6: ='23.09 Sonde-Namugongo'!D6:E6 -> SSONDE | F6: Dir. To | G6: ='23.09 Sonde-Namugongo'!G6:H6 -> NAMUGONGO | J6: Supervisor | K6: ='29.09 Namugongo-Sonde'!K6:L6 -> Tracy
B8: Time / Veh Type | R8: SUMMARY TRAFFIC VOLUMES
C9: 1. Car | D9: 2. Station Wagon | E9: 3. Pickups | F9: 4. Minibus, matatu | G9: 5. Medium bus | H9: 6. Large Bus | I9: 7. Light Truck | J9: 8. Medium Truck | K9: 9. Heavy truck | L9: 10. Truck Trailer | M9: 11. Motor cycles | N9: 12. Tractors | O9: Total Excl M/Cycles | P9: Total All | R9: Time | S9: 1. Car | T9: 2. Station Wagon | U9: 3. Pickups | V9: 4. Minibus, matatu | W9: 5. Medium bus | X9: 6. Large Bus | Y9: 7. Light Truck | Z9: 8. Medium Truck | AA9: 9. Heavy truck | AB9: 10. Truck Trailer | AC9: 11. Motorcycles | AD9: 12. Tractors, Graders | AE9: Total Excl M/ Cycles | AF9: Total All
B10: 07.00 - 07.15 | C10: 23 | D10: 21 | E10: 3 | F10: 7 | G10: 1 | H10: 0 | I10: 5 | J10: 0 | K10: 0 | L10: 0 | M10: 32 | N10: 0 | O10: =SUM(C10:L10,N10) -> 60 | P10: =SUM(C10:N10) -> 92 | R10: 0700-0800 | S10: =SUM(C10:C13) -> 154 | T10: =SUM(D10:D13) -> 77 | U10: =SUM(E10:E13) -> 20 | V10: =SUM(F10:F13) -> 47 | W10: =SUM(G10:G13) -> 1 | X10: =SUM(H10:H13) -> 0 | Y10: =SUM(I10:I13) -> 17 | Z10: =SUM(J10:J13) -> 0 | ... AF10: =SUM(P10:P13) -> 493
B11: 07.15 - 07.30 | C11: 36 | D11: 18 | E11: 4 | F11: 12 | G11: 0 | H11: 0 | I11: 4 | J11: 0 | K11: 0 | L11: 0 | M11: 46 | N11: 0 | O11: =SUM(C11:L11,N11) -> 74 | P11: =SUM(C11:N11) -> 120 | R11: 0800-0900 | S11: =SUM(C14:C17) -> 167 | T11: =SUM(D14:D17) -> 80 | U11: =SUM(E14:E17) -> 18 | V11: =SUM(F14:F17) -> 42 | W11: =SUM(G14:G17) -> 1 | X11: =SUM(H14:H17) -> 0 | Y11: =SUM(I14:I17) -> 26 | Z11: =SUM(J14:J17) -> 2 | ... AF11: =SUM(P14:P17) -> 527
B12: 07.30 - 07.45 | C12: 56 | D12: 23 | E12: 5 | F12: 14 | G12: 0 | H12: 0 | I12: 4 | J12: 0 | K12: 0 | L12: 0 | M12: 55 | N12: 0 | O12: =SUM(C12:L12,N12) -> 102 | P12: =SUM(C12:N12) -> 157 | R12: 0900-1000 | S12: =SUM(C18:C21) -> 149 | T12: =SUM(D18:D21) -> 52 | U12: =SUM(E18:E21) -> 23 | V12: =SUM(F18:F21) -> 29 | W12: =SUM(G18:G21) -> 0 | X12: =SUM(H18:H21) -> 0 | Y12: =SUM(I18:I21) -> 19 | Z12: =SUM(J18:J21) -> 8 | ... AF12: =SUM(P18:P21) -> 430
B13: 07.45 - 08.00 | C13: 39 | D13: 15 | E13: 8 | F13: 14 | G13: 0 | H13: 0 | I13: 4 | J13: 0 | K13: 0 | L13: 0 | M13: 44 | N13: 0 | O13: =SUM(C13:L13,N13) -> 80 | P13: =SUM(C13:N13) -> 124 | R13: 1000-1100 | S13: =SUM(C22:C25) -> 70 | T13: =SUM(D22:D25) -> 101 | U13: =SUM(E22:E25) -> 25 | V13: =SUM(F22:F25) -> 33 | W13: =SUM(G22:G25) -> 1 | X13: =SUM(H22:H25) -> 1 | Y13: =SUM(I22:I25) -> 9 | Z13: =SUM(J22:J25) -> 16 | ... AF13: =SUM(P22:P25) -> 471
B14: 08.00 - 08.15 | C14: 40 | D14: 17 | E14: 4 | F14: 7 | G14: 0 | H14: 0 | I14: 4 | J14: 0 | K14: 1 | L14: 1 | M14: 40 | N14: 0 | O14: =SUM(C14:L14,N14) -> 74 | P14: =SUM(C14:N14) -> 114 | R14: 1100-1200 | S14: =SUM(C26:C29) -> 112 | T14: =SUM(D26:D29) -> 40 | U14: =SUM(E26:E29) -> 26 | V14: =SUM(F26:F29) -> 34 | W14: =SUM(G26:G29) -> 2 | X14: =SUM(H26:H29) -> 2 | Y14: =SUM(I26:I29) -> 18 | Z14: =SUM(J26:J29) -> 7 | ... AF14: =SUM(P26:P29) -> 381
B15: 08.15 - 08.30 | C15: 45 | D15: 14 | E15: 4 | F15: 13 | G15: 1 | H15: 0 | I15: 5 | J15: 1 | K15: 0 | L15: 0 | M15: 39 | N15: 0 | O15: =SUM(C15:L15,N15) -> 83 | P15: =SUM(C15:N15) -> 122 | R15: 1200-1300 | S15: =SUM(C30:C33) -> 109 | T15: =SUM(D30:D33) -> 45 | U15: =SUM(E30:E33) -> 32 | V15: =SUM(F30:F33) -> 34 | W15: =SUM(G30:G33) -> 2 | X15: =SUM(H30:H33) -> 0 | Y15: =SUM(I30:I33) -> 21 | Z15: =SUM(J30:J33) -> 6 | ... AF15: =SUM(P30:P33) -> 343
B16: 08.30 - 08.45 | C16: 48 | D16: 27 | E16: 4 | F16: 13 | G16: 0 | H16: 0 | I16: 8 | J16: 0 | K16: 2 | L16: 2 | M16: 47 | N16: 0 | O16: =SUM(C16:L16,N16) -> 104 | P16: =SUM(C16:N16) -> 151 | R16: 1300-1400 | S16: =SUM(C34:C37) -> 112 | T16: =SUM(D34:D37) -> 46 | U16: =SUM(E34:E37) -> 20 | V16: =SUM(F34:F37) -> 27 | W16: =SUM(G34:G37) -> 2 | X16: =SUM(H34:H37) -> 0 | Y16: =SUM(I34:I37) -> 25 | Z16: =SUM(J34:J37) -> 3 | ... AF16: =SUM(P34:P37) -> 341
B17: 08.45 - 9.00 | C17: 34 | D17: 22 | E17: 6 | F17: 9 | G17: 0 | H17: 0 | I17: 9 | J17: 1 | K17: 1 | L17: 0 | M17: 58 | N17: 0 | O17: =SUM(C17:L17,N17) -> 82 | P17: =SUM(C17:N17) -> 140 | R17: 1400-1500 | S17: =SUM(C38:C41) -> 76 | T17: =SUM(D38:D41) -> 46 | U17: =SUM(E38:E41) -> 23 | V17: =SUM(F38:F41) -> 25 | W17: =SUM(G38:G41) -> 0 | X17: =SUM(H38:H41) -> 0 | Y17: =SUM(I38:I41) -> 21 | Z17: =SUM(J38:J41) -> 8 | ... AF17: =SUM(P38:P41) -> 266
B18: 09.00 - 09.15 | C18: 37 | D18: 18 | E18: 11 | F18: 5 | G18: 0 | H18: 0 | I18: 4 | J18: 0 | K18: 0 | L18: 1 | M18: 37 | N18: 0 | O18: =SUM(C18:L18,N18) -> 76 | P18: =SUM(C18:N18) -> 113 | R18: 1500-1600 | S18: =SUM(C42:C45) -> 85 | T18: =SUM(D42:D45) -> 92 | U18: =SUM(E42:E45) -> 31 | V18: =SUM(F42:F45) -> 37 | W18: =SUM(G42:G45) -> 0 | X18: =SUM(H42:H45) -> 0 | Y18: =SUM(I42:I45) -> 23 | Z18: =SUM(J42:J45) -> 7 | ... AF18: =SUM(P42:P45) -> 407
B19: 09.15 - 09.30 | C19: 35 | D19: 9 | E19: 5 | F19: 9 | G19: 0 | H19: 0 | I19: 7 | J19: 2 | K19: 0 | L19: 0 | M19: 18 | N19: 0 | O19: =SUM(C19:L19,N19) -> 67 | P19: =SUM(C19:N19) -> 85 | R19: 1600-1700 | S19: =SUM(C46:C49) -> 75 | T19: =SUM(D46:D49) -> 145 | U19: =SUM(E46:E49) -> 31 | V19: =SUM(F46:F49) -> 45 | W19: =SUM(G46:G49) -> 8 | X19: =SUM(H46:H49) -> 0 | Y19: =SUM(I46:I49) -> 32 | Z19: =SUM(J46:J49) -> 10 | ... AF19: =SUM(P46:P49) -> 494
B20: 09.30 - 09.45 | C20: 42 | D20: 13 | E20: 2 | F20: 4 | G20: 0 | H20: 0 | I20: 5 | J20: 1 | K20: 2 | L20: 0 | M20: 32 | N20: 0 | O20: =SUM(C20:L20,N20) -> 69 | P20: =SUM(C20:N20) -> 101 | R20: 1700-1800 | S20: =SUM(C50:C53) -> 124 | T20: =SUM(D50:D53) -> 76 | U20: =SUM(E50:E53) -> 18 | V20: =SUM(F50:F53) -> 53 | W20: =SUM(G50:G53) -> 2 | X20: =SUM(H50:H53) -> 0 | Y20: =SUM(I50:I53) -> 42 | Z20: =SUM(J50:J53) -> 8 | ... AF20: =SUM(P50:P53) -> 463
B21: 09.45 - 10.00 | C21: 35 | D21: 12 | E21: 5 | F21: 11 | G21: 0 | H21: 0 | I21: 3 | J21: 5 | K21: 1 | L21: 0 | M21: 59 | N21: 0 | O21: =SUM(C21:L21,N21) -> 72 | P21: =SUM(C21:N21) -> 131 | R21: 1800-1900 | S21: =SUM(C54:C57) -> 112 | T21: =SUM(D54:D57) -> 67 | U21: =SUM(E54:E57) -> 31 | V21: =SUM(F54:F57) -> 53 | W21: =SUM(G54:G57) -> 5 | X21: =SUM(H54:H57) -> 0 | Y21: =SUM(I54:I57) -> 17 | Z21: =SUM(J54:J57) -> 7 | ... AF21: =SUM(P54:P57) -> 379
B22: 10.00 - 10.15 | C22: 21 | D22: 24 | E22: 11 | F22: 8 | G22: 0 | H22: 1 | I22: 2 | J22: 2 | K22: 2 | L22: 0 | M22: 77 | N22: 0 | O22: =SUM(C22:L22,N22) -> 71 | P22: =SUM(C22:N22) -> 148 | R22: 1900-2000 | S22: =SUM(C58:C61) -> 104 | T22: =SUM(D58:D61) -> 70 | U22: =SUM(E58:E61) -> 19 | V22: =SUM(F58:F61) -> 58 | W22: =SUM(G58:G61) -> 0 | X22: =SUM(H58:H61) -> 0 | Y22: =SUM(I58:I61) -> 23 | Z22: =SUM(J58:J61) -> 4 | ... AF22: =SUM(P58:P61) -> 385
B23: 10.15 - 10.30 | C23: 17 | D23: 38 | E23: 5 | F23: 10 | G23: 1 | H23: 0 | I23: 2 | J23: 4 | K23: 1 | L23: 1 | M23: 40 | N23: 0 | O23: =SUM(C23:L23,N23) -> 79 | P23: =SUM(C23:N23) -> 119 | R23: 2000-2100 | S23: =SUM(C62:C65) -> 94 | T23: =SUM(D62:D65) -> 46 | U23: =SUM(E62:E65) -> 27 | V23: =SUM(F62:F65) -> 36 | W23: =SUM(G62:G65) -> 1 | X23: =SUM(H62:H65) -> 1 | Y23: =SUM(I62:I65) -> 20 | Z23: =SUM(J62:J65) -> 2 | ... AF23: =SUM(P62:P65) -> 353
B24: 10.30 - 10.45 | C24: 13 | D24: 17 | E24: 6 | F24: 10 | G24: 0 | H24: 0 | I24: 1 | J24: 5 | K24: 3 | L24: 1 | M24: 44 | N24: 0 | O24: =SUM(C24:L24,N24) -> 56 | P24: =SUM(C24:N24) -> 100 | R24: 2100-2200 | S24: =SUM(C66:C69) -> 94 | T24: =SUM(D66:D69) -> 27 | U24: =SUM(E66:E69) -> 22 | V24: =SUM(F66:F69) -> 25 | W24: =SUM(G66:G69) -> 1 | X24: =SUM(H66:H69) -> 6 | Y24: =SUM(I66:I69) -> 29 | Z24: =SUM(J66:J69) -> 6 | ... AF24: =SUM(P66:P69) -> 321
B25: 10.45 - 11.00 | C25: 19 | D25: 22 | E25: 3 | F25: 5 | G25: 0 | H25: 0 | I25: 4 | J25: 5 | K25: 1 | L25: 2 | M25: 43 | N25: 0 | O25: =SUM(C25:L25,N25) -> 61 | P25: =SUM(C25:N25) -> 104 | R25: 2200-2300 | S25: =SUM(C70:C73) -> 54 | T25: =SUM(D70:D73) -> 37 | U25: =SUM(E70:E73) -> 16 | V25: =SUM(F70:F73) -> 16 | W25: =SUM(G70:G73) -> 0 | X25: =SUM(H70:H73) -> 2 | Y25: =SUM(I70:I73) -> 12 | Z25: =SUM(J70:J73) -> 2 | ... AF25: =SUM(P70:P73) -> 185
B26: 11.00 - 11.15 | C26: 15 | D26: 16 | E26: 4 | F26: 9 | G26: 1 | H26: 1 | I26: 3 | J26: 2 | K26: 2 | L26: 0 | M26: 34 | N26: 0 | O26: =SUM(C26:L26,N26) -> 53 | P26: =SUM(C26:N26) -> 87 | R26: 2300-0000 | S26: =SUM(C74:C77) -> 26 | T26: =SUM(D74:D77) -> 7 | U26: =SUM(E74:E77) -> 4 | V26: =SUM(F74:F77) -> 7 | W26: =SUM(G74:G77) -> 0 | X26: =SUM(H74:H77) -> 0 | Y26: =SUM(I74:I77) -> 6 | Z26: =SUM(J74:J77) -> 1 | ... AF26: =SUM(P74:P77) -> 85
B27: 11.15 - 11.30 | C27: 40 | D27: 6 | E27: 6 | F27: 8 | G27: 0 | H27: 0 | I27: 5 | J27: 1 | K27: 2 | L27: 0 | M27: 32 | N27: 0 | O27: =SUM(C27:L27,N27) -> 68 | P27: =SUM(C27:N27) -> 100 | R27: 0000-0100 | S27: =SUM(C78:C81) -> 17 | T27: =SUM(D78:D81) -> 1 | U27: =SUM(E78:E81) -> 1 | V27: =SUM(F78:F81) -> 2 | W27: =SUM(G78:G81) -> 0 | X27: =SUM(H78:H81) -> 0 | Y27: =SUM(I78:I81) -> 8 | Z27: =SUM(J78:J81) -> 1 | ... AF27: =SUM(P78:P81) -> 55
B28: 11.30 - 11.45 | C28: 32 | D28: 10 | E28: 8 | F28: 9 | G28: 0 | H28: 1 | I28: 5 | J28: 1 | K28: 5 | L28: 1 | M28: 31 | N28: 0 | O28: =SUM(C28:L28,N28) -> 72 | P28: =SUM(C28:N28) -> 103 | R28: 0100-0200 | S28: =SUM(C82:C85) -> 14 | T28: =SUM(D82:D85) -> 3 | U28: =SUM(E82:E85) -> 3 | V28: =SUM(F82:F85) -> 2 | W28: =SUM(G82:G85) -> 0 | X28: =SUM(H82:H85) -> 0 | Y28: =SUM(I82:I85) -> 6 | Z28: =SUM(J82:J85) -> 2 | ... AF28: =SUM(P82:P85) -> 55
B29: 11.45 - 12.00 | C29: 25 | D29: 8 | E29: 8 | F29: 8 | G29: 1 | H29: 0 | I29: 5 | J29: 3 | K29: 2 | L29: 1 | M29: 30 | N29: 0 | O29: =SUM(C29:L29,N29) -> 61 | P29: =SUM(C29:N29) -> 91 | R29: 0200-0300 | S29: =SUM(C86:C89) -> 2 | T29: =SUM(D86:D89) -> 1 | U29: =SUM(E86:E89) -> 1 | V29: =SUM(F86:F89) -> 0 | W29: =SUM(G86:G89) -> 0 | X29: =SUM(H86:H89) -> 0 | Y29: =SUM(I86:I89) -> 5 | Z29: =SUM(J86:J89) -> 3 | ... AF29: =SUM(P86:P89) -> 18
B30: 12.00 - 12.15 | C30: 24 | D30: 8 | E30: 7 | F30: 7 | G30: 0 | H30: 0 | I30: 2 | J30: 1 | K30: 1 | L30: 0 | M30: 26 | N30: 0 | O30: =SUM(C30:L30,N30) -> 50 | P30: =SUM(C30:N30) -> 76 | R30: 0300-0400 | S30: =SUM(C90:C93) -> 3 | T30: =SUM(D90:D93) -> 1 | U30: =SUM(E90:E93) -> 0 | V30: =SUM(F90:F93) -> 1 | W30: =SUM(G90:G93) -> 0 | X30: =SUM(H90:H93) -> 0 | Y30: =SUM(I90:I93) -> 3 | Z30: =SUM(J90:J93) -> 1 | ... AF30: =SUM(P90:P93) -> 13
B31: 12.15 - 12.30 | C31: 35 | D31: 14 | E31: 8 | F31: 8 | G31: 2 | H31: 0 | I31: 9 | J31: 2 | K31: 1 | L31: 0 | M31: 21 | N31: 0 | O31: =SUM(C31:L31,N31) -> 79 | P31: =SUM(C31:N31) -> 100 | R31: 0400-0500 | S31: =SUM(C94:C97) -> 4 | T31: =SUM(D94:D97) -> 2 | U31: =SUM(E94:E97) -> 4 | V31: =SUM(F94:F97) -> 4 | W31: =SUM(G94:G97) -> 0 | X31: =SUM(H94:H97) -> 0 | Y31: =SUM(I94:I97) -> 3 | Z31: =SUM(J94:J97) -> 1 | ... AF31: =SUM(P94:P97) -> 25
B32: 12.30 - 12.45 | C32: 31 | D32: 12 | E32: 12 | F32: 12 | G32: 0 | H32: 0 | I32: 4 | J32: 0 | K32: 0 | L32: 0 | M32: 25 | N32: 0 | O32: =SUM(C32:L32,N32) -> 71 | P32: =SUM(C32:N32) -> 96 | R32: 0500-0600 | S32: =SUM(C98:C101) -> 63 | T32: =SUM(D98:D101) -> 21 | U32: =SUM(E98:E101) -> 6 | V32: =SUM(F98:F101) -> 39 | W32: =SUM(G98:G101) -> 2 | X32: =SUM(H98:H101) -> 0 | Y32: =SUM(I98:I101) -> 10 | Z32: =SUM(J98:J101) -> 2 | ... AF32: =SUM(P98:P101) -> 167
B33: 12.45 - 13.00 | C33: 19 | D33: 11 | E33: 5 | F33: 7 | G33: 0 | H33: 0 | I33: 6 | J33: 3 | K33: 1 | L33: 0 | M33: 19 | N33: 0 | O33: =SUM(C33:L33,N33) -> 52 | P33: =SUM(C33:N33) -> 71 | R33: 0600-0700 | S33: =SUM(C102:C105) -> 182 | T33: =SUM(D102:D105) -> 100 | U33: =SUM(E102:E105) -> 20 | V33: =SUM(F102:F105) -> 65 | W33: =SUM(G102:G105) -> 2 | X33: =SUM(H102:H105) -> 0 | Y33: =SUM(I102:I105) -> 6 | Z33: =SUM(J102:J105) -> 2 | ... AF33: =SUM(P102:P105) -> 435
B34: 13.00 - 13.15 | C34: 25 | D34: 17 | E34: 4 | F34: 5 | G34: 0 | H34: 0 | I34: 4 | J34: 1 | K34: 3 | L34: 0 | M34: 25 | N34: 0 | O34: =SUM(C34:L34,N34) -> 59 | P34: =SUM(C34:N34) -> 84 | R34: AM Peak Hr | S34: =MAX(S10:S12) -> 167 | T34: =MAX(T10:T12) -> 80 | U34: =MAX(U10:U12) -> 23 | V34: =MAX(V10:V12) -> 47 | W34: =MAX(W10:W12) -> 1 | X34: =MAX(X10:X12) -> 0 | Y34: =MAX(Y10:Y12) -> 26 | Z34: =MAX(Z10:Z12) -> 8 | ... AF34: =MAX(AF10:AF12) -> 527
B35: 13.15 - 13.30 | C35: 21 | D35: 10 | E35: 7 | F35: 6 | G35: 1 | H35: 0 | I35: 7 | J35: 1 | K35: 1 | L35: 0 | M35: 26 | N35: 0 | O35: =SUM(C35:L35,N35) -> 54 | P35: =SUM(C35:N35) -> 80 | R35: IP Peak Hr | S35: =MAX(S13:S18) -> 112 | T35: =MAX(T13:T18) -> 101 | U35: =MAX(U13:U18) -> 32 | V35: =MAX(V13:V18) -> 37 | W35: =MAX(W13:W18) -> 2 | X35: =MAX(X13:X18) -> 2 | Y35: =MAX(Y13:Y18) -> 25 | Z35: =MAX(Z13:Z18) -> 16 | ... AF35: =MAX(AF13:AF18) -> 471
B36: 13.30 - 13.45 | C36: 45 | D36: 12 | E36: 6 | F36: 10 | G36: 1 | H36: 0 | I36: 11 | J36: 1 | K36: 3 | L36: 1 | M36: 35 | N36: 0 | O36: =SUM(C36:L36,N36) -> 90 | P36: =SUM(C36:N36) -> 125 | R36: PM Peak Hr | S36: =MAX(S19:S21) -> 124 | T36: =MAX(T19:T21) -> 145 | U36: =MAX(U19:U21) -> 31 | V36: =MAX(V19:V21) -> 53 | W36: =MAX(W19:W21) -> 8 | X36: =MAX(X19:X21) -> 0 | Y36: =MAX(Y19:Y21) -> 42 | Z36: =MAX(Z19:Z21) -> 10 | ... AF36: =MAX(AF19:AF21) -> 494
B37: 13.45 - 14.00 | C37: 21 | D37: 7 | E37: 3 | F37: 6 | G37: 0 | H37: 0 | I37: 3 | J37: 0 | K37: 0 | L37: 0 | M37: 12 | N37: 0 | O37: =SUM(C37:L37,N37) -> 40 | P37: =SUM(C37:N37) -> 52 | R37: AM Period | S37: =SUM(S10:S12) -> 470 | T37: =SUM(T10:T12) -> 209 | U37: =SUM(U10:U12) -> 61 | V37: =SUM(V10:V12) -> 118 | W37: =SUM(W10:W12) -> 2 | X37: =SUM(X10:X12) -> 0 | Y37: =SUM(Y10:Y12) -> 62 | Z37: =SUM(Z10:Z12) -> 10 | ... AF37: =SUM(AF10:AF12) -> 1450
B38: 14.00 - 14.15 | C38: 27 | D38: 8 | E38: 4 | F38: 4 | G38: 0 | H38: 0 | I38: 3 | J38: 2 | K38: 1 | L38: 2 | M38: 7 | N38: 0 | O38: =SUM(C38:L38,N38) -> 51 | P38: =SUM(C38:N38) -> 58 | R38: IP Period | S38: =SUM(S13:S18) -> 564 | T38: =SUM(T13:T18) -> 370 | U38: =SUM(U13:U18) -> 157 | V38: =SUM(V13:V18) -> 190 | W38: =SUM(W13:W18) -> 7 | X38: =SUM(X13:X18) -> 3 | Y38: =SUM(Y13:Y18) -> 117 | Z38: =SUM(Z13:Z18) -> 47 | ... AF38: =SUM(AF13:AF18) -> 2209
B39: 14.15 - 14.30 | C39: 18 | D39: 12 | E39: 7 | F39: 3 | G39: 0 | H39: 0 | I39: 3 | J39: 2 | K39: 0 | L39: 0 | M39: 11 | N39: 0 | O39: =SUM(C39:L39,N39) -> 45 | P39: =SUM(C39:N39) -> 56 | R39: PM Period | S39: =SUM(S19:S21) -> 311 | T39: =SUM(T19:T21) -> 288 | U39: =SUM(U19:U21) -> 80 | V39: =SUM(V19:V21) -> 151 | W39: =SUM(W19:W21) -> 15 | X39: =SUM(X19:X21) -> 0 | Y39: =SUM(Y19:Y21) -> 91 | Z39: =SUM(Z19:Z21) -> 25 | ... AF39: =SUM(AF19:AF21) -> 1336
B40: 14.30 - 14.45 | C40: 15 | D40: 10 | E40: 5 | F40: 7 | G40: 0 | H40: 0 | I40: 7 | J40: 1 | K40: 4 | L40: 0 | M40: 15 | N40: 0 | O40: =SUM(C40:L40,N40) -> 49 | P40: =SUM(C40:N40) -> 64 | R40: 12 Hours | S40: =SUM(S10:S21) -> 1345 | T40: =SUM(T10:T21) -> 867 | U40: =SUM(U10:U21) -> 298 | V40: =SUM(V10:V21) -> 459 | W40: =SUM(W10:W21) -> 24 | X40: =SUM(X10:X21) -> 3 | Y40: =SUM(Y10:Y21) -> 270 | Z40: =SUM(Z10:Z21) -> 82 | ... AF40: =SUM(AF10:AF21) -> 4995
B41: 14.45 - 15.00 | C41: 16 | D41: 16 | E41: 7 | F41: 11 | G41: 0 | H41: 0 | I41: 8 | J41: 3 | K41: 4 | L41: 2 | M41: 21 | N41: 0 | O41: =SUM(C41:L41,N41) -> 67 | P41: =SUM(C41:N41) -> 88 | R41: 24 Hrs/ADT | S41: =SUM(S10:S33) -> 2002 | T41: =SUM(T10:T33) -> 1183 | U41: =SUM(U10:U33) -> 421 | V41: =SUM(V10:V33) -> 714 | W41: =SUM(W10:W33) -> 30 | X41: =SUM(X10:X33) -> 12 | Y41: =SUM(Y10:Y33) -> 401 | Z41: =SUM(Z10:Z33) -> 109 | ... AF41: =SUM(AF10:AF33) -> 7092
B42: 15.00 - 15.15 | C42: 27 | D42: 23 | E42: 7 | F42: 4 | G42: 0 | H42: 0 | I42: 10 | J42: 1 | K42: 3 | L42: 1 | M42: 14 | N42: 0 | O42: =SUM(C42:L42,N42) -> 76 | P42: =SUM(C42:N42) -> 90 | R42: NEF | S42: =S41/S40 -> 1.4884758 | T42: =T41/T40 -> 1.3644752 | U42: =U41/U40 -> 1.4127517 | V42: =V41/V40 -> 1.5555556 | W42: =W41/W40 -> 1.25 | X42: =X41/X40 -> 4 | Y42: =Y41/Y40 -> 1.4851852 | Z42: =Z41/Z40 -> 1.3292683 | ... AF42: =AF41/AF40 -> 1.4198198
B43: 15.15 - 15.30 | C43: 16 | D43: 24 | E43: 6 | F43: 10 | G43: 0 | H43: 0 | I43: 3 | J43: 3 | K43: 3 | L43: 0 | M43: 28 | N43: 0 | O43: =SUM(C43:L43,N43) -> 65 | P43: =SUM(C43:N43) -> 93
B44: 15.30 - 15.45 | C44: 22 | D44: 18 | E44: 9 | F44: 13 | G44: 0 | H44: 0 | I44: 2 | J44: 0 | K44: 2 | L44: 1 | M44: 37 | N44: 0 | O44: =SUM(C44:L44,N44) -> 67 | P44: =SUM(C44:N44) -> 104
B45: 15.45 - 16.00 | C45: 20 | D45: 27 | E45: 9 | F45: 10 | G45: 0 | H45: 0 | I45: 8 | J45: 3 | K45: 1 | L45: 2 | M45: 40 | N45: 0 | O45: =SUM(C45:L45,N45) -> 80 | P45: =SUM(C45:N45) -> 120
B46: 16.00 - 16.15 | C46: 19 | D46: 28 | E46: 5 | F46: 11 | G46: 0 | H46: 0 | I46: 7 | J46: 3 | K46: 0 | L46: 0 | M46: 31 | N46: 0 | O46: =SUM(C46:L46,N46) -> 73 | P46: =SUM(C46:N46) -> 104
B47: 16.15 -16.30 | C47: 17 | D47: 43 | E47: 8 | F47: 16 | G47: 7 | H47: 0 | I47: 9 | J47: 3 | K47: 0 | L47: 0 | M47: 40 | N47: 0 | O47: =SUM(C47:L47,N47) -> 103 | P47: =SUM(C47:N47) -> 143
B48: 16.30 -16.45 | C48: 16 | D48: 40 | E48: 10 | F48: 11 | G48: 1 | H48: 0 | I48: 7 | J48: 3 | K48: 1 | L48: 0 | M48: 32 | N48: 0 | O48: =SUM(C48:L48,N48) -> 89 | P48: =SUM(C48:N48) -> 121
B49: 16.45 -17.00 | C49: 23 | D49: 34 | E49: 8 | F49: 7 | G49: 0 | H49: 0 | I49: 9 | J49: 1 | K49: 1 | L49: 0 | M49: 43 | N49: 0 | O49: =SUM(C49:L49,N49) -> 83 | P49: =SUM(C49:N49) -> 126
B50: 17.00 -17.15 | C50: 19 | D50: 18 | E50: 1 | F50: 9 | G50: 0 | H50: 0 | I50: 10 | J50: 1 | K50: 0 | L50: 0 | M50: 27 | N50: 0 | O50: =SUM(C50:L50,N50) -> 58 | P50: =SUM(C50:N50) -> 85
B51: 17.15 -17.30 | C51: 27 | D51: 18 | E51: 5 | F51: 13 | G51: 1 | H51: 0 | I51: 12 | J51: 3 | K51: 4 | L51: 0 | M51: 32 | N51: 0 | O51: =SUM(C51:L51,N51) -> 83 | P51: =SUM(C51:N51) -> 115
B52: 17.30 -17.45 | C52: 37 | D52: 21 | E52: 5 | F52: 11 | G52: 0 | H52: 0 | I52: 9 | J52: 2 | K52: 3 | L52: 0 | M52: 31 | N52: 0 | O52: =SUM(C52:L52,N52) -> 88 | P52: =SUM(C52:N52) -> 119
B53: 17.45 -18.00 | C53: 41 | D53: 19 | E53: 7 | F53: 20 | G53: 1 | H53: 0 | I53: 11 | J53: 2 | K53: 1 | L53: 1 | M53: 41 | N53: 0 | O53: =SUM(C53:L53,N53) -> 103 | P53: =SUM(C53:N53) -> 144
B54: 18.00 - 18.15 | C54: 23 | D54: 15 | E54: 9 | F54: 12 | G54: 1 | H54: 0 | I54: 6 | J54: 2 | K54: 3 | L54: 0 | M54: 31 | N54: 0 | O54: =SUM(C54:L54,N54) -> 71 | P54: =SUM(C54:N54) -> 102
... B105: 06.45 - 07.00 | C105: 34 | D105: 20 | E105: 5 | F105: 8 | G105: 0 | H105: 0 | I105: 3 | J105: 0 | K105: 0 | L105: 0 | M105: 11 | N105: 0 | O105: =SUM(C105:L105,N105) -> 70 | P105: =SUM(C105:N105) -> 81
B106: Totals | C106: =SUM(C10:C105) -> 2002 | D106: =SUM(D10:D105) -> 1183 | E106: =SUM(E10:E105) -> 421 | F106: =SUM(F10:F105) -> 714 | G106: =SUM(G10:G105) -> 30 | H106: =SUM(H10:H105) -> 12 | I106: =SUM(I10:I105) -> 401 | J106: =SUM(J10:J105) -> 109 | ... P106: =SUM(P10:P105) -> 7092
B107: %ges + MCs | C107: =C106/$P$106 -> 0.2822899 | D107: =D106/$P$106 -> 0.16680767 | E107: =E106/$P$106 -> 0.059362662 | F107: =F106/$P$106 -> 0.10067682 | G107: =G106/$P$106 -> 0.0042301184 | H107: =H106/$P$106 -> 0.0016920474 | I107: =I106/$P$106 -> 0.056542583 | J107: =J106/$P$106 -> 0.01536943 | ... N107: =N106/$P$106 -> 0
B108: %ges w/o MCs | C108: =C106/$O$106 -> 0.40208877 | D108: =D106/$O$106 -> 0.23759791 | E108: =E106/$O$106 -> 0.084555132 | F108: =F106/$O$106 -> 0.14340229 | G108: =G106/$O$106 -> 0.0060253063 | H108: =H106/$O$106 -> 0.0024101225 | I108: =I106/$O$106 -> 0.080538261 | J108: =J106/$O$106 -> 0.021891946 | ... L108: =L106/$O$106 -> 0.0044185579 | N108: =N106/$O$106 -> 0

Sheet 26.09.19 Namugongo-Sonde-24h
B1: Consultancy services for Preparation of Expressway Development Master Plan (EDMP) for Uganda
B2: MANUAL CLASSIFIED COUNT (MCC)
B3: ROAD NAME: | C3: ='23.09 Sonde-Namugongo'!C3:G3 -> MCC-C2-STNO 73
C5: Date | D5: ='26.09.19 Sonde-Namugongo-24h'!D5 -> 26.07.19 | F5: Location | G5: SSONDE RD | J5: Surveyor | K5: Amony Jovana
C6: Dir. From | D6: ='23.09 Namugongo-Sonde'!D6:E6 -> NAMUGONGO | F6: Dir. To | G6: SONDE | J6: Supervisor | K6: Tracy
B8: Time / Veh Type | R8: SUMMARY TRAFFIC VOLUMES
C9: 1. Car | D9: 2. Station Wagon | E9: 3. Pickups | F9: 4. Minibus, matatu | G9: 5. Medium bus | H9: 6. Large Bus | I9: 7. Light Truck | J9: 8. Medium Truck | K9: 9. Heavy truck | L9: 10. Truck Trailer | M9: 11. Motor cycles | N9: 12. Tractors | O9: Total Excl M/Cycles | P9: Total All | R9: Time | S9: 1. Car | T9: 2. Station Wagon | U9: 3. Pickups | V9: 4. Minibus, matatu | W9: 5. Medium bus | X9: 6. Large Bus | Y9: 7. Light Truck | Z9: 8. Medium Truck | AA9: 9. Heavy truck | AB9: 10. Truck Trailer | AC9: 11. Motorcycles | AD9: 12. Tractors, Graders | AE9: Total Excl M/ Cycles | AF9: Total All
B10: 07.00 - 07.15 | C10: 24 | D10: 12 | E10: 5 | F10: 10 | G10: 0 | H10: 0 | I10: 0 | J10: 0 | K10: 0 | L10: 0 | M10: 22 | N10: 0 | O10: =SUM(C10:L10,N10) -> 51 | P10: =SUM(C10:N10) -> 73 | R10: 0700-0800 | S10: =SUM(C10:C13) -> 106 | T10: =SUM(D10:D13) -> 69 | U10: =SUM(E10:E13) -> 32 | V10: =SUM(F10:F13) -> 49 | W10: =SUM(G10:G13) -> 1 | X10: =SUM(H10:H13) -> 0 | Y10: =SUM(I10:I13) -> 15 | Z10: =SUM(J10:J13) -> 4 | ... AF10: =SUM(P10:P13) -> 393
B11: 07.15 - 07.30 | C11: 19 | D11: 16 | E11: 9 | F11: 10 | G11: 0 | H11: 0 | I11: 4 | J11: 0 | K11: 0 | L11: 0 | M11: 29 | N11: 0 | O11: =SUM(C11:L11,N11) -> 58 | P11: =SUM(C11:N11) -> 87 | R11: 0800-0900 | S11: =SUM(C14:C17) -> 122 | T11: =SUM(D14:D17) -> 86 | U11: =SUM(E14:E17) -> 48 | V11: =SUM(F14:F17) -> 56 | W11: =SUM(G14:G17) -> 0 | X11: =SUM(H14:H17) -> 0 | Y11: =SUM(I14:I17) -> 29 | Z11: =SUM(J14:J17) -> 5 | ... AF11: =SUM(P14:P17) -> 497
B12: 07.30 - 07.45 | C12: 33 | D12: 17 | E12: 7 | F12: 10 | G12: 0 | H12: 0 | I12: 3 | J12: 2 | K12: 0 | L12: 0 | M12: 28 | N12: 0 | O12: =SUM(C12:L12,N12) -> 72 | P12: =SUM(C12:N12) -> 100 | R12: 0900-1000 | S12: =SUM(C18:C21) -> 73 | T12: =SUM(D18:D21) -> 81 | U12: =SUM(E18:E21) -> 24 | V12: =SUM(F18:F21) -> 38 | W12: =SUM(G18:G21) -> 2 | X12: =SUM(H18:H21) -> 2 | Y12: =SUM(I18:I21) -> 22 | Z12: =SUM(J18:J21) -> 14 | ... AF12: =SUM(P18:P21) -> 372
B13: 07.45 - 08.00 | C13: 30 | D13: 24 | E13: 11 | F13: 19 | G13: 1 | H13: 0 | I13: 8 | J13: 2 | K13: 0 | L13: 0 | M13: 38 | N13: 0 | O13: =SUM(C13:L13,N13) -> 95 | P13: =SUM(C13:N13) -> 133 | R13: 1000-1100 | S13: =SUM(C22:C25) -> 109 | T13: =SUM(D22:D25) -> 83 | U13: =SUM(E22:E25) -> 33 | V13: =SUM(F22:F25) -> 40 | W13: =SUM(G22:G25) -> 2 | X13: =SUM(H22:H25) -> 0 | Y13: =SUM(I22:I25) -> 30 | Z13: =SUM(J22:J25) -> 11 | ... AF13: =SUM(P22:P25) -> 476
B14: 08.00 - 08.15 | C14: 30 | D14: 35 | E14: 11 | F14: 10 | G14: 0 | H14: 0 | I14: 11 | J14: 0 | K14: 0 | L14: 1 | M14: 35 | N14: 0 | O14: =SUM(C14:L14,N14) -> 98 | P14: =SUM(C14:N14) -> 133 | R14: 1100-1200 | S14: =SUM(C26:C29) -> 97 | T14: =SUM(D26:D29) -> 62 | U14: =SUM(E26:E29) -> 23 | V14: =SUM(F26:F29) -> 45 | W14: =SUM(G26:G29) -> 0 | X14: =SUM(H26:H29) -> 0 | Y14: =SUM(I26:I29) -> 25 | Z14: =SUM(J26:J29) -> 12 | ... AF14: =SUM(P26:P29) -> 410
B15: 08.15 - 08.30 | C15: 35 | D15: 19 | E15: 19 | F15: 16 | G15: 0 | H15: 0 | I15: 7 | J15: 2 | K15: 0 | L15: 0 | M15: 21 | N15: 0 | O15: =SUM(C15:L15,N15) -> 98 | P15: =SUM(C15:N15) -> 119 | R15: 1200-1300 | S15: =SUM(C30:C33) -> 87 | T15: =SUM(D30:D33) -> 67 | U15: =SUM(E30:E33) -> 16 | V15: =SUM(F30:F33) -> 45 | W15: =SUM(G30:G33) -> 0 | X15: =SUM(H30:H33) -> 0 | Y15: =SUM(I30:I33) -> 37 | Z15: =SUM(J30:J33) -> 11 | ... AF15: =SUM(P30:P33) -> 402
B16: 08.30 - 08.45 | C16: 40 | D16: 21 | E16: 11 | F16: 14 | G16: 0 | H16: 0 | I16: 2 | J16: 1 | K16: 0 | L16: 0 | M16: 47 | N16: 0 | O16: =SUM(C16:L16,N16) -> 89 | P16: =SUM(C16:N16) -> 136 | R16: 1300-1400 | S16: =SUM(C34:C37) -> 95 | T16: =SUM(D34:D37) -> 65 | U16: =SUM(E34:E37) -> 21 | V16: =SUM(F34:F37) -> 38 | W16: =SUM(G34:G37) -> 1 | X16: =SUM(H34:H37) -> 0 | Y16: =SUM(I34:I37) -> 39 | Z16: =SUM(J34:J37) -> 25 | ... AF16: =SUM(P34:P37) -> 436
B17: 08.45 - 9.00 | C17: 17 | D17: 11 | E17: 7 | F17: 16 | G17: 0 | H17: 0 | I17: 9 | J17: 2 | K17: 0 | L17: 0 | M17: 47 | N17: 0 | O17: =SUM(C17:L17,N17) -> 62 | P17: =SUM(C17:N17) -> 109 | R17: 1400-1500 | S17: =SUM(C38:C41) -> 76 | T17: =SUM(D38:D41) -> 78 | U17: =SUM(E38:E41) -> 28 | V17: =SUM(F38:F41) -> 37 | W17: =SUM(G38:G41) -> 2 | X17: =SUM(H38:H41) -> 0 | Y17: =SUM(I38:I41) -> 37 | Z17: =SUM(J38:J41) -> 9 | ... AF17: =SUM(P38:P41) -> 380
B18: 09.00 - 09.15 | C18: 19 | D18: 23 | E18: 5 | F18: 12 | G18: 2 | H18: 0 | I18: 4 | J18: 2 | K18: 0 | L18: 0 | M18: 21 | N18: 0 | O18: =SUM(C18:L18,N18) -> 67 | P18: =SUM(C18:N18) -> 88 | R18: 1500-1600 | S18: =SUM(C42:C45) -> 88 | T18: =SUM(D42:D45) -> 65 | U18: =SUM(E42:E45) -> 22 | V18: =SUM(F42:F45) -> 34 | W18: =SUM(G42:G45) -> 1 | X18: =SUM(H42:H45) -> 1 | Y18: =SUM(I42:I45) -> 30 | Z18: =SUM(J42:J45) -> 11 | ... AF18: =SUM(P42:P45) -> 375
B19: 09.15 - 09.30 | C19: 18 | D19: 19 | E19: 7 | F19: 7 | G19: 0 | H19: 1 | I19: 3 | J19: 3 | K19: 0 | L19: 0 | M19: 30 | N19: 0 | O19: =SUM(C19:L19,N19) -> 58 | P19: =SUM(C19:N19) -> 88 | R19: 1600-1700 | S19: =SUM(C46:C49) -> 110 | T19: =SUM(D46:D49) -> 91 | U19: =SUM(E46:E49) -> 27 | V19: =SUM(F46:F49) -> 44 | W19: =SUM(G46:G49) -> 0 | X19: =SUM(H46:H49) -> 1 | Y19: =SUM(I46:I49) -> 29 | Z19: =SUM(J46:J49) -> 9 | ... AF19: =SUM(P46:P49) -> 433
B20: 09.30 - 09.45 | C20: 17 | D20: 24 | E20: 9 | F20: 11 | G20: 0 | H20: 0 | I20: 9 | J20: 4 | K20: 0 | L20: 0 | M20: 31 | N20: 0 | O20: =SUM(C20:L20,N20) -> 74 | P20: =SUM(C20:N20) -> 105 | R20: 1700-1800 | S20: =SUM(C50:C53) -> 160 | T20: =SUM(D50:D53) -> 97 | U20: =SUM(E50:E53) -> 30 | V20: =SUM(F50:F53) -> 46 | W20: =SUM(G50:G53) -> 4 | X20: =SUM(H50:H53) -> 0 | Y20: =SUM(I50:I53) -> 27 | Z20: =SUM(J50:J53) -> 14 | ... AF20: =SUM(P50:P53) -> 554
B21: 09.45 - 10.00 | C21: 19 | D21: 15 | E21: 3 | F21: 8 | G21: 0 | H21: 1 | I21: 6 | J21: 5 | K21: 0 | L21: 0 | M21: 34 | N21: 0 | O21: =SUM(C21:L21,N21) -> 57 | P21: =SUM(C21:N21) -> 91 | R21: 1800-1900 | S21: =SUM(C54:C57) -> 167 | T21: =SUM(D54:D57) -> 109 | U21: =SUM(E54:E57) -> 28 | V21: =SUM(F54:F57) -> 51 | W21: =SUM(G54:G57) -> 0 | X21: =SUM(H54:H57) -> 0 | Y21: =SUM(I54:I57) -> 27 | Z21: =SUM(J54:J57) -> 12 | ... AF21: =SUM(P54:P57) -> 551
B22: 10.00 - 10.15 | C22: 35 | D22: 15 | E22: 6 | F22: 10 | G22: 0 | H22: 0 | I22: 13 | J22: 1 | K22: 0 | L22: 1 | M22: 36 | N22: 0 | O22: =SUM(C22:L22,N22) -> 81 | P22: =SUM(C22:N22) -> 117 | R22: 1900-2000 | S22: =SUM(C58:C61) -> 93 | T22: =SUM(D58:D61) -> 95 | U22: =SUM(E58:E61) -> 11 | V22: =SUM(F58:F61) -> 67 | W22: =SUM(G58:G61) -> 1 | X22: =SUM(H58:H61) -> 0 | Y22: =SUM(I58:I61) -> 17 | Z22: =SUM(J58:J61) -> 10 | ... AF22: =SUM(P58:P61) -> 426
B23: 10.15 - 10.30 | C23: 30 | D23: 25 | E23: 15 | F23: 9 | G23: 0 | H23: 0 | I23: 7 | J23: 4 | K23: 0 | L23: 0 | M23: 52 | N23: 0 | O23: =SUM(C23:L23,N23) -> 90 | P23: =SUM(C23:N23) -> 142 | R23: 2000-2100 | S23: =SUM(C62:C65) -> 130 | T23: =SUM(D62:D65) -> 119 | U23: =SUM(E62:E65) -> 35 | V23: =SUM(F62:F65) -> 68 | W23: =SUM(G62:G65) -> 0 | X23: =SUM(H62:H65) -> 0 | Y23: =SUM(I62:I65) -> 11 | Z23: =SUM(J62:J65) -> 6 | ... AF23: =SUM(P62:P65) -> 513
B24: 10.30 - 10.45 | C24: 26 | D24: 21 | E24: 5 | F24: 10 | G24: 0 | H24: 0 | I24: 4 | J24: 5 | K24: 0 | L24: 1 | M24: 42 | N24: 0 | O24: =SUM(C24:L24,N24) -> 72 | P24: =SUM(C24:N24) -> 114 | R24: 2100-2200 | S24: =SUM(C66:C69) -> 76 | T24: =SUM(D66:D69) -> 68 | U24: =SUM(E66:E69) -> 4 | V24: =SUM(F66:F69) -> 30 | W24: =SUM(G66:G69) -> 3 | X24: =SUM(H66:H69) -> 0 | Y24: =SUM(I66:I69) -> 7 | Z24: =SUM(J66:J69) -> 8 | ... AF24: =SUM(P66:P69) -> 281
B25: 10.45 - 11.00 | C25: 18 | D25: 22 | E25: 7 | F25: 11 | G25: 2 | H25: 0 | I25: 6 | J25: 1 | K25: 0 | L25: 0 | M25: 36 | N25: 0 | O25: =SUM(C25:L25,N25) -> 67 | P25: =SUM(C25:N25) -> 103 | R25: 2200-2300 | S25: =SUM(C70:C73) -> 99 | T25: =SUM(D70:D73) -> 83 | U25: =SUM(E70:E73) -> 29 | V25: =SUM(F70:F73) -> 37 | W25: =SUM(G70:G73) -> 1 | X25: =SUM(H70:H73) -> 0 | Y25: =SUM(I70:I73) -> 6 | Z25: =SUM(J70:J73) -> 1 | ... AF25: =SUM(P70:P73) -> 342
B26: 11.00 - 11.15 | C26: 23 | D26: 12 | E26: 8 | F26: 12 | G26: 0 | H26: 0 | I26: 5 | J26: 4 | K26: 0 | L26: 1 | M26: 38 | N26: 0 | O26: =SUM(C26:L26,N26) -> 65 | P26: =SUM(C26:N26) -> 103 | R26: 2300-0000 | S26: =SUM(C74:C77) -> 58 | T26: =SUM(D74:D77) -> 30 | U26: =SUM(E74:E77) -> 6 | V26: =SUM(F74:F77) -> 11 | W26: =SUM(G74:G77) -> 1 | X26: =SUM(H74:H77) -> 1 | Y26: =SUM(I74:I77) -> 1 | Z26: =SUM(J74:J77) -> 4 | ... AF26: =SUM(P74:P77) -> 182
B27: 11.15 - 11.30 | C27: 27 | D27: 21 | E27: 6 | F27: 10 | G27: 0 | H27: 0 | I27: 11 | J27: 1 | K27: 0 | L27: 1 | M27: 37 | N27: 0 | O27: =SUM(C27:L27,N27) -> 77 | P27: =SUM(C27:N27) -> 114 | R27: 0000-0100 | S27: =SUM(C78:C81) -> 9 | T27: =SUM(D78:D81) -> 10 | U27: =SUM(E78:E81) -> 3 | V27: =SUM(F78:F81) -> 1 | W27: =SUM(G78:G81) -> 0 | X27: =SUM(H78:H81) -> 0 | Y27: =SUM(I78:I81) -> 1 | Z27: =SUM(J78:J81) -> 1 | ... AF27: =SUM(P78:P81) -> 50
B28: 11.30 - 11.45 | C28: 15 | D28: 18 | E28: 5 | F28: 14 | G28: 0 | H28: 0 | I28: 5 | J28: 2 | K28: 0 | L28: 2 | M28: 27 | N28: 0 | O28: =SUM(C28:L28,N28) -> 61 | P28: =SUM(C28:N28) -> 88 | R28: 0100-0200 | S28: =SUM(C82:C85) -> 9 | T28: =SUM(D82:D85) -> 2 | U28: =SUM(E82:E85) -> 1 | V28: =SUM(F82:F85) -> 0 | W28: =SUM(G82:G85) -> 0 | X28: =SUM(H82:H85) -> 0 | Y28: =SUM(I82:I85) -> 4 | Z28: =SUM(J82:J85) -> 2 | ... AF28: =SUM(P82:P85) -> 33
B29: 11.45 - 12.00 | C29: 32 | D29: 11 | E29: 4 | F29: 9 | G29: 0 | H29: 0 | I29: 4 | J29: 5 | K29: 0 | L29: 1 | M29: 39 | N29: 0 | O29: =SUM(C29:L29,N29) -> 66 | P29: =SUM(C29:N29) -> 105 | R29: 0200-0300 | S29: =SUM(C86:C89) -> 8 | T29: =SUM(D86:D89) -> 2 | U29: =SUM(E86:E89) -> 1 | V29: =SUM(F86:F89) -> 0 | W29: =SUM(G86:G89) -> 0 | X29: =SUM(H86:H89) -> 0 | Y29: =SUM(I86:I89) -> 3 | Z29: =SUM(J86:J89) -> 1 | ... AF29: =SUM(P86:P89) -> 21
B30: 12.00 - 12.15 | C30: 22 | D30: 16 | E30: 3 | F30: 10 | G30: 0 | H30: 0 | I30: 6 | J30: 0 | K30: 0 | L30: 1 | M30: 24 | N30: 0 | O30: =SUM(C30:L30,N30) -> 58 | P30: =SUM(C30:N30) -> 82 | R30: 0300-0400 | S30: =SUM(C90:C93) -> 3 | T30: =SUM(D90:D93) -> 2 | U30: =SUM(E90:E93) -> 0 | V30: =SUM(F90:F93) -> 0 | W30: =SUM(G90:G93) -> 0 | X30: =SUM(H90:H93) -> 0 | Y30: =SUM(I90:I93) -> 2 | Z30: =SUM(J90:J93) -> 0 | ... AF30: =SUM(P90:P93) -> 11
B31: 12.15 - 12.30 | C31: 30 | D31: 18 | E31: 5 | F31: 18 | G31: 0 | H31: 0 | I31: 16 | J31: 4 | K31: 0 | L31: 0 | M31: 40 | N31: 0 | O31: =SUM(C31:L31,N31) -> 91 | P31: =SUM(C31:N31) -> 131 | R31: 0400-0500 | S31: =SUM(C94:C97) -> 11 | T31: =SUM(D94:D97) -> 4 | U31: =SUM(E94:E97) -> 2 | V31: =SUM(F94:F97) -> 4 | W31: =SUM(G94:G97) -> 2 | X31: =SUM(H94:H97) -> 0 | Y31: =SUM(I94:I97) -> 3 | Z31: =SUM(J94:J97) -> 0 | ... AF31: =SUM(P94:P97) -> 33
B32: 12.30 - 12.45 | C32: 15 | D32: 11 | E32: 1 | F32: 8 | G32: 0 | H32: 0 | I32: 7 | J32: 4 | K32: 1 | L32: 1 | M32: 36 | N32: 0 | O32: =SUM(C32:L32,N32) -> 48 | P32: =SUM(C32:N32) -> 84 | R32: 0500-0600 | S32: =SUM(C98:C101) -> 20 | T32: =SUM(D98:D101) -> 11 | U32: =SUM(E98:E101) -> 2 | V32: =SUM(F98:F101) -> 30 | W32: =SUM(G98:G101) -> 2 | X32: =SUM(H98:H101) -> 0 | Y32: =SUM(I98:I101) -> 4 | Z32: =SUM(J98:J101) -> 1 | ... AF32: =SUM(P98:P101) -> 75
B33: 12.45 - 13.00 | C33: 20 | D33: 22 | E33: 7 | F33: 9 | G33: 0 | H33: 0 | I33: 8 | J33: 3 | K33: 0 | L33: 1 | M33: 35 | N33: 0 | O33: =SUM(C33:L33,N33) -> 70 | P33: =SUM(C33:N33) -> 105 | R33: 0600-0700 | S33: =SUM(C102:C105) -> 34 | T33: =SUM(D102:D105) -> 26 | U33: =SUM(E102:E105) -> 15 | V33: =SUM(F102:F105) -> 27 | W33: =SUM(G102:G105) -> 1 | X33: =SUM(H102:H105) -> 3 | Y33: =SUM(I102:I105) -> 6 | Z33: =SUM(J102:J105) -> 2 | ... AF33: =SUM(P102:P105) -> 138
B34: 13.00 - 13.15 | C34: 20 | D34: 11 | E34: 3 | F34: 5 | G34: 1 | H34: 0 | I34: 11 | J34: 4 | K34: 0 | L34: 3 | M34: 39 | N34: 0 | O34: =SUM(C34:L34,N34) -> 58 | P34: =SUM(C34:N34) -> 97 | R34: AM Peak Hr | S34: =MAX(S10:S12) -> 122 | T34: =MAX(T10:T12) -> 86 | U34: =MAX(U10:U12) -> 48 | V34: =MAX(V10:V12) -> 56 | W34: =MAX(W10:W12) -> 2 | X34: =MAX(X10:X12) -> 2 | Y34: =MAX(Y10:Y12) -> 29 | Z34: =MAX(Z10:Z12) -> 14 | ... AF34: =MAX(AF10:AF12) -> 497
B35: 13.15 - 13.30 | C35: 22 | D35: 14 | E35: 6 | F35: 14 | G35: 0 | H35: 0 | I35: 9 | J35: 9 | K35: 0 | L35: 2 | M35: 33 | N35: 0 | O35: =SUM(C35:L35,N35) -> 76 | P35: =SUM(C35:N35) -> 109 | R35: IP Peak Hr | S35: =MAX(S13:S18) -> 109 | T35: =MAX(T13:T18) -> 83 | U35: =MAX(U13:U18) -> 33 | V35: =MAX(V13:V18) -> 45 | W35: =MAX(W13:W18) -> 2 | X35: =MAX(X13:X18) -> 1 | Y35: =MAX(Y13:Y18) -> 39 | Z35: =MAX(Z13:Z18) -> 25 | ... AF35: =MAX(AF13:AF18) -> 476
B36: 13.30 - 13.45 | C36: 31 | D36: 17 | E36: 7 | F36: 9 | G36: 0 | H36: 0 | I36: 10 | J36: 5 | K36: 1 | L36: 0 | M36: 38 | N36: 0 | O36: =SUM(C36:L36,N36) -> 80 | P36: =SUM(C36:N36) -> 118 | R36: PM Peak Hr | S36: =MAX(S19:S21) -> 167 | T36: =MAX(T19:T21) -> 109 | U36: =MAX(U19:U21) -> 30 | V36: =MAX(V19:V21) -> 51 | W36: =MAX(W19:W21) -> 4 | X36: =MAX(X19:X21) -> 1 | Y36: =MAX(Y19:Y21) -> 29 | Z36: =MAX(Z19:Z21) -> 14 | ... AF36: =MAX(AF19:AF21) -> 554
B37: 13.45 - 14.00 | C37: 22 | D37: 23 | E37: 5 | F37: 10 | G37: 0 | H37: 0 | I37: 9 | J37: 7 | K37: 0 | L37: 3 | M37: 33 | N37: 0 | O37: =SUM(C37:L37,N37) -> 79 | P37: =SUM(C37:N37) -> 112 | R37: AM Period | S37: =SUM(S10:S12) -> 301 | T37: =SUM(T10:T12) -> 236 | U37: =SUM(U10:U12) -> 104 | V37: =SUM(V10:V12) -> 143 | W37: =SUM(W10:W12) -> 3 | X37: =SUM(X10:X12) -> 2 | Y37: =SUM(Y10:Y12) -> 66 | Z37: =SUM(Z10:Z12) -> 23 | ... AF37: =SUM(AF10:AF12) -> 1262
B38: 14.00 - 14.15 | C38: 21 | D38: 19 | E38: 9 | F38: 11 | G38: 1 | H38: 0 | I38: 10 | J38: 4 | K38: 0 | L38: 1 | M38: 34 | N38: 0 | O38: =SUM(C38:L38,N38) -> 76 | P38: =SUM(C38:N38) -> 110 | R38: IP Period | S38: =SUM(S13:S18) -> 552 | T38: =SUM(T13:T18) -> 420 | U38: =SUM(U13:U18) -> 143 | V38: =SUM(V13:V18) -> 239 | W38: =SUM(W13:W18) -> 6 | X38: =SUM(X13:X18) -> 1 | Y38: =SUM(Y13:Y18) -> 198 | Z38: =SUM(Z13:Z18) -> 79 | ... AF38: =SUM(AF13:AF18) -> 2479
B39: 14.15 - 14.30 | C39: 16 | D39: 16 | E39: 4 | F39: 11 | G39: 0 | H39: 0 | I39: 8 | J39: 0 | K39: 0 | L39: 3 | M39: 27 | N39: 0 | O39: =SUM(C39:L39,N39) -> 58 | P39: =SUM(C39:N39) -> 85 | R39: PM Period | S39: =SUM(S19:S21) -> 437 | T39: =SUM(T19:T21) -> 297 | U39: =SUM(U19:U21) -> 85 | V39: =SUM(V19:V21) -> 141 | W39: =SUM(W19:W21) -> 4 | X39: =SUM(X19:X21) -> 1 | Y39: =SUM(Y19:Y21) -> 83 | Z39: =SUM(Z19:Z21) -> 35 | ... AF39: =SUM(AF19:AF21) -> 1538
B40: 14.30 - 14.45 | C40: 18 | D40: 23 | E40: 11 | F40: 11 | G40: 0 | H40: 0 | I40: 8 | J40: 3 | K40: 0 | L40: 1 | M40: 22 | N40: 0 | O40: =SUM(C40:L40,N40) -> 75 | P40: =SUM(C40:N40) -> 97 | R40: 12 Hours | S40: =SUM(S10:S21) -> 1290 | T40: =SUM(T10:T21) -> 953 | U40: =SUM(U10:U21) -> 332 | V40: =SUM(V10:V21) -> 523 | W40: =SUM(W10:W21) -> 13 | X40: =SUM(X10:X21) -> 4 | Y40: =SUM(Y10:Y21) -> 347 | Z40: =SUM(Z10:Z21) -> 137 | ... AF40: =SUM(AF10:AF21) -> 5279
B41: 14.45 - 15.00 | C41: 21 | D41: 20 | E41: 4 | F41: 4 | G41: 1 | H41: 0 | I41: 11 | J41: 2 | K41: 0 | L41: 1 | M41: 24 | N41: 0 | O41: =SUM(C41:L41,N41) -> 64 | P41: =SUM(C41:N41) -> 88 | R41: 24 Hrs/ADT | S41: =SUM(S10:S33) -> 1840 | T41: =SUM(T10:T33) -> 1405 | U41: =SUM(U10:U33) -> 441 | V41: =SUM(V10:V33) -> 798 | W41: =SUM(W10:W33) -> 24 | X41: =SUM(X10:X33) -> 8 | Y41: =SUM(Y10:Y33) -> 412 | Z41: =SUM(Z10:Z33) -> 173 | ... AF41: =SUM(AF10:AF33) -> 7384
B42: 15.00 - 15.15 | C42: 11 | D42: 14 | E42: 6 | F42: 4 | G42: 0 | H42: 0 | I42: 4 | J42: 1 | K42: 0 | L42: 2 | M42: 32 | N42: 0 | O42: =SUM(C42:L42,N42) -> 42 | P42: =SUM(C42:N42) -> 74 | R42: NEF | S42: =S41/S40 -> 1.4263566 | T42: =T41/T40 -> 1.4742917 | U42: =U41/U40 -> 1.3283133 | V42: =V41/V40 -> 1.5258126 | W42: =W41/W40 -> 1.8461538 | X42: =X41/X40 -> 2 | Y42: =Y41/Y40 -> 1.1873199 | Z42: =Z41/Z40 -> 1.2627737 | ... AF42: =AF41/AF40 -> 1.3987498
B43: 15.15 - 15.30 | C43: 22 | D43: 15 | E43: 8 | F43: 7 | G43: 0 | H43: 0 | I43: 8 | J43: 2 | K43: 0 | L43: 2 | M43: 36 | N43: 0 | O43: =SUM(C43:L43,N43) -> 64 | P43: =SUM(C43:N43) -> 100
B44: 15.30 - 15.45 | C44: 29 | D44: 25 | E44: 2 | F44: 12 | G44: 1 | H44: 0 | I44: 8 | J44: 4 | K44: 0 | L44: 2 | M44: 26 | N44: 0 | O44: =SUM(C44:L44,N44) -> 83 | P44: =SUM(C44:N44) -> 109
B45: 15.45 - 16.00 | C45: 26 | D45: 11 | E45: 6 | F45: 11 | G45: 0 | H45: 1 | I45: 10 | J45: 4 | K45: 0 | L45: 0 | M45: 23 | N45: 0 | O45: =SUM(C45:L45,N45) -> 69 | P45: =SUM(C45:N45) -> 92
B46: 16.00 - 16.15 | C46: 26 | D46: 22 | E46: 4 | F46: 13 | G46: 0 | H46: 1 | I46: 8 | J46: 3 | K46: 0 | L46: 0 | M46: 30 | N46: 0 | O46: =SUM(C46:L46,N46) -> 77 | P46: =SUM(C46:N46) -> 107
B47: 16.15 -16.30 | C47: 24 | D47: 25 | E47: 9 | F47: 11 | G47: 0 | H47: 0 | I47: 9 | J47: 2 | K47: 0 | L47: 1 | M47: 30 | N47: 1 | O47: =SUM(C47:L47,N47) -> 82 | P47: =SUM(C47:N47) -> 112
B48: 16.30 -16.45 | C48: 29 | D48: 26 | E48: 8 | F48: 8 | G48: 0 | H48: 0 | I48: 5 | J48: 2 | K48: 0 | L48: 0 | M48: 26 | N48: 0 | O48: =SUM(C48:L48,N48) -> 78 | P48: =SUM(C48:N48) -> 104
B49: 16.45 -17.00 | C49: 31 | D49: 18 | E49: 6 | F49: 12 | G49: 0 | H49: 0 | I49: 7 | J49: 2 | K49: 0 | L49: 2 | M49: 32 | N49: 0 | O49: =SUM(C49:L49,N49) -> 78 | P49: =SUM(C49:N49) -> 110
B50: 17.00 -17.15 | C50: 46 | D50: 22 | E50: 6 | F50: 13 | G50: 1 | H50: 0 | I50: 7 | J50: 6 | K50: 0 | L50: 4 | M50: 43 | N50: 0 | O50: =SUM(C50:L50,N50) -> 105 | P50: =SUM(C50:N50) -> 148
B51: 17.15 -17.30 | C51: 34 | D51: 31 | E51: 10 | F51: 17 | G51: 1 | H51: 0 | I51: 8 | J51: 4 | K51: 0 | L51: 4 | M51: 35 | N51: 0 | O51: =SUM(C51:L51,N51) -> 109 | P51: =SUM(C51:N51) -> 144
B52: 17.30 -17.45 | C52: 41 | D52: 21 | E52: 9 | F52: 9 | G52: 1 | H52: 0 | I52: 9 | J52: 4 | K52: 0 | L52: 7 | M52: 42 | N52: 0 | O52: =SUM(C52:L52,N52) -> 101 | P52: =SUM(C52:N52) -> 143
B53: 17.45 -18.00 | C53: 39 | D53: 23 | E53: 5 | F53: 7 | G53: 1 | H53: 0 | I53: 3 | J53: 0 | K53: 0 | L53: 1 | M53: 40 | N53: 0 | O53: =SUM(C53:L53,N53) -> 79 | P53: =SUM(C53:N53) -> 119
B54: 18.00 - 18.15 | C54: 45 | D54: 27 | E54: 10 | F54: 12 | G54: 0 | H54: 0 | I54: 9 | J54: 2 | K54: 0 | L54: 0 | M54: 39 | N54: 0 | O54: =SUM(C54:L54,N54) -> 105 | P54: =SUM(C54:N54) -> 144
... B105: 06.45 - 07.00 | C105: 4 | D105: 3 | E105: 6 | F105: 4 | G105: 0 | H105: 0 | I105: 0 | J105: 2 | K105: 0 | L105: 0 | M105: 8 | N105: 0 | O105: =SUM(C105:L105,N105) -> 19 | P105: =SUM(C105:N105) -> 27
B106: Totals | C106: =SUM(C10:C105) -> 1840 | D106: =SUM(D10:D105) -> 1405 | E106: =SUM(E10:E105) -> 441 | F106: =SUM(F10:F105) -> 798 | G106: =SUM(G10:G105) -> 24 | H106: =SUM(H10:H105) -> 8 | I106: =SUM(I10:I105) -> 412 | J106: =SUM(J10:J105) -> 173 | ... P106: =SUM(P10:P105) -> 7384
B107: %ges + MCs | C107: =C106/$P$106 -> 0.24918743 | D107: =D106/$P$106 -> 0.19027627 | E107: =E106/$P$106 -> 0.059723727 | F107: =F106/$P$106 -> 0.10807151 | G107: =G106/$P$106 -> 0.0032502709 | H107: =H106/$P$106 -> 0.0010834236 | I107: =I106/$P$106 -> 0.055796316 | J107: =J106/$P$106 -> 0.023429036 | ... N107: =N106/$P$106 -> 0.0012188516
B108: %ges w/o MCs | C108: =C106/$O$106 -> 0.35473299 | D108: =D106/$O$106 -> 0.27086948 | E108: =E106/$O$106 -> 0.085020243 | F108: =F106/$O$106 -> 0.15384615 | G108: =G106/$O$106 -> 0.004626952 | H108: =H106/$O$106 -> 0.0015423173 | I108: =I106/$O$106 -> 0.079429343 | J108: =J106/$O$106 -> 0.033352612 | ... L108: =L106/$O$106 -> 0.012145749 | N108: =N106/$O$106 -> 0.001735107

Sheet 27.09.19 Sonde-Namugongo
B1: Consultancy services for Preparation of Expressway Development Master Plan (EDMP) for Uganda
B2: MANUAL CLASSIFIED COUNT (MCC)
B3: ROAD NAME: | C3: ='23.09 Sonde-Namugongo'!C3:G3 -> MCC-C2-STNO 73
C5: Date | D5: 27.09.19 | F5: Location | G5: ='28.09 Namugongo-Sonde-24h'!G5:H5 -> Sonde | J5: Surveyor | K5: Mark Elijah
C6: Dir. From | D6: ='23.09 Sonde-Namugongo'!D6:E6 -> SSONDE | F6: Dir. To | G6: ='23.09 Sonde-Namugongo'!G6:H6 -> NAMUGONGO | J6: Supervisor | K6: ='28.09 Namugongo-Sonde-24h'!K6:L6 -> Tracy
B8: Time / Veh Type | R8: SUMMARY TRAFFIC VOLUMES
C9: 1. Car | D9: 2. Station Wagon | E9: 3. Pickups | F9: 4. Minibus, matatu | G9: 5. Medium bus | H9: 6. Large Bus | I9: 7. Light Truck | J9: 8. Medium Truck | K9: 9. Heavy truck | L9: 10. Truck Trailer | M9: 11. Motor cycles | N9: 12. Tractors | O9: Total Excl M/Cycles | P9: Total All | R9: Time | S9: 1. Car | T9: 2. Station Wagon | U9: 3. Pickups | V9: 4. Minibus, matatu | W9: 5. Medium bus | X9: 6. Large Bus | Y9: 7. Light Truck | Z9: 8. Medium Truck | AA9: 9. Heavy truck | AB9: 10. Truck Trailer | AC9: 11. Motorcycles | AD9: 12. Tractors, Graders | AE9: Total Excl M/ Cycles | AF9: Total All
B10: 07.00 - 07.15 | C10: 23 | D10: 13 | E10: 3 | F10: 8 | G10: 0 | H10: 0 | I10: 2 | J10: 0 | K10: 2 | L10: 0 | M10: 29 | N10: 0 | O10: =SUM(C10:L10,N10) -> 51 | P10: =SUM(C10:N10) -> 80 | R10: 0700-0800 | S10: =SUM(C10:C13) -> 182 | T10: =SUM(D10:D13) -> 69 | U10: =SUM(E10:E13) -> 15 | V10: =SUM(F10:F13) -> 48 | W10: =SUM(G10:G13) -> 1 | X10: =SUM(H10:H13) -> 0 | Y10: =SUM(I10:I13) -> 11 | Z10: =SUM(J10:J13) -> 2 | ... AF10: =SUM(P10:P13) -> 533
B11: 07.15 - 07.30 | C11: 43 | D11: 16 | E11: 5 | F11: 15 | G11: 0 | H11: 0 | I11: 4 | J11: 1 | K11: 0 | L11: 0 | M11: 58 | N11: 0 | O11: =SUM(C11:L11,N11) -> 84 | P11: =SUM(C11:N11) -> 142 | R11: 0800-0900 | S11: =SUM(C14:C17) -> 144 | T11: =SUM(D14:D17) -> 63 | U11: =SUM(E14:E17) -> 13 | V11: =SUM(F14:F17) -> 38 | W11: =SUM(G14:G17) -> 2 | X11: =SUM(H14:H17) -> 2 | Y11: =SUM(I14:I17) -> 9 | Z11: =SUM(J14:J17) -> 2 | ... AF11: =SUM(P14:P17) -> 402
B12: 07.30 - 07.45 | C12: 56 | D12: 17 | E12: 3 | F12: 15 | G12: 1 | H12: 0 | I12: 3 | J12: 1 | K12: 0 | L12: 0 | M12: 65 | N12: 0 | O12: =SUM(C12:L12,N12) -> 96 | P12: =SUM(C12:N12) -> 161 | R12: 0900-1000 | S12: =SUM(C18:C21) -> 142 | T12: =SUM(D18:D21) -> 60 | U12: =SUM(E18:E21) -> 28 | V12: =SUM(F18:F21) -> 30 | W12: =SUM(G18:G21) -> 2 | X12: =SUM(H18:H21) -> 0 | Y12: =SUM(I18:I21) -> 24 | Z12: =SUM(J18:J21) -> 5 | ... AF12: =SUM(P18:P21) -> 431
B13: 07.45 - 08.00 | C13: 60 | D13: 23 | E13: 4 | F13: 10 | G13: 0 | H13: 0 | I13: 2 | J13: 0 | K13: 3 | L13: 0 | M13: 48 | N13: 0 | O13: =SUM(C13:L13,N13) -> 102 | P13: =SUM(C13:N13) -> 150 | R13: 1000-1100 | S13: =SUM(C22:C25) -> 142 | T13: =SUM(D22:D25) -> 55 | U13: =SUM(E22:E25) -> 34 | V13: =SUM(F22:F25) -> 42 | W13: =SUM(G22:G25) -> 2 | X13: =SUM(H22:H25) -> 1 | Y13: =SUM(I22:I25) -> 24 | Z13: =SUM(J22:J25) -> 5 | ... AF13: =SUM(P22:P25) -> 445
B14: 08.00 - 08.15 | C14: 25 | D14: 12 | E14: 2 | F14: 8 | G14: 1 | H14: 0 | I14: 3 | J14: 0 | K14: 2 | L14: 2 | M14: 25 | N14: 0 | O14: =SUM(C14:L14,N14) -> 55 | P14: =SUM(C14:N14) -> 80 | R14: 1100-1200 | S14: =SUM(C26:C29) -> 103 | T14: =SUM(D26:D29) -> 54 | U14: =SUM(E26:E29) -> 17 | V14: =SUM(F26:F29) -> 33 | W14: =SUM(G26:G29) -> 0 | X14: =SUM(H26:H29) -> 0 | Y14: =SUM(I26:I29) -> 18 | Z14: =SUM(J26:J29) -> 4 | ... AF14: =SUM(P26:P29) -> 337
B15: 08.15 - 08.30 | C15: 49 | D15: 13 | E15: 4 | F15: 12 | G15: 0 | H15: 2 | I15: 3 | J15: 1 | K15: 2 | L15: 0 | M15: 52 | N15: 0 | O15: =SUM(C15:L15,N15) -> 86 | P15: =SUM(C15:N15) -> 138 | R15: 1200-1300 | S15: =SUM(C30:C33) -> 66 | T15: =SUM(D30:D33) -> 139 | U15: =SUM(E30:E33) -> 29 | V15: =SUM(F30:F33) -> 40 | W15: =SUM(G30:G33) -> 0 | X15: =SUM(H30:H33) -> 0 | Y15: =SUM(I30:I33) -> 27 | Z15: =SUM(J30:J33) -> 12 | ... AF15: =SUM(P30:P33) -> 449
B16: 08.30 - 08.45 | C16: 41 | D16: 17 | E16: 4 | F16: 13 | G16: 0 | H16: 0 | I16: 1 | J16: 0 | K16: 0 | L16: 0 | M16: 27 | N16: 0 | O16: =SUM(C16:L16,N16) -> 76 | P16: =SUM(C16:N16) -> 103 | R16: 1300-1400 | S16: =SUM(C34:C37) -> 84 | T16: =SUM(D34:D37) -> 92 | U16: =SUM(E34:E37) -> 22 | V16: =SUM(F34:F37) -> 41 | W16: =SUM(G34:G37) -> 0 | X16: =SUM(H34:H37) -> 0 | Y16: =SUM(I34:I37) -> 35 | Z16: =SUM(J34:J37) -> 6 | ... AF16: =SUM(P34:P37) -> 358
B17: 08.45 - 9.00 | C17: 29 | D17: 21 | E17: 3 | F17: 5 | G17: 1 | H17: 0 | I17: 2 | J17: 1 | K17: 1 | L17: 0 | M17: 18 | N17: 0 | O17: =SUM(C17:L17,N17) -> 63 | P17: =SUM(C17:N17) -> 81 | R17: 1400-1500 | S17: =SUM(C38:C41) -> 70 | T17: =SUM(D38:D41) -> 107 | U17: =SUM(E38:E41) -> 27 | V17: =SUM(F38:F41) -> 38 | W17: =SUM(G38:G41) -> 1 | X17: =SUM(H38:H41) -> 1 | Y17: =SUM(I38:I41) -> 21 | Z17: =SUM(J38:J41) -> 9 | ... AF17: =SUM(P38:P41) -> 355
B18: 09.00 - 09.15 | C18: 28 | D18: 19 | E18: 4 | F18: 7 | G18: 1 | H18: 0 | I18: 5 | J18: 0 | K18: 0 | L18: 0 | M18: 41 | N18: 0 | O18: =SUM(C18:L18,N18) -> 64 | P18: =SUM(C18:N18) -> 105 | R18: 1500-1600 | S18: =SUM(C42:C45) -> 96 | T18: =SUM(D42:D45) -> 98 | U18: =SUM(E42:E45) -> 41 | V18: =SUM(F42:F45) -> 49 | W18: =SUM(G42:G45) -> 3 | X18: =SUM(H42:H45) -> 0 | Y18: =SUM(I42:I45) -> 15 | Z18: =SUM(J42:J45) -> 21 | ... AF18: =SUM(P42:P45) -> 461
B19: 09.15 - 09.30 | C19: 34 | D19: 11 | E19: 4 | F19: 6 | G19: 0 | H19: 0 | I19: 4 | J19: 2 | K19: 1 | L19: 0 | M19: 21 | N19: 0 | O19: =SUM(C19:L19,N19) -> 62 | P19: =SUM(C19:N19) -> 83 | R19: 1600-1700 | S19: =SUM(C46:C49) -> 111 | T19: =SUM(D46:D49) -> 148 | U19: =SUM(E46:E49) -> 48 | V19: =SUM(F46:F49) -> 53 | W19: =SUM(G46:G49) -> 1 | X19: =SUM(H46:H49) -> 1 | Y19: =SUM(I46:I49) -> 15 | Z19: =SUM(J46:J49) -> 13 | ... AF19: =SUM(P46:P49) -> 607
B20: 09.30 - 09.45 | C20: 35 | D20: 12 | E20: 7 | F20: 10 | G20: 1 | H20: 0 | I20: 7 | J20: 1 | K20: 1 | L20: 0 | M20: 35 | N20: 0 | O20: =SUM(C20:L20,N20) -> 74 | P20: =SUM(C20:N20) -> 109 | R20: 1700-1800 | S20: =SUM(C50:C53) -> 142 | T20: =SUM(D50:D53) -> 86 | U20: =SUM(E50:E53) -> 45 | V20: =SUM(F50:F53) -> 41 | W20: =SUM(G50:G53) -> 4 | X20: =SUM(H50:H53) -> 0 | Y20: =SUM(I50:I53) -> 32 | Z20: =SUM(J50:J53) -> 9 | ... AF20: =SUM(P50:P53) -> 509
B21: 09.45 - 10.00 | C21: 45 | D21: 18 | E21: 13 | F21: 7 | G21: 0 | H21: 0 | I21: 8 | J21: 2 | K21: 0 | L21: 0 | M21: 41 | N21: 0 | O21: =SUM(C21:L21,N21) -> 93 | P21: =SUM(C21:N21) -> 134 | R21: 1800-1900 | S21: =SUM(C54:C57) -> 101 | T21: =SUM(D54:D57) -> 132 | U21: =SUM(E54:E57) -> 56 | V21: =SUM(F54:F57) -> 82 | W21: =SUM(G54:G57) -> 4 | X21: =SUM(H54:H57) -> 0 | Y21: =SUM(I54:I57) -> 24 | Z21: =SUM(J54:J57) -> 17 | ... AF21: =SUM(P54:P57) -> 631
B22: 10.00 - 10.15 | C22: 26 | D22: 15 | E22: 8 | F22: 11 | G22: 1 | H22: 0 | I22: 3 | J22: 1 | K22: 1 | L22: 0 | M22: 36 | N22: 0 | O22: =SUM(C22:L22,N22) -> 66 | P22: =SUM(C22:N22) -> 102 | R22: AM Peak Hr | S22: =MAX(S10:S12) -> 182 | T22: =MAX(T10:T12) -> 69 | U22: =MAX(U10:U12) -> 28 | V22: =MAX(V10:V12) -> 48 | W22: =MAX(W10:W12) -> 2 | X22: =MAX(X10:X12) -> 2 | Y22: =MAX(Y10:Y12) -> 24 | Z22: =MAX(Z10:Z12) -> 5 | ... AF22: =MAX(AF10:AF12) -> 533
B23: 10.15 - 10.30 | C23: 34 | D23: 12 | E23: 6 | F23: 9 | G23: 0 | H23: 1 | I23: 7 | J23: 0 | K23: 3 | L23: 1 | M23: 34 | N23: 0 | O23: =SUM(C23:L23,N23) -> 73 | P23: =SUM(C23:N23) -> 107 | R23: IP Peak Hr | S23: =MAX(S13:S18) -> 142 | T23: =MAX(T13:T18) -> 139 | U23: =MAX(U13:U18) -> 41 | V23: =MAX(V13:V18) -> 49 | W23: =MAX(W13:W18) -> 3 | X23: =MAX(X13:X18) -> 1 | Y23: =MAX(Y13:Y18) -> 35 | Z23: =MAX(Z13:Z18) -> 21 | ... AF23: =MAX(AF13:AF18) -> 461
B24: 10.30 - 10.45 | C24: 51 | D24: 24 | E24: 10 | F24: 11 | G24: 1 | H24: 0 | I24: 6 | J24: 3 | K24: 5 | L24: 0 | M24: 33 | N24: 0 | O24: =SUM(C24:L24,N24) -> 111 | P24: =SUM(C24:N24) -> 144 | R24: PM Peak Hr | S24: =MAX(S19:S21) -> 142 | T24: =MAX(T19:T21) -> 148 | U24: =MAX(U19:U21) -> 56 | V24: =MAX(V19:V21) -> 82 | W24: =MAX(W19:W21) -> 4 | X24: =MAX(X19:X21) -> 1 | Y24: =MAX(Y19:Y21) -> 32 | Z24: =MAX(Z19:Z21) -> 17 | ... AF24: =MAX(AF19:AF21) -> 631
B25: 10.45 - 11.00 | C25: 31 | D25: 4 | E25: 10 | F25: 11 | G25: 0 | H25: 0 | I25: 8 | J25: 1 | K25: 0 | L25: 1 | M25: 26 | N25: 0 | O25: =SUM(C25:L25,N25) -> 66 | P25: =SUM(C25:N25) -> 92 | R25: AM Period | S25: =SUM(S10:S12) -> 468 | T25: =SUM(T10:T12) -> 192 | U25: =SUM(U10:U12) -> 56 | V25: =SUM(V10:V12) -> 116 | W25: =SUM(W10:W12) -> 5 | X25: =SUM(X10:X12) -> 2 | Y25: =SUM(Y10:Y12) -> 44 | Z25: =SUM(Z10:Z12) -> 9 | ... AF25: =SUM(AF10:AF12) -> 1366
B26: 11.00 - 11.15 | C26: 31 | D26: 14 | E26: 1 | F26: 6 | G26: 0 | H26: 0 | I26: 5 | J26: 1 | K26: 3 | L26: 0 | M26: 16 | N26: 0 | O26: =SUM(C26:L26,N26) -> 61 | P26: =SUM(C26:N26) -> 77 | R26: IP Period | S26: =SUM(S13:S18) -> 561 | T26: =SUM(T13:T18) -> 545 | U26: =SUM(U13:U18) -> 170 | V26: =SUM(V13:V18) -> 243 | W26: =SUM(W13:W18) -> 6 | X26: =SUM(X13:X18) -> 2 | Y26: =SUM(Y13:Y18) -> 140 | Z26: =SUM(Z13:Z18) -> 57 | ... AF26: =SUM(AF13:AF18) -> 2405
B27: 11.15 - 11.30 | C27: 30 | D27: 18 | E27: 5 | F27: 13 | G27: 0 | H27: 0 | I27: 4 | J27: 0 | K27: 0 | L27: 0 | M27: 28 | N27: 0 | O27: =SUM(C27:L27,N27) -> 70 | P27: =SUM(C27:N27) -> 98 | R27: PM Period | S27: =SUM(S19:S21) -> 354 | T27: =SUM(T19:T21) -> 366 | U27: =SUM(U19:U21) -> 149 | V27: =SUM(V19:V21) -> 176 | W27: =SUM(W19:W21) -> 9 | X27: =SUM(X19:X21) -> 1 | Y27: =SUM(Y19:Y21) -> 71 | Z27: =SUM(Z19:Z21) -> 39 | ... AF27: =SUM(AF19:AF21) -> 1747
B28: 11.30 - 11.45 | C28: 26 | D28: 13 | E28: 4 | F28: 8 | G28: 0 | H28: 0 | I28: 6 | J28: 1 | K28: 3 | L28: 0 | M28: 28 | N28: 0 | O28: =SUM(C28:L28,N28) -> 61 | P28: =SUM(C28:N28) -> 89 | R28: 12 Hours | S28: =SUM(S10:S21) -> 1383 | T28: =SUM(T10:T21) -> 1103 | U28: =SUM(U10:U21) -> 375 | V28: =SUM(V10:V21) -> 535 | W28: =SUM(W10:W21) -> 20 | X28: =SUM(X10:X21) -> 5 | Y28: =SUM(Y10:Y21) -> 255 | Z28: =SUM(Z10:Z21) -> 105 | ... AF28: =SUM(AF10:AF21) -> 5518
B29: 11.45 - 12.00 | C29: 16 | D29: 9 | E29: 7 | F29: 6 | G29: 0 | H29: 0 | I29: 3 | J29: 2 | K29: 0 | L29: 2 | M29: 28 | N29: 0 | O29: =SUM(C29:L29,N29) -> 45 | P29: =SUM(C29:N29) -> 73
B30: 12.00 - 12.15 | C30: 15 | D30: 24 | E30: 5 | F30: 10 | G30: 0 | H30: 0 | I30: 6 | J30: 3 | K30: 1 | L30: 1 | M30: 32 | N30: 0 | O30: =SUM(C30:L30,N30) -> 65 | P30: =SUM(C30:N30) -> 97
B31: 12.15 - 12.30 | C31: 16 | D31: 24 | E31: 7 | F31: 13 | G31: 0 | H31: 0 | I31: 4 | J31: 3 | K31: 0 | L31: 0 | M31: 34 | N31: 0 | O31: =SUM(C31:L31,N31) -> 67 | P31: =SUM(C31:N31) -> 101
B32: 12.30 - 12.45 | C32: 19 | D32: 48 | E32: 8 | F32: 9 | G32: 0 | H32: 0 | I32: 10 | J32: 4 | K32: 2 | L32: 0 | M32: 34 | N32: 0 | O32: =SUM(C32:L32,N32) -> 100 | P32: =SUM(C32:N32) -> 134
B33: 12.45 - 13.00 | C33: 16 | D33: 43 | E33: 9 | F33: 8 | G33: 0 | H33: 0 | I33: 7 | J33: 2 | K33: 0 | L33: 0 | M33: 32 | N33: 0 | O33: =SUM(C33:L33,N33) -> 85 | P33: =SUM(C33:N33) -> 117
B34: 13.00 - 13.15 | C34: 20 | D34: 25 | E34: 7 | F34: 18 | G34: 0 | H34: 0 | I34: 8 | J34: 0 | K34: 1 | L34: 1 | M34: 33 | N34: 0 | O34: =SUM(C34:L34,N34) -> 80 | P34: =SUM(C34:N34) -> 113
B35: 13.15 - 13.30 | C35: 9 | D35: 19 | E35: 3 | F35: 10 | G35: 0 | H35: 0 | I35: 7 | J35: 3 | K35: 2 | L35: 0 | M35: 14 | N35: 0 | O35: =SUM(C35:L35,N35) -> 53 | P35: =SUM(C35:N35) -> 67
B36: 13.30 - 13.45 | C36: 42 | D36: 11 | E36: 5 | F36: 4 | G36: 0 | H36: 0 | I36: 9 | J36: 0 | K36: 1 | L36: 1 | M36: 7 | N36: 0 | O36: =SUM(C36:L36,N36) -> 73 | P36: =SUM(C36:N36) -> 80
B37: 13.45 - 14.00 | C37: 13 | D37: 37 | E37: 7 | F37: 9 | G37: 0 | H37: 0 | I37: 11 | J37: 3 | K37: 2 | L37: 1 | M37: 15 | N37: 0 | O37: =SUM(C37:L37,N37) -> 83 | P37: =SUM(C37:N37) -> 98
B38: 14.00 - 14.15 | C38: 8 | D38: 31 | E38: 8 | F38: 11 | G38: 0 | H38: 0 | I38: 3 | J38: 0 | K38: 3 | L38: 0 | M38: 15 | N38: 0 | O38: =SUM(C38:L38,N38) -> 64 | P38: =SUM(C38:N38) -> 79
B39: 14.15 - 14.30 | C39: 12 | D39: 21 | E39: 4 | F39: 7 | G39: 1 | H39: 1 | I39: 5 | J39: 4 | K39: 3 | L39: 3 | M39: 16 | N39: 0 | O39: =SUM(C39:L39,N39) -> 61 | P39: =SUM(C39:N39) -> 77
B40: 14.30 - 14.45 | C40: 18 | D40: 28 | E40: 6 | F40: 8 | G40: 0 | H40: 0 | I40: 4 | J40: 1 | K40: 4 | L40: 0 | M40: 15 | N40: 0 | O40: =SUM(C40:L40,N40) -> 69 | P40: =SUM(C40:N40) -> 84
... B57: 18.45 - 19.00 | C57: 14 | D57: 20 | E57: 20 | F57: 21 | G57: 1 | H57: 0 | I57: 9 | J57: 5 | K57: 3 | L57: 0 | M57: 50 | N57: 0 | O57: =SUM(C57:L57,N57) -> 93 | P57: =SUM(C57:N57) -> 143
B58: Totals | C58: =SUM(C10:C57) -> 1383 | D58: =SUM(D10:D57) -> 1103 | E58: =SUM(E10:E57) -> 375 | F58: =SUM(F10:F57) -> 535 | G58: =SUM(G10:G57) -> 20 | H58: =SUM(H10:H57) -> 5 | I58: =SUM(I10:I57) -> 255 | J58: =SUM(J10:J57) -> 105 | ... P58: =SUM(P10:P57) -> 5518
B59: %ges + MCs | C59: =C58/$P$58 -> 0.25063429 | D59: =D58/$P$58 -> 0.19989126 | E59: =E58/$P$58 -> 0.067959406 | F59: =F58/$P$58 -> 0.096955419 | G59: =G58/$P$58 -> 0.0036245016 | H59: =H58/$P$58 -> 0.00090612541 | I59: =I58/$P$58 -> 0.046212396 | J59: =J58/$P$58 -> 0.019028634 | ... N59: =N58/$P$58 -> 0
B60: %ges w/o MCs | C60: =C58/$O$58 -> 0.35653519 | D60: =D58/$O$58 -> 0.28435164 | E60: =E58/$O$58 -> 0.096674401 | F60: =F58/$O$58 -> 0.13792214 | G60: =G58/$O$58 -> 0.005155968 | H60: =H58/$O$58 -> 0.001288992 | I60: =I58/$O$58 -> 0.065738592 | J60: =J58/$O$58 -> 0.027068832 | ... L60: =L58/$O$58 -> 0.0059293632 | N60: =N58/$O$58 -> 0

Sheet 27.09.19 Namugongo-Sonde
B1: Consultancy services for Preparation of Expressway Development Master Plan (EDMP) for Uganda
B2: MANUAL CLASSIFIED COUNT (MCC)
B3: ROAD NAME: | C3: ='23.09 Namugongo-Sonde'!C3:G3 -> MCC-C2-STNO 73
C5: Date | D5: ='27.09.19 Sonde-Namugongo'!D5 -> 27.09.19 | F5: Location | G5: ='27.09.19 Sonde-Namugongo'!G5:H5 -> Sonde | J5: Surveyor | K5: Amony Jovana
C6: Dir. From | D6: ='23.09 Namugongo-Sonde'!D6:E6 -> NAMUGONGO | F6: Dir. To | G6: ='23.09 Namugongo-Sonde'!G6:H6 -> SSONDE | J6: Supervisor | K6: ='27.09.19 Sonde-Namugongo'!K6:L6 -> Tracy
B8: Time / Veh Type | R8: SUMMARY TRAFFIC VOLUMES
C9: 1. Car | D9: 2. Station Wagon | E9: 3. Pickups | F9: 4. Minibus, matatu | G9: 5. Medium bus | H9: 6. Large Bus | I9: 7. Light Truck | J9: 8. Medium Truck | K9: 9. Heavy truck | L9: 10. Truck Trailer | M9: 11. Motor cycles | N9: 12. Tractors | O9: Total Excl M/Cycles | P9: Total All | R9: Time | S9: 1. Car | T9: 2. Station Wagon | U9: 3. Pickups | V9: 4. Minibus, matatu | W9: 5. Medium bus | X9: 6. Large Bus | Y9: 7. Light Truck | Z9: 8. Medium Truck | AA9: 9. Heavy truck | AB9: 10. Truck Trailer | AC9: 11. Motorcycles | AD9: 12. Tractors, Graders | AE9: Total Excl M/ Cycles | AF9: Total All
B10: 07.00 - 07.15 | C10: 19 | D10: 14 | E10: 9 | F10: 8 | G10: 1 | H10: 0 | I10: 2 | J10: 2 | K10: 0 | L10: 0 | M10: 20 | N10: 0 | O10: =SUM(C10:L10,N10) -> 55 | P10: =SUM(C10:N10) -> 75 | R10: 0700-0800 | S10: =SUM(C10:C13) -> 100 | T10: =SUM(D10:D13) -> 70 | U10: =SUM(E10:E13) -> 36 | V10: =SUM(F10:F13) -> 32 | W10: =SUM(G10:G13) -> 1 | X10: =SUM(H10:H13) -> 4 | Y10: =SUM(I10:I13) -> 11 | Z10: =SUM(J10:J13) -> 4 | ... AF10: =SUM(P10:P13) -> 371
B11: 07.15 - 07.30 | C11: 26 | D11: 23 | E11: 7 | F11: 7 | G11: 0 | H11: 0 | I11: 3 | J11: 0 | K11: 0 | L11: 0 | M11: 26 | N11: 0 | O11: =SUM(C11:L11,N11) -> 66 | P11: =SUM(C11:N11) -> 92 | R11: 0800-0900 | S11: =SUM(C14:C17) -> 115 | T11: =SUM(D14:D17) -> 100 | U11: =SUM(E14:E17) -> 29 | V11: =SUM(F14:F17) -> 50 | W11: =SUM(G14:G17) -> 1 | X11: =SUM(H14:H17) -> 0 | Y11: =SUM(I14:I17) -> 31 | Z11: =SUM(J14:J17) -> 10 | ... AF11: =SUM(P14:P17) -> 484
B12: 07.30 - 07.45 | C12: 35 | D12: 18 | E12: 12 | F12: 17 | G12: 0 | H12: 0 | I12: 5 | J12: 1 | K12: 0 | L12: 0 | M12: 33 | N12: 0 | O12: =SUM(C12:L12,N12) -> 88 | P12: =SUM(C12:N12) -> 121 | R12: 0900-1000 | S12: =SUM(C18:C21) -> 110 | T12: =SUM(D18:D21) -> 77 | U12: =SUM(E18:E21) -> 29 | V12: =SUM(F18:F21) -> 57 | W12: =SUM(G18:G21) -> 6 | X12: =SUM(H18:H21) -> 0 | Y12: =SUM(I18:I21) -> 16 | Z12: =SUM(J18:J21) -> 16 | ... AF12: =SUM(P18:P21) -> 459
B13: 07.45 - 08.00 | C13: 20 | D13: 15 | E13: 8 | F13: 0 | G13: 0 | H13: 4 | I13: 1 | J13: 1 | K13: 0 | L13: 0 | M13: 34 | N13: 0 | O13: =SUM(C13:L13,N13) -> 49 | P13: =SUM(C13:N13) -> 83 | R13: 1000-1100 | S13: =SUM(C22:C25) -> 92 | T13: =SUM(D22:D25) -> 73 | U13: =SUM(E22:E25) -> 30 | V13: =SUM(F22:F25) -> 54 | W13: =SUM(G22:G25) -> 0 | X13: =SUM(H22:H25) -> 0 | Y13: =SUM(I22:I25) -> 24 | Z13: =SUM(J22:J25) -> 13 | ... AF13: =SUM(P22:P25) -> 423
B14: 08.00 - 08.15 | C14: 17 | D14: 15 | E14: 3 | F14: 8 | G14: 1 | H14: 0 | I14: 9 | J14: 4 | K14: 0 | L14: 0 | M14: 24 | N14: 0 | O14: =SUM(C14:L14,N14) -> 57 | P14: =SUM(C14:N14) -> 81 | R14: 1100-1200 | S14: =SUM(C26:C29) -> 103 | T14: =SUM(D26:D29) -> 63 | U14: =SUM(E26:E29) -> 20 | V14: =SUM(F26:F29) -> 38 | W14: =SUM(G26:G29) -> 2 | X14: =SUM(H26:H29) -> 0 | Y14: =SUM(I26:I29) -> 36 | Z14: =SUM(J26:J29) -> 10 | ... AF14: =SUM(P26:P29) -> 432
B15: 08.15 - 08.30 | C15: 33 | D15: 31 | E15: 9 | F15: 13 | G15: 0 | H15: 0 | I15: 10 | J15: 1 | K15: 0 | L15: 0 | M15: 39 | N15: 0 | O15: =SUM(C15:L15,N15) -> 97 | P15: =SUM(C15:N15) -> 136 | R15: 1200-1300 | S15: =SUM(C30:C33) -> 98 | T15: =SUM(D30:D33) -> 85 | U15: =SUM(E30:E33) -> 25 | V15: =SUM(F30:F33) -> 35 | W15: =SUM(G30:G33) -> 4 | X15: =SUM(H30:H33) -> 0 | Y15: =SUM(I30:I33) -> 34 | Z15: =SUM(J30:J33) -> 21 | ... AF15: =SUM(P30:P33) -> 413
B16: 08.30 - 08.45 | C16: 31 | D16: 24 | E16: 5 | F16: 15 | G16: 0 | H16: 0 | I16: 7 | J16: 5 | K16: 0 | L16: 0 | M16: 40 | N16: 0 | O16: =SUM(C16:L16,N16) -> 87 | P16: =SUM(C16:N16) -> 127 | R16: 1300-1400 | S16: =SUM(C34:C37) -> 93 | T16: =SUM(D34:D37) -> 64 | U16: =SUM(E34:E37) -> 23 | V16: =SUM(F34:F37) -> 39 | W16: =SUM(G34:G37) -> 2 | X16: =SUM(H34:H37) -> 1 | Y16: =SUM(I34:I37) -> 37 | Z16: =SUM(J34:J37) -> 13 | ... AF16: =SUM(P34:P37) -> 364
B17: 08.45 - 9.00 | C17: 34 | D17: 30 | E17: 12 | F17: 14 | G17: 0 | H17: 0 | I17: 5 | J17: 0 | K17: 0 | L17: 0 | M17: 45 | N17: 0 | O17: =SUM(C17:L17,N17) -> 95 | P17: =SUM(C17:N17) -> 140 | R17: 1400-1500 | S17: =SUM(C38:C41) -> 109 | T17: =SUM(D38:D41) -> 95 | U17: =SUM(E38:E41) -> 23 | V17: =SUM(F38:F41) -> 41 | W17: =SUM(G38:G41) -> 2 | X17: =SUM(H38:H41) -> 0 | Y17: =SUM(I38:I41) -> 39 | Z17: =SUM(J38:J41) -> 11 | ... AF17: =SUM(P38:P41) -> 409
B18: 09.00 - 09.15 | C18: 27 | D18: 21 | E18: 8 | F18: 14 | G18: 1 | H18: 0 | I18: 8 | J18: 2 | K18: 0 | L18: 0 | M18: 40 | N18: 0 | O18: =SUM(C18:L18,N18) -> 81 | P18: =SUM(C18:N18) -> 121 | R18: 1500-1600 | S18: =SUM(C42:C45) -> 117 | T18: =SUM(D42:D45) -> 84 | U18: =SUM(E42:E45) -> 41 | V18: =SUM(F42:F45) -> 36 | W18: =SUM(G42:G45) -> 0 | X18: =SUM(H42:H45) -> 0 | Y18: =SUM(I42:I45) -> 32 | Z18: =SUM(J42:J45) -> 10 | ... AF18: =SUM(P42:P45) -> 421
B19: 09.15 - 09.30 | C19: 24 | D19: 21 | E19: 3 | F19: 15 | G19: 1 | H19: 0 | I19: 3 | J19: 4 | K19: 0 | L19: 0 | M19: 36 | N19: 0 | O19: =SUM(C19:L19,N19) -> 71 | P19: =SUM(C19:N19) -> 107 | R19: 1600-1700 | S19: =SUM(C46:C49) -> 155 | T19: =SUM(D46:D49) -> 65 | U19: =SUM(E46:E49) -> 16 | V19: =SUM(F46:F49) -> 38 | W19: =SUM(G46:G49) -> 0 | X19: =SUM(H46:H49) -> 1 | Y19: =SUM(I46:I49) -> 24 | Z19: =SUM(J46:J49) -> 3 | ... AF19: =SUM(P46:P49) -> 421
B20: 09.30 - 09.45 | C20: 41 | D20: 18 | E20: 11 | F20: 13 | G20: 2 | H20: 0 | I20: 2 | J20: 3 | K20: 0 | L20: 0 | M20: 45 | N20: 0 | O20: =SUM(C20:L20,N20) -> 90 | P20: =SUM(C20:N20) -> 135 | R20: 1700-1800 | S20: =SUM(C50:C53) -> 149 | T20: =SUM(D50:D53) -> 94 | U20: =SUM(E50:E53) -> 17 | V20: =SUM(F50:F53) -> 50 | W20: =SUM(G50:G53) -> 5 | X20: =SUM(H50:H53) -> 0 | Y20: =SUM(I50:I53) -> 24 | Z20: =SUM(J50:J53) -> 7 | ... AF20: =SUM(P50:P53) -> 500
B21: 09.45 - 10.00 | C21: 18 | D21: 17 | E21: 7 | F21: 15 | G21: 2 | H21: 0 | I21: 3 | J21: 7 | K21: 0 | L21: 0 | M21: 27 | N21: 0 | O21: =SUM(C21:L21,N21) -> 69 | P21: =SUM(C21:N21) -> 96 | R21: 1800-1900 | S21: =SUM(C54:C57) -> 148 | T21: =SUM(D54:D57) -> 122 | U21: =SUM(E54:E57) -> 26 | V21: =SUM(F54:F57) -> 52 | W21: =SUM(G54:G57) -> 1 | X21: =SUM(H54:H57) -> 0 | Y21: =SUM(I54:I57) -> 23 | Z21: =SUM(J54:J57) -> 5 | ... AF21: =SUM(P54:P57) -> 565
B22: 10.00 - 10.15 | C22: 26 | D22: 22 | E22: 8 | F22: 15 | G22: 0 | H22: 0 | I22: 4 | J22: 2 | K22: 0 | L22: 0 | M22: 41 | N22: 0 | O22: =SUM(C22:L22,N22) -> 77 | P22: =SUM(C22:N22) -> 118 | R22: AM Peak Hr | S22: =MAX(S10:S12) -> 115 | T22: =MAX(T10:T12) -> 100 | U22: =MAX(U10:U12) -> 36 | V22: =MAX(V10:V12) -> 57 | W22: =MAX(W10:W12) -> 6 | X22: =MAX(X10:X12) -> 4 | Y22: =MAX(Y10:Y12) -> 31 | Z22: =MAX(Z10:Z12) -> 16 | ... AF22: =MAX(AF10:AF12) -> 484
B23: 10.15 - 10.30 | C23: 23 | D23: 15 | E23: 9 | F23: 13 | G23: 0 | H23: 0 | I23: 10 | J23: 1 | K23: 0 | L23: 0 | M23: 34 | N23: 0 | O23: =SUM(C23:L23,N23) -> 71 | P23: =SUM(C23:N23) -> 105 | R23: IP Peak Hr | S23: =MAX(S13:S18) -> 117 | T23: =MAX(T13:T18) -> 95 | U23: =MAX(U13:U18) -> 41 | V23: =MAX(V13:V18) -> 54 | W23: =MAX(W13:W18) -> 4 | X23: =MAX(X13:X18) -> 1 | Y23: =MAX(Y13:Y18) -> 39 | Z23: =MAX(Z13:Z18) -> 21 | ... AF23: =MAX(AF13:AF18) -> 432
B24: 10.30 - 10.45 | C24: 17 | D24: 12 | E24: 3 | F24: 8 | G24: 0 | H24: 0 | I24: 6 | J24: 4 | K24: 0 | L24: 0 | M24: 31 | N24: 0 | O24: =SUM(C24:L24,N24) -> 50 | P24: =SUM(C24:N24) -> 81 | R24: PM Peak Hr | S24: =MAX(S19:S21) -> 155 | T24: =MAX(T19:T21) -> 122 | U24: =MAX(U19:U21) -> 26 | V24: =MAX(V19:V21) -> 52 | W24: =MAX(W19:W21) -> 5 | X24: =MAX(X19:X21) -> 1 | Y24: =MAX(Y19:Y21) -> 24 | Z24: =MAX(Z19:Z21) -> 7 | ... AF24: =MAX(AF19:AF21) -> 565
B25: 10.45 - 11.00 | C25: 26 | D25: 24 | E25: 10 | F25: 18 | G25: 0 | H25: 0 | I25: 4 | J25: 6 | K25: 0 | L25: 0 | M25: 31 | N25: 0 | O25: =SUM(C25:L25,N25) -> 88 | P25: =SUM(C25:N25) -> 119 | R25: AM Period | S25: =SUM(S10:S12) -> 325 | T25: =SUM(T10:T12) -> 247 | U25: =SUM(U10:U12) -> 94 | V25: =SUM(V10:V12) -> 139 | W25: =SUM(W10:W12) -> 8 | X25: =SUM(X10:X12) -> 4 | Y25: =SUM(Y10:Y12) -> 58 | Z25: =SUM(Z10:Z12) -> 30 | ... AF25: =SUM(AF10:AF12) -> 1314
B26: 11.00 - 11.15 | C26: 20 | D26: 18 | E26: 3 | F26: 7 | G26: 1 | H26: 0 | I26: 9 | J26: 2 | K26: 0 | L26: 0 | M26: 40 | N26: 0 | O26: =SUM(C26:L26,N26) -> 60 | P26: =SUM(C26:N26) -> 100 | R26: IP Period | S26: =SUM(S13:S18) -> 612 | T26: =SUM(T13:T18) -> 464 | U26: =SUM(U13:U18) -> 162 | V26: =SUM(V13:V18) -> 243 | W26: =SUM(W13:W18) -> 10 | X26: =SUM(X13:X18) -> 1 | Y26: =SUM(Y13:Y18) -> 202 | Z26: =SUM(Z13:Z18) -> 78 | ... AF26: =SUM(AF13:AF18) -> 2462
B27: 11.15 - 11.30 | C27: 31 | D27: 19 | E27: 7 | F27: 14 | G27: 0 | H27: 0 | I27: 11 | J27: 5 | K27: 0 | L27: 1 | M27: 40 | N27: 0 | O27: =SUM(C27:L27,N27) -> 88 | P27: =SUM(C27:N27) -> 128 | R27: PM Period | S27: =SUM(S19:S21) -> 452 | T27: =SUM(T19:T21) -> 281 | U27: =SUM(U19:U21) -> 59 | V27: =SUM(V19:V21) -> 140 | W27: =SUM(W19:W21) -> 6 | X27: =SUM(X19:X21) -> 1 | Y27: =SUM(Y19:Y21) -> 71 | Z27: =SUM(Z19:Z21) -> 15 | ... AF27: =SUM(AF19:AF21) -> 1486
B28: 11.30 - 11.45 | C28: 26 | D28: 9 | E28: 2 | F28: 9 | G28: 1 | H28: 0 | I28: 5 | J28: 1 | K28: 0 | L28: 1 | M28: 32 | N28: 0 | O28: =SUM(C28:L28,N28) -> 54 | P28: =SUM(C28:N28) -> 86 | R28: 12 Hours | S28: =SUM(S10:S21) -> 1389 | T28: =SUM(T10:T21) -> 992 | U28: =SUM(U10:U21) -> 315 | V28: =SUM(V10:V21) -> 522 | W28: =SUM(W10:W21) -> 24 | X28: =SUM(X10:X21) -> 6 | Y28: =SUM(Y10:Y21) -> 331 | Z28: =SUM(Z10:Z21) -> 123 | ... AF28: =SUM(AF10:AF21) -> 5262
B29: 11.45 - 12.00 | C29: 26 | D29: 17 | E29: 8 | F29: 8 | G29: 0 | H29: 0 | I29: 11 | J29: 2 | K29: 0 | L29: 0 | M29: 46 | N29: 0 | O29: =SUM(C29:L29,N29) -> 72 | P29: =SUM(C29:N29) -> 118
B30: 12.00 - 12.15 | C30: 32 | D30: 23 | E30: 6 | F30: 10 | G30: 0 | H30: 0 | I30: 12 | J30: 4 | K30: 0 | L30: 2 | M30: 30 | N30: 0 | O30: =SUM(C30:L30,N30) -> 89 | P30: =SUM(C30:N30) -> 119
B31: 12.15 - 12.30 | C31: 19 | D31: 22 | E31: 6 | F31: 10 | G31: 2 | H31: 0 | I31: 7 | J31: 4 | K31: 0 | L31: 1 | M31: 29 | N31: 0 | O31: =SUM(C31:L31,N31) -> 71 | P31: =SUM(C31:N31) -> 100
B32: 12.30 - 12.45 | C32: 23 | D32: 19 | E32: 6 | F32: 8 | G32: 1 | H32: 0 | I32: 9 | J32: 2 | K32: 0 | L32: 1 | M32: 23 | N32: 0 | O32: =SUM(C32:L32,N32) -> 69 | P32: =SUM(C32:N32) -> 92
B33: 12.45 - 13.00 | C33: 24 | D33: 21 | E33: 7 | F33: 7 | G33: 1 | H33: 0 | I33: 6 | J33: 11 | K33: 0 | L33: 1 | M33: 24 | N33: 0 | O33: =SUM(C33:L33,N33) -> 78 | P33: =SUM(C33:N33) -> 102
B34: 13.00 - 13.15 | C34: 21 | D34: 22 | E34: 9 | F34: 14 | G34: 1 | H34: 0 | I34: 12 | J34: 3 | K34: 0 | L34: 0 | M34: 20 | N34: 0 | O34: =SUM(C34:L34,N34) -> 82 | P34: =SUM(C34:N34) -> 102
B35: 13.15 - 13.30 | C35: 33 | D35: 19 | E35: 6 | F35: 13 | G35: 1 | H35: 0 | I35: 11 | J35: 8 | K35: 0 | L35: 0 | M35: 21 | N35: 0 | O35: =SUM(C35:L35,N35) -> 91 | P35: =SUM(C35:N35) -> 112
B36: 13.30 - 13.45 | C36: 20 | D36: 19 | E36: 5 | F36: 8 | G36: 0 | H36: 1 | I36: 8 | J36: 2 | K36: 0 | L36: 1 | M36: 21 | N36: 0 | O36: =SUM(C36:L36,N36) -> 64 | P36: =SUM(C36:N36) -> 85
B37: 13.45 - 14.00 | C37: 19 | D37: 4 | E37: 3 | F37: 4 | G37: 0 | H37: 0 | I37: 6 | J37: 0 | K37: 0 | L37: 0 | M37: 29 | N37: 0 | O37: =SUM(C37:L37,N37) -> 36 | P37: =SUM(C37:N37) -> 65
B38: 14.00 - 14.15 | C38: 30 | D38: 30 | E38: 7 | F38: 13 | G38: 2 | H38: 0 | I38: 12 | J38: 5 | K38: 0 | L38: 4 | M38: 30 | N38: 0 | O38: =SUM(C38:L38,N38) -> 103 | P38: =SUM(C38:N38) -> 133
B39: 14.15 - 14.30 | C39: 29 | D39: 29 | E39: 7 | F39: 11 | G39: 0 | H39: 0 | I39: 10 | J39: 5 | K39: 0 | L39: 0 | M39: 16 | N39: 0 | O39: =SUM(C39:L39,N39) -> 91 | P39: =SUM(C39:N39) -> 107
B40: 14.30 - 14.45 | C40: 33 | D40: 18 | E40: 6 | F40: 8 | G40: 0 | H40: 0 | I40: 11 | J40: 0 | K40: 0 | L40: 0 | M40: 18 | N40: 0 | O40: =SUM(C40:L40,N40) -> 76 | P40: =SUM(C40:N40) -> 94
... B57: 18.45 - 19.00 | C57: 35 | D57: 25 | E57: 7 | F57: 11 | G57: 0 | H57: 0 | I57: 6 | J57: 1 | K57: 0 | L57: 0 | M57: 47 | N57: 0 | O57: =SUM(C57:L57,N57) -> 85 | P57: =SUM(C57:N57) -> 132
B58: Totals | C58: =SUM(C10:C57) -> 1389 | D58: =SUM(D10:D57) -> 992 | E58: =SUM(E10:E57) -> 315 | F58: =SUM(F10:F57) -> 522 | G58: =SUM(G10:G57) -> 24 | H58: =SUM(H10:H57) -> 6 | I58: =SUM(I10:I57) -> 331 | J58: =SUM(J10:J57) -> 123 | ... P58: =SUM(P10:P57) -> 5262
B59: %ges + MCs | C59: =C58/$P$58 -> 0.26396807 | D59: =D58/$P$58 -> 0.18852147 | E59: =E58/$P$58 -> 0.05986317 | F59: =F58/$P$58 -> 0.099201824 | G59: =G58/$P$58 -> 0.0045610034 | H59: =H58/$P$58 -> 0.0011402509 | I59: =I58/$P$58 -> 0.062903839 | J59: =J58/$P$58 -> 0.023375143 | ... N59: =N58/$P$58 -> 0
B60: %ges w/o MCs | C60: =C58/$O$58 -> 0.3714897 | D60: =D58/$O$58 -> 0.26531158 | E60: =E58/$O$58 -> 0.084247125 | F60: =F58/$O$58 -> 0.13960952 | G60: =G58/$O$58 -> 0.0064188286 | H60: =H58/$O$58 -> 0.0016047071 | I60: =I58/$O$58 -> 0.088526344 | J60: =J58/$O$58 -> 0.032896496 | ... L60: =L58/$O$58 -> 0.0082909869 | N60: =N58/$O$58 -> 0

Sheet 28.09 Sonde-Namugongo-24h
B1: Consultancy services for Preparation of Expressway Development Master Plan (EDMP) for Uganda
B2: MANUAL CLASSIFIED COUNT (MCC)
B3: ROAD NAME: | C3: MCC-C2-STN 73 Sonde RD
C5: Date | D5: 28.09.19 | F5: Location | G5: Sonde | J5: Surveyor | K5: Elijah
C6: Dir. From | D6: SONDE | F6: Dir. To | G6: Namugongo | J6: Supervisor | K6: Tracy
B8: Time / Veh Type | R8: SUMMARY TRAFFIC VOLUMES
C9: 1. Car | D9: 2. Station Wagon | E9: 3. Pickups | F9: 4. Minibus, matatu | G9: 5. Medium bus | H9: 6. Large Bus | I9: 7. Light Truck | J9: 8. Medium Truck | K9: 9. Heavy truck | L9: 10. Truck Trailer | M9: 11. Motor cycles | N9: 12. Tractors | O9: Total Excl M/Cycles | P9: Total All | R9: Time | S9: 1. Car | T9: 2. Station Wagon | U9: 3. Pickups | V9: 4. Minibus, matatu | W9: 5. Medium bus | X9: 6. Large Bus | Y9: 7. Light Truck | Z9: 8. Medium Truck | AA9: 9. Heavy truck | AB9: 10. Truck Trailer | AC9: 11. Motorcycles | AD9: 12. Tractors, Graders | AE9: Total Excl M/ Cycles | AF9: Total All
B10: 07.00 - 07.15 | C10: 15 | D10: 8 | E10: 3 | F10: 7 | G10: 0 | H10: 0 | I10: 2 | J10: 0 | K10: 0 | L10: 0 | M10: 29 | N10: 0 | O10: =SUM(C10:L10,N10) -> 35 | P10: =SUM(C10:N10) -> 64 | R10: 0700-0800 | S10: =SUM(C10:C13) -> 131 | T10: =SUM(D10:D13) -> 48 | U10: =SUM(E10:E13) -> 13 | V10: =SUM(F10:F13) -> 60 | W10: =SUM(G10:G13) -> 2 | X10: =SUM(H10:H13) -> 0 | Y10: =SUM(I10:I13) -> 19 | Z10: =SUM(J10:J13) -> 3 | ... AF10: =SUM(P10:P13) -> 467
B11: 07.15 - 07.30 | C11: 30 | D11: 12 | E11: 2 | F11: 21 | G11: 1 | H11: 0 | I11: 5 | J11: 0 | K11: 0 | L11: 0 | M11: 60 | N11: 0 | O11: =SUM(C11:L11,N11) -> 71 | P11: =SUM(C11:N11) -> 131 | R11: 0800-0900 | S11: =SUM(C14:C17) -> 192 | T11: =SUM(D14:D17) -> 73 | U11: =SUM(E14:E17) -> 25 | V11: =SUM(F14:F17) -> 63 | W11: =SUM(G14:G17) -> 3 | X11: =SUM(H14:H17) -> 1 | Y11: =SUM(I14:I17) -> 15 | Z11: =SUM(J14:J17) -> 3 | ... AF11: =SUM(P14:P17) -> 629
B12: 07.30 - 07.45 | C12: 33 | D12: 12 | E12: 4 | F12: 20 | G12: 0 | H12: 0 | I12: 4 | J12: 2 | K12: 2 | L12: 0 | M12: 55 | N12: 0 | O12: =SUM(C12:L12,N12) -> 77 | P12: =SUM(C12:N12) -> 132 | R12: 0900-1000 | S12: =SUM(C18:C21) -> 203 | T12: =SUM(D18:D21) -> 88 | U12: =SUM(E18:E21) -> 29 | V12: =SUM(F18:F21) -> 53 | W12: =SUM(G18:G21) -> 7 | X12: =SUM(H18:H21) -> 4 | Y12: =SUM(I18:I21) -> 18 | Z12: =SUM(J18:J21) -> 3 | ... AF12: =SUM(P18:P21) -> 612
B13: 07.45 - 08.00 | C13: 53 | D13: 16 | E13: 4 | F13: 12 | G13: 1 | H13: 0 | I13: 8 | J13: 1 | K13: 0 | L13: 0 | M13: 45 | N13: 0 | O13: =SUM(C13:L13,N13) -> 95 | P13: =SUM(C13:N13) -> 140 | R13: 1000-1100 | S13: =SUM(C22:C25) -> 195 | T13: =SUM(D22:D25) -> 79 | U13: =SUM(E22:E25) -> 30 | V13: =SUM(F22:F25) -> 49 | W13: =SUM(G22:G25) -> 2 | X13: =SUM(H22:H25) -> 2 | Y13: =SUM(I22:I25) -> 15 | Z13: =SUM(J22:J25) -> 8 | ... AF13: =SUM(P22:P25) -> 595
B14: 08.00 - 08.15 | C14: 45 | D14: 21 | E14: 6 | F14: 15 | G14: 0 | H14: 0 | I14: 10 | J14: 1 | K14: 1 | L14: 0 | M14: 54 | N14: 0 | O14: =SUM(C14:L14,N14) -> 99 | P14: =SUM(C14:N14) -> 153 | R14: 1100-1200 | S14: =SUM(C26:C29) -> 167 | T14: =SUM(D26:D29) -> 79 | U14: =SUM(E26:E29) -> 33 | V14: =SUM(F26:F29) -> 44 | W14: =SUM(G26:G29) -> 3 | X14: =SUM(H26:H29) -> 1 | Y14: =SUM(I26:I29) -> 31 | Z14: =SUM(J26:J29) -> 7 | ... AF14: =SUM(P26:P29) -> 507
B15: 08.15 - 08.30 | C15: 56 | D15: 20 | E15: 6 | F15: 24 | G15: 1 | H15: 1 | I15: 2 | J15: 0 | K15: 1 | L15: 1 | M15: 68 | N15: 0 | O15: =SUM(C15:L15,N15) -> 112 | P15: =SUM(C15:N15) -> 180 | R15: 1200-1300 | S15: =SUM(C30:C33) -> 143 | T15: =SUM(D30:D33) -> 72 | U15: =SUM(E30:E33) -> 32 | V15: =SUM(F30:F33) -> 39 | W15: =SUM(G30:G33) -> 1 | X15: =SUM(H30:H33) -> 1 | Y15: =SUM(I30:I33) -> 38 | Z15: =SUM(J30:J33) -> 7 | ... AF15: =SUM(P30:P33) -> 505
B16: 08.30 - 08.45 | C16: 48 | D16: 13 | E16: 7 | F16: 11 | G16: 1 | H16: 0 | I16: 1 | J16: 1 | K16: 0 | L16: 0 | M16: 77 | N16: 0 | O16: =SUM(C16:L16,N16) -> 82 | P16: =SUM(C16:N16) -> 159 | R16: 1300-1400 | S16: =SUM(C34:C37) -> 174 | T16: =SUM(D34:D37) -> 84 | U16: =SUM(E34:E37) -> 22 | V16: =SUM(F34:F37) -> 32 | W16: =SUM(G34:G37) -> 0 | X16: =SUM(H34:H37) -> 0 | Y16: =SUM(I34:I37) -> 25 | Z16: =SUM(J34:J37) -> 13 | ... AF16: =SUM(P34:P37) -> 505
B17: 08.45 - 9.00 | C17: 43 | D17: 19 | E17: 6 | F17: 13 | G17: 1 | H17: 0 | I17: 2 | J17: 1 | K17: 2 | L17: 0 | M17: 50 | N17: 0 | O17: =SUM(C17:L17,N17) -> 87 | P17: =SUM(C17:N17) -> 137 | R17: 1400-1500 | S17: =SUM(C38:C41) -> 129 | T17: =SUM(D38:D41) -> 73 | U17: =SUM(E38:E41) -> 19 | V17: =SUM(F38:F41) -> 29 | W17: =SUM(G38:G41) -> 0 | X17: =SUM(H38:H41) -> 0 | Y17: =SUM(I38:I41) -> 28 | Z17: =SUM(J38:J41) -> 5 | ... AF17: =SUM(P38:P41) -> 432
B18: 09.00 - 09.15 | C18: 40 | D18: 18 | E18: 5 | F18: 15 | G18: 1 | H18: 0 | I18: 3 | J18: 2 | K18: 0 | L18: 1 | M18: 70 | N18: 0 | O18: =SUM(C18:L18,N18) -> 85 | P18: =SUM(C18:N18) -> 155 | R18: 1500-1600 | S18: =SUM(C42:C45) -> 134 | T18: =SUM(D42:D45) -> 71 | U18: =SUM(E42:E45) -> 27 | V18: =SUM(F42:F45) -> 37 | W18: =SUM(G42:G45) -> 2 | X18: =SUM(H42:H45) -> 2 | Y18: =SUM(I42:I45) -> 23 | Z18: =SUM(J42:J45) -> 9 | ... AF18: =SUM(P42:P45) -> 424
B19: 09.15 - 09.30 | C19: 60 | D19: 34 | E19: 10 | F19: 22 | G19: 1 | H19: 3 | I19: 6 | J19: 1 | K19: 0 | L19: 0 | M19: 64 | N19: 0 | O19: =SUM(C19:L19,N19) -> 137 | P19: =SUM(C19:N19) -> 201 | R19: 1600-1700 | S19: =SUM(C46:C49) -> 159 | T19: =SUM(D46:D49) -> 74 | U19: =SUM(E46:E49) -> 38 | V19: =SUM(F46:F49) -> 37 | W19: =SUM(G46:G49) -> 3 | X19: =SUM(H46:H49) -> 0 | Y19: =SUM(I46:I49) -> 29 | Z19: =SUM(J46:J49) -> 3 | ... AF19: =SUM(P46:P49) -> 466
B20: 09.30 - 09.45 | C20: 50 | D20: 18 | E20: 5 | F20: 4 | G20: 2 | H20: 1 | I20: 2 | J20: 0 | K20: 0 | L20: 1 | M20: 45 | N20: 0 | O20: =SUM(C20:L20,N20) -> 83 | P20: =SUM(C20:N20) -> 128 | R20: 1700-1800 | S20: =SUM(C50:C53) -> 195 | T20: =SUM(D50:D53) -> 86 | U20: =SUM(E50:E53) -> 24 | V20: =SUM(F50:F53) -> 45 | W20: =SUM(G50:G53) -> 7 | X20: =SUM(H50:H53) -> 0 | Y20: =SUM(I50:I53) -> 29 | Z20: =SUM(J50:J53) -> 10 | ... AF20: =SUM(P50:P53) -> 541
B21: 09.45 - 10.00 | C21: 53 | D21: 18 | E21: 9 | F21: 12 | G21: 3 | H21: 0 | I21: 7 | J21: 0 | K21: 1 | L21: 0 | M21: 25 | N21: 0 | O21: =SUM(C21:L21,N21) -> 103 | P21: =SUM(C21:N21) -> 128 | R21: 1800-1900 | S21: =SUM(C54:C57) -> 112 | T21: =SUM(D54:D57) -> 86 | U21: =SUM(E54:E57) -> 51 | V21: =SUM(F54:F57) -> 52 | W21: =SUM(G54:G57) -> 4 | X21: =SUM(H54:H57) -> 3 | Y21: =SUM(I54:I57) -> 23 | Z21: =SUM(J54:J57) -> 7 | ... AF21: =SUM(P54:P57) -> 438
B22: 10.00 - 10.15 | C22: 46 | D22: 21 | E22: 8 | F22: 13 | G22: 1 | H22: 2 | I22: 4 | J22: 0 | K22: 2 | L22: 2 | M22: 46 | N22: 0 | O22: =SUM(C22:L22,N22) -> 99 | P22: =SUM(C22:N22) -> 145 | R22: 1900-2000 | S22: =SUM(C58:C61) -> 161 | T22: =SUM(D58:D61) -> 69 | U22: =SUM(E58:E61) -> 23 | V22: =SUM(F58:F61) -> 25 | W22: =SUM(G58:G61) -> 3 | X22: =SUM(H58:H61) -> 0 | Y22: =SUM(I58:I61) -> 19 | Z22: =SUM(J58:J61) -> 2 | ... AF22: =SUM(P58:P61) -> 377
B23: 10.15 - 10.30 | C23: 52 | D23: 21 | E23: 6 | F23: 10 | G23: 0 | H23: 0 | I23: 4 | J23: 2 | K23: 3 | L23: 1 | M23: 45 | N23: 0 | O23: =SUM(C23:L23,N23) -> 99 | P23: =SUM(C23:N23) -> 144 | R23: 2000-2100 | S23: =SUM(C62:C65) -> 121 | T23: =SUM(D62:D65) -> 46 | U23: =SUM(E62:E65) -> 14 | V23: =SUM(F62:F65) -> 31 | W23: =SUM(G62:G65) -> 3 | X23: =SUM(H62:H65) -> 1 | Y23: =SUM(I62:I65) -> 15 | Z23: =SUM(J62:J65) -> 7 | ... AF23: =SUM(P62:P65) -> 308
B24: 10.30 - 10.45 | C24: 54 | D24: 16 | E24: 8 | F24: 15 | G24: 1 | H24: 0 | I24: 6 | J24: 3 | K24: 2 | L24: 0 | M24: 56 | N24: 0 | O24: =SUM(C24:L24,N24) -> 105 | P24: =SUM(C24:N24) -> 161 | R24: 2100-2200 | S24: =SUM(C66:C69) -> 118 | T24: =SUM(D66:D69) -> 97 | U24: =SUM(E66:E69) -> 18 | V24: =SUM(F66:F69) -> 35 | W24: =SUM(G66:G69) -> 4 | X24: =SUM(H66:H69) -> 1 | Y24: =SUM(I66:I69) -> 12 | Z24: =SUM(J66:J69) -> 4 | ... AF24: =SUM(P66:P69) -> 368
B25: 10.45 - 11.00 | C25: 43 | D25: 21 | E25: 8 | F25: 11 | G25: 0 | H25: 0 | I25: 1 | J25: 3 | K25: 3 | L25: 0 | M25: 55 | N25: 0 | O25: =SUM(C25:L25,N25) -> 90 | P25: =SUM(C25:N25) -> 145 | R25: 2200-2300 | S25: =SUM(C70:C73) -> 126 | T25: =SUM(D70:D73) -> 57 | U25: =SUM(E70:E73) -> 18 | V25: =SUM(F70:F73) -> 23 | W25: =SUM(G70:G73) -> 3 | X25: =SUM(H70:H73) -> 0 | Y25: =SUM(I70:I73) -> 7 | Z25: =SUM(J70:J73) -> 2 | ... AF25: =SUM(P70:P73) -> 289
B26: 11.00 - 11.15 | C26: 52 | D26: 20 | E26: 11 | F26: 12 | G26: 2 | H26: 1 | I26: 13 | J26: 3 | K26: 3 | L26: 0 | M26: 32 | N26: 0 | O26: =SUM(C26:L26,N26) -> 117 | P26: =SUM(C26:N26) -> 149 | R26: 2300-0000 | S26: =SUM(C74:C77) -> 73 | T26: =SUM(D74:D77) -> 44 | U26: =SUM(E74:E77) -> 11 | V26: =SUM(F74:F77) -> 17 | W26: =SUM(G74:G77) -> 1 | X26: =SUM(H74:H77) -> 0 | Y26: =SUM(I74:I77) -> 8 | Z26: =SUM(J74:J77) -> 2 | ... AF26: =SUM(P74:P77) -> 206
B27: 11.15 - 11.30 | C27: 29 | D27: 8 | E27: 6 | F27: 10 | G27: 0 | H27: 0 | I27: 6 | J27: 2 | K27: 1 | L27: 1 | M27: 31 | N27: 0 | O27: =SUM(C27:L27,N27) -> 63 | P27: =SUM(C27:N27) -> 94 | R27: 0000-0100 | S27: =SUM(C78:C81) -> 39 | T27: =SUM(D78:D81) -> 11 | U27: =SUM(E78:E81) -> 8 | V27: =SUM(F78:F81) -> 3 | W27: =SUM(G78:G81) -> 1 | X27: =SUM(H78:H81) -> 0 | Y27: =SUM(I78:I81) -> 3 | Z27: =SUM(J78:J81) -> 1 | ... AF27: =SUM(P78:P81) -> 102
B28: 11.30 - 11.45 | C28: 56 | D28: 34 | E28: 10 | F28: 16 | G28: 0 | H28: 0 | I28: 6 | J28: 1 | K28: 2 | L28: 1 | M28: 40 | N28: 0 | O28: =SUM(C28:L28,N28) -> 126 | P28: =SUM(C28:N28) -> 166 | R28: 0100-0200 | S28: =SUM(C82:C85) -> 19 | T28: =SUM(D82:D85) -> 11 | U28: =SUM(E82:E85) -> 1 | V28: =SUM(F82:F85) -> 0 | W28: =SUM(G82:G85) -> 0 | X28: =SUM(H82:H85) -> 0 | Y28: =SUM(I82:I85) -> 3 | Z28: =SUM(J82:J85) -> 2 | ... AF28: =SUM(P82:P85) -> 61
B29: 11.45 - 12.00 | C29: 30 | D29: 17 | E29: 6 | F29: 6 | G29: 1 | H29: 0 | I29: 6 | J29: 1 | K29: 1 | L29: 1 | M29: 29 | N29: 0 | O29: =SUM(C29:L29,N29) -> 69 | P29: =SUM(C29:N29) -> 98 | R29: 0200-0300 | S29: =SUM(C86:C89) -> 12 | T29: =SUM(D86:D89) -> 4 | U29: =SUM(E86:E89) -> 3 | V29: =SUM(F86:F89) -> 2 | W29: =SUM(G86:G89) -> 0 | X29: =SUM(H86:H89) -> 0 | Y29: =SUM(I86:I89) -> 4 | Z29: =SUM(J86:J89) -> 1 | ... AF29: =SUM(P86:P89) -> 33
B30: 12.00 - 12.15 | C30: 35 | D30: 20 | E30: 7 | F30: 14 | G30: 1 | H30: 1 | I30: 9 | J30: 1 | K30: 2 | L30: 1 | M30: 43 | N30: 0 | O30: =SUM(C30:L30,N30) -> 91 | P30: =SUM(C30:N30) -> 134 | R30: 0300-0400 | S30: =SUM(C90:C93) -> 9 | T30: =SUM(D90:D93) -> 7 | U30: =SUM(E90:E93) -> 4 | V30: =SUM(F90:F93) -> 1 | W30: =SUM(G90:G93) -> 0 | X30: =SUM(H90:H93) -> 0 | Y30: =SUM(I90:I93) -> 1 | Z30: =SUM(J90:J93) -> 0 | ... AF30: =SUM(P90:P93) -> 32
B31: 12.15 - 12.30 | C31: 34 | D31: 12 | E31: 8 | F31: 10 | G31: 0 | H31: 0 | I31: 8 | J31: 3 | K31: 5 | L31: 1 | M31: 32 | N31: 0 | O31: =SUM(C31:L31,N31) -> 81 | P31: =SUM(C31:N31) -> 113 | R31: 0400-0500 | S31: =SUM(C94:C97) -> 11 | T31: =SUM(D94:D97) -> 3 | U31: =SUM(E94:E97) -> 3 | V31: =SUM(F94:F97) -> 1 | W31: =SUM(G94:G97) -> 0 | X31: =SUM(H94:H97) -> 0 | Y31: =SUM(I94:I97) -> 2 | Z31: =SUM(J94:J97) -> 0 | ... AF31: =SUM(P94:P97) -> 35
B32: 12.30 - 12.45 | C32: 40 | D32: 19 | E32: 10 | F32: 8 | G32: 0 | H32: 0 | I32: 13 | J32: 2 | K32: 2 | L32: 0 | M32: 39 | N32: 0 | O32: =SUM(C32:L32,N32) -> 94 | P32: =SUM(C32:N32) -> 133 | R32: 0500-0600 | S32: =SUM(C98:C101) -> 14 | T32: =SUM(D98:D101) -> 5 | U32: =SUM(E98:E101) -> 1 | V32: =SUM(F98:F101) -> 15 | W32: =SUM(G98:G101) -> 1 | X32: =SUM(H98:H101) -> 0 | Y32: =SUM(I98:I101) -> 2 | Z32: =SUM(J98:J101) -> 0 | ... AF32: =SUM(P98:P101) -> 62
B33: 12.45 - 13.00 | C33: 34 | D33: 21 | E33: 7 | F33: 7 | G33: 0 | H33: 0 | I33: 8 | J33: 1 | K33: 2 | L33: 1 | M33: 44 | N33: 0 | O33: =SUM(C33:L33,N33) -> 81 | P33: =SUM(C33:N33) -> 125 | R33: 0600-0700 | S33: =SUM(C102:C105) -> 26 | T33: =SUM(D102:D105) -> 15 | U33: =SUM(E102:E105) -> 12 | V33: =SUM(F102:F105) -> 21 | W33: =SUM(G102:G105) -> 1 | X33: =SUM(H102:H105) -> 1 | Y33: =SUM(I102:I105) -> 6 | Z33: =SUM(J102:J105) -> 1 | ... AF33: =SUM(P102:P105) -> 144
B34: 13.00 - 13.15 | C34: 31 | D34: 17 | E34: 8 | F34: 9 | G34: 0 | H34: 0 | I34: 4 | J34: 2 | K34: 0 | L34: 0 | M34: 24 | N34: 0 | O34: =SUM(C34:L34,N34) -> 71 | P34: =SUM(C34:N34) -> 95 | R34: AM Peak Hr | S34: =MAX(S10:S12) -> 203 | T34: =MAX(T10:T12) -> 88 | U34: =MAX(U10:U12) -> 29 | V34: =MAX(V10:V12) -> 63 | W34: =MAX(W10:W12) -> 7 | X34: =MAX(X10:X12) -> 4 | Y34: =MAX(Y10:Y12) -> 19 | Z34: =MAX(Z10:Z12) -> 3 | ... AF34: =MAX(AF10:AF12) -> 629
B35: 13.15 - 13.30 | C35: 43 | D35: 16 | E35: 5 | F35: 8 | G35: 0 | H35: 0 | I35: 3 | J35: 3 | K35: 2 | L35: 0 | M35: 26 | N35: 0 | O35: =SUM(C35:L35,N35) -> 80 | P35: =SUM(C35:N35) -> 106 | R35: IP Peak Hr | S35: =MAX(S13:S18) -> 195 | T35: =MAX(T13:T18) -> 84 | U35: =MAX(U13:U18) -> 33 | V35: =MAX(V13:V18) -> 49 | W35: =MAX(W13:W18) -> 3 | X35: =MAX(X13:X18) -> 2 | Y35: =MAX(Y13:Y18) -> 38 | Z35: =MAX(Z13:Z18) -> 13 | ... AF35: =MAX(AF13:AF18) -> 595
B36: 13.30 - 13.45 | C36: 53 | D36: 27 | E36: 5 | F36: 4 | G36: 0 | H36: 0 | I36: 8 | J36: 4 | K36: 3 | L36: 0 | M36: 45 | N36: 0 | O36: =SUM(C36:L36,N36) -> 104 | P36: =SUM(C36:N36) -> 149 | R36: PM Peak Hr | S36: =MAX(S19:S21) -> 195 | T36: =MAX(T19:T21) -> 86 | U36: =MAX(U19:U21) -> 51 | V36: =MAX(V19:V21) -> 52 | W36: =MAX(W19:W21) -> 7 | X36: =MAX(X19:X21) -> 3 | Y36: =MAX(Y19:Y21) -> 29 | Z36: =MAX(Z19:Z21) -> 10 | ... AF36: =MAX(AF19:AF21) -> 541
B37: 13.45 - 14.00 | C37: 47 | D37: 24 | E37: 4 | F37: 11 | G37: 0 | H37: 0 | I37: 10 | J37: 4 | K37: 3 | L37: 1 | M37: 51 | N37: 0 | O37: =SUM(C37:L37,N37) -> 104 | P37: =SUM(C37:N37) -> 155 | R37: AM Period | S37: =SUM(S10:S12) -> 526 | T37: =SUM(T10:T12) -> 209 | U37: =SUM(U10:U12) -> 67 | V37: =SUM(V10:V12) -> 176 | W37: =SUM(W10:W12) -> 12 | X37: =SUM(X10:X12) -> 5 | Y37: =SUM(Y10:Y12) -> 52 | Z37: =SUM(Z10:Z12) -> 9 | ... AF37: =SUM(AF10:AF12) -> 1708
B38: 14.00 - 14.15 | C38: 30 | D38: 16 | E38: 4 | F38: 8 | G38: 0 | H38: 0 | I38: 4 | J38: 0 | K38: 3 | L38: 2 | M38: 36 | N38: 0 | O38: =SUM(C38:L38,N38) -> 67 | P38: =SUM(C38:N38) -> 103 | R38: IP Period | S38: =SUM(S13:S18) -> 942 | T38: =SUM(T13:T18) -> 458 | U38: =SUM(U13:U18) -> 163 | V38: =SUM(V13:V18) -> 230 | W38: =SUM(W13:W18) -> 8 | X38: =SUM(X13:X18) -> 6 | Y38: =SUM(Y13:Y18) -> 160 | Z38: =SUM(Z13:Z18) -> 49 | ... AF38: =SUM(AF13:AF18) -> 2968
B39: 14.15 - 14.30 | C39: 43 | D39: 22 | E39: 5 | F39: 6 | G39: 0 | H39: 0 | I39: 8 | J39: 1 | K39: 0 | L39: 3 | M39: 30 | N39: 0 | O39: =SUM(C39:L39,N39) -> 88 | P39: =SUM(C39:N39) -> 118 | R39: PM Period | S39: =SUM(S19:S21) -> 466 | T39: =SUM(T19:T21) -> 246 | U39: =SUM(U19:U21) -> 113 | V39: =SUM(V19:V21) -> 134 | W39: =SUM(W19:W21) -> 14 | X39: =SUM(X19:X21) -> 3 | Y39: =SUM(Y19:Y21) -> 81 | Z39: =SUM(Z19:Z21) -> 20 | ... AF39: =SUM(AF19:AF21) -> 1445
B40: 14.30 - 14.45 | C40: 35 | D40: 11 | E40: 5 | F40: 7 | G40: 0 | H40: 0 | I40: 8 | J40: 1 | K40: 0 | L40: 0 | M40: 30 | N40: 0 | O40: =SUM(C40:L40,N40) -> 67 | P40: =SUM(C40:N40) -> 97 | R40: 12 Hours | S40: =SUM(S10:S21) -> 1934 | T40: =SUM(T10:T21) -> 913 | U40: =SUM(U10:U21) -> 343 | V40: =SUM(V10:V21) -> 540 | W40: =SUM(W10:W21) -> 34 | X40: =SUM(X10:X21) -> 14 | Y40: =SUM(Y10:Y21) -> 293 | Z40: =SUM(Z10:Z21) -> 78 | ... AF40: =SUM(AF10:AF21) -> 6121
B41: 14.45 - 15.00 | C41: 21 | D41: 24 | E41: 5 | F41: 8 | G41: 0 | H41: 0 | I41: 8 | J41: 3 | K41: 0 | L41: 1 | M41: 44 | N41: 0 | O41: =SUM(C41:L41,N41) -> 70 | P41: =SUM(C41:N41) -> 114 | R41: 24 Hrs/ADT | S41: =SUM(S10:S33) -> 2663 | T41: =SUM(T10:T33) -> 1282 | U41: =SUM(U10:U33) -> 459 | V41: =SUM(V10:V33) -> 714 | W41: =SUM(W10:W33) -> 51 | X41: =SUM(X10:X33) -> 17 | Y41: =SUM(Y10:Y33) -> 375 | Z41: =SUM(Z10:Z33) -> 100 | ... AF41: =SUM(AF10:AF33) -> 8138
B42: 15.00 - 15.15 | C42: 33 | D42: 12 | E42: 7 | F42: 10 | G42: 0 | H42: 0 | I42: 6 | J42: 1 | K42: 0 | L42: 0 | M42: 25 | N42: 0 | O42: =SUM(C42:L42,N42) -> 69 | P42: =SUM(C42:N42) -> 94 | R42: NEF | S42: =S41/S40 -> 1.376939 | T42: =T41/T40 -> 1.4041621 | U42: =U41/U40 -> 1.3381924 | V42: =V41/V40 -> 1.3222222 | W42: =W41/W40 -> 1.5 | X42: =X41/X40 -> 1.2142857 | Y42: =Y41/Y40 -> 1.2798635 | Z42: =Z41/Z40 -> 1.2820513 | ... AF42: =AF41/AF40 -> 1.3295213
B43: 15.15 - 15.30 | C43: 25 | D43: 23 | E43: 10 | F43: 6 | G43: 0 | H43: 0 | I43: 2 | J43: 3 | K43: 0 | L43: 0 | M43: 30 | N43: 0 | O43: =SUM(C43:L43,N43) -> 69 | P43: =SUM(C43:N43) -> 99
B44: 15.30 - 15.45 | C44: 33 | D44: 20 | E44: 4 | F44: 7 | G44: 1 | H44: 0 | I44: 6 | J44: 2 | K44: 2 | L44: 0 | M44: 25 | N44: 0 | O44: =SUM(C44:L44,N44) -> 75 | P44: =SUM(C44:N44) -> 100
B45: 15.45 - 16.00 | C45: 43 | D45: 16 | E45: 6 | F45: 14 | G45: 1 | H45: 2 | I45: 9 | J45: 3 | K45: 2 | L45: 0 | M45: 35 | N45: 0 | O45: =SUM(C45:L45,N45) -> 96 | P45: =SUM(C45:N45) -> 131
B46: 16.00 - 16.15 | C46: 39 | D46: 21 | E46: 9 | F46: 6 | G46: 0 | H46: 0 | I46: 12 | J46: 0 | K46: 1 | L46: 1 | M46: 30 | N46: 0 | O46: =SUM(C46:L46,N46) -> 89 | P46: =SUM(C46:N46) -> 119
B47: 16.15 -16.30 | C47: 34 | D47: 15 | E47: 12 | F47: 10 | G47: 0 | H47: 0 | I47: 3 | J47: 0 | K47: 1 | L47: 0 | M47: 46 | N47: 0 | O47: =SUM(C47:L47,N47) -> 75 | P47: =SUM(C47:N47) -> 121
B48: 16.30 -16.45 | C48: 70 | D48: 25 | E48: 15 | F48: 19 | G48: 0 | H48: 0 | I48: 13 | J48: 3 | K48: 1 | L48: 1 | M48: 30 | N48: 0 | O48: =SUM(C48:L48,N48) -> 147 | P48: =SUM(C48:N48) -> 177
B49: 16.45 -17.00 | C49: 16 | D49: 13 | E49: 2 | F49: 2 | G49: 3 | H49: 0 | I49: 1 | J49: 0 | K49: 1 | L49: 0 | M49: 11 | N49: 0 | O49: =SUM(C49:L49,N49) -> 38 | P49: =SUM(C49:N49) -> 49
B50: 17.00 -17.15 | C50: 46 | D50: 24 | E50: 5 | F50: 14 | G50: 0 | H50: 0 | I50: 6 | J50: 3 | K50: 0 | L50: 9 | M50: 24 | N50: 0 | O50: =SUM(C50:L50,N50) -> 107 | P50: =SUM(C50:N50) -> 131
B51: 17.15 -17.30 | C51: 42 | D51: 17 | E51: 5 | F51: 8 | G51: 1 | H51: 0 | I51: 8 | J51: 1 | K51: 1 | L51: 0 | M51: 43 | N51: 0 | O51: =SUM(C51:L51,N51) -> 83 | P51: =SUM(C51:N51) -> 126
B52: 17.30 -17.45 | C52: 61 | D52: 20 | E52: 7 | F52: 14 | G52: 4 | H52: 0 | I52: 7 | J52: 2 | K52: 1 | L52: 1 | M52: 33 | N52: 0 | O52: =SUM(C52:L52,N52) -> 117 | P52: =SUM(C52:N52) -> 150
B53: 17.45 -18.00 | C53: 46 | D53: 25 | E53: 7 | F53: 9 | G53: 2 | H53: 0 | I53: 8 | J53: 4 | K53: 0 | L53: 1 | M53: 32 | N53: 0 | O53: =SUM(C53:L53,N53) -> 102 | P53: =SUM(C53:N53) -> 134
B54: 18.00 - 18.15 | C54: 30 | D54: 23 | E54: 10 | F54: 23 | G54: 1 | H54: 0 | I54: 8 | J54: 4 | K54: 1 | L54: 0 | M54: 17 | N54: 0 | O54: =SUM(C54:L54,N54) -> 100 | P54: =SUM(C54:N54) -> 117
... B77: 23.45 - 00.00 | C77: 13 | D77: 4 | E77: 1 | F77: 1 | G77: 0 | H77: 0 | I77: 1 | J77: 0 | K77: 0 | L77: 0 | M77: 6 | N77: 0 | O77: =SUM(C77:L77,N77) -> 20 | P77: =SUM(C77:N77) -> 26
B78: 10 | C78: 10 | D78: 1 | E78: 4 | F78: 0 | G78: 0 | H78: 0 | I78: 0 | J78: 0 | K78: 0 | L78: 0 | M78: 17 | N78: 0 | O78: =SUM(C78:L78,N78) -> 15 | P78: =SUM(C78:N78) -> 32
B79: 00.15 - 00.30 | C79: 17 | D79: 6 | E79: 3 | F79: 2 | G79: 0 | H79: 0 | I79: 1 | J79: 0 | K79: 0 | L79: 0 | M79: 4 | N79: 0 | O79: =SUM(C79:L79,N79) -> 29 | P79: =SUM(C79:N79) -> 33
B80: 00.30 - 00.45 | C80: 7 | D80: 3 | E80: 0 | F80: 1 | G80: 0 | H80: 0 | I80: 1 | J80: 0 | K80: 0 | L80: 0 | M80: 8 | N80: 0 | O80: =SUM(C80:L80,N80) -> 12 | P80: =SUM(C80:N80) -> 20
B81: 00.45 - 01.00 | C81: 5 | D81: 1 | E81: 1 | F81: 0 | G81: 1 | H81: 0 | I81: 1 | J81: 1 | K81: 0 | L81: 0 | M81: 7 | N81: 0 | O81: =SUM(C81:L81,N81) -> 10 | P81: =SUM(C81:N81) -> 17
B82: 01.00 - 01.15 | C82: 4 | D82: 3 | E82: 0 | F82: 0 | G82: 0 | H82: 0 | I82: 0 | J82: 1 | K82: 1 | L82: 0 | M82: 9 | N82: 0 | O82: =SUM(C82:L82,N82) -> 9 | P82: =SUM(C82:N82) -> 18
B83: 01.15 - 01.30 | C83: 3 | D83: 2 | E83: 1 | F83: 0 | G83: 0 | H83: 0 | I83: 0 | J83: 0 | K83: 0 | L83: 0 | M83: 8 | N83: 0 | O83: =SUM(C83:L83,N83) -> 6 | P83: =SUM(C83:N83) -> 14
B84: 01.30 - 01.45 | C84: 9 | D84: 4 | E84: 0 | F84: 0 | G84: 0 | H84: 0 | I84: 2 | J84: 1 | K84: 0 | L84: 0 | M84: 3 | N84: 0 | O84: =SUM(C84:L84,N84) -> 16 | P84: =SUM(C84:N84) -> 19
B85: 01.45 - 02.00 | C85: 3 | D85: 2 | E85: 0 | F85: 0 | G85: 0 | H85: 0 | I85: 1 | J85: 0 | K85: 1 | L85: 0 | M85: 3 | N85: 0 | O85: =SUM(C85:L85,N85) -> 7 | P85: =SUM(C85:N85) -> 10
B86: 02.00 - 02.15 | C86: 3 | D86: 1 | E86: 0 | F86: 2 | G86: 0 | H86: 0 | I86: 2 | J86: 0 | K86: 1 | L86: 0 | M86: 3 | N86: 0 | O86: =SUM(C86:L86,N86) -> 9 | P86: =SUM(C86:N86) -> 12
B87: 02.15 - 02.30 | C87: 3 | D87: 1 | E87: 2 | F87: 0 | G87: 0 | H87: 0 | I87: 0 | J87: 0 | K87: 0 | L87: 0 | M87: 0 | N87: 0 | O87: =SUM(C87:L87,N87) -> 6 | P87: =SUM(C87:N87) -> 6
B88: 02.30 - 02.45 | C88: 2 | D88: 0 | E88: 1 | F88: 0 | G88: 0 | H88: 0 | I88: 2 | J88: 1 | K88: 0 | L88: 0 | M88: 3 | N88: 0 | O88: =SUM(C88:L88,N88) -> 6 | P88: =SUM(C88:N88) -> 9
B89: 02.45 - 03.00 | C89: 4 | D89: 2 | E89: 0 | F89: 0 | G89: 0 | H89: 0 | I89: 0 | J89: 0 | K89: 0 | L89: 0 | M89: 0 | N89: 0 | O89: =SUM(C89:L89,N89) -> 6 | P89: =SUM(C89:N89) -> 6
B90: 03.00 - 03.15 | C90: 1 | D90: 2 | E90: 2 | F90: 1 | G90: 0 | H90: 0 | I90: 0 | J90: 0 | K90: 0 | L90: 0 | M90: 2 | N90: 0 | O90: =SUM(C90:L90,N90) -> 6 | P90: =SUM(C90:N90) -> 8
... B105: 06.45 - 07.00 | C105: 4 | D105: 4 | E105: 11 | F105: 0 | G105: 0 | H105: 0 | I105: 0 | J105: 0 | K105: 0 | L105: 0 | M105: 17 | N105: 0 | O105: =SUM(C105:L105,N105) -> 19 | P105: =SUM(C105:N105) -> 36
B106: Totals | C106: =SUM(C10:C105) -> 2663 | D106: =SUM(D10:D105) -> 1282 | E106: =SUM(E10:E105) -> 459 | F106: =SUM(F10:F105) -> 714 | G106: =SUM(G10:G105) -> 51 | H106: =SUM(H10:H105) -> 17 | I106: =SUM(I10:I105) -> 375 | J106: =SUM(J10:J105) -> 100 | ... P106: =SUM(P10:P105) -> 8138
B107: %ges + MCs | C107: =C106/$P$106 -> 0.32723028 | D107: =D106/$P$106 -> 0.15753256 | E107: =E106/$P$106 -> 0.056402064 | F107: =F106/$P$106 -> 0.087736545 | G107: =G106/$P$106 -> 0.006266896 | H107: =H106/$P$106 -> 0.0020889653 | I107: =I106/$P$106 -> 0.046080118 | J107: =J106/$P$106 -> 0.012288031 | ... N107: =N106/$P$106 -> 0
B108: %ges w/o MCs | C108: =C106/$O$106 -> 0.46176522 | D108: =D106/$O$106 -> 0.22229929 | E108: =E106/$O$106 -> 0.079590775 | F108: =F106/$O$106 -> 0.12380787 | G108: =G106/$O$106 -> 0.0088434195 | H108: =H106/$O$106 -> 0.0029478065 | I108: =I106/$O$106 -> 0.065025143 | J108: =J106/$O$106 -> 0.017340038 | ... L108: =L106/$O$106 -> 0.0064158141 | N108: =N106/$O$106 -> 0

Sheet 28.09 Namugongo-Sonde-24h
B1: Consultancy services for Preparation of Expressway Development Master Plan (EDMP) for Uganda
B2: MANUAL CLASSIFIED COUNT (MCC)
B3: ROAD NAME: | C3: MCC-C2-STN 73-Sonde RD
C5: Date | D5: 28.09.19 | F5: Location | G5: ='[4]28.09.19.Sonde-Namugongo-24h'!G5:H5 -> Sonde | J5: Surveyor | K5: Amony
C6: Dir. From | D6: Namugongo | F6: Dir. To | G6: Sonde | J6: Supervisor | K6: ='[4]28.09.19.Sonde-Namugongo-24h'!K6:L6 -> Tracy
B8: Time / Veh Type | R8: SUMMARY TRAFFIC VOLUMES
C9: 1. Car | D9: 2. Station Wagon | E9: 3. Pickups | F9: 4. Minibus, matatu | G9: 5. Medium bus | H9: 6. Large Bus | I9: 7. Light Truck | J9: 8. Medium Truck | K9: 9. Heavy truck | L9: 10. Truck Trailer | M9: 11. Motor cycles | N9: 12. Tractors | O9: Total Excl M/Cycles | P9: Total All | R9: Time | S9: 1. Car | T9: 2. Station Wagon | U9: 3. Pickups | V9: 4. Minibus, matatu | W9: 5. Medium bus | X9: 6. Large Bus | Y9: 7. Light Truck | Z9: 8. Medium Truck | AA9: 9. Heavy truck | AB9: 10. Truck Trailer | AC9: 11. Motorcycles | AD9: 12. Tractors, Graders | AE9: Total Excl M/ Cycles | AF9: Total All
B10: 07.00 - 07.15 | C10: 18 | D10: 9 | E10: 4 | F10: 10 | G10: 0 | H10: 0 | I10: 4 | J10: 1 | K10: 0 | L10: 1 | M10: 20 | N10: 0 | O10: =SUM(C10:L10,N10) -> 47 | P10: =SUM(C10:N10) -> 67 | R10: 0700-0800 | S10: =SUM(C10:C13) -> 91 | T10: =SUM(D10:D13) -> 65 | U10: =SUM(E10:E13) -> 30 | V10: =SUM(F10:F13) -> 44 | W10: =SUM(G10:G13) -> 0 | X10: =SUM(H10:H13) -> 1 | Y10: =SUM(I10:I13) -> 20 | Z10: =SUM(J10:J13) -> 8 | ... AF10: =SUM(P10:P13) -> 378
B11: 07.15 - 07.30 | C11: 29 | D11: 14 | E11: 6 | F11: 16 | G11: 0 | H11: 0 | I11: 6 | J11: 2 | K11: 0 | L11: 1 | M11: 28 | N11: 0 | O11: =SUM(C11:L11,N11) -> 74 | P11: =SUM(C11:N11) -> 102 | R11: 0800-0900 | S11: =SUM(C14:C17) -> 135 | T11: =SUM(D14:D17) -> 104 | U11: =SUM(E14:E17) -> 21 | V11: =SUM(F14:F17) -> 57 | W11: =SUM(G14:G17) -> 6 | X11: =SUM(H14:H17) -> 1 | Y11: =SUM(I14:I17) -> 13 | Z11: =SUM(J14:J17) -> 7 | ... AF11: =SUM(P14:P17) -> 467
B12: 07.30 - 07.45 | C12: 25 | D12: 18 | E12: 6 | F12: 9 | G12: 0 | H12: 0 | I12: 4 | J12: 1 | K12: 0 | L12: 0 | M12: 27 | N12: 0 | O12: =SUM(C12:L12,N12) -> 63 | P12: =SUM(C12:N12) -> 90 | R12: 0900-1000 | S12: =SUM(C18:C21) -> 141 | T12: =SUM(D18:D21) -> 133 | U12: =SUM(E18:E21) -> 41 | V12: =SUM(F18:F21) -> 57 | W12: =SUM(G18:G21) -> 26 | X12: =SUM(H18:H21) -> 2 | Y12: =SUM(I18:I21) -> 17 | Z12: =SUM(J18:J21) -> 21 | ... AF12: =SUM(P18:P21) -> 597
B13: 07.45 - 08.00 | C13: 19 | D13: 24 | E13: 14 | F13: 9 | G13: 0 | H13: 1 | I13: 6 | J13: 4 | K13: 0 | L13: 0 | M13: 42 | N13: 0 | O13: =SUM(C13:L13,N13) -> 77 | P13: =SUM(C13:N13) -> 119 | R13: 1000-1100 | S13: =SUM(C22:C25) -> 149 | T13: =SUM(D22:D25) -> 138 | U13: =SUM(E22:E25) -> 32 | V13: =SUM(F22:F25) -> 57 | W13: =SUM(G22:G25) -> 9 | X13: =SUM(H22:H25) -> 1 | Y13: =SUM(I22:I25) -> 35 | Z13: =SUM(J22:J25) -> 14 | ... AF13: =SUM(P22:P25) -> 578
B14: 08.00 - 08.15 | C14: 32 | D14: 22 | E14: 6 | F14: 16 | G14: 1 | H14: 0 | I14: 2 | J14: 2 | K14: 0 | L14: 1 | M14: 22 | N14: 0 | O14: =SUM(C14:L14,N14) -> 82 | P14: =SUM(C14:N14) -> 104 | R14: 1100-1200 | S14: =SUM(C26:C29) -> 167 | T14: =SUM(D26:D29) -> 158 | U14: =SUM(E26:E29) -> 35 | V14: =SUM(F26:F29) -> 46 | W14: =SUM(G26:G29) -> 4 | X14: =SUM(H26:H29) -> 0 | Y14: =SUM(I26:I29) -> 35 | Z14: =SUM(J26:J29) -> 16 | ... AF14: =SUM(P26:P29) -> 608
B15: 08.15 - 08.30 | C15: 45 | D15: 22 | E15: 3 | F15: 15 | G15: 1 | H15: 0 | I15: 2 | J15: 1 | K15: 0 | L15: 0 | M15: 32 | N15: 0 | O15: =SUM(C15:L15,N15) -> 89 | P15: =SUM(C15:N15) -> 121 | R15: 1200-1300 | S15: =SUM(C30:C33) -> 154 | T15: =SUM(D30:D33) -> 117 | U15: =SUM(E30:E33) -> 32 | V15: =SUM(F30:F33) -> 47 | W15: =SUM(G30:G33) -> 1 | X15: =SUM(H30:H33) -> 0 | Y15: =SUM(I30:I33) -> 36 | Z15: =SUM(J30:J33) -> 18 | ... AF15: =SUM(P30:P33) -> 569
B16: 08.30 - 08.45 | C16: 28 | D16: 33 | E16: 5 | F16: 15 | G16: 2 | H16: 0 | I16: 3 | J16: 2 | K16: 0 | L16: 0 | M16: 30 | N16: 0 | O16: =SUM(C16:L16,N16) -> 88 | P16: =SUM(C16:N16) -> 118 | R16: 1300-1400 | S16: =SUM(C34:C37) -> 151 | T16: =SUM(D34:D37) -> 98 | U16: =SUM(E34:E37) -> 23 | V16: =SUM(F34:F37) -> 52 | W16: =SUM(G34:G37) -> 4 | X16: =SUM(H34:H37) -> 0 | Y16: =SUM(I34:I37) -> 34 | Z16: =SUM(J34:J37) -> 14 | ... AF16: =SUM(P34:P37) -> 538
B17: 08.45 - 9.00 | C17: 30 | D17: 27 | E17: 7 | F17: 11 | G17: 2 | H17: 1 | I17: 6 | J17: 2 | K17: 0 | L17: 0 | M17: 38 | N17: 0 | O17: =SUM(C17:L17,N17) -> 86 | P17: =SUM(C17:N17) -> 124 | R17: 1400-1500 | S17: =SUM(C38:C41) -> 139 | T17: =SUM(D38:D41) -> 115 | U17: =SUM(E38:E41) -> 33 | V17: =SUM(F38:F41) -> 34 | W17: =SUM(G38:G41) -> 0 | X17: =SUM(H38:H41) -> 0 | Y17: =SUM(I38:I41) -> 28 | Z17: =SUM(J38:J41) -> 15 | ... AF17: =SUM(P38:P41) -> 508
B18: 09.00 - 09.15 | C18: 30 | D18: 28 | E18: 6 | F18: 10 | G18: 0 | H18: 0 | I18: 6 | J18: 4 | K18: 0 | L18: 0 | M18: 44 | N18: 0 | O18: =SUM(C18:L18,N18) -> 84 | P18: =SUM(C18:N18) -> 128 | R18: 1500-1600 | S18: =SUM(C42:C45) -> 128 | T18: =SUM(D42:D45) -> 99 | U18: =SUM(E42:E45) -> 32 | V18: =SUM(F42:F45) -> 51 | W18: =SUM(G42:G45) -> 3 | X18: =SUM(H42:H45) -> 1 | Y18: =SUM(I42:I45) -> 23 | Z18: =SUM(J42:J45) -> 14 | ... AF18: =SUM(P42:P45) -> 490
B19: 09.15 - 09.30 | C19: 29 | D19: 26 | E19: 11 | F19: 14 | G19: 3 | H19: 0 | I19: 2 | J19: 4 | K19: 0 | L19: 0 | M19: 50 | N19: 0 | O19: =SUM(C19:L19,N19) -> 89 | P19: =SUM(C19:N19) -> 139 | R19: 1600-1700 | S19: =SUM(C46:C49) -> 188 | T19: =SUM(D46:D49) -> 120 | U19: =SUM(E46:E49) -> 34 | V19: =SUM(F46:F49) -> 50 | W19: =SUM(G46:G49) -> 1 | X19: =SUM(H46:H49) -> 0 | Y19: =SUM(I46:I49) -> 41 | Z19: =SUM(J46:J49) -> 15 | ... AF19: =SUM(P46:P49) -> 615
B20: 09.30 - 09.45 | C20: 44 | D20: 41 | E20: 11 | F20: 21 | G20: 21 | H20: 2 | I20: 0 | J20: 8 | K20: 2 | L20: 0 | M20: 26 | N20: 0 | O20: =SUM(C20:L20,N20) -> 150 | P20: =SUM(C20:N20) -> 176 | R20: 1700-1800 | S20: =SUM(C50:C53) -> 123 | T20: =SUM(D50:D53) -> 108 | U20: =SUM(E50:E53) -> 29 | V20: =SUM(F50:F53) -> 39 | W20: =SUM(G50:G53) -> 3 | X20: =SUM(H50:H53) -> 2 | Y20: =SUM(I50:I53) -> 30 | Z20: =SUM(J50:J53) -> 11 | ... AF20: =SUM(P50:P53) -> 463
B21: 09.45 - 10.00 | C21: 38 | D21: 38 | E21: 13 | F21: 12 | G21: 2 | H21: 0 | I21: 9 | J21: 5 | K21: 0 | L21: 0 | M21: 37 | N21: 0 | O21: =SUM(C21:L21,N21) -> 117 | P21: =SUM(C21:N21) -> 154 | R21: 1800-1900 | S21: =SUM(C54:C57) -> 130 | T21: =SUM(D54:D57) -> 121 | U21: =SUM(E54:E57) -> 23 | V21: =SUM(F54:F57) -> 49 | W21: =SUM(G54:G57) -> 6 | X21: =SUM(H54:H57) -> 2 | Y21: =SUM(I54:I57) -> 23 | Z21: =SUM(J54:J57) -> 4 | ... AF21: =SUM(P54:P57) -> 485
B22: 10.00 - 10.15 | C22: 38 | D22: 39 | E22: 12 | F22: 14 | G22: 7 | H22: 0 | I22: 8 | J22: 3 | K22: 0 | L22: 1 | M22: 34 | N22: 0 | O22: =SUM(C22:L22,N22) -> 122 | P22: =SUM(C22:N22) -> 156 | R22: 1900-2000 | S22: =SUM(C58:C61) -> 116 | T22: =SUM(D58:D61) -> 116 | U22: =SUM(E58:E61) -> 12 | V22: =SUM(F58:F61) -> 27 | W22: =SUM(G58:G61) -> 1 | X22: =SUM(H58:H61) -> 1 | Y22: =SUM(I58:I61) -> 15 | Z22: =SUM(J58:J61) -> 4 | ... AF22: =SUM(P58:P61) -> 481
B23: 10.15 - 10.30 | C23: 44 | D23: 31 | E23: 8 | F23: 15 | G23: 1 | H23: 0 | I23: 13 | J23: 3 | K23: 0 | L23: 0 | M23: 40 | N23: 0 | O23: =SUM(C23:L23,N23) -> 115 | P23: =SUM(C23:N23) -> 155 | R23: 2000-2100 | S23: =SUM(C62:C65) -> 129 | T23: =SUM(D62:D65) -> 80 | U23: =SUM(E62:E65) -> 25 | V23: =SUM(F62:F65) -> 28 | W23: =SUM(G62:G65) -> 2 | X23: =SUM(H62:H65) -> 0 | Y23: =SUM(I62:I65) -> 13 | Z23: =SUM(J62:J65) -> 5 | ... AF23: =SUM(P62:P65) -> 468
B24: 10.30 - 10.45 | C24: 32 | D24: 34 | E24: 7 | F24: 9 | G24: 0 | H24: 0 | I24: 9 | J24: 1 | K24: 0 | L24: 0 | M24: 38 | N24: 0 | O24: =SUM(C24:L24,N24) -> 92 | P24: =SUM(C24:N24) -> 130 | R24: 2100-2200 | S24: =SUM(C66:C69) -> 81 | T24: =SUM(D66:D69) -> 106 | U24: =SUM(E66:E69) -> 33 | V24: =SUM(F66:F69) -> 49 | W24: =SUM(G66:G69) -> 14 | X24: =SUM(H66:H69) -> 1 | Y24: =SUM(I66:I69) -> 10 | Z24: =SUM(J66:J69) -> 15 | ... AF24: =SUM(P66:P69) -> 456
B25: 10.45 - 11.00 | C25: 35 | D25: 34 | E25: 5 | F25: 19 | G25: 1 | H25: 1 | I25: 5 | J25: 7 | K25: 0 | L25: 0 | M25: 30 | N25: 0 | O25: =SUM(C25:L25,N25) -> 107 | P25: =SUM(C25:N25) -> 137 | R25: 2200-2300 | S25: =SUM(C70:C73) -> 143 | T25: =SUM(D70:D73) -> 130 | U25: =SUM(E70:E73) -> 19 | V25: =SUM(F70:F73) -> 35 | W25: =SUM(G70:G73) -> 2 | X25: =SUM(H70:H73) -> 1 | Y25: =SUM(I70:I73) -> 11 | Z25: =SUM(J70:J73) -> 3 | ... AF25: =SUM(P70:P73) -> 480
B26: 11.00 - 11.15 | C26: 41 | D26: 46 | E26: 6 | F26: 15 | G26: 1 | H26: 0 | I26: 8 | J26: 5 | K26: 0 | L26: 1 | M26: 32 | N26: 0 | O26: =SUM(C26:L26,N26) -> 123 | P26: =SUM(C26:N26) -> 155 | R26: 2300-0000 | S26: =SUM(C74:C77) -> 100 | T26: =SUM(D74:D77) -> 68 | U26: =SUM(E74:E77) -> 12 | V26: =SUM(F74:F77) -> 20 | W26: =SUM(G74:G77) -> 2 | X26: =SUM(H74:H77) -> 0 | Y26: =SUM(I74:I77) -> 6 | Z26: =SUM(J74:J77) -> 3 | ... AF26: =SUM(P74:P77) -> 346
B27: 11.15 - 11.30 | C27: 41 | D27: 44 | E27: 12 | F27: 11 | G27: 2 | H27: 0 | I27: 7 | J27: 7 | K27: 0 | L27: 0 | M27: 35 | N27: 0 | O27: =SUM(C27:L27,N27) -> 124 | P27: =SUM(C27:N27) -> 159 | R27: 0000-0100 | S27: =SUM(C78:C81) -> 69 | T27: =SUM(D78:D81) -> 34 | U27: =SUM(E78:E81) -> 8 | V27: =SUM(F78:F81) -> 7 | W27: =SUM(G78:G81) -> 1 | X27: =SUM(H78:H81) -> 0 | Y27: =SUM(I78:I81) -> 6 | Z27: =SUM(J78:J81) -> 5 | ... AF27: =SUM(P78:P81) -> 206
B28: 11.30 - 11.45 | C28: 43 | D28: 35 | E28: 6 | F28: 6 | G28: 1 | H28: 0 | I28: 9 | J28: 3 | K28: 0 | L28: 1 | M28: 34 | N28: 0 | O28: =SUM(C28:L28,N28) -> 104 | P28: =SUM(C28:N28) -> 138 | R28: 0100-0200 | S28: =SUM(C82:C85) -> 22 | T28: =SUM(D82:D85) -> 18 | U28: =SUM(E82:E85) -> 10 | V28: =SUM(F82:F85) -> 4 | W28: =SUM(G82:G85) -> 1 | X28: =SUM(H82:H85) -> 0 | Y28: =SUM(I82:I85) -> 4 | Z28: =SUM(J82:J85) -> 2 | ... AF28: =SUM(P82:P85) -> 92
B29: 11.45 - 12.00 | C29: 42 | D29: 33 | E29: 11 | F29: 14 | G29: 0 | H29: 0 | I29: 11 | J29: 1 | K29: 0 | L29: 1 | M29: 43 | N29: 0 | O29: =SUM(C29:L29,N29) -> 113 | P29: =SUM(C29:N29) -> 156 | R29: 0200-0300 | S29: =SUM(C86:C89) -> 19 | T29: =SUM(D86:D89) -> 13 | U29: =SUM(E86:E89) -> 3 | V29: =SUM(F86:F89) -> 2 | W29: =SUM(G86:G89) -> 0 | X29: =SUM(H86:H89) -> 1 | Y29: =SUM(I86:I89) -> 1 | Z29: =SUM(J86:J89) -> 0 | ... AF29: =SUM(P86:P89) -> 61
B30: 12.00 - 12.15 | C30: 44 | D30: 35 | E30: 6 | F30: 8 | G30: 1 | H30: 0 | I30: 6 | J30: 4 | K30: 0 | L30: 2 | M30: 30 | N30: 0 | O30: =SUM(C30:L30,N30) -> 106 | P30: =SUM(C30:N30) -> 136 | R30: 0300-0400 | S30: =SUM(C90:C93) -> 12 | T30: =SUM(D90:D93) -> 10 | U30: =SUM(E90:E93) -> 3 | V30: =SUM(F90:F93) -> 0 | W30: =SUM(G90:G93) -> 0 | X30: =SUM(H90:H93) -> 0 | Y30: =SUM(I90:I93) -> 4 | Z30: =SUM(J90:J93) -> 1 | ... AF30: =SUM(P90:P93) -> 45
B31: 12.15 - 12.30 | C31: 33 | D31: 27 | E31: 13 | F31: 16 | G31: 0 | H31: 0 | I31: 7 | J31: 6 | K31: 0 | L31: 1 | M31: 47 | N31: 0 | O31: =SUM(C31:L31,N31) -> 103 | P31: =SUM(C31:N31) -> 150 | R31: 0400-0500 | S31: =SUM(C94:C97) -> 7 | T31: =SUM(D94:D97) -> 6 | U31: =SUM(E94:E97) -> 0 | V31: =SUM(F94:F97) -> 2 | W31: =SUM(G94:G97) -> 0 | X31: =SUM(H94:H97) -> 0 | Y31: =SUM(I94:I97) -> 0 | Z31: =SUM(J94:J97) -> 1 | ... AF31: =SUM(P94:P97) -> 26
B32: 12.30 - 12.45 | C32: 36 | D32: 30 | E32: 9 | F32: 12 | G32: 0 | H32: 0 | I32: 10 | J32: 1 | K32: 0 | L32: 1 | M32: 54 | N32: 0 | O32: =SUM(C32:L32,N32) -> 99 | P32: =SUM(C32:N32) -> 153 | R32: 0500-0600 | S32: =SUM(C98:C101) -> 11 | T32: =SUM(D98:D101) -> 9 | U32: =SUM(E98:E101) -> 2 | V32: =SUM(F98:F101) -> 12 | W32: =SUM(G98:G101) -> 0 | X32: =SUM(H98:H101) -> 0 | Y32: =SUM(I98:I101) -> 6 | Z32: =SUM(J98:J101) -> 0 | ... AF32: =SUM(P98:P101) -> 48
B33: 12.45 - 13.00 | C33: 41 | D33: 25 | E33: 4 | F33: 11 | G33: 0 | H33: 0 | I33: 13 | J33: 7 | K33: 0 | L33: 0 | M33: 29 | N33: 0 | O33: =SUM(C33:L33,N33) -> 101 | P33: =SUM(C33:N33) -> 130 | R33: 0600-0700 | S33: =SUM(C102:C105) -> 21 | T33: =SUM(D102:D105) -> 14 | U33: =SUM(E102:E105) -> 5 | V33: =SUM(F102:F105) -> 23 | W33: =SUM(G102:G105) -> 1 | X33: =SUM(H102:H105) -> 1 | Y33: =SUM(I102:I105) -> 5 | Z33: =SUM(J102:J105) -> 3 | ... AF33: =SUM(P102:P105) -> 103
B34: 13.00 - 13.15 | C34: 41 | D34: 30 | E34: 4 | F34: 12 | G34: 0 | H34: 0 | I34: 7 | J34: 3 | K34: 0 | L34: 0 | M34: 47 | N34: 0 | O34: =SUM(C34:L34,N34) -> 97 | P34: =SUM(C34:N34) -> 144 | R34: AM Peak Hr | S34: =MAX(S10:S12) -> 141 | T34: =MAX(T10:T12) -> 133 | U34: =MAX(U10:U12) -> 41 | V34: =MAX(V10:V12) -> 57 | W34: =MAX(W10:W12) -> 26 | X34: =MAX(X10:X12) -> 2 | Y34: =MAX(Y10:Y12) -> 20 | Z34: =MAX(Z10:Z12) -> 21 | ... AF34: =MAX(AF10:AF12) -> 597
B35: 13.15 - 13.30 | C35: 41 | D35: 21 | E35: 7 | F35: 12 | G35: 2 | H35: 0 | I35: 8 | J35: 4 | K35: 0 | L35: 1 | M35: 36 | N35: 0 | O35: =SUM(C35:L35,N35) -> 96 | P35: =SUM(C35:N35) -> 132 | R35: IP Peak Hr | S35: =MAX(S13:S18) -> 167 | T35: =MAX(T13:T18) -> 158 | U35: =MAX(U13:U18) -> 35 | V35: =MAX(V13:V18) -> 57 | W35: =MAX(W13:W18) -> 9 | X35: =MAX(X13:X18) -> 1 | Y35: =MAX(Y13:Y18) -> 36 | Z35: =MAX(Z13:Z18) -> 18 | ... AF35: =MAX(AF13:AF18) -> 608
B36: 13.30 - 13.45 | C36: 34 | D36: 25 | E36: 6 | F36: 12 | G36: 2 | H36: 0 | I36: 9 | J36: 3 | K36: 0 | L36: 2 | M36: 35 | N36: 0 | O36: =SUM(C36:L36,N36) -> 93 | P36: =SUM(C36:N36) -> 128 | R36: PM Peak Hr | S36: =MAX(S19:S21) -> 188 | T36: =MAX(T19:T21) -> 121 | U36: =MAX(U19:U21) -> 34 | V36: =MAX(V19:V21) -> 50 | W36: =MAX(W19:W21) -> 6 | X36: =MAX(X19:X21) -> 2 | Y36: =MAX(Y19:Y21) -> 41 | Z36: =MAX(Z19:Z21) -> 15 | ... AF36: =MAX(AF19:AF21) -> 615
B37: 13.45 - 14.00 | C37: 35 | D37: 22 | E37: 6 | F37: 16 | G37: 0 | H37: 0 | I37: 10 | J37: 4 | K37: 0 | L37: 3 | M37: 38 | N37: 0 | O37: =SUM(C37:L37,N37) -> 96 | P37: =SUM(C37:N37) -> 134 | R37: AM Period | S37: =SUM(S10:S12) -> 367 | T37: =SUM(T10:T12) -> 302 | U37: =SUM(U10:U12) -> 92 | V37: =SUM(V10:V12) -> 158 | W37: =SUM(W10:W12) -> 32 | X37: =SUM(X10:X12) -> 4 | Y37: =SUM(Y10:Y12) -> 50 | Z37: =SUM(Z10:Z12) -> 36 | ... AF37: =SUM(AF10:AF12) -> 1442
B38: 14.00 - 14.15 | C38: 31 | D38: 24 | E38: 9 | F38: 5 | G38: 0 | H38: 0 | I38: 7 | J38: 6 | K38: 0 | L38: 3 | M38: 38 | N38: 0 | O38: =SUM(C38:L38,N38) -> 85 | P38: =SUM(C38:N38) -> 123 | R38: IP Period | S38: =SUM(S13:S18) -> 888 | T38: =SUM(T13:T18) -> 725 | U38: =SUM(U13:U18) -> 187 | V38: =SUM(V13:V18) -> 287 | W38: =SUM(W13:W18) -> 21 | X38: =SUM(X13:X18) -> 2 | Y38: =SUM(Y13:Y18) -> 191 | Z38: =SUM(Z13:Z18) -> 91 | ... AF38: =SUM(AF13:AF18) -> 3291
B39: 14.15 - 14.30 | C39: 38 | D39: 37 | E39: 6 | F39: 10 | G39: 0 | H39: 0 | I39: 7 | J39: 2 | K39: 1 | L39: 1 | M39: 34 | N39: 0 | O39: =SUM(C39:L39,N39) -> 102 | P39: =SUM(C39:N39) -> 136 | R39: PM Period | S39: =SUM(S19:S21) -> 441 | T39: =SUM(T19:T21) -> 349 | U39: =SUM(U19:U21) -> 86 | V39: =SUM(V19:V21) -> 138 | W39: =SUM(W19:W21) -> 10 | X39: =SUM(X19:X21) -> 4 | Y39: =SUM(Y19:Y21) -> 94 | Z39: =SUM(Z19:Z21) -> 30 | ... AF39: =SUM(AF19:AF21) -> 1563
B40: 14.30 - 14.45 | C40: 33 | D40: 23 | E40: 10 | F40: 11 | G40: 0 | H40: 0 | I40: 12 | J40: 2 | K40: 0 | L40: 0 | M40: 36 | N40: 0 | O40: =SUM(C40:L40,N40) -> 91 | P40: =SUM(C40:N40) -> 127 | R40: 12 Hours | S40: =SUM(S10:S21) -> 1696 | T40: =SUM(T10:T21) -> 1376 | U40: =SUM(U10:U21) -> 365 | V40: =SUM(V10:V21) -> 583 | W40: =SUM(W10:W21) -> 63 | X40: =SUM(X10:X21) -> 10 | Y40: =SUM(Y10:Y21) -> 335 | Z40: =SUM(Z10:Z21) -> 157 | ... AF40: =SUM(AF10:AF21) -> 6296
B41: 14.45 - 15.00 | C41: 37 | D41: 31 | E41: 8 | F41: 8 | G41: 0 | H41: 0 | I41: 2 | J41: 5 | K41: 0 | L41: 1 | M41: 30 | N41: 0 | O41: =SUM(C41:L41,N41) -> 92 | P41: =SUM(C41:N41) -> 122 | R41: 24 Hrs/ADT | S41: =SUM(S10:S33) -> 2426 | T41: =SUM(T10:T33) -> 1980 | U41: =SUM(U10:U33) -> 497 | V41: =SUM(V10:V33) -> 792 | W41: =SUM(W10:W33) -> 87 | X41: =SUM(X10:X33) -> 15 | Y41: =SUM(Y10:Y33) -> 416 | Z41: =SUM(Z10:Z33) -> 199 | ... AF41: =SUM(AF10:AF33) -> 9108
B42: 15.00 - 15.15 | C42: 38 | D42: 27 | E42: 6 | F42: 13 | G42: 1 | H42: 1 | I42: 4 | J42: 4 | K42: 0 | L42: 1 | M42: 36 | N42: 0 | O42: =SUM(C42:L42,N42) -> 95 | P42: =SUM(C42:N42) -> 131 | R42: NEF | S42: =S41/S40 -> 1.4304245 | T42: =T41/T40 -> 1.4389535 | U42: =U41/U40 -> 1.3616438 | V42: =V41/V40 -> 1.3584906 | W42: =W41/W40 -> 1.3809524 | X42: =X41/X40 -> 1.5 | Y42: =Y41/Y40 -> 1.241791 | Z42: =Z41/Z40 -> 1.2675159 | ... AF42: =AF41/AF40 -> 1.4466328
B43: 15.15 - 15.30 | C43: 29 | D43: 18 | E43: 9 | F43: 20 | G43: 0 | H43: 0 | I43: 6 | J43: 2 | K43: 0 | L43: 2 | M43: 26 | N43: 0 | O43: =SUM(C43:L43,N43) -> 86 | P43: =SUM(C43:N43) -> 112
B44: 15.30 - 15.45 | C44: 38 | D44: 24 | E44: 10 | F44: 12 | G44: 2 | H44: 0 | I44: 7 | J44: 1 | K44: 0 | L44: 2 | M44: 29 | N44: 0 | O44: =SUM(C44:L44,N44) -> 96 | P44: =SUM(C44:N44) -> 125
B45: 15.45 - 16.00 | C45: 23 | D45: 30 | E45: 7 | F45: 6 | G45: 0 | H45: 0 | I45: 6 | J45: 7 | K45: 0 | L45: 2 | M45: 41 | N45: 0 | O45: =SUM(C45:L45,N45) -> 81 | P45: =SUM(C45:N45) -> 122
B46: 16.00 - 16.15 | C46: 47 | D46: 26 | E46: 10 | F46: 7 | G46: 0 | H46: 0 | I46: 11 | J46: 6 | K46: 0 | L46: 0 | M46: 40 | N46: 0 | O46: =SUM(C46:L46,N46) -> 107 | P46: =SUM(C46:N46) -> 147
B47: 16.15 -16.30 | C47: 51 | D47: 31 | E47: 4 | F47: 11 | G47: 0 | H47: 0 | I47: 14 | J47: 2 | K47: 0 | L47: 4 | M47: 32 | N47: 0 | O47: =SUM(C47:L47,N47) -> 117 | P47: =SUM(C47:N47) -> 149
B48: 16.30 -16.45 | C48: 47 | D48: 38 | E48: 9 | F48: 19 | G48: 0 | H48: 0 | I48: 9 | J48: 4 | K48: 0 | L48: 1 | M48: 49 | N48: 0 | O48: =SUM(C48:L48,N48) -> 127 | P48: =SUM(C48:N48) -> 176
B49: 16.45 -17.00 | C49: 43 | D49: 25 | E49: 11 | F49: 13 | G49: 1 | H49: 0 | I49: 7 | J49: 3 | K49: 0 | L49: 0 | M49: 40 | N49: 0 | O49: =SUM(C49:L49,N49) -> 103 | P49: =SUM(C49:N49) -> 143
B50: 17.00 -17.15 | C50: 37 | D50: 31 | E50: 7 | F50: 12 | G50: 0 | H50: 1 | I50: 12 | J50: 3 | K50: 0 | L50: 1 | M50: 44 | N50: 0 | O50: =SUM(C50:L50,N50) -> 104 | P50: =SUM(C50:N50) -> 148
B51: 17.15 -17.30 | C51: 37 | D51: 34 | E51: 11 | F51: 14 | G51: 0 | H51: 0 | I51: 6 | J51: 1 | K51: 0 | L51: 3 | M51: 16 | N51: 0 | O51: =SUM(C51:L51,N51) -> 106 | P51: =SUM(C51:N51) -> 122
B52: 17.30 -17.45 | C52: 32 | D52: 18 | E52: 5 | F52: 7 | G52: 0 | H52: 0 | I52: 5 | J52: 2 | K52: 0 | L52: 1 | M52: 21 | N52: 0 | O52: =SUM(C52:L52,N52) -> 70 | P52: =SUM(C52:N52) -> 91
B53: 17.45 -18.00 | C53: 17 | D53: 25 | E53: 6 | F53: 6 | G53: 3 | H53: 1 | I53: 7 | J53: 5 | K53: 0 | L53: 2 | M53: 30 | N53: 0 | O53: =SUM(C53:L53,N53) -> 72 | P53: =SUM(C53:N53) -> 102
B54: 18.00 - 18.15 | C54: 36 | D54: 31 | E54: 6 | F54: 17 | G54: 0 | H54: 1 | I54: 5 | J54: 2 | K54: 0 | L54: 3 | M54: 30 | N54: 0 | O54: =SUM(C54:L54,N54) -> 101 | P54: =SUM(C54:N54) -> 131
... B105: 06.45 - 07.00 | C105: 7 | D105: 4 | E105: 1 | F105: 8 | G105: 0 | H105: 0 | I105: 2 | J105: 2 | K105: 0 | L105: 0 | M105: 11 | N105: 0 | O105: =SUM(C105:L105,N105) -> 24 | P105: =SUM(C105:N105) -> 35
B106: Totals | C106: =SUM(C10:C105) -> 2426 | D106: =SUM(D10:D105) -> 1980 | E106: =SUM(E10:E105) -> 497 | F106: =SUM(F10:F105) -> 792 | G106: =SUM(G10:G105) -> 87 | H106: =SUM(H10:H105) -> 15 | I106: =SUM(I10:I105) -> 416 | J106: =SUM(J10:J105) -> 199 | ... P106: =SUM(P10:P105) -> 9108
B107: %ges + MCs | C107: =C106/$P$106 -> 0.26635924 | D107: =D106/$P$106 -> 0.2173913 | E107: =E106/$P$106 -> 0.054567413 | F107: =F106/$P$106 -> 0.086956522 | G107: =G106/$P$106 -> 0.0095520422 | H107: =H106/$P$106 -> 0.0016469038 | I107: =I106/$P$106 -> 0.045674133 | J107: =J106/$P$106 -> 0.021848924 | ... N107: =N106/$P$106 -> 0.0021958718
B108: %ges w/o MCs | C108: =C106/$O$106 -> 0.37380586 | D108: =D106/$O$106 -> 0.30508475 | E108: =E106/$O$106 -> 0.076579353 | F108: =F106/$O$106 -> 0.1220339 | G108: =G106/$O$106 -> 0.013405239 | H108: =H106/$O$106 -> 0.0023112481 | I108: =I106/$O$106 -> 0.064098613 | J108: =J106/$O$106 -> 0.030662558 | ... L108: =L106/$O$106 -> 0.007550077 | N108: =N106/$O$106 -> 0.0030816641

Sheet 29.09 Sonde-Namugongo
B1: Consultancy services for Preparation of Expressway Development Master Plan (EDMP) for Uganda
B2: MANUAL CLASSIFIED COUNT (MCC)
B3: ROAD NAME: | C3: MCC-C2-STN 73 Sonde-Namugongo
C5: Date | D5: 29.09.19 | F5: Location | G5: SONDE RD | J5: Surveyor | K5: Mark
C6: Dir. From | D6: SONDE | F6: Dir. To | G6: NAMUGONGO | J6: Supervisor | K6: Tracy
B8: Time / Veh Type | R8: SUMMARY TRAFFIC VOLUMES
C9: 1. Car | D9: 2. Station Wagon | E9: 3. Pickups | F9: 4. Minibus, matatu | G9: 5. Medium bus | H9: 6. Large Bus | I9: 7. Light Truck | J9: 8. Medium Truck | K9: 9. Heavy truck | L9: 10. Truck Trailer | M9: 11. Motor cycles | N9: 12. Tractors | O9: Total Excl M/Cycles | P9: Total All | R9: Time | S9: 1. Car | T9: 2. Station Wagon | U9: 3. Pickups | V9: 4. Minibus, matatu | W9: 5. Medium bus | X9: 6. Large Bus | Y9: 7. Light Truck | Z9: 8. Medium Truck | AA9: 9. Heavy truck | AB9: 10. Truck Trailer | AC9: 11. Motorcycles | AD9: 12. Tractors, Graders | AE9: Total Excl M/ Cycles | AF9: Total All
B10: 07.00 - 07.15 | C10: 10 | D10: 3 | E10: 2 | F10: 7 | G10: 0 | H10: 0 | I10: 2 | J10: 0 | K10: 0 | L10: 0 | M10: 16 | N10: 0 | O10: =SUM(C10:L10,N10) -> 24 | P10: =SUM(C10:N10) -> 40 | R10: 0700-0800 | S10: =SUM(C10:C13) -> 65 | T10: =SUM(D10:D13) -> 23 | U10: =SUM(E10:E13) -> 6 | V10: =SUM(F10:F13) -> 51 | W10: =SUM(G10:G13) -> 2 | X10: =SUM(H10:H13) -> 1 | Y10: =SUM(I10:I13) -> 9 | Z10: =SUM(J10:J13) -> 1 | ... AF10: =SUM(P10:P13) -> 273
B11: 07.15 - 07.30 | C11: 13 | D11: 5 | E11: 2 | F11: 16 | G11: 2 | H11: 0 | I11: 2 | J11: 1 | K11: 1 | L11: 0 | M11: 31 | N11: 0 | O11: =SUM(C11:L11,N11) -> 42 | P11: =SUM(C11:N11) -> 73 | R11: 0800-0900 | S11: =SUM(C14:C17) -> 106 | T11: =SUM(D14:D17) -> 31 | U11: =SUM(E14:E17) -> 12 | V11: =SUM(F14:F17) -> 49 | W11: =SUM(G14:G17) -> 2 | X11: =SUM(H14:H17) -> 7 | Y11: =SUM(I14:I17) -> 7 | Z11: =SUM(J14:J17) -> 3 | ... AF11: =SUM(P14:P17) -> 350
B12: 07.30 - 07.45 | C12: 23 | D12: 6 | E12: 2 | F12: 21 | G12: 0 | H12: 1 | I12: 3 | J12: 0 | K12: 1 | L12: 0 | M12: 45 | N12: 0 | O12: =SUM(C12:L12,N12) -> 57 | P12: =SUM(C12:N12) -> 102 | R12: 0900-1000 | S12: =SUM(C18:C21) -> 51 | T12: =SUM(D18:D21) -> 117 | U12: =SUM(E18:E21) -> 7 | V12: =SUM(F18:F21) -> 59 | W12: =SUM(G18:G21) -> 4 | X12: =SUM(H18:H21) -> 1 | Y12: =SUM(I18:I21) -> 20 | Z12: =SUM(J18:J21) -> 0 | ... AF12: =SUM(P18:P21) -> 438
B13: 07.45 - 08.00 | C13: 19 | D13: 9 | E13: 0 | F13: 7 | G13: 0 | H13: 0 | I13: 2 | J13: 0 | K13: 0 | L13: 0 | M13: 21 | N13: 0 | O13: =SUM(C13:L13,N13) -> 37 | P13: =SUM(C13:N13) -> 58 | R13: 1000-1100 | S13: =SUM(C22:C25) -> 128 | T13: =SUM(D22:D25) -> 43 | U13: =SUM(E22:E25) -> 15 | V13: =SUM(F22:F25) -> 33 | W13: =SUM(G22:G25) -> 0 | X13: =SUM(H22:H25) -> 0 | Y13: =SUM(I22:I25) -> 20 | Z13: =SUM(J22:J25) -> 3 | ... AF13: =SUM(P22:P25) -> 384
B14: 08.00 - 08.15 | C14: 18 | D14: 4 | E14: 3 | F14: 17 | G14: 1 | H14: 1 | I14: 4 | J14: 1 | K14: 0 | L14: 0 | M14: 28 | N14: 0 | O14: =SUM(C14:L14,N14) -> 49 | P14: =SUM(C14:N14) -> 77 | R14: 1100-1200 | S14: =SUM(C26:C29) -> 171 | T14: =SUM(D26:D29) -> 67 | U14: =SUM(E26:E29) -> 24 | V14: =SUM(F26:F29) -> 46 | W14: =SUM(G26:G29) -> 1 | X14: =SUM(H26:H29) -> 0 | Y14: =SUM(I26:I29) -> 25 | Z14: =SUM(J26:J29) -> 3 | ... AF14: =SUM(P26:P29) -> 464
B15: 08.15 - 08.30 | C15: 31 | D15: 7 | E15: 4 | F15: 12 | G15: 0 | H15: 1 | I15: 1 | J15: 2 | K15: 0 | L15: 0 | M15: 39 | N15: 0 | O15: =SUM(C15:L15,N15) -> 58 | P15: =SUM(C15:N15) -> 97 | R15: 1200-1300 | S15: =SUM(C30:C33) -> 100 | T15: =SUM(D30:D33) -> 43 | U15: =SUM(E30:E33) -> 20 | V15: =SUM(F30:F33) -> 17 | W15: =SUM(G30:G33) -> 0 | X15: =SUM(H30:H33) -> 9 | Y15: =SUM(I30:I33) -> 9 | Z15: =SUM(J30:J33) -> 3 | ... AF15: =SUM(P30:P33) -> 232
B16: 08.30 - 08.45 | C16: 27 | D16: 10 | E16: 4 | F16: 9 | G16: 0 | H16: 2 | I16: 1 | J16: 0 | K16: 0 | L16: 0 | M16: 37 | N16: 0 | O16: =SUM(C16:L16,N16) -> 53 | P16: =SUM(C16:N16) -> 90 | R16: 1300-1400 | S16: =SUM(C34:C37) -> 129 | T16: =SUM(D34:D37) -> 91 | U16: =SUM(E34:E37) -> 27 | V16: =SUM(F34:F37) -> 45 | W16: =SUM(G34:G37) -> 1 | X16: =SUM(H34:H37) -> 1 | Y16: =SUM(I34:I37) -> 19 | Z16: =SUM(J34:J37) -> 1 | ... AF16: =SUM(P34:P37) -> 404
B17: 08.45 - 9.00 | C17: 30 | D17: 10 | E17: 1 | F17: 11 | G17: 1 | H17: 3 | I17: 1 | J17: 0 | K17: 1 | L17: 0 | M17: 28 | N17: 0 | O17: =SUM(C17:L17,N17) -> 58 | P17: =SUM(C17:N17) -> 86 | R17: 1400-1500 | S17: =SUM(C38:C41) -> 97 | T17: =SUM(D38:D41) -> 185 | U17: =SUM(E38:E41) -> 32 | V17: =SUM(F38:F41) -> 60 | W17: =SUM(G38:G41) -> 0 | X17: =SUM(H38:H41) -> 2 | Y17: =SUM(I38:I41) -> 25 | Z17: =SUM(J38:J41) -> 1 | ... AF17: =SUM(P38:P41) -> 555
B18: 09.00 - 09.15 | C18: 22 | D18: 22 | E18: 2 | F18: 20 | G18: 2 | H18: 0 | I18: 3 | J18: 0 | K18: 0 | L18: 0 | M18: 42 | N18: 0 | O18: =SUM(C18:L18,N18) -> 71 | P18: =SUM(C18:N18) -> 113 | R18: 1500-1600 | S18: =SUM(C42:C45) -> 155 | T18: =SUM(D42:D45) -> 84 | U18: =SUM(E42:E45) -> 22 | V18: =SUM(F42:F45) -> 39 | W18: =SUM(G42:G45) -> 1 | X18: =SUM(H42:H45) -> 0 | Y18: =SUM(I42:I45) -> 21 | Z18: =SUM(J42:J45) -> 6 | ... AF18: =SUM(P42:P45) -> 467
B19: 09.15 - 09.30 | C19: 16 | D19: 32 | E19: 2 | F19: 14 | G19: 2 | H19: 0 | I19: 6 | J19: 0 | K19: 0 | L19: 0 | M19: 46 | N19: 0 | O19: =SUM(C19:L19,N19) -> 72 | P19: =SUM(C19:N19) -> 118 | R19: 1600-1700 | S19: =SUM(C46:C49) -> 178 | T19: =SUM(D46:D49) -> 99 | U19: =SUM(E46:E49) -> 34 | V19: =SUM(F46:F49) -> 38 | W19: =SUM(G46:G49) -> 0 | X19: =SUM(H46:H49) -> 0 | Y19: =SUM(I46:I49) -> 17 | Z19: =SUM(J46:J49) -> 4 | ... AF19: =SUM(P46:P49) -> 500
B20: 09.30 - 09.45 | C20: 8 | D20: 31 | E20: 2 | F20: 13 | G20: 0 | H20: 0 | I20: 5 | J20: 0 | K20: 0 | L20: 0 | M20: 52 | N20: 0 | O20: =SUM(C20:L20,N20) -> 59 | P20: =SUM(C20:N20) -> 111 | R20: 1700-1800 | S20: =SUM(C50:C53) -> 201 | T20: =SUM(D50:D53) -> 91 | U20: =SUM(E50:E53) -> 31 | V20: =SUM(F50:F53) -> 48 | W20: =SUM(G50:G53) -> 0 | X20: =SUM(H50:H53) -> 0 | Y20: =SUM(I50:I53) -> 23 | Z20: =SUM(J50:J53) -> 6 | ... AF20: =SUM(P50:P53) -> 524
B21: 09.45 - 10.00 | C21: 5 | D21: 32 | E21: 1 | F21: 12 | G21: 0 | H21: 1 | I21: 6 | J21: 0 | K21: 0 | L21: 0 | M21: 39 | N21: 0 | O21: =SUM(C21:L21,N21) -> 57 | P21: =SUM(C21:N21) -> 96 | R21: 1800-1900 | S21: =SUM(C54:C57) -> 204 | T21: =SUM(D54:D57) -> 73 | U21: =SUM(E54:E57) -> 21 | V21: =SUM(F54:F57) -> 57 | W21: =SUM(G54:G57) -> 3 | X21: =SUM(H54:H57) -> 3 | Y21: =SUM(I54:I57) -> 12 | Z21: =SUM(J54:J57) -> 6 | ... AF21: =SUM(P54:P57) -> 513
B22: 10.00 - 10.15 | C22: 26 | D22: 6 | E22: 5 | F22: 10 | G22: 0 | H22: 0 | I22: 4 | J22: 0 | K22: 2 | L22: 0 | M22: 28 | N22: 0 | O22: =SUM(C22:L22,N22) -> 53 | P22: =SUM(C22:N22) -> 81 | R22: AM Peak Hr | S22: =MAX(S10:S12) -> 106 | T22: =MAX(T10:T12) -> 117 | U22: =MAX(U10:U12) -> 12 | V22: =MAX(V10:V12) -> 59 | W22: =MAX(W10:W12) -> 4 | X22: =MAX(X10:X12) -> 7 | Y22: =MAX(Y10:Y12) -> 20 | Z22: =MAX(Z10:Z12) -> 3 | ... AF22: =MAX(AF10:AF12) -> 438
B23: 10.15 - 10.30 | C23: 39 | D23: 20 | E23: 4 | F23: 8 | G23: 0 | H23: 0 | I23: 8 | J23: 0 | K23: 1 | L23: 1 | M23: 44 | N23: 0 | O23: =SUM(C23:L23,N23) -> 81 | P23: =SUM(C23:N23) -> 125 | R23: IP Peak Hr | S23: =MAX(S13:S18) -> 171 | T23: =MAX(T13:T18) -> 185 | U23: =MAX(U13:U18) -> 32 | V23: =MAX(V13:V18) -> 60 | W23: =MAX(W13:W18) -> 1 | X23: =MAX(X13:X18) -> 9 | Y23: =MAX(Y13:Y18) -> 25 | Z23: =MAX(Z13:Z18) -> 6 | ... AF23: =MAX(AF13:AF18) -> 555
B24: 10.30 - 10.45 | C24: 26 | D24: 8 | E24: 3 | F24: 8 | G24: 0 | H24: 0 | I24: 6 | J24: 2 | K24: 1 | L24: 1 | M24: 27 | N24: 0 | O24: =SUM(C24:L24,N24) -> 55 | P24: =SUM(C24:N24) -> 82 | R24: PM Peak Hr | S24: =MAX(S19:S21) -> 204 | T24: =MAX(T19:T21) -> 99 | U24: =MAX(U19:U21) -> 34 | V24: =MAX(V19:V21) -> 57 | W24: =MAX(W19:W21) -> 3 | X24: =MAX(X19:X21) -> 3 | Y24: =MAX(Y19:Y21) -> 23 | Z24: =MAX(Z19:Z21) -> 6 | ... AF24: =MAX(AF19:AF21) -> 524
B25: 10.45 - 11.00 | C25: 37 | D25: 9 | E25: 3 | F25: 7 | G25: 0 | H25: 0 | I25: 2 | J25: 1 | K25: 3 | L25: 1 | M25: 33 | N25: 0 | O25: =SUM(C25:L25,N25) -> 63 | P25: =SUM(C25:N25) -> 96 | R25: AM Period | S25: =SUM(S10:S12) -> 222 | T25: =SUM(T10:T12) -> 171 | U25: =SUM(U10:U12) -> 25 | V25: =SUM(V10:V12) -> 159 | W25: =SUM(W10:W12) -> 8 | X25: =SUM(X10:X12) -> 9 | Y25: =SUM(Y10:Y12) -> 36 | Z25: =SUM(Z10:Z12) -> 4 | ... AF25: =SUM(AF10:AF12) -> 1061
B26: 11.00 - 11.15 | C26: 45 | D26: 20 | E26: 4 | F26: 11 | G26: 0 | H26: 0 | I26: 8 | J26: 0 | K26: 0 | L26: 0 | M26: 29 | N26: 0 | O26: =SUM(C26:L26,N26) -> 88 | P26: =SUM(C26:N26) -> 117 | R26: IP Period | S26: =SUM(S13:S18) -> 780 | T26: =SUM(T13:T18) -> 513 | U26: =SUM(U13:U18) -> 140 | V26: =SUM(V13:V18) -> 240 | W26: =SUM(W13:W18) -> 3 | X26: =SUM(X13:X18) -> 12 | Y26: =SUM(Y13:Y18) -> 119 | Z26: =SUM(Z13:Z18) -> 17 | ... AF26: =SUM(AF13:AF18) -> 2506
B27: 11.15 - 11.30 | C27: 40 | D27: 13 | E27: 5 | F27: 10 | G27: 1 | H27: 0 | I27: 5 | J27: 1 | K27: 1 | L27: 0 | M27: 25 | N27: 0 | O27: =SUM(C27:L27,N27) -> 76 | P27: =SUM(C27:N27) -> 101 | R27: PM Period | S27: =SUM(S19:S21) -> 583 | T27: =SUM(T19:T21) -> 263 | U27: =SUM(U19:U21) -> 86 | V27: =SUM(V19:V21) -> 143 | W27: =SUM(W19:W21) -> 3 | X27: =SUM(X19:X21) -> 3 | Y27: =SUM(Y19:Y21) -> 52 | Z27: =SUM(Z19:Z21) -> 16 | ... AF27: =SUM(AF19:AF21) -> 1537
B28: 11.30 - 11.45 | C28: 37 | D28: 10 | E28: 8 | F28: 12 | G28: 0 | H28: 0 | I28: 4 | J28: 0 | K28: 0 | L28: 0 | M28: 30 | N28: 0 | O28: =SUM(C28:L28,N28) -> 71 | P28: =SUM(C28:N28) -> 101 | R28: 12 Hours | S28: =SUM(S10:S21) -> 1585 | T28: =SUM(T10:T21) -> 947 | U28: =SUM(U10:U21) -> 251 | V28: =SUM(V10:V21) -> 542 | W28: =SUM(W10:W21) -> 14 | X28: =SUM(X10:X21) -> 24 | Y28: =SUM(Y10:Y21) -> 207 | Z28: =SUM(Z10:Z21) -> 37 | ... AF28: =SUM(AF10:AF21) -> 5104
B29: 11.45 - 12.00 | C29: 49 | D29: 24 | E29: 7 | F29: 13 | G29: 0 | H29: 0 | I29: 8 | J29: 2 | K29: 3 | L29: 1 | M29: 38 | N29: 0 | O29: =SUM(C29:L29,N29) -> 107 | P29: =SUM(C29:N29) -> 145
B30: 12.00 - 12.15 | C30: 40 | D30: 15 | E30: 9 | F30: 1 | G30: 0 | H30: 9 | I30: 1 | J30: 1 | K30: 1 | L30: 19 | M30: 0 | N30: 0 | O30: =SUM(C30:L30,N30) -> 96 | P30: =SUM(C30:N30) -> 96
B31: 12.15 - 12.30 | C31: 14 | D31: 7 | E31: 3 | F31: 3 | G31: 0 | H31: 0 | I31: 3 | J31: 0 | K31: 3 | L31: 0 | M31: 1 | N31: 0 | O31: =SUM(C31:L31,N31) -> 33 | P31: =SUM(C31:N31) -> 34
B32: 12.30 - 12.45 | C32: 24 | D32: 9 | E32: 6 | F32: 5 | G32: 0 | H32: 0 | I32: 2 | J32: 1 | K32: 1 | L32: 0 | M32: 1 | N32: 0 | O32: =SUM(C32:L32,N32) -> 48 | P32: =SUM(C32:N32) -> 49
B33: 12.45 - 13.00 | C33: 22 | D33: 12 | E33: 2 | F33: 8 | G33: 0 | H33: 0 | I33: 3 | J33: 1 | K33: 0 | L33: 1 | M33: 4 | N33: 0 | O33: =SUM(C33:L33,N33) -> 49 | P33: =SUM(C33:N33) -> 53
B34: 13.00 - 13.15 | C34: 29 | D34: 15 | E34: 7 | F34: 8 | G34: 0 | H34: 1 | I34: 1 | J34: 0 | K34: 0 | L34: 0 | M34: 17 | N34: 0 | O34: =SUM(C34:L34,N34) -> 61 | P34: =SUM(C34:N34) -> 78
B35: 13.15 - 13.30 | C35: 47 | D35: 25 | E35: 7 | F35: 11 | G35: 0 | H35: 0 | I35: 5 | J35: 0 | K35: 0 | L35: 0 | M35: 23 | N35: 0 | O35: =SUM(C35:L35,N35) -> 95 | P35: =SUM(C35:N35) -> 118
B36: 13.30 - 13.45 | C36: 35 | D36: 10 | E36: 4 | F36: 16 | G36: 0 | H36: 0 | I36: 6 | J36: 1 | K36: 0 | L36: 1 | M36: 13 | N36: 0 | O36: =SUM(C36:L36,N36) -> 73 | P36: =SUM(C36:N36) -> 86
B37: 13.45 - 14.00 | C37: 18 | D37: 41 | E37: 9 | F37: 10 | G37: 1 | H37: 0 | I37: 7 | J37: 0 | K37: 0 | L37: 1 | M37: 35 | N37: 0 | O37: =SUM(C37:L37,N37) -> 87 | P37: =SUM(C37:N37) -> 122
B38: 14.00 - 14.15 | C38: 13 | D38: 56 | E38: 6 | F38: 18 | G38: 0 | H38: 1 | I38: 11 | J38: 0 | K38: 3 | L38: 0 | M38: 42 | N38: 0 | O38: =SUM(C38:L38,N38) -> 108 | P38: =SUM(C38:N38) -> 150
B39: 14.15 - 14.30 | C39: 20 | D39: 70 | E39: 12 | F39: 12 | G39: 0 | H39: 0 | I39: 9 | J39: 0 | K39: 0 | L39: 0 | M39: 44 | N39: 0 | O39: =SUM(C39:L39,N39) -> 123 | P39: =SUM(C39:N39) -> 167
B40: 14.30 - 14.45 | C40: 26 | D40: 33 | E40: 5 | F40: 10 | G40: 0 | H40: 1 | I40: 4 | J40: 0 | K40: 0 | L40: 0 | M40: 28 | N40: 0 | O40: =SUM(C40:L40,N40) -> 79 | P40: =SUM(C40:N40) -> 107
... B57: 18.45 - 19.00 | C57: 55 | D57: 19 | E57: 8 | F57: 19 | G57: 0 | H57: 1 | I57: 1 | J57: 0 | K57: 0 | L57: 1 | M57: 44 | N57: 0 | O57: =SUM(C57:L57,N57) -> 104 | P57: =SUM(C57:N57) -> 148
B58: Totals | C58: =SUM(C10:C57) -> 1585 | D58: =SUM(D10:D57) -> 947 | E58: =SUM(E10:E57) -> 251 | F58: =SUM(F10:F57) -> 542 | G58: =SUM(G10:G57) -> 14 | H58: =SUM(H10:H57) -> 24 | I58: =SUM(I10:I57) -> 207 | J58: =SUM(J10:J57) -> 37 | ... P58: =SUM(P10:P57) -> 5104
B59: %ges + MCs | C59: =C58/$P$58 -> 0.31054075 | D59: =D58/$P$58 -> 0.18554075 | E59: =E58/$P$58 -> 0.049177116 | F59: =F58/$P$58 -> 0.10619122 | G59: =G58/$P$58 -> 0.0027429467 | H59: =H58/$P$58 -> 0.0047021944 | I59: =I58/$P$58 -> 0.040556426 | J59: =J58/$P$58 -> 0.0072492163 | ... N59: =N58/$P$58 -> 0
B60: %ges w/o MCs | C60: =C58/$O$58 -> 0.43199782 | D60: =D58/$O$58 -> 0.25810848 | E60: =E58/$O$58 -> 0.068411011 | F60: =F58/$O$58 -> 0.14772418 | G60: =G58/$O$58 -> 0.0038157536 | H60: =H58/$O$58 -> 0.0065412919 | I60: =I58/$O$58 -> 0.056418643 | J60: =J58/$O$58 -> 0.010084492 | ... L60: =L58/$O$58 -> 0.0089942764 | N60: =N58/$O$58 -> 0

Sheet 29.09 Namugongo-Sonde
