Workbook

Sheet 27.10 Mbarara-Kabale
B1: Consultancy services for Preparation of Expressway Development Master Plan (EDMP) for Uganda
B2: MANUAL CLASSIFIED COUNT (MCC)
B3: ROAD NAME: | C3: MCC - C4 - STN100 - MBARARA-NTUNGAMO ROAD
C5: Date | D5: 27.10.19 | F5: Location | G5: Nyeihanga traffic station | J5: Surveyor | K5: Norman
C6: Dir. From | D6: Mbarara | F6: Dir. To | G6: Kabale | J6: Supervisor | K6: Norman R
B8: Time / Veh Type | R8: SUMMARY TRAFFIC VOLUMES
C9: 1. Car | D9: 2. Station Wagon | E9: 3. Pickups | F9: 4. Minibus, matatu | G9: 5. Medium bus | H9: 6. Large Bus | I9: 7. Light Truck | J9: 8. Medium Truck | K9: 9. Heavy truck | L9: 10. Truck Trailer | M9: 11. Motor cycles | N9: 12. Tractors | O9: Total Excl M/Cycles | P9: Total All | R9: Time | S9: 1. Car | T9: 2. Station Wagon | U9: 3. Pickups | V9: 4. Minibus, matatu | W9: 5. Medium bus | X9: 6. Large Bus | Y9: 7. Light Truck | Z9: 8. Medium Truck | AA9: 9. Heavy truck | AB9: 10. Truck Trailer | AC9: 11. Motorcycles | AD9: 12. Tractors, Graders | AE9: Total Excl M/ Cycles | AF9: Total All
B10: 07.00 - 07.15 | C10: 4 | D10: 2 | E10: 0 | F10: 5 | G10: 0 | H10: 0 | I10: 0 | J10: 0 | K10: 7 | L10: 0 | M10: 11 | N10: 0 | O10: =SUM(C10:L10,N10) -> 18 | P10: =SUM(C10:N10) -> 29 | R10: 0700-0800 | S10: =SUM(C10:C13) -> 34 | T10: =SUM(D10:D13) -> 36 | U10: =SUM(E10:E13) -> 17 | V10: =SUM(F10:F13) -> 39 | W10: =SUM(G10:G13) -> 0 | X10: =SUM(H10:H13) -> 0 | Y10: =SUM(I10:I13) -> 3 | Z10: =SUM(J10:J13) -> 14 | ... AF10: =SUM(P10:P13) -> 257
B11: 07.15 - 07.30 | C11: 8 | D11: 4 | E11: 1 | F11: 11 | G11: 0 | H11: 0 | I11: 3 | J11: 0 | K11: 2 | L11: 6 | M11: 7 | N11: 0 | O11: =SUM(C11:L11,N11) -> 35 | P11: =SUM(C11:N11) -> 42 | R11: 0800-0900 | S11: =SUM(C14:C17) -> 30 | T11: =SUM(D14:D17) -> 8 | U11: =SUM(E14:E17) -> 6 | V11: =SUM(F14:F17) -> 12 | W11: =SUM(G14:G17) -> 0 | X11: =SUM(H14:H17) -> 0 | Y11: =SUM(I14:I17) -> 1 | Z11: =SUM(J14:J17) -> 7 | ... AF11: =SUM(P14:P17) -> 115
B12: 07.30 - 07.45 | C12: 17 | D12: 21 | E12: 13 | F12: 16 | G12: 0 | H12: 0 | I12: 0 | J12: 4 | K12: 14 | L12: 9 | M12: 24 | N12: 0 | O12: =SUM(C12:L12,N12) -> 94 | P12: =SUM(C12:N12) -> 118 | R12: 0900-1000 | S12: =SUM(C18:C21) -> 24 | T12: =SUM(D18:D21) -> 3 | U12: =SUM(E18:E21) -> 2 | V12: =SUM(F18:F21) -> 19 | W12: =SUM(G18:G21) -> 0 | X12: =SUM(H18:H21) -> 0 | Y12: =SUM(I18:I21) -> 2 | Z12: =SUM(J18:J21) -> 3 | ... AF12: =SUM(P18:P21) -> 114
B13: 07.45 - 08.00 | C13: 5 | D13: 9 | E13: 3 | F13: 7 | G13: 0 | H13: 0 | I13: 0 | J13: 10 | K13: 22 | L13: 4 | M13: 8 | N13: 0 | O13: =SUM(C13:L13,N13) -> 60 | P13: =SUM(C13:N13) -> 68 | R13: 1000-1100 | S13: =SUM(C22:C25) -> 43 | T13: =SUM(D22:D25) -> 4 | U13: =SUM(E22:E25) -> 2 | V13: =SUM(F22:F25) -> 17 | W13: =SUM(G22:G25) -> 0 | X13: =SUM(H22:H25) -> 1 | Y13: =SUM(I22:I25) -> 6 | Z13: =SUM(J22:J25) -> 4 | ... AF13: =SUM(P22:P25) -> 159
B14: 08.00 - 08.15 | C14: 4 | D14: 0 | E14: 1 | F14: 2 | G14: 0 | H14: 0 | I14: 1 | J14: 1 | K14: 1 | L14: 4 | M14: 7 | N14: 0 | O14: =SUM(C14:L14,N14) -> 14 | P14: =SUM(C14:N14) -> 21 | R14: 1100-1200 | S14: =SUM(C26:C29) -> 51 | T14: =SUM(D26:D29) -> 12 | U14: =SUM(E26:E29) -> 6 | V14: =SUM(F26:F29) -> 19 | W14: =SUM(G26:G29) -> 0 | X14: =SUM(H26:H29) -> 2 | Y14: =SUM(I26:I29) -> 5 | Z14: =SUM(J26:J29) -> 13 | ... AF14: =SUM(P26:P29) -> 173
B15: 08.15 - 08.30 | C15: 6 | D15: 1 | E15: 4 | F15: 9 | G15: 0 | H15: 0 | I15: 0 | J15: 4 | K15: 5 | L15: 6 | M15: 9 | N15: 0 | O15: =SUM(C15:L15,N15) -> 35 | P15: =SUM(C15:N15) -> 44 | R15: 1200-1300 | S15: =SUM(C30:C33) -> 24 | T15: =SUM(D30:D33) -> 7 | U15: =SUM(E30:E33) -> 6 | V15: =SUM(F30:F33) -> 36 | W15: =SUM(G30:G33) -> 0 | X15: =SUM(H30:H33) -> 1 | Y15: =SUM(I30:I33) -> 8 | Z15: =SUM(J30:J33) -> 1 | ... AF15: =SUM(P30:P33) -> 158
B16: 08.30 - 08.45 | C16: 15 | D16: 4 | E16: 0 | F16: 0 | G16: 0 | H16: 0 | I16: 0 | J16: 0 | K16: 0 | L16: 0 | M16: 5 | N16: 0 | O16: =SUM(C16:L16,N16) -> 19 | P16: =SUM(C16:N16) -> 24 | R16: 1300-1400 | S16: =SUM(C34:C37) -> 38 | T16: =SUM(D34:D37) -> 12 | U16: =SUM(E34:E37) -> 2 | V16: =SUM(F34:F37) -> 36 | W16: =SUM(G34:G37) -> 1 | X16: =SUM(H34:H37) -> 3 | Y16: =SUM(I34:I37) -> 4 | Z16: =SUM(J34:J37) -> 3 | ... AF16: =SUM(P34:P37) -> 162
B17: 08.45 - 9.00 | C17: 5 | D17: 3 | E17: 1 | F17: 1 | G17: 0 | H17: 0 | I17: 0 | J17: 2 | K17: 1 | L17: 2 | M17: 11 | N17: 0 | O17: =SUM(C17:L17,N17) -> 15 | P17: =SUM(C17:N17) -> 26 | R17: 1400-1500 | S17: =SUM(C38:C41) -> 43 | T17: =SUM(D38:D41) -> 0 | U17: =SUM(E38:E41) -> 8 | V17: =SUM(F38:F41) -> 39 | W17: =SUM(G38:G41) -> 0 | X17: =SUM(H38:H41) -> 0 | Y17: =SUM(I38:I41) -> 2 | Z17: =SUM(J38:J41) -> 4 | ... AF17: =SUM(P38:P41) -> 159
B18: 09.00 - 09.15 | C18: 3 | D18: 2 | E18: 1 | F18: 5 | G18: 0 | H18: 0 | I18: 0 | J18: 0 | K18: 2 | L18: 0 | M18: 10 | N18: 0 | O18: =SUM(C18:L18,N18) -> 13 | P18: =SUM(C18:N18) -> 23 | R18: 1500-1600 | S18: =SUM(C42:C45) -> 33 | T18: =SUM(D42:D45) -> 28 | U18: =SUM(E42:E45) -> 27 | V18: =SUM(F42:F45) -> 29 | W18: =SUM(G42:G45) -> 4 | X18: =SUM(H42:H45) -> 5 | Y18: =SUM(I42:I45) -> 11 | Z18: =SUM(J42:J45) -> 21 | ... AF18: =SUM(P42:P45) -> 275
B19: 09.15 - 09.30 | C19: 11 | D19: 0 | E19: 0 | F19: 7 | G19: 0 | H19: 0 | I19: 0 | J19: 0 | K19: 1 | L19: 0 | M19: 17 | N19: 0 | O19: =SUM(C19:L19,N19) -> 19 | P19: =SUM(C19:N19) -> 36 | R19: 1600-1700 | S19: =SUM(C46:C49) -> 26 | T19: =SUM(D46:D49) -> 16 | U19: =SUM(E46:E49) -> 4 | V19: =SUM(F46:F49) -> 14 | W19: =SUM(G46:G49) -> 0 | X19: =SUM(H46:H49) -> 6 | Y19: =SUM(I46:I49) -> 1 | Z19: =SUM(J46:J49) -> 14 | ... AF19: =SUM(P46:P49) -> 192
B20: 09.30 - 09.45 | C20: 7 | D20: 0 | E20: 1 | F20: 4 | G20: 0 | H20: 0 | I20: 2 | J20: 2 | K20: 2 | L20: 7 | M20: 3 | N20: 0 | O20: =SUM(C20:L20,N20) -> 25 | P20: =SUM(C20:N20) -> 28 | R20: 1700-1800 | S20: =SUM(C50:C53) -> 25 | T20: =SUM(D50:D53) -> 22 | U20: =SUM(E50:E53) -> 24 | V20: =SUM(F50:F53) -> 26 | W20: =SUM(G50:G53) -> 4 | X20: =SUM(H50:H53) -> 0 | Y20: =SUM(I50:I53) -> 2 | Z20: =SUM(J50:J53) -> 7 | ... AF20: =SUM(P50:P53) -> 240
B21: 09.45 - 10.00 | C21: 3 | D21: 1 | E21: 0 | F21: 3 | G21: 0 | H21: 0 | I21: 0 | J21: 1 | K21: 6 | L21: 0 | M21: 13 | N21: 0 | O21: =SUM(C21:L21,N21) -> 14 | P21: =SUM(C21:N21) -> 27 | R21: 1800-1900 | S21: =SUM(C54:C57) -> 17 | T21: =SUM(D54:D57) -> 13 | U21: =SUM(E54:E57) -> 16 | V21: =SUM(F54:F57) -> 7 | W21: =SUM(G54:G57) -> 3 | X21: =SUM(H54:H57) -> 6 | Y21: =SUM(I54:I57) -> 3 | Z21: =SUM(J54:J57) -> 10 | ... AF21: =SUM(P54:P57) -> 162
B22: 10.00 - 10.15 | C22: 4 | D22: 3 | E22: 1 | F22: 5 | G22: 0 | H22: 0 | I22: 2 | J22: 0 | K22: 0 | L22: 3 | M22: 13 | N22: 0 | O22: =SUM(C22:L22,N22) -> 18 | P22: =SUM(C22:N22) -> 31 | R22: AM Peak Hr | S22: =MAX(S10:S12) -> 34 | T22: =MAX(T10:T12) -> 36 | U22: =MAX(U10:U12) -> 17 | V22: =MAX(V10:V12) -> 39 | W22: =MAX(W10:W12) -> 0 | X22: =MAX(X10:X12) -> 0 | Y22: =MAX(Y10:Y12) -> 3 | Z22: =MAX(Z10:Z12) -> 14 | ... AF22: =MAX(AF10:AF12) -> 257
B23: 10.15 - 10.30 | C23: 6 | D23: 0 | E23: 1 | F23: 0 | G23: 0 | H23: 0 | I23: 1 | J23: 0 | K23: 0 | L23: 2 | M23: 15 | N23: 0 | O23: =SUM(C23:L23,N23) -> 10 | P23: =SUM(C23:N23) -> 25 | R23: IP Peak Hr | S23: =MAX(S13:S18) -> 51 | T23: =MAX(T13:T18) -> 28 | U23: =MAX(U13:U18) -> 27 | V23: =MAX(V13:V18) -> 39 | W23: =MAX(W13:W18) -> 4 | X23: =MAX(X13:X18) -> 5 | Y23: =MAX(Y13:Y18) -> 11 | Z23: =MAX(Z13:Z18) -> 21 | ... AF23: =MAX(AF13:AF18) -> 275
B24: 10.30 - 10.45 | C24: 12 | D24: 0 | E24: 0 | F24: 2 | G24: 0 | H24: 1 | I24: 0 | J24: 4 | K24: 0 | L24: 0 | M24: 23 | N24: 0 | O24: =SUM(C24:L24,N24) -> 19 | P24: =SUM(C24:N24) -> 42 | R24: PM Peak Hr | S24: =MAX(S19:S21) -> 26 | T24: =MAX(T19:T21) -> 22 | U24: =MAX(U19:U21) -> 24 | V24: =MAX(V19:V21) -> 26 | W24: =MAX(W19:W21) -> 4 | X24: =MAX(X19:X21) -> 6 | Y24: =MAX(Y19:Y21) -> 3 | Z24: =MAX(Z19:Z21) -> 14 | ... AF24: =MAX(AF19:AF21) -> 240
B25: 10.45 - 11.00 | C25: 21 | D25: 1 | E25: 0 | F25: 10 | G25: 0 | H25: 0 | I25: 3 | J25: 0 | K25: 6 | L25: 5 | M25: 15 | N25: 0 | O25: =SUM(C25:L25,N25) -> 46 | P25: =SUM(C25:N25) -> 61 | R25: AM Period | S25: =SUM(S10:S12) -> 88 | T25: =SUM(T10:T12) -> 47 | U25: =SUM(U10:U12) -> 25 | V25: =SUM(V10:V12) -> 70 | W25: =SUM(W10:W12) -> 0 | X25: =SUM(X10:X12) -> 0 | Y25: =SUM(Y10:Y12) -> 6 | Z25: =SUM(Z10:Z12) -> 24 | ... AF25: =SUM(AF10:AF12) -> 486
B26: 11.00 - 11.15 | C26: 12 | D26: 3 | E26: 2 | F26: 7 | G26: 0 | H26: 0 | I26: 1 | J26: 4 | K26: 0 | L26: 3 | M26: 16 | N26: 0 | O26: =SUM(C26:L26,N26) -> 32 | P26: =SUM(C26:N26) -> 48 | R26: IP Period | S26: =SUM(S13:S18) -> 232 | T26: =SUM(T13:T18) -> 63 | U26: =SUM(U13:U18) -> 51 | V26: =SUM(V13:V18) -> 176 | W26: =SUM(W13:W18) -> 5 | X26: =SUM(X13:X18) -> 12 | Y26: =SUM(Y13:Y18) -> 36 | Z26: =SUM(Z13:Z18) -> 46 | ... AF26: =SUM(AF13:AF18) -> 1086
B27: 11.15 - 11.30 | C27: 15 | D27: 6 | E27: 1 | F27: 2 | G27: 0 | H27: 1 | I27: 1 | J27: 2 | K27: 0 | L27: 3 | M27: 22 | N27: 0 | O27: =SUM(C27:L27,N27) -> 31 | P27: =SUM(C27:N27) -> 53 | R27: PM Period | S27: =SUM(S19:S21) -> 68 | T27: =SUM(T19:T21) -> 51 | U27: =SUM(U19:U21) -> 44 | V27: =SUM(V19:V21) -> 47 | W27: =SUM(W19:W21) -> 7 | X27: =SUM(X19:X21) -> 12 | Y27: =SUM(Y19:Y21) -> 6 | Z27: =SUM(Z19:Z21) -> 31 | ... AF27: =SUM(AF19:AF21) -> 594
B28: 11.30 - 11.45 | C28: 7 | D28: 3 | E28: 3 | F28: 7 | G28: 0 | H28: 0 | I28: 3 | J28: 0 | K28: 0 | L28: 0 | M28: 10 | N28: 0 | O28: =SUM(C28:L28,N28) -> 23 | P28: =SUM(C28:N28) -> 33 | R28: 12 Hours | S28: =SUM(S10:S21) -> 388 | T28: =SUM(T10:T21) -> 161 | U28: =SUM(U10:U21) -> 120 | V28: =SUM(V10:V21) -> 293 | W28: =SUM(W10:W21) -> 12 | X28: =SUM(X10:X21) -> 24 | Y28: =SUM(Y10:Y21) -> 48 | Z28: =SUM(Z10:Z21) -> 101 | ... AF28: =SUM(AF10:AF21) -> 2166
B29: 11.45 - 12.00 | C29: 17 | D29: 0 | E29: 0 | F29: 3 | G29: 0 | H29: 1 | I29: 0 | J29: 7 | K29: 0 | L29: 4 | M29: 7 | N29: 0 | O29: =SUM(C29:L29,N29) -> 32 | P29: =SUM(C29:N29) -> 39
B30: 12.00 - 12.15 | C30: 5 | D30: 2 | E30: 1 | F30: 10 | G30: 0 | H30: 0 | I30: 2 | J30: 0 | K30: 0 | L30: 1 | M30: 7 | N30: 0 | O30: =SUM(C30:L30,N30) -> 21 | P30: =SUM(C30:N30) -> 28
B31: 12.15 - 12.30 | C31: 11 | D31: 1 | E31: 1 | F31: 8 | G31: 0 | H31: 0 | I31: 4 | J31: 1 | K31: 1 | L31: 5 | M31: 21 | N31: 0 | O31: =SUM(C31:L31,N31) -> 32 | P31: =SUM(C31:N31) -> 53
B32: 12.30 - 12.45 | C32: 5 | D32: 2 | E32: 2 | F32: 13 | G32: 0 | H32: 1 | I32: 2 | J32: 0 | K32: 1 | L32: 7 | M32: 17 | N32: 0 | O32: =SUM(C32:L32,N32) -> 33 | P32: =SUM(C32:N32) -> 50
B33: 12.45 - 13.00 | C33: 3 | D33: 2 | E33: 2 | F33: 5 | G33: 0 | H33: 0 | I33: 0 | J33: 0 | K33: 0 | L33: 2 | M33: 13 | N33: 0 | O33: =SUM(C33:L33,N33) -> 14 | P33: =SUM(C33:N33) -> 27
B34: 13.00 - 13.15 | C34: 10 | D34: 0 | E34: 0 | F34: 11 | G34: 0 | H34: 0 | I34: 1 | J34: 1 | K34: 2 | L34: 3 | M34: 13 | N34: 0 | O34: =SUM(C34:L34,N34) -> 28 | P34: =SUM(C34:N34) -> 41
B35: 13.15 - 13.30 | C35: 8 | D35: 6 | E35: 1 | F35: 7 | G35: 0 | H35: 1 | I35: 2 | J35: 0 | K35: 0 | L35: 2 | M35: 11 | N35: 0 | O35: =SUM(C35:L35,N35) -> 27 | P35: =SUM(C35:N35) -> 38
B36: 13.30 - 13.45 | C36: 12 | D36: 6 | E36: 1 | F36: 16 | G36: 0 | H36: 1 | I36: 1 | J36: 2 | K36: 0 | L36: 0 | M36: 20 | N36: 0 | O36: =SUM(C36:L36,N36) -> 39 | P36: =SUM(C36:N36) -> 59
B37: 13.45 - 14.00 | C37: 8 | D37: 0 | E37: 0 | F37: 2 | G37: 1 | H37: 1 | I37: 0 | J37: 0 | K37: 0 | L37: 0 | M37: 12 | N37: 0 | O37: =SUM(C37:L37,N37) -> 12 | P37: =SUM(C37:N37) -> 24
B38: 14.00 - 14.15 | C38: 6 | D38: 0 | E38: 1 | F38: 8 | G38: 0 | H38: 0 | I38: 0 | J38: 1 | K38: 1 | L38: 2 | M38: 11 | N38: 0 | O38: =SUM(C38:L38,N38) -> 19 | P38: =SUM(C38:N38) -> 30
B39: 14.15 - 14.30 | C39: 4 | D39: 0 | E39: 6 | F39: 10 | G39: 0 | H39: 0 | I39: 2 | J39: 0 | K39: 0 | L39: 5 | M39: 17 | N39: 2 | O39: =SUM(C39:L39,N39) -> 29 | P39: =SUM(C39:N39) -> 46
B40: 14.30 - 14.45 | C40: 13 | D40: 0 | E40: 1 | F40: 15 | G40: 0 | H40: 0 | I40: 0 | J40: 1 | K40: 0 | L40: 1 | M40: 15 | N40: 0 | O40: =SUM(C40:L40,N40) -> 31 | P40: =SUM(C40:N40) -> 46
... B57: 18.45 - 19.00 | C57: 3 | D57: 8 | E57: 0 | F57: 0 | G57: 0 | H57: 0 | I57: 0 | J57: 0 | K57: 3 | L57: 5 | M57: 18 | N57: 0 | O57: =SUM(C57:L57,N57) -> 19 | P57: =SUM(C57:N57) -> 37
B58: Totals | C58: =SUM(C10:C57) -> 388 | D58: =SUM(D10:D57) -> 161 | E58: =SUM(E10:E57) -> 120 | F58: =SUM(F10:F57) -> 293 | G58: =SUM(G10:G57) -> 12 | H58: =SUM(H10:H57) -> 24 | I58: =SUM(I10:I57) -> 48 | J58: =SUM(J10:J57) -> 101 | ... P58: =SUM(P10:P57) -> 2166
B59: %ges + MCs | C59: =C58/$P$58 -> 0.17913204 | D59: =D58/$P$58 -> 0.074330563 | E59: =E58/$P$58 -> 0.055401662 | F59: =F58/$P$58 -> 0.13527239 | G59: =G58/$P$58 -> 0.0055401662 | H59: =H58/$P$58 -> 0.011080332 | I59: =I58/$P$58 -> 0.022160665 | J59: =J58/$P$58 -> 0.046629732 | ... N59: =N58/$P$58 -> 0.00092336103
B60: %ges w/o MCs | C60: =C58/$O$58 -> 0.24839949 | D60: =D58/$O$58 -> 0.10307298 | E60: =E58/$O$58 -> 0.076824584 | F60: =F58/$O$58 -> 0.18758003 | G60: =G58/$O$58 -> 0.0076824584 | H60: =H58/$O$58 -> 0.015364917 | I60: =I58/$O$58 -> 0.030729834 | J60: =J58/$O$58 -> 0.064660691 | ... L60: =L58/$O$58 -> 0.14660691 | N60: =N58/$O$58 -> 0.0012804097

Sheet 27.10 Kabale-Mbarara
B1: Consultancy services for Preparation of Expressway Development Master Plan (EDMP) for Uganda
B2: MANUAL CLASSIFIED COUNT (MCC)
B3: ROAD NAME: | C3: ='27.10 Mbarara-Kabale'!C3:G3 -> MCC - C4 - STN100 - MBARARA-NTUNGAMO ROAD
C5: Date | D5: ='27.10 Mbarara-Kabale'!D5 -> 27.10.19 | F5: Location | G5: ='27.10 Mbarara-Kabale'!G5:H5 -> Nyeihanga traffic station | J5: Surveyor | K5: Owomugisha B
C6: Dir. From | D6: Kabale | F6: Dir. To | G6: Mbarara | J6: Supervisor | K6: ='27.10 Mbarara-Kabale'!K6:L6 -> Norman R
B8: Time / Veh Type | R8: SUMMARY TRAFFIC VOLUMES
C9: 1. Car | D9: 2. Station Wagon | E9: 3. Pickups | F9: 4. Minibus, matatu | G9: 5. Medium bus | H9: 6. Large Bus | I9: 7. Light Truck | J9: 8. Medium Truck | K9: 9. Heavy truck | L9: 10. Truck Trailer | M9: 11. Motor cycles | N9: 12. Tractors | O9: Total Excl M/Cycles | P9: Total All | R9: Time | S9: 1. Car | T9: 2. Station Wagon | U9: 3. Pickups | V9: 4. Minibus, matatu | W9: 5. Medium bus | X9: 6. Large Bus | Y9: 7. Light Truck | Z9: 8. Medium Truck | AA9: 9. Heavy truck | AB9: 10. Truck Trailer | AC9: 11. Motorcycles | AD9: 12. Tractors, Graders | AE9: Total Excl M/ Cycles | AF9: Total All
B10: 07.00 - 07.15 | C10: 10 | D10: 11 | E10: 0 | F10: 18 | G10: 0 | H10: 0 | I10: 0 | J10: 0 | K10: 2 | L10: 7 | M10: 20 | N10: 0 | O10: =SUM(C10:L10,N10) -> 48 | P10: =SUM(C10:N10) -> 68 | R10: 0700-0800 | S10: =SUM(C10:C13) -> 56 | T10: =SUM(D10:D13) -> 28 | U10: =SUM(E10:E13) -> 14 | V10: =SUM(F10:F13) -> 60 | W10: =SUM(G10:G13) -> 0 | X10: =SUM(H10:H13) -> 0 | Y10: =SUM(I10:I13) -> 0 | Z10: =SUM(J10:J13) -> 10 | ... AF10: =SUM(P10:P13) -> 270
B11: 07.15 - 07.30 | C11: 17 | D11: 4 | E11: 8 | F11: 12 | G11: 0 | H11: 0 | I11: 0 | J11: 4 | K11: 0 | L11: 2 | M11: 30 | N11: 0 | O11: =SUM(C11:L11,N11) -> 47 | P11: =SUM(C11:N11) -> 77 | R11: 0800-0900 | S11: =SUM(C14:C17) -> 43 | T11: =SUM(D14:D17) -> 3 | U11: =SUM(E14:E17) -> 0 | V11: =SUM(F14:F17) -> 20 | W11: =SUM(G14:G17) -> 0 | X11: =SUM(H14:H17) -> 1 | Y11: =SUM(I14:I17) -> 4 | Z11: =SUM(J14:J17) -> 1 | ... AF11: =SUM(P14:P17) -> 119
B12: 07.30 - 07.45 | C12: 22 | D12: 7 | E12: 6 | F12: 20 | G12: 0 | H12: 0 | I12: 0 | J12: 0 | K12: 4 | L12: 0 | M12: 12 | N12: 0 | O12: =SUM(C12:L12,N12) -> 59 | P12: =SUM(C12:N12) -> 71 | R12: 0900-1000 | S12: =SUM(C18:C21) -> 17 | T12: =SUM(D18:D21) -> 4 | U12: =SUM(E18:E21) -> 0 | V12: =SUM(F18:F21) -> 14 | W12: =SUM(G18:G21) -> 0 | X12: =SUM(H18:H21) -> 1 | Y12: =SUM(I18:I21) -> 1 | Z12: =SUM(J18:J21) -> 2 | ... AF12: =SUM(P18:P21) -> 89
B13: 07.45 - 08.00 | C13: 7 | D13: 6 | E13: 0 | F13: 10 | G13: 0 | H13: 0 | I13: 0 | J13: 6 | K13: 0 | L13: 8 | M13: 17 | N13: 0 | O13: =SUM(C13:L13,N13) -> 37 | P13: =SUM(C13:N13) -> 54 | R13: 1000-1100 | S13: =SUM(C22:C25) -> 34 | T13: =SUM(D22:D25) -> 5 | U13: =SUM(E22:E25) -> 2 | V13: =SUM(F22:F25) -> 22 | W13: =SUM(G22:G25) -> 0 | X13: =SUM(H22:H25) -> 4 | Y13: =SUM(I22:I25) -> 2 | Z13: =SUM(J22:J25) -> 0 | ... AF13: =SUM(P22:P25) -> 145
B14: 08.00 - 08.15 | C14: 10 | D14: 0 | E14: 0 | F14: 7 | G14: 0 | H14: 0 | I14: 0 | J14: 0 | K14: 0 | L14: 1 | M14: 12 | N14: 0 | O14: =SUM(C14:L14,N14) -> 18 | P14: =SUM(C14:N14) -> 30 | R14: 1100-1200 | S14: =SUM(C26:C29) -> 43 | T14: =SUM(D26:D29) -> 10 | U14: =SUM(E26:E29) -> 3 | V14: =SUM(F26:F29) -> 18 | W14: =SUM(G26:G29) -> 1 | X14: =SUM(H26:H29) -> 3 | Y14: =SUM(I26:I29) -> 1 | Z14: =SUM(J26:J29) -> 3 | ... AF14: =SUM(P26:P29) -> 130
B15: 08.15 - 08.30 | C15: 14 | D15: 0 | E15: 0 | F15: 10 | G15: 0 | H15: 0 | I15: 0 | J15: 0 | K15: 0 | L15: 0 | M15: 15 | N15: 0 | O15: =SUM(C15:L15,N15) -> 24 | P15: =SUM(C15:N15) -> 39 | R15: 1200-1300 | S15: =SUM(C30:C33) -> 35 | T15: =SUM(D30:D33) -> 4 | U15: =SUM(E30:E33) -> 3 | V15: =SUM(F30:F33) -> 24 | W15: =SUM(G30:G33) -> 1 | X15: =SUM(H30:H33) -> 3 | Y15: =SUM(I30:I33) -> 6 | Z15: =SUM(J30:J33) -> 1 | ... AF15: =SUM(P30:P33) -> 153
B16: 08.30 - 08.45 | C16: 7 | D16: 3 | E16: 0 | F16: 3 | G16: 0 | H16: 1 | I16: 2 | J16: 0 | K16: 0 | L16: 3 | M16: 8 | N16: 0 | O16: =SUM(C16:L16,N16) -> 19 | P16: =SUM(C16:N16) -> 27 | R16: 1300-1400 | S16: =SUM(C34:C37) -> 25 | T16: =SUM(D34:D37) -> 4 | U16: =SUM(E34:E37) -> 3 | V16: =SUM(F34:F37) -> 18 | W16: =SUM(G34:G37) -> 0 | X16: =SUM(H34:H37) -> 1 | Y16: =SUM(I34:I37) -> 2 | Z16: =SUM(J34:J37) -> 1 | ... AF16: =SUM(P34:P37) -> 128
B17: 08.45 - 9.00 | C17: 12 | D17: 0 | E17: 0 | F17: 0 | G17: 0 | H17: 0 | I17: 2 | J17: 1 | K17: 0 | L17: 1 | M17: 7 | N17: 0 | O17: =SUM(C17:L17,N17) -> 16 | P17: =SUM(C17:N17) -> 23 | R17: 1400-1500 | S17: =SUM(C38:C41) -> 38 | T17: =SUM(D38:D41) -> 0 | U17: =SUM(E38:E41) -> 2 | V17: =SUM(F38:F41) -> 23 | W17: =SUM(G38:G41) -> 0 | X17: =SUM(H38:H41) -> 3 | Y17: =SUM(I38:I41) -> 8 | Z17: =SUM(J38:J41) -> 2 | ... AF17: =SUM(P38:P41) -> 139
B18: 09.00 - 09.15 | C18: 6 | D18: 0 | E18: 0 | F18: 5 | G18: 0 | H18: 0 | I18: 0 | J18: 0 | K18: 0 | L18: 4 | M18: 9 | N18: 0 | O18: =SUM(C18:L18,N18) -> 15 | P18: =SUM(C18:N18) -> 24 | R18: 1500-1600 | S18: =SUM(C42:C45) -> 24 | T18: =SUM(D42:D45) -> 2 | U18: =SUM(E42:E45) -> 2 | V18: =SUM(F42:F45) -> 45 | W18: =SUM(G42:G45) -> 1 | X18: =SUM(H42:H45) -> 0 | Y18: =SUM(I42:I45) -> 5 | Z18: =SUM(J42:J45) -> 2 | ... AF18: =SUM(P42:P45) -> 153
B19: 09.15 - 09.30 | C19: 4 | D19: 1 | E19: 0 | F19: 8 | G19: 0 | H19: 0 | I19: 0 | J19: 2 | K19: 0 | L19: 0 | M19: 13 | N19: 0 | O19: =SUM(C19:L19,N19) -> 15 | P19: =SUM(C19:N19) -> 28 | R19: 1600-1700 | S19: =SUM(C46:C49) -> 67 | T19: =SUM(D46:D49) -> 21 | U19: =SUM(E46:E49) -> 2 | V19: =SUM(F46:F49) -> 33 | W19: =SUM(G46:G49) -> 1 | X19: =SUM(H46:H49) -> 0 | Y19: =SUM(I46:I49) -> 0 | Z19: =SUM(J46:J49) -> 5 | ... AF19: =SUM(P46:P49) -> 206
B20: 09.30 - 09.45 | C20: 4 | D20: 0 | E20: 0 | F20: 0 | G20: 0 | H20: 1 | I20: 1 | J20: 0 | K20: 0 | L20: 0 | M20: 7 | N20: 0 | O20: =SUM(C20:L20,N20) -> 6 | P20: =SUM(C20:N20) -> 13 | R20: 1700-1800 | S20: =SUM(C50:C53) -> 40 | T20: =SUM(D50:D53) -> 2 | U20: =SUM(E50:E53) -> 4 | V20: =SUM(F50:F53) -> 26 | W20: =SUM(G50:G53) -> 1 | X20: =SUM(H50:H53) -> 0 | Y20: =SUM(I50:I53) -> 1 | Z20: =SUM(J50:J53) -> 5 | ... AF20: =SUM(P50:P53) -> 144
B21: 09.45 - 10.00 | C21: 3 | D21: 3 | E21: 0 | F21: 1 | G21: 0 | H21: 0 | I21: 0 | J21: 0 | K21: 0 | L21: 1 | M21: 16 | N21: 0 | O21: =SUM(C21:L21,N21) -> 8 | P21: =SUM(C21:N21) -> 24 | R21: 1800-1900 | S21: =SUM(C54:C57) -> 46 | T21: =SUM(D54:D57) -> 8 | U21: =SUM(E54:E57) -> 6 | V21: =SUM(F54:F57) -> 26 | W21: =SUM(G54:G57) -> 2 | X21: =SUM(H54:H57) -> 0 | Y21: =SUM(I54:I57) -> 0 | Z21: =SUM(J54:J57) -> 30 | ... AF21: =SUM(P54:P57) -> 191
B22: 10.00 - 10.15 | C22: 4 | D22: 4 | E22: 1 | F22: 6 | G22: 0 | H22: 3 | I22: 0 | J22: 0 | K22: 0 | L22: 3 | M22: 18 | N22: 0 | O22: =SUM(C22:L22,N22) -> 21 | P22: =SUM(C22:N22) -> 39 | R22: AM Peak Hr | S22: =MAX(S10:S12) -> 56 | T22: =MAX(T10:T12) -> 28 | U22: =MAX(U10:U12) -> 14 | V22: =MAX(V10:V12) -> 60 | W22: =MAX(W10:W12) -> 0 | X22: =MAX(X10:X12) -> 1 | Y22: =MAX(Y10:Y12) -> 4 | Z22: =MAX(Z10:Z12) -> 10 | ... AF22: =MAX(AF10:AF12) -> 270
B23: 10.15 - 10.30 | C23: 8 | D23: 0 | E23: 0 | F23: 12 | G23: 0 | H23: 0 | I23: 2 | J23: 0 | K23: 0 | L23: 2 | M23: 19 | N23: 0 | O23: =SUM(C23:L23,N23) -> 24 | P23: =SUM(C23:N23) -> 43 | R23: IP Peak Hr | S23: =MAX(S13:S18) -> 43 | T23: =MAX(T13:T18) -> 10 | U23: =MAX(U13:U18) -> 3 | V23: =MAX(V13:V18) -> 45 | W23: =MAX(W13:W18) -> 1 | X23: =MAX(X13:X18) -> 4 | Y23: =MAX(Y13:Y18) -> 8 | Z23: =MAX(Z13:Z18) -> 3 | ... AF23: =MAX(AF13:AF18) -> 153
B24: 10.30 - 10.45 | C24: 14 | D24: 1 | E24: 1 | F24: 0 | G24: 0 | H24: 1 | I24: 0 | J24: 0 | K24: 0 | L24: 1 | M24: 16 | N24: 0 | O24: =SUM(C24:L24,N24) -> 18 | P24: =SUM(C24:N24) -> 34 | R24: PM Peak Hr | S24: =MAX(S19:S21) -> 67 | T24: =MAX(T19:T21) -> 21 | U24: =MAX(U19:U21) -> 6 | V24: =MAX(V19:V21) -> 33 | W24: =MAX(W19:W21) -> 2 | X24: =MAX(X19:X21) -> 0 | Y24: =MAX(Y19:Y21) -> 1 | Z24: =MAX(Z19:Z21) -> 30 | ... AF24: =MAX(AF19:AF21) -> 206
B25: 10.45 - 11.00 | C25: 8 | D25: 0 | E25: 0 | F25: 4 | G25: 0 | H25: 0 | I25: 0 | J25: 0 | K25: 0 | L25: 7 | M25: 10 | N25: 0 | O25: =SUM(C25:L25,N25) -> 19 | P25: =SUM(C25:N25) -> 29 | R25: AM Period | S25: =SUM(S10:S12) -> 116 | T25: =SUM(T10:T12) -> 35 | U25: =SUM(U10:U12) -> 14 | V25: =SUM(V10:V12) -> 94 | W25: =SUM(W10:W12) -> 0 | X25: =SUM(X10:X12) -> 2 | Y25: =SUM(Y10:Y12) -> 5 | Z25: =SUM(Z10:Z12) -> 13 | ... AF25: =SUM(AF10:AF12) -> 478
B26: 11.00 - 11.15 | C26: 17 | D26: 3 | E26: 2 | F26: 6 | G26: 0 | H26: 0 | I26: 0 | J26: 0 | K26: 1 | L26: 3 | M26: 13 | N26: 0 | O26: =SUM(C26:L26,N26) -> 32 | P26: =SUM(C26:N26) -> 45 | R26: IP Period | S26: =SUM(S13:S18) -> 199 | T26: =SUM(T13:T18) -> 25 | U26: =SUM(U13:U18) -> 15 | V26: =SUM(V13:V18) -> 150 | W26: =SUM(W13:W18) -> 3 | X26: =SUM(X13:X18) -> 14 | Y26: =SUM(Y13:Y18) -> 24 | Z26: =SUM(Z13:Z18) -> 9 | ... AF26: =SUM(AF13:AF18) -> 848
B27: 11.15 - 11.30 | C27: 8 | D27: 6 | E27: 0 | F27: 3 | G27: 1 | H27: 2 | I27: 1 | J27: 0 | K27: 0 | L27: 1 | M27: 18 | N27: 0 | O27: =SUM(C27:L27,N27) -> 22 | P27: =SUM(C27:N27) -> 40 | R27: PM Period | S27: =SUM(S19:S21) -> 153 | T27: =SUM(T19:T21) -> 31 | U27: =SUM(U19:U21) -> 12 | V27: =SUM(V19:V21) -> 85 | W27: =SUM(W19:W21) -> 4 | X27: =SUM(X19:X21) -> 0 | Y27: =SUM(Y19:Y21) -> 1 | Z27: =SUM(Z19:Z21) -> 40 | ... AF27: =SUM(AF19:AF21) -> 541
B28: 11.30 - 11.45 | C28: 13 | D28: 1 | E28: 1 | F28: 6 | G28: 0 | H28: 1 | I28: 0 | J28: 0 | K28: 0 | L28: 0 | M28: 7 | N28: 0 | O28: =SUM(C28:L28,N28) -> 22 | P28: =SUM(C28:N28) -> 29 | R28: 12 Hours | S28: =SUM(S10:S21) -> 468 | T28: =SUM(T10:T21) -> 91 | U28: =SUM(U10:U21) -> 41 | V28: =SUM(V10:V21) -> 329 | W28: =SUM(W10:W21) -> 7 | X28: =SUM(X10:X21) -> 16 | Y28: =SUM(Y10:Y21) -> 30 | Z28: =SUM(Z10:Z21) -> 62 | ... AF28: =SUM(AF10:AF21) -> 1867
B29: 11.45 - 12.00 | C29: 5 | D29: 0 | E29: 0 | F29: 3 | G29: 0 | H29: 0 | I29: 0 | J29: 3 | K29: 0 | L29: 2 | M29: 3 | N29: 0 | O29: =SUM(C29:L29,N29) -> 13 | P29: =SUM(C29:N29) -> 16
B30: 12.00 - 12.15 | C30: 7 | D30: 0 | E30: 0 | F30: 12 | G30: 0 | H30: 0 | I30: 1 | J30: 0 | K30: 1 | L30: 2 | M30: 10 | N30: 0 | O30: =SUM(C30:L30,N30) -> 23 | P30: =SUM(C30:N30) -> 33
B31: 12.15 - 12.30 | C31: 9 | D31: 1 | E31: 1 | F31: 9 | G31: 0 | H31: 0 | I31: 3 | J31: 0 | K31: 0 | L31: 3 | M31: 19 | N31: 0 | O31: =SUM(C31:L31,N31) -> 26 | P31: =SUM(C31:N31) -> 45
B32: 12.30 - 12.45 | C32: 7 | D32: 3 | E32: 2 | F32: 0 | G32: 1 | H32: 3 | I32: 2 | J32: 1 | K32: 2 | L32: 3 | M32: 21 | N32: 0 | O32: =SUM(C32:L32,N32) -> 24 | P32: =SUM(C32:N32) -> 45
B33: 12.45 - 13.00 | C33: 12 | D33: 0 | E33: 0 | F33: 3 | G33: 0 | H33: 0 | I33: 0 | J33: 0 | K33: 0 | L33: 3 | M33: 12 | N33: 0 | O33: =SUM(C33:L33,N33) -> 18 | P33: =SUM(C33:N33) -> 30
B34: 13.00 - 13.15 | C34: 11 | D34: 1 | E34: 0 | F34: 4 | G34: 0 | H34: 0 | I34: 0 | J34: 0 | K34: 1 | L34: 1 | M34: 15 | N34: 0 | O34: =SUM(C34:L34,N34) -> 18 | P34: =SUM(C34:N34) -> 33
B35: 13.15 - 13.30 | C35: 3 | D35: 3 | E35: 1 | F35: 5 | G35: 0 | H35: 0 | I35: 1 | J35: 0 | K35: 0 | L35: 2 | M35: 12 | N35: 0 | O35: =SUM(C35:L35,N35) -> 15 | P35: =SUM(C35:N35) -> 27
B36: 13.30 - 13.45 | C36: 7 | D36: 0 | E36: 2 | F36: 8 | G36: 0 | H36: 0 | I36: 0 | J36: 1 | K36: 7 | L36: 1 | M36: 22 | N36: 0 | O36: =SUM(C36:L36,N36) -> 26 | P36: =SUM(C36:N36) -> 48
B37: 13.45 - 14.00 | C37: 4 | D37: 0 | E37: 0 | F37: 1 | G37: 0 | H37: 1 | I37: 1 | J37: 0 | K37: 0 | L37: 1 | M37: 10 | N37: 2 | O37: =SUM(C37:L37,N37) -> 10 | P37: =SUM(C37:N37) -> 20
B38: 14.00 - 14.15 | C38: 11 | D38: 0 | E38: 2 | F38: 1 | G38: 0 | H38: 2 | I38: 2 | J38: 0 | K38: 0 | L38: 4 | M38: 16 | N38: 0 | O38: =SUM(C38:L38,N38) -> 22 | P38: =SUM(C38:N38) -> 38
B39: 14.15 - 14.30 | C39: 8 | D39: 0 | E39: 0 | F39: 4 | G39: 0 | H39: 0 | I39: 1 | J39: 0 | K39: 0 | L39: 1 | M39: 20 | N39: 0 | O39: =SUM(C39:L39,N39) -> 14 | P39: =SUM(C39:N39) -> 34
B40: 14.30 - 14.45 | C40: 6 | D40: 0 | E40: 0 | F40: 11 | G40: 0 | H40: 0 | I40: 1 | J40: 2 | K40: 0 | L40: 3 | M40: 12 | N40: 0 | O40: =SUM(C40:L40,N40) -> 23 | P40: =SUM(C40:N40) -> 35
... B57: 18.45 - 19.00 | C57: 12 | D57: 2 | E57: 4 | F57: 5 | G57: 0 | H57: 0 | I57: 0 | J57: 3 | K57: 2 | L57: 2 | M57: 7 | N57: 0 | O57: =SUM(C57:L57,N57) -> 30 | P57: =SUM(C57:N57) -> 37
B58: Totals | C58: =SUM(C10:C57) -> 468 | D58: =SUM(D10:D57) -> 91 | E58: =SUM(E10:E57) -> 41 | F58: =SUM(F10:F57) -> 329 | G58: =SUM(G10:G57) -> 7 | H58: =SUM(H10:H57) -> 16 | I58: =SUM(I10:I57) -> 30 | J58: =SUM(J10:J57) -> 62 | ... P58: =SUM(P10:P57) -> 1867
B59: %ges + MCs | C59: =C58/$P$58 -> 0.25066952 | D59: =D58/$P$58 -> 0.048741296 | E59: =E58/$P$58 -> 0.021960364 | F59: =F58/$P$58 -> 0.17621853 | G59: =G58/$P$58 -> 0.0037493305 | H59: =H58/$P$58 -> 0.0085698982 | I59: =I58/$P$58 -> 0.016068559 | J59: =J58/$P$58 -> 0.033208356 | ... N59: =N58/$P$58 -> 0.0010712373
B60: %ges w/o MCs | C60: =C58/$O$58 -> 0.39032527 | D60: =D58/$O$58 -> 0.07589658 | E60: =E58/$O$58 -> 0.034195163 | F60: =F58/$O$58 -> 0.27439533 | G60: =G58/$O$58 -> 0.0058381985 | H60: =H58/$O$58 -> 0.013344454 | I60: =I58/$O$58 -> 0.025020851 | J60: =J58/$O$58 -> 0.051709758 | ... L60: =L58/$O$58 -> 0.095079233 | N60: =N58/$O$58 -> 0.0016680567

Sheet 28.10 Mbarara-Kabale
B1: Consultancy services for Preparation of Expressway Development Master Plan (EDMP) for Uganda
B2: MANUAL CLASSIFIED COUNT (MCC)
B3: ROAD NAME: | C3: ='27.10 Mbarara-Kabale'!C3:G3 -> MCC - C4 - STN100 - MBARARA-NTUNGAMO ROAD
C5: Date | D5: 28.10.19 | F5: Location | G5: ='27.10 Mbarara-Kabale'!G5:H5 -> Nyeihanga traffic station | J5: Surveyor | K5: ='27.10 Mbarara-Kabale'!K5:L5 -> Norman
C6: Dir. From | D6: ='27.10 Mbarara-Kabale'!D6:E6 -> Mbarara | F6: Dir. To | G6: ='27.10 Mbarara-Kabale'!G6:H6 -> Kabale | J6: Supervisor | K6: ='27.10 Mbarara-Kabale'!K6:L6 -> Norman R
B8: Time / Veh Type | R8: SUMMARY TRAFFIC VOLUMES
C9: 1. Car | D9: 2. Station Wagon | E9: 3. Pickups | F9: 4. Minibus, matatu | G9: 5. Medium bus | H9: 6. Large Bus | I9: 7. Light Truck | J9: 8. Medium Truck | K9: 9. Heavy truck | L9: 10. Truck Trailer | M9: 11. Motor cycles | N9: 12. Tractors | O9: Total Excl M/Cycles | P9: Total All | R9: Time | S9: 1. Car | T9: 2. Station Wagon | U9: 3. Pickups | V9: 4. Minibus, matatu | W9: 5. Medium bus | X9: 6. Large Bus | Y9: 7. Light Truck | Z9: 8. Medium Truck | AA9: 9. Heavy truck | AB9: 10. Truck Trailer | AC9: 11. Motorcycles | AD9: 12. Tractors, Graders | AE9: Total Excl M/ Cycles | AF9: Total All
B10: 07.00 - 07.15 | C10: 6 | D10: 0 | E10: 1 | F10: 4 | G10: 0 | H10: 0 | I10: 0 | J10: 0 | K10: 2 | L10: 2 | M10: 14 | N10: 0 | O10: =SUM(C10:L10,N10) -> 15 | P10: =SUM(C10:N10) -> 29 | R10: 0700-0800 | S10: =SUM(C10:C13) -> 18 | T10: =SUM(D10:D13) -> 3 | U10: =SUM(E10:E13) -> 2 | V10: =SUM(F10:F13) -> 5 | W10: =SUM(G10:G13) -> 0 | X10: =SUM(H10:H13) -> 0 | Y10: =SUM(I10:I13) -> 5 | Z10: =SUM(J10:J13) -> 2 | ... AF10: =SUM(P10:P13) -> 99
B11: 07.15 - 07.30 | C11: 3 | D11: 1 | E11: 0 | F11: 0 | G11: 0 | H11: 0 | I11: 0 | J11: 1 | K11: 3 | L11: 2 | M11: 12 | N11: 0 | O11: =SUM(C11:L11,N11) -> 10 | P11: =SUM(C11:N11) -> 22 | R11: 0800-0900 | S11: =SUM(C14:C17) -> 26 | T11: =SUM(D14:D17) -> 6 | U11: =SUM(E14:E17) -> 7 | V11: =SUM(F14:F17) -> 16 | W11: =SUM(G14:G17) -> 0 | X11: =SUM(H14:H17) -> 0 | Y11: =SUM(I14:I17) -> 6 | Z11: =SUM(J14:J17) -> 4 | ... AF11: =SUM(P14:P17) -> 141
B12: 07.30 - 07.45 | C12: 4 | D12: 1 | E12: 0 | F12: 1 | G12: 0 | H12: 0 | I12: 2 | J12: 1 | K12: 2 | L12: 6 | M12: 13 | N12: 0 | O12: =SUM(C12:L12,N12) -> 17 | P12: =SUM(C12:N12) -> 30 | R12: 0900-1000 | S12: =SUM(C18:C21) -> 28 | T12: =SUM(D18:D21) -> 10 | U12: =SUM(E18:E21) -> 7 | V12: =SUM(F18:F21) -> 13 | W12: =SUM(G18:G21) -> 0 | X12: =SUM(H18:H21) -> 2 | Y12: =SUM(I18:I21) -> 12 | Z12: =SUM(J18:J21) -> 6 | ... AF12: =SUM(P18:P21) -> 191
B13: 07.45 - 08.00 | C13: 5 | D13: 1 | E13: 1 | F13: 0 | G13: 0 | H13: 0 | I13: 3 | J13: 0 | K13: 0 | L13: 0 | M13: 8 | N13: 0 | O13: =SUM(C13:L13,N13) -> 10 | P13: =SUM(C13:N13) -> 18 | R13: 1000-1100 | S13: =SUM(C22:C25) -> 27 | T13: =SUM(D22:D25) -> 10 | U13: =SUM(E22:E25) -> 10 | V13: =SUM(F22:F25) -> 23 | W13: =SUM(G22:G25) -> 0 | X13: =SUM(H22:H25) -> 3 | Y13: =SUM(I22:I25) -> 25 | Z13: =SUM(J22:J25) -> 5 | ... AF13: =SUM(P22:P25) -> 188
B14: 08.00 - 08.15 | C14: 10 | D14: 1 | E14: 2 | F14: 4 | G14: 0 | H14: 0 | I14: 1 | J14: 1 | K14: 1 | L14: 0 | M14: 11 | N14: 0 | O14: =SUM(C14:L14,N14) -> 20 | P14: =SUM(C14:N14) -> 31 | R14: 1100-1200 | S14: =SUM(C26:C29) -> 36 | T14: =SUM(D26:D29) -> 21 | U14: =SUM(E26:E29) -> 16 | V14: =SUM(F26:F29) -> 36 | W14: =SUM(G26:G29) -> 0 | X14: =SUM(H26:H29) -> 4 | Y14: =SUM(I26:I29) -> 15 | Z14: =SUM(J26:J29) -> 7 | ... AF14: =SUM(P26:P29) -> 238
B15: 08.15 - 08.30 | C15: 7 | D15: 2 | E15: 2 | F15: 6 | G15: 0 | H15: 0 | I15: 1 | J15: 1 | K15: 2 | L15: 3 | M15: 18 | N15: 0 | O15: =SUM(C15:L15,N15) -> 24 | P15: =SUM(C15:N15) -> 42 | R15: 1200-1300 | S15: =SUM(C30:C33) -> 35 | T15: =SUM(D30:D33) -> 3 | U15: =SUM(E30:E33) -> 12 | V15: =SUM(F30:F33) -> 28 | W15: =SUM(G30:G33) -> 0 | X15: =SUM(H30:H33) -> 3 | Y15: =SUM(I30:I33) -> 14 | Z15: =SUM(J30:J33) -> 13 | ... AF15: =SUM(P30:P33) -> 207
B16: 08.30 - 08.45 | C16: 1 | D16: 1 | E16: 3 | F16: 3 | G16: 0 | H16: 0 | I16: 2 | J16: 0 | K16: 0 | L16: 6 | M16: 26 | N16: 0 | O16: =SUM(C16:L16,N16) -> 16 | P16: =SUM(C16:N16) -> 42 | R16: 1300-1400 | S16: =SUM(C34:C37) -> 31 | T16: =SUM(D34:D37) -> 9 | U16: =SUM(E34:E37) -> 11 | V16: =SUM(F34:F37) -> 19 | W16: =SUM(G34:G37) -> 0 | X16: =SUM(H34:H37) -> 2 | Y16: =SUM(I34:I37) -> 5 | Z16: =SUM(J34:J37) -> 5 | ... AF16: =SUM(P34:P37) -> 119
B17: 08.45 - 9.00 | C17: 8 | D17: 2 | E17: 0 | F17: 3 | G17: 0 | H17: 0 | I17: 2 | J17: 2 | K17: 0 | L17: 3 | M17: 6 | N17: 0 | O17: =SUM(C17:L17,N17) -> 20 | P17: =SUM(C17:N17) -> 26 | R17: 1400-1500 | S17: =SUM(C38:C41) -> 21 | T17: =SUM(D38:D41) -> 12 | U17: =SUM(E38:E41) -> 1 | V17: =SUM(F38:F41) -> 17 | W17: =SUM(G38:G41) -> 0 | X17: =SUM(H38:H41) -> 6 | Y17: =SUM(I38:I41) -> 0 | Z17: =SUM(J38:J41) -> 0 | ... AF17: =SUM(P38:P41) -> 110
B18: 09.00 - 09.15 | C18: 4 | D18: 6 | E18: 2 | F18: 2 | G18: 0 | H18: 0 | I18: 2 | J18: 0 | K18: 2 | L18: 4 | M18: 19 | N18: 0 | O18: =SUM(C18:L18,N18) -> 22 | P18: =SUM(C18:N18) -> 41 | R18: 1500-1600 | S18: =SUM(C42:C45) -> 27 | T18: =SUM(D42:D45) -> 14 | U18: =SUM(E42:E45) -> 1 | V18: =SUM(F42:F45) -> 18 | W18: =SUM(G42:G45) -> 0 | X18: =SUM(H42:H45) -> 0 | Y18: =SUM(I42:I45) -> 2 | Z18: =SUM(J42:J45) -> 1 | ... AF18: =SUM(P42:P45) -> 101
B19: 09.15 - 09.30 | C19: 9 | D19: 2 | E19: 3 | F19: 6 | G19: 0 | H19: 0 | I19: 6 | J19: 4 | K19: 0 | L19: 11 | M19: 24 | N19: 0 | O19: =SUM(C19:L19,N19) -> 41 | P19: =SUM(C19:N19) -> 65 | R19: 1600-1700 | S19: =SUM(C46:C49) -> 19 | T19: =SUM(D46:D49) -> 20 | U19: =SUM(E46:E49) -> 9 | V19: =SUM(F46:F49) -> 36 | W19: =SUM(G46:G49) -> 0 | X19: =SUM(H46:H49) -> 7 | Y19: =SUM(I46:I49) -> 12 | Z19: =SUM(J46:J49) -> 4 | ... AF19: =SUM(P46:P49) -> 165
B20: 09.30 - 09.45 | C20: 12 | D20: 2 | E20: 1 | F20: 3 | G20: 0 | H20: 0 | I20: 4 | J20: 0 | K20: 0 | L20: 0 | M20: 23 | N20: 0 | O20: =SUM(C20:L20,N20) -> 22 | P20: =SUM(C20:N20) -> 45 | R20: 1700-1800 | S20: =SUM(C50:C53) -> 27 | T20: =SUM(D50:D53) -> 16 | U20: =SUM(E50:E53) -> 5 | V20: =SUM(F50:F53) -> 17 | W20: =SUM(G50:G53) -> 1 | X20: =SUM(H50:H53) -> 0 | Y20: =SUM(I50:I53) -> 4 | Z20: =SUM(J50:J53) -> 2 | ... AF20: =SUM(P50:P53) -> 159
B21: 09.45 - 10.00 | C21: 3 | D21: 0 | E21: 1 | F21: 2 | G21: 0 | H21: 2 | I21: 0 | J21: 2 | K21: 0 | L21: 6 | M21: 24 | N21: 0 | O21: =SUM(C21:L21,N21) -> 16 | P21: =SUM(C21:N21) -> 40 | R21: 1800-1900 | S21: =SUM(C54:C57) -> 38 | T21: =SUM(D54:D57) -> 14 | U21: =SUM(E54:E57) -> 10 | V21: =SUM(F54:F57) -> 15 | W21: =SUM(G54:G57) -> 1 | X21: =SUM(H54:H57) -> 0 | Y21: =SUM(I54:I57) -> 3 | Z21: =SUM(J54:J57) -> 1 | ... AF21: =SUM(P54:P57) -> 162
B22: 10.00 - 10.15 | C22: 2 | D22: 1 | E22: 0 | F22: 4 | G22: 0 | H22: 0 | I22: 0 | J22: 0 | K22: 3 | L22: 4 | M22: 9 | N22: 0 | O22: =SUM(C22:L22,N22) -> 14 | P22: =SUM(C22:N22) -> 23 | R22: AM Peak Hr | S22: =MAX(S10:S12) -> 28 | T22: =MAX(T10:T12) -> 10 | U22: =MAX(U10:U12) -> 7 | V22: =MAX(V10:V12) -> 16 | W22: =MAX(W10:W12) -> 0 | X22: =MAX(X10:X12) -> 2 | Y22: =MAX(Y10:Y12) -> 12 | Z22: =MAX(Z10:Z12) -> 6 | ... AF22: =MAX(AF10:AF12) -> 191
B23: 10.15 - 10.30 | C23: 3 | D23: 0 | E23: 5 | F23: 8 | G23: 0 | H23: 0 | I23: 3 | J23: 0 | K23: 0 | L23: 5 | M23: 8 | N23: 0 | O23: =SUM(C23:L23,N23) -> 24 | P23: =SUM(C23:N23) -> 32 | R23: IP Peak Hr | S23: =MAX(S13:S18) -> 36 | T23: =MAX(T13:T18) -> 21 | U23: =MAX(U13:U18) -> 16 | V23: =MAX(V13:V18) -> 36 | W23: =MAX(W13:W18) -> 0 | X23: =MAX(X13:X18) -> 6 | Y23: =MAX(Y13:Y18) -> 25 | Z23: =MAX(Z13:Z18) -> 13 | ... AF23: =MAX(AF13:AF18) -> 238
B24: 10.30 - 10.45 | C24: 9 | D24: 3 | E24: 0 | F24: 2 | G24: 0 | H24: 0 | I24: 7 | J24: 2 | K24: 5 | L24: 8 | M24: 26 | N24: 0 | O24: =SUM(C24:L24,N24) -> 36 | P24: =SUM(C24:N24) -> 62 | R24: PM Peak Hr | S24: =MAX(S19:S21) -> 38 | T24: =MAX(T19:T21) -> 20 | U24: =MAX(U19:U21) -> 10 | V24: =MAX(V19:V21) -> 36 | W24: =MAX(W19:W21) -> 1 | X24: =MAX(X19:X21) -> 7 | Y24: =MAX(Y19:Y21) -> 12 | Z24: =MAX(Z19:Z21) -> 4 | ... AF24: =MAX(AF19:AF21) -> 165
B25: 10.45 - 11.00 | C25: 13 | D25: 6 | E25: 5 | F25: 9 | G25: 0 | H25: 3 | I25: 15 | J25: 3 | K25: 0 | L25: 0 | M25: 17 | N25: 0 | O25: =SUM(C25:L25,N25) -> 54 | P25: =SUM(C25:N25) -> 71 | R25: AM Period | S25: =SUM(S10:S12) -> 72 | T25: =SUM(T10:T12) -> 19 | U25: =SUM(U10:U12) -> 16 | V25: =SUM(V10:V12) -> 34 | W25: =SUM(W10:W12) -> 0 | X25: =SUM(X10:X12) -> 2 | Y25: =SUM(Y10:Y12) -> 23 | Z25: =SUM(Z10:Z12) -> 12 | ... AF25: =SUM(AF10:AF12) -> 431
B26: 11.00 - 11.15 | C26: 3 | D26: 1 | E26: 3 | F26: 8 | G26: 0 | H26: 1 | I26: 2 | J26: 0 | K26: 0 | L26: 0 | M26: 14 | N26: 0 | O26: =SUM(C26:L26,N26) -> 18 | P26: =SUM(C26:N26) -> 32 | R26: IP Period | S26: =SUM(S13:S18) -> 177 | T26: =SUM(T13:T18) -> 69 | U26: =SUM(U13:U18) -> 51 | V26: =SUM(V13:V18) -> 141 | W26: =SUM(W13:W18) -> 0 | X26: =SUM(X13:X18) -> 18 | Y26: =SUM(Y13:Y18) -> 61 | Z26: =SUM(Z13:Z18) -> 31 | ... AF26: =SUM(AF13:AF18) -> 963
B27: 11.15 - 11.30 | C27: 8 | D27: 13 | E27: 3 | F27: 24 | G27: 0 | H27: 0 | I27: 1 | J27: 4 | K27: 0 | L27: 4 | M27: 18 | N27: 0 | O27: =SUM(C27:L27,N27) -> 57 | P27: =SUM(C27:N27) -> 75 | R27: PM Period | S27: =SUM(S19:S21) -> 84 | T27: =SUM(T19:T21) -> 50 | U27: =SUM(U19:U21) -> 24 | V27: =SUM(V19:V21) -> 68 | W27: =SUM(W19:W21) -> 2 | X27: =SUM(X19:X21) -> 7 | Y27: =SUM(Y19:Y21) -> 19 | Z27: =SUM(Z19:Z21) -> 7 | ... AF27: =SUM(AF19:AF21) -> 486
B28: 11.30 - 11.45 | C28: 15 | D28: 1 | E28: 7 | F28: 4 | G28: 0 | H28: 0 | I28: 8 | J28: 3 | K28: 6 | L28: 0 | M28: 36 | N28: 0 | O28: =SUM(C28:L28,N28) -> 44 | P28: =SUM(C28:N28) -> 80 | R28: 12 Hours | S28: =SUM(S10:S21) -> 333 | T28: =SUM(T10:T21) -> 138 | U28: =SUM(U10:U21) -> 91 | V28: =SUM(V10:V21) -> 243 | W28: =SUM(W10:W21) -> 2 | X28: =SUM(X10:X21) -> 27 | Y28: =SUM(Y10:Y21) -> 103 | Z28: =SUM(Z10:Z21) -> 50 | ... AF28: =SUM(AF10:AF21) -> 1880
B29: 11.45 - 12.00 | C29: 10 | D29: 6 | E29: 3 | F29: 0 | G29: 0 | H29: 3 | I29: 4 | J29: 0 | K29: 0 | L29: 10 | M29: 15 | N29: 0 | O29: =SUM(C29:L29,N29) -> 36 | P29: =SUM(C29:N29) -> 51
B30: 12.00 - 12.15 | C30: 14 | D30: 0 | E30: 9 | F30: 8 | G30: 0 | H30: 0 | I30: 3 | J30: 4 | K30: 14 | L30: 5 | M30: 14 | N30: 0 | O30: =SUM(C30:L30,N30) -> 57 | P30: =SUM(C30:N30) -> 71
B31: 12.15 - 12.30 | C31: 8 | D31: 0 | E31: 3 | F31: 8 | G31: 0 | H31: 3 | I31: 4 | J31: 5 | K31: 0 | L31: 0 | M31: 18 | N31: 0 | O31: =SUM(C31:L31,N31) -> 31 | P31: =SUM(C31:N31) -> 49
B32: 12.30 - 12.45 | C32: 9 | D32: 2 | E32: 0 | F32: 8 | G32: 0 | H32: 0 | I32: 3 | J32: 4 | K32: 2 | L32: 15 | M32: 23 | N32: 0 | O32: =SUM(C32:L32,N32) -> 43 | P32: =SUM(C32:N32) -> 66
B33: 12.45 - 13.00 | C33: 4 | D33: 1 | E33: 0 | F33: 4 | G33: 0 | H33: 0 | I33: 4 | J33: 0 | K33: 0 | L33: 5 | M33: 3 | N33: 0 | O33: =SUM(C33:L33,N33) -> 18 | P33: =SUM(C33:N33) -> 21
B34: 13.00 - 13.15 | C34: 10 | D34: 4 | E34: 5 | F34: 4 | G34: 0 | H34: 0 | I34: 0 | J34: 0 | K34: 0 | L34: 0 | M34: 7 | N34: 0 | O34: =SUM(C34:L34,N34) -> 23 | P34: =SUM(C34:N34) -> 30
B35: 13.15 - 13.30 | C35: 11 | D35: 0 | E35: 0 | F35: 4 | G35: 0 | H35: 1 | I35: 1 | J35: 2 | K35: 2 | L35: 0 | M35: 9 | N35: 0 | O35: =SUM(C35:L35,N35) -> 21 | P35: =SUM(C35:N35) -> 30
B36: 13.30 - 13.45 | C36: 7 | D36: 5 | E36: 6 | F36: 11 | G36: 0 | H36: 1 | I36: 4 | J36: 3 | K36: 3 | L36: 0 | M36: 6 | N36: 0 | O36: =SUM(C36:L36,N36) -> 40 | P36: =SUM(C36:N36) -> 46
B37: 13.45 - 14.00 | C37: 3 | D37: 0 | E37: 0 | F37: 0 | G37: 0 | H37: 0 | I37: 0 | J37: 0 | K37: 0 | L37: 0 | M37: 10 | N37: 0 | O37: =SUM(C37:L37,N37) -> 3 | P37: =SUM(C37:N37) -> 13
B38: 14.00 - 14.15 | C38: 2 | D38: 1 | E38: 0 | F38: 0 | G38: 0 | H38: 0 | I38: 0 | J38: 0 | K38: 1 | L38: 2 | M38: 2 | N38: 0 | O38: =SUM(C38:L38,N38) -> 6 | P38: =SUM(C38:N38) -> 8
B39: 14.15 - 14.30 | C39: 4 | D39: 1 | E39: 0 | F39: 5 | G39: 0 | H39: 0 | I39: 0 | J39: 0 | K39: 2 | L39: 1 | M39: 13 | N39: 0 | O39: =SUM(C39:L39,N39) -> 13 | P39: =SUM(C39:N39) -> 26
B40: 14.30 - 14.45 | C40: 5 | D40: 3 | E40: 0 | F40: 4 | G40: 0 | H40: 2 | I40: 0 | J40: 0 | K40: 5 | L40: 3 | M40: 6 | N40: 0 | O40: =SUM(C40:L40,N40) -> 22 | P40: =SUM(C40:N40) -> 28
... B57: 18.45 - 19.00 | C57: 14 | D57: 6 | E57: 5 | F57: 2 | G57: 0 | H57: 0 | I57: 0 | J57: 0 | K57: 4 | L57: 11 | M57: 11 | N57: 0 | O57: =SUM(C57:L57,N57) -> 42 | P57: =SUM(C57:N57) -> 53
B58: Totals | C58: =SUM(C10:C57) -> 333 | D58: =SUM(D10:D57) -> 138 | E58: =SUM(E10:E57) -> 91 | F58: =SUM(F10:F57) -> 243 | G58: =SUM(G10:G57) -> 2 | H58: =SUM(H10:H57) -> 27 | I58: =SUM(I10:I57) -> 103 | J58: =SUM(J10:J57) -> 50 | ... P58: =SUM(P10:P57) -> 1880
B59: %ges + MCs | C59: =C58/$P$58 -> 0.17712766 | D59: =D58/$P$58 -> 0.073404255 | E59: =E58/$P$58 -> 0.048404255 | F59: =F58/$P$58 -> 0.12925532 | G59: =G58/$P$58 -> 0.0010638298 | H59: =H58/$P$58 -> 0.014361702 | I59: =I58/$P$58 -> 0.054787234 | J59: =J58/$P$58 -> 0.026595745 | ... N59: =N58/$P$58 -> 0
B60: %ges w/o MCs | C60: =C58/$O$58 -> 0.26365796 | D60: =D58/$O$58 -> 0.10926366 | E60: =E58/$O$58 -> 0.072050673 | F60: =F58/$O$58 -> 0.19239905 | G60: =G58/$O$58 -> 0.0015835313 | H60: =H58/$O$58 -> 0.021377672 | I60: =I58/$O$58 -> 0.081551861 | J60: =J58/$O$58 -> 0.039588282 | ... L60: =L58/$O$58 -> 0.15281077 | N60: =N58/$O$58 -> 0

Sheet 28.10 Kabale-Mbarara
B1: Consultancy services for Preparation of Expressway Development Master Plan (EDMP) for Uganda
B2: MANUAL CLASSIFIED COUNT (MCC)
B3: ROAD NAME: | C3: ='27.10 Kabale-Mbarara'!C3:G3 -> MCC - C4 - STN100 - MBARARA-NTUNGAMO ROAD
C5: Date | D5: ='28.10 Mbarara-Kabale'!D5 -> 28.10.19 | F5: Location | G5: ='27.10 Mbarara-Kabale'!G5:H5 -> Nyeihanga traffic station | J5: Surveyor | K5: Owomugisha B
C6: Dir. From | D6: ='27.10 Kabale-Mbarara'!D6:E6 -> Kabale | F6: Dir. To | G6: ='27.10 Kabale-Mbarara'!G6:H6 -> Mbarara | J6: Supervisor | K6: ='27.10 Mbarara-Kabale'!K6:L6 -> Norman R
B8: Time / Veh Type | R8: SUMMARY TRAFFIC VOLUMES
C9: 1. Car | D9: 2. Station Wagon | E9: 3. Pickups | F9: 4. Minibus, matatu | G9: 5. Medium bus | H9: 6. Large Bus | I9: 7. Light Truck | J9: 8. Medium Truck | K9: 9. Heavy truck | L9: 10. Truck Trailer | M9: 11. Motor cycles | N9: 12. Tractors | O9: Total Excl M/Cycles | P9: Total All | R9: Time | S9: 1. Car | T9: 2. Station Wagon | U9: 3. Pickups | V9: 4. Minibus, matatu | W9: 5. Medium bus | X9: 6. Large Bus | Y9: 7. Light Truck | Z9: 8. Medium Truck | AA9: 9. Heavy truck | AB9: 10. Truck Trailer | AC9: 11. Motorcycles | AD9: 12. Tractors, Graders | AE9: Total Excl M/ Cycles | AF9: Total All
B10: 07.00 - 07.15 | C10: 6 | D10: 0 | E10: 0 | F10: 3 | G10: 0 | H10: 0 | I10: 2 | J10: 0 | K10: 0 | L10: 0 | M10: 18 | N10: 0 | O10: =SUM(C10:L10,N10) -> 11 | P10: =SUM(C10:N10) -> 29 | R10: 0700-0800 | S10: =SUM(C10:C13) -> 24 | T10: =SUM(D10:D13) -> 2 | U10: =SUM(E10:E13) -> 2 | V10: =SUM(F10:F13) -> 25 | W10: =SUM(G10:G13) -> 1 | X10: =SUM(H10:H13) -> 2 | Y10: =SUM(I10:I13) -> 8 | Z10: =SUM(J10:J13) -> 2 | ... AF10: =SUM(P10:P13) -> 127
B11: 07.15 - 07.30 | C11: 3 | D11: 0 | E11: 1 | F11: 6 | G11: 0 | H11: 0 | I11: 0 | J11: 0 | K11: 0 | L11: 0 | M11: 20 | N11: 0 | O11: =SUM(C11:L11,N11) -> 10 | P11: =SUM(C11:N11) -> 30 | R11: 0800-0900 | S11: =SUM(C14:C17) -> 35 | T11: =SUM(D14:D17) -> 7 | U11: =SUM(E14:E17) -> 4 | V11: =SUM(F14:F17) -> 32 | W11: =SUM(G14:G17) -> 0 | X11: =SUM(H14:H17) -> 0 | Y11: =SUM(I14:I17) -> 7 | Z11: =SUM(J14:J17) -> 6 | ... AF11: =SUM(P14:P17) -> 188
B12: 07.30 - 07.45 | C12: 6 | D12: 0 | E12: 0 | F12: 6 | G12: 1 | H12: 1 | I12: 0 | J12: 0 | K12: 0 | L12: 3 | M12: 7 | N12: 0 | O12: =SUM(C12:L12,N12) -> 17 | P12: =SUM(C12:N12) -> 24 | R12: 0900-1000 | S12: =SUM(C18:C21) -> 52 | T12: =SUM(D18:D21) -> 2 | U12: =SUM(E18:E21) -> 3 | V12: =SUM(F18:F21) -> 41 | W12: =SUM(G18:G21) -> 0 | X12: =SUM(H18:H21) -> 6 | Y12: =SUM(I18:I21) -> 7 | Z12: =SUM(J18:J21) -> 3 | ... AF12: =SUM(P18:P21) -> 220
B13: 07.45 - 08.00 | C13: 9 | D13: 2 | E13: 1 | F13: 10 | G13: 0 | H13: 1 | I13: 6 | J13: 2 | K13: 0 | L13: 0 | M13: 13 | N13: 0 | O13: =SUM(C13:L13,N13) -> 31 | P13: =SUM(C13:N13) -> 44 | R13: 1000-1100 | S13: =SUM(C22:C25) -> 32 | T13: =SUM(D22:D25) -> 3 | U13: =SUM(E22:E25) -> 5 | V13: =SUM(F22:F25) -> 29 | W13: =SUM(G22:G25) -> 0 | X13: =SUM(H22:H25) -> 3 | Y13: =SUM(I22:I25) -> 4 | Z13: =SUM(J22:J25) -> 9 | ... AF13: =SUM(P22:P25) -> 167
B14: 08.00 - 08.15 | C14: 10 | D14: 1 | E14: 1 | F14: 11 | G14: 0 | H14: 0 | I14: 0 | J14: 1 | K14: 1 | L14: 0 | M14: 20 | N14: 0 | O14: =SUM(C14:L14,N14) -> 25 | P14: =SUM(C14:N14) -> 45 | R14: 1100-1200 | S14: =SUM(C26:C29) -> 49 | T14: =SUM(D26:D29) -> 2 | U14: =SUM(E26:E29) -> 5 | V14: =SUM(F26:F29) -> 49 | W14: =SUM(G26:G29) -> 0 | X14: =SUM(H26:H29) -> 1 | Y14: =SUM(I26:I29) -> 8 | Z14: =SUM(J26:J29) -> 4 | ... AF14: =SUM(P26:P29) -> 188
B15: 08.15 - 08.30 | C15: 6 | D15: 1 | E15: 1 | F15: 5 | G15: 0 | H15: 0 | I15: 3 | J15: 0 | K15: 1 | L15: 0 | M15: 28 | N15: 0 | O15: =SUM(C15:L15,N15) -> 17 | P15: =SUM(C15:N15) -> 45 | R15: 1200-1300 | S15: =SUM(C30:C33) -> 22 | T15: =SUM(D30:D33) -> 3 | U15: =SUM(E30:E33) -> 0 | V15: =SUM(F30:F33) -> 30 | W15: =SUM(G30:G33) -> 0 | X15: =SUM(H30:H33) -> 3 | Y15: =SUM(I30:I33) -> 6 | Z15: =SUM(J30:J33) -> 0 | ... AF15: =SUM(P30:P33) -> 121
B16: 08.30 - 08.45 | C16: 3 | D16: 2 | E16: 2 | F16: 4 | G16: 0 | H16: 0 | I16: 1 | J16: 4 | K16: 0 | L16: 3 | M16: 23 | N16: 0 | O16: =SUM(C16:L16,N16) -> 19 | P16: =SUM(C16:N16) -> 42 | R16: 1300-1400 | S16: =SUM(C34:C37) -> 43 | T16: =SUM(D34:D37) -> 3 | U16: =SUM(E34:E37) -> 1 | V16: =SUM(F34:F37) -> 10 | W16: =SUM(G34:G37) -> 2 | X16: =SUM(H34:H37) -> 1 | Y16: =SUM(I34:I37) -> 6 | Z16: =SUM(J34:J37) -> 2 | ... AF16: =SUM(P34:P37) -> 113
B17: 08.45 - 9.00 | C17: 16 | D17: 3 | E17: 0 | F17: 12 | G17: 0 | H17: 0 | I17: 3 | J17: 1 | K17: 1 | L17: 0 | M17: 20 | N17: 0 | O17: =SUM(C17:L17,N17) -> 36 | P17: =SUM(C17:N17) -> 56 | R17: 1400-1500 | S17: =SUM(C38:C41) -> 18 | T17: =SUM(D38:D41) -> 8 | U17: =SUM(E38:E41) -> 5 | V17: =SUM(F38:F41) -> 9 | W17: =SUM(G38:G41) -> 0 | X17: =SUM(H38:H41) -> 5 | Y17: =SUM(I38:I41) -> 9 | Z17: =SUM(J38:J41) -> 1 | ... AF17: =SUM(P38:P41) -> 85
B18: 09.00 - 09.15 | C18: 15 | D18: 0 | E18: 1 | F18: 13 | G18: 0 | H18: 2 | I18: 3 | J18: 0 | K18: 0 | L18: 0 | M18: 13 | N18: 0 | O18: =SUM(C18:L18,N18) -> 34 | P18: =SUM(C18:N18) -> 47 | R18: 1500-1600 | S18: =SUM(C42:C45) -> 29 | T18: =SUM(D42:D45) -> 16 | U18: =SUM(E42:E45) -> 0 | V18: =SUM(F42:F45) -> 16 | W18: =SUM(G42:G45) -> 0 | X18: =SUM(H42:H45) -> 0 | Y18: =SUM(I42:I45) -> 5 | Z18: =SUM(J42:J45) -> 1 | ... AF18: =SUM(P42:P45) -> 92
B19: 09.15 - 09.30 | C19: 7 | D19: 0 | E19: 0 | F19: 11 | G19: 0 | H19: 1 | I19: 1 | J19: 2 | K19: 0 | L19: 0 | M19: 29 | N19: 0 | O19: =SUM(C19:L19,N19) -> 22 | P19: =SUM(C19:N19) -> 51 | R19: 1600-1700 | S19: =SUM(C46:C49) -> 26 | T19: =SUM(D46:D49) -> 8 | U19: =SUM(E46:E49) -> 13 | V19: =SUM(F46:F49) -> 28 | W19: =SUM(G46:G49) -> 0 | X19: =SUM(H46:H49) -> 1 | Y19: =SUM(I46:I49) -> 6 | Z19: =SUM(J46:J49) -> 7 | ... AF19: =SUM(P46:P49) -> 158
B20: 09.30 - 09.45 | C20: 10 | D20: 1 | E20: 1 | F20: 12 | G20: 0 | H20: 2 | I20: 3 | J20: 1 | K20: 0 | L20: 3 | M20: 25 | N20: 0 | O20: =SUM(C20:L20,N20) -> 33 | P20: =SUM(C20:N20) -> 58 | R20: 1700-1800 | S20: =SUM(C50:C53) -> 15 | T20: =SUM(D50:D53) -> 7 | U20: =SUM(E50:E53) -> 14 | V20: =SUM(F50:F53) -> 36 | W20: =SUM(G50:G53) -> 1 | X20: =SUM(H50:H53) -> 0 | Y20: =SUM(I50:I53) -> 4 | Z20: =SUM(J50:J53) -> 12 | ... AF20: =SUM(P50:P53) -> 171
B21: 09.45 - 10.00 | C21: 20 | D21: 1 | E21: 1 | F21: 5 | G21: 0 | H21: 1 | I21: 0 | J21: 0 | K21: 6 | L21: 2 | M21: 28 | N21: 0 | O21: =SUM(C21:L21,N21) -> 36 | P21: =SUM(C21:N21) -> 64 | R21: 1800-1900 | S21: =SUM(C54:C57) -> 36 | T21: =SUM(D54:D57) -> 4 | U21: =SUM(E54:E57) -> 3 | V21: =SUM(F54:F57) -> 31 | W21: =SUM(G54:G57) -> 1 | X21: =SUM(H54:H57) -> 1 | Y21: =SUM(I54:I57) -> 3 | Z21: =SUM(J54:J57) -> 4 | ... AF21: =SUM(P54:P57) -> 183
B22: 10.00 - 10.15 | C22: 3 | D22: 0 | E22: 0 | F22: 8 | G22: 0 | H22: 0 | I22: 3 | J22: 2 | K22: 0 | L22: 1 | M22: 25 | N22: 0 | O22: =SUM(C22:L22,N22) -> 17 | P22: =SUM(C22:N22) -> 42 | R22: AM Peak Hr | S22: =MAX(S10:S12) -> 52 | T22: =MAX(T10:T12) -> 7 | U22: =MAX(U10:U12) -> 4 | V22: =MAX(V10:V12) -> 41 | W22: =MAX(W10:W12) -> 1 | X22: =MAX(X10:X12) -> 6 | Y22: =MAX(Y10:Y12) -> 8 | Z22: =MAX(Z10:Z12) -> 6 | ... AF22: =MAX(AF10:AF12) -> 220
B23: 10.15 - 10.30 | C23: 10 | D23: 1 | E23: 1 | F23: 10 | G23: 0 | H23: 1 | I23: 1 | J23: 6 | K23: 1 | L23: 0 | M23: 23 | N23: 0 | O23: =SUM(C23:L23,N23) -> 31 | P23: =SUM(C23:N23) -> 54 | R23: IP Peak Hr | S23: =MAX(S13:S18) -> 49 | T23: =MAX(T13:T18) -> 16 | U23: =MAX(U13:U18) -> 5 | V23: =MAX(V13:V18) -> 49 | W23: =MAX(W13:W18) -> 2 | X23: =MAX(X13:X18) -> 5 | Y23: =MAX(Y13:Y18) -> 9 | Z23: =MAX(Z13:Z18) -> 9 | ... AF23: =MAX(AF13:AF18) -> 188
B24: 10.30 - 10.45 | C24: 6 | D24: 0 | E24: 1 | F24: 5 | G24: 0 | H24: 1 | I24: 0 | J24: 0 | K24: 0 | L24: 0 | M24: 19 | N24: 0 | O24: =SUM(C24:L24,N24) -> 13 | P24: =SUM(C24:N24) -> 32 | R24: PM Peak Hr | S24: =MAX(S19:S21) -> 36 | T24: =MAX(T19:T21) -> 8 | U24: =MAX(U19:U21) -> 14 | V24: =MAX(V19:V21) -> 36 | W24: =MAX(W19:W21) -> 1 | X24: =MAX(X19:X21) -> 1 | Y24: =MAX(Y19:Y21) -> 6 | Z24: =MAX(Z19:Z21) -> 12 | ... AF24: =MAX(AF19:AF21) -> 183
B25: 10.45 - 11.00 | C25: 13 | D25: 2 | E25: 3 | F25: 6 | G25: 0 | H25: 1 | I25: 0 | J25: 1 | K25: 2 | L25: 0 | M25: 11 | N25: 0 | O25: =SUM(C25:L25,N25) -> 28 | P25: =SUM(C25:N25) -> 39 | R25: AM Period | S25: =SUM(S10:S12) -> 111 | T25: =SUM(T10:T12) -> 11 | U25: =SUM(U10:U12) -> 9 | V25: =SUM(V10:V12) -> 98 | W25: =SUM(W10:W12) -> 1 | X25: =SUM(X10:X12) -> 8 | Y25: =SUM(Y10:Y12) -> 22 | Z25: =SUM(Z10:Z12) -> 11 | ... AF25: =SUM(AF10:AF12) -> 535
B26: 11.00 - 11.15 | C26: 16 | D26: 1 | E26: 2 | F26: 13 | G26: 0 | H26: 0 | I26: 2 | J26: 0 | K26: 0 | L26: 0 | M26: 12 | N26: 0 | O26: =SUM(C26:L26,N26) -> 34 | P26: =SUM(C26:N26) -> 46 | R26: IP Period | S26: =SUM(S13:S18) -> 193 | T26: =SUM(T13:T18) -> 35 | U26: =SUM(U13:U18) -> 16 | V26: =SUM(V13:V18) -> 143 | W26: =SUM(W13:W18) -> 2 | X26: =SUM(X13:X18) -> 13 | Y26: =SUM(Y13:Y18) -> 38 | Z26: =SUM(Z13:Z18) -> 17 | ... AF26: =SUM(AF13:AF18) -> 766
B27: 11.15 - 11.30 | C27: 10 | D27: 1 | E27: 0 | F27: 10 | G27: 0 | H27: 1 | I27: 2 | J27: 0 | K27: 0 | L27: 2 | M27: 17 | N27: 0 | O27: =SUM(C27:L27,N27) -> 26 | P27: =SUM(C27:N27) -> 43 | R27: PM Period | S27: =SUM(S19:S21) -> 77 | T27: =SUM(T19:T21) -> 19 | U27: =SUM(U19:U21) -> 30 | V27: =SUM(V19:V21) -> 95 | W27: =SUM(W19:W21) -> 2 | X27: =SUM(X19:X21) -> 2 | Y27: =SUM(Y19:Y21) -> 13 | Z27: =SUM(Z19:Z21) -> 23 | ... AF27: =SUM(AF19:AF21) -> 512
B28: 11.30 - 11.45 | C28: 17 | D28: 0 | E28: 2 | F28: 18 | G28: 0 | H28: 0 | I28: 2 | J28: 0 | K28: 1 | L28: 0 | M28: 23 | N28: 0 | O28: =SUM(C28:L28,N28) -> 40 | P28: =SUM(C28:N28) -> 63 | R28: 12 Hours | S28: =SUM(S10:S21) -> 381 | T28: =SUM(T10:T21) -> 65 | U28: =SUM(U10:U21) -> 55 | V28: =SUM(V10:V21) -> 336 | W28: =SUM(W10:W21) -> 5 | X28: =SUM(X10:X21) -> 23 | Y28: =SUM(Y10:Y21) -> 73 | Z28: =SUM(Z10:Z21) -> 51 | ... AF28: =SUM(AF10:AF21) -> 1813
B29: 11.45 - 12.00 | C29: 6 | D29: 0 | E29: 1 | F29: 8 | G29: 0 | H29: 0 | I29: 2 | J29: 4 | K29: 1 | L29: 0 | M29: 14 | N29: 0 | O29: =SUM(C29:L29,N29) -> 22 | P29: =SUM(C29:N29) -> 36
B30: 12.00 - 12.15 | C30: 8 | D30: 2 | E30: 0 | F30: 7 | G30: 0 | H30: 0 | I30: 3 | J30: 0 | K30: 0 | L30: 0 | M30: 13 | N30: 0 | O30: =SUM(C30:L30,N30) -> 20 | P30: =SUM(C30:N30) -> 33
B31: 12.15 - 12.30 | C31: 4 | D31: 0 | E31: 0 | F31: 9 | G31: 0 | H31: 2 | I31: 3 | J31: 0 | K31: 0 | L31: 0 | M31: 21 | N31: 0 | O31: =SUM(C31:L31,N31) -> 18 | P31: =SUM(C31:N31) -> 39
B32: 12.30 - 12.45 | C32: 3 | D32: 0 | E32: 0 | F32: 5 | G32: 0 | H32: 0 | I32: 0 | J32: 0 | K32: 0 | L32: 0 | M32: 12 | N32: 0 | O32: =SUM(C32:L32,N32) -> 8 | P32: =SUM(C32:N32) -> 20
B33: 12.45 - 13.00 | C33: 7 | D33: 1 | E33: 0 | F33: 9 | G33: 0 | H33: 1 | I33: 0 | J33: 0 | K33: 0 | L33: 2 | M33: 9 | N33: 0 | O33: =SUM(C33:L33,N33) -> 20 | P33: =SUM(C33:N33) -> 29
B34: 13.00 - 13.15 | C34: 7 | D34: 1 | E34: 0 | F34: 2 | G34: 0 | H34: 0 | I34: 6 | J34: 2 | K34: 0 | L34: 0 | M34: 10 | N34: 0 | O34: =SUM(C34:L34,N34) -> 18 | P34: =SUM(C34:N34) -> 28
B35: 13.15 - 13.30 | C35: 11 | D35: 0 | E35: 1 | F35: 2 | G35: 2 | H35: 1 | I35: 0 | J35: 0 | K35: 1 | L35: 0 | M35: 16 | N35: 0 | O35: =SUM(C35:L35,N35) -> 18 | P35: =SUM(C35:N35) -> 34
B36: 13.30 - 13.45 | C36: 10 | D36: 0 | E36: 0 | F36: 6 | G36: 0 | H36: 0 | I36: 0 | J36: 0 | K36: 0 | L36: 0 | M36: 12 | N36: 0 | O36: =SUM(C36:L36,N36) -> 16 | P36: =SUM(C36:N36) -> 28
B37: 13.45 - 14.00 | C37: 15 | D37: 2 | E37: 0 | F37: 0 | G37: 0 | H37: 0 | I37: 0 | J37: 0 | K37: 0 | L37: 0 | M37: 6 | N37: 0 | O37: =SUM(C37:L37,N37) -> 17 | P37: =SUM(C37:N37) -> 23
B38: 14.00 - 14.15 | C38: 3 | D38: 1 | E38: 2 | F38: 1 | G38: 0 | H38: 1 | I38: 2 | J38: 0 | K38: 0 | L38: 0 | M38: 3 | N38: 0 | O38: =SUM(C38:L38,N38) -> 10 | P38: =SUM(C38:N38) -> 13
B39: 14.15 - 14.30 | C39: 9 | D39: 1 | E39: 0 | F39: 3 | G39: 0 | H39: 4 | I39: 3 | J39: 0 | K39: 0 | L39: 4 | M39: 8 | N39: 0 | O39: =SUM(C39:L39,N39) -> 24 | P39: =SUM(C39:N39) -> 32
B40: 14.30 - 14.45 | C40: 4 | D40: 1 | E40: 3 | F40: 2 | G40: 0 | H40: 0 | I40: 2 | J40: 0 | K40: 0 | L40: 7 | M40: 4 | N40: 0 | O40: =SUM(C40:L40,N40) -> 19 | P40: =SUM(C40:N40) -> 23
... B57: 18.45 - 19.00 | C57: 7 | D57: 2 | E57: 0 | F57: 4 | G57: 0 | H57: 0 | I57: 0 | J57: 0 | K57: 6 | L57: 1 | M57: 22 | N57: 0 | O57: =SUM(C57:L57,N57) -> 20 | P57: =SUM(C57:N57) -> 42
B58: Totals | C58: =SUM(C10:C57) -> 381 | D58: =SUM(D10:D57) -> 65 | E58: =SUM(E10:E57) -> 55 | F58: =SUM(F10:F57) -> 336 | G58: =SUM(G10:G57) -> 5 | H58: =SUM(H10:H57) -> 23 | I58: =SUM(I10:I57) -> 73 | J58: =SUM(J10:J57) -> 51 | ... P58: =SUM(P10:P57) -> 1813
B59: %ges + MCs | C59: =C58/$P$58 -> 0.21014892 | D59: =D58/$P$58 -> 0.035852179 | E59: =E58/$P$58 -> 0.030336459 | F59: =F58/$P$58 -> 0.18532819 | G59: =G58/$P$58 -> 0.0027578599 | H59: =H58/$P$58 -> 0.012686156 | I59: =I58/$P$58 -> 0.040264755 | J59: =J58/$P$58 -> 0.028130171 | ... N59: =N58/$P$58 -> 0
B60: %ges w/o MCs | C60: =C58/$O$58 -> 0.33159269 | D60: =D58/$O$58 -> 0.056570931 | E60: =E58/$O$58 -> 0.047867711 | F60: =F58/$O$58 -> 0.2924282 | G60: =G58/$O$58 -> 0.0043516101 | H60: =H58/$O$58 -> 0.020017406 | I60: =I58/$O$58 -> 0.063533507 | J60: =J58/$O$58 -> 0.044386423 | ... L60: =L58/$O$58 -> 0.07745866 | N60: =N58/$O$58 -> 0

Sheet 29.10 Mbarara-Kabale
B1: Consultancy services for Preparation of Expressway Development Master Plan (EDMP) for Uganda
B2: MANUAL CLASSIFIED COUNT (MCC)
B3: ROAD NAME: | C3: ='27.10 Mbarara-Kabale'!C3:G3 -> MCC - C4 - STN100 - MBARARA-NTUNGAMO ROAD
C5: Date | D5: 29.10.19 | F5: Location | G5: ='27.10 Mbarara-Kabale'!G5:H5 -> Nyeihanga traffic station | J5: Surveyor | K5: ='27.10 Mbarara-Kabale'!K5:L5 -> Norman
C6: Dir. From | D6: ='27.10 Mbarara-Kabale'!D6:E6 -> Mbarara | F6: Dir. To | G6: ='27.10 Mbarara-Kabale'!G6:H6 -> Kabale | J6: Supervisor | K6: ='27.10 Mbarara-Kabale'!K6:L6 -> Norman R
B8: Time / Veh Type | R8: SUMMARY TRAFFIC VOLUMES
C9: 1. Car | D9: 2. Station Wagon | E9: 3. Pickups | F9: 4. Minibus, matatu | G9: 5. Medium bus | H9: 6. Large Bus | I9: 7. Light Truck | J9: 8. Medium Truck | K9: 9. Heavy truck | L9: 10. Truck Trailer | M9: 11. Motor cycles | N9: 12. Tractors | O9: Total Excl M/Cycles | P9: Total All | R9: Time | S9: 1. Car | T9: 2. Station Wagon | U9: 3. Pickups | V9: 4. Minibus, matatu | W9: 5. Medium bus | X9: 6. Large Bus | Y9: 7. Light Truck | Z9: 8. Medium Truck | AA9: 9. Heavy truck | AB9: 10. Truck Trailer | AC9: 11. Motorcycles | AD9: 12. Tractors, Graders | AE9: Total Excl M/ Cycles | AF9: Total All
B10: 07.00 - 07.15 | C10: 6 | D10: 2 | E10: 4 | F10: 4 | G10: 0 | H10: 0 | I10: 0 | J10: 7 | K10: 3 | L10: 13 | M10: 8 | N10: 0 | O10: =SUM(C10:L10,N10) -> 39 | P10: =SUM(C10:N10) -> 47 | R10: 0700-0800 | S10: =SUM(C10:C13) -> 20 | T10: =SUM(D10:D13) -> 24 | U10: =SUM(E10:E13) -> 18 | V10: =SUM(F10:F13) -> 29 | W10: =SUM(G10:G13) -> 2 | X10: =SUM(H10:H13) -> 4 | Y10: =SUM(I10:I13) -> 6 | Z10: =SUM(J10:J13) -> 14 | ... AF10: =SUM(P10:P13) -> 211
B11: 07.15 - 07.30 | C11: 4 | D11: 11 | E11: 2 | F11: 12 | G11: 0 | H11: 3 | I11: 6 | J11: 3 | K11: 9 | L11: 7 | M11: 11 | N11: 0 | O11: =SUM(C11:L11,N11) -> 57 | P11: =SUM(C11:N11) -> 68 | R11: 0800-0900 | S11: =SUM(C14:C17) -> 34 | T11: =SUM(D14:D17) -> 21 | U11: =SUM(E14:E17) -> 16 | V11: =SUM(F14:F17) -> 22 | W11: =SUM(G14:G17) -> 4 | X11: =SUM(H14:H17) -> 1 | Y11: =SUM(I14:I17) -> 18 | Z11: =SUM(J14:J17) -> 1 | ... AF11: =SUM(P14:P17) -> 214
B12: 07.30 - 07.45 | C12: 8 | D12: 4 | E12: 7 | F12: 9 | G12: 2 | H12: 1 | I12: 0 | J12: 0 | K12: 0 | L12: 3 | M12: 16 | N12: 0 | O12: =SUM(C12:L12,N12) -> 34 | P12: =SUM(C12:N12) -> 50 | R12: 0900-1000 | S12: =SUM(C18:C21) -> 27 | T12: =SUM(D18:D21) -> 11 | U12: =SUM(E18:E21) -> 17 | V12: =SUM(F18:F21) -> 36 | W12: =SUM(G18:G21) -> 0 | X12: =SUM(H18:H21) -> 7 | Y12: =SUM(I18:I21) -> 8 | Z12: =SUM(J18:J21) -> 2 | ... AF12: =SUM(P18:P21) -> 202
B13: 07.45 - 08.00 | C13: 2 | D13: 7 | E13: 5 | F13: 4 | G13: 0 | H13: 0 | I13: 0 | J13: 4 | K13: 3 | L13: 6 | M13: 15 | N13: 0 | O13: =SUM(C13:L13,N13) -> 31 | P13: =SUM(C13:N13) -> 46 | R13: 1000-1100 | S13: =SUM(C22:C25) -> 44 | T13: =SUM(D22:D25) -> 16 | U13: =SUM(E22:E25) -> 5 | V13: =SUM(F22:F25) -> 18 | W13: =SUM(G22:G25) -> 2 | X13: =SUM(H22:H25) -> 4 | Y13: =SUM(I22:I25) -> 5 | Z13: =SUM(J22:J25) -> 3 | ... AF13: =SUM(P22:P25) -> 170
B14: 08.00 - 08.15 | C14: 8 | D14: 4 | E14: 0 | F14: 2 | G14: 0 | H14: 1 | I14: 4 | J14: 0 | K14: 0 | L14: 3 | M14: 15 | N14: 0 | O14: =SUM(C14:L14,N14) -> 22 | P14: =SUM(C14:N14) -> 37 | R14: 1100-1200 | S14: =SUM(C26:C29) -> 21 | T14: =SUM(D26:D29) -> 8 | U14: =SUM(E26:E29) -> 4 | V14: =SUM(F26:F29) -> 19 | W14: =SUM(G26:G29) -> 0 | X14: =SUM(H26:H29) -> 3 | Y14: =SUM(I26:I29) -> 15 | Z14: =SUM(J26:J29) -> 5 | ... AF14: =SUM(P26:P29) -> 140
B15: 08.15 - 08.30 | C15: 13 | D15: 1 | E15: 0 | F15: 9 | G15: 0 | H15: 0 | I15: 4 | J15: 1 | K15: 4 | L15: 0 | M15: 25 | N15: 0 | O15: =SUM(C15:L15,N15) -> 32 | P15: =SUM(C15:N15) -> 57 | R15: 1200-1300 | S15: =SUM(C30:C33) -> 33 | T15: =SUM(D30:D33) -> 18 | U15: =SUM(E30:E33) -> 7 | V15: =SUM(F30:F33) -> 26 | W15: =SUM(G30:G33) -> 0 | X15: =SUM(H30:H33) -> 2 | Y15: =SUM(I30:I33) -> 9 | Z15: =SUM(J30:J33) -> 8 | ... AF15: =SUM(P30:P33) -> 154
B16: 08.30 - 08.45 | C16: 5 | D16: 5 | E16: 3 | F16: 7 | G16: 4 | H16: 0 | I16: 6 | J16: 0 | K16: 0 | L16: 3 | M16: 5 | N16: 1 | O16: =SUM(C16:L16,N16) -> 34 | P16: =SUM(C16:N16) -> 39 | R16: 1300-1400 | S16: =SUM(C34:C37) -> 29 | T16: =SUM(D34:D37) -> 12 | U16: =SUM(E34:E37) -> 9 | V16: =SUM(F34:F37) -> 25 | W16: =SUM(G34:G37) -> 0 | X16: =SUM(H34:H37) -> 2 | Y16: =SUM(I34:I37) -> 8 | Z16: =SUM(J34:J37) -> 2 | ... AF16: =SUM(P34:P37) -> 158
B17: 08.45 - 9.00 | C17: 8 | D17: 11 | E17: 13 | F17: 4 | G17: 0 | H17: 0 | I17: 4 | J17: 0 | K17: 0 | L17: 13 | M17: 25 | N17: 3 | O17: =SUM(C17:L17,N17) -> 56 | P17: =SUM(C17:N17) -> 81 | R17: 1400-1500 | S17: =SUM(C38:C41) -> 24 | T17: =SUM(D38:D41) -> 18 | U17: =SUM(E38:E41) -> 8 | V17: =SUM(F38:F41) -> 23 | W17: =SUM(G38:G41) -> 1 | X17: =SUM(H38:H41) -> 4 | Y17: =SUM(I38:I41) -> 13 | Z17: =SUM(J38:J41) -> 5 | ... AF17: =SUM(P38:P41) -> 172
B18: 09.00 - 09.15 | C18: 10 | D18: 4 | E18: 3 | F18: 19 | G18: 0 | H18: 2 | I18: 4 | J18: 0 | K18: 0 | L18: 19 | M18: 11 | N18: 0 | O18: =SUM(C18:L18,N18) -> 61 | P18: =SUM(C18:N18) -> 72 | R18: 1500-1600 | S18: =SUM(C42:C45) -> 26 | T18: =SUM(D42:D45) -> 11 | U18: =SUM(E42:E45) -> 15 | V18: =SUM(F42:F45) -> 18 | W18: =SUM(G42:G45) -> 0 | X18: =SUM(H42:H45) -> 0 | Y18: =SUM(I42:I45) -> 7 | Z18: =SUM(J42:J45) -> 3 | ... AF18: =SUM(P42:P45) -> 146
B19: 09.15 - 09.30 | C19: 8 | D19: 6 | E19: 14 | F19: 3 | G19: 0 | H19: 0 | I19: 0 | J19: 0 | K19: 0 | L19: 5 | M19: 9 | N19: 0 | O19: =SUM(C19:L19,N19) -> 36 | P19: =SUM(C19:N19) -> 45 | R19: 1600-1700 | S19: =SUM(C46:C49) -> 28 | T19: =SUM(D46:D49) -> 7 | U19: =SUM(E46:E49) -> 8 | V19: =SUM(F46:F49) -> 16 | W19: =SUM(G46:G49) -> 0 | X19: =SUM(H46:H49) -> 0 | Y19: =SUM(I46:I49) -> 10 | Z19: =SUM(J46:J49) -> 3 | ... AF19: =SUM(P46:P49) -> 130
B20: 09.30 - 09.45 | C20: 3 | D20: 0 | E20: 0 | F20: 7 | G20: 0 | H20: 4 | I20: 0 | J20: 0 | K20: 3 | L20: 11 | M20: 16 | N20: 0 | O20: =SUM(C20:L20,N20) -> 28 | P20: =SUM(C20:N20) -> 44 | R20: 1700-1800 | S20: =SUM(C50:C53) -> 16 | T20: =SUM(D50:D53) -> 10 | U20: =SUM(E50:E53) -> 7 | V20: =SUM(F50:F53) -> 11 | W20: =SUM(G50:G53) -> 3 | X20: =SUM(H50:H53) -> 0 | Y20: =SUM(I50:I53) -> 5 | Z20: =SUM(J50:J53) -> 0 | ... AF20: =SUM(P50:P53) -> 117
B21: 09.45 - 10.00 | C21: 6 | D21: 1 | E21: 0 | F21: 7 | G21: 0 | H21: 1 | I21: 4 | J21: 2 | K21: 0 | L21: 0 | M21: 20 | N21: 0 | O21: =SUM(C21:L21,N21) -> 21 | P21: =SUM(C21:N21) -> 41 | R21: 1800-1900 | S21: =SUM(C54:C57) -> 13 | T21: =SUM(D54:D57) -> 4 | U21: =SUM(E54:E57) -> 2 | V21: =SUM(F54:F57) -> 12 | W21: =SUM(G54:G57) -> 2 | X21: =SUM(H54:H57) -> 0 | Y21: =SUM(I54:I57) -> 6 | Z21: =SUM(J54:J57) -> 7 | ... AF21: =SUM(P54:P57) -> 90
B22: 10.00 - 10.15 | C22: 7 | D22: 0 | E22: 1 | F22: 4 | G22: 0 | H22: 0 | I22: 1 | J22: 1 | K22: 4 | L22: 0 | M22: 13 | N22: 0 | O22: =SUM(C22:L22,N22) -> 18 | P22: =SUM(C22:N22) -> 31 | R22: AM Peak Hr | S22: =MAX(S10:S12) -> 34 | T22: =MAX(T10:T12) -> 24 | U22: =MAX(U10:U12) -> 18 | V22: =MAX(V10:V12) -> 36 | W22: =MAX(W10:W12) -> 4 | X22: =MAX(X10:X12) -> 7 | Y22: =MAX(Y10:Y12) -> 18 | Z22: =MAX(Z10:Z12) -> 14 | ... AF22: =MAX(AF10:AF12) -> 214
B23: 10.15 - 10.30 | C23: 18 | D23: 0 | E23: 0 | F23: 0 | G23: 0 | H23: 1 | I23: 0 | J23: 2 | K23: 3 | L23: 0 | M23: 22 | N23: 0 | O23: =SUM(C23:L23,N23) -> 24 | P23: =SUM(C23:N23) -> 46 | R23: IP Peak Hr | S23: =MAX(S13:S18) -> 44 | T23: =MAX(T13:T18) -> 18 | U23: =MAX(U13:U18) -> 15 | V23: =MAX(V13:V18) -> 26 | W23: =MAX(W13:W18) -> 2 | X23: =MAX(X13:X18) -> 4 | Y23: =MAX(Y13:Y18) -> 15 | Z23: =MAX(Z13:Z18) -> 8 | ... AF23: =MAX(AF13:AF18) -> 172
B24: 10.30 - 10.45 | C24: 9 | D24: 11 | E24: 0 | F24: 8 | G24: 2 | H24: 3 | I24: 4 | J24: 0 | K24: 0 | L24: 0 | M24: 8 | N24: 0 | O24: =SUM(C24:L24,N24) -> 37 | P24: =SUM(C24:N24) -> 45 | R24: PM Peak Hr | S24: =MAX(S19:S21) -> 28 | T24: =MAX(T19:T21) -> 10 | U24: =MAX(U19:U21) -> 8 | V24: =MAX(V19:V21) -> 16 | W24: =MAX(W19:W21) -> 3 | X24: =MAX(X19:X21) -> 0 | Y24: =MAX(Y19:Y21) -> 10 | Z24: =MAX(Z19:Z21) -> 7 | ... AF24: =MAX(AF19:AF21) -> 130
B25: 10.45 - 11.00 | C25: 10 | D25: 5 | E25: 4 | F25: 6 | G25: 0 | H25: 0 | I25: 0 | J25: 0 | K25: 2 | L25: 8 | M25: 13 | N25: 0 | O25: =SUM(C25:L25,N25) -> 35 | P25: =SUM(C25:N25) -> 48 | R25: AM Period | S25: =SUM(S10:S12) -> 81 | T25: =SUM(T10:T12) -> 56 | U25: =SUM(U10:U12) -> 51 | V25: =SUM(V10:V12) -> 87 | W25: =SUM(W10:W12) -> 6 | X25: =SUM(X10:X12) -> 12 | Y25: =SUM(Y10:Y12) -> 32 | Z25: =SUM(Z10:Z12) -> 17 | ... AF25: =SUM(AF10:AF12) -> 627
B26: 11.00 - 11.15 | C26: 8 | D26: 2 | E26: 0 | F26: 7 | G26: 0 | H26: 0 | I26: 5 | J26: 0 | K26: 3 | L26: 8 | M26: 15 | N26: 0 | O26: =SUM(C26:L26,N26) -> 33 | P26: =SUM(C26:N26) -> 48 | R26: IP Period | S26: =SUM(S13:S18) -> 177 | T26: =SUM(T13:T18) -> 83 | U26: =SUM(U13:U18) -> 48 | V26: =SUM(V13:V18) -> 129 | W26: =SUM(W13:W18) -> 3 | X26: =SUM(X13:X18) -> 15 | Y26: =SUM(Y13:Y18) -> 57 | Z26: =SUM(Z13:Z18) -> 26 | ... AF26: =SUM(AF13:AF18) -> 940
B27: 11.15 - 11.30 | C27: 4 | D27: 2 | E27: 4 | F27: 6 | G27: 0 | H27: 0 | I27: 2 | J27: 1 | K27: 3 | L27: 2 | M27: 8 | N27: 0 | O27: =SUM(C27:L27,N27) -> 24 | P27: =SUM(C27:N27) -> 32 | R27: PM Period | S27: =SUM(S19:S21) -> 57 | T27: =SUM(T19:T21) -> 21 | U27: =SUM(U19:U21) -> 17 | V27: =SUM(V19:V21) -> 39 | W27: =SUM(W19:W21) -> 5 | X27: =SUM(X19:X21) -> 0 | Y27: =SUM(Y19:Y21) -> 21 | Z27: =SUM(Z19:Z21) -> 10 | ... AF27: =SUM(AF19:AF21) -> 337
B28: 11.30 - 11.45 | C28: 5 | D28: 1 | E28: 0 | F28: 5 | G28: 0 | H28: 3 | I28: 6 | J28: 1 | K28: 3 | L28: 0 | M28: 7 | N28: 0 | O28: =SUM(C28:L28,N28) -> 24 | P28: =SUM(C28:N28) -> 31 | R28: 12 Hours | S28: =SUM(S10:S21) -> 315 | T28: =SUM(T10:T21) -> 160 | U28: =SUM(U10:U21) -> 116 | V28: =SUM(V10:V21) -> 255 | W28: =SUM(W10:W21) -> 14 | X28: =SUM(X10:X21) -> 27 | Y28: =SUM(Y10:Y21) -> 110 | Z28: =SUM(Z10:Z21) -> 53 | ... AF28: =SUM(AF10:AF21) -> 1904
B29: 11.45 - 12.00 | C29: 4 | D29: 3 | E29: 0 | F29: 1 | G29: 0 | H29: 0 | I29: 2 | J29: 3 | K29: 1 | L29: 0 | M29: 15 | N29: 0 | O29: =SUM(C29:L29,N29) -> 14 | P29: =SUM(C29:N29) -> 29
B30: 12.00 - 12.15 | C30: 13 | D30: 1 | E30: 0 | F30: 8 | G30: 0 | H30: 0 | I30: 3 | J30: 0 | K30: 0 | L30: 0 | M30: 12 | N30: 0 | O30: =SUM(C30:L30,N30) -> 25 | P30: =SUM(C30:N30) -> 37
B31: 12.15 - 12.30 | C31: 9 | D31: 2 | E31: 4 | F31: 8 | G31: 0 | H31: 2 | I31: 2 | J31: 4 | K31: 1 | L31: 3 | M31: 12 | N31: 0 | O31: =SUM(C31:L31,N31) -> 35 | P31: =SUM(C31:N31) -> 47
B32: 12.30 - 12.45 | C32: 4 | D32: 10 | E32: 3 | F32: 4 | G32: 0 | H32: 0 | I32: 3 | J32: 4 | K32: 3 | L32: 2 | M32: 7 | N32: 0 | O32: =SUM(C32:L32,N32) -> 33 | P32: =SUM(C32:N32) -> 40
B33: 12.45 - 13.00 | C33: 7 | D33: 5 | E33: 0 | F33: 6 | G33: 0 | H33: 0 | I33: 1 | J33: 0 | K33: 0 | L33: 3 | M33: 8 | N33: 0 | O33: =SUM(C33:L33,N33) -> 22 | P33: =SUM(C33:N33) -> 30
B34: 13.00 - 13.15 | C34: 10 | D34: 8 | E34: 2 | F34: 8 | G34: 0 | H34: 0 | I34: 3 | J34: 0 | K34: 7 | L34: 3 | M34: 9 | N34: 0 | O34: =SUM(C34:L34,N34) -> 41 | P34: =SUM(C34:N34) -> 50
B35: 13.15 - 13.30 | C35: 5 | D35: 0 | E35: 2 | F35: 5 | G35: 0 | H35: 2 | I35: 1 | J35: 2 | K35: 0 | L35: 7 | M35: 10 | N35: 0 | O35: =SUM(C35:L35,N35) -> 24 | P35: =SUM(C35:N35) -> 34
B36: 13.30 - 13.45 | C36: 10 | D36: 1 | E36: 0 | F36: 3 | G36: 0 | H36: 0 | I36: 1 | J36: 0 | K36: 1 | L36: 2 | M36: 20 | N36: 0 | O36: =SUM(C36:L36,N36) -> 18 | P36: =SUM(C36:N36) -> 38
B37: 13.45 - 14.00 | C37: 4 | D37: 3 | E37: 5 | F37: 9 | G37: 0 | H37: 0 | I37: 3 | J37: 0 | K37: 0 | L37: 4 | M37: 8 | N37: 0 | O37: =SUM(C37:L37,N37) -> 28 | P37: =SUM(C37:N37) -> 36
B38: 14.00 - 14.15 | C38: 7 | D38: 9 | E38: 3 | F38: 7 | G38: 0 | H38: 1 | I38: 2 | J38: 4 | K38: 6 | L38: 3 | M38: 13 | N38: 0 | O38: =SUM(C38:L38,N38) -> 42 | P38: =SUM(C38:N38) -> 55
B39: 14.15 - 14.30 | C39: 8 | D39: 6 | E39: 1 | F39: 7 | G39: 0 | H39: 0 | I39: 5 | J39: 0 | K39: 1 | L39: 2 | M39: 23 | N39: 0 | O39: =SUM(C39:L39,N39) -> 30 | P39: =SUM(C39:N39) -> 53
B40: 14.30 - 14.45 | C40: 4 | D40: 3 | E40: 0 | F40: 2 | G40: 0 | H40: 2 | I40: 3 | J40: 1 | K40: 2 | L40: 3 | M40: 8 | N40: 0 | O40: =SUM(C40:L40,N40) -> 20 | P40: =SUM(C40:N40) -> 28
... B57: 18.45 - 19.00 | C57: 3 | D57: 0 | E57: 0 | F57: 0 | G57: 0 | H57: 0 | I57: 3 | J57: 2 | K57: 3 | L57: 0 | M57: 8 | N57: 0 | O57: =SUM(C57:L57,N57) -> 11 | P57: =SUM(C57:N57) -> 19
B58: Totals | C58: =SUM(C10:C57) -> 315 | D58: =SUM(D10:D57) -> 160 | E58: =SUM(E10:E57) -> 116 | F58: =SUM(F10:F57) -> 255 | G58: =SUM(G10:G57) -> 14 | H58: =SUM(H10:H57) -> 27 | I58: =SUM(I10:I57) -> 110 | J58: =SUM(J10:J57) -> 53 | ... P58: =SUM(P10:P57) -> 1904
B59: %ges + MCs | C59: =C58/$P$58 -> 0.16544118 | D59: =D58/$P$58 -> 0.084033613 | E59: =E58/$P$58 -> 0.06092437 | F59: =F58/$P$58 -> 0.13392857 | G59: =G58/$P$58 -> 0.0073529412 | H59: =H58/$P$58 -> 0.014180672 | I59: =I58/$P$58 -> 0.057773109 | J59: =J58/$P$58 -> 0.027836134 | ... N59: =N58/$P$58 -> 0.0021008403
B60: %ges w/o MCs | C60: =C58/$O$58 -> 0.24009146 | D60: =D58/$O$58 -> 0.12195122 | E60: =E58/$O$58 -> 0.088414634 | F60: =F58/$O$58 -> 0.19435976 | G60: =G58/$O$58 -> 0.010670732 | H60: =H58/$O$58 -> 0.020579268 | I60: =I58/$O$58 -> 0.083841463 | J60: =J58/$O$58 -> 0.040396341 | ... L60: =L58/$O$58 -> 0.1242378 | N60: =N58/$O$58 -> 0.0030487805

Sheet 29.10 Kabale-Mbarara
B1: Consultancy services for Preparation of Expressway Development Master Plan (EDMP) for Uganda
B2: MANUAL CLASSIFIED COUNT (MCC)
B3: ROAD NAME: | C3: ='27.10 Kabale-Mbarara'!C3:G3 -> MCC - C4 - STN100 - MBARARA-NTUNGAMO ROAD
C5: Date | D5: ='29.10 Mbarara-Kabale'!D5 -> 29.10.19 | F5: Location | G5: ='27.10 Mbarara-Kabale'!G5:H5 -> Nyeihanga traffic station | J5: Surveyor | K5: Owomugisga B
C6: Dir. From | D6: ='27.10 Kabale-Mbarara'!D6:E6 -> Kabale | F6: Dir. To | G6: ='27.10 Kabale-Mbarara'!G6:H6 -> Mbarara | J6: Supervisor | K6: ='27.10 Mbarara-Kabale'!K6:L6 -> Norman R
B8: Time / Veh Type | R8: SUMMARY TRAFFIC VOLUMES
C9: 1. Car | D9: 2. Station Wagon | E9: 3. Pickups | F9: 4. Minibus, matatu | G9: 5. Medium bus | H9: 6. Large Bus | I9: 7. Light Truck | J9: 8. Medium Truck | K9: 9. Heavy truck | L9: 10. Truck Trailer | M9: 11. Motor cycles | N9: 12. Tractors | O9: Total Excl M/Cycles | P9: Total All | R9: Time | S9: 1. Car | T9: 2. Station Wagon | U9: 3. Pickups | V9: 4. Minibus, matatu | W9: 5. Medium bus | X9: 6. Large Bus | Y9: 7. Light Truck | Z9: 8. Medium Truck | AA9: 9. Heavy truck | AB9: 10. Truck Trailer | AC9: 11. Motorcycles | AD9: 12. Tractors, Graders | AE9: Total Excl M/ Cycles | AF9: Total All
B10: 07.00 - 07.15 | C10: 4 | D10: 0 | E10: 0 | F10: 4 | G10: 0 | H10: 0 | I10: 2 | J10: 0 | K10: 1 | L10: 1 | M10: 2 | N10: 0 | O10: =SUM(C10:L10,N10) -> 12 | P10: =SUM(C10:N10) -> 14 | R10: 0700-0800 | S10: =SUM(C10:C13) -> 13 | T10: =SUM(D10:D13) -> 0 | U10: =SUM(E10:E13) -> 2 | V10: =SUM(F10:F13) -> 16 | W10: =SUM(G10:G13) -> 0 | X10: =SUM(H10:H13) -> 0 | Y10: =SUM(I10:I13) -> 4 | Z10: =SUM(J10:J13) -> 3 | ... AF10: =SUM(P10:P13) -> 78
B11: 07.15 - 07.30 | C11: 5 | D11: 0 | E11: 0 | F11: 7 | G11: 0 | H11: 0 | I11: 2 | J11: 0 | K11: 0 | L11: 0 | M11: 13 | N11: 0 | O11: =SUM(C11:L11,N11) -> 14 | P11: =SUM(C11:N11) -> 27 | R11: 0800-0900 | S11: =SUM(C14:C17) -> 20 | T11: =SUM(D14:D17) -> 3 | U11: =SUM(E14:E17) -> 2 | V11: =SUM(F14:F17) -> 17 | W11: =SUM(G14:G17) -> 1 | X11: =SUM(H14:H17) -> 1 | Y11: =SUM(I14:I17) -> 6 | Z11: =SUM(J14:J17) -> 3 | ... AF11: =SUM(P14:P17) -> 119
B12: 07.30 - 07.45 | C12: 3 | D12: 0 | E12: 1 | F12: 5 | G12: 0 | H12: 0 | I12: 0 | J12: 0 | K12: 1 | L12: 0 | M12: 12 | N12: 0 | O12: =SUM(C12:L12,N12) -> 10 | P12: =SUM(C12:N12) -> 22 | R12: 0900-1000 | S12: =SUM(C18:C21) -> 25 | T12: =SUM(D18:D21) -> 4 | U12: =SUM(E18:E21) -> 2 | V12: =SUM(F18:F21) -> 30 | W12: =SUM(G18:G21) -> 0 | X12: =SUM(H18:H21) -> 2 | Y12: =SUM(I18:I21) -> 4 | Z12: =SUM(J18:J21) -> 1 | ... AF12: =SUM(P18:P21) -> 134
B13: 07.45 - 08.00 | C13: 1 | D13: 0 | E13: 1 | F13: 0 | G13: 0 | H13: 0 | I13: 0 | J13: 3 | K13: 0 | L13: 0 | M13: 10 | N13: 0 | O13: =SUM(C13:L13,N13) -> 5 | P13: =SUM(C13:N13) -> 15 | R13: 1000-1100 | S13: =SUM(C22:C25) -> 41 | T13: =SUM(D22:D25) -> 8 | U13: =SUM(E22:E25) -> 1 | V13: =SUM(F22:F25) -> 17 | W13: =SUM(G22:G25) -> 0 | X13: =SUM(H22:H25) -> 10 | Y13: =SUM(I22:I25) -> 3 | Z13: =SUM(J22:J25) -> 0 | ... AF13: =SUM(P22:P25) -> 142
B14: 08.00 - 08.15 | C14: 6 | D14: 0 | E14: 0 | F14: 2 | G14: 0 | H14: 1 | I14: 2 | J14: 3 | K14: 0 | L14: 0 | M14: 12 | N14: 0 | O14: =SUM(C14:L14,N14) -> 14 | P14: =SUM(C14:N14) -> 26 | R14: 1100-1200 | S14: =SUM(C26:C29) -> 32 | T14: =SUM(D26:D29) -> 13 | U14: =SUM(E26:E29) -> 8 | V14: =SUM(F26:F29) -> 39 | W14: =SUM(G26:G29) -> 0 | X14: =SUM(H26:H29) -> 4 | Y14: =SUM(I26:I29) -> 5 | Z14: =SUM(J26:J29) -> 4 | ... AF14: =SUM(P26:P29) -> 187
B15: 08.15 - 08.30 | C15: 7 | D15: 2 | E15: 1 | F15: 3 | G15: 1 | H15: 0 | I15: 1 | J15: 0 | K15: 0 | L15: 2 | M15: 14 | N15: 0 | O15: =SUM(C15:L15,N15) -> 17 | P15: =SUM(C15:N15) -> 31 | R15: 1200-1300 | S15: =SUM(C30:C33) -> 40 | T15: =SUM(D30:D33) -> 3 | U15: =SUM(E30:E33) -> 7 | V15: =SUM(F30:F33) -> 41 | W15: =SUM(G30:G33) -> 0 | X15: =SUM(H30:H33) -> 2 | Y15: =SUM(I30:I33) -> 6 | Z15: =SUM(J30:J33) -> 1 | ... AF15: =SUM(P30:P33) -> 185
B16: 08.30 - 08.45 | C16: 2 | D16: 0 | E16: 0 | F16: 8 | G16: 0 | H16: 0 | I16: 3 | J16: 0 | K16: 0 | L16: 1 | M16: 22 | N16: 0 | O16: =SUM(C16:L16,N16) -> 14 | P16: =SUM(C16:N16) -> 36 | R16: 1300-1400 | S16: =SUM(C34:C37) -> 26 | T16: =SUM(D34:D37) -> 7 | U16: =SUM(E34:E37) -> 0 | V16: =SUM(F34:F37) -> 40 | W16: =SUM(G34:G37) -> 0 | X16: =SUM(H34:H37) -> 2 | Y16: =SUM(I34:I37) -> 2 | Z16: =SUM(J34:J37) -> 6 | ... AF16: =SUM(P34:P37) -> 156
B17: 08.45 - 9.00 | C17: 5 | D17: 1 | E17: 1 | F17: 4 | G17: 0 | H17: 0 | I17: 0 | J17: 0 | K17: 0 | L17: 0 | M17: 15 | N17: 0 | O17: =SUM(C17:L17,N17) -> 11 | P17: =SUM(C17:N17) -> 26 | R17: 1400-1500 | S17: =SUM(C38:C41) -> 42 | T17: =SUM(D38:D41) -> 2 | U17: =SUM(E38:E41) -> 7 | V17: =SUM(F38:F41) -> 23 | W17: =SUM(G38:G41) -> 0 | X17: =SUM(H38:H41) -> 3 | Y17: =SUM(I38:I41) -> 4 | Z17: =SUM(J38:J41) -> 8 | ... AF17: =SUM(P38:P41) -> 143
B18: 09.00 - 09.15 | C18: 8 | D18: 1 | E18: 2 | F18: 7 | G18: 0 | H18: 1 | I18: 1 | J18: 1 | K18: 0 | L18: 0 | M18: 18 | N18: 0 | O18: =SUM(C18:L18,N18) -> 21 | P18: =SUM(C18:N18) -> 39 | R18: 1500-1600 | S18: =SUM(C42:C45) -> 38 | T18: =SUM(D42:D45) -> 5 | U18: =SUM(E42:E45) -> 3 | V18: =SUM(F42:F45) -> 22 | W18: =SUM(G42:G45) -> 0 | X18: =SUM(H42:H45) -> 1 | Y18: =SUM(I42:I45) -> 3 | Z18: =SUM(J42:J45) -> 0 | ... AF18: =SUM(P42:P45) -> 145
B19: 09.15 - 09.30 | C19: 3 | D19: 0 | E19: 0 | F19: 4 | G19: 0 | H19: 0 | I19: 1 | J19: 0 | K19: 0 | L19: 2 | M19: 11 | N19: 0 | O19: =SUM(C19:L19,N19) -> 10 | P19: =SUM(C19:N19) -> 21 | R19: 1600-1700 | S19: =SUM(C46:C49) -> 46 | T19: =SUM(D46:D49) -> 3 | U19: =SUM(E46:E49) -> 4 | V19: =SUM(F46:F49) -> 12 | W19: =SUM(G46:G49) -> 0 | X19: =SUM(H46:H49) -> 0 | Y19: =SUM(I46:I49) -> 11 | Z19: =SUM(J46:J49) -> 3 | ... AF19: =SUM(P46:P49) -> 152
B20: 09.30 - 09.45 | C20: 6 | D20: 2 | E20: 0 | F20: 6 | G20: 0 | H20: 1 | I20: 1 | J20: 0 | K20: 0 | L20: 0 | M20: 13 | N20: 0 | O20: =SUM(C20:L20,N20) -> 16 | P20: =SUM(C20:N20) -> 29 | R20: 1700-1800 | S20: =SUM(C50:C53) -> 30 | T20: =SUM(D50:D53) -> 5 | U20: =SUM(E50:E53) -> 2 | V20: =SUM(F50:F53) -> 34 | W20: =SUM(G50:G53) -> 1 | X20: =SUM(H50:H53) -> 1 | Y20: =SUM(I50:I53) -> 11 | Z20: =SUM(J50:J53) -> 4 | ... AF20: =SUM(P50:P53) -> 129
B21: 09.45 - 10.00 | C21: 8 | D21: 1 | E21: 0 | F21: 13 | G21: 0 | H21: 0 | I21: 1 | J21: 0 | K21: 0 | L21: 0 | M21: 22 | N21: 0 | O21: =SUM(C21:L21,N21) -> 23 | P21: =SUM(C21:N21) -> 45 | R21: 1800-1900 | S21: =SUM(C54:C57) -> 43 | T21: =SUM(D54:D57) -> 7 | U21: =SUM(E54:E57) -> 6 | V21: =SUM(F54:F57) -> 29 | W21: =SUM(G54:G57) -> 0 | X21: =SUM(H54:H57) -> 1 | Y21: =SUM(I54:I57) -> 11 | Z21: =SUM(J54:J57) -> 1 | ... AF21: =SUM(P54:P57) -> 139
B22: 10.00 - 10.15 | C22: 7 | D22: 0 | E22: 1 | F22: 2 | G22: 0 | H22: 2 | I22: 0 | J22: 0 | K22: 0 | L22: 5 | M22: 7 | N22: 0 | O22: =SUM(C22:L22,N22) -> 17 | P22: =SUM(C22:N22) -> 24 | R22: AM Peak Hr | S22: =MAX(S10:S12) -> 25 | T22: =MAX(T10:T12) -> 4 | U22: =MAX(U10:U12) -> 2 | V22: =MAX(V10:V12) -> 30 | W22: =MAX(W10:W12) -> 1 | X22: =MAX(X10:X12) -> 2 | Y22: =MAX(Y10:Y12) -> 6 | Z22: =MAX(Z10:Z12) -> 3 | ... AF22: =MAX(AF10:AF12) -> 134
B23: 10.15 - 10.30 | C23: 16 | D23: 0 | E23: 0 | F23: 2 | G23: 0 | H23: 0 | I23: 0 | J23: 0 | K23: 0 | L23: 4 | M23: 15 | N23: 0 | O23: =SUM(C23:L23,N23) -> 22 | P23: =SUM(C23:N23) -> 37 | R23: IP Peak Hr | S23: =MAX(S13:S18) -> 42 | T23: =MAX(T13:T18) -> 13 | U23: =MAX(U13:U18) -> 8 | V23: =MAX(V13:V18) -> 41 | W23: =MAX(W13:W18) -> 0 | X23: =MAX(X13:X18) -> 10 | Y23: =MAX(Y13:Y18) -> 6 | Z23: =MAX(Z13:Z18) -> 8 | ... AF23: =MAX(AF13:AF18) -> 187
B24: 10.30 - 10.45 | C24: 5 | D24: 2 | E24: 0 | F24: 2 | G24: 0 | H24: 0 | I24: 3 | J24: 0 | K24: 2 | L24: 0 | M24: 15 | N24: 0 | O24: =SUM(C24:L24,N24) -> 14 | P24: =SUM(C24:N24) -> 29 | R24: PM Peak Hr | S24: =MAX(S19:S21) -> 46 | T24: =MAX(T19:T21) -> 7 | U24: =MAX(U19:U21) -> 6 | V24: =MAX(V19:V21) -> 34 | W24: =MAX(W19:W21) -> 1 | X24: =MAX(X19:X21) -> 1 | Y24: =MAX(Y19:Y21) -> 11 | Z24: =MAX(Z19:Z21) -> 4 | ... AF24: =MAX(AF19:AF21) -> 152
B25: 10.45 - 11.00 | C25: 13 | D25: 6 | E25: 0 | F25: 11 | G25: 0 | H25: 8 | I25: 0 | J25: 0 | K25: 1 | L25: 2 | M25: 11 | N25: 0 | O25: =SUM(C25:L25,N25) -> 41 | P25: =SUM(C25:N25) -> 52 | R25: AM Period | S25: =SUM(S10:S12) -> 58 | T25: =SUM(T10:T12) -> 7 | U25: =SUM(U10:U12) -> 6 | V25: =SUM(V10:V12) -> 63 | W25: =SUM(W10:W12) -> 1 | X25: =SUM(X10:X12) -> 3 | Y25: =SUM(Y10:Y12) -> 14 | Z25: =SUM(Z10:Z12) -> 7 | ... AF25: =SUM(AF10:AF12) -> 331
B26: 11.00 - 11.15 | C26: 11 | D26: 3 | E26: 2 | F26: 9 | G26: 0 | H26: 0 | I26: 3 | J26: 0 | K26: 0 | L26: 1 | M26: 21 | N26: 0 | O26: =SUM(C26:L26,N26) -> 29 | P26: =SUM(C26:N26) -> 50 | R26: IP Period | S26: =SUM(S13:S18) -> 219 | T26: =SUM(T13:T18) -> 38 | U26: =SUM(U13:U18) -> 26 | V26: =SUM(V13:V18) -> 182 | W26: =SUM(W13:W18) -> 0 | X26: =SUM(X13:X18) -> 22 | Y26: =SUM(Y13:Y18) -> 23 | Z26: =SUM(Z13:Z18) -> 19 | ... AF26: =SUM(AF13:AF18) -> 958
B27: 11.15 - 11.30 | C27: 10 | D27: 7 | E27: 4 | F27: 5 | G27: 0 | H27: 2 | I27: 1 | J27: 4 | K27: 1 | L27: 2 | M27: 16 | N27: 0 | O27: =SUM(C27:L27,N27) -> 36 | P27: =SUM(C27:N27) -> 52 | R27: PM Period | S27: =SUM(S19:S21) -> 119 | T27: =SUM(T19:T21) -> 15 | U27: =SUM(U19:U21) -> 12 | V27: =SUM(V19:V21) -> 75 | W27: =SUM(W19:W21) -> 1 | X27: =SUM(X19:X21) -> 2 | Y27: =SUM(Y19:Y21) -> 33 | Z27: =SUM(Z19:Z21) -> 8 | ... AF27: =SUM(AF19:AF21) -> 420
B28: 11.30 - 11.45 | C28: 7 | D28: 1 | E28: 2 | F28: 15 | G28: 0 | H28: 2 | I28: 0 | J28: 0 | K28: 0 | L28: 3 | M28: 16 | N28: 0 | O28: =SUM(C28:L28,N28) -> 30 | P28: =SUM(C28:N28) -> 46 | R28: 12 Hours | S28: =SUM(S10:S21) -> 396 | T28: =SUM(T10:T21) -> 60 | U28: =SUM(U10:U21) -> 44 | V28: =SUM(V10:V21) -> 320 | W28: =SUM(W10:W21) -> 2 | X28: =SUM(X10:X21) -> 27 | Y28: =SUM(Y10:Y21) -> 70 | Z28: =SUM(Z10:Z21) -> 34 | ... AF28: =SUM(AF10:AF21) -> 1709
B29: 11.45 - 12.00 | C29: 4 | D29: 2 | E29: 0 | F29: 10 | G29: 0 | H29: 0 | I29: 1 | J29: 0 | K29: 0 | L29: 6 | M29: 16 | N29: 0 | O29: =SUM(C29:L29,N29) -> 23 | P29: =SUM(C29:N29) -> 39
B30: 12.00 - 12.15 | C30: 8 | D30: 0 | E30: 2 | F30: 9 | G30: 0 | H30: 1 | I30: 2 | J30: 1 | K30: 4 | L30: 2 | M30: 29 | N30: 0 | O30: =SUM(C30:L30,N30) -> 29 | P30: =SUM(C30:N30) -> 58
B31: 12.15 - 12.30 | C31: 12 | D31: 0 | E31: 1 | F31: 18 | G31: 0 | H31: 1 | I31: 0 | J31: 0 | K31: 0 | L31: 6 | M31: 14 | N31: 0 | O31: =SUM(C31:L31,N31) -> 38 | P31: =SUM(C31:N31) -> 52
B32: 12.30 - 12.45 | C32: 15 | D32: 0 | E32: 3 | F32: 7 | G32: 0 | H32: 0 | I32: 4 | J32: 0 | K32: 0 | L32: 1 | M32: 16 | N32: 0 | O32: =SUM(C32:L32,N32) -> 30 | P32: =SUM(C32:N32) -> 46
B33: 12.45 - 13.00 | C33: 5 | D33: 3 | E33: 1 | F33: 7 | G33: 0 | H33: 0 | I33: 0 | J33: 0 | K33: 0 | L33: 0 | M33: 13 | N33: 0 | O33: =SUM(C33:L33,N33) -> 16 | P33: =SUM(C33:N33) -> 29
B34: 13.00 - 13.15 | C34: 7 | D34: 2 | E34: 0 | F34: 8 | G34: 0 | H34: 0 | I34: 0 | J34: 0 | K34: 0 | L34: 0 | M34: 19 | N34: 0 | O34: =SUM(C34:L34,N34) -> 17 | P34: =SUM(C34:N34) -> 36
B35: 13.15 - 13.30 | C35: 1 | D35: 0 | E35: 0 | F35: 6 | G35: 0 | H35: 1 | I35: 2 | J35: 0 | K35: 0 | L35: 3 | M35: 8 | N35: 0 | O35: =SUM(C35:L35,N35) -> 13 | P35: =SUM(C35:N35) -> 21
B36: 13.30 - 13.45 | C36: 7 | D36: 3 | E36: 0 | F36: 14 | G36: 0 | H36: 0 | I36: 0 | J36: 6 | K36: 5 | L36: 2 | M36: 15 | N36: 0 | O36: =SUM(C36:L36,N36) -> 37 | P36: =SUM(C36:N36) -> 52
B37: 13.45 - 14.00 | C37: 11 | D37: 2 | E37: 0 | F37: 12 | G37: 0 | H37: 1 | I37: 0 | J37: 0 | K37: 2 | L37: 2 | M37: 17 | N37: 0 | O37: =SUM(C37:L37,N37) -> 30 | P37: =SUM(C37:N37) -> 47
B38: 14.00 - 14.15 | C38: 10 | D38: 0 | E38: 1 | F38: 6 | G38: 0 | H38: 0 | I38: 0 | J38: 4 | K38: 1 | L38: 0 | M38: 19 | N38: 0 | O38: =SUM(C38:L38,N38) -> 22 | P38: =SUM(C38:N38) -> 41
B39: 14.15 - 14.30 | C39: 8 | D39: 2 | E39: 0 | F39: 8 | G39: 0 | H39: 1 | I39: 2 | J39: 0 | K39: 0 | L39: 0 | M39: 9 | N39: 0 | O39: =SUM(C39:L39,N39) -> 21 | P39: =SUM(C39:N39) -> 30
B40: 14.30 - 14.45 | C40: 16 | D40: 0 | E40: 4 | F40: 6 | G40: 0 | H40: 1 | I40: 2 | J40: 2 | K40: 1 | L40: 2 | M40: 17 | N40: 0 | O40: =SUM(C40:L40,N40) -> 34 | P40: =SUM(C40:N40) -> 51
... B57: 18.45 - 19.00 | C57: 16 | D57: 4 | E57: 3 | F57: 6 | G57: 0 | H57: 0 | I57: 7 | J57: 0 | K57: 0 | L57: 0 | M57: 8 | N57: 0 | O57: =SUM(C57:L57,N57) -> 36 | P57: =SUM(C57:N57) -> 44
B58: Totals | C58: =SUM(C10:C57) -> 396 | D58: =SUM(D10:D57) -> 60 | E58: =SUM(E10:E57) -> 44 | F58: =SUM(F10:F57) -> 320 | G58: =SUM(G10:G57) -> 2 | H58: =SUM(H10:H57) -> 27 | I58: =SUM(I10:I57) -> 70 | J58: =SUM(J10:J57) -> 34 | ... P58: =SUM(P10:P57) -> 1709
B59: %ges + MCs | C59: =C58/$P$58 -> 0.23171445 | D59: =D58/$P$58 -> 0.03510825 | E59: =E58/$P$58 -> 0.02574605 | F59: =F58/$P$58 -> 0.187244 | G59: =G58/$P$58 -> 0.001170275 | H59: =H58/$P$58 -> 0.015798713 | I59: =I58/$P$58 -> 0.040959626 | J59: =J58/$P$58 -> 0.019894675 | ... N59: =N58/$P$58 -> 0
B60: %ges w/o MCs | C60: =C58/$O$58 -> 0.3697479 | D60: =D58/$O$58 -> 0.056022409 | E60: =E58/$O$58 -> 0.0410831 | F60: =F58/$O$58 -> 0.29878618 | G60: =G58/$O$58 -> 0.0018674136 | H60: =H58/$O$58 -> 0.025210084 | I60: =I58/$O$58 -> 0.065359477 | J60: =J58/$O$58 -> 0.031746032 | ... L60: =L58/$O$58 -> 0.078431373 | N60: =N58/$O$58 -> 0

Sheet 30.10 Mbarara-Kabale
B1: Consultancy services for Preparation of Expressway Development Master Plan (EDMP) for Uganda
B2: MANUAL CLASSIFIED COUNT (MCC)
B3: ROAD NAME: | C3: ='27.10 Mbarara-Kabale'!C3:G3 -> MCC - C4 - STN100 - MBARARA-NTUNGAMO ROAD
C5: Date | D5: 30.10.19 | F5: Location | G5: ='29.10 Kabale-Mbarara'!G5:H5 -> Nyeihanga traffic station | J5: Surveyor | K5: Norman
C6: Dir. From | D6: ='27.10 Mbarara-Kabale'!D6:E6 -> Mbarara | F6: Dir. To | G6: ='27.10 Mbarara-Kabale'!G6:H6 -> Kabale | J6: Supervisor | K6: ='29.10 Kabale-Mbarara'!K6:L6 -> Norman R
B8: Time / Veh Type | R8: SUMMARY TRAFFIC VOLUMES
C9: 1. Car | D9: 2. Station Wagon | E9: 3. Pickups | F9: 4. Minibus, matatu | G9: 5. Medium bus | H9: 6. Large Bus | I9: 7. Light Truck | J9: 8. Medium Truck | K9: 9. Heavy truck | L9: 10. Truck Trailer | M9: 11. Motor cycles | N9: 12. Tractors | O9: Total Excl M/Cycles | P9: Total All | R9: Time | S9: 1. Car | T9: 2. Station Wagon | U9: 3. Pickups | V9: 4. Minibus, matatu | W9: 5. Medium bus | X9: 6. Large Bus | Y9: 7. Light Truck | Z9: 8. Medium Truck | AA9: 9. Heavy truck | AB9: 10. Truck Trailer | AC9: 11. Motorcycles | AD9: 12. Tractors, Graders | AE9: Total Excl M/ Cycles | AF9: Total All
B10: 07.00 - 07.15 | C10: 0 | D10: 0 | E10: 0 | F10: 5 | G10: 2 | H10: 3 | I10: 0 | J10: 0 | K10: 0 | L10: 4 | M10: 1 | N10: 0 | O10: =SUM(C10:L10,N10) -> 14 | P10: =SUM(C10:N10) -> 15 | R10: 0700-0800 | S10: =SUM(C10:C13) -> 14 | T10: =SUM(D10:D13) -> 2 | U10: =SUM(E10:E13) -> 6 | V10: =SUM(F10:F13) -> 18 | W10: =SUM(G10:G13) -> 2 | X10: =SUM(H10:H13) -> 3 | Y10: =SUM(I10:I13) -> 13 | Z10: =SUM(J10:J13) -> 0 | ... AF10: =SUM(P10:P13) -> 100
B11: 07.15 - 07.30 | C11: 7 | D11: 0 | E11: 4 | F11: 12 | G11: 0 | H11: 0 | I11: 6 | J11: 0 | K11: 1 | L11: 1 | M11: 7 | N11: 0 | O11: =SUM(C11:L11,N11) -> 31 | P11: =SUM(C11:N11) -> 38 | R11: 0800-0900 | S11: =SUM(C14:C17) -> 18 | T11: =SUM(D14:D17) -> 6 | U11: =SUM(E14:E17) -> 7 | V11: =SUM(F14:F17) -> 17 | W11: =SUM(G14:G17) -> 0 | X11: =SUM(H14:H17) -> 0 | Y11: =SUM(I14:I17) -> 10 | Z11: =SUM(J14:J17) -> 4 | ... AF11: =SUM(P14:P17) -> 139
B12: 07.30 - 07.45 | C12: 4 | D12: 2 | E12: 1 | F12: 1 | G12: 0 | H12: 0 | I12: 3 | J12: 0 | K12: 0 | L12: 6 | M12: 7 | N12: 0 | O12: =SUM(C12:L12,N12) -> 17 | P12: =SUM(C12:N12) -> 24 | R12: 0900-1000 | S12: =SUM(C18:C21) -> 19 | T12: =SUM(D18:D21) -> 12 | U12: =SUM(E18:E21) -> 15 | V12: =SUM(F18:F21) -> 25 | W12: =SUM(G18:G21) -> 0 | X12: =SUM(H18:H21) -> 1 | Y12: =SUM(I18:I21) -> 13 | Z12: =SUM(J18:J21) -> 4 | ... AF12: =SUM(P18:P21) -> 165
B13: 07.45 - 08.00 | C13: 3 | D13: 0 | E13: 1 | F13: 0 | G13: 0 | H13: 0 | I13: 4 | J13: 0 | K13: 3 | L13: 7 | M13: 5 | N13: 0 | O13: =SUM(C13:L13,N13) -> 18 | P13: =SUM(C13:N13) -> 23 | R13: 1000-1100 | S13: =SUM(C22:C25) -> 26 | T13: =SUM(D22:D25) -> 10 | U13: =SUM(E22:E25) -> 11 | V13: =SUM(F22:F25) -> 25 | W13: =SUM(G22:G25) -> 4 | X13: =SUM(H22:H25) -> 6 | Y13: =SUM(I22:I25) -> 19 | Z13: =SUM(J22:J25) -> 3 | ... AF13: =SUM(P22:P25) -> 147
B14: 08.00 - 08.15 | C14: 3 | D14: 1 | E14: 2 | F14: 5 | G14: 0 | H14: 0 | I14: 2 | J14: 3 | K14: 0 | L14: 4 | M14: 10 | N14: 0 | O14: =SUM(C14:L14,N14) -> 20 | P14: =SUM(C14:N14) -> 30 | R14: 1100-1200 | S14: =SUM(C26:C29) -> 27 | T14: =SUM(D26:D29) -> 10 | U14: =SUM(E26:E29) -> 12 | V14: =SUM(F26:F29) -> 23 | W14: =SUM(G26:G29) -> 0 | X14: =SUM(H26:H29) -> 2 | Y14: =SUM(I26:I29) -> 7 | Z14: =SUM(J26:J29) -> 5 | ... AF14: =SUM(P26:P29) -> 164
B15: 08.15 - 08.30 | C15: 5 | D15: 0 | E15: 0 | F15: 4 | G15: 0 | H15: 0 | I15: 2 | J15: 0 | K15: 3 | L15: 1 | M15: 15 | N15: 0 | O15: =SUM(C15:L15,N15) -> 15 | P15: =SUM(C15:N15) -> 30 | R15: 1200-1300 | S15: =SUM(C30:C33) -> 35 | T15: =SUM(D30:D33) -> 21 | U15: =SUM(E30:E33) -> 10 | V15: =SUM(F30:F33) -> 20 | W15: =SUM(G30:G33) -> 0 | X15: =SUM(H30:H33) -> 1 | Y15: =SUM(I30:I33) -> 10 | Z15: =SUM(J30:J33) -> 4 | ... AF15: =SUM(P30:P33) -> 164
B16: 08.30 - 08.45 | C16: 6 | D16: 4 | E16: 1 | F16: 3 | G16: 0 | H16: 0 | I16: 3 | J16: 1 | K16: 2 | L16: 12 | M16: 16 | N16: 0 | O16: =SUM(C16:L16,N16) -> 32 | P16: =SUM(C16:N16) -> 48 | R16: 1300-1400 | S16: =SUM(C34:C37) -> 13 | T16: =SUM(D34:D37) -> 9 | U16: =SUM(E34:E37) -> 5 | V16: =SUM(F34:F37) -> 15 | W16: =SUM(G34:G37) -> 0 | X16: =SUM(H34:H37) -> 6 | Y16: =SUM(I34:I37) -> 6 | Z16: =SUM(J34:J37) -> 2 | ... AF16: =SUM(P34:P37) -> 102
B17: 08.45 - 9.00 | C17: 4 | D17: 1 | E17: 4 | F17: 5 | G17: 0 | H17: 0 | I17: 3 | J17: 0 | K17: 0 | L17: 0 | M17: 14 | N17: 0 | O17: =SUM(C17:L17,N17) -> 17 | P17: =SUM(C17:N17) -> 31 | R17: 1400-1500 | S17: =SUM(C38:C41) -> 23 | T17: =SUM(D38:D41) -> 10 | U17: =SUM(E38:E41) -> 9 | V17: =SUM(F38:F41) -> 32 | W17: =SUM(G38:G41) -> 0 | X17: =SUM(H38:H41) -> 5 | Y17: =SUM(I38:I41) -> 5 | Z17: =SUM(J38:J41) -> 8 | ... AF17: =SUM(P38:P41) -> 158
B18: 09.00 - 09.15 | C18: 3 | D18: 0 | E18: 3 | F18: 9 | G18: 0 | H18: 0 | I18: 3 | J18: 1 | K18: 0 | L18: 4 | M18: 15 | N18: 0 | O18: =SUM(C18:L18,N18) -> 23 | P18: =SUM(C18:N18) -> 38 | R18: 1500-1600 | S18: =SUM(C42:C45) -> 25 | T18: =SUM(D42:D45) -> 5 | U18: =SUM(E42:E45) -> 9 | V18: =SUM(F42:F45) -> 25 | W18: =SUM(G42:G45) -> 2 | X18: =SUM(H42:H45) -> 4 | Y18: =SUM(I42:I45) -> 6 | Z18: =SUM(J42:J45) -> 5 | ... AF18: =SUM(P42:P45) -> 139
B19: 09.15 - 09.30 | C19: 2 | D19: 4 | E19: 5 | F19: 3 | G19: 0 | H19: 1 | I19: 1 | J19: 3 | K19: 0 | L19: 6 | M19: 8 | N19: 0 | O19: =SUM(C19:L19,N19) -> 25 | P19: =SUM(C19:N19) -> 33 | R19: 1600-1700 | S19: =SUM(C46:C49) -> 28 | T19: =SUM(D46:D49) -> 6 | U19: =SUM(E46:E49) -> 5 | V19: =SUM(F46:F49) -> 16 | W19: =SUM(G46:G49) -> 1 | X19: =SUM(H46:H49) -> 2 | Y19: =SUM(I46:I49) -> 8 | Z19: =SUM(J46:J49) -> 7 | ... AF19: =SUM(P46:P49) -> 120
B20: 09.30 - 09.45 | C20: 6 | D20: 5 | E20: 3 | F20: 6 | G20: 0 | H20: 0 | I20: 7 | J20: 0 | K20: 2 | L20: 3 | M20: 18 | N20: 0 | O20: =SUM(C20:L20,N20) -> 32 | P20: =SUM(C20:N20) -> 50 | R20: 1700-1800 | S20: =SUM(C50:C53) -> 26 | T20: =SUM(D50:D53) -> 7 | U20: =SUM(E50:E53) -> 17 | V20: =SUM(F50:F53) -> 15 | W20: =SUM(G50:G53) -> 0 | X20: =SUM(H50:H53) -> 0 | Y20: =SUM(I50:I53) -> 18 | Z20: =SUM(J50:J53) -> 2 | ... AF20: =SUM(P50:P53) -> 171
B21: 09.45 - 10.00 | C21: 8 | D21: 3 | E21: 4 | F21: 7 | G21: 0 | H21: 0 | I21: 2 | J21: 0 | K21: 1 | L21: 3 | M21: 16 | N21: 0 | O21: =SUM(C21:L21,N21) -> 28 | P21: =SUM(C21:N21) -> 44 | R21: 1800-1900 | S21: =SUM(C54:C57) -> 25 | T21: =SUM(D54:D57) -> 8 | U21: =SUM(E54:E57) -> 14 | V21: =SUM(F54:F57) -> 21 | W21: =SUM(G54:G57) -> 1 | X21: =SUM(H54:H57) -> 2 | Y21: =SUM(I54:I57) -> 2 | Z21: =SUM(J54:J57) -> 8 | ... AF21: =SUM(P54:P57) -> 173
B22: 10.00 - 10.15 | C22: 3 | D22: 0 | E22: 2 | F22: 10 | G22: 2 | H22: 0 | I22: 3 | J22: 0 | K22: 0 | L22: 1 | M22: 4 | N22: 0 | O22: =SUM(C22:L22,N22) -> 21 | P22: =SUM(C22:N22) -> 25 | R22: AM Peak Hr | S22: =MAX(S10:S12) -> 19 | T22: =MAX(T10:T12) -> 12 | U22: =MAX(U10:U12) -> 15 | V22: =MAX(V10:V12) -> 25 | W22: =MAX(W10:W12) -> 2 | X22: =MAX(X10:X12) -> 3 | Y22: =MAX(Y10:Y12) -> 13 | Z22: =MAX(Z10:Z12) -> 4 | ... AF22: =MAX(AF10:AF12) -> 165
B23: 10.15 - 10.30 | C23: 6 | D23: 5 | E23: 4 | F23: 9 | G23: 0 | H23: 0 | I23: 9 | J23: 3 | K23: 0 | L23: 0 | M23: 11 | N23: 0 | O23: =SUM(C23:L23,N23) -> 36 | P23: =SUM(C23:N23) -> 47 | R23: IP Peak Hr | S23: =MAX(S13:S18) -> 35 | T23: =MAX(T13:T18) -> 21 | U23: =MAX(U13:U18) -> 12 | V23: =MAX(V13:V18) -> 32 | W23: =MAX(W13:W18) -> 4 | X23: =MAX(X13:X18) -> 6 | Y23: =MAX(Y13:Y18) -> 19 | Z23: =MAX(Z13:Z18) -> 8 | ... AF23: =MAX(AF13:AF18) -> 164
B24: 10.30 - 10.45 | C24: 8 | D24: 2 | E24: 0 | F24: 1 | G24: 0 | H24: 1 | I24: 3 | J24: 0 | K24: 2 | L24: 0 | M24: 8 | N24: 0 | O24: =SUM(C24:L24,N24) -> 17 | P24: =SUM(C24:N24) -> 25 | R24: PM Peak Hr | S24: =MAX(S19:S21) -> 28 | T24: =MAX(T19:T21) -> 8 | U24: =MAX(U19:U21) -> 17 | V24: =MAX(V19:V21) -> 21 | W24: =MAX(W19:W21) -> 1 | X24: =MAX(X19:X21) -> 2 | Y24: =MAX(Y19:Y21) -> 18 | Z24: =MAX(Z19:Z21) -> 8 | ... AF24: =MAX(AF19:AF21) -> 173
B25: 10.45 - 11.00 | C25: 9 | D25: 3 | E25: 5 | F25: 5 | G25: 2 | H25: 5 | I25: 4 | J25: 0 | K25: 5 | L25: 3 | M25: 9 | N25: 0 | O25: =SUM(C25:L25,N25) -> 41 | P25: =SUM(C25:N25) -> 50 | R25: AM Period | S25: =SUM(S10:S12) -> 51 | T25: =SUM(T10:T12) -> 20 | U25: =SUM(U10:U12) -> 28 | V25: =SUM(V10:V12) -> 60 | W25: =SUM(W10:W12) -> 2 | X25: =SUM(X10:X12) -> 4 | Y25: =SUM(Y10:Y12) -> 36 | Z25: =SUM(Z10:Z12) -> 8 | ... AF25: =SUM(AF10:AF12) -> 404
B26: 11.00 - 11.15 | C26: 11 | D26: 2 | E26: 4 | F26: 3 | G26: 0 | H26: 0 | I26: 0 | J26: 0 | K26: 2 | L26: 0 | M26: 15 | N26: 0 | O26: =SUM(C26:L26,N26) -> 22 | P26: =SUM(C26:N26) -> 37 | R26: IP Period | S26: =SUM(S13:S18) -> 149 | T26: =SUM(T13:T18) -> 65 | U26: =SUM(U13:U18) -> 56 | V26: =SUM(V13:V18) -> 140 | W26: =SUM(W13:W18) -> 6 | X26: =SUM(X13:X18) -> 24 | Y26: =SUM(Y13:Y18) -> 53 | Z26: =SUM(Z13:Z18) -> 27 | ... AF26: =SUM(AF13:AF18) -> 874
B27: 11.15 - 11.30 | C27: 6 | D27: 3 | E27: 2 | F27: 6 | G27: 0 | H27: 0 | I27: 3 | J27: 0 | K27: 0 | L27: 0 | M27: 7 | N27: 0 | O27: =SUM(C27:L27,N27) -> 20 | P27: =SUM(C27:N27) -> 27 | R27: PM Period | S27: =SUM(S19:S21) -> 79 | T27: =SUM(T19:T21) -> 21 | U27: =SUM(U19:U21) -> 36 | V27: =SUM(V19:V21) -> 52 | W27: =SUM(W19:W21) -> 2 | X27: =SUM(X19:X21) -> 4 | Y27: =SUM(Y19:Y21) -> 28 | Z27: =SUM(Z19:Z21) -> 17 | ... AF27: =SUM(AF19:AF21) -> 464
B28: 11.30 - 11.45 | C28: 7 | D28: 3 | E28: 3 | F28: 10 | G28: 0 | H28: 0 | I28: 2 | J28: 2 | K28: 3 | L28: 2 | M28: 16 | N28: 0 | O28: =SUM(C28:L28,N28) -> 32 | P28: =SUM(C28:N28) -> 48 | R28: 12 Hours | S28: =SUM(S10:S21) -> 279 | T28: =SUM(T10:T21) -> 106 | U28: =SUM(U10:U21) -> 120 | V28: =SUM(V10:V21) -> 252 | W28: =SUM(W10:W21) -> 10 | X28: =SUM(X10:X21) -> 32 | Y28: =SUM(Y10:Y21) -> 117 | Z28: =SUM(Z10:Z21) -> 52 | ... AF28: =SUM(AF10:AF21) -> 1742
B29: 11.45 - 12.00 | C29: 3 | D29: 2 | E29: 3 | F29: 4 | G29: 0 | H29: 2 | I29: 2 | J29: 3 | K29: 5 | L29: 9 | M29: 19 | N29: 0 | O29: =SUM(C29:L29,N29) -> 33 | P29: =SUM(C29:N29) -> 52
B30: 12.00 - 12.15 | C30: 12 | D30: 2 | E30: 4 | F30: 5 | G30: 0 | H30: 1 | I30: 4 | J30: 1 | K30: 0 | L30: 2 | M30: 10 | N30: 0 | O30: =SUM(C30:L30,N30) -> 31 | P30: =SUM(C30:N30) -> 41
B31: 12.15 - 12.30 | C31: 6 | D31: 13 | E31: 3 | F31: 8 | G31: 0 | H31: 0 | I31: 4 | J31: 1 | K31: 3 | L31: 0 | M31: 18 | N31: 0 | O31: =SUM(C31:L31,N31) -> 38 | P31: =SUM(C31:N31) -> 56
B32: 12.30 - 12.45 | C32: 4 | D32: 5 | E32: 2 | F32: 5 | G32: 0 | H32: 0 | I32: 1 | J32: 2 | K32: 2 | L32: 4 | M32: 15 | N32: 0 | O32: =SUM(C32:L32,N32) -> 25 | P32: =SUM(C32:N32) -> 40
B33: 12.45 - 13.00 | C33: 13 | D33: 1 | E33: 1 | F33: 2 | G33: 0 | H33: 0 | I33: 1 | J33: 0 | K33: 0 | L33: 1 | M33: 8 | N33: 0 | O33: =SUM(C33:L33,N33) -> 19 | P33: =SUM(C33:N33) -> 27
B34: 13.00 - 13.15 | C34: 6 | D34: 6 | E34: 0 | F34: 3 | G34: 0 | H34: 0 | I34: 0 | J34: 0 | K34: 0 | L34: 2 | M34: 8 | N34: 0 | O34: =SUM(C34:L34,N34) -> 17 | P34: =SUM(C34:N34) -> 25
B35: 13.15 - 13.30 | C35: 5 | D35: 3 | E35: 2 | F35: 5 | G35: 0 | H35: 2 | I35: 2 | J35: 2 | K35: 0 | L35: 3 | M35: 6 | N35: 0 | O35: =SUM(C35:L35,N35) -> 24 | P35: =SUM(C35:N35) -> 30
B36: 13.30 - 13.45 | C36: 2 | D36: 0 | E36: 3 | F36: 4 | G36: 0 | H36: 0 | I36: 3 | J36: 0 | K36: 0 | L36: 2 | M36: 7 | N36: 0 | O36: =SUM(C36:L36,N36) -> 14 | P36: =SUM(C36:N36) -> 21
B37: 13.45 - 14.00 | C37: 0 | D37: 0 | E37: 0 | F37: 3 | G37: 0 | H37: 4 | I37: 1 | J37: 0 | K37: 0 | L37: 0 | M37: 18 | N37: 0 | O37: =SUM(C37:L37,N37) -> 8 | P37: =SUM(C37:N37) -> 26
B38: 14.00 - 14.15 | C38: 3 | D38: 1 | E38: 0 | F38: 6 | G38: 0 | H38: 5 | I38: 2 | J38: 0 | K38: 1 | L38: 4 | M38: 8 | N38: 0 | O38: =SUM(C38:L38,N38) -> 22 | P38: =SUM(C38:N38) -> 30
B39: 14.15 - 14.30 | C39: 5 | D39: 2 | E39: 4 | F39: 9 | G39: 0 | H39: 0 | I39: 2 | J39: 5 | K39: 4 | L39: 3 | M39: 7 | N39: 0 | O39: =SUM(C39:L39,N39) -> 34 | P39: =SUM(C39:N39) -> 41
B40: 14.30 - 14.45 | C40: 8 | D40: 5 | E40: 4 | F40: 11 | G40: 0 | H40: 0 | I40: 1 | J40: 2 | K40: 3 | L40: 7 | M40: 19 | N40: 0 | O40: =SUM(C40:L40,N40) -> 41 | P40: =SUM(C40:N40) -> 60
... B57: 18.45 - 19.00 | C57: 11 | D57: 4 | E57: 9 | F57: 6 | G57: 0 | H57: 0 | I57: 0 | J57: 0 | K57: 3 | L57: 8 | M57: 13 | N57: 0 | O57: =SUM(C57:L57,N57) -> 41 | P57: =SUM(C57:N57) -> 54
B58: Totals | C58: =SUM(C10:C57) -> 279 | D58: =SUM(D10:D57) -> 106 | E58: =SUM(E10:E57) -> 120 | F58: =SUM(F10:F57) -> 252 | G58: =SUM(G10:G57) -> 10 | H58: =SUM(H10:H57) -> 32 | I58: =SUM(I10:I57) -> 117 | J58: =SUM(J10:J57) -> 52 | ... P58: =SUM(P10:P57) -> 1742
B59: %ges + MCs | C59: =C58/$P$58 -> 0.16016073 | D59: =D58/$P$58 -> 0.060849598 | E59: =E58/$P$58 -> 0.068886338 | F59: =F58/$P$58 -> 0.14466131 | G59: =G58/$P$58 -> 0.0057405281 | H59: =H58/$P$58 -> 0.01836969 | I59: =I58/$P$58 -> 0.067164179 | J59: =J58/$P$58 -> 0.029850746 | ... N59: =N58/$P$58 -> 0
B60: %ges w/o MCs | C60: =C58/$O$58 -> 0.2334728 | D60: =D58/$O$58 -> 0.088702929 | E60: =E58/$O$58 -> 0.10041841 | F60: =F58/$O$58 -> 0.21087866 | G60: =G58/$O$58 -> 0.0083682008 | H60: =H58/$O$58 -> 0.026778243 | I60: =I58/$O$58 -> 0.09790795 | J60: =J58/$O$58 -> 0.043514644 | ... L60: =L58/$O$58 -> 0.12133891 | N60: =N58/$O$58 -> 0

Sheet 30.10 Kabale -Mbarara
B1: Consultancy services for Preparation of Expressway Development Master Plan (EDMP) for Uganda
B2: MANUAL CLASSIFIED COUNT (MCC)
B3: ROAD NAME: | C3: ='27.10 Kabale-Mbarara'!C3:G3 -> MCC - C4 - STN100 - MBARARA-NTUNGAMO ROAD
C5: Date | D5: ='30.10 Mbarara-Kabale'!D5 -> 30.10.19 | F5: Location | G5: ='30.10 Mbarara-Kabale'!G5:H5 -> Nyeihanga traffic station | J5: Surveyor | K5: Owomugisha
C6: Dir. From | D6: ='27.10 Kabale-Mbarara'!D6:E6 -> Kabale | F6: Dir. To | G6: ='27.10 Kabale-Mbarara'!G6:H6 -> Mbarara | J6: Supervisor | K6: ='30.10 Mbarara-Kabale'!K6:L6 -> Norman R
B8: Time / Veh Type | R8: SUMMARY TRAFFIC VOLUMES
C9: 1. Car | D9: 2. Station Wagon | E9: 3. Pickups | F9: 4. Minibus, matatu | G9: 5. Medium bus | H9: 6. Large Bus | I9: 7. Light Truck | J9: 8. Medium Truck | K9: 9. Heavy truck | L9: 10. Truck Trailer | M9: 11. Motor cycles | N9: 12. Tractors | O9: Total Excl M/Cycles | P9: Total All | R9: Time | S9: 1. Car | T9: 2. Station Wagon | U9: 3. Pickups | V9: 4. Minibus, matatu | W9: 5. Medium bus | X9: 6. Large Bus | Y9: 7. Light Truck | Z9: 8. Medium Truck | AA9: 9. Heavy truck | AB9: 10. Truck Trailer | AC9: 11. Motorcycles | AD9: 12. Tractors, Graders | AE9: Total Excl M/ Cycles | AF9: Total All
B10: 07.00 - 07.15 | C10: 4 | D10: 1 | E10: 3 | F10: 1 | G10: 0 | H10: 0 | I10: 0 | J10: 0 | K10: 0 | L10: 3 | M10: 4 | N10: 0 | O10: =SUM(C10:L10,N10) -> 12 | P10: =SUM(C10:N10) -> 16 | R10: 0700-0800 | S10: =SUM(C10:C13) -> 7 | T10: =SUM(D10:D13) -> 1 | U10: =SUM(E10:E13) -> 4 | V10: =SUM(F10:F13) -> 6 | W10: =SUM(G10:G13) -> 0 | X10: =SUM(H10:H13) -> 1 | Y10: =SUM(I10:I13) -> 1 | Z10: =SUM(J10:J13) -> 0 | ... AF10: =SUM(P10:P13) -> 59
B11: 07.15 - 07.30 | C11: 2 | D11: 0 | E11: 0 | F11: 0 | G11: 0 | H11: 0 | I11: 0 | J11: 0 | K11: 0 | L11: 0 | M11: 9 | N11: 0 | O11: =SUM(C11:L11,N11) -> 2 | P11: =SUM(C11:N11) -> 11 | R11: 0800-0900 | S11: =SUM(C14:C17) -> 24 | T11: =SUM(D14:D17) -> 0 | U11: =SUM(E14:E17) -> 3 | V11: =SUM(F14:F17) -> 25 | W11: =SUM(G14:G17) -> 1 | X11: =SUM(H14:H17) -> 1 | Y11: =SUM(I14:I17) -> 5 | Z11: =SUM(J14:J17) -> 3 | ... AF11: =SUM(P14:P17) -> 116
B12: 07.30 - 07.45 | C12: 1 | D12: 0 | E12: 0 | F12: 2 | G12: 0 | H12: 0 | I12: 1 | J12: 0 | K12: 1 | L12: 3 | M12: 11 | N12: 0 | O12: =SUM(C12:L12,N12) -> 8 | P12: =SUM(C12:N12) -> 19 | R12: 0900-1000 | S12: =SUM(C18:C21) -> 30 | T12: =SUM(D18:D21) -> 2 | U12: =SUM(E18:E21) -> 2 | V12: =SUM(F18:F21) -> 21 | W12: =SUM(G18:G21) -> 0 | X12: =SUM(H18:H21) -> 2 | Y12: =SUM(I18:I21) -> 5 | Z12: =SUM(J18:J21) -> 3 | ... AF12: =SUM(P18:P21) -> 119
B13: 07.45 - 08.00 | C13: 0 | D13: 0 | E13: 1 | F13: 3 | G13: 0 | H13: 1 | I13: 0 | J13: 0 | K13: 0 | L13: 0 | M13: 8 | N13: 0 | O13: =SUM(C13:L13,N13) -> 5 | P13: =SUM(C13:N13) -> 13 | R13: 1000-1100 | S13: =SUM(C22:C25) -> 25 | T13: =SUM(D22:D25) -> 0 | U13: =SUM(E22:E25) -> 1 | V13: =SUM(F22:F25) -> 27 | W13: =SUM(G22:G25) -> 0 | X13: =SUM(H22:H25) -> 1 | Y13: =SUM(I22:I25) -> 5 | Z13: =SUM(J22:J25) -> 5 | ... AF13: =SUM(P22:P25) -> 141
B14: 08.00 - 08.15 | C14: 4 | D14: 0 | E14: 1 | F14: 5 | G14: 0 | H14: 0 | I14: 1 | J14: 0 | K14: 0 | L14: 2 | M14: 7 | N14: 0 | O14: =SUM(C14:L14,N14) -> 13 | P14: =SUM(C14:N14) -> 20 | R14: 1100-1200 | S14: =SUM(C26:C29) -> 35 | T14: =SUM(D26:D29) -> 6 | U14: =SUM(E26:E29) -> 10 | V14: =SUM(F26:F29) -> 27 | W14: =SUM(G26:G29) -> 1 | X14: =SUM(H26:H29) -> 3 | Y14: =SUM(I26:I29) -> 4 | Z14: =SUM(J26:J29) -> 14 | ... AF14: =SUM(P26:P29) -> 181
B15: 08.15 - 08.30 | C15: 7 | D15: 0 | E15: 1 | F15: 7 | G15: 0 | H15: 1 | I15: 1 | J15: 0 | K15: 0 | L15: 0 | M15: 12 | N15: 0 | O15: =SUM(C15:L15,N15) -> 17 | P15: =SUM(C15:N15) -> 29 | R15: 1200-1300 | S15: =SUM(C30:C33) -> 27 | T15: =SUM(D30:D33) -> 0 | U15: =SUM(E30:E33) -> 7 | V15: =SUM(F30:F33) -> 34 | W15: =SUM(G30:G33) -> 1 | X15: =SUM(H30:H33) -> 2 | Y15: =SUM(I30:I33) -> 8 | Z15: =SUM(J30:J33) -> 1 | ... AF15: =SUM(P30:P33) -> 129
B16: 08.30 - 08.45 | C16: 13 | D16: 0 | E16: 1 | F16: 11 | G16: 1 | H16: 0 | I16: 0 | J16: 3 | K16: 0 | L16: 1 | M16: 18 | N16: 0 | O16: =SUM(C16:L16,N16) -> 30 | P16: =SUM(C16:N16) -> 48 | R16: 1300-1400 | S16: =SUM(C34:C37) -> 24 | T16: =SUM(D34:D37) -> 8 | U16: =SUM(E34:E37) -> 7 | V16: =SUM(F34:F37) -> 31 | W16: =SUM(G34:G37) -> 0 | X16: =SUM(H34:H37) -> 2 | Y16: =SUM(I34:I37) -> 0 | Z16: =SUM(J34:J37) -> 0 | ... AF16: =SUM(P34:P37) -> 137
B17: 08.45 - 9.00 | C17: 0 | D17: 0 | E17: 0 | F17: 2 | G17: 0 | H17: 0 | I17: 3 | J17: 0 | K17: 0 | L17: 7 | M17: 7 | N17: 0 | O17: =SUM(C17:L17,N17) -> 12 | P17: =SUM(C17:N17) -> 19 | R17: 1400-1500 | S17: =SUM(C38:C41) -> 20 | T17: =SUM(D38:D41) -> 14 | U17: =SUM(E38:E41) -> 8 | V17: =SUM(F38:F41) -> 17 | W17: =SUM(G38:G41) -> 1 | X17: =SUM(H38:H41) -> 8 | Y17: =SUM(I38:I41) -> 9 | Z17: =SUM(J38:J41) -> 11 | ... AF17: =SUM(P38:P41) -> 135
B18: 09.00 - 09.15 | C18: 10 | D18: 0 | E18: 0 | F18: 4 | G18: 0 | H18: 1 | I18: 0 | J18: 1 | K18: 0 | L18: 1 | M18: 15 | N18: 0 | O18: =SUM(C18:L18,N18) -> 17 | P18: =SUM(C18:N18) -> 32 | R18: 1500-1600 | S18: =SUM(C42:C45) -> 20 | T18: =SUM(D42:D45) -> 1 | U18: =SUM(E42:E45) -> 1 | V18: =SUM(F42:F45) -> 18 | W18: =SUM(G42:G45) -> 0 | X18: =SUM(H42:H45) -> 0 | Y18: =SUM(I42:I45) -> 7 | Z18: =SUM(J42:J45) -> 7 | ... AF18: =SUM(P42:P45) -> 121
B19: 09.15 - 09.30 | C19: 6 | D19: 1 | E19: 1 | F19: 9 | G19: 0 | H19: 0 | I19: 1 | J19: 0 | K19: 1 | L19: 2 | M19: 7 | N19: 0 | O19: =SUM(C19:L19,N19) -> 21 | P19: =SUM(C19:N19) -> 28 | R19: 1600-1700 | S19: =SUM(C46:C49) -> 22 | T19: =SUM(D46:D49) -> 1 | U19: =SUM(E46:E49) -> 8 | V19: =SUM(F46:F49) -> 12 | W19: =SUM(G46:G49) -> 0 | X19: =SUM(H46:H49) -> 2 | Y19: =SUM(I46:I49) -> 8 | Z19: =SUM(J46:J49) -> 1 | ... AF19: =SUM(P46:P49) -> 116
B20: 09.30 - 09.45 | C20: 12 | D20: 1 | E20: 1 | F20: 6 | G20: 0 | H20: 0 | I20: 4 | J20: 0 | K20: 0 | L20: 0 | M20: 16 | N20: 0 | O20: =SUM(C20:L20,N20) -> 24 | P20: =SUM(C20:N20) -> 40 | R20: 1700-1800 | S20: =SUM(C50:C53) -> 28 | T20: =SUM(D50:D53) -> 2 | U20: =SUM(E50:E53) -> 1 | V20: =SUM(F50:F53) -> 21 | W20: =SUM(G50:G53) -> 0 | X20: =SUM(H50:H53) -> 0 | Y20: =SUM(I50:I53) -> 2 | Z20: =SUM(J50:J53) -> 1 | ... AF20: =SUM(P50:P53) -> 107
B21: 09.45 - 10.00 | C21: 2 | D21: 0 | E21: 0 | F21: 2 | G21: 0 | H21: 1 | I21: 0 | J21: 2 | K21: 0 | L21: 1 | M21: 11 | N21: 0 | O21: =SUM(C21:L21,N21) -> 8 | P21: =SUM(C21:N21) -> 19 | R21: 1800-1900 | S21: =SUM(C54:C57) -> 22 | T21: =SUM(D54:D57) -> 1 | U21: =SUM(E54:E57) -> 3 | V21: =SUM(F54:F57) -> 19 | W21: =SUM(G54:G57) -> 0 | X21: =SUM(H54:H57) -> 0 | Y21: =SUM(I54:I57) -> 8 | Z21: =SUM(J54:J57) -> 2 | ... AF21: =SUM(P54:P57) -> 101
B22: 10.00 - 10.15 | C22: 3 | D22: 0 | E22: 1 | F22: 7 | G22: 0 | H22: 0 | I22: 1 | J22: 3 | K22: 2 | L22: 0 | M22: 12 | N22: 0 | O22: =SUM(C22:L22,N22) -> 17 | P22: =SUM(C22:N22) -> 29 | R22: AM Peak Hr | S22: =MAX(S10:S12) -> 30 | T22: =MAX(T10:T12) -> 2 | U22: =MAX(U10:U12) -> 4 | V22: =MAX(V10:V12) -> 25 | W22: =MAX(W10:W12) -> 1 | X22: =MAX(X10:X12) -> 2 | Y22: =MAX(Y10:Y12) -> 5 | Z22: =MAX(Z10:Z12) -> 3 | ... AF22: =MAX(AF10:AF12) -> 119
B23: 10.15 - 10.30 | C23: 11 | D23: 0 | E23: 0 | F23: 5 | G23: 0 | H23: 1 | I23: 2 | J23: 0 | K23: 1 | L23: 3 | M23: 22 | N23: 0 | O23: =SUM(C23:L23,N23) -> 23 | P23: =SUM(C23:N23) -> 45 | R23: IP Peak Hr | S23: =MAX(S13:S18) -> 35 | T23: =MAX(T13:T18) -> 14 | U23: =MAX(U13:U18) -> 10 | V23: =MAX(V13:V18) -> 34 | W23: =MAX(W13:W18) -> 1 | X23: =MAX(X13:X18) -> 8 | Y23: =MAX(Y13:Y18) -> 9 | Z23: =MAX(Z13:Z18) -> 14 | ... AF23: =MAX(AF13:AF18) -> 181
B24: 10.30 - 10.45 | C24: 9 | D24: 0 | E24: 0 | F24: 9 | G24: 0 | H24: 0 | I24: 0 | J24: 1 | K24: 0 | L24: 0 | M24: 13 | N24: 0 | O24: =SUM(C24:L24,N24) -> 19 | P24: =SUM(C24:N24) -> 32 | R24: PM Peak Hr | S24: =MAX(S19:S21) -> 28 | T24: =MAX(T19:T21) -> 2 | U24: =MAX(U19:U21) -> 8 | V24: =MAX(V19:V21) -> 21 | W24: =MAX(W19:W21) -> 0 | X24: =MAX(X19:X21) -> 2 | Y24: =MAX(Y19:Y21) -> 8 | Z24: =MAX(Z19:Z21) -> 2 | ... AF24: =MAX(AF19:AF21) -> 116
B25: 10.45 - 11.00 | C25: 2 | D25: 0 | E25: 0 | F25: 6 | G25: 0 | H25: 0 | I25: 2 | J25: 1 | K25: 0 | L25: 1 | M25: 23 | N25: 0 | O25: =SUM(C25:L25,N25) -> 12 | P25: =SUM(C25:N25) -> 35 | R25: AM Period | S25: =SUM(S10:S12) -> 61 | T25: =SUM(T10:T12) -> 3 | U25: =SUM(U10:U12) -> 9 | V25: =SUM(V10:V12) -> 52 | W25: =SUM(W10:W12) -> 1 | X25: =SUM(X10:X12) -> 4 | Y25: =SUM(Y10:Y12) -> 11 | Z25: =SUM(Z10:Z12) -> 6 | ... AF25: =SUM(AF10:AF12) -> 294
B26: 11.00 - 11.15 | C26: 10 | D26: 1 | E26: 1 | F26: 6 | G26: 1 | H26: 3 | I26: 0 | J26: 3 | K26: 1 | L26: 1 | M26: 20 | N26: 0 | O26: =SUM(C26:L26,N26) -> 27 | P26: =SUM(C26:N26) -> 47 | R26: IP Period | S26: =SUM(S13:S18) -> 151 | T26: =SUM(T13:T18) -> 29 | U26: =SUM(U13:U18) -> 34 | V26: =SUM(V13:V18) -> 154 | W26: =SUM(W13:W18) -> 3 | X26: =SUM(X13:X18) -> 16 | Y26: =SUM(Y13:Y18) -> 33 | Z26: =SUM(Z13:Z18) -> 38 | ... AF26: =SUM(AF13:AF18) -> 844
B27: 11.15 - 11.30 | C27: 8 | D27: 1 | E27: 2 | F27: 10 | G27: 0 | H27: 0 | I27: 1 | J27: 1 | K27: 0 | L27: 6 | M27: 24 | N27: 0 | O27: =SUM(C27:L27,N27) -> 29 | P27: =SUM(C27:N27) -> 53 | R27: PM Period | S27: =SUM(S19:S21) -> 72 | T27: =SUM(T19:T21) -> 4 | U27: =SUM(U19:U21) -> 12 | V27: =SUM(V19:V21) -> 52 | W27: =SUM(W19:W21) -> 0 | X27: =SUM(X19:X21) -> 2 | Y27: =SUM(Y19:Y21) -> 18 | Z27: =SUM(Z19:Z21) -> 4 | ... AF27: =SUM(AF19:AF21) -> 324
B28: 11.30 - 11.45 | C28: 10 | D28: 4 | E28: 7 | F28: 3 | G28: 0 | H28: 0 | I28: 3 | J28: 10 | K28: 0 | L28: 0 | M28: 12 | N28: 0 | O28: =SUM(C28:L28,N28) -> 37 | P28: =SUM(C28:N28) -> 49 | R28: 12 Hours | S28: =SUM(S10:S21) -> 284 | T28: =SUM(T10:T21) -> 36 | U28: =SUM(U10:U21) -> 55 | V28: =SUM(V10:V21) -> 258 | W28: =SUM(W10:W21) -> 4 | X28: =SUM(X10:X21) -> 22 | Y28: =SUM(Y10:Y21) -> 62 | Z28: =SUM(Z10:Z21) -> 48 | ... AF28: =SUM(AF10:AF21) -> 1462
B29: 11.45 - 12.00 | C29: 7 | D29: 0 | E29: 0 | F29: 8 | G29: 0 | H29: 0 | I29: 0 | J29: 0 | K29: 0 | L29: 2 | M29: 15 | N29: 0 | O29: =SUM(C29:L29,N29) -> 17 | P29: =SUM(C29:N29) -> 32
B30: 12.00 - 12.15 | C30: 11 | D30: 0 | E30: 0 | F30: 5 | G30: 1 | H30: 2 | I30: 2 | J30: 1 | K30: 0 | L30: 0 | M30: 7 | N30: 0 | O30: =SUM(C30:L30,N30) -> 22 | P30: =SUM(C30:N30) -> 29
B31: 12.15 - 12.30 | C31: 2 | D31: 0 | E31: 6 | F31: 10 | G31: 0 | H31: 0 | I31: 4 | J31: 0 | K31: 0 | L31: 0 | M31: 15 | N31: 0 | O31: =SUM(C31:L31,N31) -> 22 | P31: =SUM(C31:N31) -> 37
B32: 12.30 - 12.45 | C32: 8 | D32: 0 | E32: 1 | F32: 6 | G32: 0 | H32: 0 | I32: 2 | J32: 0 | K32: 0 | L32: 0 | M32: 6 | N32: 0 | O32: =SUM(C32:L32,N32) -> 17 | P32: =SUM(C32:N32) -> 23
B33: 12.45 - 13.00 | C33: 6 | D33: 0 | E33: 0 | F33: 13 | G33: 0 | H33: 0 | I33: 0 | J33: 0 | K33: 1 | L33: 3 | M33: 17 | N33: 0 | O33: =SUM(C33:L33,N33) -> 23 | P33: =SUM(C33:N33) -> 40
B34: 13.00 - 13.15 | C34: 3 | D34: 0 | E34: 0 | F34: 6 | G34: 0 | H34: 0 | I34: 0 | J34: 0 | K34: 0 | L34: 0 | M34: 11 | N34: 0 | O34: =SUM(C34:L34,N34) -> 9 | P34: =SUM(C34:N34) -> 20
B35: 13.15 - 13.30 | C35: 15 | D35: 2 | E35: 0 | F35: 11 | G35: 0 | H35: 2 | I35: 0 | J35: 0 | K35: 0 | L35: 0 | M35: 21 | N35: 0 | O35: =SUM(C35:L35,N35) -> 30 | P35: =SUM(C35:N35) -> 51
B36: 13.30 - 13.45 | C36: 2 | D36: 0 | E36: 2 | F36: 14 | G36: 0 | H36: 0 | I36: 0 | J36: 0 | K36: 1 | L36: 0 | M36: 10 | N36: 0 | O36: =SUM(C36:L36,N36) -> 19 | P36: =SUM(C36:N36) -> 29
B37: 13.45 - 14.00 | C37: 4 | D37: 6 | E37: 5 | F37: 0 | G37: 0 | H37: 0 | I37: 0 | J37: 0 | K37: 5 | L37: 10 | M37: 7 | N37: 0 | O37: =SUM(C37:L37,N37) -> 30 | P37: =SUM(C37:N37) -> 37
B38: 14.00 - 14.15 | C38: 3 | D38: 2 | E38: 1 | F38: 3 | G38: 0 | H38: 4 | I38: 1 | J38: 2 | K38: 0 | L38: 6 | M38: 0 | N38: 0 | O38: =SUM(C38:L38,N38) -> 22 | P38: =SUM(C38:N38) -> 22
B39: 14.15 - 14.30 | C39: 7 | D39: 4 | E39: 4 | F39: 9 | G39: 0 | H39: 2 | I39: 3 | J39: 6 | K39: 3 | L39: 0 | M39: 6 | N39: 0 | O39: =SUM(C39:L39,N39) -> 38 | P39: =SUM(C39:N39) -> 44
B40: 14.30 - 14.45 | C40: 1 | D40: 6 | E40: 0 | F40: 3 | G40: 1 | H40: 0 | I40: 0 | J40: 0 | K40: 0 | L40: 4 | M40: 11 | N40: 0 | O40: =SUM(C40:L40,N40) -> 15 | P40: =SUM(C40:N40) -> 26
... B57: 18.45 - 19.00 | C57: 4 | D57: 1 | E57: 0 | F57: 7 | G57: 0 | H57: 0 | I57: 3 | J57: 0 | K57: 0 | L57: 3 | M57: 15 | N57: 0 | O57: =SUM(C57:L57,N57) -> 18 | P57: =SUM(C57:N57) -> 33
B58: Totals | C58: =SUM(C10:C57) -> 284 | D58: =SUM(D10:D57) -> 36 | E58: =SUM(E10:E57) -> 55 | F58: =SUM(F10:F57) -> 258 | G58: =SUM(G10:G57) -> 4 | H58: =SUM(H10:H57) -> 22 | I58: =SUM(I10:I57) -> 62 | J58: =SUM(J10:J57) -> 48 | ... P58: =SUM(P10:P57) -> 1462
B59: %ges + MCs | C59: =C58/$P$58 -> 0.19425445 | D59: =D58/$P$58 -> 0.024623803 | E59: =E58/$P$58 -> 0.037619699 | F59: =F58/$P$58 -> 0.17647059 | G59: =G58/$P$58 -> 0.0027359781 | H59: =H58/$P$58 -> 0.01504788 | I59: =I58/$P$58 -> 0.042407661 | J59: =J58/$P$58 -> 0.032831737 | ... N59: =N58/$P$58 -> 0
B60: %ges w/o MCs | C60: =C58/$O$58 -> 0.31346578 | D60: =D58/$O$58 -> 0.039735099 | E60: =E58/$O$58 -> 0.060706402 | F60: =F58/$O$58 -> 0.28476821 | G60: =G58/$O$58 -> 0.004415011 | H60: =H58/$O$58 -> 0.024282561 | I60: =I58/$O$58 -> 0.068432671 | J60: =J58/$O$58 -> 0.052980132 | ... L60: =L58/$O$58 -> 0.097130243 | N60: =N58/$O$58 -> 0

Sheet 31.10 Mbarara-Kabale-24hr
B1: Consultancy services for Preparation of Expressway Development Master Plan (EDMP) for Uganda
B2: MANUAL CLASSIFIED COUNT (MCC)
B3: ROAD NAME: | C3: ='27.10 Mbarara-Kabale'!C3:G3 -> MCC - C4 - STN100 - MBARARA-NTUNGAMO ROAD
C5: Date | D5: 31.10.19 | F5: Location | G5: ='30.10 Kabale -Mbarara'!G5:H5 -> Nyeihanga traffic station | J5: Surveyor | K5: Onesmus, Justine
C6: Dir. From | D6: ='27.10 Mbarara-Kabale'!D6:E6 -> Mbarara | F6: Dir. To | G6: ='27.10 Mbarara-Kabale'!G6:H6 -> Kabale | J6: Supervisor | K6: ='30.10 Kabale -Mbarara'!K6:L6 -> Norman R
B8: Time / Veh Type | R8: SUMMARY TRAFFIC VOLUMES
C9: 1. Car | D9: 2. Station Wagon | E9: 3. Pickups | F9: 4. Minibus, matatu | G9: 5. Medium bus | H9: 6. Large Bus | I9: 7. Light Truck | J9: 8. Medium Truck | K9: 9. Heavy truck | L9: 10. Truck Trailer | M9: 11. Motor cycles | N9: 12. Tractors | O9: Total Excl M/Cycles | P9: Total All | R9: Time | S9: 1. Car | T9: 2. Station Wagon | U9: 3. Pickups | V9: 4. Minibus, matatu | W9: 5. Medium bus | X9: 6. Large Bus | Y9: 7. Light Truck | Z9: 8. Medium Truck | AA9: 9. Heavy truck | AB9: 10. Truck Trailer | AC9: 11. Motorcycles | AD9: 12. Tractors, Graders | AE9: Total Excl M/ Cycles | AF9: Total All
B10: 07.00 - 07.15 | C10: 1 | D10: 0 | E10: 0 | F10: 2 | G10: 1 | H10: 0 | I10: 1 | J10: 3 | K10: 0 | L10: 2 | M10: 18 | N10: 0 | O10: =SUM(C10:L10,N10) -> 10 | P10: =SUM(C10:N10) -> 28 | R10: 0700-0800 | S10: =SUM(C10:C13) -> 14 | T10: =SUM(D10:D13) -> 3 | U10: =SUM(E10:E13) -> 1 | V10: =SUM(F10:F13) -> 9 | W10: =SUM(G10:G13) -> 1 | X10: =SUM(H10:H13) -> 0 | Y10: =SUM(I10:I13) -> 5 | Z10: =SUM(J10:J13) -> 3 | ... AF10: =SUM(P10:P13) -> 106
B11: 07.15 - 07.30 | C11: 3 | D11: 0 | E11: 0 | F11: 1 | G11: 0 | H11: 0 | I11: 0 | J11: 0 | K11: 0 | L11: 2 | M11: 12 | N11: 0 | O11: =SUM(C11:L11,N11) -> 6 | P11: =SUM(C11:N11) -> 18 | R11: 0800-0900 | S11: =SUM(C14:C17) -> 24 | T11: =SUM(D14:D17) -> 6 | U11: =SUM(E14:E17) -> 9 | V11: =SUM(F14:F17) -> 7 | W11: =SUM(G14:G17) -> 0 | X11: =SUM(H14:H17) -> 0 | Y11: =SUM(I14:I17) -> 1 | Z11: =SUM(J14:J17) -> 8 | ... AF11: =SUM(P14:P17) -> 146
B12: 07.30 - 07.45 | C12: 2 | D12: 0 | E12: 1 | F12: 3 | G12: 0 | H12: 0 | I12: 1 | J12: 0 | K12: 0 | L12: 2 | M12: 19 | N12: 0 | O12: =SUM(C12:L12,N12) -> 9 | P12: =SUM(C12:N12) -> 28 | R12: 0900-1000 | S12: =SUM(C18:C21) -> 27 | T12: =SUM(D18:D21) -> 8 | U12: =SUM(E18:E21) -> 9 | V12: =SUM(F18:F21) -> 16 | W12: =SUM(G18:G21) -> 1 | X12: =SUM(H18:H21) -> 3 | Y12: =SUM(I18:I21) -> 7 | Z12: =SUM(J18:J21) -> 11 | ... AF12: =SUM(P18:P21) -> 180
B13: 07.45 - 08.00 | C13: 8 | D13: 3 | E13: 0 | F13: 3 | G13: 0 | H13: 0 | I13: 3 | J13: 0 | K13: 0 | L13: 1 | M13: 14 | N13: 0 | O13: =SUM(C13:L13,N13) -> 18 | P13: =SUM(C13:N13) -> 32 | R13: 1000-1100 | S13: =SUM(C22:C25) -> 31 | T13: =SUM(D22:D25) -> 8 | U13: =SUM(E22:E25) -> 12 | V13: =SUM(F22:F25) -> 17 | W13: =SUM(G22:G25) -> 0 | X13: =SUM(H22:H25) -> 0 | Y13: =SUM(I22:I25) -> 9 | Z13: =SUM(J22:J25) -> 9 | ... AF13: =SUM(P22:P25) -> 196
B14: 08.00 - 08.15 | C14: 7 | D14: 1 | E14: 1 | F14: 3 | G14: 0 | H14: 0 | I14: 0 | J14: 1 | K14: 0 | L14: 2 | M14: 14 | N14: 0 | O14: =SUM(C14:L14,N14) -> 15 | P14: =SUM(C14:N14) -> 29 | R14: 1100-1200 | S14: =SUM(C26:C29) -> 31 | T14: =SUM(D26:D29) -> 7 | U14: =SUM(E26:E29) -> 2 | V14: =SUM(F26:F29) -> 12 | W14: =SUM(G26:G29) -> 1 | X14: =SUM(H26:H29) -> 1 | Y14: =SUM(I26:I29) -> 6 | Z14: =SUM(J26:J29) -> 11 | ... AF14: =SUM(P26:P29) -> 141
B15: 08.15 - 08.30 | C15: 6 | D15: 1 | E15: 1 | F15: 1 | G15: 0 | H15: 0 | I15: 1 | J15: 0 | K15: 0 | L15: 2 | M15: 14 | N15: 0 | O15: =SUM(C15:L15,N15) -> 12 | P15: =SUM(C15:N15) -> 26 | R15: 1200-1300 | S15: =SUM(C30:C33) -> 26 | T15: =SUM(D30:D33) -> 11 | U15: =SUM(E30:E33) -> 4 | V15: =SUM(F30:F33) -> 15 | W15: =SUM(G30:G33) -> 0 | X15: =SUM(H30:H33) -> 3 | Y15: =SUM(I30:I33) -> 3 | Z15: =SUM(J30:J33) -> 10 | ... AF15: =SUM(P30:P33) -> 126
B16: 08.30 - 08.45 | C16: 6 | D16: 2 | E16: 2 | F16: 1 | G16: 0 | H16: 0 | I16: 0 | J16: 5 | K16: 1 | L16: 1 | M16: 24 | N16: 0 | O16: =SUM(C16:L16,N16) -> 18 | P16: =SUM(C16:N16) -> 42 | R16: 1300-1400 | S16: =SUM(C34:C37) -> 27 | T16: =SUM(D34:D37) -> 10 | U16: =SUM(E34:E37) -> 5 | V16: =SUM(F34:F37) -> 14 | W16: =SUM(G34:G37) -> 1 | X16: =SUM(H34:H37) -> 1 | Y16: =SUM(I34:I37) -> 3 | Z16: =SUM(J34:J37) -> 5 | ... AF16: =SUM(P34:P37) -> 116
B17: 08.45 - 9.00 | C17: 5 | D17: 2 | E17: 5 | F17: 2 | G17: 0 | H17: 0 | I17: 0 | J17: 2 | K17: 1 | L17: 2 | M17: 30 | N17: 0 | O17: =SUM(C17:L17,N17) -> 19 | P17: =SUM(C17:N17) -> 49 | R17: 1400-1500 | S17: =SUM(C38:C41) -> 30 | T17: =SUM(D38:D41) -> 6 | U17: =SUM(E38:E41) -> 5 | V17: =SUM(F38:F41) -> 14 | W17: =SUM(G38:G41) -> 4 | X17: =SUM(H38:H41) -> 3 | Y17: =SUM(I38:I41) -> 9 | Z17: =SUM(J38:J41) -> 7 | ... AF17: =SUM(P38:P41) -> 187
B18: 09.00 - 09.15 | C18: 5 | D18: 4 | E18: 3 | F18: 4 | G18: 1 | H18: 2 | I18: 2 | J18: 4 | K18: 2 | L18: 1 | M18: 27 | N18: 0 | O18: =SUM(C18:L18,N18) -> 28 | P18: =SUM(C18:N18) -> 55 | R18: 1500-1600 | S18: =SUM(C42:C45) -> 29 | T18: =SUM(D42:D45) -> 6 | U18: =SUM(E42:E45) -> 5 | V18: =SUM(F42:F45) -> 19 | W18: =SUM(G42:G45) -> 2 | X18: =SUM(H42:H45) -> 3 | Y18: =SUM(I42:I45) -> 6 | Z18: =SUM(J42:J45) -> 7 | ... AF18: =SUM(P42:P45) -> 169
B19: 09.15 - 09.30 | C19: 6 | D19: 2 | E19: 4 | F19: 2 | G19: 0 | H19: 0 | I19: 2 | J19: 3 | K19: 0 | L19: 0 | M19: 13 | N19: 0 | O19: =SUM(C19:L19,N19) -> 19 | P19: =SUM(C19:N19) -> 32 | R19: 1600-1700 | S19: =SUM(C46:C49) -> 30 | T19: =SUM(D46:D49) -> 4 | U19: =SUM(E46:E49) -> 4 | V19: =SUM(F46:F49) -> 20 | W19: =SUM(G46:G49) -> 0 | X19: =SUM(H46:H49) -> 2 | Y19: =SUM(I46:I49) -> 5 | Z19: =SUM(J46:J49) -> 4 | ... AF19: =SUM(P46:P49) -> 145
B20: 09.30 - 09.45 | C20: 8 | D20: 1 | E20: 1 | F20: 6 | G20: 0 | H20: 0 | I20: 0 | J20: 3 | K20: 1 | L20: 1 | M20: 24 | N20: 0 | O20: =SUM(C20:L20,N20) -> 21 | P20: =SUM(C20:N20) -> 45 | R20: 1700-1800 | S20: =SUM(C50:C53) -> 24 | T20: =SUM(D50:D53) -> 6 | U20: =SUM(E50:E53) -> 6 | V20: =SUM(F50:F53) -> 15 | W20: =SUM(G50:G53) -> 1 | X20: =SUM(H50:H53) -> 3 | Y20: =SUM(I50:I53) -> 5 | Z20: =SUM(J50:J53) -> 4 | ... AF20: =SUM(P50:P53) -> 143
B21: 09.45 - 10.00 | C21: 8 | D21: 1 | E21: 1 | F21: 4 | G21: 0 | H21: 1 | I21: 3 | J21: 1 | K21: 0 | L21: 1 | M21: 28 | N21: 0 | O21: =SUM(C21:L21,N21) -> 20 | P21: =SUM(C21:N21) -> 48 | R21: 1800-1900 | S21: =SUM(C54:C57) -> 30 | T21: =SUM(D54:D57) -> 8 | U21: =SUM(E54:E57) -> 0 | V21: =SUM(F54:F57) -> 18 | W21: =SUM(G54:G57) -> 1 | X21: =SUM(H54:H57) -> 2 | Y21: =SUM(I54:I57) -> 3 | Z21: =SUM(J54:J57) -> 3 | ... AF21: =SUM(P54:P57) -> 143
B22: 10.00 - 10.15 | C22: 13 | D22: 2 | E22: 5 | F22: 4 | G22: 0 | H22: 0 | I22: 3 | J22: 0 | K22: 3 | L22: 3 | M22: 24 | N22: 0 | O22: =SUM(C22:L22,N22) -> 33 | P22: =SUM(C22:N22) -> 57 | R22: 1900-2000 | S22: =SUM(C58:C61) -> 22 | T22: =SUM(D58:D61) -> 18 | U22: =SUM(E58:E61) -> 5 | V22: =SUM(F58:F61) -> 41 | W22: =SUM(G58:G61) -> 3 | X22: =SUM(H58:H61) -> 0 | Y22: =SUM(I58:I61) -> 8 | Z22: =SUM(J58:J61) -> 18 | ... AF22: =SUM(P58:P61) -> 207
B23: 10.15 - 10.30 | C23: 7 | D23: 2 | E23: 4 | F23: 3 | G23: 0 | H23: 0 | I23: 2 | J23: 2 | K23: 0 | L23: 0 | M23: 34 | N23: 0 | O23: =SUM(C23:L23,N23) -> 20 | P23: =SUM(C23:N23) -> 54 | R23: 2000-2100 | S23: =SUM(C62:C65) -> 26 | T23: =SUM(D62:D65) -> 16 | U23: =SUM(E62:E65) -> 10 | V23: =SUM(F62:F65) -> 25 | W23: =SUM(G62:G65) -> 4 | X23: =SUM(H62:H65) -> 0 | Y23: =SUM(I62:I65) -> 4 | Z23: =SUM(J62:J65) -> 9 | ... AF23: =SUM(P62:P65) -> 147
B24: 10.30 - 10.45 | C24: 6 | D24: 3 | E24: 0 | F24: 5 | G24: 0 | H24: 0 | I24: 4 | J24: 4 | K24: 2 | L24: 0 | M24: 27 | N24: 0 | O24: =SUM(C24:L24,N24) -> 24 | P24: =SUM(C24:N24) -> 51 | R24: 2100-2200 | S24: =SUM(C66:C69) -> 12 | T24: =SUM(D66:D69) -> 6 | U24: =SUM(E66:E69) -> 4 | V24: =SUM(F66:F69) -> 17 | W24: =SUM(G66:G69) -> 0 | X24: =SUM(H66:H69) -> 2 | Y24: =SUM(I66:I69) -> 4 | Z24: =SUM(J66:J69) -> 4 | ... AF24: =SUM(P66:P69) -> 89
B25: 10.45 - 11.00 | C25: 5 | D25: 1 | E25: 3 | F25: 5 | G25: 0 | H25: 0 | I25: 0 | J25: 3 | K25: 0 | L25: 0 | M25: 17 | N25: 0 | O25: =SUM(C25:L25,N25) -> 17 | P25: =SUM(C25:N25) -> 34 | R25: 2200-2300 | S25: =SUM(C70:C73) -> 4 | T25: =SUM(D70:D73) -> 7 | U25: =SUM(E70:E73) -> 12 | V25: =SUM(F70:F73) -> 16 | W25: =SUM(G70:G73) -> 0 | X25: =SUM(H70:H73) -> 0 | Y25: =SUM(I70:I73) -> 2 | Z25: =SUM(J70:J73) -> 1 | ... AF25: =SUM(P70:P73) -> 74
B26: 11.00 - 11.15 | C26: 11 | D26: 2 | E26: 1 | F26: 1 | G26: 0 | H26: 0 | I26: 2 | J26: 2 | K26: 1 | L26: 1 | M26: 16 | N26: 0 | O26: =SUM(C26:L26,N26) -> 21 | P26: =SUM(C26:N26) -> 37 | R26: 2300-0000 | S26: =SUM(C74:C77) -> 3 | T26: =SUM(D74:D77) -> 2 | U26: =SUM(E74:E77) -> 1 | V26: =SUM(F74:F77) -> 11 | W26: =SUM(G74:G77) -> 1 | X26: =SUM(H74:H77) -> 1 | Y26: =SUM(I74:I77) -> 3 | Z26: =SUM(J74:J77) -> 2 | ... AF26: =SUM(P74:P77) -> 54
B27: 11.15 - 11.30 | C27: 7 | D27: 1 | E27: 0 | F27: 2 | G27: 1 | H27: 1 | I27: 0 | J27: 1 | K27: 2 | L27: 2 | M27: 21 | N27: 0 | O27: =SUM(C27:L27,N27) -> 17 | P27: =SUM(C27:N27) -> 38 | R27: 0000-0100 | S27: =SUM(C78:C81) -> 1 | T27: =SUM(D78:D81) -> 0 | U27: =SUM(E78:E81) -> 1 | V27: =SUM(F78:F81) -> 3 | W27: =SUM(G78:G81) -> 0 | X27: =SUM(H78:H81) -> 2 | Y27: =SUM(I78:I81) -> 1 | Z27: =SUM(J78:J81) -> 6 | ... AF27: =SUM(P78:P81) -> 27
B28: 11.30 - 11.45 | C28: 9 | D28: 1 | E28: 0 | F28: 6 | G28: 0 | H28: 0 | I28: 4 | J28: 7 | K28: 1 | L28: 1 | M28: 11 | N28: 0 | O28: =SUM(C28:L28,N28) -> 29 | P28: =SUM(C28:N28) -> 40 | R28: 0100-0200 | S28: =SUM(C82:C85) -> 0 | T28: =SUM(D82:D85) -> 2 | U28: =SUM(E82:E85) -> 0 | V28: =SUM(F82:F85) -> 0 | W28: =SUM(G82:G85) -> 0 | X28: =SUM(H82:H85) -> 0 | Y28: =SUM(I82:I85) -> 0 | Z28: =SUM(J82:J85) -> 0 | ... AF28: =SUM(P82:P85) -> 17
B29: 11.45 - 12.00 | C29: 4 | D29: 3 | E29: 1 | F29: 3 | G29: 0 | H29: 0 | I29: 0 | J29: 1 | K29: 1 | L29: 1 | M29: 12 | N29: 0 | O29: =SUM(C29:L29,N29) -> 14 | P29: =SUM(C29:N29) -> 26 | R29: 0200-0300 | S29: =SUM(C86:C89) -> 0 | T29: =SUM(D86:D89) -> 0 | U29: =SUM(E86:E89) -> 0 | V29: =SUM(F86:F89) -> 0 | W29: =SUM(G86:G89) -> 0 | X29: =SUM(H86:H89) -> 0 | Y29: =SUM(I86:I89) -> 0 | Z29: =SUM(J86:J89) -> 0 | ... AF29: =SUM(P86:P89) -> 3
B30: 12.00 - 12.15 | C30: 8 | D30: 5 | E30: 1 | F30: 4 | G30: 0 | H30: 2 | I30: 1 | J30: 2 | K30: 1 | L30: 1 | M30: 28 | N30: 0 | O30: =SUM(C30:L30,N30) -> 25 | P30: =SUM(C30:N30) -> 53 | R30: 0300-0400 | S30: =SUM(C90:C93) -> 0 | T30: =SUM(D90:D93) -> 0 | U30: =SUM(E90:E93) -> 0 | V30: =SUM(F90:F93) -> 0 | W30: =SUM(G90:G93) -> 0 | X30: =SUM(H90:H93) -> 0 | Y30: =SUM(I90:I93) -> 0 | Z30: =SUM(J90:J93) -> 0 | ... AF30: =SUM(P90:P93) -> 0
B31: 12.15 - 12.30 | C31: 13 | D31: 0 | E31: 2 | F31: 4 | G31: 0 | H31: 0 | I31: 0 | J31: 4 | K31: 0 | L31: 2 | M31: 13 | N31: 0 | O31: =SUM(C31:L31,N31) -> 25 | P31: =SUM(C31:N31) -> 38 | R31: 0400-0500 | S31: =SUM(C94:C97) -> 0 | T31: =SUM(D94:D97) -> 0 | U31: =SUM(E94:E97) -> 1 | V31: =SUM(F94:F97) -> 0 | W31: =SUM(G94:G97) -> 0 | X31: =SUM(H94:H97) -> 0 | Y31: =SUM(I94:I97) -> 0 | Z31: =SUM(J94:J97) -> 3 | ... AF31: =SUM(P94:P97) -> 11
B32: 12.30 - 12.45 | C32: 4 | D32: 5 | E32: 1 | F32: 3 | G32: 0 | H32: 0 | I32: 1 | J32: 1 | K32: 1 | L32: 2 | M32: 1 | N32: 0 | O32: =SUM(C32:L32,N32) -> 18 | P32: =SUM(C32:N32) -> 19 | R32: 0500-0600 | S32: =SUM(C98:C101) -> 2 | T32: =SUM(D98:D101) -> 0 | U32: =SUM(E98:E101) -> 4 | V32: =SUM(F98:F101) -> 3 | W32: =SUM(G98:G101) -> 0 | X32: =SUM(H98:H101) -> 0 | Y32: =SUM(I98:I101) -> 0 | Z32: =SUM(J98:J101) -> 1 | ... AF32: =SUM(P98:P101) -> 21
B33: 12.45 - 13.00 | C33: 1 | D33: 1 | E33: 0 | F33: 4 | G33: 0 | H33: 1 | I33: 1 | J33: 3 | K33: 0 | L33: 0 | M33: 5 | N33: 0 | O33: =SUM(C33:L33,N33) -> 11 | P33: =SUM(C33:N33) -> 16 | R33: 0600-0700 | S33: =SUM(C102:C105) -> 8 | T33: =SUM(D102:D105) -> 6 | U33: =SUM(E102:E105) -> 10 | V33: =SUM(F102:F105) -> 17 | W33: =SUM(G102:G105) -> 0 | X33: =SUM(H102:H105) -> 0 | Y33: =SUM(I102:I105) -> 1 | Z33: =SUM(J102:J105) -> 4 | ... AF33: =SUM(P102:P105) -> 73
B34: 13.00 - 13.15 | C34: 6 | D34: 0 | E34: 0 | F34: 4 | G34: 1 | H34: 0 | I34: 0 | J34: 1 | K34: 0 | L34: 1 | M34: 9 | N34: 0 | O34: =SUM(C34:L34,N34) -> 13 | P34: =SUM(C34:N34) -> 22 | R34: AM Peak Hr | S34: =MAX(S10:S12) -> 27 | T34: =MAX(T10:T12) -> 8 | U34: =MAX(U10:U12) -> 9 | V34: =MAX(V10:V12) -> 16 | W34: =MAX(W10:W12) -> 1 | X34: =MAX(X10:X12) -> 3 | Y34: =MAX(Y10:Y12) -> 7 | Z34: =MAX(Z10:Z12) -> 11 | ... AF34: =MAX(AF10:AF12) -> 180
B35: 13.15 - 13.30 | C35: 7 | D35: 3 | E35: 2 | F35: 2 | G35: 0 | H35: 1 | I35: 2 | J35: 2 | K35: 0 | L35: 1 | M35: 8 | N35: 0 | O35: =SUM(C35:L35,N35) -> 20 | P35: =SUM(C35:N35) -> 28 | R35: IP Peak Hr | S35: =MAX(S13:S18) -> 31 | T35: =MAX(T13:T18) -> 11 | U35: =MAX(U13:U18) -> 12 | V35: =MAX(V13:V18) -> 19 | W35: =MAX(W13:W18) -> 4 | X35: =MAX(X13:X18) -> 3 | Y35: =MAX(Y13:Y18) -> 9 | Z35: =MAX(Z13:Z18) -> 11 | ... AF35: =MAX(AF13:AF18) -> 196
B36: 13.30 - 13.45 | C36: 6 | D36: 5 | E36: 2 | F36: 4 | G36: 0 | H36: 0 | I36: 0 | J36: 2 | K36: 0 | L36: 0 | M36: 15 | N36: 0 | O36: =SUM(C36:L36,N36) -> 19 | P36: =SUM(C36:N36) -> 34 | R36: PM Peak Hr | S36: =MAX(S19:S21) -> 30 | T36: =MAX(T19:T21) -> 8 | U36: =MAX(U19:U21) -> 6 | V36: =MAX(V19:V21) -> 20 | W36: =MAX(W19:W21) -> 1 | X36: =MAX(X19:X21) -> 3 | Y36: =MAX(Y19:Y21) -> 5 | Z36: =MAX(Z19:Z21) -> 4 | ... AF36: =MAX(AF19:AF21) -> 145
B37: 13.45 - 14.00 | C37: 8 | D37: 2 | E37: 1 | F37: 4 | G37: 0 | H37: 0 | I37: 1 | J37: 0 | K37: 0 | L37: 0 | M37: 16 | N37: 0 | O37: =SUM(C37:L37,N37) -> 16 | P37: =SUM(C37:N37) -> 32 | R37: AM Period | S37: =SUM(S10:S12) -> 65 | T37: =SUM(T10:T12) -> 17 | U37: =SUM(U10:U12) -> 19 | V37: =SUM(V10:V12) -> 32 | W37: =SUM(W10:W12) -> 2 | X37: =SUM(X10:X12) -> 3 | Y37: =SUM(Y10:Y12) -> 13 | Z37: =SUM(Z10:Z12) -> 22 | ... AF37: =SUM(AF10:AF12) -> 432
B38: 14.00 - 14.15 | C38: 7 | D38: 2 | E38: 1 | F38: 4 | G38: 2 | H38: 1 | I38: 3 | J38: 2 | K38: 0 | L38: 2 | M38: 23 | N38: 0 | O38: =SUM(C38:L38,N38) -> 24 | P38: =SUM(C38:N38) -> 47 | R38: IP Period | S38: =SUM(S13:S18) -> 174 | T38: =SUM(T13:T18) -> 48 | U38: =SUM(U13:U18) -> 33 | V38: =SUM(V13:V18) -> 91 | W38: =SUM(W13:W18) -> 8 | X38: =SUM(X13:X18) -> 11 | Y38: =SUM(Y13:Y18) -> 36 | Z38: =SUM(Z13:Z18) -> 49 | ... AF38: =SUM(AF13:AF18) -> 935
B39: 14.15 - 14.30 | C39: 8 | D39: 0 | E39: 2 | F39: 3 | G39: 0 | H39: 1 | I39: 3 | J39: 1 | K39: 0 | L39: 0 | M39: 30 | N39: 0 | O39: =SUM(C39:L39,N39) -> 18 | P39: =SUM(C39:N39) -> 48 | R39: PM Period | S39: =SUM(S19:S21) -> 84 | T39: =SUM(T19:T21) -> 18 | U39: =SUM(U19:U21) -> 10 | V39: =SUM(V19:V21) -> 53 | W39: =SUM(W19:W21) -> 2 | X39: =SUM(X19:X21) -> 7 | Y39: =SUM(Y19:Y21) -> 13 | Z39: =SUM(Z19:Z21) -> 11 | ... AF39: =SUM(AF19:AF21) -> 431
B40: 14.30 - 14.45 | C40: 6 | D40: 2 | E40: 1 | F40: 2 | G40: 1 | H40: 0 | I40: 2 | J40: 2 | K40: 2 | L40: 1 | M40: 34 | N40: 0 | O40: =SUM(C40:L40,N40) -> 19 | P40: =SUM(C40:N40) -> 53 | R40: 12 Hours | S40: =SUM(S10:S21) -> 323 | T40: =SUM(T10:T21) -> 83 | U40: =SUM(U10:U21) -> 62 | V40: =SUM(V10:V21) -> 176 | W40: =SUM(W10:W21) -> 12 | X40: =SUM(X10:X21) -> 21 | Y40: =SUM(Y10:Y21) -> 62 | Z40: =SUM(Z10:Z21) -> 82 | ... AF40: =SUM(AF10:AF21) -> 1798
B41: 14.45 - 15.00 | C41: 9 | D41: 2 | E41: 1 | F41: 5 | G41: 1 | H41: 1 | I41: 1 | J41: 2 | K41: 1 | L41: 1 | M41: 15 | N41: 0 | O41: =SUM(C41:L41,N41) -> 24 | P41: =SUM(C41:N41) -> 39 | R41: 24 Hrs/ADT | S41: =SUM(S10:S33) -> 401 | T41: =SUM(T10:T33) -> 140 | U41: =SUM(U10:U33) -> 110 | V41: =SUM(V10:V33) -> 309 | W41: =SUM(W10:W33) -> 20 | X41: =SUM(X10:X33) -> 26 | Y41: =SUM(Y10:Y33) -> 85 | Z41: =SUM(Z10:Z33) -> 130 | ... AF41: =SUM(AF10:AF33) -> 2521
B42: 15.00 - 15.15 | C42: 8 | D42: 2 | E42: 1 | F42: 3 | G42: 0 | H42: 0 | I42: 2 | J42: 3 | K42: 0 | L42: 1 | M42: 19 | N42: 0 | O42: =SUM(C42:L42,N42) -> 20 | P42: =SUM(C42:N42) -> 39 | R42: NEF | S42: =S41/S40 -> 1.2414861 | T42: =T41/T40 -> 1.686747 | U42: =U41/U40 -> 1.7741935 | V42: =V41/V40 -> 1.7556818 | W42: =W41/W40 -> 1.6666667 | X42: =X41/X40 -> 1.2380952 | Y42: =Y41/Y40 -> 1.3709677 | Z42: =Z41/Z40 -> 1.5853659 | ... AF42: =AF41/AF40 -> 1.4021135
B43: 15.15 - 15.30 | C43: 12 | D43: 3 | E43: 2 | F43: 6 | G43: 2 | H43: 3 | I43: 2 | J43: 1 | K43: 0 | L43: 1 | M43: 31 | N43: 0 | O43: =SUM(C43:L43,N43) -> 32 | P43: =SUM(C43:N43) -> 63
B44: 15.30 - 15.45 | C44: 3 | D44: 1 | E44: 2 | F44: 7 | G44: 0 | H44: 0 | I44: 2 | J44: 1 | K44: 0 | L44: 0 | M44: 22 | N44: 0 | O44: =SUM(C44:L44,N44) -> 16 | P44: =SUM(C44:N44) -> 38
B45: 15.45 - 16.00 | C45: 6 | D45: 0 | E45: 0 | F45: 3 | G45: 0 | H45: 0 | I45: 0 | J45: 2 | K45: 0 | L45: 1 | M45: 17 | N45: 0 | O45: =SUM(C45:L45,N45) -> 12 | P45: =SUM(C45:N45) -> 29
B46: 16.00 - 16.15 | C46: 12 | D46: 1 | E46: 0 | F46: 6 | G46: 0 | H46: 0 | I46: 2 | J46: 3 | K46: 0 | L46: 1 | M46: 23 | N46: 0 | O46: =SUM(C46:L46,N46) -> 25 | P46: =SUM(C46:N46) -> 48
B47: 16.15 -16.30 | C47: 7 | D47: 0 | E47: 1 | F47: 7 | G47: 0 | H47: 1 | I47: 2 | J47: 0 | K47: 0 | L47: 2 | M47: 17 | N47: 0 | O47: =SUM(C47:L47,N47) -> 20 | P47: =SUM(C47:N47) -> 37
B48: 16.30 -16.45 | C48: 6 | D48: 0 | E48: 1 | F48: 3 | G48: 0 | H48: 1 | I48: 1 | J48: 0 | K48: 0 | L48: 0 | M48: 12 | N48: 0 | O48: =SUM(C48:L48,N48) -> 12 | P48: =SUM(C48:N48) -> 24
B49: 16.45 -17.00 | C49: 5 | D49: 3 | E49: 2 | F49: 4 | G49: 0 | H49: 0 | I49: 0 | J49: 1 | K49: 0 | L49: 0 | M49: 21 | N49: 0 | O49: =SUM(C49:L49,N49) -> 15 | P49: =SUM(C49:N49) -> 36
B50: 17.00 -17.15 | C50: 10 | D50: 4 | E50: 0 | F50: 3 | G50: 0 | H50: 1 | I50: 3 | J50: 2 | K50: 0 | L50: 1 | M50: 22 | N50: 0 | O50: =SUM(C50:L50,N50) -> 24 | P50: =SUM(C50:N50) -> 46
B51: 17.15 -17.30 | C51: 5 | D51: 0 | E51: 2 | F51: 5 | G51: 0 | H51: 0 | I51: 1 | J51: 1 | K51: 0 | L51: 1 | M51: 28 | N51: 0 | O51: =SUM(C51:L51,N51) -> 15 | P51: =SUM(C51:N51) -> 43
B52: 17.30 -17.45 | C52: 4 | D52: 1 | E52: 4 | F52: 3 | G52: 1 | H52: 0 | I52: 1 | J52: 0 | K52: 1 | L52: 0 | M52: 16 | N52: 0 | O52: =SUM(C52:L52,N52) -> 15 | P52: =SUM(C52:N52) -> 31
B53: 17.45 -18.00 | C53: 5 | D53: 1 | E53: 0 | F53: 4 | G53: 0 | H53: 2 | I53: 0 | J53: 1 | K53: 1 | L53: 0 | M53: 9 | N53: 0 | O53: =SUM(C53:L53,N53) -> 14 | P53: =SUM(C53:N53) -> 23
B54: 18.00 - 18.15 | C54: 6 | D54: 2 | E54: 0 | F54: 6 | G54: 0 | H54: 0 | I54: 1 | J54: 3 | K54: 1 | L54: 0 | M54: 23 | N54: 0 | O54: =SUM(C54:L54,N54) -> 19 | P54: =SUM(C54:N54) -> 42
... B105: 06.45 - 07.00 | C105: 5 | D105: 1 | E105: 8 | F105: 11 | G105: 0 | H105: 0 | I105: 1 | J105: 3 | K105: 0 | L105: 6 | M105: 6 | N105: 0 | O105: =SUM(C105:L105,N105) -> 35 | P105: =SUM(C105:N105) -> 41
B106: Totals | C106: =SUM(C10:C105) -> 401 | D106: =SUM(D10:D105) -> 140 | E106: =SUM(E10:E105) -> 110 | F106: =SUM(F10:F105) -> 309 | G106: =SUM(G10:G105) -> 20 | H106: =SUM(H10:H105) -> 26 | I106: =SUM(I10:I105) -> 85 | J106: =SUM(J10:J105) -> 130 | ... P106: =SUM(P10:P105) -> 2521
B107: %ges + MCs | C107: =C106/$P$106 -> 0.15906386 | D107: =D106/$P$106 -> 0.055533518 | E107: =E106/$P$106 -> 0.043633479 | F107: =F106/$P$106 -> 0.12257041 | G107: =G106/$P$106 -> 0.0079333598 | H107: =H106/$P$106 -> 0.010313368 | I107: =I106/$P$106 -> 0.033716779 | J107: =J106/$P$106 -> 0.051566839 | ... N107: =N106/$P$106 -> 0
B108: %ges w/o MCs | C108: =C106/$O$106 -> 0.27636113 | D108: =D106/$O$106 -> 0.096485183 | E108: =E106/$O$106 -> 0.075809786 | F108: =F106/$O$106 -> 0.21295658 | G108: =G106/$O$106 -> 0.013783598 | H108: =H106/$O$106 -> 0.017918677 | I108: =I106/$O$106 -> 0.058580289 | J108: =J106/$O$106 -> 0.089593384 | ... L108: =L106/$O$106 -> 0.097863542 | N108: =N106/$O$106 -> 0

Sheet 31.10 Kabale-Mbarara-24hr
B1: Consultancy services for Preparation of Expressway Development Master Plan (EDMP) for Uganda
B2: MANUAL CLASSIFIED COUNT (MCC)
B3: ROAD NAME: | C3: ='27.10 Mbarara-Kabale'!C3:G3 -> MCC - C4 - STN100 - MBARARA-NTUNGAMO ROAD
C5: Date | D5: ='31.10 Mbarara-Kabale-24hr'!D5 -> 31.10.19 | F5: Location | G5: ='31.10 Mbarara-Kabale-24hr'!G5:H5 -> Nyeihanga traffic station | J5: Surveyor | K5: Jackline, Joanitah
C6: Dir. From | D6: ='27.10 Kabale-Mbarara'!D6:E6 -> Kabale | F6: Dir. To | G6: ='28.10 Kabale-Mbarara'!G6:H6 -> Mbarara | J6: Supervisor | K6: ='31.10 Mbarara-Kabale-24hr'!K6:L6 -> Norman R
B8: Time / Veh Type | R8: SUMMARY TRAFFIC VOLUMES
C9: 1. Car | D9: 2. Station Wagon | E9: 3. Pickups | F9: 4. Minibus, matatu | G9: 5. Medium bus | H9: 6. Large Bus | I9: 7. Light Truck | J9: 8. Medium Truck | K9: 9. Heavy truck | L9: 10. Truck Trailer | M9: 11. Motor cycles | N9: 12. Tractors | O9: Total Excl M/Cycles | P9: Total All | R9: Time | S9: 1. Car | T9: 2. Station Wagon | U9: 3. Pickups | V9: 4. Minibus, matatu | W9: 5. Medium bus | X9: 6. Large Bus | Y9: 7. Light Truck | Z9: 8. Medium Truck | AA9: 9. Heavy truck | AB9: 10. Truck Trailer | AC9: 11. Motorcycles | AD9: 12. Tractors, Graders | AE9: Total Excl M/ Cycles | AF9: Total All
B10: 07.00 - 07.15 | C10: 0 | D10: 0 | E10: 0 | F10: 0 | G10: 0 | H10: 0 | I10: 0 | J10: 0 | K10: 1 | L10: 0 | M10: 12 | N10: 0 | O10: =SUM(C10:L10,N10) -> 1 | P10: =SUM(C10:N10) -> 13 | R10: 0700-0800 | S10: =SUM(C10:C13) -> 13 | T10: =SUM(D10:D13) -> 2 | U10: =SUM(E10:E13) -> 2 | V10: =SUM(F10:F13) -> 9 | W10: =SUM(G10:G13) -> 0 | X10: =SUM(H10:H13) -> 1 | Y10: =SUM(I10:I13) -> 3 | Z10: =SUM(J10:J13) -> 2 | ... AF10: =SUM(P10:P13) -> 125
B11: 07.15 - 07.30 | C11: 2 | D11: 0 | E11: 0 | F11: 3 | G11: 0 | H11: 0 | I11: 0 | J11: 2 | K11: 1 | L11: 3 | M11: 16 | N11: 0 | O11: =SUM(C11:L11,N11) -> 11 | P11: =SUM(C11:N11) -> 27 | R11: 0800-0900 | S11: =SUM(C14:C17) -> 16 | T11: =SUM(D14:D17) -> 4 | U11: =SUM(E14:E17) -> 5 | V11: =SUM(F14:F17) -> 20 | W11: =SUM(G14:G17) -> 0 | X11: =SUM(H14:H17) -> 1 | Y11: =SUM(I14:I17) -> 8 | Z11: =SUM(J14:J17) -> 4 | ... AF11: =SUM(P14:P17) -> 160
B12: 07.30 - 07.45 | C12: 4 | D12: 0 | E12: 0 | F12: 5 | G12: 0 | H12: 0 | I12: 2 | J12: 0 | K12: 0 | L12: 5 | M12: 26 | N12: 0 | O12: =SUM(C12:L12,N12) -> 16 | P12: =SUM(C12:N12) -> 42 | R12: 0900-1000 | S12: =SUM(C18:C21) -> 15 | T12: =SUM(D18:D21) -> 6 | U12: =SUM(E18:E21) -> 5 | V12: =SUM(F18:F21) -> 18 | W12: =SUM(G18:G21) -> 1 | X12: =SUM(H18:H21) -> 3 | Y12: =SUM(I18:I21) -> 11 | Z12: =SUM(J18:J21) -> 3 | ... AF12: =SUM(P18:P21) -> 166
B13: 07.45 - 08.00 | C13: 7 | D13: 2 | E13: 2 | F13: 1 | G13: 0 | H13: 1 | I13: 1 | J13: 0 | K13: 0 | L13: 2 | M13: 27 | N13: 0 | O13: =SUM(C13:L13,N13) -> 16 | P13: =SUM(C13:N13) -> 43 | R13: 1000-1100 | S13: =SUM(C22:C25) -> 22 | T13: =SUM(D22:D25) -> 9 | U13: =SUM(E22:E25) -> 4 | V13: =SUM(F22:F25) -> 18 | W13: =SUM(G22:G25) -> 0 | X13: =SUM(H22:H25) -> 3 | Y13: =SUM(I22:I25) -> 7 | Z13: =SUM(J22:J25) -> 4 | ... AF13: =SUM(P22:P25) -> 199
B14: 08.00 - 08.15 | C14: 6 | D14: 1 | E14: 0 | F14: 5 | G14: 0 | H14: 1 | I14: 2 | J14: 1 | K14: 0 | L14: 0 | M14: 22 | N14: 0 | O14: =SUM(C14:L14,N14) -> 16 | P14: =SUM(C14:N14) -> 38 | R14: 1100-1200 | S14: =SUM(C26:C29) -> 23 | T14: =SUM(D26:D29) -> 7 | U14: =SUM(E26:E29) -> 2 | V14: =SUM(F26:F29) -> 20 | W14: =SUM(G26:G29) -> 0 | X14: =SUM(H26:H29) -> 7 | Y14: =SUM(I26:I29) -> 4 | Z14: =SUM(J26:J29) -> 3 | ... AF14: =SUM(P26:P29) -> 131
B15: 08.15 - 08.30 | C15: 3 | D15: 2 | E15: 1 | F15: 6 | G15: 0 | H15: 0 | I15: 3 | J15: 2 | K15: 0 | L15: 0 | M15: 26 | N15: 0 | O15: =SUM(C15:L15,N15) -> 17 | P15: =SUM(C15:N15) -> 43 | R15: 1200-1300 | S15: =SUM(C30:C33) -> 17 | T15: =SUM(D30:D33) -> 9 | U15: =SUM(E30:E33) -> 2 | V15: =SUM(F30:F33) -> 13 | W15: =SUM(G30:G33) -> 0 | X15: =SUM(H30:H33) -> 3 | Y15: =SUM(I30:I33) -> 2 | Z15: =SUM(J30:J33) -> 4 | ... AF15: =SUM(P30:P33) -> 78
B16: 08.30 - 08.45 | C16: 1 | D16: 0 | E16: 1 | F16: 1 | G16: 0 | H16: 0 | I16: 1 | J16: 1 | K16: 0 | L16: 1 | M16: 23 | N16: 0 | O16: =SUM(C16:L16,N16) -> 6 | P16: =SUM(C16:N16) -> 29 | R16: 1300-1400 | S16: =SUM(C34:C37) -> 17 | T16: =SUM(D34:D37) -> 9 | U16: =SUM(E34:E37) -> 4 | V16: =SUM(F34:F37) -> 16 | W16: =SUM(G34:G37) -> 1 | X16: =SUM(H34:H37) -> 2 | Y16: =SUM(I34:I37) -> 3 | Z16: =SUM(J34:J37) -> 1 | ... AF16: =SUM(P34:P37) -> 138
B17: 08.45 - 9.00 | C17: 6 | D17: 1 | E17: 3 | F17: 8 | G17: 0 | H17: 0 | I17: 2 | J17: 0 | K17: 0 | L17: 1 | M17: 29 | N17: 0 | O17: =SUM(C17:L17,N17) -> 21 | P17: =SUM(C17:N17) -> 50 | R17: 1400-1500 | S17: =SUM(C38:C41) -> 25 | T17: =SUM(D38:D41) -> 6 | U17: =SUM(E38:E41) -> 4 | V17: =SUM(F38:F41) -> 7 | W17: =SUM(G38:G41) -> 1 | X17: =SUM(H38:H41) -> 2 | Y17: =SUM(I38:I41) -> 5 | Z17: =SUM(J38:J41) -> 2 | ... AF17: =SUM(P38:P41) -> 113
B18: 09.00 - 09.15 | C18: 7 | D18: 0 | E18: 1 | F18: 2 | G18: 0 | H18: 0 | I18: 0 | J18: 1 | K18: 0 | L18: 0 | M18: 25 | N18: 0 | O18: =SUM(C18:L18,N18) -> 11 | P18: =SUM(C18:N18) -> 36 | R18: 1500-1600 | S18: =SUM(C42:C45) -> 24 | T18: =SUM(D42:D45) -> 12 | U18: =SUM(E42:E45) -> 6 | V18: =SUM(F42:F45) -> 9 | W18: =SUM(G42:G45) -> 0 | X18: =SUM(H42:H45) -> 2 | Y18: =SUM(I42:I45) -> 6 | Z18: =SUM(J42:J45) -> 5 | ... AF18: =SUM(P42:P45) -> 182
B19: 09.15 - 09.30 | C19: 2 | D19: 2 | E19: 0 | F19: 7 | G19: 0 | H19: 0 | I19: 2 | J19: 1 | K19: 1 | L19: 0 | M19: 17 | N19: 0 | O19: =SUM(C19:L19,N19) -> 15 | P19: =SUM(C19:N19) -> 32 | R19: 1600-1700 | S19: =SUM(C46:C49) -> 30 | T19: =SUM(D46:D49) -> 16 | U19: =SUM(E46:E49) -> 7 | V19: =SUM(F46:F49) -> 17 | W19: =SUM(G46:G49) -> 0 | X19: =SUM(H46:H49) -> 1 | Y19: =SUM(I46:I49) -> 5 | Z19: =SUM(J46:J49) -> 1 | ... AF19: =SUM(P46:P49) -> 217
B20: 09.30 - 09.45 | C20: 3 | D20: 3 | E20: 2 | F20: 5 | G20: 1 | H20: 3 | I20: 4 | J20: 0 | K20: 0 | L20: 0 | M20: 26 | N20: 1 | O20: =SUM(C20:L20,N20) -> 22 | P20: =SUM(C20:N20) -> 48 | R20: 1700-1800 | S20: =SUM(C50:C53) -> 28 | T20: =SUM(D50:D53) -> 7 | U20: =SUM(E50:E53) -> 5 | V20: =SUM(F50:F53) -> 16 | W20: =SUM(G50:G53) -> 0 | X20: =SUM(H50:H53) -> 0 | Y20: =SUM(I50:I53) -> 9 | Z20: =SUM(J50:J53) -> 0 | ... AF20: =SUM(P50:P53) -> 160
B21: 09.45 - 10.00 | C21: 3 | D21: 1 | E21: 2 | F21: 4 | G21: 0 | H21: 0 | I21: 5 | J21: 1 | K21: 0 | L21: 1 | M21: 33 | N21: 0 | O21: =SUM(C21:L21,N21) -> 17 | P21: =SUM(C21:N21) -> 50 | R21: 1800-1900 | S21: =SUM(C54:C57) -> 21 | T21: =SUM(D54:D57) -> 8 | U21: =SUM(E54:E57) -> 6 | V21: =SUM(F54:F57) -> 14 | W21: =SUM(G54:G57) -> 1 | X21: =SUM(H54:H57) -> 0 | Y21: =SUM(I54:I57) -> 6 | Z21: =SUM(J54:J57) -> 4 | ... AF21: =SUM(P54:P57) -> 171
B22: 10.00 - 10.15 | C22: 7 | D22: 3 | E22: 2 | F22: 3 | G22: 0 | H22: 0 | I22: 4 | J22: 0 | K22: 1 | L22: 2 | M22: 43 | N22: 0 | O22: =SUM(C22:L22,N22) -> 22 | P22: =SUM(C22:N22) -> 65 | R22: 1900-2000 | S22: =SUM(C58:C61) -> 12 | T22: =SUM(D58:D61) -> 2 | U22: =SUM(E58:E61) -> 2 | V22: =SUM(F58:F61) -> 30 | W22: =SUM(G58:G61) -> 0 | X22: =SUM(H58:H61) -> 1 | Y22: =SUM(I58:I61) -> 5 | Z22: =SUM(J58:J61) -> 8 | ... AF22: =SUM(P58:P61) -> 133
B23: 10.15 - 10.30 | C23: 7 | D23: 3 | E23: 2 | F23: 4 | G23: 0 | H23: 1 | I23: 0 | J23: 2 | K23: 1 | L23: 0 | M23: 31 | N23: 0 | O23: =SUM(C23:L23,N23) -> 20 | P23: =SUM(C23:N23) -> 51 | R23: 2000-2100 | S23: =SUM(C62:C65) -> 15 | T23: =SUM(D62:D65) -> 6 | U23: =SUM(E62:E65) -> 1 | V23: =SUM(F62:F65) -> 11 | W23: =SUM(G62:G65) -> 1 | X23: =SUM(H62:H65) -> 0 | Y23: =SUM(I62:I65) -> 5 | Z23: =SUM(J62:J65) -> 2 | ... AF23: =SUM(P62:P65) -> 90
B24: 10.30 - 10.45 | C24: 3 | D24: 2 | E24: 0 | F24: 7 | G24: 0 | H24: 1 | I24: 1 | J24: 2 | K24: 1 | L24: 1 | M24: 25 | N24: 0 | O24: =SUM(C24:L24,N24) -> 18 | P24: =SUM(C24:N24) -> 43 | R24: 2100-2200 | S24: =SUM(C66:C69) -> 6 | T24: =SUM(D66:D69) -> 7 | U24: =SUM(E66:E69) -> 3 | V24: =SUM(F66:F69) -> 6 | W24: =SUM(G66:G69) -> 0 | X24: =SUM(H66:H69) -> 0 | Y24: =SUM(I66:I69) -> 5 | Z24: =SUM(J66:J69) -> 0 | ... AF24: =SUM(P66:P69) -> 64
B25: 10.45 - 11.00 | C25: 5 | D25: 1 | E25: 0 | F25: 4 | G25: 0 | H25: 1 | I25: 2 | J25: 0 | K25: 0 | L25: 1 | M25: 26 | N25: 0 | O25: =SUM(C25:L25,N25) -> 14 | P25: =SUM(C25:N25) -> 40 | R25: 2200-2300 | S25: =SUM(C70:C73) -> 19 | T25: =SUM(D70:D73) -> 1 | U25: =SUM(E70:E73) -> 4 | V25: =SUM(F70:F73) -> 8 | W25: =SUM(G70:G73) -> 0 | X25: =SUM(H70:H73) -> 0 | Y25: =SUM(I70:I73) -> 1 | Z25: =SUM(J70:J73) -> 5 | ... AF25: =SUM(P70:P73) -> 72
B26: 11.00 - 11.15 | C26: 3 | D26: 1 | E26: 1 | F26: 5 | G26: 0 | H26: 0 | I26: 0 | J26: 1 | K26: 0 | L26: 1 | M26: 13 | N26: 1 | O26: 5 | P26: =SUM(C26:N26) -> 26 | R26: 2300-0000 | S26: =SUM(C71:C74) -> 18 | T26: =SUM(D71:D74) -> 1 | U26: =SUM(E71:E74) -> 4 | V26: =SUM(F74:F77) -> 5 | W26: =SUM(G74:G77) -> 0 | X26: =SUM(H74:H77) -> 0 | Y26: =SUM(I74:I77) -> 2 | Z26: =SUM(J74:J77) -> 5 | AA26: =SUM(K74:K77) -> 0 | AB26: =SUM(L74:L77) -> 3 | AC26: =SUM(M74:M77) -> 21 | ... AF26: =SUM(P74:P77) -> 52
B27: 11.15 - 11.30 | C27: 10 | D27: 5 | E27: 0 | F27: 4 | G27: 0 | H27: 5 | I27: 2 | J27: 1 | K27: 0 | L27: 1 | M27: 19 | N27: 0 | O27: =SUM(C27:L27,N27) -> 28 | P27: =SUM(C27:N27) -> 47 | R27: 0000-0100 | S27: =SUM(C78:C81) -> 3 | T27: =SUM(D78:D81) -> 2 | U27: =SUM(E78:E81) -> 2 | V27: =SUM(F78:F81) -> 4 | W27: =SUM(G78:G81) -> 1 | X27: =SUM(H78:H81) -> 0 | Y27: =SUM(I78:I81) -> 0 | Z27: =SUM(J78:J81) -> 0 | ... AF27: =SUM(P78:P81) -> 20
B28: 11.30 - 11.45 | C28: 3 | D28: 1 | E28: 1 | F28: 7 | G28: 0 | H28: 1 | I28: 2 | J28: 0 | K28: 1 | L28: 0 | M28: 16 | N28: 0 | O28: =SUM(C28:L28,N28) -> 16 | P28: =SUM(C28:N28) -> 32 | R28: 0100-0200 | S28: =SUM(C82:C85) -> 2 | T28: =SUM(D82:D85) -> 0 | U28: =SUM(E82:E85) -> 1 | V28: =SUM(F82:F85) -> 1 | W28: =SUM(G82:G85) -> 0 | X28: =SUM(H82:H85) -> 1 | Y28: =SUM(I82:I85) -> 0 | Z28: =SUM(J82:J85) -> 2 | ... AF28: =SUM(P82:P85) -> 14
B29: 11.45 - 12.00 | C29: 7 | D29: 0 | E29: 0 | F29: 4 | G29: 0 | H29: 1 | I29: 0 | J29: 1 | K29: 0 | L29: 1 | M29: 12 | N29: 0 | O29: =SUM(C29:L29,N29) -> 14 | P29: =SUM(C29:N29) -> 26 | R29: 0200-0300 | S29: =SUM(C86:C89) -> 17 | T29: =SUM(D86:D89) -> 2 | U29: =SUM(E86:E89) -> 0 | V29: =SUM(F86:F89) -> 5 | W29: =SUM(G86:G89) -> 0 | X29: =SUM(H86:H89) -> 0 | Y29: =SUM(I86:I89) -> 0 | Z29: =SUM(J86:J89) -> 0 | ... AF29: =SUM(P86:P89) -> 35
B30: 12.00 - 12.15 | C30: 3 | D30: 4 | E30: 2 | F30: 3 | G30: 0 | H30: 1 | I30: 0 | J30: 2 | K30: 0 | L30: 0 | M30: 10 | N30: 0 | O30: =SUM(C30:L30,N30) -> 15 | P30: =SUM(C30:N30) -> 25 | R30: 0300-0400 | S30: =SUM(C90:C93) -> 4 | T30: =SUM(D90:D93) -> 3 | U30: =SUM(E90:E93) -> 3 | V30: =SUM(F90:F93) -> 5 | W30: =SUM(G90:G93) -> 0 | X30: =SUM(H90:H93) -> 0 | Y30: =SUM(I90:I93) -> 4 | Z30: =SUM(J90:J93) -> 2 | ... AF30: =SUM(P90:P93) -> 40
B31: 12.15 - 12.30 | C31: 8 | D31: 3 | E31: 0 | F31: 3 | G31: 0 | H31: 1 | I31: 1 | J31: 1 | K31: 2 | L31: 2 | M31: 7 | N31: 0 | O31: =SUM(C31:L31,N31) -> 21 | P31: =SUM(C31:N31) -> 28 | R31: 0400-0500 | S31: =SUM(C94:C97) -> 2 | T31: =SUM(D94:D97) -> 0 | U31: =SUM(E94:E97) -> 1 | V31: =SUM(F94:F97) -> 3 | W31: =SUM(G94:G97) -> 0 | X31: =SUM(H94:H97) -> 1 | Y31: =SUM(I94:I97) -> 3 | Z31: =SUM(J94:J97) -> 6 | ... AF31: =SUM(P94:P97) -> 49
B32: 12.30 - 12.45 | C32: 3 | D32: 1 | E32: 0 | F32: 4 | G32: 0 | H32: 0 | I32: 1 | J32: 0 | K32: 1 | L32: 0 | M32: 3 | N32: 0 | O32: =SUM(C32:L32,N32) -> 10 | P32: =SUM(C32:N32) -> 13 | R32: 0500-0600 | S32: =SUM(C98:C101) -> 1 | T32: =SUM(D98:D101) -> 0 | U32: =SUM(E98:E101) -> 0 | V32: =SUM(F98:F101) -> 11 | W32: =SUM(G98:G101) -> 0 | X32: =SUM(H98:H101) -> 2 | Y32: =SUM(I98:I101) -> 0 | Z32: =SUM(J98:J101) -> 0 | ... AF32: =SUM(P98:P101) -> 26
B33: 12.45 - 13.00 | C33: 3 | D33: 1 | E33: 0 | F33: 3 | G33: 0 | H33: 1 | I33: 0 | J33: 1 | K33: 0 | L33: 3 | M33: 0 | N33: 0 | O33: =SUM(C33:L33,N33) -> 12 | P33: =SUM(C33:N33) -> 12 | R33: 0600-0700 | S33: =SUM(C102:C105) -> 8 | T33: =SUM(D102:D105) -> 2 | U33: =SUM(E102:E105) -> 1 | V33: =SUM(F102:F105) -> 12 | W33: =SUM(G102:G105) -> 2 | X33: =SUM(H102:H105) -> 3 | Y33: =SUM(I102:I105) -> 0 | Z33: =SUM(J102:J105) -> 2 | ... AF33: =SUM(P102:P105) -> 43
B34: 13.00 - 13.15 | C34: 5 | D34: 2 | E34: 2 | F34: 5 | G34: 0 | H34: 0 | I34: 1 | J34: 1 | K34: 0 | L34: 3 | M34: 4 | N34: 0 | O34: =SUM(C34:L34,N34) -> 19 | P34: =SUM(C34:N34) -> 23 | R34: AM Peak Hr | S34: =MAX(S10:S12) -> 16 | T34: =MAX(T10:T12) -> 6 | U34: =MAX(U10:U12) -> 5 | V34: =MAX(V10:V12) -> 20 | W34: =MAX(W10:W12) -> 1 | X34: =MAX(X10:X12) -> 3 | Y34: =MAX(Y10:Y12) -> 11 | Z34: =MAX(Z10:Z12) -> 4 | ... AF34: =MAX(AF10:AF12) -> 166
B35: 13.15 - 13.30 | C35: 3 | D35: 2 | E35: 1 | F35: 3 | G35: 1 | H35: 2 | I35: 1 | J35: 0 | K35: 0 | L35: 3 | M35: 19 | N35: 0 | O35: =SUM(C35:L35,N35) -> 16 | P35: =SUM(C35:N35) -> 35 | R35: IP Peak Hr | S35: =MAX(S13:S18) -> 25 | T35: =MAX(T13:T18) -> 12 | U35: =MAX(U13:U18) -> 6 | V35: =MAX(V13:V18) -> 20 | W35: =MAX(W13:W18) -> 1 | X35: =MAX(X13:X18) -> 7 | Y35: =MAX(Y13:Y18) -> 7 | Z35: =MAX(Z13:Z18) -> 5 | ... AF35: =MAX(AF13:AF18) -> 199
B36: 13.30 - 13.45 | C36: 4 | D36: 2 | E36: 1 | F36: 4 | G36: 0 | H36: 0 | I36: 1 | J36: 0 | K36: 2 | L36: 1 | M36: 20 | N36: 0 | O36: =SUM(C36:L36,N36) -> 15 | P36: =SUM(C36:N36) -> 35 | R36: PM Peak Hr | S36: =MAX(S19:S21) -> 30 | T36: =MAX(T19:T21) -> 16 | U36: =MAX(U19:U21) -> 7 | V36: =MAX(V19:V21) -> 17 | W36: =MAX(W19:W21) -> 1 | X36: =MAX(X19:X21) -> 1 | Y36: =MAX(Y19:Y21) -> 9 | Z36: =MAX(Z19:Z21) -> 4 | ... AF36: =MAX(AF19:AF21) -> 217
B37: 13.45 - 14.00 | C37: 5 | D37: 3 | E37: 0 | F37: 4 | G37: 0 | H37: 0 | I37: 0 | J37: 0 | K37: 4 | L37: 2 | M37: 25 | N37: 2 | O37: =SUM(C37:L37,N37) -> 20 | P37: =SUM(C37:N37) -> 45 | R37: AM Period | S37: =SUM(S10:S12) -> 44 | T37: =SUM(T10:T12) -> 12 | U37: =SUM(U10:U12) -> 12 | V37: =SUM(V10:V12) -> 47 | W37: =SUM(W10:W12) -> 1 | X37: =SUM(X10:X12) -> 5 | Y37: =SUM(Y10:Y12) -> 22 | Z37: =SUM(Z10:Z12) -> 9 | ... AF37: =SUM(AF10:AF12) -> 451
B38: 14.00 - 14.15 | C38: 8 | D38: 3 | E38: 0 | F38: 2 | G38: 0 | H38: 0 | I38: 0 | J38: 2 | K38: 0 | L38: 2 | M38: 5 | N38: 0 | O38: =SUM(C38:L38,N38) -> 17 | P38: =SUM(C38:N38) -> 22 | R38: IP Period | S38: =SUM(S13:S18) -> 128 | T38: =SUM(T13:T18) -> 52 | U38: =SUM(U13:U18) -> 22 | V38: =SUM(V13:V18) -> 83 | W38: =SUM(W13:W18) -> 2 | X38: =SUM(X13:X18) -> 19 | Y38: =SUM(Y13:Y18) -> 27 | Z38: =SUM(Z13:Z18) -> 19 | ... AF38: =SUM(AF13:AF18) -> 841
B39: 14.15 - 14.30 | C39: 5 | D39: 2 | E39: 1 | F39: 2 | G39: 0 | H39: 1 | I39: 0 | J39: 0 | K39: 2 | L39: 0 | M39: 11 | N39: 0 | O39: =SUM(C39:L39,N39) -> 13 | P39: =SUM(C39:N39) -> 24 | R39: PM Period | S39: =SUM(S19:S21) -> 79 | T39: =SUM(T19:T21) -> 31 | U39: =SUM(U19:U21) -> 18 | V39: =SUM(V19:V21) -> 47 | W39: =SUM(W19:W21) -> 1 | X39: =SUM(X19:X21) -> 1 | Y39: =SUM(Y19:Y21) -> 20 | Z39: =SUM(Z19:Z21) -> 5 | ... AF39: =SUM(AF19:AF21) -> 548
B40: 14.30 - 14.45 | C40: 7 | D40: 0 | E40: 2 | F40: 3 | G40: 1 | H40: 0 | I40: 3 | J40: 0 | K40: 1 | L40: 2 | M40: 18 | N40: 0 | O40: =SUM(C40:L40,N40) -> 19 | P40: =SUM(C40:N40) -> 37 | R40: 12 Hours | S40: =SUM(S10:S21) -> 251 | T40: =SUM(T10:T21) -> 95 | U40: =SUM(U10:U21) -> 52 | V40: =SUM(V10:V21) -> 177 | W40: =SUM(W10:W21) -> 4 | X40: =SUM(X10:X21) -> 25 | Y40: =SUM(Y10:Y21) -> 69 | Z40: =SUM(Z10:Z21) -> 33 | ... AF40: =SUM(AF10:AF21) -> 1840
B41: 14.45 - 15.00 | C41: 5 | D41: 1 | E41: 1 | F41: 0 | G41: 0 | H41: 1 | I41: 2 | J41: 0 | K41: 0 | L41: 2 | M41: 18 | N41: 0 | O41: =SUM(C41:L41,N41) -> 12 | P41: =SUM(C41:N41) -> 30 | R41: 24 Hrs/ADT | S41: =SUM(S10:S33) -> 358 | T41: =SUM(T10:T33) -> 121 | U41: =SUM(U10:U33) -> 74 | V41: =SUM(V10:V33) -> 278 | W41: =SUM(W10:W33) -> 8 | X41: =SUM(X10:X33) -> 33 | Y41: =SUM(Y10:Y33) -> 94 | Z41: =SUM(Z10:Z33) -> 65 | ... AF41: =SUM(AF10:AF33) -> 2478
B42: 15.00 - 15.15 | C42: 5 | D42: 1 | E42: 0 | F42: 1 | G42: 0 | H42: 0 | I42: 1 | J42: 1 | K42: 1 | L42: 0 | M42: 17 | N42: 0 | O42: =SUM(C42:L42,N42) -> 10 | P42: =SUM(C42:N42) -> 27 | R42: NEF | S42: =S41/S40 -> 1.4262948 | T42: =T41/T40 -> 1.2736842 | U42: =U41/U40 -> 1.4230769 | V42: =V41/V40 -> 1.5706215 | W42: =W41/W40 -> 2 | X42: =X41/X40 -> 1.32 | Y42: =Y41/Y40 -> 1.3623188 | Z42: =Z41/Z40 -> 1.969697 | ... AF42: =AF41/AF40 -> 1.3467391
B43: 15.15 - 15.30 | C43: 3 | D43: 4 | E43: 3 | F43: 3 | G43: 0 | H43: 1 | I43: 2 | J43: 1 | K43: 3 | L43: 0 | M43: 27 | N43: 0 | O43: =SUM(C43:L43,N43) -> 20 | P43: =SUM(C43:N43) -> 47
B44: 15.30 - 15.45 | C44: 9 | D44: 2 | E44: 0 | F44: 2 | G44: 0 | H44: 1 | I44: 1 | J44: 3 | K44: 5 | L44: 0 | M44: 35 | N44: 0 | O44: =SUM(C44:L44,N44) -> 23 | P44: =SUM(C44:N44) -> 58
B45: 15.45 - 16.00 | C45: 7 | D45: 5 | E45: 3 | F45: 3 | G45: 0 | H45: 0 | I45: 2 | J45: 0 | K45: 2 | L45: 0 | M45: 28 | N45: 0 | O45: =SUM(C45:L45,N45) -> 22 | P45: =SUM(C45:N45) -> 50
B46: 16.00 - 16.15 | C46: 16 | D46: 2 | E46: 0 | F46: 5 | G46: 0 | H46: 0 | I46: 3 | J46: 1 | K46: 3 | L46: 2 | M46: 22 | N46: 0 | O46: =SUM(C46:L46,N46) -> 32 | P46: =SUM(C46:N46) -> 54
B47: 16.15 -16.30 | C47: 5 | D47: 4 | E47: 1 | F47: 3 | G47: 0 | H47: 0 | I47: 1 | J47: 0 | K47: 5 | L47: 4 | M47: 30 | N47: 0 | O47: =SUM(C47:L47,N47) -> 23 | P47: =SUM(C47:N47) -> 53
B48: 16.30 -16.45 | C48: 3 | D48: 4 | E48: 4 | F48: 6 | G48: 0 | H48: 1 | I48: 1 | J48: 0 | K48: 2 | L48: 3 | M48: 35 | N48: 0 | O48: =SUM(C48:L48,N48) -> 24 | P48: =SUM(C48:N48) -> 59
B49: 16.45 -17.00 | C49: 6 | D49: 6 | E49: 2 | F49: 3 | G49: 0 | H49: 0 | I49: 0 | J49: 0 | K49: 7 | L49: 1 | M49: 26 | N49: 0 | O49: =SUM(C49:L49,N49) -> 25 | P49: =SUM(C49:N49) -> 51
B50: 17.00 -17.15 | C50: 9 | D50: 1 | E50: 0 | F50: 4 | G50: 0 | H50: 0 | I50: 0 | J50: 0 | K50: 4 | L50: 0 | M50: 25 | N50: 0 | O50: =SUM(C50:L50,N50) -> 18 | P50: =SUM(C50:N50) -> 43
B51: 17.15 -17.30 | C51: 6 | D51: 2 | E51: 1 | F51: 7 | G51: 0 | H51: 0 | I51: 3 | J51: 0 | K51: 4 | L51: 0 | M51: 20 | N51: 0 | O51: =SUM(C51:L51,N51) -> 23 | P51: =SUM(C51:N51) -> 43
B52: 17.30 -17.45 | C52: 5 | D52: 2 | E52: 2 | F52: 1 | G52: 0 | H52: 0 | I52: 2 | J52: 0 | K52: 6 | L52: 0 | M52: 17 | N52: 0 | O52: =SUM(C52:L52,N52) -> 18 | P52: =SUM(C52:N52) -> 35
B53: 17.45 -18.00 | C53: 8 | D53: 2 | E53: 2 | F53: 4 | G53: 0 | H53: 0 | I53: 4 | J53: 0 | K53: 3 | L53: 1 | M53: 15 | N53: 0 | O53: =SUM(C53:L53,N53) -> 24 | P53: =SUM(C53:N53) -> 39
B54: 18.00 - 18.15 | C54: 4 | D54: 1 | E54: 1 | F54: 4 | G54: 1 | H54: 0 | I54: 5 | J54: 3 | K54: 4 | L54: 1 | M54: 27 | N54: 0 | O54: =SUM(C54:L54,N54) -> 24 | P54: =SUM(C54:N54) -> 51
... B105: 06.45 - 07.00 | C105: 1 | D105: 2 | E105: 0 | F105: 4 | G105: 1 | H105: 1 | I105: 0 | J105: 0 | K105: 0 | L105: 0 | M105: 6 | N105: 0 | O105: =SUM(C105:L105,N105) -> 9 | P105: =SUM(C105:N105) -> 15
B106: Totals | C106: =SUM(C10:C105) -> 351 | D106: =SUM(D10:D105) -> 123 | E106: =SUM(E10:E105) -> 72 | F106: =SUM(F10:F105) -> 278 | G106: =SUM(G10:G105) -> 8 | H106: =SUM(H10:H105) -> 33 | I106: =SUM(I10:I105) -> 94 | J106: =SUM(J10:J105) -> 65 | ... P106: =SUM(P10:P105) -> 2478
B107: %ges + MCs | C107: =C106/$P$106 -> 0.14164649 | D107: =D106/$P$106 -> 0.049636804 | E107: =E106/$P$106 -> 0.02905569 | F107: =F106/$P$106 -> 0.11218725 | G107: =G106/$P$106 -> 0.00322841 | H107: =H106/$P$106 -> 0.013317191 | I107: =I106/$P$106 -> 0.037933818 | J107: =J106/$P$106 -> 0.026230831 | ... N107: =N106/$P$106 -> 0.0020177563
B108: %ges w/o MCs | C108: =C106/$O$106 -> 0.28012769 | D108: =D106/$O$106 -> 0.098164405 | E108: =E106/$O$106 -> 0.057462091 | F108: =F106/$O$106 -> 0.22186752 | G108: =G106/$O$106 -> 0.0063846768 | H108: =H106/$O$106 -> 0.026336792 | I108: =I106/$O$106 -> 0.075019952 | J108: =J106/$O$106 -> 0.051875499 | ... L108: =L106/$O$106 -> 0.091779729 | N108: =N106/$O$106 -> 0.003990423

Sheet 1.11 Mbarara-Kabale
B1: Consultancy services for Preparation of Expressway Development Master Plan (EDMP) for Uganda
B2: MANUAL CLASSIFIED COUNT (MCC)
B3: ROAD NAME: | C3: ='27.10 Mbarara-Kabale'!C3:G3 -> MCC - C4 - STN100 - MBARARA-NTUNGAMO ROAD
C5: Date | D5: 1.11.19 | F5: Location | G5: ='2.11 Kabale-Mbarara-24hr'!G5:H5 -> Nyeihanga traffic station | J5: Surveyor | K5: ='27.10 Mbarara-Kabale'!K5:L5 -> Norman
C6: Dir. From | D6: ='27.10 Mbarara-Kabale'!D6:E6 -> Mbarara | F6: Dir. To | G6: ='27.10 Mbarara-Kabale'!G6:H6 -> Kabale | J6: Supervisor | K6: ='2.11 Kabale-Mbarara-24hr'!K6:L6 -> Norman R
B8: Time / Veh Type | R8: SUMMARY TRAFFIC VOLUMES
C9: 1. Car | D9: 2. Station Wagon | E9: 3. Pickups | F9: 4. Minibus, matatu | G9: 5. Medium bus | H9: 6. Large Bus | I9: 7. Light Truck | J9: 8. Medium Truck | K9: 9. Heavy truck | L9: 10. Truck Trailer | M9: 11. Motor cycles | N9: 12. Tractors | O9: Total Excl M/Cycles | P9: Total All | R9: Time | S9: 1. Car | T9: 2. Station Wagon | U9: 3. Pickups | V9: 4. Minibus, matatu | W9: 5. Medium bus | X9: 6. Large Bus | Y9: 7. Light Truck | Z9: 8. Medium Truck | AA9: 9. Heavy truck | AB9: 10. Truck Trailer | AC9: 11. Motorcycles | AD9: 12. Tractors, Graders | AE9: Total Excl M/ Cycles | AF9: Total All
B10: 07.00 - 07.15 | C10: 4 | D10: 2 | E10: 0 | F10: 3 | G10: 0 | H10: 0 | I10: 0 | J10: 0 | K10: 3 | L10: 2 | M10: 7 | N10: 0 | O10: =SUM(C10:L10,N10) -> 14 | P10: =SUM(C10:N10) -> 21 | R10: 0700-0800 | S10: =SUM(C10:C13) -> 11 | T10: =SUM(D10:D13) -> 6 | U10: =SUM(E10:E13) -> 1 | V10: =SUM(F10:F13) -> 9 | W10: =SUM(G10:G13) -> 0 | X10: =SUM(H10:H13) -> 0 | Y10: =SUM(I10:I13) -> 3 | Z10: =SUM(J10:J13) -> 0 | ... AF10: =SUM(P10:P13) -> 76
B11: 07.15 - 07.30 | C11: 3 | D11: 1 | E11: 0 | F11: 0 | G11: 0 | H11: 0 | I11: 2 | J11: 0 | K11: 1 | L11: 4 | M11: 3 | N11: 0 | O11: =SUM(C11:L11,N11) -> 11 | P11: =SUM(C11:N11) -> 14 | R11: 0800-0900 | S11: =SUM(C14:C17) -> 21 | T11: =SUM(D14:D17) -> 12 | U11: =SUM(E14:E17) -> 6 | V11: =SUM(F14:F17) -> 13 | W11: =SUM(G14:G17) -> 3 | X11: =SUM(H14:H17) -> 0 | Y11: =SUM(I14:I17) -> 4 | Z11: =SUM(J14:J17) -> 5 | ... AF11: =SUM(P14:P17) -> 98
B12: 07.30 - 07.45 | C12: 1 | D12: 1 | E12: 0 | F12: 4 | G12: 0 | H12: 0 | I12: 1 | J12: 0 | K12: 2 | L12: 2 | M12: 10 | N12: 0 | O12: =SUM(C12:L12,N12) -> 11 | P12: =SUM(C12:N12) -> 21 | R12: 0900-1000 | S12: =SUM(C18:C21) -> 25 | T12: =SUM(D18:D21) -> 7 | U12: =SUM(E18:E21) -> 9 | V12: =SUM(F18:F21) -> 20 | W12: =SUM(G18:G21) -> 1 | X12: =SUM(H18:H21) -> 0 | Y12: =SUM(I18:I21) -> 7 | Z12: =SUM(J18:J21) -> 7 | ... AF12: =SUM(P18:P21) -> 163
B13: 07.45 - 08.00 | C13: 3 | D13: 2 | E13: 1 | F13: 2 | G13: 0 | H13: 0 | I13: 0 | J13: 0 | K13: 0 | L13: 0 | M13: 12 | N13: 0 | O13: =SUM(C13:L13,N13) -> 8 | P13: =SUM(C13:N13) -> 20 | R13: 1000-1100 | S13: =SUM(C22:C25) -> 34 | T13: =SUM(D22:D25) -> 13 | U13: =SUM(E22:E25) -> 10 | V13: =SUM(F22:F25) -> 26 | W13: =SUM(G22:G25) -> 0 | X13: =SUM(H22:H25) -> 0 | Y13: =SUM(I22:I25) -> 10 | Z13: =SUM(J22:J25) -> 4 | ... AF13: =SUM(P22:P25) -> 180
B14: 08.00 - 08.15 | C14: 5 | D14: 6 | E14: 0 | F14: 2 | G14: 0 | H14: 0 | I14: 2 | J14: 0 | K14: 0 | L14: 0 | M14: 6 | N14: 0 | O14: =SUM(C14:L14,N14) -> 15 | P14: =SUM(C14:N14) -> 21 | R14: 1100-1200 | S14: =SUM(C26:C29) -> 30 | T14: =SUM(D26:D29) -> 11 | U14: =SUM(E26:E29) -> 6 | V14: =SUM(F26:F29) -> 19 | W14: =SUM(G26:G29) -> 2 | X14: =SUM(H26:H29) -> 3 | Y14: =SUM(I26:I29) -> 6 | Z14: =SUM(J26:J29) -> 0 | ... AF14: =SUM(P26:P29) -> 175
B15: 08.15 - 08.30 | C15: 6 | D15: 2 | E15: 3 | F15: 5 | G15: 3 | H15: 0 | I15: 0 | J15: 3 | K15: 0 | L15: 0 | M15: 10 | N15: 0 | O15: =SUM(C15:L15,N15) -> 22 | P15: =SUM(C15:N15) -> 32 | R15: 1200-1300 | S15: =SUM(C30:C33) -> 30 | T15: =SUM(D30:D33) -> 20 | U15: =SUM(E30:E33) -> 12 | V15: =SUM(F30:F33) -> 24 | W15: =SUM(G30:G33) -> 1 | X15: =SUM(H30:H33) -> 6 | Y15: =SUM(I30:I33) -> 7 | Z15: =SUM(J30:J33) -> 11 | ... AF15: =SUM(P30:P33) -> 201
B16: 08.30 - 08.45 | C16: 7 | D16: 0 | E16: 1 | F16: 6 | G16: 0 | H16: 0 | I16: 2 | J16: 0 | K16: 2 | L16: 0 | M16: 7 | N16: 0 | O16: =SUM(C16:L16,N16) -> 18 | P16: =SUM(C16:N16) -> 25 | R16: 1300-1400 | S16: =SUM(C34:C37) -> 40 | T16: =SUM(D34:D37) -> 22 | U16: =SUM(E34:E37) -> 23 | V16: =SUM(F34:F37) -> 41 | W16: =SUM(G34:G37) -> 1 | X16: =SUM(H34:H37) -> 4 | Y16: =SUM(I34:I37) -> 8 | Z16: =SUM(J34:J37) -> 6 | ... AF16: =SUM(P34:P37) -> 276
B17: 08.45 - 9.00 | C17: 3 | D17: 4 | E17: 2 | F17: 0 | G17: 0 | H17: 0 | I17: 0 | J17: 2 | K17: 0 | L17: 3 | M17: 6 | N17: 0 | O17: =SUM(C17:L17,N17) -> 14 | P17: =SUM(C17:N17) -> 20 | R17: 1400-1500 | S17: =SUM(C38:C41) -> 19 | T17: =SUM(D38:D41) -> 16 | U17: =SUM(E38:E41) -> 15 | V17: =SUM(F38:F41) -> 30 | W17: =SUM(G38:G41) -> 1 | X17: =SUM(H38:H41) -> 2 | Y17: =SUM(I38:I41) -> 5 | Z17: =SUM(J38:J41) -> 15 | ... AF17: =SUM(P38:P41) -> 194
B18: 09.00 - 09.15 | C18: 5 | D18: 4 | E18: 2 | F18: 6 | G18: 1 | H18: 0 | I18: 3 | J18: 4 | K18: 0 | L18: 2 | M18: 12 | N18: 0 | O18: =SUM(C18:L18,N18) -> 27 | P18: =SUM(C18:N18) -> 39 | R18: 1500-1600 | S18: =SUM(C42:C45) -> 31 | T18: =SUM(D42:D45) -> 11 | U18: =SUM(E42:E45) -> 10 | V18: =SUM(F42:F45) -> 21 | W18: =SUM(G42:G45) -> 2 | X18: =SUM(H42:H45) -> 0 | Y18: =SUM(I42:I45) -> 11 | Z18: =SUM(J42:J45) -> 6 | ... AF18: =SUM(P42:P45) -> 175
B19: 09.15 - 09.30 | C19: 3 | D19: 1 | E19: 2 | F19: 5 | G19: 0 | H19: 0 | I19: 1 | J19: 1 | K19: 0 | L19: 0 | M19: 27 | N19: 0 | O19: =SUM(C19:L19,N19) -> 13 | P19: =SUM(C19:N19) -> 40 | R19: 1600-1700 | S19: =SUM(C46:C49) -> 18 | T19: =SUM(D46:D49) -> 8 | U19: =SUM(E46:E49) -> 4 | V19: =SUM(F46:F49) -> 14 | W19: =SUM(G46:G49) -> 2 | X19: =SUM(H46:H49) -> 4 | Y19: =SUM(I46:I49) -> 4 | Z19: =SUM(J46:J49) -> 2 | ... AF19: =SUM(P46:P49) -> 120
B20: 09.30 - 09.45 | C20: 9 | D20: 2 | E20: 4 | F20: 3 | G20: 0 | H20: 0 | I20: 3 | J20: 2 | K20: 1 | L20: 4 | M20: 18 | N20: 0 | O20: =SUM(C20:L20,N20) -> 28 | P20: =SUM(C20:N20) -> 46 | R20: 1700-1800 | S20: =SUM(C50:C53) -> 20 | T20: =SUM(D50:D53) -> 16 | U20: =SUM(E50:E53) -> 5 | V20: =SUM(F50:F53) -> 19 | W20: =SUM(G50:G53) -> 0 | X20: =SUM(H50:H53) -> 1 | Y20: =SUM(I50:I53) -> 6 | Z20: =SUM(J50:J53) -> 0 | ... AF20: =SUM(P50:P53) -> 121
B21: 09.45 - 10.00 | C21: 8 | D21: 0 | E21: 1 | F21: 6 | G21: 0 | H21: 0 | I21: 0 | J21: 0 | K21: 0 | L21: 2 | M21: 21 | N21: 0 | O21: =SUM(C21:L21,N21) -> 17 | P21: =SUM(C21:N21) -> 38 | R21: 1800-1900 | S21: =SUM(C54:C57) -> 28 | T21: =SUM(D54:D57) -> 11 | U21: =SUM(E54:E57) -> 13 | V21: =SUM(F54:F57) -> 17 | W21: =SUM(G54:G57) -> 3 | X21: =SUM(H54:H57) -> 3 | Y21: =SUM(I54:I57) -> 12 | Z21: =SUM(J54:J57) -> 13 | ... AF21: =SUM(P54:P57) -> 195
B22: 10.00 - 10.15 | C22: 6 | D22: 2 | E22: 2 | F22: 8 | G22: 0 | H22: 0 | I22: 4 | J22: 1 | K22: 4 | L22: 3 | M22: 16 | N22: 0 | O22: =SUM(C22:L22,N22) -> 30 | P22: =SUM(C22:N22) -> 46 | R22: AM Peak Hr | S22: =MAX(S10:S12) -> 25 | T22: =MAX(T10:T12) -> 12 | U22: =MAX(U10:U12) -> 9 | V22: =MAX(V10:V12) -> 20 | W22: =MAX(W10:W12) -> 3 | X22: =MAX(X10:X12) -> 0 | Y22: =MAX(Y10:Y12) -> 7 | Z22: =MAX(Z10:Z12) -> 7 | ... AF22: =MAX(AF10:AF12) -> 163
B23: 10.15 - 10.30 | C23: 8 | D23: 2 | E23: 4 | F23: 6 | G23: 0 | H23: 0 | I23: 0 | J23: 2 | K23: 1 | L23: 6 | M23: 13 | N23: 0 | O23: =SUM(C23:L23,N23) -> 29 | P23: =SUM(C23:N23) -> 42 | R23: IP Peak Hr | S23: =MAX(S13:S18) -> 40 | T23: =MAX(T13:T18) -> 22 | U23: =MAX(U13:U18) -> 23 | V23: =MAX(V13:V18) -> 41 | W23: =MAX(W13:W18) -> 2 | X23: =MAX(X13:X18) -> 6 | Y23: =MAX(Y13:Y18) -> 11 | Z23: =MAX(Z13:Z18) -> 15 | ... AF23: =MAX(AF13:AF18) -> 276
B24: 10.30 - 10.45 | C24: 10 | D24: 5 | E24: 3 | F24: 10 | G24: 0 | H24: 0 | I24: 3 | J24: 1 | K24: 0 | L24: 3 | M24: 9 | N24: 0 | O24: =SUM(C24:L24,N24) -> 35 | P24: =SUM(C24:N24) -> 44 | R24: PM Peak Hr | S24: =MAX(S19:S21) -> 28 | T24: =MAX(T19:T21) -> 16 | U24: =MAX(U19:U21) -> 13 | V24: =MAX(V19:V21) -> 19 | W24: =MAX(W19:W21) -> 3 | X24: =MAX(X19:X21) -> 4 | Y24: =MAX(Y19:Y21) -> 12 | Z24: =MAX(Z19:Z21) -> 13 | ... AF24: =MAX(AF19:AF21) -> 195
B25: 10.45 - 11.00 | C25: 10 | D25: 4 | E25: 1 | F25: 2 | G25: 0 | H25: 0 | I25: 3 | J25: 0 | K25: 1 | L25: 0 | M25: 27 | N25: 0 | O25: =SUM(C25:L25,N25) -> 21 | P25: =SUM(C25:N25) -> 48 | R25: AM Period | S25: =SUM(S10:S12) -> 57 | T25: =SUM(T10:T12) -> 25 | U25: =SUM(U10:U12) -> 16 | V25: =SUM(V10:V12) -> 42 | W25: =SUM(W10:W12) -> 4 | X25: =SUM(X10:X12) -> 0 | Y25: =SUM(Y10:Y12) -> 14 | Z25: =SUM(Z10:Z12) -> 12 | ... AF25: =SUM(AF10:AF12) -> 337
B26: 11.00 - 11.15 | C26: 5 | D26: 0 | E26: 1 | F26: 5 | G26: 1 | H26: 0 | I26: 0 | J26: 0 | K26: 0 | L26: 3 | M26: 16 | N26: 0 | O26: =SUM(C26:L26,N26) -> 15 | P26: =SUM(C26:N26) -> 31 | R26: IP Period | S26: =SUM(S13:S18) -> 184 | T26: =SUM(T13:T18) -> 93 | U26: =SUM(U13:U18) -> 76 | V26: =SUM(V13:V18) -> 161 | W26: =SUM(W13:W18) -> 7 | X26: =SUM(X13:X18) -> 15 | Y26: =SUM(Y13:Y18) -> 47 | Z26: =SUM(Z13:Z18) -> 42 | ... AF26: =SUM(AF13:AF18) -> 1201
B27: 11.15 - 11.30 | C27: 11 | D27: 2 | E27: 4 | F27: 6 | G27: 1 | H27: 3 | I27: 1 | J27: 0 | K27: 2 | L27: 2 | M27: 23 | N27: 0 | O27: =SUM(C27:L27,N27) -> 32 | P27: =SUM(C27:N27) -> 55 | R27: PM Period | S27: =SUM(S19:S21) -> 66 | T27: =SUM(T19:T21) -> 35 | U27: =SUM(U19:U21) -> 22 | V27: =SUM(V19:V21) -> 50 | W27: =SUM(W19:W21) -> 5 | X27: =SUM(X19:X21) -> 8 | Y27: =SUM(Y19:Y21) -> 22 | Z27: =SUM(Z19:Z21) -> 15 | ... AF27: =SUM(AF19:AF21) -> 436
B28: 11.30 - 11.45 | C28: 5 | D28: 5 | E28: 1 | F28: 4 | G28: 0 | H28: 0 | I28: 2 | J28: 0 | K28: 2 | L28: 3 | M28: 13 | N28: 0 | O28: =SUM(C28:L28,N28) -> 22 | P28: =SUM(C28:N28) -> 35 | R28: 12 Hours | S28: =SUM(S10:S21) -> 307 | T28: =SUM(T10:T21) -> 153 | U28: =SUM(U10:U21) -> 114 | V28: =SUM(V10:V21) -> 253 | W28: =SUM(W10:W21) -> 16 | X28: =SUM(X10:X21) -> 23 | Y28: =SUM(Y10:Y21) -> 83 | Z28: =SUM(Z10:Z21) -> 69 | ... AF28: =SUM(AF10:AF21) -> 1974
B29: 11.45 - 12.00 | C29: 9 | D29: 4 | E29: 0 | F29: 4 | G29: 0 | H29: 0 | I29: 3 | J29: 0 | K29: 0 | L29: 3 | M29: 31 | N29: 0 | O29: =SUM(C29:L29,N29) -> 23 | P29: =SUM(C29:N29) -> 54
B30: 12.00 - 12.15 | C30: 5 | D30: 2 | E30: 0 | F30: 5 | G30: 0 | H30: 1 | I30: 4 | J30: 2 | K30: 7 | L30: 0 | M30: 17 | N30: 0 | O30: =SUM(C30:L30,N30) -> 26 | P30: =SUM(C30:N30) -> 43
B31: 12.15 - 12.30 | C31: 8 | D31: 10 | E31: 4 | F31: 9 | G31: 1 | H31: 2 | I31: 1 | J31: 4 | K31: 3 | L31: 6 | M31: 21 | N31: 0 | O31: =SUM(C31:L31,N31) -> 48 | P31: =SUM(C31:N31) -> 69
B32: 12.30 - 12.45 | C32: 13 | D32: 6 | E32: 7 | F32: 6 | G32: 0 | H32: 0 | I32: 0 | J32: 2 | K32: 1 | L32: 4 | M32: 11 | N32: 0 | O32: =SUM(C32:L32,N32) -> 39 | P32: =SUM(C32:N32) -> 50
B33: 12.45 - 13.00 | C33: 4 | D33: 2 | E33: 1 | F33: 4 | G33: 0 | H33: 3 | I33: 2 | J33: 3 | K33: 0 | L33: 5 | M33: 15 | N33: 0 | O33: =SUM(C33:L33,N33) -> 24 | P33: =SUM(C33:N33) -> 39
B34: 13.00 - 13.15 | C34: 6 | D34: 3 | E34: 7 | F34: 11 | G34: 0 | H34: 1 | I34: 4 | J34: 2 | K34: 8 | L34: 5 | M34: 32 | N34: 0 | O34: =SUM(C34:L34,N34) -> 47 | P34: =SUM(C34:N34) -> 79
B35: 13.15 - 13.30 | C35: 10 | D35: 9 | E35: 4 | F35: 20 | G35: 0 | H35: 3 | I35: 0 | J35: 0 | K35: 5 | L35: 12 | M35: 23 | N35: 0 | O35: =SUM(C35:L35,N35) -> 63 | P35: =SUM(C35:N35) -> 86
B36: 13.30 - 13.45 | C36: 7 | D36: 3 | E36: 10 | F36: 8 | G36: 0 | H36: 0 | I36: 0 | J36: 3 | K36: 9 | L36: 8 | M36: 13 | N36: 0 | O36: =SUM(C36:L36,N36) -> 48 | P36: =SUM(C36:N36) -> 61
B37: 13.45 - 14.00 | C37: 17 | D37: 7 | E37: 2 | F37: 2 | G37: 1 | H37: 0 | I37: 4 | J37: 1 | K37: 3 | L37: 4 | M37: 9 | N37: 0 | O37: =SUM(C37:L37,N37) -> 41 | P37: =SUM(C37:N37) -> 50
B38: 14.00 - 14.15 | C38: 7 | D38: 3 | E38: 2 | F38: 12 | G38: 0 | H38: 2 | I38: 4 | J38: 2 | K38: 5 | L38: 7 | M38: 6 | N38: 0 | O38: =SUM(C38:L38,N38) -> 44 | P38: =SUM(C38:N38) -> 50
B39: 14.15 - 14.30 | C39: 4 | D39: 10 | E39: 7 | F39: 9 | G39: 1 | H39: 0 | I39: 1 | J39: 10 | K39: 7 | L39: 4 | M39: 11 | N39: 0 | O39: =SUM(C39:L39,N39) -> 53 | P39: =SUM(C39:N39) -> 64
B40: 14.30 - 14.45 | C40: 3 | D40: 0 | E40: 2 | F40: 4 | G40: 0 | H40: 0 | I40: 0 | J40: 1 | K40: 3 | L40: 8 | M40: 11 | N40: 0 | O40: =SUM(C40:L40,N40) -> 21 | P40: =SUM(C40:N40) -> 32
... B57: 18.45 - 19.00 | C57: 11 | D57: 6 | E57: 8 | F57: 12 | G57: 0 | H57: 0 | I57: 2 | J57: 8 | K57: 5 | L57: 4 | M57: 26 | N57: 0 | O57: =SUM(C57:L57,N57) -> 56 | P57: =SUM(C57:N57) -> 82
B58: Totals | C58: =SUM(C10:C57) -> 307 | D58: =SUM(D10:D57) -> 153 | E58: =SUM(E10:E57) -> 114 | F58: =SUM(F10:F57) -> 253 | G58: =SUM(G10:G57) -> 16 | H58: =SUM(H10:H57) -> 23 | I58: =SUM(I10:I57) -> 83 | J58: =SUM(J10:J57) -> 69 | ... P58: =SUM(P10:P57) -> 1974
B59: %ges + MCs | C59: =C58/$P$58 -> 0.15552178 | D59: =D58/$P$58 -> 0.077507599 | E59: =E58/$P$58 -> 0.05775076 | F59: =F58/$P$58 -> 0.12816616 | G59: =G58/$P$58 -> 0.0081053698 | H59: =H58/$P$58 -> 0.011651469 | I59: =I58/$P$58 -> 0.042046606 | J59: =J58/$P$58 -> 0.034954407 | ... N59: =N58/$P$58 -> 0
B60: %ges w/o MCs | C60: =C58/$O$58 -> 0.24540368 | D60: =D58/$O$58 -> 0.12230216 | E60: =E58/$O$58 -> 0.091127098 | F60: =F58/$O$58 -> 0.20223821 | G60: =G58/$O$58 -> 0.012789768 | H60: =H58/$O$58 -> 0.018385292 | I60: =I58/$O$58 -> 0.066346922 | J60: =J58/$O$58 -> 0.055155875 | ... L60: =L58/$O$58 -> 0.11111111 | N60: =N58/$O$58 -> 0

Sheet 1.11 Kabale-Mbarara
B1: Consultancy services for Preparation of Expressway Development Master Plan (EDMP) for Uganda
B2: MANUAL CLASSIFIED COUNT (MCC)
B3: ROAD NAME: | C3: ='27.10 Kabale-Mbarara'!C3:G3 -> MCC - C4 - STN100 - MBARARA-NTUNGAMO ROAD
C5: Date | D5: ='1.11 Mbarara-Kabale'!D5 -> 1.11.19 | F5: Location | G5: ='1.11 Mbarara-Kabale'!G5:H5 -> Nyeihanga traffic station | J5: Surveyor | K5: ='31.10 Mbarara-Kabale-24hr'!K5:L5 -> Onesmus, Justine
C6: Dir. From | D6: ='27.10 Kabale-Mbarara'!D6:E6 -> Kabale | F6: Dir. To | G6: ='27.10 Kabale-Mbarara'!G6:H6 -> Mbarara | J6: Supervisor | K6: ='1.11 Mbarara-Kabale'!K6:L6 -> Norman R
B8: Time / Veh Type | R8: SUMMARY TRAFFIC VOLUMES
C9: 1. Car | D9: 2. Station Wagon | E9: 3. Pickups | F9: 4. Minibus, matatu | G9: 5. Medium bus | H9: 6. Large Bus | I9: 7. Light Truck | J9: 8. Medium Truck | K9: 9. Heavy truck | L9: 10. Truck Trailer | M9: 11. Motor cycles | N9: 12. Tractors | O9: Total Excl M/Cycles | P9: Total All | R9: Time | S9: 1. Car | T9: 2. Station Wagon | U9: 3. Pickups | V9: 4. Minibus, matatu | W9: 5. Medium bus | X9: 6. Large Bus | Y9: 7. Light Truck | Z9: 8. Medium Truck | AA9: 9. Heavy truck | AB9: 10. Truck Trailer | AC9: 11. Motorcycles | AD9: 12. Tractors, Graders | AE9: Total Excl M/ Cycles | AF9: Total All
B10: 07.00 - 07.15 | C10: 3 | D10: 0 | E10: 0 | F10: 4 | G10: 0 | H10: 0 | I10: 1 | J10: 0 | K10: 0 | L10: 2 | M10: 7 | N10: 0 | O10: =SUM(C10:L10,N10) -> 10 | P10: =SUM(C10:N10) -> 17 | R10: 0700-0800 | S10: =SUM(C10:C13) -> 11 | T10: =SUM(D10:D13) -> 1 | U10: =SUM(E10:E13) -> 1 | V10: =SUM(F10:F13) -> 13 | W10: =SUM(G10:G13) -> 0 | X10: =SUM(H10:H13) -> 2 | Y10: =SUM(I10:I13) -> 2 | Z10: =SUM(J10:J13) -> 1 | ... AF10: =SUM(P10:P13) -> 90
B11: 07.15 - 07.30 | C11: 1 | D11: 1 | E11: 0 | F11: 3 | G11: 0 | H11: 0 | I11: 0 | J11: 0 | K11: 0 | L11: 3 | M11: 16 | N11: 0 | O11: =SUM(C11:L11,N11) -> 8 | P11: =SUM(C11:N11) -> 24 | R11: 0800-0900 | S11: =SUM(C14:C17) -> 12 | T11: =SUM(D14:D17) -> 1 | U11: =SUM(E14:E17) -> 2 | V11: =SUM(F14:F17) -> 18 | W11: =SUM(G14:G17) -> 2 | X11: =SUM(H14:H17) -> 0 | Y11: =SUM(I14:I17) -> 2 | Z11: =SUM(J14:J17) -> 0 | ... AF11: =SUM(P14:P17) -> 78
B12: 07.30 - 07.45 | C12: 4 | D12: 0 | E12: 1 | F12: 2 | G12: 0 | H12: 0 | I12: 1 | J12: 0 | K12: 3 | L12: 7 | M12: 5 | N12: 0 | O12: =SUM(C12:L12,N12) -> 18 | P12: =SUM(C12:N12) -> 23 | R12: 0900-1000 | S12: =SUM(C18:C21) -> 23 | T12: =SUM(D18:D21) -> 7 | U12: =SUM(E18:E21) -> 1 | V12: =SUM(F18:F21) -> 21 | W12: =SUM(G18:G21) -> 1 | X12: =SUM(H18:H21) -> 1 | Y12: =SUM(I18:I21) -> 0 | Z12: =SUM(J18:J21) -> 8 | ... AF12: =SUM(P18:P21) -> 123
B13: 07.45 - 08.00 | C13: 3 | D13: 0 | E13: 0 | F13: 4 | G13: 0 | H13: 2 | I13: 0 | J13: 1 | K13: 2 | L13: 1 | M13: 13 | N13: 0 | O13: =SUM(C13:L13,N13) -> 13 | P13: =SUM(C13:N13) -> 26 | R13: 1000-1100 | S13: =SUM(C22:C25) -> 23 | T13: =SUM(D22:D25) -> 3 | U13: =SUM(E22:E25) -> 2 | V13: =SUM(F22:F25) -> 23 | W13: =SUM(G22:G25) -> 0 | X13: =SUM(H22:H25) -> 2 | Y13: =SUM(I22:I25) -> 3 | Z13: =SUM(J22:J25) -> 0 | ... AF13: =SUM(P22:P25) -> 110
B14: 08.00 - 08.15 | C14: 3 | D14: 1 | E14: 0 | F14: 3 | G14: 2 | H14: 0 | I14: 2 | J14: 0 | K14: 1 | L14: 1 | M14: 9 | N14: 0 | O14: =SUM(C14:L14,N14) -> 13 | P14: =SUM(C14:N14) -> 22 | R14: 1100-1200 | S14: =SUM(C26:C29) -> 32 | T14: =SUM(D26:D29) -> 3 | U14: =SUM(E26:E29) -> 5 | V14: =SUM(F26:F29) -> 22 | W14: =SUM(G26:G29) -> 1 | X14: =SUM(H26:H29) -> 1 | Y14: =SUM(I26:I29) -> 4 | Z14: =SUM(J26:J29) -> 1 | ... AF14: =SUM(P26:P29) -> 134
B15: 08.15 - 08.30 | C15: 4 | D15: 0 | E15: 0 | F15: 3 | G15: 0 | H15: 0 | I15: 0 | J15: 0 | K15: 0 | L15: 0 | M15: 7 | N15: 0 | O15: =SUM(C15:L15,N15) -> 7 | P15: =SUM(C15:N15) -> 14 | R15: 1200-1300 | S15: =SUM(C30:C33) -> 22 | T15: =SUM(D30:D33) -> 3 | U15: =SUM(E30:E33) -> 5 | V15: =SUM(F30:F33) -> 29 | W15: =SUM(G30:G33) -> 0 | X15: =SUM(H30:H33) -> 8 | Y15: =SUM(I30:I33) -> 4 | Z15: =SUM(J30:J33) -> 4 | ... AF15: =SUM(P30:P33) -> 120
B16: 08.30 - 08.45 | C16: 3 | D16: 0 | E16: 0 | F16: 7 | G16: 0 | H16: 0 | I16: 0 | J16: 0 | K16: 0 | L16: 2 | M16: 5 | N16: 0 | O16: =SUM(C16:L16,N16) -> 12 | P16: =SUM(C16:N16) -> 17 | R16: 1300-1400 | S16: =SUM(C34:C37) -> 24 | T16: =SUM(D34:D37) -> 4 | U16: =SUM(E34:E37) -> 5 | V16: =SUM(F34:F37) -> 26 | W16: =SUM(G34:G37) -> 0 | X16: =SUM(H34:H37) -> 1 | Y16: =SUM(I34:I37) -> 7 | Z16: =SUM(J34:J37) -> 1 | ... AF16: =SUM(P34:P37) -> 128
B17: 08.45 - 9.00 | C17: 2 | D17: 0 | E17: 2 | F17: 5 | G17: 0 | H17: 0 | I17: 0 | J17: 0 | K17: 3 | L17: 0 | M17: 13 | N17: 0 | O17: =SUM(C17:L17,N17) -> 12 | P17: =SUM(C17:N17) -> 25 | R17: 1400-1500 | S17: =SUM(C38:C41) -> 38 | T17: =SUM(D38:D41) -> 7 | U17: =SUM(E38:E41) -> 7 | V17: =SUM(F38:F41) -> 18 | W17: =SUM(G38:G41) -> 1 | X17: =SUM(H38:H41) -> 1 | Y17: =SUM(I38:I41) -> 6 | Z17: =SUM(J38:J41) -> 4 | ... AF17: =SUM(P38:P41) -> 163
B18: 09.00 - 09.15 | C18: 4 | D18: 0 | E18: 0 | F18: 6 | G18: 0 | H18: 0 | I18: 0 | J18: 2 | K18: 0 | L18: 1 | M18: 12 | N18: 0 | O18: =SUM(C18:L18,N18) -> 13 | P18: =SUM(C18:N18) -> 25 | R18: 1500-1600 | S18: =SUM(C42:C45) -> 44 | T18: =SUM(D42:D45) -> 3 | U18: =SUM(E42:E45) -> 3 | V18: =SUM(F42:F45) -> 29 | W18: =SUM(G42:G45) -> 1 | X18: =SUM(H42:H45) -> 0 | Y18: =SUM(I42:I45) -> 5 | Z18: =SUM(J42:J45) -> 6 | ... AF18: =SUM(P42:P45) -> 168
B19: 09.15 - 09.30 | C19: 8 | D19: 0 | E19: 0 | F19: 4 | G19: 0 | H19: 1 | I19: 0 | J19: 0 | K19: 0 | L19: 2 | M19: 17 | N19: 0 | O19: =SUM(C19:L19,N19) -> 15 | P19: =SUM(C19:N19) -> 32 | R19: 1600-1700 | S19: =SUM(C46:C49) -> 18 | T19: =SUM(D46:D49) -> 3 | U19: =SUM(E46:E49) -> 5 | V19: =SUM(F46:F49) -> 17 | W19: =SUM(G46:G49) -> 0 | X19: =SUM(H46:H49) -> 0 | Y19: =SUM(I46:I49) -> 3 | Z19: =SUM(J46:J49) -> 9 | ... AF19: =SUM(P46:P49) -> 139
B20: 09.30 - 09.45 | C20: 3 | D20: 2 | E20: 1 | F20: 7 | G20: 0 | H20: 0 | I20: 0 | J20: 4 | K20: 2 | L20: 0 | M20: 13 | N20: 0 | O20: =SUM(C20:L20,N20) -> 19 | P20: =SUM(C20:N20) -> 32 | R20: 1700-1800 | S20: =SUM(C50:C53) -> 16 | T20: =SUM(D50:D53) -> 3 | U20: =SUM(E50:E53) -> 9 | V20: =SUM(F50:F53) -> 18 | W20: =SUM(G50:G53) -> 0 | X20: =SUM(H50:H53) -> 1 | Y20: =SUM(I50:I53) -> 6 | Z20: =SUM(J50:J53) -> 9 | ... AF20: =SUM(P50:P53) -> 121
B21: 09.45 - 10.00 | C21: 8 | D21: 5 | E21: 0 | F21: 4 | G21: 1 | H21: 0 | I21: 0 | J21: 2 | K21: 0 | L21: 4 | M21: 10 | N21: 0 | O21: =SUM(C21:L21,N21) -> 24 | P21: =SUM(C21:N21) -> 34 | R21: 1800-1900 | S21: =SUM(C54:C57) -> 15 | T21: =SUM(D54:D57) -> 5 | U21: =SUM(E54:E57) -> 5 | V21: =SUM(F54:F57) -> 20 | W21: =SUM(G54:G57) -> 2 | X21: =SUM(H54:H57) -> 0 | Y21: =SUM(I54:I57) -> 6 | Z21: =SUM(J54:J57) -> 4 | ... AF21: =SUM(P54:P57) -> 109
B22: 10.00 - 10.15 | C22: 2 | D22: 1 | E22: 0 | F22: 4 | G22: 0 | H22: 0 | I22: 2 | J22: 0 | K22: 0 | L22: 2 | M22: 9 | N22: 0 | O22: =SUM(C22:L22,N22) -> 11 | P22: =SUM(C22:N22) -> 20 | R22: AM Peak Hr | S22: =MAX(S10:S12) -> 23 | T22: =MAX(T10:T12) -> 7 | U22: =MAX(U10:U12) -> 2 | V22: =MAX(V10:V12) -> 21 | W22: =MAX(W10:W12) -> 2 | X22: =MAX(X10:X12) -> 2 | Y22: =MAX(Y10:Y12) -> 2 | Z22: =MAX(Z10:Z12) -> 8 | ... AF22: =MAX(AF10:AF12) -> 123
B23: 10.15 - 10.30 | C23: 4 | D23: 0 | E23: 0 | F23: 6 | G23: 0 | H23: 0 | I23: 0 | J23: 0 | K23: 2 | L23: 0 | M23: 7 | N23: 0 | O23: =SUM(C23:L23,N23) -> 12 | P23: =SUM(C23:N23) -> 19 | R23: IP Peak Hr | S23: =MAX(S13:S18) -> 44 | T23: =MAX(T13:T18) -> 7 | U23: =MAX(U13:U18) -> 7 | V23: =MAX(V13:V18) -> 29 | W23: =MAX(W13:W18) -> 1 | X23: =MAX(X13:X18) -> 8 | Y23: =MAX(Y13:Y18) -> 7 | Z23: =MAX(Z13:Z18) -> 6 | ... AF23: =MAX(AF13:AF18) -> 168
B24: 10.30 - 10.45 | C24: 2 | D24: 2 | E24: 1 | F24: 9 | G24: 0 | H24: 0 | I24: 1 | J24: 0 | K24: 0 | L24: 4 | M24: 12 | N24: 0 | O24: =SUM(C24:L24,N24) -> 19 | P24: =SUM(C24:N24) -> 31 | R24: PM Peak Hr | S24: =MAX(S19:S21) -> 18 | T24: =MAX(T19:T21) -> 5 | U24: =MAX(U19:U21) -> 9 | V24: =MAX(V19:V21) -> 20 | W24: =MAX(W19:W21) -> 2 | X24: =MAX(X19:X21) -> 1 | Y24: =MAX(Y19:Y21) -> 6 | Z24: =MAX(Z19:Z21) -> 9 | ... AF24: =MAX(AF19:AF21) -> 139
B25: 10.45 - 11.00 | C25: 15 | D25: 0 | E25: 1 | F25: 4 | G25: 0 | H25: 2 | I25: 0 | J25: 0 | K25: 1 | L25: 1 | M25: 16 | N25: 0 | O25: =SUM(C25:L25,N25) -> 24 | P25: =SUM(C25:N25) -> 40 | R25: AM Period | S25: =SUM(S10:S12) -> 46 | T25: =SUM(T10:T12) -> 9 | U25: =SUM(U10:U12) -> 4 | V25: =SUM(V10:V12) -> 52 | W25: =SUM(W10:W12) -> 3 | X25: =SUM(X10:X12) -> 3 | Y25: =SUM(Y10:Y12) -> 4 | Z25: =SUM(Z10:Z12) -> 9 | ... AF25: =SUM(AF10:AF12) -> 291
B26: 11.00 - 11.15 | C26: 7 | D26: 0 | E26: 1 | F26: 3 | G26: 0 | H26: 0 | I26: 0 | J26: 0 | K26: 2 | L26: 4 | M26: 12 | N26: 0 | O26: =SUM(C26:L26,N26) -> 17 | P26: =SUM(C26:N26) -> 29 | R26: IP Period | S26: =SUM(S13:S18) -> 183 | T26: =SUM(T13:T18) -> 23 | U26: =SUM(U13:U18) -> 27 | V26: =SUM(V13:V18) -> 147 | W26: =SUM(W13:W18) -> 3 | X26: =SUM(X13:X18) -> 13 | Y26: =SUM(Y13:Y18) -> 29 | Z26: =SUM(Z13:Z18) -> 16 | ... AF26: =SUM(AF13:AF18) -> 823
B27: 11.15 - 11.30 | C27: 10 | D27: 0 | E27: 1 | F27: 7 | G27: 1 | H27: 0 | I27: 0 | J27: 1 | K27: 1 | L27: 0 | M27: 11 | N27: 0 | O27: =SUM(C27:L27,N27) -> 21 | P27: =SUM(C27:N27) -> 32 | R27: PM Period | S27: =SUM(S19:S21) -> 49 | T27: =SUM(T19:T21) -> 11 | U27: =SUM(U19:U21) -> 19 | V27: =SUM(V19:V21) -> 55 | W27: =SUM(W19:W21) -> 2 | X27: =SUM(X19:X21) -> 1 | Y27: =SUM(Y19:Y21) -> 15 | Z27: =SUM(Z19:Z21) -> 22 | ... AF27: =SUM(AF19:AF21) -> 369
B28: 11.30 - 11.45 | C28: 4 | D28: 1 | E28: 3 | F28: 4 | G28: 0 | H28: 0 | I28: 0 | J28: 0 | K28: 5 | L28: 2 | M28: 10 | N28: 0 | O28: =SUM(C28:L28,N28) -> 19 | P28: =SUM(C28:N28) -> 29 | R28: 12 Hours | S28: =SUM(S10:S21) -> 278 | T28: =SUM(T10:T21) -> 43 | U28: =SUM(U10:U21) -> 50 | V28: =SUM(V10:V21) -> 254 | W28: =SUM(W10:W21) -> 8 | X28: =SUM(X10:X21) -> 17 | Y28: =SUM(Y10:Y21) -> 48 | Z28: =SUM(Z10:Z21) -> 47 | ... AF28: =SUM(AF10:AF21) -> 1483
B29: 11.45 - 12.00 | C29: 11 | D29: 2 | E29: 0 | F29: 8 | G29: 0 | H29: 1 | I29: 4 | J29: 0 | K29: 4 | L29: 6 | M29: 8 | N29: 0 | O29: =SUM(C29:L29,N29) -> 36 | P29: =SUM(C29:N29) -> 44
B30: 12.00 - 12.15 | C30: 3 | D30: 0 | E30: 1 | F30: 4 | G30: 0 | H30: 1 | I30: 0 | J30: 1 | K30: 0 | L30: 3 | M30: 11 | N30: 0 | O30: =SUM(C30:L30,N30) -> 13 | P30: =SUM(C30:N30) -> 24
B31: 12.15 - 12.30 | C31: 9 | D31: 1 | E31: 0 | F31: 9 | G31: 0 | H31: 1 | I31: 0 | J31: 1 | K31: 0 | L31: 2 | M31: 9 | N31: 0 | O31: =SUM(C31:L31,N31) -> 23 | P31: =SUM(C31:N31) -> 32
B32: 12.30 - 12.45 | C32: 4 | D32: 2 | E32: 4 | F32: 10 | G32: 0 | H32: 2 | I32: 4 | J32: 2 | K32: 4 | L32: 4 | M32: 4 | N32: 0 | O32: =SUM(C32:L32,N32) -> 36 | P32: =SUM(C32:N32) -> 40
B33: 12.45 - 13.00 | C33: 6 | D33: 0 | E33: 0 | F33: 6 | G33: 0 | H33: 4 | I33: 0 | J33: 0 | K33: 6 | L33: 2 | M33: 14- | N33: 0 | O33: =SUM(C33:L33,N33) -> 24 | P33: =SUM(C33:N33) -> 24
B34: 13.00 - 13.15 | C34: 5 | D34: 0 | E34: 2 | F34: 6 | G34: 0 | H34: 1 | I34: 4 | J34: 1 | K34: 2 | L34: 7 | M34: 9 | N34: 0 | O34: =SUM(C34:L34,N34) -> 28 | P34: =SUM(C34:N34) -> 37
B35: 13.15 - 13.30 | C35: 9 | D35: 3 | E35: 1 | F35: 11 | G35: 0 | H35: 0 | I35: 2 | J35: 0 | K35: 0 | L35: 3 | M35: 14 | N35: 0 | O35: =SUM(C35:L35,N35) -> 29 | P35: =SUM(C35:N35) -> 43
B36: 13.30 - 13.45 | C36: 4 | D36: 1 | E36: 2 | F36: 3 | G36: 0 | H36: 0 | I36: 1 | J36: 0 | K36: 0 | L36: 1 | M36: 8 | N36: 0 | O36: =SUM(C36:L36,N36) -> 12 | P36: =SUM(C36:N36) -> 20
B37: 13.45 - 14.00 | C37: 6 | D37: 0 | E37: 0 | F37: 6 | G37: 0 | H37: 0 | I37: 0 | J37: 0 | K37: 2 | L37: 4 | M37: 10 | N37: 0 | O37: =SUM(C37:L37,N37) -> 18 | P37: =SUM(C37:N37) -> 28
B38: 14.00 - 14.15 | C38: 14 | D38: 0 | E38: 2 | F38: 6 | G38: 0 | H38: 0 | I38: 2 | J38: 0 | K38: 0 | L38: 4 | M38: 15 | N38: 0 | O38: =SUM(C38:L38,N38) -> 28 | P38: =SUM(C38:N38) -> 43
B39: 14.15 - 14.30 | C39: 8 | D39: 4 | E39: 0 | F39: 4 | G39: 1 | H39: 0 | I39: 3 | J39: 0 | K39: 4 | L39: 2 | M39: 12 | N39: 0 | O39: =SUM(C39:L39,N39) -> 26 | P39: =SUM(C39:N39) -> 38
B40: 14.30 - 14.45 | C40: 11 | D40: 1 | E40: 1 | F40: 8 | G40: 0 | H40: 1 | I40: 1 | J40: 3 | K40: 0 | L40: 5 | M40: 22 | N40: 0 | O40: =SUM(C40:L40,N40) -> 31 | P40: =SUM(C40:N40) -> 53
B41: 14.45 - 15.00 | C41: 5 | D41: 2 | E41: 4 | F41: 0 | G41: 0 | H41: 0 | I41: 0 | J41: 1 | K41: 2 | L41: 2 | M41: 13 | N41: 0 | O41: =SUM(C41:L41,N41) -> 16 | P41: =SUM(C41:N41) -> 29
B42: 15.00 - 15.15 | C42: 11 | D42: 2 | E42: 0 | F42: 7 | G42: 0 | H42: 0 | I42: 2 | J42: 1 | K42: 0 | L42: 3 | M42: 12 | N42: 0 | O42: =SUM(C42:L42,N42) -> 26 | P42: =SUM(C42:N42) -> 38
B43: 15.15 - 15.30 | C43: 6 | D43: 1 | E43: 2 | F43: 11 | G43: 1 | H43: 0 | I43: 0 | J43: 3 | K43: 0 | L43: 1 | M43: 20 | N43: 0 | O43: =SUM(C43:L43,N43) -> 25 | P43: =SUM(C43:N43) -> 45
B44: 15.30 - 15.45 | C44: 11 | D44: 0 | E44: 0 | F44: 4 | G44: 0 | H44: 0 | I44: 0 | J44: 2 | K44: 1 | L44: 5 | M44: 12 | N44: 0 | O44: =SUM(C44:L44,N44) -> 23 | P44: =SUM(C44:N44) -> 35
B45: 15.45 - 16.00 | C45: 16 | D45: 0 | E45: 1 | F45: 7 | G45: 0 | H45: 0 | I45: 3 | J45: 0 | K45: 0 | L45: 1 | M45: 22 | N45: 0 | O45: =SUM(C45:L45,N45) -> 28 | P45: =SUM(C45:N45) -> 50
... B57: 18.45 - 19.00 | C57: 4 | D57: 2 | E57: 0 | F57: 3 | G57: 0 | H57: 0 | I57: 2 | J57: 1 | K57: 3 | L57: 0 | M57: 10 | N57: 0 | O57: =SUM(C57:L57,N57) -> 15 | P57: =SUM(C57:N57) -> 25
B58: Totals | C58: =SUM(C10:C57) -> 278 | D58: =SUM(D10:D57) -> 43 | E58: =SUM(E10:E57) -> 50 | F58: =SUM(F10:F57) -> 254 | G58: =SUM(G10:G57) -> 8 | H58: =SUM(H10:H57) -> 17 | I58: =SUM(I10:I57) -> 48 | J58: =SUM(J10:J57) -> 47 | ... P58: =SUM(P10:P57) -> 1483
B59: %ges + MCs | C59: =C58/$P$58 -> 0.18745786 | D59: =D58/$P$58 -> 0.02899528 | E59: =E58/$P$58 -> 0.033715442 | F59: =F58/$P$58 -> 0.17127444 | G59: =G58/$P$58 -> 0.0053944707 | H59: =H58/$P$58 -> 0.01146325 | I59: =I58/$P$58 -> 0.032366824 | J59: =J58/$P$58 -> 0.031692515 | ... N59: =N58/$P$58 -> 0
B60: %ges w/o MCs | C60: =C58/$O$58 -> 0.30021598 | D60: =D58/$O$58 -> 0.046436285 | E60: =E58/$O$58 -> 0.05399568 | F60: =F58/$O$58 -> 0.27429806 | G60: =G58/$O$58 -> 0.0086393089 | H60: =H58/$O$58 -> 0.018358531 | I60: =I58/$O$58 -> 0.051835853 | J60: =J58/$O$58 -> 0.05075594 | ... L60: =L58/$O$58 -> 0.12742981 | N60: =N58/$O$58 -> 0

Sheet 2.11 Mbarara-Kabale-24hr
B1: Consultancy services for Preparation of Expressway Development Master Plan (EDMP) for Uganda
B2: MANUAL CLASSIFIED COUNT (MCC)
B3: ROAD NAME: | C3: ='27.10 Mbarara-Kabale'!C3:G3 -> MCC - C4 - STN100 - MBARARA-NTUNGAMO ROAD
C5: Date | D5: 2.11.19 | F5: Location | G5: ='31.10 Kabale-Mbarara-24hr'!G5:H5 -> Nyeihanga traffic station | J5: Surveyor | K5: Onesmus, John
C6: Dir. From | D6: ='27.10 Mbarara-Kabale'!D6:E6 -> Mbarara | F6: Dir. To | G6: ='27.10 Mbarara-Kabale'!G6:H6 -> Kabale | J6: Supervisor | K6: ='31.10 Kabale-Mbarara-24hr'!K6:L6 -> Norman R
B8: Time / Veh Type | R8: SUMMARY TRAFFIC VOLUMES
C9: 1. Car | D9: 2. Station Wagon | E9: 3. Pickups | F9: 4. Minibus, matatu | G9: 5. Medium bus | H9: 6. Large Bus | I9: 7. Light Truck | J9: 8. Medium Truck | K9: 9. Heavy truck | L9: 10. Truck Trailer | M9: 11. Motor cycles | N9: 12. Tractors | O9: Total Excl M/Cycles | P9: Total All | R9: Time | S9: 1. Car | T9: 2. Station Wagon | U9: 3. Pickups | V9: 4. Minibus, matatu | W9: 5. Medium bus | X9: 6. Large Bus | Y9: 7. Light Truck | Z9: 8. Medium Truck | AA9: 9. Heavy truck | AB9: 10. Truck Trailer | AC9: 11. Motorcycles | AD9: 12. Tractors, Graders | AE9: Total Excl M/ Cycles | AF9: Total All
B10: 07.00 - 07.15 | C10: 4 | D10: 0 | E10: 0 | F10: 4 | G10: 0 | H10: 0 | I10: 1 | J10: 4 | K10: 1 | L10: 0 | M10: 7 | N10: 0 | O10: =SUM(C10:L10,N10) -> 14 | P10: =SUM(C10:N10) -> 21 | R10: 0700-0800 | S10: =SUM(C10:C13) -> 25 | T10: =SUM(D10:D13) -> 2 | U10: =SUM(E10:E13) -> 1 | V10: =SUM(F10:F13) -> 12 | W10: =SUM(G10:G13) -> 1 | X10: =SUM(H10:H13) -> 0 | Y10: =SUM(I10:I13) -> 5 | Z10: =SUM(J10:J13) -> 9 | ... AF10: =SUM(P10:P13) -> 108
B11: 07.15 - 07.30 | C11: 6 | D11: 0 | E11: 0 | F11: 2 | G11: 0 | H11: 0 | I11: 1 | J11: 2 | K11: 1 | L11: 2 | M11: 18 | N11: 0 | O11: =SUM(C11:L11,N11) -> 14 | P11: =SUM(C11:N11) -> 32 | R11: 0800-0900 | S11: =SUM(C14:C17) -> 19 | T11: =SUM(D14:D17) -> 8 | U11: =SUM(E14:E17) -> 5 | V11: =SUM(F14:F17) -> 7 | W11: =SUM(G14:G17) -> 2 | X11: =SUM(H14:H17) -> 0 | Y11: =SUM(I14:I17) -> 3 | Z11: =SUM(J14:J17) -> 5 | ... AF11: =SUM(P14:P17) -> 80
B12: 07.30 - 07.45 | C12: 8 | D12: 0 | E12: 0 | F12: 2 | G12: 0 | H12: 0 | I12: 2 | J12: 1 | K12: 0 | L12: 2 | M12: 8 | N12: 0 | O12: =SUM(C12:L12,N12) -> 15 | P12: =SUM(C12:N12) -> 23 | R12: 0900-1000 | S12: =SUM(C18:C21) -> 23 | T12: =SUM(D18:D21) -> 14 | U12: =SUM(E18:E21) -> 6 | V12: =SUM(F18:F21) -> 13 | W12: =SUM(G18:G21) -> 0 | X12: =SUM(H18:H21) -> 0 | Y12: =SUM(I18:I21) -> 3 | Z12: =SUM(J18:J21) -> 6 | ... AF12: =SUM(P18:P21) -> 129
B13: 07.45 - 08.00 | C13: 7 | D13: 2 | E13: 1 | F13: 4 | G13: 1 | H13: 0 | I13: 1 | J13: 2 | K13: 1 | L13: 1 | M13: 12 | N13: 0 | O13: =SUM(C13:L13,N13) -> 20 | P13: =SUM(C13:N13) -> 32 | R13: 1000-1100 | S13: =SUM(C22:C25) -> 42 | T13: =SUM(D22:D25) -> 12 | U13: =SUM(E22:E25) -> 6 | V13: =SUM(F22:F25) -> 18 | W13: =SUM(G22:G25) -> 0 | X13: =SUM(H22:H25) -> 7 | Y13: =SUM(I22:I25) -> 3 | Z13: =SUM(J22:J25) -> 11 | ... AF13: =SUM(P22:P25) -> 177
B14: 08.00 - 08.15 | C14: 7 | D14: 1 | E14: 1 | F14: 1 | G14: 0 | H14: 0 | I14: 0 | J14: 2 | K14: 0 | L14: 1 | M14: 2 | N14: 0 | O14: =SUM(C14:L14,N14) -> 13 | P14: =SUM(C14:N14) -> 15 | R14: 1100-1200 | S14: =SUM(C26:C29) -> 41 | T14: =SUM(D26:D29) -> 24 | U14: =SUM(E26:E29) -> 9 | V14: =SUM(F26:F29) -> 21 | W14: =SUM(G26:G29) -> 1 | X14: =SUM(H26:H29) -> 0 | Y14: =SUM(I26:I29) -> 4 | Z14: =SUM(J26:J29) -> 7 | ... AF14: =SUM(P26:P29) -> 151
B15: 08.15 - 08.30 | C15: 6 | D15: 0 | E15: 0 | F15: 2 | G15: 1 | H15: 0 | I15: 1 | J15: 0 | K15: 0 | L15: 0 | M15: 0 | N15: 0 | O15: =SUM(C15:L15,N15) -> 10 | P15: =SUM(C15:N15) -> 10 | R15: 1200-1300 | S15: =SUM(C30:C33) -> 42 | T15: =SUM(D30:D33) -> 17 | U15: =SUM(E30:E33) -> 1 | V15: =SUM(F30:F33) -> 22 | W15: =SUM(G30:G33) -> 0 | X15: =SUM(H30:H33) -> 3 | Y15: =SUM(I30:I33) -> 1 | Z15: =SUM(J30:J33) -> 4 | ... AF15: =SUM(P30:P33) -> 167
B16: 08.30 - 08.45 | C16: 3 | D16: 3 | E16: 3 | F16: 0 | G16: 0 | H16: 0 | I16: 0 | J16: 1 | K16: 0 | L16: 0 | M16: 11 | N16: 0 | O16: =SUM(C16:L16,N16) -> 10 | P16: =SUM(C16:N16) -> 21 | R16: 1300-1400 | S16: =SUM(C34:C37) -> 27 | T16: =SUM(D34:D37) -> 21 | U16: =SUM(E34:E37) -> 5 | V16: =SUM(F34:F37) -> 13 | W16: =SUM(G34:G37) -> 1 | X16: =SUM(H34:H37) -> 1 | Y16: =SUM(I34:I37) -> 7 | Z16: =SUM(J34:J37) -> 2 | ... AF16: =SUM(P34:P37) -> 117
B17: 08.45 - 9.00 | C17: 3 | D17: 4 | E17: 1 | F17: 4 | G17: 1 | H17: 0 | I17: 2 | J17: 2 | K17: 0 | L17: 0 | M17: 17 | N17: 0 | O17: =SUM(C17:L17,N17) -> 17 | P17: =SUM(C17:N17) -> 34 | R17: 1400-1500 | S17: =SUM(C38:C41) -> 40 | T17: =SUM(D38:D41) -> 8 | U17: =SUM(E38:E41) -> 7 | V17: =SUM(F38:F41) -> 16 | W17: =SUM(G38:G41) -> 1 | X17: =SUM(H38:H41) -> 3 | Y17: =SUM(I38:I41) -> 4 | Z17: =SUM(J38:J41) -> 9 | ... AF17: =SUM(P38:P41) -> 137
B18: 09.00 - 09.15 | C18: 1 | D18: 4 | E18: 1 | F18: 3 | G18: 0 | H18: 0 | I18: 0 | J18: 0 | K18: 2 | L18: 2 | M18: 8 | N18: 0 | O18: =SUM(C18:L18,N18) -> 13 | P18: =SUM(C18:N18) -> 21 | R18: 1500-1600 | S18: =SUM(C42:C45) -> 39 | T18: =SUM(D42:D45) -> 7 | U18: =SUM(E42:E45) -> 5 | V18: =SUM(F42:F45) -> 24 | W18: =SUM(G42:G45) -> 1 | X18: =SUM(H42:H45) -> 1 | Y18: =SUM(I42:I45) -> 5 | Z18: =SUM(J42:J45) -> 7 | ... AF18: =SUM(P42:P45) -> 177
B19: 09.15 - 09.30 | C19: 8 | D19: 4 | E19: 3 | F19: 0 | G19: 0 | H19: 0 | I19: 0 | J19: 1 | K19: 0 | L19: 1 | M19: 7 | N19: 1 | O19: =SUM(C19:L19,N19) -> 18 | P19: =SUM(C19:N19) -> 25 | R19: 1600-1700 | S19: =SUM(C46:C49) -> 30 | T19: =SUM(D46:D49) -> 12 | U19: =SUM(E46:E49) -> 6 | V19: =SUM(F46:F49) -> 15 | W19: =SUM(G46:G49) -> 0 | X19: =SUM(H46:H49) -> 5 | Y19: =SUM(I46:I49) -> 5 | Z19: =SUM(J46:J49) -> 6 | ... AF19: =SUM(P46:P49) -> 171
B20: 09.30 - 09.45 | C20: 12 | D20: 5 | E20: 1 | F20: 7 | G20: 0 | H20: 0 | I20: 2 | J20: 3 | K20: 0 | L20: 2 | M20: 18 | N20: 0 | O20: =SUM(C20:L20,N20) -> 32 | P20: =SUM(C20:N20) -> 50 | R20: 1700-1800 | S20: =SUM(C50:C53) -> 36 | T20: =SUM(D50:D53) -> 7 | U20: =SUM(E50:E53) -> 5 | V20: =SUM(F50:F53) -> 19 | W20: =SUM(G50:G53) -> 0 | X20: =SUM(H50:H53) -> 1 | Y20: =SUM(I50:I53) -> 4 | Z20: =SUM(J50:J53) -> 4 | ... AF20: =SUM(P50:P53) -> 136
B21: 09.45 - 10.00 | C21: 2 | D21: 1 | E21: 1 | F21: 3 | G21: 0 | H21: 0 | I21: 1 | J21: 2 | K21: 1 | L21: 0 | M21: 22 | N21: 0 | O21: =SUM(C21:L21,N21) -> 11 | P21: =SUM(C21:N21) -> 33 | R21: 1800-1900 | S21: =SUM(C54:C57) -> 21 | T21: =SUM(D54:D57) -> 7 | U21: =SUM(E54:E57) -> 3 | V21: =SUM(F54:F57) -> 15 | W21: =SUM(G54:G57) -> 0 | X21: =SUM(H54:H57) -> 2 | Y21: =SUM(I54:I57) -> 4 | Z21: =SUM(J54:J57) -> 3 | ... AF21: =SUM(P54:P57) -> 114
B22: 10.00 - 10.15 | C22: 7 | D22: 3 | E22: 4 | F22: 4 | G22: 0 | H22: 0 | I22: 1 | J22: 4 | K22: 2 | L22: 0 | M22: 22 | N22: 0 | O22: =SUM(C22:L22,N22) -> 25 | P22: =SUM(C22:N22) -> 47 | R22: 1900-2000 | S22: =SUM(C58:C61) -> 53 | T22: =SUM(D58:D61) -> 11 | U22: =SUM(E58:E61) -> 22 | V22: =SUM(F58:F61) -> 34 | W22: =SUM(G58:G61) -> 3 | X22: =SUM(H58:H61) -> 1 | Y22: =SUM(I58:I61) -> 8 | Z22: =SUM(J58:J61) -> 8 | ... AF22: =SUM(P58:P61) -> 211
B23: 10.15 - 10.30 | C23: 5 | D23: 1 | E23: 0 | F23: 4 | G23: 0 | H23: 0 | I23: 2 | J23: 1 | K23: 0 | L23: 0 | M23: 18 | N23: 0 | O23: =SUM(C23:L23,N23) -> 13 | P23: =SUM(C23:N23) -> 31 | R23: 2000-2100 | S23: =SUM(C62:C65) -> 24 | T23: =SUM(D62:D65) -> 13 | U23: =SUM(E62:E65) -> 4 | V23: =SUM(F62:F65) -> 11 | W23: =SUM(G62:G65) -> 0 | X23: =SUM(H62:H65) -> 0 | Y23: =SUM(I62:I65) -> 3 | Z23: =SUM(J62:J65) -> 1 | ... AF23: =SUM(P62:P65) -> 79
B24: 10.30 - 10.45 | C24: 14 | D24: 4 | E24: 2 | F24: 3 | G24: 0 | H24: 0 | I24: 0 | J24: 5 | K24: 0 | L24: 2 | M24: 17 | N24: 0 | O24: =SUM(C24:L24,N24) -> 30 | P24: =SUM(C24:N24) -> 47 | R24: 2100-2200 | S24: =SUM(C66:C69) -> 20 | T24: =SUM(D66:D69) -> 1 | U24: =SUM(E66:E69) -> 6 | V24: =SUM(F66:F69) -> 5 | W24: =SUM(G66:G69) -> 0 | X24: =SUM(H66:H69) -> 4 | Y24: =SUM(I66:I69) -> 1 | Z24: =SUM(J66:J69) -> 4 | ... AF24: =SUM(P66:P69) -> 57
B25: 10.45 - 11.00 | C25: 16 | D25: 4 | E25: 0 | F25: 7 | G25: 0 | H25: 7 | I25: 0 | J25: 1 | K25: 0 | L25: 1 | M25: 16 | N25: 0 | O25: =SUM(C25:L25,N25) -> 36 | P25: =SUM(C25:N25) -> 52 | R25: 2200-2300 | S25: =SUM(C70:C73) -> 16 | T25: =SUM(D70:D73) -> 8 | U25: =SUM(E70:E73) -> 5 | V25: =SUM(F70:F73) -> 7 | W25: =SUM(G70:G73) -> 1 | X25: =SUM(H70:H73) -> 3 | Y25: =SUM(I70:I73) -> 0 | Z25: =SUM(J70:J73) -> 3 | ... AF25: =SUM(P70:P73) -> 45
B26: 11.00 - 11.15 | C26: 9 | D26: 5 | E26: 5 | F26: 5 | G26: 0 | H26: 0 | I26: 0 | J26: 3 | K26: 0 | L26: 0 | M26: 11 | N26: 0 | O26: =SUM(C26:L26,N26) -> 27 | P26: =SUM(C26:N26) -> 38 | R26: 2300-0000 | S26: =SUM(C74:C77) -> 10 | T26: =SUM(D74:D77) -> 2 | U26: =SUM(E74:E77) -> 2 | V26: =SUM(F74:F77) -> 7 | W26: =SUM(G74:G77) -> 0 | X26: =SUM(H74:H77) -> 1 | Y26: =SUM(I74:I77) -> 1 | Z26: =SUM(J74:J77) -> 4 | ... AF26: =SUM(P74:P77) -> 42
B27: 11.15 - 11.30 | C27: 16 | D27: 5 | E27: 2 | F27: 6 | G27: 0 | H27: 0 | I27: 1 | J27: 3 | K27: 1 | L27: 1 | M27: 6 | N27: 0 | O27: =SUM(C27:L27,N27) -> 35 | P27: =SUM(C27:N27) -> 41 | R27: 0000-0100 | S27: =SUM(C78:C81) -> 1 | T27: =SUM(D78:D81) -> 4 | U27: =SUM(E78:E81) -> 2 | V27: =SUM(F78:F81) -> 6 | W27: =SUM(G78:G81) -> 0 | X27: =SUM(H78:H81) -> 1 | Y27: =SUM(I78:I81) -> 0 | Z27: =SUM(J78:J81) -> 2 | ... AF27: =SUM(P78:P81) -> 26
B28: 11.30 - 11.45 | C28: 9 | D28: 3 | E28: 2 | F28: 5 | G28: 1 | H28: 0 | I28: 2 | J28: 0 | K28: 0 | L28: 0 | M28: 11 | N28: 0 | O28: =SUM(C28:L28,N28) -> 22 | P28: =SUM(C28:N28) -> 33 | R28: 0100-0200 | S28: =SUM(C82:C85) -> 2 | T28: =SUM(D82:D85) -> 9 | U28: =SUM(E82:E85) -> 3 | V28: =SUM(F82:F85) -> 0 | W28: =SUM(G82:G85) -> 2 | X28: =SUM(H82:H85) -> 0 | Y28: =SUM(I82:I85) -> 0 | Z28: =SUM(J82:J85) -> 3 | ... AF28: =SUM(P82:P85) -> 38
B29: 11.45 - 12.00 | C29: 7 | D29: 11 | E29: 0 | F29: 5 | G29: 0 | H29: 0 | I29: 1 | J29: 1 | K29: 1 | L29: 0 | M29: 13 | N29: 0 | O29: =SUM(C29:L29,N29) -> 26 | P29: =SUM(C29:N29) -> 39 | R29: 0200-0300 | S29: =SUM(C86:C89) -> 1 | T29: =SUM(D86:D89) -> 2 | U29: =SUM(E86:E89) -> 0 | V29: =SUM(F86:F89) -> 2 | W29: =SUM(G86:G89) -> 0 | X29: =SUM(H86:H89) -> 0 | Y29: =SUM(I86:I89) -> 0 | Z29: =SUM(J86:J89) -> 1 | ... AF29: =SUM(P86:P89) -> 20
B30: 12.00 - 12.15 | C30: 6 | D30: 3 | E30: 0 | F30: 4 | G30: 0 | H30: 2 | I30: 0 | J30: 2 | K30: 0 | L30: 1 | M30: 23 | N30: 0 | O30: =SUM(C30:L30,N30) -> 18 | P30: =SUM(C30:N30) -> 41 | R30: 0300-0400 | S30: =SUM(C90:C93) -> 0 | T30: =SUM(D90:D93) -> 1 | U30: =SUM(E90:E93) -> 2 | V30: =SUM(F90:F93) -> 0 | W30: =SUM(G90:G93) -> 0 | X30: =SUM(H90:H93) -> 0 | Y30: =SUM(I90:I93) -> 2 | Z30: =SUM(J90:J93) -> 2 | ... AF30: =SUM(P90:P93) -> 19
B31: 12.15 - 12.30 | C31: 11 | D31: 7 | E31: 0 | F31: 2 | G31: 0 | H31: 0 | I31: 0 | J31: 0 | K31: 0 | L31: 0 | M31: 19 | N31: 0 | O31: =SUM(C31:L31,N31) -> 20 | P31: =SUM(C31:N31) -> 39 | R31: 0400-0500 | S31: =SUM(C94:C97) -> 0 | T31: =SUM(D94:D97) -> 0 | U31: =SUM(E94:E97) -> 0 | V31: =SUM(F94:F97) -> 3 | W31: =SUM(G94:G97) -> 0 | X31: =SUM(H94:H97) -> 0 | Y31: =SUM(I94:I97) -> 1 | Z31: =SUM(J94:J97) -> 2 | ... AF31: =SUM(P94:P97) -> 43
B32: 12.30 - 12.45 | C32: 16 | D32: 3 | E32: 1 | F32: 11 | G32: 0 | H32: 0 | I32: 1 | J32: 1 | K32: 1 | L32: 1 | M32: 12 | N32: 0 | O32: =SUM(C32:L32,N32) -> 35 | P32: =SUM(C32:N32) -> 47 | R32: 0500-0600 | S32: =SUM(C98:C101) -> 4 | T32: =SUM(D98:D101) -> 7 | U32: =SUM(E98:E101) -> 9 | V32: =SUM(F98:F101) -> 11 | W32: =SUM(G98:G101) -> 0 | X32: =SUM(H98:H101) -> 0 | Y32: =SUM(I98:I101) -> 1 | Z32: =SUM(J98:J101) -> 3 | ... AF32: =SUM(P98:P101) -> 76
B33: 12.45 - 13.00 | C33: 9 | D33: 4 | E33: 0 | F33: 5 | G33: 0 | H33: 1 | I33: 0 | J33: 1 | K33: 0 | L33: 2 | M33: 18 | N33: 0 | O33: =SUM(C33:L33,N33) -> 22 | P33: =SUM(C33:N33) -> 40 | R33: 0600-0700 | S33: =SUM(C102:C105) -> 7 | T33: =SUM(D102:D105) -> 8 | U33: =SUM(E102:E105) -> 5 | V33: =SUM(F102:F105) -> 18 | W33: =SUM(G102:G105) -> 2 | X33: =SUM(H102:H105) -> 0 | Y33: =SUM(I102:I105) -> 3 | Z33: =SUM(J102:J105) -> 9 | ... AF33: =SUM(P102:P105) -> 101
B34: 13.00 - 13.15 | C34: 7 | D34: 1 | E34: 3 | F34: 2 | G34: 1 | H34: 1 | I34: 2 | J34: 0 | K34: 0 | L34: 1 | M34: 11 | N34: 0 | O34: =SUM(C34:L34,N34) -> 18 | P34: =SUM(C34:N34) -> 29 | R34: AM Peak Hr | S34: =MAX(S10:S12) -> 25 | T34: =MAX(T10:T12) -> 14 | U34: =MAX(U10:U12) -> 6 | V34: =MAX(V10:V12) -> 13 | W34: =MAX(W10:W12) -> 2 | X34: =MAX(X10:X12) -> 0 | Y34: =MAX(Y10:Y12) -> 5 | Z34: =MAX(Z10:Z12) -> 9 | ... AF34: =MAX(AF10:AF12) -> 129
B35: 13.15 - 13.30 | C35: 6 | D35: 8 | E35: 1 | F35: 4 | G35: 0 | H35: 0 | I35: 4 | J35: 2 | K35: 0 | L35: 0 | M35: 18 | N35: 0 | O35: =SUM(C35:L35,N35) -> 25 | P35: =SUM(C35:N35) -> 43 | R35: IP Peak Hr | S35: =MAX(S13:S18) -> 42 | T35: =MAX(T13:T18) -> 24 | U35: =MAX(U13:U18) -> 9 | V35: =MAX(V13:V18) -> 24 | W35: =MAX(W13:W18) -> 1 | X35: =MAX(X13:X18) -> 7 | Y35: =MAX(Y13:Y18) -> 7 | Z35: =MAX(Z13:Z18) -> 11 | ... AF35: =MAX(AF13:AF18) -> 177
B36: 13.30 - 13.45 | C36: 5 | D36: 8 | E36: 0 | F36: 2 | G36: 0 | H36: 0 | I36: 0 | J36: 0 | K36: 0 | L36: 0 | M36: 0 | N36: 0 | O36: =SUM(C36:L36,N36) -> 15 | P36: =SUM(C36:N36) -> 15 | R36: PM Peak Hr | S36: =MAX(S19:S21) -> 36 | T36: =MAX(T19:T21) -> 12 | U36: =MAX(U19:U21) -> 6 | V36: =MAX(V19:V21) -> 19 | W36: =MAX(W19:W21) -> 0 | X36: =MAX(X19:X21) -> 5 | Y36: =MAX(Y19:Y21) -> 5 | Z36: =MAX(Z19:Z21) -> 6 | ... AF36: =MAX(AF19:AF21) -> 171
B37: 13.45 - 14.00 | C37: 9 | D37: 4 | E37: 1 | F37: 5 | G37: 0 | H37: 0 | I37: 1 | J37: 0 | K37: 1 | L37: 4 | M37: 5 | N37: 0 | O37: =SUM(C37:L37,N37) -> 25 | P37: =SUM(C37:N37) -> 30 | R37: AM Period | S37: =SUM(S10:S12) -> 67 | T37: =SUM(T10:T12) -> 24 | U37: =SUM(U10:U12) -> 12 | V37: =SUM(V10:V12) -> 32 | W37: =SUM(W10:W12) -> 3 | X37: =SUM(X10:X12) -> 0 | Y37: =SUM(Y10:Y12) -> 11 | Z37: =SUM(Z10:Z12) -> 20 | ... AF37: =SUM(AF10:AF12) -> 317
B38: 14.00 - 14.15 | C38: 9 | D38: 2 | E38: 2 | F38: 5 | G38: 1 | H38: 0 | I38: 1 | J38: 2 | K38: 1 | L38: 0 | M38: 3 | N38: 0 | O38: =SUM(C38:L38,N38) -> 23 | P38: =SUM(C38:N38) -> 26 | R38: IP Period | S38: =SUM(S13:S18) -> 231 | T38: =SUM(T13:T18) -> 89 | U38: =SUM(U13:U18) -> 33 | V38: =SUM(V13:V18) -> 114 | W38: =SUM(W13:W18) -> 4 | X38: =SUM(X13:X18) -> 15 | Y38: =SUM(Y13:Y18) -> 24 | Z38: =SUM(Z13:Z18) -> 40 | ... AF38: =SUM(AF13:AF18) -> 926
B39: 14.15 - 14.30 | C39: 9 | D39: 2 | E39: 3 | F39: 4 | G39: 0 | H39: 3 | I39: 2 | J39: 3 | K39: 1 | L39: 0 | M39: 11 | N39: 0 | O39: =SUM(C39:L39,N39) -> 27 | P39: =SUM(C39:N39) -> 38 | R39: PM Period | S39: =SUM(S19:S21) -> 87 | T39: =SUM(T19:T21) -> 26 | U39: =SUM(U19:U21) -> 14 | V39: =SUM(V19:V21) -> 49 | W39: =SUM(W19:W21) -> 0 | X39: =SUM(X19:X21) -> 8 | Y39: =SUM(Y19:Y21) -> 13 | Z39: =SUM(Z19:Z21) -> 13 | ... AF39: =SUM(AF19:AF21) -> 421
B40: 14.30 - 14.45 | C40: 16 | D40: 2 | E40: 1 | F40: 4 | G40: 0 | H40: 0 | I40: 1 | J40: 2 | K40: 1 | L40: 0 | M40: 23 | N40: 1 | O40: =SUM(C40:L40,N40) -> 28 | P40: =SUM(C40:N40) -> 51 | R40: 12 Hours | S40: =SUM(S10:S21) -> 385 | T40: =SUM(T10:T21) -> 139 | U40: =SUM(U10:U21) -> 59 | V40: =SUM(V10:V21) -> 195 | W40: =SUM(W10:W21) -> 7 | X40: =SUM(X10:X21) -> 23 | Y40: =SUM(Y10:Y21) -> 48 | Z40: =SUM(Z10:Z21) -> 73 | ... AF40: =SUM(AF10:AF21) -> 1664
B41: 14.45 - 15.00 | C41: 6 | D41: 2 | E41: 1 | F41: 3 | G41: 0 | H41: 0 | I41: 0 | J41: 2 | K41: 0 | L41: 0 | M41: 8 | N41: 0 | O41: =SUM(C41:L41,N41) -> 14 | P41: =SUM(C41:N41) -> 22 | R41: 24 Hrs/ADT | S41: =SUM(S10:S33) -> 523 | T41: =SUM(T10:T33) -> 205 | U41: =SUM(U10:U33) -> 119 | V41: =SUM(V10:V33) -> 299 | W41: =SUM(W10:W33) -> 15 | X41: =SUM(X10:X33) -> 33 | Y41: =SUM(Y10:Y33) -> 68 | Z41: =SUM(Z10:Z33) -> 115 | ... AF41: =SUM(AF10:AF33) -> 2421
B42: 15.00 - 15.15 | C42: 6 | D42: 2 | E42: 2 | F42: 4 | G42: 0 | H42: 0 | I42: 0 | J42: 1 | K42: 0 | L42: 0 | M42: 11 | N42: 0 | O42: =SUM(C42:L42,N42) -> 15 | P42: =SUM(C42:N42) -> 26 | R42: NEF | S42: =S41/S40 -> 1.3584416 | T42: =T41/T40 -> 1.4748201 | U42: =U41/U40 -> 2.0169492 | V42: =V41/V40 -> 1.5333333 | W42: =W41/W40 -> 2.1428571 | X42: =X41/X40 -> 1.4347826 | Y42: =Y41/Y40 -> 1.4166667 | Z42: =Z41/Z40 -> 1.5753425 | ... AF42: =AF41/AF40 -> 1.4549279
B43: 15.15 - 15.30 | C43: 6 | D43: 2 | E43: 1 | F43: 4 | G43: 0 | H43: 1 | I43: 2 | J43: 2 | K43: 0 | L43: 1 | M43: 21 | N43: 0 | O43: =SUM(C43:L43,N43) -> 19 | P43: =SUM(C43:N43) -> 40
B44: 15.30 - 15.45 | C44: 12 | D44: 2 | E44: 2 | F44: 4 | G44: 0 | H44: 0 | I44: 1 | J44: 1 | K44: 3 | L44: 3 | M44: 27 | N44: 0 | O44: =SUM(C44:L44,N44) -> 28 | P44: =SUM(C44:N44) -> 55
B45: 15.45 - 16.00 | C45: 15 | D45: 1 | E45: 0 | F45: 12 | G45: 1 | H45: 0 | I45: 2 | J45: 3 | K45: 0 | L45: 0 | M45: 22 | N45: 0 | O45: =SUM(C45:L45,N45) -> 34 | P45: =SUM(C45:N45) -> 56
B46: 16.00 - 16.15 | C46: 8 | D46: 5 | E46: 2 | F46: 4 | G46: 0 | H46: 1 | I46: 1 | J46: 1 | K46: 0 | L46: 3 | M46: 18 | N46: 0 | O46: =SUM(C46:L46,N46) -> 25 | P46: =SUM(C46:N46) -> 43
B47: 16.15 -16.30 | C47: 10 | D47: 3 | E47: 1 | F47: 4 | G47: 0 | H47: 1 | I47: 2 | J47: 3 | K47: 0 | L47: 2 | M47: 34 | N47: 0 | O47: =SUM(C47:L47,N47) -> 26 | P47: =SUM(C47:N47) -> 60
B48: 16.30 -16.45 | C48: 2 | D48: 1 | E48: 0 | F48: 1 | G48: 0 | H48: 0 | I48: 2 | J48: 0 | K48: 0 | L48: 0 | M48: 12 | N48: 0 | O48: =SUM(C48:L48,N48) -> 6 | P48: =SUM(C48:N48) -> 18
B49: 16.45 -17.00 | C49: 10 | D49: 3 | E49: 3 | F49: 6 | G49: 0 | H49: 3 | I49: 0 | J49: 2 | K49: 0 | L49: 1 | M49: 22 | N49: 0 | O49: =SUM(C49:L49,N49) -> 28 | P49: =SUM(C49:N49) -> 50
B50: 17.00 -17.15 | C50: 8 | D50: 4 | E50: 1 | F50: 4 | G50: 0 | H50: 0 | I50: 0 | J50: 0 | K50: 0 | L50: 0 | M50: 9 | N50: 0 | O50: =SUM(C50:L50,N50) -> 17 | P50: =SUM(C50:N50) -> 26
B51: 17.15 -17.30 | C51: 17 | D51: 2 | E51: 0 | F51: 6 | G51: 0 | H51: 1 | I51: 2 | J51: 3 | K51: 0 | L51: 0 | M51: 19 | N51: 0 | O51: =SUM(C51:L51,N51) -> 31 | P51: =SUM(C51:N51) -> 50
B52: 17.30 -17.45 | C52: 2 | D52: 0 | E52: 2 | F52: 5 | G52: 0 | H52: 0 | I52: 0 | J52: 1 | K52: 0 | L52: 0 | M52: 15 | N52: 0 | O52: =SUM(C52:L52,N52) -> 10 | P52: =SUM(C52:N52) -> 25
B53: 17.45 -18.00 | C53: 9 | D53: 1 | E53: 2 | F53: 4 | G53: 0 | H53: 0 | I53: 2 | J53: 0 | K53: 0 | L53: 1 | M53: 16 | N53: 0 | O53: =SUM(C53:L53,N53) -> 19 | P53: =SUM(C53:N53) -> 35
B54: 18.00 - 18.15 | C54: 2 | D54: 0 | E54: 1 | F54: 5 | G54: 0 | H54: 1 | I54: 2 | J54: 2 | K54: 0 | L54: 1 | M54: 11 | N54: 0 | O54: =SUM(C54:L54,N54) -> 14 | P54: =SUM(C54:N54) -> 25
... B105: 06.45 - 07.00 | C105: 2 | D105: 5 | E105: 2 | F105: 8 | G105: 0 | H105: 0 | I105: 0 | J105: 2 | K105: 1 | L105: 9 | M105: 4 | N105: 0 | O105: =SUM(C105:L105,N105) -> 29 | P105: =SUM(C105:N105) -> 33
B106: Totals | C106: =SUM(C10:C105) -> 523 | D106: =SUM(D10:D105) -> 205 | E106: =SUM(E10:E105) -> 119 | F106: =SUM(F10:F105) -> 299 | G106: =SUM(G10:G105) -> 15 | H106: =SUM(H10:H105) -> 33 | I106: =SUM(I10:I105) -> 68 | J106: =SUM(J10:J105) -> 115 | ... P106: =SUM(P10:P105) -> 2421
B107: %ges + MCs | C107: =C106/$P$106 -> 0.21602644 | D107: =D106/$P$106 -> 0.084675754 | E107: =E106/$P$106 -> 0.049153242 | F107: =F106/$P$106 -> 0.12350268 | G107: =G106/$P$106 -> 0.0061957869 | H107: =H106/$P$106 -> 0.013630731 | I107: =I106/$P$106 -> 0.028087567 | J107: =J106/$P$106 -> 0.047501033 | ... N107: =N106/$P$106 -> 0.00082610492
B108: %ges w/o MCs | C108: =C106/$O$106 -> 0.31601208 | D108: =D106/$O$106 -> 0.12386707 | E108: =E106/$O$106 -> 0.071903323 | F108: =F106/$O$106 -> 0.18066465 | G108: =G106/$O$106 -> 0.0090634441 | H108: =H106/$O$106 -> 0.019939577 | I108: =I106/$O$106 -> 0.041087613 | J108: =J106/$O$106 -> 0.069486405 | ... L108: =L106/$O$106 -> 0.11722054 | N108: =N106/$O$106 -> 0.0012084592

Sheet 2.11 Kabale-Mbarara-24hr
B1: Consultancy services for Preparation of Expressway Development Master Plan (EDMP) for Uganda
B2: MANUAL CLASSIFIED COUNT (MCC)
B3: ROAD NAME: | C3: ='27.10 Mbarara-Kabale'!C3:G3 -> MCC - C4 - STN100 - MBARARA-NTUNGAMO ROAD
C5: Date | D5: ='2.11 Mbarara-Kabale-24hr'!D5 -> 2.11.19 | F5: Location | G5: ='2.11 Mbarara-Kabale-24hr'!G5:H5 -> Nyeihanga traffic station | J5: Surveyor | K5: Jackline, Patrick
C6: Dir. From | D6: ='27.10 Kabale-Mbarara'!D6:E6 -> Kabale | F6: Dir. To | G6: ='27.10 Kabale-Mbarara'!G6:H6 -> Mbarara | J6: Supervisor | K6: ='2.11 Mbarara-Kabale-24hr'!K6:L6 -> Norman R
B8: Time / Veh Type | R8: SUMMARY TRAFFIC VOLUMES
C9: 1. Car | D9: 2. Station Wagon | E9: 3. Pickups | F9: 4. Minibus, matatu | G9: 5. Medium bus | H9: 6. Large Bus | I9: 7. Light Truck | J9: 8. Medium Truck | K9: 9. Heavy truck | L9: 10. Truck Trailer | M9: 11. Motor cycles | N9: 12. Tractors | O9: Total Excl M/Cycles | P9: Total All | R9: Time | S9: 1. Car | T9: 2. Station Wagon | U9: 3. Pickups | V9: 4. Minibus, matatu | W9: 5. Medium bus | X9: 6. Large Bus | Y9: 7. Light Truck | Z9: 8. Medium Truck | AA9: 9. Heavy truck | AB9: 10. Truck Trailer | AC9: 11. Motorcycles | AD9: 12. Tractors, Graders | AE9: Total Excl M/ Cycles | AF9: Total All
B10: 07.00 - 07.15 | C10: 2 | D10: 0 | E10: 1 | F10: 2 | G10: 0 | H10: 0 | I10: 1 | J10: 0 | K10: 1 | L10: 0 | M10: 5 | N10: 0 | O10: =SUM(C10:L10,N10) -> 7 | P10: =SUM(C10:N10) -> 12 | R10: 0700-0800 | S10: =SUM(C10:C13) -> 12 | T10: =SUM(D10:D13) -> 2 | U10: =SUM(E10:E13) -> 2 | V10: =SUM(F10:F13) -> 13 | W10: =SUM(G10:G13) -> 0 | X10: =SUM(H10:H13) -> 0 | Y10: =SUM(I10:I13) -> 4 | Z10: =SUM(J10:J13) -> 1 | ... AF10: =SUM(P10:P13) -> 79
B11: 07.15 - 07.30 | C11: 6 | D11: 2 | E11: 0 | F11: 5 | G11: 0 | H11: 0 | I11: 1 | J11: 0 | K11: 1 | L11: 0 | M11: 12 | N11: 0 | O11: =SUM(C11:L11,N11) -> 15 | P11: =SUM(C11:N11) -> 27 | R11: 0800-0900 | S11: =SUM(C14:C17) -> 26 | T11: =SUM(D14:D17) -> 8 | U11: =SUM(E14:E17) -> 2 | V11: =SUM(F14:F17) -> 12 | W11: =SUM(G14:G17) -> 0 | X11: =SUM(H14:H17) -> 1 | Y11: =SUM(I14:I17) -> 6 | Z11: =SUM(J14:J17) -> 0 | ... AF11: =SUM(P14:P17) -> 118
B12: 07.30 - 07.45 | C12: 1 | D12: 0 | E12: 0 | F12: 3 | G12: 0 | H12: 0 | I12: 1 | J12: 0 | K12: 0 | L12: 0 | M12: 10 | N12: 0 | O12: =SUM(C12:L12,N12) -> 5 | P12: =SUM(C12:N12) -> 15 | R12: 0900-1000 | S12: =SUM(C18:C21) -> 30 | T12: =SUM(D18:D21) -> 9 | U12: =SUM(E18:E21) -> 0 | V12: =SUM(F18:F21) -> 26 | W12: =SUM(G18:G21) -> 1 | X12: =SUM(H18:H21) -> 2 | Y12: =SUM(I18:I21) -> 11 | Z12: =SUM(J18:J21) -> 0 | ... AF12: =SUM(P18:P21) -> 169
B13: 07.45 - 08.00 | C13: 3 | D13: 0 | E13: 1 | F13: 3 | G13: 0 | H13: 0 | I13: 1 | J13: 1 | K13: 0 | L13: 1 | M13: 15 | N13: 0 | O13: =SUM(C13:L13,N13) -> 10 | P13: =SUM(C13:N13) -> 25 | R13: 1000-1100 | S13: =SUM(C22:C25) -> 24 | T13: =SUM(D22:D25) -> 10 | U13: =SUM(E22:E25) -> 4 | V13: =SUM(F22:F25) -> 25 | W13: =SUM(G22:G25) -> 0 | X13: =SUM(H22:H25) -> 3 | Y13: =SUM(I22:I25) -> 4 | Z13: =SUM(J22:J25) -> 0 | ... AF13: =SUM(P22:P25) -> 160
B14: 08.00 - 08.15 | C14: 2 | D14: 0 | E14: 0 | F14: 1 | G14: 0 | H14: 1 | I14: 1 | J14: 0 | K14: 1 | L14: 0 | M14: 10 | N14: 0 | O14: =SUM(C14:L14,N14) -> 6 | P14: =SUM(C14:N14) -> 16 | R14: 1100-1200 | S14: =SUM(C26:C29) -> 28 | T14: =SUM(D26:D29) -> 5 | U14: =SUM(E26:E29) -> 6 | V14: =SUM(F26:F29) -> 18 | W14: =SUM(G26:G29) -> 0 | X14: =SUM(H26:H29) -> 3 | Y14: =SUM(I26:I29) -> 3 | Z14: =SUM(J26:J29) -> 2 | ... AF14: =SUM(P26:P29) -> 159
B15: 08.15 - 08.30 | C15: 12 | D15: 3 | E15: 1 | F15: 3 | G15: 0 | H15: 0 | I15: 4 | J15: 0 | K15: 0 | L15: 1 | M15: 16 | N15: 0 | O15: =SUM(C15:L15,N15) -> 24 | P15: =SUM(C15:N15) -> 40 | R15: 1200-1300 | S15: =SUM(C30:C33) -> 35 | T15: =SUM(D30:D33) -> 13 | U15: =SUM(E30:E33) -> 5 | V15: =SUM(F30:F33) -> 25 | W15: =SUM(G30:G33) -> 0 | X15: =SUM(H30:H33) -> 3 | Y15: =SUM(I30:I33) -> 12 | Z15: =SUM(J30:J33) -> 0 | ... AF15: =SUM(P30:P33) -> 164
B16: 08.30 - 08.45 | C16: 7 | D16: 4 | E16: 0 | F16: 3 | G16: 0 | H16: 0 | I16: 0 | J16: 0 | K16: 0 | L16: 0 | M16: 16 | N16: 0 | O16: =SUM(C16:L16,N16) -> 14 | P16: =SUM(C16:N16) -> 30 | R16: 1300-1400 | S16: =SUM(C34:C37) -> 23 | T16: =SUM(D34:D37) -> 5 | U16: =SUM(E34:E37) -> 3 | V16: =SUM(F34:F37) -> 15 | W16: =SUM(G34:G37) -> 0 | X16: =SUM(H34:H37) -> 1 | Y16: =SUM(I34:I37) -> 10 | Z16: =SUM(J34:J37) -> 2 | ... AF16: =SUM(P34:P37) -> 101
B17: 08.45 - 9.00 | C17: 5 | D17: 1 | E17: 1 | F17: 5 | G17: 0 | H17: 0 | I17: 1 | J17: 0 | K17: 1 | L17: 1 | M17: 17 | N17: 0 | O17: =SUM(C17:L17,N17) -> 15 | P17: =SUM(C17:N17) -> 32 | R17: 1400-1500 | S17: =SUM(C38:C41) -> 19 | T17: =SUM(D38:D41) -> 4 | U17: =SUM(E38:E41) -> 4 | V17: =SUM(F38:F41) -> 5 | W17: =SUM(G38:G41) -> 0 | X17: =SUM(H38:H41) -> 5 | Y17: =SUM(I38:I41) -> 4 | Z17: =SUM(J38:J41) -> 1 | ... AF17: =SUM(P38:P41) -> 102
B18: 09.00 - 09.15 | C18: 6 | D18: 0 | E18: 0 | F18: 6 | G18: 1 | H18: 0 | I18: 4 | J18: 0 | K18: 0 | L18: 2 | M18: 21 | N18: 0 | O18: =SUM(C18:L18,N18) -> 19 | P18: =SUM(C18:N18) -> 40 | R18: 1500-1600 | S18: =SUM(C42:C45) -> 33 | T18: =SUM(D42:D45) -> 5 | U18: =SUM(E42:E45) -> 6 | V18: =SUM(F42:F45) -> 17 | W18: =SUM(G42:G45) -> 0 | X18: =SUM(H42:H45) -> 2 | Y18: =SUM(I42:I45) -> 22 | Z18: =SUM(J42:J45) -> 4 | ... AF18: =SUM(P42:P45) -> 154
B19: 09.15 - 09.30 | C19: 5 | D19: 2 | E19: 0 | F19: 3 | G19: 0 | H19: 1 | I19: 4 | J19: 0 | K19: 4 | L19: 1 | M19: 16 | N19: 0 | O19: =SUM(C19:L19,N19) -> 20 | P19: =SUM(C19:N19) -> 36 | R19: 1600-1700 | S19: =SUM(C46:C49) -> 42 | T19: =SUM(D46:D49) -> 2 | U19: =SUM(E46:E49) -> 5 | V19: =SUM(F46:F49) -> 11 | W19: =SUM(G46:G49) -> 0 | X19: =SUM(H46:H49) -> 2 | Y19: =SUM(I46:I49) -> 9 | Z19: =SUM(J46:J49) -> 8 | ... AF19: =SUM(P46:P49) -> 176
B20: 09.30 - 09.45 | C20: 5 | D20: 2 | E20: 0 | F20: 9 | G20: 0 | H20: 1 | I20: 3 | J20: 0 | K20: 0 | L20: 0 | M20: 20 | N20: 0 | O20: =SUM(C20:L20,N20) -> 20 | P20: =SUM(C20:N20) -> 40 | R20: 1700-1800 | S20: =SUM(C50:C53) -> 27 | T20: =SUM(D50:D53) -> 16 | U20: =SUM(E50:E53) -> 4 | V20: =SUM(F50:F53) -> 15 | W20: =SUM(G50:G53) -> 1 | X20: =SUM(H50:H53) -> 0 | Y20: =SUM(I50:I53) -> 4 | Z20: =SUM(J50:J53) -> 1 | ... AF20: =SUM(P50:P53) -> 161
B21: 09.45 - 10.00 | C21: 14 | D21: 5 | E21: 0 | F21: 8 | G21: 0 | H21: 0 | I21: 0 | J21: 0 | K21: 0 | L21: 1 | M21: 25 | N21: 0 | O21: =SUM(C21:L21,N21) -> 28 | P21: =SUM(C21:N21) -> 53 | R21: 1800-1900 | S21: =SUM(C54:C57) -> 30 | T21: =SUM(D54:D57) -> 8 | U21: =SUM(E54:E57) -> 3 | V21: =SUM(F54:F57) -> 16 | W21: =SUM(G54:G57) -> 1 | X21: =SUM(H54:H57) -> 0 | Y21: =SUM(I54:I57) -> 4 | Z21: =SUM(J54:J57) -> 2 | ... AF21: =SUM(P54:P57) -> 141
B22: 10.00 - 10.15 | C22: 4 | D22: 7 | E22: 1 | F22: 4 | G22: 0 | H22: 0 | I22: 3 | J22: 0 | K22: 0 | L22: 2 | M22: 19 | N22: 0 | O22: =SUM(C22:L22,N22) -> 21 | P22: =SUM(C22:N22) -> 40 | R22: 1900-2000 | S22: =SUM(C58:C61) -> 49 | T22: =SUM(D58:D61) -> 13 | U22: =SUM(E58:E61) -> 11 | V22: =SUM(F58:F61) -> 31 | W22: =SUM(G58:G61) -> 2 | X22: =SUM(H58:H61) -> 0 | Y22: =SUM(I58:I61) -> 5 | Z22: =SUM(J58:J61) -> 3 | ... AF22: =SUM(P58:P61) -> 168
B23: 10.15 - 10.30 | C23: 6 | D23: 1 | E23: 2 | F23: 6 | G23: 0 | H23: 1 | I23: 1 | J23: 0 | K23: 1 | L23: 0 | M23: 30 | N23: 0 | O23: =SUM(C23:L23,N23) -> 18 | P23: =SUM(C23:N23) -> 48 | R23: 2000-2100 | S23: =SUM(C62:C65) -> 31 | T23: =SUM(D62:D65) -> 8 | U23: =SUM(E62:E65) -> 10 | V23: =SUM(F62:F65) -> 11 | W23: =SUM(G62:G65) -> 0 | X23: =SUM(H62:H65) -> 0 | Y23: =SUM(I62:I65) -> 7 | Z23: =SUM(J62:J65) -> 1 | ... AF23: =SUM(P62:P65) -> 101
B24: 10.30 - 10.45 | C24: 3 | D24: 0 | E24: 1 | F24: 8 | G24: 0 | H24: 1 | I24: 0 | J24: 0 | K24: 0 | L24: 1 | M24: 16 | N24: 0 | O24: =SUM(C24:L24,N24) -> 14 | P24: =SUM(C24:N24) -> 30 | R24: 2100-2200 | S24: =SUM(C66:C69) -> 19 | T24: =SUM(D66:D69) -> 2 | U24: =SUM(E66:E69) -> 2 | V24: =SUM(F66:F69) -> 4 | W24: =SUM(G66:G69) -> 1 | X24: =SUM(H66:H69) -> 3 | Y24: =SUM(I66:I69) -> 5 | Z24: =SUM(J66:J69) -> 1 | ... AF24: =SUM(P66:P69) -> 61
B25: 10.45 - 11.00 | C25: 11 | D25: 2 | E25: 0 | F25: 7 | G25: 0 | H25: 1 | I25: 0 | J25: 0 | K25: 1 | L25: 5 | M25: 15 | N25: 0 | O25: =SUM(C25:L25,N25) -> 27 | P25: =SUM(C25:N25) -> 42 | R25: 2200-2300 | S25: =SUM(C70:C73) -> 18 | T25: =SUM(D70:D73) -> 8 | U25: =SUM(E70:E73) -> 1 | V25: =SUM(F70:F73) -> 5 | W25: =SUM(G70:G73) -> 0 | X25: =SUM(H70:H73) -> 11 | Y25: =SUM(I70:I73) -> 1 | Z25: =SUM(J70:J73) -> 1 | ... AF25: =SUM(P70:P73) -> 58
B26: 11.00 - 11.15 | C26: 6 | D26: 0 | E26: 2 | F26: 5 | G26: 0 | H26: 1 | I26: 1 | J26: 2 | K26: 2 | L26: 2 | M26: 20 | N26: 0 | O26: =SUM(C26:L26,N26) -> 21 | P26: =SUM(C26:N26) -> 41 | R26: 2300-0000 | S26: =SUM(C74:C77) -> 7 | T26: =SUM(D74:D77) -> 2 | U26: =SUM(E74:E77) -> 2 | V26: =SUM(F74:F77) -> 2 | W26: =SUM(G74:G77) -> 0 | X26: =SUM(H74:H77) -> 3 | Y26: =SUM(I74:I77) -> 1 | Z26: =SUM(J74:J77) -> 1 | ... AF26: =SUM(P74:P77) -> 29
B27: 11.15 - 11.30 | C27: 5 | D27: 3 | E27: 2 | F27: 2 | G27: 0 | H27: 0 | I27: 1 | J27: 0 | K27: 4 | L27: 3 | M27: 17 | N27: 0 | O27: =SUM(C27:L27,N27) -> 20 | P27: =SUM(C27:N27) -> 37 | R27: 0000-0100 | S27: =SUM(C78:C81) -> 1 | T27: =SUM(D78:D81) -> 0 | U27: =SUM(E78:E81) -> 1 | V27: =SUM(F78:F81) -> 1 | W27: =SUM(G78:G81) -> 0 | X27: =SUM(H78:H81) -> 4 | Y27: =SUM(I78:I81) -> 0 | Z27: =SUM(J78:J81) -> 3 | ... AF27: =SUM(P78:P81) -> 26
