Workbook

Sheet 29.07 Ntinda-Naalya
B1: Consultancy services for Preparation of Expressway Development Master Plan (EDMP) for Uganda
B2: MANUAL CLASSIFIED COUNT (MCC)
B3: ROAD NAME: | C3: MCC - C1 - STN38 - NAALYA EAST ROAD
C5: Date | D5: 29.07.19 | F5: Location | G5: NAALYA ROUND ABOUT | J5: Surveyor | K5: HARRIET N/NASSIWA A/MUTE C/PHOEBY/KAZIBWE J/NAKAYE J.
C6: Dir. From | D6: NTINDA | F6: Dir. To | G6: NAALYA | J6: Supervisor | K6: STEVEN
B8: Time / Veh Type | R8: SUMMARY TRAFFIC VOLUMES
C9: 1. Car | D9: 2. Station Wagon | E9: 3. Pickups | F9: 4. Minibus, matatu | G9: 5. Medium bus | H9: 6. Large Bus | I9: 7. Light Truck | J9: 8. Medium Truck | K9: 9. Heavy truck | L9: 10. Truck Trailer | M9: 11. Motor cycles | N9: 12. Tractors | O9: Total Excl M/Cycles | P9: Total All | R9: Time | S9: 1. Car | T9: 2. Station Wagon | U9: 3. Pickups | V9: 4. Minibus, matatu | W9: 5. Medium bus | X9: 6. Large Bus | Y9: 7. Light Truck | Z9: 8. Medium Truck | AA9: 9. Heavy truck | AB9: 10. Truck Trailer | AC9: 11. Motorcycles | AD9: 12. Tractors, Graders | AE9: Total Excl M/ Cycles | AF9: Total All
B10: 07.00 - 07.15 | C10: 29 | D10: 9 | E10: 4 | F10: 0 | G10: 0 | H10: 1 | I10: 0 | J10: 0 | K10: 0 | L10: 0 | M10: 7 | N10: 0 | O10: =SUM(C10:L10,N10) -> 43 | P10: =SUM(C10:N10) -> 50 | R10: 0700-0800 | S10: =SUM(C10:C13) -> 369 | T10: =SUM(D10:D13) -> 74 | U10: =SUM(E10:E13) -> 12 | V10: =SUM(F10:F13) -> 0 | W10: =SUM(G10:G13) -> 0 | X10: =SUM(H10:H13) -> 1 | Y10: =SUM(I10:I13) -> 1 | Z10: =SUM(J10:J13) -> 2 | ... AF10: =SUM(P10:P13) -> 644
B11: 07.15 - 07.30 | C11: 97 | D11: 22 | E11: 1 | F11: 0 | G11: 0 | H11: 0 | I11: 0 | J11: 0 | K11: 0 | L11: 0 | M11: 31 | N11: 0 | O11: =SUM(C11:L11,N11) -> 120 | P11: =SUM(C11:N11) -> 151 | R11: 0800-0900 | S11: =SUM(C14:C17) -> 307 | T11: =SUM(D14:D17) -> 87 | U11: =SUM(E14:E17) -> 10 | V11: =SUM(F14:F17) -> 39 | W11: =SUM(G14:G17) -> 0 | X11: =SUM(H14:H17) -> 0 | Y11: =SUM(I14:I17) -> 0 | Z11: =SUM(J14:J17) -> 4 | ... AF11: =SUM(P14:P17) -> 759
B12: 07.30 - 07.45 | C12: 125 | D12: 18 | E12: 5 | F12: 0 | G12: 0 | H12: 0 | I12: 1 | J12: 2 | K12: 0 | L12: 0 | M12: 59 | N12: 0 | O12: =SUM(C12:L12,N12) -> 151 | P12: =SUM(C12:N12) -> 210 | R12: 0900-1000 | S12: =SUM(C18:C21) -> 234 | T12: =SUM(D18:D21) -> 71 | U12: =SUM(E18:E21) -> 22 | V12: =SUM(F18:F21) -> 37 | W12: =SUM(G18:G21) -> 0 | X12: =SUM(H18:H21) -> 0 | Y12: =SUM(I18:I21) -> 21 | Z12: =SUM(J18:J21) -> 8 | ... AF12: =SUM(P18:P21) -> 762
B13: 07.45 - 08.00 | C13: 118 | D13: 25 | E13: 2 | F13: 0 | G13: 0 | H13: 0 | I13: 0 | J13: 0 | K13: 0 | L13: 0 | M13: 88 | N13: 0 | O13: =SUM(C13:L13,N13) -> 145 | P13: =SUM(C13:N13) -> 233 | R13: 1000-1100 | S13: =SUM(C22:C25) -> 268 | T13: =SUM(D22:D25) -> 72 | U13: =SUM(E22:E25) -> 20 | V13: =SUM(F22:F25) -> 26 | W13: =SUM(G22:G25) -> 0 | X13: =SUM(H22:H25) -> 0 | Y13: =SUM(I22:I25) -> 30 | Z13: =SUM(J22:J25) -> 7 | ... AF13: =SUM(P22:P25) -> 746
B14: 08.00 - 08.15 | C14: 96 | D14: 27 | E14: 0 | F14: 15 | G14: 0 | H14: 0 | I14: 0 | J14: 2 | K14: 0 | L14: 0 | M14: 71 | N14: 0 | O14: =SUM(C14:L14,N14) -> 140 | P14: =SUM(C14:N14) -> 211 | R14: 1100-1200 | S14: =SUM(C26:C29) -> 233 | T14: =SUM(D26:D29) -> 82 | U14: =SUM(E26:E29) -> 18 | V14: =SUM(F26:F29) -> 19 | W14: =SUM(G26:G29) -> 1 | X14: =SUM(H26:H29) -> 1 | Y14: =SUM(I26:I29) -> 25 | Z14: =SUM(J26:J29) -> 5 | ... AF14: =SUM(P26:P29) -> 690
B15: 08.15 - 08.30 | C15: 71 | D15: 22 | E15: 1 | F15: 8 | G15: 0 | H15: 0 | I15: 0 | J15: 1 | K15: 0 | L15: 0 | M15: 50 | N15: 0 | O15: =SUM(C15:L15,N15) -> 103 | P15: =SUM(C15:N15) -> 153 | R15: 1200-1300 | S15: =SUM(C30:C33) -> 222 | T15: =SUM(D30:D33) -> 64 | U15: =SUM(E30:E33) -> 20 | V15: =SUM(F30:F33) -> 20 | W15: =SUM(G30:G33) -> 5 | X15: =SUM(H30:H33) -> 1 | Y15: =SUM(I30:I33) -> 17 | Z15: =SUM(J30:J33) -> 4 | ... AF15: =SUM(P30:P33) -> 637
B16: 08.30 - 08.45 | C16: 59 | D16: 23 | E16: 4 | F16: 9 | G16: 0 | H16: 0 | I16: 0 | J16: 0 | K16: 0 | L16: 0 | M16: 85 | N16: 0 | O16: =SUM(C16:L16,N16) -> 95 | P16: =SUM(C16:N16) -> 180 | R16: 1300-1400 | S16: =SUM(C34:C37) -> 281 | T16: =SUM(D34:D37) -> 71 | U16: =SUM(E34:E37) -> 26 | V16: =SUM(F34:F37) -> 19 | W16: =SUM(G34:G37) -> 2 | X16: =SUM(H34:H37) -> 1 | Y16: =SUM(I34:I37) -> 21 | Z16: =SUM(J34:J37) -> 6 | ... AF16: =SUM(P34:P37) -> 682
B17: 08.45 - 9.00 | C17: 81 | D17: 15 | E17: 5 | F17: 7 | G17: 0 | H17: 0 | I17: 0 | J17: 1 | K17: 0 | L17: 0 | M17: 106 | N17: 0 | O17: =SUM(C17:L17,N17) -> 109 | P17: =SUM(C17:N17) -> 215 | R17: 1400-1500 | S17: =SUM(C38:C41) -> 268 | T17: =SUM(D38:D41) -> 31 | U17: =SUM(E38:E41) -> 27 | V17: =SUM(F38:F41) -> 23 | W17: =SUM(G38:G41) -> 5 | X17: =SUM(H38:H41) -> 1 | Y17: =SUM(I38:I41) -> 17 | Z17: =SUM(J38:J41) -> 6 | ... AF17: =SUM(P38:P41) -> 643
B18: 09.00 - 09.15 | C18: 70 | D18: 20 | E18: 6 | F18: 8 | G18: 0 | H18: 0 | I18: 5 | J18: 1 | K18: 0 | L18: 0 | M18: 100 | N18: 0 | O18: =SUM(C18:L18,N18) -> 110 | P18: =SUM(C18:N18) -> 210 | R18: 1500-1600 | S18: =SUM(C42:C45) -> 379 | T18: =SUM(D42:D45) -> 81 | U18: =SUM(E42:E45) -> 30 | V18: =SUM(F42:F45) -> 75 | W18: =SUM(G42:G45) -> 5 | X18: =SUM(H42:H45) -> 0 | Y18: =SUM(I42:I45) -> 20 | Z18: =SUM(J42:J45) -> 6 | ... AF18: =SUM(P42:P45) -> 890
B19: 09.15 - 09.30 | C19: 71 | D19: 17 | E19: 7 | F19: 7 | G19: 0 | H19: 0 | I19: 6 | J19: 2 | K19: 0 | L19: 0 | M19: 109 | N19: 0 | O19: =SUM(C19:L19,N19) -> 110 | P19: =SUM(C19:N19) -> 219 | R19: 1600-1700 | S19: =SUM(C46:C49) -> 552 | T19: =SUM(D46:D49) -> 103 | U19: =SUM(E46:E49) -> 19 | V19: =SUM(F46:F49) -> 26 | W19: =SUM(G46:G49) -> 1 | X19: =SUM(H46:H49) -> 0 | Y19: =SUM(I46:I49) -> 19 | Z19: =SUM(J46:J49) -> 5 | ... AF19: =SUM(P46:P49) -> 994
B20: 09.30 - 09.45 | C20: 47 | D20: 20 | E20: 4 | F20: 12 | G20: 0 | H20: 0 | I20: 8 | J20: 2 | K20: 0 | L20: 0 | M20: 88 | N20: 0 | O20: =SUM(C20:L20,N20) -> 93 | P20: =SUM(C20:N20) -> 181 | R20: 1700-1800 | S20: =SUM(C50:C53) -> 628 | T20: =SUM(D50:D53) -> 103 | U20: =SUM(E50:E53) -> 26 | V20: =SUM(F50:F53) -> 31 | W20: =SUM(G50:G53) -> 1 | X20: =SUM(H50:H53) -> 0 | Y20: =SUM(I50:I53) -> 17 | Z20: =SUM(J50:J53) -> 3 | ... AF20: =SUM(P50:P53) -> 1124
B21: 09.45 - 10.00 | C21: 46 | D21: 14 | E21: 5 | F21: 10 | G21: 0 | H21: 0 | I21: 2 | J21: 3 | K21: 0 | L21: 0 | M21: 72 | N21: 0 | O21: =SUM(C21:L21,N21) -> 80 | P21: =SUM(C21:N21) -> 152 | R21: 1800-1900 | S21: =SUM(C54:C57) -> 565 | T21: =SUM(D54:D57) -> 105 | U21: =SUM(E54:E57) -> 17 | V21: =SUM(F54:F57) -> 46 | W21: =SUM(G54:G57) -> 2 | X21: =SUM(H54:H57) -> 1 | Y21: =SUM(I54:I57) -> 9 | Z21: =SUM(J54:J57) -> 2 | ... AF21: =SUM(P54:P57) -> 989
B22: 10.00 - 10.15 | C22: 56 | D22: 14 | E22: 4 | F22: 6 | G22: 0 | H22: 0 | I22: 6 | J22: 0 | K22: 0 | L22: 0 | M22: 85 | N22: 0 | O22: =SUM(C22:L22,N22) -> 86 | P22: =SUM(C22:N22) -> 171 | R22: AM Peak Hr | S22: =MAX(S10:S12) -> 369 | T22: =MAX(T10:T12) -> 87 | U22: =MAX(U10:U12) -> 22 | V22: =MAX(V10:V12) -> 39 | W22: =MAX(W10:W12) -> 0 | X22: =MAX(X10:X12) -> 1 | Y22: =MAX(Y10:Y12) -> 21 | Z22: =MAX(Z10:Z12) -> 8 | ... AF22: =MAX(AF10:AF12) -> 762
B23: 10.15 - 10.30 | C23: 78 | D23: 26 | E23: 5 | F23: 9 | G23: 0 | H23: 0 | I23: 5 | J23: 2 | K23: 0 | L23: 0 | M23: 86 | N23: 0 | O23: =SUM(C23:L23,N23) -> 125 | P23: =SUM(C23:N23) -> 211 | R23: IP Peak Hr | S23: =MAX(S13:S18) -> 379 | T23: =MAX(T13:T18) -> 82 | U23: =MAX(U13:U18) -> 30 | V23: =MAX(V13:V18) -> 75 | W23: =MAX(W13:W18) -> 5 | X23: =MAX(X13:X18) -> 1 | Y23: =MAX(Y13:Y18) -> 30 | Z23: =MAX(Z13:Z18) -> 7 | ... AF23: =MAX(AF13:AF18) -> 890
B24: 10.30 - 10.45 | C24: 76 | D24: 18 | E24: 4 | F24: 5 | G24: 0 | H24: 0 | I24: 8 | J24: 1 | K24: 0 | L24: 0 | M24: 73 | N24: 0 | O24: =SUM(C24:L24,N24) -> 112 | P24: =SUM(C24:N24) -> 185 | R24: PM Peak Hr | S24: =MAX(S19:S21) -> 628 | T24: =MAX(T19:T21) -> 105 | U24: =MAX(U19:U21) -> 26 | V24: =MAX(V19:V21) -> 46 | W24: =MAX(W19:W21) -> 2 | X24: =MAX(X19:X21) -> 1 | Y24: =MAX(Y19:Y21) -> 19 | Z24: =MAX(Z19:Z21) -> 5 | ... AF24: =MAX(AF19:AF21) -> 1124
B25: 10.45 - 11.00 | C25: 58 | D25: 14 | E25: 7 | F25: 6 | G25: 0 | H25: 0 | I25: 11 | J25: 4 | K25: 0 | L25: 0 | M25: 79 | N25: 0 | O25: =SUM(C25:L25,N25) -> 100 | P25: =SUM(C25:N25) -> 179 | R25: AM Period | S25: =SUM(S10:S12) -> 910 | T25: =SUM(T10:T12) -> 232 | U25: =SUM(U10:U12) -> 44 | V25: =SUM(V10:V12) -> 76 | W25: =SUM(W10:W12) -> 0 | X25: =SUM(X10:X12) -> 1 | Y25: =SUM(Y10:Y12) -> 22 | Z25: =SUM(Z10:Z12) -> 14 | ... AF25: =SUM(AF10:AF12) -> 2165
B26: 11.00 - 11.15 | C26: 61 | D26: 16 | E26: 6 | F26: 7 | G26: 0 | H26: 0 | I26: 7 | J26: 0 | K26: 0 | L26: 0 | M26: 68 | N26: 0 | O26: =SUM(C26:L26,N26) -> 97 | P26: =SUM(C26:N26) -> 165 | R26: IP Period | S26: =SUM(S13:S18) -> 1651 | T26: =SUM(T13:T18) -> 401 | U26: =SUM(U13:U18) -> 141 | V26: =SUM(V13:V18) -> 182 | W26: =SUM(W13:W18) -> 18 | X26: =SUM(X13:X18) -> 4 | Y26: =SUM(Y13:Y18) -> 130 | Z26: =SUM(Z13:Z18) -> 34 | ... AF26: =SUM(AF13:AF18) -> 4288
B27: 11.15 - 11.30 | C27: 61 | D27: 26 | E27: 5 | F27: 6 | G27: 0 | H27: 0 | I27: 4 | J27: 1 | K27: 0 | L27: 0 | M27: 93 | N27: 0 | O27: =SUM(C27:L27,N27) -> 103 | P27: =SUM(C27:N27) -> 196 | R27: PM Period | S27: =SUM(S19:S21) -> 1745 | T27: =SUM(T19:T21) -> 311 | U27: =SUM(U19:U21) -> 62 | V27: =SUM(V19:V21) -> 103 | W27: =SUM(W19:W21) -> 4 | X27: =SUM(X19:X21) -> 1 | Y27: =SUM(Y19:Y21) -> 45 | Z27: =SUM(Z19:Z21) -> 10 | ... AF27: =SUM(AF19:AF21) -> 3107
B28: 11.30 - 11.45 | C28: 59 | D28: 14 | E28: 4 | F28: 3 | G28: 0 | H28: 0 | I28: 10 | J28: 3 | K28: 0 | L28: 0 | M28: 66 | N28: 0 | O28: =SUM(C28:L28,N28) -> 93 | P28: =SUM(C28:N28) -> 159 | R28: 12 Hours | S28: =SUM(S10:S21) -> 4306 | T28: =SUM(T10:T21) -> 944 | U28: =SUM(U10:U21) -> 247 | V28: =SUM(V10:V21) -> 361 | W28: =SUM(W10:W21) -> 22 | X28: =SUM(X10:X21) -> 6 | Y28: =SUM(Y10:Y21) -> 197 | Z28: =SUM(Z10:Z21) -> 58 | ... AF28: =SUM(AF10:AF21) -> 9560
B29: 11.45 - 12.00 | C29: 52 | D29: 26 | E29: 3 | F29: 3 | G29: 1 | H29: 1 | I29: 4 | J29: 1 | K29: 1 | L29: 0 | M29: 78 | N29: 0 | O29: =SUM(C29:L29,N29) -> 92 | P29: =SUM(C29:N29) -> 170
B30: 12.00 - 12.15 | C30: 57 | D30: 22 | E30: 1 | F30: 8 | G30: 2 | H30: 1 | I30: 2 | J30: 2 | K30: 0 | L30: 0 | M30: 61 | N30: 0 | O30: =SUM(C30:L30,N30) -> 95 | P30: =SUM(C30:N30) -> 156
B31: 12.15 - 12.30 | C31: 58 | D31: 18 | E31: 4 | F31: 4 | G31: 3 | H31: 0 | I31: 3 | J31: 1 | K31: 2 | L31: 0 | M31: 74 | N31: 0 | O31: =SUM(C31:L31,N31) -> 93 | P31: =SUM(C31:N31) -> 167
B32: 12.30 - 12.45 | C32: 53 | D32: 16 | E32: 6 | F32: 3 | G32: 0 | H32: 0 | I32: 6 | J32: 0 | K32: 0 | L32: 0 | M32: 69 | N32: 0 | O32: =SUM(C32:L32,N32) -> 84 | P32: =SUM(C32:N32) -> 153
B33: 12.45 - 13.00 | C33: 54 | D33: 8 | E33: 9 | F33: 5 | G33: 0 | H33: 0 | I33: 6 | J33: 1 | K33: 0 | L33: 0 | M33: 78 | N33: 0 | O33: =SUM(C33:L33,N33) -> 83 | P33: =SUM(C33:N33) -> 161
B34: 13.00 - 13.15 | C34: 58 | D34: 15 | E34: 2 | F34: 6 | G34: 0 | H34: 0 | I34: 3 | J34: 4 | K34: 0 | L34: 0 | M34: 86 | N34: 0 | O34: =SUM(C34:L34,N34) -> 88 | P34: =SUM(C34:N34) -> 174
B35: 13.15 - 13.30 | C35: 65 | D35: 17 | E35: 4 | F35: 5 | G35: 0 | H35: 0 | I35: 5 | J35: 0 | K35: 2 | L35: 0 | M35: 67 | N35: 0 | O35: =SUM(C35:L35,N35) -> 98 | P35: =SUM(C35:N35) -> 165
B36: 13.30 - 13.45 | C36: 81 | D36: 17 | E36: 5 | F36: 2 | G36: 1 | H36: 0 | I36: 5 | J36: 0 | K36: 0 | L36: 1 | M36: 35 | N36: 0 | O36: =SUM(C36:L36,N36) -> 112 | P36: =SUM(C36:N36) -> 147
B37: 13.45 - 14.00 | C37: 77 | D37: 22 | E37: 15 | F37: 6 | G37: 1 | H37: 1 | I37: 8 | J37: 2 | K37: 1 | L37: 1 | M37: 62 | N37: 0 | O37: =SUM(C37:L37,N37) -> 134 | P37: =SUM(C37:N37) -> 196
B38: 14.00 - 14.15 | C38: 69 | D38: 4 | E38: 5 | F38: 2 | G38: 1 | H38: 1 | I38: 4 | J38: 0 | K38: 0 | L38: 0 | M38: 66 | N38: 0 | O38: =SUM(C38:L38,N38) -> 86 | P38: =SUM(C38:N38) -> 152
B39: 14.15 - 14.30 | C39: 61 | D39: 11 | E39: 7 | F39: 6 | G39: 0 | H39: 0 | I39: 4 | J39: 0 | K39: 0 | L39: 0 | M39: 69 | N39: 0 | O39: =SUM(C39:L39,N39) -> 89 | P39: =SUM(C39:N39) -> 158
B40: 14.30 - 14.45 | C40: 100 | D40: 9 | E40: 14 | F40: 11 | G40: 4 | H40: 0 | I40: 6 | J40: 4 | K40: 0 | L40: 0 | M40: 76 | N40: 0 | O40: =SUM(C40:L40,N40) -> 148 | P40: =SUM(C40:N40) -> 224
... B57: 18.45 - 19.00 | C57: 105 | D57: 19 | E57: 4 | F57: 7 | G57: 0 | H57: 0 | I57: 0 | J57: 1 | K57: 1 | L57: 0 | M57: 58 | N57: 0 | O57: =SUM(C57:L57,N57) -> 137 | P57: =SUM(C57:N57) -> 195
B58: Totals | C58: =SUM(C10:C57) -> 4306 | D58: =SUM(D10:D57) -> 944 | E58: =SUM(E10:E57) -> 247 | F58: =SUM(F10:F57) -> 361 | G58: =SUM(G10:G57) -> 22 | H58: =SUM(H10:H57) -> 6 | I58: =SUM(I10:I57) -> 197 | J58: =SUM(J10:J57) -> 58 | ... P58: =SUM(P10:P57) -> 9560
B59: %ges + MCs | C59: =C58/$P$58 -> 0.45041841 | D59: =D58/$P$58 -> 0.09874477 | E59: =E58/$P$58 -> 0.02583682 | F59: =F58/$P$58 -> 0.037761506 | G59: =G58/$P$58 -> 0.0023012552 | H59: =H58/$P$58 -> 0.00062761506 | I59: =I58/$P$58 -> 0.020606695 | J59: =J58/$P$58 -> 0.0060669456 | ... N59: =N58/$P$58 -> 0
B60: %ges w/o MCs | C60: =C58/$O$58 -> 0.69902597 | D60: =D58/$O$58 -> 0.15324675 | E60: =E58/$O$58 -> 0.040097403 | F60: =F58/$O$58 -> 0.058603896 | G60: =G58/$O$58 -> 0.0035714286 | H60: =H58/$O$58 -> 0.00097402597 | I60: =I58/$O$58 -> 0.031980519 | J60: =J58/$O$58 -> 0.0094155844 | ... L60: =L58/$O$58 -> 0.00081168831 | N60: =N58/$O$58 -> 0

Sheet 29.07 Naalya-Ntinda
B1: Consultancy services for Preparation of Expressway Development Master Plan (EDMP) for Uganda
B2: MANUAL CLASSIFIED COUNT (MCC)
B3: ROAD NAME: | C3: ='29.07 Ntinda-Naalya'!C3:G3 -> MCC - C1 - STN38 - NAALYA EAST ROAD
C5: Date | D5: ='29.07 Ntinda-Naalya'!D5 -> 29.07.19 | F5: Location | G5: ='29.07 Ntinda-Naalya'!G5:H5 -> NAALYA ROUND ABOUT | J5: Surveyor | K5: ='29.07 Ntinda-Naalya'!K5:L5 -> HARRIET N/NASSIWA A/MUTE C/PHOEBY/KAZIBWE J/NAKAYE J.
C6: Dir. From | D6: NAALYA | F6: Dir. To | G6: NTINDA | J6: Supervisor | K6: ='29.07 Ntinda-Naalya'!K6:L6 -> STEVEN
B8: Time / Veh Type | R8: SUMMARY TRAFFIC VOLUMES
C9: 1. Car | D9: 2. Station Wagon | E9: 3. Pickups | F9: 4. Minibus, matatu | G9: 5. Medium bus | H9: 6. Large Bus | I9: 7. Light Truck | J9: 8. Medium Truck | K9: 9. Heavy truck | L9: 10. Truck Trailer | M9: 11. Motor cycles | N9: 12. Tractors | O9: Total Excl M/Cycles | P9: Total All | R9: Time | S9: 1. Car | T9: 2. Station Wagon | U9: 3. Pickups | V9: 4. Minibus, matatu | W9: 5. Medium bus | X9: 6. Large Bus | Y9: 7. Light Truck | Z9: 8. Medium Truck | AA9: 9. Heavy truck | AB9: 10. Truck Trailer | AC9: 11. Motorcycles | AD9: 12. Tractors, Graders | AE9: Total Excl M/ Cycles | AF9: Total All
B10: 07.00 - 07.15 | C10: 99 | D10: 53 | E10: 9 | F10: 4 | G10: 1 | H10: 0 | I10: 2 | J10: 2 | K10: 0 | L10: 0 | M10: 59 | N10: 0 | O10: =SUM(C10:L10,N10) -> 170 | P10: =SUM(C10:N10) -> 229 | R10: 0700-0800 | S10: =SUM(C10:C13) -> 507 | T10: =SUM(D10:D13) -> 309 | U10: =SUM(E10:E13) -> 57 | V10: =SUM(F10:F13) -> 21 | W10: =SUM(G10:G13) -> 2 | X10: =SUM(H10:H13) -> 0 | Y10: =SUM(I10:I13) -> 3 | Z10: =SUM(J10:J13) -> 3 | ... AF10: =SUM(P10:P13) -> 1232
B11: 07.15 - 07.30 | C11: 94 | D11: 75 | E11: 18 | F11: 5 | G11: 0 | H11: 0 | I11: 1 | J11: 0 | K11: 0 | L11: 0 | M11: 67 | N11: 0 | O11: =SUM(C11:L11,N11) -> 193 | P11: =SUM(C11:N11) -> 260 | R11: 0800-0900 | S11: =SUM(C14:C17) -> 410 | T11: =SUM(D14:D17) -> 245 | U11: =SUM(E14:E17) -> 54 | V11: =SUM(F14:F17) -> 35 | W11: =SUM(G14:G17) -> 1 | X11: =SUM(H14:H17) -> 0 | Y11: =SUM(I14:I17) -> 1 | Z11: =SUM(J14:J17) -> 1 | ... AF11: =SUM(P14:P17) -> 1276
B12: 07.30 - 07.45 | C12: 150 | D12: 85 | E12: 14 | F12: 4 | G12: 0 | H12: 0 | I12: 0 | J12: 0 | K12: 0 | L12: 0 | M12: 92 | N12: 0 | O12: =SUM(C12:L12,N12) -> 253 | P12: =SUM(C12:N12) -> 345 | R12: 0900-1000 | S12: =SUM(C18:C21) -> 334 | T12: =SUM(D18:D21) -> 176 | U12: =SUM(E18:E21) -> 52 | V12: =SUM(F18:F21) -> 37 | W12: =SUM(G18:G21) -> 0 | X12: =SUM(H18:H21) -> 0 | Y12: =SUM(I18:I21) -> 9 | Z12: =SUM(J18:J21) -> 9 | ... AF12: =SUM(P18:P21) -> 1004
B13: 07.45 - 08.00 | C13: 164 | D13: 96 | E13: 16 | F13: 8 | G13: 1 | H13: 0 | I13: 0 | J13: 1 | K13: 0 | L13: 0 | M13: 112 | N13: 0 | O13: =SUM(C13:L13,N13) -> 286 | P13: =SUM(C13:N13) -> 398 | R13: 1000-1100 | S13: =SUM(C22:C25) -> 298 | T13: =SUM(D22:D25) -> 170 | U13: =SUM(E22:E25) -> 43 | V13: =SUM(F22:F25) -> 32 | W13: =SUM(G22:G25) -> 3 | X13: =SUM(H22:H25) -> 0 | Y13: =SUM(I22:I25) -> 6 | Z13: =SUM(J22:J25) -> 12 | ... AF13: =SUM(P22:P25) -> 861
B14: 08.00 - 08.15 | C14: 146 | D14: 80 | E14: 18 | F14: 9 | G14: 0 | H14: 0 | I14: 0 | J14: 0 | K14: 0 | L14: 0 | M14: 129 | N14: 0 | O14: =SUM(C14:L14,N14) -> 253 | P14: =SUM(C14:N14) -> 382 | R14: 1100-1200 | S14: =SUM(C26:C29) -> 277 | T14: =SUM(D26:D29) -> 176 | U14: =SUM(E26:E29) -> 39 | V14: =SUM(F26:F29) -> 42 | W14: =SUM(G26:G29) -> 3 | X14: =SUM(H26:H29) -> 0 | Y14: =SUM(I26:I29) -> 11 | Z14: =SUM(J26:J29) -> 14 | ... AF14: =SUM(P26:P29) -> 887
B15: 08.15 - 08.30 | C15: 97 | D15: 58 | E15: 10 | F15: 10 | G15: 0 | H15: 0 | I15: 0 | J15: 1 | K15: 0 | L15: 0 | M15: 116 | N15: 0 | O15: =SUM(C15:L15,N15) -> 176 | P15: =SUM(C15:N15) -> 292 | R15: 1200-1300 | S15: =SUM(C30:C33) -> 249 | T15: =SUM(D30:D33) -> 0 | U15: =SUM(E30:E33) -> 0 | V15: =SUM(F30:F33) -> 0 | W15: =SUM(G30:G33) -> 0 | X15: =SUM(H30:H33) -> 2 | Y15: =SUM(I30:I33) -> 13 | Z15: =SUM(J30:J33) -> 12 | ... AF15: =SUM(P30:P33) -> 584
B16: 08.30 - 08.45 | C16: 92 | D16: 47 | E16: 15 | F16: 9 | G16: 0 | H16: 0 | I16: 0 | J16: 0 | K16: 0 | L16: 0 | M16: 136 | N16: 0 | O16: =SUM(C16:L16,N16) -> 163 | P16: =SUM(C16:N16) -> 299 | R16: 1300-1400 | S16: =SUM(C34:C37) -> 281 | T16: =SUM(D34:D37) -> 163 | U16: =SUM(E34:E37) -> 32 | V16: =SUM(F34:F37) -> 41 | W16: =SUM(G34:G37) -> 4 | X16: =SUM(H34:H37) -> 0 | Y16: =SUM(I34:I37) -> 9 | Z16: =SUM(J34:J37) -> 5 | ... AF16: =SUM(P34:P37) -> 775
B17: 08.45 - 9.00 | C17: 75 | D17: 60 | E17: 11 | F17: 7 | G17: 1 | H17: 0 | I17: 1 | J17: 0 | K17: 0 | L17: 0 | M17: 148 | N17: 0 | O17: =SUM(C17:L17,N17) -> 155 | P17: =SUM(C17:N17) -> 303 | R17: 1400-1500 | S17: =SUM(C38:C41) -> 199 | T17: =SUM(D38:D41) -> 108 | U17: =SUM(E38:E41) -> 28 | V17: =SUM(F38:F41) -> 34 | W17: =SUM(G38:G41) -> 4 | X17: =SUM(H38:H41) -> 0 | Y17: =SUM(I38:I41) -> 0 | Z17: =SUM(J38:J41) -> 10 | ... AF17: =SUM(P38:P41) -> 599
B18: 09.00 - 09.15 | C18: 81 | D18: 43 | E18: 15 | F18: 9 | G18: 0 | H18: 0 | I18: 2 | J18: 3 | K18: 0 | L18: 0 | M18: 106 | N18: 0 | O18: =SUM(C18:L18,N18) -> 153 | P18: =SUM(C18:N18) -> 259 | R18: 1500-1600 | S18: =SUM(C42:C45) -> 184 | T18: =SUM(D42:D45) -> 110 | U18: =SUM(E42:E45) -> 23 | V18: =SUM(F42:F45) -> 22 | W18: =SUM(G42:G45) -> 1 | X18: =SUM(H42:H45) -> 0 | Y18: =SUM(I42:I45) -> 12 | Z18: =SUM(J42:J45) -> 10 | ... AF18: =SUM(P42:P45) -> 668
B19: 09.15 - 09.30 | C19: 97 | D19: 63 | E19: 13 | F19: 9 | G19: 0 | H19: 0 | I19: 3 | J19: 3 | K19: 0 | L19: 0 | M19: 111 | N19: 0 | O19: =SUM(C19:L19,N19) -> 188 | P19: =SUM(C19:N19) -> 299 | R19: 1600-1700 | S19: =SUM(C46:C49) -> 244 | T19: =SUM(D46:D49) -> 148 | U19: =SUM(E46:E49) -> 33 | V19: =SUM(F46:F49) -> 41 | W19: =SUM(G46:G49) -> 8 | X19: =SUM(H46:H49) -> 0 | Y19: =SUM(I46:I49) -> 5 | Z19: =SUM(J46:J49) -> 7 | ... AF19: =SUM(P46:P49) -> 746
B20: 09.30 - 09.45 | C20: 81 | D20: 38 | E20: 10 | F20: 10 | G20: 0 | H20: 0 | I20: 3 | J20: 1 | K20: 0 | L20: 0 | M20: 77 | N20: 0 | O20: =SUM(C20:L20,N20) -> 143 | P20: =SUM(C20:N20) -> 220 | R20: 1700-1800 | S20: =SUM(C50:C53) -> 289 | T20: =SUM(D50:D53) -> 196 | U20: =SUM(E50:E53) -> 42 | V20: =SUM(F50:F53) -> 43 | W20: =SUM(G50:G53) -> 5 | X20: =SUM(H50:H53) -> 0 | Y20: =SUM(I50:I53) -> 5 | Z20: =SUM(J50:J53) -> 7 | ... AF20: =SUM(P50:P53) -> 847
B21: 09.45 - 10.00 | C21: 75 | D21: 32 | E21: 14 | F21: 9 | G21: 0 | H21: 0 | I21: 1 | J21: 2 | K21: 1 | L21: 0 | M21: 92 | N21: 0 | O21: =SUM(C21:L21,N21) -> 134 | P21: =SUM(C21:N21) -> 226 | R21: 1800-1900 | S21: =SUM(C54:C57) -> 203 | T21: =SUM(D54:D57) -> 115 | U21: =SUM(E54:E57) -> 31 | V21: =SUM(F54:F57) -> 35 | W21: =SUM(G54:G57) -> 2 | X21: =SUM(H54:H57) -> 6 | Y21: =SUM(I54:I57) -> 2 | Z21: =SUM(J54:J57) -> 1 | ... AF21: =SUM(P54:P57) -> 679
B22: 10.00 - 10.15 | C22: 85 | D22: 28 | E22: 7 | F22: 5 | G22: 0 | H22: 0 | I22: 1 | J22: 1 | K22: 0 | L22: 0 | M22: 61 | N22: 0 | O22: =SUM(C22:L22,N22) -> 127 | P22: =SUM(C22:N22) -> 188 | R22: AM Peak Hr | S22: =MAX(S10:S12) -> 507 | T22: =MAX(T10:T12) -> 309 | U22: =MAX(U10:U12) -> 57 | V22: =MAX(V10:V12) -> 37 | W22: =MAX(W10:W12) -> 2 | X22: =MAX(X10:X12) -> 0 | Y22: =MAX(Y10:Y12) -> 9 | Z22: =MAX(Z10:Z12) -> 9 | ... AF22: =MAX(AF10:AF12) -> 1276
B23: 10.15 - 10.30 | C23: 90 | D23: 57 | E23: 15 | F23: 11 | G23: 2 | H23: 0 | I23: 1 | J23: 4 | K23: 1 | L23: 0 | M23: 73 | N23: 0 | O23: =SUM(C23:L23,N23) -> 181 | P23: =SUM(C23:N23) -> 254 | R23: IP Peak Hr | S23: =MAX(S13:S18) -> 298 | T23: =MAX(T13:T18) -> 176 | U23: =MAX(U13:U18) -> 43 | V23: =MAX(V13:V18) -> 42 | W23: =MAX(W13:W18) -> 4 | X23: =MAX(X13:X18) -> 2 | Y23: =MAX(Y13:Y18) -> 13 | Z23: =MAX(Z13:Z18) -> 14 | ... AF23: =MAX(AF13:AF18) -> 887
B24: 10.30 - 10.45 | C24: 56 | D24: 44 | E24: 9 | F24: 6 | G24: 0 | H24: 0 | I24: 2 | J24: 5 | K24: 0 | L24: 0 | M24: 87 | N24: 0 | O24: =SUM(C24:L24,N24) -> 122 | P24: =SUM(C24:N24) -> 209 | R24: PM Peak Hr | S24: =MAX(S19:S21) -> 289 | T24: =MAX(T19:T21) -> 196 | U24: =MAX(U19:U21) -> 42 | V24: =MAX(V19:V21) -> 43 | W24: =MAX(W19:W21) -> 8 | X24: =MAX(X19:X21) -> 6 | Y24: =MAX(Y19:Y21) -> 5 | Z24: =MAX(Z19:Z21) -> 7 | ... AF24: =MAX(AF19:AF21) -> 847
B25: 10.45 - 11.00 | C25: 67 | D25: 41 | E25: 12 | F25: 10 | G25: 1 | H25: 0 | I25: 2 | J25: 2 | K25: 0 | L25: 0 | M25: 75 | N25: 0 | O25: =SUM(C25:L25,N25) -> 135 | P25: =SUM(C25:N25) -> 210 | R25: AM Period | S25: =SUM(S10:S12) -> 1251 | T25: =SUM(T10:T12) -> 730 | U25: =SUM(U10:U12) -> 163 | V25: =SUM(V10:V12) -> 93 | W25: =SUM(W10:W12) -> 3 | X25: =SUM(X10:X12) -> 0 | Y25: =SUM(Y10:Y12) -> 13 | Z25: =SUM(Z10:Z12) -> 13 | ... AF25: =SUM(AF10:AF12) -> 3512
B26: 11.00 - 11.15 | C26: 80 | D26: 37 | E26: 13 | F26: 15 | G26: 1 | H26: 0 | I26: 0 | J26: 1 | K26: 0 | L26: 0 | M26: 88 | N26: 0 | O26: =SUM(C26:L26,N26) -> 147 | P26: =SUM(C26:N26) -> 235 | R26: IP Period | S26: =SUM(S13:S18) -> 1488 | T26: =SUM(T13:T18) -> 727 | U26: =SUM(U13:U18) -> 165 | V26: =SUM(V13:V18) -> 171 | W26: =SUM(W13:W18) -> 15 | X26: =SUM(X13:X18) -> 2 | Y26: =SUM(Y13:Y18) -> 51 | Z26: =SUM(Z13:Z18) -> 63 | ... AF26: =SUM(AF13:AF18) -> 4374
B27: 11.15 - 11.30 | C27: 92 | D27: 65 | E27: 13 | F27: 17 | G27: 1 | H27: 0 | I27: 2 | J27: 4 | K27: 1 | L27: 0 | M27: 90 | N27: 0 | O27: =SUM(C27:L27,N27) -> 195 | P27: =SUM(C27:N27) -> 285 | R27: PM Period | S27: =SUM(S19:S21) -> 736 | T27: =SUM(T19:T21) -> 459 | U27: =SUM(U19:U21) -> 106 | V27: =SUM(V19:V21) -> 119 | W27: =SUM(W19:W21) -> 15 | X27: =SUM(X19:X21) -> 6 | Y27: =SUM(Y19:Y21) -> 12 | Z27: =SUM(Z19:Z21) -> 15 | ... AF27: =SUM(AF19:AF21) -> 2272
B28: 11.30 - 11.45 | C28: 49 | D28: 32 | E28: 6 | F28: 3 | G28: 0 | H28: 0 | I28: 6 | J28: 5 | K28: 1 | L28: 0 | M28: 77 | N28: 0 | O28: =SUM(C28:L28,N28) -> 102 | P28: =SUM(C28:N28) -> 179 | R28: 12 Hours | S28: =SUM(S10:S21) -> 3475 | T28: =SUM(T10:T21) -> 1916 | U28: =SUM(U10:U21) -> 434 | V28: =SUM(V10:V21) -> 383 | W28: =SUM(W10:W21) -> 33 | X28: =SUM(X10:X21) -> 8 | Y28: =SUM(Y10:Y21) -> 76 | Z28: =SUM(Z10:Z21) -> 91 | ... AF28: =SUM(AF10:AF21) -> 10158
B29: 11.45 - 12.00 | C29: 56 | D29: 42 | E29: 7 | F29: 7 | G29: 1 | H29: 0 | I29: 3 | J29: 4 | K29: 0 | L29: 0 | M29: 68 | N29: 0 | O29: =SUM(C29:L29,N29) -> 120 | P29: =SUM(C29:N29) -> 188
B30: 12.00 - 12.15 | C30: 49 | D30: 0 | E30: 0 | F30: 0 | G30: 0 | H30: 0 | I30: 1 | J30: 4 | K30: 1 | L30: 0 | M30: 88 | N30: 0 | O30: =SUM(C30:L30,N30) -> 55 | P30: =SUM(C30:N30) -> 143
B31: 12.15 - 12.30 | C31: 72 | D31: 0 | E31: 0 | F31: 0 | G31: 0 | H31: 1 | I31: 5 | J31: 4 | K31: 1 | L31: 0 | M31: 78 | N31: 0 | O31: =SUM(C31:L31,N31) -> 83 | P31: =SUM(C31:N31) -> 161
B32: 12.30 - 12.45 | C32: 58 | D32: 0 | E32: 0 | F32: 0 | G32: 0 | H32: 0 | I32: 3 | J32: 1 | K32: 0 | L32: 0 | M32: 70 | N32: 0 | O32: =SUM(C32:L32,N32) -> 62 | P32: =SUM(C32:N32) -> 132
B33: 12.45 - 13.00 | C33: 70 | D33: 0 | E33: 0 | F33: 0 | G33: 0 | H33: 1 | I33: 4 | J33: 3 | K33: 1 | L33: 0 | M33: 69 | N33: 0 | O33: =SUM(C33:L33,N33) -> 79 | P33: =SUM(C33:N33) -> 148
B34: 13.00 - 13.15 | C34: 69 | D34: 46 | E34: 8 | F34: 8 | G34: 0 | H34: 0 | I34: 4 | J34: 1 | K34: 0 | L34: 0 | M34: 64 | N34: 0 | O34: =SUM(C34:L34,N34) -> 136 | P34: =SUM(C34:N34) -> 200
B35: 13.15 - 13.30 | C35: 48 | D35: 41 | E35: 8 | F35: 11 | G35: 1 | H35: 0 | I35: 0 | J35: 2 | K35: 0 | L35: 0 | M35: 56 | N35: 0 | O35: =SUM(C35:L35,N35) -> 111 | P35: =SUM(C35:N35) -> 167
B36: 13.30 - 13.45 | C36: 64 | D36: 36 | E36: 6 | F36: 11 | G36: 2 | H36: 0 | I36: 1 | J36: 2 | K36: 1 | L36: 0 | M36: 60 | N36: 0 | O36: =SUM(C36:L36,N36) -> 123 | P36: =SUM(C36:N36) -> 183
B37: 13.45 - 14.00 | C37: 100 | D37: 40 | E37: 10 | F37: 11 | G37: 1 | H37: 0 | I37: 4 | J37: 0 | K37: 0 | L37: 0 | M37: 59 | N37: 0 | O37: =SUM(C37:L37,N37) -> 166 | P37: =SUM(C37:N37) -> 225
B38: 14.00 - 14.15 | C38: 45 | D38: 26 | E38: 13 | F38: 10 | G38: 0 | H38: 0 | I38: 0 | J38: 4 | K38: 3 | L38: 0 | M38: 49 | N38: 0 | O38: =SUM(C38:L38,N38) -> 101 | P38: =SUM(C38:N38) -> 150
B39: 14.15 - 14.30 | C39: 61 | D39: 37 | E39: 2 | F39: 11 | G39: 4 | H39: 0 | I39: 0 | J39: 3 | K39: 0 | L39: 0 | M39: 61 | N39: 0 | O39: =SUM(C39:L39,N39) -> 118 | P39: =SUM(C39:N39) -> 179
B40: 14.30 - 14.45 | C40: 48 | D40: 21 | E40: 4 | F40: 8 | G40: 0 | H40: 0 | I40: 0 | J40: 1 | K40: 3 | L40: 0 | M40: 45 | N40: 0 | O40: =SUM(C40:L40,N40) -> 85 | P40: =SUM(C40:N40) -> 130
... B57: 18.45 - 19.00 | C57: 46 | D57: 25 | E57: 5 | F57: 6 | G57: 1 | H57: 0 | I57: 1 | J57: 0 | K57: 0 | L57: 0 | M57: 72 | N57: 0 | O57: =SUM(C57:L57,N57) -> 84 | P57: =SUM(C57:N57) -> 156
B58: Totals | C58: =SUM(C10:C57) -> 3475 | D58: =SUM(D10:D57) -> 1916 | E58: =SUM(E10:E57) -> 434 | F58: =SUM(F10:F57) -> 383 | G58: =SUM(G10:G57) -> 33 | H58: =SUM(H10:H57) -> 8 | I58: =SUM(I10:I57) -> 76 | J58: =SUM(J10:J57) -> 91 | ... P58: =SUM(P10:P57) -> 10158
B59: %ges + MCs | C59: =C58/$P$58 -> 0.3420949 | D59: =D58/$P$58 -> 0.18861981 | E59: =E58/$P$58 -> 0.042724946 | F59: =F58/$P$58 -> 0.037704272 | G59: =G58/$P$58 -> 0.003248671 | H59: =H58/$P$58 -> 0.00078755661 | I59: =I58/$P$58 -> 0.0074817878 | J59: =J58/$P$58 -> 0.0089584564 | ... N59: =N58/$P$58 -> 0
B60: %ges w/o MCs | C60: =C58/$O$58 -> 0.54001554 | D60: =D58/$O$58 -> 0.2977467 | E60: =E58/$O$58 -> 0.067443667 | F60: =F58/$O$58 -> 0.05951826 | G60: =G58/$O$58 -> 0.0051282051 | H60: =H58/$O$58 -> 0.0012432012 | I60: =I58/$O$58 -> 0.011810412 | J60: =J58/$O$58 -> 0.014141414 | ... L60: =L58/$O$58 -> 0.00015540016 | N60: =N58/$O$58 -> 0

Sheet 30.07 Ntinda-Naalya
B1: Consultancy services for Preparation of Expressway Development Master Plan (EDMP) for Uganda
B2: MANUAL CLASSIFIED COUNT (MCC)
B3: ROAD NAME: | C3: ='29.07 Ntinda-Naalya'!C3:G3 -> MCC - C1 - STN38 - NAALYA EAST ROAD
C5: Date | D5: 30.07.19 | F5: Location | G5: ='29.07 Ntinda-Naalya'!G5:H5 -> NAALYA ROUND ABOUT | J5: Surveyor | K5: ='29.07 Ntinda-Naalya'!K5:L5 -> HARRIET N/NASSIWA A/MUTE C/PHOEBY/KAZIBWE J/NAKAYE J.
C6: Dir. From | D6: ='29.07 Ntinda-Naalya'!D6:E6 -> NTINDA | F6: Dir. To | G6: ='29.07 Ntinda-Naalya'!G6:H6 -> NAALYA | J6: Supervisor | K6: ='29.07 Ntinda-Naalya'!K6:L6 -> STEVEN
B8: Time / Veh Type | R8: SUMMARY TRAFFIC VOLUMES
C9: 1. Car | D9: 2. Station Wagon | E9: 3. Pickups | F9: 4. Minibus, matatu | G9: 5. Medium bus | H9: 6. Large Bus | I9: 7. Light Truck | J9: 8. Medium Truck | K9: 9. Heavy truck | L9: 10. Truck Trailer | M9: 11. Motor cycles | N9: 12. Tractors | O9: Total Excl M/Cycles | P9: Total All | R9: Time | S9: 1. Car | T9: 2. Station Wagon | U9: 3. Pickups | V9: 4. Minibus, matatu | W9: 5. Medium bus | X9: 6. Large Bus | Y9: 7. Light Truck | Z9: 8. Medium Truck | AA9: 9. Heavy truck | AB9: 10. Truck Trailer | AC9: 11. Motorcycles | AD9: 12. Tractors, Graders | AE9: Total Excl M/ Cycles | AF9: Total All
B10: 07.00 - 07.15 | C10: 98 | D10: 13 | E10: 0 | F10: 8 | G10: 0 | H10: 0 | I10: 0 | J10: 0 | K10: 1 | L10: 0 | M10: 34 | N10: 0 | O10: =SUM(C10:L10,N10) -> 120 | P10: =SUM(C10:N10) -> 154 | R10: 0700-0800 | S10: =SUM(C10:C13) -> 456 | T10: =SUM(D10:D13) -> 84 | U10: =SUM(E10:E13) -> 2 | V10: =SUM(F10:F13) -> 35 | W10: =SUM(G10:G13) -> 0 | X10: =SUM(H10:H13) -> 0 | Y10: =SUM(I10:I13) -> 2 | Z10: =SUM(J10:J13) -> 4 | ... AF10: =SUM(P10:P13) -> 799
B11: 07.15 - 07.30 | C11: 148 | D11: 25 | E11: 2 | F11: 9 | G11: 0 | H11: 0 | I11: 0 | J11: 2 | K11: 0 | L11: 0 | M11: 43 | N11: 0 | O11: =SUM(C11:L11,N11) -> 186 | P11: =SUM(C11:N11) -> 229 | R11: 0800-0900 | S11: =SUM(C14:C17) -> 288 | T11: =SUM(D14:D17) -> 127 | U11: =SUM(E14:E17) -> 15 | V11: =SUM(F14:F17) -> 35 | W11: =SUM(G14:G17) -> 0 | X11: =SUM(H14:H17) -> 1 | Y11: =SUM(I14:I17) -> 11 | Z11: =SUM(J14:J17) -> 4 | ... AF11: =SUM(P14:P17) -> 790
B12: 07.30 - 07.45 | C12: 98 | D12: 24 | E12: 0 | F12: 9 | G12: 0 | H12: 0 | I12: 0 | J12: 0 | K12: 0 | L12: 1 | M12: 57 | N12: 0 | O12: =SUM(C12:L12,N12) -> 132 | P12: =SUM(C12:N12) -> 189 | R12: 0900-1000 | S12: =SUM(C18:C21) -> 208 | T12: =SUM(D18:D21) -> 61 | U12: =SUM(E18:E21) -> 21 | V12: =SUM(F18:F21) -> 26 | W12: =SUM(G18:G21) -> 2 | X12: =SUM(H18:H21) -> 2 | Y12: =SUM(I18:I21) -> 25 | Z12: =SUM(J18:J21) -> 4 | ... AF12: =SUM(P18:P21) -> 678
B13: 07.45 - 08.00 | C13: 112 | D13: 22 | E13: 0 | F13: 9 | G13: 0 | H13: 0 | I13: 2 | J13: 2 | K13: 1 | L13: 1 | M13: 78 | N13: 0 | O13: =SUM(C13:L13,N13) -> 149 | P13: =SUM(C13:N13) -> 227 | R13: 1000-1100 | S13: =SUM(C22:C25) -> 218 | T13: =SUM(D22:D25) -> 58 | U13: =SUM(E22:E25) -> 24 | V13: =SUM(F22:F25) -> 29 | W13: =SUM(G22:G25) -> 1 | X13: =SUM(H22:H25) -> 2 | Y13: =SUM(I22:I25) -> 24 | Z13: =SUM(J22:J25) -> 8 | ... AF13: =SUM(P22:P25) -> 661
B14: 08.00 - 08.15 | C14: 79 | D14: 15 | E14: 1 | F14: 13 | G14: 0 | H14: 0 | I14: 4 | J14: 0 | K14: 0 | L14: 0 | M14: 72 | N14: 0 | O14: =SUM(C14:L14,N14) -> 112 | P14: =SUM(C14:N14) -> 184 | R14: 1100-1200 | S14: =SUM(C26:C29) -> 252 | T14: =SUM(D26:D29) -> 71 | U14: =SUM(E26:E29) -> 35 | V14: =SUM(F26:F29) -> 33 | W14: =SUM(G26:G29) -> 0 | X14: =SUM(H26:H29) -> 1 | Y14: =SUM(I26:I29) -> 14 | Z14: =SUM(J26:J29) -> 8 | ... AF14: =SUM(P26:P29) -> 693
B15: 08.15 - 08.30 | C15: 71 | D15: 81 | E15: 2 | F15: 7 | G15: 0 | H15: 0 | I15: 2 | J15: 1 | K15: 0 | L15: 0 | M15: 77 | N15: 0 | O15: =SUM(C15:L15,N15) -> 164 | P15: =SUM(C15:N15) -> 241 | R15: 1200-1300 | S15: =SUM(C30:C33) -> 241 | T15: =SUM(D30:D33) -> 74 | U15: =SUM(E30:E33) -> 22 | V15: =SUM(F30:F33) -> 22 | W15: =SUM(G30:G33) -> 5 | X15: =SUM(H30:H33) -> 4 | Y15: =SUM(I30:I33) -> 22 | Z15: =SUM(J30:J33) -> 7 | ... AF15: =SUM(P30:P33) -> 685
B16: 08.30 - 08.45 | C16: 73 | D16: 18 | E16: 5 | F16: 10 | G16: 0 | H16: 1 | I16: 2 | J16: 1 | K16: 0 | L16: 0 | M16: 63 | N16: 0 | O16: =SUM(C16:L16,N16) -> 110 | P16: =SUM(C16:N16) -> 173 | R16: 1300-1400 | S16: =SUM(C34:C37) -> 306 | T16: =SUM(D34:D37) -> 56 | U16: =SUM(E34:E37) -> 12 | V16: =SUM(F34:F37) -> 25 | W16: =SUM(G34:G37) -> 3 | X16: =SUM(H34:H37) -> 1 | Y16: =SUM(I34:I37) -> 20 | Z16: =SUM(J34:J37) -> 8 | ... AF16: =SUM(P34:P37) -> 758
B17: 08.45 - 9.00 | C17: 65 | D17: 13 | E17: 7 | F17: 5 | G17: 0 | H17: 0 | I17: 3 | J17: 2 | K17: 0 | L17: 0 | M17: 97 | N17: 0 | O17: =SUM(C17:L17,N17) -> 95 | P17: =SUM(C17:N17) -> 192 | R17: 1400-1500 | S17: =SUM(C38:C41) -> 282 | T17: =SUM(D38:D41) -> 57 | U17: =SUM(E38:E41) -> 28 | V17: =SUM(F38:F41) -> 26 | W17: =SUM(G38:G41) -> 0 | X17: =SUM(H38:H41) -> 3 | Y17: =SUM(I38:I41) -> 20 | Z17: =SUM(J38:J41) -> 6 | ... AF17: =SUM(P38:P41) -> 706
B18: 09.00 - 09.15 | C18: 60 | D18: 15 | E18: 4 | F18: 8 | G18: 0 | H18: 1 | I18: 7 | J18: 0 | K18: 1 | L18: 0 | M18: 91 | N18: 0 | O18: =SUM(C18:L18,N18) -> 96 | P18: =SUM(C18:N18) -> 187 | R18: 1500-1600 | S18: =SUM(C42:C45) -> 362 | T18: =SUM(D42:D45) -> 71 | U18: =SUM(E42:E45) -> 21 | V18: =SUM(F42:F45) -> 25 | W18: =SUM(G42:G45) -> 6 | X18: =SUM(H42:H45) -> 1 | Y18: =SUM(I42:I45) -> 25 | Z18: =SUM(J42:J45) -> 10 | ... AF18: =SUM(P42:P45) -> 738
B19: 09.15 - 09.30 | C19: 45 | D19: 12 | E19: 8 | F19: 5 | G19: 0 | H19: 0 | I19: 7 | J19: 1 | K19: 1 | L19: 0 | M19: 91 | N19: 0 | O19: =SUM(C19:L19,N19) -> 79 | P19: =SUM(C19:N19) -> 170 | R19: 1600-1700 | S19: =SUM(C46:C49) -> 516 | T19: =SUM(D46:D49) -> 113 | U19: =SUM(E46:E49) -> 14 | V19: =SUM(F46:F49) -> 37 | W19: =SUM(G46:G49) -> 4 | X19: =SUM(H46:H49) -> 7 | Y19: =SUM(I46:I49) -> 16 | Z19: =SUM(J46:J49) -> 13 | ... AF19: =SUM(P46:P49) -> 1071
B20: 09.30 - 09.45 | C20: 62 | D20: 19 | E20: 7 | F20: 4 | G20: 0 | H20: 1 | I20: 10 | J20: 2 | K20: 0 | L20: 0 | M20: 86 | N20: 0 | O20: =SUM(C20:L20,N20) -> 105 | P20: =SUM(C20:N20) -> 191 | R20: 1700-1800 | S20: =SUM(C50:C53) -> 657 | T20: =SUM(D50:D53) -> 123 | U20: =SUM(E50:E53) -> 17 | V20: =SUM(F50:F53) -> 37 | W20: =SUM(G50:G53) -> 2 | X20: =SUM(H50:H53) -> 1 | Y20: =SUM(I50:I53) -> 23 | Z20: =SUM(J50:J53) -> 5 | ... AF20: =SUM(P50:P53) -> 1253
B21: 09.45 - 10.00 | C21: 41 | D21: 15 | E21: 2 | F21: 9 | G21: 2 | H21: 0 | I21: 1 | J21: 1 | K21: 1 | L21: 0 | M21: 58 | N21: 0 | O21: =SUM(C21:L21,N21) -> 72 | P21: =SUM(C21:N21) -> 130 | R21: 1800-1900 | S21: =SUM(C54:C57) -> 541 | T21: =SUM(D54:D57) -> 117 | U21: =SUM(E54:E57) -> 12 | V21: =SUM(F54:F57) -> 21 | W21: =SUM(G54:G57) -> 2 | X21: =SUM(H54:H57) -> 2 | Y21: =SUM(I54:I57) -> 16 | Z21: =SUM(J54:J57) -> 12 | ... AF21: =SUM(P54:P57) -> 1027
B22: 10.00 - 10.15 | C22: 78 | D22: 16 | E22: 9 | F22: 13 | G22: 1 | H22: 1 | I22: 6 | J22: 0 | K22: 0 | L22: 0 | M22: 78 | N22: 0 | O22: =SUM(C22:L22,N22) -> 124 | P22: =SUM(C22:N22) -> 202 | R22: AM Peak Hr | S22: =MAX(S10:S12) -> 456 | T22: =MAX(T10:T12) -> 127 | U22: =MAX(U10:U12) -> 21 | V22: =MAX(V10:V12) -> 35 | W22: =MAX(W10:W12) -> 2 | X22: =MAX(X10:X12) -> 2 | Y22: =MAX(Y10:Y12) -> 25 | Z22: =MAX(Z10:Z12) -> 4 | ... AF22: =MAX(AF10:AF12) -> 799
B23: 10.15 - 10.30 | C23: 37 | D23: 11 | E23: 5 | F23: 6 | G23: 0 | H23: 0 | I23: 4 | J23: 4 | K23: 1 | L23: 1 | M23: 62 | N23: 0 | O23: =SUM(C23:L23,N23) -> 69 | P23: =SUM(C23:N23) -> 131 | R23: IP Peak Hr | S23: =MAX(S13:S18) -> 362 | T23: =MAX(T13:T18) -> 74 | U23: =MAX(U13:U18) -> 35 | V23: =MAX(V13:V18) -> 33 | W23: =MAX(W13:W18) -> 6 | X23: =MAX(X13:X18) -> 4 | Y23: =MAX(Y13:Y18) -> 25 | Z23: =MAX(Z13:Z18) -> 10 | ... AF23: =MAX(AF13:AF18) -> 758
B24: 10.30 - 10.45 | C24: 49 | D24: 17 | E24: 5 | F24: 4 | G24: 0 | H24: 1 | I24: 4 | J24: 3 | K24: 1 | L24: 1 | M24: 80 | N24: 0 | O24: =SUM(C24:L24,N24) -> 85 | P24: =SUM(C24:N24) -> 165 | R24: PM Peak Hr | S24: =MAX(S19:S21) -> 657 | T24: =MAX(T19:T21) -> 123 | U24: =MAX(U19:U21) -> 17 | V24: =MAX(V19:V21) -> 37 | W24: =MAX(W19:W21) -> 4 | X24: =MAX(X19:X21) -> 7 | Y24: =MAX(Y19:Y21) -> 23 | Z24: =MAX(Z19:Z21) -> 13 | ... AF24: =MAX(AF19:AF21) -> 1253
B25: 10.45 - 11.00 | C25: 54 | D25: 14 | E25: 5 | F25: 6 | G25: 0 | H25: 0 | I25: 10 | J25: 1 | K25: 1 | L25: 1 | M25: 71 | N25: 0 | O25: =SUM(C25:L25,N25) -> 92 | P25: =SUM(C25:N25) -> 163 | R25: AM Period | S25: =SUM(S10:S12) -> 952 | T25: =SUM(T10:T12) -> 272 | U25: =SUM(U10:U12) -> 38 | V25: =SUM(V10:V12) -> 96 | W25: =SUM(W10:W12) -> 2 | X25: =SUM(X10:X12) -> 3 | Y25: =SUM(Y10:Y12) -> 38 | Z25: =SUM(Z10:Z12) -> 12 | ... AF25: =SUM(AF10:AF12) -> 2267
B26: 11.00 - 11.15 | C26: 59 | D26: 19 | E26: 4 | F26: 8 | G26: 0 | H26: 0 | I26: 3 | J26: 4 | K26: 0 | L26: 0 | M26: 64 | N26: 0 | O26: =SUM(C26:L26,N26) -> 97 | P26: =SUM(C26:N26) -> 161 | R26: IP Period | S26: =SUM(S13:S18) -> 1661 | T26: =SUM(T13:T18) -> 387 | U26: =SUM(U13:U18) -> 142 | V26: =SUM(V13:V18) -> 160 | W26: =SUM(W13:W18) -> 15 | X26: =SUM(X13:X18) -> 12 | Y26: =SUM(Y13:Y18) -> 125 | Z26: =SUM(Z13:Z18) -> 47 | ... AF26: =SUM(AF13:AF18) -> 4241
B27: 11.15 - 11.30 | C27: 48 | D27: 14 | E27: 8 | F27: 9 | G27: 0 | H27: 1 | I27: 5 | J27: 2 | K27: 0 | L27: 0 | M27: 83 | N27: 0 | O27: =SUM(C27:L27,N27) -> 87 | P27: =SUM(C27:N27) -> 170 | R27: PM Period | S27: =SUM(S19:S21) -> 1714 | T27: =SUM(T19:T21) -> 353 | U27: =SUM(U19:U21) -> 43 | V27: =SUM(V19:V21) -> 95 | W27: =SUM(W19:W21) -> 8 | X27: =SUM(X19:X21) -> 10 | Y27: =SUM(Y19:Y21) -> 55 | Z27: =SUM(Z19:Z21) -> 30 | ... AF27: =SUM(AF19:AF21) -> 3351
B28: 11.30 - 11.45 | C28: 69 | D28: 13 | E28: 13 | F28: 8 | G28: 0 | H28: 0 | I28: 4 | J28: 0 | K28: 1 | L28: 1 | M28: 57 | N28: 0 | O28: =SUM(C28:L28,N28) -> 109 | P28: =SUM(C28:N28) -> 166 | R28: 12 Hours | S28: =SUM(S10:S21) -> 4327 | T28: =SUM(T10:T21) -> 1012 | U28: =SUM(U10:U21) -> 223 | V28: =SUM(V10:V21) -> 351 | W28: =SUM(W10:W21) -> 25 | X28: =SUM(X10:X21) -> 25 | Y28: =SUM(Y10:Y21) -> 218 | Z28: =SUM(Z10:Z21) -> 89 | ... AF28: =SUM(AF10:AF21) -> 9859
B29: 11.45 - 12.00 | C29: 76 | D29: 25 | E29: 10 | F29: 8 | G29: 0 | H29: 0 | I29: 2 | J29: 2 | K29: 0 | L29: 0 | M29: 73 | N29: 0 | O29: =SUM(C29:L29,N29) -> 123 | P29: =SUM(C29:N29) -> 196
B30: 12.00 - 12.15 | C30: 42 | D30: 17 | E30: 3 | F30: 2 | G30: 5 | H30: 3 | I30: 4 | J30: 2 | K30: 1 | L30: 0 | M30: 60 | N30: 0 | O30: =SUM(C30:L30,N30) -> 79 | P30: =SUM(C30:N30) -> 139
B31: 12.15 - 12.30 | C31: 71 | D31: 16 | E31: 5 | F31: 6 | G31: 0 | H31: 0 | I31: 5 | J31: 0 | K31: 0 | L31: 0 | M31: 87 | N31: 0 | O31: =SUM(C31:L31,N31) -> 103 | P31: =SUM(C31:N31) -> 190
B32: 12.30 - 12.45 | C32: 64 | D32: 13 | E32: 9 | F32: 9 | G32: 0 | H32: 1 | I32: 9 | J32: 3 | K32: 2 | L32: 2 | M32: 66 | N32: 0 | O32: =SUM(C32:L32,N32) -> 112 | P32: =SUM(C32:N32) -> 178
B33: 12.45 - 13.00 | C33: 64 | D33: 28 | E33: 5 | F33: 5 | G33: 0 | H33: 0 | I33: 4 | J33: 2 | K33: 1 | L33: 0 | M33: 69 | N33: 0 | O33: =SUM(C33:L33,N33) -> 109 | P33: =SUM(C33:N33) -> 178
B34: 13.00 - 13.15 | C34: 57 | D34: 13 | E34: 4 | F34: 6 | G34: 0 | H34: 1 | I34: 4 | J34: 4 | K34: 1 | L34: 0 | M34: 51 | N34: 0 | O34: =SUM(C34:L34,N34) -> 90 | P34: =SUM(C34:N34) -> 141
B35: 13.15 - 13.30 | C35: 55 | D35: 11 | E35: 2 | F35: 6 | G35: 0 | H35: 0 | I35: 6 | J35: 1 | K35: 0 | L35: 0 | M35: 49 | N35: 0 | O35: =SUM(C35:L35,N35) -> 81 | P35: =SUM(C35:N35) -> 130
B36: 13.30 - 13.45 | C36: 105 | D36: 15 | E36: 2 | F36: 8 | G36: 0 | H36: 0 | I36: 3 | J36: 1 | K36: 0 | L36: 0 | M36: 125 | N36: 0 | O36: =SUM(C36:L36,N36) -> 134 | P36: =SUM(C36:N36) -> 259
B37: 13.45 - 14.00 | C37: 89 | D37: 17 | E37: 4 | F37: 5 | G37: 3 | H37: 0 | I37: 7 | J37: 2 | K37: 0 | L37: 0 | M37: 101 | N37: 0 | O37: =SUM(C37:L37,N37) -> 127 | P37: =SUM(C37:N37) -> 228
B38: 14.00 - 14.15 | C38: 71 | D38: 13 | E38: 7 | F38: 7 | G38: 0 | H38: 2 | I38: 7 | J38: 1 | K38: 1 | L38: 1 | M38: 46 | N38: 0 | O38: =SUM(C38:L38,N38) -> 110 | P38: =SUM(C38:N38) -> 156
B39: 14.15 - 14.30 | C39: 64 | D39: 12 | E39: 10 | F39: 9 | G39: 0 | H39: 0 | I39: 5 | J39: 1 | K39: 2 | L39: 0 | M39: 90 | N39: 0 | O39: =SUM(C39:L39,N39) -> 103 | P39: =SUM(C39:N39) -> 193
B40: 14.30 - 14.45 | C40: 76 | D40: 13 | E40: 7 | F40: 6 | G40: 0 | H40: 0 | I40: 3 | J40: 0 | K40: 0 | L40: 0 | M40: 66 | N40: 0 | O40: =SUM(C40:L40,N40) -> 105 | P40: =SUM(C40:N40) -> 171
... B57: 18.45 - 19.00 | C57: 105 | D57: 31 | E57: 3 | F57: 2 | G57: 0 | H57: 1 | I57: 0 | J57: 5 | K57: 0 | L57: 0 | M57: 55 | N57: 0 | O57: =SUM(C57:L57,N57) -> 147 | P57: =SUM(C57:N57) -> 202
B58: Totals | C58: =SUM(C10:C57) -> 4327 | D58: =SUM(D10:D57) -> 1012 | E58: =SUM(E10:E57) -> 223 | F58: =SUM(F10:F57) -> 351 | G58: =SUM(G10:G57) -> 25 | H58: =SUM(H10:H57) -> 25 | I58: =SUM(I10:I57) -> 218 | J58: =SUM(J10:J57) -> 89 | ... P58: =SUM(P10:P57) -> 9859
B59: %ges + MCs | C59: =C58/$P$58 -> 0.43888833 | D59: =D58/$P$58 -> 0.10264733 | E59: =E58/$P$58 -> 0.022618927 | F59: =F58/$P$58 -> 0.035601988 | G59: =G58/$P$58 -> 0.0025357541 | H59: =H58/$P$58 -> 0.0025357541 | I59: =I58/$P$58 -> 0.022111776 | J59: =J58/$P$58 -> 0.0090272847 | ... N59: =N58/$P$58 -> 0.00010143017
B60: %ges w/o MCs | C60: =C58/$O$58 -> 0.68551965 | D60: =D58/$O$58 -> 0.16032953 | E60: =E58/$O$58 -> 0.035329531 | F60: =F58/$O$58 -> 0.055608365 | G60: =G58/$O$58 -> 0.0039607098 | H60: =H58/$O$58 -> 0.0039607098 | I60: =I58/$O$58 -> 0.034537389 | J60: =J58/$O$58 -> 0.014100127 | ... L60: =L58/$O$58 -> 0.0022179975 | N60: =N58/$O$58 -> 0.00015842839

Sheet 30.07 Naalya-Ntinda
B1: Consultancy services for Preparation of Expressway Development Master Plan (EDMP) for Uganda
B2: MANUAL CLASSIFIED COUNT (MCC)
B3: ROAD NAME: | C3: ='29.07 Naalya-Ntinda'!C3:G3 -> MCC - C1 - STN38 - NAALYA EAST ROAD
C5: Date | D5: ='30.07 Ntinda-Naalya'!D5 -> 30.07.19 | F5: Location | G5: ='29.07 Ntinda-Naalya'!G5:H5 -> NAALYA ROUND ABOUT | J5: Surveyor | K5: ='29.07 Ntinda-Naalya'!K5:L5 -> HARRIET N/NASSIWA A/MUTE C/PHOEBY/KAZIBWE J/NAKAYE J.
C6: Dir. From | D6: ='29.07 Naalya-Ntinda'!D6:E6 -> NAALYA | F6: Dir. To | G6: ='29.07 Naalya-Ntinda'!G6:H6 -> NTINDA | J6: Supervisor | K6: ='29.07 Ntinda-Naalya'!K6:L6 -> STEVEN
B8: Time / Veh Type | R8: SUMMARY TRAFFIC VOLUMES
C9: 1. Car | D9: 2. Station Wagon | E9: 3. Pickups | F9: 4. Minibus, matatu | G9: 5. Medium bus | H9: 6. Large Bus | I9: 7. Light Truck | J9: 8. Medium Truck | K9: 9. Heavy truck | L9: 10. Truck Trailer | M9: 11. Motor cycles | N9: 12. Tractors | O9: Total Excl M/Cycles | P9: Total All | R9: Time | S9: 1. Car | T9: 2. Station Wagon | U9: 3. Pickups | V9: 4. Minibus, matatu | W9: 5. Medium bus | X9: 6. Large Bus | Y9: 7. Light Truck | Z9: 8. Medium Truck | AA9: 9. Heavy truck | AB9: 10. Truck Trailer | AC9: 11. Motorcycles | AD9: 12. Tractors, Graders | AE9: Total Excl M/ Cycles | AF9: Total All
B10: 07.00 - 07.15 | C10: 43 | D10: 40 | E10: 6 | F10: 5 | G10: 0 | H10: 0 | I10: 1 | J10: 1 | K10: 0 | L10: 0 | M10: 40 | N10: 0 | O10: =SUM(C10:L10,N10) -> 96 | P10: =SUM(C10:N10) -> 136 | R10: 0700-0800 | S10: =SUM(C10:C13) -> 451 | T10: =SUM(D10:D13) -> 254 | U10: =SUM(E10:E13) -> 40 | V10: =SUM(F10:F13) -> 38 | W10: =SUM(G10:G13) -> 3 | X10: =SUM(H10:H13) -> 0 | Y10: =SUM(I10:I13) -> 9 | Z10: =SUM(J10:J13) -> 7 | ... AF10: =SUM(P10:P13) -> 1151
B11: 07.15 - 07.30 | C11: 125 | D11: 80 | E11: 13 | F11: 7 | G11: 0 | H11: 0 | I11: 1 | J11: 4 | K11: 0 | L11: 0 | M11: 73 | N11: 0 | O11: =SUM(C11:L11,N11) -> 230 | P11: =SUM(C11:N11) -> 303 | R11: 0800-0900 | S11: =SUM(C14:C17) -> 404 | T11: =SUM(D14:D17) -> 253 | U11: =SUM(E14:E17) -> 31 | V11: =SUM(F14:F17) -> 30 | W11: =SUM(G14:G17) -> 1 | X11: =SUM(H14:H17) -> 0 | Y11: =SUM(I14:I17) -> 8 | Z11: =SUM(J14:J17) -> 7 | ... AF11: =SUM(P14:P17) -> 1166
B12: 07.30 - 07.45 | C12: 140 | D12: 86 | E12: 13 | F12: 11 | G12: 3 | H12: 0 | I12: 4 | J12: 1 | K12: 0 | L12: 0 | M12: 104 | N12: 0 | O12: =SUM(C12:L12,N12) -> 258 | P12: =SUM(C12:N12) -> 362 | R12: 0900-1000 | S12: =SUM(C18:C21) -> 255 | T12: =SUM(D18:D21) -> 160 | U12: =SUM(E18:E21) -> 32 | V12: =SUM(F18:F21) -> 32 | W12: =SUM(G18:G21) -> 1 | X12: =SUM(H18:H21) -> 0 | Y12: =SUM(I18:I21) -> 8 | Z12: =SUM(J18:J21) -> 2 | ... AF12: =SUM(P18:P21) -> 887
B13: 07.45 - 08.00 | C13: 143 | D13: 48 | E13: 8 | F13: 15 | G13: 0 | H13: 0 | I13: 3 | J13: 1 | K13: 0 | L13: 0 | M13: 132 | N13: 0 | O13: =SUM(C13:L13,N13) -> 218 | P13: =SUM(C13:N13) -> 350 | R13: 1000-1100 | S13: =SUM(C22:C25) -> 210 | T13: =SUM(D22:D25) -> 126 | U13: =SUM(E22:E25) -> 25 | V13: =SUM(F22:F25) -> 55 | W13: =SUM(G22:G25) -> 7 | X13: =SUM(H22:H25) -> 0 | Y13: =SUM(I22:I25) -> 9 | Z13: =SUM(J22:J25) -> 10 | ... AF13: =SUM(P22:P25) -> 708
B14: 08.00 - 08.15 | C14: 115 | D14: 85 | E14: 12 | F14: 9 | G14: 0 | H14: 0 | I14: 1 | J14: 5 | K14: 1 | L14: 0 | M14: 127 | N14: 0 | O14: =SUM(C14:L14,N14) -> 228 | P14: =SUM(C14:N14) -> 355 | R14: 1100-1200 | S14: =SUM(C26:C29) -> 204 | T14: =SUM(D26:D29) -> 156 | U14: =SUM(E26:E29) -> 28 | V14: =SUM(F26:F29) -> 56 | W14: =SUM(G26:G29) -> 2 | X14: =SUM(H26:H29) -> 0 | Y14: =SUM(I26:I29) -> 17 | Z14: =SUM(J26:J29) -> 5 | ... AF14: =SUM(P26:P29) -> 777
B15: 08.15 - 08.30 | C15: 125 | D15: 62 | E15: 5 | F15: 9 | G15: 0 | H15: 0 | I15: 4 | J15: 2 | K15: 0 | L15: 0 | M15: 87 | N15: 0 | O15: =SUM(C15:L15,N15) -> 207 | P15: =SUM(C15:N15) -> 294 | R15: 1200-1300 | S15: =SUM(C30:C33) -> 191 | T15: =SUM(D30:D33) -> 110 | U15: =SUM(E30:E33) -> 31 | V15: =SUM(F30:F33) -> 29 | W15: =SUM(G30:G33) -> 2 | X15: =SUM(H30:H33) -> 1 | Y15: =SUM(I30:I33) -> 7 | Z15: =SUM(J30:J33) -> 6 | ... AF15: =SUM(P30:P33) -> 688
B16: 08.30 - 08.45 | C16: 103 | D16: 62 | E16: 5 | F16: 9 | G16: 0 | H16: 0 | I16: 2 | J16: 0 | K16: 0 | L16: 0 | M16: 105 | N16: 0 | O16: =SUM(C16:L16,N16) -> 181 | P16: =SUM(C16:N16) -> 286 | R16: 1300-1400 | S16: =SUM(C34:C37) -> 158 | T16: =SUM(D34:D37) -> 96 | U16: =SUM(E34:E37) -> 21 | V16: =SUM(F34:F37) -> 33 | W16: =SUM(G34:G37) -> 5 | X16: =SUM(H34:H37) -> 0 | Y16: =SUM(I34:I37) -> 7 | Z16: =SUM(J34:J37) -> 6 | ... AF16: =SUM(P34:P37) -> 578
B17: 08.45 - 9.00 | C17: 61 | D17: 44 | E17: 9 | F17: 3 | G17: 1 | H17: 0 | I17: 1 | J17: 0 | K17: 0 | L17: 0 | M17: 112 | N17: 0 | O17: =SUM(C17:L17,N17) -> 119 | P17: =SUM(C17:N17) -> 231 | R17: 1400-1500 | S17: =SUM(C38:C41) -> 174 | T17: =SUM(D38:D41) -> 123 | U17: =SUM(E38:E41) -> 28 | V17: =SUM(F38:F41) -> 36 | W17: =SUM(G38:G41) -> 7 | X17: =SUM(H38:H41) -> 0 | Y17: =SUM(I38:I41) -> 8 | Z17: =SUM(J38:J41) -> 12 | ... AF17: =SUM(P38:P41) -> 648
B18: 09.00 - 09.15 | C18: 61 | D18: 44 | E18: 5 | F18: 10 | G18: 0 | H18: 0 | I18: 2 | J18: 0 | K18: 0 | L18: 0 | M18: 111 | N18: 0 | O18: =SUM(C18:L18,N18) -> 122 | P18: =SUM(C18:N18) -> 233 | R18: 1500-1600 | S18: =SUM(C42:C45) -> 189 | T18: =SUM(D42:D45) -> 139 | U18: =SUM(E42:E45) -> 29 | V18: =SUM(F42:F45) -> 30 | W18: =SUM(G42:G45) -> 4 | X18: =SUM(H42:H45) -> 0 | Y18: =SUM(I42:I45) -> 10 | Z18: =SUM(J42:J45) -> 12 | ... AF18: =SUM(P42:P45) -> 683
B19: 09.15 - 09.30 | C19: 67 | D19: 40 | E19: 11 | F19: 5 | G19: 0 | H19: 0 | I19: 4 | J19: 0 | K19: 0 | L19: 0 | M19: 95 | N19: 0 | O19: =SUM(C19:L19,N19) -> 127 | P19: =SUM(C19:N19) -> 222 | R19: 1600-1700 | S19: =SUM(C46:C49) -> 281 | T19: =SUM(D46:D49) -> 187 | U19: =SUM(E46:E49) -> 43 | V19: =SUM(F46:F49) -> 38 | W19: =SUM(G46:G49) -> 7 | X19: =SUM(H46:H49) -> 0 | Y19: =SUM(I46:I49) -> 7 | Z19: =SUM(J46:J49) -> 4 | ... AF19: =SUM(P46:P49) -> 908
B20: 09.30 - 09.45 | C20: 73 | D20: 48 | E20: 11 | F20: 8 | G20: 1 | H20: 0 | I20: 1 | J20: 1 | K20: 0 | L20: 0 | M20: 98 | N20: 0 | O20: =SUM(C20:L20,N20) -> 143 | P20: =SUM(C20:N20) -> 241 | R20: 1700-1800 | S20: =SUM(C50:C53) -> 252 | T20: =SUM(D50:D53) -> 180 | U20: =SUM(E50:E53) -> 31 | V20: =SUM(F50:F53) -> 36 | W20: =SUM(G50:G53) -> 4 | X20: =SUM(H50:H53) -> 0 | Y20: =SUM(I50:I53) -> 14 | Z20: =SUM(J50:J53) -> 6 | ... AF20: =SUM(P50:P53) -> 843
B21: 09.45 - 10.00 | C21: 54 | D21: 28 | E21: 5 | F21: 9 | G21: 0 | H21: 0 | I21: 1 | J21: 1 | K21: 0 | L21: 0 | M21: 93 | N21: 0 | O21: =SUM(C21:L21,N21) -> 98 | P21: =SUM(C21:N21) -> 191 | R21: 1800-1900 | S21: =SUM(C54:C57) -> 169 | T21: =SUM(D54:D57) -> 104 | U21: =SUM(E54:E57) -> 30 | V21: =SUM(F54:F57) -> 33 | W21: =SUM(G54:G57) -> 1 | X21: =SUM(H54:H57) -> 5 | Y21: =SUM(I54:I57) -> 2 | Z21: =SUM(J54:J57) -> 0 | ... AF21: =SUM(P54:P57) -> 654
B22: 10.00 - 10.15 | C22: 60 | D22: 30 | E22: 9 | F22: 12 | G22: 0 | H22: 0 | I22: 1 | J22: 2 | K22: 0 | L22: 0 | M22: 65 | N22: 0 | O22: =SUM(C22:L22,N22) -> 114 | P22: =SUM(C22:N22) -> 179 | R22: AM Peak Hr | S22: =MAX(S10:S12) -> 451 | T22: =MAX(T10:T12) -> 254 | U22: =MAX(U10:U12) -> 40 | V22: =MAX(V10:V12) -> 38 | W22: =MAX(W10:W12) -> 3 | X22: =MAX(X10:X12) -> 0 | Y22: =MAX(Y10:Y12) -> 9 | Z22: =MAX(Z10:Z12) -> 7 | ... AF22: =MAX(AF10:AF12) -> 1166
B23: 10.15 - 10.30 | C23: 62 | D23: 45 | E23: 4 | F23: 17 | G23: 1 | H23: 0 | I23: 2 | J23: 3 | K23: 0 | L23: 0 | M23: 78 | N23: 0 | O23: =SUM(C23:L23,N23) -> 134 | P23: =SUM(C23:N23) -> 212 | R23: IP Peak Hr | S23: =MAX(S13:S18) -> 210 | T23: =MAX(T13:T18) -> 156 | U23: =MAX(U13:U18) -> 31 | V23: =MAX(V13:V18) -> 56 | W23: =MAX(W13:W18) -> 7 | X23: =MAX(X13:X18) -> 1 | Y23: =MAX(Y13:Y18) -> 17 | Z23: =MAX(Z13:Z18) -> 12 | ... AF23: =MAX(AF13:AF18) -> 777
B24: 10.30 - 10.45 | C24: 50 | D24: 28 | E24: 5 | F24: 13 | G24: 5 | H24: 0 | I24: 2 | J24: 4 | K24: 1 | L24: 1 | M24: 69 | N24: 0 | O24: =SUM(C24:L24,N24) -> 109 | P24: =SUM(C24:N24) -> 178 | R24: PM Peak Hr | S24: =MAX(S19:S21) -> 281 | T24: =MAX(T19:T21) -> 187 | U24: =MAX(U19:U21) -> 43 | V24: =MAX(V19:V21) -> 38 | W24: =MAX(W19:W21) -> 7 | X24: =MAX(X19:X21) -> 5 | Y24: =MAX(Y19:Y21) -> 14 | Z24: =MAX(Z19:Z21) -> 6 | ... AF24: =MAX(AF19:AF21) -> 908
B25: 10.45 - 11.00 | C25: 38 | D25: 23 | E25: 7 | F25: 13 | G25: 1 | H25: 0 | I25: 4 | J25: 1 | K25: 0 | L25: 0 | M25: 52 | N25: 0 | O25: =SUM(C25:L25,N25) -> 87 | P25: =SUM(C25:N25) -> 139 | R25: AM Period | S25: =SUM(S10:S12) -> 1110 | T25: =SUM(T10:T12) -> 667 | U25: =SUM(U10:U12) -> 103 | V25: =SUM(V10:V12) -> 100 | W25: =SUM(W10:W12) -> 5 | X25: =SUM(X10:X12) -> 0 | Y25: =SUM(Y10:Y12) -> 25 | Z25: =SUM(Z10:Z12) -> 16 | ... AF25: =SUM(AF10:AF12) -> 3204
B26: 11.00 - 11.15 | C26: 55 | D26: 44 | E26: 8 | F26: 15 | G26: 0 | H26: 0 | I26: 4 | J26: 0 | K26: 0 | L26: 0 | M26: 79 | N26: 0 | O26: =SUM(C26:L26,N26) -> 126 | P26: =SUM(C26:N26) -> 205 | R26: IP Period | S26: =SUM(S13:S18) -> 1126 | T26: =SUM(T13:T18) -> 750 | U26: =SUM(U13:U18) -> 162 | V26: =SUM(V13:V18) -> 239 | W26: =SUM(W13:W18) -> 27 | X26: =SUM(X13:X18) -> 1 | Y26: =SUM(Y13:Y18) -> 58 | Z26: =SUM(Z13:Z18) -> 51 | ... AF26: =SUM(AF13:AF18) -> 4082
B27: 11.15 - 11.30 | C27: 43 | D27: 50 | E27: 8 | F27: 19 | G27: 1 | H27: 0 | I27: 6 | J27: 1 | K27: 1 | L27: 1 | M27: 81 | N27: 0 | O27: =SUM(C27:L27,N27) -> 130 | P27: =SUM(C27:N27) -> 211 | R27: PM Period | S27: =SUM(S19:S21) -> 702 | T27: =SUM(T19:T21) -> 471 | U27: =SUM(U19:U21) -> 104 | V27: =SUM(V19:V21) -> 107 | W27: =SUM(W19:W21) -> 12 | X27: =SUM(X19:X21) -> 5 | Y27: =SUM(Y19:Y21) -> 23 | Z27: =SUM(Z19:Z21) -> 10 | ... AF27: =SUM(AF19:AF21) -> 2405
B28: 11.30 - 11.45 | C28: 70 | D28: 37 | E28: 8 | F28: 15 | G28: 0 | H28: 0 | I28: 5 | J28: 1 | K28: 0 | L28: 1 | M28: 74 | N28: 0 | O28: =SUM(C28:L28,N28) -> 137 | P28: =SUM(C28:N28) -> 211 | R28: 12 Hours | S28: =SUM(S10:S21) -> 2938 | T28: =SUM(T10:T21) -> 1888 | U28: =SUM(U10:U21) -> 369 | V28: =SUM(V10:V21) -> 446 | W28: =SUM(W10:W21) -> 44 | X28: =SUM(X10:X21) -> 6 | Y28: =SUM(Y10:Y21) -> 106 | Z28: =SUM(Z10:Z21) -> 77 | ... AF28: =SUM(AF10:AF21) -> 9691
B29: 11.45 - 12.00 | C29: 36 | D29: 25 | E29: 4 | F29: 7 | G29: 1 | H29: 0 | I29: 2 | J29: 3 | K29: 0 | L29: 0 | M29: 72 | N29: 0 | O29: =SUM(C29:L29,N29) -> 78 | P29: =SUM(C29:N29) -> 150
B30: 12.00 - 12.15 | C30: 53 | D30: 23 | E30: 12 | F30: 8 | G30: 0 | H30: 0 | I30: 2 | J30: 1 | K30: 0 | L30: 0 | M30: 81 | N30: 0 | O30: =SUM(C30:L30,N30) -> 99 | P30: =SUM(C30:N30) -> 180
B31: 12.15 - 12.30 | C31: 35 | D31: 24 | E31: 8 | F31: 5 | G31: 2 | H31: 0 | I31: 2 | J31: 2 | K31: 0 | L31: 0 | M31: 86 | N31: 0 | O31: =SUM(C31:L31,N31) -> 78 | P31: =SUM(C31:N31) -> 164
B32: 12.30 - 12.45 | C32: 55 | D32: 33 | E32: 5 | F32: 11 | G32: 0 | H32: 1 | I32: 0 | J32: 0 | K32: 0 | L32: 0 | M32: 77 | N32: 0 | O32: =SUM(C32:L32,N32) -> 105 | P32: =SUM(C32:N32) -> 182
B33: 12.45 - 13.00 | C33: 48 | D33: 30 | E33: 6 | F33: 5 | G33: 0 | H33: 0 | I33: 3 | J33: 3 | K33: 0 | L33: 1 | M33: 66 | N33: 0 | O33: =SUM(C33:L33,N33) -> 96 | P33: =SUM(C33:N33) -> 162
B34: 13.00 - 13.15 | C34: 44 | D34: 20 | E34: 6 | F34: 7 | G34: 1 | H34: 0 | I34: 2 | J34: 2 | K34: 0 | L34: 0 | M34: 59 | N34: 0 | O34: =SUM(C34:L34,N34) -> 82 | P34: =SUM(C34:N34) -> 141
B35: 13.15 - 13.30 | C35: 39 | D35: 17 | E35: 7 | F35: 7 | G35: 1 | H35: 0 | I35: 2 | J35: 3 | K35: 0 | L35: 0 | M35: 64 | N35: 0 | O35: =SUM(C35:L35,N35) -> 76 | P35: =SUM(C35:N35) -> 140
B36: 13.30 - 13.45 | C36: 46 | D36: 37 | E36: 5 | F36: 13 | G36: 3 | H36: 0 | I36: 0 | J36: 1 | K36: 0 | L36: 0 | M36: 71 | N36: 0 | O36: =SUM(C36:L36,N36) -> 105 | P36: =SUM(C36:N36) -> 176
B37: 13.45 - 14.00 | C37: 29 | D37: 22 | E37: 3 | F37: 6 | G37: 0 | H37: 0 | I37: 3 | J37: 0 | K37: 0 | L37: 0 | M37: 58 | N37: 0 | O37: =SUM(C37:L37,N37) -> 63 | P37: =SUM(C37:N37) -> 121
B38: 14.00 - 14.15 | C38: 38 | D38: 33 | E38: 5 | F38: 11 | G38: 0 | H38: 0 | I38: 2 | J38: 3 | K38: 0 | L38: 0 | M38: 67 | N38: 0 | O38: =SUM(C38:L38,N38) -> 92 | P38: =SUM(C38:N38) -> 159
B39: 14.15 - 14.30 | C39: 53 | D39: 33 | E39: 6 | F39: 7 | G39: 2 | H39: 0 | I39: 2 | J39: 2 | K39: 0 | L39: 0 | M39: 50 | N39: 0 | O39: =SUM(C39:L39,N39) -> 105 | P39: =SUM(C39:N39) -> 155
B40: 14.30 - 14.45 | C40: 30 | D40: 29 | E40: 7 | F40: 8 | G40: 3 | H40: 0 | I40: 2 | J40: 3 | K40: 0 | L40: 1 | M40: 79 | N40: 0 | O40: =SUM(C40:L40,N40) -> 83 | P40: =SUM(C40:N40) -> 162
... B57: 18.45 - 19.00 | C57: 50 | D57: 30 | E57: 3 | F57: 5 | G57: 1 | H57: 2 | I57: 0 | J57: 0 | K57: 0 | L57: 0 | M57: 82 | N57: 0 | O57: =SUM(C57:L57,N57) -> 91 | P57: =SUM(C57:N57) -> 173
B58: Totals | C58: =SUM(C10:C57) -> 2938 | D58: =SUM(D10:D57) -> 1888 | E58: =SUM(E10:E57) -> 369 | F58: =SUM(F10:F57) -> 446 | G58: =SUM(G10:G57) -> 44 | H58: =SUM(H10:H57) -> 6 | I58: =SUM(I10:I57) -> 106 | J58: =SUM(J10:J57) -> 77 | ... P58: =SUM(P10:P57) -> 9691
B59: %ges + MCs | C59: =C58/$P$58 -> 0.30316789 | D59: =D58/$P$58 -> 0.19481994 | E59: =E58/$P$58 -> 0.038076566 | F59: =F58/$P$58 -> 0.046022082 | G59: =G58/$P$58 -> 0.0045402951 | H59: =H58/$P$58 -> 0.00061913115 | I59: =I58/$P$58 -> 0.010937984 | J59: =J58/$P$58 -> 0.0079455165 | ... N59: =N58/$P$58 -> 0
B60: %ges w/o MCs | C60: =C58/$O$58 -> 0.49906574 | D60: =D58/$O$58 -> 0.32070664 | E60: =E58/$O$58 -> 0.062680482 | F60: =F58/$O$58 -> 0.075760149 | G60: =G58/$O$58 -> 0.0074740955 | H60: =H58/$O$58 -> 0.0010191948 | I60: =I58/$O$58 -> 0.018005775 | J60: =J58/$O$58 -> 0.013079667 | ... L60: =L58/$O$58 -> 0.0015287923 | N60: =N58/$O$58 -> 0

Sheet 31.07 Ntinda-Naalya
B1: Consultancy services for Preparation of Expressway Development Master Plan (EDMP) for Uganda
B2: MANUAL CLASSIFIED COUNT (MCC)
B3: ROAD NAME: | C3: ='29.07 Ntinda-Naalya'!C3:G3 -> MCC - C1 - STN38 - NAALYA EAST ROAD
C5: Date | D5: 31.07.19 | F5: Location | G5: ='29.07 Ntinda-Naalya'!G5:H5 -> NAALYA ROUND ABOUT | J5: Surveyor | K5: ='29.07 Ntinda-Naalya'!K5:L5 -> HARRIET N/NASSIWA A/MUTE C/PHOEBY/KAZIBWE J/NAKAYE J.
C6: Dir. From | D6: ='29.07 Ntinda-Naalya'!D6:E6 -> NTINDA | F6: Dir. To | G6: ='29.07 Ntinda-Naalya'!G6:H6 -> NAALYA | J6: Supervisor | K6: ='29.07 Ntinda-Naalya'!K6:L6 -> STEVEN
B8: Time / Veh Type | R8: SUMMARY TRAFFIC VOLUMES
C9: 1. Car | D9: 2. Station Wagon | E9: 3. Pickups | F9: 4. Minibus, matatu | G9: 5. Medium bus | H9: 6. Large Bus | I9: 7. Light Truck | J9: 8. Medium Truck | K9: 9. Heavy truck | L9: 10. Truck Trailer | M9: 11. Motor cycles | N9: 12. Tractors | O9: Total Excl M/Cycles | P9: Total All | R9: Time | S9: 1. Car | T9: 2. Station Wagon | U9: 3. Pickups | V9: 4. Minibus, matatu | W9: 5. Medium bus | X9: 6. Large Bus | Y9: 7. Light Truck | Z9: 8. Medium Truck | AA9: 9. Heavy truck | AB9: 10. Truck Trailer | AC9: 11. Motorcycles | AD9: 12. Tractors, Graders | AE9: Total Excl M/ Cycles | AF9: Total All
B10: 07.00 - 07.15 | C10: 102 | D10: 11 | E10: 12 | F10: 9 | G10: 0 | H10: 0 | I10: 0 | J10: 0 | K10: 0 | L10: 1 | M10: 59 | N10: 0 | O10: =SUM(C10:L10,N10) -> 135 | P10: =SUM(C10:N10) -> 194 | R10: 0700-0800 | S10: =SUM(C10:C13) -> 492 | T10: =SUM(D10:D13) -> 67 | U10: =SUM(E10:E13) -> 21 | V10: =SUM(F10:F13) -> 32 | W10: =SUM(G10:G13) -> 1 | X10: =SUM(H10:H13) -> 0 | Y10: =SUM(I10:I13) -> 15 | Z10: =SUM(J10:J13) -> 2 | ... AF10: =SUM(P10:P13) -> 848
B11: 07.15 - 07.30 | C11: 120 | D11: 16 | E11: 3 | F11: 11 | G11: 0 | H11: 0 | I11: 5 | J11: 1 | K11: 0 | L11: 0 | M11: 48 | N11: 0 | O11: =SUM(C11:L11,N11) -> 156 | P11: =SUM(C11:N11) -> 204 | R11: 0800-0900 | S11: =SUM(C14:C17) -> 318 | T11: =SUM(D14:D17) -> 85 | U11: =SUM(E14:E17) -> 12 | V11: =SUM(F14:F17) -> 50 | W11: =SUM(G14:G17) -> 1 | X11: =SUM(H14:H17) -> 2 | Y11: =SUM(I14:I17) -> 13 | Z11: =SUM(J14:J17) -> 4 | ... AF11: =SUM(P14:P17) -> 743
B12: 07.30 - 07.45 | C12: 161 | D12: 17 | E12: 0 | F12: 9 | G12: 0 | H12: 0 | I12: 4 | J12: 1 | K12: 0 | L12: 0 | M12: 52 | N12: 0 | O12: =SUM(C12:L12,N12) -> 192 | P12: =SUM(C12:N12) -> 244 | R12: 0900-1000 | S12: =SUM(C18:C21) -> 236 | T12: =SUM(D18:D21) -> 80 | U12: =SUM(E18:E21) -> 15 | V12: =SUM(F18:F21) -> 35 | W12: =SUM(G18:G21) -> 0 | X12: =SUM(H18:H21) -> 3 | Y12: =SUM(I18:I21) -> 14 | Z12: =SUM(J18:J21) -> 3 | ... AF12: =SUM(P18:P21) -> 629
B13: 07.45 - 08.00 | C13: 109 | D13: 23 | E13: 6 | F13: 3 | G13: 1 | H13: 0 | I13: 6 | J13: 0 | K13: 1 | L13: 0 | M13: 57 | N13: 0 | O13: =SUM(C13:L13,N13) -> 149 | P13: =SUM(C13:N13) -> 206 | R13: 1000-1100 | S13: =SUM(C22:C25) -> 224 | T13: =SUM(D22:D25) -> 51 | U13: =SUM(E22:E25) -> 18 | V13: =SUM(F22:F25) -> 24 | W13: =SUM(G22:G25) -> 0 | X13: =SUM(H22:H25) -> 1 | Y13: =SUM(I22:I25) -> 21 | Z13: =SUM(J22:J25) -> 9 | ... AF13: =SUM(P22:P25) -> 590
B14: 08.00 - 08.15 | C14: 92 | D14: 24 | E14: 2 | F14: 18 | G14: 1 | H14: 1 | I14: 2 | J14: 0 | K14: 2 | L14: 0 | M14: 48 | N14: 0 | O14: =SUM(C14:L14,N14) -> 142 | P14: =SUM(C14:N14) -> 190 | R14: 1100-1200 | S14: =SUM(C26:C29) -> 243 | T14: =SUM(D26:D29) -> 60 | U14: =SUM(E26:E29) -> 14 | V14: =SUM(F26:F29) -> 30 | W14: =SUM(G26:G29) -> 0 | X14: =SUM(H26:H29) -> 2 | Y14: =SUM(I26:I29) -> 23 | Z14: =SUM(J26:J29) -> 5 | ... AF14: =SUM(P26:P29) -> 584
B15: 08.15 - 08.30 | C15: 99 | D15: 15 | E15: 2 | F15: 9 | G15: 0 | H15: 0 | I15: 7 | J15: 3 | K15: 0 | L15: 0 | M15: 74 | N15: 0 | O15: =SUM(C15:L15,N15) -> 135 | P15: =SUM(C15:N15) -> 209 | R15: 1200-1300 | S15: =SUM(C30:C33) -> 228 | T15: =SUM(D30:D33) -> 72 | U15: =SUM(E30:E33) -> 15 | V15: =SUM(F30:F33) -> 37 | W15: =SUM(G30:G33) -> 1 | X15: =SUM(H30:H33) -> 1 | Y15: =SUM(I30:I33) -> 15 | Z15: =SUM(J30:J33) -> 10 | ... AF15: =SUM(P30:P33) -> 567
B16: 08.30 - 08.45 | C16: 56 | D16: 29 | E16: 1 | F16: 14 | G16: 0 | H16: 1 | I16: 2 | J16: 0 | K16: 0 | L16: 0 | M16: 87 | N16: 0 | O16: =SUM(C16:L16,N16) -> 103 | P16: =SUM(C16:N16) -> 190 | R16: 1300-1400 | S16: =SUM(C34:C37) -> 260 | T16: =SUM(D34:D37) -> 29 | U16: =SUM(E34:E37) -> 29 | V16: =SUM(F34:F37) -> 22 | W16: =SUM(G34:G37) -> 1 | X16: =SUM(H34:H37) -> 1 | Y16: =SUM(I34:I37) -> 20 | Z16: =SUM(J34:J37) -> 5 | ... AF16: =SUM(P34:P37) -> 622
B17: 08.45 - 9.00 | C17: 71 | D17: 17 | E17: 7 | F17: 9 | G17: 0 | H17: 0 | I17: 2 | J17: 1 | K17: 0 | L17: 0 | M17: 47 | N17: 0 | O17: =SUM(C17:L17,N17) -> 107 | P17: =SUM(C17:N17) -> 154 | R17: 1400-1500 | S17: =SUM(C38:C41) -> 307 | T17: =SUM(D38:D41) -> 91 | U17: =SUM(E38:E41) -> 24 | V17: =SUM(F38:F41) -> 34 | W17: =SUM(G38:G41) -> 6 | X17: =SUM(H38:H41) -> 2 | Y17: =SUM(I38:I41) -> 16 | Z17: =SUM(J38:J41) -> 4 | ... AF17: =SUM(P38:P41) -> 807
B18: 09.00 - 09.15 | C18: 61 | D18: 23 | E18: 1 | F18: 6 | G18: 0 | H18: 1 | I18: 1 | J18: 1 | K18: 1 | L18: 0 | M18: 60 | N18: 0 | O18: =SUM(C18:L18,N18) -> 95 | P18: =SUM(C18:N18) -> 155 | R18: 1500-1600 | S18: =SUM(C42:C45) -> 357 | T18: =SUM(D42:D45) -> 84 | U18: =SUM(E42:E45) -> 11 | V18: =SUM(F42:F45) -> 25 | W18: =SUM(G42:G45) -> 3 | X18: =SUM(H42:H45) -> 2 | Y18: =SUM(I42:I45) -> 6 | Z18: =SUM(J42:J45) -> 14 | ... AF18: =SUM(P42:P45) -> 748
B19: 09.15 - 09.30 | C19: 52 | D19: 26 | E19: 6 | F19: 13 | G19: 0 | H19: 0 | I19: 5 | J19: 0 | K19: 1 | L19: 0 | M19: 64 | N19: 0 | O19: =SUM(C19:L19,N19) -> 103 | P19: =SUM(C19:N19) -> 167 | R19: 1600-1700 | S19: =SUM(C46:C49) -> 562 | T19: =SUM(D46:D49) -> 109 | U19: =SUM(E46:E49) -> 11 | V19: =SUM(F46:F49) -> 36 | W19: =SUM(G46:G49) -> 2 | X19: =SUM(H46:H49) -> 0 | Y19: =SUM(I46:I49) -> 18 | Z19: =SUM(J46:J49) -> 7 | ... AF19: =SUM(P46:P49) -> 997
B20: 09.30 - 09.45 | C20: 58 | D20: 17 | E20: 4 | F20: 6 | G20: 0 | H20: 1 | I20: 4 | J20: 1 | K20: 0 | L20: 0 | M20: 63 | N20: 0 | O20: =SUM(C20:L20,N20) -> 91 | P20: =SUM(C20:N20) -> 154 | R20: 1700-1800 | S20: =SUM(C50:C53) -> 611 | T20: =SUM(D50:D53) -> 107 | U20: =SUM(E50:E53) -> 23 | V20: =SUM(F50:F53) -> 37 | W20: =SUM(G50:G53) -> 3 | X20: =SUM(H50:H53) -> 0 | Y20: =SUM(I50:I53) -> 8 | Z20: =SUM(J50:J53) -> 8 | ... AF20: =SUM(P50:P53) -> 1090
B21: 09.45 - 10.00 | C21: 65 | D21: 14 | E21: 4 | F21: 10 | G21: 0 | H21: 1 | I21: 4 | J21: 1 | K21: 1 | L21: 0 | M21: 53 | N21: 0 | O21: =SUM(C21:L21,N21) -> 100 | P21: =SUM(C21:N21) -> 153 | R21: 1800-1900 | S21: =SUM(C54:C57) -> 663 | T21: =SUM(D54:D57) -> 127 | U21: =SUM(E54:E57) -> 10 | V21: =SUM(F54:F57) -> 47 | W21: =SUM(G54:G57) -> 10 | X21: =SUM(H54:H57) -> 2 | Y21: =SUM(I54:I57) -> 21 | Z21: =SUM(J54:J57) -> 10 | ... AF21: =SUM(P54:P57) -> 1195
B22: 10.00 - 10.15 | C22: 70 | D22: 16 | E22: 5 | F22: 6 | G22: 0 | H22: 0 | I22: 6 | J22: 2 | K22: 0 | L22: 0 | M22: 49 | N22: 0 | O22: =SUM(C22:L22,N22) -> 105 | P22: =SUM(C22:N22) -> 154 | R22: AM Peak Hr | S22: =MAX(S10:S12) -> 492 | T22: =MAX(T10:T12) -> 85 | U22: =MAX(U10:U12) -> 21 | V22: =MAX(V10:V12) -> 50 | W22: =MAX(W10:W12) -> 1 | X22: =MAX(X10:X12) -> 3 | Y22: =MAX(Y10:Y12) -> 15 | Z22: =MAX(Z10:Z12) -> 4 | ... AF22: =MAX(AF10:AF12) -> 848
B23: 10.15 - 10.30 | C23: 71 | D23: 14 | E23: 9 | F23: 6 | G23: 0 | H23: 1 | I23: 0 | J23: 1 | K23: 0 | L23: 0 | M23: 55 | N23: 0 | O23: =SUM(C23:L23,N23) -> 102 | P23: =SUM(C23:N23) -> 157 | R23: IP Peak Hr | S23: =MAX(S13:S18) -> 357 | T23: =MAX(T13:T18) -> 91 | U23: =MAX(U13:U18) -> 29 | V23: =MAX(V13:V18) -> 37 | W23: =MAX(W13:W18) -> 6 | X23: =MAX(X13:X18) -> 2 | Y23: =MAX(Y13:Y18) -> 23 | Z23: =MAX(Z13:Z18) -> 14 | ... AF23: =MAX(AF13:AF18) -> 807
B24: 10.30 - 10.45 | C24: 43 | D24: 7 | E24: 4 | F24: 4 | G24: 0 | H24: 0 | I24: 10 | J24: 4 | K24: 0 | L24: 0 | M24: 71 | N24: 0 | O24: =SUM(C24:L24,N24) -> 72 | P24: =SUM(C24:N24) -> 143 | R24: PM Peak Hr | S24: =MAX(S19:S21) -> 663 | T24: =MAX(T19:T21) -> 127 | U24: =MAX(U19:U21) -> 23 | V24: =MAX(V19:V21) -> 47 | W24: =MAX(W19:W21) -> 10 | X24: =MAX(X19:X21) -> 2 | Y24: =MAX(Y19:Y21) -> 21 | Z24: =MAX(Z19:Z21) -> 10 | ... AF24: =MAX(AF19:AF21) -> 1195
B25: 10.45 - 11.00 | C25: 40 | D25: 14 | E25: 0 | F25: 8 | G25: 0 | H25: 0 | I25: 5 | J25: 2 | K25: 0 | L25: 0 | M25: 67 | N25: 0 | O25: =SUM(C25:L25,N25) -> 69 | P25: =SUM(C25:N25) -> 136 | R25: AM Period | S25: =SUM(S10:S12) -> 1046 | T25: =SUM(T10:T12) -> 232 | U25: =SUM(U10:U12) -> 48 | V25: =SUM(V10:V12) -> 117 | W25: =SUM(W10:W12) -> 2 | X25: =SUM(X10:X12) -> 5 | Y25: =SUM(Y10:Y12) -> 42 | Z25: =SUM(Z10:Z12) -> 9 | ... AF25: =SUM(AF10:AF12) -> 2220
B26: 11.00 - 11.15 | C26: 51 | D26: 15 | E26: 6 | F26: 11 | G26: 0 | H26: 1 | I26: 7 | J26: 2 | K26: 0 | L26: 0 | M26: 59 | N26: 0 | O26: =SUM(C26:L26,N26) -> 93 | P26: =SUM(C26:N26) -> 152 | R26: IP Period | S26: =SUM(S13:S18) -> 1619 | T26: =SUM(T13:T18) -> 387 | U26: =SUM(U13:U18) -> 111 | V26: =SUM(V13:V18) -> 172 | W26: =SUM(W13:W18) -> 11 | X26: =SUM(X13:X18) -> 9 | Y26: =SUM(Y13:Y18) -> 101 | Z26: =SUM(Z13:Z18) -> 47 | ... AF26: =SUM(AF13:AF18) -> 3918
B27: 11.15 - 11.30 | C27: 50 | D27: 16 | E27: 4 | F27: 8 | G27: 0 | H27: 0 | I27: 6 | J27: 2 | K27: 2 | L27: 0 | M27: 45 | N27: 0 | O27: =SUM(C27:L27,N27) -> 88 | P27: =SUM(C27:N27) -> 133 | R27: PM Period | S27: =SUM(S19:S21) -> 1836 | T27: =SUM(T19:T21) -> 343 | U27: =SUM(U19:U21) -> 44 | V27: =SUM(V19:V21) -> 120 | W27: =SUM(W19:W21) -> 15 | X27: =SUM(X19:X21) -> 2 | Y27: =SUM(Y19:Y21) -> 47 | Z27: =SUM(Z19:Z21) -> 25 | ... AF27: =SUM(AF19:AF21) -> 3282
B28: 11.30 - 11.45 | C28: 70 | D28: 14 | E28: 2 | F28: 6 | G28: 0 | H28: 0 | I28: 5 | J28: 1 | K28: 0 | L28: 1 | M28: 47 | N28: 0 | O28: =SUM(C28:L28,N28) -> 99 | P28: =SUM(C28:N28) -> 146 | R28: 12 Hours | S28: =SUM(S10:S21) -> 4501 | T28: =SUM(T10:T21) -> 962 | U28: =SUM(U10:U21) -> 203 | V28: =SUM(V10:V21) -> 409 | W28: =SUM(W10:W21) -> 28 | X28: =SUM(X10:X21) -> 16 | Y28: =SUM(Y10:Y21) -> 190 | Z28: =SUM(Z10:Z21) -> 81 | ... AF28: =SUM(AF10:AF21) -> 9420
B29: 11.45 - 12.00 | C29: 72 | D29: 15 | E29: 2 | F29: 5 | G29: 0 | H29: 1 | I29: 5 | J29: 0 | K29: 3 | L29: 0 | M29: 50 | N29: 0 | O29: =SUM(C29:L29,N29) -> 103 | P29: =SUM(C29:N29) -> 153
B30: 12.00 - 12.15 | C30: 69 | D30: 22 | E30: 4 | F30: 12 | G30: 0 | H30: 0 | I30: 4 | J30: 2 | K30: 0 | L30: 0 | M30: 49 | N30: 0 | O30: =SUM(C30:L30,N30) -> 113 | P30: =SUM(C30:N30) -> 162
B31: 12.15 - 12.30 | C31: 55 | D31: 21 | E31: 1 | F31: 8 | G31: 0 | H31: 1 | I31: 4 | J31: 3 | K31: 1 | L31: 1 | M31: 41 | N31: 0 | O31: =SUM(C31:L31,N31) -> 95 | P31: =SUM(C31:N31) -> 136
B32: 12.30 - 12.45 | C32: 50 | D32: 14 | E32: 7 | F32: 8 | G32: 0 | H32: 0 | I32: 3 | J32: 3 | K32: 0 | L32: 0 | M32: 51 | N32: 0 | O32: =SUM(C32:L32,N32) -> 85 | P32: =SUM(C32:N32) -> 136
B33: 12.45 - 13.00 | C33: 54 | D33: 15 | E33: 3 | F33: 9 | G33: 1 | H33: 0 | I33: 4 | J33: 2 | K33: 0 | L33: 0 | M33: 45 | N33: 0 | O33: =SUM(C33:L33,N33) -> 88 | P33: =SUM(C33:N33) -> 133
B34: 13.00 - 13.15 | C34: 57 | D34: 5 | E34: 10 | F34: 4 | G34: 0 | H34: 0 | I34: 5 | J34: 1 | K34: 0 | L34: 0 | M34: 53 | N34: 0 | O34: =SUM(C34:L34,N34) -> 82 | P34: =SUM(C34:N34) -> 135
B35: 13.15 - 13.30 | C35: 66 | D35: 5 | E35: 6 | F35: 9 | G35: 0 | H35: 0 | I35: 5 | J35: 3 | K35: 0 | L35: 0 | M35: 71 | N35: 0 | O35: =SUM(C35:L35,N35) -> 94 | P35: =SUM(C35:N35) -> 165
B36: 13.30 - 13.45 | C36: 65 | D36: 10 | E36: 10 | F36: 4 | G36: 0 | H36: 1 | I36: 8 | J36: 0 | K36: 0 | L36: 0 | M36: 50 | N36: 0 | O36: =SUM(C36:L36,N36) -> 98 | P36: =SUM(C36:N36) -> 148
B37: 13.45 - 14.00 | C37: 72 | D37: 9 | E37: 3 | F37: 5 | G37: 1 | H37: 0 | I37: 2 | J37: 1 | K37: 1 | L37: 0 | M37: 80 | N37: 0 | O37: =SUM(C37:L37,N37) -> 94 | P37: =SUM(C37:N37) -> 174
B38: 14.00 - 14.15 | C38: 66 | D38: 14 | E38: 11 | F38: 7 | G38: 0 | H38: 1 | I38: 5 | J38: 2 | K38: 0 | L38: 0 | M38: 93 | N38: 0 | O38: =SUM(C38:L38,N38) -> 106 | P38: =SUM(C38:N38) -> 199
B39: 14.15 - 14.30 | C39: 105 | D39: 35 | E39: 4 | F39: 8 | G39: 1 | H39: 1 | I39: 4 | J39: 1 | K39: 0 | L39: 0 | M39: 103 | N39: 0 | O39: =SUM(C39:L39,N39) -> 159 | P39: =SUM(C39:N39) -> 262
B40: 14.30 - 14.45 | C40: 83 | D40: 29 | E40: 4 | F40: 11 | G40: 5 | H40: 0 | I40: 3 | J40: 1 | K40: 0 | L40: 0 | M40: 72 | N40: 0 | O40: =SUM(C40:L40,N40) -> 136 | P40: =SUM(C40:N40) -> 208
... B57: 18.45 - 19.00 | C57: 165 | D57: 38 | E57: 3 | F57: 6 | G57: 0 | H57: 0 | I57: 4 | J57: 2 | K57: 1 | L57: 0 | M57: 72 | N57: 0 | O57: =SUM(C57:L57,N57) -> 219 | P57: =SUM(C57:N57) -> 291
B58: Totals | C58: =SUM(C10:C57) -> 4501 | D58: =SUM(D10:D57) -> 962 | E58: =SUM(E10:E57) -> 203 | F58: =SUM(F10:F57) -> 409 | G58: =SUM(G10:G57) -> 28 | H58: =SUM(H10:H57) -> 16 | I58: =SUM(I10:I57) -> 190 | J58: =SUM(J10:J57) -> 81 | ... P58: =SUM(P10:P57) -> 9420
B59: %ges + MCs | C59: =C58/$P$58 -> 0.47781316 | D59: =D58/$P$58 -> 0.10212314 | E59: =E58/$P$58 -> 0.021549894 | F59: =F58/$P$58 -> 0.043418259 | G59: =G58/$P$58 -> 0.0029723992 | H59: =H58/$P$58 -> 0.0016985138 | I59: =I58/$P$58 -> 0.020169851 | J59: =J58/$P$58 -> 0.0085987261 | ... N59: =N58/$P$58 -> 0
B60: %ges w/o MCs | C60: =C58/$O$58 -> 0.70141811 | D60: =D58/$O$58 -> 0.14991429 | E60: =E58/$O$58 -> 0.03163472 | F60: =F58/$O$58 -> 0.063736949 | G60: =G58/$O$58 -> 0.0043634097 | H60: =H58/$O$58 -> 0.002493377 | I60: =I58/$O$58 -> 0.029608851 | J60: =J58/$O$58 -> 0.012622721 | ... L60: =L58/$O$58 -> 0.00062334424 | N60: =N58/$O$58 -> 0

Sheet 31.07 Naalya-Ntinda
B1: Consultancy services for Preparation of Expressway Development Master Plan (EDMP) for Uganda
B2: MANUAL CLASSIFIED COUNT (MCC)
B3: ROAD NAME: | C3: ='29.07 Naalya-Ntinda'!C3:G3 -> MCC - C1 - STN38 - NAALYA EAST ROAD
C5: Date | D5: ='31.07 Ntinda-Naalya'!D5 -> 31.07.19 | F5: Location | G5: ='29.07 Ntinda-Naalya'!G5:H5 -> NAALYA ROUND ABOUT | J5: Surveyor | K5: ='29.07 Ntinda-Naalya'!K5:L5 -> HARRIET N/NASSIWA A/MUTE C/PHOEBY/KAZIBWE J/NAKAYE J.
C6: Dir. From | D6: ='29.07 Naalya-Ntinda'!D6:E6 -> NAALYA | F6: Dir. To | G6: ='29.07 Naalya-Ntinda'!G6:H6 -> NTINDA | J6: Supervisor | K6: ='29.07 Ntinda-Naalya'!K6:L6 -> STEVEN
B8: Time / Veh Type | R8: SUMMARY TRAFFIC VOLUMES
C9: 1. Car | D9: 2. Station Wagon | E9: 3. Pickups | F9: 4. Minibus, matatu | G9: 5. Medium bus | H9: 6. Large Bus | I9: 7. Light Truck | J9: 8. Medium Truck | K9: 9. Heavy truck | L9: 10. Truck Trailer | M9: 11. Motor cycles | N9: 12. Tractors | O9: Total Excl M/Cycles | P9: Total All | R9: Time | S9: 1. Car | T9: 2. Station Wagon | U9: 3. Pickups | V9: 4. Minibus, matatu | W9: 5. Medium bus | X9: 6. Large Bus | Y9: 7. Light Truck | Z9: 8. Medium Truck | AA9: 9. Heavy truck | AB9: 10. Truck Trailer | AC9: 11. Motorcycles | AD9: 12. Tractors, Graders | AE9: Total Excl M/ Cycles | AF9: Total All
B10: 07.00 - 07.15 | C10: 119 | D10: 84 | E10: 11 | F10: 8 | G10: 1 | H10: 0 | I10: 5 | J10: 3 | K10: 1 | L10: 0 | M10: 67 | N10: 0 | O10: =SUM(C10:L10,N10) -> 232 | P10: =SUM(C10:N10) -> 299 | R10: 0700-0800 | S10: =SUM(C10:C13) -> 462 | T10: =SUM(D10:D13) -> 288 | U10: =SUM(E10:E13) -> 54 | V10: =SUM(F10:F13) -> 33 | W10: =SUM(G10:G13) -> 5 | X10: =SUM(H10:H13) -> 0 | Y10: =SUM(I10:I13) -> 10 | Z10: =SUM(J10:J13) -> 6 | ... AF10: =SUM(P10:P13) -> 1233
B11: 07.15 - 07.30 | C11: 87 | D11: 62 | E11: 11 | F11: 6 | G11: 1 | H11: 0 | I11: 2 | J11: 0 | K11: 0 | L11: 0 | M11: 46 | N11: 0 | O11: =SUM(C11:L11,N11) -> 169 | P11: =SUM(C11:N11) -> 215 | R11: 0800-0900 | S11: =SUM(C14:C17) -> 385 | T11: =SUM(D14:D17) -> 194 | U11: =SUM(E14:E17) -> 42 | V11: =SUM(F14:F17) -> 38 | W11: =SUM(G14:G17) -> 1 | X11: =SUM(H14:H17) -> 0 | Y11: =SUM(I14:I17) -> 5 | Z11: =SUM(J14:J17) -> 5 | ... AF11: =SUM(P14:P17) -> 1171
B12: 07.30 - 07.45 | C12: 130 | D12: 90 | E12: 10 | F12: 9 | G12: 0 | H12: 0 | I12: 2 | J12: 3 | K12: 0 | L12: 0 | M12: 124 | N12: 0 | O12: =SUM(C12:L12,N12) -> 244 | P12: =SUM(C12:N12) -> 368 | R12: 0900-1000 | S12: =SUM(C18:C21) -> 288 | T12: =SUM(D18:D21) -> 181 | U12: =SUM(E18:E21) -> 39 | V12: =SUM(F18:F21) -> 34 | W12: =SUM(G18:G21) -> 1 | X12: =SUM(H18:H21) -> 0 | Y12: =SUM(I18:I21) -> 12 | Z12: =SUM(J18:J21) -> 0 | ... AF12: =SUM(P18:P21) -> 895
B13: 07.45 - 08.00 | C13: 126 | D13: 52 | E13: 22 | F13: 10 | G13: 3 | H13: 0 | I13: 1 | J13: 0 | K13: 0 | L13: 0 | M13: 137 | N13: 0 | O13: =SUM(C13:L13,N13) -> 214 | P13: =SUM(C13:N13) -> 351 | R13: 1000-1100 | S13: =SUM(C22:C25) -> 287 | T13: =SUM(D22:D25) -> 167 | U13: =SUM(E22:E25) -> 30 | V13: =SUM(F22:F25) -> 44 | W13: =SUM(G22:G25) -> 6 | X13: =SUM(H22:H25) -> 0 | Y13: =SUM(I22:I25) -> 14 | Z13: =SUM(J22:J25) -> 5 | ... AF13: =SUM(P22:P25) -> 923
B14: 08.00 - 08.15 | C14: 105 | D14: 50 | E14: 11 | F14: 8 | G14: 0 | H14: 0 | I14: 1 | J14: 0 | K14: 1 | L14: 0 | M14: 119 | N14: 0 | O14: =SUM(C14:L14,N14) -> 176 | P14: =SUM(C14:N14) -> 295 | R14: 1100-1200 | S14: =SUM(C26:C29) -> 234 | T14: =SUM(D26:D29) -> 171 | U14: =SUM(E26:E29) -> 16 | V14: =SUM(F26:F29) -> 33 | W14: =SUM(G26:G29) -> 2 | X14: =SUM(H26:H29) -> 0 | Y14: =SUM(I26:I29) -> 10 | Z14: =SUM(J26:J29) -> 9 | ... AF14: =SUM(P26:P29) -> 757
B15: 08.15 - 08.30 | C15: 105 | D15: 61 | E15: 14 | F15: 15 | G15: 1 | H15: 0 | I15: 2 | J15: 3 | K15: 1 | L15: 1 | M15: 130 | N15: 0 | O15: =SUM(C15:L15,N15) -> 203 | P15: =SUM(C15:N15) -> 333 | R15: 1200-1300 | S15: =SUM(C30:C33) -> 161 | T15: =SUM(D30:D33) -> 139 | U15: =SUM(E30:E33) -> 26 | V15: =SUM(F30:F33) -> 40 | W15: =SUM(G30:G33) -> 4 | X15: =SUM(H30:H33) -> 0 | Y15: =SUM(I30:I33) -> 6 | Z15: =SUM(J30:J33) -> 5 | ... AF15: =SUM(P30:P33) -> 666
B16: 08.30 - 08.45 | C16: 82 | D16: 42 | E16: 8 | F16: 6 | G16: 0 | H16: 0 | I16: 1 | J16: 2 | K16: 0 | L16: 1 | M16: 144 | N16: 0 | O16: =SUM(C16:L16,N16) -> 142 | P16: =SUM(C16:N16) -> 286 | R16: 1300-1400 | S16: =SUM(C34:C37) -> 195 | T16: =SUM(D34:D37) -> 157 | U16: =SUM(E34:E37) -> 39 | V16: =SUM(F34:F37) -> 45 | W16: =SUM(G34:G37) -> 3 | X16: =SUM(H34:H37) -> 0 | Y16: =SUM(I34:I37) -> 7 | Z16: =SUM(J34:J37) -> 2 | ... AF16: =SUM(P34:P37) -> 688
B17: 08.45 - 9.00 | C17: 93 | D17: 41 | E17: 9 | F17: 9 | G17: 0 | H17: 0 | I17: 1 | J17: 0 | K17: 0 | L17: 1 | M17: 103 | N17: 0 | O17: =SUM(C17:L17,N17) -> 154 | P17: =SUM(C17:N17) -> 257 | R17: 1400-1500 | S17: =SUM(C38:C41) -> 107 | T17: =SUM(D38:D41) -> 76 | U17: =SUM(E38:E41) -> 19 | V17: =SUM(F38:F41) -> 19 | W17: =SUM(G38:G41) -> 9 | X17: =SUM(H38:H41) -> 2 | Y17: =SUM(I38:I41) -> 8 | Z17: =SUM(J38:J41) -> 4 | ... AF17: =SUM(P38:P41) -> 494
B18: 09.00 - 09.15 | C18: 58 | D18: 53 | E18: 6 | F18: 10 | G18: 0 | H18: 0 | I18: 3 | J18: 0 | K18: 0 | L18: 0 | M18: 89 | N18: 0 | O18: =SUM(C18:L18,N18) -> 130 | P18: =SUM(C18:N18) -> 219 | R18: 1500-1600 | S18: =SUM(C42:C45) -> 139 | T18: =SUM(D42:D45) -> 141 | U18: =SUM(E42:E45) -> 20 | V18: =SUM(F42:F45) -> 31 | W18: =SUM(G42:G45) -> 2 | X18: =SUM(H42:H45) -> 0 | Y18: =SUM(I42:I45) -> 6 | Z18: =SUM(J42:J45) -> 6 | ... AF18: =SUM(P42:P45) -> 655
B19: 09.15 - 09.30 | C19: 62 | D19: 28 | E19: 9 | F19: 5 | G19: 0 | H19: 0 | I19: 4 | J19: 0 | K19: 1 | L19: 0 | M19: 95 | N19: 0 | O19: =SUM(C19:L19,N19) -> 109 | P19: =SUM(C19:N19) -> 204 | R19: 1600-1700 | S19: =SUM(C46:C49) -> 256 | T19: =SUM(D46:D49) -> 214 | U19: =SUM(E46:E49) -> 38 | V19: =SUM(F46:F49) -> 42 | W19: =SUM(G46:G49) -> 8 | X19: =SUM(H46:H49) -> 1 | Y19: =SUM(I46:I49) -> 7 | Z19: =SUM(J46:J49) -> 7 | ... AF19: =SUM(P46:P49) -> 854
B20: 09.30 - 09.45 | C20: 90 | D20: 60 | E20: 15 | F20: 13 | G20: 0 | H20: 0 | I20: 3 | J20: 0 | K20: 0 | L20: 1 | M20: 82 | N20: 0 | O20: =SUM(C20:L20,N20) -> 182 | P20: =SUM(C20:N20) -> 264 | R20: 1700-1800 | S20: =SUM(C50:C53) -> 286 | T20: =SUM(D50:D53) -> 195 | U20: =SUM(E50:E53) -> 44 | V20: =SUM(F50:F53) -> 40 | W20: =SUM(G50:G53) -> 4 | X20: =SUM(H50:H53) -> 6 | Y20: =SUM(I50:I53) -> 12 | Z20: =SUM(J50:J53) -> 2 | ... AF20: =SUM(P50:P53) -> 976
B21: 09.45 - 10.00 | C21: 78 | D21: 40 | E21: 9 | F21: 6 | G21: 1 | H21: 0 | I21: 2 | J21: 0 | K21: 0 | L21: 0 | M21: 72 | N21: 0 | O21: =SUM(C21:L21,N21) -> 136 | P21: =SUM(C21:N21) -> 208 | R21: 1800-1900 | S21: =SUM(C54:C57) -> 187 | T21: =SUM(D54:D57) -> 125 | U21: =SUM(E54:E57) -> 22 | V21: =SUM(F54:F57) -> 41 | W21: =SUM(G54:G57) -> 4 | X21: =SUM(H54:H57) -> 2 | Y21: =SUM(I54:I57) -> 1 | Z21: =SUM(J54:J57) -> 9 | ... AF21: =SUM(P54:P57) -> 833
B22: 10.00 - 10.15 | C22: 89 | D22: 41 | E22: 7 | F22: 18 | G22: 1 | H22: 0 | I22: 3 | J22: 0 | K22: 0 | L22: 1 | M22: 122 | N22: 0 | O22: =SUM(C22:L22,N22) -> 160 | P22: =SUM(C22:N22) -> 282 | R22: AM Peak Hr | S22: =MAX(S10:S12) -> 462 | T22: =MAX(T10:T12) -> 288 | U22: =MAX(U10:U12) -> 54 | V22: =MAX(V10:V12) -> 38 | W22: =MAX(W10:W12) -> 5 | X22: =MAX(X10:X12) -> 0 | Y22: =MAX(Y10:Y12) -> 12 | Z22: =MAX(Z10:Z12) -> 6 | ... AF22: =MAX(AF10:AF12) -> 1233
B23: 10.15 - 10.30 | C23: 71 | D23: 52 | E23: 9 | F23: 4 | G23: 1 | H23: 0 | I23: 3 | J23: 0 | K23: 1 | L23: 1 | M23: 73 | N23: 0 | O23: =SUM(C23:L23,N23) -> 142 | P23: =SUM(C23:N23) -> 215 | R23: IP Peak Hr | S23: =MAX(S13:S18) -> 287 | T23: =MAX(T13:T18) -> 171 | U23: =MAX(U13:U18) -> 39 | V23: =MAX(V13:V18) -> 45 | W23: =MAX(W13:W18) -> 9 | X23: =MAX(X13:X18) -> 2 | Y23: =MAX(Y13:Y18) -> 14 | Z23: =MAX(Z13:Z18) -> 9 | ... AF23: =MAX(AF13:AF18) -> 923
B24: 10.30 - 10.45 | C24: 72 | D24: 34 | E24: 6 | F24: 12 | G24: 3 | H24: 0 | I24: 3 | J24: 3 | K24: 0 | L24: 0 | M24: 94 | N24: 0 | O24: =SUM(C24:L24,N24) -> 133 | P24: =SUM(C24:N24) -> 227 | R24: PM Peak Hr | S24: =MAX(S19:S21) -> 286 | T24: =MAX(T19:T21) -> 214 | U24: =MAX(U19:U21) -> 44 | V24: =MAX(V19:V21) -> 42 | W24: =MAX(W19:W21) -> 8 | X24: =MAX(X19:X21) -> 6 | Y24: =MAX(Y19:Y21) -> 12 | Z24: =MAX(Z19:Z21) -> 9 | ... AF24: =MAX(AF19:AF21) -> 976
B25: 10.45 - 11.00 | C25: 55 | D25: 40 | E25: 8 | F25: 10 | G25: 1 | H25: 0 | I25: 5 | J25: 2 | K25: 1 | L25: 0 | M25: 77 | N25: 0 | O25: =SUM(C25:L25,N25) -> 122 | P25: =SUM(C25:N25) -> 199 | R25: AM Period | S25: =SUM(S10:S12) -> 1135 | T25: =SUM(T10:T12) -> 663 | U25: =SUM(U10:U12) -> 135 | V25: =SUM(V10:V12) -> 105 | W25: =SUM(W10:W12) -> 7 | X25: =SUM(X10:X12) -> 0 | Y25: =SUM(Y10:Y12) -> 27 | Z25: =SUM(Z10:Z12) -> 11 | ... AF25: =SUM(AF10:AF12) -> 3299
B26: 11.00 - 11.15 | C26: 62 | D26: 43 | E26: 2 | F26: 5 | G26: 1 | H26: 0 | I26: 3 | J26: 2 | K26: 0 | L26: 0 | M26: 76 | N26: 0 | O26: =SUM(C26:L26,N26) -> 118 | P26: =SUM(C26:N26) -> 194 | R26: IP Period | S26: =SUM(S13:S18) -> 1123 | T26: =SUM(T13:T18) -> 851 | U26: =SUM(U13:U18) -> 150 | V26: =SUM(V13:V18) -> 212 | W26: =SUM(W13:W18) -> 26 | X26: =SUM(X13:X18) -> 2 | Y26: =SUM(Y13:Y18) -> 51 | Z26: =SUM(Z13:Z18) -> 31 | ... AF26: =SUM(AF13:AF18) -> 4183
B27: 11.15 - 11.30 | C27: 42 | D27: 37 | E27: 3 | F27: 9 | G27: 1 | H27: 0 | I27: 3 | J27: 2 | K27: 0 | L27: 0 | M27: 72 | N27: 0 | O27: =SUM(C27:L27,N27) -> 97 | P27: =SUM(C27:N27) -> 169 | R27: PM Period | S27: =SUM(S19:S21) -> 729 | T27: =SUM(T19:T21) -> 534 | U27: =SUM(U19:U21) -> 104 | V27: =SUM(V19:V21) -> 123 | W27: =SUM(W19:W21) -> 16 | X27: =SUM(X19:X21) -> 9 | Y27: =SUM(Y19:Y21) -> 20 | Z27: =SUM(Z19:Z21) -> 18 | ... AF27: =SUM(AF19:AF21) -> 2663
B28: 11.30 - 11.45 | C28: 75 | D28: 55 | E28: 5 | F28: 9 | G28: 0 | H28: 0 | I28: 3 | J28: 1 | K28: 0 | L28: 2 | M28: 71 | N28: 0 | O28: =SUM(C28:L28,N28) -> 150 | P28: =SUM(C28:N28) -> 221 | R28: 12 Hours | S28: =SUM(S10:S21) -> 2987 | T28: =SUM(T10:T21) -> 2048 | U28: =SUM(U10:U21) -> 389 | V28: =SUM(V10:V21) -> 440 | W28: =SUM(W10:W21) -> 49 | X28: =SUM(X10:X21) -> 11 | Y28: =SUM(Y10:Y21) -> 98 | Z28: =SUM(Z10:Z21) -> 60 | ... AF28: =SUM(AF10:AF21) -> 10145
B29: 11.45 - 12.00 | C29: 55 | D29: 36 | E29: 6 | F29: 10 | G29: 0 | H29: 0 | I29: 1 | J29: 4 | K29: 0 | L29: 0 | M29: 61 | N29: 0 | O29: =SUM(C29:L29,N29) -> 112 | P29: =SUM(C29:N29) -> 173
B30: 12.00 - 12.15 | C30: 52 | D30: 40 | E30: 4 | F30: 10 | G30: 2 | H30: 0 | I30: 1 | J30: 1 | K30: 2 | L30: 0 | M30: 63 | N30: 0 | O30: =SUM(C30:L30,N30) -> 112 | P30: =SUM(C30:N30) -> 175
B31: 12.15 - 12.30 | C31: 53 | D31: 44 | E31: 8 | F31: 7 | G31: 1 | H31: 0 | I31: 4 | J31: 1 | K31: 0 | L31: 0 | M31: 89 | N31: 0 | O31: =SUM(C31:L31,N31) -> 118 | P31: =SUM(C31:N31) -> 207
B32: 12.30 - 12.45 | C32: 13 | D32: 30 | E32: 6 | F32: 13 | G32: 0 | H32: 0 | I32: 0 | J32: 2 | K32: 0 | L32: 0 | M32: 72 | N32: 0 | O32: =SUM(C32:L32,N32) -> 64 | P32: =SUM(C32:N32) -> 136
B33: 12.45 - 13.00 | C33: 43 | D33: 25 | E33: 8 | F33: 10 | G33: 1 | H33: 0 | I33: 1 | J33: 1 | K33: 0 | L33: 0 | M33: 59 | N33: 0 | O33: =SUM(C33:L33,N33) -> 89 | P33: =SUM(C33:N33) -> 148
B34: 13.00 - 13.15 | C34: 51 | D34: 39 | E34: 11 | F34: 6 | G34: 0 | H34: 0 | I34: 2 | J34: 0 | K34: 0 | L34: 0 | M34: 62 | N34: 0 | O34: =SUM(C34:L34,N34) -> 109 | P34: =SUM(C34:N34) -> 171
B35: 13.15 - 13.30 | C35: 62 | D35: 46 | E35: 17 | F35: 18 | G35: 3 | H35: 0 | I35: 1 | J35: 0 | K35: 0 | L35: 0 | M35: 70 | N35: 0 | O35: =SUM(C35:L35,N35) -> 147 | P35: =SUM(C35:N35) -> 217
B36: 13.30 - 13.45 | C36: 30 | D36: 35 | E36: 5 | F36: 6 | G36: 0 | H36: 0 | I36: 2 | J36: 2 | K36: 0 | L36: 1 | M36: 51 | N36: 0 | O36: =SUM(C36:L36,N36) -> 81 | P36: =SUM(C36:N36) -> 132
B37: 13.45 - 14.00 | C37: 52 | D37: 37 | E37: 6 | F37: 15 | G37: 0 | H37: 0 | I37: 2 | J37: 0 | K37: 0 | L37: 0 | M37: 56 | N37: 0 | O37: =SUM(C37:L37,N37) -> 112 | P37: =SUM(C37:N37) -> 168
B38: 14.00 - 14.15 | C38: 16 | D38: 8 | E38: 3 | F38: 4 | G38: 2 | H38: 0 | I38: 2 | J38: 2 | K38: 0 | L38: 0 | M38: 63 | N38: 0 | O38: =SUM(C38:L38,N38) -> 37 | P38: =SUM(C38:N38) -> 100
B39: 14.15 - 14.30 | C39: 32 | D39: 33 | E39: 5 | F39: 1 | G39: 3 | H39: 0 | I39: 3 | J39: 1 | K39: 0 | L39: 0 | M39: 50 | N39: 0 | O39: =SUM(C39:L39,N39) -> 78 | P39: =SUM(C39:N39) -> 128
B40: 14.30 - 14.45 | C40: 35 | D40: 20 | E40: 5 | F40: 11 | G40: 2 | H40: 1 | I40: 2 | J40: 0 | K40: 0 | L40: 0 | M40: 62 | N40: 0 | O40: =SUM(C40:L40,N40) -> 76 | P40: =SUM(C40:N40) -> 138
... B57: 18.45 - 19.00 | C57: 18 | D57: 22 | E57: 4 | F57: 5 | G57: 0 | H57: 0 | I57: 0 | J57: 2 | K57: 0 | L57: 0 | M57: 100 | N57: 0 | O57: =SUM(C57:L57,N57) -> 51 | P57: =SUM(C57:N57) -> 151
B58: Totals | C58: =SUM(C10:C57) -> 2987 | D58: =SUM(D10:D57) -> 2048 | E58: =SUM(E10:E57) -> 389 | F58: =SUM(F10:F57) -> 440 | G58: =SUM(G10:G57) -> 49 | H58: =SUM(H10:H57) -> 11 | I58: 2 | J58: 4 | K58: =SUM(K10:K57) -> 9 | L58: =SUM(L10:L57) -> 9 | M58: =SUM(M10:M57) -> 4045 | N58: =SUM(N10:N57) -> 0 | O58: =SUM(O10:O57) -> 6100 | P58: =SUM(P10:P57) -> 10145
B59: %ges + MCs | C59: =C58/$P$58 -> 0.29443075 | D59: =D58/$P$58 -> 0.20187284 | E59: =E58/$P$58 -> 0.038344012 | F59: =F58/$P$58 -> 0.043371119 | G59: =G58/$P$58 -> 0.0048299655 | H59: =H58/$P$58 -> 0.001084278 | I59: =I58/$P$58 -> 0.00019714145 | J59: =J58/$P$58 -> 0.0003942829 | ... N59: =N58/$P$58 -> 0
B60: %ges w/o MCs | C60: =C58/$O$58 -> 0.48967213 | D60: =D58/$O$58 -> 0.3357377 | E60: =E58/$O$58 -> 0.063770492 | F60: =F58/$O$58 -> 0.072131148 | G60: =G58/$O$58 -> 0.0080327869 | H60: =H58/$O$58 -> 0.0018032787 | I60: =I58/$O$58 -> 0.00032786885 | J60: =J58/$O$58 -> 0.0006557377 | ... L60: =L58/$O$58 -> 0.0014754098 | N60: =N58/$O$58 -> 0

Sheet 01.08 Ntinda-Naalya 24h
B1: Consultancy services for Preparation of Expressway Development Master Plan (EDMP) for Uganda
B2: MANUAL CLASSIFIED COUNT (MCC)
B3: ROAD NAME: | C3: ='29.07 Ntinda-Naalya'!C3:G3 -> MCC - C1 - STN38 - NAALYA EAST ROAD
C5: Date | D5: 01.08.19 | F5: Location | G5: ='02.08 Naalya-Ntinda'!G5:H5 -> NAALYA ROUND ABOUT | J5: Surveyor | K5: ='02.08 Naalya-Ntinda'!K5:L5 -> HARRIET N/NASSIWA A/MUTE C/PHOEBY/KAZIBWE J/NAKAYE J.
C6: Dir. From | D6: ='29.07 Ntinda-Naalya'!D6:E6 -> NTINDA | F6: Dir. To | G6: ='29.07 Ntinda-Naalya'!G6:H6 -> NAALYA | J6: Supervisor | K6: ='02.08 Naalya-Ntinda'!K6:L6 -> STEVEN
B8: Time / Veh Type | R8: SUMMARY TRAFFIC VOLUMES
C9: 1. Car | D9: 2. Station Wagon | E9: 3. Pickups | F9: 4. Minibus, matatu | G9: 5. Medium bus | H9: 6. Large Bus | I9: 7. Light Truck | J9: 8. Medium Truck | K9: 9. Heavy truck | L9: 10. Truck Trailer | M9: 11. Motor cycles | N9: 12. Tractors | O9: Total Excl M/Cycles | P9: Total All | R9: Time | S9: 1. Car | T9: 2. Station Wagon | U9: 3. Pickups | V9: 4. Minibus, matatu | W9: 5. Medium bus | X9: 6. Large Bus | Y9: 7. Light Truck | Z9: 8. Medium Truck | AA9: 9. Heavy truck | AB9: 10. Truck Trailer | AC9: 11. Motorcycles | AD9: 12. Tractors, Graders | AE9: Total Excl M/ Cycles | AF9: Total All
B10: 07.00 - 07.15 | C10: 134 | D10: 18 | E10: 2 | F10: 7 | G10: 0 | H10: 0 | I10: 0 | J10: 1 | K10: 0 | L10: 0 | M10: 39 | N10: 0 | O10: =SUM(C10:L10,N10) -> 162 | P10: =SUM(C10:N10) -> 201 | R10: 0700-0800 | S10: =SUM(C10:C13) -> 482 | T10: =SUM(D10:D13) -> 94 | U10: =SUM(E10:E13) -> 8 | V10: =SUM(F10:F13) -> 32 | W10: =SUM(G10:G13) -> 0 | X10: =SUM(H10:H13) -> 0 | Y10: =SUM(I10:I13) -> 5 | Z10: =SUM(J10:J13) -> 2 | ... AF10: =SUM(P10:P13) -> 830
B11: 07.15 - 07.30 | C11: 120 | D11: 28 | E11: 3 | F11: 7 | G11: 0 | H11: 0 | I11: 1 | J11: 1 | K11: 0 | L11: 0 | M11: 47 | N11: 0 | O11: =SUM(C11:L11,N11) -> 160 | P11: =SUM(C11:N11) -> 207 | R11: 0800-0900 | S11: =SUM(C14:C17) -> 238 | T11: =SUM(D14:D17) -> 66 | U11: =SUM(E14:E17) -> 5 | V11: =SUM(F14:F17) -> 39 | W11: =SUM(G14:G17) -> 3 | X11: =SUM(H14:H17) -> 0 | Y11: =SUM(I14:I17) -> 11 | Z11: =SUM(J14:J17) -> 1 | ... AF11: =SUM(P14:P17) -> 626
B12: 07.30 - 07.45 | C12: 140 | D12: 27 | E12: 1 | F12: 10 | G12: 0 | H12: 0 | I12: 1 | J12: 0 | K12: 1 | L12: 0 | M12: 47 | N12: 0 | O12: =SUM(C12:L12,N12) -> 180 | P12: =SUM(C12:N12) -> 227 | R12: 0900-1000 | S12: =SUM(C18:C21) -> 216 | T12: =SUM(D18:D21) -> 72 | U12: =SUM(E18:E21) -> 13 | V12: =SUM(F18:F21) -> 32 | W12: =SUM(G18:G21) -> 3 | X12: =SUM(H18:H21) -> 0 | Y12: =SUM(I18:I21) -> 14 | Z12: =SUM(J18:J21) -> 2 | ... AF12: =SUM(P18:P21) -> 587
B13: 07.45 - 08.00 | C13: 88 | D13: 21 | E13: 2 | F13: 8 | G13: 0 | H13: 0 | I13: 3 | J13: 0 | K13: 0 | L13: 0 | M13: 73 | N13: 0 | O13: =SUM(C13:L13,N13) -> 122 | P13: =SUM(C13:N13) -> 195 | R13: 1000-1100 | S13: =SUM(C22:C25) -> 236 | T13: =SUM(D22:D25) -> 61 | U13: =SUM(E22:E25) -> 22 | V13: =SUM(F22:F25) -> 24 | W13: =SUM(G22:G25) -> 4 | X13: =SUM(H22:H25) -> 2 | Y13: =SUM(I22:I25) -> 20 | Z13: =SUM(J22:J25) -> 6 | ... AF13: =SUM(P22:P25) -> 667
B14: 08.00 - 08.15 | C14: 100 | D14: 20 | E14: 1 | F14: 8 | G14: 2 | H14: 0 | I14: 1 | J14: 0 | K14: 0 | L14: 0 | M14: 59 | N14: 0 | O14: =SUM(C14:L14,N14) -> 132 | P14: =SUM(C14:N14) -> 191 | R14: 1100-1200 | S14: =SUM(C26:C29) -> 223 | T14: =SUM(D26:D29) -> 69 | U14: =SUM(E26:E29) -> 17 | V14: =SUM(F26:F29) -> 29 | W14: =SUM(G26:G29) -> 1 | X14: =SUM(H26:H29) -> 0 | Y14: =SUM(I26:I29) -> 13 | Z14: =SUM(J26:J29) -> 7 | ... AF14: =SUM(P26:P29) -> 571
B15: 08.15 - 08.30 | C15: 72 | D15: 13 | E15: 0 | F15: 12 | G15: 0 | H15: 0 | I15: 3 | J15: 1 | K15: 2 | L15: 1 | M15: 60 | N15: 0 | O15: =SUM(C15:L15,N15) -> 104 | P15: =SUM(C15:N15) -> 164 | R15: 1200-1300 | S15: =SUM(C30:C33) -> 315 | T15: =SUM(D30:D33) -> 71 | U15: =SUM(E30:E33) -> 13 | V15: =SUM(F30:F33) -> 25 | W15: =SUM(G30:G33) -> 3 | X15: =SUM(H30:H33) -> 0 | Y15: =SUM(I30:I33) -> 20 | Z15: =SUM(J30:J33) -> 8 | ... AF15: =SUM(P30:P33) -> 608
B16: 08.30 - 08.45 | C16: 8 | D16: 17 | E16: 4 | F16: 12 | G16: 0 | H16: 0 | I16: 4 | J16: 0 | K16: 1 | L16: 0 | M16: 57 | N16: 0 | O16: =SUM(C16:L16,N16) -> 46 | P16: =SUM(C16:N16) -> 103 | R16: 1300-1400 | S16: =SUM(C34:C37) -> 315 | T16: =SUM(D34:D37) -> 71 | U16: =SUM(E34:E37) -> 15 | V16: =SUM(F34:F37) -> 17 | W16: =SUM(G34:G37) -> 8 | X16: =SUM(H34:H37) -> 0 | Y16: =SUM(I34:I37) -> 17 | Z16: =SUM(J34:J37) -> 6 | ... AF16: =SUM(P34:P37) -> 602
B17: 08.45 - 9.00 | C17: 58 | D17: 16 | E17: 0 | F17: 7 | G17: 1 | H17: 0 | I17: 3 | J17: 0 | K17: 1 | L17: 1 | M17: 81 | N17: 0 | O17: =SUM(C17:L17,N17) -> 87 | P17: =SUM(C17:N17) -> 168 | R17: 1400-1500 | S17: =SUM(C38:C41) -> 336 | T17: =SUM(D38:D41) -> 56 | U17: =SUM(E38:E41) -> 4 | V17: =SUM(F38:F41) -> 21 | W17: =SUM(G38:G41) -> 1 | X17: =SUM(H38:H41) -> 0 | Y17: =SUM(I38:I41) -> 22 | Z17: =SUM(J38:J41) -> 4 | ... AF17: =SUM(P38:P41) -> 579
B18: 09.00 - 09.15 | C18: 61 | D18: 20 | E18: 3 | F18: 5 | G18: 0 | H18: 0 | I18: 5 | J18: 1 | K18: 0 | L18: 0 | M18: 46 | N18: 0 | O18: =SUM(C18:L18,N18) -> 95 | P18: =SUM(C18:N18) -> 141 | R18: 1500-1600 | S18: =SUM(C42:C45) -> 393 | T18: =SUM(D42:D45) -> 81 | U18: =SUM(E42:E45) -> 16 | V18: =SUM(F42:F45) -> 19 | W18: =SUM(G42:G45) -> 2 | X18: =SUM(H42:H45) -> 0 | Y18: =SUM(I42:I45) -> 26 | Z18: =SUM(J42:J45) -> 4 | ... AF18: =SUM(P42:P45) -> 785
B19: 09.15 - 09.30 | C19: 46 | D19: 14 | E19: 0 | F19: 9 | G19: 1 | H19: 0 | I19: 3 | J19: 0 | K19: 0 | L19: 0 | M19: 55 | N19: 0 | O19: =SUM(C19:L19,N19) -> 73 | P19: =SUM(C19:N19) -> 128 | R19: 1600-1700 | S19: =SUM(C46:C49) -> 612 | T19: =SUM(D46:D49) -> 115 | U19: =SUM(E46:E49) -> 10 | V19: =SUM(F46:F49) -> 24 | W19: =SUM(G46:G49) -> 5 | X19: =SUM(H46:H49) -> 2 | Y19: =SUM(I46:I49) -> 9 | Z19: =SUM(J46:J49) -> 13 | ... AF19: =SUM(P46:P49) -> 1122
B20: 09.30 - 09.45 | C20: 63 | D20: 25 | E20: 6 | F20: 9 | G20: 1 | H20: 0 | I20: 2 | J20: 1 | K20: 0 | L20: 0 | M20: 68 | N20: 0 | O20: =SUM(C20:L20,N20) -> 107 | P20: =SUM(C20:N20) -> 175 | R20: 1700-1800 | S20: =SUM(C50:C53) -> 685 | T20: =SUM(D50:D53) -> 115 | U20: =SUM(E50:E53) -> 12 | V20: =SUM(F50:F53) -> 36 | W20: =SUM(G50:G53) -> 3 | X20: =SUM(H50:H53) -> 2 | Y20: =SUM(I50:I53) -> 19 | Z20: =SUM(J50:J53) -> 9 | ... AF20: =SUM(P50:P53) -> 1153
B21: 09.45 - 10.00 | C21: 46 | D21: 13 | E21: 4 | F21: 9 | G21: 1 | H21: 0 | I21: 4 | J21: 0 | K21: 1 | L21: 0 | M21: 65 | N21: 0 | O21: =SUM(C21:L21,N21) -> 78 | P21: =SUM(C21:N21) -> 143 | R21: 1800-1900 | S21: =SUM(C54:C57) -> 698 | T21: =SUM(D54:D57) -> 116 | U21: =SUM(E54:E57) -> 16 | V21: =SUM(F54:F57) -> 39 | W21: =SUM(G54:G57) -> 4 | X21: =SUM(H54:H57) -> 1 | Y21: =SUM(I54:I57) -> 11 | Z21: =SUM(J54:J57) -> 7 | ... AF21: =SUM(P54:P57) -> 1156
B22: 10.00 - 10.15 | C22: 68 | D22: 22 | E22: 5 | F22: 3 | G22: 1 | H22: 0 | I22: 5 | J22: 0 | K22: 0 | L22: 0 | M22: 55 | N22: 0 | O22: =SUM(C22:L22,N22) -> 104 | P22: =SUM(C22:N22) -> 159 | R22: 1900-2000 | S22: =SUM(C58:C61) -> 556 | T22: =SUM(D58:D61) -> 116 | U22: =SUM(E58:E61) -> 36 | V22: =SUM(F58:F61) -> 26 | W22: =SUM(G58:G61) -> 1 | X22: =SUM(H58:H61) -> 0 | Y22: =SUM(I58:I61) -> 8 | Z22: =SUM(J58:J61) -> 1 | ... AF22: =SUM(P58:P61) -> 1071
B23: 10.15 - 10.30 | C23: 51 | D23: 13 | E23: 4 | F23: 8 | G23: 0 | H23: 0 | I23: 3 | J23: 1 | K23: 0 | L23: 0 | M23: 89 | N23: 0 | O23: =SUM(C23:L23,N23) -> 80 | P23: =SUM(C23:N23) -> 169 | R23: 2000-2100 | S23: =SUM(C62:C65) -> 343 | T23: =SUM(D62:D65) -> 87 | U23: =SUM(E62:E65) -> 30 | V23: =SUM(F62:F65) -> 29 | W23: =SUM(G62:G65) -> 2 | X23: =SUM(H62:H65) -> 0 | Y23: =SUM(I62:I65) -> 2 | Z23: =SUM(J62:J65) -> 0 | ... AF23: =SUM(P62:P65) -> 797
B24: 10.30 - 10.45 | C24: 51 | D24: 9 | E24: 7 | F24: 6 | G24: 0 | H24: 1 | I24: 6 | J24: 1 | K24: 2 | L24: 0 | M24: 57 | N24: 0 | O24: =SUM(C24:L24,N24) -> 83 | P24: =SUM(C24:N24) -> 140 | R24: 2100-2200 | S24: =SUM(C66:C69) -> 432 | T24: =SUM(D66:D69) -> 98 | U24: =SUM(E66:E69) -> 129 | V24: =SUM(F66:F69) -> 18 | W24: =SUM(G66:G69) -> 2 | X24: =SUM(H66:H69) -> 0 | Y24: =SUM(I66:I69) -> 2 | Z24: =SUM(J66:J69) -> 2 | ... AF24: =SUM(P66:P69) -> 882
B25: 10.45 - 11.00 | C25: 66 | D25: 17 | E25: 6 | F25: 7 | G25: 3 | H25: 1 | I25: 6 | J25: 4 | K25: 0 | L25: 0 | M25: 89 | N25: 0 | O25: =SUM(C25:L25,N25) -> 110 | P25: =SUM(C25:N25) -> 199 | R25: 2200-2300 | S25: =SUM(C70:C73) -> 325 | T25: =SUM(D70:D73) -> 57 | U25: =SUM(E70:E73) -> 38 | V25: =SUM(F70:F73) -> 10 | W25: =SUM(G70:G73) -> 1 | X25: =SUM(H70:H73) -> 0 | Y25: =SUM(I70:I73) -> 4 | Z25: =SUM(J70:J73) -> 1 | ... AF25: =SUM(P70:P73) -> 593
B26: 11.00 - 11.15 | C26: 46 | D26: 21 | E26: 7 | F26: 6 | G26: 0 | H26: 0 | I26: 0 | J26: 5 | K26: 3 | L26: 0 | M26: 55 | N26: 0 | O26: =SUM(C26:L26,N26) -> 88 | P26: =SUM(C26:N26) -> 143 | R26: 2300-0000 | S26: =SUM(C74:C77) -> 199 | T26: =SUM(D74:D77) -> 30 | U26: =SUM(E74:E77) -> 13 | V26: =SUM(F74:F77) -> 6 | W26: =SUM(G74:G77) -> 0 | X26: =SUM(H74:H77) -> 0 | Y26: =SUM(I74:I77) -> 0 | Z26: =SUM(J74:J77) -> 0 | ... AF26: =SUM(P74:P77) -> 303
B27: 11.15 - 11.30 | C27: 61 | D27: 21 | E27: 1 | F27: 9 | G27: 1 | H27: 0 | I27: 3 | J27: 1 | K27: 0 | L27: 0 | M27: 48 | N27: 0 | O27: =SUM(C27:L27,N27) -> 97 | P27: =SUM(C27:N27) -> 145 | R27: 0000-0100 | S27: =SUM(C78:C81) -> 105 | T27: =SUM(D78:D81) -> 16 | U27: =SUM(E78:E81) -> 1 | V27: =SUM(F78:F81) -> 2 | W27: =SUM(G78:G81) -> 0 | X27: =SUM(H78:H81) -> 0 | Y27: =SUM(I78:I81) -> 0 | Z27: =SUM(J78:J81) -> 0 | ... AF27: =SUM(P78:P81) -> 155
B28: 11.30 - 11.45 | C28: 60 | D28: 20 | E28: 6 | F28: 8 | G28: 0 | H28: 0 | I28: 4 | J28: 1 | K28: 1 | L28: 0 | M28: 60 | N28: 0 | O28: =SUM(C28:L28,N28) -> 100 | P28: =SUM(C28:N28) -> 160 | R28: 0100-0200 | S28: =SUM(C82:C85) -> 39 | T28: =SUM(D82:D85) -> 1 | U28: =SUM(E82:E85) -> 4 | V28: =SUM(F82:F85) -> 0 | W28: =SUM(G82:G85) -> 0 | X28: =SUM(H82:H85) -> 0 | Y28: =SUM(I82:I85) -> 0 | Z28: =SUM(J82:J85) -> 0 | ... AF28: =SUM(P82:P85) -> 60
B29: 11.45 - 12.00 | C29: 56 | D29: 7 | E29: 3 | F29: 6 | G29: 0 | H29: 0 | I29: 6 | J29: 0 | K29: 0 | L29: 0 | M29: 45 | N29: 0 | O29: =SUM(C29:L29,N29) -> 78 | P29: =SUM(C29:N29) -> 123 | R29: 0200-0300 | S29: =SUM(C86:C89) -> 22 | T29: =SUM(D86:D89) -> 4 | U29: =SUM(E86:E89) -> 2 | V29: =SUM(F86:F89) -> 0 | W29: =SUM(G86:G89) -> 0 | X29: =SUM(H86:H89) -> 0 | Y29: =SUM(I86:I89) -> 0 | Z29: =SUM(J86:J89) -> 0 | ... AF29: =SUM(P86:P89) -> 45
B30: 12.00 - 12.15 | C30: 67 | D30: 13 | E30: 3 | F30: 2 | G30: 0 | H30: 0 | I30: 7 | J30: 5 | K30: 2 | L30: 0 | M30: 35 | N30: 0 | O30: =SUM(C30:L30,N30) -> 99 | P30: =SUM(C30:N30) -> 134 | R30: 0300-0400 | S30: =SUM(C90:C93) -> 26 | T30: =SUM(D90:D93) -> 0 | U30: =SUM(E90:E93) -> 4 | V30: =SUM(F90:F93) -> 0 | W30: =SUM(G90:G93) -> 0 | X30: =SUM(H90:H93) -> 0 | Y30: =SUM(I90:I93) -> 1 | Z30: =SUM(J90:J93) -> 2 | ... AF30: =SUM(P90:P93) -> 50
B31: 12.15 - 12.30 | C31: 61 | D31: 20 | E31: 6 | F31: 7 | G31: 0 | H31: 0 | I31: 4 | J31: 1 | K31: 1 | L31: 2 | M31: 40 | N31: 0 | O31: =SUM(C31:L31,N31) -> 102 | P31: =SUM(C31:N31) -> 142 | R31: 0400-0500 | S31: =SUM(C94:C97) -> 25 | T31: =SUM(D94:D97) -> 3 | U31: =SUM(E94:E97) -> 4 | V31: =SUM(F94:F97) -> 3 | W31: =SUM(G94:G97) -> 2 | X31: =SUM(H94:H97) -> 0 | Y31: =SUM(I94:I97) -> 1 | Z31: =SUM(J94:J97) -> 1 | ... AF31: =SUM(P94:P97) -> 54
B32: 12.30 - 12.45 | C32: 103 | D32: 20 | E32: 2 | F32: 7 | G32: 0 | H32: 0 | I32: 5 | J32: 1 | K32: 2 | L32: 1 | M32: 27 | N32: 0 | O32: =SUM(C32:L32,N32) -> 141 | P32: =SUM(C32:N32) -> 168 | R32: 0500-0600 | S32: =SUM(C98:C101) -> 97 | T32: =SUM(D98:D101) -> 9 | U32: =SUM(E98:E101) -> 1 | V32: =SUM(F98:F101) -> 8 | W32: =SUM(G98:G101) -> 0 | X32: =SUM(H98:H101) -> 0 | Y32: =SUM(I98:I101) -> 2 | Z32: =SUM(J98:J101) -> 1 | ... AF32: =SUM(P98:P101) -> 142
B33: 12.45 - 13.00 | C33: 84 | D33: 18 | E33: 2 | F33: 9 | G33: 3 | H33: 0 | I33: 4 | J33: 1 | K33: 2 | L33: 0 | M33: 41 | N33: 0 | O33: =SUM(C33:L33,N33) -> 123 | P33: =SUM(C33:N33) -> 164 | R33: 0600-0700 | S33: =SUM(C102:C105) -> 297 | T33: =SUM(D102:D105) -> 62 | U33: =SUM(E102:E105) -> 26 | V33: =SUM(F102:F105) -> 33 | W33: =SUM(G102:G105) -> 6 | X33: =SUM(H102:H105) -> 0 | Y33: =SUM(I102:I105) -> 0 | Z33: =SUM(J102:J105) -> 0 | ... AF33: =SUM(P102:P105) -> 469
B34: 13.00 - 13.15 | C34: 45 | D34: 6 | E34: 3 | F34: 6 | G34: 3 | H34: 0 | I34: 4 | J34: 0 | K34: 1 | L34: 0 | M34: 26 | N34: 0 | O34: =SUM(C34:L34,N34) -> 68 | P34: =SUM(C34:N34) -> 94 | R34: AM Peak Hr | S34: =MAX(S10:S12) -> 482 | T34: =MAX(T10:T12) -> 94 | U34: =MAX(U10:U12) -> 13 | V34: =MAX(V10:V12) -> 39 | W34: =MAX(W10:W12) -> 3 | X34: =MAX(X10:X12) -> 0 | Y34: =MAX(Y10:Y12) -> 14 | Z34: =MAX(Z10:Z12) -> 2 | ... AF34: =MAX(AF10:AF12) -> 830
B35: 13.15 - 13.30 | C35: 89 | D35: 21 | E35: 6 | F35: 3 | G35: 2 | H35: 0 | I35: 4 | J35: 1 | K35: 2 | L35: 0 | M35: 35 | N35: 0 | O35: =SUM(C35:L35,N35) -> 128 | P35: =SUM(C35:N35) -> 163 | R35: IP Peak Hr | S35: =MAX(S13:S18) -> 393 | T35: =MAX(T13:T18) -> 81 | U35: =MAX(U13:U18) -> 22 | V35: =MAX(V13:V18) -> 29 | W35: =MAX(W13:W18) -> 8 | X35: =MAX(X13:X18) -> 2 | Y35: =MAX(Y13:Y18) -> 26 | Z35: =MAX(Z13:Z18) -> 8 | ... AF35: =MAX(AF13:AF18) -> 785
B36: 13.30 - 13.45 | C36: 86 | D36: 26 | E36: 4 | F36: 3 | G36: 0 | H36: 0 | I36: 5 | J36: 3 | K36: 0 | L36: 0 | M36: 43 | N36: 0 | O36: =SUM(C36:L36,N36) -> 127 | P36: =SUM(C36:N36) -> 170 | R36: PM Peak Hr | S36: =MAX(S19:S21) -> 698 | T36: =MAX(T19:T21) -> 116 | U36: =MAX(U19:U21) -> 16 | V36: =MAX(V19:V21) -> 39 | W36: =MAX(W19:W21) -> 5 | X36: =MAX(X19:X21) -> 2 | Y36: =MAX(Y19:Y21) -> 19 | Z36: =MAX(Z19:Z21) -> 13 | ... AF36: =MAX(AF19:AF21) -> 1156
B37: 13.45 - 14.00 | C37: 95 | D37: 18 | E37: 2 | F37: 5 | G37: 3 | H37: 0 | I37: 4 | J37: 2 | K37: 1 | L37: 0 | M37: 45 | N37: 0 | O37: =SUM(C37:L37,N37) -> 130 | P37: =SUM(C37:N37) -> 175 | R37: AM Period | S37: =SUM(S10:S12) -> 936 | T37: =SUM(T10:T12) -> 232 | U37: =SUM(U10:U12) -> 26 | V37: =SUM(V10:V12) -> 103 | W37: =SUM(W10:W12) -> 6 | X37: =SUM(X10:X12) -> 0 | Y37: =SUM(Y10:Y12) -> 30 | Z37: =SUM(Z10:Z12) -> 5 | ... AF37: =SUM(AF10:AF12) -> 2043
B38: 14.00 - 14.15 | C38: 80 | D38: 11 | E38: 1 | F38: 10 | G38: 0 | H38: 0 | I38: 5 | J38: 1 | K38: 1 | L38: 1 | M38: 46 | N38: 0 | O38: =SUM(C38:L38,N38) -> 110 | P38: =SUM(C38:N38) -> 156 | R38: IP Period | S38: =SUM(S13:S18) -> 1818 | T38: =SUM(T13:T18) -> 409 | U38: =SUM(U13:U18) -> 87 | V38: =SUM(V13:V18) -> 135 | W38: =SUM(W13:W18) -> 19 | X38: =SUM(X13:X18) -> 2 | Y38: =SUM(Y13:Y18) -> 118 | Z38: =SUM(Z13:Z18) -> 35 | ... AF38: =SUM(AF13:AF18) -> 3812
B39: 14.15 - 14.30 | C39: 94 | D39: 18 | E39: 0 | F39: 3 | G39: 1 | H39: 0 | I39: 5 | J39: 1 | K39: 0 | L39: 1 | M39: 30 | N39: 0 | O39: =SUM(C39:L39,N39) -> 123 | P39: =SUM(C39:N39) -> 153 | R39: PM Period | S39: =SUM(S19:S21) -> 1995 | T39: =SUM(T19:T21) -> 346 | U39: =SUM(U19:U21) -> 38 | V39: =SUM(V19:V21) -> 99 | W39: =SUM(W19:W21) -> 12 | X39: =SUM(X19:X21) -> 5 | Y39: =SUM(Y19:Y21) -> 39 | Z39: =SUM(Z19:Z21) -> 29 | ... AF39: =SUM(AF19:AF21) -> 3431
B40: 14.30 - 14.45 | C40: 78 | D40: 17 | E40: 2 | F40: 5 | G40: 0 | H40: 0 | I40: 7 | J40: 1 | K40: 0 | L40: 1 | M40: 33 | N40: 0 | O40: =SUM(C40:L40,N40) -> 111 | P40: =SUM(C40:N40) -> 144 | R40: 12 Hours | S40: =SUM(S10:S21) -> 4749 | T40: =SUM(T10:T21) -> 987 | U40: =SUM(U10:U21) -> 151 | V40: =SUM(V10:V21) -> 337 | W40: =SUM(W10:W21) -> 37 | X40: =SUM(X10:X21) -> 7 | Y40: =SUM(Y10:Y21) -> 187 | Z40: =SUM(Z10:Z21) -> 69 | ... AF40: =SUM(AF10:AF21) -> 9286
B41: 14.45 - 15.00 | C41: 84 | D41: 10 | E41: 1 | F41: 3 | G41: 0 | H41: 0 | I41: 5 | J41: 1 | K41: 0 | L41: 0 | M41: 22 | N41: 0 | O41: =SUM(C41:L41,N41) -> 104 | P41: =SUM(C41:N41) -> 126 | R41: 24 Hrs/ADT | S41: =SUM(S10:S33) -> 7215 | T41: =SUM(T10:T33) -> 1470 | U41: =SUM(U10:U33) -> 439 | V41: =SUM(V10:V33) -> 472 | W41: =SUM(W10:W33) -> 51 | X41: =SUM(X10:X33) -> 7 | Y41: =SUM(Y10:Y33) -> 207 | Z41: =SUM(Z10:Z33) -> 77 | ... AF41: =SUM(AF10:AF33) -> 13907
B42: 15.00 - 15.15 | C42: 80 | D42: 15 | E42: 2 | F42: 7 | G42: 0 | H42: 0 | I42: 8 | J42: 0 | K42: 0 | L42: 1 | M42: 62 | N42: 0 | O42: =SUM(C42:L42,N42) -> 113 | P42: =SUM(C42:N42) -> 175 | R42: NEF | S42: =S41/S40 -> 1.5192672 | T42: =T41/T40 -> 1.4893617 | U42: =U41/U40 -> 2.9072848 | V42: =V41/V40 -> 1.4005935 | W42: =W41/W40 -> 1.3783784 | X42: =X41/X40 -> 1 | Y42: =Y41/Y40 -> 1.1069519 | Z42: =Z41/Z40 -> 1.115942 | ... AF42: =AF41/AF40 -> 1.4976308
B43: 15.15 - 15.30 | C43: 96 | D43: 28 | E43: 4 | F43: 1 | G43: 1 | H43: 0 | I43: 6 | J43: 2 | K43: 2 | L43: 0 | M43: 45 | N43: 0 | O43: =SUM(C43:L43,N43) -> 140 | P43: =SUM(C43:N43) -> 185
B44: 15.30 - 15.45 | C44: 115 | D44: 16 | E44: 6 | F44: 7 | G44: 0 | H44: 0 | I44: 7 | J44: 0 | K44: 0 | L44: 0 | M44: 56 | N44: 0 | O44: =SUM(C44:L44,N44) -> 151 | P44: =SUM(C44:N44) -> 207
B45: 15.45 - 16.00 | C45: 102 | D45: 22 | E45: 4 | F45: 4 | G45: 1 | H45: 0 | I45: 5 | J45: 2 | K45: 2 | L45: 0 | M45: 76 | N45: 0 | O45: =SUM(C45:L45,N45) -> 142 | P45: =SUM(C45:N45) -> 218
B46: 16.00 - 16.15 | C46: 175 | D46: 29 | E46: 4 | F46: 4 | G46: 1 | H46: 1 | I46: 4 | J46: 2 | K46: 2 | L46: 1 | M46: 88 | N46: 0 | O46: =SUM(C46:L46,N46) -> 223 | P46: =SUM(C46:N46) -> 311
B47: 16.15 -16.30 | C47: 137 | D47: 33 | E47: 1 | F47: 5 | G47: 1 | H47: 0 | I47: 2 | J47: 1 | K47: 0 | L47: 0 | M47: 80 | N47: 0 | O47: =SUM(C47:L47,N47) -> 180 | P47: =SUM(C47:N47) -> 260
B48: 16.30 -16.45 | C48: 140 | D48: 29 | E48: 2 | F48: 8 | G48: 2 | H48: 0 | I48: 1 | J48: 7 | K48: 0 | L48: 0 | M48: 83 | N48: 0 | O48: =SUM(C48:L48,N48) -> 189 | P48: =SUM(C48:N48) -> 272
B49: 16.45 -17.00 | C49: 160 | D49: 24 | E49: 3 | F49: 7 | G49: 1 | H49: 1 | I49: 2 | J49: 3 | K49: 1 | L49: 0 | M49: 77 | N49: 0 | O49: =SUM(C49:L49,N49) -> 202 | P49: =SUM(C49:N49) -> 279
B50: 17.00 -17.15 | C50: 151 | D50: 25 | E50: 5 | F50: 12 | G50: 2 | H50: 0 | I50: 7 | J50: 2 | K50: 1 | L50: 0 | M50: 70 | N50: 0 | O50: =SUM(C50:L50,N50) -> 205 | P50: =SUM(C50:N50) -> 275
B51: 17.15 -17.30 | C51: 164 | D51: 34 | E51: 3 | F51: 8 | G51: 1 | H51: 1 | I51: 4 | J51: 1 | K51: 0 | L51: 2 | M51: 63 | N51: 0 | O51: =SUM(C51:L51,N51) -> 218 | P51: =SUM(C51:N51) -> 281
B52: 17.30 -17.45 | C52: 178 | D52: 29 | E52: 3 | F52: 7 | G52: 0 | H52: 1 | I52: 3 | J52: 3 | K52: 0 | L52: 0 | M52: 70 | N52: 0 | O52: =SUM(C52:L52,N52) -> 224 | P52: =SUM(C52:N52) -> 294
B53: 17.45 -18.00 | C53: 192 | D53: 27 | E53: 1 | F53: 9 | G53: 0 | H53: 0 | I53: 5 | J53: 3 | K53: 1 | L53: 0 | M53: 65 | N53: 0 | O53: =SUM(C53:L53,N53) -> 238 | P53: =SUM(C53:N53) -> 303
B54: 18.00 - 18.15 | C54: 135 | D54: 37 | E54: 6 | F54: 11 | G54: 3 | H54: 1 | I54: 3 | J54: 1 | K54: 0 | L54: 0 | M54: 64 | N54: 0 | O54: =SUM(C54:L54,N54) -> 197 | P54: =SUM(C54:N54) -> 261
... B105: 06.45 - 07.00 | C105: 94 | D105: 16 | E105: 5 | F105: 6 | G105: 2 | H105: 0 | I105: 0 | J105: 0 | K105: 0 | L105: 0 | M105: 14 | N105: 0 | O105: =SUM(C105:L105,N105) -> 123 | P105: =SUM(C105:N105) -> 137
B106: Totals | C106: =SUM(C10:C105) -> 7215 | D106: =SUM(D10:D105) -> 1470 | E106: =SUM(E10:E105) -> 439 | F106: =SUM(F10:F105) -> 472 | G106: =SUM(G10:G105) -> 51 | H106: =SUM(H10:H105) -> 7 | I106: =SUM(I10:I105) -> 207 | J106: =SUM(J10:J105) -> 77 | ... P106: =SUM(P10:P105) -> 13907
B107: %ges + MCs | C107: =C106/$P$106 -> 0.51880348 | D107: =D106/$P$106 -> 0.10570216 | E107: =E106/$P$106 -> 0.031566837 | F107: =F106/$P$106 -> 0.033939743 | G107: =G106/$P$106 -> 0.0036672179 | H107: =H106/$P$106 -> 0.00050334364 | I107: =I106/$P$106 -> 0.01488459 | J107: =J106/$P$106 -> 0.00553678 | ... N107: =N106/$P$106 -> 0
B108: %ges w/o MCs | C108: =C106/$O$106 -> 0.72207766 | D108: =D106/$O$106 -> 0.14711769 | E108: =E106/$O$106 -> 0.043935148 | F108: =F106/$O$106 -> 0.04723779 | G108: =G106/$O$106 -> 0.0051040833 | H108: =H106/$O$106 -> 0.00070056045 | I108: =I106/$O$106 -> 0.020716573 | J108: =J106/$O$106 -> 0.0077061649 | ... L108: =L106/$O$106 -> 0.001501201 | N108: =N106/$O$106 -> 0

Sheet 01.08 Naalya-Ntinda 24h
B1: Consultancy services for Preparation of Expressway Development Master Plan (EDMP) for Uganda
B2: MANUAL CLASSIFIED COUNT (MCC)
B3: ROAD NAME: | C3: ='29.07 Ntinda-Naalya'!C3:G3 -> MCC - C1 - STN38 - NAALYA EAST ROAD
C5: Date | D5: ='01.08 Ntinda-Naalya 24h'!D5 -> 01.08.19 | F5: Location | G5: ='01.08 Ntinda-Naalya 24h'!G5:H5 -> NAALYA ROUND ABOUT | J5: Surveyor | K5: ='01.08 Ntinda-Naalya 24h'!K5:L5 -> HARRIET N/NASSIWA A/MUTE C/PHOEBY/KAZIBWE J/NAKAYE J.
C6: Dir. From | D6: ='29.07 Naalya-Ntinda'!D6:E6 -> NAALYA | F6: Dir. To | G6: ='30.07 Naalya-Ntinda'!G6:H6 -> NTINDA | J6: Supervisor | K6: ='01.08 Ntinda-Naalya 24h'!K6:L6 -> STEVEN
B8: Time / Veh Type | R8: SUMMARY TRAFFIC VOLUMES
C9: 1. Car | D9: 2. Station Wagon | E9: 3. Pickups | F9: 4. Minibus, matatu | G9: 5. Medium bus | H9: 6. Large Bus | I9: 7. Light Truck | J9: 8. Medium Truck | K9: 9. Heavy truck | L9: 10. Truck Trailer | M9: 11. Motor cycles | N9: 12. Tractors | O9: Total Excl M/Cycles | P9: Total All | R9: Time | S9: 1. Car | T9: 2. Station Wagon | U9: 3. Pickups | V9: 4. Minibus, matatu | W9: 5. Medium bus | X9: 6. Large Bus | Y9: 7. Light Truck | Z9: 8. Medium Truck | AA9: 9. Heavy truck | AB9: 10. Truck Trailer | AC9: 11. Motorcycles | AD9: 12. Tractors, Graders | AE9: Total Excl M/ Cycles | AF9: Total All
B10: 07.00 - 07.15 | C10: 47 | D10: 47 | E10: 8 | F10: 1 | G10: 0 | H10: 0 | I10: 0 | J10: 3 | K10: 0 | L10: 0 | M10: 44 | N10: 0 | O10: =SUM(C10:L10,N10) -> 106 | P10: =SUM(C10:N10) -> 150 | R10: 0700-0800 | S10: =SUM(C10:C13) -> 408 | T10: =SUM(D10:D13) -> 297 | U10: =SUM(E10:E13) -> 50 | V10: =SUM(F10:F13) -> 29 | W10: =SUM(G10:G13) -> 0 | X10: =SUM(H10:H13) -> 0 | Y10: =SUM(I10:I13) -> 5 | Z10: =SUM(J10:J13) -> 5 | ... AF10: =SUM(P10:P13) -> 1208
B11: 07.15 - 07.30 | C11: 96 | D11: 69 | E11: 10 | F11: 8 | G11: 0 | H11: 0 | I11: 1 | J11: 0 | K11: 0 | L11: 0 | M11: 81 | N11: 0 | O11: =SUM(C11:L11,N11) -> 184 | P11: =SUM(C11:N11) -> 265 | R11: 0800-0900 | S11: =SUM(C14:C17) -> 405 | T11: =SUM(D14:D17) -> 261 | U11: =SUM(E14:E17) -> 51 | V11: =SUM(F14:F17) -> 41 | W11: =SUM(G14:G17) -> 9 | X11: =SUM(H14:H17) -> 0 | Y11: =SUM(I14:I17) -> 5 | Z11: =SUM(J14:J17) -> 8 | ... AF11: =SUM(P14:P17) -> 1169
B12: 07.30 - 07.45 | C12: 150 | D12: 90 | E12: 17 | F12: 4 | G12: 0 | H12: 0 | I12: 0 | J12: 2 | K12: 0 | L12: 1 | M12: 159 | N12: 0 | O12: =SUM(C12:L12,N12) -> 264 | P12: =SUM(C12:N12) -> 423 | R12: 0900-1000 | S12: =SUM(C18:C21) -> 284 | T12: =SUM(D18:D21) -> 201 | U12: =SUM(E18:E21) -> 42 | V12: =SUM(F18:F21) -> 17 | W12: =SUM(G18:G21) -> 3 | X12: =SUM(H18:H21) -> 0 | Y12: =SUM(I18:I21) -> 11 | Z12: =SUM(J18:J21) -> 11 | ... AF12: =SUM(P18:P21) -> 962
B13: 07.45 - 08.00 | C13: 115 | D13: 91 | E13: 15 | F13: 16 | G13: 0 | H13: 0 | I13: 4 | J13: 0 | K13: 1 | L13: 0 | M13: 128 | N13: 0 | O13: =SUM(C13:L13,N13) -> 242 | P13: =SUM(C13:N13) -> 370 | R13: 1000-1100 | S13: =SUM(C22:C25) -> 255 | T13: =SUM(D22:D25) -> 190 | U13: =SUM(E22:E25) -> 31 | V13: =SUM(F22:F25) -> 26 | W13: =SUM(G22:G25) -> 7 | X13: =SUM(H22:H25) -> 0 | Y13: =SUM(I22:I25) -> 16 | Z13: =SUM(J22:J25) -> 11 | ... AF13: =SUM(P22:P25) -> 923
B14: 08.00 - 08.15 | C14: 132 | D14: 90 | E14: 13 | F14: 9 | G14: 1 | H14: 0 | I14: 1 | J14: 2 | K14: 0 | L14: 0 | M14: 126 | N14: 0 | O14: =SUM(C14:L14,N14) -> 248 | P14: =SUM(C14:N14) -> 374 | R14: 1100-1200 | S14: =SUM(C26:C29) -> 150 | T14: =SUM(D26:D29) -> 151 | U14: =SUM(E26:E29) -> 26 | V14: =SUM(F26:F29) -> 21 | W14: =SUM(G26:G29) -> 3 | X14: =SUM(H26:H29) -> 0 | Y14: =SUM(I26:I29) -> 4 | Z14: =SUM(J26:J29) -> 11 | ... AF14: =SUM(P26:P29) -> 713
B15: 08.15 - 08.30 | C15: 108 | D15: 70 | E15: 12 | F15: 13 | G15: 4 | H15: 0 | I15: 1 | J15: 2 | K15: 0 | L15: 0 | M15: 149 | N15: 0 | O15: =SUM(C15:L15,N15) -> 210 | P15: =SUM(C15:N15) -> 359 | R15: 1200-1300 | S15: =SUM(C30:C33) -> 185 | T15: =SUM(D30:D33) -> 126 | U15: =SUM(E30:E33) -> 16 | V15: =SUM(F30:F33) -> 24 | W15: =SUM(G30:G33) -> 1 | X15: =SUM(H30:H33) -> 2 | Y15: =SUM(I30:I33) -> 6 | Z15: =SUM(J30:J33) -> 5 | ... AF15: =SUM(P30:P33) -> 704
B16: 08.30 - 08.45 | C16: 101 | D16: 72 | E16: 15 | F16: 9 | G16: 1 | H16: 0 | I16: 2 | J16: 3 | K16: 0 | L16: 0 | M16: 14 | N16: 0 | O16: =SUM(C16:L16,N16) -> 203 | P16: =SUM(C16:N16) -> 217 | R16: 1300-1400 | S16: =SUM(C34:C37) -> 215 | T16: =SUM(D34:D37) -> 142 | U16: =SUM(E34:E37) -> 48 | V16: =SUM(F34:F37) -> 28 | W16: =SUM(G34:G37) -> 5 | X16: =SUM(H34:H37) -> 1 | Y16: =SUM(I34:I37) -> 27 | Z16: =SUM(J34:J37) -> 5 | ... AF16: =SUM(P34:P37) -> 664
B17: 08.45 - 9.00 | C17: 64 | D17: 29 | E17: 11 | F17: 10 | G17: 3 | H17: 0 | I17: 1 | J17: 1 | K17: 0 | L17: 0 | M17: 100 | N17: 0 | O17: =SUM(C17:L17,N17) -> 119 | P17: =SUM(C17:N17) -> 219 | R17: 1400-1500 | S17: =SUM(C38:C41) -> 128 | T17: =SUM(D38:D41) -> 110 | U17: =SUM(E38:E41) -> 21 | V17: =SUM(F38:F41) -> 29 | W17: =SUM(G38:G41) -> 2 | X17: =SUM(H38:H41) -> 1 | Y17: =SUM(I38:I41) -> 12 | Z17: =SUM(J38:J41) -> 12 | ... AF17: =SUM(P38:P41) -> 590
B18: 09.00 - 09.15 | C18: 74 | D18: 51 | E18: 7 | F18: 0 | G18: 0 | H18: 0 | I18: 2 | J18: 4 | K18: 0 | L18: 1 | M18: 110 | N18: 0 | O18: =SUM(C18:L18,N18) -> 139 | P18: =SUM(C18:N18) -> 249 | R18: 1500-1600 | S18: =SUM(C42:C45) -> 143 | T18: =SUM(D42:D45) -> 101 | U18: =SUM(E42:E45) -> 24 | V18: =SUM(F42:F45) -> 39 | W18: =SUM(G42:G45) -> 2 | X18: =SUM(H42:H45) -> 0 | Y18: =SUM(I42:I45) -> 10 | Z18: =SUM(J42:J45) -> 11 | ... AF18: =SUM(P42:P45) -> 632
B19: 09.15 - 09.30 | C19: 85 | D19: 50 | E19: 17 | F19: 7 | G19: 2 | H19: 0 | I19: 4 | J19: 3 | K19: 3 | L19: 1 | M19: 94 | N19: 0 | O19: =SUM(C19:L19,N19) -> 172 | P19: =SUM(C19:N19) -> 266 | R19: 1600-1700 | S19: =SUM(C46:C49) -> 220 | T19: =SUM(D46:D49) -> 156 | U19: =SUM(E46:E49) -> 24 | V19: =SUM(F46:F49) -> 44 | W19: =SUM(G46:G49) -> 5 | X19: =SUM(H46:H49) -> 1 | Y19: =SUM(I46:I49) -> 11 | Z19: =SUM(J46:J49) -> 2 | ... AF19: =SUM(P46:P49) -> 728
B20: 09.30 - 09.45 | C20: 63 | D20: 56 | E20: 9 | F20: 6 | G20: 0 | H20: 0 | I20: 1 | J20: 2 | K20: 0 | L20: 0 | M20: 96 | N20: 0 | O20: =SUM(C20:L20,N20) -> 137 | P20: =SUM(C20:N20) -> 233 | R20: 1700-1800 | S20: =SUM(C50:C53) -> 244 | T20: =SUM(D50:D53) -> 195 | U20: =SUM(E50:E53) -> 29 | V20: =SUM(F50:F53) -> 33 | W20: =SUM(G50:G53) -> 12 | X20: =SUM(H50:H53) -> 1 | Y20: =SUM(I50:I53) -> 11 | Z20: =SUM(J50:J53) -> 5 | ... AF20: =SUM(P50:P53) -> 877
B21: 09.45 - 10.00 | C21: 62 | D21: 44 | E21: 9 | F21: 4 | G21: 1 | H21: 0 | I21: 4 | J21: 2 | K21: 0 | L21: 0 | M21: 88 | N21: 0 | O21: =SUM(C21:L21,N21) -> 126 | P21: =SUM(C21:N21) -> 214 | R21: 1800-1900 | S21: =SUM(C54:C57) -> 258 | T21: =SUM(D54:D57) -> 146 | U21: =SUM(E54:E57) -> 21 | V21: =SUM(F54:F57) -> 31 | W21: =SUM(G54:G57) -> 3 | X21: =SUM(H54:H57) -> 0 | Y21: =SUM(I54:I57) -> 3 | Z21: =SUM(J54:J57) -> 5 | ... AF21: =SUM(P54:P57) -> 906
B22: 10.00 - 10.15 | C22: 48 | D22: 41 | E22: 7 | F22: 8 | G22: 1 | H22: 0 | I22: 4 | J22: 3 | K22: 0 | L22: 0 | M22: 92 | N22: 0 | O22: =SUM(C22:L22,N22) -> 112 | P22: =SUM(C22:N22) -> 204 | R22: 1900-2000 | S22: =SUM(C58:C61) -> 120 | T22: =SUM(D58:D61) -> 113 | U22: =SUM(E58:E61) -> 26 | V22: =SUM(F58:F61) -> 23 | W22: =SUM(G58:G61) -> 1 | X22: =SUM(H58:H61) -> 3 | Y22: =SUM(I58:I61) -> 1 | Z22: =SUM(J58:J61) -> 1 | ... AF22: =SUM(P58:P61) -> 577
B23: 10.15 - 10.30 | C23: 66 | D23: 60 | E23: 9 | F23: 8 | G23: 3 | H23: 0 | I23: 4 | J23: 2 | K23: 0 | L23: 1 | M23: 103 | N23: 0 | O23: =SUM(C23:L23,N23) -> 153 | P23: =SUM(C23:N23) -> 256 | R23: 2000-2100 | S23: =SUM(C62:C65) -> 56 | T23: =SUM(D62:D65) -> 145 | U23: =SUM(E62:E65) -> 20 | V23: =SUM(F62:F65) -> 22 | W23: =SUM(G62:G65) -> 1 | X23: =SUM(H62:H65) -> 0 | Y23: =SUM(I62:I65) -> 1 | Z23: =SUM(J62:J65) -> 5 | ... AF23: =SUM(P62:P65) -> 499
B24: 10.30 - 10.45 | C24: 79 | D24: 45 | E24: 4 | F24: 4 | G24: 1 | H24: 0 | I24: 5 | J24: 3 | K24: 0 | L24: 0 | M24: 79 | N24: 0 | O24: =SUM(C24:L24,N24) -> 141 | P24: =SUM(C24:N24) -> 220 | R24: 2100-2200 | S24: =SUM(C66:C69) -> 73 | T24: =SUM(D66:D69) -> 192 | U24: =SUM(E66:E69) -> 29 | V24: =SUM(F66:F69) -> 25 | W24: =SUM(G66:G69) -> 1 | X24: =SUM(H66:H69) -> 0 | Y24: =SUM(I66:I69) -> 5 | Z24: =SUM(J66:J69) -> 2 | ... AF24: =SUM(P66:P69) -> 524
B25: 10.45 - 11.00 | C25: 62 | D25: 44 | E25: 11 | F25: 6 | G25: 2 | H25: 0 | I25: 3 | J25: 3 | K25: 0 | L25: 1 | M25: 111 | N25: 0 | O25: =SUM(C25:L25,N25) -> 132 | P25: =SUM(C25:N25) -> 243 | R25: 2200-2300 | S25: =SUM(C70:C73) -> 54 | T25: =SUM(D70:D73) -> 120 | U25: =SUM(E70:E73) -> 21 | V25: =SUM(F70:F73) -> 21 | W25: =SUM(G70:G73) -> 2 | X25: =SUM(H70:H73) -> 0 | Y25: =SUM(I70:I73) -> 0 | Z25: =SUM(J70:J73) -> 2 | ... AF25: =SUM(P70:P73) -> 379
B26: 11.00 - 11.15 | C26: 38 | D26: 36 | E26: 6 | F26: 7 | G26: 0 | H26: 0 | I26: 1 | J26: 0 | K26: 0 | L26: 0 | M26: 80 | N26: 0 | O26: =SUM(C26:L26,N26) -> 88 | P26: =SUM(C26:N26) -> 168 | R26: 2300-0000 | S26: =SUM(C74:C77) -> 30 | T26: =SUM(D74:D77) -> 86 | U26: =SUM(E74:E77) -> 9 | V26: =SUM(F74:F77) -> 8 | W26: =SUM(G74:G77) -> 0 | X26: =SUM(H74:H77) -> 0 | Y26: =SUM(I74:I77) -> 2 | Z26: =SUM(J74:J77) -> 1 | ... AF26: =SUM(P74:P77) -> 230
B27: 11.15 - 11.30 | C27: 34 | D27: 37 | E27: 8 | F27: 5 | G27: 1 | H27: 0 | I27: 2 | J27: 3 | K27: 0 | L27: 0 | M27: 76 | N27: 0 | O27: =SUM(C27:L27,N27) -> 90 | P27: =SUM(C27:N27) -> 166 | R27: 0000-0100 | S27: =SUM(C78:C81) -> 26 | T27: =SUM(D78:D81) -> 38 | U27: =SUM(E78:E81) -> 2 | V27: =SUM(F78:F81) -> 4 | W27: =SUM(G78:G81) -> 0 | X27: =SUM(H78:H81) -> 0 | Y27: =SUM(I78:I81) -> 3 | Z27: =SUM(J78:J81) -> 1 | ... AF27: =SUM(P78:P81) -> 113
B28: 11.30 - 11.45 | C28: 47 | D28: 45 | E28: 6 | F28: 4 | G28: 0 | H28: 0 | I28: 0 | J28: 4 | K28: 0 | L28: 0 | M28: 93 | N28: 0 | O28: =SUM(C28:L28,N28) -> 106 | P28: =SUM(C28:N28) -> 199 | R28: 0100-0200 | S28: =SUM(C82:C85) -> 29 | T28: =SUM(D82:D85) -> 27 | U28: =SUM(E82:E85) -> 7 | V28: =SUM(F82:F85) -> 2 | W28: =SUM(G82:G85) -> 0 | X28: =SUM(H82:H85) -> 0 | Y28: =SUM(I82:I85) -> 1 | Z28: =SUM(J82:J85) -> 1 | ... AF28: =SUM(P82:P85) -> 93
B29: 11.45 - 12.00 | C29: 31 | D29: 33 | E29: 6 | F29: 5 | G29: 2 | H29: 0 | I29: 1 | J29: 4 | K29: 0 | L29: 0 | M29: 98 | N29: 0 | O29: =SUM(C29:L29,N29) -> 82 | P29: =SUM(C29:N29) -> 180 | R29: 0200-0300 | S29: =SUM(C86:C89) -> 11 | T29: =SUM(D86:D89) -> 17 | U29: =SUM(E86:E89) -> 3 | V29: =SUM(F86:F89) -> 0 | W29: =SUM(G86:G89) -> 0 | X29: =SUM(H86:H89) -> 0 | Y29: =SUM(I86:I89) -> 0 | Z29: =SUM(J86:J89) -> 1 | ... AF29: =SUM(P86:P89) -> 47
B30: 12.00 - 12.15 | C30: 35 | D30: 30 | E30: 3 | F30: 7 | G30: 0 | H30: 0 | I30: 1 | J30: 3 | K30: 0 | L30: 0 | M30: 113 | N30: 0 | O30: =SUM(C30:L30,N30) -> 79 | P30: =SUM(C30:N30) -> 192 | R30: 0300-0400 | S30: =SUM(C90:C93) -> 8 | T30: =SUM(D90:D93) -> 3 | U30: =SUM(E90:E93) -> 1 | V30: =SUM(F90:F93) -> 2 | W30: =SUM(G90:G93) -> 0 | X30: =SUM(H90:H93) -> 0 | Y30: =SUM(I90:I93) -> 1 | Z30: =SUM(J90:J93) -> 1 | ... AF30: =SUM(P90:P93) -> 20
B31: 12.15 - 12.30 | C31: 65 | D31: 47 | E31: 4 | F31: 6 | G31: 0 | H31: 0 | I31: 5 | J31: 0 | K31: 0 | L31: 0 | M31: 64 | N31: 0 | O31: =SUM(C31:L31,N31) -> 127 | P31: =SUM(C31:N31) -> 191 | R31: 0400-0500 | S31: =SUM(C94:C97) -> 14 | T31: =SUM(D94:D97) -> 6 | U31: =SUM(E94:E97) -> 2 | V31: =SUM(F94:F97) -> 3 | W31: =SUM(G94:G97) -> 1 | X31: =SUM(H94:H97) -> 0 | Y31: =SUM(I94:I97) -> 1 | Z31: =SUM(J94:J97) -> 1 | ... AF31: =SUM(P94:P97) -> 35
B32: 12.30 - 12.45 | C32: 37 | D32: 16 | E32: 3 | F32: 8 | G32: 1 | H32: 2 | I32: 0 | J32: 2 | K32: 0 | L32: 0 | M32: 89 | N32: 0 | O32: =SUM(C32:L32,N32) -> 69 | P32: =SUM(C32:N32) -> 158 | R32: 0500-0600 | S32: =SUM(C98:C101) -> 22 | T32: =SUM(D98:D101) -> 77 | U32: =SUM(E98:E101) -> 6 | V32: =SUM(F98:F101) -> 12 | W32: =SUM(G98:G101) -> 4 | X32: =SUM(H98:H101) -> 0 | Y32: =SUM(I98:I101) -> 2 | Z32: =SUM(J98:J101) -> 1 | ... AF32: =SUM(P98:P101) -> 141
B33: 12.45 - 13.00 | C33: 48 | D33: 33 | E33: 6 | F33: 3 | G33: 0 | H33: 0 | I33: 0 | J33: 0 | K33: 0 | L33: 0 | M33: 73 | N33: 0 | O33: =SUM(C33:L33,N33) -> 90 | P33: =SUM(C33:N33) -> 163 | R33: 0600-0700 | S33: =SUM(C102:C105) -> 227 | T33: =SUM(D102:D105) -> 549 | U33: =SUM(E102:E105) -> 40 | V33: =SUM(F102:F105) -> 27 | W33: =SUM(G102:G105) -> 4 | X33: =SUM(H102:H105) -> 1 | Y33: =SUM(I102:I105) -> 1 | Z33: =SUM(J102:J105) -> 4 | ... AF33: =SUM(P102:P105) -> 904
B34: 13.00 - 13.15 | C34: 38 | D34: 33 | E34: 10 | F34: 6 | G34: 1 | H34: 1 | I34: 4 | J34: 2 | K34: 0 | L34: 0 | M34: 27 | N34: 0 | O34: =SUM(C34:L34,N34) -> 95 | P34: =SUM(C34:N34) -> 122 | R34: AM Peak Hr | S34: =MAX(S10:S12) -> 408 | T34: =MAX(T10:T12) -> 297 | U34: =MAX(U10:U12) -> 51 | V34: =MAX(V10:V12) -> 41 | W34: =MAX(W10:W12) -> 9 | X34: =MAX(X10:X12) -> 0 | Y34: =MAX(Y10:Y12) -> 11 | Z34: =MAX(Z10:Z12) -> 11 | ... AF34: =MAX(AF10:AF12) -> 1208
B35: 13.15 - 13.30 | C35: 46 | D35: 32 | E35: 6 | F35: 6 | G35: 1 | H35: 0 | I35: 5 | J35: 0 | K35: 0 | L35: 0 | M35: 42 | N35: 0 | O35: =SUM(C35:L35,N35) -> 96 | P35: =SUM(C35:N35) -> 138 | R35: IP Peak Hr | S35: =MAX(S13:S18) -> 255 | T35: =MAX(T13:T18) -> 190 | U35: =MAX(U13:U18) -> 48 | V35: =MAX(V13:V18) -> 39 | W35: =MAX(W13:W18) -> 7 | X35: =MAX(X13:X18) -> 2 | Y35: =MAX(Y13:Y18) -> 27 | Z35: =MAX(Z13:Z18) -> 12 | ... AF35: =MAX(AF13:AF18) -> 923
B36: 13.30 - 13.45 | C36: 70 | D36: 43 | E36: 27 | F36: 9 | G36: 2 | H36: 0 | I36: 10 | J36: 1 | K36: 0 | L36: 0 | M36: 52 | N36: 0 | O36: =SUM(C36:L36,N36) -> 162 | P36: =SUM(C36:N36) -> 214 | R36: PM Peak Hr | S36: =MAX(S19:S21) -> 258 | T36: =MAX(T19:T21) -> 195 | U36: =MAX(U19:U21) -> 29 | V36: =MAX(V19:V21) -> 44 | W36: =MAX(W19:W21) -> 12 | X36: =MAX(X19:X21) -> 1 | Y36: =MAX(Y19:Y21) -> 11 | Z36: =MAX(Z19:Z21) -> 5 | ... AF36: =MAX(AF19:AF21) -> 906
B37: 13.45 - 14.00 | C37: 61 | D37: 34 | E37: 5 | F37: 7 | G37: 1 | H37: 0 | I37: 8 | J37: 2 | K37: 1 | L37: 0 | M37: 71 | N37: 0 | O37: =SUM(C37:L37,N37) -> 119 | P37: =SUM(C37:N37) -> 190 | R37: AM Period | S37: =SUM(S10:S12) -> 1097 | T37: =SUM(T10:T12) -> 759 | U37: =SUM(U10:U12) -> 143 | V37: =SUM(V10:V12) -> 87 | W37: =SUM(W10:W12) -> 12 | X37: =SUM(X10:X12) -> 0 | Y37: =SUM(Y10:Y12) -> 21 | Z37: =SUM(Z10:Z12) -> 24 | ... AF37: =SUM(AF10:AF12) -> 3339
B38: 14.00 - 14.15 | C38: 31 | D38: 25 | E38: 6 | F38: 16 | G38: 1 | H38: 1 | I38: 5 | J38: 4 | K38: 3 | L38: 0 | M38: 61 | N38: 0 | O38: =SUM(C38:L38,N38) -> 92 | P38: =SUM(C38:N38) -> 153 | R38: IP Period | S38: =SUM(S13:S18) -> 1076 | T38: =SUM(T13:T18) -> 820 | U38: =SUM(U13:U18) -> 166 | V38: =SUM(V13:V18) -> 167 | W38: =SUM(W13:W18) -> 20 | X38: =SUM(X13:X18) -> 4 | Y38: =SUM(Y13:Y18) -> 75 | Z38: =SUM(Z13:Z18) -> 55 | ... AF38: =SUM(AF13:AF18) -> 4226
B39: 14.15 - 14.30 | C39: 32 | D39: 32 | E39: 5 | F39: 3 | G39: 1 | H39: 0 | I39: 4 | J39: 2 | K39: 1 | L39: 0 | M39: 68 | N39: 0 | O39: =SUM(C39:L39,N39) -> 80 | P39: =SUM(C39:N39) -> 148 | R39: PM Period | S39: =SUM(S19:S21) -> 722 | T39: =SUM(T19:T21) -> 497 | U39: =SUM(U19:U21) -> 74 | V39: =SUM(V19:V21) -> 108 | W39: =SUM(W19:W21) -> 20 | X39: =SUM(X19:X21) -> 2 | Y39: =SUM(Y19:Y21) -> 25 | Z39: =SUM(Z19:Z21) -> 12 | ... AF39: =SUM(AF19:AF21) -> 2511
B40: 14.30 - 14.45 | C40: 39 | D40: 39 | E40: 9 | F40: 6 | G40: 0 | H40: 0 | I40: 3 | J40: 6 | K40: 0 | L40: 0 | M40: 76 | N40: 0 | O40: =SUM(C40:L40,N40) -> 102 | P40: =SUM(C40:N40) -> 178 | R40: 12 Hours | S40: =SUM(S10:S21) -> 2895 | T40: =SUM(T10:T21) -> 2076 | U40: =SUM(U10:U21) -> 383 | V40: =SUM(V10:V21) -> 362 | W40: =SUM(W10:W21) -> 52 | X40: =SUM(X10:X21) -> 6 | Y40: =SUM(Y10:Y21) -> 121 | Z40: =SUM(Z10:Z21) -> 91 | ... AF40: =SUM(AF10:AF21) -> 10076
B41: 14.45 - 15.00 | C41: 26 | D41: 14 | E41: 1 | F41: 4 | G41: 0 | H41: 0 | I41: 0 | J41: 0 | K41: 0 | L41: 0 | M41: 66 | N41: 0 | O41: =SUM(C41:L41,N41) -> 45 | P41: =SUM(C41:N41) -> 111 | R41: 24 Hrs/ADT | S41: =SUM(S10:S33) -> 3565 | T41: =SUM(T10:T33) -> 3449 | U41: =SUM(U10:U33) -> 549 | V41: =SUM(V10:V33) -> 511 | W41: =SUM(W10:W33) -> 66 | X41: =SUM(X10:X33) -> 10 | Y41: =SUM(Y10:Y33) -> 139 | Z41: =SUM(Z10:Z33) -> 112 | ... AF41: =SUM(AF10:AF33) -> 13638
B42: 15.00 - 15.15 | C42: 26 | D42: 20 | E42: 5 | F42: 6 | G42: 1 | H42: 0 | I42: 0 | J42: 1 | K42: 0 | L42: 0 | M42: 65 | N42: 0 | O42: =SUM(C42:L42,N42) -> 59 | P42: =SUM(C42:N42) -> 124 | R42: NEF | S42: =S41/S40 -> 1.2314335 | T42: =T41/T40 -> 1.661368 | U42: =U41/U40 -> 1.4334204 | V42: =V41/V40 -> 1.4116022 | W42: =W41/W40 -> 1.2692308 | X42: =X41/X40 -> 1.6666667 | Y42: =Y41/Y40 -> 1.1487603 | Z42: =Z41/Z40 -> 1.2307692 | ... AF42: =AF41/AF40 -> 1.3535133
B43: 15.15 - 15.30 | C43: 35 | D43: 22 | E43: 7 | F43: 11 | G43: 0 | H43: 0 | I43: 3 | J43: 4 | K43: 0 | L43: 0 | M43: 70 | N43: 0 | O43: =SUM(C43:L43,N43) -> 82 | P43: =SUM(C43:N43) -> 152
B44: 15.30 - 15.45 | C44: 46 | D44: 22 | E44: 5 | F44: 6 | G44: 1 | H44: 0 | I44: 7 | J44: 4 | K44: 2 | L44: 0 | M44: 85 | N44: 0 | O44: =SUM(C44:L44,N44) -> 93 | P44: =SUM(C44:N44) -> 178
B45: 15.45 - 16.00 | C45: 36 | D45: 37 | E45: 7 | F45: 16 | G45: 0 | H45: 0 | I45: 0 | J45: 2 | K45: 0 | L45: 0 | M45: 80 | N45: 0 | O45: =SUM(C45:L45,N45) -> 98 | P45: =SUM(C45:N45) -> 178
B46: 16.00 - 16.15 | C46: 30 | D46: 20 | E46: 4 | F46: 5 | G46: 0 | H46: 0 | I46: 0 | J46: 0 | K46: 0 | L46: 0 | M46: 64 | N46: 0 | O46: =SUM(C46:L46,N46) -> 59 | P46: =SUM(C46:N46) -> 123
B47: 16.15 -16.30 | C47: 34 | D47: 28 | E47: 4 | F47: 9 | G47: 0 | H47: 0 | I47: 1 | J47: 2 | K47: 0 | L47: 0 | M47: 72 | N47: 0 | O47: =SUM(C47:L47,N47) -> 78 | P47: =SUM(C47:N47) -> 150
B48: 16.30 -16.45 | C48: 91 | D48: 55 | E48: 5 | F48: 15 | G48: 2 | H48: 0 | I48: 3 | J48: 0 | K48: 0 | L48: 0 | M48: 61 | N48: 0 | O48: =SUM(C48:L48,N48) -> 171 | P48: =SUM(C48:N48) -> 232
B49: 16.45 -17.00 | C49: 65 | D49: 53 | E49: 11 | F49: 15 | G49: 3 | H49: 1 | I49: 7 | J49: 0 | K49: 0 | L49: 0 | M49: 68 | N49: 0 | O49: =SUM(C49:L49,N49) -> 155 | P49: =SUM(C49:N49) -> 223
B50: 17.00 -17.15 | C50: 61 | D50: 42 | E50: 7 | F50: 8 | G50: 0 | H50: 0 | I50: 3 | J50: 1 | K50: 0 | L50: 0 | M50: 82 | N50: 0 | O50: =SUM(C50:L50,N50) -> 122 | P50: =SUM(C50:N50) -> 204
B51: 17.15 -17.30 | C51: 66 | D51: 50 | E51: 14 | F51: 10 | G51: 7 | H51: 0 | I51: 4 | J51: 2 | K51: 0 | L51: 0 | M51: 56 | N51: 0 | O51: =SUM(C51:L51,N51) -> 153 | P51: =SUM(C51:N51) -> 209
B52: 17.30 -17.45 | C52: 65 | D52: 72 | E52: 4 | F52: 4 | G52: 5 | H52: 1 | I52: 3 | J52: 1 | K52: 1 | L52: 0 | M52: 103 | N52: 0 | O52: =SUM(C52:L52,N52) -> 156 | P52: =SUM(C52:N52) -> 259
B53: 17.45 -18.00 | C53: 52 | D53: 31 | E53: 4 | F53: 11 | G53: 0 | H53: 0 | I53: 1 | J53: 1 | K53: 0 | L53: 0 | M53: 105 | N53: 0 | O53: =SUM(C53:L53,N53) -> 100 | P53: =SUM(C53:N53) -> 205
B54: 18.00 - 18.15 | C54: 78 | D54: 32 | E54: 5 | F54: 9 | G54: 0 | H54: 0 | I54: 1 | J54: 2 | K54: 0 | L54: 0 | M54: 80 | N54: 0 | O54: =SUM(C54:L54,N54) -> 127 | P54: =SUM(C54:N54) -> 207
... B105: 06.45 - 07.00 | C105: 129 | D105: 155 | E105: 11 | F105: 4 | G105: 0 | H105: 1 | I105: 1 | J105: 1 | K105: 0 | L105: 0 | M105: 14 | N105: 0 | O105: =SUM(C105:L105,N105) -> 302 | P105: =SUM(C105:N105) -> 316
B106: Totals | C106: =SUM(C10:C105) -> 3565 | D106: =SUM(D10:D105) -> 3449 | E106: =SUM(E10:E105) -> 549 | F106: =SUM(F10:F105) -> 511 | G106: =SUM(G10:G105) -> 66 | H106: =SUM(H10:H105) -> 10 | I106: =SUM(I10:I105) -> 139 | J106: =SUM(J10:J105) -> 112 | ... P106: =SUM(P10:P105) -> 13638
B107: %ges + MCs | C107: =C106/$P$106 -> 0.26140197 | D107: =D106/$P$106 -> 0.25289632 | E107: =E106/$P$106 -> 0.040255169 | F107: =F106/$P$106 -> 0.037468837 | G107: =G106/$P$106 -> 0.0048394193 | H107: =H106/$P$106 -> 0.00073324534 | I107: =I106/$P$106 -> 0.01019211 | J107: =J106/$P$106 -> 0.0082123479 | ... N107: =N106/$P$106 -> 0
B108: %ges w/o MCs | C108: =C106/$O$106 -> 0.42289442 | D108: =D106/$O$106 -> 0.40913405 | E108: =E106/$O$106 -> 0.065124555 | F108: =F106/$O$106 -> 0.060616845 | G108: =G106/$O$106 -> 0.0078291815 | H108: =H106/$O$106 -> 0.0011862396 | I108: =I106/$O$106 -> 0.016488731 | J108: =J106/$O$106 -> 0.013285884 | ... L108: =L106/$O$106 -> 0.0013048636 | N108: =N106/$O$106 -> 0

Sheet 02.08 Ntinda-Naalya
B1: Consultancy services for Preparation of Expressway Development Master Plan (EDMP) for Uganda
B2: MANUAL CLASSIFIED COUNT (MCC)
B3: ROAD NAME: | C3: ='29.07 Ntinda-Naalya'!C3:G3 -> MCC - C1 - STN38 - NAALYA EAST ROAD
C5: Date | D5: 02.08.19 | F5: Location | G5: ='31.07 Naalya-Ntinda'!G5:H5 -> NAALYA ROUND ABOUT | J5: Surveyor | K5: ='31.07 Naalya-Ntinda'!K5:L5 -> HARRIET N/NASSIWA A/MUTE C/PHOEBY/KAZIBWE J/NAKAYE J.
C6: Dir. From | D6: ='29.07 Ntinda-Naalya'!D6:E6 -> NTINDA | F6: Dir. To | G6: ='29.07 Ntinda-Naalya'!G6:H6 -> NAALYA | J6: Supervisor | K6: ='31.07 Naalya-Ntinda'!K6:L6 -> STEVEN
B8: Time / Veh Type | R8: SUMMARY TRAFFIC VOLUMES
C9: 1. Car | D9: 2. Station Wagon | E9: 3. Pickups | F9: 4. Minibus, matatu | G9: 5. Medium bus | H9: 6. Large Bus | I9: 7. Light Truck | J9: 8. Medium Truck | K9: 9. Heavy truck | L9: 10. Truck Trailer | M9: 11. Motor cycles | N9: 12. Tractors | O9: Total Excl M/Cycles | P9: Total All | R9: Time | S9: 1. Car | T9: 2. Station Wagon | U9: 3. Pickups | V9: 4. Minibus, matatu | W9: 5. Medium bus | X9: 6. Large Bus | Y9: 7. Light Truck | Z9: 8. Medium Truck | AA9: 9. Heavy truck | AB9: 10. Truck Trailer | AC9: 11. Motorcycles | AD9: 12. Tractors, Graders | AE9: Total Excl M/ Cycles | AF9: Total All
B10: 07.00 - 07.15 | C10: 110 | D10: 9 | E10: 1 | F10: 6 | G10: 0 | H10: 0 | I10: 0 | J10: 0 | K10: 0 | L10: 0 | M10: 27 | N10: 0 | O10: =SUM(C10:L10,N10) -> 126 | P10: =SUM(C10:N10) -> 153 | R10: 0700-0800 | S10: =SUM(C10:C13) -> 554 | T10: =SUM(D10:D13) -> 78 | U10: =SUM(E10:E13) -> 6 | V10: =SUM(F10:F13) -> 27 | W10: =SUM(G10:G13) -> 1 | X10: =SUM(H10:H13) -> 0 | Y10: =SUM(I10:I13) -> 5 | Z10: =SUM(J10:J13) -> 1 | ... AF10: =SUM(P10:P13) -> 819
B11: 07.15 - 07.30 | C11: 160 | D11: 18 | E11: 0 | F11: 5 | G11: 0 | H11: 0 | I11: 1 | J11: 1 | K11: 0 | L11: 0 | M11: 20 | N11: 0 | O11: =SUM(C11:L11,N11) -> 185 | P11: =SUM(C11:N11) -> 205 | R11: 0800-0900 | S11: =SUM(C14:C17) -> 394 | T11: =SUM(D14:D17) -> 75 | U11: =SUM(E14:E17) -> 11 | V11: =SUM(F14:F17) -> 48 | W11: =SUM(G14:G17) -> 3 | X11: =SUM(H14:H17) -> 0 | Y11: =SUM(I14:I17) -> 13 | Z11: =SUM(J14:J17) -> 8 | ... AF11: =SUM(P14:P17) -> 772
B12: 07.30 - 07.45 | C12: 157 | D12: 32 | E12: 3 | F12: 8 | G12: 0 | H12: 0 | I12: 1 | J12: 0 | K12: 0 | L12: 1 | M12: 48 | N12: 0 | O12: =SUM(C12:L12,N12) -> 202 | P12: =SUM(C12:N12) -> 250 | R12: 0900-1000 | S12: =SUM(C18:C21) -> 238 | T12: =SUM(D18:D21) -> 65 | U12: =SUM(E18:E21) -> 16 | V12: =SUM(F18:F21) -> 29 | W12: =SUM(G18:G21) -> 3 | X12: =SUM(H18:H21) -> 2 | Y12: =SUM(I18:I21) -> 14 | Z12: =SUM(J18:J21) -> 16 | ... AF12: =SUM(P18:P21) -> 659
B13: 07.45 - 08.00 | C13: 127 | D13: 19 | E13: 2 | F13: 8 | G13: 1 | H13: 0 | I13: 3 | J13: 0 | K13: 0 | L13: 0 | M13: 51 | N13: 0 | O13: =SUM(C13:L13,N13) -> 160 | P13: =SUM(C13:N13) -> 211 | R13: 1000-1100 | S13: =SUM(C22:C25) -> 239 | T13: =SUM(D22:D25) -> 76 | U13: =SUM(E22:E25) -> 16 | V13: =SUM(F22:F25) -> 19 | W13: =SUM(G22:G25) -> 7 | X13: =SUM(H22:H25) -> 0 | Y13: =SUM(I22:I25) -> 12 | Z13: =SUM(J22:J25) -> 5 | ... AF13: =SUM(P22:P25) -> 652
B14: 08.00 - 08.15 | C14: 92 | D14: 18 | E14: 1 | F14: 12 | G14: 1 | H14: 0 | I14: 2 | J14: 3 | K14: 0 | L14: 0 | M14: 69 | N14: 0 | O14: =SUM(C14:L14,N14) -> 129 | P14: =SUM(C14:N14) -> 198 | R14: 1100-1200 | S14: =SUM(C26:C29) -> 283 | T14: =SUM(D26:D29) -> 58 | U14: =SUM(E26:E29) -> 11 | V14: =SUM(F26:F29) -> 29 | W14: =SUM(G26:G29) -> 6 | X14: =SUM(H26:H29) -> 0 | Y14: =SUM(I26:I29) -> 15 | Z14: =SUM(J26:J29) -> 5 | ... AF14: =SUM(P26:P29) -> 644
B15: 08.15 - 08.30 | C15: 131 | D15: 15 | E15: 4 | F15: 14 | G15: 1 | H15: 0 | I15: 5 | J15: 1 | K15: 1 | L15: 0 | M15: 50 | N15: 0 | O15: =SUM(C15:L15,N15) -> 172 | P15: =SUM(C15:N15) -> 222 | R15: 1200-1300 | S15: =SUM(C30:C33) -> 315 | T15: =SUM(D30:D33) -> 66 | U15: =SUM(E30:E33) -> 24 | V15: =SUM(F30:F33) -> 19 | W15: =SUM(G30:G33) -> 3 | X15: =SUM(H30:H33) -> 2 | Y15: =SUM(I30:I33) -> 21 | Z15: =SUM(J30:J33) -> 6 | ... AF15: =SUM(P30:P33) -> 615
B16: 08.30 - 08.45 | C16: 90 | D16: 18 | E16: 3 | F16: 10 | G16: 1 | H16: 0 | I16: 3 | J16: 2 | K16: 0 | L16: 0 | M16: 58 | N16: 1 | O16: =SUM(C16:L16,N16) -> 128 | P16: =SUM(C16:N16) -> 186 | R16: 1300-1400 | S16: =SUM(C34:C37) -> 294 | T16: =SUM(D34:D37) -> 80 | U16: =SUM(E34:E37) -> 21 | V16: =SUM(F34:F37) -> 24 | W16: =SUM(G34:G37) -> 2 | X16: =SUM(H34:H37) -> 1 | Y16: =SUM(I34:I37) -> 7 | Z16: =SUM(J34:J37) -> 2 | ... AF16: =SUM(P34:P37) -> 596
B17: 08.45 - 9.00 | C17: 81 | D17: 24 | E17: 3 | F17: 12 | G17: 0 | H17: 0 | I17: 3 | J17: 2 | K17: 1 | L17: 0 | M17: 40 | N17: 0 | O17: =SUM(C17:L17,N17) -> 126 | P17: =SUM(C17:N17) -> 166 | R17: 1400-1500 | S17: =SUM(C38:C41) -> 340 | T17: =SUM(D38:D41) -> 61 | U17: =SUM(E38:E41) -> 10 | V17: =SUM(F38:F41) -> 20 | W17: =SUM(G38:G41) -> 4 | X17: =SUM(H38:H41) -> 0 | Y17: =SUM(I38:I41) -> 15 | Z17: =SUM(J38:J41) -> 16 | ... AF17: =SUM(P38:P41) -> 729
B18: 09.00 - 09.15 | C18: 56 | D18: 14 | E18: 4 | F18: 11 | G18: 2 | H18: 1 | I18: 10 | J18: 5 | K18: 0 | L18: 0 | M18: 68 | N18: 0 | O18: =SUM(C18:L18,N18) -> 103 | P18: =SUM(C18:N18) -> 171 | R18: 1500-1600 | S18: =SUM(C42:C45) -> 413 | T18: =SUM(D42:D45) -> 66 | U18: =SUM(E42:E45) -> 7 | V18: =SUM(F42:F45) -> 20 | W18: =SUM(G42:G45) -> 5 | X18: =SUM(H42:H45) -> 0 | Y18: =SUM(I42:I45) -> 28 | Z18: =SUM(J42:J45) -> 14 | ... AF18: =SUM(P42:P45) -> 872
B19: 09.15 - 09.30 | C19: 53 | D19: 20 | E19: 2 | F19: 8 | G19: 0 | H19: 0 | I19: 0 | J19: 0 | K19: 1 | L19: 0 | M19: 61 | N19: 0 | O19: =SUM(C19:L19,N19) -> 84 | P19: =SUM(C19:N19) -> 145 | R19: 1600-1700 | S19: =SUM(C46:C49) -> 559 | T19: =SUM(D46:D49) -> 115 | U19: =SUM(E46:E49) -> 11 | V19: =SUM(F46:F49) -> 26 | W19: =SUM(G46:G49) -> 2 | X19: =SUM(H46:H49) -> 0 | Y19: =SUM(I46:I49) -> 17 | Z19: =SUM(J46:J49) -> 3 | ... AF19: =SUM(P46:P49) -> 1112
B20: 09.30 - 09.45 | C20: 66 | D20: 17 | E20: 4 | F20: 5 | G20: 1 | H20: 1 | I20: 3 | J20: 5 | K20: 1 | L20: 0 | M20: 68 | N20: 0 | O20: =SUM(C20:L20,N20) -> 103 | P20: =SUM(C20:N20) -> 171 | R20: 1700-1800 | S20: =SUM(C50:C53) -> 545 | T20: =SUM(D50:D53) -> 117 | U20: =SUM(E50:E53) -> 16 | V20: =SUM(F50:F53) -> 39 | W20: =SUM(G50:G53) -> 8 | X20: =SUM(H50:H53) -> 3 | Y20: =SUM(I50:I53) -> 22 | Z20: =SUM(J50:J53) -> 3 | ... AF20: =SUM(P50:P53) -> 1136
B21: 09.45 - 10.00 | C21: 63 | D21: 14 | E21: 6 | F21: 5 | G21: 0 | H21: 0 | I21: 1 | J21: 6 | K21: 1 | L21: 0 | M21: 76 | N21: 0 | O21: =SUM(C21:L21,N21) -> 96 | P21: =SUM(C21:N21) -> 172 | R21: 1800-1900 | S21: =SUM(C54:C57) -> 448 | T21: =SUM(D54:D57) -> 112 | U21: =SUM(E54:E57) -> 8 | V21: =SUM(F54:F57) -> 14 | W21: =SUM(G54:G57) -> 46 | X21: =SUM(H54:H57) -> 6 | Y21: =SUM(I54:I57) -> 11 | Z21: =SUM(J54:J57) -> 3 | ... AF21: =SUM(P54:P57) -> 907
B22: 10.00 - 10.15 | C22: 57 | D22: 19 | E22: 3 | F22: 4 | G22: 3 | H22: 0 | I22: 3 | J22: 1 | K22: 0 | L22: 0 | M22: 78 | N22: 0 | O22: =SUM(C22:L22,N22) -> 90 | P22: =SUM(C22:N22) -> 168 | R22: AM Peak Hr | S22: =MAX(S10:S12) -> 554 | T22: =MAX(T10:T12) -> 78 | U22: =MAX(U10:U12) -> 16 | V22: =MAX(V10:V12) -> 48 | W22: =MAX(W10:W12) -> 3 | X22: =MAX(X10:X12) -> 2 | Y22: =MAX(Y10:Y12) -> 14 | Z22: =MAX(Z10:Z12) -> 16 | ... AF22: =MAX(AF10:AF12) -> 819
B23: 10.15 - 10.30 | C23: 68 | D23: 24 | E23: 5 | F23: 4 | G23: 3 | H23: 0 | I23: 4 | J23: 0 | K23: 1 | L23: 2 | M23: 55 | N23: 0 | O23: =SUM(C23:L23,N23) -> 111 | P23: =SUM(C23:N23) -> 166 | R23: IP Peak Hr | S23: =MAX(S13:S18) -> 413 | T23: =MAX(T13:T18) -> 80 | U23: =MAX(U13:U18) -> 24 | V23: =MAX(V13:V18) -> 29 | W23: =MAX(W13:W18) -> 7 | X23: =MAX(X13:X18) -> 2 | Y23: =MAX(Y13:Y18) -> 28 | Z23: =MAX(Z13:Z18) -> 16 | ... AF23: =MAX(AF13:AF18) -> 872
B24: 10.30 - 10.45 | C24: 61 | D24: 22 | E24: 5 | F24: 6 | G24: 0 | H24: 0 | I24: 2 | J24: 2 | K24: 1 | L24: 0 | M24: 60 | N24: 0 | O24: =SUM(C24:L24,N24) -> 99 | P24: =SUM(C24:N24) -> 159 | R24: PM Peak Hr | S24: =MAX(S19:S21) -> 559 | T24: =MAX(T19:T21) -> 117 | U24: =MAX(U19:U21) -> 16 | V24: =MAX(V19:V21) -> 39 | W24: =MAX(W19:W21) -> 46 | X24: =MAX(X19:X21) -> 6 | Y24: =MAX(Y19:Y21) -> 22 | Z24: =MAX(Z19:Z21) -> 3 | ... AF24: =MAX(AF19:AF21) -> 1136
B25: 10.45 - 11.00 | C25: 53 | D25: 11 | E25: 3 | F25: 5 | G25: 1 | H25: 0 | I25: 3 | J25: 2 | K25: 0 | L25: 0 | M25: 81 | N25: 0 | O25: =SUM(C25:L25,N25) -> 78 | P25: =SUM(C25:N25) -> 159 | R25: AM Period | S25: =SUM(S10:S12) -> 1186 | T25: =SUM(T10:T12) -> 218 | U25: =SUM(U10:U12) -> 33 | V25: =SUM(V10:V12) -> 104 | W25: =SUM(W10:W12) -> 7 | X25: =SUM(X10:X12) -> 2 | Y25: =SUM(Y10:Y12) -> 32 | Z25: =SUM(Z10:Z12) -> 25 | ... AF25: =SUM(AF10:AF12) -> 2250
B26: 11.00 - 11.15 | C26: 72 | D26: 19 | E26: 4 | F26: 4 | G26: 0 | H26: 0 | I26: 4 | J26: 0 | K26: 0 | L26: 0 | M26: 63 | N26: 0 | O26: =SUM(C26:L26,N26) -> 103 | P26: =SUM(C26:N26) -> 166 | R26: IP Period | S26: =SUM(S13:S18) -> 1884 | T26: =SUM(T13:T18) -> 407 | U26: =SUM(U13:U18) -> 89 | V26: =SUM(V13:V18) -> 131 | W26: =SUM(W13:W18) -> 27 | X26: =SUM(X13:X18) -> 3 | Y26: =SUM(Y13:Y18) -> 98 | Z26: =SUM(Z13:Z18) -> 48 | ... AF26: =SUM(AF13:AF18) -> 4108
B27: 11.15 - 11.30 | C27: 63 | D27: 13 | E27: 1 | F27: 7 | G27: 3 | H27: 0 | I27: 3 | J27: 1 | K27: 1 | L27: 1 | M27: 60 | N27: 0 | O27: =SUM(C27:L27,N27) -> 93 | P27: =SUM(C27:N27) -> 153 | R27: PM Period | S27: =SUM(S19:S21) -> 1552 | T27: =SUM(T19:T21) -> 344 | U27: =SUM(U19:U21) -> 35 | V27: =SUM(V19:V21) -> 79 | W27: =SUM(W19:W21) -> 56 | X27: =SUM(X19:X21) -> 9 | Y27: =SUM(Y19:Y21) -> 50 | Z27: =SUM(Z19:Z21) -> 9 | ... AF27: =SUM(AF19:AF21) -> 3155
B28: 11.30 - 11.45 | C28: 71 | D28: 12 | E28: 5 | F28: 12 | G28: 2 | H28: 0 | I28: 6 | J28: 4 | K28: 0 | L28: 0 | M28: 72 | N28: 0 | O28: =SUM(C28:L28,N28) -> 112 | P28: =SUM(C28:N28) -> 184 | R28: 12 Hours | S28: =SUM(S10:S21) -> 4622 | T28: =SUM(T10:T21) -> 969 | U28: =SUM(U10:U21) -> 157 | V28: =SUM(V10:V21) -> 314 | W28: =SUM(W10:W21) -> 90 | X28: =SUM(X10:X21) -> 14 | Y28: =SUM(Y10:Y21) -> 180 | Z28: =SUM(Z10:Z21) -> 82 | ... AF28: =SUM(AF10:AF21) -> 9513
B29: 11.45 - 12.00 | C29: 77 | D29: 14 | E29: 1 | F29: 6 | G29: 1 | H29: 0 | I29: 2 | J29: 0 | K29: 0 | L29: 0 | M29: 40 | N29: 0 | O29: =SUM(C29:L29,N29) -> 101 | P29: =SUM(C29:N29) -> 141
B30: 12.00 - 12.15 | C30: 88 | D30: 11 | E30: 8 | F30: 5 | G30: 1 | H30: 2 | I30: 3 | J30: 0 | K30: 0 | L30: 0 | M30: 45 | N30: 0 | O30: =SUM(C30:L30,N30) -> 118 | P30: =SUM(C30:N30) -> 163
B31: 12.15 - 12.30 | C31: 61 | D31: 14 | E31: 4 | F31: 3 | G31: 2 | H31: 0 | I31: 6 | J31: 2 | K31: 0 | L31: 0 | M31: 52 | N31: 0 | O31: =SUM(C31:L31,N31) -> 92 | P31: =SUM(C31:N31) -> 144
B32: 12.30 - 12.45 | C32: 83 | D32: 15 | E32: 7 | F32: 4 | G32: 0 | H32: 0 | I32: 5 | J32: 2 | K32: 3 | L32: 0 | M32: 30 | N32: 1 | O32: =SUM(C32:L32,N32) -> 120 | P32: =SUM(C32:N32) -> 150
B33: 12.45 - 13.00 | C33: 83 | D33: 26 | E33: 5 | F33: 7 | G33: 0 | H33: 0 | I33: 7 | J33: 2 | K33: 0 | L33: 0 | M33: 28 | N33: 0 | O33: =SUM(C33:L33,N33) -> 130 | P33: =SUM(C33:N33) -> 158
B34: 13.00 - 13.15 | C34: 75 | D34: 28 | E34: 7 | F34: 8 | G34: 1 | H34: 0 | I34: 3 | J34: 0 | K34: 0 | L34: 0 | M34: 28 | N34: 0 | O34: =SUM(C34:L34,N34) -> 122 | P34: =SUM(C34:N34) -> 150
B35: 13.15 - 13.30 | C35: 59 | D35: 8 | E35: 2 | F35: 8 | G35: 0 | H35: 0 | I35: 1 | J35: 0 | K35: 0 | L35: 0 | M35: 34 | N35: 0 | O35: =SUM(C35:L35,N35) -> 78 | P35: =SUM(C35:N35) -> 112
B36: 13.30 - 13.45 | C36: 85 | D36: 23 | E36: 7 | F36: 2 | G36: 1 | H36: 1 | I36: 1 | J36: 2 | K36: 0 | L36: 0 | M36: 61 | N36: 0 | O36: =SUM(C36:L36,N36) -> 122 | P36: =SUM(C36:N36) -> 183
B37: 13.45 - 14.00 | C37: 75 | D37: 21 | E37: 5 | F37: 6 | G37: 0 | H37: 0 | I37: 2 | J37: 0 | K37: 0 | L37: 0 | M37: 42 | N37: 0 | O37: =SUM(C37:L37,N37) -> 109 | P37: =SUM(C37:N37) -> 151
B38: 14.00 - 14.15 | C38: 84 | D38: 14 | E38: 2 | F38: 5 | G38: 1 | H38: 0 | I38: 0 | J38: 9 | K38: 0 | L38: 1 | M38: 57 | N38: 0 | O38: =SUM(C38:L38,N38) -> 116 | P38: =SUM(C38:N38) -> 173
B39: 14.15 - 14.30 | C39: 78 | D39: 15 | E39: 2 | F39: 5 | G39: 1 | H39: 0 | I39: 5 | J39: 2 | K39: 0 | L39: 0 | M39: 54 | N39: 0 | O39: =SUM(C39:L39,N39) -> 108 | P39: =SUM(C39:N39) -> 162
B40: 14.30 - 14.45 | C40: 78 | D40: 14 | E40: 4 | F40: 9 | G40: 0 | H40: 0 | I40: 4 | J40: 1 | K40: 0 | L40: 0 | M40: 80 | N40: 0 | O40: =SUM(C40:L40,N40) -> 110 | P40: =SUM(C40:N40) -> 190
... B57: 18.45 - 19.00 | C57: 97 | D57: 20 | E57: 1 | F57: 7 | G57: 7 | H57: 2 | I57: 5 | J57: 2 | K57: 0 | L57: 0 | M57: 53 | N57: 0 | O57: =SUM(C57:L57,N57) -> 141 | P57: =SUM(C57:N57) -> 194
B58: Totals | C58: =SUM(C10:C57) -> 4622 | D58: =SUM(D10:D57) -> 969 | E58: =SUM(E10:E57) -> 157 | F58: =SUM(F10:F57) -> 314 | G58: =SUM(G10:G57) -> 90 | H58: =SUM(H10:H57) -> 14 | I58: =SUM(I10:I57) -> 180 | J58: =SUM(J10:J57) -> 82 | ... P58: =SUM(P10:P57) -> 9513
B59: %ges + MCs | C59: =C58/$P$58 -> 0.48586145 | D59: =D58/$P$58 -> 0.10186061 | E59: =E58/$P$58 -> 0.016503732 | F59: =F58/$P$58 -> 0.033007463 | G59: =G58/$P$58 -> 0.0094607379 | H59: =H58/$P$58 -> 0.0014716703 | I59: =I58/$P$58 -> 0.018921476 | J59: =J58/$P$58 -> 0.0086197835 | ... N59: =N58/$P$58 -> 0.00021023862
B60: %ges w/o MCs | C60: =C58/$O$58 -> 0.71559065 | D60: =D58/$O$58 -> 0.15002322 | E60: =E58/$O$58 -> 0.024307168 | F60: =F58/$O$58 -> 0.048614337 | G60: =G58/$O$58 -> 0.013934046 | H60: =H58/$O$58 -> 0.0021675182 | I60: =I58/$O$58 -> 0.027868091 | J60: =J58/$O$58 -> 0.012695464 | ... L60: =L58/$O$58 -> 0.0012385818 | N60: =N58/$O$58 -> 0.00030964546

Sheet 02.08 Naalya-Ntinda
B1: Consultancy services for Preparation of Expressway Development Master Plan (EDMP) for Uganda
B2: MANUAL CLASSIFIED COUNT (MCC)
B3: ROAD NAME: | C3: ='29.07 Naalya-Ntinda'!C3:G3 -> MCC - C1 - STN38 - NAALYA EAST ROAD
C5: Date | D5: ='02.08 Ntinda-Naalya'!D5 -> 02.08.19 | F5: Location | G5: ='02.08 Ntinda-Naalya'!G5:H5 -> NAALYA ROUND ABOUT | J5: Surveyor | K5: ='02.08 Ntinda-Naalya'!K5:L5 -> HARRIET N/NASSIWA A/MUTE C/PHOEBY/KAZIBWE J/NAKAYE J.
C6: Dir. From | D6: ='29.07 Naalya-Ntinda'!D6:E6 -> NAALYA | F6: Dir. To | G6: ='29.07 Naalya-Ntinda'!G6:H6 -> NTINDA | J6: Supervisor | K6: ='02.08 Ntinda-Naalya'!K6:L6 -> STEVEN
B8: Time / Veh Type | R8: SUMMARY TRAFFIC VOLUMES
C9: 1. Car | D9: 2. Station Wagon | E9: 3. Pickups | F9: 4. Minibus, matatu | G9: 5. Medium bus | H9: 6. Large Bus | I9: 7. Light Truck | J9: 8. Medium Truck | K9: 9. Heavy truck | L9: 10. Truck Trailer | M9: 11. Motor cycles | N9: 12. Tractors | O9: Total Excl M/Cycles | P9: Total All | R9: Time | S9: 1. Car | T9: 2. Station Wagon | U9: 3. Pickups | V9: 4. Minibus, matatu | W9: 5. Medium bus | X9: 6. Large Bus | Y9: 7. Light Truck | Z9: 8. Medium Truck | AA9: 9. Heavy truck | AB9: 10. Truck Trailer | AC9: 11. Motorcycles | AD9: 12. Tractors, Graders | AE9: Total Excl M/ Cycles | AF9: Total All
B10: 07.00 - 07.15 | C10: 110 | D10: 85 | E10: 10 | F10: 4 | G10: 0 | H10: 0 | I10: 0 | J10: 0 | K10: 1 | L10: 0 | M10: 38 | N10: 0 | O10: =SUM(C10:L10,N10) -> 210 | P10: =SUM(C10:N10) -> 248 | R10: 0700-0800 | S10: =SUM(C10:C13) -> 457 | T10: =SUM(D10:D13) -> 341 | U10: =SUM(E10:E13) -> 56 | V10: =SUM(F10:F13) -> 24 | W10: =SUM(G10:G13) -> 2 | X10: =SUM(H10:H13) -> 0 | Y10: =SUM(I10:I13) -> 8 | Z10: =SUM(J10:J13) -> 4 | ... AF10: =SUM(P10:P13) -> 1234
B11: 07.15 - 07.30 | C11: 102 | D11: 85 | E11: 14 | F11: 3 | G11: 0 | H11: 0 | I11: 2 | J11: 0 | K11: 0 | L11: 0 | M11: 65 | N11: 0 | O11: =SUM(C11:L11,N11) -> 206 | P11: =SUM(C11:N11) -> 271 | R11: 0800-0900 | S11: =SUM(C14:C17) -> 315 | T11: =SUM(D14:D17) -> 233 | U11: =SUM(E14:E17) -> 34 | V11: =SUM(F14:F17) -> 40 | W11: =SUM(G14:G17) -> 1 | X11: =SUM(H14:H17) -> 0 | Y11: =SUM(I14:I17) -> 0 | Z11: =SUM(J14:J17) -> 0 | ... AF11: =SUM(P14:P17) -> 1082
B12: 07.30 - 07.45 | C12: 130 | D12: 90 | E12: 10 | F12: 10 | G12: 2 | H12: 0 | I12: 4 | J12: 3 | K12: 0 | L12: 0 | M12: 103 | N12: 0 | O12: =SUM(C12:L12,N12) -> 249 | P12: =SUM(C12:N12) -> 352 | R12: 0900-1000 | S12: =SUM(C18:C21) -> 284 | T12: =SUM(D18:D21) -> 203 | U12: =SUM(E18:E21) -> 45 | V12: =SUM(F18:F21) -> 37 | W12: =SUM(G18:G21) -> 2 | X12: =SUM(H18:H21) -> 0 | Y12: =SUM(I18:I21) -> 0 | Z12: =SUM(J18:J21) -> 7 | ... AF12: =SUM(P18:P21) -> 1003
B13: 07.45 - 08.00 | C13: 115 | D13: 81 | E13: 22 | F13: 7 | G13: 0 | H13: 0 | I13: 2 | J13: 1 | K13: 0 | L13: 0 | M13: 135 | N13: 0 | O13: =SUM(C13:L13,N13) -> 228 | P13: =SUM(C13:N13) -> 363 | R13: 1000-1100 | S13: =SUM(C22:C25) -> 255 | T13: =SUM(D22:D25) -> 216 | U13: =SUM(E22:E25) -> 28 | V13: =SUM(F22:F25) -> 39 | W13: =SUM(G22:G25) -> 8 | X13: =SUM(H22:H25) -> 0 | Y13: =SUM(I22:I25) -> 12 | Z13: =SUM(J22:J25) -> 9 | ... AF13: =SUM(P22:P25) -> 951
B14: 08.00 - 08.15 | C14: 110 | D14: 85 | E14: 6 | F14: 15 | G14: 0 | H14: 0 | I14: 0 | J14: 0 | K14: 0 | L14: 0 | M14: 141 | N14: 0 | O14: =SUM(C14:L14,N14) -> 216 | P14: =SUM(C14:N14) -> 357 | R14: 1100-1200 | S14: =SUM(C26:C29) -> 198 | T14: =SUM(D26:D29) -> 164 | U14: =SUM(E26:E29) -> 28 | V14: =SUM(F26:F29) -> 48 | W14: =SUM(G26:G29) -> 1 | X14: =SUM(H26:H29) -> 0 | Y14: =SUM(I26:I29) -> 2 | Z14: =SUM(J26:J29) -> 3 | ... AF14: =SUM(P26:P29) -> 726
B15: 08.15 - 08.30 | C15: 85 | D15: 41 | E15: 9 | F15: 12 | G15: 1 | H15: 0 | I15: 0 | J15: 0 | K15: 0 | L15: 0 | M15: 117 | N15: 0 | O15: =SUM(C15:L15,N15) -> 148 | P15: =SUM(C15:N15) -> 265 | R15: 1200-1300 | S15: =SUM(C30:C33) -> 156 | T15: =SUM(D30:D33) -> 128 | U15: =SUM(E30:E33) -> 24 | V15: =SUM(F30:F33) -> 46 | W15: =SUM(G30:G33) -> 2 | X15: =SUM(H30:H33) -> 0 | Y15: =SUM(I30:I33) -> 5 | Z15: =SUM(J30:J33) -> 7 | ... AF15: =SUM(P30:P33) -> 657
B16: 08.30 - 08.45 | C16: 58 | D16: 42 | E16: 10 | F16: 5 | G16: 0 | H16: 0 | I16: 0 | J16: 0 | K16: 0 | L16: 0 | M16: 95 | N16: 0 | O16: =SUM(C16:L16,N16) -> 115 | P16: =SUM(C16:N16) -> 210 | R16: 1300-1400 | S16: =SUM(C34:C37) -> 204 | T16: =SUM(D34:D37) -> 180 | U16: =SUM(E34:E37) -> 24 | V16: =SUM(F34:F37) -> 31 | W16: =SUM(G34:G37) -> 2 | X16: =SUM(H34:H37) -> 0 | Y16: =SUM(I34:I37) -> 8 | Z16: =SUM(J34:J37) -> 7 | ... AF16: =SUM(P34:P37) -> 716
B17: 08.45 - 9.00 | C17: 62 | D17: 65 | E17: 9 | F17: 8 | G17: 0 | H17: 0 | I17: 0 | J17: 0 | K17: 0 | L17: 0 | M17: 106 | N17: 0 | O17: =SUM(C17:L17,N17) -> 144 | P17: =SUM(C17:N17) -> 250 | R17: 1400-1500 | S17: =SUM(C38:C41) -> 165 | T17: =SUM(D38:D41) -> 132 | U17: =SUM(E38:E41) -> 26 | V17: =SUM(F38:F41) -> 31 | W17: =SUM(G38:G41) -> 5 | X17: =SUM(H38:H41) -> 1 | Y17: =SUM(I38:I41) -> 4 | Z17: =SUM(J38:J41) -> 8 | ... AF17: =SUM(P38:P41) -> 709
B18: 09.00 - 09.15 | C18: 87 | D18: 54 | E18: 11 | F18: 14 | G18: 0 | H18: 0 | I18: 0 | J18: 3 | K18: 1 | L18: 1 | M18: 86 | N18: 0 | O18: =SUM(C18:L18,N18) -> 171 | P18: =SUM(C18:N18) -> 257 | R18: 1500-1600 | S18: =SUM(C42:C45) -> 218 | T18: =SUM(D42:D45) -> 151 | U18: =SUM(E42:E45) -> 30 | V18: =SUM(F42:F45) -> 37 | W18: =SUM(G42:G45) -> 2 | X18: =SUM(H42:H45) -> 0 | Y18: =SUM(I42:I45) -> 13 | Z18: =SUM(J42:J45) -> 11 | ... AF18: =SUM(P42:P45) -> 707
B19: 09.15 - 09.30 | C19: 85 | D19: 57 | E19: 15 | F19: 5 | G19: 0 | H19: 0 | I19: 0 | J19: 1 | K19: 2 | L19: 1 | M19: 97 | N19: 0 | O19: =SUM(C19:L19,N19) -> 166 | P19: =SUM(C19:N19) -> 263 | R19: 1600-1700 | S19: =SUM(C46:C49) -> 311 | T19: =SUM(D46:D49) -> 192 | U19: =SUM(E46:E49) -> 35 | V19: =SUM(F46:F49) -> 49 | W19: =SUM(G46:G49) -> 6 | X19: =SUM(H46:H49) -> 1 | Y19: =SUM(I46:I49) -> 18 | Z19: =SUM(J46:J49) -> 8 | ... AF19: =SUM(P46:P49) -> 976
B20: 09.30 - 09.45 | C20: 64 | D20: 49 | E20: 9 | F20: 8 | G20: 0 | H20: 0 | I20: 0 | J20: 1 | K20: 0 | L20: 1 | M20: 115 | N20: 0 | O20: =SUM(C20:L20,N20) -> 132 | P20: =SUM(C20:N20) -> 247 | R20: 1700-1800 | S20: =SUM(C50:C53) -> 336 | T20: =SUM(D50:D53) -> 195 | U20: =SUM(E50:E53) -> 47 | V20: =SUM(F50:F53) -> 42 | W20: =SUM(G50:G53) -> 7 | X20: =SUM(H50:H53) -> 0 | Y20: =SUM(I50:I53) -> 9 | Z20: =SUM(J50:J53) -> 11 | ... AF20: =SUM(P50:P53) -> 1020
B21: 09.45 - 10.00 | C21: 48 | D21: 43 | E21: 10 | F21: 10 | G21: 2 | H21: 0 | I21: 0 | J21: 2 | K21: 1 | L21: 0 | M21: 120 | N21: 0 | O21: =SUM(C21:L21,N21) -> 116 | P21: =SUM(C21:N21) -> 236 | R21: 1800-1900 | S21: =SUM(C54:C57) -> 292 | T21: =SUM(D54:D57) -> 276 | U21: =SUM(E54:E57) -> 31 | V21: =SUM(F54:F57) -> 22 | W21: =SUM(G54:G57) -> 0 | X21: =SUM(H54:H57) -> 0 | Y21: =SUM(I54:I57) -> 9 | Z21: =SUM(J54:J57) -> 8 | ... AF21: =SUM(P54:P57) -> 1014
B22: 10.00 - 10.15 | C22: 50 | D22: 56 | E22: 7 | F22: 10 | G22: 0 | H22: 0 | I22: 0 | J22: 0 | K22: 0 | L22: 0 | M22: 118 | N22: 0 | O22: =SUM(C22:L22,N22) -> 123 | P22: =SUM(C22:N22) -> 241 | R22: AM Peak Hr | S22: =MAX(S10:S12) -> 457 | T22: =MAX(T10:T12) -> 341 | U22: =MAX(U10:U12) -> 56 | V22: =MAX(V10:V12) -> 40 | W22: =MAX(W10:W12) -> 2 | X22: =MAX(X10:X12) -> 0 | Y22: =MAX(Y10:Y12) -> 8 | Z22: =MAX(Z10:Z12) -> 7 | ... AF22: =MAX(AF10:AF12) -> 1234
B23: 10.15 - 10.30 | C23: 70 | D23: 69 | E23: 8 | F23: 8 | G23: 4 | H23: 0 | I23: 4 | J23: 2 | K23: 1 | L23: 0 | M23: 72 | N23: 0 | O23: =SUM(C23:L23,N23) -> 166 | P23: =SUM(C23:N23) -> 238 | R23: IP Peak Hr | S23: =MAX(S13:S18) -> 255 | T23: =MAX(T13:T18) -> 216 | U23: =MAX(U13:U18) -> 30 | V23: =MAX(V13:V18) -> 48 | W23: =MAX(W13:W18) -> 8 | X23: =MAX(X13:X18) -> 1 | Y23: =MAX(Y13:Y18) -> 13 | Z23: =MAX(Z13:Z18) -> 11 | ... AF23: =MAX(AF13:AF18) -> 951
B24: 10.30 - 10.45 | C24: 55 | D24: 46 | E24: 5 | F24: 10 | G24: 2 | H24: 0 | I24: 3 | J24: 2 | K24: 0 | L24: 0 | M24: 92 | N24: 0 | O24: =SUM(C24:L24,N24) -> 123 | P24: =SUM(C24:N24) -> 215 | R24: PM Peak Hr | S24: =MAX(S19:S21) -> 336 | T24: =MAX(T19:T21) -> 276 | U24: =MAX(U19:U21) -> 47 | V24: =MAX(V19:V21) -> 49 | W24: =MAX(W19:W21) -> 7 | X24: =MAX(X19:X21) -> 1 | Y24: =MAX(Y19:Y21) -> 18 | Z24: =MAX(Z19:Z21) -> 11 | ... AF24: =MAX(AF19:AF21) -> 1020
B25: 10.45 - 11.00 | C25: 80 | D25: 45 | E25: 8 | F25: 11 | G25: 2 | H25: 0 | I25: 5 | J25: 5 | K25: 0 | L25: 1 | M25: 100 | N25: 0 | O25: =SUM(C25:L25,N25) -> 157 | P25: =SUM(C25:N25) -> 257 | R25: AM Period | S25: =SUM(S10:S12) -> 1056 | T25: =SUM(T10:T12) -> 777 | U25: =SUM(U10:U12) -> 135 | V25: =SUM(V10:V12) -> 101 | W25: =SUM(W10:W12) -> 5 | X25: =SUM(X10:X12) -> 0 | Y25: =SUM(Y10:Y12) -> 8 | Z25: =SUM(Z10:Z12) -> 11 | ... AF25: =SUM(AF10:AF12) -> 3319
B26: 11.00 - 11.15 | C26: 63 | D26: 48 | E26: 8 | F26: 12 | G26: 0 | H26: 0 | I26: 0 | J26: 1 | K26: 0 | L26: 1 | M26: 70 | N26: 0 | O26: =SUM(C26:L26,N26) -> 133 | P26: =SUM(C26:N26) -> 203 | R26: IP Period | S26: =SUM(S13:S18) -> 1196 | T26: =SUM(T13:T18) -> 971 | U26: =SUM(U13:U18) -> 160 | V26: =SUM(V13:V18) -> 232 | W26: =SUM(W13:W18) -> 20 | X26: =SUM(X13:X18) -> 1 | Y26: =SUM(Y13:Y18) -> 44 | Z26: =SUM(Z13:Z18) -> 45 | ... AF26: =SUM(AF13:AF18) -> 4466
B27: 11.15 - 11.30 | C27: 65 | D27: 46 | E27: 10 | F27: 18 | G27: 0 | H27: 0 | I27: 1 | J27: 2 | K27: 1 | L27: 0 | M27: 67 | N27: 0 | O27: =SUM(C27:L27,N27) -> 143 | P27: =SUM(C27:N27) -> 210 | R27: PM Period | S27: =SUM(S19:S21) -> 939 | T27: =SUM(T19:T21) -> 663 | U27: =SUM(U19:U21) -> 113 | V27: =SUM(V19:V21) -> 113 | W27: =SUM(W19:W21) -> 13 | X27: =SUM(X19:X21) -> 1 | Y27: =SUM(Y19:Y21) -> 36 | Z27: =SUM(Z19:Z21) -> 27 | ... AF27: =SUM(AF19:AF21) -> 3010
B28: 11.30 - 11.45 | C28: 30 | D28: 25 | E28: 4 | F28: 10 | G28: 0 | H28: 0 | I28: 1 | J28: 0 | K28: 0 | L28: 0 | M28: 70 | N28: 0 | O28: =SUM(C28:L28,N28) -> 70 | P28: =SUM(C28:N28) -> 140 | R28: 12 Hours | S28: =SUM(S10:S21) -> 3191 | T28: =SUM(T10:T21) -> 2411 | U28: =SUM(U10:U21) -> 408 | V28: =SUM(V10:V21) -> 446 | W28: =SUM(W10:W21) -> 38 | X28: =SUM(X10:X21) -> 2 | Y28: =SUM(Y10:Y21) -> 88 | Z28: =SUM(Z10:Z21) -> 83 | ... AF28: =SUM(AF10:AF21) -> 10795
B29: 11.45 - 12.00 | C29: 40 | D29: 45 | E29: 6 | F29: 8 | G29: 1 | H29: 0 | I29: 0 | J29: 0 | K29: 0 | L29: 0 | M29: 73 | N29: 0 | O29: =SUM(C29:L29,N29) -> 100 | P29: =SUM(C29:N29) -> 173
B30: 12.00 - 12.15 | C30: 31 | D30: 35 | E30: 8 | F30: 11 | G30: 0 | H30: 0 | I30: 1 | J30: 1 | K30: 3 | L30: 0 | M30: 79 | N30: 0 | O30: =SUM(C30:L30,N30) -> 90 | P30: =SUM(C30:N30) -> 169
B31: 12.15 - 12.30 | C31: 50 | D31: 38 | E31: 6 | F31: 11 | G31: 2 | H31: 0 | I31: 3 | J31: 4 | K31: 2 | L31: 1 | M31: 51 | N31: 0 | O31: =SUM(C31:L31,N31) -> 117 | P31: =SUM(C31:N31) -> 168
B32: 12.30 - 12.45 | C32: 30 | D32: 19 | E32: 3 | F32: 15 | G32: 0 | H32: 0 | I32: 0 | J32: 2 | K32: 1 | L32: 0 | M32: 70 | N32: 0 | O32: =SUM(C32:L32,N32) -> 70 | P32: =SUM(C32:N32) -> 140
B33: 12.45 - 13.00 | C33: 45 | D33: 36 | E33: 7 | F33: 9 | G33: 0 | H33: 0 | I33: 1 | J33: 0 | K33: 1 | L33: 0 | M33: 81 | N33: 0 | O33: =SUM(C33:L33,N33) -> 99 | P33: =SUM(C33:N33) -> 180
B34: 13.00 - 13.15 | C34: 60 | D34: 34 | E34: 1 | F34: 7 | G34: 1 | H34: 0 | I34: 2 | J34: 2 | K34: 2 | L34: 0 | M34: 75 | N34: 0 | O34: =SUM(C34:L34,N34) -> 109 | P34: =SUM(C34:N34) -> 184
B35: 13.15 - 13.30 | C35: 43 | D35: 41 | E35: 13 | F35: 11 | G35: 0 | H35: 0 | I35: 2 | J35: 2 | K35: 2 | L35: 0 | M35: 48 | N35: 0 | O35: =SUM(C35:L35,N35) -> 114 | P35: =SUM(C35:N35) -> 162
B36: 13.30 - 13.45 | C36: 51 | D36: 55 | E36: 5 | F36: 4 | G36: 1 | H36: 0 | I36: 3 | J36: 1 | K36: 0 | L36: 0 | M36: 62 | N36: 0 | O36: =SUM(C36:L36,N36) -> 120 | P36: =SUM(C36:N36) -> 182
B37: 13.45 - 14.00 | C37: 50 | D37: 50 | E37: 5 | F37: 9 | G37: 0 | H37: 0 | I37: 1 | J37: 2 | K37: 2 | L37: 0 | M37: 69 | N37: 0 | O37: =SUM(C37:L37,N37) -> 119 | P37: =SUM(C37:N37) -> 188
B38: 14.00 - 14.15 | C38: 50 | D38: 43 | E38: 10 | F38: 10 | G38: 0 | H38: 0 | I38: 2 | J38: 3 | K38: 1 | L38: 0 | M38: 52 | N38: 0 | O38: =SUM(C38:L38,N38) -> 119 | P38: =SUM(C38:N38) -> 171
B39: 14.15 - 14.30 | C39: 34 | D39: 41 | E39: 2 | F39: 12 | G39: 5 | H39: 0 | I39: 0 | J39: 2 | K39: 0 | L39: 0 | M39: 90 | N39: 0 | O39: =SUM(C39:L39,N39) -> 96 | P39: =SUM(C39:N39) -> 186
B40: 14.30 - 14.45 | C40: 40 | D40: 21 | E40: 9 | F40: 7 | G40: 0 | H40: 0 | I40: 1 | J40: 2 | K40: 0 | L40: 0 | M40: 104 | N40: 0 | O40: =SUM(C40:L40,N40) -> 80 | P40: =SUM(C40:N40) -> 184
... B57: 18.45 - 19.00 | C57: 105 | D57: 90 | E57: 4 | F57: 2 | G57: 0 | H57: 0 | I57: 4 | J57: 1 | K57: 0 | L57: 0 | M57: 117 | N57: 0 | O57: =SUM(C57:L57,N57) -> 206 | P57: =SUM(C57:N57) -> 323
B58: Totals | C58: =SUM(C10:C57) -> 3191 | D58: =SUM(D10:D57) -> 2411 | E58: =SUM(E10:E57) -> 408 | F58: =SUM(F10:F57) -> 446 | G58: =SUM(G10:G57) -> 38 | H58: =SUM(H10:H57) -> 2 | I58: =SUM(I10:I57) -> 88 | J58: =SUM(J10:J57) -> 83 | ... P58: =SUM(P10:P57) -> 10795
B59: %ges + MCs | C59: =C58/$P$58 -> 0.29559981 | D59: =D58/$P$58 -> 0.22334414 | E59: =E58/$P$58 -> 0.037795276 | F59: =F58/$P$58 -> 0.041315424 | G59: =G58/$P$58 -> 0.0035201482 | H59: =H58/$P$58 -> 0.00018527096 | I59: =I58/$P$58 -> 0.0081519222 | J59: =J58/$P$58 -> 0.0076887448 | ... N59: =N58/$P$58 -> 0
B60: %ges w/o MCs | C60: =C58/$O$58 -> 0.47612653 | D60: =D58/$O$58 -> 0.35974336 | E60: =E58/$O$58 -> 0.06087735 | F60: =F58/$O$58 -> 0.066547299 | G60: =G58/$O$58 -> 0.0056699493 | H60: =H58/$O$58 -> 0.00029841838 | I60: =I58/$O$58 -> 0.013130409 | J60: =J58/$O$58 -> 0.012384363 | ... L60: =L58/$O$58 -> 0.0013428827 | N60: =N58/$O$58 -> 0

Sheet 03.08 Ntinda-Naalya 24h
B1: Consultancy services for Preparation of Expressway Development Master Plan (EDMP) for Uganda
B2: MANUAL CLASSIFIED COUNT (MCC)
B3: ROAD NAME: | C3: ='29.07 Ntinda-Naalya'!C3:G3 -> MCC - C1 - STN38 - NAALYA EAST ROAD
C5: Date | D5: 03.08.19 | F5: Location | G5: ='01.08 Naalya-Ntinda 24h'!G5:H5 -> NAALYA ROUND ABOUT | J5: Surveyor | K5: ='01.08 Naalya-Ntinda 24h'!K5:L5 -> HARRIET N/NASSIWA A/MUTE C/PHOEBY/KAZIBWE J/NAKAYE J.
C6: Dir. From | D6: ='29.07 Ntinda-Naalya'!D6:E6 -> NTINDA | F6: Dir. To | G6: ='29.07 Ntinda-Naalya'!G6:H6 -> NAALYA | J6: Supervisor | K6: ='01.08 Naalya-Ntinda 24h'!K6:L6 -> STEVEN
B8: Time / Veh Type | R8: SUMMARY TRAFFIC VOLUMES
C9: 1. Car | D9: 2. Station Wagon | E9: 3. Pickups | F9: 4. Minibus, matatu | G9: 5. Medium bus | H9: 6. Large Bus | I9: 7. Light Truck | J9: 8. Medium Truck | K9: 9. Heavy truck | L9: 10. Truck Trailer | M9: 11. Motor cycles | N9: 12. Tractors | O9: Total Excl M/Cycles | P9: Total All | R9: Time | S9: 1. Car | T9: 2. Station Wagon | U9: 3. Pickups | V9: 4. Minibus, matatu | W9: 5. Medium bus | X9: 6. Large Bus | Y9: 7. Light Truck | Z9: 8. Medium Truck | AA9: 9. Heavy truck | AB9: 10. Truck Trailer | AC9: 11. Motorcycles | AD9: 12. Tractors, Graders | AE9: Total Excl M/ Cycles | AF9: Total All
B10: 07.00 - 07.15 | C10: 33 | D10: 1 | E10: 1 | F10: 6 | G10: 0 | H10: 0 | I10: 1 | J10: 0 | K10: 0 | L10: 0 | M10: 26 | N10: 0 | O10: =SUM(C10:L10,N10) -> 42 | P10: =SUM(C10:N10) -> 68 | R10: 0700-0800 | S10: =SUM(C10:C13) -> 152 | T10: =SUM(D10:D13) -> 35 | U10: =SUM(E10:E13) -> 7 | V10: =SUM(F10:F13) -> 20 | W10: =SUM(G10:G13) -> 1 | X10: =SUM(H10:H13) -> 0 | Y10: =SUM(I10:I13) -> 4 | Z10: =SUM(J10:J13) -> 1 | ... AF10: =SUM(P10:P13) -> 336
B11: 07.15 - 07.30 | C11: 35 | D11: 5 | E11: 1 | F11: 7 | G11: 0 | H11: 0 | I11: 2 | J11: 0 | K11: 0 | L11: 0 | M11: 40 | N11: 0 | O11: =SUM(C11:L11,N11) -> 50 | P11: =SUM(C11:N11) -> 90 | R11: 0800-0900 | S11: =SUM(C14:C17) -> 272 | T11: =SUM(D14:D17) -> 51 | U11: =SUM(E14:E17) -> 8 | V11: =SUM(F14:F17) -> 20 | W11: =SUM(G14:G17) -> 4 | X11: =SUM(H14:H17) -> 2 | Y11: =SUM(I14:I17) -> 11 | Z11: =SUM(J14:J17) -> 2 | ... AF11: =SUM(P14:P17) -> 568
B12: 07.30 - 07.45 | C12: 38 | D12: 12 | E12: 2 | F12: 1 | G12: 0 | H12: 0 | I12: 0 | J12: 0 | K12: 0 | L12: 0 | M12: 23 | N12: 0 | O12: =SUM(C12:L12,N12) -> 53 | P12: =SUM(C12:N12) -> 76 | R12: 0900-1000 | S12: =SUM(C18:C21) -> 368 | T12: =SUM(D18:D21) -> 69 | U12: =SUM(E18:E21) -> 17 | V12: =SUM(F18:F21) -> 28 | W12: =SUM(G18:G21) -> 1 | X12: =SUM(H18:H21) -> 0 | Y12: =SUM(I18:I21) -> 13 | Z12: =SUM(J18:J21) -> 3 | ... AF12: =SUM(P18:P21) -> 766
B13: 07.45 - 08.00 | C13: 46 | D13: 17 | E13: 3 | F13: 6 | G13: 1 | H13: 0 | I13: 1 | J13: 1 | K13: 0 | L13: 0 | M13: 27 | N13: 0 | O13: =SUM(C13:L13,N13) -> 75 | P13: =SUM(C13:N13) -> 102 | R13: 1000-1100 | S13: =SUM(C22:C25) -> 386 | T13: =SUM(D22:D25) -> 95 | U13: =SUM(E22:E25) -> 15 | V13: =SUM(F22:F25) -> 34 | W13: =SUM(G22:G25) -> 0 | X13: =SUM(H22:H25) -> 0 | Y13: =SUM(I22:I25) -> 16 | Z13: =SUM(J22:J25) -> 6 | ... AF13: =SUM(P22:P25) -> 851
B14: 08.00 - 08.15 | C14: 71 | D14: 6 | E14: 0 | F14: 7 | G14: 1 | H14: 0 | I14: 4 | J14: 0 | K14: 0 | L14: 0 | M14: 38 | N14: 0 | O14: =SUM(C14:L14,N14) -> 89 | P14: =SUM(C14:N14) -> 127 | R14: 1100-1200 | S14: =SUM(C26:C29) -> 403 | T14: =SUM(D26:D29) -> 100 | U14: =SUM(E26:E29) -> 16 | V14: =SUM(F26:F29) -> 21 | W14: =SUM(G26:G29) -> 2 | X14: =SUM(H26:H29) -> 0 | Y14: =SUM(I26:I29) -> 16 | Z14: =SUM(J26:J29) -> 6 | ... AF14: =SUM(P26:P29) -> 883
B15: 08.15 - 08.30 | C15: 46 | D15: 14 | E15: 4 | F15: 4 | G15: 2 | H15: 2 | I15: 3 | J15: 0 | K15: 0 | L15: 0 | M15: 42 | N15: 0 | O15: =SUM(C15:L15,N15) -> 75 | P15: =SUM(C15:N15) -> 117 | R15: 1200-1300 | S15: =SUM(C30:C33) -> 465 | T15: =SUM(D30:D33) -> 97 | U15: =SUM(E30:E33) -> 9 | V15: =SUM(F30:F33) -> 19 | W15: =SUM(G30:G33) -> 0 | X15: =SUM(H30:H33) -> 0 | Y15: =SUM(I30:I33) -> 18 | Z15: =SUM(J30:J33) -> 6 | ... AF15: =SUM(P30:P33) -> 859
B16: 08.30 - 08.45 | C16: 65 | D16: 14 | E16: 0 | F16: 1 | G16: 1 | H16: 0 | I16: 2 | J16: 1 | K16: 0 | L16: 0 | M16: 58 | N16: 0 | O16: =SUM(C16:L16,N16) -> 84 | P16: =SUM(C16:N16) -> 142 | R16: 1300-1400 | S16: =SUM(C34:C37) -> 450 | T16: =SUM(D34:D37) -> 112 | U16: =SUM(E34:E37) -> 20 | V16: =SUM(F34:F37) -> 22 | W16: =SUM(G34:G37) -> 2 | X16: =SUM(H34:H37) -> 0 | Y16: =SUM(I34:I37) -> 27 | Z16: =SUM(J34:J37) -> 7 | ... AF16: =SUM(P34:P37) -> 842
B17: 08.45 - 9.00 | C17: 90 | D17: 17 | E17: 4 | F17: 8 | G17: 0 | H17: 0 | I17: 2 | J17: 1 | K17: 0 | L17: 0 | M17: 60 | N17: 0 | O17: =SUM(C17:L17,N17) -> 122 | P17: =SUM(C17:N17) -> 182 | R17: 1400-1500 | S17: =SUM(C38:C41) -> 525 | T17: =SUM(D38:D41) -> 132 | U17: =SUM(E38:E41) -> 13 | V17: =SUM(F38:F41) -> 21 | W17: =SUM(G38:G41) -> 1 | X17: =SUM(H38:H41) -> 0 | Y17: =SUM(I38:I41) -> 14 | Z17: =SUM(J38:J41) -> 3 | ... AF17: =SUM(P38:P41) -> 896
B18: 09.00 - 09.15 | C18: 79 | D18: 17 | E18: 4 | F18: 9 | G18: 0 | H18: 0 | I18: 4 | J18: 0 | K18: 0 | L18: 0 | M18: 78 | N18: 0 | O18: =SUM(C18:L18,N18) -> 113 | P18: =SUM(C18:N18) -> 191 | R18: 1500-1600 | S18: =SUM(C42:C45) -> 567 | T18: =SUM(D42:D45) -> 106 | U18: =SUM(E42:E45) -> 18 | V18: =SUM(F42:F45) -> 18 | W18: =SUM(G42:G45) -> 2 | X18: =SUM(H42:H45) -> 0 | Y18: =SUM(I42:I45) -> 24 | Z18: =SUM(J42:J45) -> 6 | ... AF18: =SUM(P42:P45) -> 1015
B19: 09.15 - 09.30 | C19: 100 | D19: 21 | E19: 2 | F19: 9 | G19: 0 | H19: 0 | I19: 3 | J19: 2 | K19: 1 | L19: 0 | M19: 52 | N19: 0 | O19: =SUM(C19:L19,N19) -> 138 | P19: =SUM(C19:N19) -> 190 | R19: 1600-1700 | S19: =SUM(C46:C49) -> 623 | T19: =SUM(D46:D49) -> 100 | U19: =SUM(E46:E49) -> 15 | V19: =SUM(F46:F49) -> 26 | W19: =SUM(G46:G49) -> 4 | X19: =SUM(H46:H49) -> 0 | Y19: =SUM(I46:I49) -> 23 | Z19: =SUM(J46:J49) -> 6 | ... AF19: =SUM(P46:P49) -> 1065
B20: 09.30 - 09.45 | C20: 96 | D20: 13 | E20: 2 | F20: 4 | G20: 0 | H20: 0 | I20: 2 | J20: 0 | K20: 0 | L20: 0 | M20: 65 | N20: 0 | O20: =SUM(C20:L20,N20) -> 117 | P20: =SUM(C20:N20) -> 182 | R20: 1700-1800 | S20: =SUM(C50:C53) -> 490 | T20: =SUM(D50:D53) -> 79 | U20: =SUM(E50:E53) -> 9 | V20: =SUM(F50:F53) -> 26 | W20: =SUM(G50:G53) -> 4 | X20: =SUM(H50:H53) -> 0 | Y20: =SUM(I50:I53) -> 17 | Z20: =SUM(J50:J53) -> 11 | ... AF20: =SUM(P50:P53) -> 839
B21: 09.45 - 10.00 | C21: 93 | D21: 18 | E21: 9 | F21: 6 | G21: 1 | H21: 0 | I21: 4 | J21: 1 | K21: 1 | L21: 0 | M21: 70 | N21: 0 | O21: =SUM(C21:L21,N21) -> 133 | P21: =SUM(C21:N21) -> 203 | R21: 1800-1900 | S21: =SUM(C54:C57) -> 489 | T21: =SUM(D54:D57) -> 111 | U21: =SUM(E54:E57) -> 10 | V21: =SUM(F54:F57) -> 24 | W21: =SUM(G54:G57) -> 9 | X21: =SUM(H54:H57) -> 0 | Y21: =SUM(I54:I57) -> 15 | Z21: =SUM(J54:J57) -> 4 | ... AF21: =SUM(P54:P57) -> 843
B22: 10.00 - 10.15 | C22: 97 | D22: 34 | E22: 1 | F22: 13 | G22: 0 | H22: 0 | I22: 5 | J22: 2 | K22: 1 | L22: 0 | M22: 70 | N22: 0 | O22: =SUM(C22:L22,N22) -> 153 | P22: =SUM(C22:N22) -> 223 | R22: 1900-2000 | S22: =SUM(C58:C61) -> 421 | T22: =SUM(D58:D61) -> 88 | U22: =SUM(E58:E61) -> 14 | V22: =SUM(F58:F61) -> 37 | W22: =SUM(G58:G61) -> 0 | X22: =SUM(H58:H61) -> 3 | Y22: =SUM(I58:I61) -> 4 | Z22: =SUM(J58:J61) -> 3 | ... AF22: =SUM(P58:P61) -> 936
B23: 10.15 - 10.30 | C23: 83 | D23: 23 | E23: 4 | F23: 2 | G23: 0 | H23: 0 | I23: 0 | J23: 1 | K23: 0 | L23: 0 | M23: 91 | N23: 0 | O23: =SUM(C23:L23,N23) -> 113 | P23: =SUM(C23:N23) -> 204 | R23: 2000-2100 | S23: =SUM(C62:C65) -> 458 | T23: =SUM(D62:D65) -> 99 | U23: =SUM(E62:E65) -> 14 | V23: =SUM(F62:F65) -> 62 | W23: =SUM(G62:G65) -> 1 | X23: =SUM(H62:H65) -> 1 | Y23: =SUM(I62:I65) -> 5 | Z23: =SUM(J62:J65) -> 3 | ... AF23: =SUM(P62:P65) -> 1133
B24: 10.30 - 10.45 | C24: 101 | D24: 19 | E24: 4 | F24: 10 | G24: 0 | H24: 0 | I24: 5 | J24: 2 | K24: 0 | L24: 0 | M24: 50 | N24: 0 | O24: =SUM(C24:L24,N24) -> 141 | P24: =SUM(C24:N24) -> 191 | R24: 2100-2200 | S24: =SUM(C66:C69) -> 513 | T24: =SUM(D66:D69) -> 119 | U24: =SUM(E66:E69) -> 32 | V24: =SUM(F66:F69) -> 19 | W24: =SUM(G66:G69) -> 0 | X24: =SUM(H66:H69) -> 0 | Y24: =SUM(I66:I69) -> 1 | Z24: =SUM(J66:J69) -> 4 | ... AF24: =SUM(P66:P69) -> 902
B25: 10.45 - 11.00 | C25: 105 | D25: 19 | E25: 6 | F25: 9 | G25: 0 | H25: 0 | I25: 6 | J25: 1 | K25: 0 | L25: 0 | M25: 87 | N25: 0 | O25: =SUM(C25:L25,N25) -> 146 | P25: =SUM(C25:N25) -> 233 | R25: 2200-2300 | S25: =SUM(C70:C73) -> 415 | T25: =SUM(D70:D73) -> 67 | U25: =SUM(E70:E73) -> 18 | V25: =SUM(F70:F73) -> 3 | W25: =SUM(G70:G73) -> 0 | X25: =SUM(H70:H73) -> 1 | Y25: =SUM(I70:I73) -> 3 | Z25: =SUM(J70:J73) -> 2 | ... AF25: =SUM(P70:P73) -> 690
B26: 11.00 - 11.15 | C26: 105 | D26: 28 | E26: 5 | F26: 5 | G26: 1 | H26: 0 | I26: 4 | J26: 1 | K26: 0 | L26: 0 | M26: 103 | N26: 0 | O26: =SUM(C26:L26,N26) -> 149 | P26: =SUM(C26:N26) -> 252 | R26: 2300-0000 | S26: =SUM(C74:C77) -> 381 | T26: =SUM(D74:D77) -> 65 | U26: =SUM(E74:E77) -> 14 | V26: =SUM(F74:F77) -> 10 | W26: =SUM(G74:G77) -> 0 | X26: =SUM(H74:H77) -> 0 | Y26: =SUM(I74:I77) -> 1 | Z26: =SUM(J74:J77) -> 2 | ... AF26: =SUM(P74:P77) -> 602
B27: 11.15 - 11.30 | C27: 101 | D27: 26 | E27: 6 | F27: 5 | G27: 0 | H27: 0 | I27: 5 | J27: 1 | K27: 0 | L27: 0 | M27: 93 | N27: 0 | O27: =SUM(C27:L27,N27) -> 144 | P27: =SUM(C27:N27) -> 237 | R27: 0000-0100 | S27: =SUM(C78:C81) -> 143 | T27: =SUM(D78:D81) -> 35 | U27: =SUM(E78:E81) -> 13 | V27: =SUM(F78:F81) -> 7 | W27: =SUM(G78:G81) -> 0 | X27: =SUM(H78:H81) -> 0 | Y27: =SUM(I78:I81) -> 0 | Z27: =SUM(J78:J81) -> 4 | ... AF27: =SUM(P78:P81) -> 257
B28: 11.30 - 11.45 | C28: 98 | D28: 27 | E28: 1 | F28: 6 | G28: 1 | H28: 0 | I28: 2 | J28: 2 | K28: 0 | L28: 0 | M28: 65 | N28: 0 | O28: =SUM(C28:L28,N28) -> 137 | P28: =SUM(C28:N28) -> 202 | R28: 0100-0200 | S28: =SUM(C82:C85) -> 81 | T28: =SUM(D82:D85) -> 24 | U28: =SUM(E82:E85) -> 3 | V28: =SUM(F82:F85) -> 2 | W28: =SUM(G82:G85) -> 0 | X28: =SUM(H82:H85) -> 0 | Y28: =SUM(I82:I85) -> 0 | Z28: =SUM(J82:J85) -> 3 | ... AF28: =SUM(P82:P85) -> 143
B29: 11.45 - 12.00 | C29: 99 | D29: 19 | E29: 4 | F29: 5 | G29: 0 | H29: 0 | I29: 5 | J29: 2 | K29: 0 | L29: 0 | M29: 58 | N29: 0 | O29: =SUM(C29:L29,N29) -> 134 | P29: =SUM(C29:N29) -> 192 | R29: 0200-0300 | S29: =SUM(C86:C89) -> 60 | T29: =SUM(D86:D89) -> 22 | U29: =SUM(E86:E89) -> 6 | V29: =SUM(F86:F89) -> 1 | W29: =SUM(G86:G89) -> 0 | X29: =SUM(H86:H89) -> 0 | Y29: =SUM(I86:I89) -> 0 | Z29: =SUM(J86:J89) -> 1 | ... AF29: =SUM(P86:P89) -> 132
B30: 12.00 - 12.15 | C30: 105 | D30: 18 | E30: 1 | F30: 4 | G30: 0 | H30: 0 | I30: 7 | J30: 3 | K30: 1 | L30: 0 | M30: 51 | N30: 0 | O30: =SUM(C30:L30,N30) -> 139 | P30: =SUM(C30:N30) -> 190 | R30: 0300-0400 | S30: =SUM(C90:C93) -> 41 | T30: =SUM(D90:D93) -> 16 | U30: =SUM(E90:E93) -> 0 | V30: =SUM(F90:F93) -> 1 | W30: =SUM(G90:G93) -> 0 | X30: =SUM(H90:H93) -> 0 | Y30: =SUM(I90:I93) -> 0 | Z30: =SUM(J90:J93) -> 0 | ... AF30: =SUM(P90:P93) -> 68
B31: 12.15 - 12.30 | C31: 105 | D31: 38 | E31: 3 | F31: 7 | G31: 0 | H31: 0 | I31: 7 | J31: 1 | K31: 2 | L31: 0 | M31: 60 | N31: 0 | O31: =SUM(C31:L31,N31) -> 163 | P31: =SUM(C31:N31) -> 223 | R31: 0400-0500 | S31: =SUM(C94:C97) -> 26 | T31: =SUM(D94:D97) -> 7 | U31: =SUM(E94:E97) -> 0 | V31: =SUM(F94:F97) -> 1 | W31: =SUM(G94:G97) -> 0 | X31: =SUM(H94:H97) -> 0 | Y31: =SUM(I94:I97) -> 0 | Z31: =SUM(J94:J97) -> 0 | ... AF31: =SUM(P94:P97) -> 43
B32: 12.30 - 12.45 | C32: 135 | D32: 29 | E32: 3 | F32: 3 | G32: 0 | H32: 0 | I32: 1 | J32: 1 | K32: 0 | L32: 0 | M32: 80 | N32: 0 | O32: =SUM(C32:L32,N32) -> 172 | P32: =SUM(C32:N32) -> 252 | R32: 0500-0600 | S32: =SUM(C98:C101) -> 61 | T32: =SUM(D98:D101) -> 5 | U32: =SUM(E98:E101) -> 3 | V32: =SUM(F98:F101) -> 1 | W32: =SUM(G98:G101) -> 0 | X32: =SUM(H98:H101) -> 1 | Y32: =SUM(I98:I101) -> 1 | Z32: =SUM(J98:J101) -> 0 | ... AF32: =SUM(P98:P101) -> 85
B33: 12.45 - 13.00 | C33: 120 | D33: 12 | E33: 2 | F33: 5 | G33: 0 | H33: 0 | I33: 3 | J33: 1 | K33: 1 | L33: 0 | M33: 50 | N33: 0 | O33: =SUM(C33:L33,N33) -> 144 | P33: =SUM(C33:N33) -> 194 | R33: 0600-0700 | S33: =SUM(C102:C105) -> 30 | T33: =SUM(D102:D105) -> 9 | U33: =SUM(E102:E105) -> 3 | V33: =SUM(F102:F105) -> 4 | W33: =SUM(G102:G105) -> 0 | X33: =SUM(H102:H105) -> 0 | Y33: =SUM(I102:I105) -> 0 | Z33: =SUM(J102:J105) -> 0 | ... AF33: =SUM(P102:P105) -> 60
B34: 13.00 - 13.15 | C34: 83 | D34: 20 | E34: 0 | F34: 5 | G34: 1 | H34: 0 | I34: 2 | J34: 0 | K34: 0 | L34: 0 | M34: 49 | N34: 0 | O34: =SUM(C34:L34,N34) -> 111 | P34: =SUM(C34:N34) -> 160 | R34: AM Peak Hr | S34: =MAX(S10:S12) -> 368 | T34: =MAX(T10:T12) -> 69 | U34: =MAX(U10:U12) -> 17 | V34: =MAX(V10:V12) -> 28 | W34: =MAX(W10:W12) -> 4 | X34: =MAX(X10:X12) -> 2 | Y34: =MAX(Y10:Y12) -> 13 | Z34: =MAX(Z10:Z12) -> 3 | ... AF34: =MAX(AF10:AF12) -> 766
B35: 13.15 - 13.30 | C35: 119 | D35: 25 | E35: 8 | F35: 5 | G35: 0 | H35: 0 | I35: 8 | J35: 1 | K35: 0 | L35: 1 | M35: 62 | N35: 0 | O35: =SUM(C35:L35,N35) -> 167 | P35: =SUM(C35:N35) -> 229 | R35: IP Peak Hr | S35: =MAX(S13:S18) -> 567 | T35: =MAX(T13:T18) -> 132 | U35: =MAX(U13:U18) -> 20 | V35: =MAX(V13:V18) -> 34 | W35: =MAX(W13:W18) -> 2 | X35: =MAX(X13:X18) -> 0 | Y35: =MAX(Y13:Y18) -> 27 | Z35: =MAX(Z13:Z18) -> 7 | ... AF35: =MAX(AF13:AF18) -> 1015
B36: 13.30 - 13.45 | C36: 108 | D36: 37 | E36: 5 | F36: 7 | G36: 0 | H36: 0 | I36: 10 | J36: 2 | K36: 1 | L36: 0 | M36: 35 | N36: 0 | O36: =SUM(C36:L36,N36) -> 170 | P36: =SUM(C36:N36) -> 205 | R36: PM Peak Hr | S36: =MAX(S19:S21) -> 623 | T36: =MAX(T19:T21) -> 111 | U36: =MAX(U19:U21) -> 15 | V36: =MAX(V19:V21) -> 26 | W36: =MAX(W19:W21) -> 9 | X36: =MAX(X19:X21) -> 0 | Y36: =MAX(Y19:Y21) -> 23 | Z36: =MAX(Z19:Z21) -> 11 | ... AF36: =MAX(AF19:AF21) -> 1065
B37: 13.45 - 14.00 | C37: 140 | D37: 30 | E37: 7 | F37: 5 | G37: 1 | H37: 0 | I37: 7 | J37: 4 | K37: 1 | L37: 0 | M37: 53 | N37: 0 | O37: =SUM(C37:L37,N37) -> 195 | P37: =SUM(C37:N37) -> 248 | R37: AM Period | S37: =SUM(S10:S12) -> 792 | T37: =SUM(T10:T12) -> 155 | U37: =SUM(U10:U12) -> 32 | V37: =SUM(V10:V12) -> 68 | W37: =SUM(W10:W12) -> 6 | X37: =SUM(X10:X12) -> 2 | Y37: =SUM(Y10:Y12) -> 28 | Z37: =SUM(Z10:Z12) -> 6 | ... AF37: =SUM(AF10:AF12) -> 1670
B38: 14.00 - 14.15 | C38: 95 | D38: 23 | E38: 6 | F38: 5 | G38: 0 | H38: 0 | I38: 2 | J38: 0 | K38: 0 | L38: 0 | M38: 31 | N38: 0 | O38: =SUM(C38:L38,N38) -> 131 | P38: =SUM(C38:N38) -> 162 | R38: IP Period | S38: =SUM(S13:S18) -> 2796 | T38: =SUM(T13:T18) -> 642 | U38: =SUM(U13:U18) -> 91 | V38: =SUM(V13:V18) -> 135 | W38: =SUM(W13:W18) -> 7 | X38: =SUM(X13:X18) -> 0 | Y38: =SUM(Y13:Y18) -> 115 | Z38: =SUM(Z13:Z18) -> 34 | ... AF38: =SUM(AF13:AF18) -> 5346
B39: 14.15 - 14.30 | C39: 125 | D39: 38 | E39: 2 | F39: 2 | G39: 1 | H39: 0 | I39: 4 | J39: 2 | K39: 0 | L39: 0 | M39: 45 | N39: 0 | O39: =SUM(C39:L39,N39) -> 174 | P39: =SUM(C39:N39) -> 219 | R39: PM Period | S39: =SUM(S19:S21) -> 1602 | T39: =SUM(T19:T21) -> 290 | U39: =SUM(U19:U21) -> 34 | V39: =SUM(V19:V21) -> 76 | W39: =SUM(W19:W21) -> 17 | X39: =SUM(X19:X21) -> 0 | Y39: =SUM(Y19:Y21) -> 55 | Z39: =SUM(Z19:Z21) -> 21 | ... AF39: =SUM(AF19:AF21) -> 2747
B40: 14.30 - 14.45 | C40: 140 | D40: 32 | E40: 4 | F40: 9 | G40: 0 | H40: 0 | I40: 4 | J40: 1 | K40: 1 | L40: 0 | M40: 53 | N40: 0 | O40: =SUM(C40:L40,N40) -> 191 | P40: =SUM(C40:N40) -> 244 | R40: 12 Hours | S40: =SUM(S10:S21) -> 5190 | T40: =SUM(T10:T21) -> 1087 | U40: =SUM(U10:U21) -> 157 | V40: =SUM(V10:V21) -> 279 | W40: =SUM(W10:W21) -> 30 | X40: =SUM(X10:X21) -> 2 | Y40: =SUM(Y10:Y21) -> 198 | Z40: =SUM(Z10:Z21) -> 61 | ... AF40: =SUM(AF10:AF21) -> 9763
B41: 14.45 - 15.00 | C41: 165 | D41: 39 | E41: 1 | F41: 5 | G41: 0 | H41: 0 | I41: 4 | J41: 0 | K41: 1 | L41: 0 | M41: 56 | N41: 0 | O41: =SUM(C41:L41,N41) -> 215 | P41: =SUM(C41:N41) -> 271 | R41: 24 Hrs/ADT | S41: =SUM(S10:S33) -> 7820 | T41: =SUM(T10:T33) -> 1643 | U41: =SUM(U10:U33) -> 277 | V41: =SUM(V10:V33) -> 427 | W41: =SUM(W10:W33) -> 31 | X41: =SUM(X10:X33) -> 8 | Y41: =SUM(Y10:Y33) -> 213 | Z41: =SUM(Z10:Z33) -> 83 | ... AF41: =SUM(AF10:AF33) -> 14814
B42: 15.00 - 15.15 | C42: 133 | D42: 33 | E42: 4 | F42: 7 | G42: 1 | H42: 0 | I42: 6 | J42: 1 | K42: 1 | L42: 0 | M42: 67 | N42: 0 | O42: =SUM(C42:L42,N42) -> 186 | P42: =SUM(C42:N42) -> 253 | R42: NEF | S42: =S41/S40 -> 1.5067437 | T42: =T41/T40 -> 1.5114995 | U42: =U41/U40 -> 1.7643312 | V42: =V41/V40 -> 1.5304659 | W42: =W41/W40 -> 1.0333333 | X42: =X41/X40 -> 4 | Y42: =Y41/Y40 -> 1.0757576 | Z42: =Z41/Z40 -> 1.3606557 | ... AF42: =AF41/AF40 -> 1.5173615
B43: 15.15 - 15.30 | C43: 140 | D43: 35 | E43: 5 | F43: 2 | G43: 0 | H43: 0 | I43: 8 | J43: 2 | K43: 0 | L43: 0 | M43: 55 | N43: 0 | O43: =SUM(C43:L43,N43) -> 192 | P43: =SUM(C43:N43) -> 247
B44: 15.30 - 15.45 | C44: 139 | D44: 12 | E44: 6 | F44: 2 | G44: 0 | H44: 0 | I44: 7 | J44: 1 | K44: 2 | L44: 0 | M44: 73 | N44: 0 | O44: =SUM(C44:L44,N44) -> 169 | P44: =SUM(C44:N44) -> 242
B45: 15.45 - 16.00 | C45: 155 | D45: 26 | E45: 3 | F45: 7 | G45: 1 | H45: 0 | I45: 3 | J45: 2 | K45: 0 | L45: 0 | M45: 76 | N45: 0 | O45: =SUM(C45:L45,N45) -> 197 | P45: =SUM(C45:N45) -> 273
B46: 16.00 - 16.15 | C46: 110 | D46: 20 | E46: 4 | F46: 5 | G46: 0 | H46: 0 | I46: 8 | J46: 2 | K46: 2 | L46: 0 | M46: 53 | N46: 0 | O46: =SUM(C46:L46,N46) -> 151 | P46: =SUM(C46:N46) -> 204
B47: 16.15 -16.30 | C47: 185 | D47: 27 | E47: 7 | F47: 5 | G47: 0 | H47: 0 | I47: 6 | J47: 1 | K47: 0 | L47: 0 | M47: 66 | N47: 0 | O47: =SUM(C47:L47,N47) -> 231 | P47: =SUM(C47:N47) -> 297
B48: 16.30 -16.45 | C48: 158 | D48: 24 | E48: 3 | F48: 7 | G48: 2 | H48: 0 | I48: 5 | J48: 2 | K48: 0 | L48: 0 | M48: 73 | N48: 0 | O48: =SUM(C48:L48,N48) -> 201 | P48: =SUM(C48:N48) -> 274
B49: 16.45 -17.00 | C49: 170 | D49: 29 | E49: 1 | F49: 9 | G49: 2 | H49: 0 | I49: 4 | J49: 1 | K49: 0 | L49: 0 | M49: 74 | N49: 0 | O49: =SUM(C49:L49,N49) -> 216 | P49: =SUM(C49:N49) -> 290
B50: 17.00 -17.15 | C50: 130 | D50: 27 | E50: 4 | F50: 7 | G50: 1 | H50: 0 | I50: 5 | J50: 2 | K50: 1 | L50: 0 | M50: 60 | N50: 0 | O50: =SUM(C50:L50,N50) -> 177 | P50: =SUM(C50:N50) -> 237
B51: 17.15 -17.30 | C51: 145 | D51: 15 | E51: 1 | F51: 5 | G51: 0 | H51: 0 | I51: 1 | J51: 8 | K51: 1 | L51: 0 | M51: 47 | N51: 0 | O51: =SUM(C51:L51,N51) -> 176 | P51: =SUM(C51:N51) -> 223
B52: 17.30 -17.45 | C52: 115 | D52: 20 | E52: 3 | F52: 7 | G52: 2 | H52: 0 | I52: 6 | J52: 1 | K52: 1 | L52: 0 | M52: 44 | N52: 0 | O52: =SUM(C52:L52,N52) -> 155 | P52: =SUM(C52:N52) -> 199
B53: 17.45 -18.00 | C53: 100 | D53: 17 | E53: 1 | F53: 7 | G53: 1 | H53: 0 | I53: 5 | J53: 0 | K53: 0 | L53: 1 | M53: 48 | N53: 0 | O53: =SUM(C53:L53,N53) -> 132 | P53: =SUM(C53:N53) -> 180
B54: 18.00 - 18.15 | C54: 131 | D54: 26 | E54: 3 | F54: 7 | G54: 2 | H54: 0 | I54: 2 | J54: 2 | K54: 0 | L54: 0 | M54: 50 | N54: 0 | O54: =SUM(C54:L54,N54) -> 173 | P54: =SUM(C54:N54) -> 223
... B105: 06.45 - 07.00 | C105: 3 | D105: 6 | E105: 1 | F105: 1 | G105: 0 | H105: 0 | I105: 0 | J105: 0 | K105: 0 | L105: 0 | M105: 1 | N105: 0 | O105: =SUM(C105:L105,N105) -> 11 | P105: =SUM(C105:N105) -> 12
B106: Totals | C106: =SUM(C10:C105) -> 7820 | D106: =SUM(D10:D105) -> 1643 | E106: =SUM(E10:E105) -> 277 | F106: =SUM(F10:F105) -> 427 | G106: =SUM(G10:G105) -> 31 | H106: =SUM(H10:H105) -> 8 | I106: =SUM(I10:I105) -> 213 | J106: =SUM(J10:J105) -> 83 | ... P106: =SUM(P10:P105) -> 14814
B107: %ges + MCs | C107: =C106/$P$106 -> 0.52787903 | D107: =D106/$P$106 -> 0.1109086 | E107: =E106/$P$106 -> 0.018698528 | F107: =F106/$P$106 -> 0.028824085 | G107: =G106/$P$106 -> 0.0020926151 | H107: =H106/$P$106 -> 0.0005400297 | I107: =I106/$P$106 -> 0.014378291 | J107: =J106/$P$106 -> 0.0056028082 | ... N107: =N106/$P$106 -> 0
B108: %ges w/o MCs | C108: =C106/$O$106 -> 0.74214672 | D108: =D106/$O$106 -> 0.15592673 | E108: =E106/$O$106 -> 0.026288317 | F108: =F106/$O$106 -> 0.040523868 | G108: =G106/$O$106 -> 0.0029420139 | H108: =H106/$O$106 -> 0.00075922938 | I108: =I106/$O$106 -> 0.020214482 | J108: =J106/$O$106 -> 0.0078770048 | ... L108: =L106/$O$106 -> 0.00018980735 | N108: =N106/$O$106 -> 0

Sheet 03.08 Naalya-Ntinda-24h
B1: Consultancy services for Preparation of Expressway Development Master Plan (EDMP) for Uganda
B2: MANUAL CLASSIFIED COUNT (MCC)
B3: ROAD NAME: | C3: ='29.07 Ntinda-Naalya'!C3:G3 -> MCC - C1 - STN38 - NAALYA EAST ROAD
C5: Date | D5: ='03.08 Ntinda-Naalya 24h'!D5 -> 03.08.19 | F5: Location | G5: ='03.08 Ntinda-Naalya 24h'!G5:H5 -> NAALYA ROUND ABOUT | J5: Surveyor | K5: ='03.08 Ntinda-Naalya 24h'!K5:L5 -> HARRIET N/NASSIWA A/MUTE C/PHOEBY/KAZIBWE J/NAKAYE J.
C6: Dir. From | D6: ='29.07 Naalya-Ntinda'!D6:E6 -> NAALYA | F6: Dir. To | G6: ='29.07 Naalya-Ntinda'!G6:H6 -> NTINDA | J6: Supervisor | K6: ='03.08 Ntinda-Naalya 24h'!K6:L6 -> STEVEN
B8: Time / Veh Type | R8: SUMMARY TRAFFIC VOLUMES
C9: 1. Car | D9: 2. Station Wagon | E9: 3. Pickups | F9: 4. Minibus, matatu | G9: 5. Medium bus | H9: 6. Large Bus | I9: 7. Light Truck | J9: 8. Medium Truck | K9: 9. Heavy truck | L9: 10. Truck Trailer | M9: 11. Motor cycles | N9: 12. Tractors | O9: Total Excl M/Cycles | P9: Total All | R9: Time | S9: 1. Car | T9: 2. Station Wagon | U9: 3. Pickups | V9: 4. Minibus, matatu | W9: 5. Medium bus | X9: 6. Large Bus | Y9: 7. Light Truck | Z9: 8. Medium Truck | AA9: 9. Heavy truck | AB9: 10. Truck Trailer | AC9: 11. Motorcycles | AD9: 12. Tractors, Graders | AE9: Total Excl M/ Cycles | AF9: Total All
B10: 07.00 - 07.15 | C10: 26 | D10: 19 | E10: 5 | F10: 3 | G10: 2 | H10: 1 | I10: 2 | J10: 1 | K10: 0 | L10: 0 | M10: 29 | N10: 0 | O10: =SUM(C10:L10,N10) -> 59 | P10: =SUM(C10:N10) -> 88 | R10: 0700-0800 | S10: =SUM(C10:C13) -> 141 | T10: =SUM(D10:D13) -> 119 | U10: =SUM(E10:E13) -> 25 | V10: =SUM(F10:F13) -> 22 | W10: =SUM(G10:G13) -> 5 | X10: =SUM(H10:H13) -> 1 | Y10: =SUM(I10:I13) -> 7 | Z10: =SUM(J10:J13) -> 6 | ... AF10: =SUM(P10:P13) -> 493
B11: 07.15 - 07.30 | C11: 26 | D11: 29 | E11: 5 | F11: 4 | G11: 1 | H11: 0 | I11: 2 | J11: 1 | K11: 0 | L11: 0 | M11: 38 | N11: 0 | O11: =SUM(C11:L11,N11) -> 68 | P11: =SUM(C11:N11) -> 106 | R11: 0800-0900 | S11: =SUM(C14:C17) -> 310 | T11: =SUM(D14:D17) -> 201 | U11: =SUM(E14:E17) -> 33 | V11: =SUM(F14:F17) -> 43 | W11: =SUM(G14:G17) -> 2 | X11: =SUM(H14:H17) -> 0 | Y11: =SUM(I14:I17) -> 4 | Z11: =SUM(J14:J17) -> 7 | ... AF11: =SUM(P14:P17) -> 978
B12: 07.30 - 07.45 | C12: 41 | D12: 27 | E12: 4 | F12: 7 | G12: 0 | H12: 0 | I12: 1 | J12: 1 | K12: 0 | L12: 0 | M12: 28 | N12: 0 | O12: =SUM(C12:L12,N12) -> 81 | P12: =SUM(C12:N12) -> 109 | R12: 0900-1000 | S12: =SUM(C18:C21) -> 363 | T12: =SUM(D18:D21) -> 198 | U12: =SUM(E18:E21) -> 32 | V12: =SUM(F18:F21) -> 49 | W12: =SUM(G18:G21) -> 6 | X12: =SUM(H18:H21) -> 0 | Y12: =SUM(I18:I21) -> 9 | Z12: =SUM(J18:J21) -> 16 | ... AF12: =SUM(P18:P21) -> 1070
B13: 07.45 - 08.00 | C13: 48 | D13: 44 | E13: 11 | F13: 8 | G13: 2 | H13: 0 | I13: 2 | J13: 3 | K13: 1 | L13: 0 | M13: 71 | N13: 0 | O13: =SUM(C13:L13,N13) -> 119 | P13: =SUM(C13:N13) -> 190 | R13: 1000-1100 | S13: =SUM(C22:C25) -> 429 | T13: =SUM(D22:D25) -> 264 | U13: =SUM(E22:E25) -> 45 | V13: =SUM(F22:F25) -> 38 | W13: =SUM(G22:G25) -> 11 | X13: =SUM(H22:H25) -> 0 | Y13: =SUM(I22:I25) -> 7 | Z13: =SUM(J22:J25) -> 7 | ... AF13: =SUM(P22:P25) -> 1143
B14: 08.00 - 08.15 | C14: 63 | D14: 42 | E14: 5 | F14: 10 | G14: 0 | H14: 0 | I14: 1 | J14: 2 | K14: 0 | L14: 4 | M14: 67 | N14: 0 | O14: =SUM(C14:L14,N14) -> 127 | P14: =SUM(C14:N14) -> 194 | R14: 1100-1200 | S14: =SUM(C26:C29) -> 357 | T14: =SUM(D26:D29) -> 65 | U14: =SUM(E26:E29) -> 46 | V14: =SUM(F26:F29) -> 37 | W14: =SUM(G26:G29) -> 6 | X14: =SUM(H26:H29) -> 0 | Y14: =SUM(I26:I29) -> 8 | Z14: =SUM(J26:J29) -> 9 | ... AF14: =SUM(P26:P29) -> 848
B15: 08.15 - 08.30 | C15: 75 | D15: 50 | E15: 7 | F15: 7 | G15: 1 | H15: 0 | I15: 1 | J15: 1 | K15: 0 | L15: 0 | M15: 99 | N15: 0 | O15: =SUM(C15:L15,N15) -> 142 | P15: =SUM(C15:N15) -> 241 | R15: 1200-1300 | S15: =SUM(C30:C33) -> 321 | T15: =SUM(D30:D33) -> 223 | U15: =SUM(E30:E33) -> 38 | V15: =SUM(F30:F33) -> 38 | W15: =SUM(G30:G33) -> 2 | X15: =SUM(H30:H33) -> 0 | Y15: =SUM(I30:I33) -> 19 | Z15: =SUM(J30:J33) -> 15 | ... AF15: =SUM(P30:P33) -> 916
B16: 08.30 - 08.45 | C16: 77 | D16: 47 | E16: 11 | F16: 10 | G16: 0 | H16: 0 | I16: 2 | J16: 1 | K16: 0 | L16: 0 | M16: 102 | N16: 0 | O16: =SUM(C16:L16,N16) -> 148 | P16: =SUM(C16:N16) -> 250 | R16: 1300-1400 | S16: =SUM(C34:C37) -> 332 | T16: =SUM(D34:D37) -> 262 | U16: =SUM(E34:E37) -> 40 | V16: =SUM(F34:F37) -> 28 | W16: =SUM(G34:G37) -> 1 | X16: =SUM(H34:H37) -> 0 | Y16: =SUM(I34:I37) -> 27 | Z16: =SUM(J34:J37) -> 8 | ... AF16: =SUM(P34:P37) -> 922
B17: 08.45 - 9.00 | C17: 95 | D17: 62 | E17: 10 | F17: 16 | G17: 1 | H17: 0 | I17: 0 | J17: 3 | K17: 0 | L17: 0 | M17: 106 | N17: 0 | O17: =SUM(C17:L17,N17) -> 187 | P17: =SUM(C17:N17) -> 293 | R17: 1400-1500 | S17: =SUM(C38:C41) -> 385 | T17: =SUM(D38:D41) -> 254 | U17: =SUM(E38:E41) -> 43 | V17: =SUM(F38:F41) -> 29 | W17: =SUM(G38:G41) -> 1 | X17: =SUM(H38:H41) -> 0 | Y17: =SUM(I38:I41) -> 24 | Z17: =SUM(J38:J41) -> 12 | ... AF17: =SUM(P38:P41) -> 1035
B18: 09.00 - 09.15 | C18: 90 | D18: 59 | E18: 9 | F18: 16 | G18: 2 | H18: 0 | I18: 3 | J18: 3 | K18: 0 | L18: 0 | M18: 75 | N18: 0 | O18: =SUM(C18:L18,N18) -> 182 | P18: =SUM(C18:N18) -> 257 | R18: 1500-1600 | S18: =SUM(C42:C45) -> 425 | T18: =SUM(D42:D45) -> 332 | U18: =SUM(E42:E45) -> 39 | V18: =SUM(F42:F45) -> 40 | W18: =SUM(G42:G45) -> 5 | X18: =SUM(H42:H45) -> 0 | Y18: =SUM(I42:I45) -> 27 | Z18: =SUM(J42:J45) -> 13 | ... AF18: =SUM(P42:P45) -> 1291
B19: 09.15 - 09.30 | C19: 85 | D19: 37 | E19: 9 | F19: 13 | G19: 1 | H19: 0 | I19: 2 | J19: 4 | K19: 0 | L19: 0 | M19: 81 | N19: 0 | O19: =SUM(C19:L19,N19) -> 151 | P19: =SUM(C19:N19) -> 232 | R19: 1600-1700 | S19: =SUM(C46:C49) -> 291 | T19: =SUM(D46:D49) -> 239 | U19: =SUM(E46:E49) -> 38 | V19: =SUM(F46:F49) -> 41 | W19: =SUM(G46:G49) -> 4 | X19: =SUM(H46:H49) -> 0 | Y19: =SUM(I46:I49) -> 7 | Z19: =SUM(J46:J49) -> 5 | ... AF19: =SUM(P46:P49) -> 930
B20: 09.30 - 09.45 | C20: 87 | D20: 34 | E20: 8 | F20: 7 | G20: 1 | H20: 0 | I20: 2 | J20: 3 | K20: 0 | L20: 0 | M20: 134 | N20: 0 | O20: =SUM(C20:L20,N20) -> 142 | P20: =SUM(C20:N20) -> 276 | R20: 1700-1800 | S20: =SUM(C50:C53) -> 321 | T20: =SUM(D50:D53) -> 220 | U20: =SUM(E50:E53) -> 46 | V20: =SUM(F50:F53) -> 36 | W20: =SUM(G50:G53) -> 5 | X20: =SUM(H50:H53) -> 0 | Y20: =SUM(I50:I53) -> 8 | Z20: =SUM(J50:J53) -> 5 | ... AF20: =SUM(P50:P53) -> 929
B21: 09.45 - 10.00 | C21: 101 | D21: 68 | E21: 6 | F21: 13 | G21: 2 | H21: 0 | I21: 2 | J21: 6 | K21: 1 | L21: 0 | M21: 106 | N21: 0 | O21: =SUM(C21:L21,N21) -> 199 | P21: =SUM(C21:N21) -> 305 | R21: 1800-1900 | S21: =SUM(C54:C57) -> 275 | T21: =SUM(D54:D57) -> 270 | U21: =SUM(E54:E57) -> 30 | V21: =SUM(F54:F57) -> 32 | W21: =SUM(G54:G57) -> 3 | X21: =SUM(H54:H57) -> 2 | Y21: =SUM(I54:I57) -> 22 | Z21: =SUM(J54:J57) -> 5 | ... AF21: =SUM(P54:P57) -> 1003
B22: 10.00 - 10.15 | C22: 90 | D22: 65 | E22: 11 | F22: 9 | G22: 2 | H22: 0 | I22: 0 | J22: 3 | K22: 1 | L22: 0 | M22: 91 | N22: 0 | O22: =SUM(C22:L22,N22) -> 181 | P22: =SUM(C22:N22) -> 272 | R22: 1900-2000 | S22: =SUM(C58:C61) -> 195 | T22: =SUM(D58:D61) -> 110 | U22: =SUM(E58:E61) -> 39 | V22: =SUM(F58:F61) -> 19 | W22: =SUM(G58:G61) -> 2 | X22: =SUM(H58:H61) -> 0 | Y22: =SUM(I58:I61) -> 1 | Z22: =SUM(J58:J61) -> 5 | ... AF22: =SUM(P58:P61) -> 447
B23: 10.15 - 10.30 | C23: 110 | D23: 77 | E23: 17 | F23: 8 | G23: 2 | H23: 0 | I23: 0 | J23: 1 | K23: 0 | L23: 0 | M23: 80 | N23: 0 | O23: =SUM(C23:L23,N23) -> 215 | P23: =SUM(C23:N23) -> 295 | R23: 2000-2100 | S23: =SUM(C62:C65) -> 265 | T23: =SUM(D62:D65) -> 141 | U23: =SUM(E62:E65) -> 26 | V23: =SUM(F62:F65) -> 27 | W23: =SUM(G62:G65) -> 8 | X23: =SUM(H62:H65) -> 0 | Y23: =SUM(I62:I65) -> 7 | Z23: =SUM(J62:J65) -> 7 | ... AF23: =SUM(P62:P65) -> 842
B24: 10.30 - 10.45 | C24: 120 | D24: 61 | E24: 11 | F24: 10 | G24: 5 | H24: 0 | I24: 3 | J24: 0 | K24: 1 | L24: 0 | M24: 74 | N24: 0 | O24: =SUM(C24:L24,N24) -> 211 | P24: =SUM(C24:N24) -> 285 | R24: 2100-2200 | S24: =SUM(C66:C69) -> 250 | T24: =SUM(D66:D69) -> 105 | U24: =SUM(E66:E69) -> 35 | V24: =SUM(F66:F69) -> 35 | W24: =SUM(G66:G69) -> 1 | X24: =SUM(H66:H69) -> 0 | Y24: =SUM(I66:I69) -> 2 | Z24: =SUM(J66:J69) -> 4 | ... AF24: =SUM(P66:P69) -> 696
B25: 10.45 - 11.00 | C25: 109 | D25: 61 | E25: 6 | F25: 11 | G25: 2 | H25: 0 | I25: 4 | J25: 3 | K25: 0 | L25: 0 | M25: 95 | N25: 0 | O25: =SUM(C25:L25,N25) -> 196 | P25: =SUM(C25:N25) -> 291 | R25: 2200-2300 | S25: =SUM(C70:C73) -> 156 | T25: =SUM(D70:D73) -> 81 | U25: =SUM(E70:E73) -> 32 | V25: =SUM(F70:F73) -> 20 | W25: =SUM(G70:G73) -> 1 | X25: =SUM(H70:H73) -> 0 | Y25: =SUM(I70:I73) -> 4 | Z25: =SUM(J70:J73) -> 2 | ... AF25: =SUM(P70:P73) -> 447
B26: 11.00 - 11.15 | C26: 92 | D26: 0 | E26: 14 | F26: 12 | G26: 2 | H26: 0 | I26: 4 | J26: 4 | K26: 0 | L26: 0 | M26: 78 | N26: 0 | O26: =SUM(C26:L26,N26) -> 128 | P26: =SUM(C26:N26) -> 206 | R26: 2300-0000 | S26: =SUM(C74:C77) -> 182 | T26: =SUM(D74:D77) -> 67 | U26: =SUM(E74:E77) -> 17 | V26: =SUM(F74:F77) -> 17 | W26: =SUM(G74:G77) -> 2 | X26: =SUM(H74:H77) -> 0 | Y26: =SUM(I74:I77) -> 1 | Z26: =SUM(J74:J77) -> 2 | ... AF26: =SUM(P74:P77) -> 441
B27: 11.15 - 11.30 | C27: 90 | D27: 0 | E27: 10 | F27: 4 | G27: 3 | H27: 0 | I27: 2 | J27: 1 | K27: 2 | L27: 0 | M27: 90 | N27: 0 | O27: =SUM(C27:L27,N27) -> 112 | P27: =SUM(C27:N27) -> 202 | R27: 0000-0100 | S27: =SUM(C78:C81) -> 133 | T27: =SUM(D78:D81) -> 42 | U27: =SUM(E78:E81) -> 8 | V27: =SUM(F78:F81) -> 7 | W27: =SUM(G78:G81) -> 0 | X27: =SUM(H78:H81) -> 0 | Y27: =SUM(I78:I81) -> 2 | Z27: =SUM(J78:J81) -> 1 | ... AF27: =SUM(P78:P81) -> 268
B28: 11.30 - 11.45 | C28: 102 | D28: 0 | E28: 9 | F28: 10 | G28: 0 | H28: 0 | I28: 0 | J28: 0 | K28: 0 | L28: 0 | M28: 83 | N28: 0 | O28: =SUM(C28:L28,N28) -> 121 | P28: =SUM(C28:N28) -> 204 | R28: 0100-0200 | S28: =SUM(C82:C85) -> 50 | T28: =SUM(D82:D85) -> 11 | U28: =SUM(E82:E85) -> 1 | V28: =SUM(F82:F85) -> 1 | W28: =SUM(G82:G85) -> 0 | X28: =SUM(H82:H85) -> 0 | Y28: =SUM(I82:I85) -> 1 | Z28: =SUM(J82:J85) -> 1 | ... AF28: =SUM(P82:P85) -> 96
B29: 11.45 - 12.00 | C29: 73 | D29: 65 | E29: 13 | F29: 11 | G29: 1 | H29: 0 | I29: 2 | J29: 4 | K29: 0 | L29: 0 | M29: 67 | N29: 0 | O29: =SUM(C29:L29,N29) -> 169 | P29: =SUM(C29:N29) -> 236 | R29: 0200-0300 | S29: =SUM(C86:C89) -> 66 | T29: =SUM(D86:D89) -> 12 | U29: =SUM(E86:E89) -> 3 | V29: =SUM(F86:F89) -> 0 | W29: =SUM(G86:G89) -> 0 | X29: =SUM(H86:H89) -> 0 | Y29: =SUM(I86:I89) -> 0 | Z29: =SUM(J86:J89) -> 0 | ... AF29: =SUM(P86:P89) -> 129
B30: 12.00 - 12.15 | C30: 81 | D30: 54 | E30: 13 | F30: 11 | G30: 2 | H30: 0 | I30: 4 | J30: 7 | K30: 1 | L30: 2 | M30: 76 | N30: 0 | O30: =SUM(C30:L30,N30) -> 175 | P30: =SUM(C30:N30) -> 251 | R30: 0300-0400 | S30: =SUM(C90:C93) -> 21 | T30: =SUM(D90:D93) -> 6 | U30: =SUM(E90:E93) -> 3 | V30: =SUM(F90:F93) -> 1 | W30: =SUM(G90:G93) -> 0 | X30: =SUM(H90:H93) -> 0 | Y30: =SUM(I90:I93) -> 0 | Z30: =SUM(J90:J93) -> 0 | ... AF30: =SUM(P90:P93) -> 36
B31: 12.15 - 12.30 | C31: 65 | D31: 56 | E31: 5 | F31: 6 | G31: 0 | H31: 0 | I31: 7 | J31: 2 | K31: 0 | L31: 1 | M31: 60 | N31: 0 | O31: =SUM(C31:L31,N31) -> 142 | P31: =SUM(C31:N31) -> 202 | R31: 0400-0500 | S31: =SUM(C94:C97) -> 43 | T31: =SUM(D94:D97) -> 8 | U31: =SUM(E94:E97) -> 2 | V31: =SUM(F94:F97) -> 1 | W31: =SUM(G94:G97) -> 0 | X31: =SUM(H94:H97) -> 0 | Y31: =SUM(I94:I97) -> 0 | Z31: =SUM(J94:J97) -> 0 | ... AF31: =SUM(P94:P97) -> 57
B32: 12.30 - 12.45 | C32: 75 | D32: 50 | E32: 11 | F32: 8 | G32: 0 | H32: 0 | I32: 2 | J32: 4 | K32: 1 | L32: 1 | M32: 52 | N32: 0 | O32: =SUM(C32:L32,N32) -> 152 | P32: =SUM(C32:N32) -> 204 | R32: 0500-0600 | S32: =SUM(C98:C101) -> 34 | T32: =SUM(D98:D101) -> 20 | U32: =SUM(E98:E101) -> 2 | V32: =SUM(F98:F101) -> 4 | W32: =SUM(G98:G101) -> 2 | X32: =SUM(H98:H101) -> 0 | Y32: =SUM(I98:I101) -> 3 | Z32: =SUM(J98:J101) -> 1 | ... AF32: =SUM(P98:P101) -> 77
B33: 12.45 - 13.00 | C33: 100 | D33: 63 | E33: 9 | F33: 13 | G33: 0 | H33: 0 | I33: 6 | J33: 2 | K33: 1 | L33: 0 | M33: 65 | N33: 0 | O33: =SUM(C33:L33,N33) -> 194 | P33: =SUM(C33:N33) -> 259 | R33: 0600-0700 | S33: =SUM(C102:C105) -> 26 | T33: =SUM(D102:D105) -> 7 | U33: =SUM(E102:E105) -> 4 | V33: =SUM(F102:F105) -> 3 | W33: =SUM(G102:G105) -> 0 | X33: =SUM(H102:H105) -> 3 | Y33: =SUM(I102:I105) -> 0 | Z33: =SUM(J102:J105) -> 2 | ... AF33: =SUM(P102:P105) -> 73
B34: 13.00 - 13.15 | C34: 66 | D34: 41 | E34: 8 | F34: 2 | G34: 0 | H34: 0 | I34: 2 | J34: 1 | K34: 0 | L34: 0 | M34: 46 | N34: 0 | O34: =SUM(C34:L34,N34) -> 120 | P34: =SUM(C34:N34) -> 166 | R34: AM Peak Hr | S34: =MAX(S10:S12) -> 363 | T34: =MAX(T10:T12) -> 201 | U34: =MAX(U10:U12) -> 33 | V34: =MAX(V10:V12) -> 49 | W34: =MAX(W10:W12) -> 6 | X34: =MAX(X10:X12) -> 1 | Y34: =MAX(Y10:Y12) -> 9 | Z34: =MAX(Z10:Z12) -> 16 | ... AF34: =MAX(AF10:AF12) -> 1070
B35: 13.15 - 13.30 | C35: 87 | D35: 75 | E35: 9 | F35: 7 | G35: 0 | H35: 0 | I35: 14 | J35: 3 | K35: 1 | L35: 0 | M35: 60 | N35: 0 | O35: =SUM(C35:L35,N35) -> 196 | P35: =SUM(C35:N35) -> 256 | R35: IP Peak Hr | S35: =MAX(S13:S18) -> 429 | T35: =MAX(T13:T18) -> 332 | U35: =MAX(U13:U18) -> 46 | V35: =MAX(V13:V18) -> 40 | W35: =MAX(W13:W18) -> 11 | X35: =MAX(X13:X18) -> 0 | Y35: =MAX(Y13:Y18) -> 27 | Z35: =MAX(Z13:Z18) -> 15 | ... AF35: =MAX(AF13:AF18) -> 1291
B36: 13.30 - 13.45 | C36: 105 | D36: 75 | E36: 8 | F36: 7 | G36: 0 | H36: 0 | I36: 7 | J36: 1 | K36: 1 | L36: 0 | M36: 52 | N36: 0 | O36: =SUM(C36:L36,N36) -> 204 | P36: =SUM(C36:N36) -> 256 | R36: PM Peak Hr | S36: =MAX(S19:S21) -> 321 | T36: =MAX(T19:T21) -> 270 | U36: =MAX(U19:U21) -> 46 | V36: =MAX(V19:V21) -> 41 | W36: =MAX(W19:W21) -> 5 | X36: =MAX(X19:X21) -> 2 | Y36: =MAX(Y19:Y21) -> 22 | Z36: =MAX(Z19:Z21) -> 5 | ... AF36: =MAX(AF19:AF21) -> 1003
B37: 13.45 - 14.00 | C37: 74 | D37: 71 | E37: 15 | F37: 12 | G37: 1 | H37: 0 | I37: 4 | J37: 3 | K37: 0 | L37: 0 | M37: 64 | N37: 0 | O37: =SUM(C37:L37,N37) -> 180 | P37: =SUM(C37:N37) -> 244 | R37: AM Period | S37: =SUM(S10:S12) -> 814 | T37: =SUM(T10:T12) -> 518 | U37: =SUM(U10:U12) -> 90 | V37: =SUM(V10:V12) -> 114 | W37: =SUM(W10:W12) -> 13 | X37: =SUM(X10:X12) -> 1 | Y37: =SUM(Y10:Y12) -> 20 | Z37: =SUM(Z10:Z12) -> 29 | ... AF37: =SUM(AF10:AF12) -> 2541
B38: 14.00 - 14.15 | C38: 79 | D38: 57 | E38: 8 | F38: 14 | G38: 1 | H38: 0 | I38: 5 | J38: 0 | K38: 0 | L38: 0 | M38: 48 | N38: 0 | O38: =SUM(C38:L38,N38) -> 164 | P38: =SUM(C38:N38) -> 212 | R38: IP Period | S38: =SUM(S13:S18) -> 2249 | T38: =SUM(T13:T18) -> 1400 | U38: =SUM(U13:U18) -> 251 | V38: =SUM(V13:V18) -> 210 | W38: =SUM(W13:W18) -> 26 | X38: =SUM(X13:X18) -> 0 | Y38: =SUM(Y13:Y18) -> 112 | Z38: =SUM(Z13:Z18) -> 64 | ... AF38: =SUM(AF13:AF18) -> 6155
B39: 14.15 - 14.30 | C39: 125 | D39: 85 | E39: 9 | F39: 6 | G39: 0 | H39: 0 | I39: 4 | J39: 3 | K39: 0 | L39: 0 | M39: 83 | N39: 0 | O39: =SUM(C39:L39,N39) -> 232 | P39: =SUM(C39:N39) -> 315 | R39: PM Period | S39: =SUM(S19:S21) -> 887 | T39: =SUM(T19:T21) -> 729 | U39: =SUM(U19:U21) -> 114 | V39: =SUM(V19:V21) -> 109 | W39: =SUM(W19:W21) -> 12 | X39: =SUM(X19:X21) -> 2 | Y39: =SUM(Y19:Y21) -> 37 | Z39: =SUM(Z19:Z21) -> 15 | ... AF39: =SUM(AF19:AF21) -> 2862
B40: 14.30 - 14.45 | C40: 115 | D40: 75 | E40: 19 | F40: 7 | G40: 0 | H40: 0 | I40: 9 | J40: 6 | K40: 0 | L40: 0 | M40: 85 | N40: 0 | O40: =SUM(C40:L40,N40) -> 231 | P40: =SUM(C40:N40) -> 316 | R40: 12 Hours | S40: =SUM(S10:S21) -> 3950 | T40: =SUM(T10:T21) -> 2647 | U40: =SUM(U10:U21) -> 455 | V40: =SUM(V10:V21) -> 433 | W40: =SUM(W10:W21) -> 51 | X40: =SUM(X10:X21) -> 3 | Y40: =SUM(Y10:Y21) -> 169 | Z40: =SUM(Z10:Z21) -> 108 | ... AF40: =SUM(AF10:AF21) -> 11558
B41: 14.45 - 15.00 | C41: 66 | D41: 37 | E41: 7 | F41: 2 | G41: 0 | H41: 0 | I41: 6 | J41: 3 | K41: 0 | L41: 1 | M41: 70 | N41: 0 | O41: =SUM(C41:L41,N41) -> 122 | P41: =SUM(C41:N41) -> 192 | R41: 24 Hrs/ADT | S41: =SUM(S10:S33) -> 5371 | T41: =SUM(T10:T33) -> 3257 | U41: =SUM(U10:U33) -> 627 | V41: =SUM(V10:V33) -> 568 | W41: =SUM(W10:W33) -> 67 | X41: =SUM(X10:X33) -> 6 | Y41: =SUM(Y10:Y33) -> 190 | Z41: =SUM(Z10:Z33) -> 133 | ... AF41: =SUM(AF10:AF33) -> 15167
B42: 15.00 - 15.15 | C42: 111 | D42: 75 | E42: 12 | F42: 8 | G42: 3 | H42: 0 | I42: 10 | J42: 3 | K42: 2 | L42: 0 | M42: 117 | N42: 0 | O42: =SUM(C42:L42,N42) -> 224 | P42: =SUM(C42:N42) -> 341 | R42: NEF | S42: =S41/S40 -> 1.3597468 | T42: =T41/T40 -> 1.2304496 | U42: =U41/U40 -> 1.378022 | V42: =V41/V40 -> 1.3117783 | W42: =W41/W40 -> 1.3137255 | X42: =X41/X40 -> 2 | Y42: =Y41/Y40 -> 1.1242604 | Z42: =Z41/Z40 -> 1.2314815 | ... AF42: =AF41/AF40 -> 1.3122513
B43: 15.15 - 15.30 | C43: 90 | D43: 72 | E43: 8 | F43: 5 | G43: 0 | H43: 0 | I43: 6 | J43: 6 | K43: 0 | L43: 0 | M43: 91 | N43: 0 | O43: =SUM(C43:L43,N43) -> 187 | P43: =SUM(C43:N43) -> 278
B44: 15.30 - 15.45 | C44: 154 | D44: 125 | E44: 8 | F44: 13 | G44: 0 | H44: 0 | I44: 7 | J44: 3 | K44: 3 | L44: 0 | M44: 100 | N44: 0 | O44: =SUM(C44:L44,N44) -> 313 | P44: =SUM(C44:N44) -> 413
B45: 15.45 - 16.00 | C45: 70 | D45: 60 | E45: 11 | F45: 14 | G45: 2 | H45: 0 | I45: 4 | J45: 1 | K45: 0 | L45: 0 | M45: 97 | N45: 0 | O45: =SUM(C45:L45,N45) -> 162 | P45: =SUM(C45:N45) -> 259
B46: 16.00 - 16.15 | C46: 58 | D46: 56 | E46: 13 | F46: 12 | G46: 2 | H46: 0 | I46: 2 | J46: 0 | K46: 0 | L46: 0 | M46: 77 | N46: 0 | O46: =SUM(C46:L46,N46) -> 143 | P46: =SUM(C46:N46) -> 220
B47: 16.15 -16.30 | C47: 66 | D47: 85 | E47: 13 | F47: 9 | G47: 1 | H47: 0 | I47: 1 | J47: 3 | K47: 0 | L47: 0 | M47: 72 | N47: 0 | O47: =SUM(C47:L47,N47) -> 178 | P47: =SUM(C47:N47) -> 250
B48: 16.30 -16.45 | C48: 70 | D48: 45 | E48: 6 | F48: 13 | G48: 0 | H48: 0 | I48: 1 | J48: 2 | K48: 1 | L48: 0 | M48: 85 | N48: 0 | O48: =SUM(C48:L48,N48) -> 138 | P48: =SUM(C48:N48) -> 223
B49: 16.45 -17.00 | C49: 97 | D49: 53 | E49: 6 | F49: 7 | G49: 1 | H49: 0 | I49: 3 | J49: 0 | K49: 0 | L49: 0 | M49: 70 | N49: 0 | O49: =SUM(C49:L49,N49) -> 167 | P49: =SUM(C49:N49) -> 237
B50: 17.00 -17.15 | C50: 59 | D50: 56 | E50: 14 | F50: 11 | G50: 0 | H50: 0 | I50: 3 | J50: 0 | K50: 0 | L50: 0 | M50: 60 | N50: 0 | O50: =SUM(C50:L50,N50) -> 143 | P50: =SUM(C50:N50) -> 203
B51: 17.15 -17.30 | C51: 96 | D51: 62 | E51: 15 | F51: 6 | G51: 4 | H51: 0 | I51: 1 | J51: 2 | K51: 0 | L51: 0 | M51: 63 | N51: 0 | O51: =SUM(C51:L51,N51) -> 186 | P51: =SUM(C51:N51) -> 249
B52: 17.30 -17.45 | C52: 85 | D52: 60 | E52: 10 | F52: 6 | G52: 1 | H52: 0 | I52: 2 | J52: 2 | K52: 1 | L52: 0 | M52: 82 | N52: 0 | O52: =SUM(C52:L52,N52) -> 167 | P52: =SUM(C52:N52) -> 249
B53: 17.45 -18.00 | C53: 81 | D53: 42 | E53: 7 | F53: 13 | G53: 0 | H53: 0 | I53: 2 | J53: 1 | K53: 0 | L53: 1 | M53: 81 | N53: 0 | O53: =SUM(C53:L53,N53) -> 147 | P53: =SUM(C53:N53) -> 228
B54: 18.00 - 18.15 | C54: 40 | D54: 45 | E54: 11 | F54: 7 | G54: 0 | H54: 1 | I54: 3 | J54: 0 | K54: 2 | L54: 0 | M54: 69 | N54: 0 | O54: =SUM(C54:L54,N54) -> 109 | P54: =SUM(C54:N54) -> 178
... B105: 06.45 - 07.00 | C105: 3 | D105: 0 | E105: 1 | F105: 0 | G105: 0 | H105: 0 | I105: 0 | J105: 0 | K105: 0 | L105: 0 | M105: 4 | N105: 0 | O105: =SUM(C105:L105,N105) -> 4 | P105: =SUM(C105:N105) -> 8
B106: Totals | C106: =SUM(C10:C105) -> 5371 | D106: =SUM(D10:D105) -> 3257 | E106: =SUM(E10:E105) -> 627 | F106: =SUM(F10:F105) -> 568 | G106: =SUM(G10:G105) -> 67 | H106: =SUM(H10:H105) -> 6 | I106: =SUM(I10:I105) -> 190 | J106: =SUM(J10:J105) -> 133 | ... P106: =SUM(P10:P105) -> 15167
B107: %ges + MCs | C107: =C106/$P$106 -> 0.35412409 | D107: =D106/$P$106 -> 0.21474253 | E107: =E106/$P$106 -> 0.041339751 | F107: =F106/$P$106 -> 0.037449726 | G107: =G106/$P$106 -> 0.0044174853 | H107: =H106/$P$106 -> 0.0003955957 | I107: =I106/$P$106 -> 0.012527197 | J107: =J106/$P$106 -> 0.008769038 | ... N107: =N106/$P$106 -> 0
B108: %ges w/o MCs | C108: =C106/$O$106 -> 0.52379559 | D108: =D106/$O$106 -> 0.31763214 | E108: =E106/$O$106 -> 0.06114687 | F108: =F106/$O$106 -> 0.055393017 | G108: =G106/$O$106 -> 0.0065340355 | H108: =H106/$O$106 -> 0.00058513751 | I108: =I106/$O$106 -> 0.018529354 | J108: =J106/$O$106 -> 0.012970548 | ... L108: =L106/$O$106 -> 0.0012677979 | N108: =N106/$O$106 -> 0

Sheet 04.08 Ntinda-Naalya
B1: Consultancy services for Preparation of Expressway Development Master Plan (EDMP) for Uganda
B2: MANUAL CLASSIFIED COUNT (MCC)
B3: ROAD NAME: | C3: ='29.07 Ntinda-Naalya'!C3:G3 -> MCC - C1 - STN38 - NAALYA EAST ROAD
C5: Date | D5: 04.08.19 | F5: Location | G5: ='03.08 Naalya-Ntinda-24h'!G5:H5 -> NAALYA ROUND ABOUT | J5: Surveyor | K5: ='03.08 Naalya-Ntinda-24h'!K5:L5 -> HARRIET N/NASSIWA A/MUTE C/PHOEBY/KAZIBWE J/NAKAYE J.
C6: Dir. From | D6: ='29.07 Ntinda-Naalya'!D6:E6 -> NTINDA | F6: Dir. To | G6: ='29.07 Ntinda-Naalya'!G6:H6 -> NAALYA | J6: Supervisor | K6: ='03.08 Naalya-Ntinda-24h'!K6:L6 -> STEVEN
B8: Time / Veh Type | R8: SUMMARY TRAFFIC VOLUMES
C9: 1. Car | D9: 2. Station Wagon | E9: 3. Pickups | F9: 4. Minibus, matatu | G9: 5. Medium bus | H9: 6. Large Bus | I9: 7. Light Truck | J9: 8. Medium Truck | K9: 9. Heavy truck | L9: 10. Truck Trailer | M9: 11. Motor cycles | N9: 12. Tractors | O9: Total Excl M/Cycles | P9: Total All | R9: Time | S9: 1. Car | T9: 2. Station Wagon | U9: 3. Pickups | V9: 4. Minibus, matatu | W9: 5. Medium bus | X9: 6. Large Bus | Y9: 7. Light Truck | Z9: 8. Medium Truck | AA9: 9. Heavy truck | AB9: 10. Truck Trailer | AC9: 11. Motorcycles | AD9: 12. Tractors, Graders | AE9: Total Excl M/ Cycles | AF9: Total All
B10: 07.00 - 07.15 | C10: 36 | D10: 1 | E10: 0 | F10: 4 | G10: 0 | H10: 0 | I10: 1 | J10: 0 | K10: 0 | L10: 0 | M10: 12 | N10: 0 | O10: =SUM(C10:L10,N10) -> 42 | P10: =SUM(C10:N10) -> 54 | R10: 0700-0800 | S10: =SUM(C10:C13) -> 122 | T10: =SUM(D10:D13) -> 14 | U10: =SUM(E10:E13) -> 4 | V10: =SUM(F10:F13) -> 11 | W10: =SUM(G10:G13) -> 0 | X10: =SUM(H10:H13) -> 0 | Y10: =SUM(I10:I13) -> 4 | Z10: =SUM(J10:J13) -> 1 | ... AF10: =SUM(P10:P13) -> 254
B11: 07.15 - 07.30 | C11: 17 | D11: 1 | E11: 1 | F11: 3 | G11: 0 | H11: 0 | I11: 0 | J11: 1 | K11: 0 | L11: 0 | M11: 23 | N11: 0 | O11: =SUM(C11:L11,N11) -> 23 | P11: =SUM(C11:N11) -> 46 | R11: 0800-0900 | S11: =SUM(C14:C17) -> 186 | T11: =SUM(D14:D17) -> 39 | U11: =SUM(E14:E17) -> 8 | V11: =SUM(F14:F17) -> 23 | W11: =SUM(G14:G17) -> 0 | X11: =SUM(H14:H17) -> 0 | Y11: =SUM(I14:I17) -> 4 | Z11: =SUM(J14:J17) -> 5 | ... AF11: =SUM(P14:P17) -> 431
B12: 07.30 - 07.45 | C12: 36 | D12: 5 | E12: 1 | F12: 2 | G12: 0 | H12: 0 | I12: 2 | J12: 0 | K12: 0 | L12: 0 | M12: 36 | N12: 0 | O12: =SUM(C12:L12,N12) -> 46 | P12: =SUM(C12:N12) -> 82 | R12: 0900-1000 | S12: =SUM(C18:C21) -> 253 | T12: =SUM(D18:D21) -> 64 | U12: =SUM(E18:E21) -> 10 | V12: =SUM(F18:F21) -> 26 | W12: =SUM(G18:G21) -> 0 | X12: =SUM(H18:H21) -> 0 | Y12: =SUM(I18:I21) -> 10 | Z12: =SUM(J18:J21) -> 1 | ... AF12: =SUM(P18:P21) -> 558
B13: 07.45 - 08.00 | C13: 33 | D13: 7 | E13: 2 | F13: 2 | G13: 0 | H13: 0 | I13: 1 | J13: 0 | K13: 0 | L13: 0 | M13: 27 | N13: 0 | O13: =SUM(C13:L13,N13) -> 45 | P13: =SUM(C13:N13) -> 72 | R13: 1000-1100 | S13: =SUM(C22:C25) -> 420 | T13: =SUM(D22:D25) -> 93 | U13: =SUM(E22:E25) -> 8 | V13: =SUM(F22:F25) -> 22 | W13: =SUM(G22:G25) -> 0 | X13: =SUM(H22:H25) -> 0 | Y13: =SUM(I22:I25) -> 9 | Z13: =SUM(J22:J25) -> 1 | ... AF13: =SUM(P22:P25) -> 772
B14: 08.00 - 08.15 | C14: 36 | D14: 5 | E14: 4 | F14: 7 | G14: 0 | H14: 0 | I14: 1 | J14: 1 | K14: 0 | L14: 0 | M14: 42 | N14: 0 | O14: =SUM(C14:L14,N14) -> 54 | P14: =SUM(C14:N14) -> 96 | R14: 1100-1200 | S14: =SUM(C26:C29) -> 411 | T14: =SUM(D26:D29) -> 95 | U14: =SUM(E26:E29) -> 10 | V14: =SUM(F26:F29) -> 34 | W14: =SUM(G26:G29) -> 0 | X14: =SUM(H26:H29) -> 0 | Y14: =SUM(I26:I29) -> 7 | Z14: =SUM(J26:J29) -> 4 | ... AF14: =SUM(P26:P29) -> 868
B15: 08.15 - 08.30 | C15: 37 | D15: 15 | E15: 3 | F15: 6 | G15: 0 | H15: 0 | I15: 2 | J15: 2 | K15: 0 | L15: 0 | M15: 50 | N15: 0 | O15: =SUM(C15:L15,N15) -> 65 | P15: =SUM(C15:N15) -> 115 | R15: 1200-1300 | S15: =SUM(C30:C33) -> 357 | T15: =SUM(D30:D33) -> 111 | U15: =SUM(E30:E33) -> 14 | V15: =SUM(F30:F33) -> 20 | W15: =SUM(G30:G33) -> 0 | X15: =SUM(H30:H33) -> 0 | Y15: =SUM(I30:I33) -> 9 | Z15: =SUM(J30:J33) -> 3 | ... AF15: =SUM(P30:P33) -> 738
B16: 08.30 - 08.45 | C16: 70 | D16: 9 | E16: 1 | F16: 8 | G16: 0 | H16: 0 | I16: 1 | J16: 1 | K16: 1 | L16: 0 | M16: 42 | N16: 0 | O16: =SUM(C16:L16,N16) -> 91 | P16: =SUM(C16:N16) -> 133 | R16: 1300-1400 | S16: =SUM(C34:C37) -> 536 | T16: =SUM(D34:D37) -> 78 | U16: =SUM(E34:E37) -> 16 | V16: =SUM(F34:F37) -> 16 | W16: =SUM(G34:G37) -> 0 | X16: =SUM(H34:H37) -> 0 | Y16: =SUM(I34:I37) -> 7 | Z16: =SUM(J34:J37) -> 4 | ... AF16: =SUM(P34:P37) -> 809
B17: 08.45 - 9.00 | C17: 43 | D17: 10 | E17: 0 | F17: 2 | G17: 0 | H17: 0 | I17: 0 | J17: 1 | K17: 0 | L17: 0 | M17: 31 | N17: 0 | O17: =SUM(C17:L17,N17) -> 56 | P17: =SUM(C17:N17) -> 87 | R17: 1400-1500 | S17: =SUM(C38:C41) -> 503 | T17: =SUM(D38:D41) -> 109 | U17: =SUM(E38:E41) -> 11 | V17: =SUM(F38:F41) -> 8 | W17: =SUM(G38:G41) -> 0 | X17: =SUM(H38:H41) -> 0 | Y17: =SUM(I38:I41) -> 15 | Z17: =SUM(J38:J41) -> 3 | ... AF17: =SUM(P38:P41) -> 804
B18: 09.00 - 09.15 | C18: 56 | D18: 20 | E18: 3 | F18: 6 | G18: 0 | H18: 0 | I18: 1 | J18: 1 | K18: 0 | L18: 0 | M18: 70 | N18: 0 | O18: =SUM(C18:L18,N18) -> 87 | P18: =SUM(C18:N18) -> 157 | R18: 1500-1600 | S18: =SUM(C42:C45) -> 435 | T18: =SUM(D42:D45) -> 81 | U18: =SUM(E42:E45) -> 5 | V18: =SUM(F42:F45) -> 19 | W18: =SUM(G42:G45) -> 0 | X18: =SUM(H42:H45) -> 0 | Y18: =SUM(I42:I45) -> 12 | Z18: =SUM(J42:J45) -> 5 | ... AF18: =SUM(P42:P45) -> 700
B19: 09.15 - 09.30 | C19: 70 | D19: 20 | E19: 3 | F19: 6 | G19: 0 | H19: 0 | I19: 3 | J19: 0 | K19: 0 | L19: 0 | M19: 38 | N19: 0 | O19: =SUM(C19:L19,N19) -> 102 | P19: =SUM(C19:N19) -> 140 | R19: 1600-1700 | S19: =SUM(C46:C49) -> 379 | T19: =SUM(D46:D49) -> 89 | U19: =SUM(E46:E49) -> 5 | V19: =SUM(F46:F49) -> 15 | W19: =SUM(G46:G49) -> 0 | X19: =SUM(H46:H49) -> 0 | Y19: =SUM(I46:I49) -> 11 | Z19: =SUM(J46:J49) -> 5 | ... AF19: =SUM(P46:P49) -> 627
B20: 09.30 - 09.45 | C20: 63 | D20: 13 | E20: 2 | F20: 6 | G20: 0 | H20: 0 | I20: 3 | J20: 0 | K20: 0 | L20: 0 | M20: 55 | N20: 0 | O20: =SUM(C20:L20,N20) -> 87 | P20: =SUM(C20:N20) -> 142 | R20: 1700-1800 | S20: =SUM(C50:C53) -> 394 | T20: =SUM(D50:D53) -> 92 | U20: =SUM(E50:E53) -> 8 | V20: =SUM(F50:F53) -> 19 | W20: =SUM(G50:G53) -> 0 | X20: =SUM(H50:H53) -> 0 | Y20: =SUM(I50:I53) -> 7 | Z20: =SUM(J50:J53) -> 0 | ... AF20: =SUM(P50:P53) -> 654
B21: 09.45 - 10.00 | C21: 64 | D21: 11 | E21: 2 | F21: 8 | G21: 0 | H21: 0 | I21: 3 | J21: 0 | K21: 0 | L21: 1 | M21: 30 | N21: 0 | O21: =SUM(C21:L21,N21) -> 89 | P21: =SUM(C21:N21) -> 119 | R21: 1800-1900 | S21: =SUM(C54:C57) -> 504 | T21: =SUM(D54:D57) -> 81 | U21: =SUM(E54:E57) -> 10 | V21: =SUM(F54:F57) -> 24 | W21: =SUM(G54:G57) -> 0 | X21: =SUM(H54:H57) -> 0 | Y21: =SUM(I54:I57) -> 0 | Z21: =SUM(J54:J57) -> 7 | ... AF21: =SUM(P54:P57) -> 768
B22: 10.00 - 10.15 | C22: 105 | D22: 23 | E22: 2 | F22: 11 | G22: 0 | H22: 0 | I22: 0 | J22: 0 | K22: 0 | L22: 0 | M22: 42 | N22: 0 | O22: =SUM(C22:L22,N22) -> 141 | P22: =SUM(C22:N22) -> 183 | R22: AM Peak Hr | S22: =MAX(S10:S12) -> 253 | T22: =MAX(T10:T12) -> 64 | U22: =MAX(U10:U12) -> 10 | V22: =MAX(V10:V12) -> 26 | W22: =MAX(W10:W12) -> 0 | X22: =MAX(X10:X12) -> 0 | Y22: =MAX(Y10:Y12) -> 10 | Z22: =MAX(Z10:Z12) -> 5 | ... AF22: =MAX(AF10:AF12) -> 558
B23: 10.15 - 10.30 | C23: 90 | D23: 30 | E23: 4 | F23: 1 | G23: 0 | H23: 0 | I23: 2 | J23: 1 | K23: 1 | L23: 0 | M23: 65 | N23: 0 | O23: =SUM(C23:L23,N23) -> 129 | P23: =SUM(C23:N23) -> 194 | R23: IP Peak Hr | S23: =MAX(S13:S18) -> 536 | T23: =MAX(T13:T18) -> 111 | U23: =MAX(U13:U18) -> 16 | V23: =MAX(V13:V18) -> 34 | W23: =MAX(W13:W18) -> 0 | X23: =MAX(X13:X18) -> 0 | Y23: =MAX(Y13:Y18) -> 15 | Z23: =MAX(Z13:Z18) -> 5 | ... AF23: =MAX(AF13:AF18) -> 868
B24: 10.30 - 10.45 | C24: 105 | D24: 21 | E24: 1 | F24: 6 | G24: 0 | H24: 0 | I24: 1 | J24: 0 | K24: 0 | L24: 0 | M24: 63 | N24: 0 | O24: =SUM(C24:L24,N24) -> 134 | P24: =SUM(C24:N24) -> 197 | R24: PM Peak Hr | S24: =MAX(S19:S21) -> 504 | T24: =MAX(T19:T21) -> 92 | U24: =MAX(U19:U21) -> 10 | V24: =MAX(V19:V21) -> 24 | W24: =MAX(W19:W21) -> 0 | X24: =MAX(X19:X21) -> 0 | Y24: =MAX(Y19:Y21) -> 11 | Z24: =MAX(Z19:Z21) -> 7 | ... AF24: =MAX(AF19:AF21) -> 768
B25: 10.45 - 11.00 | C25: 120 | D25: 19 | E25: 1 | F25: 4 | G25: 0 | H25: 0 | I25: 6 | J25: 0 | K25: 0 | L25: 0 | M25: 48 | N25: 0 | O25: =SUM(C25:L25,N25) -> 150 | P25: =SUM(C25:N25) -> 198 | R25: AM Period | S25: =SUM(S10:S12) -> 561 | T25: =SUM(T10:T12) -> 117 | U25: =SUM(U10:U12) -> 22 | V25: =SUM(V10:V12) -> 60 | W25: =SUM(W10:W12) -> 0 | X25: =SUM(X10:X12) -> 0 | Y25: =SUM(Y10:Y12) -> 18 | Z25: =SUM(Z10:Z12) -> 7 | ... AF25: =SUM(AF10:AF12) -> 1243
B26: 11.00 - 11.15 | C26: 71 | D26: 17 | E26: 1 | F26: 6 | G26: 0 | H26: 0 | I26: 3 | J26: 1 | K26: 0 | L26: 0 | M26: 83 | N26: 0 | O26: =SUM(C26:L26,N26) -> 99 | P26: =SUM(C26:N26) -> 182 | R26: IP Period | S26: =SUM(S13:S18) -> 2662 | T26: =SUM(T13:T18) -> 567 | U26: =SUM(U13:U18) -> 64 | V26: =SUM(V13:V18) -> 119 | W26: =SUM(W13:W18) -> 0 | X26: =SUM(X13:X18) -> 0 | Y26: =SUM(Y13:Y18) -> 59 | Z26: =SUM(Z13:Z18) -> 20 | ... AF26: =SUM(AF13:AF18) -> 4691
B27: 11.15 - 11.30 | C27: 105 | D27: 24 | E27: 3 | F27: 8 | G27: 0 | H27: 0 | I27: 1 | J27: 3 | K27: 0 | L27: 1 | M27: 81 | N27: 0 | O27: =SUM(C27:L27,N27) -> 145 | P27: =SUM(C27:N27) -> 226 | R27: PM Period | S27: =SUM(S19:S21) -> 1277 | T27: =SUM(T19:T21) -> 262 | U27: =SUM(U19:U21) -> 23 | V27: =SUM(V19:V21) -> 58 | W27: =SUM(W19:W21) -> 0 | X27: =SUM(X19:X21) -> 0 | Y27: =SUM(Y19:Y21) -> 18 | Z27: =SUM(Z19:Z21) -> 12 | ... AF27: =SUM(AF19:AF21) -> 2049
B28: 11.30 - 11.45 | C28: 115 | D28: 24 | E28: 1 | F28: 9 | G28: 0 | H28: 0 | I28: 2 | J28: 0 | K28: 0 | L28: 0 | M28: 65 | N28: 0 | O28: =SUM(C28:L28,N28) -> 151 | P28: =SUM(C28:N28) -> 216 | R28: 12 Hours | S28: =SUM(S10:S21) -> 4500 | T28: =SUM(T10:T21) -> 946 | U28: =SUM(U10:U21) -> 109 | V28: =SUM(V10:V21) -> 237 | W28: =SUM(W10:W21) -> 0 | X28: =SUM(X10:X21) -> 0 | Y28: =SUM(Y10:Y21) -> 95 | Z28: =SUM(Z10:Z21) -> 39 | ... AF28: =SUM(AF10:AF21) -> 7983
B29: 11.45 - 12.00 | C29: 120 | D29: 30 | E29: 5 | F29: 11 | G29: 0 | H29: 0 | I29: 1 | J29: 0 | K29: 1 | L29: 0 | M29: 76 | N29: 0 | O29: =SUM(C29:L29,N29) -> 168 | P29: =SUM(C29:N29) -> 244
B30: 12.00 - 12.15 | C30: 107 | D30: 23 | E30: 3 | F30: 7 | G30: 0 | H30: 0 | I30: 3 | J30: 2 | K30: 0 | L30: 0 | M30: 76 | N30: 0 | O30: =SUM(C30:L30,N30) -> 145 | P30: =SUM(C30:N30) -> 221
B31: 12.15 - 12.30 | C31: 11 | D31: 25 | E31: 4 | F31: 6 | G31: 0 | H31: 0 | I31: 3 | J31: 0 | K31: 0 | L31: 1 | M31: 50 | N31: 0 | O31: =SUM(C31:L31,N31) -> 50 | P31: =SUM(C31:N31) -> 100
B32: 12.30 - 12.45 | C32: 124 | D32: 36 | E32: 2 | F32: 3 | G32: 0 | H32: 0 | I32: 3 | J32: 0 | K32: 0 | L32: 0 | M32: 46 | N32: 0 | O32: =SUM(C32:L32,N32) -> 168 | P32: =SUM(C32:N32) -> 214
B33: 12.45 - 13.00 | C33: 115 | D33: 27 | E33: 5 | F33: 4 | G33: 0 | H33: 0 | I33: 0 | J33: 1 | K33: 0 | L33: 0 | M33: 51 | N33: 0 | O33: =SUM(C33:L33,N33) -> 152 | P33: =SUM(C33:N33) -> 203
B34: 13.00 - 13.15 | C34: 125 | D34: 14 | E34: 5 | F34: 6 | G34: 0 | H34: 0 | I34: 2 | J34: 0 | K34: 0 | L34: 0 | M34: 40 | N34: 0 | O34: =SUM(C34:L34,N34) -> 152 | P34: =SUM(C34:N34) -> 192
B35: 13.15 - 13.30 | C35: 126 | D35: 25 | E35: 4 | F35: 3 | G35: 0 | H35: 0 | I35: 1 | J35: 2 | K35: 0 | L35: 0 | M35: 46 | N35: 0 | O35: =SUM(C35:L35,N35) -> 161 | P35: =SUM(C35:N35) -> 207
B36: 13.30 - 13.45 | C36: 135 | D36: 13 | E36: 5 | F36: 2 | G36: 0 | H36: 0 | I36: 2 | J36: 0 | K36: 1 | L36: 0 | M36: 35 | N36: 0 | O36: =SUM(C36:L36,N36) -> 158 | P36: =SUM(C36:N36) -> 193
B37: 13.45 - 14.00 | C37: 150 | D37: 26 | E37: 2 | F37: 5 | G37: 0 | H37: 0 | I37: 2 | J37: 2 | K37: 0 | L37: 0 | M37: 30 | N37: 0 | O37: =SUM(C37:L37,N37) -> 187 | P37: =SUM(C37:N37) -> 217
B38: 14.00 - 14.15 | C38: 105 | D38: 22 | E38: 4 | F38: 1 | G38: 0 | H38: 0 | I38: 3 | J38: 2 | K38: 1 | L38: 0 | M38: 47 | N38: 0 | O38: =SUM(C38:L38,N38) -> 138 | P38: =SUM(C38:N38) -> 185
B39: 14.15 - 14.30 | C39: 103 | D39: 33 | E39: 3 | F39: 1 | G39: 0 | H39: 0 | I39: 5 | J39: 1 | K39: 1 | L39: 0 | M39: 33 | N39: 0 | O39: =SUM(C39:L39,N39) -> 147 | P39: =SUM(C39:N39) -> 180
B40: 14.30 - 14.45 | C40: 165 | D40: 29 | E40: 1 | F40: 3 | G40: 0 | H40: 0 | I40: 5 | J40: 0 | K40: 0 | L40: 0 | M40: 31 | N40: 0 | O40: =SUM(C40:L40,N40) -> 203 | P40: =SUM(C40:N40) -> 234
... B57: 18.45 - 19.00 | C57: 110 | D57: 21 | E57: 5 | F57: 6 | G57: 0 | H57: 0 | I57: 0 | J57: 0 | K57: 1 | L57: 0 | M57: 31 | N57: 0 | O57: =SUM(C57:L57,N57) -> 143 | P57: =SUM(C57:N57) -> 174
B58: Totals | C58: =SUM(C10:C57) -> 4500 | D58: =SUM(D10:D57) -> 946 | E58: =SUM(E10:E57) -> 109 | F58: =SUM(F10:F57) -> 237 | G58: =SUM(G10:G57) -> 0 | H58: =SUM(H10:H57) -> 0 | I58: =SUM(I10:I57) -> 95 | J58: =SUM(J10:J57) -> 39 | ... P58: =SUM(P10:P57) -> 7983
B59: %ges + MCs | C59: =C58/$P$58 -> 0.56369786 | D59: =D58/$P$58 -> 0.11850182 | E59: =E58/$P$58 -> 0.013654015 | F59: =F58/$P$58 -> 0.029688087 | G59: =G58/$P$58 -> 0 | H59: =H58/$P$58 -> 0 | I59: =I58/$P$58 -> 0.011900288 | J59: =J58/$P$58 -> 0.0048853814 | ... N59: =N58/$P$58 -> 0
B60: %ges w/o MCs | C60: =C58/$O$58 -> 0.7569386 | D60: =D58/$O$58 -> 0.15912532 | E60: =E58/$O$58 -> 0.018334735 | F60: =F58/$O$58 -> 0.039865433 | G60: =G58/$O$58 -> 0 | H60: =H58/$O$58 -> 0 | I60: =I58/$O$58 -> 0.015979815 | J60: =J58/$O$58 -> 0.0065601346 | ... L60: =L58/$O$58 -> 0.0010092515 | N60: =N58/$O$58 -> 0

Sheet 04.08 Naalya-Ntinda
B1: Consultancy services for Preparation of Expressway Development Master Plan (EDMP) for Uganda
B2: MANUAL CLASSIFIED COUNT (MCC)
B3: ROAD NAME: | C3: ='29.07 Naalya-Ntinda'!C3:G3 -> MCC - C1 - STN38 - NAALYA EAST ROAD
