Workbook
Name Veh_Type: ENTEBBE!$H$8:$H$245
Name zones: #REF!
Name Zones_Ndeke: #REF!

Sheet ENTEBBE
C1: Consultancy services for Preparation of Expressway Development Master Plan (EDMP) for Uganda
C2: Stated Preferance Survey
D4: Town | E4: ENTEBBE | I4: Interviewer: | J4: DENIS,DOWMDA,CLAIRE,ANNA | N4: Supervisor: | O4: Dennis. | R4: Coded By: | S4: STEPHEN .N | W4: Chkd By: | X4: Deo B. M
B6: Date | C6: Time (24-h format) | D6: Veh_Reg_No. | E6: Driver or Passenger? D/P | F6: Mode No. | G6: Mode Description | H6: Veh_Type | I6: Veh_Type Desc | J6: Gender (M/F) | K6: Age Bracket No. | L6: Age Bracket Desc. | M6: Origin_Address | P6: Origin_Purpose | Q6: Origin-Purpose Desc | R6: Destination_Address | U6: Destination_Purpose | V6: Destination_Purpose Desc | W6: Journey_Purpose | X6: Cost of Trip (UGX) | Y6: Journey Dist (Km) | Z6: Journey Time (Hrs) | AA6: Profession No. | AB6: Profession Desc. | AC6: Monthly Income No. | AD6: Monthly Income | AE6: Rank of Issues NOT OK with Journey | AJ6: Would You Use Xpressways? Y/N | AK6: Pay How Much? (UGX) | AL6: Origin_Zone | AM6: Dest_Zone
M7: Village or Town | N7: District | O7: Country | R7: Village or Town | S7: District | T7: Country | AE7: Journey Time | AF7: Cost of Journey | AG7: Comfort | AH7: Safety | AI7: Reliability
B8: 43765 | C8: 0.64305556 | E8: D | F8: 2 | G8: =VLOOKUP(F8,Key!$A$17:$B$21,2,FALSE) -> Road Vehicle | H8: 1 | I8: =VLOOKUP(H8,Key!$A$2:$B$13,2,FALSE) -> Car | J8: F | K8: 1 | L8: =VLOOKUP(K8,Key!$A$24:$B$29,2,FALSE) -> 20-29 | M8: AIRPORT | N8: WAKISO | O8: UG | P8: 2 | Q8: =VLOOKUP(P8,Key!$E$2:$F$9,2,FALSE) -> Work | R8: KAJJANSI | S8: WAKISO | T8: UG | U8: 1 | V8: =VLOOKUP(U8,Key!$E$2:$F$9,2,FALSE) -> Home | W8: =Q8&"-"&V8 -> Work-Home | X8: 10000 | Y8: 31 | Z8: 0.5 | AA8: 4 | AB8: =VLOOKUP(AA8,Key!$C$20:$D$29,2,FALSE) -> Office Worker | AC8: 2 | AD8: =VLOOKUP(AC8,Key!$E$20:$F$24,2,FALSE) -> 300,000-500,000 | AE8: 1 | AF8: 1 | AG8: 1 | AH8: 1 | AI8: 1 | AJ8: Y | AK8: 3000
B9: 43765 | C9: 0.58333333 | E9: D | F9: 2 | G9: =VLOOKUP(F9,Key!$A$17:$B$21,2,FALSE) -> Road Vehicle | H9: 1 | I9: =VLOOKUP(H9,Key!$A$2:$B$13,2,FALSE) -> Car | J9: F | K9: 1 | L9: =VLOOKUP(K9,Key!$A$24:$B$29,2,FALSE) -> 20-29 | M9: KATWE | N9: KAMPALA | O9: UG | P9: 2 | Q9: =VLOOKUP(P9,Key!$E$2:$F$9,2,FALSE) -> Work | R9: KITORO | S9: WAKISO | T9: UG | U9: 2 | V9: =VLOOKUP(U9,Key!$E$2:$F$9,2,FALSE) -> Work | W9: =Q9&"-"&V9 -> Work-Work | X9: 25000 | Y9: 38 | Z9: 2 | AA9: 6 | AB9: =VLOOKUP(AA9,Key!$C$20:$D$29,2,FALSE) -> Businessman | AC9: 2 | AD9: =VLOOKUP(AC9,Key!$E$20:$F$24,2,FALSE) -> 300,000-500,000 | AE9: 1 | AF9: 1 | AG9: 1 | AH9: 2 | AI9: 1 | AJ9: Y | AK9: 5000
B10: 43765 | C10: 0.55833333 | E10: D | F10: 2 | G10: =VLOOKUP(F10,Key!$A$17:$B$21,2,FALSE) -> Road Vehicle | H10: 1 | I10: =VLOOKUP(H10,Key!$A$2:$B$13,2,FALSE) -> Car | J10: F | K10: 1 | L10: =VLOOKUP(K10,Key!$A$24:$B$29,2,FALSE) -> 20-29 | M10: MAKINDYE | N10: KAMPALA | O10: UG | P10: 1 | Q10: =VLOOKUP(P10,Key!$E$2:$F$9,2,FALSE) -> Home | R10: ERO BEACH | S10: WAKISO | T10: UG | U10: 6 | V10: =VLOOKUP(U10,Key!$E$2:$F$9,2,FALSE) -> Leisure/Social | W10: =Q10&"-"&V10 -> Home-Leisure/Social | X10: 40000 | Y10: 38 | Z10: 2 | AA10: 4 | AB10: =VLOOKUP(AA10,Key!$C$20:$D$29,2,FALSE) -> Office Worker | AC10: 3 | AD10: =VLOOKUP(AC10,Key!$E$20:$F$24,2,FALSE) -> 500,000-750,000 | AE10: 5 | AF10: 1 | AG10: 1 | AH10: 5 | AI10: 1 | AJ10: Y | AK10: 2000
B11: 43765 | C11: 0.52291667 | E11: D | F11: 2 | G11: =VLOOKUP(F11,Key!$A$17:$B$21,2,FALSE) -> Road Vehicle | H11: 1 | I11: =VLOOKUP(H11,Key!$A$2:$B$13,2,FALSE) -> Car | J11: F | K11: 1 | L11: =VLOOKUP(K11,Key!$A$24:$B$29,2,FALSE) -> 20-29 | M11: NSAMBYA | N11: KAMPALA | O11: UG | P11: 1 | Q11: =VLOOKUP(P11,Key!$E$2:$F$9,2,FALSE) -> Home | R11: KITORO | S11: WAKISO | T11: UG | U11: 1 | V11: =VLOOKUP(U11,Key!$E$2:$F$9,2,FALSE) -> Home | W11: =Q11&"-"&V11 -> Home-Home | X11: 33000 | Y11: 37 | Z11: 1 | AA11: 6 | AB11: =VLOOKUP(AA11,Key!$C$20:$D$29,2,FALSE) -> Businessman | AC11: 4 | AD11: =VLOOKUP(AC11,Key!$E$20:$F$24,2,FALSE) -> 750,000-1,000,000 | AE11: 1 | AF11: 4 | AG11: 1 | AH11: 1 | AI11: 1 | AJ11: Y
B12: 43765 | C12: 0.53125 | E12: D | F12: 2 | G12: =VLOOKUP(F12,Key!$A$17:$B$21,2,FALSE) -> Road Vehicle | H12: 1 | I12: =VLOOKUP(H12,Key!$A$2:$B$13,2,FALSE) -> Car | J12: F | K12: 1 | L12: =VLOOKUP(K12,Key!$A$24:$B$29,2,FALSE) -> 20-29 | M12: KIBULI | N12: KAMPALA | O12: UG | P12: 7 | Q12: =VLOOKUP(P12,Key!$E$2:$F$9,2,FALSE) -> Hospital | R12: ENTEBBE REFERAL HOSPITA | S12: WAKISO | T12: UG | U12: 7 | V12: =VLOOKUP(U12,Key!$E$2:$F$9,2,FALSE) -> Hospital | W12: =Q12&"-"&V12 -> Hospital-Hospital | X12: 100000 | Y12: 38 | Z12: 2.5 | AA12: 5 | AB12: =VLOOKUP(AA12,Key!$C$20:$D$29,2,FALSE) -> Professional | AC12: 3 | AD12: =VLOOKUP(AC12,Key!$E$20:$F$24,2,FALSE) -> 500,000-750,000 | AE12: 1 | AF12: 4 | AG12: 1 | AH12: 1 | AI12: 1 | AJ12: Y | AK12: 4000
B13: 43765 | C13: 0.49861111 | E13: D | F13: 2 | G13: =VLOOKUP(F13,Key!$A$17:$B$21,2,FALSE) -> Road Vehicle | H13: 1 | I13: =VLOOKUP(H13,Key!$A$2:$B$13,2,FALSE) -> Car | J13: F | K13: 1 | L13: =VLOOKUP(K13,Key!$A$24:$B$29,2,FALSE) -> 20-29 | M13: BUGOLOBI | N13: KAMPALA | O13: UG | P13: 1 | Q13: =VLOOKUP(P13,Key!$E$2:$F$9,2,FALSE) -> Home | R13: ENTEBBE STAGE | S13: WAKISO | T13: UG | U13: 6 | V13: =VLOOKUP(U13,Key!$E$2:$F$9,2,FALSE) -> Leisure/Social | W13: =Q13&"-"&V13 -> Home-Leisure/Social | X13: 60000 | Y13: 80 | Z13: 2 | AA13: 5 | AB13: =VLOOKUP(AA13,Key!$C$20:$D$29,2,FALSE) -> Professional | AC13: 2 | AD13: =VLOOKUP(AC13,Key!$E$20:$F$24,2,FALSE) -> 300,000-500,000 | AE13: 1 | AF13: 1 | AG13: 5 | AH13: 1 | AI13: 2 | AJ13: Y | AK13: 2000
B14: 43765 | C14: 0.48611111 | E14: D | F14: 2 | G14: =VLOOKUP(F14,Key!$A$17:$B$21,2,FALSE) -> Road Vehicle | H14: 1 | I14: =VLOOKUP(H14,Key!$A$2:$B$13,2,FALSE) -> Car | J14: F | K14: 1 | L14: =VLOOKUP(K14,Key!$A$24:$B$29,2,FALSE) -> 20-29 | M14: KAMPALA CITY | N14: KAMPALA | O14: UG | P14: 1 | Q14: =VLOOKUP(P14,Key!$E$2:$F$9,2,FALSE) -> Home | R14: ENTEBBE TOWN | S14: WAKISO | T14: UG | U14: 1 | V14: =VLOOKUP(U14,Key!$E$2:$F$9,2,FALSE) -> Home | W14: =Q14&"-"&V14 -> Home-Home | X14: 30000 | Y14: 36 | Z14: 1 | AA14: 6 | AB14: =VLOOKUP(AA14,Key!$C$20:$D$29,2,FALSE) -> Businessman | AC14: 3 | AD14: =VLOOKUP(AC14,Key!$E$20:$F$24,2,FALSE) -> 500,000-750,000 | AE14: 1 | AF14: 1 | AG14: 1 | AH14: 1 | AI14: 1 | AJ14: Y | AK14: 1000
B15: 43765 | C15: 0.48541667 | E15: D | F15: 2 | G15: =VLOOKUP(F15,Key!$A$17:$B$21,2,FALSE) -> Road Vehicle | H15: 1 | I15: =VLOOKUP(H15,Key!$A$2:$B$13,2,FALSE) -> Car | J15: F | K15: 1 | L15: =VLOOKUP(K15,Key!$A$24:$B$29,2,FALSE) -> 20-29 | M15: LUWEERO | N15: LUWEERO | O15: UG | P15: 1 | Q15: =VLOOKUP(P15,Key!$E$2:$F$9,2,FALSE) -> Home | R15: ENTEBBE TOWN | S15: WAKISO | T15: UG | U15: 1 | V15: =VLOOKUP(U15,Key!$E$2:$F$9,2,FALSE) -> Home | W15: =Q15&"-"&V15 -> Home-Home | X15: 100000 | Y15: 180 | Z15: 2 | AA15: 5 | AB15: =VLOOKUP(AA15,Key!$C$20:$D$29,2,FALSE) -> Professional | AC15: 3 | AD15: =VLOOKUP(AC15,Key!$E$20:$F$24,2,FALSE) -> 500,000-750,000 | AE15: 1 | AF15: 1 | AG15: 5 | AH15: 1 | AI15: 2 | AJ15: Y | AK15: 5000
B16: 43765 | C16: 0.45694444 | E16: D | F16: 2 | G16: =VLOOKUP(F16,Key!$A$17:$B$21,2,FALSE) -> Road Vehicle | H16: 1 | I16: =VLOOKUP(H16,Key!$A$2:$B$13,2,FALSE) -> Car | J16: F | K16: 1 | L16: =VLOOKUP(K16,Key!$A$24:$B$29,2,FALSE) -> 20-29 | M16: MITYANA | N16: MIYTANA | O16: UG | P16: 1 | Q16: =VLOOKUP(P16,Key!$E$2:$F$9,2,FALSE) -> Home | R16: ENTEBBE TOWN | S16: WAKISO | T16: UG | U16: 1 | V16: =VLOOKUP(U16,Key!$E$2:$F$9,2,FALSE) -> Home | W16: =Q16&"-"&V16 -> Home-Home | X16: 100000 | Y16: 50 | Z16: 2 | AA16: 5 | AB16: =VLOOKUP(AA16,Key!$C$20:$D$29,2,FALSE) -> Professional | AC16: 1 | AD16: =VLOOKUP(AC16,Key!$E$20:$F$24,2,FALSE) -> <300,000 | AE16: 1 | AF16: 2 | AG16: 1 | AH16: 1 | AI16: 1 | AJ16: Y
B17: 43765 | C17: 0.65347222 | E17: P | F17: 2 | G17: =VLOOKUP(F17,Key!$A$17:$B$21,2,FALSE) -> Road Vehicle | H17: 1 | I17: =VLOOKUP(H17,Key!$A$2:$B$13,2,FALSE) -> Car | J17: F | K17: 1 | L17: =VLOOKUP(K17,Key!$A$24:$B$29,2,FALSE) -> 20-29 | M17: NAKIWOGO | N17: WAKISO | O17: UG | P17: 1 | Q17: =VLOOKUP(P17,Key!$E$2:$F$9,2,FALSE) -> Home | R17: VICTORIA MALL | S17: WAKISO | T17: UG | U17: 6 | V17: =VLOOKUP(U17,Key!$E$2:$F$9,2,FALSE) -> Leisure/Social | W17: =Q17&"-"&V17 -> Home-Leisure/Social | X17: 2000 | Z17: 0.1 | AA17: 6 | AB17: =VLOOKUP(AA17,Key!$C$20:$D$29,2,FALSE) -> Businessman | AC17: 2 | AD17: =VLOOKUP(AC17,Key!$E$20:$F$24,2,FALSE) -> 300,000-500,000 | AE17: 3 | AF17: 2 | AG17: 1 | AH17: 1 | AI17: 5 | AJ17: Y | AK17: 1000
B18: 43765 | C18: 0.60555556 | E18: D | F18: 2 | G18: =VLOOKUP(F18,Key!$A$17:$B$21,2,FALSE) -> Road Vehicle | H18: 1 | I18: =VLOOKUP(H18,Key!$A$2:$B$13,2,FALSE) -> Car | J18: F | K18: 1 | L18: =VLOOKUP(K18,Key!$A$24:$B$29,2,FALSE) -> 20-29 | M18: GARENGE | N18: WAKISO | O18: UG | P18: 1 | Q18: =VLOOKUP(P18,Key!$E$2:$F$9,2,FALSE) -> Home | R18: ENTEBBE | S18: WAKISO | T18: UG | U18: 6 | V18: =VLOOKUP(U18,Key!$E$2:$F$9,2,FALSE) -> Leisure/Social | W18: =Q18&"-"&V18 -> Home-Leisure/Social | AA18: 8 | AB18: =VLOOKUP(AA18,Key!$C$20:$D$29,2,FALSE) -> Student | AC18: 1 | AD18: =VLOOKUP(AC18,Key!$E$20:$F$24,2,FALSE) -> <300,000 | AE18: 2 | AF18: 3 | AG18: 4 | AH18: 1 | AI18: 5 | AJ18: Y | AK18: 2000
B19: 43765 | C19: 0.39444444 | E19: D | F19: 2 | G19: =VLOOKUP(F19,Key!$A$17:$B$21,2,FALSE) -> Road Vehicle | H19: 1 | I19: =VLOOKUP(H19,Key!$A$2:$B$13,2,FALSE) -> Car | J19: M | K19: 1 | L19: =VLOOKUP(K19,Key!$A$24:$B$29,2,FALSE) -> 20-29 | M19: ZANA | N19: WAKISO | O19: UG | P19: 2 | Q19: =VLOOKUP(P19,Key!$E$2:$F$9,2,FALSE) -> Work | R19: AIRPORT | S19: WAKISO | T19: UG | U19: 2 | V19: =VLOOKUP(U19,Key!$E$2:$F$9,2,FALSE) -> Work | W19: =Q19&"-"&V19 -> Work-Work | X19: 25000 | Y19: 33 | Z19: 0.5 | AA19: 4 | AB19: =VLOOKUP(AA19,Key!$C$20:$D$29,2,FALSE) -> Office Worker | AC19: 4 | AD19: =VLOOKUP(AC19,Key!$E$20:$F$24,2,FALSE) -> 750,000-1,000,000 | AE19: 1 | AF19: 1 | AG19: 1 | AH19: 1 | AI19: 1 | AJ19: Y | AK19: 1000
B20: 43765 | C20: 0.36527778 | E20: D | F20: 2 | G20: =VLOOKUP(F20,Key!$A$17:$B$21,2,FALSE) -> Road Vehicle | H20: 1 | I20: =VLOOKUP(H20,Key!$A$2:$B$13,2,FALSE) -> Car | J20: M | K20: 1 | L20: =VLOOKUP(K20,Key!$A$24:$B$29,2,FALSE) -> 20-29 | M20: KITENDE | N20: WAKISO | O20: UG | P20: 1 | Q20: =VLOOKUP(P20,Key!$E$2:$F$9,2,FALSE) -> Home | R20: ENTEBBE TOWN | S20: WAKISO | T20: UG | U20: 1 | V20: =VLOOKUP(U20,Key!$E$2:$F$9,2,FALSE) -> Home | W20: =Q20&"-"&V20 -> Home-Home | X20: 10000 | Y20: 20 | Z20: 0.9 | AA20: 5 | AB20: =VLOOKUP(AA20,Key!$C$20:$D$29,2,FALSE) -> Professional | AC20: 2 | AD20: =VLOOKUP(AC20,Key!$E$20:$F$24,2,FALSE) -> 300,000-500,000 | AE20: 1 | AF20: 1 | AG20: 1 | AH20: 1 | AI20: 1 | AJ20: Y | AK20: 2000
B21: 43765 | C21: 0.34027778 | E21: D | F21: 2 | G21: =VLOOKUP(F21,Key!$A$17:$B$21,2,FALSE) -> Road Vehicle | H21: 1 | I21: =VLOOKUP(H21,Key!$A$2:$B$13,2,FALSE) -> Car | J21: M | K21: 1 | L21: =VLOOKUP(K21,Key!$A$24:$B$29,2,FALSE) -> 20-29 | M21: NSAMBYA | N21: KAMPALA | O21: UG | P21: 1 | Q21: =VLOOKUP(P21,Key!$E$2:$F$9,2,FALSE) -> Home | R21: KITALA | S21: WAKISO | T21: UG | U21: 1 | V21: =VLOOKUP(U21,Key!$E$2:$F$9,2,FALSE) -> Home | W21: =Q21&"-"&V21 -> Home-Home | X21: 20000 | Y21: 35 | Z21: 1 | AA21: 5 | AB21: =VLOOKUP(AA21,Key!$C$20:$D$29,2,FALSE) -> Professional | AC21: 2 | AD21: =VLOOKUP(AC21,Key!$E$20:$F$24,2,FALSE) -> 300,000-500,000 | AE21: 1 | AF21: 1 | AG21: 1 | AH21: 1 | AI21: 1 | AJ21: Y | AK21: 2000
B22: 43765 | C22: 0.65208333 | E22: D | F22: 2 | G22: =VLOOKUP(F22,Key!$A$17:$B$21,2,FALSE) -> Road Vehicle | H22: 1 | I22: =VLOOKUP(H22,Key!$A$2:$B$13,2,FALSE) -> Car | J22: M | K22: 1 | L22: =VLOOKUP(K22,Key!$A$24:$B$29,2,FALSE) -> 20-29 | M22: KIREKA | N22: WAKISO | O22: UG | P22: 1 | Q22: =VLOOKUP(P22,Key!$E$2:$F$9,2,FALSE) -> Home | R22: ENTEBBE TOWN | S22: WAKISO | T22: UG | U22: 1 | V22: =VLOOKUP(U22,Key!$E$2:$F$9,2,FALSE) -> Home | W22: =Q22&"-"&V22 -> Home-Home | X22: 130000 | Y22: 48 | Z22: 2 | AA22: 4 | AB22: =VLOOKUP(AA22,Key!$C$20:$D$29,2,FALSE) -> Office Worker | AC22: 2 | AD22: =VLOOKUP(AC22,Key!$E$20:$F$24,2,FALSE) -> 300,000-500,000 | AE22: 4 | AF22: 1 | AG22: 5 | AH22: 1 | AI22: 1 | AJ22: Y | AK22: 3000
B23: 43765 | C23: 0.62847222 | E23: D | F23: 2 | G23: =VLOOKUP(F23,Key!$A$17:$B$21,2,FALSE) -> Road Vehicle | H23: 1 | I23: =VLOOKUP(H23,Key!$A$2:$B$13,2,FALSE) -> Car | J23: M | K23: 1 | L23: =VLOOKUP(K23,Key!$A$24:$B$29,2,FALSE) -> 20-29 | M23: BULOBA | N23: WAKISO | O23: UG | P23: 1 | Q23: =VLOOKUP(P23,Key!$E$2:$F$9,2,FALSE) -> Home | R23: ENTEBBE TOWN | S23: WAKISO | T23: UG | U23: 1 | V23: =VLOOKUP(U23,Key!$E$2:$F$9,2,FALSE) -> Home | W23: =Q23&"-"&V23 -> Home-Home | X23: 100000 | Z23: 3 | AA23: 5 | AB23: =VLOOKUP(AA23,Key!$C$20:$D$29,2,FALSE) -> Professional | AC23: 2 | AD23: =VLOOKUP(AC23,Key!$E$20:$F$24,2,FALSE) -> 300,000-500,000 | AE23: 5 | AF23: 4 | AG23: 1 | AH23: 1 | AI23: 1 | AJ23: Y | AK23: 15000
B24: 43765 | C24: 0.61041667 | E24: D | F24: 2 | G24: =VLOOKUP(F24,Key!$A$17:$B$21,2,FALSE) -> Road Vehicle | H24: 1 | I24: =VLOOKUP(H24,Key!$A$2:$B$13,2,FALSE) -> Car | J24: M | K24: 1 | L24: =VLOOKUP(K24,Key!$A$24:$B$29,2,FALSE) -> 20-29 | M24: KIREKA | N24: WAKISO | O24: UG | P24: 1 | Q24: =VLOOKUP(P24,Key!$E$2:$F$9,2,FALSE) -> Home | R24: ENTEBBE TOWN | S24: WAKISO | T24: UG | U24: 1 | V24: =VLOOKUP(U24,Key!$E$2:$F$9,2,FALSE) -> Home | W24: =Q24&"-"&V24 -> Home-Home | X24: 130000 | Y24: 48 | Z24: 2 | AA24: 4 | AB24: =VLOOKUP(AA24,Key!$C$20:$D$29,2,FALSE) -> Office Worker | AC24: 2 | AD24: =VLOOKUP(AC24,Key!$E$20:$F$24,2,FALSE) -> 300,000-500,000 | AE24: 4 | AF24: 1 | AG24: 5 | AH24: 1 | AI24: 1 | AJ24: Y | AK24: 3000
B25: 43765 | C25: 0.56666667 | E25: D | F25: 2 | G25: =VLOOKUP(F25,Key!$A$17:$B$21,2,FALSE) -> Road Vehicle | H25: 1 | I25: =VLOOKUP(H25,Key!$A$2:$B$13,2,FALSE) -> Car | J25: M | K25: 1 | L25: =VLOOKUP(K25,Key!$A$24:$B$29,2,FALSE) -> 20-29 | M25: NATETE | N25: KAMPALA | O25: UG | P25: 1 | Q25: =VLOOKUP(P25,Key!$E$2:$F$9,2,FALSE) -> Home | R25: KITORO | S25: WAKISO | T25: UG | U25: 1 | V25: =VLOOKUP(U25,Key!$E$2:$F$9,2,FALSE) -> Home | W25: =Q25&"-"&V25 -> Home-Home | X25: 50000 | Y25: 39 | Z25: 1 | AA25: 5 | AB25: =VLOOKUP(AA25,Key!$C$20:$D$29,2,FALSE) -> Professional | AC25: 1 | AD25: =VLOOKUP(AC25,Key!$E$20:$F$24,2,FALSE) -> <300,000 | AE25: 1 | AF25: 1 | AG25: 1 | AH25: 1 | AI25: 1 | AJ25: Y | AK25: 1000
B26: 43765 | C26: 0.47222222 | E26: D | F26: 2 | G26: =VLOOKUP(F26,Key!$A$17:$B$21,2,FALSE) -> Road Vehicle | H26: 1 | I26: =VLOOKUP(H26,Key!$A$2:$B$13,2,FALSE) -> Car | J26: M | K26: 1 | L26: =VLOOKUP(K26,Key!$A$24:$B$29,2,FALSE) -> 20-29 | M26: NSAMBYA | N26: KAMPALA | O26: UG | P26: 2 | Q26: =VLOOKUP(P26,Key!$E$2:$F$9,2,FALSE) -> Work | R26: AIRPORT | S26: WAKISO | T26: UG | U26: 2 | V26: =VLOOKUP(U26,Key!$E$2:$F$9,2,FALSE) -> Work | W26: =Q26&"-"&V26 -> Work-Work | X26: 50000 | Y26: 45 | Z26: 1 | AA26: 6 | AB26: =VLOOKUP(AA26,Key!$C$20:$D$29,2,FALSE) -> Businessman | AC26: 5 | AD26: =VLOOKUP(AC26,Key!$E$20:$F$24,2,FALSE) -> >1,000,000 | AE26: 1 | AF26: 2 | AG26: 4 | AH26: 1 | AI26: 1 | AJ26: Y | AK26: 2000
B27: 43765 | C27: 0.45277778 | E27: D | F27: 2 | G27: =VLOOKUP(F27,Key!$A$17:$B$21,2,FALSE) -> Road Vehicle | H27: 1 | I27: =VLOOKUP(H27,Key!$A$2:$B$13,2,FALSE) -> Car | J27: M | K27: 1 | L27: =VLOOKUP(K27,Key!$A$24:$B$29,2,FALSE) -> 20-29 | M27: KIBUYE | N27: KAMPALA | O27: UG | P27: 1 | Q27: =VLOOKUP(P27,Key!$E$2:$F$9,2,FALSE) -> Home | R27: ENTEBBE TOWN | S27: WAKISO | T27: UG | U27: 7 | V27: =VLOOKUP(U27,Key!$E$2:$F$9,2,FALSE) -> Hospital | W27: =Q27&"-"&V27 -> Home-Hospital | X27: 20000 | Y27: 47 | Z27: 0.5 | AA27: 5 | AB27: =VLOOKUP(AA27,Key!$C$20:$D$29,2,FALSE) -> Professional | AC27: 3 | AD27: =VLOOKUP(AC27,Key!$E$20:$F$24,2,FALSE) -> 500,000-750,000 | AE27: 1 | AF27: 1 | AG27: 1 | AH27: 1 | AI27: 1 | AJ27: Y | AK27: 400
B28: 43765 | C28: 0.3125 | E28: D | F28: 2 | G28: =VLOOKUP(F28,Key!$A$17:$B$21,2,FALSE) -> Road Vehicle | H28: 1 | I28: =VLOOKUP(H28,Key!$A$2:$B$13,2,FALSE) -> Car | J28: M | K28: 1 | L28: =VLOOKUP(K28,Key!$A$24:$B$29,2,FALSE) -> 20-29 | M28: NANSANA | N28: WAKISO | O28: UG | P28: 1 | Q28: =VLOOKUP(P28,Key!$E$2:$F$9,2,FALSE) -> Home | R28: ENTEBBE TOWN | S28: WAKISO | T28: UG | U28: 1 | V28: =VLOOKUP(U28,Key!$E$2:$F$9,2,FALSE) -> Home | W28: =Q28&"-"&V28 -> Home-Home | X28: 30000 | Y28: 80 | Z28: 2 | AA28: 5 | AB28: =VLOOKUP(AA28,Key!$C$20:$D$29,2,FALSE) -> Professional | AC28: 4 | AD28: =VLOOKUP(AC28,Key!$E$20:$F$24,2,FALSE) -> 750,000-1,000,000 | AE28: 1 | AF28: 5 | AG28: 1 | AH28: 1 | AI28: 1 | AJ28: Y | AK28: 3000
B29: 43765 | C29: 0.33888889 | E29: D | F29: 2 | G29: =VLOOKUP(F29,Key!$A$17:$B$21,2,FALSE) -> Road Vehicle | H29: 1 | I29: =VLOOKUP(H29,Key!$A$2:$B$13,2,FALSE) -> Car | J29: M | K29: 1 | L29: =VLOOKUP(K29,Key!$A$24:$B$29,2,FALSE) -> 20-29 | M29: KISENYI | N29: WAKISO | O29: UG | P29: 4 | Q29: =VLOOKUP(P29,Key!$E$2:$F$9,2,FALSE) -> Commercial | R29: BATABATA | S29: WAKISO | T29: UG | U29: 6 | V29: =VLOOKUP(U29,Key!$E$2:$F$9,2,FALSE) -> Leisure/Social | W29: =Q29&"-"&V29 -> Commercial-Leisure/Social | X29: 25000 | Y29: 36 | Z29: 0.7 | AA29: 2 | AB29: =VLOOKUP(AA29,Key!$C$20:$D$29,2,FALSE) -> Manual Labour | AC29: 1 | AD29: =VLOOKUP(AC29,Key!$E$20:$F$24,2,FALSE) -> <300,000 | AE29: 1 | AF29: 4 | AG29: 3 | AH29: 2 | AI29: 5 | AJ29: Y | AK29: 2000
B30: 43765 | C30: 0.70833333 | E30: P | F30: 2 | G30: =VLOOKUP(F30,Key!$A$17:$B$21,2,FALSE) -> Road Vehicle | H30: 4 | I30: =VLOOKUP(H30,Key!$A$2:$B$13,2,FALSE) -> Minibus | J30: F | K30: 1 | L30: =VLOOKUP(K30,Key!$A$24:$B$29,2,FALSE) -> 20-29 | M30: MANALA | N30: WAKISO | O30: UG | P30: 2 | Q30: =VLOOKUP(P30,Key!$E$2:$F$9,2,FALSE) -> Work | R30: NAKIWOGO | S30: WAKISO | T30: UG | U30: 1 | V30: =VLOOKUP(U30,Key!$E$2:$F$9,2,FALSE) -> Home | W30: =Q30&"-"&V30 -> Work-Home | X30: 2000 | Z30: 0.2 | AA30: 2 | AB30: =VLOOKUP(AA30,Key!$C$20:$D$29,2,FALSE) -> Manual Labour | AC30: 1 | AD30: =VLOOKUP(AC30,Key!$E$20:$F$24,2,FALSE) -> <300,000 | AE30: 2 | AF30: 4 | AG30: 3 | AH30: 1 | AI30: 5 | AJ30: Y | AK30: 100
B31: 43765 | C31: 0.31805556 | E31: P | F31: 2 | G31: =VLOOKUP(F31,Key!$A$17:$B$21,2,FALSE) -> Road Vehicle | H31: 4 | I31: =VLOOKUP(H31,Key!$A$2:$B$13,2,FALSE) -> Minibus | J31: F | K31: 1 | L31: =VLOOKUP(K31,Key!$A$24:$B$29,2,FALSE) -> 20-29 | M31: FAITH MIRACLE CHURCH | N31: WAKISO | O31: UG | P31: 8 | Q31: =VLOOKUP(P31,Key!$E$2:$F$9,2,FALSE) -> Others | R31: KITALA | S31: WAKISO | T31: UG | U31: 1 | V31: =VLOOKUP(U31,Key!$E$2:$F$9,2,FALSE) -> Home | W31: =Q31&"-"&V31 -> Others-Home | X31: 2000 | Z31: 0.1 | AA31: 6 | AB31: =VLOOKUP(AA31,Key!$C$20:$D$29,2,FALSE) -> Businessman | AC31: 3 | AD31: =VLOOKUP(AC31,Key!$E$20:$F$24,2,FALSE) -> 500,000-750,000 | AE31: 4 | AF31: 5 | AG31: 2 | AH31: 1 | AI31: 3 | AJ31: Y | AK31: 500
B32: 43765 | C32: 0.55277778 | E32: P | F32: 2 | G32: =VLOOKUP(F32,Key!$A$17:$B$21,2,FALSE) -> Road Vehicle | H32: 4 | I32: =VLOOKUP(H32,Key!$A$2:$B$13,2,FALSE) -> Minibus | J32: F | K32: 1 | L32: =VLOOKUP(K32,Key!$A$24:$B$29,2,FALSE) -> 20-29 | M32: KITORO | N32: WAKISO | O32: UG | P32: 1 | Q32: =VLOOKUP(P32,Key!$E$2:$F$9,2,FALSE) -> Home | R32: NKUMBA | S32: WAKISO | T32: UG | U32: 3 | V32: =VLOOKUP(U32,Key!$E$2:$F$9,2,FALSE) -> Study | W32: =Q32&"-"&V32 -> Home-Study | X32: 100 | Y32: 10 | Z32: 0.3 | AA32: 8 | AB32: =VLOOKUP(AA32,Key!$C$20:$D$29,2,FALSE) -> Student | AC32: 1 | AD32: =VLOOKUP(AC32,Key!$E$20:$F$24,2,FALSE) -> <300,000 | AE32: 4 | AF32: 5 | AG32: 2 | AH32: 1 | AI32: 3 | AJ32: Y | AK32: 1000
B33: 43765 | C33: 0.48541667 | E33: P | F33: 2 | G33: =VLOOKUP(F33,Key!$A$17:$B$21,2,FALSE) -> Road Vehicle | H33: 4 | I33: =VLOOKUP(H33,Key!$A$2:$B$13,2,FALSE) -> Minibus | J33: F | K33: 1 | L33: =VLOOKUP(K33,Key!$A$24:$B$29,2,FALSE) -> 20-29 | M33: KITORO | N33: WAKISO | O33: UG | P33: 6 | Q33: =VLOOKUP(P33,Key!$E$2:$F$9,2,FALSE) -> Leisure/Social | R33: ZANA | S33: WAKISO | T33: UG | U33: 1 | V33: =VLOOKUP(U33,Key!$E$2:$F$9,2,FALSE) -> Home | W33: =Q33&"-"&V33 -> Leisure/Social-Home | X33: 2500 | Z33: 0.9 | AA33: 8 | AB33: =VLOOKUP(AA33,Key!$C$20:$D$29,2,FALSE) -> Student | AC33: 1 | AD33: =VLOOKUP(AC33,Key!$E$20:$F$24,2,FALSE) -> <300,000 | AE33: 2 | AF33: 4 | AG33: 3 | AH33: 1 | AI33: 5 | AJ33: Y | AK33: 500
B34: 43765 | C34: 0.45902778 | E34: P | F34: 2 | G34: =VLOOKUP(F34,Key!$A$17:$B$21,2,FALSE) -> Road Vehicle | H34: 4 | I34: =VLOOKUP(H34,Key!$A$2:$B$13,2,FALSE) -> Minibus | J34: F | K34: 1 | L34: =VLOOKUP(K34,Key!$A$24:$B$29,2,FALSE) -> 20-29 | M34: KITORO | N34: WAKISO | O34: UG | P34: 6 | Q34: =VLOOKUP(P34,Key!$E$2:$F$9,2,FALSE) -> Leisure/Social | R34: SEGUUKU | S34: WAKISO | T34: UG | U34: 1 | V34: =VLOOKUP(U34,Key!$E$2:$F$9,2,FALSE) -> Home | W34: =Q34&"-"&V34 -> Leisure/Social-Home | X34: 3000 | Y34: 20 | Z34: 0.8 | AA34: 1 | AB34: =VLOOKUP(AA34,Key!$C$20:$D$29,2,FALSE) -> Unemployed | AC34: 1 | AD34: =VLOOKUP(AC34,Key!$E$20:$F$24,2,FALSE) -> <300,000 | AE34: 5 | AF34: 2 | AG34: 4 | AH34: 1 | AI34: 3 | AJ34: Y | AK34: 200
B35: 43765 | C35: 0.46875 | E35: P | F35: 1 | G35: =VLOOKUP(F35,Key!$A$17:$B$21,2,FALSE) -> Walking/Cycling | H35: 4 | I35: =VLOOKUP(H35,Key!$A$2:$B$13,2,FALSE) -> Minibus | J35: F | K35: 1 | L35: =VLOOKUP(K35,Key!$A$24:$B$29,2,FALSE) -> 20-29 | M35: NAKIWOGO | N35: WAKISO | O35: UG | P35: 1 | Q35: =VLOOKUP(P35,Key!$E$2:$F$9,2,FALSE) -> Home | R35: LUNGUJJA | S35: KAMPALA | T35: UG | U35: 2 | V35: =VLOOKUP(U35,Key!$E$2:$F$9,2,FALSE) -> Work | W35: =Q35&"-"&V35 -> Home-Work | X35: 6000 | Z35: 2 | AA35: 3 | AB35: =VLOOKUP(AA35,Key!$C$20:$D$29,2,FALSE) -> Artisan/Domestic | AC35: 1 | AD35: =VLOOKUP(AC35,Key!$E$20:$F$24,2,FALSE) -> <300,000 | AE35: 4 | AF35: 3 | AG35: 2 | AH35: 1 | AI35: 5 | AJ35: Y
B36: 43765 | C36: 0.32291667 | E36: P | F36: 2 | G36: =VLOOKUP(F36,Key!$A$17:$B$21,2,FALSE) -> Road Vehicle | H36: 4 | I36: =VLOOKUP(H36,Key!$A$2:$B$13,2,FALSE) -> Minibus | J36: F | K36: 1 | L36: =VLOOKUP(K36,Key!$A$24:$B$29,2,FALSE) -> 20-29 | M36: KITORO | N36: WAKISO | O36: UG | P36: 1 | Q36: =VLOOKUP(P36,Key!$E$2:$F$9,2,FALSE) -> Home | R36: SEGUUKU | S36: WAKISO | T36: UG | U36: 6 | V36: =VLOOKUP(U36,Key!$E$2:$F$9,2,FALSE) -> Leisure/Social | W36: =Q36&"-"&V36 -> Home-Leisure/Social | X36: 2000 | Y36: 30 | Z36: 0.5 | AA36: 2 | AB36: =VLOOKUP(AA36,Key!$C$20:$D$29,2,FALSE) -> Manual Labour | AC36: 1 | AD36: =VLOOKUP(AC36,Key!$E$20:$F$24,2,FALSE) -> <300,000 | AE36: 1 | AF36: 3 | AG36: 4 | AH36: 2 | AI36: 5 | AJ36: Y | AK36: 1500
B37: 43765 | C37: 0.32777778 | E37: P | F37: 2 | G37: =VLOOKUP(F37,Key!$A$17:$B$21,2,FALSE) -> Road Vehicle | H37: 4 | I37: =VLOOKUP(H37,Key!$A$2:$B$13,2,FALSE) -> Minibus | J37: F | K37: 1 | L37: =VLOOKUP(K37,Key!$A$24:$B$29,2,FALSE) -> 20-29 | M37: ENTEBBE TOWN | N37: WAKISO | O37: UG | P37: 1 | Q37: =VLOOKUP(P37,Key!$E$2:$F$9,2,FALSE) -> Home | R37: ST. JUDE CHURCH | S37: WAKISO | T37: UG | U37: 8 | V37: =VLOOKUP(U37,Key!$E$2:$F$9,2,FALSE) -> Others | W37: =Q37&"-"&V37 -> Home-Others | X37: 1000 | Y37: 0.5 | Z37: 0.1 | AA37: 10 | AB37: =VLOOKUP(AA37,Key!$C$20:$D$29,2,FALSE) -> Other | AC37: 2 | AD37: =VLOOKUP(AC37,Key!$E$20:$F$24,2,FALSE) -> 300,000-500,000 | AE37: 1 | AF37: 5 | AG37: 4 | AH37: 2 | AI37: 3 | AJ37: Y | AK37: 2000
B38: 43765 | C38: 0.38194444 | E38: P | F38: 2 | G38: =VLOOKUP(F38,Key!$A$17:$B$21,2,FALSE) -> Road Vehicle | H38: 4 | I38: =VLOOKUP(H38,Key!$A$2:$B$13,2,FALSE) -> Minibus | J38: F | K38: 1 | L38: =VLOOKUP(K38,Key!$A$24:$B$29,2,FALSE) -> 20-29 | M38: KINYARWANDA | N38: WAKISO | O38: UG | P38: 1 | Q38: =VLOOKUP(P38,Key!$E$2:$F$9,2,FALSE) -> Home | R38: KASANGATI | S38: WAKISO | T38: UG | U38: 6 | V38: =VLOOKUP(U38,Key!$E$2:$F$9,2,FALSE) -> Leisure/Social | W38: =Q38&"-"&V38 -> Home-Leisure/Social | X38: 6000 | Z38: 3 | AA38: 2 | AB38: =VLOOKUP(AA38,Key!$C$20:$D$29,2,FALSE) -> Manual Labour | AC38: 1 | AD38: =VLOOKUP(AC38,Key!$E$20:$F$24,2,FALSE) -> <300,000 | AE38: 1 | AF38: 2 | AG38: 3 | AH38: 4 | AI38: 5 | AJ38: Y | AK38: 1000
B39: 43765 | C39: 0.38541667 | E39: P | F39: 2 | G39: =VLOOKUP(F39,Key!$A$17:$B$21,2,FALSE) -> Road Vehicle | H39: 4 | I39: =VLOOKUP(H39,Key!$A$2:$B$13,2,FALSE) -> Minibus | J39: F | K39: 1 | L39: =VLOOKUP(K39,Key!$A$24:$B$29,2,FALSE) -> 20-29 | M39: KASENYI | N39: WAKISO | O39: UG | P39: 4 | Q39: =VLOOKUP(P39,Key!$E$2:$F$9,2,FALSE) -> Commercial | R39: JINJA BEACH | S39: JINJA | T39: UG | U39: 6 | V39: =VLOOKUP(U39,Key!$E$2:$F$9,2,FALSE) -> Leisure/Social | W39: =Q39&"-"&V39 -> Commercial-Leisure/Social | X39: 10000 | Z39: 5 | AA39: 2 | AB39: =VLOOKUP(AA39,Key!$C$20:$D$29,2,FALSE) -> Manual Labour | AC39: 1 | AD39: =VLOOKUP(AC39,Key!$E$20:$F$24,2,FALSE) -> <300,000 | AE39: 1 | AF39: 1 | AG39: 2 | AH39: 5 | AI39: 4 | AJ39: Y | AK39: 2000
B40: 43765 | C40: 0.51041667 | E40: P | F40: 2 | G40: =VLOOKUP(F40,Key!$A$17:$B$21,2,FALSE) -> Road Vehicle | H40: 4 | I40: =VLOOKUP(H40,Key!$A$2:$B$13,2,FALSE) -> Minibus | J40: F | K40: 1 | L40: =VLOOKUP(K40,Key!$A$24:$B$29,2,FALSE) -> 20-29 | M40: ENTEBBE | N40: WAKISO | O40: UG | P40: 1 | Q40: =VLOOKUP(P40,Key!$E$2:$F$9,2,FALSE) -> Home | R40: NANSANA | S40: WAKISO | T40: UG | U40: 6 | V40: =VLOOKUP(U40,Key!$E$2:$F$9,2,FALSE) -> Leisure/Social | W40: =Q40&"-"&V40 -> Home-Leisure/Social | X40: 5500 | Y40: 52 | Z40: 1.5 | AA40: 2 | AB40: =VLOOKUP(AA40,Key!$C$20:$D$29,2,FALSE) -> Manual Labour | AC40: 1 | AD40: =VLOOKUP(AC40,Key!$E$20:$F$24,2,FALSE) -> <300,000 | AE40: 2 | AF40: 3 | AG40: 4 | AH40: 1 | AI40: 5 | AJ40: Y | AK40: 3000
B41: 43765 | C41: 0.52777778 | E41: P | F41: 2 | G41: =VLOOKUP(F41,Key!$A$17:$B$21,2,FALSE) -> Road Vehicle | H41: 4 | I41: =VLOOKUP(H41,Key!$A$2:$B$13,2,FALSE) -> Minibus | J41: F | K41: 1 | L41: =VLOOKUP(K41,Key!$A$24:$B$29,2,FALSE) -> 20-29 | M41: ENTEBBE | N41: WAKISO | O41: UG | P41: 1 | Q41: =VLOOKUP(P41,Key!$E$2:$F$9,2,FALSE) -> Home | R41: MUNYONYO | S41: WAKISO | T41: UG | U41: 6 | V41: =VLOOKUP(U41,Key!$E$2:$F$9,2,FALSE) -> Leisure/Social | W41: =Q41&"-"&V41 -> Home-Leisure/Social | X41: 8000 | Z41: 2 | AA41: 2 | AB41: =VLOOKUP(AA41,Key!$C$20:$D$29,2,FALSE) -> Manual Labour | AC41: 1 | AD41: =VLOOKUP(AC41,Key!$E$20:$F$24,2,FALSE) -> <300,000 | AE41: 2 | AF41: 5 | AG41: 4 | AH41: 1 | AI41: 3 | AJ41: Y | AK41: 1000
B42: 43765 | C42: 0.53611111 | E42: P | F42: 2 | G42: =VLOOKUP(F42,Key!$A$17:$B$21,2,FALSE) -> Road Vehicle | H42: 4 | I42: =VLOOKUP(H42,Key!$A$2:$B$13,2,FALSE) -> Minibus | J42: F | K42: 1 | L42: =VLOOKUP(K42,Key!$A$24:$B$29,2,FALSE) -> 20-29 | M42: ENTEBBE | N42: WAKISO | O42: UG | P42: 1 | Q42: =VLOOKUP(P42,Key!$E$2:$F$9,2,FALSE) -> Home | R42: NKUMBA | S42: WAKISO | T42: UG | U42: 6 | V42: =VLOOKUP(U42,Key!$E$2:$F$9,2,FALSE) -> Leisure/Social | W42: =Q42&"-"&V42 -> Home-Leisure/Social | X42: 1000 | Y42: 8 | Z42: 0.1 | AA42: 6 | AB42: =VLOOKUP(AA42,Key!$C$20:$D$29,2,FALSE) -> Businessman | AC42: 2 | AD42: =VLOOKUP(AC42,Key!$E$20:$F$24,2,FALSE) -> 300,000-500,000 | AE42: 2 | AF42: 1 | AG42: 3 | AH42: 4 | AI42: 5 | AJ42: Y | AK42: 1000
B43: 43765 | C43: 0.53333333 | E43: P | F43: 2 | G43: =VLOOKUP(F43,Key!$A$17:$B$21,2,FALSE) -> Road Vehicle | H43: 4 | I43: =VLOOKUP(H43,Key!$A$2:$B$13,2,FALSE) -> Minibus | J43: F | K43: 1 | L43: =VLOOKUP(K43,Key!$A$24:$B$29,2,FALSE) -> 20-29 | M43: ENTEBBE | N43: WAKISO | O43: UG | P43: 1 | Q43: =VLOOKUP(P43,Key!$E$2:$F$9,2,FALSE) -> Home | R43: MUNYONYO | S43: WAKISO | T43: UG | U43: 6 | V43: =VLOOKUP(U43,Key!$E$2:$F$9,2,FALSE) -> Leisure/Social | W43: =Q43&"-"&V43 -> Home-Leisure/Social | X43: 8000 | Z43: 2 | AA43: 8 | AB43: =VLOOKUP(AA43,Key!$C$20:$D$29,2,FALSE) -> Student | AC43: 1 | AD43: =VLOOKUP(AC43,Key!$E$20:$F$24,2,FALSE) -> <300,000 | AE43: 2 | AF43: 1 | AG43: 5 | AH43: 4 | AI43: 3 | AJ43: Y | AK43: 1000
B44: 43765 | C44: 0.54166667 | E44: P | F44: 2 | G44: =VLOOKUP(F44,Key!$A$17:$B$21,2,FALSE) -> Road Vehicle | H44: 4 | I44: =VLOOKUP(H44,Key!$A$2:$B$13,2,FALSE) -> Minibus | J44: F | K44: 1 | L44: =VLOOKUP(K44,Key!$A$24:$B$29,2,FALSE) -> 20-29 | M44: ENTEBBE | N44: WAKISO | O44: UG | P44: 1 | Q44: =VLOOKUP(P44,Key!$E$2:$F$9,2,FALSE) -> Home | R44: NKUMBA | S44: WAKISO | T44: UG | U44: 4 | V44: =VLOOKUP(U44,Key!$E$2:$F$9,2,FALSE) -> Commercial | W44: =Q44&"-"&V44 -> Home-Commercial | X44: 1000 | Y44: 20 | Z44: 0.1 | AA44: 8 | AB44: =VLOOKUP(AA44,Key!$C$20:$D$29,2,FALSE) -> Student | AC44: 2 | AD44: =VLOOKUP(AC44,Key!$E$20:$F$24,2,FALSE) -> 300,000-500,000 | AE44: 1 | AF44: 2 | AG44: 3 | AH44: 4 | AI44: 5 | AJ44: Y | AK44: 1000
B45: 43765 | C45: 0.60972222 | E45: P | F45: 2 | G45: =VLOOKUP(F45,Key!$A$17:$B$21,2,FALSE) -> Road Vehicle | H45: 4 | I45: =VLOOKUP(H45,Key!$A$2:$B$13,2,FALSE) -> Minibus | J45: F | K45: 1 | L45: =VLOOKUP(K45,Key!$A$24:$B$29,2,FALSE) -> 20-29 | M45: KINYARWANDA | N45: WAKISO | O45: UG | P45: 1 | Q45: =VLOOKUP(P45,Key!$E$2:$F$9,2,FALSE) -> Home | R45: ENTEBBE | S45: WAKISO | T45: UG | U45: 6 | V45: =VLOOKUP(U45,Key!$E$2:$F$9,2,FALSE) -> Leisure/Social | W45: =Q45&"-"&V45 -> Home-Leisure/Social | X45: 1000 | Y45: 1 | Z45: 0.3 | AA45: 8 | AB45: =VLOOKUP(AA45,Key!$C$20:$D$29,2,FALSE) -> Student | AC45: 1 | AD45: =VLOOKUP(AC45,Key!$E$20:$F$24,2,FALSE) -> <300,000 | AE45: 1 | AF45: 2 | AG45: 5 | AH45: 3 | AI45: 4 | AJ45: Y | AK45: 1000
B46: 43765 | C46: 0.64305556 | E46: P | F46: 2 | G46: =VLOOKUP(F46,Key!$A$17:$B$21,2,FALSE) -> Road Vehicle | H46: 4 | I46: =VLOOKUP(H46,Key!$A$2:$B$13,2,FALSE) -> Minibus | J46: F | K46: 1 | L46: =VLOOKUP(K46,Key!$A$24:$B$29,2,FALSE) -> 20-29 | M46: NAKIWOGO | N46: WAKISO | O46: UG | P46: 1 | Q46: =VLOOKUP(P46,Key!$E$2:$F$9,2,FALSE) -> Home | R46: KASENYI | S46: WAKISO | T46: UG | U46: 6 | V46: =VLOOKUP(U46,Key!$E$2:$F$9,2,FALSE) -> Leisure/Social | W46: =Q46&"-"&V46 -> Home-Leisure/Social | X46: 3000 | Y46: 26 | Z46: 0.3 | AA46: 2 | AB46: =VLOOKUP(AA46,Key!$C$20:$D$29,2,FALSE) -> Manual Labour | AC46: 1 | AD46: =VLOOKUP(AC46,Key!$E$20:$F$24,2,FALSE) -> <300,000 | AE46: 2 | AF46: 3 | AG46: 4 | AH46: 1 | AI46: 5 | AJ46: Y
B47: 43765 | C47: 0.76041667 | E47: D | F47: 2 | G47: =VLOOKUP(F47,Key!$A$17:$B$21,2,FALSE) -> Road Vehicle | H47: 4 | I47: =VLOOKUP(H47,Key!$A$2:$B$13,2,FALSE) -> Minibus | J47: F | K47: 1 | L47: =VLOOKUP(K47,Key!$A$24:$B$29,2,FALSE) -> 20-29 | M47: BAITA ABABIRI | N47: WAKISO | O47: UG | P47: 2 | Q47: =VLOOKUP(P47,Key!$E$2:$F$9,2,FALSE) -> Work | R47: POLICE STATION | S47: WAKISO | T47: UG | U47: 2 | V47: =VLOOKUP(U47,Key!$E$2:$F$9,2,FALSE) -> Work | W47: =Q47&"-"&V47 -> Work-Work | X47: 1000 | Y47: 1 | Z47: 0.1 | AA47: 5 | AB47: =VLOOKUP(AA47,Key!$C$20:$D$29,2,FALSE) -> Professional | AC47: 2 | AD47: =VLOOKUP(AC47,Key!$E$20:$F$24,2,FALSE) -> 300,000-500,000 | AE47: 1 | AF47: 2 | AG47: 5 | AH47: 5 | AI47: 4 | AJ47: Y | AK47: 1000
B48: 43765 | C48: 0.34722222 | E48: P | F48: 2 | G48: =VLOOKUP(F48,Key!$A$17:$B$21,2,FALSE) -> Road Vehicle | H48: 4 | I48: =VLOOKUP(H48,Key!$A$2:$B$13,2,FALSE) -> Minibus | J48: M | K48: 1 | L48: =VLOOKUP(K48,Key!$A$24:$B$29,2,FALSE) -> 20-29 | M48: OLD TAXI PARK | N48: KAMPALA | O48: UG | P48: 2 | Q48: =VLOOKUP(P48,Key!$E$2:$F$9,2,FALSE) -> Work | R48: ENTEBBE TOWN | S48: WAKISO | T48: UG | U48: 2 | V48: =VLOOKUP(U48,Key!$E$2:$F$9,2,FALSE) -> Work | W48: =Q48&"-"&V48 -> Work-Work | X48: 38000 | Y48: 36 | Z48: 2 | AA48: 5 | AB48: =VLOOKUP(AA48,Key!$C$20:$D$29,2,FALSE) -> Professional | AC48: 3 | AD48: =VLOOKUP(AC48,Key!$E$20:$F$24,2,FALSE) -> 500,000-750,000 | AE48: 1 | AF48: 1 | AG48: 1 | AH48: 1 | AI48: 1 | AJ48: Y | AK48: 10000
B49: 43765 | C49: 0.64791667 | E49: D | F49: 2 | G49: =VLOOKUP(F49,Key!$A$17:$B$21,2,FALSE) -> Road Vehicle | H49: 4 | I49: =VLOOKUP(H49,Key!$A$2:$B$13,2,FALSE) -> Minibus | J49: M | K49: 1 | L49: =VLOOKUP(K49,Key!$A$24:$B$29,2,FALSE) -> 20-29 | M49: OLD TAXI PARK | N49: KAMPALA | O49: UG | P49: 2 | Q49: =VLOOKUP(P49,Key!$E$2:$F$9,2,FALSE) -> Work | R49: ENTEBBE TOWN | S49: WAKISO | T49: UG | U49: 2 | V49: =VLOOKUP(U49,Key!$E$2:$F$9,2,FALSE) -> Work | W49: =Q49&"-"&V49 -> Work-Work | X49: 30000 | Y49: 36 | Z49: 1 | AA49: 5 | AB49: =VLOOKUP(AA49,Key!$C$20:$D$29,2,FALSE) -> Professional | AC49: 1 | AD49: =VLOOKUP(AC49,Key!$E$20:$F$24,2,FALSE) -> <300,000 | AE49: 1 | AF49: 5 | AG49: 1 | AH49: 1 | AI49: 1 | AJ49: Y | AK49: 5000
B50: 43765 | C50: 0.56111111 | E50: D | F50: 2 | G50: =VLOOKUP(F50,Key!$A$17:$B$21,2,FALSE) -> Road Vehicle | H50: 4 | I50: =VLOOKUP(H50,Key!$A$2:$B$13,2,FALSE) -> Minibus | J50: M | K50: 1 | L50: =VLOOKUP(K50,Key!$A$24:$B$29,2,FALSE) -> 20-29 | M50: OLD TAXI PARK | N50: KAMPALA | O50: UG | P50: 2 | Q50: =VLOOKUP(P50,Key!$E$2:$F$9,2,FALSE) -> Work | R50: ENTEBBE TOWN | S50: WAKISO | T50: UG | U50: 2 | V50: =VLOOKUP(U50,Key!$E$2:$F$9,2,FALSE) -> Work | W50: =Q50&"-"&V50 -> Work-Work | X50: 20000 | Y50: 37 | Z50: 2 | AA50: 5 | AB50: =VLOOKUP(AA50,Key!$C$20:$D$29,2,FALSE) -> Professional | AC50: 1 | AD50: =VLOOKUP(AC50,Key!$E$20:$F$24,2,FALSE) -> <300,000 | AE50: 5 | AF50: 1 | AG50: 5 | AH50: 1 | AI50: 1 | AJ50: Y | AK50: 1100
B51: 43765 | C51: 0.57222222 | E51: p | F51: 2 | G51: =VLOOKUP(F51,Key!$A$17:$B$21,2,FALSE) -> Road Vehicle | H51: 4 | I51: =VLOOKUP(H51,Key!$A$2:$B$13,2,FALSE) -> Minibus | J51: M | K51: 1 | L51: =VLOOKUP(K51,Key!$A$24:$B$29,2,FALSE) -> 20-29 | M51: NEW TAXI PARK | N51: KAMPALA | O51: UG | P51: 2 | Q51: =VLOOKUP(P51,Key!$E$2:$F$9,2,FALSE) -> Work | R51: ENTEBBE TOWN | S51: WAKISO | T51: UG | U51: 2 | V51: =VLOOKUP(U51,Key!$E$2:$F$9,2,FALSE) -> Work | W51: =Q51&"-"&V51 -> Work-Work | X51: 50000 | Y51: 37 | Z51: 2 | AA51: 6 | AB51: =VLOOKUP(AA51,Key!$C$20:$D$29,2,FALSE) -> Businessman | AC51: 2 | AD51: =VLOOKUP(AC51,Key!$E$20:$F$24,2,FALSE) -> 300,000-500,000 | AE51: 1 | AF51: 4 | AG51: 1 | AH51: 1 | AI51: 1 | AJ51: Y | AK51: 6000
B52: 43765 | C52: 0.32986111 | E52: P | F52: 2 | G52: =VLOOKUP(F52,Key!$A$17:$B$21,2,FALSE) -> Road Vehicle | H52: 4 | I52: =VLOOKUP(H52,Key!$A$2:$B$13,2,FALSE) -> Minibus | J52: M | K52: 1 | L52: =VLOOKUP(K52,Key!$A$24:$B$29,2,FALSE) -> 20-29 | M52: OLD TAXI PARK | N52: KAMPALA | O52: UG | P52: 1 | Q52: =VLOOKUP(P52,Key!$E$2:$F$9,2,FALSE) -> Home | R52: KITORO | S52: WAKISO | T52: UG | U52: 2 | V52: =VLOOKUP(U52,Key!$E$2:$F$9,2,FALSE) -> Work | W52: =Q52&"-"&V52 -> Home-Work | X52: 3000 | Y52: 40 | Z52: 2 | AA52: 4 | AB52: =VLOOKUP(AA52,Key!$C$20:$D$29,2,FALSE) -> Office Worker | AC52: 1 | AD52: =VLOOKUP(AC52,Key!$E$20:$F$24,2,FALSE) -> <300,000 | AE52: 1 | AF52: 1 | AG52: 1 | AH52: 2 | AI52: 1 | AJ52: Y | AK52: 5000
B53: 43765 | C53: 0.30208333 | E53: D | F53: 2 | G53: =VLOOKUP(F53,Key!$A$17:$B$21,2,FALSE) -> Road Vehicle | H53: 4 | I53: =VLOOKUP(H53,Key!$A$2:$B$13,2,FALSE) -> Minibus | J53: M | K53: 1 | L53: =VLOOKUP(K53,Key!$A$24:$B$29,2,FALSE) -> 20-29 | M53: NEW TAXI PARK | N53: KAMPALA | O53: UG | P53: 2 | Q53: =VLOOKUP(P53,Key!$E$2:$F$9,2,FALSE) -> Work | R53: PETROL STATION | S53: WAKISO | T53: UG | U53: 2 | V53: =VLOOKUP(U53,Key!$E$2:$F$9,2,FALSE) -> Work | W53: =Q53&"-"&V53 -> Work-Work | X53: 20000 | Y53: 36 | Z53: 2 | AA53: 5 | AB53: =VLOOKUP(AA53,Key!$C$20:$D$29,2,FALSE) -> Professional | AC53: 1 | AD53: =VLOOKUP(AC53,Key!$E$20:$F$24,2,FALSE) -> <300,000 | AE53: 1 | AF53: 1 | AG53: 1 | AH53: 2 | AI53: 1 | AJ53: Y | AK53: 4000
B54: 43765 | C54: 0.375 | E54: D | F54: 2 | G54: =VLOOKUP(F54,Key!$A$17:$B$21,2,FALSE) -> Road Vehicle | H54: 4 | I54: =VLOOKUP(H54,Key!$A$2:$B$13,2,FALSE) -> Minibus | J54: M | K54: 1 | L54: =VLOOKUP(K54,Key!$A$24:$B$29,2,FALSE) -> 20-29 | M54: MBALALA | N54: MUKONO | O54: UG | P54: 1 | Q54: =VLOOKUP(P54,Key!$E$2:$F$9,2,FALSE) -> Home | R54: AIRPORT | S54: WAKISO | T54: UG | U54: 2 | V54: =VLOOKUP(U54,Key!$E$2:$F$9,2,FALSE) -> Work | W54: =Q54&"-"&V54 -> Home-Work | X54: 100000 | Y54: 85 | Z54: 4 | AA54: 4 | AB54: =VLOOKUP(AA54,Key!$C$20:$D$29,2,FALSE) -> Office Worker | AC54: 2 | AD54: =VLOOKUP(AC54,Key!$E$20:$F$24,2,FALSE) -> 300,000-500,000 | AE54: 5 | AF54: 4 | AG54: 1 | AH54: 1 | AI54: 1 | AJ54: Y | AK54: 4000
B55: 43765 | C55: 0.68541667 | E55: P | F55: 2 | G55: =VLOOKUP(F55,Key!$A$17:$B$21,2,FALSE) -> Road Vehicle | H55: 4 | I55: =VLOOKUP(H55,Key!$A$2:$B$13,2,FALSE) -> Minibus | J55: M | K55: 1 | L55: =VLOOKUP(K55,Key!$A$24:$B$29,2,FALSE) -> 20-29 | M55: SSESE | N55: WAKISO | O55: UG | P55: 6 | Q55: =VLOOKUP(P55,Key!$E$2:$F$9,2,FALSE) -> Leisure/Social | R55: NANSANA | S55: WAKISO | T55: UG | U55: 1 | V55: =VLOOKUP(U55,Key!$E$2:$F$9,2,FALSE) -> Home | W55: =Q55&"-"&V55 -> Leisure/Social-Home | X55: 2000 | Y55: 50 | Z55: 2 | AA55: 4 | AB55: =VLOOKUP(AA55,Key!$C$20:$D$29,2,FALSE) -> Office Worker | AC55: 3 | AD55: =VLOOKUP(AC55,Key!$E$20:$F$24,2,FALSE) -> 500,000-750,000 | AE55: 5 | AF55: 2 | AG55: 4 | AH55: 1 | AI55: 3 | AJ55: Y | AK55: 500
B56: 43765 | C56: 0.69375 | E56: P | F56: 2 | G56: =VLOOKUP(F56,Key!$A$17:$B$21,2,FALSE) -> Road Vehicle | H56: 4 | I56: =VLOOKUP(H56,Key!$A$2:$B$13,2,FALSE) -> Minibus | J56: M | K56: 1 | L56: =VLOOKUP(K56,Key!$A$24:$B$29,2,FALSE) -> 20-29 | M56: ST.STEPHEN | N56: WAKISO | O56: UG | P56: 8 | Q56: =VLOOKUP(P56,Key!$E$2:$F$9,2,FALSE) -> Others | R56: BAITA | S56: WAKISO | T56: UG | U56: 1 | V56: =VLOOKUP(U56,Key!$E$2:$F$9,2,FALSE) -> Home | W56: =Q56&"-"&V56 -> Others-Home | X56: 1000 | Y56: 6 | Z56: 0.1 | AA56: 4 | AB56: =VLOOKUP(AA56,Key!$C$20:$D$29,2,FALSE) -> Office Worker | AC56: 2 | AD56: =VLOOKUP(AC56,Key!$E$20:$F$24,2,FALSE) -> 300,000-500,000 | AE56: 5 | AF56: 4 | AG56: 1 | AH56: 3 | AI56: 2 | AJ56: Y | AK56: 500
B57: 43765 | C57: 0.64444444 | E57: P | F57: 2 | G57: =VLOOKUP(F57,Key!$A$17:$B$21,2,FALSE) -> Road Vehicle | H57: 4 | I57: =VLOOKUP(H57,Key!$A$2:$B$13,2,FALSE) -> Minibus | J57: M | K57: 1 | L57: =VLOOKUP(K57,Key!$A$24:$B$29,2,FALSE) -> 20-29 | M57: KITORO | N57: WAKISO | O57: UG | P57: 6 | Q57: =VLOOKUP(P57,Key!$E$2:$F$9,2,FALSE) -> Leisure/Social | R57: LUBOWA | S57: WAKISO | T57: UG | U57: 1 | V57: =VLOOKUP(U57,Key!$E$2:$F$9,2,FALSE) -> Home | W57: =Q57&"-"&V57 -> Leisure/Social-Home | X57: 2000 | Y57: 20 | Z57: 0.7 | AA57: 2 | AB57: =VLOOKUP(AA57,Key!$C$20:$D$29,2,FALSE) -> Manual Labour | AC57: 2 | AD57: =VLOOKUP(AC57,Key!$E$20:$F$24,2,FALSE) -> 300,000-500,000 | AE57: 3 | AF57: 3 | AG57: 4 | AH57: 1 | AI57: 5 | AJ57: Y
B58: 43765 | C58: 0.43125 | E58: P | F58: 2 | G58: =VLOOKUP(F58,Key!$A$17:$B$21,2,FALSE) -> Road Vehicle | H58: 4 | I58: =VLOOKUP(H58,Key!$A$2:$B$13,2,FALSE) -> Minibus | J58: M | K58: 1 | L58: =VLOOKUP(K58,Key!$A$24:$B$29,2,FALSE) -> 20-29 | M58: AIRPORT | N58: WAKISO | O58: UG | P58: 2 | Q58: =VLOOKUP(P58,Key!$E$2:$F$9,2,FALSE) -> Work | R58: NSAMBYA | S58: KAMPALA | T58: UG | U58: 1 | V58: =VLOOKUP(U58,Key!$E$2:$F$9,2,FALSE) -> Home | W58: =Q58&"-"&V58 -> Work-Home | X58: 5000 | Z58: 1.5 | AA58: 10 | AB58: =VLOOKUP(AA58,Key!$C$20:$D$29,2,FALSE) -> Other | AC58: 1 | AD58: =VLOOKUP(AC58,Key!$E$20:$F$24,2,FALSE) -> <300,000 | AE58: 1 | AF58: 5 | AG58: 3 | AH58: 2 | AI58: 4 | AJ58: Y | AK58: 500
B59: 43765 | C59: 0.38125 | E59: P | F59: 2 | G59: =VLOOKUP(F59,Key!$A$17:$B$21,2,FALSE) -> Road Vehicle | H59: 4 | I59: =VLOOKUP(H59,Key!$A$2:$B$13,2,FALSE) -> Minibus | J59: M | K59: 1 | L59: =VLOOKUP(K59,Key!$A$24:$B$29,2,FALSE) -> 20-29 | M59: KINYARWANDA | N59: WAKISO | O59: UG | P59: 1 | Q59: =VLOOKUP(P59,Key!$E$2:$F$9,2,FALSE) -> Home | R59: FREEDOMCITY | S59: WAKISO | T59: UG | U59: 6 | V59: =VLOOKUP(U59,Key!$E$2:$F$9,2,FALSE) -> Leisure/Social | W59: =Q59&"-"&V59 -> Home-Leisure/Social | X59: 3000 | Y59: 30 | Z59: 0.9 | AA59: 4 | AB59: =VLOOKUP(AA59,Key!$C$20:$D$29,2,FALSE) -> Office Worker | AC59: 3 | AD59: =VLOOKUP(AC59,Key!$E$20:$F$24,2,FALSE) -> 500,000-750,000 | AE59: 2 | AF59: 4 | AG59: 3 | AH59: 1 | AI59: 5 | AJ59: Y | AK59: 2000
B60: 43765 | C60: 0.30833333 | E60: D | F60: 2 | G60: =VLOOKUP(F60,Key!$A$17:$B$21,2,FALSE) -> Road Vehicle | H60: 4 | I60: =VLOOKUP(H60,Key!$A$2:$B$13,2,FALSE) -> Minibus | J60: M | K60: 1 | L60: =VLOOKUP(K60,Key!$A$24:$B$29,2,FALSE) -> 20-29 | M60: KITORO | N60: WAKISO | O60: UG | P60: 2 | Q60: =VLOOKUP(P60,Key!$E$2:$F$9,2,FALSE) -> Work | R60: KAMPALA CITY | S60: KAMPALA | T60: UG | U60: 2 | V60: =VLOOKUP(U60,Key!$E$2:$F$9,2,FALSE) -> Work | W60: =Q60&"-"&V60 -> Work-Work | X60: 15000 | Y60: 40 | Z60: 10 | AA60: 10 | AB60: =VLOOKUP(AA60,Key!$C$20:$D$29,2,FALSE) -> Other | AC60: 3 | AD60: =VLOOKUP(AC60,Key!$E$20:$F$24,2,FALSE) -> 500,000-750,000 | AE60: 5 | AF60: 1 | AG60: 3 | AH60: 2 | AI60: 4 | AJ60: Y | AK60: 2000
B61: 43765 | C61: 0.29791667 | E61: P | F61: 2 | G61: =VLOOKUP(F61,Key!$A$17:$B$21,2,FALSE) -> Road Vehicle | H61: 4 | I61: =VLOOKUP(H61,Key!$A$2:$B$13,2,FALSE) -> Minibus | J61: M | K61: 1 | L61: =VLOOKUP(K61,Key!$A$24:$B$29,2,FALSE) -> 20-29 | M61: KITORO | N61: WAKISO | O61: UG | P61: 1 | Q61: =VLOOKUP(P61,Key!$E$2:$F$9,2,FALSE) -> Home | R61: KISENYI | S61: WAKISO | T61: UG | U61: 2 | V61: =VLOOKUP(U61,Key!$E$2:$F$9,2,FALSE) -> Work | W61: =Q61&"-"&V61 -> Home-Work | X61: 1500 | Z61: 0.1 | AA61: 2 | AB61: =VLOOKUP(AA61,Key!$C$20:$D$29,2,FALSE) -> Manual Labour | AC61: 1 | AD61: =VLOOKUP(AC61,Key!$E$20:$F$24,2,FALSE) -> <300,000 | AE61: 2 | AF61: 1 | AG61: 4 | AH61: 5 | AI61: 3 | AJ61: Y
B62: 43765 | C62: 0.30277778 | E62: P | F62: 2 | G62: =VLOOKUP(F62,Key!$A$17:$B$21,2,FALSE) -> Road Vehicle | H62: 4 | I62: =VLOOKUP(H62,Key!$A$2:$B$13,2,FALSE) -> Minibus | J62: M | K62: 1 | L62: =VLOOKUP(K62,Key!$A$24:$B$29,2,FALSE) -> 20-29 | M62: KITORO | N62: WAKISO | O62: UG | P62: 1 | Q62: =VLOOKUP(P62,Key!$E$2:$F$9,2,FALSE) -> Home | R62: KABOJJA | S62: WAKISO | T62: UG | U62: 8 | V62: =VLOOKUP(U62,Key!$E$2:$F$9,2,FALSE) -> Others | W62: =Q62&"-"&V62 -> Home-Others | X62: 3000 | Z62: 0.9 | AA62: 4 | AB62: =VLOOKUP(AA62,Key!$C$20:$D$29,2,FALSE) -> Office Worker | AC62: 3 | AD62: =VLOOKUP(AC62,Key!$E$20:$F$24,2,FALSE) -> 500,000-750,000 | AE62: 2 | AF62: 3 | AG62: 1 | AH62: 1 | AI62: 1 | AJ62: Y | AK62: 3000
B63: 43765 | C63: 0.55625 | E63: D | F63: 2 | G63: =VLOOKUP(F63,Key!$A$17:$B$21,2,FALSE) -> Road Vehicle | H63: 4 | I63: =VLOOKUP(H63,Key!$A$2:$B$13,2,FALSE) -> Minibus | J63: M | K63: 1 | L63: =VLOOKUP(K63,Key!$A$24:$B$29,2,FALSE) -> 20-29 | M63: TAXIPARK | N63: WAKISO | O63: UG | P63: 2 | Q63: =VLOOKUP(P63,Key!$E$2:$F$9,2,FALSE) -> Work | R63: KAMPALA CITY | S63: KAMPALA | T63: UG | U63: 2 | V63: =VLOOKUP(U63,Key!$E$2:$F$9,2,FALSE) -> Work | W63: =Q63&"-"&V63 -> Work-Work | X63: 35000 | Y63: 40 | Z63: 1.5 | AA63: 10 | AB63: =VLOOKUP(AA63,Key!$C$20:$D$29,2,FALSE) -> Other | AC63: 3 | AD63: =VLOOKUP(AC63,Key!$E$20:$F$24,2,FALSE) -> 500,000-750,000 | AE63: 3 | AF63: 1 | AG63: 5 | AH63: 4 | AI63: 2 | AJ63: Y | AK63: 2000
B64: 43765 | C64: 0.50833333 | E64: P | F64: 2 | G64: =VLOOKUP(F64,Key!$A$17:$B$21,2,FALSE) -> Road Vehicle | H64: 4 | I64: =VLOOKUP(H64,Key!$A$2:$B$13,2,FALSE) -> Minibus | J64: M | K64: 1 | L64: =VLOOKUP(K64,Key!$A$24:$B$29,2,FALSE) -> 20-29 | M64: KITORO | N64: WAKISO | O64: UG | P64: 6 | Q64: =VLOOKUP(P64,Key!$E$2:$F$9,2,FALSE) -> Leisure/Social | R64: KITENDE | S64: WAKISO | T64: UG | U64: 1 | V64: =VLOOKUP(U64,Key!$E$2:$F$9,2,FALSE) -> Home | W64: =Q64&"-"&V64 -> Leisure/Social-Home | X64: 2000 | Y64: 25 | Z64: 0.8 | AA64: 1 | AB64: =VLOOKUP(AA64,Key!$C$20:$D$29,2,FALSE) -> Unemployed | AC64: 1 | AD64: =VLOOKUP(AC64,Key!$E$20:$F$24,2,FALSE) -> <300,000 | AE64: 2 | AF64: 3 | AG64: 4 | AH64: 1 | AI64: 5 | AJ64: Y | AK64: 1500
B65: 43765 | C65: 0.49930556 | E65: P | F65: 2 | G65: =VLOOKUP(F65,Key!$A$17:$B$21,2,FALSE) -> Road Vehicle | H65: 4 | I65: =VLOOKUP(H65,Key!$A$2:$B$13,2,FALSE) -> Minibus | J65: M | K65: 1 | L65: =VLOOKUP(K65,Key!$A$24:$B$29,2,FALSE) -> 20-29 | M65: KIWAFFU | N65: WAKISO | O65: UG | P65: 1 | Q65: =VLOOKUP(P65,Key!$E$2:$F$9,2,FALSE) -> Home | R65: GANDA CITY | S65: KAMPALA | T65: UG | U65: 6 | V65: =VLOOKUP(U65,Key!$E$2:$F$9,2,FALSE) -> Leisure/Social | W65: =Q65&"-"&V65 -> Home-Leisure/Social | X65: 5000 | Y65: 48 | Z65: 1.5 | AA65: 1 | AB65: =VLOOKUP(AA65,Key!$C$20:$D$29,2,FALSE) -> Unemployed | AC65: 1 | AD65: =VLOOKUP(AC65,Key!$E$20:$F$24,2,FALSE) -> <300,000 | AE65: 3 | AF65: 5 | AG65: 1 | AH65: 4 | AI65: 2 | AJ65: Y | AK65: 3000
B66: 43765 | C66: 0.47083333 | E66: P | F66: 2 | G66: =VLOOKUP(F66,Key!$A$17:$B$21,2,FALSE) -> Road Vehicle | H66: 4 | I66: =VLOOKUP(H66,Key!$A$2:$B$13,2,FALSE) -> Minibus | J66: M | K66: 1 | L66: =VLOOKUP(K66,Key!$A$24:$B$29,2,FALSE) -> 20-29 | M66: KITORO | N66: WAKISO | O66: UG | P66: 6 | Q66: =VLOOKUP(P66,Key!$E$2:$F$9,2,FALSE) -> Leisure/Social | R66: BUSEGA | S66: KAMPALA | T66: UG | U66: 1 | V66: =VLOOKUP(U66,Key!$E$2:$F$9,2,FALSE) -> Home | W66: =Q66&"-"&V66 -> Leisure/Social-Home | X66: 5000 | Y66: 36 | Z66: 0.9 | AA66: 1 | AB66: =VLOOKUP(AA66,Key!$C$20:$D$29,2,FALSE) -> Unemployed | AC66: 1 | AD66: =VLOOKUP(AC66,Key!$E$20:$F$24,2,FALSE) -> <300,000 | AE66: 5 | AF66: 1 | AG66: 4 | AH66: 2 | AI66: 3 | AJ66: Y | AK66: 100
B67: 43765 | C67: 0.30555556 | E67: D | F67: 2 | G67: =VLOOKUP(F67,Key!$A$17:$B$21,2,FALSE) -> Road Vehicle | H67: 4 | I67: =VLOOKUP(H67,Key!$A$2:$B$13,2,FALSE) -> Minibus | J67: M | K67: 1 | L67: =VLOOKUP(K67,Key!$A$24:$B$29,2,FALSE) -> 20-29 | M67: ENTEBBE | N67: WAKISO | O67: UG | P67: 2 | Q67: =VLOOKUP(P67,Key!$E$2:$F$9,2,FALSE) -> Work | R67: TAXI PARK | S67: KAMPALA | T67: UG | U67: 2 | V67: =VLOOKUP(U67,Key!$E$2:$F$9,2,FALSE) -> Work | W67: =Q67&"-"&V67 -> Work-Work | X67: 40000 | Y67: 30 | Z67: 1 | AA67: 2 | AB67: =VLOOKUP(AA67,Key!$C$20:$D$29,2,FALSE) -> Manual Labour | AC67: 1 | AD67: =VLOOKUP(AC67,Key!$E$20:$F$24,2,FALSE) -> <300,000 | AE67: 1 | AF67: 3 | AG67: 5 | AH67: 4 | AI67: 2 | AJ67: Y | AK67: 2000
B68: 43765 | C68: 0.31388889 | E68: D | F68: 2 | G68: =VLOOKUP(F68,Key!$A$17:$B$21,2,FALSE) -> Road Vehicle | H68: 4 | I68: =VLOOKUP(H68,Key!$A$2:$B$13,2,FALSE) -> Minibus | J68: M | K68: 1 | L68: =VLOOKUP(K68,Key!$A$24:$B$29,2,FALSE) -> 20-29 | M68: KITORO | N68: WAKISO | O68: UG | P68: 2 | Q68: =VLOOKUP(P68,Key!$E$2:$F$9,2,FALSE) -> Work | R68: SHOPRITE | S68: KAMPALA | T68: UG | U68: 2 | V68: =VLOOKUP(U68,Key!$E$2:$F$9,2,FALSE) -> Work | W68: =Q68&"-"&V68 -> Work-Work | X68: 35000 | Y68: 46 | Z68: 1.5 | AA68: 2 | AB68: =VLOOKUP(AA68,Key!$C$20:$D$29,2,FALSE) -> Manual Labour | AC68: 1 | AD68: =VLOOKUP(AC68,Key!$E$20:$F$24,2,FALSE) -> <300,000 | AE68: 1 | AF68: 2 | AG68: 3 | AH68: 5 | AI68: 4 | AJ68: Y | AK68: 2000
B69: 43765 | C69: 0.35277778 | E69: D | F69: 2 | G69: =VLOOKUP(F69,Key!$A$17:$B$21,2,FALSE) -> Road Vehicle | H69: 4 | I69: =VLOOKUP(H69,Key!$A$2:$B$13,2,FALSE) -> Minibus | J69: M | K69: 1 | L69: =VLOOKUP(K69,Key!$A$24:$B$29,2,FALSE) -> 20-29 | M69: ENTEBBE | N69: WAKISO | O69: UG | P69: 2 | Q69: =VLOOKUP(P69,Key!$E$2:$F$9,2,FALSE) -> Work | R69: CENTRAL PARK | S69: KAMPALA | T69: UG | U69: 2 | V69: =VLOOKUP(U69,Key!$E$2:$F$9,2,FALSE) -> Work | W69: =Q69&"-"&V69 -> Work-Work | X69: 40000 | Y69: 46 | Z69: 1 | AA69: 2 | AB69: =VLOOKUP(AA69,Key!$C$20:$D$29,2,FALSE) -> Manual Labour | AC69: 1 | AD69: =VLOOKUP(AC69,Key!$E$20:$F$24,2,FALSE) -> <300,000 | AE69: 1 | AF69: 4 | AG69: 2 | AH69: 3 | AI69: 5 | AJ69: Y
B70: 43765 | C70: 0.36944444 | E70: P | F70: 2 | G70: =VLOOKUP(F70,Key!$A$17:$B$21,2,FALSE) -> Road Vehicle | H70: 4 | I70: =VLOOKUP(H70,Key!$A$2:$B$13,2,FALSE) -> Minibus | J70: M | K70: 1 | L70: =VLOOKUP(K70,Key!$A$24:$B$29,2,FALSE) -> 20-29 | M70: KITORO | N70: WAKISO | O70: UG | P70: 1 | Q70: =VLOOKUP(P70,Key!$E$2:$F$9,2,FALSE) -> Home | R70: KASANGATI | S70: WAKISO | T70: UG | U70: 6 | V70: =VLOOKUP(U70,Key!$E$2:$F$9,2,FALSE) -> Leisure/Social | W70: =Q70&"-"&V70 -> Home-Leisure/Social | X70: 6000 | Z70: 3 | AA70: 2 | AB70: =VLOOKUP(AA70,Key!$C$20:$D$29,2,FALSE) -> Manual Labour | AC70: 1 | AD70: =VLOOKUP(AC70,Key!$E$20:$F$24,2,FALSE) -> <300,000 | AE70: 1 | AF70: 3 | AG70: 4 | AH70: 2 | AI70: 5 | AJ70: Y | AK70: 1000
B71: 43765 | C71: 0.44166667 | E71: P | F71: 2 | G71: =VLOOKUP(F71,Key!$A$17:$B$21,2,FALSE) -> Road Vehicle | H71: 4 | I71: =VLOOKUP(H71,Key!$A$2:$B$13,2,FALSE) -> Minibus | J71: M | K71: 1 | L71: =VLOOKUP(K71,Key!$A$24:$B$29,2,FALSE) -> 20-29 | M71: ENTEBBE | N71: WAKISO | O71: UG | P71: 1 | Q71: =VLOOKUP(P71,Key!$E$2:$F$9,2,FALSE) -> Home | R71: MPALA | S71: WAKISO | T71: UG | U71: 8 | V71: =VLOOKUP(U71,Key!$E$2:$F$9,2,FALSE) -> Others | W71: =Q71&"-"&V71 -> Home-Others | X71: 1000 | Y71: 8 | Z71: 0.1 | AA71: 10 | AB71: =VLOOKUP(AA71,Key!$C$20:$D$29,2,FALSE) -> Other | AC71: 1 | AD71: =VLOOKUP(AC71,Key!$E$20:$F$24,2,FALSE) -> <300,000 | AE71: 1 | AF71: 1 | AG71: 1 | AH71: 1 | AI71: 1 | AJ71: Y | AK71: 2000
B72: 43765 | C72: 0.46875 | E72: D | F72: 2 | G72: =VLOOKUP(F72,Key!$A$17:$B$21,2,FALSE) -> Road Vehicle | H72: 4 | I72: =VLOOKUP(H72,Key!$A$2:$B$13,2,FALSE) -> Minibus | J72: M | K72: 1 | L72: =VLOOKUP(K72,Key!$A$24:$B$29,2,FALSE) -> 20-29 | M72: KITORO | N72: WAKISO | O72: UG | P72: 2 | Q72: =VLOOKUP(P72,Key!$E$2:$F$9,2,FALSE) -> Work | R72: CENTRAL PARK | S72: KAMPALA | T72: UG | U72: 2 | V72: =VLOOKUP(U72,Key!$E$2:$F$9,2,FALSE) -> Work | W72: =Q72&"-"&V72 -> Work-Work | X72: 40000 | Y72: 36 | Z72: 0.1 | AA72: 2 | AB72: =VLOOKUP(AA72,Key!$C$20:$D$29,2,FALSE) -> Manual Labour | AC72: 1 | AD72: =VLOOKUP(AC72,Key!$E$20:$F$24,2,FALSE) -> <300,000 | AE72: 1 | AF72: 2 | AG72: 5 | AH72: 3 | AI72: 4 | AJ72: Y
B73: 43765 | C73: 0.49305556 | E73: P | F73: 2 | G73: =VLOOKUP(F73,Key!$A$17:$B$21,2,FALSE) -> Road Vehicle | H73: 4 | I73: =VLOOKUP(H73,Key!$A$2:$B$13,2,FALSE) -> Minibus | J73: M | K73: 1 | L73: =VLOOKUP(K73,Key!$A$24:$B$29,2,FALSE) -> 20-29 | M73: KIWAFFU | N73: WAKISO | O73: UG | P73: 1 | Q73: =VLOOKUP(P73,Key!$E$2:$F$9,2,FALSE) -> Home | R73: CENTRAL PARK | S73: KAMPALA | T73: UG | U73: 6 | V73: =VLOOKUP(U73,Key!$E$2:$F$9,2,FALSE) -> Leisure/Social | W73: =Q73&"-"&V73 -> Home-Leisure/Social | X73: 4000 | Y73: 32 | Z73: 0.3 | AA73: 2 | AB73: =VLOOKUP(AA73,Key!$C$20:$D$29,2,FALSE) -> Manual Labour | AC73: 1 | AD73: =VLOOKUP(AC73,Key!$E$20:$F$24,2,FALSE) -> <300,000 | AE73: 1 | AF73: 3 | AG73: 4 | AH73: 2 | AI73: 5 | AJ73: Y
B74: 43765 | C74: 0.58125 | E74: P | F74: 2 | G74: =VLOOKUP(F74,Key!$A$17:$B$21,2,FALSE) -> Road Vehicle | H74: 4 | I74: =VLOOKUP(H74,Key!$A$2:$B$13,2,FALSE) -> Minibus | J74: M | K74: 1 | L74: =VLOOKUP(K74,Key!$A$24:$B$29,2,FALSE) -> 20-29 | M74: KITENDE | N74: WAKISO | O74: UG | P74: 1 | Q74: =VLOOKUP(P74,Key!$E$2:$F$9,2,FALSE) -> Home | R74: ENTEBBE | S74: WAKISO | T74: UG | U74: 6 | V74: =VLOOKUP(U74,Key!$E$2:$F$9,2,FALSE) -> Leisure/Social | W74: =Q74&"-"&V74 -> Home-Leisure/Social | X74: 2000 | Z74: 30 | AA74: 5 | AB74: =VLOOKUP(AA74,Key!$C$20:$D$29,2,FALSE) -> Professional | AC74: 1 | AD74: =VLOOKUP(AC74,Key!$E$20:$F$24,2,FALSE) -> <300,000 | AE74: 1 | AF74: 2 | AG74: 3 | AH74: 4 | AI74: 5 | AJ74: Y
B75: 43765 | C75: 0.62083333 | E75: D | F75: 2 | G75: =VLOOKUP(F75,Key!$A$17:$B$21,2,FALSE) -> Road Vehicle | H75: 4 | I75: =VLOOKUP(H75,Key!$A$2:$B$13,2,FALSE) -> Minibus | J75: M | K75: 1 | L75: =VLOOKUP(K75,Key!$A$24:$B$29,2,FALSE) -> 20-29 | M75: ENTEBBE | N75: WAKISO | O75: UG | P75: 1 | Q75: =VLOOKUP(P75,Key!$E$2:$F$9,2,FALSE) -> Home | R75: KASENYI | S75: WAKISO | T75: UG | U75: 6 | V75: =VLOOKUP(U75,Key!$E$2:$F$9,2,FALSE) -> Leisure/Social | W75: =Q75&"-"&V75 -> Home-Leisure/Social | X75: 2000 | Y75: 8 | Z75: 0.2 | AA75: 5 | AB75: =VLOOKUP(AA75,Key!$C$20:$D$29,2,FALSE) -> Professional | AC75: 1 | AD75: =VLOOKUP(AC75,Key!$E$20:$F$24,2,FALSE) -> <300,000 | AE75: 1 | AF75: 5 | AG75: 4 | AH75: 2 | AI75: 3 | AJ75: Y | AK75: 2000
B76: 43765 | C76: 15:000 | E76: D | F76: 2 | G76: =VLOOKUP(F76,Key!$A$17:$B$21,2,FALSE) -> Road Vehicle | H76: 4 | I76: =VLOOKUP(H76,Key!$A$2:$B$13,2,FALSE) -> Minibus | J76: M | K76: 1 | L76: =VLOOKUP(K76,Key!$A$24:$B$29,2,FALSE) -> 20-29 | M76: KITORO | N76: WAKISO | O76: UG | P76: 2 | Q76: =VLOOKUP(P76,Key!$E$2:$F$9,2,FALSE) -> Work | R76: TAXI PARK | S76: KAMPALA | T76: UG | U76: 2 | V76: =VLOOKUP(U76,Key!$E$2:$F$9,2,FALSE) -> Work | W76: =Q76&"-"&V76 -> Work-Work | X76: 35000 | Y76: 36 | Z76: 1 | AA76: 2 | AB76: =VLOOKUP(AA76,Key!$C$20:$D$29,2,FALSE) -> Manual Labour | AC76: 1 | AD76: =VLOOKUP(AC76,Key!$E$20:$F$24,2,FALSE) -> <300,000 | AE76: 3 | AF76: 2 | AG76: 4 | AH76: 1 | AI76: 5 | AJ76: Y | AK76: 2000
B77: 43765 | C77: 15:013 | E77: D | F77: 2 | G77: =VLOOKUP(F77,Key!$A$17:$B$21,2,FALSE) -> Road Vehicle | H77: 4 | I77: =VLOOKUP(H77,Key!$A$2:$B$13,2,FALSE) -> Minibus | J77: M | K77: 1 | L77: =VLOOKUP(K77,Key!$A$24:$B$29,2,FALSE) -> 20-29 | M77: KITORO | N77: WAKISO | O77: UG | P77: 2 | Q77: =VLOOKUP(P77,Key!$E$2:$F$9,2,FALSE) -> Work | R77: CITY PARK | S77: KAMPALA | T77: UG | U77: 2 | V77: =VLOOKUP(U77,Key!$E$2:$F$9,2,FALSE) -> Work | W77: =Q77&"-"&V77 -> Work-Work | X77: 35000 | Z77: 1 | AA77: 2 | AB77: =VLOOKUP(AA77,Key!$C$20:$D$29,2,FALSE) -> Manual Labour | AC77: 1 | AD77: =VLOOKUP(AC77,Key!$E$20:$F$24,2,FALSE) -> <300,000 | AE77: 3 | AF77: 1 | AG77: 4 | AH77: 2 | AI77: 5 | AJ77: Y
B78: 43765 | C78: 0.72222222 | E78: D | F78: 2 | G78: =VLOOKUP(F78,Key!$A$17:$B$21,2,FALSE) -> Road Vehicle | H78: 4 | I78: =VLOOKUP(H78,Key!$A$2:$B$13,2,FALSE) -> Minibus | J78: M | K78: 1 | L78: =VLOOKUP(K78,Key!$A$24:$B$29,2,FALSE) -> 20-29 | M78: KITORO | N78: WAKISO | O78: UG | P78: 2 | Q78: =VLOOKUP(P78,Key!$E$2:$F$9,2,FALSE) -> Work | R78: KAMPALA CITY | S78: KAMPALA | T78: UG | U78: 2 | V78: =VLOOKUP(U78,Key!$E$2:$F$9,2,FALSE) -> Work | W78: =Q78&"-"&V78 -> Work-Work | X78: 35000 | Y78: 36 | Z78: 1 | AA78: 2 | AB78: =VLOOKUP(AA78,Key!$C$20:$D$29,2,FALSE) -> Manual Labour | AC78: 1 | AD78: =VLOOKUP(AC78,Key!$E$20:$F$24,2,FALSE) -> <300,000 | AE78: 1 | AF78: 2 | AG78: 3 | AH78: 4 | AI78: 5 | AJ78: Y
B79: 43765 | C79: 0.72569444 | E79: D | F79: 2 | G79: =VLOOKUP(F79,Key!$A$17:$B$21,2,FALSE) -> Road Vehicle | H79: 4 | I79: =VLOOKUP(H79,Key!$A$2:$B$13,2,FALSE) -> Minibus | J79: M | K79: 1 | L79: =VLOOKUP(K79,Key!$A$24:$B$29,2,FALSE) -> 20-29 | M79: KITORO | N79: WAKISO | O79: UG | P79: 2 | Q79: =VLOOKUP(P79,Key!$E$2:$F$9,2,FALSE) -> Work | R79: CENTRAL PARK | S79: KAMPALA | T79: UG | U79: 2 | V79: =VLOOKUP(U79,Key!$E$2:$F$9,2,FALSE) -> Work | W79: =Q79&"-"&V79 -> Work-Work | X79: 40000 | Y79: 36 | Z79: 1 | AA79: 2 | AB79: =VLOOKUP(AA79,Key!$C$20:$D$29,2,FALSE) -> Manual Labour | AC79: 1 | AD79: =VLOOKUP(AC79,Key!$E$20:$F$24,2,FALSE) -> <300,000 | AE79: 3 | AF79: 1 | AG79: 4 | AH79: 2 | AI79: 5 | AJ79: Y
B80: 43765 | C80: 0.69583333 | E80: D | F80: 2 | G80: =VLOOKUP(F80,Key!$A$17:$B$21,2,FALSE) -> Road Vehicle | H80: 4 | I80: =VLOOKUP(H80,Key!$A$2:$B$13,2,FALSE) -> Minibus | J80: M | K80: 1 | L80: =VLOOKUP(K80,Key!$A$24:$B$29,2,FALSE) -> 20-29 | M80: GAYAZA | N80: WAKISO | O80: UG | P80: 2 | Q80: =VLOOKUP(P80,Key!$E$2:$F$9,2,FALSE) -> Work | R80: KASENYI | S80: WAKISO | T80: UG | U80: 2 | V80: =VLOOKUP(U80,Key!$E$2:$F$9,2,FALSE) -> Work | W80: =Q80&"-"&V80 -> Work-Work | X80: 60000 | Z80: 3 | AA80: 2 | AB80: =VLOOKUP(AA80,Key!$C$20:$D$29,2,FALSE) -> Manual Labour | AC80: 1 | AD80: =VLOOKUP(AC80,Key!$E$20:$F$24,2,FALSE) -> <300,000 | AE80: 3 | AF80: 1 | AG80: 4 | AH80: 2 | AI80: 5 | AJ80: Y | AK80: 2000
B81: 43765 | C81: 0.68541667 | E81: D | F81: 2 | G81: =VLOOKUP(F81,Key!$A$17:$B$21,2,FALSE) -> Road Vehicle | H81: 4 | I81: =VLOOKUP(H81,Key!$A$2:$B$13,2,FALSE) -> Minibus | J81: M | K81: 1 | L81: =VLOOKUP(K81,Key!$A$24:$B$29,2,FALSE) -> 20-29 | M81: KITORO | N81: WAKISO | O81: UG | P81: 2 | Q81: =VLOOKUP(P81,Key!$E$2:$F$9,2,FALSE) -> Work | R81: KAMPALA CITY | S81: KAMPALA | T81: UG | U81: 2 | V81: =VLOOKUP(U81,Key!$E$2:$F$9,2,FALSE) -> Work | W81: =Q81&"-"&V81 -> Work-Work | X81: 40000 | Y81: 36 | Z81: 1.3 | AA81: 2 | AB81: =VLOOKUP(AA81,Key!$C$20:$D$29,2,FALSE) -> Manual Labour | AC81: 1 | AD81: =VLOOKUP(AC81,Key!$E$20:$F$24,2,FALSE) -> <300,000 | AE81: 2 | AF81: 1 | AG81: 5 | AH81: 3 | AI81: 4 | AJ81: Y
B82: 43765 | C82: 0.67361111 | E82: D | F82: 2 | G82: =VLOOKUP(F82,Key!$A$17:$B$21,2,FALSE) -> Road Vehicle | H82: 4 | I82: =VLOOKUP(H82,Key!$A$2:$B$13,2,FALSE) -> Minibus | J82: M | K82: 1 | L82: =VLOOKUP(K82,Key!$A$24:$B$29,2,FALSE) -> 20-29 | M82: KITORO | N82: WAKISO | O82: UG | P82: 2 | Q82: =VLOOKUP(P82,Key!$E$2:$F$9,2,FALSE) -> Work | R82: BUJJUKO | S82: MPIGI | T82: UG | U82: 2 | V82: =VLOOKUP(U82,Key!$E$2:$F$9,2,FALSE) -> Work | W82: =Q82&"-"&V82 -> Work-Work | X82: 50000 | Y82: 62 | Z82: 2 | AA82: 2 | AB82: =VLOOKUP(AA82,Key!$C$20:$D$29,2,FALSE) -> Manual Labour | AC82: 1 | AD82: =VLOOKUP(AC82,Key!$E$20:$F$24,2,FALSE) -> <300,000 | AE82: 2 | AF82: 3 | AG82: 4 | AH82: 1 | AI82: 5 | AJ82: Y
B83: 43765 | C83: 0.65902778 | E83: D | F83: 2 | G83: =VLOOKUP(F83,Key!$A$17:$B$21,2,FALSE) -> Road Vehicle | H83: 4 | I83: =VLOOKUP(H83,Key!$A$2:$B$13,2,FALSE) -> Minibus | J83: M | K83: 1 | L83: =VLOOKUP(K83,Key!$A$24:$B$29,2,FALSE) -> 20-29 | M83: KITORO | N83: WAKISO | O83: UG | P83: 2 | Q83: =VLOOKUP(P83,Key!$E$2:$F$9,2,FALSE) -> Work | R83: GAABA | S83: WAKISO | T83: UG | U83: 2 | V83: =VLOOKUP(U83,Key!$E$2:$F$9,2,FALSE) -> Work | W83: =Q83&"-"&V83 -> Work-Work | X83: 60000 | Y83: 72 | Z83: 2.5 | AA83: 2 | AB83: =VLOOKUP(AA83,Key!$C$20:$D$29,2,FALSE) -> Manual Labour | AC83: 1 | AD83: =VLOOKUP(AC83,Key!$E$20:$F$24,2,FALSE) -> <300,000 | AE83: 1 | AF83: 2 | AG83: 3 | AH83: 4 | AI83: 5 | AJ83: Y
B84: 43765 | C84: 0.66527778 | E84: D | F84: 2 | G84: =VLOOKUP(F84,Key!$A$17:$B$21,2,FALSE) -> Road Vehicle | H84: 4 | I84: =VLOOKUP(H84,Key!$A$2:$B$13,2,FALSE) -> Minibus | J84: M | K84: 1 | L84: =VLOOKUP(K84,Key!$A$24:$B$29,2,FALSE) -> 20-29 | M84: KITORO | N84: WAKISO | O84: UG | P84: 2 | Q84: =VLOOKUP(P84,Key!$E$2:$F$9,2,FALSE) -> Work | R84: WAKISO | S84: WAKISO | T84: UG | U84: 2 | V84: =VLOOKUP(U84,Key!$E$2:$F$9,2,FALSE) -> Work | W84: =Q84&"-"&V84 -> Work-Work | X84: 55000 | Y84: 57 | Z84: 0.9 | AA84: 2 | AB84: =VLOOKUP(AA84,Key!$C$20:$D$29,2,FALSE) -> Manual Labour | AC84: 1 | AD84: =VLOOKUP(AC84,Key!$E$20:$F$24,2,FALSE) -> <300,000 | AE84: 4 | AF84: 1 | AG84: 3 | AH84: 2 | AI84: 5 | AJ84: Y
B85: 43765 | C85: 0.70138889 | E85: D | F85: 2 | G85: =VLOOKUP(F85,Key!$A$17:$B$21,2,FALSE) -> Road Vehicle | H85: 4 | I85: =VLOOKUP(H85,Key!$A$2:$B$13,2,FALSE) -> Minibus | J85: M | K85: 1 | L85: =VLOOKUP(K85,Key!$A$24:$B$29,2,FALSE) -> 20-29 | M85: KITORO | N85: WAKISO | O85: UG | P85: 2 | Q85: =VLOOKUP(P85,Key!$E$2:$F$9,2,FALSE) -> Work | R85: TAXI PARK | S85: KAMPALA | T85: UG | U85: 2 | V85: =VLOOKUP(U85,Key!$E$2:$F$9,2,FALSE) -> Work | W85: =Q85&"-"&V85 -> Work-Work | X85: 35000 | Y85: 36 | Z85: 1 | AA85: 2 | AB85: =VLOOKUP(AA85,Key!$C$20:$D$29,2,FALSE) -> Manual Labour | AC85: 1 | AD85: =VLOOKUP(AC85,Key!$E$20:$F$24,2,FALSE) -> <300,000 | AE85: 1 | AF85: 2 | AG85: 3 | AH85: 4 | AI85: 5 | AJ85: Y | AK85: 2000
B86: 43765 | C86: 0.62430556 | E86: D | F86: 2 | G86: =VLOOKUP(F86,Key!$A$17:$B$21,2,FALSE) -> Road Vehicle | H86: 3 | I86: =VLOOKUP(H86,Key!$A$2:$B$13,2,FALSE) -> Pickups | J86: F | K86: 1 | L86: =VLOOKUP(K86,Key!$A$24:$B$29,2,FALSE) -> 20-29 | M86: GABA | N86: KAMPALA | O86: UG | P86: 1 | Q86: =VLOOKUP(P86,Key!$E$2:$F$9,2,FALSE) -> Home | R86: AIRPORT | S86: WAKISO | T86: UG | U86: 2 | V86: =VLOOKUP(U86,Key!$E$2:$F$9,2,FALSE) -> Work | W86: =Q86&"-"&V86 -> Home-Work | X86: 150000 | Y86: 45 | Z86: 3.5 | AA86: 5 | AB86: =VLOOKUP(AA86,Key!$C$20:$D$29,2,FALSE) -> Professional | AC86: 2 | AD86: =VLOOKUP(AC86,Key!$E$20:$F$24,2,FALSE) -> 300,000-500,000 | AE86: 5 | AF86: 1 | AG86: 4 | AH86: 1 | AI86: 1 | AJ86: Y | AK86: 4000
B87: 43765 | C87: 0.42361111 | E87: D | F87: 2 | G87: =VLOOKUP(F87,Key!$A$17:$B$21,2,FALSE) -> Road Vehicle | H87: 2 | I87: =VLOOKUP(H87,Key!$A$2:$B$13,2,FALSE) -> Station Wagon | J87: F | K87: 1 | L87: =VLOOKUP(K87,Key!$A$24:$B$29,2,FALSE) -> 20-29 | M87: BUSEGA | N87: WAKISO | O87: UG | P87: 1 | Q87: =VLOOKUP(P87,Key!$E$2:$F$9,2,FALSE) -> Home | R87: AIRPORT | S87: WAKISO | T87: UG | U87: 2 | V87: =VLOOKUP(U87,Key!$E$2:$F$9,2,FALSE) -> Work | W87: =Q87&"-"&V87 -> Home-Work | X87: 30000 | Y87: 35 | Z87: 1 | AA87: 4 | AB87: =VLOOKUP(AA87,Key!$C$20:$D$29,2,FALSE) -> Office Worker | AC87: 3 | AD87: =VLOOKUP(AC87,Key!$E$20:$F$24,2,FALSE) -> 500,000-750,000 | AE87: 1 | AF87: 1 | AG87: 1 | AH87: 1 | AI87: 1 | AJ87: Y | AK87: 10000
B88: 43765 | C88: 0.43402778 | E88: P | F88: 2 | G88: =VLOOKUP(F88,Key!$A$17:$B$21,2,FALSE) -> Road Vehicle | H88: 2 | I88: =VLOOKUP(H88,Key!$A$2:$B$13,2,FALSE) -> Station Wagon | J88: F | K88: 1 | L88: =VLOOKUP(K88,Key!$A$24:$B$29,2,FALSE) -> 20-29 | M88: ENTEBBE | N88: WAKISO | O88: UG | P88: 4 | Q88: =VLOOKUP(P88,Key!$E$2:$F$9,2,FALSE) -> Commercial | R88: KASENYI | S88: WAKISO | T88: UG | U88: 6 | V88: =VLOOKUP(U88,Key!$E$2:$F$9,2,FALSE) -> Leisure/Social | W88: =Q88&"-"&V88 -> Commercial-Leisure/Social | X88: 1000 | Y88: 8 | Z88: 0.1 | AA88: 2 | AB88: =VLOOKUP(AA88,Key!$C$20:$D$29,2,FALSE) -> Manual Labour | AC88: 1 | AD88: =VLOOKUP(AC88,Key!$E$20:$F$24,2,FALSE) -> <300,000 | AE88: 1 | AF88: 2 | AG88: 4 | AH88: 3 | AI88: 5 | AJ88: Y | AK88: 2000
B89: 43765 | C89: 0.35763889 | E89: D | F89: 2 | G89: =VLOOKUP(F89,Key!$A$17:$B$21,2,FALSE) -> Road Vehicle | H89: 2 | I89: =VLOOKUP(H89,Key!$A$2:$B$13,2,FALSE) -> Station Wagon | J89: M | K89: 1 | L89: =VLOOKUP(K89,Key!$A$24:$B$29,2,FALSE) -> 20-29 | M89: KAJJANSI | N89: WAKISO | O89: UG | P89: 2 | Q89: =VLOOKUP(P89,Key!$E$2:$F$9,2,FALSE) -> Work | R89: AIRPORT | S89: WAKISO | T89: UG | U89: 1 | V89: =VLOOKUP(U89,Key!$E$2:$F$9,2,FALSE) -> Home | W89: =Q89&"-"&V89 -> Work-Home | X89: 15000 | Y89: 28 | Z89: 0.5 | AA89: 4 | AB89: =VLOOKUP(AA89,Key!$C$20:$D$29,2,FALSE) -> Office Worker | AC89: 2 | AD89: =VLOOKUP(AC89,Key!$E$20:$F$24,2,FALSE) -> 300,000-500,000 | AE89: 1 | AF89: 1 | AG89: 1 | AH89: 1 | AI89: 1 | AJ89: Y | AK89: 9000
B90: 43765 | C90: 0.71388889 | E90: D | F90: 2 | G90: =VLOOKUP(F90,Key!$A$17:$B$21,2,FALSE) -> Road Vehicle | H90: 1 | I90: =VLOOKUP(H90,Key!$A$2:$B$13,2,FALSE) -> Car | J90: F | K90: 2 | L90: =VLOOKUP(K90,Key!$A$24:$B$29,2,FALSE) -> 30-39 | M90: KAMPALA CITY | N90: KAMPALA | O90: UG | P90: 1 | Q90: =VLOOKUP(P90,Key!$E$2:$F$9,2,FALSE) -> Home | R90: ENTEBBE TOWN | S90: WAKISO | T90: UG | U90: 2 | V90: =VLOOKUP(U90,Key!$E$2:$F$9,2,FALSE) -> Work | W90: =Q90&"-"&V90 -> Home-Work | X90: 30000 | Y90: 38 | Z90: 1.5 | AA90: 6 | AB90: =VLOOKUP(AA90,Key!$C$20:$D$29,2,FALSE) -> Businessman | AC90: 3 | AD90: =VLOOKUP(AC90,Key!$E$20:$F$24,2,FALSE) -> 500,000-750,000 | AE90: 5 | AF90: 1 | AG90: 2 | AH90: 1 | AI90: 2 | AJ90: Y | AK90: 1000
B91: 43765 | C91: 0.31597222 | E91: P | F91: 2 | G91: =VLOOKUP(F91,Key!$A$17:$B$21,2,FALSE) -> Road Vehicle | H91: 1 | I91: =VLOOKUP(H91,Key!$A$2:$B$13,2,FALSE) -> Car | J91: M | K91: 2 | L91: =VLOOKUP(K91,Key!$A$24:$B$29,2,FALSE) -> 30-39 | M91: KAMPALA CITY | N91: KAMPALA | O91: UG | P91: 2 | Q91: =VLOOKUP(P91,Key!$E$2:$F$9,2,FALSE) -> Work | R91: KITORO | S91: WAKISO | T91: UG | U91: 1 | V91: =VLOOKUP(U91,Key!$E$2:$F$9,2,FALSE) -> Home | W91: =Q91&"-"&V91 -> Work-Home | X91: 3000 | Y91: 36 | Z91: 1 | AA91: 6 | AB91: =VLOOKUP(AA91,Key!$C$20:$D$29,2,FALSE) -> Businessman | AC91: 3 | AD91: =VLOOKUP(AC91,Key!$E$20:$F$24,2,FALSE) -> 500,000-750,000 | AE91: 2 | AF91: 1 | AG91: 1 | AH91: 1 | AI91: 2 | AJ91: Y | AK91: 1000
B92: 43765 | C92: 0.35277778 | E92: D | F92: 2 | G92: =VLOOKUP(F92,Key!$A$17:$B$21,2,FALSE) -> Road Vehicle | H92: 1 | I92: =VLOOKUP(H92,Key!$A$2:$B$13,2,FALSE) -> Car | J92: M | K92: 2 | L92: =VLOOKUP(K92,Key!$A$24:$B$29,2,FALSE) -> 30-39 | M92: KITORO | N92: WAKISO | O92: UG | P92: 1 | Q92: =VLOOKUP(P92,Key!$E$2:$F$9,2,FALSE) -> Home | R92: MUKONO TOWN | S92: MUKONO | T92: UG | U92: 2 | V92: =VLOOKUP(U92,Key!$E$2:$F$9,2,FALSE) -> Work | W92: =Q92&"-"&V92 -> Home-Work | X92: 70000 | Y92: 150 | Z92: 3.5 | AA92: 4 | AB92: =VLOOKUP(AA92,Key!$C$20:$D$29,2,FALSE) -> Office Worker | AC92: 3 | AD92: =VLOOKUP(AC92,Key!$E$20:$F$24,2,FALSE) -> 500,000-750,000 | AE92: 5 | AF92: 1 | AG92: 2 | AH92: 2 | AI92: 1 | AJ92: Y | AK92: 1000
B93: 43765 | C93: 0.48055556 | E93: D | F93: 2 | G93: =VLOOKUP(F93,Key!$A$17:$B$21,2,FALSE) -> Road Vehicle | H93: 1 | I93: =VLOOKUP(H93,Key!$A$2:$B$13,2,FALSE) -> Car | J93: M | K93: 2 | L93: =VLOOKUP(K93,Key!$A$24:$B$29,2,FALSE) -> 30-39 | M93: KAMPALA CITY | N93: KAMPALA | O93: UG | P93: 1 | Q93: =VLOOKUP(P93,Key!$E$2:$F$9,2,FALSE) -> Home | R93: ENTEBBE | S93: WAKISO | T93: UG | U93: 2 | V93: =VLOOKUP(U93,Key!$E$2:$F$9,2,FALSE) -> Work | W93: =Q93&"-"&V93 -> Home-Work | X93: 3000 | Y93: 37 | Z93: 1 | AA93: 6 | AB93: =VLOOKUP(AA93,Key!$C$20:$D$29,2,FALSE) -> Businessman | AC93: 4 | AD93: =VLOOKUP(AC93,Key!$E$20:$F$24,2,FALSE) -> 750,000-1,000,000 | AE93: 2 | AF93: 1 | AG93: 2 | AH93: 1 | AI93: 2 | AJ93: Y | AK93: 1000
B94: 43765 | C94: 0.45277778 | E94: P | F94: 2 | G94: =VLOOKUP(F94,Key!$A$17:$B$21,2,FALSE) -> Road Vehicle | H94: 1 | I94: =VLOOKUP(H94,Key!$A$2:$B$13,2,FALSE) -> Car | J94: M | K94: 2 | L94: =VLOOKUP(K94,Key!$A$24:$B$29,2,FALSE) -> 30-39 | M94: ENTEBBE | N94: WAKISO | O94: UG | P94: 1 | Q94: =VLOOKUP(P94,Key!$E$2:$F$9,2,FALSE) -> Home | R94: KAMPALA CITY | S94: KAMPALA | T94: UG | U94: 2 | V94: =VLOOKUP(U94,Key!$E$2:$F$9,2,FALSE) -> Work | W94: =Q94&"-"&V94 -> Home-Work | X94: 3000 | Y94: 36 | Z94: 1.5 | AA94: 4 | AB94: =VLOOKUP(AA94,Key!$C$20:$D$29,2,FALSE) -> Office Worker | AC94: 2 | AD94: =VLOOKUP(AC94,Key!$E$20:$F$24,2,FALSE) -> 300,000-500,000 | AE94: 5 | AF94: 2 | AG94: 2 | AH94: 2 | AI94: 2 | AJ94: Y | AK94: 1000
B95: 43765 | C95: 0.42986111 | E95: D | F95: 2 | G95: =VLOOKUP(F95,Key!$A$17:$B$21,2,FALSE) -> Road Vehicle | H95: 1 | I95: =VLOOKUP(H95,Key!$A$2:$B$13,2,FALSE) -> Car | J95: M | K95: 2 | L95: =VLOOKUP(K95,Key!$A$24:$B$29,2,FALSE) -> 30-39 | M95: LWEZA | N95: WAKISO | O95: UG | P95: 1 | Q95: =VLOOKUP(P95,Key!$E$2:$F$9,2,FALSE) -> Home | R95: LIDO BEACH | S95: WAKISO | T95: UG | U95: 6 | V95: =VLOOKUP(U95,Key!$E$2:$F$9,2,FALSE) -> Leisure/Social | W95: =Q95&"-"&V95 -> Home-Leisure/Social | X95: 20000 | Y95: 29 | Z95: 0.6 | AA95: 4 | AB95: =VLOOKUP(AA95,Key!$C$20:$D$29,2,FALSE) -> Office Worker | AC95: 3 | AD95: =VLOOKUP(AC95,Key!$E$20:$F$24,2,FALSE) -> 500,000-750,000 | AE95: 1 | AF95: 2 | AG95: 2 | AH95: 1 | AI95: 2 | AJ95: Y | AK95: 1000
B96: 43765 | C96: 0.44861111 | E96: P | F96: 2 | G96: =VLOOKUP(F96,Key!$A$17:$B$21,2,FALSE) -> Road Vehicle | H96: 1 | I96: =VLOOKUP(H96,Key!$A$2:$B$13,2,FALSE) -> Car | J96: M | K96: 2 | L96: =VLOOKUP(K96,Key!$A$24:$B$29,2,FALSE) -> 30-39 | M96: KITENDE | N96: WAKISO | O96: UG | P96: 1 | Q96: =VLOOKUP(P96,Key!$E$2:$F$9,2,FALSE) -> Home | R96: SPINA BEACH | S96: WAKISO | T96: UG | U96: 6 | V96: =VLOOKUP(U96,Key!$E$2:$F$9,2,FALSE) -> Leisure/Social | W96: =Q96&"-"&V96 -> Home-Leisure/Social | X96: 2000 | Y96: 20 | Z96: 0.9 | AA96: 6 | AB96: =VLOOKUP(AA96,Key!$C$20:$D$29,2,FALSE) -> Businessman | AC96: 2 | AD96: =VLOOKUP(AC96,Key!$E$20:$F$24,2,FALSE) -> 300,000-500,000 | AE96: 1 | AF96: 1 | AG96: 2 | AH96: 1 | AI96: 1 | AJ96: Y | AK96: 500
... B102: 43765 | C102: 0.51041667 | E102: D | F102: 2 | G102: =VLOOKUP(F102,Key!$A$17:$B$21,2,FALSE) -> Road Vehicle | H102: 1 | I102: =VLOOKUP(H102,Key!$A$2:$B$13,2,FALSE) -> Car | J102: M | K102: 2 | L102: =VLOOKUP(K102,Key!$A$24:$B$29,2,FALSE) -> 30-39 | M102: SEETA | N102: MUKONO | O102: UG | P102: 1 | Q102: =VLOOKUP(P102,Key!$E$2:$F$9,2,FALSE) -> Home | R102: AIRPORT | S102: WAKISO | T102: UG | U102: 1 | V102: =VLOOKUP(U102,Key!$E$2:$F$9,2,FALSE) -> Home | W102: =Q102&"-"&V102 -> Home-Home | X102: 150000 | Y102: 42 | Z102: 3 | AA102: 5 | AB102: =VLOOKUP(AA102,Key!$C$20:$D$29,2,FALSE) -> Professional | AC102: 2 | AD102: =VLOOKUP(AC102,Key!$E$20:$F$24,2,FALSE) -> 300,000-500,000 | AE102: 5 | AF102: 1 | AG102: 4 | AH102: 1 | AI102: 2 | AJ102: Y | AK102: 5000
B103: 43765 | C103: 0.47569444 | E103: D | F103: 2 | G103: =VLOOKUP(F103,Key!$A$17:$B$21,2,FALSE) -> Road Vehicle | H103: 1 | I103: =VLOOKUP(H103,Key!$A$2:$B$13,2,FALSE) -> Car | J103: M | K103: 2 | L103: =VLOOKUP(K103,Key!$A$24:$B$29,2,FALSE) -> 30-39 | M103: NTINDA | N103: KAMPALA | O103: UG | P103: 1 | Q103: =VLOOKUP(P103,Key!$E$2:$F$9,2,FALSE) -> Home | R103: KITORO | S103: WAKISO | T103: UG | U103: 2 | V103: =VLOOKUP(U103,Key!$E$2:$F$9,2,FALSE) -> Work | W103: =Q103&"-"&V103 -> Home-Work | X103: 50000 | Y103: 150 | Z103: 3 | AA103: 5 | AB103: =VLOOKUP(AA103,Key!$C$20:$D$29,2,FALSE) -> Professional | AC103: 2 | AD103: =VLOOKUP(AC103,Key!$E$20:$F$24,2,FALSE) -> 300,000-500,000 | AE103: 1 | AF103: 5 | AG103: 1 | AH103: 1 | AI103: 2 | AJ103: Y
B104: 43765 | C104: 0.44166667 | E104: D | F104: 2 | G104: =VLOOKUP(F104,Key!$A$17:$B$21,2,FALSE) -> Road Vehicle | H104: 1 | I104: =VLOOKUP(H104,Key!$A$2:$B$13,2,FALSE) -> Car | J104: M | K104: 2 | L104: =VLOOKUP(K104,Key!$A$24:$B$29,2,FALSE) -> 30-39 | M104: KOLOLO | N104: KAMPALA | O104: UG | P104: 1 | Q104: =VLOOKUP(P104,Key!$E$2:$F$9,2,FALSE) -> Home | R104: ENTEBBE TOWN | S104: WAKISO | T104: UG | U104: 7 | V104: =VLOOKUP(U104,Key!$E$2:$F$9,2,FALSE) -> Hospital | W104: =Q104&"-"&V104 -> Home-Hospital | X104: 50000 | Y104: 100 | Z104: 1.5 | AA104: 5 | AB104: =VLOOKUP(AA104,Key!$C$20:$D$29,2,FALSE) -> Professional | AC104: 2 | AD104: =VLOOKUP(AC104,Key!$E$20:$F$24,2,FALSE) -> 300,000-500,000 | AE104: 1 | AF104: 1 | AG104: 1 | AH104: 1 | AI104: 1 | AJ104: Y | AK104: 4000
B105: 43765 | C105: 0.33333333 | E105: D | F105: 2 | G105: =VLOOKUP(F105,Key!$A$17:$B$21,2,FALSE) -> Road Vehicle | H105: 1 | I105: =VLOOKUP(H105,Key!$A$2:$B$13,2,FALSE) -> Car | J105: M | K105: 2 | L105: =VLOOKUP(K105,Key!$A$24:$B$29,2,FALSE) -> 30-39 | M105: KAJJANSI | N105: WAKISO | O105: UG | P105: 1 | Q105: =VLOOKUP(P105,Key!$E$2:$F$9,2,FALSE) -> Home | R105: AIRPORT | S105: WAKISO | T105: UG | U105: 2 | V105: =VLOOKUP(U105,Key!$E$2:$F$9,2,FALSE) -> Work | W105: =Q105&"-"&V105 -> Home-Work | X105: 15000 | Y105: 15 | Z105: 0.8 | AA105: 5 | AB105: =VLOOKUP(AA105,Key!$C$20:$D$29,2,FALSE) -> Professional | AC105: 2 | AD105: =VLOOKUP(AC105,Key!$E$20:$F$24,2,FALSE) -> 300,000-500,000 | AE105: 1 | AF105: 1 | AG105: 2 | AH105: 1 | AI105: 1 | AJ105: Y | AK105: 10000
B106: 43765 | C106: 0.59375 | E106: D | F106: 2 | G106: =VLOOKUP(F106,Key!$A$17:$B$21,2,FALSE) -> Road Vehicle | H106: 1 | I106: =VLOOKUP(H106,Key!$A$2:$B$13,2,FALSE) -> Car | J106: M | K106: 2 | L106: =VLOOKUP(K106,Key!$A$24:$B$29,2,FALSE) -> 30-39 | M106: KITORO | N106: WAKISO | O106: UG | P106: 2 | Q106: =VLOOKUP(P106,Key!$E$2:$F$9,2,FALSE) -> Work | R106: KIBUYE | S106: KAMPALA | T106: UG | U106: 1 | V106: =VLOOKUP(U106,Key!$E$2:$F$9,2,FALSE) -> Home | W106: =Q106&"-"&V106 -> Work-Home | X106: 30000 | Y106: 38 | Z106: 1 | AA106: 5 | AB106: =VLOOKUP(AA106,Key!$C$20:$D$29,2,FALSE) -> Professional | AC106: 1 | AD106: =VLOOKUP(AC106,Key!$E$20:$F$24,2,FALSE) -> <300,000 | AE106: 5 | AF106: 1 | AG106: 5 | AH106: 1 | AI106: 1 | AJ106: Y | AK106: 1000
B107: 43765 | C107: 0.40555556 | E107: D | F107: 2 | G107: =VLOOKUP(F107,Key!$A$17:$B$21,2,FALSE) -> Road Vehicle | H107: 1 | I107: =VLOOKUP(H107,Key!$A$2:$B$13,2,FALSE) -> Car | J107: M | K107: 2 | L107: =VLOOKUP(K107,Key!$A$24:$B$29,2,FALSE) -> 30-39 | M107: MASAKA | N107: MASAKA | O107: UG | P107: 1 | Q107: =VLOOKUP(P107,Key!$E$2:$F$9,2,FALSE) -> Home | R107: ENTEBBE | S107: WAKISO | T107: UG | U107: 1 | V107: =VLOOKUP(U107,Key!$E$2:$F$9,2,FALSE) -> Home | W107: =Q107&"-"&V107 -> Home-Home | X107: 130000 | Y107: 200 | Z107: 4 | AA107: 4 | AB107: =VLOOKUP(AA107,Key!$C$20:$D$29,2,FALSE) -> Office Worker | AC107: 2 | AD107: =VLOOKUP(AC107,Key!$E$20:$F$24,2,FALSE) -> 300,000-500,000 | AE107: 1 | AF107: 4 | AG107: 1 | AH107: 1 | AI107: 1 | AJ107: Y | AK107: 1000
...

Sheet RSI FORM
B1: Feasibility Study and Detailed Design of Kampala - Jinja Highway
B2: Roadside OD Interview Survey
B4: Date: | C4: 40465 | D4: Interviewer: | G4: Survey Station: | H4: Bweyogerere | J4: Direction: | K4: Bweyogerere-Kireka | L4: Coded By: | N4: Chkd By:
B7: Time Period | C7: Veh_Type | D7: Veh_Other | E7: Occupancy | F7: Origin_Address | H7: Origin_Purpose | I7: Origin_other | J7: Destination_Address | L7: Destination_Purpose | M7: Destination_Other | N7: Origin_Zone | O7: Dest_Zone | P7: WTP
F8: Village/Town | G8: City/Country | J8: Village/Town | K8: City/Country
B9: AM | C9: 3 | E9: 2 | F9: Entebbe | G9: Kla, Ug | H9: 1 | J9: Kla | K9: Kla, Ug | L9: 2 | N9: Blank | O9: Blank | P9: Yes | Q9: 3000
B10: AM | C10: 1 | E10: 1 | F10: Kiwanga | G10: Kla, Ug | H10: 1 | J10: Kla | K10: Kla, Ug | L10: 2 | N10: Blank | O10: Blank | P10: Yes | Q10: 2000
B11: AM | E11: 1 | F11: Bukoto | G11: Kla, Ug | H11: 3 | J11: Kla | K11: Kla, Ug | L11: 1 | N11: Blank | O11: Blank
B12: AM
B13: AM
B14: AM
B15: AM
B16: AM
B17: AM
B18: AM
B19: AM
B20: AM
B21: AM
B22: AM
B23: AM
... B53: AM

Sheet Key
B1: Vehicle Type | D1: Establishment Type | F1: Origin / Destination Purpose | H1: Trip Frequency | J1: Goods Type
A2: 1 | B2: Car | C2: 1 | D2: Residential | E2: 1 | F2: Home | G2: 1 | H2: more than 2 times every day | I2: 1 | J2: Food crop (Maize,rice,wheat etc)
A3: 2 | B3: Station Wagon | C3: 2 | D3: Office | E3: 2 | F3: Work | G3: 2 | H3: Daily (Up and Down) | I3: 2 | J3: Cash Crops (coffee,tea etc)
A4: 3 | B4: Pickups | C4: 3 | D4: Factory | E4: 3 | F4: Study | G4: 3 | H4: 2/3 times a week | I4: 3 | J4: Perishable (fish,milk,tea etc)
A5: 4 | B5: Minibus | C5: 4 | D5: Educational Facility | E5: 4 | F5: Commercial | G5: 4 | H5: Once a week | I5: 4 | J5: Construction Material (cement, gravel,stones,gravel,pipes)
A6: 5 | B6: Medium bus | C6: 5 | D6: Hospital | E6: 5 | F6: Tourism | G6: 5 | H6: Once a month | I6: 5 | J6: Metal/machinery
A7: 6 | B7: Large Bus | C7: 6 | D7: Bus / Taxi Park | E7: 6 | F7: Leisure/Social | G7: 6 | H7: Once in a while | I7: 6 | J7: Forestry products (timber & charcoal)
A8: 7 | B8: Light Truck | C8: 7 | D8: Wholesale shopping | E8: 7 | F8: Hospital | I8: 7 | J8: Fuels (any petroleum products)
A9: 8 | B9: Medium Truck | C9: 8 | D9: Boda boda stage | E9: 8 | F9: Others | I9: 8 | J9: Chemical Products (fertilizer,paints)
A10: 9 | B10: Heavy truck | C10: 9 | D10: Farm | I10: 9 | J10: Livestock (cows,goats,camel etc)
A11: 10 | B11: Truck Trailer | C11: 10 | D11: Construction Site | I11: 10 | J11: Household retail products (beverage,oil,sugar,salt,flour)
A12: 11 | B12: Motor cycles | C12: 11 | D12: Retail Shop/Market | I12: 11 | J12: Empty
A13: 12 | B13: Tractors | C13: 12 | D13: Warehouse | I13: 12 | J13: Others (Pl specify)
C14: 13 | D14: Harbour
C15: 14 | D15: Timber Centre
B16: Mode Number | C16: 15 | D16: Quarry
A17: 1 | B17: Walking/Cycling | C17: 16 | D17: Others (to be specified)
A18: 2 | B18: Road Vehicle
A19: 3 | B19: Rail | D19: Profession | F19: Monthly Income
A20: 4 | B20: Water/Ferry | C20: 1 | D20: Unemployed | E20: 1 | F20: <300,000
A21: 5 | B21: Air | C21: 2 | D21: Manual Labour | E21: 2 | F21: 300,000-500,000
C22: 3 | D22: Artisan/Domestic | E22: 3 | F22: 500,000-750,000
B23: Age Bracket No. | C23: 4 | D23: Office Worker | E23: 4 | F23: 750,000-1,000,000
A24: 1 | B24: 20-29 | C24: 5 | D24: Professional | E24: 5 | F24: >1,000,000
A25: 2 | B25: 30-39 | C25: 6 | D25: Businessman
A26: 3 | B26: 40-49 | C26: 7 | D26: Farmer
A27: 4 | B27: 50-59 | C27: 8 | D27: Student
A28: 5 | B28: 60-69 | C28: 9 | D28: Retired
A29: 6 | B29: 70- | C29: 10 | D29: Other
