Workbook

Sheet 31.07 Koboko-Arua
B1: Consultancy services for Preparation of Expressway Development Master Plan (EDMP) for Uganda
B2: MANUAL CLASSIFIED COUNT (MCC)
B3: ROAD NAME: | C3: MCC - C5 - STN127 - KOBOKO-ARUA ROAD
C5: Date | D5: 31.07.19 | F5: Location | G5: xxx | J5: Surveyor | K5: xxx
C6: Dir. From | D6: Koboko | F6: Dir. To | G6: Arua | J6: Supervisor | K6: xxx
B8: Time / Veh Type | R8: SUMMARY TRAFFIC VOLUMES
C9: 1. Car | D9: 2. Station Wagon | E9: 3. Pickups | F9: 4. Minibus, matatu | G9: 5. Medium bus | H9: 6. Large Bus | I9: 7. Light Truck | J9: 8. Medium Truck | K9: 9. Heavy truck | L9: 10. Truck Trailer | M9: 11. Motor cycles | N9: 12. Tractors | O9: Total Excl M/Cycles | P9: Total All | R9: Time | S9: 1. Car | T9: 2. Station Wagon | U9: 3. Pickups | V9: 4. Minibus, matatu | W9: 5. Medium bus | X9: 6. Large Bus | Y9: 7. Light Truck | Z9: 8. Medium Truck | AA9: 9. Heavy truck | AB9: 10. Truck Trailer | AC9: 11. Motorcycles | AD9: 12. Tractors, Graders | AE9: Total Excl M/ Cycles | AF9: Total All
B10: 07.00 - 07.15 | C10: 2 | D10: 0 | E10: 0 | F10: 0 | G10: 0 | H10: 0 | I10: 0 | J10: 0 | K10: 0 | L10: 0 | M10: 8 | N10: 0 | O10: =SUM(C10:L10,N10) -> 2 | P10: =SUM(C10:N10) -> 10 | R10: 0700-0800 | S10: =SUM(C10:C13) -> 11 | T10: =SUM(D10:D13) -> 0 | U10: =SUM(E10:E13) -> 0 | V10: =SUM(F10:F13) -> 3 | W10: =SUM(G10:G13) -> 1 | X10: =SUM(H10:H13) -> 0 | Y10: =SUM(I10:I13) -> 0 | Z10: =SUM(J10:J13) -> 0 | ... AF10: =SUM(P10:P13) -> 87
B11: 07.15 - 07.30 | C11: 0 | D11: 0 | E11: 0 | F11: 0 | G11: 0 | H11: 0 | I11: 0 | J11: 0 | K11: 0 | L11: 0 | M11: 5 | N11: 0 | O11: =SUM(C11:L11,N11) -> 0 | P11: =SUM(C11:N11) -> 5 | R11: 0800-0900 | S11: =SUM(C14:C17) -> 24 | T11: =SUM(D14:D17) -> 1 | U11: =SUM(E14:E17) -> 2 | V11: =SUM(F14:F17) -> 7 | W11: =SUM(G14:G17) -> 0 | X11: =SUM(H14:H17) -> 0 | Y11: =SUM(I14:I17) -> 0 | Z11: =SUM(J14:J17) -> 0 | ... AF11: =SUM(P14:P17) -> 131
B12: 07.30 - 07.45 | C12: 5 | D12: 0 | E12: 0 | F12: 0 | G12: 0 | H12: 0 | I12: 0 | J12: 0 | K12: 0 | L12: 0 | M12: 30 | N12: 0 | O12: =SUM(C12:L12,N12) -> 5 | P12: =SUM(C12:N12) -> 35 | R12: 0900-1000 | S12: =SUM(C18:C21) -> 24 | T12: =SUM(D18:D21) -> 3 | U12: =SUM(E18:E21) -> 6 | V12: =SUM(F18:F21) -> 3 | W12: =SUM(G18:G21) -> 0 | X12: =SUM(H18:H21) -> 0 | Y12: =SUM(I18:I21) -> 6 | Z12: =SUM(J18:J21) -> 0 | ... AF12: =SUM(P18:P21) -> 102
B13: 07.45 - 08.00 | C13: 4 | D13: 0 | E13: 0 | F13: 3 | G13: 1 | H13: 0 | I13: 0 | J13: 0 | K13: 0 | L13: 0 | M13: 29 | N13: 0 | O13: =SUM(C13:L13,N13) -> 8 | P13: =SUM(C13:N13) -> 37 | R13: 1000-1100 | S13: =SUM(C22:C25) -> 25 | T13: =SUM(D22:D25) -> 5 | U13: =SUM(E22:E25) -> 7 | V13: =SUM(F22:F25) -> 4 | W13: =SUM(G22:G25) -> 0 | X13: =SUM(H22:H25) -> 0 | Y13: =SUM(I22:I25) -> 7 | Z13: =SUM(J22:J25) -> 2 | ... AF13: =SUM(P22:P25) -> 156
B14: 08.00 - 08.15 | C14: 3 | D14: 0 | E14: 0 | F14: 1 | G14: 0 | H14: 0 | I14: 0 | J14: 0 | K14: 0 | L14: 0 | M14: 26 | N14: 0 | O14: =SUM(C14:L14,N14) -> 4 | P14: =SUM(C14:N14) -> 30 | R14: 1100-1200 | S14: =SUM(C26:C29) -> 46 | T14: =SUM(D26:D29) -> 5 | U14: =SUM(E26:E29) -> 7 | V14: =SUM(F26:F29) -> 6 | W14: =SUM(G26:G29) -> 0 | X14: =SUM(H26:H29) -> 0 | Y14: =SUM(I26:I29) -> 11 | Z14: =SUM(J26:J29) -> 0 | ... AF14: =SUM(P26:P29) -> 171
B15: 08.15 - 08.30 | C15: 8 | D15: 0 | E15: 0 | F15: 1 | G15: 0 | H15: 0 | I15: 0 | J15: 0 | K15: 0 | L15: 0 | M15: 19 | N15: 0 | O15: =SUM(C15:L15,N15) -> 9 | P15: =SUM(C15:N15) -> 28 | R15: 1200-1300 | S15: =SUM(C30:C33) -> 44 | T15: =SUM(D30:D33) -> 5 | U15: =SUM(E30:E33) -> 6 | V15: =SUM(F30:F33) -> 6 | W15: =SUM(G30:G33) -> 0 | X15: =SUM(H30:H33) -> 0 | Y15: =SUM(I30:I33) -> 8 | Z15: =SUM(J30:J33) -> 3 | ... AF15: =SUM(P30:P33) -> 261
B16: 08.30 - 08.45 | C16: 6 | D16: 0 | E16: 0 | F16: 1 | G16: 0 | H16: 0 | I16: 0 | J16: 0 | K16: 0 | L16: 0 | M16: 30 | N16: 0 | O16: =SUM(C16:L16,N16) -> 7 | P16: =SUM(C16:N16) -> 37 | R16: 1300-1400 | S16: =SUM(C34:C37) -> 38 | T16: =SUM(D34:D37) -> 4 | U16: =SUM(E34:E37) -> 4 | V16: =SUM(F34:F37) -> 2 | W16: =SUM(G34:G37) -> 0 | X16: =SUM(H34:H37) -> 0 | Y16: =SUM(I34:I37) -> 16 | Z16: =SUM(J34:J37) -> 3 | ... AF16: =SUM(P34:P37) -> 205
B17: 08.45 - 9.00 | C17: 7 | D17: 1 | E17: 2 | F17: 4 | G17: 0 | H17: 0 | I17: 0 | J17: 0 | K17: 0 | L17: 0 | M17: 22 | N17: 0 | O17: =SUM(C17:L17,N17) -> 14 | P17: =SUM(C17:N17) -> 36 | R17: 1400-1500 | S17: =SUM(C38:C41) -> 37 | T17: =SUM(D38:D41) -> 4 | U17: =SUM(E38:E41) -> 6 | V17: =SUM(F38:F41) -> 5 | W17: =SUM(G38:G41) -> 0 | X17: =SUM(H38:H41) -> 0 | Y17: =SUM(I38:I41) -> 10 | Z17: =SUM(J38:J41) -> 0 | ... AF17: =SUM(P38:P41) -> 251
B18: 09.00 - 09.15 | C18: 6 | D18: 1 | E18: 2 | F18: 0 | G18: 0 | H18: 0 | I18: 0 | J18: 0 | K18: 0 | L18: 0 | M18: 9 | N18: 0 | O18: =SUM(C18:L18,N18) -> 9 | P18: =SUM(C18:N18) -> 18 | R18: 1500-1600 | S18: =SUM(C42:C45) -> 40 | T18: =SUM(D42:D45) -> 2 | U18: =SUM(E42:E45) -> 3 | V18: =SUM(F42:F45) -> 3 | W18: =SUM(G42:G45) -> 0 | X18: =SUM(H42:H45) -> 0 | Y18: =SUM(I42:I45) -> 7 | Z18: =SUM(J42:J45) -> 1 | ... AF18: =SUM(P42:P45) -> 188
B19: 09.15 - 09.30 | C19: 6 | D19: 1 | E19: 2 | F19: 1 | G19: 0 | H19: 0 | I19: 1 | J19: 0 | K19: 0 | L19: 0 | M19: 19 | N19: 0 | O19: =SUM(C19:L19,N19) -> 11 | P19: =SUM(C19:N19) -> 30 | R19: 1600-1700 | S19: =SUM(C46:C49) -> 37 | T19: =SUM(D46:D49) -> 4 | U19: =SUM(E46:E49) -> 4 | V19: =SUM(F46:F49) -> 4 | W19: =SUM(G46:G49) -> 0 | X19: =SUM(H46:H49) -> 1 | Y19: =SUM(I46:I49) -> 4 | Z19: =SUM(J46:J49) -> 13 | ... AF19: =SUM(P46:P49) -> 198
B20: 09.30 - 09.45 | C20: 5 | D20: 0 | E20: 0 | F20: 1 | G20: 0 | H20: 0 | I20: 2 | J20: 0 | K20: 0 | L20: 0 | M20: 15 | N20: 0 | O20: =SUM(C20:L20,N20) -> 8 | P20: =SUM(C20:N20) -> 23 | R20: 1700-1800 | S20: =SUM(C50:C53) -> 45 | T20: =SUM(D50:D53) -> 3 | U20: =SUM(E50:E53) -> 4 | V20: =SUM(F50:F53) -> 6 | W20: =SUM(G50:G53) -> 1 | X20: =SUM(H50:H53) -> 1 | Y20: =SUM(I50:I53) -> 3 | Z20: =SUM(J50:J53) -> 2 | ... AF20: =SUM(P50:P53) -> 168
B21: 09.45 - 10.00 | C21: 7 | D21: 1 | E21: 2 | F21: 1 | G21: 0 | H21: 0 | I21: 3 | J21: 0 | K21: 0 | L21: 0 | M21: 17 | N21: 0 | O21: =SUM(C21:L21,N21) -> 14 | P21: =SUM(C21:N21) -> 31 | R21: 1800-1900 | S21: =SUM(C54:C57) -> 22 | T21: =SUM(D54:D57) -> 5 | U21: =SUM(E54:E57) -> 5 | V21: =SUM(F54:F57) -> 9 | W21: =SUM(G54:G57) -> 0 | X21: =SUM(H54:H57) -> 1 | Y21: =SUM(I54:I57) -> 5 | Z21: =SUM(J54:J57) -> 6 | ... AF21: =SUM(P54:P57) -> 183
B22: 10.00 - 10.15 | C22: 5 | D22: 1 | E22: 2 | F22: 0 | G22: 0 | H22: 0 | I22: 3 | J22: 1 | K22: 0 | L22: 0 | M22: 18 | N22: 0 | O22: =SUM(C22:L22,N22) -> 12 | P22: =SUM(C22:N22) -> 30 | R22: AM Peak Hr | S22: =MAX(S10:S12) -> 24 | T22: =MAX(T10:T12) -> 3 | U22: =MAX(U10:U12) -> 6 | V22: =MAX(V10:V12) -> 7 | W22: =MAX(W10:W12) -> 1 | X22: =MAX(X10:X12) -> 0 | Y22: =MAX(Y10:Y12) -> 6 | Z22: =MAX(Z10:Z12) -> 0 | ... AF22: =MAX(AF10:AF12) -> 131
B23: 10.15 - 10.30 | C23: 1 | D23: 0 | E23: 0 | F23: 2 | G23: 0 | H23: 0 | I23: 1 | J23: 0 | K23: 0 | L23: 0 | M23: 15 | N23: 0 | O23: =SUM(C23:L23,N23) -> 4 | P23: =SUM(C23:N23) -> 19 | R23: IP Peak Hr | S23: =MAX(S13:S18) -> 46 | T23: =MAX(T13:T18) -> 5 | U23: =MAX(U13:U18) -> 7 | V23: =MAX(V13:V18) -> 6 | W23: =MAX(W13:W18) -> 0 | X23: =MAX(X13:X18) -> 0 | Y23: =MAX(Y13:Y18) -> 16 | Z23: =MAX(Z13:Z18) -> 3 | ... AF23: =MAX(AF13:AF18) -> 261
B24: 10.30 - 10.45 | C24: 5 | D24: 1 | E24: 2 | F24: 2 | G24: 0 | H24: 0 | I24: 1 | J24: 1 | K24: 0 | L24: 0 | M24: 43 | N24: 0 | O24: =SUM(C24:L24,N24) -> 12 | P24: =SUM(C24:N24) -> 55 | R24: PM Peak Hr | S24: =MAX(S19:S21) -> 45 | T24: =MAX(T19:T21) -> 5 | U24: =MAX(U19:U21) -> 5 | V24: =MAX(V19:V21) -> 9 | W24: =MAX(W19:W21) -> 1 | X24: =MAX(X19:X21) -> 1 | Y24: =MAX(Y19:Y21) -> 5 | Z24: =MAX(Z19:Z21) -> 13 | ... AF24: =MAX(AF19:AF21) -> 198
B25: 10.45 - 11.00 | C25: 14 | D25: 3 | E25: 3 | F25: 0 | G25: 0 | H25: 0 | I25: 2 | J25: 0 | K25: 0 | L25: 0 | M25: 30 | N25: 0 | O25: =SUM(C25:L25,N25) -> 22 | P25: =SUM(C25:N25) -> 52 | R25: AM Period | S25: =SUM(S10:S12) -> 59 | T25: =SUM(T10:T12) -> 4 | U25: =SUM(U10:U12) -> 8 | V25: =SUM(V10:V12) -> 13 | W25: =SUM(W10:W12) -> 1 | X25: =SUM(X10:X12) -> 0 | Y25: =SUM(Y10:Y12) -> 6 | Z25: =SUM(Z10:Z12) -> 0 | ... AF25: =SUM(AF10:AF12) -> 320
B26: 11.00 - 11.15 | C26: 16 | D26: 1 | E26: 1 | F26: 1 | G26: 0 | H26: 0 | I26: 3 | J26: 0 | K26: 1 | L26: 0 | M26: 0 | N26: 0 | O26: =SUM(C26:L26,N26) -> 23 | P26: =SUM(C26:N26) -> 23 | R26: IP Period | S26: =SUM(S13:S18) -> 230 | T26: =SUM(T13:T18) -> 25 | U26: =SUM(U13:U18) -> 33 | V26: =SUM(V13:V18) -> 26 | W26: =SUM(W13:W18) -> 0 | X26: =SUM(X13:X18) -> 0 | Y26: =SUM(Y13:Y18) -> 59 | Z26: =SUM(Z13:Z18) -> 9 | ... AF26: =SUM(AF13:AF18) -> 1232
B27: 11.15 - 11.30 | C27: 9 | D27: 1 | E27: 1 | F27: 2 | G27: 0 | H27: 0 | I27: 4 | J27: 0 | K27: 0 | L27: 0 | M27: 24 | N27: 0 | O27: =SUM(C27:L27,N27) -> 17 | P27: =SUM(C27:N27) -> 41 | R27: PM Period | S27: =SUM(S19:S21) -> 104 | T27: =SUM(T19:T21) -> 12 | U27: =SUM(U19:U21) -> 13 | V27: =SUM(V19:V21) -> 19 | W27: =SUM(W19:W21) -> 1 | X27: =SUM(X19:X21) -> 3 | Y27: =SUM(Y19:Y21) -> 12 | Z27: =SUM(Z19:Z21) -> 21 | ... AF27: =SUM(AF19:AF21) -> 549
B28: 11.30 - 11.45 | C28: 10 | D28: 1 | E28: 2 | F28: 2 | G28: 0 | H28: 0 | I28: 2 | J28: 0 | K28: 1 | L28: 0 | M28: 28 | N28: 0 | O28: =SUM(C28:L28,N28) -> 18 | P28: =SUM(C28:N28) -> 46 | R28: 12 Hours | S28: =SUM(S10:S21) -> 393 | T28: =SUM(T10:T21) -> 41 | U28: =SUM(U10:U21) -> 54 | V28: =SUM(V10:V21) -> 58 | W28: =SUM(W10:W21) -> 2 | X28: =SUM(X10:X21) -> 3 | Y28: =SUM(Y10:Y21) -> 77 | Z28: =SUM(Z10:Z21) -> 30 | ... AF28: =SUM(AF10:AF21) -> 2101
B29: 11.45 - 12.00 | C29: 11 | D29: 2 | E29: 3 | F29: 1 | G29: 0 | H29: 0 | I29: 2 | J29: 0 | K29: 0 | L29: 0 | M29: 42 | N29: 0 | O29: =SUM(C29:L29,N29) -> 19 | P29: =SUM(C29:N29) -> 61
B30: 12.00 - 12.15 | C30: 8 | D30: 0 | E30: 0 | F30: 1 | G30: 0 | H30: 0 | I30: 1 | J30: 1 | K30: 0 | L30: 0 | M30: 36 | N30: 0 | O30: =SUM(C30:L30,N30) -> 11 | P30: =SUM(C30:N30) -> 47
B31: 12.15 - 12.30 | C31: 16 | D31: 2 | E31: 3 | F31: 4 | G31: 0 | H31: 0 | I31: 2 | J31: 0 | K31: 0 | L31: 0 | M31: 60 | N31: 0 | O31: =SUM(C31:L31,N31) -> 27 | P31: =SUM(C31:N31) -> 87
B32: 12.30 - 12.45 | C32: 8 | D32: 2 | E32: 2 | F32: 0 | G32: 0 | H32: 0 | I32: 2 | J32: 1 | K32: 0 | L32: 0 | M32: 32 | N32: 0 | O32: =SUM(C32:L32,N32) -> 15 | P32: =SUM(C32:N32) -> 47
B33: 12.45 - 13.00 | C33: 12 | D33: 1 | E33: 1 | F33: 1 | G33: 0 | H33: 0 | I33: 3 | J33: 1 | K33: 0 | L33: 0 | M33: 61 | N33: 0 | O33: =SUM(C33:L33,N33) -> 19 | P33: =SUM(C33:N33) -> 80
B34: 13.00 - 13.15 | C34: 13 | D34: 1 | E34: 1 | F34: 0 | G34: 0 | H34: 0 | I34: 6 | J34: 2 | K34: 1 | L34: 0 | M34: 32 | N34: 0 | O34: =SUM(C34:L34,N34) -> 24 | P34: =SUM(C34:N34) -> 56
B35: 13.15 - 13.30 | C35: 5 | D35: 1 | E35: 1 | F35: 1 | G35: 0 | H35: 0 | I35: 2 | J35: 1 | K35: 0 | L35: 0 | M35: 20 | N35: 0 | O35: =SUM(C35:L35,N35) -> 11 | P35: =SUM(C35:N35) -> 31
B36: 13.30 - 13.45 | C36: 9 | D36: 1 | E36: 1 | F36: 1 | G36: 0 | H36: 0 | I36: 3 | J36: 0 | K36: 0 | L36: 0 | M36: 36 | N36: 0 | O36: =SUM(C36:L36,N36) -> 15 | P36: =SUM(C36:N36) -> 51
B37: 13.45 - 14.00 | C37: 11 | D37: 1 | E37: 1 | F37: 0 | G37: 0 | H37: 0 | I37: 5 | J37: 0 | K37: 0 | L37: 0 | M37: 49 | N37: 0 | O37: =SUM(C37:L37,N37) -> 18 | P37: =SUM(C37:N37) -> 67
B38: 14.00 - 14.15 | C38: 6 | D38: 1 | E38: 1 | F38: 2 | G38: 0 | H38: 0 | I38: 3 | J38: 0 | K38: 1 | L38: 0 | M38: 50 | N38: 0 | O38: =SUM(C38:L38,N38) -> 14 | P38: =SUM(C38:N38) -> 64
B39: 14.15 - 14.30 | C39: 8 | D39: 2 | E39: 3 | F39: 1 | G39: 0 | H39: 0 | I39: 3 | J39: 0 | K39: 0 | L39: 0 | M39: 31 | N39: 0 | O39: =SUM(C39:L39,N39) -> 17 | P39: =SUM(C39:N39) -> 48
B40: 14.30 - 14.45 | C40: 14 | D40: 1 | E40: 2 | F40: 0 | G40: 0 | H40: 0 | I40: 3 | J40: 0 | K40: 0 | L40: 0 | M40: 45 | N40: 0 | O40: =SUM(C40:L40,N40) -> 20 | P40: =SUM(C40:N40) -> 65
... B57: 18.45 - 19.00 | C57: 3 | D57: 2 | E57: 2 | F57: 2 | G57: 0 | H57: 0 | I57: 1 | J57: 2 | K57: 1 | L57: 0 | M57: 35 | N57: 0 | O57: =SUM(C57:L57,N57) -> 13 | P57: =SUM(C57:N57) -> 48
B58: Totals | C58: =SUM(C10:C57) -> 393 | D58: =SUM(D10:D57) -> 41 | E58: =SUM(E10:E57) -> 54 | F58: =SUM(F10:F57) -> 58 | G58: =SUM(G10:G57) -> 2 | H58: =SUM(H10:H57) -> 3 | I58: =SUM(I10:I57) -> 77 | J58: =SUM(J10:J57) -> 30 | ... P58: =SUM(P10:P57) -> 2101
B59: %ges + MCs | C59: =C58/$P$58 -> 0.18705378 | D59: =D58/$P$58 -> 0.019514517 | E59: =E58/$P$58 -> 0.025702047 | F59: =F58/$P$58 -> 0.027605902 | G59: =G58/$P$58 -> 0.00095192765 | H59: =H58/$P$58 -> 0.0014278915 | I59: =I58/$P$58 -> 0.036649215 | J59: =J58/$P$58 -> 0.014278915 | ... N59: =N58/$P$58 -> 0
B60: %ges w/o MCs | C60: =C58/$O$58 -> 0.58308605 | D60: =D58/$O$58 -> 0.060830861 | E60: =E58/$O$58 -> 0.080118694 | F60: =F58/$O$58 -> 0.086053412 | G60: =G58/$O$58 -> 0.0029673591 | H60: =H58/$O$58 -> 0.0044510386 | I60: =I58/$O$58 -> 0.11424332 | J60: =J58/$O$58 -> 0.044510386 | ... L60: =L58/$O$58 -> 0.0059347181 | N60: =N58/$O$58 -> 0

Sheet 31.07 Arua-Koboko
B1: Consultancy services for Preparation of Expressway Development Master Plan (EDMP) for Uganda
B2: MANUAL CLASSIFIED COUNT (MCC)
B3: ROAD NAME: | C3: ='31.07 Koboko-Arua'!C3:G3 -> MCC - C5 - STN127 - KOBOKO-ARUA ROAD
C5: Date | D5: ='31.07 Koboko-Arua'!D5 -> 31.07.19 | F5: Location | G5: ='31.07 Koboko-Arua'!G5:H5 -> xxx | J5: Surveyor | K5: ='31.07 Koboko-Arua'!K5:L5 -> xxx
C6: Dir. From | D6: Arua | F6: Dir. To | G6: Koboko | J6: Supervisor | K6: ='31.07 Koboko-Arua'!K6:L6 -> xxx
B8: Time / Veh Type | R8: SUMMARY TRAFFIC VOLUMES
C9: 1. Car | D9: 2. Station Wagon | E9: 3. Pickups | F9: 4. Minibus, matatu | G9: 5. Medium bus | H9: 6. Large Bus | I9: 7. Light Truck | J9: 8. Medium Truck | K9: 9. Heavy truck | L9: 10. Truck Trailer | M9: 11. Motor cycles | N9: 12. Tractors | O9: Total Excl M/Cycles | P9: Total All | R9: Time | S9: 1. Car | T9: 2. Station Wagon | U9: 3. Pickups | V9: 4. Minibus, matatu | W9: 5. Medium bus | X9: 6. Large Bus | Y9: 7. Light Truck | Z9: 8. Medium Truck | AA9: 9. Heavy truck | AB9: 10. Truck Trailer | AC9: 11. Motorcycles | AD9: 12. Tractors, Graders | AE9: Total Excl M/ Cycles | AF9: Total All
B10: 07.00 - 07.15 | C10: 2 | D10: 0 | E10: 0 | F10: 0 | G10: 3 | H10: 1 | I10: 0 | J10: 0 | K10: 0 | L10: 3 | M10: 11 | N10: 0 | O10: =SUM(C10:L10,N10) -> 9 | P10: =SUM(C10:N10) -> 20 | R10: 0700-0800 | S10: =SUM(C10:C13) -> 12 | T10: =SUM(D10:D13) -> 0 | U10: =SUM(E10:E13) -> 0 | V10: =SUM(F10:F13) -> 4 | W10: =SUM(G10:G13) -> 5 | X10: =SUM(H10:H13) -> 1 | Y10: =SUM(I10:I13) -> 0 | Z10: =SUM(J10:J13) -> 2 | ... AF10: =SUM(P10:P13) -> 77
B11: 07.15 - 07.30 | C11: 1 | D11: 0 | E11: 0 | F11: 1 | G11: 0 | H11: 0 | I11: 0 | J11: 0 | K11: 0 | L11: 1 | M11: 6 | N11: 0 | O11: =SUM(C11:L11,N11) -> 3 | P11: =SUM(C11:N11) -> 9 | R11: 0800-0900 | S11: =SUM(C14:C17) -> 28 | T11: =SUM(D14:D17) -> 1 | U11: =SUM(E14:E17) -> 2 | V11: =SUM(F14:F17) -> 5 | W11: =SUM(G14:G17) -> 4 | X11: =SUM(H14:H17) -> 1 | Y11: =SUM(I14:I17) -> 2 | Z11: =SUM(J14:J17) -> 6 | ... AF11: =SUM(P14:P17) -> 110
B12: 07.30 - 07.45 | C12: 2 | D12: 0 | E12: 0 | F12: 1 | G12: 2 | H12: 0 | I12: 0 | J12: 2 | K12: 0 | L12: 3 | M12: 8 | N12: 0 | O12: =SUM(C12:L12,N12) -> 10 | P12: =SUM(C12:N12) -> 18 | R12: 0900-1000 | S12: =SUM(C18:C21) -> 34 | T12: =SUM(D18:D21) -> 0 | U12: =SUM(E18:E21) -> 0 | V12: =SUM(F18:F21) -> 4 | W12: =SUM(G18:G21) -> 0 | X12: =SUM(H18:H21) -> 0 | Y12: =SUM(I18:I21) -> 2 | Z12: =SUM(J18:J21) -> 3 | ... AF12: =SUM(P18:P21) -> 98
B13: 07.45 - 08.00 | C13: 7 | D13: 0 | E13: 0 | F13: 2 | G13: 0 | H13: 0 | I13: 0 | J13: 0 | K13: 0 | L13: 1 | M13: 20 | N13: 0 | O13: =SUM(C13:L13,N13) -> 10 | P13: =SUM(C13:N13) -> 30 | R13: 1000-1100 | S13: =SUM(C22:C25) -> 29 | T13: =SUM(D22:D25) -> 0 | U13: =SUM(E22:E25) -> 0 | V13: =SUM(F22:F25) -> 8 | W13: =SUM(G22:G25) -> 0 | X13: =SUM(H22:H25) -> 1 | Y13: =SUM(I22:I25) -> 7 | Z13: =SUM(J22:J25) -> 4 | ... AF13: =SUM(P22:P25) -> 200
B14: 08.00 - 08.15 | C14: 6 | D14: 0 | E14: 0 | F14: 3 | G14: 0 | H14: 1 | I14: 0 | J14: 0 | K14: 0 | L14: 0 | M14: 10 | N14: 0 | O14: =SUM(C14:L14,N14) -> 10 | P14: =SUM(C14:N14) -> 20 | R14: 1100-1200 | S14: =SUM(C26:C29) -> 46 | T14: =SUM(D26:D29) -> 1 | U14: =SUM(E26:E29) -> 2 | V14: =SUM(F26:F29) -> 4 | W14: =SUM(G26:G29) -> 0 | X14: =SUM(H26:H29) -> 1 | Y14: =SUM(I26:I29) -> 5 | Z14: =SUM(J26:J29) -> 1 | ... AF14: =SUM(P26:P29) -> 186
B15: 08.15 - 08.30 | C15: 8 | D15: 0 | E15: 0 | F15: 1 | G15: 3 | H15: 0 | I15: 0 | J15: 3 | K15: 0 | L15: 0 | M15: 12 | N15: 0 | O15: =SUM(C15:L15,N15) -> 15 | P15: =SUM(C15:N15) -> 27 | R15: 1200-1300 | S15: =SUM(C30:C33) -> 46 | T15: =SUM(D30:D33) -> 0 | U15: =SUM(E30:E33) -> 0 | V15: =SUM(F30:F33) -> 4 | W15: =SUM(G30:G33) -> 1 | X15: =SUM(H30:H33) -> 2 | Y15: =SUM(I30:I33) -> 5 | Z15: =SUM(J30:J33) -> 2 | ... AF15: =SUM(P30:P33) -> 190
B16: 08.30 - 08.45 | C16: 7 | D16: 0 | E16: 0 | F16: 1 | G16: 1 | H16: 0 | I16: 0 | J16: 1 | K16: 1 | L16: 0 | M16: 18 | N16: 0 | O16: =SUM(C16:L16,N16) -> 11 | P16: =SUM(C16:N16) -> 29 | R16: 1300-1400 | S16: =SUM(C34:C37) -> 38 | T16: =SUM(D34:D37) -> 0 | U16: =SUM(E34:E37) -> 0 | V16: =SUM(F34:F37) -> 3 | W16: =SUM(G34:G37) -> 0 | X16: =SUM(H34:H37) -> 1 | Y16: =SUM(I34:I37) -> 8 | Z16: =SUM(J34:J37) -> 2 | ... AF16: =SUM(P34:P37) -> 167
B17: 08.45 - 9.00 | C17: 7 | D17: 1 | E17: 2 | F17: 0 | G17: 0 | H17: 0 | I17: 2 | J17: 2 | K17: 0 | L17: 0 | M17: 20 | N17: 0 | O17: =SUM(C17:L17,N17) -> 14 | P17: =SUM(C17:N17) -> 34 | R17: 1400-1500 | S17: =SUM(C38:C41) -> 50 | T17: =SUM(D38:D41) -> 0 | U17: =SUM(E38:E41) -> 0 | V17: =SUM(F38:F41) -> 5 | W17: =SUM(G38:G41) -> 0 | X17: =SUM(H38:H41) -> 0 | Y17: =SUM(I38:I41) -> 3 | Z17: =SUM(J38:J41) -> 4 | ... AF17: =SUM(P38:P41) -> 259
B18: 09.00 - 09.15 | C18: 14 | D18: 0 | E18: 0 | F18: 2 | G18: 0 | H18: 0 | I18: 0 | J18: 0 | K18: 0 | L18: 0 | M18: 15 | N18: 0 | O18: =SUM(C18:L18,N18) -> 16 | P18: =SUM(C18:N18) -> 31 | R18: 1500-1600 | S18: =SUM(C42:C45) -> 24 | T18: =SUM(D42:D45) -> 0 | U18: =SUM(E42:E45) -> 0 | V18: =SUM(F42:F45) -> 1 | W18: =SUM(G42:G45) -> 0 | X18: =SUM(H42:H45) -> 0 | Y18: =SUM(I42:I45) -> 5 | Z18: =SUM(J42:J45) -> 4 | ... AF18: =SUM(P42:P45) -> 156
B19: 09.15 - 09.30 | C19: 7 | D19: 0 | E19: 0 | F19: 2 | G19: 0 | H19: 0 | I19: 1 | J19: 3 | K19: 0 | L19: 0 | M19: 17 | N19: 0 | O19: =SUM(C19:L19,N19) -> 13 | P19: =SUM(C19:N19) -> 30 | R19: 1600-1700 | S19: =SUM(C46:C49) -> 46 | T19: =SUM(D46:D49) -> 6 | U19: =SUM(E46:E49) -> 10 | V19: =SUM(F46:F49) -> 0 | W19: =SUM(G46:G49) -> 0 | X19: =SUM(H46:H49) -> 0 | Y19: =SUM(I46:I49) -> 1 | Z19: =SUM(J46:J49) -> 3 | ... AF19: =SUM(P46:P49) -> 181
B20: 09.30 - 09.45 | C20: 7 | D20: 0 | E20: 0 | F20: 0 | G20: 0 | H20: 0 | I20: 1 | J20: 0 | K20: 0 | L20: 0 | M20: 12 | N20: 0 | O20: =SUM(C20:L20,N20) -> 8 | P20: =SUM(C20:N20) -> 20 | R20: 1700-1800 | S20: =SUM(C50:C53) -> 41 | T20: =SUM(D50:D53) -> 5 | U20: =SUM(E50:E53) -> 9 | V20: =SUM(F50:F53) -> 7 | W20: =SUM(G50:G53) -> 0 | X20: =SUM(H50:H53) -> 0 | Y20: =SUM(I50:I53) -> 8 | Z20: =SUM(J50:J53) -> 7 | ... AF20: =SUM(P50:P53) -> 165
B21: 09.45 - 10.00 | C21: 6 | D21: 0 | E21: 0 | F21: 0 | G21: 0 | H21: 0 | I21: 0 | J21: 0 | K21: 0 | L21: 0 | M21: 11 | N21: 0 | O21: =SUM(C21:L21,N21) -> 6 | P21: =SUM(C21:N21) -> 17 | R21: 1800-1900 | S21: =SUM(C54:C57) -> 29 | T21: =SUM(D54:D57) -> 5 | U21: =SUM(E54:E57) -> 8 | V21: =SUM(F54:F57) -> 7 | W21: =SUM(G54:G57) -> 1 | X21: =SUM(H54:H57) -> 2 | Y21: =SUM(I54:I57) -> 4 | Z21: =SUM(J54:J57) -> 5 | ... AF21: =SUM(P54:P57) -> 123
B22: 10.00 - 10.15 | C22: 0 | D22: 0 | E22: 0 | F22: 0 | G22: 0 | H22: 0 | I22: 0 | J22: 0 | K22: 0 | L22: 0 | M22: 2 | N22: 0 | O22: =SUM(C22:L22,N22) -> 0 | P22: =SUM(C22:N22) -> 2 | R22: AM Peak Hr | S22: =MAX(S10:S12) -> 34 | T22: =MAX(T10:T12) -> 1 | U22: =MAX(U10:U12) -> 2 | V22: =MAX(V10:V12) -> 5 | W22: =MAX(W10:W12) -> 5 | X22: =MAX(X10:X12) -> 1 | Y22: =MAX(Y10:Y12) -> 2 | Z22: =MAX(Z10:Z12) -> 6 | ... AF22: =MAX(AF10:AF12) -> 110
B23: 10.15 - 10.30 | C23: 5 | D23: 0 | E23: 0 | F23: 0 | G23: 0 | H23: 0 | I23: 0 | J23: 0 | K23: 0 | L23: 0 | M23: 38 | N23: 0 | O23: =SUM(C23:L23,N23) -> 5 | P23: =SUM(C23:N23) -> 43 | R23: IP Peak Hr | S23: =MAX(S13:S18) -> 50 | T23: =MAX(T13:T18) -> 1 | U23: =MAX(U13:U18) -> 2 | V23: =MAX(V13:V18) -> 8 | W23: =MAX(W13:W18) -> 1 | X23: =MAX(X13:X18) -> 2 | Y23: =MAX(Y13:Y18) -> 8 | Z23: =MAX(Z13:Z18) -> 4 | ... AF23: =MAX(AF13:AF18) -> 259
B24: 10.30 - 10.45 | C24: 13 | D24: 0 | E24: 0 | F24: 3 | G24: 0 | H24: 1 | I24: 1 | J24: 1 | K24: 0 | L24: 0 | M24: 65 | N24: 0 | O24: =SUM(C24:L24,N24) -> 19 | P24: =SUM(C24:N24) -> 84 | R24: PM Peak Hr | S24: =MAX(S19:S21) -> 46 | T24: =MAX(T19:T21) -> 6 | U24: =MAX(U19:U21) -> 10 | V24: =MAX(V19:V21) -> 7 | W24: =MAX(W19:W21) -> 1 | X24: =MAX(X19:X21) -> 2 | Y24: =MAX(Y19:Y21) -> 8 | Z24: =MAX(Z19:Z21) -> 7 | ... AF24: =MAX(AF19:AF21) -> 181
B25: 10.45 - 11.00 | C25: 11 | D25: 0 | E25: 0 | F25: 5 | G25: 0 | H25: 0 | I25: 6 | J25: 3 | K25: 0 | L25: 0 | M25: 46 | N25: 0 | O25: =SUM(C25:L25,N25) -> 25 | P25: =SUM(C25:N25) -> 71 | R25: AM Period | S25: =SUM(S10:S12) -> 74 | T25: =SUM(T10:T12) -> 1 | U25: =SUM(U10:U12) -> 2 | V25: =SUM(V10:V12) -> 13 | W25: =SUM(W10:W12) -> 9 | X25: =SUM(X10:X12) -> 2 | Y25: =SUM(Y10:Y12) -> 4 | Z25: =SUM(Z10:Z12) -> 11 | ... AF25: =SUM(AF10:AF12) -> 285
B26: 11.00 - 11.15 | C26: 14 | D26: 0 | E26: 0 | F26: 2 | G26: 0 | H26: 0 | I26: 2 | J26: 0 | K26: 0 | L26: 0 | M26: 41 | N26: 0 | O26: =SUM(C26:L26,N26) -> 18 | P26: =SUM(C26:N26) -> 59 | R26: IP Period | S26: =SUM(S13:S18) -> 233 | T26: =SUM(T13:T18) -> 1 | U26: =SUM(U13:U18) -> 2 | V26: =SUM(V13:V18) -> 25 | W26: =SUM(W13:W18) -> 1 | X26: =SUM(X13:X18) -> 5 | Y26: =SUM(Y13:Y18) -> 33 | Z26: =SUM(Z13:Z18) -> 17 | ... AF26: =SUM(AF13:AF18) -> 1158
B27: 11.15 - 11.30 | C27: 9 | D27: 0 | E27: 0 | F27: 0 | G27: 0 | H27: 1 | I27: 1 | J27: 0 | K27: 0 | L27: 0 | M27: 28 | N27: 0 | O27: =SUM(C27:L27,N27) -> 11 | P27: =SUM(C27:N27) -> 39 | R27: PM Period | S27: =SUM(S19:S21) -> 116 | T27: =SUM(T19:T21) -> 16 | U27: =SUM(U19:U21) -> 27 | V27: =SUM(V19:V21) -> 14 | W27: =SUM(W19:W21) -> 1 | X27: =SUM(X19:X21) -> 2 | Y27: =SUM(Y19:Y21) -> 13 | Z27: =SUM(Z19:Z21) -> 15 | ... AF27: =SUM(AF19:AF21) -> 469
B28: 11.30 - 11.45 | C28: 5 | D28: 0 | E28: 0 | F28: 0 | G28: 0 | H28: 0 | I28: 0 | J28: 0 | K28: 0 | L28: 0 | M28: 16 | N28: 0 | O28: =SUM(C28:L28,N28) -> 5 | P28: =SUM(C28:N28) -> 21 | R28: 12 Hours | S28: =SUM(S10:S21) -> 423 | T28: =SUM(T10:T21) -> 18 | U28: =SUM(U10:U21) -> 31 | V28: =SUM(V10:V21) -> 52 | W28: =SUM(W10:W21) -> 11 | X28: =SUM(X10:X21) -> 9 | Y28: =SUM(Y10:Y21) -> 50 | Z28: =SUM(Z10:Z21) -> 43 | ... AF28: =SUM(AF10:AF21) -> 1912
B29: 11.45 - 12.00 | C29: 18 | D29: 1 | E29: 2 | F29: 2 | G29: 0 | H29: 0 | I29: 2 | J29: 1 | K29: 0 | L29: 0 | M29: 41 | N29: 0 | O29: =SUM(C29:L29,N29) -> 26 | P29: =SUM(C29:N29) -> 67
B30: 12.00 - 12.15 | C30: 11 | D30: 0 | E30: 0 | F30: 1 | G30: 0 | H30: 0 | I30: 1 | J30: 1 | K30: 0 | L30: 0 | M30: 32 | N30: 0 | O30: =SUM(C30:L30,N30) -> 14 | P30: =SUM(C30:N30) -> 46
B31: 12.15 - 12.30 | C31: 7 | D31: 0 | E31: 0 | F31: 0 | G31: 0 | H31: 2 | I31: 2 | J31: 1 | K31: 0 | L31: 0 | M31: 26 | N31: 1 | O31: =SUM(C31:L31,N31) -> 13 | P31: =SUM(C31:N31) -> 39
B32: 12.30 - 12.45 | C32: 14 | D32: 0 | E32: 0 | F32: 2 | G32: 0 | H32: 0 | I32: 1 | J32: 0 | K32: 0 | L32: 0 | M32: 26 | N32: 0 | O32: =SUM(C32:L32,N32) -> 17 | P32: =SUM(C32:N32) -> 43
B33: 12.45 - 13.00 | C33: 14 | D33: 0 | E33: 0 | F33: 1 | G33: 1 | H33: 0 | I33: 1 | J33: 0 | K33: 0 | L33: 0 | M33: 45 | N33: 0 | O33: =SUM(C33:L33,N33) -> 17 | P33: =SUM(C33:N33) -> 62
B34: 13.00 - 13.15 | C34: 7 | D34: 0 | E34: 0 | F34: 2 | G34: 0 | H34: 0 | I34: 2 | J34: 1 | K34: 1 | L34: 1 | M34: 33 | N34: 0 | O34: =SUM(C34:L34,N34) -> 14 | P34: =SUM(C34:N34) -> 47
B35: 13.15 - 13.30 | C35: 12 | D35: 0 | E35: 0 | F35: 0 | G35: 0 | H35: 0 | I35: 0 | J35: 0 | K35: 0 | L35: 0 | M35: 12 | N35: 0 | O35: =SUM(C35:L35,N35) -> 12 | P35: =SUM(C35:N35) -> 24
B36: 13.30 - 13.45 | C36: 10 | D36: 0 | E36: 0 | F36: 0 | G36: 0 | H36: 1 | I36: 3 | J36: 1 | K36: 0 | L36: 0 | M36: 30 | N36: 0 | O36: =SUM(C36:L36,N36) -> 15 | P36: =SUM(C36:N36) -> 45
B37: 13.45 - 14.00 | C37: 9 | D37: 0 | E37: 0 | F37: 1 | G37: 0 | H37: 0 | I37: 3 | J37: 0 | K37: 0 | L37: 0 | M37: 38 | N37: 0 | O37: =SUM(C37:L37,N37) -> 13 | P37: =SUM(C37:N37) -> 51
B38: 14.00 - 14.15 | C38: 15 | D38: 0 | E38: 0 | F38: 1 | G38: 0 | H38: 0 | I38: 0 | J38: 1 | K38: 0 | L38: 0 | M38: 43 | N38: 0 | O38: =SUM(C38:L38,N38) -> 17 | P38: =SUM(C38:N38) -> 60
B39: 14.15 - 14.30 | C39: 9 | D39: 0 | E39: 0 | F39: 1 | G39: 0 | H39: 0 | I39: 1 | J39: 1 | K39: 0 | L39: 0 | M39: 35 | N39: 0 | O39: =SUM(C39:L39,N39) -> 12 | P39: =SUM(C39:N39) -> 47
B40: 14.30 - 14.45 | C40: 10 | D40: 0 | E40: 0 | F40: 2 | G40: 0 | H40: 0 | I40: 2 | J40: 1 | K40: 0 | L40: 0 | M40: 72 | N40: 0 | O40: =SUM(C40:L40,N40) -> 15 | P40: =SUM(C40:N40) -> 87
... B57: 18.45 - 19.00 | C57: 5 | D57: 2 | E57: 3 | F57: 2 | G57: 1 | H57: 2 | I57: 2 | J57: 1 | K57: 2 | L57: 1 | M57: 16 | N57: 0 | O57: =SUM(C57:L57,N57) -> 21 | P57: =SUM(C57:N57) -> 37
B58: Totals | C58: =SUM(C10:C57) -> 423 | D58: =SUM(D10:D57) -> 18 | E58: =SUM(E10:E57) -> 31 | F58: =SUM(F10:F57) -> 52 | G58: =SUM(G10:G57) -> 11 | H58: =SUM(H10:H57) -> 9 | I58: =SUM(I10:I57) -> 50 | J58: =SUM(J10:J57) -> 43 | ... M58: =SUM(M10:M57) -> 1258 | N58: 0 | O58: =SUM(O10:O57) -> 654 | P58: =SUM(P10:P57) -> 1912
B59: %ges + MCs | C59: =C58/$P$58 -> 0.22123431 | D59: =D58/$P$58 -> 0.0094142259 | E59: 0 | F59: 0 | G59: 0 | H59: 0 | I59: 0 | J59: 0 | K59: 0 | L59: =L58/$P$58 -> 0.0057531381 | M59: 0 | N59: 0
B60: %ges w/o MCs | C60: 0 | D60: =D58/$O$58 -> 0.027522936 | E60: 0 | F60: 0 | G60: 0 | H60: 0 | I60: 0 | J60: 0 | K60: 0 | L60: =L58/$O$58 -> 0.016819572 | M60: 0 | N60: 0
C61: 0 | E61: 0 | F61: 0 | G61: 0 | H61: 0 | I61: 0 | J61: 0 | K61: 0 | M61: 0 | N61: 0

Sheet 01.08 Koboko-Arua
B1: Consultancy services for Preparation of Expressway Development Master Plan (EDMP) for Uganda
B2: MANUAL CLASSIFIED COUNT (MCC)
B3: ROAD NAME: | C3: ='31.07 Koboko-Arua'!C3:G3 -> MCC - C5 - STN127 - KOBOKO-ARUA ROAD
C5: Date | D5: 01.08.19 | F5: Location | G5: ='31.07 Koboko-Arua'!G5:H5 -> xxx | J5: Surveyor | K5: ='31.07 Koboko-Arua'!K5:L5 -> xxx
C6: Dir. From | D6: ='31.07 Koboko-Arua'!D6:E6 -> Koboko | F6: Dir. To | G6: ='31.07 Koboko-Arua'!G6:H6 -> Arua | J6: Supervisor | K6: ='31.07 Koboko-Arua'!K6:L6 -> xxx
B8: Time / Veh Type | R8: SUMMARY TRAFFIC VOLUMES
C9: 1. Car | D9: 2. Station Wagon | E9: 3. Pickups | F9: 4. Minibus, matatu | G9: 5. Medium bus | H9: 6. Large Bus | I9: 7. Light Truck | J9: 8. Medium Truck | K9: 9. Heavy truck | L9: 10. Truck Trailer | M9: 11. Motor cycles | N9: 12. Tractors | O9: Total Excl M/Cycles | P9: Total All | R9: Time | S9: 1. Car | T9: 2. Station Wagon | U9: 3. Pickups | V9: 4. Minibus, matatu | W9: 5. Medium bus | X9: 6. Large Bus | Y9: 7. Light Truck | Z9: 8. Medium Truck | AA9: 9. Heavy truck | AB9: 10. Truck Trailer | AC9: 11. Motorcycles | AD9: 12. Tractors, Graders | AE9: Total Excl M/ Cycles | AF9: Total All
B10: 07.00 - 07.15 | C10: 3 | D10: 0 | E10: 0 | F10: 0 | G10: 0 | H10: 0 | I10: 0 | J10: 0 | K10: 0 | L10: 0 | M10: 12 | N10: 0 | O10: =SUM(C10:L10,N10) -> 3 | P10: =SUM(C10:N10) -> 15 | R10: 0700-0800 | S10: =SUM(C10:C13) -> 18 | T10: =SUM(D10:D13) -> 1 | U10: =SUM(E10:E13) -> 4 | V10: =SUM(F10:F13) -> 5 | W10: =SUM(G10:G13) -> 1 | X10: =SUM(H10:H13) -> 1 | Y10: =SUM(I10:I13) -> 2 | Z10: =SUM(J10:J13) -> 0 | ... AF10: =SUM(P10:P13) -> 160
B11: 07.15 - 07.30 | C11: 3 | D11: 0 | E11: 0 | F11: 1 | G11: 0 | H11: 0 | I11: 0 | J11: 0 | K11: 0 | L11: 0 | M11: 33 | N11: 0 | O11: =SUM(C11:L11,N11) -> 4 | P11: =SUM(C11:N11) -> 37 | R11: 0800-0900 | S11: =SUM(C14:C17) -> 22 | T11: =SUM(D14:D17) -> 1 | U11: =SUM(E14:E17) -> 5 | V11: =SUM(F14:F17) -> 9 | W11: =SUM(G14:G17) -> 2 | X11: =SUM(H14:H17) -> 1 | Y11: =SUM(I14:I17) -> 3 | Z11: =SUM(J14:J17) -> 8 | ... AF11: =SUM(P14:P17) -> 234
B12: 07.30 - 07.45 | C12: 6 | D12: 0 | E12: 0 | F12: 1 | G12: 1 | H12: 0 | I12: 2 | J12: 0 | K12: 0 | L12: 0 | M12: 46 | N12: 0 | O12: =SUM(C12:L12,N12) -> 10 | P12: =SUM(C12:N12) -> 56 | R12: 0900-1000 | S12: =SUM(C18:C21) -> 22 | T12: =SUM(D18:D21) -> 8 | U12: =SUM(E18:E21) -> 24 | V12: =SUM(F18:F21) -> 4 | W12: =SUM(G18:G21) -> 1 | X12: =SUM(H18:H21) -> 0 | Y12: =SUM(I18:I21) -> 8 | Z12: =SUM(J18:J21) -> 5 | ... AF12: =SUM(P18:P21) -> 213
B13: 07.45 - 08.00 | C13: 6 | D13: 1 | E13: 4 | F13: 3 | G13: 0 | H13: 1 | I13: 0 | J13: 0 | K13: 0 | L13: 0 | M13: 37 | N13: 0 | O13: =SUM(C13:L13,N13) -> 15 | P13: =SUM(C13:N13) -> 52 | R13: 1000-1100 | S13: =SUM(C22:C25) -> 26 | T13: =SUM(D22:D25) -> 1 | U13: =SUM(E22:E25) -> 4 | V13: =SUM(F22:F25) -> 1 | W13: =SUM(G22:G25) -> 3 | X13: =SUM(H22:H25) -> 0 | Y13: =SUM(I22:I25) -> 2 | Z13: =SUM(J22:J25) -> 2 | ... AF13: =SUM(P22:P25) -> 167
B14: 08.00 - 08.15 | C14: 1 | D14: 1 | E14: 5 | F14: 1 | G14: 0 | H14: 0 | I14: 2 | J14: 1 | K14: 0 | L14: 0 | M14: 45 | N14: 0 | O14: =SUM(C14:L14,N14) -> 11 | P14: =SUM(C14:N14) -> 56 | R14: 1100-1200 | S14: =SUM(C26:C29) -> 17 | T14: =SUM(D26:D29) -> 4 | U14: =SUM(E26:E29) -> 12 | V14: =SUM(F26:F29) -> 2 | W14: =SUM(G26:G29) -> 0 | X14: =SUM(H26:H29) -> 2 | Y14: =SUM(I26:I29) -> 7 | Z14: =SUM(J26:J29) -> 1 | ... AF14: =SUM(P26:P29) -> 195
B15: 08.15 - 08.30 | C15: 5 | D15: 0 | E15: 0 | F15: 6 | G15: 1 | H15: 1 | I15: 0 | J15: 5 | K15: 0 | L15: 0 | M15: 51 | N15: 0 | O15: =SUM(C15:L15,N15) -> 18 | P15: =SUM(C15:N15) -> 69 | R15: 1200-1300 | S15: =SUM(C30:C33) -> 26 | T15: =SUM(D30:D33) -> 6 | U15: =SUM(E30:E33) -> 18 | V15: =SUM(F30:F33) -> 1 | W15: =SUM(G30:G33) -> 0 | X15: =SUM(H30:H33) -> 0 | Y15: =SUM(I30:I33) -> 12 | Z15: =SUM(J30:J33) -> 2 | ... AF15: =SUM(P30:P33) -> 189
B16: 08.30 - 08.45 | C16: 10 | D16: 0 | E16: 0 | F16: 1 | G16: 0 | H16: 0 | I16: 0 | J16: 0 | K16: 0 | L16: 0 | M16: 70 | N16: 0 | O16: =SUM(C16:L16,N16) -> 11 | P16: =SUM(C16:N16) -> 81 | R16: 1300-1400 | S16: =SUM(C34:C37) -> 21 | T16: =SUM(D34:D37) -> 10 | U16: =SUM(E34:E37) -> 32 | V16: =SUM(F34:F37) -> 3 | W16: =SUM(G34:G37) -> 0 | X16: =SUM(H34:H37) -> 1 | Y16: =SUM(I34:I37) -> 4 | Z16: =SUM(J34:J37) -> 6 | ... AF16: =SUM(P34:P37) -> 167
B17: 08.45 - 9.00 | C17: 6 | D17: 0 | E17: 0 | F17: 1 | G17: 1 | H17: 0 | I17: 1 | J17: 2 | K17: 0 | L17: 0 | M17: 17 | N17: 0 | O17: =SUM(C17:L17,N17) -> 11 | P17: =SUM(C17:N17) -> 28 | R17: 1400-1500 | S17: =SUM(C38:C41) -> 21 | T17: =SUM(D38:D41) -> 2 | U17: =SUM(E38:E41) -> 10 | V17: =SUM(F38:F41) -> 9 | W17: =SUM(G38:G41) -> 3 | X17: =SUM(H38:H41) -> 0 | Y17: =SUM(I38:I41) -> 11 | Z17: =SUM(J38:J41) -> 6 | ... AF17: =SUM(P38:P41) -> 156
B18: 09.00 - 09.15 | C18: 5 | D18: 3 | E18: 9 | F18: 3 | G18: 1 | H18: 0 | I18: 1 | J18: 1 | K18: 0 | L18: 0 | M18: 48 | N18: 0 | O18: =SUM(C18:L18,N18) -> 23 | P18: =SUM(C18:N18) -> 71 | R18: 1500-1600 | S18: =SUM(C42:C45) -> 16 | T18: =SUM(D42:D45) -> 5 | U18: =SUM(E42:E45) -> 17 | V18: =SUM(F42:F45) -> 3 | W18: =SUM(G42:G45) -> 1 | X18: =SUM(H42:H45) -> 2 | Y18: =SUM(I42:I45) -> 5 | Z18: =SUM(J42:J45) -> 5 | ... AF18: =SUM(P42:P45) -> 144
B19: 09.15 - 09.30 | C19: 5 | D19: 3 | E19: 9 | F19: 0 | G19: 0 | H19: 0 | I19: 2 | J19: 2 | K19: 0 | L19: 0 | M19: 25 | N19: 0 | O19: =SUM(C19:L19,N19) -> 21 | P19: =SUM(C19:N19) -> 46 | R19: 1600-1700 | S19: =SUM(C46:C49) -> 19 | T19: =SUM(D46:D49) -> 8 | U19: =SUM(E46:E49) -> 23 | V19: =SUM(F46:F49) -> 7 | W19: =SUM(G46:G49) -> 2 | X19: =SUM(H46:H49) -> 1 | Y19: =SUM(I46:I49) -> 2 | Z19: =SUM(J46:J49) -> 5 | ... AF19: =SUM(P46:P49) -> 151
B20: 09.30 - 09.45 | C20: 7 | D20: 2 | E20: 6 | F20: 1 | G20: 0 | H20: 0 | I20: 5 | J20: 2 | K20: 2 | L20: 0 | M20: 41 | N20: 0 | O20: =SUM(C20:L20,N20) -> 25 | P20: =SUM(C20:N20) -> 66 | R20: 1700-1800 | S20: =SUM(C50:C53) -> 31 | T20: =SUM(D50:D53) -> 7 | U20: =SUM(E50:E53) -> 23 | V20: =SUM(F50:F53) -> 6 | W20: =SUM(G50:G53) -> 1 | X20: =SUM(H50:H53) -> 0 | Y20: =SUM(I50:I53) -> 9 | Z20: =SUM(J50:J53) -> 5 | ... AF20: =SUM(P50:P53) -> 187
B21: 09.45 - 10.00 | C21: 5 | D21: 0 | E21: 0 | F21: 0 | G21: 0 | H21: 0 | I21: 0 | J21: 0 | K21: 0 | L21: 0 | M21: 25 | N21: 0 | O21: =SUM(C21:L21,N21) -> 5 | P21: =SUM(C21:N21) -> 30 | R21: 1800-1900 | S21: =SUM(C54:C57) -> 27 | T21: =SUM(D54:D57) -> 5 | U21: =SUM(E54:E57) -> 19 | V21: =SUM(F54:F57) -> 12 | W21: =SUM(G54:G57) -> 2 | X21: =SUM(H54:H57) -> 1 | Y21: =SUM(I54:I57) -> 8 | Z21: =SUM(J54:J57) -> 3 | ... AF21: =SUM(P54:P57) -> 149
B22: 10.00 - 10.15 | C22: 0 | D22: 0 | E22: 0 | F22: 0 | G22: 0 | H22: 0 | I22: 2 | K22: 0 | L22: 0 | M22: 36 | N22: 0 | O22: =SUM(C22:L22,N22) -> 2 | P22: =SUM(C22:N22) -> 38 | R22: AM Peak Hr | S22: =MAX(S10:S12) -> 22 | T22: =MAX(T10:T12) -> 8 | U22: =MAX(U10:U12) -> 24 | V22: =MAX(V10:V12) -> 9 | W22: =MAX(W10:W12) -> 2 | X22: =MAX(X10:X12) -> 1 | Y22: =MAX(Y10:Y12) -> 8 | Z22: =MAX(Z10:Z12) -> 8 | ... AF22: =MAX(AF10:AF12) -> 234
B23: 10.15 - 10.30 | C23: 15 | D23: 1 | E23: 4 | F23: 0 | G23: 3 | H23: 0 | I23: 0 | J23: 1 | K23: 0 | L23: 0 | M23: 41 | N23: 0 | O23: =SUM(C23:L23,N23) -> 24 | P23: =SUM(C23:N23) -> 65 | R23: IP Peak Hr | S23: =MAX(S13:S18) -> 26 | T23: =MAX(T13:T18) -> 10 | U23: =MAX(U13:U18) -> 32 | V23: =MAX(V13:V18) -> 9 | W23: =MAX(W13:W18) -> 3 | X23: =MAX(X13:X18) -> 2 | Y23: =MAX(Y13:Y18) -> 12 | Z23: =MAX(Z13:Z18) -> 6 | ... AF23: =MAX(AF13:AF18) -> 195
B24: 10.30 - 10.45 | C24: 5 | D24: 0 | E24: 0 | F24: 1 | G24: 0 | H24: 0 | I24: 0 | J24: 1 | K24: 0 | L24: 0 | M24: 35 | N24: 0 | O24: =SUM(C24:L24,N24) -> 7 | P24: =SUM(C24:N24) -> 42 | R24: PM Peak Hr | S24: =MAX(S19:S21) -> 31 | T24: =MAX(T19:T21) -> 8 | U24: =MAX(U19:U21) -> 23 | V24: =MAX(V19:V21) -> 12 | W24: =MAX(W19:W21) -> 2 | X24: =MAX(X19:X21) -> 1 | Y24: =MAX(Y19:Y21) -> 9 | Z24: =MAX(Z19:Z21) -> 5 | ... AF24: =MAX(AF19:AF21) -> 187
B25: 10.45 - 11.00 | C25: 6 | D25: 0 | E25: 0 | F25: 0 | G25: 0 | H25: 0 | I25: 0 | J25: 0 | K25: 0 | L25: 0 | M25: 16 | N25: 0 | O25: =SUM(C25:L25,N25) -> 6 | P25: =SUM(C25:N25) -> 22 | R25: AM Period | S25: =SUM(S10:S12) -> 62 | T25: =SUM(T10:T12) -> 10 | U25: =SUM(U10:U12) -> 33 | V25: =SUM(V10:V12) -> 18 | W25: =SUM(W10:W12) -> 4 | X25: =SUM(X10:X12) -> 2 | Y25: =SUM(Y10:Y12) -> 13 | Z25: =SUM(Z10:Z12) -> 13 | ... AF25: =SUM(AF10:AF12) -> 607
B26: 11.00 - 11.15 | C26: 7 | D26: 2 | E26: 6 | F26: 0 | G26: 0 | H26: 1 | I26: 0 | J26: 0 | K26: 0 | L26: 0 | M26: 61 | N26: 1 | O26: =SUM(C26:L26,N26) -> 17 | P26: =SUM(C26:N26) -> 78 | R26: IP Period | S26: =SUM(S13:S18) -> 127 | T26: =SUM(T13:T18) -> 28 | U26: =SUM(U13:U18) -> 93 | V26: =SUM(V13:V18) -> 19 | W26: =SUM(W13:W18) -> 7 | X26: =SUM(X13:X18) -> 5 | Y26: =SUM(Y13:Y18) -> 41 | Z26: =SUM(Z13:Z18) -> 22 | ... AF26: =SUM(AF13:AF18) -> 1018
B27: 11.15 - 11.30 | C27: 6 | D27: 0 | E27: 0 | F27: 1 | G27: 0 | H27: 0 | I27: 1 | J27: 0 | K27: 0 | L27: 0 | M27: 17 | N27: 0 | O27: =SUM(C27:L27,N27) -> 8 | P27: =SUM(C27:N27) -> 25 | R27: PM Period | S27: =SUM(S19:S21) -> 77 | T27: =SUM(T19:T21) -> 20 | U27: =SUM(U19:U21) -> 65 | V27: =SUM(V19:V21) -> 25 | W27: =SUM(W19:W21) -> 5 | X27: =SUM(X19:X21) -> 2 | Y27: =SUM(Y19:Y21) -> 19 | Z27: =SUM(Z19:Z21) -> 13 | ... AF27: =SUM(AF19:AF21) -> 487
B28: 11.30 - 11.45 | C28: 1 | D28: 0 | E28: 0 | F28: 1 | G28: 0 | H28: 0 | I28: 5 | J28: 0 | K28: 0 | L28: 0 | M28: 41 | N28: 0 | O28: =SUM(C28:L28,N28) -> 7 | P28: =SUM(C28:N28) -> 48 | R28: 12 Hours | S28: =SUM(S10:S21) -> 266 | T28: =SUM(T10:T21) -> 58 | U28: =SUM(U10:U21) -> 191 | V28: =SUM(V10:V21) -> 62 | W28: =SUM(W10:W21) -> 16 | X28: =SUM(X10:X21) -> 9 | Y28: =SUM(Y10:Y21) -> 73 | Z28: =SUM(Z10:Z21) -> 48 | ... AF28: =SUM(AF10:AF21) -> 2112
B29: 11.45 - 12.00 | C29: 3 | D29: 2 | E29: 6 | F29: 0 | G29: 0 | H29: 1 | I29: 1 | J29: 1 | K29: 0 | L29: 0 | M29: 30 | N29: 0 | O29: =SUM(C29:L29,N29) -> 14 | P29: =SUM(C29:N29) -> 44
B30: 12.00 - 12.15 | C30: 1 | D30: 0 | E30: 0 | F30: 0 | G30: 0 | H30: 0 | I30: 3 | J30: 0 | K30: 0 | L30: 0 | M30: 40 | N30: 0 | O30: =SUM(C30:L30,N30) -> 4 | P30: =SUM(C30:N30) -> 44
B31: 12.15 - 12.30 | C31: 13 | D31: 3 | E31: 8 | F31: 0 | G31: 0 | H31: 0 | I31: 3 | J31: 1 | K31: 0 | L31: 0 | M31: 42 | N31: 0 | O31: =SUM(C31:L31,N31) -> 28 | P31: =SUM(C31:N31) -> 70
B32: 12.30 - 12.45 | C32: 6 | D32: 3 | E32: 10 | F32: 1 | G32: 0 | H32: 0 | I32: 5 | J32: 1 | K32: 0 | L32: 0 | M32: 29 | N32: 0 | O32: =SUM(C32:L32,N32) -> 26 | P32: =SUM(C32:N32) -> 55
B33: 12.45 - 13.00 | C33: 6 | D33: 0 | E33: 0 | F33: 0 | G33: 0 | H33: 0 | I33: 1 | J33: 0 | K33: 0 | L33: 0 | M33: 13 | N33: 0 | O33: =SUM(C33:L33,N33) -> 7 | P33: =SUM(C33:N33) -> 20
B34: 13.00 - 13.15 | C34: 5 | D34: 3 | E34: 11 | F34: 1 | G34: 0 | H34: 1 | I34: 0 | J34: 3 | K34: 0 | L34: 0 | M34: 20 | N34: 0 | O34: =SUM(C34:L34,N34) -> 24 | P34: =SUM(C34:N34) -> 44
B35: 13.15 - 13.30 | C35: 7 | D35: 5 | E35: 12 | F35: 0 | G35: 0 | H35: 0 | I35: 0 | J35: 0 | K35: 0 | L35: 0 | M35: 10 | N35: 0 | O35: =SUM(C35:L35,N35) -> 24 | P35: =SUM(C35:N35) -> 34
B36: 13.30 - 13.45 | C36: 2 | D36: 1 | E36: 5 | F36: 1 | G36: 0 | H36: 0 | I36: 1 | J36: 0 | K36: 0 | L36: 0 | M36: 25 | N36: 0 | O36: =SUM(C36:L36,N36) -> 10 | P36: =SUM(C36:N36) -> 35
B37: 13.45 - 14.00 | C37: 7 | D37: 1 | E37: 4 | F37: 1 | G37: 0 | H37: 0 | I37: 3 | J37: 3 | K37: 0 | L37: 0 | M37: 35 | N37: 0 | O37: =SUM(C37:L37,N37) -> 19 | P37: =SUM(C37:N37) -> 54
B38: 14.00 - 14.15 | C38: 10 | D38: 0 | E38: 0 | F38: 5 | G38: 0 | H38: 0 | I38: 1 | J38: 0 | K38: 0 | L38: 0 | M38: 26 | N38: 0 | O38: =SUM(C38:L38,N38) -> 16 | P38: =SUM(C38:N38) -> 42
B39: 14.15 - 14.30 | C39: 0 | D39: 1 | E39: 5 | F39: 1 | G39: 0 | H39: 0 | I39: 0 | J39: 0 | K39: 0 | L39: 0 | M39: 12 | N39: 0 | O39: =SUM(C39:L39,N39) -> 7 | P39: =SUM(C39:N39) -> 19
B40: 14.30 - 14.45 | C40: 3 | D40: 0 | E40: 0 | F40: 2 | G40: 0 | H40: 0 | I40: 8 | J40: 5 | K40: 0 | L40: 0 | M40: 30 | N40: 0 | O40: =SUM(C40:L40,N40) -> 18 | P40: =SUM(C40:N40) -> 48
... B57: 18.45 - 19.00 | C57: 5 | D57: 1 | E57: 4 | F57: 5 | G57: 2 | H57: 1 | I57: 0 | J57: 2 | K57: 0 | L57: 4 | M57: 10 | N57: 0 | O57: =SUM(C57:L57,N57) -> 24 | P57: =SUM(C57:N57) -> 34
B58: Totals | C58: =SUM(C10:C57) -> 266 | D58: =SUM(D10:D57) -> 58 | E58: =SUM(E10:E57) -> 191 | F58: =SUM(F10:F57) -> 62 | G58: =SUM(G10:G57) -> 16 | H58: =SUM(H10:H57) -> 9 | I58: =SUM(I10:I57) -> 73 | J58: =SUM(J10:J57) -> 48 | ... P58: =SUM(P10:P57) -> 2112
B59: %ges + MCs | C59: =C58/$P$58 -> 0.12594697 | D59: =D58/$P$58 -> 0.027462121 | E59: =E58/$P$58 -> 0.090435606 | F59: =F58/$P$58 -> 0.029356061 | G59: =G58/$P$58 -> 0.0075757576 | H59: =H58/$P$58 -> 0.0042613636 | I59: =I58/$P$58 -> 0.034564394 | J59: =J58/$P$58 -> 0.022727273 | ... N59: =N58/$P$58 -> 0.00047348485
B60: %ges w/o MCs | C60: =C58/$O$58 -> 0.35046113 | D60: =D58/$O$58 -> 0.076416337 | E60: =E58/$O$58 -> 0.2516469 | F60: =F58/$O$58 -> 0.08168643 | G60: =G58/$O$58 -> 0.021080369 | H60: =H58/$O$58 -> 0.011857708 | I60: =I58/$O$58 -> 0.096179183 | J60: =J58/$O$58 -> 0.063241107 | ... L60: =L58/$O$58 -> 0.032938076 | N60: =N58/$O$58 -> 0.0013175231

Sheet 01.08 Arua-Koboko
B1: Consultancy services for Preparation of Expressway Development Master Plan (EDMP) for Uganda
B2: MANUAL CLASSIFIED COUNT (MCC)
B3: ROAD NAME: | C3: ='31.07 Arua-Koboko'!C3:G3 -> MCC - C5 - STN127 - KOBOKO-ARUA ROAD
C5: Date | D5: ='01.08 Koboko-Arua'!D5 -> 01.08.19 | F5: Location | G5: ='31.07 Koboko-Arua'!G5:H5 -> xxx | J5: Surveyor | K5: ='31.07 Koboko-Arua'!K5:L5 -> xxx
C6: Dir. From | D6: ='31.07 Arua-Koboko'!D6:E6 -> Arua | F6: Dir. To | G6: ='31.07 Arua-Koboko'!G6:H6 -> Koboko | J6: Supervisor | K6: ='31.07 Koboko-Arua'!K6:L6 -> xxx
B8: Time / Veh Type | R8: SUMMARY TRAFFIC VOLUMES
C9: 1. Car | D9: 2. Station Wagon | E9: 3. Pickups | F9: 4. Minibus, matatu | G9: 5. Medium bus | H9: 6. Large Bus | I9: 7. Light Truck | J9: 8. Medium Truck | K9: 9. Heavy truck | L9: 10. Truck Trailer | M9: 11. Motor cycles | N9: 12. Tractors | O9: Total Excl M/Cycles | P9: Total All | R9: Time | S9: 1. Car | T9: 2. Station Wagon | U9: 3. Pickups | V9: 4. Minibus, matatu | W9: 5. Medium bus | X9: 6. Large Bus | Y9: 7. Light Truck | Z9: 8. Medium Truck | AA9: 9. Heavy truck | AB9: 10. Truck Trailer | AC9: 11. Motorcycles | AD9: 12. Tractors, Graders | AE9: Total Excl M/ Cycles | AF9: Total All
B10: 07.00 - 07.15 | C10: 2 | D10: 0 | E10: 0 | F10: 0 | G10: 0 | H10: 0 | I10: 0 | J10: 0 | K10: 0 | L10: 0 | M10: 30 | N10: 0 | O10: =SUM(C10:L10,N10) -> 2 | P10: =SUM(C10:N10) -> 32 | R10: 0700-0800 | S10: =SUM(C10:C13) -> 16 | T10: =SUM(D10:D13) -> 6 | U10: =SUM(E10:E13) -> 8 | V10: =SUM(F10:F13) -> 2 | W10: =SUM(G10:G13) -> 3 | X10: =SUM(H10:H13) -> 31 | Y10: =SUM(I10:I13) -> 6 | Z10: =SUM(J10:J13) -> 1 | ... AF10: =SUM(P10:P13) -> 174
B11: 07.15 - 07.30 | C11: 5 | D11: 1 | E11: 2 | F11: 0 | G11: 0 | H11: 0 | I11: 1 | J11: 0 | K11: 0 | L11: 0 | M11: 22 | N11: 0 | O11: =SUM(C11:L11,N11) -> 9 | P11: =SUM(C11:N11) -> 31 | R11: 0800-0900 | S11: =SUM(C14:C17) -> 13 | T11: =SUM(D14:D17) -> 9 | U11: =SUM(E14:E17) -> 9 | V11: =SUM(F14:F17) -> 11 | W11: =SUM(G14:G17) -> 3 | X11: =SUM(H14:H17) -> 1 | Y11: =SUM(I14:I17) -> 6 | Z11: =SUM(J14:J17) -> 2 | ... AF11: =SUM(P14:P17) -> 175
B12: 07.30 - 07.45 | C12: 4 | D12: 3 | E12: 3 | F12: 1 | G12: 3 | H12: 0 | I12: 5 | J12: 1 | K12: 0 | L12: 0 | M12: 47 | N12: 0 | O12: =SUM(C12:L12,N12) -> 20 | P12: =SUM(C12:N12) -> 67 | R12: 0900-1000 | S12: =SUM(C18:C21) -> 29 | T12: =SUM(D18:D21) -> 15 | U12: =SUM(E18:E21) -> 18 | V12: =SUM(F18:F21) -> 9 | W12: =SUM(G18:G21) -> 2 | X12: =SUM(H18:H21) -> 0 | Y12: =SUM(I18:I21) -> 5 | Z12: =SUM(J18:J21) -> 1 | ... AF12: =SUM(P18:P21) -> 237
B13: 07.45 - 08.00 | C13: 5 | D13: 2 | E13: 3 | F13: 1 | G13: 0 | H13: 31 | I13: 0 | J13: 0 | K13: 0 | L13: 0 | M13: 0 | N13: 2 | O13: =SUM(C13:L13,N13) -> 44 | P13: =SUM(C13:N13) -> 44 | R13: 1000-1100 | S13: =SUM(C22:C25) -> 33 | T13: =SUM(D22:D25) -> 12 | U13: =SUM(E22:E25) -> 12 | V13: =SUM(F22:F25) -> 6 | W13: =SUM(G22:G25) -> 0 | X13: =SUM(H22:H25) -> 0 | Y13: =SUM(I22:I25) -> 8 | Z13: =SUM(J22:J25) -> 3 | ... AF13: =SUM(P22:P25) -> 204
B14: 08.00 - 08.15 | C14: 3 | D14: 0 | E14: 0 | F14: 5 | G14: 0 | H14: 1 | I14: 3 | J14: 1 | K14: 0 | L14: 0 | M14: 42 | N14: 0 | O14: =SUM(C14:L14,N14) -> 13 | P14: =SUM(C14:N14) -> 55 | R14: 1100-1200 | S14: =SUM(C26:C29) -> 37 | T14: =SUM(D26:D29) -> 8 | U14: =SUM(E26:E29) -> 11 | V14: =SUM(F26:F29) -> 6 | W14: =SUM(G26:G29) -> 0 | X14: =SUM(H26:H29) -> 0 | Y14: =SUM(I26:I29) -> 3 | Z14: =SUM(J26:J29) -> 3 | ... AF14: =SUM(P26:P29) -> 191
B15: 08.15 - 08.30 | C15: 3 | D15: 0 | E15: 0 | F15: 0 | G15: 0 | H15: 0 | I15: 0 | J15: 1 | K15: 0 | L15: 0 | M15: 12 | N15: 0 | O15: =SUM(C15:L15,N15) -> 4 | P15: =SUM(C15:N15) -> 16 | R15: 1200-1300 | S15: =SUM(C30:C33) -> 33 | T15: =SUM(D30:D33) -> 8 | U15: =SUM(E30:E33) -> 10 | V15: =SUM(F30:F33) -> 3 | W15: =SUM(G30:G33) -> 0 | X15: =SUM(H30:H33) -> 0 | Y15: =SUM(I30:I33) -> 3 | Z15: =SUM(J30:J33) -> 7 | ... AF15: =SUM(P30:P33) -> 203
B16: 08.30 - 08.45 | C16: 2 | D16: 5 | E16: 5 | F16: 4 | G16: 3 | H16: 0 | I16: 3 | J16: 0 | K16: 0 | L16: 11 | M16: 37 | N16: 0 | O16: =SUM(C16:L16,N16) -> 33 | P16: =SUM(C16:N16) -> 70 | R16: 1300-1400 | S16: =SUM(C34:C37) -> 25 | T16: =SUM(D34:D37) -> 7 | U16: =SUM(E34:E37) -> 9 | V16: =SUM(F34:F37) -> 3 | W16: =SUM(G34:G37) -> 0 | X16: =SUM(H34:H37) -> 2 | Y16: =SUM(I34:I37) -> 5 | Z16: =SUM(J34:J37) -> 3 | ... AF16: =SUM(P34:P37) -> 168
B17: 08.45 - 9.00 | C17: 5 | D17: 4 | E17: 4 | F17: 2 | G17: 0 | H17: 0 | I17: 0 | J17: 0 | K17: 0 | L17: 0 | M17: 19 | N17: 0 | O17: =SUM(C17:L17,N17) -> 15 | P17: =SUM(C17:N17) -> 34 | R17: 1400-1500 | S17: =SUM(C38:C41) -> 32 | T17: =SUM(D38:D41) -> 4 | U17: =SUM(E38:E41) -> 5 | V17: =SUM(F38:F41) -> 3 | W17: =SUM(G38:G41) -> 0 | X17: =SUM(H38:H41) -> 0 | Y17: =SUM(I38:I41) -> 12 | Z17: =SUM(J38:J41) -> 5 | ... AF17: =SUM(P38:P41) -> 186
B18: 09.00 - 09.15 | C18: 12 | D18: 4 | E18: 5 | F18: 1 | G18: 1 | H18: 0 | I18: 2 | J18: 0 | K18: 0 | L18: 1 | M18: 49 | N18: 0 | O18: =SUM(C18:L18,N18) -> 26 | P18: =SUM(C18:N18) -> 75 | R18: 1500-1600 | S18: =SUM(C42:C45) -> 37 | T18: =SUM(D42:D45) -> 5 | U18: =SUM(E42:E45) -> 8 | V18: =SUM(F42:F45) -> 2 | W18: =SUM(G42:G45) -> 0 | X18: =SUM(H42:H45) -> 0 | Y18: =SUM(I42:I45) -> 13 | Z18: =SUM(J42:J45) -> 8 | ... AF18: =SUM(P42:P45) -> 192
B19: 09.15 - 09.30 | C19: 5 | D19: 2 | E19: 2 | F19: 7 | G19: 0 | H19: 0 | I19: 1 | J19: 0 | K19: 0 | L19: 0 | M19: 35 | N19: 0 | O19: =SUM(C19:L19,N19) -> 17 | P19: =SUM(C19:N19) -> 52 | R19: 1600-1700 | S19: =SUM(C46:C49) -> 15 | T19: =SUM(D46:D49) -> 5 | U19: =SUM(E46:E49) -> 6 | V19: =SUM(F46:F49) -> 3 | W19: =SUM(G46:G49) -> 2 | X19: =SUM(H46:H49) -> 1 | Y19: =SUM(I46:I49) -> 13 | Z19: =SUM(J46:J49) -> 3 | ... AF19: =SUM(P46:P49) -> 139
B20: 09.30 - 09.45 | C20: 1 | D20: 3 | E20: 4 | F20: 1 | G20: 0 | H20: 0 | I20: 1 | J20: 0 | K20: 0 | L20: 1 | M20: 45 | N20: 0 | O20: =SUM(C20:L20,N20) -> 11 | P20: =SUM(C20:N20) -> 56 | R20: 1700-1800 | S20: =SUM(C50:C53) -> 58 | T20: =SUM(D50:D53) -> 6 | U20: =SUM(E50:E53) -> 8 | V20: =SUM(F50:F53) -> 11 | W20: =SUM(G50:G53) -> 3 | X20: =SUM(H50:H53) -> 0 | Y20: =SUM(I50:I53) -> 14 | Z20: =SUM(J50:J53) -> 50 | ... AF20: =SUM(P50:P53) -> 280
B21: 09.45 - 10.00 | C21: 11 | D21: 6 | E21: 7 | F21: 0 | G21: 1 | H21: 0 | I21: 1 | J21: 1 | K21: 0 | L21: 0 | M21: 27 | N21: 0 | O21: =SUM(C21:L21,N21) -> 27 | P21: =SUM(C21:N21) -> 54 | R21: 1800-1900 | S21: =SUM(C54:C57) -> 13 | T21: =SUM(D54:D57) -> 3 | U21: =SUM(E54:E57) -> 4 | V21: =SUM(F54:F57) -> 2 | W21: =SUM(G54:G57) -> 2 | X21: =SUM(H54:H57) -> 2 | Y21: =SUM(I54:I57) -> 11 | Z21: =SUM(J54:J57) -> 8 | ... AF21: =SUM(P54:P57) -> 206
B22: 10.00 - 10.15 | C22: 9 | D22: 1 | E22: 1 | F22: 2 | G22: 0 | H22: 0 | I22: 1 | J22: 2 | K22: 0 | L22: 0 | M22: 27 | N22: 0 | O22: =SUM(C22:L22,N22) -> 16 | P22: =SUM(C22:N22) -> 43 | R22: AM Peak Hr | S22: =MAX(S10:S12) -> 29 | T22: =MAX(T10:T12) -> 15 | U22: =MAX(U10:U12) -> 18 | V22: =MAX(V10:V12) -> 11 | W22: =MAX(W10:W12) -> 3 | X22: =MAX(X10:X12) -> 31 | Y22: =MAX(Y10:Y12) -> 6 | Z22: =MAX(Z10:Z12) -> 2 | ... AF22: =MAX(AF10:AF12) -> 237
B23: 10.15 - 10.30 | C23: 9 | D23: 5 | E23: 5 | F23: 2 | G23: 0 | H23: 0 | I23: 4 | J23: 1 | K23: 0 | L23: 0 | M23: 35 | N23: 0 | O23: =SUM(C23:L23,N23) -> 26 | P23: =SUM(C23:N23) -> 61 | R23: IP Peak Hr | S23: =MAX(S13:S18) -> 37 | T23: =MAX(T13:T18) -> 12 | U23: =MAX(U13:U18) -> 12 | V23: =MAX(V13:V18) -> 6 | W23: =MAX(W13:W18) -> 0 | X23: =MAX(X13:X18) -> 2 | Y23: =MAX(Y13:Y18) -> 13 | Z23: =MAX(Z13:Z18) -> 8 | ... AF23: =MAX(AF13:AF18) -> 204
B24: 10.30 - 10.45 | C24: 12 | D24: 4 | E24: 4 | F24: 2 | G24: 0 | H24: 0 | I24: 2 | J24: 0 | K24: 0 | L24: 0 | M24: 38 | N24: 0 | O24: =SUM(C24:L24,N24) -> 24 | P24: =SUM(C24:N24) -> 62 | R24: PM Peak Hr | S24: =MAX(S19:S21) -> 58 | T24: =MAX(T19:T21) -> 6 | U24: =MAX(U19:U21) -> 8 | V24: =MAX(V19:V21) -> 11 | W24: =MAX(W19:W21) -> 3 | X24: =MAX(X19:X21) -> 2 | Y24: =MAX(Y19:Y21) -> 14 | Z24: =MAX(Z19:Z21) -> 50 | ... AF24: =MAX(AF19:AF21) -> 280
B25: 10.45 - 11.00 | C25: 3 | D25: 2 | E25: 2 | F25: 0 | G25: 0 | H25: 0 | I25: 1 | J25: 0 | K25: 0 | L25: 0 | M25: 30 | N25: 0 | O25: =SUM(C25:L25,N25) -> 8 | P25: =SUM(C25:N25) -> 38 | R25: AM Period | S25: =SUM(S10:S12) -> 58 | T25: =SUM(T10:T12) -> 30 | U25: =SUM(U10:U12) -> 35 | V25: =SUM(V10:V12) -> 22 | W25: =SUM(W10:W12) -> 8 | X25: =SUM(X10:X12) -> 32 | Y25: =SUM(Y10:Y12) -> 17 | Z25: =SUM(Z10:Z12) -> 4 | ... AF25: =SUM(AF10:AF12) -> 586
B26: 11.00 - 11.15 | C26: 11 | D26: 3 | E26: 4 | F26: 2 | G26: 0 | H26: 0 | I26: 2 | J26: 0 | K26: 0 | L26: 2 | M26: 39 | N26: 0 | O26: =SUM(C26:L26,N26) -> 24 | P26: =SUM(C26:N26) -> 63 | R26: IP Period | S26: =SUM(S13:S18) -> 197 | T26: =SUM(T13:T18) -> 44 | U26: =SUM(U13:U18) -> 55 | V26: =SUM(V13:V18) -> 23 | W26: =SUM(W13:W18) -> 0 | X26: =SUM(X13:X18) -> 2 | Y26: =SUM(Y13:Y18) -> 44 | Z26: =SUM(Z13:Z18) -> 29 | ... AF26: =SUM(AF13:AF18) -> 1144
B27: 11.15 - 11.30 | C27: 10 | D27: 2 | E27: 2 | F27: 1 | G27: 0 | H27: 0 | I27: 0 | J27: 1 | K27: 0 | L27: 0 | M27: 32 | N27: 0 | O27: =SUM(C27:L27,N27) -> 16 | P27: =SUM(C27:N27) -> 48 | R27: PM Period | S27: =SUM(S19:S21) -> 86 | T27: =SUM(T19:T21) -> 14 | U27: =SUM(U19:U21) -> 18 | V27: =SUM(V19:V21) -> 16 | W27: =SUM(W19:W21) -> 7 | X27: =SUM(X19:X21) -> 3 | Y27: =SUM(Y19:Y21) -> 38 | Z27: =SUM(Z19:Z21) -> 61 | ... AF27: =SUM(AF19:AF21) -> 625
B28: 11.30 - 11.45 | C28: 8 | D28: 1 | E28: 2 | F28: 2 | G28: 0 | H28: 0 | I28: 1 | J28: 0 | K28: 0 | L28: 0 | M28: 24 | N28: 1 | O28: =SUM(C28:L28,N28) -> 15 | P28: =SUM(C28:N28) -> 39 | R28: 12 Hours | S28: =SUM(S10:S21) -> 341 | T28: =SUM(T10:T21) -> 88 | U28: =SUM(U10:U21) -> 108 | V28: =SUM(V10:V21) -> 61 | W28: =SUM(W10:W21) -> 15 | X28: =SUM(X10:X21) -> 37 | Y28: =SUM(Y10:Y21) -> 99 | Z28: =SUM(Z10:Z21) -> 94 | ... AF28: =SUM(AF10:AF21) -> 2355
B29: 11.45 - 12.00 | C29: 8 | D29: 2 | E29: 3 | F29: 1 | G29: 0 | H29: 0 | I29: 0 | J29: 2 | K29: 0 | L29: 0 | M29: 25 | N29: 0 | O29: =SUM(C29:L29,N29) -> 16 | P29: =SUM(C29:N29) -> 41
B30: 12.00 - 12.15 | C30: 7 | D30: 1 | E30: 2 | F30: 0 | G30: 0 | H30: 0 | I30: 0 | J30: 3 | K30: 0 | L30: 0 | M30: 39 | N30: 0 | O30: =SUM(C30:L30,N30) -> 13 | P30: =SUM(C30:N30) -> 52
B31: 12.15 - 12.30 | C31: 5 | D31: 4 | E31: 4 | F31: 0 | G31: 0 | H31: 0 | I31: 2 | J31: 1 | K31: 0 | L31: 0 | M31: 38 | N31: 0 | O31: =SUM(C31:L31,N31) -> 16 | P31: =SUM(C31:N31) -> 54
B32: 12.30 - 12.45 | C32: 16 | D32: 1 | E32: 2 | F32: 2 | G32: 0 | H32: 0 | I32: 0 | J32: 2 | K32: 0 | L32: 0 | M32: 38 | N32: 0 | O32: =SUM(C32:L32,N32) -> 23 | P32: =SUM(C32:N32) -> 61
B33: 12.45 - 13.00 | C33: 5 | D33: 2 | E33: 2 | F33: 1 | G33: 0 | H33: 0 | I33: 1 | J33: 1 | K33: 1 | L33: 0 | M33: 23 | N33: 0 | O33: =SUM(C33:L33,N33) -> 13 | P33: =SUM(C33:N33) -> 36
B34: 13.00 - 13.15 | C34: 3 | D34: 2 | E34: 3 | F34: 0 | G34: 0 | H34: 0 | I34: 1 | J34: 0 | K34: 0 | L34: 0 | M34: 36 | N34: 0 | O34: =SUM(C34:L34,N34) -> 9 | P34: =SUM(C34:N34) -> 45
B35: 13.15 - 13.30 | C35: 6 | D35: 1 | E35: 2 | F35: 0 | G35: 0 | H35: 0 | I35: 0 | J35: 0 | K35: 0 | L35: 2 | M35: 30 | N35: 0 | O35: =SUM(C35:L35,N35) -> 11 | P35: =SUM(C35:N35) -> 41
B36: 13.30 - 13.45 | C36: 13 | D36: 2 | E36: 2 | F36: 1 | G36: 0 | H36: 2 | I36: 1 | J36: 2 | K36: 0 | L36: 1 | M36: 33 | N36: 0 | O36: =SUM(C36:L36,N36) -> 24 | P36: =SUM(C36:N36) -> 57
B37: 13.45 - 14.00 | C37: 3 | D37: 2 | E37: 2 | F37: 2 | G37: 0 | H37: 0 | I37: 3 | J37: 1 | K37: 0 | L37: 0 | M37: 12 | N37: 0 | O37: =SUM(C37:L37,N37) -> 13 | P37: =SUM(C37:N37) -> 25
B38: 14.00 - 14.15 | C38: 6 | D38: 1 | E38: 1 | F38: 2 | G38: 0 | H38: 0 | I38: 3 | J38: 1 | K38: 0 | L38: 1 | M38: 25 | N38: 0 | O38: =SUM(C38:L38,N38) -> 15 | P38: =SUM(C38:N38) -> 40
B39: 14.15 - 14.30 | C39: 5 | D39: 2 | E39: 2 | F39: 0 | G39: 0 | H39: 0 | I39: 2 | J39: 0 | K39: 0 | L39: 0 | M39: 32 | N39: 0 | O39: =SUM(C39:L39,N39) -> 11 | P39: =SUM(C39:N39) -> 43
B40: 14.30 - 14.45 | C40: 11 | D40: 0 | E40: 0 | F40: 1 | G40: 0 | H40: 0 | I40: 4 | J40: 3 | K40: 0 | L40: 0 | M40: 32 | N40: 0 | O40: =SUM(C40:L40,N40) -> 19 | P40: =SUM(C40:N40) -> 51
... B57: 18.45 - 19.00 | C57: 1 | D57: 1 | E57: 2 | F57: 0 | G57: 2 | H57: 2 | I57: 3 | J57: 2 | K57: 1 | L57: 2 | M57: 45 | N57: 0 | O57: =SUM(C57:L57,N57) -> 16 | P57: =SUM(C57:N57) -> 61
B58: Totals | C58: =SUM(C10:C57) -> 341 | D58: =SUM(D10:D57) -> 88 | E58: =SUM(E10:E57) -> 108 | F58: =SUM(F10:F57) -> 61 | G58: =SUM(G10:G57) -> 15 | H58: =SUM(H10:H57) -> 37 | I58: =SUM(I10:I57) -> 99 | J58: =SUM(J10:J57) -> 94 | ... P58: =SUM(P10:P57) -> 2355
B59: %ges + MCs | C59: =C58/$P$58 -> 0.1447983 | D59: =D58/$P$58 -> 0.037367304 | E59: =E58/$P$58 -> 0.045859873 | F59: =F58/$P$58 -> 0.025902335 | G59: =G58/$P$58 -> 0.0063694268 | H59: =H58/$P$58 -> 0.015711253 | I59: =I58/$P$58 -> 0.042038217 | J59: =J58/$P$58 -> 0.039915074 | ... N59: =N58/$P$58 -> 0.0012738854
B60: %ges w/o MCs | C60: =C58/$O$58 -> 0.38971429 | D60: =D58/$O$58 -> 0.10057143 | E60: =E58/$O$58 -> 0.12342857 | F60: =F58/$O$58 -> 0.069714286 | G60: =G58/$O$58 -> 0.017142857 | H60: =H58/$O$58 -> 0.042285714 | I60: =I58/$O$58 -> 0.11314286 | J60: =J58/$O$58 -> 0.10742857 | ... L60: =L58/$O$58 -> 0.026285714 | N60: =N58/$O$58 -> 0.0034285714

Sheet 02.08 Koboko-Arua-24h
B1: Consultancy services for Preparation of Expressway Development Master Plan (EDMP) for Uganda
B2: MANUAL CLASSIFIED COUNT (MCC)
B3: ROAD NAME: | C3: ='31.07 Koboko-Arua'!C3:G3 -> MCC - C5 - STN127 - KOBOKO-ARUA ROAD
C5: Date | D5: 26.07.19 | F5: Location | G5: ='05.08 Arua-Koboko'!G5:H5 -> xxx | J5: Surveyor | K5: ='05.08 Arua-Koboko'!K5:L5 -> xxx
C6: Dir. From | D6: ='31.07 Koboko-Arua'!D6:E6 -> Koboko | F6: Dir. To | G6: ='31.07 Koboko-Arua'!G6:H6 -> Arua | J6: Supervisor | K6: ='05.08 Arua-Koboko'!K6:L6 -> xxx
B8: Time / Veh Type | R8: SUMMARY TRAFFIC VOLUMES
C9: 1. Car | D9: 2. Station Wagon | E9: 3. Pickups | F9: 4. Minibus, matatu | G9: 5. Medium bus | H9: 6. Large Bus | I9: 7. Light Truck | J9: 8. Medium Truck | K9: 9. Heavy truck | L9: 10. Truck Trailer | M9: 11. Motor cycles | N9: 12. Tractors | O9: Total Excl M/Cycles | P9: Total All | R9: Time | S9: 1. Car | T9: 2. Station Wagon | U9: 3. Pickups | V9: 4. Minibus, matatu | W9: 5. Medium bus | X9: 6. Large Bus | Y9: 7. Light Truck | Z9: 8. Medium Truck | AA9: 9. Heavy truck | AB9: 10. Truck Trailer | AC9: 11. Motorcycles | AD9: 12. Tractors, Graders | AE9: Total Excl M/ Cycles | AF9: Total All
B10: 07.00 - 07.15 | C10: 8 | D10: 0 | E10: 0 | F10: 2 | G10: 2 | H10: 0 | I10: 2 | J10: 0 | K10: 0 | L10: 2 | M10: 16 | N10: 0 | O10: =SUM(C10:L10,N10) -> 16 | P10: =SUM(C10:N10) -> 32 | R10: 0700-0800 | S10: =SUM(C10:C13) -> 16 | T10: =SUM(D10:D13) -> 1 | U10: =SUM(E10:E13) -> 2 | V10: =SUM(F10:F13) -> 11 | W10: =SUM(G10:G13) -> 2 | X10: =SUM(H10:H13) -> 2 | Y10: =SUM(I10:I13) -> 3 | Z10: =SUM(J10:J13) -> 1 | ... AF10: =SUM(P10:P13) -> 160
B11: 07.15 - 07.30 | C11: 0 | D11: 0 | E11: 0 | F11: 1 | G11: 0 | H11: 0 | I11: 0 | J11: 0 | K11: 0 | L11: 0 | M11: 33 | N11: 0 | O11: =SUM(C11:L11,N11) -> 1 | P11: =SUM(C11:N11) -> 34 | R11: 0800-0900 | S11: =SUM(C14:C17) -> 26 | T11: =SUM(D14:D17) -> 7 | U11: =SUM(E14:E17) -> 13 | V11: =SUM(F14:F17) -> 4 | W11: =SUM(G14:G17) -> 2 | X11: =SUM(H14:H17) -> 0 | Y11: =SUM(I14:I17) -> 9 | Z11: =SUM(J14:J17) -> 1 | ... AF11: =SUM(P14:P17) -> 199
B12: 07.30 - 07.45 | C12: 2 | D12: 0 | E12: 0 | F12: 2 | G12: 0 | H12: 0 | I12: 0 | J12: 0 | K12: 0 | L12: 0 | M12: 46 | N12: 0 | O12: =SUM(C12:L12,N12) -> 4 | P12: =SUM(C12:N12) -> 50 | R12: 0900-1000 | S12: =SUM(C18:C21) -> 33 | T12: =SUM(D18:D21) -> 6 | U12: =SUM(E18:E21) -> 11 | V12: =SUM(F18:F21) -> 6 | W12: =SUM(G18:G21) -> 0 | X12: =SUM(H18:H21) -> 0 | Y12: =SUM(I18:I21) -> 10 | Z12: =SUM(J18:J21) -> 0 | ... AF12: =SUM(P18:P21) -> 167
B13: 07.45 - 08.00 | C13: 6 | D13: 1 | E13: 2 | F13: 6 | G13: 0 | H13: 2 | I13: 1 | J13: 1 | K13: 0 | L13: 0 | M13: 25 | N13: 0 | O13: =SUM(C13:L13,N13) -> 19 | P13: =SUM(C13:N13) -> 44 | R13: 1000-1100 | S13: =SUM(C22:C25) -> 34 | T13: =SUM(D22:D25) -> 11 | U13: =SUM(E22:E25) -> 20 | V13: =SUM(F22:F25) -> 4 | W13: =SUM(G22:G25) -> 2 | X13: =SUM(H22:H25) -> 0 | Y13: =SUM(I22:I25) -> 6 | Z13: =SUM(J22:J25) -> 0 | ... AF13: =SUM(P22:P25) -> 232
B14: 08.00 - 08.15 | C14: 8 | D14: 1 | E14: 2 | F14: 1 | G14: 0 | H14: 0 | I14: 2 | J14: 0 | K14: 0 | L14: 0 | M14: 50 | N14: 0 | O14: =SUM(C14:L14,N14) -> 14 | P14: =SUM(C14:N14) -> 64 | R14: 1100-1200 | S14: =SUM(C26:C29) -> 30 | T14: =SUM(D26:D29) -> 5 | U14: =SUM(E26:E29) -> 8 | V14: =SUM(F26:F29) -> 7 | W14: =SUM(G26:G29) -> 0 | X14: =SUM(H26:H29) -> 1 | Y14: =SUM(I26:I29) -> 12 | Z14: =SUM(J26:J29) -> 1 | ... AF14: =SUM(P26:P29) -> 198
B15: 08.15 - 08.30 | C15: 0 | D15: 1 | E15: 2 | F15: 1 | G15: 1 | H15: 0 | I15: 2 | J15: 1 | K15: 0 | L15: 0 | M15: 16 | N15: 0 | O15: =SUM(C15:L15,N15) -> 8 | P15: =SUM(C15:N15) -> 24 | R15: 1200-1300 | S15: =SUM(C30:C33) -> 28 | T15: =SUM(D30:D33) -> 10 | U15: =SUM(E30:E33) -> 17 | V15: =SUM(F30:F33) -> 15 | W15: =SUM(G30:G33) -> 1 | X15: =SUM(H30:H33) -> 0 | Y15: =SUM(I30:I33) -> 6 | Z15: =SUM(J30:J33) -> 0 | ... AF15: =SUM(P30:P33) -> 207
B16: 08.30 - 08.45 | C16: 13 | D16: 2 | E16: 4 | F16: 0 | G16: 0 | H16: 0 | I16: 3 | J16: 0 | K16: 0 | L16: 0 | M16: 36 | N16: 0 | O16: =SUM(C16:L16,N16) -> 22 | P16: =SUM(C16:N16) -> 58 | R16: 1300-1400 | S16: =SUM(C34:C37) -> 12 | T16: =SUM(D34:D37) -> 9 | U16: =SUM(E34:E37) -> 15 | V16: =SUM(F34:F37) -> 15 | W16: =SUM(G34:G37) -> 1 | X16: =SUM(H34:H37) -> 2 | Y16: =SUM(I34:I37) -> 8 | Z16: =SUM(J34:J37) -> 3 | ... AF16: =SUM(P34:P37) -> 122
B17: 08.45 - 9.00 | C17: 5 | D17: 3 | E17: 5 | F17: 2 | G17: 1 | H17: 0 | I17: 2 | J17: 0 | K17: 0 | L17: 0 | M17: 35 | N17: 0 | O17: =SUM(C17:L17,N17) -> 18 | P17: =SUM(C17:N17) -> 53 | R17: 1400-1500 | S17: =SUM(C38:C41) -> 11 | T17: =SUM(D38:D41) -> 7 | U17: =SUM(E38:E41) -> 13 | V17: =SUM(F38:F41) -> 0 | W17: =SUM(G38:G41) -> 2 | X17: =SUM(H38:H41) -> 0 | Y17: =SUM(I38:I41) -> 10 | Z17: =SUM(J38:J41) -> 0 | ... AF17: =SUM(P38:P41) -> 84
B18: 09.00 - 09.15 | C18: 15 | D18: 1 | E18: 2 | F18: 1 | G18: 0 | H18: 0 | I18: 1 | J18: 0 | K18: 0 | L18: 0 | M18: 35 | N18: 0 | O18: =SUM(C18:L18,N18) -> 20 | P18: =SUM(C18:N18) -> 55 | R18: 1500-1600 | S18: =SUM(C42:C45) -> 24 | T18: =SUM(D42:D45) -> 13 | U18: =SUM(E42:E45) -> 22 | V18: =SUM(F42:F45) -> 8 | W18: =SUM(G42:G45) -> 0 | X18: =SUM(H42:H45) -> 0 | Y18: =SUM(I42:I45) -> 16 | Z18: =SUM(J42:J45) -> 2 | ... AF18: =SUM(P42:P45) -> 214
B19: 09.15 - 09.30 | C19: 7 | D19: 0 | E19: 0 | F19: 0 | G19: 0 | H19: 0 | I19: 1 | J19: 0 | K19: 0 | L19: 5 | M19: 20 | N19: 0 | O19: =SUM(C19:L19,N19) -> 13 | P19: =SUM(C19:N19) -> 33 | R19: 1600-1700 | S19: =SUM(C46:C49) -> 36 | T19: =SUM(D46:D49) -> 17 | U19: =SUM(E46:E49) -> 28 | V19: =SUM(F46:F49) -> 8 | W19: =SUM(G46:G49) -> 0 | X19: =SUM(H46:H49) -> 0 | Y19: =SUM(I46:I49) -> 6 | Z19: =SUM(J46:J49) -> 0 | ... AF19: =SUM(P46:P49) -> 260
B20: 09.30 - 09.45 | C20: 8 | D20: 3 | E20: 5 | F20: 5 | G20: 0 | H20: 0 | I20: 5 | J20: 0 | K20: 0 | L20: 0 | M20: 20 | N20: 0 | O20: =SUM(C20:L20,N20) -> 26 | P20: =SUM(C20:N20) -> 46 | R20: 1700-1800 | S20: =SUM(C50:C53) -> 39 | T20: =SUM(D50:D53) -> 15 | U20: =SUM(E50:E53) -> 24 | V20: =SUM(F50:F53) -> 7 | W20: =SUM(G50:G53) -> 0 | X20: =SUM(H50:H53) -> 1 | Y20: =SUM(I50:I53) -> 11 | Z20: =SUM(J50:J53) -> 3 | ... AF20: =SUM(P50:P53) -> 294
B21: 09.45 - 10.00 | C21: 3 | D21: 2 | E21: 4 | F21: 0 | G21: 0 | H21: 0 | I21: 3 | J21: 0 | K21: 0 | L21: 0 | M21: 21 | N21: 0 | O21: =SUM(C21:L21,N21) -> 12 | P21: =SUM(C21:N21) -> 33 | R21: 1800-1900 | S21: =SUM(C54:C57) -> 13 | T21: =SUM(D54:D57) -> 8 | U21: =SUM(E54:E57) -> 14 | V21: =SUM(F54:F57) -> 2 | W21: =SUM(G54:G57) -> 0 | X21: =SUM(H54:H57) -> 0 | Y21: =SUM(I54:I57) -> 12 | Z21: =SUM(J54:J57) -> 9 | ... AF21: =SUM(P54:P57) -> 161
B22: 10.00 - 10.15 | C22: 6 | D22: 3 | E22: 5 | F22: 1 | G22: 1 | H22: 0 | I22: 3 | J22: 0 | K22: 0 | L22: 0 | M22: 32 | N22: 0 | O22: =SUM(C22:L22,N22) -> 19 | P22: =SUM(C22:N22) -> 51 | R22: 1900-2000 | S22: =SUM(C58:C61) -> 35 | T22: =SUM(D58:D61) -> 15 | U22: =SUM(E58:E61) -> 25 | V22: =SUM(F58:F61) -> 20 | W22: =SUM(G58:G61) -> 16 | X22: =SUM(H58:H61) -> 1 | Y22: =SUM(I58:I61) -> 3 | Z22: =SUM(J58:J61) -> 3 | ... AF22: =SUM(P58:P61) -> 332
B23: 10.15 - 10.30 | C23: 8 | D23: 4 | E23: 6 | F23: 2 | G23: 1 | H23: 0 | I23: 1 | J23: 0 | K23: 0 | L23: 0 | M23: 27 | N23: 0 | O23: =SUM(C23:L23,N23) -> 22 | P23: =SUM(C23:N23) -> 49 | R23: 2000-2100 | S23: =SUM(C62:C65) -> 23 | T23: =SUM(D62:D65) -> 8 | U23: =SUM(E62:E65) -> 21 | V23: =SUM(F62:F65) -> 7 | W23: =SUM(G62:G65) -> 11 | X23: =SUM(H62:H65) -> 4 | Y23: =SUM(I62:I65) -> 9 | Z23: =SUM(J62:J65) -> 4 | ... AF23: =SUM(P62:P65) -> 261
B24: 10.30 - 10.45 | C24: 15 | D24: 2 | E24: 4 | F24: 1 | G24: 0 | H24: 0 | I24: 1 | J24: 0 | K24: 0 | L24: 0 | M24: 51 | N24: 0 | O24: =SUM(C24:L24,N24) -> 23 | P24: =SUM(C24:N24) -> 74 | R24: 2100-2200 | S24: =SUM(C66:C69) -> 24 | T24: =SUM(D66:D69) -> 4 | U24: =SUM(E66:E69) -> 17 | V24: =SUM(F66:F69) -> 14 | W24: =SUM(G66:G69) -> 1 | X24: =SUM(H66:H69) -> 0 | Y24: =SUM(I66:I69) -> 3 | Z24: =SUM(J66:J69) -> 3 | ... AF24: =SUM(P66:P69) -> 152
B25: 10.45 - 11.00 | C25: 5 | D25: 2 | E25: 5 | F25: 0 | G25: 0 | H25: 0 | I25: 1 | J25: 0 | K25: 0 | L25: 0 | M25: 45 | N25: 0 | O25: =SUM(C25:L25,N25) -> 13 | P25: =SUM(C25:N25) -> 58 | R25: 2200-2300 | S25: =SUM(C70:C73) -> 2 | T25: =SUM(D70:D73) -> 1 | U25: =SUM(E70:E73) -> 5 | V25: =SUM(F70:F73) -> 6 | W25: =SUM(G70:G73) -> 0 | X25: =SUM(H70:H73) -> 0 | Y25: =SUM(I70:I73) -> 1 | Z25: =SUM(J70:J73) -> 2 | ... AF25: =SUM(P70:P73) -> 58
B26: 11.00 - 11.15 | C26: 15 | D26: 3 | E26: 5 | F26: 2 | G26: 0 | H26: 1 | I26: 5 | J26: 0 | K26: 0 | L26: 0 | M26: 30 | N26: 0 | O26: =SUM(C26:L26,N26) -> 31 | P26: =SUM(C26:N26) -> 61 | R26: 2300-0000 | S26: =SUM(C74:C77) -> 5 | T26: =SUM(D74:D77) -> 0 | U26: =SUM(E74:E77) -> 2 | V26: =SUM(F74:F77) -> 2 | W26: =SUM(G74:G77) -> 0 | X26: =SUM(H74:H77) -> 0 | Y26: =SUM(I74:I77) -> 1 | Z26: =SUM(J74:J77) -> 0 | ... AF26: =SUM(P74:P77) -> 32
B27: 11.15 - 11.30 | C27: 5 | D27: 2 | E27: 3 | F27: 0 | G27: 0 | H27: 0 | I27: 2 | J27: 0 | K27: 0 | L27: 0 | M27: 37 | N27: 0 | O27: =SUM(C27:L27,N27) -> 12 | P27: =SUM(C27:N27) -> 49 | R27: 0000-0100 | S27: =SUM(C78:C81) -> 0 | T27: =SUM(D78:D81) -> 0 | U27: =SUM(E78:E81) -> 4 | V27: =SUM(F78:F81) -> 0 | W27: =SUM(G78:G81) -> 0 | X27: =SUM(H78:H81) -> 0 | Y27: =SUM(I78:I81) -> 0 | Z27: =SUM(J78:J81) -> 0 | ... AF27: =SUM(P78:P81) -> 10
B28: 11.30 - 11.45 | C28: 3 | D28: 0 | E28: 0 | F28: 2 | G28: 0 | H28: 0 | I28: 2 | J28: 0 | K28: 0 | L28: 0 | M28: 22 | N28: 0 | O28: =SUM(C28:L28,N28) -> 7 | P28: =SUM(C28:N28) -> 29 | R28: 0100-0200 | S28: =SUM(C82:C85) -> 1 | T28: =SUM(D82:D85) -> 0 | U28: =SUM(E82:E85) -> 1 | V28: =SUM(F82:F85) -> 0 | W28: =SUM(G82:G85) -> 0 | X28: =SUM(H82:H85) -> 0 | Y28: =SUM(I82:I85) -> 1 | Z28: =SUM(J82:J85) -> 0 | ... AF28: =SUM(P82:P85) -> 12
B29: 11.45 - 12.00 | C29: 7 | D29: 0 | E29: 0 | F29: 3 | G29: 0 | H29: 0 | I29: 3 | J29: 1 | K29: 0 | L29: 0 | M29: 45 | N29: 0 | O29: =SUM(C29:L29,N29) -> 14 | P29: =SUM(C29:N29) -> 59 | R29: 0200-0300 | S29: =SUM(C86:C89) -> 0 | T29: =SUM(D86:D89) -> 0 | U29: =SUM(E86:E89) -> 1 | V29: =SUM(F86:F89) -> 2 | W29: =SUM(G86:G89) -> 0 | X29: =SUM(H86:H89) -> 0 | Y29: =SUM(I86:I89) -> 0 | Z29: =SUM(J86:J89) -> 0 | ... AF29: =SUM(P86:P89) -> 3
B30: 12.00 - 12.15 | C30: 8 | D30: 4 | E30: 7 | F30: 11 | G30: 0 | H30: 0 | I30: 3 | J30: 0 | K30: 0 | L30: 0 | M30: 57 | N30: 0 | O30: =SUM(C30:L30,N30) -> 33 | P30: =SUM(C30:N30) -> 90 | R30: 0300-0400 | S30: =SUM(C90:C93) -> 0 | T30: =SUM(D90:D93) -> 0 | U30: =SUM(E90:E93) -> 0 | V30: =SUM(F90:F93) -> 0 | W30: =SUM(G90:G93) -> 0 | X30: =SUM(H90:H93) -> 0 | Y30: =SUM(I90:I93) -> 0 | Z30: =SUM(J90:J93) -> 0 | ... AF30: =SUM(P90:P93) -> 4
B31: 12.15 - 12.30 | C31: 10 | D31: 2 | E31: 3 | F31: 2 | G31: 0 | H31: 0 | I31: 2 | J31: 0 | K31: 0 | L31: 0 | M31: 35 | N31: 0 | O31: =SUM(C31:L31,N31) -> 19 | P31: =SUM(C31:N31) -> 54 | R31: 0400-0500 | S31: =SUM(C94:C97) -> 0 | T31: =SUM(D94:D97) -> 0 | U31: =SUM(E94:E97) -> 1 | V31: =SUM(F94:F97) -> 0 | W31: =SUM(G94:G97) -> 0 | X31: =SUM(H94:H97) -> 0 | Y31: =SUM(I94:I97) -> 0 | Z31: =SUM(J94:J97) -> 0 | ... AF31: =SUM(P94:P97) -> 5
B32: 12.30 - 12.45 | C32: 2 | D32: 2 | E32: 4 | F32: 1 | G32: 0 | H32: 0 | I32: 1 | J32: 0 | K32: 0 | L32: 0 | M32: 12 | N32: 0 | O32: =SUM(C32:L32,N32) -> 10 | P32: =SUM(C32:N32) -> 22 | R32: 0500-0600 | S32: =SUM(C98:C101) -> 0 | T32: =SUM(D98:D101) -> 0 | U32: =SUM(E98:E101) -> 0 | V32: =SUM(F98:F101) -> 0 | W32: =SUM(G98:G101) -> 0 | X32: =SUM(H98:H101) -> 0 | Y32: =SUM(I98:I101) -> 0 | Z32: =SUM(J98:J101) -> 0 | ... AF32: =SUM(P98:P101) -> 15
B33: 12.45 - 13.00 | C33: 8 | D33: 2 | E33: 3 | F33: 1 | G33: 1 | H33: 0 | I33: 0 | J33: 0 | K33: 0 | L33: 0 | M33: 26 | N33: 0 | O33: =SUM(C33:L33,N33) -> 15 | P33: =SUM(C33:N33) -> 41 | R33: 0600-0700 | S33: =SUM(C102:C105) -> 2 | T33: =SUM(D102:D105) -> 0 | U33: =SUM(E102:E105) -> 4 | V33: =SUM(F102:F105) -> 0 | W33: =SUM(G102:G105) -> 0 | X33: =SUM(H102:H105) -> 0 | Y33: =SUM(I102:I105) -> 1 | Z33: =SUM(J102:J105) -> 1 | ... AF33: =SUM(P102:P105) -> 84
B34: 13.00 - 13.15 | C34: 6 | D34: 6 | E34: 10 | F34: 3 | G34: 1 | H34: 0 | I34: 1 | J34: 0 | K34: 0 | L34: 1 | M34: 15 | N34: 0 | O34: =SUM(C34:L34,N34) -> 28 | P34: =SUM(C34:N34) -> 43 | R34: AM Peak Hr | S34: =MAX(S10:S12) -> 33 | T34: =MAX(T10:T12) -> 7 | U34: =MAX(U10:U12) -> 13 | V34: =MAX(V10:V12) -> 11 | W34: =MAX(W10:W12) -> 2 | X34: =MAX(X10:X12) -> 2 | Y34: =MAX(Y10:Y12) -> 10 | Z34: =MAX(Z10:Z12) -> 1 | ... AF34: =MAX(AF10:AF12) -> 199
B35: 13.15 - 13.30 | C35: 3 | D35: 2 | E35: 3 | F35: 3 | G35: 0 | H35: 2 | I35: 0 | J35: 3 | K35: 0 | L35: 0 | M35: 13 | N35: 0 | O35: =SUM(C35:L35,N35) -> 16 | P35: =SUM(C35:N35) -> 29 | R35: IP Peak Hr | S35: =MAX(S13:S18) -> 34 | T35: =MAX(T13:T18) -> 13 | U35: =MAX(U13:U18) -> 22 | V35: =MAX(V13:V18) -> 15 | W35: =MAX(W13:W18) -> 2 | X35: =MAX(X13:X18) -> 2 | Y35: =MAX(Y13:Y18) -> 16 | Z35: =MAX(Z13:Z18) -> 3 | ... AF35: =MAX(AF13:AF18) -> 232
B36: 13.30 - 13.45 | C36: 2 | D36: 0 | E36: 0 | F36: 1 | G36: 0 | H36: 0 | I36: 0 | J36: 0 | K36: 0 | L36: 0 | M36: 17 | N36: 0 | O36: =SUM(C36:L36,N36) -> 3 | P36: =SUM(C36:N36) -> 20 | R36: PM Peak Hr | S36: =MAX(S19:S21) -> 39 | T36: =MAX(T19:T21) -> 17 | U36: =MAX(U19:U21) -> 28 | V36: =MAX(V19:V21) -> 8 | W36: =MAX(W19:W21) -> 0 | X36: =MAX(X19:X21) -> 1 | Y36: =MAX(Y19:Y21) -> 12 | Z36: =MAX(Z19:Z21) -> 9 | ... AF36: =MAX(AF19:AF21) -> 294
B37: 13.45 - 14.00 | C37: 1 | D37: 1 | E37: 2 | F37: 8 | G37: 0 | H37: 0 | I37: 7 | J37: 0 | K37: 0 | L37: 1 | M37: 10 | N37: 0 | O37: =SUM(C37:L37,N37) -> 20 | P37: =SUM(C37:N37) -> 30 | R37: AM Period | S37: =SUM(S10:S12) -> 75 | T37: =SUM(T10:T12) -> 14 | U37: =SUM(U10:U12) -> 26 | V37: =SUM(V10:V12) -> 21 | W37: =SUM(W10:W12) -> 4 | X37: =SUM(X10:X12) -> 2 | Y37: =SUM(Y10:Y12) -> 22 | Z37: =SUM(Z10:Z12) -> 2 | ... AF37: =SUM(AF10:AF12) -> 526
B38: 14.00 - 14.15 | C38: 5 | D38: 2 | E38: 3 | F38: 0 | G38: 0 | H38: 0 | I38: 0 | J38: 0 | K38: 0 | L38: 0 | M38: 13 | N38: 0 | O38: =SUM(C38:L38,N38) -> 10 | P38: =SUM(C38:N38) -> 23 | R38: IP Period | S38: =SUM(S13:S18) -> 139 | T38: =SUM(T13:T18) -> 55 | U38: =SUM(U13:U18) -> 95 | V38: =SUM(V13:V18) -> 49 | W38: =SUM(W13:W18) -> 6 | X38: =SUM(X13:X18) -> 3 | Y38: =SUM(Y13:Y18) -> 58 | Z38: =SUM(Z13:Z18) -> 6 | ... AF38: =SUM(AF13:AF18) -> 1057
B39: 14.15 - 14.30 | C39: 0 | D39: 2 | E39: 3 | F39: 0 | G39: 0 | H39: 0 | I39: 1 | J39: 0 | K39: 0 | L39: 0 | M39: 10 | N39: 0 | O39: =SUM(C39:L39,N39) -> 6 | P39: =SUM(C39:N39) -> 16 | R39: PM Period | S39: =SUM(S19:S21) -> 88 | T39: =SUM(T19:T21) -> 40 | U39: =SUM(U19:U21) -> 66 | V39: =SUM(V19:V21) -> 17 | W39: =SUM(W19:W21) -> 0 | X39: =SUM(X19:X21) -> 1 | Y39: =SUM(Y19:Y21) -> 29 | Z39: =SUM(Z19:Z21) -> 12 | ... AF39: =SUM(AF19:AF21) -> 715
B40: 14.30 - 14.45 | C40: 6 | D40: 1 | E40: 2 | F40: 0 | G40: 2 | H40: 0 | I40: 2 | J40: 0 | K40: 0 | L40: 0 | M40: 12 | N40: 0 | O40: =SUM(C40:L40,N40) -> 13 | P40: =SUM(C40:N40) -> 25 | R40: 12 Hours | S40: =SUM(S10:S21) -> 302 | T40: =SUM(T10:T21) -> 109 | U40: =SUM(U10:U21) -> 187 | V40: =SUM(V10:V21) -> 87 | W40: =SUM(W10:W21) -> 10 | X40: =SUM(X10:X21) -> 6 | Y40: =SUM(Y10:Y21) -> 109 | Z40: =SUM(Z10:Z21) -> 20 | ... AF40: =SUM(AF10:AF21) -> 2298
B41: 14.45 - 15.00 | C41: 0 | D41: 2 | E41: 5 | F41: 0 | G41: 0 | H41: 0 | I41: 7 | J41: 0 | K41: 0 | L41: 0 | M41: 6 | N41: 0 | O41: =SUM(C41:L41,N41) -> 14 | P41: =SUM(C41:N41) -> 20 | R41: 24 Hrs/ADT | S41: =SUM(S10:S33) -> 394 | T41: =SUM(T10:T33) -> 137 | U41: =SUM(U10:U33) -> 268 | V41: =SUM(V10:V33) -> 138 | W41: =SUM(W10:W33) -> 38 | X41: =SUM(X10:X33) -> 11 | Y41: =SUM(Y10:Y33) -> 128 | Z41: =SUM(Z10:Z33) -> 33 | ... AF41: =SUM(AF10:AF33) -> 3266
B42: 15.00 - 15.15 | C42: 2 | D42: 4 | E42: 7 | F42: 2 | G42: 0 | H42: 0 | I42: 5 | J42: 0 | K42: 0 | L42: 0 | M42: 35 | N42: 0 | O42: =SUM(C42:L42,N42) -> 20 | P42: =SUM(C42:N42) -> 55 | R42: NEF | S42: =S41/S40 -> 1.3046358 | T42: =T41/T40 -> 1.2568807 | U42: =U41/U40 -> 1.4331551 | V42: =V41/V40 -> 1.5862069 | W42: =W41/W40 -> 3.8 | X42: =X41/X40 -> 1.8333333 | Y42: =Y41/Y40 -> 1.1743119 | Z42: =Z41/Z40 -> 1.65 | ... AF42: =AF41/AF40 -> 1.4212359
B43: 15.15 - 15.30 | C43: 11 | D43: 5 | E43: 8 | F43: 3 | G43: 0 | H43: 0 | I43: 7 | J43: 0 | K43: 0 | L43: 0 | M43: 30 | N43: 0 | O43: =SUM(C43:L43,N43) -> 34 | P43: =SUM(C43:N43) -> 64
B44: 15.30 - 15.45 | C44: 5 | D44: 0 | E44: 0 | F44: 2 | G44: 0 | H44: 0 | I44: 1 | J44: 1 | K44: 0 | L44: 0 | M44: 26 | N44: 0 | O44: =SUM(C44:L44,N44) -> 9 | P44: =SUM(C44:N44) -> 35
B45: 15.45 - 16.00 | C45: 6 | D45: 4 | E45: 7 | F45: 1 | G45: 0 | H45: 0 | I45: 3 | J45: 1 | K45: 0 | L45: 0 | M45: 38 | N45: 0 | O45: =SUM(C45:L45,N45) -> 22 | P45: =SUM(C45:N45) -> 60
B46: 16.00 - 16.15 | C46: 7 | D46: 3 | E46: 5 | F46: 1 | G46: 0 | H46: 0 | I46: 3 | J46: 0 | K46: 0 | L46: 0 | M46: 30 | N46: 0 | O46: =SUM(C46:L46,N46) -> 19 | P46: =SUM(C46:N46) -> 49
B47: 16.15 -16.30 | C47: 7 | D47: 2 | E47: 4 | F47: 1 | G47: 0 | H47: 0 | I47: 1 | J47: 0 | K47: 0 | L47: 0 | M47: 28 | N47: 0 | O47: =SUM(C47:L47,N47) -> 15 | P47: =SUM(C47:N47) -> 43
B48: 16.30 -16.45 | C48: 11 | D48: 3 | E48: 5 | F48: 5 | G48: 0 | H48: 0 | I48: 0 | J48: 0 | K48: 0 | L48: 1 | M48: 73 | N48: 0 | O48: =SUM(C48:L48,N48) -> 25 | P48: =SUM(C48:N48) -> 98
B49: 16.45 -17.00 | C49: 11 | D49: 9 | E49: 14 | F49: 1 | G49: 0 | H49: 0 | I49: 2 | J49: 0 | K49: 1 | L49: 0 | M49: 32 | N49: 0 | O49: =SUM(C49:L49,N49) -> 38 | P49: =SUM(C49:N49) -> 70
B50: 17.00 -17.15 | C50: 5 | D50: 4 | E50: 7 | F50: 3 | G50: 0 | H50: 0 | I50: 0 | J50: 0 | K50: 0 | L50: 0 | M50: 42 | N50: 0 | O50: =SUM(C50:L50,N50) -> 19 | P50: =SUM(C50:N50) -> 61
B51: 17.15 -17.30 | C51: 12 | D51: 2 | E51: 3 | F51: 1 | G51: 0 | H51: 1 | I51: 3 | J51: 2 | K51: 0 | L51: 1 | M51: 61 | N51: 0 | O51: =SUM(C51:L51,N51) -> 25 | P51: =SUM(C51:N51) -> 86
B52: 17.30 -17.45 | C52: 20 | D52: 8 | E52: 12 | F52: 1 | G52: 0 | H52: 0 | I52: 2 | J52: 1 | K52: 0 | L52: 0 | M52: 62 | N52: 2 | O52: =SUM(C52:L52,N52) -> 46 | P52: =SUM(C52:N52) -> 108
B53: 17.45 -18.00 | C53: 2 | D53: 1 | E53: 2 | F53: 2 | G53: 0 | H53: 0 | I53: 6 | J53: 0 | K53: 0 | L53: 0 | M53: 26 | N53: 0 | O53: =SUM(C53:L53,N53) -> 13 | P53: =SUM(C53:N53) -> 39
B54: 18.00 - 18.15 | C54: 3 | D54: 2 | E54: 4 | F54: 0 | G54: 0 | H54: 0 | I54: 5 | J54: 0 | K54: 0 | L54: 0 | M54: 47 | N54: 0 | O54: =SUM(C54:L54,N54) -> 14 | P54: =SUM(C54:N54) -> 61
... B105: 06.45 - 07.00 | C105: 1 | D105: 0 | E105: 2 | F105: 0 | G105: 0 | H105: 0 | I105: 0 | J105: 1 | K105: 0 | L105: 0 | M105: 40 | N105: 0 | O105: =SUM(C105:L105,N105) -> 4 | P105: =SUM(C105:N105) -> 44
B106: Totals | C106: =SUM(C10:C105) -> 394 | D106: =SUM(D10:D105) -> 137 | E106: =SUM(E10:E105) -> 268 | F106: =SUM(F10:F105) -> 138 | G106: =SUM(G10:G105) -> 38 | H106: =SUM(H10:H105) -> 11 | I106: =SUM(I10:I105) -> 128 | J106: =SUM(J10:J105) -> 33 | ... P106: =SUM(P10:P105) -> 3266
B107: %ges + MCs | C107: =C106/$P$106 -> 0.12063686 | D107: =D106/$P$106 -> 0.041947336 | E107: =E106/$P$106 -> 0.082057563 | F107: =F106/$P$106 -> 0.042253521 | G107: =G106/$P$106 -> 0.011635028 | H107: =H106/$P$106 -> 0.0033680343 | I107: =I106/$P$106 -> 0.039191672 | J107: =J106/$P$106 -> 0.010104103 | ... N107: =N106/$P$106 -> 0.00061236987
B108: %ges w/o MCs | C108: =C106/$O$106 -> 0.33220911 | D108: =D106/$O$106 -> 0.11551433 | E108: =E106/$O$106 -> 0.22596965 | F108: =F106/$O$106 -> 0.1163575 | G108: =G106/$O$106 -> 0.032040472 | H108: =H106/$O$106 -> 0.0092748735 | I108: =I106/$O$106 -> 0.1079258 | J108: =J106/$O$106 -> 0.027824621 | ... L108: =L106/$O$106 -> 0.021079258 | N108: =N106/$O$106 -> 0.0016863406

Sheet 02.08 Arua-Koboko-24h
B1: Consultancy services for Preparation of Expressway Development Master Plan (EDMP) for Uganda
B2: MANUAL CLASSIFIED COUNT (MCC)
B3: ROAD NAME: | C3: ='31.07 Koboko-Arua'!C3:G3 -> MCC - C5 - STN127 - KOBOKO-ARUA ROAD
C5: Date | D5: ='02.08 Koboko-Arua-24h'!D5 -> 26.07.19 | F5: Location | G5: ='02.08 Koboko-Arua-24h'!G5:H5 -> xxx | J5: Surveyor | K5: ='02.08 Koboko-Arua-24h'!K5:L5 -> xxx
C6: Dir. From | D6: ='31.07 Arua-Koboko'!D6:E6 -> Arua | F6: Dir. To | G6: ='01.08 Arua-Koboko'!G6:H6 -> Koboko | J6: Supervisor | K6: ='02.08 Koboko-Arua-24h'!K6:L6 -> xxx
B8: Time / Veh Type | R8: SUMMARY TRAFFIC VOLUMES
C9: 1. Car | D9: 2. Station Wagon | E9: 3. Pickups | F9: 4. Minibus, matatu | G9: 5. Medium bus | H9: 6. Large Bus | I9: 7. Light Truck | J9: 8. Medium Truck | K9: 9. Heavy truck | L9: 10. Truck Trailer | M9: 11. Motor cycles | N9: 12. Tractors | O9: Total Excl M/Cycles | P9: Total All | R9: Time | S9: 1. Car | T9: 2. Station Wagon | U9: 3. Pickups | V9: 4. Minibus, matatu | W9: 5. Medium bus | X9: 6. Large Bus | Y9: 7. Light Truck | Z9: 8. Medium Truck | AA9: 9. Heavy truck | AB9: 10. Truck Trailer | AC9: 11. Motorcycles | AD9: 12. Tractors, Graders | AE9: Total Excl M/ Cycles | AF9: Total All
B10: 07.00 - 07.15 | C10: 11 | D10: 0 | E10: 0 | F10: 0 | G10: 0 | H10: 0 | I10: 0 | J10: 0 | K10: 0 | L10: 0 | M10: 60 | N10: 0 | O10: =SUM(C10:L10,N10) -> 11 | P10: =SUM(C10:N10) -> 71 | R10: 0700-0800 | S10: =SUM(C10:C13) -> 20 | T10: =SUM(D10:D13) -> 2 | U10: =SUM(E10:E13) -> 5 | V10: =SUM(F10:F13) -> 7 | W10: =SUM(G10:G13) -> 1 | X10: =SUM(H10:H13) -> 0 | Y10: =SUM(I10:I13) -> 2 | Z10: =SUM(J10:J13) -> 0 | ... AF10: =SUM(P10:P13) -> 167
B11: 07.15 - 07.30 | C11: 1 | D11: 2 | E11: 5 | F11: 4 | G11: 0 | H11: 0 | I11: 1 | J11: 0 | K11: 0 | L11: 1 | M11: 22 | N11: 0 | O11: =SUM(C11:L11,N11) -> 14 | P11: =SUM(C11:N11) -> 36 | R11: 0800-0900 | S11: =SUM(C14:C17) -> 23 | T11: =SUM(D14:D17) -> 3 | U11: =SUM(E14:E17) -> 11 | V11: =SUM(F14:F17) -> 8 | W11: =SUM(G14:G17) -> 0 | X11: =SUM(H14:H17) -> 0 | Y11: =SUM(I14:I17) -> 7 | Z11: =SUM(J14:J17) -> 2 | ... AF11: =SUM(P14:P17) -> 155
B12: 07.30 - 07.45 | C12: 3 | D12: 0 | E12: 0 | F12: 1 | G12: 0 | H12: 0 | I12: 1 | J12: 0 | K12: 0 | L12: 1 | M12: 25 | N12: 0 | O12: =SUM(C12:L12,N12) -> 6 | P12: =SUM(C12:N12) -> 31 | R12: 0900-1000 | S12: =SUM(C18:C21) -> 31 | T12: =SUM(D18:D21) -> 7 | U12: =SUM(E18:E21) -> 20 | V12: =SUM(F18:F21) -> 10 | W12: =SUM(G18:G21) -> 0 | X12: =SUM(H18:H21) -> 0 | Y12: =SUM(I18:I21) -> 6 | Z12: =SUM(J18:J21) -> 5 | ... AF12: =SUM(P18:P21) -> 234
B13: 07.45 - 08.00 | C13: 5 | D13: 0 | E13: 0 | F13: 2 | G13: 1 | H13: 0 | I13: 0 | J13: 0 | K13: 0 | L13: 0 | M13: 21 | N13: 0 | O13: =SUM(C13:L13,N13) -> 8 | P13: =SUM(C13:N13) -> 29 | R13: 1000-1100 | S13: =SUM(C22:C25) -> 32 | T13: =SUM(D22:D25) -> 8 | U13: =SUM(E22:E25) -> 24 | V13: =SUM(F22:F25) -> 4 | W13: =SUM(G22:G25) -> 0 | X13: =SUM(H22:H25) -> 0 | Y13: =SUM(I22:I25) -> 4 | Z13: =SUM(J22:J25) -> 5 | ... AF13: =SUM(P22:P25) -> 237
B14: 08.00 - 08.15 | C14: 2 | D14: 1 | E14: 4 | F14: 1 | G14: 0 | H14: 0 | I14: 2 | J14: 1 | K14: 0 | L14: 0 | M14: 27 | N14: 0 | O14: =SUM(C14:L14,N14) -> 11 | P14: =SUM(C14:N14) -> 38 | R14: 1100-1200 | S14: =SUM(C26:C29) -> 26 | T14: =SUM(D26:D29) -> 1 | U14: =SUM(E26:E29) -> 5 | V14: =SUM(F26:F29) -> 3 | W14: =SUM(G26:G29) -> 0 | X14: =SUM(H26:H29) -> 0 | Y14: =SUM(I26:I29) -> 5 | Z14: =SUM(J26:J29) -> 4 | ... AF14: =SUM(P26:P29) -> 173
B15: 08.15 - 08.30 | C15: 11 | D15: 1 | E15: 4 | F15: 0 | G15: 0 | H15: 0 | I15: 1 | J15: 0 | K15: 0 | L15: 0 | M15: 21 | N15: 0 | O15: =SUM(C15:L15,N15) -> 17 | P15: =SUM(C15:N15) -> 38 | R15: 1200-1300 | S15: =SUM(C30:C33) -> 30 | T15: =SUM(D30:D33) -> 3 | U15: =SUM(E30:E33) -> 8 | V15: =SUM(F30:F33) -> 4 | W15: =SUM(G30:G33) -> 0 | X15: =SUM(H30:H33) -> 0 | Y15: =SUM(I30:I33) -> 4 | Z15: =SUM(J30:J33) -> 0 | ... AF15: =SUM(P30:P33) -> 199
B16: 08.30 - 08.45 | C16: 6 | D16: 1 | E16: 3 | F16: 5 | G16: 0 | H16: 0 | I16: 1 | J16: 1 | K16: 0 | L16: 2 | M16: 29 | N16: 0 | O16: =SUM(C16:L16,N16) -> 19 | P16: =SUM(C16:N16) -> 48 | R16: 1300-1400 | S16: =SUM(C34:C37) -> 16 | T16: =SUM(D34:D37) -> 2 | U16: =SUM(E34:E37) -> 6 | V16: =SUM(F34:F37) -> 3 | W16: =SUM(G34:G37) -> 0 | X16: =SUM(H34:H37) -> 0 | Y16: =SUM(I34:I37) -> 2 | Z16: =SUM(J34:J37) -> 3 | ... AF16: =SUM(P34:P37) -> 150
B17: 08.45 - 9.00 | C17: 4 | D17: 0 | E17: 0 | F17: 2 | G17: 0 | H17: 0 | I17: 3 | J17: 0 | K17: 0 | L17: 0 | M17: 22 | N17: 0 | O17: =SUM(C17:L17,N17) -> 9 | P17: =SUM(C17:N17) -> 31 | R17: 1400-1500 | S17: =SUM(C38:C41) -> 23 | T17: =SUM(D38:D41) -> 1 | U17: =SUM(E38:E41) -> 3 | V17: =SUM(F38:F41) -> 4 | W17: =SUM(G38:G41) -> 1 | X17: =SUM(H38:H41) -> 0 | Y17: =SUM(I38:I41) -> 4 | Z17: =SUM(J38:J41) -> 1 | ... AF17: =SUM(P38:P41) -> 151
B18: 09.00 - 09.15 | C18: 3 | D18: 1 | E18: 4 | F18: 1 | G18: 0 | H18: 0 | I18: 1 | J18: 1 | K18: 0 | L18: 0 | M18: 23 | N18: 0 | O18: =SUM(C18:L18,N18) -> 11 | P18: =SUM(C18:N18) -> 34 | R18: 1500-1600 | S18: =SUM(C42:C45) -> 28 | T18: =SUM(D42:D45) -> 5 | U18: =SUM(E42:E45) -> 13 | V18: =SUM(F42:F45) -> 0 | W18: =SUM(G42:G45) -> 0 | X18: =SUM(H42:H45) -> 0 | Y18: =SUM(I42:I45) -> 6 | Z18: =SUM(J42:J45) -> 4 | ... AF18: =SUM(P42:P45) -> 154
B19: 09.15 - 09.30 | C19: 9 | D19: 2 | E19: 5 | F19: 0 | G19: 0 | H19: 0 | I19: 3 | J19: 1 | K19: 0 | L19: 0 | M19: 44 | N19: 0 | O19: =SUM(C19:L19,N19) -> 20 | P19: =SUM(C19:N19) -> 64 | R19: 1600-1700 | S19: =SUM(C46:C49) -> 31 | T19: =SUM(D46:D49) -> 4 | U19: =SUM(E46:E49) -> 15 | V19: =SUM(F46:F49) -> 6 | W19: =SUM(G46:G49) -> 0 | X19: =SUM(H46:H49) -> 0 | Y19: =SUM(I46:I49) -> 3 | Z19: =SUM(J46:J49) -> 4 | ... AF19: =SUM(P46:P49) -> 178
B20: 09.30 - 09.45 | C20: 14 | D20: 3 | E20: 7 | F20: 6 | G20: 0 | H20: 0 | I20: 2 | J20: 2 | K20: 0 | L20: 0 | M20: 55 | N20: 0 | O20: =SUM(C20:L20,N20) -> 34 | P20: =SUM(C20:N20) -> 89 | R20: 1700-1800 | S20: =SUM(C50:C53) -> 33 | T20: =SUM(D50:D53) -> 5 | U20: =SUM(E50:E53) -> 18 | V20: =SUM(F50:F53) -> 2 | W20: =SUM(G50:G53) -> 0 | X20: =SUM(H50:H53) -> 1 | Y20: =SUM(I50:I53) -> 2 | Z20: =SUM(J50:J53) -> 8 | ... AF20: =SUM(P50:P53) -> 225
B21: 09.45 - 10.00 | C21: 5 | D21: 1 | E21: 4 | F21: 3 | G21: 0 | H21: 0 | J21: 1 | K21: 0 | L21: 0 | M21: 33 | N21: 0 | O21: =SUM(C21:L21,N21) -> 14 | P21: =SUM(C21:N21) -> 47 | R21: 1800-1900 | S21: =SUM(C54:C57) -> 23 | T21: =SUM(D54:D57) -> 1 | U21: =SUM(E54:E57) -> 3 | V21: =SUM(F54:F57) -> 0 | W21: =SUM(G54:G57) -> 2 | X21: =SUM(H54:H57) -> 2 | Y21: =SUM(I54:I57) -> 0 | Z21: =SUM(J54:J57) -> 9 | ... AF21: =SUM(P54:P57) -> 167
B22: 10.00 - 10.15 | C22: 5 | D22: 3 | E22: 9 | F22: 0 | G22: 0 | H22: 0 | I22: 2 | J22: 1 | K22: 0 | L22: 0 | M22: 49 | N22: 0 | O22: =SUM(C22:L22,N22) -> 20 | P22: =SUM(C22:N22) -> 69 | R22: 1900-2000 | S22: =SUM(C58:C61) -> 45 | T22: =SUM(D58:D61) -> 0 | U22: =SUM(E58:E61) -> 0 | V22: =SUM(F58:F61) -> 4 | W22: =SUM(G58:G61) -> 1 | X22: =SUM(H58:H61) -> 0 | Y22: =SUM(I58:I61) -> 1 | Z22: =SUM(J58:J61) -> 2 | ... AF22: =SUM(P58:P61) -> 269
B23: 10.15 - 10.30 | C23: 8 | D23: 1 | E23: 3 | F23: 1 | G23: 0 | H23: 0 | I23: 1 | J23: 2 | K23: 0 | L23: 0 | M23: 41 | N23: 0 | O23: =SUM(C23:L23,N23) -> 16 | P23: =SUM(C23:N23) -> 57 | R23: 2000-2100 | S23: =SUM(C62:C65) -> 21 | T23: =SUM(D62:D65) -> 0 | U23: =SUM(E62:E65) -> 0 | V23: =SUM(F62:F65) -> 1 | W23: =SUM(G62:G65) -> 0 | X23: =SUM(H62:H65) -> 1 | Y23: =SUM(I62:I65) -> 4 | Z23: =SUM(J62:J65) -> 0 | ... AF23: =SUM(P62:P65) -> 188
B24: 10.30 - 10.45 | C24: 12 | D24: 2 | E24: 7 | F24: 2 | G24: 0 | H24: 0 | I24: 1 | J24: 1 | K24: 0 | L24: 1 | M24: 32 | N24: 0 | O24: =SUM(C24:L24,N24) -> 26 | P24: =SUM(C24:N24) -> 58 | R24: 2100-2200 | S24: =SUM(C66:C69) -> 6 | T24: =SUM(D66:D69) -> 0 | U24: =SUM(E66:E69) -> 0 | V24: =SUM(F66:F69) -> 1 | W24: =SUM(G66:G69) -> 0 | X24: =SUM(H66:H69) -> 0 | Y24: =SUM(I66:I69) -> 1 | Z24: =SUM(J66:J69) -> 0 | ... AF24: =SUM(P66:P69) -> 96
B25: 10.45 - 11.00 | C25: 7 | D25: 2 | E25: 5 | F25: 1 | G25: 0 | H25: 0 | I25: 0 | J25: 1 | K25: 0 | L25: 1 | M25: 36 | N25: 0 | O25: =SUM(C25:L25,N25) -> 17 | P25: =SUM(C25:N25) -> 53 | R25: 2200-2300 | S25: =SUM(C70:C73) -> 6 | T25: =SUM(D70:D73) -> 0 | U25: =SUM(E70:E73) -> 0 | V25: =SUM(F70:F73) -> 0 | W25: =SUM(G70:G73) -> 0 | X25: =SUM(H70:H73) -> 0 | Y25: =SUM(I70:I73) -> 2 | Z25: =SUM(J70:J73) -> 0 | ... AF25: =SUM(P70:P73) -> 43
B26: 11.00 - 11.15 | C26: 12 | D26: 0 | E26: 0 | F26: 1 | G26: 0 | H26: 0 | I26: 0 | J26: 1 | K26: 0 | L26: 0 | M26: 33 | N26: 0 | O26: =SUM(C26:L26,N26) -> 14 | P26: =SUM(C26:N26) -> 47 | R26: 2300-0000 | S26: =SUM(C74:C77) -> 1 | T26: =SUM(D74:D77) -> 0 | U26: =SUM(E74:E77) -> 0 | V26: =SUM(F74:F77) -> 0 | W26: =SUM(G74:G77) -> 0 | X26: =SUM(H74:H77) -> 0 | Y26: =SUM(I74:I77) -> 0 | Z26: =SUM(J74:J77) -> 0 | ... AF26: =SUM(P74:P77) -> 29
B27: 11.15 - 11.30 | C27: 9 | D27: 1 | E27: 5 | F27: 1 | G27: 0 | H27: 0 | I27: 1 | J27: 2 | K27: 0 | L27: 2 | M27: 46 | N27: 0 | O27: =SUM(C27:L27,N27) -> 21 | P27: =SUM(C27:N27) -> 67 | R27: 0000-0100 | S27: =SUM(C78:C81) -> 0 | T27: =SUM(D78:D81) -> 0 | U27: =SUM(E78:E81) -> 0 | V27: =SUM(F78:F81) -> 1 | W27: =SUM(G78:G81) -> 0 | X27: =SUM(H78:H81) -> 0 | Y27: =SUM(I78:I81) -> 0 | Z27: =SUM(J78:J81) -> 0 | ... AF27: =SUM(P78:P81) -> 23
B28: 11.30 - 11.45 | C28: 2 | D28: 0 | E28: 0 | F28: 0 | G28: 0 | H28: 0 | I28: 1 | J28: 1 | K28: 0 | L28: 0 | M28: 22 | N28: 0 | O28: =SUM(C28:L28,N28) -> 4 | P28: =SUM(C28:N28) -> 26 | R28: 0100-0200 | S28: =SUM(C82:C85) -> 1 | T28: =SUM(D82:D85) -> 0 | U28: =SUM(E82:E85) -> 0 | V28: =SUM(F82:F85) -> 0 | W28: =SUM(G82:G85) -> 0 | X28: =SUM(H82:H85) -> 0 | Y28: =SUM(I82:I85) -> 0 | Z28: =SUM(J82:J85) -> 0 | ... AF28: =SUM(P82:P85) -> 13
B29: 11.45 - 12.00 | C29: 3 | D29: 0 | E29: 0 | F29: 1 | G29: 0 | H29: 0 | I29: 3 | J29: 0 | K29: 0 | L29: 0 | M29: 26 | N29: 0 | O29: =SUM(C29:L29,N29) -> 7 | P29: =SUM(C29:N29) -> 33 | R29: 0200-0300 | S29: =SUM(C86:C89) -> 1 | T29: =SUM(D86:D89) -> 0 | U29: =SUM(E86:E89) -> 0 | V29: =SUM(F86:F89) -> 1 | W29: =SUM(G86:G89) -> 0 | X29: =SUM(H86:H89) -> 0 | Y29: =SUM(I86:I89) -> 0 | Z29: =SUM(J86:J89) -> 0 | ... AF29: =SUM(P86:P89) -> 4
B30: 12.00 - 12.15 | C30: 12 | D30: 3 | E30: 8 | F30: 2 | G30: 0 | H30: 0 | I30: 1 | J30: 0 | K30: 1 | L30: 0 | M30: 42 | N30: 0 | O30: =SUM(C30:L30,N30) -> 27 | P30: =SUM(C30:N30) -> 69 | R30: 0300-0400 | S30: =SUM(C90:C93) -> 0 | T30: =SUM(D90:D93) -> 0 | U30: =SUM(E90:E93) -> 0 | V30: =SUM(F90:F93) -> 0 | W30: =SUM(G90:G93) -> 0 | X30: =SUM(H90:H93) -> 0 | Y30: =SUM(I90:I93) -> 0 | Z30: =SUM(J90:J93) -> 0 | ... AF30: =SUM(P90:P93) -> 5
B31: 12.15 - 12.30 | C31: 4 | D31: 0 | E31: 0 | F31: 1 | G31: 0 | H31: 0 | I31: 2 | J31: 0 | K31: 0 | L31: 2 | M31: 38 | N31: 0 | O31: =SUM(C31:L31,N31) -> 9 | P31: =SUM(C31:N31) -> 47 | R31: 0400-0500 | S31: =SUM(C94:C97) -> 1 | T31: =SUM(D94:D97) -> 0 | U31: =SUM(E94:E97) -> 0 | V31: =SUM(F94:F97) -> 0 | W31: =SUM(G94:G97) -> 0 | X31: =SUM(H94:H97) -> 1 | Y31: =SUM(I94:I97) -> 0 | Z31: =SUM(J94:J97) -> 0 | ... AF31: =SUM(P94:P97) -> 7
B32: 12.30 - 12.45 | C32: 5 | D32: 0 | E32: 0 | F32: 0 | G32: 0 | H32: 0 | I32: 1 | J32: 0 | K32: 0 | L32: 0 | M32: 29 | N32: 0 | O32: =SUM(C32:L32,N32) -> 6 | P32: =SUM(C32:N32) -> 35 | R32: 0500-0600 | S32: =SUM(C98:C101) -> 1 | T32: =SUM(D98:D101) -> 0 | U32: =SUM(E98:E101) -> 0 | V32: =SUM(F98:F101) -> 0 | W32: =SUM(G98:G101) -> 0 | X32: =SUM(H98:H101) -> 5 | Y32: =SUM(I98:I101) -> 0 | Z32: =SUM(J98:J101) -> 0 | ... AF32: =SUM(P98:P101) -> 19
B33: 12.45 - 13.00 | C33: 9 | D33: 0 | E33: 0 | F33: 1 | G33: 0 | H33: 0 | I33: 0 | J33: 0 | K33: 0 | L33: 0 | M33: 38 | N33: 0 | O33: =SUM(C33:L33,N33) -> 10 | P33: =SUM(C33:N33) -> 48 | R33: 0600-0700 | S33: =SUM(C102:C105) -> 0 | T33: =SUM(D102:D105) -> 0 | U33: =SUM(E102:E105) -> 0 | V33: =SUM(F102:F105) -> 0 | W33: =SUM(G102:G105) -> 0 | X33: =SUM(H102:H105) -> 0 | Y33: =SUM(I102:I105) -> 1 | Z33: =SUM(J102:J105) -> 1 | ... AF33: =SUM(P102:P105) -> 54
B34: 13.00 - 13.15 | C34: 5 | D34: 0 | E34: 0 | F34: 1 | G34: 0 | H34: 0 | I34: 0 | J34: 0 | K34: 0 | L34: 0 | M34: 33 | N34: 0 | O34: =SUM(C34:L34,N34) -> 6 | P34: =SUM(C34:N34) -> 39 | R34: AM Peak Hr | S34: =MAX(S10:S12) -> 31 | T34: =MAX(T10:T12) -> 7 | U34: =MAX(U10:U12) -> 20 | V34: =MAX(V10:V12) -> 10 | W34: =MAX(W10:W12) -> 1 | X34: =MAX(X10:X12) -> 0 | Y34: =MAX(Y10:Y12) -> 7 | Z34: =MAX(Z10:Z12) -> 5 | ... AF34: =MAX(AF10:AF12) -> 234
B35: 13.15 - 13.30 | C35: 4 | D35: 1 | E35: 3 | F35: 1 | G35: 0 | H35: 0 | I35: 0 | J35: 0 | K35: 0 | L35: 0 | M35: 30 | N35: 0 | O35: =SUM(C35:L35,N35) -> 9 | P35: =SUM(C35:N35) -> 39 | R35: IP Peak Hr | S35: =MAX(S13:S18) -> 32 | T35: =MAX(T13:T18) -> 8 | U35: =MAX(U13:U18) -> 24 | V35: =MAX(V13:V18) -> 4 | W35: =MAX(W13:W18) -> 1 | X35: =MAX(X13:X18) -> 0 | Y35: =MAX(Y13:Y18) -> 6 | Z35: =MAX(Z13:Z18) -> 5 | ... AF35: =MAX(AF13:AF18) -> 237
B36: 13.30 - 13.45 | C36: 5 | D36: 0 | E36: 0 | F36: 0 | G36: 0 | H36: 0 | I36: 0 | J36: 0 | K36: 0 | L36: 0 | M36: 15 | N36: 0 | O36: =SUM(C36:L36,N36) -> 5 | P36: =SUM(C36:N36) -> 20 | R36: PM Peak Hr | S36: =MAX(S19:S21) -> 33 | T36: =MAX(T19:T21) -> 5 | U36: =MAX(U19:U21) -> 18 | V36: =MAX(V19:V21) -> 6 | W36: =MAX(W19:W21) -> 2 | X36: =MAX(X19:X21) -> 2 | Y36: =MAX(Y19:Y21) -> 3 | Z36: =MAX(Z19:Z21) -> 9 | ... AF36: =MAX(AF19:AF21) -> 225
B37: 13.45 - 14.00 | C37: 2 | D37: 1 | E37: 3 | F37: 1 | G37: 0 | H37: 0 | I37: 2 | J37: 3 | K37: 0 | L37: 1 | M37: 31 | N37: 8 | O37: =SUM(C37:L37,N37) -> 21 | P37: =SUM(C37:N37) -> 52 | R37: AM Period | S37: =SUM(S10:S12) -> 74 | T37: =SUM(T10:T12) -> 12 | U37: =SUM(U10:U12) -> 36 | V37: =SUM(V10:V12) -> 25 | W37: =SUM(W10:W12) -> 1 | X37: =SUM(X10:X12) -> 0 | Y37: =SUM(Y10:Y12) -> 15 | Z37: =SUM(Z10:Z12) -> 7 | ... AF37: =SUM(AF10:AF12) -> 556
B38: 14.00 - 14.15 | C38: 7 | D38: 0 | E38: 0 | F38: 1 | G38: 0 | H38: 0 | I38: 0 | J38: 0 | K38: 0 | L38: 0 | M38: 13 | N38: 0 | O38: =SUM(C38:L38,N38) -> 8 | P38: =SUM(C38:N38) -> 21 | R38: IP Period | S38: =SUM(S13:S18) -> 155 | T38: =SUM(T13:T18) -> 20 | U38: =SUM(U13:U18) -> 59 | V38: =SUM(V13:V18) -> 18 | W38: =SUM(W13:W18) -> 1 | X38: =SUM(X13:X18) -> 0 | Y38: =SUM(Y13:Y18) -> 25 | Z38: =SUM(Z13:Z18) -> 17 | ... AF38: =SUM(AF13:AF18) -> 1064
B39: 14.15 - 14.30 | C39: 3 | D39: 0 | E39: 0 | F39: 0 | G39: 0 | H39: 0 | I39: 1 | J39: 0 | K39: 0 | L39: 0 | M39: 26 | N39: 0 | O39: =SUM(C39:L39,N39) -> 4 | P39: =SUM(C39:N39) -> 30 | R39: PM Period | S39: =SUM(S19:S21) -> 87 | T39: =SUM(T19:T21) -> 10 | U39: =SUM(U19:U21) -> 36 | V39: =SUM(V19:V21) -> 8 | W39: =SUM(W19:W21) -> 2 | X39: =SUM(X19:X21) -> 3 | Y39: =SUM(Y19:Y21) -> 5 | Z39: =SUM(Z19:Z21) -> 21 | ... AF39: =SUM(AF19:AF21) -> 570
B40: 14.30 - 14.45 | C40: 8 | D40: 0 | E40: 0 | F40: 3 | G40: 1 | H40: 0 | I40: 2 | J40: 1 | K40: 0 | L40: 0 | M40: 34 | N40: 0 | O40: =SUM(C40:L40,N40) -> 15 | P40: =SUM(C40:N40) -> 49 | R40: 12 Hours | S40: =SUM(S10:S21) -> 316 | T40: =SUM(T10:T21) -> 42 | U40: =SUM(U10:U21) -> 131 | V40: =SUM(V10:V21) -> 51 | W40: =SUM(W10:W21) -> 4 | X40: =SUM(X10:X21) -> 3 | Y40: =SUM(Y10:Y21) -> 45 | Z40: =SUM(Z10:Z21) -> 45 | ... AF40: =SUM(AF10:AF21) -> 2190
B41: 14.45 - 15.00 | C41: 5 | D41: 1 | E41: 3 | F41: 0 | G41: 0 | H41: 0 | I41: 1 | J41: 0 | K41: 0 | L41: 0 | M41: 41 | N41: 0 | O41: =SUM(C41:L41,N41) -> 10 | P41: =SUM(C41:N41) -> 51 | R41: 24 Hrs/ADT | S41: =SUM(S10:S33) -> 399 | T41: =SUM(T10:T33) -> 42 | U41: =SUM(U10:U33) -> 131 | V41: =SUM(V10:V33) -> 59 | W41: =SUM(W10:W33) -> 5 | X41: =SUM(X10:X33) -> 10 | Y41: =SUM(Y10:Y33) -> 54 | Z41: =SUM(Z10:Z33) -> 48 | ... AF41: =SUM(AF10:AF33) -> 2940
B42: 15.00 - 15.15 | C42: 12 | D42: 2 | E42: 6 | F42: 0 | G42: 0 | H42: 0 | I42: 3 | J42: 1 | K42: 0 | L42: 0 | M42: 31 | N42: 0 | O42: =SUM(C42:L42,N42) -> 24 | P42: =SUM(C42:N42) -> 55 | R42: NEF | S42: =S41/S40 -> 1.2626582 | T42: =T41/T40 -> 1 | U42: =U41/U40 -> 1 | V42: =V41/V40 -> 1.1568627 | W42: =W41/W40 -> 1.25 | X42: =X41/X40 -> 3.3333333 | Y42: =Y41/Y40 -> 1.2 | Z42: =Z41/Z40 -> 1.0666667 | ... AF42: =AF41/AF40 -> 1.3424658
B43: 15.15 - 15.30 | C43: 5 | D43: 3 | E43: 7 | F43: 0 | G43: 0 | H43: 0 | I43: 1 | J43: 0 | K43: 0 | L43: 3 | M43: 32 | N43: 0 | O43: =SUM(C43:L43,N43) -> 19 | P43: =SUM(C43:N43) -> 51
B44: 15.30 - 15.45 | C44: 3 | D44: 0 | E44: 0 | F44: 0 | G44: 0 | H44: 0 | I44: 1 | J44: 1 | K44: 0 | L44: 0 | M44: 15 | N44: 0 | O44: =SUM(C44:L44,N44) -> 5 | P44: =SUM(C44:N44) -> 20
B45: 15.45 - 16.00 | C45: 8 | D45: 0 | E45: 0 | F45: 0 | G45: 0 | H45: 0 | I45: 1 | J45: 2 | K45: 0 | L45: 0 | M45: 17 | N45: 0 | O45: =SUM(C45:L45,N45) -> 11 | P45: =SUM(C45:N45) -> 28
B46: 16.00 - 16.15 | C46: 8 | D46: 2 | E46: 5 | F46: 2 | G46: 0 | H46: 0 | I46: 1 | J46: 1 | K46: 0 | L46: 0 | M46: 22 | N46: 0 | O46: =SUM(C46:L46,N46) -> 19 | P46: =SUM(C46:N46) -> 41
B47: 16.15 -16.30 | C47: 7 | D47: 1 | E47: 4 | F47: 2 | G47: 0 | H47: 0 | I47: 1 | J47: 1 | K47: 0 | L47: 0 | M47: 27 | N47: 0 | O47: =SUM(C47:L47,N47) -> 16 | P47: =SUM(C47:N47) -> 43
B48: 16.30 -16.45 | C48: 12 | D48: 1 | E48: 3 | F48: 1 | G48: 0 | H48: 0 | I48: 1 | J48: 1 | K48: 0 | L48: 1 | M48: 30 | N48: 0 | O48: =SUM(C48:L48,N48) -> 20 | P48: =SUM(C48:N48) -> 50
B49: 16.45 -17.00 | C49: 4 | D49: 0 | E49: 3 | F49: 1 | G49: 0 | H49: 0 | I49: 0 | J49: 1 | K49: 0 | L49: 1 | M49: 34 | N49: 0 | O49: =SUM(C49:L49,N49) -> 10 | P49: =SUM(C49:N49) -> 44
B50: 17.00 -17.15 | C50: 6 | D50: 1 | E50: 4 | F50: 1 | G50: 0 | H50: 0 | I50: 0 | J50: 1 | K50: 0 | L50: 0 | M50: 31 | N50: 0 | O50: =SUM(C50:L50,N50) -> 13 | P50: =SUM(C50:N50) -> 44
B51: 17.15 -17.30 | C51: 14 | D51: 1 | E51: 3 | F51: 1 | G51: 0 | H51: 0 | I51: 0 | J51: 0 | K51: 0 | L51: 0 | M51: 32 | N51: 0 | O51: =SUM(C51:L51,N51) -> 19 | P51: =SUM(C51:N51) -> 51
B52: 17.30 -17.45 | C52: 3 | D52: 1 | E52: 5 | F52: 0 | G52: 0 | H52: 1 | I52: 0 | J52: 3 | K52: 0 | L52: 0 | M52: 45 | N52: 0 | O52: =SUM(C52:L52,N52) -> 13 | P52: =SUM(C52:N52) -> 58
B53: 17.45 -18.00 | C53: 10 | D53: 2 | E53: 6 | F53: 0 | G53: 0 | H53: 0 | I53: 2 | J53: 4 | K53: 0 | L53: 0 | M53: 48 | N53: 0 | O53: =SUM(C53:L53,N53) -> 24 | P53: =SUM(C53:N53) -> 72
B54: 18.00 - 18.15 | C54: 10 | D54: 0 | E54: 0 | F54: 0 | G54: 1 | H54: 1 | I54: 0 | J54: 0 | K54: 0 | L54: 0 | M54: 45 | N54: 0 | O54: =SUM(C54:L54,N54) -> 12 | P54: =SUM(C54:N54) -> 57
... B105: 06.45 - 07.00 | C105: 0 | D105: 0 | E105: 0 | F105: 0 | G105: 0 | H105: 0 | I105: 1 | J105: 0 | K105: 0 | L105: 1 | M105: 18 | N105: 0 | O105: =SUM(C105:L105,N105) -> 2 | P105: =SUM(C105:N105) -> 20
B106: Totals | C106: =SUM(C10:C105) -> 399 | D106: =SUM(D10:D105) -> 42 | E106: =SUM(E10:E105) -> 131 | F106: =SUM(F10:F105) -> 59 | G106: =SUM(G10:G105) -> 5 | H106: =SUM(H10:H105) -> 10 | I106: =SUM(I10:I105) -> 54 | J106: =SUM(J10:J105) -> 48 | ... P106: =SUM(P10:P105) -> 2940
B107: %ges + MCs | C107: =C106/$P$106 -> 0.13571429 | D107: =D106/$P$106 -> 0.014285714 | E107: =E106/$P$106 -> 0.044557823 | F107: =F106/$P$106 -> 0.020068027 | G107: =G106/$P$106 -> 0.0017006803 | H107: =H106/$P$106 -> 0.0034013605 | I107: =I106/$P$106 -> 0.018367347 | J107: =J106/$P$106 -> 0.016326531 | ... N107: =N106/$P$106 -> 0.0027210884
B108: %ges w/o MCs | C108: =C106/$O$106 -> 0.50957854 | D108: =D106/$O$106 -> 0.053639847 | E108: =E106/$O$106 -> 0.16730524 | F108: =F106/$O$106 -> 0.075351213 | G108: =G106/$O$106 -> 0.006385696 | H108: =H106/$O$106 -> 0.012771392 | I108: =I106/$O$106 -> 0.068965517 | J108: =J106/$O$106 -> 0.061302682 | ... L108: =L106/$O$106 -> 0.028097063 | N108: =N106/$O$106 -> 0.010217114

Sheet 03.08 Koboko-Arua-24h
B1: Consultancy services for Preparation of Expressway Development Master Plan (EDMP) for Uganda
B2: MANUAL CLASSIFIED COUNT (MCC)
B3: ROAD NAME: | C3: ='31.07 Koboko-Arua'!C3:G3 -> MCC - C5 - STN127 - KOBOKO-ARUA ROAD
C5: Date | D5: 03.08.19 | F5: Location | G5: ='02.08 Arua-Koboko-24h'!G5:H5 -> xxx | J5: Surveyor | K5: ='02.08 Arua-Koboko-24h'!K5:L5 -> xxx
C6: Dir. From | D6: ='31.07 Koboko-Arua'!D6:E6 -> Koboko | F6: Dir. To | G6: ='31.07 Koboko-Arua'!G6:H6 -> Arua | J6: Supervisor | K6: ='02.08 Arua-Koboko-24h'!K6:L6 -> xxx
B8: Time / Veh Type | R8: SUMMARY TRAFFIC VOLUMES
C9: 1. Car | D9: 2. Station Wagon | E9: 3. Pickups | F9: 4. Minibus, matatu | G9: 5. Medium bus | H9: 6. Large Bus | I9: 7. Light Truck | J9: 8. Medium Truck | K9: 9. Heavy truck | L9: 10. Truck Trailer | M9: 11. Motor cycles | N9: 12. Tractors | O9: Total Excl M/Cycles | P9: Total All | R9: Time | S9: 1. Car | T9: 2. Station Wagon | U9: 3. Pickups | V9: 4. Minibus, matatu | W9: 5. Medium bus | X9: 6. Large Bus | Y9: 7. Light Truck | Z9: 8. Medium Truck | AA9: 9. Heavy truck | AB9: 10. Truck Trailer | AC9: 11. Motorcycles | AD9: 12. Tractors, Graders | AE9: Total Excl M/ Cycles | AF9: Total All
B10: 07.00 - 07.15 | C10: 5 | D10: 0 | E10: 0 | F10: 0 | G10: 1 | H10: 0 | I10: 0 | J10: 0 | K10: 0 | L10: 0 | M10: 22 | N10: 0 | O10: =SUM(C10:L10,N10) -> 6 | P10: =SUM(C10:N10) -> 28 | R10: 0700-0800 | S10: =SUM(C10:C13) -> 8 | T10: =SUM(D10:D13) -> 1 | U10: =SUM(E10:E13) -> 5 | V10: =SUM(F10:F13) -> 2 | W10: =SUM(G10:G13) -> 1 | X10: =SUM(H10:H13) -> 0 | Y10: =SUM(I10:I13) -> 2 | Z10: =SUM(J10:J13) -> 1 | ... AF10: =SUM(P10:P13) -> 180
B11: 07.15 - 07.30 | C11: 1 | D11: 1 | E11: 5 | F11: 0 | G11: 0 | H11: 0 | I11: 0 | J11: 0 | K11: 0 | L11: 0 | M11: 48 | N11: 0 | O11: =SUM(C11:L11,N11) -> 7 | P11: =SUM(C11:N11) -> 55 | R11: 0800-0900 | S11: =SUM(C14:C17) -> 22 | T11: =SUM(D14:D17) -> 1 | U11: =SUM(E14:E17) -> 5 | V11: =SUM(F14:F17) -> 13 | W11: =SUM(G14:G17) -> 0 | X11: =SUM(H14:H17) -> 1 | Y11: =SUM(I14:I17) -> 5 | Z11: =SUM(J14:J17) -> 1 | ... AF11: =SUM(P14:P17) -> 195
B12: 07.30 - 07.45 | C12: 0 | D12: 0 | E12: 0 | F12: 2 | G12: 0 | H12: 0 | I12: 2 | J12: 1 | K12: 0 | L12: 0 | M12: 35 | N12: 0 | O12: =SUM(C12:L12,N12) -> 5 | P12: =SUM(C12:N12) -> 40 | R12: 0900-1000 | S12: =SUM(C18:C21) -> 30 | T12: =SUM(D18:D21) -> 4 | U12: =SUM(E18:E21) -> 14 | V12: =SUM(F18:F21) -> 4 | W12: =SUM(G18:G21) -> 0 | X12: =SUM(H18:H21) -> 0 | Y12: =SUM(I18:I21) -> 10 | Z12: =SUM(J18:J21) -> 0 | ... AF12: =SUM(P18:P21) -> 218
B13: 07.45 - 08.00 | C13: 2 | D13: 0 | E13: 0 | F13: 0 | G13: 0 | H13: 0 | I13: 0 | J13: 0 | K13: 0 | L13: 0 | M13: 55 | N13: 0 | O13: =SUM(C13:L13,N13) -> 2 | P13: =SUM(C13:N13) -> 57 | R13: 1000-1100 | S13: =SUM(C22:C25) -> 36 | T13: =SUM(D22:D25) -> 7 | U13: =SUM(E22:E25) -> 18 | V13: =SUM(F22:F25) -> 7 | W13: =SUM(G22:G25) -> 1 | X13: =SUM(H22:H25) -> 0 | Y13: =SUM(I22:I25) -> 16 | Z13: =SUM(J22:J25) -> 0 | ... AF13: =SUM(P22:P25) -> 291
B14: 08.00 - 08.15 | C14: 3 | D14: 0 | E14: 0 | F14: 6 | G14: 0 | H14: 1 | I14: 1 | J14: 0 | K14: 0 | L14: 0 | M14: 36 | N14: 0 | O14: =SUM(C14:L14,N14) -> 11 | P14: =SUM(C14:N14) -> 47 | R14: 1100-1200 | S14: =SUM(C26:C29) -> 34 | T14: =SUM(D26:D29) -> 2 | U14: =SUM(E26:E29) -> 8 | V14: =SUM(F26:F29) -> 1 | W14: =SUM(G26:G29) -> 1 | X14: =SUM(H26:H29) -> 2 | Y14: =SUM(I26:I29) -> 11 | Z14: =SUM(J26:J29) -> 6 | ... AF14: =SUM(P26:P29) -> 230
B15: 08.15 - 08.30 | C15: 7 | D15: 0 | E15: 0 | F15: 3 | G15: 0 | H15: 0 | I15: 1 | J15: 0 | K15: 0 | L15: 0 | M15: 30 | N15: 0 | O15: =SUM(C15:L15,N15) -> 11 | P15: =SUM(C15:N15) -> 41 | R15: 1200-1300 | S15: =SUM(C30:C33) -> 36 | T15: =SUM(D30:D33) -> 6 | U15: =SUM(E30:E33) -> 20 | V15: =SUM(F30:F33) -> 3 | W15: =SUM(G30:G33) -> 0 | X15: =SUM(H30:H33) -> 2 | Y15: =SUM(I30:I33) -> 9 | Z15: =SUM(J30:J33) -> 3 | ... AF15: =SUM(P30:P33) -> 258
B16: 08.30 - 08.45 | C16: 5 | D16: 0 | E16: 0 | F16: 1 | G16: 0 | H16: 0 | I16: 3 | J16: 0 | K16: 0 | L16: 0 | M16: 45 | N16: 0 | O16: =SUM(C16:L16,N16) -> 9 | P16: =SUM(C16:N16) -> 54 | R16: 1300-1400 | S16: =SUM(C34:C37) -> 31 | T16: =SUM(D34:D37) -> 5 | U16: =SUM(E34:E37) -> 16 | V16: =SUM(F34:F37) -> 2 | W16: =SUM(G34:G37) -> 0 | X16: =SUM(H34:H37) -> 0 | Y16: =SUM(I34:I37) -> 11 | Z16: =SUM(J34:J37) -> 1 | ... AF16: =SUM(P34:P37) -> 213
B17: 08.45 - 9.00 | C17: 7 | D17: 1 | E17: 5 | F17: 3 | G17: 0 | H17: 0 | I17: 0 | J17: 1 | K17: 0 | L17: 0 | M17: 36 | N17: 0 | O17: =SUM(C17:L17,N17) -> 17 | P17: =SUM(C17:N17) -> 53 | R17: 1400-1500 | S17: =SUM(C38:C41) -> 23 | T17: =SUM(D38:D41) -> 6 | U17: =SUM(E38:E41) -> 22 | V17: =SUM(F38:F41) -> 5 | W17: =SUM(G38:G41) -> 0 | X17: =SUM(H38:H41) -> 1 | Y17: =SUM(I38:I41) -> 3 | Z17: =SUM(J38:J41) -> 2 | ... AF17: =SUM(P38:P41) -> 258
B18: 09.00 - 09.15 | C18: 12 | D18: 0 | E18: 0 | F18: 0 | G18: 0 | H18: 0 | I18: 2 | J18: 0 | K18: 0 | L18: 0 | M18: 15 | N18: 0 | O18: =SUM(C18:L18,N18) -> 14 | P18: =SUM(C18:N18) -> 29 | R18: 1500-1600 | S18: =SUM(C42:C45) -> 25 | T18: =SUM(D42:D45) -> 30 | U18: =SUM(E42:E45) -> 74 | V18: =SUM(F42:F45) -> 1 | W18: =SUM(G42:G45) -> 0 | X18: =SUM(H42:H45) -> 1 | Y18: =SUM(I42:I45) -> 3 | Z18: =SUM(J42:J45) -> 4 | ... AF18: =SUM(P42:P45) -> 290
B19: 09.15 - 09.30 | C19: 6 | D19: 0 | E19: 0 | F19: 1 | G19: 0 | H19: 0 | I19: 2 | J19: 0 | K19: 0 | L19: 0 | M19: 40 | N19: 0 | O19: =SUM(C19:L19,N19) -> 9 | P19: =SUM(C19:N19) -> 49 | R19: 1600-1700 | S19: =SUM(C46:C49) -> 21 | T19: =SUM(D46:D49) -> 6 | U19: =SUM(E46:E49) -> 15 | V19: =SUM(F46:F49) -> 3 | W19: =SUM(G46:G49) -> 0 | X19: =SUM(H46:H49) -> 0 | Y19: =SUM(I46:I49) -> 3 | Z19: =SUM(J46:J49) -> 3 | ... AF19: =SUM(P46:P49) -> 188
B20: 09.30 - 09.45 | C20: 7 | D20: 1 | E20: 4 | F20: 3 | G20: 0 | H20: 0 | I20: 5 | J20: 0 | K20: 0 | L20: 0 | M20: 61 | N20: 0 | O20: =SUM(C20:L20,N20) -> 20 | P20: =SUM(C20:N20) -> 81 | R20: 1700-1800 | S20: =SUM(C50:C53) -> 28 | T20: =SUM(D50:D53) -> 5 | U20: =SUM(E50:E53) -> 16 | V20: =SUM(F50:F53) -> 3 | W20: =SUM(G50:G53) -> 0 | X20: =SUM(H50:H53) -> 0 | Y20: =SUM(I50:I53) -> 9 | Z20: =SUM(J50:J53) -> 2 | ... AF20: =SUM(P50:P53) -> 298
B21: 09.45 - 10.00 | C21: 5 | D21: 3 | E21: 10 | F21: 0 | G21: 0 | H21: 0 | I21: 1 | J21: 0 | K21: 0 | L21: 0 | M21: 40 | N21: 0 | O21: =SUM(C21:L21,N21) -> 19 | P21: =SUM(C21:N21) -> 59 | R21: 1800-1900 | S21: =SUM(C54:C57) -> 21 | T21: =SUM(D54:D57) -> 4 | U21: =SUM(E54:E57) -> 11 | V21: =SUM(F54:F57) -> 1 | W21: =SUM(G54:G57) -> 1 | X21: =SUM(H54:H57) -> 0 | Y21: =SUM(I54:I57) -> 5 | Z21: =SUM(J54:J57) -> 0 | ... AF21: =SUM(P54:P57) -> 178
B22: 10.00 - 10.15 | C22: 10 | D22: 5 | E22: 13 | F22: 5 | G22: 0 | H22: 0 | I22: 1 | J22: 0 | K22: 0 | L22: 1 | M22: 36 | N22: 0 | O22: =SUM(C22:L22,N22) -> 35 | P22: =SUM(C22:N22) -> 71 | R22: 1900-2000 | S22: =SUM(C58:C61) -> 40 | T22: =SUM(D58:D61) -> 9 | U22: =SUM(E58:E61) -> 25 | V22: =SUM(F58:F61) -> 22 | W22: =SUM(G58:G61) -> 7 | X22: =SUM(H58:H61) -> 3 | Y22: =SUM(I58:I61) -> 14 | Z22: =SUM(J58:J61) -> 8 | ... AF22: =SUM(P58:P61) -> 309
B23: 10.15 - 10.30 | C23: 7 | D23: 0 | E23: 0 | F23: 1 | G23: 1 | H23: 0 | I23: 5 | J23: 0 | K23: 0 | L23: 0 | M23: 52 | N23: 0 | O23: =SUM(C23:L23,N23) -> 14 | P23: =SUM(C23:N23) -> 66 | R23: 2000-2100 | S23: =SUM(C62:C65) -> 28 | T23: =SUM(D62:D65) -> 6 | U23: =SUM(E62:E65) -> 19 | V23: =SUM(F62:F65) -> 16 | W23: =SUM(G62:G65) -> 0 | X23: =SUM(H62:H65) -> 2 | Y23: =SUM(I62:I65) -> 8 | Z23: =SUM(J62:J65) -> 1 | ... AF23: =SUM(P62:P65) -> 271
B24: 10.30 - 10.45 | C24: 6 | D24: 0 | E24: 0 | F24: 1 | G24: 0 | H24: 0 | I24: 3 | J24: 0 | K24: 0 | L24: 1 | M24: 40 | N24: 0 | O24: =SUM(C24:L24,N24) -> 11 | P24: =SUM(C24:N24) -> 51 | R24: 2100-2200 | S24: =SUM(C66:C69) -> 21 | T24: =SUM(D66:D69) -> 3 | U24: =SUM(E66:E69) -> 14 | V24: =SUM(F66:F69) -> 23 | W24: =SUM(G66:G69) -> 0 | X24: =SUM(H66:H69) -> 2 | Y24: =SUM(I66:I69) -> 4 | Z24: =SUM(J66:J69) -> 3 | ... AF24: =SUM(P66:P69) -> 167
B25: 10.45 - 11.00 | C25: 13 | D25: 2 | E25: 5 | F25: 0 | G25: 0 | H25: 0 | I25: 7 | J25: 0 | K25: 0 | L25: 0 | M25: 76 | N25: 0 | O25: =SUM(C25:L25,N25) -> 27 | P25: =SUM(C25:N25) -> 103 | R25: 2200-2300 | S25: =SUM(C70:C73) -> 9 | T25: =SUM(D70:D73) -> 0 | U25: =SUM(E70:E73) -> 0 | V25: =SUM(F70:F73) -> 5 | W25: =SUM(G70:G73) -> 0 | X25: =SUM(H70:H73) -> 0 | Y25: =SUM(I70:I73) -> 1 | Z25: =SUM(J70:J73) -> 0 | ... AF25: =SUM(P70:P73) -> 95
B26: 11.00 - 11.15 | C26: 12 | D26: 1 | E26: 4 | F26: 1 | G26: 0 | H26: 1 | I26: 6 | J26: 3 | K26: 0 | L26: 0 | M26: 63 | N26: 0 | O26: =SUM(C26:L26,N26) -> 28 | P26: =SUM(C26:N26) -> 91 | R26: 2300-0000 | S26: =SUM(C74:C77) -> 3 | T26: =SUM(D74:D77) -> 0 | U26: =SUM(E74:E77) -> 0 | V26: =SUM(F74:F77) -> 2 | W26: =SUM(G74:G77) -> 0 | X26: =SUM(H74:H77) -> 0 | Y26: =SUM(I74:I77) -> 1 | Z26: =SUM(J74:J77) -> 0 | ... AF26: =SUM(P74:P77) -> 32
B27: 11.15 - 11.30 | C27: 6 | D27: 0 | E27: 0 | F27: 0 | G27: 1 | H27: 0 | I27: 0 | J27: 1 | K27: 0 | L27: 0 | M27: 11 | N27: 0 | O27: =SUM(C27:L27,N27) -> 8 | P27: =SUM(C27:N27) -> 19 | R27: 0000-0100 | S27: =SUM(C78:C81) -> 0 | T27: =SUM(D78:D81) -> 0 | U27: =SUM(E78:E81) -> 0 | V27: =SUM(F78:F81) -> 2 | W27: =SUM(G78:G81) -> 0 | X27: =SUM(H78:H81) -> 0 | Y27: =SUM(I78:I81) -> 0 | Z27: =SUM(J78:J81) -> 0 | ... AF27: =SUM(P78:P81) -> 12
B28: 11.30 - 11.45 | C28: 5 | D28: 0 | E28: 0 | F28: 0 | G28: 0 | H28: 0 | I28: 2 | J28: 2 | K28: 0 | L28: 0 | M28: 30 | N28: 0 | O28: =SUM(C28:L28,N28) -> 9 | P28: =SUM(C28:N28) -> 39 | R28: 0100-0200 | S28: =SUM(C82:C85) -> 1 | T28: =SUM(D82:D85) -> 0 | U28: =SUM(E82:E85) -> 0 | V28: =SUM(F82:F85) -> 0 | W28: =SUM(G82:G85) -> 0 | X28: =SUM(H82:H85) -> 0 | Y28: =SUM(I82:I85) -> 0 | Z28: =SUM(J82:J85) -> 0 | ... AF28: =SUM(P82:P85) -> 9
B29: 11.45 - 12.00 | C29: 11 | D29: 1 | E29: 4 | F29: 0 | G29: 0 | H29: 1 | I29: 3 | J29: 0 | K29: 0 | L29: 0 | M29: 61 | N29: 0 | O29: =SUM(C29:L29,N29) -> 20 | P29: =SUM(C29:N29) -> 81 | R29: 0200-0300 | S29: =SUM(C86:C89) -> 1 | T29: =SUM(D86:D89) -> 0 | U29: =SUM(E86:E89) -> 0 | V29: =SUM(F86:F89) -> 0 | W29: =SUM(G86:G89) -> 0 | X29: =SUM(H86:H89) -> 0 | Y29: =SUM(I86:I89) -> 0 | Z29: =SUM(J86:J89) -> 0 | ... AF29: =SUM(P86:P89) -> 3
B30: 12.00 - 12.15 | C30: 6 | D30: 1 | E30: 5 | F30: 0 | G30: 0 | H30: 0 | I30: 1 | J30: 0 | K30: 0 | L30: 0 | M30: 35 | N30: 0 | O30: =SUM(C30:L30,N30) -> 13 | P30: =SUM(C30:N30) -> 48 | R30: 0300-0400 | S30: =SUM(C90:C93) -> 0 | T30: =SUM(D90:D93) -> 0 | U30: =SUM(E90:E93) -> 0 | V30: =SUM(F90:F93) -> 0 | W30: =SUM(G90:G93) -> 0 | X30: =SUM(H90:H93) -> 0 | Y30: =SUM(I90:I93) -> 0 | Z30: =SUM(J90:J93) -> 0 | ... AF30: =SUM(P90:P93) -> 3
B31: 12.15 - 12.30 | C31: 5 | D31: 1 | E31: 5 | F31: 1 | G31: 0 | H31: 1 | I31: 3 | J31: 1 | K31: 1 | L31: 0 | M31: 50 | N31: 0 | O31: =SUM(C31:L31,N31) -> 18 | P31: =SUM(C31:N31) -> 68 | R31: 0400-0500 | S31: =SUM(C94:C97) -> 0 | T31: =SUM(D94:D97) -> 0 | U31: =SUM(E94:E97) -> 0 | V31: =SUM(F94:F97) -> 1 | W31: =SUM(G94:G97) -> 0 | X31: =SUM(H94:H97) -> 0 | Y31: =SUM(I94:I97) -> 0 | Z31: =SUM(J94:J97) -> 0 | ... AF31: =SUM(P94:P97) -> 5
B32: 12.30 - 12.45 | C32: 12 | D32: 2 | E32: 5 | F32: 1 | G32: 0 | H32: 0 | I32: 3 | J32: 1 | K32: 0 | L32: 0 | M32: 55 | N32: 0 | O32: =SUM(C32:L32,N32) -> 24 | P32: =SUM(C32:N32) -> 79 | R32: 0500-0600 | S32: =SUM(C98:C101) -> 0 | T32: =SUM(D98:D101) -> 0 | U32: =SUM(E98:E101) -> 0 | V32: =SUM(F98:F101) -> 0 | W32: =SUM(G98:G101) -> 0 | X32: =SUM(H98:H101) -> 0 | Y32: =SUM(I98:I101) -> 1 | Z32: =SUM(J98:J101) -> 0 | ... AF32: =SUM(P98:P101) -> 8
B33: 12.45 - 13.00 | C33: 13 | D33: 2 | E33: 5 | F33: 1 | G33: 0 | H33: 1 | I33: 2 | J33: 1 | K33: 0 | L33: 0 | M33: 38 | N33: 0 | O33: =SUM(C33:L33,N33) -> 25 | P33: =SUM(C33:N33) -> 63 | R33: 0600-0700 | S33: =SUM(C102:C105) -> 0 | T33: =SUM(D102:D105) -> 0 | U33: =SUM(E102:E105) -> 0 | V33: =SUM(F102:F105) -> 1 | W33: =SUM(G102:G105) -> 1 | X33: =SUM(H102:H105) -> 0 | Y33: =SUM(I102:I105) -> 2 | Z33: =SUM(J102:J105) -> 0 | ... AF33: =SUM(P102:P105) -> 54
B34: 13.00 - 13.15 | C34: 10 | D34: 3 | E34: 10 | F34: 2 | G34: 0 | H34: 0 | I34: 5 | J34: 0 | K34: 0 | L34: 1 | M34: 48 | N34: 0 | O34: =SUM(C34:L34,N34) -> 31 | P34: =SUM(C34:N34) -> 79 | R34: AM Peak Hr | S34: =MAX(S10:S12) -> 30 | T34: =MAX(T10:T12) -> 4 | U34: =MAX(U10:U12) -> 14 | V34: =MAX(V10:V12) -> 13 | W34: =MAX(W10:W12) -> 1 | X34: =MAX(X10:X12) -> 1 | Y34: =MAX(Y10:Y12) -> 10 | Z34: =MAX(Z10:Z12) -> 1 | ... AF34: =MAX(AF10:AF12) -> 218
B35: 13.15 - 13.30 | C35: 7 | D35: 0 | E35: 0 | F35: 0 | G35: 0 | H35: 0 | I35: 1 | J35: 1 | K35: 0 | L35: 1 | M35: 26 | N35: 0 | O35: =SUM(C35:L35,N35) -> 10 | P35: =SUM(C35:N35) -> 36 | R35: IP Peak Hr | S35: =MAX(S13:S18) -> 36 | T35: =MAX(T13:T18) -> 30 | U35: =MAX(U13:U18) -> 74 | V35: =MAX(V13:V18) -> 7 | W35: =MAX(W13:W18) -> 1 | X35: =MAX(X13:X18) -> 2 | Y35: =MAX(Y13:Y18) -> 16 | Z35: =MAX(Z13:Z18) -> 6 | ... AF35: =MAX(AF13:AF18) -> 291
B36: 13.30 - 13.45 | C36: 8 | D36: 2 | E36: 6 | F36: 0 | G36: 0 | H36: 0 | I36: 3 | J36: 0 | K36: 0 | L36: 0 | M36: 45 | N36: 0 | O36: =SUM(C36:L36,N36) -> 19 | P36: =SUM(C36:N36) -> 64 | R36: PM Peak Hr | S36: =MAX(S19:S21) -> 28 | T36: =MAX(T19:T21) -> 6 | U36: =MAX(U19:U21) -> 16 | V36: =MAX(V19:V21) -> 3 | W36: =MAX(W19:W21) -> 1 | X36: =MAX(X19:X21) -> 0 | Y36: =MAX(Y19:Y21) -> 9 | Z36: =MAX(Z19:Z21) -> 3 | ... AF36: =MAX(AF19:AF21) -> 298
B37: 13.45 - 14.00 | C37: 6 | D37: 0 | E37: 0 | F37: 0 | G37: 0 | H37: 0 | I37: 2 | J37: 0 | K37: 0 | L37: 0 | M37: 26 | N37: 0 | O37: =SUM(C37:L37,N37) -> 8 | P37: =SUM(C37:N37) -> 34 | R37: AM Period | S37: =SUM(S10:S12) -> 60 | T37: =SUM(T10:T12) -> 6 | U37: =SUM(U10:U12) -> 24 | V37: =SUM(V10:V12) -> 19 | W37: =SUM(W10:W12) -> 1 | X37: =SUM(X10:X12) -> 1 | Y37: =SUM(Y10:Y12) -> 17 | Z37: =SUM(Z10:Z12) -> 2 | ... AF37: =SUM(AF10:AF12) -> 593
B38: 14.00 - 14.15 | C38: 5 | D38: 1 | E38: 4 | F38: 2 | G38: 0 | H38: 0 | I38: 0 | J38: 0 | K38: 0 | L38: 0 | M38: 62 | N38: 0 | O38: =SUM(C38:L38,N38) -> 12 | P38: =SUM(C38:N38) -> 74 | R38: IP Period | S38: =SUM(S13:S18) -> 185 | T38: =SUM(T13:T18) -> 56 | U38: =SUM(U13:U18) -> 158 | V38: =SUM(V13:V18) -> 19 | W38: =SUM(W13:W18) -> 2 | X38: =SUM(X13:X18) -> 6 | Y38: =SUM(Y13:Y18) -> 53 | Z38: =SUM(Z13:Z18) -> 16 | ... AF38: =SUM(AF13:AF18) -> 1540
B39: 14.15 - 14.30 | C39: 11 | D39: 3 | E39: 9 | F39: 1 | G39: 0 | H39: 1 | I39: 1 | J39: 0 | K39: 0 | L39: 0 | M39: 55 | N39: 0 | O39: =SUM(C39:L39,N39) -> 26 | P39: =SUM(C39:N39) -> 81 | R39: PM Period | S39: =SUM(S19:S21) -> 70 | T39: =SUM(T19:T21) -> 15 | U39: =SUM(U19:U21) -> 42 | V39: =SUM(V19:V21) -> 7 | W39: =SUM(W19:W21) -> 1 | X39: =SUM(X19:X21) -> 0 | Y39: =SUM(Y19:Y21) -> 17 | Z39: =SUM(Z19:Z21) -> 5 | ... AF39: =SUM(AF19:AF21) -> 664
B40: 14.30 - 14.45 | C40: 2 | D40: 1 | E40: 4 | F40: 0 | G40: 0 | H40: 0 | I40: 1 | J40: 1 | K40: 0 | L40: 1 | M40: 37 | N40: 0 | O40: =SUM(C40:L40,N40) -> 10 | P40: =SUM(C40:N40) -> 47 | R40: 12 Hours | S40: =SUM(S10:S21) -> 315 | T40: =SUM(T10:T21) -> 77 | U40: =SUM(U10:U21) -> 224 | V40: =SUM(V10:V21) -> 45 | W40: =SUM(W10:W21) -> 4 | X40: =SUM(X10:X21) -> 7 | Y40: =SUM(Y10:Y21) -> 87 | Z40: =SUM(Z10:Z21) -> 23 | ... AF40: =SUM(AF10:AF21) -> 2797
B41: 14.45 - 15.00 | C41: 5 | D41: 1 | E41: 5 | F41: 2 | G41: 0 | H41: 0 | I41: 1 | J41: 1 | K41: 0 | L41: 0 | M41: 41 | N41: 0 | O41: =SUM(C41:L41,N41) -> 15 | P41: =SUM(C41:N41) -> 56 | R41: 24 Hrs/ADT | S41: =SUM(S10:S33) -> 418 | T41: =SUM(T10:T33) -> 95 | U41: =SUM(U10:U33) -> 282 | V41: =SUM(V10:V33) -> 117 | W41: =SUM(W10:W33) -> 12 | X41: =SUM(X10:X33) -> 14 | Y41: =SUM(Y10:Y33) -> 118 | Z41: =SUM(Z10:Z33) -> 35 | ... AF41: =SUM(AF10:AF33) -> 3765
B42: 15.00 - 15.15 | C42: 5 | D42: 3 | E42: 7 | F42: 0 | G42: 0 | H42: 0 | I42: 0 | J42: 0 | K42: 0 | L42: 1 | M42: 35 | N42: 0 | O42: =SUM(C42:L42,N42) -> 16 | P42: =SUM(C42:N42) -> 51 | R42: NEF | S42: =S41/S40 -> 1.3269841 | T42: =T41/T40 -> 1.2337662 | U42: =U41/U40 -> 1.2589286 | V42: =V41/V40 -> 2.6 | W42: =W41/W40 -> 3 | X42: =X41/X40 -> 2 | Y42: =Y41/Y40 -> 1.3563218 | Z42: =Z41/Z40 -> 1.5217391 | ... AF42: =AF41/AF40 -> 1.3460851
B43: 15.15 - 15.30 | C43: 6 | D43: 1 | E43: 5 | F43: 1 | G43: 0 | H43: 1 | I43: 3 | J43: 0 | K43: 0 | L43: 0 | M43: 42 | N43: 0 | O43: =SUM(C43:L43,N43) -> 17 | P43: =SUM(C43:N43) -> 59
B44: 15.30 - 15.45 | C44: 3 | D44: 0 | E44: 0 | F44: 0 | G44: 0 | H44: 0 | I44: 0 | J44: 2 | K44: 0 | L44: 0 | M44: 27 | N44: 0 | O44: =SUM(C44:L44,N44) -> 5 | P44: =SUM(C44:N44) -> 32
B45: 15.45 - 16.00 | C45: 11 | D45: 26 | E45: 62 | F45: 0 | G45: 0 | H45: 0 | I45: 0 | J45: 2 | K45: 0 | L45: 1 | M45: 46 | N45: 0 | O45: =SUM(C45:L45,N45) -> 102 | P45: =SUM(C45:N45) -> 148
B46: 16.00 - 16.15 | C46: 5 | D46: 2 | E46: 5 | F46: 1 | G46: 0 | H46: 0 | I46: 2 | J46: 1 | K46: 0 | L46: 0 | M46: 31 | N46: 0 | O46: =SUM(C46:L46,N46) -> 16 | P46: =SUM(C46:N46) -> 47
B47: 16.15 -16.30 | C47: 3 | D47: 2 | E47: 5 | F47: 0 | G47: 0 | H47: 0 | I47: 1 | J47: 1 | K47: 0 | L47: 0 | M47: 23 | N47: 0 | O47: =SUM(C47:L47,N47) -> 12 | P47: =SUM(C47:N47) -> 35
B48: 16.30 -16.45 | C48: 2 | D48: 0 | E48: 0 | F48: 0 | G48: 0 | H48: 0 | I48: 0 | J48: 1 | K48: 0 | L48: 0 | M48: 30 | N48: 0 | O48: =SUM(C48:L48,N48) -> 3 | P48: =SUM(C48:N48) -> 33
B49: 16.45 -17.00 | C49: 11 | D49: 2 | E49: 5 | F49: 2 | G49: 0 | H49: 0 | I49: 0 | J49: 0 | K49: 0 | L49: 0 | M49: 53 | N49: 0 | O49: =SUM(C49:L49,N49) -> 20 | P49: =SUM(C49:N49) -> 73
B50: 17.00 -17.15 | C50: 6 | D50: 3 | E50: 10 | F50: 0 | G50: 0 | H50: 0 | I50: 5 | J50: 1 | K50: 0 | L50: 1 | M50: 63 | N50: 0 | O50: =SUM(C50:L50,N50) -> 26 | P50: =SUM(C50:N50) -> 89
B51: 17.15 -17.30 | C51: 12 | D51: 2 | E51: 6 | F51: 0 | G51: 0 | H51: 0 | I51: 2 | J51: 0 | K51: 0 | L51: 0 | M51: 66 | N51: 0 | O51: =SUM(C51:L51,N51) -> 22 | P51: =SUM(C51:N51) -> 88
B52: 17.30 -17.45 | C52: 10 | D52: 0 | E52: 0 | F52: 3 | G52: 0 | H52: 0 | I52: 1 | J52: 1 | K52: 0 | L52: 0 | M52: 55 | N52: 0 | O52: =SUM(C52:L52,N52) -> 15 | P52: =SUM(C52:N52) -> 70
B53: 17.45 -18.00 | C53: 0 | D53: 0 | E53: 0 | F53: 0 | G53: 0 | H53: 0 | I53: 1 | J53: 0 | K53: 0 | L53: 0 | M53: 50 | N53: 0 | O53: =SUM(C53:L53,N53) -> 1 | P53: =SUM(C53:N53) -> 51
B54: 18.00 - 18.15 | C54: 3 | D54: 2 | E54: 5 | F54: 0 | G54: 0 | H54: 0 | I54: 3 | J54: 0 | K54: 0 | L54: 0 | M54: 38 | N54: 0 | O54: =SUM(C54:L54,N54) -> 13 | P54: =SUM(C54:N54) -> 51
... B105: 06.45 - 07.00 | C105: 0 | D105: 0 | E105: 0 | F105: 0 | G105: 0 | H105: 0 | I105: 1 | J105: 0 | K105: 0 | L105: 0 | M105: 27 | N105: 0 | O105: =SUM(C105:L105,N105) -> 1 | P105: =SUM(C105:N105) -> 28
B106: Totals | C106: =SUM(C10:C105) -> 418 | D106: =SUM(D10:D105) -> 95 | E106: =SUM(E10:E105) -> 282 | F106: =SUM(F10:F105) -> 117 | G106: =SUM(G10:G105) -> 12 | H106: =SUM(H10:H105) -> 14 | I106: =SUM(I10:I105) -> 118 | J106: =SUM(J10:J105) -> 35 | ... P106: =SUM(P10:P105) -> 3765
B107: %ges + MCs | C107: =C106/$P$106 -> 0.11102258 | D107: =D106/$P$106 -> 0.025232404 | E107: =E106/$P$106 -> 0.074900398 | F107: =F106/$P$106 -> 0.031075697 | G107: =G106/$P$106 -> 0.003187251 | H107: =H106/$P$106 -> 0.0037184595 | I107: =I106/$P$106 -> 0.031341301 | J107: =J106/$P$106 -> 0.0092961487 | ... N107: =N106/$P$106 -> 0.00026560425
B108: %ges w/o MCs | C108: =C106/$O$106 -> 0.37759711 | D108: =D106/$O$106 -> 0.085817525 | E108: =E106/$O$106 -> 0.25474255 | F108: =F106/$O$106 -> 0.10569106 | G108: =G106/$O$106 -> 0.010840108 | H108: =H106/$O$106 -> 0.012646793 | I108: =I106/$O$106 -> 0.1065944 | J108: =J106/$O$106 -> 0.031616983 | ... L108: =L106/$O$106 -> 0.010840108 | N108: =N106/$O$106 -> 0.00090334237

Sheet 03.08 Arua-Koboko-24h
B1: Consultancy services for Preparation of Expressway Development Master Plan (EDMP) for Uganda
B2: MANUAL CLASSIFIED COUNT (MCC)
B3: ROAD NAME: | C3: ='31.07 Koboko-Arua'!C3:G3 -> MCC - C5 - STN127 - KOBOKO-ARUA ROAD
C5: Date | D5: ='03.08 Koboko-Arua-24h'!D5 -> 03.08.19 | F5: Location | G5: ='03.08 Koboko-Arua-24h'!G5:H5 -> xxx | J5: Surveyor | K5: ='03.08 Koboko-Arua-24h'!K5:L5 -> xxx
C6: Dir. From | D6: ='31.07 Arua-Koboko'!D6:E6 -> Arua | F6: Dir. To | G6: ='31.07 Arua-Koboko'!G6:H6 -> Koboko | J6: Supervisor | K6: ='03.08 Koboko-Arua-24h'!K6:L6 -> xxx
B8: Time / Veh Type | R8: SUMMARY TRAFFIC VOLUMES
C9: 1. Car | D9: 2. Station Wagon | E9: 3. Pickups | F9: 4. Minibus, matatu | G9: 5. Medium bus | H9: 6. Large Bus | I9: 7. Light Truck | J9: 8. Medium Truck | K9: 9. Heavy truck | L9: 10. Truck Trailer | M9: 11. Motor cycles | N9: 12. Tractors | O9: Total Excl M/Cycles | P9: Total All | R9: Time | S9: 1. Car | T9: 2. Station Wagon | U9: 3. Pickups | V9: 4. Minibus, matatu | W9: 5. Medium bus | X9: 6. Large Bus | Y9: 7. Light Truck | Z9: 8. Medium Truck | AA9: 9. Heavy truck | AB9: 10. Truck Trailer | AC9: 11. Motorcycles | AD9: 12. Tractors, Graders | AE9: Total Excl M/ Cycles | AF9: Total All
B10: 07.00 - 07.15 | C10: 10 | D10: 1 | E10: 2 | F10: 0 | G10: 0 | H10: 0 | I10: 0 | J10: 0 | K10: 0 | L10: 0 | M10: 50 | N10: 0 | O10: =SUM(C10:L10,N10) -> 13 | P10: =SUM(C10:N10) -> 63 | R10: 0700-0800 | S10: =SUM(C10:C13) -> 25 | T10: =SUM(D10:D13) -> 3 | U10: =SUM(E10:E13) -> 5 | V10: =SUM(F10:F13) -> 3 | W10: =SUM(G10:G13) -> 0 | X10: =SUM(H10:H13) -> 1 | Y10: =SUM(I10:I13) -> 4 | Z10: =SUM(J10:J13) -> 2 | ... AF10: =SUM(P10:P13) -> 190
B11: 07.15 - 07.30 | C11: 6 | D11: 0 | E11: 0 | F11: 0 | G11: 0 | H11: 0 | I11: 1 | J11: 0 | K11: 0 | L11: 0 | M11: 30 | N11: 0 | O11: =SUM(C11:L11,N11) -> 7 | P11: =SUM(C11:N11) -> 37 | R11: 0800-0900 | S11: =SUM(C14:C17) -> 30 | T11: =SUM(D14:D17) -> 8 | U11: =SUM(E14:E17) -> 11 | V11: =SUM(F14:F17) -> 7 | W11: =SUM(G14:G17) -> 0 | X11: =SUM(H14:H17) -> 0 | Y11: =SUM(I14:I17) -> 6 | Z11: =SUM(J14:J17) -> 9 | ... AF11: =SUM(P14:P17) -> 184
B12: 07.30 - 07.45 | C12: 7 | D12: 2 | E12: 3 | F12: 2 | G12: 0 | H12: 0 | I12: 2 | J12: 2 | K12: 0 | L12: 0 | M12: 42 | N12: 0 | O12: =SUM(C12:L12,N12) -> 18 | P12: =SUM(C12:N12) -> 60 | R12: 0900-1000 | S12: =SUM(C18:C21) -> 32 | T12: =SUM(D18:D21) -> 10 | U12: =SUM(E18:E21) -> 12 | V12: =SUM(F18:F21) -> 6 | W12: =SUM(G18:G21) -> 0 | X12: =SUM(H18:H21) -> 1 | Y12: =SUM(I18:I21) -> 6 | Z12: =SUM(J18:J21) -> 8 | ... AF12: =SUM(P18:P21) -> 192
B13: 07.45 - 08.00 | C13: 2 | D13: 0 | E13: 0 | F13: 1 | G13: 0 | H13: 1 | I13: 1 | J13: 0 | K13: 0 | L13: 0 | M13: 25 | N13: 0 | O13: =SUM(C13:L13,N13) -> 5 | P13: =SUM(C13:N13) -> 30 | R13: 1000-1100 | S13: =SUM(C22:C25) -> 39 | T13: =SUM(D22:D25) -> 12 | U13: =SUM(E22:E25) -> 12 | V13: =SUM(F22:F25) -> 4 | W13: =SUM(G22:G25) -> 1 | X13: =SUM(H22:H25) -> 1 | Y13: =SUM(I22:I25) -> 5 | Z13: =SUM(J22:J25) -> 5 | ... AF13: =SUM(P22:P25) -> 237
B14: 08.00 - 08.15 | C14: 7 | D14: 4 | E14: 5 | F14: 0 | G14: 0 | H14: 0 | I14: 1 | J14: 0 | K14: 0 | L14: 0 | M14: 30 | N14: 0 | O14: =SUM(C14:L14,N14) -> 17 | P14: =SUM(C14:N14) -> 47 | R14: 1100-1200 | S14: =SUM(C26:C29) -> 43 | T14: =SUM(D26:D29) -> 7 | U14: =SUM(E26:E29) -> 10 | V14: =SUM(F26:F29) -> 1 | W14: =SUM(G26:G29) -> 0 | X14: =SUM(H26:H29) -> 0 | Y14: =SUM(I26:I29) -> 3 | Z14: =SUM(J26:J29) -> 2 | ... AF14: =SUM(P26:P29) -> 197
B15: 08.15 - 08.30 | C15: 10 | D15: 0 | E15: 0 | F15: 2 | G15: 0 | H15: 0 | I15: 0 | J15: 4 | K15: 0 | L15: 1 | M15: 36 | N15: 0 | O15: =SUM(C15:L15,N15) -> 17 | P15: =SUM(C15:N15) -> 53 | R15: 1200-1300 | S15: =SUM(C30:C33) -> 36 | T15: =SUM(D30:D33) -> 7 | U15: =SUM(E30:E33) -> 10 | V15: =SUM(F30:F33) -> 8 | W15: =SUM(G30:G33) -> 0 | X15: =SUM(H30:H33) -> 0 | Y15: =SUM(I30:I33) -> 7 | Z15: =SUM(J30:J33) -> 7 | ... AF15: =SUM(P30:P33) -> 200
B16: 08.30 - 08.45 | C16: 2 | D16: 2 | E16: 3 | F16: 1 | G16: 0 | H16: 0 | I16: 2 | J16: 1 | K16: 0 | L16: 0 | M16: 22 | N16: 0 | O16: =SUM(C16:L16,N16) -> 11 | P16: =SUM(C16:N16) -> 33 | R16: 1300-1400 | S16: =SUM(C34:C37) -> 21 | T16: =SUM(D34:D37) -> 6 | U16: =SUM(E34:E37) -> 6 | V16: =SUM(F34:F37) -> 1 | W16: =SUM(G34:G37) -> 0 | X16: =SUM(H34:H37) -> 0 | Y16: =SUM(I34:I37) -> 2 | Z16: =SUM(J34:J37) -> 4 | ... AF16: =SUM(P34:P37) -> 170
B17: 08.45 - 9.00 | C17: 11 | D17: 2 | E17: 3 | F17: 4 | G17: 0 | H17: 0 | I17: 3 | J17: 4 | K17: 0 | L17: 0 | M17: 24 | N17: 0 | O17: =SUM(C17:L17,N17) -> 27 | P17: =SUM(C17:N17) -> 51 | R17: 1400-1500 | S17: =SUM(C38:C41) -> 38 | T17: =SUM(D38:D41) -> 7 | U17: =SUM(E38:E41) -> 8 | V17: =SUM(F38:F41) -> 4 | W17: =SUM(G38:G41) -> 0 | X17: =SUM(H38:H41) -> 2 | Y17: =SUM(I38:I41) -> 0 | Z17: =SUM(J38:J41) -> 10 | ... AF17: =SUM(P38:P41) -> 196
B18: 09.00 - 09.15 | C18: 7 | D18: 3 | E18: 3 | F18: 2 | G18: 0 | H18: 0 | I18: 1 | J18: 4 | K18: 0 | L18: 0 | M18: 30 | N18: 0 | O18: =SUM(C18:L18,N18) -> 20 | P18: =SUM(C18:N18) -> 50 | R18: 1500-1600 | S18: =SUM(C42:C45) -> 41 | T18: =SUM(D42:D45) -> 3 | U18: =SUM(E42:E45) -> 4 | V18: =SUM(F42:F45) -> 2 | W18: =SUM(G42:G45) -> 0 | X18: =SUM(H42:H45) -> 2 | Y18: =SUM(I42:I45) -> 3 | Z18: =SUM(J42:J45) -> 7 | ... AF18: =SUM(P42:P45) -> 177
B19: 09.15 - 09.30 | C19: 6 | D19: 3 | E19: 4 | F19: 2 | G19: 0 | H19: 1 | I19: 2 | J19: 3 | K19: 0 | L19: 0 | M19: 15 | N19: 0 | O19: =SUM(C19:L19,N19) -> 21 | P19: =SUM(C19:N19) -> 36 | R19: 1600-1700 | S19: =SUM(C46:C49) -> 22 | T19: =SUM(D46:D49) -> 8 | U19: =SUM(E46:E49) -> 8 | V19: =SUM(F46:F49) -> 5 | W19: =SUM(G46:G49) -> 0 | X19: =SUM(H46:H49) -> 0 | Y19: =SUM(I46:I49) -> 3 | Z19: =SUM(J46:J49) -> 5 | ... AF19: =SUM(P46:P49) -> 165
B20: 09.30 - 09.45 | C20: 11 | D20: 2 | E20: 3 | F20: 0 | G20: 0 | H20: 0 | I20: 3 | K20: 0 | L20: 0 | M20: 36 | N20: 0 | O20: =SUM(C20:L20,N20) -> 19 | P20: =SUM(C20:N20) -> 55 | R20: 1700-1800 | S20: =SUM(C50:C53) -> 27 | T20: =SUM(D50:D53) -> 4 | U20: =SUM(E50:E53) -> 7 | V20: =SUM(F50:F53) -> 1 | W20: =SUM(G50:G53) -> 2 | X20: =SUM(H50:H53) -> 0 | Y20: =SUM(I50:I53) -> 4 | Z20: =SUM(J50:J53) -> 7 | ... AF20: =SUM(P50:P53) -> 216
B21: 09.45 - 10.00 | C21: 8 | D21: 2 | E21: 2 | F21: 2 | G21: 0 | H21: 0 | I21: 0 | J21: 1 | K21: 0 | L21: 0 | M21: 36 | N21: 0 | O21: =SUM(C21:L21,N21) -> 15 | P21: =SUM(C21:N21) -> 51 | R21: 1800-1900 | S21: =SUM(C54:C57) -> 29 | T21: =SUM(D54:D57) -> 1 | U21: =SUM(E54:E57) -> 1 | V21: =SUM(F54:F57) -> 1 | W21: =SUM(G54:G57) -> 1 | X21: =SUM(H54:H57) -> 1 | Y21: =SUM(I54:I57) -> 1 | Z21: =SUM(J54:J57) -> 5 | ... AF21: =SUM(P54:P57) -> 168
B22: 10.00 - 10.15 | C22: 13 | D22: 3 | E22: 3 | F22: 1 | G22: 0 | H22: 0 | I22: 2 | J22: 1 | K22: 0 | L22: 1 | M22: 45 | N22: 0 | O22: =SUM(C22:L22,N22) -> 24 | P22: =SUM(C22:N22) -> 69 | R22: 1900-2000 | S22: =SUM(C58:C61) -> 35 | T22: =SUM(D58:D61) -> 2 | U22: =SUM(E58:E61) -> 3 | V22: =SUM(F58:F61) -> 1 | W22: =SUM(G58:G61) -> 0 | X22: =SUM(H58:H61) -> 0 | Y22: =SUM(I58:I61) -> 2 | Z22: =SUM(J58:J61) -> 2 | ... AF22: =SUM(P58:P61) -> 198
B23: 10.15 - 10.30 | C23: 9 | D23: 3 | E23: 3 | F23: 1 | G23: 0 | H23: 0 | I23: 2 | J23: 1 | K23: 0 | L23: 0 | M23: 42 | N23: 0 | O23: =SUM(C23:L23,N23) -> 19 | P23: =SUM(C23:N23) -> 61 | R23: 2000-2100 | S23: =SUM(C62:C65) -> 19 | T23: =SUM(D62:D65) -> 5 | U23: =SUM(E62:E65) -> 7 | V23: =SUM(F62:F65) -> 5 | W23: =SUM(G62:G65) -> 0 | X23: =SUM(H62:H65) -> 0 | Y23: =SUM(I62:I65) -> 1 | Z23: =SUM(J62:J65) -> 0 | ... AF23: =SUM(P62:P65) -> 214
B24: 10.30 - 10.45 | C24: 8 | D24: 2 | E24: 2 | F24: 1 | G24: 0 | H24: 0 | I24: 1 | J24: 2 | K24: 0 | L24: 0 | M24: 30 | N24: 0 | O24: =SUM(C24:L24,N24) -> 16 | P24: =SUM(C24:N24) -> 46 | R24: 2100-2200 | S24: =SUM(C66:C69) -> 5 | T24: =SUM(D66:D69) -> 4 | U24: =SUM(E66:E69) -> 5 | V24: =SUM(F66:F69) -> 0 | W24: =SUM(G66:G69) -> 0 | X24: =SUM(H66:H69) -> 0 | Y24: =SUM(I66:I69) -> 1 | Z24: =SUM(J66:J69) -> 0 | ... AF24: =SUM(P66:P69) -> 119
B25: 10.45 - 11.00 | C25: 9 | D25: 4 | E25: 4 | F25: 1 | G25: 1 | H25: 1 | I25: 0 | J25: 1 | K25: 0 | L25: 0 | M25: 40 | N25: 0 | O25: =SUM(C25:L25,N25) -> 21 | P25: =SUM(C25:N25) -> 61 | R25: 2200-2300 | S25: =SUM(C70:C73) -> 7 | T25: =SUM(D70:D73) -> 0 | U25: =SUM(E70:E73) -> 0 | V25: =SUM(F70:F73) -> 3 | W25: =SUM(G70:G73) -> 0 | X25: =SUM(H70:H73) -> 0 | Y25: =SUM(I70:I73) -> 0 | Z25: =SUM(J70:J73) -> 0 | ... AF25: =SUM(P70:P73) -> 68
B26: 11.00 - 11.15 | C26: 16 | D26: 1 | E26: 1 | F26: 1 | G26: 0 | H26: 0 | I26: 1 | K26: 0 | L26: 0 | M26: 42 | N26: 0 | O26: =SUM(C26:L26,N26) -> 20 | P26: =SUM(C26:N26) -> 62 | R26: 2300-0000 | S26: =SUM(C74:C77) -> 2 | T26: =SUM(D74:D77) -> 0 | U26: =SUM(E74:E77) -> 0 | V26: =SUM(F74:F77) -> 2 | W26: =SUM(G74:G77) -> 0 | X26: =SUM(H74:H77) -> 0 | Y26: =SUM(I74:I77) -> 1 | Z26: =SUM(J74:J77) -> 0 | ... AF26: =SUM(P74:P77) -> 29
B27: 11.15 - 11.30 | C27: 16 | D27: 2 | E27: 3 | F27: 0 | G27: 0 | H27: 0 | I27: 1 | K27: 0 | L27: 0 | M27: 20 | N27: 0 | O27: =SUM(C27:L27,N27) -> 22 | P27: =SUM(C27:N27) -> 42 | R27: 0000-0100 | S27: =SUM(C78:C81) -> 1 | T27: =SUM(D78:D81) -> 1 | U27: =SUM(E78:E81) -> 1 | V27: =SUM(F78:F81) -> 0 | W27: =SUM(G78:G81) -> 0 | X27: =SUM(H78:H81) -> 1 | Y27: =SUM(I78:I81) -> 0 | Z27: =SUM(J78:J81) -> 0 | ... AF27: =SUM(P78:P81) -> 17
B28: 11.30 - 11.45 | C28: 7 | D28: 1 | E28: 3 | F28: 0 | G28: 0 | H28: 0 | I28: 1 | J28: 2 | K28: 0 | L28: 1 | M28: 32 | N28: 0 | O28: =SUM(C28:L28,N28) -> 15 | P28: =SUM(C28:N28) -> 47 | R28: 0100-0200 | S28: =SUM(C82:C85) -> 2 | T28: =SUM(D82:D85) -> 1 | U28: =SUM(E82:E85) -> 2 | V28: =SUM(F82:F85) -> 0 | W28: =SUM(G82:G85) -> 0 | X28: =SUM(H82:H85) -> 0 | Y28: =SUM(I82:I85) -> 0 | Z28: =SUM(J82:J85) -> 0 | ... AF28: =SUM(P82:P85) -> 12
B29: 11.45 - 12.00 | C29: 4 | D29: 3 | E29: 3 | F29: 0 | G29: 0 | H29: 0 | I29: 0 | K29: 0 | L29: 1 | M29: 35 | N29: 0 | O29: =SUM(C29:L29,N29) -> 11 | P29: =SUM(C29:N29) -> 46 | R29: 0200-0300 | S29: =SUM(C86:C89) -> 2 | T29: =SUM(D86:D89) -> 0 | U29: =SUM(E86:E89) -> 0 | V29: =SUM(F86:F89) -> 0 | W29: =SUM(G86:G89) -> 0 | X29: =SUM(H86:H89) -> 0 | Y29: =SUM(I86:I89) -> 1 | Z29: =SUM(J86:J89) -> 0 | ... AF29: =SUM(P86:P89) -> 5
B30: 12.00 - 12.15 | C30: 11 | D30: 2 | E30: 3 | F30: 4 | G30: 0 | H30: 0 | I30: 2 | J30: 2 | K30: 0 | L30: 0 | M30: 42 | N30: 0 | O30: =SUM(C30:L30,N30) -> 24 | P30: =SUM(C30:N30) -> 66 | R30: 0300-0400 | S30: =SUM(C90:C93) -> 2 | T30: =SUM(D90:D93) -> 1 | U30: =SUM(E90:E93) -> 0 | V30: =SUM(F90:F93) -> 0 | W30: =SUM(G90:G93) -> 0 | X30: =SUM(H90:H93) -> 0 | Y30: =SUM(I90:I93) -> 0 | Z30: =SUM(J90:J93) -> 0 | ... AF30: =SUM(P90:P93) -> 10
B31: 12.15 - 12.30 | C31: 8 | D31: 1 | E31: 2 | F31: 2 | G31: 0 | H31: 0 | I31: 1 | J31: 1 | K31: 0 | L31: 2 | M31: 30 | N31: 0 | O31: =SUM(C31:L31,N31) -> 17 | P31: =SUM(C31:N31) -> 47 | R31: 0400-0500 | S31: =SUM(C94:C97) -> 2 | T31: =SUM(D94:D97) -> 0 | U31: =SUM(E94:E97) -> 0 | V31: =SUM(F94:F97) -> 0 | W31: =SUM(G94:G97) -> 0 | X31: =SUM(H94:H97) -> 2 | Y31: =SUM(I94:I97) -> 0 | Z31: =SUM(J94:J97) -> 0 | ... AF31: =SUM(P94:P97) -> 7
B32: 12.30 - 12.45 | C32: 7 | D32: 3 | E32: 4 | F32: 1 | G32: 0 | H32: 0 | I32: 1 | J32: 3 | K32: 0 | L32: 0 | M32: 23 | N32: 0 | O32: =SUM(C32:L32,N32) -> 19 | P32: =SUM(C32:N32) -> 42 | R32: 0500-0600 | S32: =SUM(C98:C101) -> 2 | T32: =SUM(D98:D101) -> 0 | U32: =SUM(E98:E101) -> 0 | V32: =SUM(F98:F101) -> 0 | W32: =SUM(G98:G101) -> 0 | X32: =SUM(H98:H101) -> 2 | Y32: =SUM(I98:I101) -> 0 | Z32: =SUM(J98:J101) -> 0 | ... AF32: =SUM(P98:P101) -> 13
B33: 12.45 - 13.00 | C33: 10 | D33: 1 | E33: 1 | F33: 1 | G33: 0 | H33: 0 | I33: 3 | J33: 1 | K33: 0 | L33: 0 | M33: 28 | N33: 0 | O33: =SUM(C33:L33,N33) -> 17 | P33: =SUM(C33:N33) -> 45 | R33: 0600-0700 | S33: =SUM(C102:C105) -> 9 | T33: =SUM(D102:D105) -> 0 | U33: =SUM(E102:E105) -> 0 | V33: =SUM(F102:F105) -> 2 | W33: =SUM(G102:G105) -> 1 | X33: =SUM(H102:H105) -> 26 | Y33: =SUM(I102:I105) -> 0 | Z33: =SUM(J102:J105) -> 0 | ... AF33: =SUM(P102:P105) -> 63
B34: 13.00 - 13.15 | C34: 11 | D34: 4 | E34: 4 | F34: 1 | G34: 0 | H34: 0 | I34: 1 | J34: 2 | K34: 0 | L34: 1 | M34: 36 | N34: 0 | O34: =SUM(C34:L34,N34) -> 24 | P34: =SUM(C34:N34) -> 60 | R34: AM Peak Hr | S34: =MAX(S10:S12) -> 32 | T34: =MAX(T10:T12) -> 10 | U34: =MAX(U10:U12) -> 12 | V34: =MAX(V10:V12) -> 7 | W34: =MAX(W10:W12) -> 0 | X34: =MAX(X10:X12) -> 1 | Y34: =MAX(Y10:Y12) -> 6 | Z34: =MAX(Z10:Z12) -> 9 | ... AF34: =MAX(AF10:AF12) -> 192
B35: 13.15 - 13.30 | C35: 5 | D35: 0 | E35: 0 | F35: 0 | G35: 0 | H35: 0 | I35: 0 | K35: 0 | L35: 0 | M35: 30 | N35: 0 | O35: =SUM(C35:L35,N35) -> 5 | P35: =SUM(C35:N35) -> 35 | R35: IP Peak Hr | S35: =MAX(S13:S18) -> 43 | T35: =MAX(T13:T18) -> 12 | U35: =MAX(U13:U18) -> 12 | V35: =MAX(V13:V18) -> 8 | W35: =MAX(W13:W18) -> 1 | X35: =MAX(X13:X18) -> 2 | Y35: =MAX(Y13:Y18) -> 7 | Z35: =MAX(Z13:Z18) -> 10 | ... AF35: =MAX(AF13:AF18) -> 237
B36: 13.30 - 13.45 | C36: 5 | D36: 2 | E36: 2 | F36: 0 | G36: 0 | H36: 0 | I36: 1 | J36: 2 | K36: 0 | L36: 0 | M36: 32 | N36: 0 | O36: =SUM(C36:L36,N36) -> 12 | P36: =SUM(C36:N36) -> 44 | R36: PM Peak Hr | S36: =MAX(S19:S21) -> 29 | T36: =MAX(T19:T21) -> 8 | U36: =MAX(U19:U21) -> 8 | V36: =MAX(V19:V21) -> 5 | W36: =MAX(W19:W21) -> 2 | X36: =MAX(X19:X21) -> 1 | Y36: =MAX(Y19:Y21) -> 4 | Z36: =MAX(Z19:Z21) -> 7 | ... AF36: =MAX(AF19:AF21) -> 216
B37: 13.45 - 14.00 | C37: 0 | D37: 0 | E37: 0 | F37: 0 | G37: 0 | H37: 0 | I37: 0 | J37: 0 | K37: 0 | L37: 0 | M37: 31 | N37: 0 | O37: =SUM(C37:L37,N37) -> 0 | P37: =SUM(C37:N37) -> 31 | R37: AM Period | S37: =SUM(S10:S12) -> 87 | T37: =SUM(T10:T12) -> 21 | U37: =SUM(U10:U12) -> 28 | V37: =SUM(V10:V12) -> 16 | W37: =SUM(W10:W12) -> 0 | X37: =SUM(X10:X12) -> 2 | Y37: =SUM(Y10:Y12) -> 16 | Z37: =SUM(Z10:Z12) -> 19 | ... AF37: =SUM(AF10:AF12) -> 566
B38: 14.00 - 14.15 | C38: 11 | D38: 4 | E38: 4 | F38: 2 | G38: 0 | H38: 0 | I38: 0 | J38: 2 | K38: 0 | L38: 0 | M38: 40 | N38: 0 | O38: =SUM(C38:L38,N38) -> 23 | P38: =SUM(C38:N38) -> 63 | R38: IP Period | S38: =SUM(S13:S18) -> 218 | T38: =SUM(T13:T18) -> 42 | U38: =SUM(U13:U18) -> 50 | V38: =SUM(V13:V18) -> 20 | W38: =SUM(W13:W18) -> 1 | X38: =SUM(X13:X18) -> 5 | Y38: =SUM(Y13:Y18) -> 20 | Z38: =SUM(Z13:Z18) -> 35 | ... AF38: =SUM(AF13:AF18) -> 1177
B39: 14.15 - 14.30 | C39: 13 | D39: 2 | E39: 3 | F39: 0 | G39: 0 | H39: 0 | I39: 0 | J39: 1 | K39: 0 | L39: 0 | M39: 43 | N39: 0 | O39: =SUM(C39:L39,N39) -> 19 | P39: =SUM(C39:N39) -> 62 | R39: PM Period | S39: =SUM(S19:S21) -> 78 | T39: =SUM(T19:T21) -> 13 | U39: =SUM(U19:U21) -> 16 | V39: =SUM(V19:V21) -> 7 | W39: =SUM(W19:W21) -> 3 | X39: =SUM(X19:X21) -> 1 | Y39: =SUM(Y19:Y21) -> 8 | Z39: =SUM(Z19:Z21) -> 17 | ... AF39: =SUM(AF19:AF21) -> 549
B40: 14.30 - 14.45 | C40: 7 | D40: 0 | E40: 0 | F40: 2 | G40: 0 | H40: 0 | I40: 0 | J40: 5 | K40: 0 | L40: 0 | M40: 23 | N40: 0 | O40: =SUM(C40:L40,N40) -> 14 | P40: =SUM(C40:N40) -> 37 | R40: 12 Hours | S40: =SUM(S10:S21) -> 383 | T40: =SUM(T10:T21) -> 76 | U40: =SUM(U10:U21) -> 94 | V40: =SUM(V10:V21) -> 43 | W40: =SUM(W10:W21) -> 4 | X40: =SUM(X10:X21) -> 8 | Y40: =SUM(Y10:Y21) -> 44 | Z40: =SUM(Z10:Z21) -> 71 | ... AF40: =SUM(AF10:AF21) -> 2292
B41: 14.45 - 15.00 | C41: 7 | D41: 1 | E41: 1 | F41: 0 | G41: 0 | H41: 2 | I41: 0 | J41: 2 | K41: 0 | L41: 0 | M41: 21 | N41: 0 | O41: =SUM(C41:L41,N41) -> 13 | P41: =SUM(C41:N41) -> 34 | R41: 24 Hrs/ADT | S41: =SUM(S10:S33) -> 471 | T41: =SUM(T10:T33) -> 90 | U41: =SUM(U10:U33) -> 112 | V41: =SUM(V10:V33) -> 56 | W41: =SUM(W10:W33) -> 5 | X41: =SUM(X10:X33) -> 39 | Y41: =SUM(Y10:Y33) -> 50 | Z41: =SUM(Z10:Z33) -> 73 | ... AF41: =SUM(AF10:AF33) -> 3047
B42: 15.00 - 15.15 | C42: 4 | D42: 2 | E42: 2 | F42: 0 | G42: 0 | H42: 0 | I42: 1 | J42: 1 | K42: 0 | L42: 1 | M42: 31 | N42: 0 | O42: =SUM(C42:L42,N42) -> 11 | P42: =SUM(C42:N42) -> 42 | R42: NEF | S42: =S41/S40 -> 1.229765 | T42: =T41/T40 -> 1.1842105 | U42: =U41/U40 -> 1.1914894 | V42: =V41/V40 -> 1.3023256 | W42: =W41/W40 -> 1.25 | X42: =X41/X40 -> 4.875 | Y42: =Y41/Y40 -> 1.1363636 | Z42: =Z41/Z40 -> 1.028169 | ... AF42: =AF41/AF40 -> 1.3294066
B43: 15.15 - 15.30 | C43: 12 | D43: 1 | E43: 2 | F43: 2 | G43: 0 | H43: 0 | I43: 2 | J43: 2 | K43: 0 | L43: 0 | M43: 36 | N43: 0 | O43: =SUM(C43:L43,N43) -> 21 | P43: =SUM(C43:N43) -> 57
B44: 15.30 - 15.45 | C44: 19 | D44: 0 | E44: 0 | F44: 0 | G44: 0 | H44: 1 | I44: 0 | J44: 0 | K44: 0 | L44: 0 | M44: 21 | N44: 0 | O44: =SUM(C44:L44,N44) -> 20 | P44: =SUM(C44:N44) -> 41
B45: 15.45 - 16.00 | C45: 6 | D45: 0 | E45: 0 | F45: 0 | G45: 0 | H45: 1 | I45: 0 | J45: 4 | K45: 0 | L45: 1 | M45: 25 | N45: 0 | O45: =SUM(C45:L45,N45) -> 12 | P45: =SUM(C45:N45) -> 37
B46: 16.00 - 16.15 | C46: 7 | D46: 2 | E46: 2 | F46: 0 | G46: 0 | H46: 0 | I46: 2 | J46: 1 | K46: 0 | L46: 0 | M46: 23 | N46: 0 | O46: =SUM(C46:L46,N46) -> 14 | P46: =SUM(C46:N46) -> 37
B47: 16.15 -16.30 | C47: 5 | D47: 2 | E47: 2 | F47: 2 | G47: 0 | H47: 0 | I47: 0 | J47: 1 | K47: 0 | L47: 0 | M47: 32 | N47: 0 | O47: =SUM(C47:L47,N47) -> 12 | P47: =SUM(C47:N47) -> 44
B48: 16.30 -16.45 | C48: 4 | D48: 3 | E48: 3 | F48: 0 | G48: 0 | H48: 0 | I48: 1 | J48: 1 | K48: 0 | L48: 1 | M48: 29 | N48: 0 | O48: =SUM(C48:L48,N48) -> 13 | P48: =SUM(C48:N48) -> 42
B49: 16.45 -17.00 | C49: 6 | D49: 1 | E49: 1 | F49: 3 | G49: 0 | H49: 0 | I49: 0 | J49: 2 | K49: 0 | L49: 0 | M49: 29 | N49: 0 | O49: =SUM(C49:L49,N49) -> 13 | P49: =SUM(C49:N49) -> 42
B50: 17.00 -17.15 | C50: 4 | D50: 0 | E50: 0 | F50: 0 | G50: 1 | H50: 0 | I50: 1 | J50: 2 | K50: 0 | L50: 0 | M50: 40 | N50: 0 | O50: =SUM(C50:L50,N50) -> 8 | P50: =SUM(C50:N50) -> 48
B51: 17.15 -17.30 | C51: 9 | D51: 1 | E51: 2 | F51: 1 | G51: 0 | H51: 0 | I51: 1 | J51: 2 | K51: 0 | L51: 0 | M51: 28 | N51: 0 | O51: =SUM(C51:L51,N51) -> 16 | P51: =SUM(C51:N51) -> 44
B52: 17.30 -17.45 | C52: 6 | D52: 2 | E52: 3 | F52: 0 | G52: 1 | H52: 0 | I52: 1 | J52: 2 | K52: 0 | L52: 0 | M52: 51 | N52: 0 | O52: =SUM(C52:L52,N52) -> 15 | P52: =SUM(C52:N52) -> 66
B53: 17.45 -18.00 | C53: 8 | D53: 1 | E53: 2 | F53: 0 | G53: 0 | H53: 0 | I53: 1 | J53: 1 | K53: 0 | L53: 0 | M53: 45 | N53: 0 | O53: =SUM(C53:L53,N53) -> 13 | P53: =SUM(C53:N53) -> 58
B54: 18.00 - 18.15 | C54: 2 | D54: 0 | E54: 0 | F54: 0 | G54: 1 | H54: 0 | I54: 1 | J54: 1 | K54: 0 | L54: 0 | M54: 50 | N54: 0 | O54: =SUM(C54:L54,N54) -> 5 | P54: =SUM(C54:N54) -> 55
... B105: 06.45 - 07.00 | C105: 7 | D105: 0 | E105: 0 | F105: 1 | G105: 0 | H105: 15 | I105: 0 | J105: 0 | K105: 0 | L105: 1 | M105: 0 | N105: 0 | O105: =SUM(C105:L105,N105) -> 24 | P105: =SUM(C105:N105) -> 24
B106: Totals | C106: =SUM(C10:C105) -> 471 | D106: =SUM(D10:D105) -> 90 | E106: =SUM(E10:E105) -> 112 | F106: =SUM(F10:F105) -> 56 | G106: =SUM(G10:G105) -> 5 | H106: =SUM(H10:H105) -> 39 | I106: =SUM(I10:I105) -> 50 | J106: =SUM(J10:J105) -> 73 | ... P106: =SUM(P10:P105) -> 3047
B107: %ges + MCs | C107: =C106/$P$106 -> 0.15457827 | D107: =D106/$P$106 -> 0.02953725 | E107: =E106/$P$106 -> 0.036757466 | F107: =F106/$P$106 -> 0.018378733 | G107: =G106/$P$106 -> 0.0016409583 | H107: =H106/$P$106 -> 0.012799475 | I107: =I106/$P$106 -> 0.016409583 | J107: =J106/$P$106 -> 0.023957991 | ... N107: =N106/$P$106 -> 0
B108: %ges w/o MCs | C108: =C106/$O$106 -> 0.51758242 | D108: =D106/$O$106 -> 0.098901099 | E108: =E106/$O$106 -> 0.12307692 | F108: =F106/$O$106 -> 0.061538462 | G108: =G106/$O$106 -> 0.0054945055 | H108: =H106/$O$106 -> 0.042857143 | I108: =I106/$O$106 -> 0.054945055 | J108: =J106/$O$106 -> 0.08021978 | ... L108: =L106/$O$106 -> 0.014285714 | N108: =N106/$O$106 -> 0

Sheet 04.08 Koboko-Arua
B1: Consultancy services for Preparation of Expressway Development Master Plan (EDMP) for Uganda
B2: MANUAL CLASSIFIED COUNT (MCC)
B3: ROAD NAME: | C3: ='31.07 Koboko-Arua'!C3:G3 -> MCC - C5 - STN127 - KOBOKO-ARUA ROAD
C5: Date | D5: 04.08.19 | F5: Location | G5: ='31.07 Koboko-Arua'!G5:H5 -> xxx | J5: Surveyor | K5: ='31.07 Koboko-Arua'!K5:L5 -> xxx
C6: Dir. From | D6: ='31.07 Koboko-Arua'!D6:E6 -> Koboko | F6: Dir. To | G6: ='31.07 Koboko-Arua'!G6:H6 -> Arua | J6: Supervisor | K6: ='31.07 Koboko-Arua'!K6:L6 -> xxx
B8: Time / Veh Type | R8: SUMMARY TRAFFIC VOLUMES
C9: 1. Car | D9: 2. Station Wagon | E9: 3. Pickups | F9: 4. Minibus, matatu | G9: 5. Medium bus | H9: 6. Large Bus | I9: 7. Light Truck | J9: 8. Medium Truck | K9: 9. Heavy truck | L9: 10. Truck Trailer | M9: 11. Motor cycles | N9: 12. Tractors | O9: Total Excl M/Cycles | P9: Total All | R9: Time | S9: 1. Car | T9: 2. Station Wagon | U9: 3. Pickups | V9: 4. Minibus, matatu | W9: 5. Medium bus | X9: 6. Large Bus | Y9: 7. Light Truck | Z9: 8. Medium Truck | AA9: 9. Heavy truck | AB9: 10. Truck Trailer | AC9: 11. Motorcycles | AD9: 12. Tractors, Graders | AE9: Total Excl M/ Cycles | AF9: Total All
B10: 07.00 - 07.15 | C10: 3 | D10: 1 | E10: 2 | F10: 1 | G10: 0 | H10: 0 | I10: 0 | J10: 3 | K10: 0 | L10: 2 | M10: 23 | N10: 0 | O10: =SUM(C10:L10,N10) -> 12 | P10: =SUM(C10:N10) -> 35 | R10: 0700-0800 | S10: =SUM(C10:C13) -> 16 | T10: =SUM(D10:D13) -> 5 | U10: =SUM(E10:E13) -> 6 | V10: =SUM(F10:F13) -> 3 | W10: =SUM(G10:G13) -> 0 | X10: =SUM(H10:H13) -> 2 | Y10: =SUM(I10:I13) -> 2 | Z10: =SUM(J10:J13) -> 4 | ... AF10: =SUM(P10:P13) -> 128
B11: 07.15 - 07.30 | C11: 2 | D11: 4 | E11: 4 | F11: 0 | G11: 0 | H11: 0 | I11: 0 | J11: 0 | K11: 0 | L11: 0 | M11: 15 | N11: 0 | O11: =SUM(C11:L11,N11) -> 10 | P11: =SUM(C11:N11) -> 25 | R11: 0800-0900 | S11: =SUM(C14:C17) -> 17 | T11: =SUM(D14:D17) -> 4 | U11: =SUM(E14:E17) -> 5 | V11: =SUM(F14:F17) -> 0 | W11: =SUM(G14:G17) -> 0 | X11: =SUM(H14:H17) -> 0 | Y11: =SUM(I14:I17) -> 3 | Z11: =SUM(J14:J17) -> 1 | ... AF11: =SUM(P14:P17) -> 142
B12: 07.30 - 07.45 | C12: 8 | D12: 0 | E12: 0 | F12: 1 | G12: 0 | H12: 0 | I12: 1 | J12: 0 | K12: 0 | L12: 0 | M12: 20 | N12: 0 | O12: =SUM(C12:L12,N12) -> 10 | P12: =SUM(C12:N12) -> 30 | R12: 0900-1000 | S12: =SUM(C18:C21) -> 44 | T12: =SUM(D18:D21) -> 2 | U12: =SUM(E18:E21) -> 2 | V12: =SUM(F18:F21) -> 5 | W12: =SUM(G18:G21) -> 0 | X12: =SUM(H18:H21) -> 0 | Y12: =SUM(I18:I21) -> 4 | Z12: =SUM(J18:J21) -> 1 | ... AF12: =SUM(P18:P21) -> 227
B13: 07.45 - 08.00 | C13: 3 | D13: 0 | E13: 0 | F13: 1 | G13: 0 | H13: 2 | I13: 1 | J13: 1 | K13: 0 | L13: 0 | M13: 30 | N13: 0 | O13: =SUM(C13:L13,N13) -> 8 | P13: =SUM(C13:N13) -> 38 | R13: 1000-1100 | S13: =SUM(C22:C25) -> 27 | T13: =SUM(D22:D25) -> 3 | U13: =SUM(E22:E25) -> 5 | V13: =SUM(F22:F25) -> 4 | W13: =SUM(G22:G25) -> 1 | X13: =SUM(H22:H25) -> 1 | Y13: =SUM(I22:I25) -> 10 | Z13: =SUM(J22:J25) -> 2 | ... AF13: =SUM(P22:P25) -> 230
B14: 08.00 - 08.15 | C14: 3 | D14: 1 | E14: 1 | F14: 0 | G14: 0 | H14: 0 | I14: 0 | J14: 0 | K14: 0 | L14: 0 | M14: 28 | N14: 0 | O14: =SUM(C14:L14,N14) -> 5 | P14: =SUM(C14:N14) -> 33 | R14: 1100-1200 | S14: =SUM(C26:C29) -> 57 | T14: =SUM(D26:D29) -> 4 | U14: =SUM(E26:E29) -> 5 | V14: =SUM(F26:F29) -> 7 | W14: =SUM(G26:G29) -> 0 | X14: =SUM(H26:H29) -> 0 | Y14: =SUM(I26:I29) -> 10 | Z14: =SUM(J26:J29) -> 0 | ... AF14: =SUM(P26:P29) -> 250
B15: 08.15 - 08.30 | C15: 7 | D15: 0 | E15: 0 | F15: 0 | G15: 0 | H15: 0 | I15: 0 | J15: 1 | K15: 0 | L15: 0 | M15: 27 | N15: 0 | O15: =SUM(C15:L15,N15) -> 8 | P15: =SUM(C15:N15) -> 35 | R15: 1200-1300 | S15: =SUM(C30:C33) -> 25 | T15: =SUM(D30:D33) -> 5 | U15: =SUM(E30:E33) -> 6 | V15: =SUM(F30:F33) -> 7 | W15: =SUM(G30:G33) -> 0 | X15: =SUM(H30:H33) -> 0 | Y15: =SUM(I30:I33) -> 8 | Z15: =SUM(J30:J33) -> 0 | ... AF15: =SUM(P30:P33) -> 261
B16: 08.30 - 08.45 | C16: 3 | D16: 0 | E16: 0 | F16: 0 | G16: 0 | H16: 0 | I16: 3 | J16: 0 | K16: 0 | L16: 0 | M16: 27 | N16: 0 | O16: =SUM(C16:L16,N16) -> 6 | P16: =SUM(C16:N16) -> 33 | R16: 1300-1400 | S16: =SUM(C34:C37) -> 35 | T16: =SUM(D34:D37) -> 6 | U16: =SUM(E34:E37) -> 7 | V16: =SUM(F34:F37) -> 9 | W16: =SUM(G34:G37) -> 0 | X16: =SUM(H34:H37) -> 200 | Y16: =SUM(I34:I37) -> 1 | Z16: =SUM(J34:J37) -> 1 | ... AF16: =SUM(P34:P37) -> 260
B17: 08.45 - 9.00 | C17: 4 | D17: 3 | E17: 4 | F17: 0 | G17: 0 | H17: 0 | I17: 0 | J17: 0 | K17: 0 | L17: 0 | M17: 30 | N17: 0 | O17: =SUM(C17:L17,N17) -> 11 | P17: =SUM(C17:N17) -> 41 | R17: 1400-1500 | S17: =SUM(C38:C41) -> 29 | T17: =SUM(D38:D41) -> 9 | U17: =SUM(E38:E41) -> 10 | V17: =SUM(F38:F41) -> 7 | W17: =SUM(G38:G41) -> 1 | X17: =SUM(H38:H41) -> 193 | Y17: =SUM(I38:I41) -> 0 | Z17: =SUM(J38:J41) -> 2 | ... AF17: =SUM(P38:P41) -> 254
B18: 09.00 - 09.15 | C18: 9 | D18: 1 | E18: 1 | F18: 3 | G18: 0 | H18: 0 | I18: 2 | J18: 1 | K18: 0 | L18: 0 | M18: 53 | N18: 0 | O18: =SUM(C18:L18,N18) -> 17 | P18: =SUM(C18:N18) -> 70 | R18: 1500-1600 | S18: =SUM(C42:C45) -> 42 | T18: =SUM(D42:D45) -> 7 | U18: =SUM(E42:E45) -> 8 | V18: =SUM(F42:F45) -> 7 | W18: =SUM(G42:G45) -> 0 | X18: =SUM(H42:H45) -> 143 | Y18: =SUM(I42:I45) -> 3 | Z18: =SUM(J42:J45) -> 0 | ... AF18: =SUM(P42:P45) -> 280
B19: 09.15 - 09.30 | C19: 3 | D19: 0 | E19: 0 | F19: 0 | G19: 0 | H19: 0 | I19: 0 | J19: 0 | K19: 0 | L19: 0 | M19: 26 | N19: 0 | O19: =SUM(C19:L19,N19) -> 3 | P19: =SUM(C19:N19) -> 29 | R19: 1600-1700 | S19: =SUM(C46:C49) -> 52 | T19: =SUM(D46:D49) -> 8 | U19: =SUM(E46:E49) -> 8 | V19: =SUM(F46:F49) -> 16 | W19: =SUM(G46:G49) -> 1 | X19: =SUM(H46:H49) -> 155 | Y19: =SUM(I46:I49) -> 2 | Z19: =SUM(J46:J49) -> 1 | ... AF19: =SUM(P46:P49) -> 247
B20: 09.30 - 09.45 | C20: 9 | D20: 1 | E20: 1 | F20: 1 | G20: 0 | H20: 0 | I20: 0 | J20: 0 | K20: 0 | L20: 0 | M20: 54 | N20: 0 | O20: =SUM(C20:L20,N20) -> 12 | P20: =SUM(C20:N20) -> 66 | R20: 1700-1800 | S20: =SUM(C50:C53) -> 37 | T20: =SUM(D50:D53) -> 3 | U20: =SUM(E50:E53) -> 5 | V20: =SUM(F50:F53) -> 5 | W20: =SUM(G50:G53) -> 3 | X20: =SUM(H50:H53) -> 11 | Y20: =SUM(I50:I53) -> 0 | Z20: =SUM(J50:J53) -> 1 | ... AF20: =SUM(P50:P53) -> 188
B21: 09.45 - 10.00 | C21: 23 | D21: 0 | E21: 0 | F21: 1 | G21: 0 | H21: 0 | I21: 2 | J21: 0 | K21: 0 | L21: 0 | M21: 36 | N21: 0 | O21: =SUM(C21:L21,N21) -> 26 | P21: =SUM(C21:N21) -> 62 | R21: 1800-1900 | S21: =SUM(C54:C57) -> 58 | T21: =SUM(D54:D57) -> 15 | U21: =SUM(E54:E57) -> 16 | V21: =SUM(F54:F57) -> 2 | W21: =SUM(G54:G57) -> 27 | X21: =SUM(H54:H57) -> 3 | Y21: =SUM(I54:I57) -> 4 | Z21: =SUM(J54:J57) -> 1 | ... AF21: =SUM(P54:P57) -> 216
B22: 10.00 - 10.15 | C22: 6 | D22: 0 | E22: 0 | F22: 1 | G22: 1 | H22: 0 | I22: 2 | J22: 2 | K22: 0 | L22: 1 | M22: 53 | N22: 0 | O22: =SUM(C22:L22,N22) -> 13 | P22: =SUM(C22:N22) -> 66 | R22: AM Peak Hr | S22: =MAX(S10:S12) -> 44 | T22: =MAX(T10:T12) -> 5 | U22: =MAX(U10:U12) -> 6 | V22: =MAX(V10:V12) -> 5 | W22: =MAX(W10:W12) -> 0 | X22: =MAX(X10:X12) -> 2 | Y22: =MAX(Y10:Y12) -> 4 | Z22: =MAX(Z10:Z12) -> 4 | ... AF22: =MAX(AF10:AF12) -> 227
B23: 10.15 - 10.30 | C23: 9 | D23: 1 | E23: 2 | F23: 0 | G23: 0 | H23: 0 | I23: 3 | J23: 0 | K23: 0 | L23: 0 | M23: 40 | N23: 0 | O23: =SUM(C23:L23,N23) -> 15 | P23: =SUM(C23:N23) -> 55 | R23: IP Peak Hr | S23: =MAX(S13:S18) -> 57 | T23: =MAX(T13:T18) -> 9 | U23: =MAX(U13:U18) -> 10 | V23: =MAX(V13:V18) -> 9 | W23: =MAX(W13:W18) -> 1 | X23: =MAX(X13:X18) -> 200 | Y23: =MAX(Y13:Y18) -> 10 | Z23: =MAX(Z13:Z18) -> 2 | ... AF23: =MAX(AF13:AF18) -> 280
B24: 10.30 - 10.45 | C24: 7 | D24: 1 | E24: 2 | F24: 2 | G24: 0 | H24: 0 | I24: 3 | J24: 0 | K24: 0 | L24: 0 | M24: 37 | N24: 0 | O24: =SUM(C24:L24,N24) -> 15 | P24: =SUM(C24:N24) -> 52 | R24: PM Peak Hr | S24: =MAX(S19:S21) -> 58 | T24: =MAX(T19:T21) -> 15 | U24: =MAX(U19:U21) -> 16 | V24: =MAX(V19:V21) -> 16 | W24: =MAX(W19:W21) -> 27 | X24: =MAX(X19:X21) -> 155 | Y24: =MAX(Y19:Y21) -> 4 | Z24: =MAX(Z19:Z21) -> 1 | ... AF24: =MAX(AF19:AF21) -> 247
B25: 10.45 - 11.00 | C25: 5 | D25: 1 | E25: 1 | F25: 1 | G25: 0 | H25: 1 | I25: 2 | J25: 0 | K25: 0 | L25: 1 | M25: 45 | N25: 0 | O25: =SUM(C25:L25,N25) -> 12 | P25: =SUM(C25:N25) -> 57 | R25: AM Period | S25: =SUM(S10:S12) -> 77 | T25: =SUM(T10:T12) -> 11 | U25: =SUM(U10:U12) -> 13 | V25: =SUM(V10:V12) -> 8 | W25: =SUM(W10:W12) -> 0 | X25: =SUM(X10:X12) -> 2 | Y25: =SUM(Y10:Y12) -> 9 | Z25: =SUM(Z10:Z12) -> 6 | ... AF25: =SUM(AF10:AF12) -> 497
B26: 11.00 - 11.15 | C26: 11 | D26: 2 | E26: 3 | F26: 2 | G26: 0 | H26: 0 | I26: 7 | J26: 0 | K26: 0 | L26: 0 | M26: 57 | N26: 0 | O26: =SUM(C26:L26,N26) -> 25 | P26: =SUM(C26:N26) -> 82 | R26: IP Period | S26: =SUM(S13:S18) -> 215 | T26: =SUM(T13:T18) -> 34 | U26: =SUM(U13:U18) -> 41 | V26: =SUM(V13:V18) -> 41 | W26: =SUM(W13:W18) -> 2 | X26: =SUM(X13:X18) -> 537 | Y26: =SUM(Y13:Y18) -> 32 | Z26: =SUM(Z13:Z18) -> 5 | ... AF26: =SUM(AF13:AF18) -> 1535
B27: 11.15 - 11.30 | C27: 3 | D27: 1 | E27: 1 | F27: 1 | G27: 0 | H27: 0 | I27: 1 | J27: 0 | K27: 0 | L27: 0 | M27: 27 | N27: 0 | O27: =SUM(C27:L27,N27) -> 7 | P27: =SUM(C27:N27) -> 34 | R27: PM Period | S27: =SUM(S19:S21) -> 147 | T27: =SUM(T19:T21) -> 26 | U27: =SUM(U19:U21) -> 29 | V27: =SUM(V19:V21) -> 23 | W27: =SUM(W19:W21) -> 31 | X27: =SUM(X19:X21) -> 169 | Y27: =SUM(Y19:Y21) -> 6 | Z27: =SUM(Z19:Z21) -> 3 | ... AF27: =SUM(AF19:AF21) -> 651
B28: 11.30 - 11.45 | C28: 22 | D28: 1 | E28: 1 | F28: 2 | G28: 0 | H28: 0 | I28: 1 | J28: 0 | K28: 0 | L28: 0 | M28: 51 | N28: 0 | O28: =SUM(C28:L28,N28) -> 27 | P28: =SUM(C28:N28) -> 78 | R28: 12 Hours | S28: =SUM(S10:S21) -> 439 | T28: =SUM(T10:T21) -> 71 | U28: =SUM(U10:U21) -> 83 | V28: =SUM(V10:V21) -> 72 | W28: =SUM(W10:W21) -> 33 | X28: =SUM(X10:X21) -> 708 | Y28: =SUM(Y10:Y21) -> 47 | Z28: =SUM(Z10:Z21) -> 14 | ... AF28: =SUM(AF10:AF21) -> 2683
B29: 11.45 - 12.00 | C29: 21 | D29: 0 | E29: 0 | F29: 2 | G29: 0 | H29: 0 | I29: 1 | J29: 0 | K29: 0 | L29: 0 | M29: 32 | N29: 0 | O29: =SUM(C29:L29,N29) -> 24 | P29: =SUM(C29:N29) -> 56
B30: 12.00 - 12.15 | C30: 5 | D30: 1 | E30: 1 | F30: 0 | G30: 0 | H30: 0 | I30: 2 | J30: 0 | K30: 0 | L30: 0 | M30: 77 | N30: 0 | O30: =SUM(C30:L30,N30) -> 9 | P30: =SUM(C30:N30) -> 86
B31: 12.15 - 12.30 | C31: 8 | D31: 1 | E31: 2 | F31: 2 | G31: 0 | H31: 0 | I31: 1 | J31: 0 | K31: 0 | L31: 0 | M31: 50 | N31: 0 | O31: =SUM(C31:L31,N31) -> 14 | P31: =SUM(C31:N31) -> 64
B32: 12.30 - 12.45 | C32: 6 | D32: 1 | E32: 1 | F32: 3 | G32: 0 | H32: 0 | I32: 2 | J32: 0 | K32: 1 | L32: 0 | M32: 37 | N32: 0 | O32: =SUM(C32:L32,N32) -> 14 | P32: =SUM(C32:N32) -> 51
B33: 12.45 - 13.00 | C33: 6 | D33: 2 | E33: 2 | F33: 2 | G33: 0 | H33: 0 | I33: 3 | J33: 0 | K33: 0 | L33: 0 | M33: 45 | N33: 0 | O33: =SUM(C33:L33,N33) -> 15 | P33: =SUM(C33:N33) -> 60
B34: 13.00 - 13.15 | C34: 9 | D34: 1 | E34: 1 | F34: 2 | G34: 0 | H34: 37 | I34: 0 | J34: 0 | K34: 0 | L34: 0 | M34: 0 | N34: 0 | O34: =SUM(C34:L34,N34) -> 50 | P34: =SUM(C34:N34) -> 50
B35: 13.15 - 13.30 | C35: 9 | D35: 1 | E35: 2 | F35: 2 | G35: 0 | H35: 47 | I35: 1 | J35: 0 | K35: 0 | L35: 0 | M35: 1 | N35: 0 | O35: =SUM(C35:L35,N35) -> 62 | P35: =SUM(C35:N35) -> 63
B36: 13.30 - 13.45 | C36: 7 | D36: 2 | E36: 2 | F36: 0 | G36: 0 | H36: 53 | I36: 0 | J36: 1 | K36: 0 | L36: 0 | M36: 0 | N36: 0 | O36: =SUM(C36:L36,N36) -> 65 | P36: =SUM(C36:N36) -> 65
B37: 13.45 - 14.00 | C37: 10 | D37: 2 | E37: 2 | F37: 5 | G37: 0 | H37: 63 | I37: 0 | J37: 0 | K37: 0 | L37: 0 | M37: 0 | N37: 0 | O37: =SUM(C37:L37,N37) -> 82 | P37: =SUM(C37:N37) -> 82
B38: 14.00 - 14.15 | C38: 5 | D38: 2 | E38: 2 | F38: 2 | G38: 0 | H38: 46 | I38: 0 | J38: 0 | K38: 0 | L38: 0 | M38: 0 | N38: 0 | O38: =SUM(C38:L38,N38) -> 57 | P38: =SUM(C38:N38) -> 57
B39: 14.15 - 14.30 | C39: 6 | D39: 2 | E39: 2 | F39: 3 | G39: 1 | H39: 45 | I39: 0 | J39: 2 | K39: 0 | L39: 0 | M39: 0 | N39: 0 | O39: =SUM(C39:L39,N39) -> 61 | P39: =SUM(C39:N39) -> 61
B40: 14.30 - 14.45 | C40: 8 | D40: 2 | E40: 3 | F40: 0 | G40: 0 | H40: 42 | I40: 0 | J40: 0 | K40: 2 | L40: 0 | M40: 0 | N40: 0 | O40: =SUM(C40:L40,N40) -> 57 | P40: =SUM(C40:N40) -> 57
... B57: 18.45 - 19.00 | C57: 11 | D57: 0 | E57: 0 | F57: 1 | G57: 0 | H57: 3 | I57: 1 | J57: 0 | K57: 0 | L57: 0 | M57: 8 | N57: 0 | O57: =SUM(C57:L57,N57) -> 16 | P57: =SUM(C57:N57) -> 24
B58: Totals | C58: =SUM(C10:C57) -> 439 | D58: =SUM(D10:D57) -> 71 | E58: =SUM(E10:E57) -> 83 | F58: =SUM(F10:F57) -> 72 | G58: =SUM(G10:G57) -> 33 | H58: =SUM(H10:H57) -> 708 | I58: =SUM(I10:I57) -> 47 | J58: =SUM(J10:J57) -> 14 | ... P58: =SUM(P10:P57) -> 2683
B59: %ges + MCs | C59: =C58/$P$58 -> 0.16362281 | D59: =D58/$P$58 -> 0.026462915 | E59: =E58/$P$58 -> 0.03093552 | F59: =F58/$P$58 -> 0.026835632 | G59: =G58/$P$58 -> 0.012299665 | H59: =H58/$P$58 -> 0.26388371 | I59: =I58/$P$58 -> 0.017517704 | J59: =J58/$P$58 -> 0.0052180395 | ... N59: =N58/$P$58 -> 0
B60: %ges w/o MCs | C60: =C58/$O$58 -> 0.2956229 | D60: =D58/$O$58 -> 0.047811448 | E60: =E58/$O$58 -> 0.055892256 | F60: =F58/$O$58 -> 0.048484848 | G60: =G58/$O$58 -> 0.022222222 | H60: =H58/$O$58 -> 0.47676768 | I60: =I58/$O$58 -> 0.031649832 | J60: =J58/$O$58 -> 0.0094276094 | ... L60: =L58/$O$58 -> 0.0080808081 | N60: =N58/$O$58 -> 0

Sheet 04.08 Arua-Koboko
B1: Consultancy services for Preparation of Expressway Development Master Plan (EDMP) for Uganda
B2: MANUAL CLASSIFIED COUNT (MCC)
B3: ROAD NAME: | C3: ='31.07 Arua-Koboko'!C3:G3 -> MCC - C5 - STN127 - KOBOKO-ARUA ROAD
C5: Date | D5: ='04.08 Koboko-Arua'!D5 -> 04.08.19 | F5: Location | G5: ='31.07 Koboko-Arua'!G5:H5 -> xxx | J5: Surveyor | K5: ='31.07 Koboko-Arua'!K5:L5 -> xxx
C6: Dir. From | D6: ='31.07 Arua-Koboko'!D6:E6 -> Arua | F6: Dir. To | G6: ='31.07 Arua-Koboko'!G6:H6 -> Koboko | J6: Supervisor | K6: ='31.07 Koboko-Arua'!K6:L6 -> xxx
B8: Time / Veh Type | R8: SUMMARY TRAFFIC VOLUMES
C9: 1. Car | D9: 2. Station Wagon | E9: 3. Pickups | F9: 4. Minibus, matatu | G9: 5. Medium bus | H9: 6. Large Bus | I9: 7. Light Truck | J9: 8. Medium Truck | K9: 9. Heavy truck | L9: 10. Truck Trailer | M9: 11. Motor cycles | N9: 12. Tractors | O9: Total Excl M/Cycles | P9: Total All | R9: Time | S9: 1. Car | T9: 2. Station Wagon | U9: 3. Pickups | V9: 4. Minibus, matatu | W9: 5. Medium bus | X9: 6. Large Bus | Y9: 7. Light Truck | Z9: 8. Medium Truck | AA9: 9. Heavy truck | AB9: 10. Truck Trailer | AC9: 11. Motorcycles | AD9: 12. Tractors, Graders | AE9: Total Excl M/ Cycles | AF9: Total All
B10: 07.00 - 07.15 | C10: 5 | D10: 0 | E10: 0 | F10: 0 | G10: 0 | H10: 0 | I10: 0 | J10: 0 | K10: 0 | L10: 0 | M10: 20 | N10: 0 | O10: =SUM(C10:L10,N10) -> 5 | P10: =SUM(C10:N10) -> 25 | R10: 0700-0800 | S10: =SUM(C10:C13) -> 12 | T10: =SUM(D10:D13) -> 0 | U10: =SUM(E10:E13) -> 0 | V10: =SUM(F10:F13) -> 1 | W10: =SUM(G10:G13) -> 1 | X10: =SUM(H10:H13) -> 0 | Y10: =SUM(I10:I13) -> 0 | Z10: =SUM(J10:J13) -> 1 | ... AF10: =SUM(P10:P13) -> 103
B11: 07.15 - 07.30 | C11: 3 | D11: 0 | E11: 0 | F11: 0 | G11: 1 | H11: 0 | I11: 0 | J11: 0 | K11: 0 | L11: 0 | M11: 31 | N11: 0 | O11: =SUM(C11:L11,N11) -> 4 | P11: =SUM(C11:N11) -> 35 | R11: 0800-0900 | S11: =SUM(C14:C17) -> 20 | T11: =SUM(D14:D17) -> 0 | U11: =SUM(E14:E17) -> 0 | V11: =SUM(F14:F17) -> 4 | W11: =SUM(G14:G17) -> 1 | X11: =SUM(H14:H17) -> 1 | Y11: =SUM(I14:I17) -> 4 | Z11: =SUM(J14:J17) -> 1 | ... AF11: =SUM(P14:P17) -> 122
B12: 07.30 - 07.45 | C12: 0 | D12: 0 | E12: 0 | F12: 0 | G12: 0 | H12: 0 | I12: 0 | J12: 1 | K12: 0 | L12: 0 | M12: 22 | N12: 0 | O12: =SUM(C12:L12,N12) -> 1 | P12: =SUM(C12:N12) -> 23 | R12: 0900-1000 | S12: =SUM(C18:C21) -> 30 | T12: =SUM(D18:D21) -> 3 | U12: =SUM(E18:E21) -> 5 | V12: =SUM(F18:F21) -> 3 | W12: =SUM(G18:G21) -> 0 | X12: =SUM(H18:H21) -> 0 | Y12: =SUM(I18:I21) -> 4 | Z12: =SUM(J18:J21) -> 3 | ... AF12: =SUM(P18:P21) -> 150
B13: 07.45 - 08.00 | C13: 4 | D13: 0 | E13: 0 | F13: 1 | G13: 0 | H13: 0 | I13: 0 | J13: 0 | K13: 0 | L13: 0 | M13: 15 | N13: 0 | O13: =SUM(C13:L13,N13) -> 5 | P13: =SUM(C13:N13) -> 20 | R13: 1000-1100 | S13: =SUM(C22:C25) -> 35 | T13: =SUM(D22:D25) -> 6 | U13: =SUM(E22:E25) -> 13 | V13: =SUM(F22:F25) -> 1 | W13: =SUM(G22:G25) -> 3 | X13: =SUM(H22:H25) -> 0 | Y13: =SUM(I22:I25) -> 3 | Z13: =SUM(J22:J25) -> 1 | ... AF13: =SUM(P22:P25) -> 223
B14: 08.00 - 08.15 | C14: 4 | D14: 0 | E14: 0 | F14: 2 | G14: 0 | H14: 1 | I14: 1 | J14: 1 | K14: 0 | L14: 0 | M14: 27 | N14: 0 | O14: =SUM(C14:L14,N14) -> 9 | P14: =SUM(C14:N14) -> 36 | R14: 1100-1200 | S14: =SUM(C26:C29) -> 33 | T14: =SUM(D26:D29) -> 2 | U14: =SUM(E26:E29) -> 5 | V14: =SUM(F26:F29) -> 5 | W14: =SUM(G26:G29) -> 2 | X14: =SUM(H26:H29) -> 0 | Y14: =SUM(I26:I29) -> 2 | Z14: =SUM(J26:J29) -> 5 | ... AF14: =SUM(P26:P29) -> 179
B15: 08.15 - 08.30 | C15: 6 | D15: 0 | E15: 0 | F15: 1 | G15: 0 | H15: 0 | I15: 0 | J15: 0 | K15: 0 | L15: 0 | M15: 8 | N15: 0 | O15: =SUM(C15:L15,N15) -> 7 | P15: =SUM(C15:N15) -> 15 | R15: 1200-1300 | S15: =SUM(C30:C33) -> 24 | T15: =SUM(D30:D33) -> 3 | U15: =SUM(E30:E33) -> 7 | V15: =SUM(F30:F33) -> 0 | W15: =SUM(G30:G33) -> 0 | X15: =SUM(H30:H33) -> 0 | Y15: =SUM(I30:I33) -> 4 | Z15: =SUM(J30:J33) -> 1 | ... AF15: =SUM(P30:P33) -> 166
B16: 08.30 - 08.45 | C16: 5 | D16: 0 | E16: 0 | F16: 0 | G16: 0 | H16: 0 | I16: 1 | J16: 0 | K16: 0 | L16: 0 | M16: 27 | N16: 0 | O16: =SUM(C16:L16,N16) -> 6 | P16: =SUM(C16:N16) -> 33 | R16: 1300-1400 | S16: =SUM(C34:C37) -> 28 | T16: =SUM(D34:D37) -> 4 | U16: =SUM(E34:E37) -> 9 | V16: =SUM(F34:F37) -> 3 | W16: =SUM(G34:G37) -> 0 | X16: =SUM(H34:H37) -> 0 | Y16: =SUM(I34:I37) -> 4 | Z16: =SUM(J34:J37) -> 6 | ... AF16: =SUM(P34:P37) -> 202
B17: 08.45 - 9.00 | C17: 5 | D17: 0 | E17: 0 | F17: 1 | G17: 1 | H17: 0 | I17: 2 | J17: 0 | K17: 0 | L17: 1 | M17: 28 | N17: 0 | O17: =SUM(C17:L17,N17) -> 10 | P17: =SUM(C17:N17) -> 38 | R17: 1400-1500 | S17: =SUM(C38:C41) -> 27 | T17: =SUM(D38:D41) -> 2 | U17: =SUM(E38:E41) -> 6 | V17: =SUM(F38:F41) -> 4 | W17: =SUM(G38:G41) -> 0 | X17: =SUM(H38:H41) -> 0 | Y17: =SUM(I38:I41) -> 3 | Z17: =SUM(J38:J41) -> 4 | ... AF17: =SUM(P38:P41) -> 197
B18: 09.00 - 09.15 | C18: 5 | D18: 1 | E18: 2 | F18: 1 | G18: 0 | H18: 0 | I18: 1 | J18: 0 | K18: 0 | L18: 1 | M18: 24 | N18: 0 | O18: =SUM(C18:L18,N18) -> 11 | P18: =SUM(C18:N18) -> 35 | R18: 1500-1600 | S18: =SUM(C42:C45) -> 25 | T18: =SUM(D42:D45) -> 3 | U18: =SUM(E42:E45) -> 5 | V18: =SUM(F42:F45) -> 1 | W18: =SUM(G42:G45) -> 0 | X18: =SUM(H42:H45) -> 1 | Y18: =SUM(I42:I45) -> 2 | Z18: =SUM(J42:J45) -> 1 | ... AF18: =SUM(P42:P45) -> 175
B19: 09.15 - 09.30 | C19: 4 | D19: 0 | E19: 0 | F19: 0 | G19: 0 | H19: 0 | I19: 0 | J19: 1 | K19: 0 | L19: 0 | M19: 11 | N19: 0 | O19: =SUM(C19:L19,N19) -> 5 | P19: =SUM(C19:N19) -> 16 | R19: 1600-1700 | S19: =SUM(C46:C49) -> 27 | T19: =SUM(D46:D49) -> 5 | U19: =SUM(E46:E49) -> 10 | V19: =SUM(F46:F49) -> 5 | W19: =SUM(G46:G49) -> 0 | X19: =SUM(H46:H49) -> 0 | Y19: =SUM(I46:I49) -> 1 | Z19: =SUM(J46:J49) -> 10 | ... AF19: =SUM(P46:P49) -> 136
B20: 09.30 - 09.45 | C20: 11 | D20: 0 | E20: 0 | F20: 1 | G20: 0 | H20: 0 | I20: 1 | J20: 1 | K20: 0 | L20: 0 | M20: 26 | N20: 0 | O20: =SUM(C20:L20,N20) -> 14 | P20: =SUM(C20:N20) -> 40 | R20: 1700-1800 | S20: =SUM(C50:C53) -> 22 | T20: =SUM(D50:D53) -> 2 | U20: =SUM(E50:E53) -> 5 | V20: =SUM(F50:F53) -> 2 | W20: =SUM(G50:G53) -> 0 | X20: =SUM(H50:H53) -> 0 | Y20: =SUM(I50:I53) -> 3 | Z20: =SUM(J50:J53) -> 2 | ... AF20: =SUM(P50:P53) -> 115
B21: 09.45 - 10.00 | C21: 10 | D21: 2 | E21: 3 | F21: 1 | G21: 0 | H21: 0 | I21: 2 | J21: 1 | K21: 0 | L21: 0 | M21: 40 | N21: 0 | O21: =SUM(C21:L21,N21) -> 19 | P21: =SUM(C21:N21) -> 59 | R21: 1800-1900 | S21: =SUM(C54:C57) -> 21 | T21: =SUM(D54:D57) -> 1 | U21: =SUM(E54:E57) -> 3 | V21: =SUM(F54:F57) -> 1 | W21: =SUM(G54:G57) -> 0 | X21: =SUM(H54:H57) -> 0 | Y21: =SUM(I54:I57) -> 11 | Z21: =SUM(J54:J57) -> 3 | ... AF21: =SUM(P54:P57) -> 150
B22: 10.00 - 10.15 | C22: 5 | D22: 1 | E22: 2 | F22: 1 | G22: 1 | H22: 0 | I22: 0 | J22: 1 | K22: 0 | L22: 2 | M22: 46 | N22: 0 | O22: =SUM(C22:L22,N22) -> 13 | P22: =SUM(C22:N22) -> 59 | R22: AM Peak Hr | S22: =MAX(S10:S12) -> 30 | T22: =MAX(T10:T12) -> 3 | U22: =MAX(U10:U12) -> 5 | V22: =MAX(V10:V12) -> 4 | W22: =MAX(W10:W12) -> 1 | X22: =MAX(X10:X12) -> 1 | Y22: =MAX(Y10:Y12) -> 4 | Z22: =MAX(Z10:Z12) -> 3 | ... AF22: =MAX(AF10:AF12) -> 150
B23: 10.15 - 10.30 | C23: 6 | D23: 2 | E23: 4 | F23: 0 | G23: 1 | H23: 0 | I23: 1 | J23: 0 | K23: 0 | L23: 2 | M23: 39 | N23: 0 | O23: =SUM(C23:L23,N23) -> 16 | P23: =SUM(C23:N23) -> 55 | R23: IP Peak Hr | S23: =MAX(S13:S18) -> 35 | T23: =MAX(T13:T18) -> 6 | U23: =MAX(U13:U18) -> 13 | V23: =MAX(V13:V18) -> 5 | W23: =MAX(W13:W18) -> 3 | X23: =MAX(X13:X18) -> 1 | Y23: =MAX(Y13:Y18) -> 4 | Z23: =MAX(Z13:Z18) -> 6 | ... AF23: =MAX(AF13:AF18) -> 223
B24: 10.30 - 10.45 | C24: 5 | D24: 1 | E24: 3 | F24: 0 | G24: 1 | H24: 0 | I24: 2 | J24: 0 | K24: 0 | L24: 2 | M24: 20 | N24: 0 | O24: =SUM(C24:L24,N24) -> 14 | P24: =SUM(C24:N24) -> 34 | R24: PM Peak Hr | S24: =MAX(S19:S21) -> 27 | T24: =MAX(T19:T21) -> 5 | U24: =MAX(U19:U21) -> 10 | V24: =MAX(V19:V21) -> 5 | W24: =MAX(W19:W21) -> 0 | X24: =MAX(X19:X21) -> 0 | Y24: =MAX(Y19:Y21) -> 11 | Z24: =MAX(Z19:Z21) -> 10 | ... AF24: =MAX(AF19:AF21) -> 150
B25: 10.45 - 11.00 | C25: 19 | D25: 2 | E25: 4 | F25: 0 | G25: 0 | H25: 0 | I25: 0 | J25: 0 | K25: 0 | L25: 1 | M25: 49 | N25: 0 | O25: =SUM(C25:L25,N25) -> 26 | P25: =SUM(C25:N25) -> 75 | R25: AM Period | S25: =SUM(S10:S12) -> 62 | T25: =SUM(T10:T12) -> 3 | U25: =SUM(U10:U12) -> 5 | V25: =SUM(V10:V12) -> 8 | W25: =SUM(W10:W12) -> 2 | X25: =SUM(X10:X12) -> 1 | Y25: =SUM(Y10:Y12) -> 8 | Z25: =SUM(Z10:Z12) -> 5 | ... AF25: =SUM(AF10:AF12) -> 375
B26: 11.00 - 11.15 | C26: 11 | D26: 1 | E26: 3 | F26: 3 | G26: 0 | H26: 0 | I26: 0 | J26: 1 | K26: 0 | L26: 0 | M26: 38 | N26: 0 | O26: =SUM(C26:L26,N26) -> 19 | P26: =SUM(C26:N26) -> 57 | R26: IP Period | S26: =SUM(S13:S18) -> 172 | T26: =SUM(T13:T18) -> 20 | U26: =SUM(U13:U18) -> 45 | V26: =SUM(V13:V18) -> 14 | W26: =SUM(W13:W18) -> 5 | X26: =SUM(X13:X18) -> 1 | Y26: =SUM(Y13:Y18) -> 18 | Z26: =SUM(Z13:Z18) -> 18 | ... AF26: =SUM(AF13:AF18) -> 1142
B27: 11.15 - 11.30 | C27: 9 | D27: 1 | E27: 2 | F27: 1 | G27: 2 | H27: 0 | I27: 0 | J27: 0 | K27: 0 | L27: 3 | M27: 24 | N27: 0 | O27: =SUM(C27:L27,N27) -> 18 | P27: =SUM(C27:N27) -> 42 | R27: PM Period | S27: =SUM(S19:S21) -> 70 | T27: =SUM(T19:T21) -> 8 | U27: =SUM(U19:U21) -> 18 | V27: =SUM(V19:V21) -> 8 | W27: =SUM(W19:W21) -> 0 | X27: =SUM(X19:X21) -> 0 | Y27: =SUM(Y19:Y21) -> 15 | Z27: =SUM(Z19:Z21) -> 15 | ... AF27: =SUM(AF19:AF21) -> 401
B28: 11.30 - 11.45 | C28: 6 | D28: 0 | E28: 0 | F28: 0 | G28: 0 | H28: 0 | I28: 2 | J28: 2 | K28: 0 | L28: 2 | M28: 32 | N28: 0 | O28: =SUM(C28:L28,N28) -> 12 | P28: =SUM(C28:N28) -> 44 | R28: 12 Hours | S28: =SUM(S10:S21) -> 304 | T28: =SUM(T10:T21) -> 31 | U28: =SUM(U10:U21) -> 68 | V28: =SUM(V10:V21) -> 30 | W28: =SUM(W10:W21) -> 7 | X28: =SUM(X10:X21) -> 2 | Y28: =SUM(Y10:Y21) -> 41 | Z28: =SUM(Z10:Z21) -> 38 | ... AF28: =SUM(AF10:AF21) -> 1918
B29: 11.45 - 12.00 | C29: 7 | D29: 0 | E29: 0 | F29: 1 | G29: 0 | H29: 0 | I29: 0 | J29: 2 | K29: 0 | L29: 1 | M29: 25 | N29: 0 | O29: =SUM(C29:L29,N29) -> 11 | P29: =SUM(C29:N29) -> 36
B30: 12.00 - 12.15 | C30: 4 | D30: 1 | E30: 2 | F30: 0 | G30: 0 | H30: 0 | I30: 1 | J30: 0 | K30: 0 | L30: 0 | M30: 30 | N30: 0 | O30: =SUM(C30:L30,N30) -> 8 | P30: =SUM(C30:N30) -> 38
B31: 12.15 - 12.30 | C31: 5 | D31: 1 | E31: 2 | F31: 0 | G31: 0 | H31: 0 | I31: 0 | J31: 0 | K31: 0 | L31: 0 | M31: 30 | N31: 0 | O31: =SUM(C31:L31,N31) -> 8 | P31: =SUM(C31:N31) -> 38
B32: 12.30 - 12.45 | C32: 6 | D32: 0 | E32: 0 | F32: 0 | G32: 0 | H32: 0 | I32: 1 | J32: 1 | K32: 0 | L32: 0 | M32: 34 | N32: 0 | O32: =SUM(C32:L32,N32) -> 8 | P32: =SUM(C32:N32) -> 42
B33: 12.45 - 13.00 | C33: 9 | D33: 1 | E33: 3 | F33: 0 | G33: 0 | H33: 0 | I33: 2 | J33: 0 | K33: 0 | L33: 0 | M33: 33 | N33: 0 | O33: =SUM(C33:L33,N33) -> 15 | P33: =SUM(C33:N33) -> 48
B34: 13.00 - 13.15 | C34: 8 | D34: 1 | E34: 3 | F34: 0 | G34: 0 | H34: 0 | I34: 1 | J34: 3 | K34: 0 | L34: 1 | M34: 52 | N34: 0 | O34: =SUM(C34:L34,N34) -> 17 | P34: =SUM(C34:N34) -> 69
B35: 13.15 - 13.30 | C35: 7 | D35: 2 | E35: 3 | F35: 2 | G35: 0 | H35: 0 | I35: 0 | J35: 2 | K35: 0 | L35: 1 | M35: 39 | N35: 0 | O35: =SUM(C35:L35,N35) -> 17 | P35: =SUM(C35:N35) -> 56
B36: 13.30 - 13.45 | C36: 5 | D36: 1 | E36: 3 | F36: 1 | G36: 0 | H36: 0 | I36: 1 | J36: 1 | K36: 0 | L36: 0 | M36: 31 | N36: 0 | O36: =SUM(C36:L36,N36) -> 12 | P36: =SUM(C36:N36) -> 43
B37: 13.45 - 14.00 | C37: 8 | D37: 0 | E37: 0 | F37: 0 | G37: 0 | H37: 0 | I37: 2 | J37: 0 | K37: 0 | L37: 0 | M37: 24 | N37: 0 | O37: =SUM(C37:L37,N37) -> 10 | P37: =SUM(C37:N37) -> 34
B38: 14.00 - 14.15 | C38: 6 | D38: 1 | E38: 3 | F38: 0 | G38: 0 | H38: 0 | I38: 0 | J38: 0 | K38: 0 | L38: 0 | M38: 33 | N38: 0 | O38: =SUM(C38:L38,N38) -> 10 | P38: =SUM(C38:N38) -> 43
B39: 14.15 - 14.30 | C39: 8 | D39: 0 | E39: 0 | F39: 2 | G39: 0 | H39: 0 | I39: 2 | J39: 2 | K39: 0 | L39: 1 | M39: 50 | N39: 0 | O39: =SUM(C39:L39,N39) -> 15 | P39: =SUM(C39:N39) -> 65
B40: 14.30 - 14.45 | C40: 5 | D40: 0 | E40: 0 | F40: 0 | G40: 0 | H40: 0 | I40: 1 | J40: 1 | K40: 0 | L40: 0 | M40: 29 | N40: 0 | O40: =SUM(C40:L40,N40) -> 7 | P40: =SUM(C40:N40) -> 36
... B57: 18.45 - 19.00 | C57: 10 | D57: 0 | E57: 0 | F57: 0 | G57: 0 | H57: 0 | I57: 3 | J57: 2 | K57: 0 | L57: 0 | M57: 35 | N57: 0 | O57: =SUM(C57:L57,N57) -> 15 | P57: =SUM(C57:N57) -> 50
B58: Totals | C58: =SUM(C10:C57) -> 304 | D58: =SUM(D10:D57) -> 31 | E58: =SUM(E10:E57) -> 68 | F58: =SUM(F10:F57) -> 30 | G58: =SUM(G10:G57) -> 7 | H58: =SUM(H10:H57) -> 2 | I58: =SUM(I10:I57) -> 41 | J58: =SUM(J10:J57) -> 38 | ... P58: =SUM(P10:P57) -> 1918
B59: %ges + MCs | C59: =C58/$P$58 -> 0.15849844 | D59: =D58/$P$58 -> 0.016162669 | E59: =E58/$P$58 -> 0.035453597 | F59: =F58/$P$58 -> 0.015641293 | G59: =G58/$P$58 -> 0.003649635 | H59: =H58/$P$58 -> 0.0010427529 | I59: =I58/$P$58 -> 0.021376434 | J59: =J58/$P$58 -> 0.019812304 | ... N59: =N58/$P$58 -> 0
B60: %ges w/o MCs | C60: =C58/$O$58 -> 0.55575868 | D60: =D58/$O$58 -> 0.056672761 | E60: =E58/$O$58 -> 0.12431444 | F60: =F58/$O$58 -> 0.054844607 | G60: =G58/$O$58 -> 0.012797075 | H60: =H58/$O$58 -> 0.0036563071 | I60: =I58/$O$58 -> 0.074954296 | J60: =J58/$O$58 -> 0.069469835 | ... L60: =L58/$O$58 -> 0.038391225 | N60: =N58/$O$58 -> 0

Sheet 05.08 Koboko-Arua
B1: Consultancy services for Preparation of Expressway Development Master Plan (EDMP) for Uganda
B2: MANUAL CLASSIFIED COUNT (MCC)
B3: ROAD NAME: | C3: ='31.07 Koboko-Arua'!C3:G3 -> MCC - C5 - STN127 - KOBOKO-ARUA ROAD
C5: Date | D5: 05.08.19 | F5: Location | G5: ='04.08 Arua-Koboko'!G5:H5 -> xxx | J5: Surveyor | K5: ='04.08 Arua-Koboko'!K5:L5 -> xxx
C6: Dir. From | D6: ='31.07 Koboko-Arua'!D6:E6 -> Koboko | F6: Dir. To | G6: ='31.07 Koboko-Arua'!G6:H6 -> Arua | J6: Supervisor | K6: ='04.08 Arua-Koboko'!K6:L6 -> xxx
B8: Time / Veh Type | R8: SUMMARY TRAFFIC VOLUMES
C9: 1. Car | D9: 2. Station Wagon | E9: 3. Pickups | F9: 4. Minibus, matatu | G9: 5. Medium bus | H9: 6. Large Bus | I9: 7. Light Truck | J9: 8. Medium Truck | K9: 9. Heavy truck | L9: 10. Truck Trailer | M9: 11. Motor cycles | N9: 12. Tractors | O9: Total Excl M/Cycles | P9: Total All | R9: Time | S9: 1. Car | T9: 2. Station Wagon | U9: 3. Pickups | V9: 4. Minibus, matatu | W9: 5. Medium bus | X9: 6. Large Bus | Y9: 7. Light Truck | Z9: 8. Medium Truck | AA9: 9. Heavy truck | AB9: 10. Truck Trailer | AC9: 11. Motorcycles | AD9: 12. Tractors, Graders | AE9: Total Excl M/ Cycles | AF9: Total All
B10: 07.00 - 07.15 | C10: 8 | D10: 6 | E10: 7 | F10: 2 | G10: 3 | H10: 0 | I10: 0 | J10: 2 | K10: 1 | L10: 0 | M10: 45 | N10: 1 | O10: =SUM(C10:L10,N10) -> 30 | P10: =SUM(C10:N10) -> 75 | R10: 0700-0800 | S10: =SUM(C10:C13) -> 22 | T10: =SUM(D10:D13) -> 28 | U10: =SUM(E10:E13) -> 32 | V10: =SUM(F10:F13) -> 26 | W10: =SUM(G10:G13) -> 27 | X10: =SUM(H10:H13) -> 1 | Y10: =SUM(I10:I13) -> 1 | Z10: =SUM(J10:J13) -> 5 | ... AF10: =SUM(P10:P13) -> 312
B11: 07.15 - 07.30 | C11: 0 | D11: 13 | E11: 14 | F11: 4 | G11: 15 | H11: 0 | I11: 0 | J11: 0 | K11: 0 | L11: 0 | M11: 33 | N11: 0 | O11: =SUM(C11:L11,N11) -> 46 | P11: =SUM(C11:N11) -> 79 | R11: 0800-0900 | S11: =SUM(C14:C17) -> 19 | T11: =SUM(D14:D17) -> 13 | U11: =SUM(E14:E17) -> 16 | V11: =SUM(F14:F17) -> 31 | W11: =SUM(G14:G17) -> 1 | X11: =SUM(H14:H17) -> 0 | Y11: =SUM(I14:I17) -> 2 | Z11: =SUM(J14:J17) -> 2 | ... AF11: =SUM(P14:P17) -> 255
B12: 07.30 - 07.45 | C12: 14 | D12: 6 | E12: 7 | F12: 8 | G12: 6 | H12: 1 | I12: 1 | J12: 3 | K12: 0 | L12: 2 | M12: 43 | N12: 0 | O12: =SUM(C12:L12,N12) -> 48 | P12: =SUM(C12:N12) -> 91 | R12: 0900-1000 | S12: =SUM(C18:C21) -> 80 | T12: =SUM(D18:D21) -> 6 | U12: =SUM(E18:E21) -> 7 | V12: =SUM(F18:F21) -> 29 | W12: =SUM(G18:G21) -> 0 | X12: =SUM(H18:H21) -> 0 | Y12: =SUM(I18:I21) -> 4 | Z12: =SUM(J18:J21) -> 5 | ... AF12: =SUM(P18:P21) -> 281
B13: 07.45 - 08.00 | C13: 0 | D13: 3 | E13: 4 | F13: 12 | G13: 3 | H13: 0 | I13: 0 | J13: 0 | K13: 0 | L13: 0 | M13: 45 | N13: 0 | O13: =SUM(C13:L13,N13) -> 22 | P13: =SUM(C13:N13) -> 67 | R13: 1000-1100 | S13: =SUM(C22:C25) -> 26 | T13: =SUM(D22:D25) -> 7 | U13: =SUM(E22:E25) -> 10 | V13: =SUM(F22:F25) -> 6 | W13: =SUM(G22:G25) -> 0 | X13: =SUM(H22:H25) -> 0 | Y13: =SUM(I22:I25) -> 7 | Z13: =SUM(J22:J25) -> 2 | ... AF13: =SUM(P22:P25) -> 150
B14: 08.00 - 08.15 | C14: 0 | D14: 9 | E14: 10 | F14: 8 | G14: 1 | H14: 0 | I14: 0 | J14: 2 | K14: 0 | L14: 0 | M14: 45 | N14: 0 | O14: =SUM(C14:L14,N14) -> 30 | P14: =SUM(C14:N14) -> 75 | R14: 1100-1200 | S14: =SUM(C26:C29) -> 32 | T14: =SUM(D26:D29) -> 5 | U14: =SUM(E26:E29) -> 6 | V14: =SUM(F26:F29) -> 0 | W14: =SUM(G26:G29) -> 0 | X14: =SUM(H26:H29) -> 0 | Y14: =SUM(I26:I29) -> 4 | Z14: =SUM(J26:J29) -> 1 | ... AF14: =SUM(P26:P29) -> 116
B15: 08.15 - 08.30 | C15: 0 | D15: 1 | E15: 2 | F15: 7 | G15: 0 | H15: 0 | I15: 0 | J15: 0 | K15: 0 | L15: 0 | M15: 44 | N15: 0 | O15: =SUM(C15:L15,N15) -> 10 | P15: =SUM(C15:N15) -> 54 | R15: 1200-1300 | S15: =SUM(C30:C33) -> 33 | T15: =SUM(D30:D33) -> 7 | U15: =SUM(E30:E33) -> 9 | V15: =SUM(F30:F33) -> 4 | W15: =SUM(G30:G33) -> 0 | X15: =SUM(H30:H33) -> 0 | Y15: =SUM(I30:I33) -> 7 | Z15: =SUM(J30:J33) -> 1 | ... AF15: =SUM(P30:P33) -> 220
B16: 08.30 - 08.45 | C16: 6 | D16: 2 | E16: 2 | F16: 0 | G16: 0 | H16: 0 | I16: 0 | J16: 0 | K16: 0 | L16: 0 | M16: 42 | N16: 0 | O16: =SUM(C16:L16,N16) -> 10 | P16: =SUM(C16:N16) -> 52 | R16: 1300-1400 | S16: =SUM(C34:C37) -> 37 | T16: =SUM(D34:D37) -> 9 | U16: =SUM(E34:E37) -> 9 | V16: =SUM(F34:F37) -> 15 | W16: =SUM(G34:G37) -> 0 | X16: =SUM(H34:H37) -> 0 | Y16: =SUM(I34:I37) -> 11 | Z16: =SUM(J34:J37) -> 0 | ... AF16: =SUM(P34:P37) -> 253
B17: 08.45 - 9.00 | C17: 13 | D17: 1 | E17: 2 | F17: 16 | G17: 0 | H17: 0 | I17: 2 | J17: 0 | K17: 0 | L17: 2 | M17: 38 | N17: 0 | O17: =SUM(C17:L17,N17) -> 36 | P17: =SUM(C17:N17) -> 74 | R17: 1400-1500 | S17: =SUM(C38:C41) -> 33 | T17: =SUM(D38:D41) -> 7 | U17: =SUM(E38:E41) -> 8 | V17: =SUM(F38:F41) -> 8 | W17: =SUM(G38:G41) -> 1 | X17: =SUM(H38:H41) -> 1 | Y17: =SUM(I38:I41) -> 5 | Z17: =SUM(J38:J41) -> 0 | ... AF17: =SUM(P38:P41) -> 241
B18: 09.00 - 09.15 | C18: 23 | D18: 0 | E18: 0 | F18: 7 | G18: 0 | H18: 0 | I18: 2 | J18: 0 | K18: 1 | L18: 0 | M18: 33 | N18: 0 | O18: =SUM(C18:L18,N18) -> 33 | P18: =SUM(C18:N18) -> 66 | R18: 1500-1600 | S18: =SUM(C42:C45) -> 34 | T18: =SUM(D42:D45) -> 11 | U18: =SUM(E42:E45) -> 14 | V18: =SUM(F42:F45) -> 6 | W18: =SUM(G42:G45) -> 0 | X18: =SUM(H42:H45) -> 1 | Y18: =SUM(I42:I45) -> 7 | Z18: =SUM(J42:J45) -> 1 | ... AF18: =SUM(P42:P45) -> 272
B19: 09.15 - 09.30 | C19: 30 | D19: 4 | E19: 4 | F19: 13 | G19: 0 | H19: 0 | I19: 0 | J19: 3 | K19: 0 | L19: 2 | M19: 35 | N19: 0 | O19: =SUM(C19:L19,N19) -> 56 | P19: =SUM(C19:N19) -> 91 | R19: 1600-1700 | S19: =SUM(C46:C49) -> 28 | T19: =SUM(D46:D49) -> 8 | U19: =SUM(E46:E49) -> 15 | V19: =SUM(F46:F49) -> 6 | W19: =SUM(G46:G49) -> 1 | X19: =SUM(H46:H49) -> 0 | Y19: =SUM(I46:I49) -> 2 | Z19: =SUM(J46:J49) -> 0 | ... AF19: =SUM(P46:P49) -> 239
B20: 09.30 - 09.45 | C20: 8 | D20: 2 | E20: 3 | F20: 6 | G20: 0 | H20: 0 | I20: 2 | J20: 2 | K20: 0 | L20: 0 | M20: 49 | N20: 0 | O20: =SUM(C20:L20,N20) -> 23 | P20: =SUM(C20:N20) -> 72 | R20: 1700-1800 | S20: =SUM(C50:C53) -> 17 | T20: =SUM(D50:D53) -> 12 | U20: =SUM(E50:E53) -> 12 | V20: =SUM(F50:F53) -> 5 | W20: =SUM(G50:G53) -> 7 | X20: =SUM(H50:H53) -> 0 | Y20: =SUM(I50:I53) -> 6 | Z20: =SUM(J50:J53) -> 3 | ... AF20: =SUM(P50:P53) -> 288
B21: 09.45 - 10.00 | C21: 19 | D21: 0 | E21: 0 | F21: 3 | G21: 0 | H21: 0 | I21: 0 | J21: 0 | K21: 0 | L21: 1 | M21: 29 | N21: 0 | O21: =SUM(C21:L21,N21) -> 23 | P21: =SUM(C21:N21) -> 52 | R21: 1800-1900 | S21: =SUM(C54:C57) -> 13 | T21: =SUM(D54:D57) -> 7 | U21: =SUM(E54:E57) -> 8 | V21: =SUM(F54:F57) -> 8 | W21: =SUM(G54:G57) -> 4 | X21: =SUM(H54:H57) -> 2 | Y21: =SUM(I54:I57) -> 3 | Z21: =SUM(J54:J57) -> 0 | ... AF21: =SUM(P54:P57) -> 215
B22: 10.00 - 10.15 | C22: 9 | D22: 1 | E22: 2 | F22: 1 | G22: 0 | H22: 0 | I22: 0 | J22: 2 | K22: 0 | L22: 0 | M22: 43 | N22: 0 | O22: =SUM(C22:L22,N22) -> 15 | P22: =SUM(C22:N22) -> 58 | R22: AM Peak Hr | S22: =MAX(S10:S12) -> 80 | T22: =MAX(T10:T12) -> 28 | U22: =MAX(U10:U12) -> 32 | V22: =MAX(V10:V12) -> 31 | W22: =MAX(W10:W12) -> 27 | X22: =MAX(X10:X12) -> 1 | Y22: =MAX(Y10:Y12) -> 4 | Z22: =MAX(Z10:Z12) -> 5 | ... AF22: =MAX(AF10:AF12) -> 312
B23: 10.15 - 10.30 | C23: 6 | D23: 4 | E23: 4 | F23: 3 | G23: 0 | H23: 0 | I23: 1 | J23: 0 | K23: 0 | L23: 0 | M23: 37 | N23: 0 | O23: =SUM(C23:L23,N23) -> 18 | P23: =SUM(C23:N23) -> 55 | R23: IP Peak Hr | S23: =MAX(S13:S18) -> 37 | T23: =MAX(T13:T18) -> 11 | U23: =MAX(U13:U18) -> 14 | V23: =MAX(V13:V18) -> 15 | W23: =MAX(W13:W18) -> 1 | X23: =MAX(X13:X18) -> 1 | Y23: =MAX(Y13:Y18) -> 11 | Z23: =MAX(Z13:Z18) -> 2 | ... AF23: =MAX(AF13:AF18) -> 272
B24: 10.30 - 10.45 | C24: 5 | D24: 1 | E24: 2 | F24: 0 | G24: 0 | H24: 0 | I24: 3 | J24: 0 | K24: 0 | L24: 0 | M24: 12 | N24: 0 | O24: =SUM(C24:L24,N24) -> 11 | P24: =SUM(C24:N24) -> 23 | R24: PM Peak Hr | S24: =MAX(S19:S21) -> 28 | T24: =MAX(T19:T21) -> 12 | U24: =MAX(U19:U21) -> 15 | V24: =MAX(V19:V21) -> 8 | W24: =MAX(W19:W21) -> 7 | X24: =MAX(X19:X21) -> 2 | Y24: =MAX(Y19:Y21) -> 6 | Z24: =MAX(Z19:Z21) -> 3 | ... AF24: =MAX(AF19:AF21) -> 288
B25: 10.45 - 11.00 | C25: 6 | D25: 1 | E25: 2 | F25: 2 | G25: 0 | H25: 0 | I25: 3 | J25: 0 | K25: 0 | L25: 0 | M25: 0 | N25: 0 | O25: =SUM(C25:L25,N25) -> 14 | P25: =SUM(C25:N25) -> 14 | R25: AM Period | S25: =SUM(S10:S12) -> 121 | T25: =SUM(T10:T12) -> 47 | U25: =SUM(U10:U12) -> 55 | V25: =SUM(V10:V12) -> 86 | W25: =SUM(W10:W12) -> 28 | X25: =SUM(X10:X12) -> 1 | Y25: =SUM(Y10:Y12) -> 7 | Z25: =SUM(Z10:Z12) -> 12 | ... AF25: =SUM(AF10:AF12) -> 848
B26: 11.00 - 11.15 | C26: 9 | D26: 2 | E26: 2 | F26: 0 | G26: 0 | H26: 0 | I26: 0 | J26: 0 | K26: 0 | L26: 0 | M26: 4 | N26: 0 | O26: =SUM(C26:L26,N26) -> 13 | P26: =SUM(C26:N26) -> 17 | R26: IP Period | S26: =SUM(S13:S18) -> 195 | T26: =SUM(T13:T18) -> 46 | U26: =SUM(U13:U18) -> 56 | V26: =SUM(V13:V18) -> 39 | W26: =SUM(W13:W18) -> 1 | X26: =SUM(X13:X18) -> 2 | Y26: =SUM(Y13:Y18) -> 41 | Z26: =SUM(Z13:Z18) -> 5 | ... AF26: =SUM(AF13:AF18) -> 1252
B27: 11.15 - 11.30 | C27: 5 | D27: 1 | E27: 2 | F27: 0 | G27: 0 | H27: 0 | I27: 1 | J27: 1 | K27: 0 | L27: 0 | M27: 0 | N27: 0 | O27: =SUM(C27:L27,N27) -> 10 | P27: =SUM(C27:N27) -> 10 | R27: PM Period | S27: =SUM(S19:S21) -> 58 | T27: =SUM(T19:T21) -> 27 | U27: =SUM(U19:U21) -> 35 | V27: =SUM(V19:V21) -> 19 | W27: =SUM(W19:W21) -> 12 | X27: =SUM(X19:X21) -> 2 | Y27: =SUM(Y19:Y21) -> 11 | Z27: =SUM(Z19:Z21) -> 3 | ... AF27: =SUM(AF19:AF21) -> 742
B28: 11.30 - 11.45 | C28: 16 | D28: 2 | E28: 2 | F28: 0 | G28: 0 | H28: 0 | I28: 3 | J28: 0 | K28: 0 | L28: 0 | M28: 39 | N28: 0 | O28: =SUM(C28:L28,N28) -> 23 | P28: =SUM(C28:N28) -> 62 | R28: 12 Hours | S28: =SUM(S10:S21) -> 374 | T28: =SUM(T10:T21) -> 120 | U28: =SUM(U10:U21) -> 146 | V28: =SUM(V10:V21) -> 144 | W28: =SUM(W10:W21) -> 41 | X28: =SUM(X10:X21) -> 5 | Y28: =SUM(Y10:Y21) -> 59 | Z28: =SUM(Z10:Z21) -> 20 | ... AF28: =SUM(AF10:AF21) -> 2842
B29: 11.45 - 12.00 | C29: 2 | D29: 0 | E29: 0 | F29: 0 | G29: 0 | H29: 0 | I29: 0 | J29: 0 | K29: 0 | L29: 0 | M29: 25 | N29: 0 | O29: =SUM(C29:L29,N29) -> 2 | P29: =SUM(C29:N29) -> 27
B30: 12.00 - 12.15 | C30: 5 | D30: 1 | E30: 1 | F30: 2 | G30: 0 | H30: 0 | I30: 2 | J30: 0 | K30: 0 | L30: 0 | M30: 37 | N30: 0 | O30: =SUM(C30:L30,N30) -> 11 | P30: =SUM(C30:N30) -> 48
B31: 12.15 - 12.30 | C31: 10 | D31: 4 | E31: 5 | F31: 0 | G31: 0 | H31: 0 | I31: 4 | J31: 0 | K31: 0 | L31: 0 | M31: 60 | N31: 0 | O31: =SUM(C31:L31,N31) -> 23 | P31: =SUM(C31:N31) -> 83
B32: 12.30 - 12.45 | C32: 10 | D32: 2 | E32: 3 | F32: 2 | G32: 0 | H32: 0 | I32: 1 | J32: 0 | K32: 0 | L32: 0 | M32: 32 | N32: 0 | O32: =SUM(C32:L32,N32) -> 18 | P32: =SUM(C32:N32) -> 50
B33: 12.45 - 13.00 | C33: 8 | D33: 0 | E33: 0 | F33: 0 | G33: 0 | H33: 0 | I33: 0 | J33: 1 | K33: 0 | L33: 0 | M33: 30 | N33: 0 | O33: =SUM(C33:L33,N33) -> 9 | P33: =SUM(C33:N33) -> 39
B34: 13.00 - 13.15 | C34: 3 | D34: 1 | E34: 1 | F34: 4 | G34: 0 | H34: 0 | I34: 3 | J34: 0 | K34: 0 | L34: 0 | M34: 51 | N34: 0 | O34: =SUM(C34:L34,N34) -> 12 | P34: =SUM(C34:N34) -> 63
B35: 13.15 - 13.30 | C35: 15 | D35: 4 | E35: 4 | F35: 5 | G35: 0 | H35: 0 | I35: 0 | J35: 0 | K35: 1 | L35: 0 | M35: 45 | N35: 0 | O35: =SUM(C35:L35,N35) -> 29 | P35: =SUM(C35:N35) -> 74
B36: 13.30 - 13.45 | C36: 9 | D36: 2 | E36: 2 | F36: 3 | G36: 0 | H36: 0 | I36: 5 | J36: 0 | K36: 0 | L36: 0 | M36: 40 | N36: 0 | O36: =SUM(C36:L36,N36) -> 21 | P36: =SUM(C36:N36) -> 61
B37: 13.45 - 14.00 | C37: 10 | D37: 2 | E37: 2 | F37: 3 | G37: 0 | H37: 0 | I37: 3 | J37: 0 | K37: 0 | L37: 0 | M37: 35 | N37: 0 | O37: =SUM(C37:L37,N37) -> 20 | P37: =SUM(C37:N37) -> 55
B38: 14.00 - 14.15 | C38: 5 | D38: 0 | E38: 0 | F38: 6 | G38: 0 | H38: 1 | I38: 0 | J38: 0 | K38: 0 | L38: 0 | M38: 30 | N38: 0 | O38: =SUM(C38:L38,N38) -> 12 | P38: =SUM(C38:N38) -> 42
B39: 14.15 - 14.30 | C39: 12 | D39: 2 | E39: 2 | F39: 1 | G39: 0 | H39: 0 | I39: 2 | J39: 0 | K39: 0 | L39: 0 | M39: 60 | N39: 0 | O39: =SUM(C39:L39,N39) -> 19 | P39: =SUM(C39:N39) -> 79
B40: 14.30 - 14.45 | C40: 6 | D40: 3 | E40: 3 | F40: 1 | G40: 0 | H40: 0 | I40: 2 | J40: 0 | K40: 0 | L40: 0 | M40: 50 | N40: 0 | O40: =SUM(C40:L40,N40) -> 15 | P40: =SUM(C40:N40) -> 65
... B57: 18.45 - 19.00 | C57: 4 | D57: 4 | E57: 4 | F57: 2 | G57: 2 | H57: 0 | I57: 0 | J57: 0 | K57: 0 | L57: 0 | M57: 28 | N57: 0 | O57: =SUM(C57:L57,N57) -> 16 | P57: =SUM(C57:N57) -> 44
B58: Totals | C58: =SUM(C10:C57) -> 374 | D58: =SUM(D10:D57) -> 120 | E58: =SUM(E10:E57) -> 146 | F58: =SUM(F10:F57) -> 144 | G58: =SUM(G10:G57) -> 41 | H58: =SUM(H10:H57) -> 5 | I58: =SUM(I10:I57) -> 59 | J58: =SUM(J10:J57) -> 20 | ... P58: =SUM(P10:P57) -> 2842
B59: %ges + MCs | C59: =C58/$P$58 -> 0.13159747 | D59: =D58/$P$58 -> 0.042223786 | E59: =E58/$P$58 -> 0.051372273 | F59: =F58/$P$58 -> 0.050668543 | G59: =G58/$P$58 -> 0.01442646 | H59: =H58/$P$58 -> 0.0017593244 | I59: =I58/$P$58 -> 0.020760028 | J59: =J58/$P$58 -> 0.0070372977 | ... N59: =N58/$P$58 -> 0.00070372977
B60: %ges w/o MCs | C60: =C58/$O$58 -> 0.40608035 | D60: =D58/$O$58 -> 0.13029316 | E60: =E58/$O$58 -> 0.15852334 | F60: =F58/$O$58 -> 0.15635179 | G60: =G58/$O$58 -> 0.04451683 | H60: =H58/$O$58 -> 0.0054288817 | I60: =I58/$O$58 -> 0.064060803 | J60: =J58/$O$58 -> 0.021715527 | ... L60: =L58/$O$58 -> 0.0076004343 | N60: =N58/$O$58 -> 0.0021715527

Sheet 05.08 Arua-Koboko
B1: Consultancy services for Preparation of Expressway Development Master Plan (EDMP) for Uganda
B2: MANUAL CLASSIFIED COUNT (MCC)
B3: ROAD NAME: | C3: ='31.07 Arua-Koboko'!C3:G3 -> MCC - C5 - STN127 - KOBOKO-ARUA ROAD
C5: Date | D5: ='05.08 Koboko-Arua'!D5 -> 05.08.19 | F5: Location | G5: ='05.08 Koboko-Arua'!G5:H5 -> xxx | J5: Surveyor | K5: ='05.08 Koboko-Arua'!K5:L5 -> xxx
C6: Dir. From | D6: ='31.07 Arua-Koboko'!D6:E6 -> Arua | F6: Dir. To | G6: ='31.07 Arua-Koboko'!G6:H6 -> Koboko | J6: Supervisor | K6: ='05.08 Koboko-Arua'!K6:L6 -> xxx
B8: Time / Veh Type | R8: SUMMARY TRAFFIC VOLUMES
C9: 1. Car | D9: 2. Station Wagon | E9: 3. Pickups | F9: 4. Minibus, matatu | G9: 5. Medium bus | H9: 6. Large Bus | I9: 7. Light Truck | J9: 8. Medium Truck | K9: 9. Heavy truck | L9: 10. Truck Trailer | M9: 11. Motor cycles | N9: 12. Tractors | O9: Total Excl M/Cycles | P9: Total All | R9: Time | S9: 1. Car | T9: 2. Station Wagon | U9: 3. Pickups | V9: 4. Minibus, matatu | W9: 5. Medium bus | X9: 6. Large Bus | Y9: 7. Light Truck | Z9: 8. Medium Truck | AA9: 9. Heavy truck | AB9: 10. Truck Trailer | AC9: 11. Motorcycles | AD9: 12. Tractors, Graders | AE9: Total Excl M/ Cycles | AF9: Total All
B10: 07.00 - 07.15 | C10: 5 | D10: 1 | E10: 5 | F10: 0 | G10: 0 | H10: 0 | I10: 0 | J10: 0 | K10: 0 | L10: 0 | M10: 45 | N10: 0 | O10: =SUM(C10:L10,N10) -> 11 | P10: =SUM(C10:N10) -> 56 | R10: 0700-0800 | S10: =SUM(C10:C13) -> 22 | T10: =SUM(D10:D13) -> 8 | U10: =SUM(E10:E13) -> 24 | V10: =SUM(F10:F13) -> 4 | W10: =SUM(G10:G13) -> 0 | X10: =SUM(H10:H13) -> 2 | Y10: =SUM(I10:I13) -> 3 | Z10: =SUM(J10:J13) -> 0 | ... AF10: =SUM(P10:P13) -> 200
B11: 07.15 - 07.30 | C11: 3 | D11: 2 | E11: 6 | F11: 2 | G11: 0 | H11: 0 | I11: 1 | J11: 0 | K11: 0 | L11: 2 | M11: 16 | N11: 0 | O11: =SUM(C11:L11,N11) -> 16 | P11: =SUM(C11:N11) -> 32 | R11: 0800-0900 | S11: =SUM(C14:C17) -> 23 | T11: =SUM(D14:D17) -> 4 | U11: =SUM(E14:E17) -> 13 | V11: =SUM(F14:F17) -> 9 | W11: =SUM(G14:G17) -> 0 | X11: =SUM(H14:H17) -> 1 | Y11: =SUM(I14:I17) -> 6 | Z11: =SUM(J14:J17) -> 5 | ... AF11: =SUM(P14:P17) -> 196
B12: 07.30 - 07.45 | C12: 7 | D12: 3 | E12: 8 | F12: 2 | G12: 0 | H12: 1 | I12: 1 | J12: 0 | K12: 0 | L12: 1 | M12: 38 | N12: 0 | O12: =SUM(C12:L12,N12) -> 23 | P12: =SUM(C12:N12) -> 61 | R12: 0900-1000 | S12: =SUM(C18:C21) -> 20 | T12: =SUM(D18:D21) -> 7 | U12: =SUM(E18:E21) -> 21 | V12: =SUM(F18:F21) -> 5 | W12: =SUM(G18:G21) -> 0 | X12: =SUM(H18:H21) -> 0 | Y12: =SUM(I18:I21) -> 4 | Z12: =SUM(J18:J21) -> 2 | ... AF12: =SUM(P18:P21) -> 219
B13: 07.45 - 08.00 | C13: 7 | D13: 2 | E13: 5 | F13: 0 | G13: 0 | H13: 1 | I13: 1 | J13: 0 | K13: 0 | L13: 0 | M13: 35 | N13: 0 | O13: =SUM(C13:L13,N13) -> 16 | P13: =SUM(C13:N13) -> 51 | R13: 1000-1100 | S13: =SUM(C22:C25) -> 36 | T13: =SUM(D22:D25) -> 7 | U13: =SUM(E22:E25) -> 18 | V13: =SUM(F22:F25) -> 5 | W13: =SUM(G22:G25) -> 0 | X13: =SUM(H22:H25) -> 0 | Y13: =SUM(I22:I25) -> 8 | Z13: =SUM(J22:J25) -> 6 | ... AF13: =SUM(P22:P25) -> 252
B14: 08.00 - 08.15 | C14: 5 | D14: 0 | E14: 0 | F14: 3 | G14: 0 | H14: 1 | I14: 1 | J14: 1 | K14: 0 | L14: 1 | M14: 30 | N14: 0 | O14: =SUM(C14:L14,N14) -> 12 | P14: =SUM(C14:N14) -> 42 | R14: 1100-1200 | S14: =SUM(C26:C29) -> 37 | T14: =SUM(D26:D29) -> 9 | U14: =SUM(E26:E29) -> 27 | V14: =SUM(F26:F29) -> 8 | W14: =SUM(G26:G29) -> 0 | X14: =SUM(H26:H29) -> 0 | Y14: =SUM(I26:I29) -> 4 | Z14: =SUM(J26:J29) -> 5 | ... AF14: =SUM(P26:P29) -> 240
B15: 08.15 - 08.30 | C15: 11 | D15: 3 | E15: 8 | F15: 3 | G15: 0 | H15: 0 | I15: 1 | J15: 0 | K15: 0 | L15: 4 | M15: 45 | N15: 0 | O15: =SUM(C15:L15,N15) -> 30 | P15: =SUM(C15:N15) -> 75 | R15: 1200-1300 | S15: =SUM(C30:C33) -> 34 | T15: =SUM(D30:D33) -> 6 | U15: =SUM(E30:E33) -> 18 | V15: =SUM(F30:F33) -> 4 | W15: =SUM(G30:G33) -> 0 | X15: =SUM(H30:H33) -> 0 | Y15: =SUM(I30:I33) -> 3 | Z15: =SUM(J30:J33) -> 6 | ... AF15: =SUM(P30:P33) -> 218
B16: 08.30 - 08.45 | C16: 6 | D16: 1 | E16: 5 | F16: 0 | G16: 0 | H16: 0 | I16: 4 | J16: 4 | K16: 0 | L16: 0 | M16: 30 | N16: 0 | O16: =SUM(C16:L16,N16) -> 20 | P16: =SUM(C16:N16) -> 50 | R16: 1300-1400 | S16: =SUM(C34:C37) -> 19 | T16: =SUM(D34:D37) -> 5 | U16: =SUM(E34:E37) -> 16 | V16: =SUM(F34:F37) -> 4 | W16: =SUM(G34:G37) -> 0 | X16: =SUM(H34:H37) -> 1 | Y16: =SUM(I34:I37) -> 3 | Z16: =SUM(J34:J37) -> 9 | ... AF16: =SUM(P34:P37) -> 229
B17: 08.45 - 9.00 | C17: 1 | D17: 0 | E17: 0 | F17: 3 | G17: 0 | H17: 0 | I17: 0 | J17: 0 | K17: 0 | L17: 0 | M17: 25 | N17: 0 | O17: =SUM(C17:L17,N17) -> 4 | P17: =SUM(C17:N17) -> 29 | R17: 1400-1500 | S17: =SUM(C38:C41) -> 21 | T17: =SUM(D38:D41) -> 1 | U17: =SUM(E38:E41) -> 4 | V17: =SUM(F38:F41) -> 4 | W17: =SUM(G38:G41) -> 1 | X17: =SUM(H38:H41) -> 0 | Y17: =SUM(I38:I41) -> 2 | Z17: =SUM(J38:J41) -> 5 | ... AF17: =SUM(P38:P41) -> 134
B18: 09.00 - 09.15 | C18: 3 | D18: 0 | E18: 0 | F18: 0 | G18: 0 | H18: 0 | I18: 1 | J18: 1 | K18: 0 | L18: 0 | M18: 47 | N18: 0 | O18: =SUM(C18:L18,N18) -> 5 | P18: =SUM(C18:N18) -> 52 | R18: 1500-1600 | S18: =SUM(C42:C45) -> 13 | T18: =SUM(D42:D45) -> 2 | U18: =SUM(E42:E45) -> 6 | V18: =SUM(F42:F45) -> 1 | W18: =SUM(G42:G45) -> 0 | X18: =SUM(H42:H45) -> 1 | Y18: =SUM(I42:I45) -> 3 | Z18: =SUM(J42:J45) -> 2 | ... AF18: =SUM(P42:P45) -> 50
B19: 09.15 - 09.30 | C19: 6 | D19: 2 | E19: 6 | F19: 2 | G19: 0 | H19: 0 | I19: 1 | J19: 0 | K19: 0 | L19: 0 | M19: 43 | N19: 0 | O19: =SUM(C19:L19,N19) -> 17 | P19: =SUM(C19:N19) -> 60 | R19: 1600-1700 | S19: =SUM(C46:C49) -> 24 | T19: =SUM(D46:D49) -> 1 | U19: =SUM(E46:E49) -> 4 | V19: =SUM(F46:F49) -> 5 | W19: =SUM(G46:G49) -> 0 | X19: =SUM(H46:H49) -> 0 | Y19: =SUM(I46:I49) -> 3 | Z19: =SUM(J46:J49) -> 3 | ... AF19: =SUM(P46:P49) -> 121
B20: 09.30 - 09.45 | C20: 4 | D20: 3 | E20: 10 | F20: 0 | G20: 0 | H20: 0 | I20: 2 | J20: 0 | K20: 0 | L20: 0 | M20: 25 | N20: 0 | O20: =SUM(C20:L20,N20) -> 19 | P20: =SUM(C20:N20) -> 44 | R20: 1700-1800 | S20: =SUM(C50:C53) -> 35 | T20: =SUM(D50:D53) -> 3 | U20: =SUM(E50:E53) -> 12 | V20: =SUM(F50:F53) -> 6 | W20: =SUM(G50:G53) -> 0 | X20: =SUM(H50:H53) -> 0 | Y20: =SUM(I50:I53) -> 4 | Z20: =SUM(J50:J53) -> 4 | ... AF20: =SUM(P50:P53) -> 206
B21: 09.45 - 10.00 | C21: 7 | D21: 2 | E21: 5 | F21: 3 | G21: 0 | H21: 0 | I21: 0 | J21: 1 | K21: 0 | L21: 0 | M21: 45 | N21: 0 | O21: =SUM(C21:L21,N21) -> 18 | P21: =SUM(C21:N21) -> 63 | R21: 1800-1900 | S21: =SUM(C54:C57) -> 16 | T21: =SUM(D54:D57) -> 0 | U21: =SUM(E54:E57) -> 0 | V21: =SUM(F54:F57) -> 2 | W21: =SUM(G54:G57) -> 1 | X21: =SUM(H54:H57) -> 1 | Y21: =SUM(I54:I57) -> 0 | Z21: =SUM(J54:J57) -> 0 | ... AF21: =SUM(P54:P57) -> 151
B22: 10.00 - 10.15 | C22: 10 | D22: 3 | E22: 7 | F22: 3 | G22: 0 | H22: 0 | I22: 1 | J22: 2 | K22: 0 | L22: 3 | M22: 42 | N22: 0 | O22: =SUM(C22:L22,N22) -> 29 | P22: =SUM(C22:N22) -> 71 | R22: AM Peak Hr | S22: =MAX(S10:S12) -> 23 | T22: =MAX(T10:T12) -> 8 | U22: =MAX(U10:U12) -> 24 | V22: =MAX(V10:V12) -> 9 | W22: =MAX(W10:W12) -> 0 | X22: =MAX(X10:X12) -> 2 | Y22: =MAX(Y10:Y12) -> 6 | Z22: =MAX(Z10:Z12) -> 5 | ... AF22: =MAX(AF10:AF12) -> 219
B23: 10.15 - 10.30 | C23: 13 | D23: 2 | E23: 5 | F23: 2 | G23: 0 | H23: 0 | I23: 2 | J23: 3 | K23: 0 | L23: 1 | M23: 56 | N23: 0 | O23: =SUM(C23:L23,N23) -> 28 | P23: =SUM(C23:N23) -> 84 | R23: IP Peak Hr | S23: =MAX(S13:S18) -> 37 | T23: =MAX(T13:T18) -> 9 | U23: =MAX(U13:U18) -> 27 | V23: =MAX(V13:V18) -> 8 | W23: =MAX(W13:W18) -> 1 | X23: =MAX(X13:X18) -> 1 | Y23: =MAX(Y13:Y18) -> 8 | Z23: =MAX(Z13:Z18) -> 9 | ... AF23: =MAX(AF13:AF18) -> 252
B24: 10.30 - 10.45 | C24: 10 | D24: 2 | E24: 6 | F24: 0 | G24: 0 | H24: 0 | I24: 3 | J24: 1 | K24: 0 | L24: 0 | M24: 43 | N24: 0 | O24: =SUM(C24:L24,N24) -> 22 | P24: =SUM(C24:N24) -> 65 | R24: PM Peak Hr | S24: =MAX(S19:S21) -> 35 | T24: =MAX(T19:T21) -> 3 | U24: =MAX(U19:U21) -> 12 | V24: =MAX(V19:V21) -> 6 | W24: =MAX(W19:W21) -> 1 | X24: =MAX(X19:X21) -> 1 | Y24: =MAX(Y19:Y21) -> 4 | Z24: =MAX(Z19:Z21) -> 4 | ... AF24: =MAX(AF19:AF21) -> 206
B25: 10.45 - 11.00 | C25: 3 | D25: 0 | E25: 0 | F25: 0 | G25: 0 | H25: 0 | I25: 2 | J25: 0 | K25: 0 | L25: 0 | M25: 27 | N25: 0 | O25: =SUM(C25:L25,N25) -> 5 | P25: =SUM(C25:N25) -> 32 | R25: AM Period | S25: =SUM(S10:S12) -> 65 | T25: =SUM(T10:T12) -> 19 | U25: =SUM(U10:U12) -> 58 | V25: =SUM(V10:V12) -> 18 | W25: =SUM(W10:W12) -> 0 | X25: =SUM(X10:X12) -> 3 | Y25: =SUM(Y10:Y12) -> 13 | Z25: =SUM(Z10:Z12) -> 7 | ... AF25: =SUM(AF10:AF12) -> 615
B26: 11.00 - 11.15 | C26: 12 | D26: 3 | E26: 9 | F26: 1 | G26: 0 | H26: 0 | I26: 2 | J26: 0 | K26: 0 | L26: 0 | M26: 40 | N26: 0 | O26: =SUM(C26:L26,N26) -> 27 | P26: =SUM(C26:N26) -> 67 | R26: IP Period | S26: =SUM(S13:S18) -> 160 | T26: =SUM(T13:T18) -> 30 | U26: =SUM(U13:U18) -> 89 | V26: =SUM(V13:V18) -> 26 | W26: =SUM(W13:W18) -> 1 | X26: =SUM(X13:X18) -> 2 | Y26: =SUM(Y13:Y18) -> 23 | Z26: =SUM(Z13:Z18) -> 33 | ... AF26: =SUM(AF13:AF18) -> 1123
B27: 11.15 - 11.30 | C27: 13 | D27: 1 | E27: 4 | F27: 2 | G27: 0 | H27: 0 | I27: 1 | J27: 0 | K27: 0 | L27: 0 | M27: 45 | N27: 0 | O27: =SUM(C27:L27,N27) -> 21 | P27: =SUM(C27:N27) -> 66 | R27: PM Period | S27: =SUM(S19:S21) -> 75 | T27: =SUM(T19:T21) -> 4 | U27: =SUM(U19:U21) -> 16 | V27: =SUM(V19:V21) -> 13 | W27: =SUM(W19:W21) -> 1 | X27: =SUM(X19:X21) -> 1 | Y27: =SUM(Y19:Y21) -> 7 | Z27: =SUM(Z19:Z21) -> 7 | ... AF27: =SUM(AF19:AF21) -> 478
B28: 11.30 - 11.45 | C28: 5 | D28: 3 | E28: 9 | F28: 4 | G28: 0 | H28: 0 | I28: 0 | J28: 3 | K28: 0 | L28: 1 | M28: 31 | N28: 0 | O28: =SUM(C28:L28,N28) -> 25 | P28: =SUM(C28:N28) -> 56 | R28: 12 Hours | S28: =SUM(S10:S21) -> 300 | T28: =SUM(T10:T21) -> 53 | U28: =SUM(U10:U21) -> 163 | V28: =SUM(V10:V21) -> 57 | W28: =SUM(W10:W21) -> 2 | X28: =SUM(X10:X21) -> 6 | Y28: =SUM(Y10:Y21) -> 43 | Z28: =SUM(Z10:Z21) -> 47 | ... AF28: =SUM(AF10:AF21) -> 2216
B29: 11.45 - 12.00 | C29: 7 | D29: 2 | E29: 5 | F29: 1 | G29: 0 | H29: 0 | I29: 1 | J29: 2 | K29: 0 | L29: 0 | M29: 33 | N29: 0 | O29: =SUM(C29:L29,N29) -> 18 | P29: =SUM(C29:N29) -> 51
B30: 12.00 - 12.15 | C30: 8 | D30: 1 | E30: 4 | F30: 2 | G30: 0 | H30: 0 | I30: 0 | J30: 1 | K30: 0 | L30: 1 | M30: 36 | N30: 0 | O30: =SUM(C30:L30,N30) -> 17 | P30: =SUM(C30:N30) -> 53
B31: 12.15 - 12.30 | C31: 9 | D31: 2 | E31: 6 | F31: 0 | G31: 0 | H31: 0 | I31: 2 | J31: 3 | K31: 0 | L31: 0 | M31: 39 | N31: 0 | O31: =SUM(C31:L31,N31) -> 22 | P31: =SUM(C31:N31) -> 61
B32: 12.30 - 12.45 | C32: 7 | D32: 1 | E32: 3 | F32: 1 | G32: 0 | H32: 0 | I32: 0 | J32: 2 | K32: 0 | L32: 0 | M32: 40 | N32: 0 | O32: =SUM(C32:L32,N32) -> 14 | P32: =SUM(C32:N32) -> 54
B33: 12.45 - 13.00 | C33: 10 | D33: 2 | E33: 5 | F33: 1 | G33: 0 | H33: 0 | I33: 1 | J33: 0 | K33: 0 | L33: 0 | M33: 31 | N33: 0 | O33: =SUM(C33:L33,N33) -> 19 | P33: =SUM(C33:N33) -> 50
B34: 13.00 - 13.15 | C34: 6 | D34: 1 | E34: 3 | F34: 1 | G34: 0 | H34: 0 | I34: 1 | J34: 4 | K34: 0 | L34: 0 | M34: 34 | N34: 1 | O34: =SUM(C34:L34,N34) -> 17 | P34: =SUM(C34:N34) -> 51
B35: 13.15 - 13.30 | C35: 3 | D35: 1 | E35: 3 | F35: 1 | G35: 0 | H35: 0 | I35: 1 | J35: 2 | K35: 1 | L35: 0 | M35: 45 | N35: 0 | O35: =SUM(C35:L35,N35) -> 12 | P35: =SUM(C35:N35) -> 57
B36: 13.30 - 13.45 | C36: 1 | D36: 1 | E36: 3 | F36: 0 | G36: 0 | H36: 1 | I36: 0 | J36: 3 | K36: 1 | L36: 2 | M36: 44 | N36: 0 | O36: =SUM(C36:L36,N36) -> 12 | P36: =SUM(C36:N36) -> 56
B37: 13.45 - 14.00 | C37: 9 | D37: 2 | E37: 7 | F37: 2 | G37: 0 | H37: 0 | I37: 1 | J37: 0 | K37: 0 | L37: 1 | M37: 43 | O37: =SUM(C37:L37,N37) -> 22 | P37: =SUM(C37:N37) -> 65
B38: 14.00 - 14.15 | C38: 1 | D38: 0 | E38: 0 | F38: 1 | G38: 0 | H38: 0 | I38: 0 | J38: 1 | K38: 0 | L38: 0 | M38: 28 | N38: 0 | O38: =SUM(C38:L38,N38) -> 3 | P38: =SUM(C38:N38) -> 31
B39: 14.15 - 14.30 | C39: 8 | D39: 0 | E39: 0 | F39: 1 | G39: 1 | H39: 0 | I39: 0 | J39: 2 | K39: 0 | L39: 0 | M39: 28 | N39: 0 | O39: =SUM(C39:L39,N39) -> 12 | P39: =SUM(C39:N39) -> 40
B40: 14.30 - 14.45 | C40: 5 | D40: 0 | E40: 0 | F40: 1 | G40: 0 | H40: 0 | I40: 0 | J40: 1 | K40: 0 | L40: 0 | M40: 10 | N40: 0 | O40: =SUM(C40:L40,N40) -> 7 | P40: =SUM(C40:N40) -> 17
B41: 14.45 - 15.00 | C41: 7 | D41: 1 | E41: 4 | F41: 1 | G41: 0 | H41: 0 | I41: 2 | J41: 1 | K41: 0 | L41: 0 | M41: 30 | N41: 0 | O41: =SUM(C41:L41,N41) -> 16 | P41: =SUM(C41:N41) -> 46
B42: 15.00 - 15.15 | C42: 6 | D42: 0 | E42: 0 | F42: 0 | G42: 0 | H42: 0 | I42: 0 | J42: 1 | K42: 0 | L42: 0 | M42: 15 | N42: 0 | O42: =SUM(C42:L42,N42) -> 7 | P42: =SUM(C42:N42) -> 22
B43: 15.15 - 15.30 | C43: 2 | D43: 1 | E43: 3 | F43: 0 | G43: 0 | H43: 1 | I43: 2 | K43: 0 | L43: 0 | M43: 2 | N43: 0 | O43: =SUM(C43:L43,N43) -> 9 | P43: =SUM(C43:N43) -> 11
B44: 15.30 - 15.45 | C44: 5 | D44: 1 | E44: 3 | F44: 0 | G44: 0 | H44: 0 | I44: 1 | J44: 1 | K44: 0 | L44: 0 | M44: 2 | N44: 0 | O44: =SUM(C44:L44,N44) -> 11 | P44: =SUM(C44:N44) -> 13
B45: 15.45 - 16.00 | C45: 0 | D45: 0 | E45: 0 | F45: 1 | G45: 0 | H45: 0 | I45: 0 | J45: 0 | K45: 0 | L45: 0 | M45: 3 | N45: 0 | O45: =SUM(C45:L45,N45) -> 1 | P45: =SUM(C45:N45) -> 4
B46: 16.00 - 16.15 | C46: 4 | D46: 0 | E46: 0 | F46: 1 | G46: 0 | H46: 0 | I46: 0 | J46: 0 | K46: 0 | L46: 1 | M46: 9 | N46: 0 | O46: =SUM(C46:L46,N46) -> 6 | P46: =SUM(C46:N46) -> 15
B47: 16.15 -16.30 | C47: 2 | D47: 0 | E47: 0 | F47: 2 | G47: 0 | H47: 0 | I47: 0 | J47: 0 | K47: 0 | L47: 0 | M47: 5 | N47: 0 | O47: =SUM(C47:L47,N47) -> 4 | P47: =SUM(C47:N47) -> 9
B48: 16.30 -16.45 | C48: 9 | D48: 0 | E48: 0 | F48: 0 | G48: 0 | H48: 0 | I48: 2 | J48: 1 | K48: 0 | L48: 0 | M48: 35 | N48: 0 | O48: =SUM(C48:L48,N48) -> 12 | P48: =SUM(C48:N48) -> 47
B49: 16.45 -17.00 | C49: 9 | D49: 1 | E49: 4 | F49: 2 | G49: 0 | H49: 0 | I49: 1 | J49: 2 | K49: 0 | L49: 0 | M49: 31 | N49: 0 | O49: =SUM(C49:L49,N49) -> 19 | P49: =SUM(C49:N49) -> 50
B50: 17.00 -17.15 | C50: 9 | D50: 1 | E50: 3 | F50: 0 | G50: 0 | H50: 0 | I50: 0 | K50: 0 | L50: 0 | M50: 32 | N50: 0 | O50: =SUM(C50:L50,N50) -> 13 | P50: =SUM(C50:N50) -> 45
B51: 17.15 -17.30 | C51: 7 | D51: 1 | E51: 4 | F51: 2 | G51: 0 | H51: 0 | I51: 0 | J51: 3 | K51: 0 | L51: 0 | M51: 24 | N51: 0 | O51: =SUM(C51:L51,N51) -> 17 | P51: =SUM(C51:N51) -> 41
B52: 17.30 -17.45 | C52: 10 | D52: 0 | E52: 0 | F52: 3 | G52: 0 | H52: 0 | I52: 2 | J52: 1 | K52: 0 | L52: 1 | M52: 45 | N52: 0 | O52: =SUM(C52:L52,N52) -> 17 | P52: =SUM(C52:N52) -> 62
B53: 17.45 -18.00 | C53: 9 | D53: 1 | E53: 5 | F53: 1 | G53: 0 | H53: 0 | I53: 2 | J53: 0 | K53: 0 | L53: 0 | M53: 40 | N53: 0 | O53: =SUM(C53:L53,N53) -> 18 | P53: =SUM(C53:N53) -> 58
B54: 18.00 - 18.15 | C54: 5 | D54: 0 | E54: 0 | F54: 0 | G54: 0 | H54: 1 | I54: 0 | J54: 0 | K54: 0 | L54: 1 | M54: 30 | N54: 0 | O54: =SUM(C54:L54,N54) -> 7 | P54: =SUM(C54:N54) -> 37
B55: 18.15 - 18.30 | C55: 3 | D55: 0 | E55: 0 | F55: 1 | G55: 1 | H55: 0 | I55: 0 | J55: 0 | K55: 0 | L55: 0 | M55: 27 | N55: 0 | O55: =SUM(C55:L55,N55) -> 5 | P55: =SUM(C55:N55) -> 32
B56: 18.30 - 18.45 | C56: 1 | D56: 0 | E56: 0 | F56: 1 | G56: 0 | H56: 0 | I56: 0 | J56: 0 | K56: 0 | L56: 1 | M56: 30 | N56: 0 | O56: =SUM(C56:L56,N56) -> 3 | P56: =SUM(C56:N56) -> 33
B57: 18.45 - 19.00 | C57: 7 | D57: 0 | E57: 0 | F57: 0 | G57: 0 | H57: 0 | I57: 0 | J57: 0 | K57: 0 | L57: 0 | M57: 42 | N57: 0 | O57: =SUM(C57:L57,N57) -> 7 | P57: =SUM(C57:N57) -> 49
B58: Totals | C58: =SUM(C10:C57) -> 300 | D58: =SUM(D10:D57) -> 53 | E58: =SUM(E10:E57) -> 163 | F58: =SUM(F10:F57) -> 57 | G58: =SUM(G10:G57) -> 2 | H58: =SUM(H10:H57) -> 6 | I58: =SUM(I10:I57) -> 43 | J58: =SUM(J10:J57) -> 47 | ... P58: =SUM(P10:P57) -> 2216
B59: %ges + MCs | C59: =C58/$P$58 -> 0.13537906 | D59: =D58/$P$58 -> 0.023916968 | E59: =E58/$P$58 -> 0.073555957 | F59: =F58/$P$58 -> 0.025722022 | G59: =G58/$P$58 -> 0.00090252708 | H59: =H58/$P$58 -> 0.0027075812 | I59: =I58/$P$58 -> 0.019404332 | J59: =J58/$P$58 -> 0.021209386 | ... N59: =N58/$P$58 -> 0.00045126354
B60: %ges w/o MCs | C60: =C58/$O$58 -> 0.43165468 | D60: =D58/$O$58 -> 0.076258993 | E60: =E58/$O$58 -> 0.23453237 | F60: =F58/$O$58 -> 0.082014388 | G60: =G58/$O$58 -> 0.0028776978 | H60: =H58/$O$58 -> 0.0086330935 | I60: =I58/$O$58 -> 0.061870504 | J60: =J58/$O$58 -> 0.067625899 | ... L60: =L58/$O$58 -> 0.030215827 | N60: =N58/$O$58 -> 0.0014388489

Sheet 06.08 Koboko-Arua
B1: Consultancy services for Preparation of Expressway Development Master Plan (EDMP) for Uganda
B2: MANUAL CLASSIFIED COUNT (MCC)
B3: ROAD NAME: | C3: ='31.07 Koboko-Arua'!C3:G3 -> MCC - C5 - STN127 - KOBOKO-ARUA ROAD
C5: Date | D5: 06.08.19 | F5: Location | G5: ='03.08 Arua-Koboko-24h'!G5:H5 -> xxx | J5: Surveyor | K5: ='03.08 Arua-Koboko-24h'!K5:L5 -> xxx
C6: Dir. From | D6: ='31.07 Koboko-Arua'!D6:E6 -> Koboko | F6: Dir. To | G6: ='31.07 Koboko-Arua'!G6:H6 -> Arua | J6: Supervisor | K6: ='03.08 Arua-Koboko-24h'!K6:L6 -> xxx
B8: Time / Veh Type | R8: SUMMARY TRAFFIC VOLUMES
C9: 1. Car | D9: 2. Station Wagon | E9: 3. Pickups | F9: 4. Minibus, matatu | G9: 5. Medium bus | H9: 6. Large Bus | I9: 7. Light Truck | J9: 8. Medium Truck | K9: 9. Heavy truck | L9: 10. Truck Trailer | M9: 11. Motor cycles | N9: 12. Tractors | O9: Total Excl M/Cycles | P9: Total All | R9: Time | S9: 1. Car | T9: 2. Station Wagon | U9: 3. Pickups | V9: 4. Minibus, matatu | W9: 5. Medium bus | X9: 6. Large Bus | Y9: 7. Light Truck | Z9: 8. Medium Truck | AA9: 9. Heavy truck | AB9: 10. Truck Trailer | AC9: 11. Motorcycles | AD9: 12. Tractors, Graders | AE9: Total Excl M/ Cycles | AF9: Total All
B10: 07.00 - 07.15 | C10: 8 | D10: 14 | E10: 15 | F10: 10 | G10: 2 | H10: 0 | I10: 0 | J10: 0 | K10: 0 | L10: 0 | M10: 57 | N10: 0 | O10: =SUM(C10:L10,N10) -> 49 | P10: =SUM(C10:N10) -> 106 | R10: 0700-0800 | S10: =SUM(C10:C13) -> 32 | T10: =SUM(D10:D13) -> 26 | U10: =SUM(E10:E13) -> 34 | V10: =SUM(F10:F13) -> 17 | W10: =SUM(G10:G13) -> 7 | X10: =SUM(H10:H13) -> 4 | Y10: =SUM(I10:I13) -> 3 | Z10: =SUM(J10:J13) -> 0 | ... AF10: =SUM(P10:P13) -> 272
B11: 07.15 - 07.30 | C11: 6 | D11: 12 | E11: 19 | F11: 0 | G11: 0 | H11: 2 | I11: 0 | J11: 0 | K11: 0 | L11: 0 | M11: 27 | N11: 0 | O11: =SUM(C11:L11,N11) -> 39 | P11: =SUM(C11:N11) -> 66 | R11: 0800-0900 | S11: =SUM(C14:C17) -> 37 | T11: =SUM(D14:D17) -> 0 | U11: =SUM(E14:E17) -> 0 | V11: =SUM(F14:F17) -> 19 | W11: =SUM(G14:G17) -> 0 | X11: =SUM(H14:H17) -> 4 | Y11: =SUM(I14:I17) -> 6 | Z11: =SUM(J14:J17) -> 0 | ... AF11: =SUM(P14:P17) -> 173
B12: 07.30 - 07.45 | C12: 14 | D12: 0 | E12: 0 | F12: 0 | G12: 5 | H12: 0 | I12: 0 | J12: 0 | K12: 0 | L12: 0 | M12: 35 | N12: 0 | O12: =SUM(C12:L12,N12) -> 19 | P12: =SUM(C12:N12) -> 54 | R12: 0900-1000 | S12: =SUM(C18:C21) -> 68 | T12: =SUM(D18:D21) -> 3 | U12: =SUM(E18:E21) -> 4 | V12: =SUM(F18:F21) -> 9 | W12: =SUM(G18:G21) -> 0 | X12: =SUM(H18:H21) -> 0 | Y12: =SUM(I18:I21) -> 0 | Z12: =SUM(J18:J21) -> 2 | ... AF12: =SUM(P18:P21) -> 202
B13: 07.45 - 08.00 | C13: 4 | D13: 0 | E13: 0 | F13: 7 | G13: 0 | H13: 2 | I13: 3 | J13: 0 | K13: 0 | L13: 0 | M13: 30 | N13: 0 | O13: =SUM(C13:L13,N13) -> 16 | P13: =SUM(C13:N13) -> 46 | R13: 1000-1100 | S13: =SUM(C22:C25) -> 25 | T13: =SUM(D22:D25) -> 9 | U13: =SUM(E22:E25) -> 11 | V13: =SUM(F22:F25) -> 5 | W13: =SUM(G22:G25) -> 0 | X13: =SUM(H22:H25) -> 0 | Y13: =SUM(I22:I25) -> 6 | Z13: =SUM(J22:J25) -> 0 | ... AF13: =SUM(P22:P25) -> 203
B14: 08.00 - 08.15 | C14: 15 | D14: 0 | E14: 0 | F14: 0 | G14: 0 | H14: 0 | I14: 0 | J14: 0 | K14: 0 | L14: 0 | M14: 12 | N14: 0 | O14: =SUM(C14:L14,N14) -> 15 | P14: =SUM(C14:N14) -> 27 | R14: 1100-1200 | S14: =SUM(C26:C29) -> 23 | T14: =SUM(D26:D29) -> 8 | U14: =SUM(E26:E29) -> 10 | V14: =SUM(F26:F29) -> 14 | W14: =SUM(G26:G29) -> 2 | X14: =SUM(H26:H29) -> 2 | Y14: =SUM(I26:I29) -> 4 | Z14: =SUM(J26:J29) -> 3 | ... AF14: =SUM(P26:P29) -> 245
B15: 08.15 - 08.30 | C15: 4 | D15: 0 | E15: 0 | F15: 7 | G15: 0 | H15: 2 | I15: 3 | J15: 0 | K15: 0 | L15: 0 | M15: 30 | N15: 0 | O15: =SUM(C15:L15,N15) -> 16 | P15: =SUM(C15:N15) -> 46 | R15: 1200-1300 | S15: =SUM(C30:C33) -> 40 | T15: =SUM(D30:D33) -> 9 | U15: =SUM(E30:E33) -> 10 | V15: =SUM(F30:F33) -> 6 | W15: =SUM(G30:G33) -> 0 | X15: =SUM(H30:H33) -> 0 | Y15: =SUM(I30:I33) -> 17 | Z15: =SUM(J30:J33) -> 0 | ... AF15: =SUM(P30:P33) -> 254
B16: 08.30 - 08.45 | C16: 14 | D16: 0 | E16: 0 | F16: 5 | G16: 0 | H16: 0 | I16: 0 | J16: 0 | K16: 0 | L16: 0 | M16: 35 | N16: 0 | O16: =SUM(C16:L16,N16) -> 19 | P16: =SUM(C16:N16) -> 54 | R16: 1300-1400 | S16: =SUM(C34:C37) -> 49 | T16: =SUM(D34:D37) -> 11 | U16: =SUM(E34:E37) -> 13 | V16: =SUM(F34:F37) -> 14 | W16: =SUM(G34:G37) -> 2 | X16: =SUM(H34:H37) -> 0 | Y16: =SUM(I34:I37) -> 15 | Z16: =SUM(J34:J37) -> 0 | ... AF16: =SUM(P34:P37) -> 308
B17: 08.45 - 9.00 | C17: 4 | D17: 0 | E17: 0 | F17: 7 | G17: 0 | H17: 2 | I17: 3 | J17: 0 | K17: 0 | L17: 0 | M17: 30 | N17: 0 | O17: =SUM(C17:L17,N17) -> 16 | P17: =SUM(C17:N17) -> 46 | R17: 1400-1500 | S17: =SUM(C38:C41) -> 20 | T17: =SUM(D38:D41) -> 9 | U17: =SUM(E38:E41) -> 9 | V17: =SUM(F38:F41) -> 6 | W17: =SUM(G38:G41) -> 0 | X17: =SUM(H38:H41) -> 0 | Y17: =SUM(I38:I41) -> 6 | Z17: =SUM(J38:J41) -> 0 | ... AF17: =SUM(P38:P41) -> 216
B18: 09.00 - 09.15 | C18: 15 | D18: 0 | E18: 0 | F18: 0 | G18: 0 | H18: 0 | I18: 0 | J18: 0 | K18: 0 | L18: 0 | M18: 12 | N18: 0 | O18: =SUM(C18:L18,N18) -> 15 | P18: =SUM(C18:N18) -> 27 | R18: 1500-1600 | S18: =SUM(C42:C45) -> 17 | T18: =SUM(D42:D45) -> 3 | U18: =SUM(E42:E45) -> 4 | V18: =SUM(F42:F45) -> 5 | W18: =SUM(G42:G45) -> 0 | X18: =SUM(H42:H45) -> 0 | Y18: =SUM(I42:I45) -> 0 | Z18: =SUM(J42:J45) -> 0 | ... AF18: =SUM(P42:P45) -> 136
B19: 09.15 - 09.30 | C19: 35 | D19: 0 | E19: 0 | F19: 5 | G19: 0 | H19: 0 | I19: 0 | J19: 2 | K19: 0 | L19: 0 | M19: 27 | N19: 0 | O19: =SUM(C19:L19,N19) -> 42 | P19: =SUM(C19:N19) -> 69 | R19: 1600-1700 | S19: =SUM(C46:C49) -> 68 | T19: =SUM(D46:D49) -> 12 | U19: =SUM(E46:E49) -> 13 | V19: =SUM(F46:F49) -> 6 | W19: =SUM(G46:G49) -> 3 | X19: =SUM(H46:H49) -> 0 | Y19: =SUM(I46:I49) -> 8 | Z19: =SUM(J46:J49) -> 0 | ... AF19: =SUM(P46:P49) -> 216
B20: 09.30 - 09.45 | C20: 8 | D20: 1 | E20: 2 | F20: 2 | G20: 0 | H20: 0 | I20: 0 | J20: 0 | K20: 0 | L20: 0 | M20: 32 | N20: 0 | O20: =SUM(C20:L20,N20) -> 13 | P20: =SUM(C20:N20) -> 45 | R20: 1700-1800 | S20: =SUM(C50:C53) -> 44 | T20: =SUM(D50:D53) -> 13 | U20: =SUM(E50:E53) -> 14 | V20: =SUM(F50:F53) -> 29 | W20: =SUM(G50:G53) -> 9 | X20: =SUM(H50:H53) -> 0 | Y20: =SUM(I50:I53) -> 0 | Z20: =SUM(J50:J53) -> 2 | ... AF20: =SUM(P50:P53) -> 217
B21: 09.45 - 10.00 | C21: 10 | D21: 2 | E21: 2 | F21: 2 | G21: 0 | H21: 0 | I21: 0 | J21: 0 | K21: 0 | L21: 0 | M21: 45 | N21: 0 | O21: =SUM(C21:L21,N21) -> 16 | P21: =SUM(C21:N21) -> 61 | R21: 1800-1900 | S21: =SUM(C54:C57) -> 28 | T21: =SUM(D54:D57) -> 2 | U21: =SUM(E54:E57) -> 2 | V21: =SUM(F54:F57) -> 25 | W21: =SUM(G54:G57) -> 2 | X21: =SUM(H54:H57) -> 0 | Y21: =SUM(I54:I57) -> 0 | Z21: =SUM(J54:J57) -> 0 | ... AF21: =SUM(P54:P57) -> 154
B22: 10.00 - 10.15 | C22: 3 | D22: 0 | E22: 0 | F22: 2 | G22: 0 | H22: 0 | I22: 3 | J22: 0 | K22: 0 | L22: 0 | M22: 39 | N22: 0 | O22: =SUM(C22:L22,N22) -> 8 | P22: =SUM(C22:N22) -> 47 | R22: AM Peak Hr | S22: =MAX(S10:S12) -> 68 | T22: =MAX(T10:T12) -> 26 | U22: =MAX(U10:U12) -> 34 | V22: =MAX(V10:V12) -> 19 | W22: =MAX(W10:W12) -> 7 | X22: =MAX(X10:X12) -> 4 | Y22: =MAX(Y10:Y12) -> 6 | Z22: =MAX(Z10:Z12) -> 2 | ... AF22: =MAX(AF10:AF12) -> 272
B23: 10.15 - 10.30 | C23: 5 | D23: 2 | E23: 2 | F23: 0 | G23: 0 | H23: 0 | I23: 0 | J23: 0 | K23: 0 | L23: 0 | M23: 17 | N23: 0 | O23: =SUM(C23:L23,N23) -> 9 | P23: =SUM(C23:N23) -> 26 | R23: IP Peak Hr | S23: =MAX(S13:S18) -> 49 | T23: =MAX(T13:T18) -> 11 | U23: =MAX(U13:U18) -> 13 | V23: =MAX(V13:V18) -> 14 | W23: =MAX(W13:W18) -> 2 | X23: =MAX(X13:X18) -> 2 | Y23: =MAX(Y13:Y18) -> 17 | Z23: =MAX(Z13:Z18) -> 3 | ... AF23: =MAX(AF13:AF18) -> 308
B24: 10.30 - 10.45 | C24: 8 | D24: 2 | E24: 3 | F24: 0 | G24: 0 | H24: 0 | I24: 0 | J24: 0 | K24: 0 | L24: 0 | M24: 31 | N24: 0 | O24: =SUM(C24:L24,N24) -> 13 | P24: =SUM(C24:N24) -> 44 | R24: PM Peak Hr | S24: =MAX(S19:S21) -> 68 | T24: =MAX(T19:T21) -> 13 | U24: =MAX(U19:U21) -> 14 | V24: =MAX(V19:V21) -> 29 | W24: =MAX(W19:W21) -> 9 | X24: =MAX(X19:X21) -> 0 | Y24: =MAX(Y19:Y21) -> 8 | Z24: =MAX(Z19:Z21) -> 2 | ... AF24: =MAX(AF19:AF21) -> 217
B25: 10.45 - 11.00 | C25: 9 | D25: 5 | E25: 6 | F25: 3 | G25: 0 | H25: 0 | I25: 3 | J25: 0 | K25: 0 | L25: 0 | M25: 60 | N25: 0 | O25: =SUM(C25:L25,N25) -> 26 | P25: =SUM(C25:N25) -> 86 | R25: AM Period | S25: =SUM(S10:S12) -> 137 | T25: =SUM(T10:T12) -> 29 | U25: =SUM(U10:U12) -> 38 | V25: =SUM(V10:V12) -> 45 | W25: =SUM(W10:W12) -> 7 | X25: =SUM(X10:X12) -> 8 | Y25: =SUM(Y10:Y12) -> 9 | Z25: =SUM(Z10:Z12) -> 2 | ... AF25: =SUM(AF10:AF12) -> 647
B26: 11.00 - 11.15 | C26: 7 | D26: 2 | E26: 3 | F26: 2 | G26: 0 | H26: 0 | I26: 2 | J26: 3 | K26: 0 | L26: 0 | M26: 56 | N26: 0 | O26: =SUM(C26:L26,N26) -> 19 | P26: =SUM(C26:N26) -> 75 | R26: IP Period | S26: =SUM(S13:S18) -> 174 | T26: =SUM(T13:T18) -> 49 | U26: =SUM(U13:U18) -> 57 | V26: =SUM(V13:V18) -> 50 | W26: =SUM(W13:W18) -> 4 | X26: =SUM(X13:X18) -> 2 | Y26: =SUM(Y13:Y18) -> 48 | Z26: =SUM(Z13:Z18) -> 3 | ... AF26: =SUM(AF13:AF18) -> 1362
B27: 11.15 - 11.30 | C27: 5 | D27: 3 | E27: 3 | F27: 0 | G27: 0 | H27: 0 | I27: 0 | J27: 0 | K27: 0 | L27: 0 | M27: 43 | N27: 0 | O27: =SUM(C27:L27,N27) -> 11 | P27: =SUM(C27:N27) -> 54 | R27: PM Period | S27: =SUM(S19:S21) -> 140 | T27: =SUM(T19:T21) -> 27 | U27: =SUM(U19:U21) -> 29 | V27: =SUM(V19:V21) -> 60 | W27: =SUM(W19:W21) -> 14 | X27: =SUM(X19:X21) -> 0 | Y27: =SUM(Y19:Y21) -> 8 | Z27: =SUM(Z19:Z21) -> 2 | ... AF27: =SUM(AF19:AF21) -> 587
B28: 11.30 - 11.45 | C28: 4 | D28: 2 | E28: 3 | F28: 5 | G28: 2 | H28: 0 | I28: 2 | J28: 0 | K28: 0 | L28: 0 | M28: 44 | N28: 0 | O28: =SUM(C28:L28,N28) -> 18 | P28: =SUM(C28:N28) -> 62 | R28: 12 Hours | S28: =SUM(S10:S21) -> 451 | T28: =SUM(T10:T21) -> 105 | U28: =SUM(U10:U21) -> 124 | V28: =SUM(V10:V21) -> 155 | W28: =SUM(W10:W21) -> 25 | X28: =SUM(X10:X21) -> 10 | Y28: =SUM(Y10:Y21) -> 65 | Z28: =SUM(Z10:Z21) -> 7 | ... AF28: =SUM(AF10:AF21) -> 2596
B29: 11.45 - 12.00 | C29: 7 | D29: 1 | E29: 1 | F29: 7 | G29: 0 | H29: 2 | I29: 0 | J29: 0 | K29: 0 | L29: 0 | M29: 36 | N29: 0 | O29: =SUM(C29:L29,N29) -> 18 | P29: =SUM(C29:N29) -> 54
B30: 12.00 - 12.15 | C30: 11 | D30: 2 | E30: 3 | F30: 4 | G30: 0 | H30: 0 | I30: 5 | J30: 0 | K30: 0 | L30: 0 | M30: 55 | N30: 0 | O30: =SUM(C30:L30,N30) -> 25 | P30: =SUM(C30:N30) -> 80
B31: 12.15 - 12.30 | C31: 9 | D31: 3 | E31: 3 | F31: 0 | G31: 0 | H31: 0 | I31: 10 | J31: 0 | K31: 0 | L31: 0 | M31: 50 | N31: 0 | O31: =SUM(C31:L31,N31) -> 25 | P31: =SUM(C31:N31) -> 75
B32: 12.30 - 12.45 | C32: 10 | D32: 1 | E32: 1 | F32: 0 | G32: 0 | H32: 0 | I32: 0 | J32: 0 | K32: 0 | L32: 0 | M32: 35 | N32: 0 | O32: =SUM(C32:L32,N32) -> 12 | P32: =SUM(C32:N32) -> 47
B33: 12.45 - 13.00 | C33: 10 | D33: 3 | E33: 3 | F33: 2 | G33: 0 | H33: 0 | I33: 2 | J33: 0 | K33: 0 | L33: 0 | M33: 32 | N33: 0 | O33: =SUM(C33:L33,N33) -> 20 | P33: =SUM(C33:N33) -> 52
B34: 13.00 - 13.15 | C34: 8 | D34: 4 | E34: 4 | F34: 2 | G34: 0 | H34: 0 | I34: 4 | J34: 0 | K34: 0 | L34: 0 | M34: 60 | N34: 0 | O34: =SUM(C34:L34,N34) -> 22 | P34: =SUM(C34:N34) -> 82
B35: 13.15 - 13.30 | C35: 18 | D35: 3 | E35: 3 | F35: 7 | G35: 0 | H35: 0 | I35: 2 | J35: 0 | K35: 0 | L35: 0 | M35: 50 | N35: 0 | O35: =SUM(C35:L35,N35) -> 33 | P35: =SUM(C35:N35) -> 83
B36: 13.30 - 13.45 | C36: 10 | D36: 2 | E36: 3 | F36: 3 | G36: 0 | H36: 0 | I36: 4 | J36: 0 | K36: 0 | L36: 0 | M36: 46 | N36: 0 | O36: =SUM(C36:L36,N36) -> 22 | P36: =SUM(C36:N36) -> 68
B37: 13.45 - 14.00 | C37: 13 | D37: 2 | E37: 3 | F37: 2 | G37: 2 | H37: 0 | I37: 5 | J37: 0 | K37: 0 | L37: 0 | M37: 48 | N37: 0 | O37: =SUM(C37:L37,N37) -> 27 | P37: =SUM(C37:N37) -> 75
B38: 14.00 - 14.15 | C38: 2 | D38: 1 | E38: 1 | F38: 0 | G38: 0 | H38: 0 | I38: 1 | J38: 0 | K38: 0 | L38: 0 | M38: 24 | N38: 0 | O38: =SUM(C38:L38,N38) -> 5 | P38: =SUM(C38:N38) -> 29
B39: 14.15 - 14.30 | C39: 3 | D39: 0 | E39: 0 | F39: 2 | G39: 0 | H39: 0 | I39: 0 | J39: 0 | K39: 0 | L39: 0 | M39: 30 | N39: 0 | O39: =SUM(C39:L39,N39) -> 5 | P39: =SUM(C39:N39) -> 35
B40: 14.30 - 14.45 | C40: 9 | D40: 3 | E40: 3 | F40: 0 | G40: 0 | H40: 0 | I40: 3 | J40: 0 | K40: 0 | L40: 0 | M40: 60 | N40: 0 | O40: =SUM(C40:L40,N40) -> 18 | P40: =SUM(C40:N40) -> 78
... B57: 18.45 - 19.00 | C57: 2 | D57: 0 | E57: 0 | F57: 4 | G57: 0 | H57: 0 | I57: 0 | J57: 0 | K57: 0 | L57: 0 | M57: 30 | N57: 0 | O57: =SUM(C57:L57,N57) -> 6 | P57: =SUM(C57:N57) -> 36
B58: Totals | C58: =SUM(C10:C57) -> 451 | D58: =SUM(D10:D57) -> 105 | E58: =SUM(E10:E57) -> 124 | F58: =SUM(F10:F57) -> 155 | G58: =SUM(G10:G57) -> 25 | H58: =SUM(H10:H57) -> 10 | I58: =SUM(I10:I57) -> 65 | J58: =SUM(J10:J57) -> 7 | ... P58: =SUM(P10:P57) -> 2596
B59: %ges + MCs | C59: =C58/$P$58 -> 0.17372881 | D59: =D58/$P$58 -> 0.040446841 | E59: =E58/$P$58 -> 0.047765794 | F59: =F58/$P$58 -> 0.059707242 | G59: =G58/$P$58 -> 0.0096302003 | H59: =H58/$P$58 -> 0.0038520801 | I59: =I58/$P$58 -> 0.025038521 | J59: =J58/$P$58 -> 0.0026964561 | ... N59: =N58/$P$58 -> 0
B60: %ges w/o MCs | C60: =C58/$O$58 -> 0.47876858 | D60: =D58/$O$58 -> 0.11146497 | E60: =E58/$O$58 -> 0.13163482 | F60: =F58/$O$58 -> 0.16454352 | G60: =G58/$O$58 -> 0.026539278 | H60: =H58/$O$58 -> 0.010615711 | I60: =I58/$O$58 -> 0.069002123 | J60: =J58/$O$58 -> 0.0074309979 | ... L60: =L58/$O$58 -> 0 | N60: =N58/$O$58 -> 0

Sheet 06.08 Arua-Koboko
B1: Consultancy services for Preparation of Expressway Development Master Plan (EDMP) for Uganda
B2: MANUAL CLASSIFIED COUNT (MCC)
B3: ROAD NAME: | C3: ='31.07 Arua-Koboko'!C3:G3 -> MCC - C5 - STN127 - KOBOKO-ARUA ROAD
C5: Date | D5: ='06.08 Koboko-Arua'!D5 -> 06.08.19 | F5: Location | G5: ='06.08 Koboko-Arua'!G5:H5 -> xxx | J5: Surveyor | K5: ='06.08 Koboko-Arua'!K5:L5 -> xxx
C6: Dir. From | D6: ='31.07 Arua-Koboko'!D6:E6 -> Arua | F6: Dir. To | G6: ='31.07 Arua-Koboko'!G6:H6 -> Koboko | J6: Supervisor | K6: ='06.08 Koboko-Arua'!K6:L6 -> xxx
B8: Time / Veh Type | R8: SUMMARY TRAFFIC VOLUMES
C9: 1. Car | D9: 2. Station Wagon | E9: 3. Pickups | F9: 4. Minibus, matatu | G9: 5. Medium bus | H9: 6. Large Bus | I9: 7. Light Truck | J9: 8. Medium Truck | K9: 9. Heavy truck | L9: 10. Truck Trailer | M9: 11. Motor cycles | N9: 12. Tractors | O9: Total Excl M/Cycles | P9: Total All | R9: Time | S9: 1. Car | T9: 2. Station Wagon | U9: 3. Pickups | V9: 4. Minibus, matatu | W9: 5. Medium bus | X9: 6. Large Bus | Y9: 7. Light Truck | Z9: 8. Medium Truck | AA9: 9. Heavy truck | AB9: 10. Truck Trailer | AC9: 11. Motorcycles | AD9: 12. Tractors, Graders | AE9: Total Excl M/ Cycles | AF9: Total All
B10: 07.00 - 07.15 | C10: 10 | D10: 0 | E10: 0 | F10: 2 | G10: 1 | H10: 0 | I10: 2 | J10: 1 | K10: 0 | L10: 0 | M10: 35 | N10: 0 | O10: =SUM(C10:L10,N10) -> 16 | P10: =SUM(C10:N10) -> 51 | R10: 0700-0800 | S10: =SUM(C10:C13) -> 70 | T10: =SUM(D10:D13) -> 6 | U10: =SUM(E10:E13) -> 17 | V10: =SUM(F10:F13) -> 5 | W10: =SUM(G10:G13) -> 6 | X10: =SUM(H10:H13) -> 0 | Y10: =SUM(I10:I13) -> 8 | Z10: =SUM(J10:J13) -> 5 | ... AF10: =SUM(P10:P13) -> 281
B11: 07.15 - 07.30 | C11: 25 | D11: 0 | E11: 0 | F11: 2 | G11: 3 | H11: 0 | I11: 1 | J11: 2 | K11: 0 | L11: 1 | M11: 50 | N11: 0 | O11: =SUM(C11:L11,N11) -> 34 | P11: =SUM(C11:N11) -> 84 | R11: 0800-0900 | S11: =SUM(C14:C17) -> 43 | T11: =SUM(D14:D17) -> 9 | U11: =SUM(E14:E17) -> 22 | V11: =SUM(F14:F17) -> 6 | W11: =SUM(G14:G17) -> 0 | X11: =SUM(H14:H17) -> 0 | Y11: =SUM(I14:I17) -> 9 | Z11: =SUM(J14:J17) -> 4 | ... AF11: =SUM(P14:P17) -> 231
