Workbook
Name Veh_Type: 'PT-01'!$C$10:$C$38
Name Veh_Type: #REF!
Name zones: #REF!
Name Zones_Ndeke: #REF!
Name Zones_Ndeke: #REF!

Sheet RSI FORM
B1: Feasibility Study and Detailed Design of Kampala - Jinja Highway
B2: Roadside OD Interview Survey
B4: Date: | C4: 40465 | D4: Interviewer: | G4: Survey Station: | H4: Bweyogerere | J4: Direction: | K4: Bweyogerere-Kireka | L4: Coded By: | N4: Chkd By:
B7: Time Period | C7: Veh_Type | D7: Veh_Other | E7: Occupancy | F7: Origin_Address | H7: Origin_Purpose | I7: Origin_other | J7: Destination_Address | L7: Destination_Purpose | M7: Destination_Other | N7: Origin_Zone | O7: Dest_Zone | P7: WTP
F8: Village/Town | G8: City/Country | J8: Village/Town | K8: City/Country
B9: AM | C9: 3 | E9: 2 | F9: Entebbe | G9: Kla, Ug | H9: 1 | J9: Kla | K9: Kla, Ug | L9: 2 | N9: Blank | O9: Blank | P9: Yes | Q9: 3000
B10: AM | C10: 1 | E10: 1 | F10: Kiwanga | G10: Kla, Ug | H10: 1 | J10: Kla | K10: Kla, Ug | L10: 2 | N10: Blank | O10: Blank | P10: Yes | Q10: 2000
B11: AM | E11: 1 | F11: Bukoto | G11: Kla, Ug | H11: 3 | J11: Kla | K11: Kla, Ug | L11: 1 | N11: Blank | O11: Blank
B12: AM
B13: AM
B14: AM
B15: AM
B16: AM
B17: AM
B18: AM
B19: AM
B20: AM
B21: AM
B22: AM
B23: AM
... B53: AM

Sheet PT-01
B1: Consultancy services for Preparation of Expressway Development Master Plan (EDMP) for Uganda
B2: Public Transport/Bus Surveys
B4: Date: | D4: 01.08.19 | G4: Location | J4: Coded By: | N4: Chkd By: | O4: Bakole. D.M
B5: Enumerator: | G5: Supervisor:
B7: Time | C7: Veh_Type | D7: Type of Veh. | E7: Veh_Reg_No. | F7: IN / OUT | G7: Origin_Address | J7: Destination_Address | M7: No. Passengers | N7: Cost of Trip (UGX) | O7: Approx_Journey Time (Hrs)
G8: Town | H8: District | I8: Country | J8: Town | K8: District | L8: Journey_Desc
B9: 13/08/2019 | E9: GLOBAL
B10: 0.71666667 | C10: 6 | D10: =IF(C10="", "",VLOOKUP(C10,Key!$A$5:$B$7,2,FALSE)) -> Large Bus | E10: GLOBAL | F10: IN | G10: MBARARA | H10: MBARARA | I10: UG | J10: KAMPALA | K10: KAMPALA | L10: =H10&"-"&K10 -> MBARARA-KAMPALA | M10: 65 | N10: 20000 | O10: 4.9
B11: 0.73819444 | C11: 6 | D11: =IF(C11="", "",VLOOKUP(C11,Key!$A$5:$B$7,2,FALSE)) -> Large Bus | E11: GLOBAL | F11: IN | G11: MBARARA | H11: MBARARA | I11: UG | J11: KAMPALA | K11: KAMPALA | L11: =H11&"-"&K11 -> MBARARA-KAMPALA | M11: 65 | N11: 20000 | O11: 4.9
B12: 0.74097222 | C12: 6 | D12: =IF(C12="", "",VLOOKUP(C12,Key!$A$5:$B$7,2,FALSE)) -> Large Bus | E12: GLOBAL | F12: IN | G12: MBARARA | H12: MBARARA | I12: UG | J12: KAMPALA | K12: KAMPALA | L12: =H12&"-"&K12 -> MBARARA-KAMPALA | M12: 67 | N12: 20000 | O12: 4.9
B13: 0.75625 | C13: 6 | D13: =IF(C13="", "",VLOOKUP(C13,Key!$A$5:$B$7,2,FALSE)) -> Large Bus | E13: GLOBAL | F13: IN | G13: MBARARA | H13: MBARARA | I13: UG | J13: KAMPALA | K13: KAMPALA | L13: =H13&"-"&K13 -> MBARARA-KAMPALA | M13: 67 | N13: 20000 | O13: 4.9
B14: 0.75833333 | C14: 6 | D14: =IF(C14="", "",VLOOKUP(C14,Key!$A$5:$B$7,2,FALSE)) -> Large Bus | E14: GLOBAL | F14: IN | G14: MBARARA | H14: MBARARA | I14: UG | J14: KAMPALA | K14: KAMPALA | L14: =H14&"-"&K14 -> MBARARA-KAMPALA | M14: 65 | N14: 20000 | O14: 4.9
B15: 0.75902778 | C15: 6 | D15: =IF(C15="", "",VLOOKUP(C15,Key!$A$5:$B$7,2,FALSE)) -> Large Bus | E15: GLOBAL | F15: IN | G15: MBARARA | H15: MBARARA | I15: UG | J15: KAMPALA | K15: KAMPALA | L15: =H15&"-"&K15 -> MBARARA-KAMPALA | M15: 65 | N15: 20000 | O15: 4.9
B16: 0.76388889 | C16: 6 | D16: =IF(C16="", "",VLOOKUP(C16,Key!$A$5:$B$7,2,FALSE)) -> Large Bus | E16: GLOBAL | F16: IN | G16: MBARARA | H16: MBARARA | I16: UG | J16: KAMPALA | K16: KAMPALA | L16: =H16&"-"&K16 -> MBARARA-KAMPALA | M16: 67 | N16: 20000 | O16: 4.9
B17: 0.76458333 | C17: 6 | D17: =IF(C17="", "",VLOOKUP(C17,Key!$A$5:$B$7,2,FALSE)) -> Large Bus | E17: GLOBAL | F17: IN | G17: MBARARA | H17: MBARARA | I17: UG | J17: KAMPALA | K17: KAMPALA | L17: =H17&"-"&K17 -> MBARARA-KAMPALA | M17: 67 | N17: 20000 | O17: 4.9
B18: 0.78263889 | C18: 6 | D18: =IF(C18="", "",VLOOKUP(C18,Key!$A$5:$B$7,2,FALSE)) -> Large Bus | E18: GLOBAL | F18: IN | G18: MBARARA | H18: MBARARA | I18: UG | J18: KAMPALA | K18: KAMPALA | L18: =H18&"-"&K18 -> MBARARA-KAMPALA | M18: 65 | N18: 20000 | O18: 4.9
B19: 0.78402778 | C19: 6 | D19: =IF(C19="", "",VLOOKUP(C19,Key!$A$5:$B$7,2,FALSE)) -> Large Bus | E19: GLOBAL | F19: IN | G19: MBARARA | H19: MBARARA | I19: UG | J19: KAMPALA | K19: KAMPALA | L19: =H19&"-"&K19 -> MBARARA-KAMPALA | M19: 67 | N19: 20000 | O19: 4.9
B20: 0.60763889 | C20: 6 | D20: =IF(C20="", "",VLOOKUP(C20,Key!$A$5:$B$7,2,FALSE)) -> Large Bus | E20: GLOBAL | F20: OUT | G20: KAMPALA | H20: KAMPALA | I20: UG | J20: MBARARA | K20: MBARARA | L20: =H20&"-"&K20 -> KAMPALA-MBARARA | M20: 67 | N20: 20000 | O20: 4.9
B21: 0.61180556 | C21: 6 | D21: =IF(C21="", "",VLOOKUP(C21,Key!$A$5:$B$7,2,FALSE)) -> Large Bus | E21: GLOBAL | F21: OUT | G21: KAMPALA | H21: KAMPALA | I21: UG | J21: MBARARA | K21: MBARARA | L21: =H21&"-"&K21 -> KAMPALA-MBARARA | M21: 67 | N21: 20000 | O21: 4.9
... B57: 0.20138889 | C57: 6 | D57: =IF(C57="", "",VLOOKUP(C57,Key!$A$5:$B$7,2,FALSE)) -> Large Bus | E57: GLOBAL | F57: IN | G57: MBARARA | H57: MBARARA | I57: UG | J57: CITY | K57: KAMPALA | L57: =H57&"-"&K57 -> MBARARA-KAMPALA | M57: 67 | N57: 20000 | O57: 4.9
B58: 14/08/2019 | E58: GLOBAL | I58: UG | L58: =H58&"-"&K58 -> -
B59: 0.82638889 | C59: 6 | D59: =IF(C59="", "",VLOOKUP(C59,Key!$A$5:$B$7,2,FALSE)) -> Large Bus | E59: GLOBAL | F59: OUT | G59: KAMPALA | H59: KAMPALA | I59: UG | J59: MBARARA | K59: MBARARA | L59: =H59&"-"&K59 -> KAMPALA-MBARARA | M59: 70 | N59: 20000 | O59: 4.9
B60: 0.86111111 | C60: 6 | D60: =IF(C60="", "",VLOOKUP(C60,Key!$A$5:$B$7,2,FALSE)) -> Large Bus | E60: GLOBAL | F60: OUT | G60: KAMPALA | H60: KAMPALA | I60: UG | J60: MBARARA | K60: MBARARA | L60: =H60&"-"&K60 -> KAMPALA-MBARARA | M60: 70 | N60: 20000 | O60: 4.9
B61: 0.87847222 | C61: 6 | D61: =IF(C61="", "",VLOOKUP(C61,Key!$A$5:$B$7,2,FALSE)) -> Large Bus | E61: GLOBAL | F61: OUT | G61: KAMPALA | H61: KAMPALA | I61: UG | J61: MBARARA | K61: MBARARA | L61: =H61&"-"&K61 -> KAMPALA-MBARARA | M61: 67 | N61: 20000 | O61: 4.9
B62: 0.91180556 | C62: 6 | D62: =IF(C62="", "",VLOOKUP(C62,Key!$A$5:$B$7,2,FALSE)) -> Large Bus | E62: GLOBAL | F62: OUT | G62: KAMPALA | H62: KAMPALA | I62: UG | J62: MBARARA | K62: MBARARA | L62: =H62&"-"&K62 -> KAMPALA-MBARARA | M62: 68 | N62: 20000 | O62: 4.9
B63: 0.97916667 | C63: 6 | D63: =IF(C63="", "",VLOOKUP(C63,Key!$A$5:$B$7,2,FALSE)) -> Large Bus | E63: GLOBAL | F63: OUT | G63: KAMPALA | H63: KAMPALA | I63: UG | J63: MBARARA | K63: MBARARA | L63: =H63&"-"&K63 -> KAMPALA-MBARARA | M63: 67 | N63: 20000 | O63: 4.9
B64: 0.029166667 | C64: 6 | D64: =IF(C64="", "",VLOOKUP(C64,Key!$A$5:$B$7,2,FALSE)) -> Large Bus | E64: GLOBAL | F64: OUT | G64: KAMPALA | H64: KAMPALA | I64: UG | J64: MBARARA | K64: MBARARA | L64: =H64&"-"&K64 -> KAMPALA-MBARARA | M64: 65 | N64: 20000 | O64: 4.9
B65: 0.077777778 | C65: 6 | D65: =IF(C65="", "",VLOOKUP(C65,Key!$A$5:$B$7,2,FALSE)) -> Large Bus | E65: GLOBAL | F65: OUT | G65: KAMPALA | H65: KAMPALA | I65: UG | J65: MBARARA | K65: MBARARA | L65: =H65&"-"&K65 -> KAMPALA-MBARARA | M65: 65 | N65: 20000 | O65: 4.9
B66: 0.12013889 | C66: 6 | D66: =IF(C66="", "",VLOOKUP(C66,Key!$A$5:$B$7,2,FALSE)) -> Large Bus | E66: GLOBAL | F66: OUT | G66: KAMPALA | H66: KAMPALA | I66: UG | J66: MBARARA | K66: MBARARA | L66: =H66&"-"&K66 -> KAMPALA-MBARARA | M66: 65 | N66: 20000 | O66: 4.9
B67: 0.15416667 | C67: 6 | D67: =IF(C67="", "",VLOOKUP(C67,Key!$A$5:$B$7,2,FALSE)) -> Large Bus | E67: GLOBAL | F67: OUT | G67: KAMPALA | H67: KAMPALA | I67: UG | J67: MBARARA | K67: MBARARA | L67: =H67&"-"&K67 -> KAMPALA-MBARARA | M67: 65 | N67: 20000 | O67: 4.9
B68: 0.1875 | C68: 6 | D68: =IF(C68="", "",VLOOKUP(C68,Key!$A$5:$B$7,2,FALSE)) -> Large Bus | E68: GLOBAL | F68: OUT | G68: KAMPALA | H68: KAMPALA | I68: UG | J68: MBARARA | K68: MBARARA | L68: =H68&"-"&K68 -> KAMPALA-MBARARA | M68: 65 | N68: 20000 | O68: 4.9
B69: 0.22222222 | C69: 6 | D69: =IF(C69="", "",VLOOKUP(C69,Key!$A$5:$B$7,2,FALSE)) -> Large Bus | E69: GLOBAL | F69: OUT | G69: KAMPALA | H69: KAMPALA | I69: UG | J69: MBARARA | K69: MBARARA | L69: =H69&"-"&K69 -> KAMPALA-MBARARA | M69: 67 | N69: 20000 | O69: 4.9
B70: 0.26041667 | C70: 6 | D70: =IF(C70="", "",VLOOKUP(C70,Key!$A$5:$B$7,2,FALSE)) -> Large Bus | E70: GLOBAL | F70: OUT | G70: KAMPALA | H70: KAMPALA | I70: UG | J70: MBARARA | K70: MBARARA | L70: =H70&"-"&K70 -> KAMPALA-MBARARA | M70: 67 | N70: 20000 | O70: 4.9
... B145: 0.71527778 | C145: 6 | D145: =IF(C145="", "",VLOOKUP(C145,Key!$A$5:$B$7,2,FALSE)) -> Large Bus | E145: GLOBAL | F145: IN | G145: MBARARA | H145: MBARARA | I145: UG | J145: KAMPALA | K145: KAMPALA | L145: =H145&"-"&K145 -> MBARARA-KAMPALA | M145: 65 | N145: 20000 | O145: 4.9
B146: 15/08/2019 | E146: GLOBAL | I146: UG | L146: =H146&"-"&K146 -> -
B147: 0.33055556 | C147: 6 | D147: =IF(C147="", "",VLOOKUP(C147,Key!$A$5:$B$7,2,FALSE)) -> Large Bus | E147: GLOBAL | F147: OUT | G147: KAMPALA | H147: KAMPALA | I147: UG | J147: MBARARA | K147: MBARARA | L147: =H147&"-"&K147 -> KAMPALA-MBARARA | M147: 67 | N147: 20000 | O147: 4.9
B148: 0.34513889 | C148: 6 | D148: =IF(C148="", "",VLOOKUP(C148,Key!$A$5:$B$7,2,FALSE)) -> Large Bus | E148: GLOBAL | F148: OUT | G148: KAMPALA | H148: KAMPALA | I148: UG | J148: MBARARA | K148: MBARARA | L148: =H148&"-"&K148 -> KAMPALA-MBARARA | M148: 65 | N148: 20000 | O148: 4.9
B149: 0.3625 | C149: 6 | D149: =IF(C149="", "",VLOOKUP(C149,Key!$A$5:$B$7,2,FALSE)) -> Large Bus | E149: GLOBAL | F149: OUT | G149: KAMPALA | H149: KAMPALA | I149: UG | J149: MBARARA | K149: MBARARA | L149: =H149&"-"&K149 -> KAMPALA-MBARARA | M149: 67 | N149: 20000 | O149: 4.9
B150: 0.38402778 | C150: 6 | D150: =IF(C150="", "",VLOOKUP(C150,Key!$A$5:$B$7,2,FALSE)) -> Large Bus | E150: GLOBAL | F150: OUT | G150: KAMPALA | H150: KAMPALA | I150: UG | J150: MBARARA | K150: MBARARA | L150: =H150&"-"&K150 -> KAMPALA-MBARARA | M150: 65 | N150: 20000 | O150: 4.9
B151: 0.40138889 | C151: 6 | D151: =IF(C151="", "",VLOOKUP(C151,Key!$A$5:$B$7,2,FALSE)) -> Large Bus | E151: GLOBAL | F151: OUT | G151: KAMPALA | H151: KAMPALA | I151: UG | J151: MBARARA | K151: MBARARA | L151: =H151&"-"&K151 -> KAMPALA-MBARARA | M151: 67 | N151: 20000 | O151: 4.9
B152: 0.41388889 | C152: 6 | D152: =IF(C152="", "",VLOOKUP(C152,Key!$A$5:$B$7,2,FALSE)) -> Large Bus | E152: GLOBAL | F152: OUT | G152: KAMPALA | H152: KAMPALA | I152: UG | J152: MBARARA | K152: MBARARA | L152: =H152&"-"&K152 -> KAMPALA-MBARARA | M152: 65 | N152: 20000 | O152: 4.9
B153: 0.42847222 | C153: 6 | D153: =IF(C153="", "",VLOOKUP(C153,Key!$A$5:$B$7,2,FALSE)) -> Large Bus | E153: GLOBAL | F153: OUT | G153: KAMPALA | H153: KAMPALA | I153: UG | J153: MBARARA | K153: MBARARA | L153: =H153&"-"&K153 -> KAMPALA-MBARARA | M153: 65 | N153: 20000 | O153: 4.9
B154: 0.44027778 | C154: 6 | D154: =IF(C154="", "",VLOOKUP(C154,Key!$A$5:$B$7,2,FALSE)) -> Large Bus | E154: GLOBAL | F154: OUT | G154: KAMPALA | H154: KAMPALA | I154: UG | J154: MBARARA | K154: MBARARA | L154: =H154&"-"&K154 -> KAMPALA-MBARARA | M154: 67 | N154: 20000 | O154: 4.9
B155: 0.45486111 | C155: 6 | D155: =IF(C155="", "",VLOOKUP(C155,Key!$A$5:$B$7,2,FALSE)) -> Large Bus | E155: GLOBAL | F155: OUT | G155: KAMPALA | H155: KAMPALA | I155: UG | J155: MBARARA | K155: MBARARA | L155: =H155&"-"&K155 -> KAMPALA-MBARARA | M155: 65 | N155: 20000 | O155: 4.9
B156: 0.46458333 | C156: 6 | D156: =IF(C156="", "",VLOOKUP(C156,Key!$A$5:$B$7,2,FALSE)) -> Large Bus | E156: GLOBAL | F156: OUT | G156: KAMPALA | H156: KAMPALA | I156: UG | J156: MBARARA | K156: MBARARA | L156: =H156&"-"&K156 -> KAMPALA-MBARARA | M156: 63 | N156: 20000 | O156: 4.9
B157: 0.48333333 | C157: 6 | D157: =IF(C157="", "",VLOOKUP(C157,Key!$A$5:$B$7,2,FALSE)) -> Large Bus | E157: GLOBAL | F157: OUT | G157: KAMPALA | H157: KAMPALA | I157: UG | J157: MBARARA | K157: MBARARA | L157: =H157&"-"&K157 -> KAMPALA-MBARARA | M157: 65 | N157: 20000 | O157: 4.9
B158: 0.49166667 | C158: 6 | D158: =IF(C158="", "",VLOOKUP(C158,Key!$A$5:$B$7,2,FALSE)) -> Large Bus | E158: GLOBAL | F158: OUT | G158: KAMPALA | H158: KAMPALA | I158: UG | J158: MBARARA | K158: MBARARA | L158: =H158&"-"&K158 -> KAMPALA-MBARARA | M158: 65 | N158: 20000 | O158: 4.9
... B186: 0.71388889 | C186: 6 | D186: =IF(C186="", "",VLOOKUP(C186,Key!$A$5:$B$7,2,FALSE)) -> Large Bus | E186: GLOBAL | F186: IN | G186: MBARARA | H186: MBARARA | I186: UG | J186: KAMPALA | K186: KAMPALA | L186: =H186&"-"&K186 -> MBARARA-KAMPALA | M186: 67 | N186: 20000 | O186: 4.9
B187: 05:39 | C187: 6 | D187: =IF(C187="", "",VLOOKUP(C187,Key!$A$5:$B$7,2,FALSE)) -> Large Bus | E187: GLOBAL | F187: IN | G187: MBARARA | H187: MBARARA | I187: UG | J187: KAMPALA | K187: KAMPALA | L187: =H187&"-"&K187 -> MBARARA-KAMPALA | M187: 65 | N187: 20000 | O187: 4.9
B188: 05:43 | C188: 6 | D188: =IF(C188="", "",VLOOKUP(C188,Key!$A$5:$B$7,2,FALSE)) -> Large Bus | E188: GLOBAL | F188: IN | G188: MBARARA | H188: MBARARA | I188: UG | J188: KAMPALA | K188: KAMPALA | L188: =H188&"-"&K188 -> MBARARA-KAMPALA | M188: 65 | N188: 20000 | O188: 4.9
B189: 06:03 | C189: 6 | D189: =IF(C189="", "",VLOOKUP(C189,Key!$A$5:$B$7,2,FALSE)) -> Large Bus | E189: GLOBAL | F189: IN | G189: MBARARA | H189: MBARARA | I189: UG | J189: KAMPALA | K189: KAMPALA | L189: =H189&"-"&K189 -> MBARARA-KAMPALA | M189: 69 | N189: 20000 | O189: 4.9
B190: 0.35416667 | C190: 6 | D190: =IF(C190="", "",VLOOKUP(C190,Key!$A$5:$B$7,2,FALSE)) -> Large Bus | E190: GLOBAL | F190: IN | G190: MBARARA | H190: MBARARA | I190: UG | J190: KAMPALA | K190: KAMPALA | L190: =H190&"-"&K190 -> MBARARA-KAMPALA | M190: 65 | N190: 20000 | O190: 4.9
B191: 0.40902778 | C191: 6 | D191: =IF(C191="", "",VLOOKUP(C191,Key!$A$5:$B$7,2,FALSE)) -> Large Bus | E191: GLOBAL | F191: IN | G191: MBARARA | H191: MBARARA | I191: UG | J191: KAMPALA | K191: KAMPALA | L191: =H191&"-"&K191 -> MBARARA-KAMPALA | M191: 67 | N191: 20000 | O191: 4.9
B192: 0.45763889 | C192: 6 | D192: =IF(C192="", "",VLOOKUP(C192,Key!$A$5:$B$7,2,FALSE)) -> Large Bus | E192: GLOBAL | F192: IN | G192: MBARARA | H192: MBARARA | I192: UG | J192: KAMPALA | K192: KAMPALA | L192: =H192&"-"&K192 -> MBARARA-KAMPALA | M192: 67 | N192: 20000 | O192: 4.9
B193: 0.081944444 | C193: 6 | D193: =IF(C193="", "",VLOOKUP(C193,Key!$A$5:$B$7,2,FALSE)) -> Large Bus | E193: GLOBAL | F193: IN | G193: MBARARA | H193: MBARARA | I193: UG | J193: KAMPALA | K193: KAMPALA | L193: =H193&"-"&K193 -> MBARARA-KAMPALA | M193: 65 | N193: 20000 | O193: 4.9
B194: 0.53402778 | C194: 6 | D194: =IF(C194="", "",VLOOKUP(C194,Key!$A$5:$B$7,2,FALSE)) -> Large Bus | E194: GLOBAL | F194: IN | G194: MBARARA | H194: MBARARA | I194: UG | J194: KAMPALA | K194: KAMPALA | L194: =H194&"-"&K194 -> MBARARA-KAMPALA | M194: 65 | N194: 20000 | O194: 4.9
B195: 0.5375 | C195: 6 | D195: =IF(C195="", "",VLOOKUP(C195,Key!$A$5:$B$7,2,FALSE)) -> Large Bus | E195: GLOBAL | F195: IN | G195: MBARARA | H195: MBARARA | I195: UG | J195: KAMPALA | K195: KAMPALA | L195: =H195&"-"&K195 -> MBARARA-KAMPALA | M195: 63 | N195: 20000 | O195: 4.9
B196: 0.56111111 | C196: 6 | D196: =IF(C196="", "",VLOOKUP(C196,Key!$A$5:$B$7,2,FALSE)) -> Large Bus | E196: GLOBAL | F196: IN | G196: MBARARA | H196: MBARARA | I196: UG | J196: KAMPALA | K196: KAMPALA | L196: =H196&"-"&K196 -> MBARARA-KAMPALA | M196: 63 | N196: 20000 | O196: 4.9
B197: 0.56458333 | C197: 6 | D197: =IF(C197="", "",VLOOKUP(C197,Key!$A$5:$B$7,2,FALSE)) -> Large Bus | E197: GLOBAL | F197: IN | G197: MBARARA | H197: MBARARA | I197: UG | J197: KAMPALA | K197: KAMPALA | L197: =H197&"-"&K197 -> MBARARA-KAMPALA | M197: 65 | N197: 20000 | O197: 4.9
B198: 0.58194444 | C198: 6 | D198: =IF(C198="", "",VLOOKUP(C198,Key!$A$5:$B$7,2,FALSE)) -> Large Bus | E198: GLOBAL | F198: IN | G198: MBARARA | H198: MBARARA | I198: UG | J198: KAMPALA | K198: KAMPALA | L198: =H198&"-"&K198 -> MBARARA-KAMPALA | M198: 65 | N198: 20000 | O198: 4.9
B199: 0.60208333 | C199: 6 | D199: =IF(C199="", "",VLOOKUP(C199,Key!$A$5:$B$7,2,FALSE)) -> Large Bus | E199: GLOBAL | F199: IN | G199: MBARARA | H199: MBARARA | I199: UG | J199: KAMPALA | K199: KAMPALA | L199: =H199&"-"&K199 -> MBARARA-KAMPALA | M199: 67 | N199: 20000 | O199: 4.9
B200: 0.60416667 | C200: 6 | D200: =IF(C200="", "",VLOOKUP(C200,Key!$A$5:$B$7,2,FALSE)) -> Large Bus | E200: GLOBAL | F200: IN | G200: MBARARA | H200: MBARARA | I200: UG | J200: KAMPALA | K200: KAMPALA | L200: =H200&"-"&K200 -> MBARARA-KAMPALA | M200: 65 | N200: 20000 | O200: 4.9
B201: 0.61458333 | C201: 6 | D201: =IF(C201="", "",VLOOKUP(C201,Key!$A$5:$B$7,2,FALSE)) -> Large Bus | E201: GLOBAL | F201: IN | G201: MBARARA | H201: MBARARA | I201: UG | J201: KAMPALA | K201: KAMPALA | L201: =H201&"-"&K201 -> MBARARA-KAMPALA | M201: 67 | N201: 20000 | O201: 4.9
... B209: 0.73472222 | C209: 6 | D209: =IF(C209="", "",VLOOKUP(C209,Key!$A$5:$B$7,2,FALSE)) -> Large Bus | E209: GLOBAL | F209: IN | G209: MBARARA | H209: MBARARA | I209: UG | J209: KAMPALA | K209: KAMPALA | L209: =H209&"-"&K209 -> MBARARA-KAMPALA | M209: 67 | N209: 20000 | O209: 4.9
B210: 15/08/2019 | E210: GLOBAL | I210: UG | L210: =H210&"-"&K210 -> -
B211: 0.60694444 | C211: 6 | D211: =IF(C211="", "",VLOOKUP(C211,Key!$A$5:$B$7,2,FALSE)) -> Large Bus | E211: GLOBAL | F211: OUT | G211: KAMPALA | H211: KAMPALA | I211: UG | J211: MBARARA | K211: MBARARA | L211: =H211&"-"&K211 -> KAMPALA-MBARARA | M211: 65 | N211: 20000 | O211: 4.9
B212: 0.61666667 | C212: 6 | D212: =IF(C212="", "",VLOOKUP(C212,Key!$A$5:$B$7,2,FALSE)) -> Large Bus | E212: GLOBAL | F212: OUT | G212: KAMPALA | H212: KAMPALA | I212: UG | J212: MBARARA | K212: MBARARA | L212: =H212&"-"&K212 -> KAMPALA-MBARARA | M212: 64 | N212: 20000 | O212: 4.9
B213: 0.62847222 | C213: 6 | D213: =IF(C213="", "",VLOOKUP(C213,Key!$A$5:$B$7,2,FALSE)) -> Large Bus | E213: GLOBAL | F213: OUT | G213: KAMPALA | H213: KAMPALA | I213: UG | J213: MBARARA | K213: MBARARA | L213: =H213&"-"&K213 -> KAMPALA-MBARARA | M213: 63 | N213: 20000 | O213: 4.9
B214: 0.64027778 | C214: 6 | D214: =IF(C214="", "",VLOOKUP(C214,Key!$A$5:$B$7,2,FALSE)) -> Large Bus | E214: GLOBAL | F214: OUT | G214: KAMPALA | H214: KAMPALA | I214: UG | J214: MBARARA | K214: MBARARA | L214: =H214&"-"&K214 -> KAMPALA-MBARARA | M214: 58 | N214: 20000 | O214: 4.9
B215: 0.65347222 | C215: 6 | D215: =IF(C215="", "",VLOOKUP(C215,Key!$A$5:$B$7,2,FALSE)) -> Large Bus | E215: GLOBAL | F215: OUT | G215: KAMPALA | H215: KAMPALA | I215: UG | J215: MBARARA | K215: MBARARA | L215: =H215&"-"&K215 -> KAMPALA-MBARARA | M215: 65 | N215: 20000 | O215: 4.9
B216: 0.66805556 | C216: 6 | D216: =IF(C216="", "",VLOOKUP(C216,Key!$A$5:$B$7,2,FALSE)) -> Large Bus | E216: GLOBAL | F216: OUT | G216: KAMPALA | H216: KAMPALA | I216: UG | J216: MBARARA | K216: MBARARA | L216: =H216&"-"&K216 -> KAMPALA-MBARARA | M216: 59 | N216: 20000 | O216: 4.9
B217: 0.67777778 | C217: 6 | D217: =IF(C217="", "",VLOOKUP(C217,Key!$A$5:$B$7,2,FALSE)) -> Large Bus | E217: GLOBAL | F217: OUT | G217: KAMPALA | H217: KAMPALA | I217: UG | J217: MBARARA | K217: MBARARA | L217: =H217&"-"&K217 -> KAMPALA-MBARARA | M217: 63 | N217: 20000 | O217: 4.9
B218: 0.69166667 | C218: 6 | D218: =IF(C218="", "",VLOOKUP(C218,Key!$A$5:$B$7,2,FALSE)) -> Large Bus | E218: GLOBAL | F218: OUT | G218: KAMPALA | H218: KAMPALA | I218: UG | J218: MBARARA | K218: MBARARA | L218: =H218&"-"&K218 -> KAMPALA-MBARARA | M218: 65 | N218: 20000 | O218: 4.9
B219: 0.70347222 | C219: 6 | D219: =IF(C219="", "",VLOOKUP(C219,Key!$A$5:$B$7,2,FALSE)) -> Large Bus | E219: GLOBAL | F219: OUT | G219: KAMPALA | H219: KAMPALA | I219: UG | J219: MBARARA | K219: MBARARA | L219: =H219&"-"&K219 -> KAMPALA-MBARARA | M219: 65 | N219: 20000 | O219: 4.9
B220: 0.71875 | C220: 6 | D220: =IF(C220="", "",VLOOKUP(C220,Key!$A$5:$B$7,2,FALSE)) -> Large Bus | E220: GLOBAL | F220: OUT | G220: KAMPALA | H220: KAMPALA | I220: UG | J220: MBARARA | K220: MBARARA | L220: =H220&"-"&K220 -> KAMPALA-MBARARA | M220: 62 | N220: 20000 | O220: 4.9
B221: 0.73402778 | C221: 6 | D221: =IF(C221="", "",VLOOKUP(C221,Key!$A$5:$B$7,2,FALSE)) -> Large Bus | E221: GLOBAL | F221: OUT | G221: KAMPALA | H221: KAMPALA | I221: UG | J221: MBARARA | K221: MBARARA | L221: =H221&"-"&K221 -> KAMPALA-MBARARA | M221: 67 | N221: 20000 | O221: 4.9
B222: 0.75277778 | C222: 6 | D222: =IF(C222="", "",VLOOKUP(C222,Key!$A$5:$B$7,2,FALSE)) -> Large Bus | E222: GLOBAL | F222: OUT | G222: KAMPALA | H222: KAMPALA | I222: UG | J222: MBARARA | K222: MBARARA | L222: =H222&"-"&K222 -> KAMPALA-MBARARA | M222: 65 | N222: 20000 | O222: 4.9
... B272: 0.29097222 | C272: 6 | D272: =IF(C272="", "",VLOOKUP(C272,Key!$A$5:$B$7,2,FALSE)) -> Large Bus | E272: GLOBAL | F272: IN | G272: MBARARA | H272: MBARARA | I272: UG | J272: CITY | K272: KAMPALA | L272: =H272&"-"&K272 -> MBARARA-KAMPALA | M272: 65 | N272: 20000 | O272: 4.9
B273: 16/08/2019 | E273: GLOBAL | I273: UG | L273: =H273&"-"&K273 -> -
B274: 0.81527778 | C274: 6 | D274: =IF(C274="", "",VLOOKUP(C274,Key!$A$5:$B$7,2,FALSE)) -> Large Bus | E274: GLOBAL | F274: OUT | G274: KAMPALA | H274: KAMPALA | I274: UG | J274: MBARARA | K274: MBARARA | L274: =H274&"-"&K274 -> KAMPALA-MBARARA | M274: 67 | N274: 20000 | O274: 4.9
B275: 0.8375 | C275: 6 | D275: =IF(C275="", "",VLOOKUP(C275,Key!$A$5:$B$7,2,FALSE)) -> Large Bus | E275: GLOBAL | F275: OUT | G275: KAMPALA | H275: KAMPALA | I275: UG | J275: MBARARA | K275: MBARARA | L275: =H275&"-"&K275 -> KAMPALA-MBARARA | M275: 67 | N275: 20000 | O275: 4.9
B276: 0.85555556 | C276: 6 | D276: =IF(C276="", "",VLOOKUP(C276,Key!$A$5:$B$7,2,FALSE)) -> Large Bus | E276: GLOBAL | F276: OUT | G276: KAMPALA | H276: KAMPALA | I276: UG | J276: MBARARA | K276: MBARARA | L276: =H276&"-"&K276 -> KAMPALA-MBARARA | M276: 68 | N276: 20000 | O276: 4.9
B277: 0.87430556 | C277: 6 | D277: =IF(C277="", "",VLOOKUP(C277,Key!$A$5:$B$7,2,FALSE)) -> Large Bus | E277: GLOBAL | F277: OUT | G277: KAMPALA | H277: KAMPALA | I277: UG | J277: MBARARA | K277: MBARARA | L277: =H277&"-"&K277 -> KAMPALA-MBARARA | M277: 67 | N277: 20000 | O277: 4.9
B278: 0.89791667 | C278: 6 | D278: =IF(C278="", "",VLOOKUP(C278,Key!$A$5:$B$7,2,FALSE)) -> Large Bus | E278: GLOBAL | F278: OUT | G278: KAMPALA | H278: KAMPALA | I278: UG | J278: MBARARA | K278: MBARARA | L278: =H278&"-"&K278 -> KAMPALA-MBARARA | M278: 67 | N278: 20000 | O278: 4.9
B279: 0.91944444 | C279: 6 | D279: =IF(C279="", "",VLOOKUP(C279,Key!$A$5:$B$7,2,FALSE)) -> Large Bus | E279: GLOBAL | F279: OUT | G279: KAMPALA | H279: KAMPALA | I279: UG | J279: MBARARA | K279: MBARARA | L279: =H279&"-"&K279 -> KAMPALA-MBARARA | M279: 67 | N279: 20000 | O279: 4.9
B280: 0.95069444 | C280: 6 | D280: =IF(C280="", "",VLOOKUP(C280,Key!$A$5:$B$7,2,FALSE)) -> Large Bus | E280: GLOBAL | F280: OUT | G280: KAMPALA | H280: KAMPALA | I280: UG | J280: MBARARA | K280: MBARARA | L280: =H280&"-"&K280 -> KAMPALA-MBARARA | M280: 67 | N280: 20000 | O280: 4.9
B281: 0.97638889 | C281: 6 | D281: =IF(C281="", "",VLOOKUP(C281,Key!$A$5:$B$7,2,FALSE)) -> Large Bus | E281: GLOBAL | F281: OUT | G281: KAMPALA | H281: KAMPALA | I281: UG | J281: MBARARA | K281: MBARARA | L281: =H281&"-"&K281 -> KAMPALA-MBARARA | M281: 67 | N281: 20000 | O281: 4.9
B282: 0.0048611111 | C282: 6 | D282: =IF(C282="", "",VLOOKUP(C282,Key!$A$5:$B$7,2,FALSE)) -> Large Bus | E282: GLOBAL | F282: OUT | G282: KAMPALA | H282: KAMPALA | I282: UG | J282: MBARARA | K282: MBARARA | L282: =H282&"-"&K282 -> KAMPALA-MBARARA | M282: 67 | N282: 20000 | O282: 4.9
B283: 0.049305556 | C283: 6 | D283: =IF(C283="", "",VLOOKUP(C283,Key!$A$5:$B$7,2,FALSE)) -> Large Bus | E283: GLOBAL | F283: OUT | G283: KAMPALA | H283: KAMPALA | I283: UG | J283: MBARARA | K283: MBARARA | L283: =H283&"-"&K283 -> KAMPALA-MBARARA | M283: 67 | N283: 20000 | O283: 4.9
B284: 0.06875 | C284: 6 | D284: =IF(C284="", "",VLOOKUP(C284,Key!$A$5:$B$7,2,FALSE)) -> Large Bus | E284: GLOBAL | F284: OUT | G284: KAMPALA | H284: KAMPALA | I284: UG | J284: MBARARA | K284: MBARARA | L284: =H284&"-"&K284 -> KAMPALA-MBARARA | M284: 65 | N284: 20000 | O284: 4.9
B285: 0.12847222 | C285: 6 | D285: =IF(C285="", "",VLOOKUP(C285,Key!$A$5:$B$7,2,FALSE)) -> Large Bus | E285: GLOBAL | F285: OUT | G285: KAMPALA | H285: KAMPALA | I285: UG | J285: MBARARA | K285: MBARARA | L285: =H285&"-"&K285 -> KAMPALA-MBARARA | M285: 65 | N285: 20000 | O285: 4.9
... B397: 0.75208333 | C397: 6 | D397: =IF(C397="", "",VLOOKUP(C397,Key!$A$5:$B$7,2,FALSE)) -> Large Bus | E397: GLOBAL | F397: IN | G397: MBARARA | H397: MBARARA | I397: UG | J397: KAMPALA | K397: KAMPALA | L397: =H397&"-"&K397 -> MBARARA-KAMPALA | M397: 67 | N397: 20000 | O397: 4.9
B398: 17/08/2019 | E398: GLOBAL | I398: UG | L398: =H398&"-"&K398 -> -
B399: 0.13263889 | C399: 6 | D399: =IF(C399="", "",VLOOKUP(C399,Key!$A$5:$B$7,2,FALSE)) -> Large Bus | E399: GLOBAL | F399: OUT | G399: KAMPALA | H399: KAMPALA | I399: UG | J399: MBARARA | K399: MBARARA | L399: =H399&"-"&K399 -> KAMPALA-MBARARA | M399: 59 | N399: 20000 | O399: 4.9
B400: 0.13402778 | C400: 6 | D400: =IF(C400="", "",VLOOKUP(C400,Key!$A$5:$B$7,2,FALSE)) -> Large Bus | E400: GLOBAL | F400: OUT | G400: MBARARA | H400: KAMPALA | I400: UG | J400: MBARARA | K400: MBARARA | L400: =H400&"-"&K400 -> KAMPALA-MBARARA | M400: 64 | N400: 20000 | O400: 4.9
B401: 0.13541667 | C401: 6 | D401: =IF(C401="", "",VLOOKUP(C401,Key!$A$5:$B$7,2,FALSE)) -> Large Bus | E401: GLOBAL | F401: OUT | G401: MBARARA | H401: KAMPALA | I401: UG | J401: MBARARA | K401: MBARARA | L401: =H401&"-"&K401 -> KAMPALA-MBARARA | M401: 63 | N401: 20000 | O401: 4.9
B402: 0.13958333 | C402: 6 | D402: =IF(C402="", "",VLOOKUP(C402,Key!$A$5:$B$7,2,FALSE)) -> Large Bus | E402: GLOBAL | F402: OUT | G402: MBARARA | H402: KAMPALA | I402: UG | J402: MBARARA | K402: MBARARA | L402: =H402&"-"&K402 -> KAMPALA-MBARARA | M402: 65 | N402: 20000 | O402: 4.9
B403: 0.15555556 | C403: 6 | D403: =IF(C403="", "",VLOOKUP(C403,Key!$A$5:$B$7,2,FALSE)) -> Large Bus | E403: GLOBAL | F403: OUT | G403: MBARARA | H403: KAMPALA | I403: UG | J403: MBARARA | K403: MBARARA | L403: =H403&"-"&K403 -> KAMPALA-MBARARA | M403: 63 | N403: 20000 | O403: 4.9
B404: 0.16805556 | C404: 6 | D404: =IF(C404="", "",VLOOKUP(C404,Key!$A$5:$B$7,2,FALSE)) -> Large Bus | E404: GLOBAL | F404: OUT | G404: MBARARA | H404: KAMPALA | I404: UG | J404: MBARARA | K404: MBARARA | L404: =H404&"-"&K404 -> KAMPALA-MBARARA | M404: 65 | N404: 20000 | O404: 4.9
B405: 0.17430556 | C405: 6 | D405: =IF(C405="", "",VLOOKUP(C405,Key!$A$5:$B$7,2,FALSE)) -> Large Bus | E405: GLOBAL | F405: OUT | G405: MBARARA | H405: KAMPALA | I405: UG | J405: MBARARA | K405: MBARARA | L405: =H405&"-"&K405 -> KAMPALA-MBARARA | M405: 63 | N405: 20000 | O405: 4.9
...

Sheet Summary
B2: BUS OPERATIONS AT KAMPALA
B4: GLOBAL COACHES | D4: BUS JOURNEY | J4: PASSENGER DETAILS
B5: STATION | C5: DIRECTION | D5: ORIGIN | E5: DESTINATION | F5: ROUTE ID | G5: BUS TRIPS / DAY | H5: JOURNEY DISTANCE (KM) | I5: JOURNEY TIME/ TRIP (HRS) | J5: EST. PAX/ BUS | K5: AVERAGE PAX FARE (UGX)
B6: KAMPALA | C6: FROM KAMPALA | D6: KAMPALA | E6: MBARARA | F6: =D6&"-"&E6 -> KAMPALA-MBARARA | G6: =ROUNDUP(COUNTIF('PT-01'!$L$10:$L$466,Summary!F6)/5,0) -> 48 | H6: 270 | I6: =AVERAGEIF('PT-01'!$L$10:$L$466,Summary!F6,'PT-01'!$O$10:$O$466) -> 4.9 | J6: =AVERAGEIF('PT-01'!$L$10:$L$466,Summary!F6,'PT-01'!$M$10:$M$466) -> 65.058333 | K6: =AVERAGEIF('PT-01'!$L$10:$L$466,Summary!F6,'PT-01'!$N$10:$N$466) -> 20000
B7: KAMPALA | C7: TO KAMPALA | D7: MBARARA | E7: KAMPALA | F7: =D7&"-"&E7 -> MBARARA-KAMPALA | G7: =ROUNDUP(COUNTIF('PT-01'!$L$10:$L$466,Summary!F7)/5,0) -> 43 | H7: 270 | I7: =AVERAGEIF('PT-01'!$L$10:$L$466,Summary!F7,'PT-01'!$O$10:$O$466) -> 4.9 | J7: =AVERAGEIF('PT-01'!$L$10:$L$466,Summary!F7,'PT-01'!$M$10:$M$466) -> 65.924528 | K7: =AVERAGEIF('PT-01'!$L$10:$L$466,Summary!F7,'PT-01'!$N$10:$N$466) -> 20000
B10: BISMARKAN COACHES | D10: BUS JOURNEY | J10: PASSENGER DETAILS
B11: STATION | C11: DIRECTION | D11: ORIGIN | E11: DESTINATION | F11: ROUTE ID | G11: BUS TRIPS / DAY | H11: JOURNEY DISTANCE (KM) | I11: JOURNEY TIME/ TRIP (HRS) | J11: EST. PAX/ BUS | K11: AVERAGE PAX FARE (UGX)
B12: KAMPALA | C12: FROM KAMPALA | D12: KAMPALA | E12: BUSHENYI | F12: =D12&"-"&E12 -> KAMPALA-BUSHENYI | G12: =ROUNDUP(COUNTIF('PT-01'!$L$468:$L$609,Summary!F12)/5,0) -> 6 | H12: 331 | I12: =AVERAGEIF('PT-01'!$L$468:$L$609,Summary!F12,'PT-01'!$O$468:$O$609) -> 6 | J12: =AVERAGEIF('PT-01'!$L$468:$L$609,Summary!F12,'PT-01'!$M$468:$M$609) -> 57.466667 | K12: =AVERAGEIF('PT-01'!$L$468:$L$609,Summary!F12,'PT-01'!$N$468:$N$609) -> 25000
B13: KAMPALA | C13: FROM KAMPALA | D13: KAMPALA | E13: ISHAKA | F13: =D13&"-"&E13 -> KAMPALA-ISHAKA | G13: =ROUNDUP(COUNTIF('PT-01'!$L$468:$L$609,Summary!F13)/5,0) -> 3 | H13: 328 | I13: =AVERAGEIF('PT-01'!$L$468:$L$609,Summary!F13,'PT-01'!$O$468:$O$609) -> 5.45 | J13: =AVERAGEIF('PT-01'!$L$468:$L$609,Summary!F13,'PT-01'!$M$468:$M$609) -> 11.6 | K13: =AVERAGEIF('PT-01'!$L$468:$L$609,Summary!F13,'PT-01'!$N$468:$N$609) -> 25000
B14: KAMPALA | C14: FROM KAMPALA | D14: KAMPALA | E14: KATENDE-ISHAKA | F14: =D14&"-"&E14 -> KAMPALA-KATENDE-ISHAKA | G14: =ROUNDUP(COUNTIF('PT-01'!$L$468:$L$609,Summary!F14)/5,0) -> 1 | H14: 328 | I14: =AVERAGEIF('PT-01'!$L$468:$L$609,Summary!F14,'PT-01'!$O$468:$O$609) -> 5.45 | J14: =AVERAGEIF('PT-01'!$L$468:$L$609,Summary!F14,'PT-01'!$M$468:$M$609) -> 4 | K14: =AVERAGEIF('PT-01'!$L$468:$L$609,Summary!F14,'PT-01'!$N$468:$N$609) -> 25000
B15: KAMPALA | C15: FROM KAMPALA | D15: KAMPALA | E15: KISORO | F15: =D15&"-"&E15 -> KAMPALA-KISORO | G15: =ROUNDUP(COUNTIF('PT-01'!$L$468:$L$609,Summary!F15)/5,0) -> 5 | H15: 467 | I15: =AVERAGEIF('PT-01'!$L$468:$L$609,Summary!F15,'PT-01'!$O$468:$O$609) -> 9 | J15: =AVERAGEIF('PT-01'!$L$468:$L$609,Summary!F15,'PT-01'!$M$468:$M$609) -> 65.73913 | K15: =AVERAGEIF('PT-01'!$L$468:$L$609,Summary!F15,'PT-01'!$N$468:$N$609) -> 40000
B16: KAMPALA | C16: FROM KAMPALA | D16: KAMPALA | E16: MBARARA | F16: =D16&"-"&E16 -> KAMPALA-MBARARA | G16: =ROUNDUP(COUNTIF('PT-01'!$L$468:$L$609,Summary!F16)/5,0) -> 1 | H16: 270 | I16: =AVERAGEIF('PT-01'!$L$468:$L$609,Summary!F16,'PT-01'!$O$468:$O$609) -> 4.9 | J16: =AVERAGEIF('PT-01'!$L$468:$L$609,Summary!F16,'PT-01'!$M$468:$M$609) -> 3 | K16: =AVERAGEIF('PT-01'!$L$468:$L$609,Summary!F16,'PT-01'!$N$468:$N$609) -> 20000
B17: KAMPALA | C17: FROM KAMPALA | D17: KAMPALA | E17: RUBIRIZI | F17: =D17&"-"&E17 -> KAMPALA-RUBIRIZI | G17: =ROUNDUP(COUNTIF('PT-01'!$L$468:$L$609,Summary!F17)/5,0) -> 1 | H17: 365 | I17: =AVERAGEIF('PT-01'!$L$468:$L$609,Summary!F17,'PT-01'!$O$468:$O$609) -> 6.25 | J17: =AVERAGEIF('PT-01'!$L$468:$L$609,Summary!F17,'PT-01'!$M$468:$M$609) -> 66.666667 | K17: =AVERAGEIF('PT-01'!$L$468:$L$609,Summary!F17,'PT-01'!$N$468:$N$609) -> 25000
B18: KAMPALA | C18: TO KAMPALA | D18: BUSHENYI | E18: KAMPALA | F18: =D18&"-"&E18 -> BUSHENYI-KAMPALA | G18: =ROUNDUP(COUNTIF('PT-01'!$L$468:$L$609,Summary!F18)/5,0) -> 7 | H18: 331 | I18: =AVERAGEIF('PT-01'!$L$468:$L$609,Summary!F18,'PT-01'!$O$468:$O$609) -> 6 | J18: =AVERAGEIF('PT-01'!$L$468:$L$609,Summary!F18,'PT-01'!$M$468:$M$609) -> 36.647059 | K18: =AVERAGEIF('PT-01'!$L$468:$L$609,Summary!F18,'PT-01'!$N$468:$N$609) -> 25000
B19: KAMPALA | C19: TO KAMPALA | D19: KISORO | E19: KAMPALA | F19: =D19&"-"&E19 -> KISORO-KAMPALA | G19: =ROUNDUP(COUNTIF('PT-01'!$L$468:$L$609,Summary!F19)/5,0) -> 5 | H19: 467 | I19: =AVERAGEIF('PT-01'!$L$468:$L$609,Summary!F19,'PT-01'!$O$468:$O$609) -> 9 | J19: =AVERAGEIF('PT-01'!$L$468:$L$609,Summary!F19,'PT-01'!$M$468:$M$609) -> 62.04 | K19: =AVERAGEIF('PT-01'!$L$468:$L$609,Summary!F19,'PT-01'!$N$468:$N$609) -> 35000
B20: KAMPALA | C20: TO KAMPALA | D20: MBARARA | E20: KAMPALA | F20: =D20&"-"&E20 -> MBARARA-KAMPALA | G20: =ROUNDUP(COUNTIF('PT-01'!$L$468:$L$609,Summary!F20)/5,0) -> 1 | H20: 270 | I20: =AVERAGEIF('PT-01'!$L$468:$L$609,Summary!F20,'PT-01'!$O$468:$O$609) -> 4.9 | J20: =AVERAGEIF('PT-01'!$L$468:$L$609,Summary!F20,'PT-01'!$M$468:$M$609) -> 55 | K20: =AVERAGEIF('PT-01'!$L$468:$L$609,Summary!F20,'PT-01'!$N$468:$N$609) -> 20000
B21: KAMPALA | C21: TO KAMPALA | D21: RUBIRIZI | E21: KAMPALA | F21: =D21&"-"&E21 -> RUBIRIZI-KAMPALA | G21: =ROUNDUP(COUNTIF('PT-01'!$L$468:$L$609,Summary!F21)/5,0) -> 1 | H21: 365 | I21: =AVERAGEIF('PT-01'!$L$468:$L$609,Summary!F21,'PT-01'!$O$468:$O$609) -> 6.3 | J21: =AVERAGEIF('PT-01'!$L$468:$L$609,Summary!F21,'PT-01'!$M$468:$M$609) -> 39.5 | K21: =AVERAGEIF('PT-01'!$L$468:$L$609,Summary!F21,'PT-01'!$N$468:$N$609) -> 21500
B24: JAGUAR BUS SERVICES | D24: BUS JOURNEY | J24: PASSENGER DETAILS
B25: STATION | C25: DIRECTION | D25: ORIGIN | E25: DESTINATION | F25: ROUTE ID | G25: BUS TRIPS / DAY | H25: JOURNEY DISTANCE (KM) | I25: JOURNEY TIME/ TRIP (HRS) | J25: EST. PAX/ BUS | K25: AVERAGE PAX FARE (UGX)
B26: KAMPALA | C26: FROM KAMPALA | D26: KAMPALA | E26: DRC | F26: =D26&"-"&E26 -> KAMPALA-DRC | G26: =ROUNDUP(COUNTIF('PT-01'!$L$611:$L$699,Summary!F26)/5,0) -> 1 | H26: 570 | I26: =AVERAGEIF('PT-01'!$L$611:$L$699,Summary!F26,'PT-01'!$O$611:$O$699) -> 12 | J26: =AVERAGEIF('PT-01'!$L$611:$L$699,Summary!F26,'PT-01'!$M$611:$M$699) -> 64 | K26: =AVERAGEIF('PT-01'!$L$611:$L$699,Summary!F26,'PT-01'!$N$611:$N$699) -> 50000
B27: KAMPALA | C27: FROM KAMPALA | D27: KAMPALA | E27: KAMEMBE | F27: =D27&"-"&E27 -> KAMPALA-KAMEMBE | G27: =ROUNDUP(COUNTIF('PT-01'!$L$611:$L$699,Summary!F27)/5,0) -> 1 | H27: 744 | I27: =AVERAGEIF('PT-01'!$L$611:$L$699,Summary!F27,'PT-01'!$O$611:$O$699) -> 13.8 | J27: =AVERAGEIF('PT-01'!$L$611:$L$699,Summary!F27,'PT-01'!$M$611:$M$699) -> 55 | K27: =AVERAGEIF('PT-01'!$L$611:$L$699,Summary!F27,'PT-01'!$N$611:$N$699) -> 60000
B28: KAMPALA | C28: FROM KAMPALA | D28: KAMPALA | E28: KANYALU | F28: =D28&"-"&E28 -> KAMPALA-KANYALU | G28: =ROUNDUP(COUNTIF('PT-01'!$L$611:$L$699,Summary!F28)/5,0) -> 1 | H28: 617 | I28: =AVERAGEIF('PT-01'!$L$611:$L$699,Summary!F28,'PT-01'!$O$611:$O$699) -> 11 | J28: =AVERAGEIF('PT-01'!$L$611:$L$699,Summary!F28,'PT-01'!$M$611:$M$699) -> 45.5 | K28: =AVERAGEIF('PT-01'!$L$611:$L$699,Summary!F28,'PT-01'!$N$611:$N$699) -> 60000
B29: KAMPALA | C29: FROM KAMPALA | D29: KAMPALA | E29: KIGALI | F29: =D29&"-"&E29 -> KAMPALA-KIGALI | G29: =ROUNDUP(COUNTIF('PT-01'!$L$611:$L$699,Summary!F29)/5,0) -> 2 | H29: 510 | I29: =AVERAGEIF('PT-01'!$L$611:$L$699,Summary!F29,'PT-01'!$O$611:$O$699) -> 8.6 | J29: =AVERAGEIF('PT-01'!$L$611:$L$699,Summary!F29,'PT-01'!$M$611:$M$699) -> 48.333333 | K29: =AVERAGEIF('PT-01'!$L$611:$L$699,Summary!F29,'PT-01'!$N$611:$N$699) -> 50000
B30: KAMPALA | C30: FROM KAMPALA | D30: KAMPALA | E30: GOMA | F30: =D30&"-"&E30 -> KAMPALA-GOMA | G30: =ROUNDUP(COUNTIF('PT-01'!$L$611:$L$699,Summary!F30)/5,0) -> 1 | H30: 570 | I30: =AVERAGEIF('PT-01'!$L$611:$L$699,Summary!F30,'PT-01'!$O$611:$O$699) -> 12 | J30: =AVERAGEIF('PT-01'!$L$611:$L$699,Summary!F30,'PT-01'!$M$611:$M$699) -> 48 | K30: =AVERAGEIF('PT-01'!$L$611:$L$699,Summary!F30,'PT-01'!$N$611:$N$699) -> 50000
B31: KAMPALA | C31: FROM KAMPALA | D31: KAMPALA | E31: KISORO | F31: =D31&"-"&E31 -> KAMPALA-KISORO | G31: =ROUNDUP(COUNTIF('PT-01'!$L$611:$L$699,Summary!F31)/5,0) -> 5 | H31: 467 | I31: =AVERAGEIF('PT-01'!$L$611:$L$699,Summary!F31,'PT-01'!$O$611:$O$699) -> 8.5 | J31: =AVERAGEIF('PT-01'!$L$611:$L$699,Summary!F31,'PT-01'!$M$611:$M$699) -> 56.88 | K31: =AVERAGEIF('PT-01'!$L$611:$L$699,Summary!F31,'PT-01'!$N$611:$N$699) -> 40000
B32: KAMPALA | C32: FROM KAMPALA | D32: KAMPALA | E32: KIVU/KISENYI | F32: =D32&"-"&E32 -> KAMPALA-KIVU/KISENYI | G32: =ROUNDUP(COUNTIF('PT-01'!$L$611:$L$699,Summary!F32)/5,0) -> 1 | H32: 694 | I32: =AVERAGEIF('PT-01'!$L$611:$L$699,Summary!F32,'PT-01'!$O$611:$O$699) -> 13.25 | J32: =AVERAGEIF('PT-01'!$L$611:$L$699,Summary!F32,'PT-01'!$M$611:$M$699) -> 48 | K32: =AVERAGEIF('PT-01'!$L$611:$L$699,Summary!F32,'PT-01'!$N$611:$N$699) -> 50000
B33: KAMPALA | C33: FROM KAMPALA | D33: KAMPALA | E33: LUBAVU | F33: =D33&"-"&E33 -> KAMPALA-LUBAVU | G33: =ROUNDUP(COUNTIF('PT-01'!$L$611:$L$699,Summary!F33)/5,0) -> 1 | H33: 570 | I33: =AVERAGEIF('PT-01'!$L$611:$L$699,Summary!F33,'PT-01'!$O$611:$O$699) -> 12 | J33: =AVERAGEIF('PT-01'!$L$611:$L$699,Summary!F33,'PT-01'!$M$611:$M$699) -> 48 | K33: =AVERAGEIF('PT-01'!$L$611:$L$699,Summary!F33,'PT-01'!$N$611:$N$699) -> 50000
B34: KAMPALA | C34: TO KAMPALA | D34: GISENYI | E34: KAMPALA | F34: =D34&"-"&E34 -> GISENYI-KAMPALA | G34: =ROUNDUP(COUNTIF('PT-01'!$L$611:$L$699,Summary!F34)/5,0) -> 1 | H34: 669 | I34: =AVERAGEIF('PT-01'!$L$611:$L$699,Summary!F34,'PT-01'!$O$611:$O$699) -> 12.25 | J34: =AVERAGEIF('PT-01'!$L$611:$L$699,Summary!F34,'PT-01'!$M$611:$M$699) -> 46 | K34: =AVERAGEIF('PT-01'!$L$611:$L$699,Summary!F34,'PT-01'!$N$611:$N$699) -> 40000
B35: KAMPALA | C35: TO KAMPALA | D35: GOMA | E35: KAMPALA | F35: =D35&"-"&E35 -> GOMA-KAMPALA | G35: =ROUNDUP(COUNTIF('PT-01'!$L$611:$L$699,Summary!F35)/5,0) -> 1 | H35: 570 | I35: =AVERAGEIF('PT-01'!$L$611:$L$699,Summary!F35,'PT-01'!$O$611:$O$699) -> 12 | J35: =AVERAGEIF('PT-01'!$L$611:$L$699,Summary!F35,'PT-01'!$M$611:$M$699) -> 48.5 | K35: =AVERAGEIF('PT-01'!$L$611:$L$699,Summary!F35,'PT-01'!$N$611:$N$699) -> 46500
B36: KAMPALA | C36: TO KAMPALA | D36: KABALE | E36: KAMPALA | F36: =D36&"-"&E36 -> KABALE-KAMPALA | G36: =ROUNDUP(COUNTIF('PT-01'!$L$611:$L$699,Summary!F36)/5,0) -> 1 | H36: 410 | I36: =AVERAGEIF('PT-01'!$L$611:$L$699,Summary!F36,'PT-01'!$O$611:$O$699) -> 6.6 | J36: =AVERAGEIF('PT-01'!$L$611:$L$699,Summary!F36,'PT-01'!$M$611:$M$699) -> 50 | K36: =AVERAGEIF('PT-01'!$L$611:$L$699,Summary!F36,'PT-01'!$N$611:$N$699) -> 30000
B37: KAMPALA | C37: TO KAMPALA | D37: KIGALI | E37: KAMPALA | F37: =D37&"-"&E37 -> KIGALI-KAMPALA | G37: =ROUNDUP(COUNTIF('PT-01'!$L$611:$L$699,Summary!F37)/5,0) -> 2 | H37: 510 | I37: =AVERAGEIF('PT-01'!$L$611:$L$699,Summary!F37,'PT-01'!$O$611:$O$699) -> 8.6 | J37: =AVERAGEIF('PT-01'!$L$611:$L$699,Summary!F37,'PT-01'!$M$611:$M$699) -> 48.9 | K37: =AVERAGEIF('PT-01'!$L$611:$L$699,Summary!F37,'PT-01'!$N$611:$N$699) -> 50000
... B42: KAMPALA | C42: TO KAMPALA | D42: NARUKOKO | E42: KAMPALA | F42: =D42&"-"&E42 -> NARUKOKO-KAMPALA | G42: =ROUNDUP(COUNTIF('PT-01'!$L$611:$L$699,Summary!F42)/5,0) -> 1 | H42: 520 | I42: =AVERAGEIF('PT-01'!$L$611:$L$699,Summary!F42,'PT-01'!$O$611:$O$699) -> 11 | J42: =AVERAGEIF('PT-01'!$L$611:$L$699,Summary!F42,'PT-01'!$M$611:$M$699) -> 45 | K42: =AVERAGEIF('PT-01'!$L$611:$L$699,Summary!F42,'PT-01'!$N$611:$N$699) -> 40000
B45: EASY COACHES | D45: BUS JOURNEY | J45: PASSENGER DETAILS
B46: STATION | C46: DIRECTION | D46: ORIGIN | E46: DESTINATION | F46: ROUTE ID | G46: BUS TRIPS / DAY | H46: JOURNEY DISTANCE (KM) | I46: JOURNEY TIME/ TRIP (HRS) | J46: EST. PAX/ BUS | K46: AVERAGE PAX FARE (UGX)
B47: KAMPALA | C47: FROM KAMPALA | D47: KAMPALA | E47: NAIROBI | F47: =D47&"-"&E47 -> KAMPALA-NAIROBI | G47: =ROUNDUP(COUNTIF('PT-01'!$L$701:$L$735,Summary!F47)/5,0) -> 3 | H47: 664 | I47: =AVERAGEIF('PT-01'!$L$701:$L$735,Summary!F47,'PT-01'!$O$701:$O$735) -> 12.8 | J47: =AVERAGEIF('PT-01'!$L$701:$L$735,Summary!F47,'PT-01'!$M$701:$M$735) -> 30.230769 | K47: =AVERAGEIF('PT-01'!$L$701:$L$735,Summary!F47,'PT-01'!$N$701:$N$735) -> 70000
B48: KAMPALA | C48: TO KAMPALA | D48: NAIROBI | E48: KAMPALA | F48: =D48&"-"&E48 -> NAIROBI-KAMPALA | G48: =ROUNDUP(COUNTIF('PT-01'!$L$701:$L$735,Summary!F48)/5,0) -> 3 | H48: 664 | I48: =AVERAGEIF('PT-01'!$L$701:$L$735,Summary!F48,'PT-01'!$O$701:$O$735) -> 12.8 | J48: =AVERAGEIF('PT-01'!$L$701:$L$735,Summary!F48,'PT-01'!$M$701:$M$735) -> 32.923077 | K48: =AVERAGEIF('PT-01'!$L$701:$L$735,Summary!F48,'PT-01'!$N$701:$N$735) -> 73000
B49: KAMPALA | C49: TO KAMPALA | D49: KISUMU | E49: KAMPALA | F49: =D49&"-"&E49 -> KISUMU-KAMPALA | G49: =ROUNDUP(COUNTIF('PT-01'!$L$701:$L$735,Summary!F49)/5,0) -> 1 | H49: 316 | I49: =AVERAGEIF('PT-01'!$L$701:$L$735,Summary!F49,'PT-01'!$O$701:$O$735) -> 6.8 | J49: =AVERAGEIF('PT-01'!$L$701:$L$735,Summary!F49,'PT-01'!$M$701:$M$735) -> 32.25 | K49: =AVERAGEIF('PT-01'!$L$701:$L$735,Summary!F49,'PT-01'!$N$701:$N$735) -> 42000
B50: KAMPALA | C50: TO KAMPALA | D50: MAKUENI | E50: KAMPALA | F50: =D50&"-"&E50 -> MAKUENI-KAMPALA | G50: =ROUNDUP(COUNTIF('PT-01'!$L$701:$L$735,Summary!F50)/5,0) -> 1 | H50: 846 | I50: =AVERAGEIF('PT-01'!$L$701:$L$735,Summary!F50,'PT-01'!$O$701:$O$735) -> 15.5 | J50: =AVERAGEIF('PT-01'!$L$701:$L$735,Summary!F50,'PT-01'!$M$701:$M$735) -> 34 | K50: =AVERAGEIF('PT-01'!$L$701:$L$735,Summary!F50,'PT-01'!$N$701:$N$735) -> 76000
B53: KK BUS SERVICES | D53: BUS JOURNEY | J53: PASSENGER DETAILS
B54: STATION | C54: DIRECTION | D54: ORIGIN | E54: DESTINATION | F54: ROUTE ID | G54: BUS TRIPS / DAY | H54: JOURNEY DISTANCE (KM) | I54: JOURNEY TIME/ TRIP (HRS) | J54: EST. PAX/ BUS | K54: AVERAGE PAX FARE (UGX)
B55: KAMPALA | C55: FROM KAMPALA | D55: KAMPALA | E55: ARUA | F55: =D55&"-"&E55 -> KAMPALA-ARUA | G55: =ROUNDUP(COUNTIF('PT-01'!$L$737:$L$808,Summary!F55)/5,0) -> 4 | H55: 495 | I55: =AVERAGEIF('PT-01'!$L$737:$L$808,Summary!F55,'PT-01'!$O$737:$O$808) -> 8.4 | J55: =AVERAGEIF('PT-01'!$L$737:$L$808,Summary!F55,'PT-01'!$M$737:$M$808) -> 45.95 | K55: =AVERAGEIF('PT-01'!$L$737:$L$808,Summary!F55,'PT-01'!$N$737:$N$808) -> 43000
B56: KAMPALA | C56: FROM KAMPALA | D56: KAMPALA | E56: KOBOKO | F56: =D56&"-"&E56 -> KAMPALA-KOBOKO | G56: =ROUNDUP(COUNTIF('PT-01'!$L$737:$L$808,Summary!F56)/5,0) -> 2 | H56: 549 | I56: =AVERAGEIF('PT-01'!$L$737:$L$808,Summary!F56,'PT-01'!$O$737:$O$808) -> 8 | J56: =AVERAGEIF('PT-01'!$L$737:$L$808,Summary!F56,'PT-01'!$M$737:$M$808) -> 48.444444 | K56: =AVERAGEIF('PT-01'!$L$737:$L$808,Summary!F56,'PT-01'!$N$737:$N$808) -> 40000
B57: KAMPALA | C57: FROM KAMPALA | D57: KAMPALA | E57: ZOMBO | F57: =D57&"-"&E57 -> KAMPALA-ZOMBO | G57: =ROUNDUP(COUNTIF('PT-01'!$L$737:$L$808,Summary!F57)/5,0) -> 2 | H57: 458 | I57: =AVERAGEIF('PT-01'!$L$737:$L$808,Summary!F57,'PT-01'!$O$737:$O$808) -> 7 | J57: =AVERAGEIF('PT-01'!$L$737:$L$808,Summary!F57,'PT-01'!$M$737:$M$808) -> 45.428571 | K57: =AVERAGEIF('PT-01'!$L$737:$L$808,Summary!F57,'PT-01'!$N$737:$N$808) -> 30000
B58: KAMPALA | C58: TO KAMPALA | D58: ARUA | E58: KAMPALA | F58: =D58&"-"&E58 -> ARUA-KAMPALA | G58: =ROUNDUP(COUNTIF('PT-01'!$L$737:$L$808,Summary!F58)/5,0) -> 3 | H58: 495 | I58: =AVERAGEIF('PT-01'!$L$737:$L$808,Summary!F58,'PT-01'!$O$737:$O$808) -> 8.4 | J58: =AVERAGEIF('PT-01'!$L$737:$L$808,Summary!F58,'PT-01'!$M$737:$M$808) -> 47.642857 | K58: =AVERAGEIF('PT-01'!$L$737:$L$808,Summary!F58,'PT-01'!$N$737:$N$808) -> 40000
B59: KAMPALA | C59: TO KAMPALA | D59: KOBOKO | E59: KAMPALA | F59: =D59&"-"&E59 -> KOBOKO-KAMPALA | G59: =ROUNDUP(COUNTIF('PT-01'!$L$737:$L$808,Summary!F59)/5,0) -> 2 | H59: 549 | I59: =AVERAGEIF('PT-01'!$L$737:$L$808,Summary!F59,'PT-01'!$O$737:$O$808) -> 8 | J59: =AVERAGEIF('PT-01'!$L$737:$L$808,Summary!F59,'PT-01'!$M$737:$M$808) -> 53.2 | K59: =AVERAGEIF('PT-01'!$L$737:$L$808,Summary!F59,'PT-01'!$N$737:$N$808) -> 40000
B60: KAMPALA | C60: TO KAMPALA | D60: ZOMBO | E60: KAMPALA | F60: =D60&"-"&E60 -> ZOMBO-KAMPALA | G60: =ROUNDUP(COUNTIF('PT-01'!$L$737:$L$808,Summary!F60)/5,0) -> 2 | H60: 458 | I60: =AVERAGEIF('PT-01'!$L$737:$L$808,Summary!F60,'PT-01'!$O$737:$O$808) -> 7 | J60: =AVERAGEIF('PT-01'!$L$737:$L$808,Summary!F60,'PT-01'!$M$737:$M$808) -> 46.571429 | K60: =AVERAGEIF('PT-01'!$L$737:$L$808,Summary!F60,'PT-01'!$N$737:$N$808) -> 27571.429
B63: YY COACHES | D63: BUS JOURNEY | J63: PASSENGER DETAILS
B64: STATION | C64: DIRECTION | D64: ORIGIN | E64: DESTINATION | F64: ROUTE ID | G64: BUS TRIPS / DAY | H64: JOURNEY DISTANCE (KM) | I64: JOURNEY TIME/ TRIP (HRS) | J64: EST. PAX/ BUS | K64: AVERAGE PAX FARE (UGX)
B65: KAMPALA | C65: FROM KAMPALA | D65: KAMPALA | E65: LIRA | F65: =D65&"-"&E65 -> KAMPALA-LIRA | G65: =ROUNDUP(COUNTIF('PT-01'!$L$810:$L$1033,Summary!F65)/5,0) -> 2 | H65: 337 | I65: =AVERAGEIF('PT-01'!$L$810:$L$1033,Summary!F65,'PT-01'!$O$810:$O$1033) -> 5 | J65: =AVERAGEIF('PT-01'!$L$810:$L$1033,Summary!F65,'PT-01'!$M$810:$M$1033) -> 61 | K65: =AVERAGEIF('PT-01'!$L$810:$L$1033,Summary!F65,'PT-01'!$N$810:$N$1033) -> 25000
B66: KAMPALA | C66: FROM KAMPALA | D66: KAMPALA | E66: MBALE | F66: =D66&"-"&E66 -> KAMPALA-MBALE | G66: =ROUNDUP(COUNTIF('PT-01'!$L$810:$L$1033,Summary!F66)/5,0) -> 12 | H66: 226 | I66: =AVERAGEIF('PT-01'!$L$810:$L$1033,Summary!F66,'PT-01'!$O$810:$O$1033) -> 4.5 | J66: =AVERAGEIF('PT-01'!$L$810:$L$1033,Summary!F66,'PT-01'!$M$810:$M$1033) -> 61.403509 | K66: =AVERAGEIF('PT-01'!$L$810:$L$1033,Summary!F66,'PT-01'!$N$810:$N$1033) -> 20000
B67: KAMPALA | C67: FROM KAMPALA | D67: KAMPALA | E67: SOROTI | F67: =D67&"-"&E67 -> KAMPALA-SOROTI | G67: =ROUNDUP(COUNTIF('PT-01'!$L$810:$L$1033,Summary!F67)/5,0) -> 9 | H67: 327 | I67: =AVERAGEIF('PT-01'!$L$810:$L$1033,Summary!F67,'PT-01'!$O$810:$O$1033) -> 6 | J67: =AVERAGEIF('PT-01'!$L$810:$L$1033,Summary!F67,'PT-01'!$M$810:$M$1033) -> 60.555556 | K67: =AVERAGEIF('PT-01'!$L$810:$L$1033,Summary!F67,'PT-01'!$N$810:$N$1033) -> 25000
B68: KAMPALA | C68: TO KAMPALA | D68: APAC | E68: KAMPALA | F68: =D68&"-"&E68 -> APAC-KAMPALA | G68: =ROUNDUP(COUNTIF('PT-01'!$L$810:$L$1033,Summary!F68)/5,0) -> 1 | H68: 268 | I68: =AVERAGEIF('PT-01'!$L$810:$L$1033,Summary!F68,'PT-01'!$O$810:$O$1033) -> 4.5 | J68: =AVERAGEIF('PT-01'!$L$810:$L$1033,Summary!F68,'PT-01'!$M$810:$M$1033) -> 67 | K68: =AVERAGEIF('PT-01'!$L$810:$L$1033,Summary!F68,'PT-01'!$N$810:$N$1033) -> 20000
B69: KAMPALA | C69: TO KAMPALA | D69: LIRA | E69: KAMPALA | F69: =D69&"-"&E69 -> LIRA-KAMPALA | G69: =ROUNDUP(COUNTIF('PT-01'!$L$810:$L$1033,Summary!F69)/5,0) -> 2 | H69: 337 | I69: =AVERAGEIF('PT-01'!$L$810:$L$1033,Summary!F69,'PT-01'!$O$810:$O$1033) -> 5 | J69: =AVERAGEIF('PT-01'!$L$810:$L$1033,Summary!F69,'PT-01'!$M$810:$M$1033) -> 66.555556 | K69: =AVERAGEIF('PT-01'!$L$810:$L$1033,Summary!F69,'PT-01'!$N$810:$N$1033) -> 20000
B70: KAMPALA | C70: TO KAMPALA | D70: MBALE | E70: KAMPALA | F70: =D70&"-"&E70 -> MBALE-KAMPALA | G70: =ROUNDUP(COUNTIF('PT-01'!$L$810:$L$1033,Summary!F70)/5,0) -> 13 | H70: 226 | I70: =AVERAGEIF('PT-01'!$L$810:$L$1033,Summary!F70,'PT-01'!$O$810:$O$1033) -> 4.5 | J70: =AVERAGEIF('PT-01'!$L$810:$L$1033,Summary!F70,'PT-01'!$M$810:$M$1033) -> 63.153846 | K70: =AVERAGEIF('PT-01'!$L$810:$L$1033,Summary!F70,'PT-01'!$N$810:$N$1033) -> 19076.923
B71: KAMPALA | C71: TO KAMPALA | D71: SOROTI | E71: KAMPALA | F71: =D71&"-"&E71 -> SOROTI-KAMPALA | G71: =ROUNDUP(COUNTIF('PT-01'!$L$810:$L$1033,Summary!F71)/5,0) -> 7 | H71: 327 | I71: =AVERAGEIF('PT-01'!$L$810:$L$1033,Summary!F71,'PT-01'!$O$810:$O$1033) -> 6 | J71: =AVERAGEIF('PT-01'!$L$810:$L$1033,Summary!F71,'PT-01'!$M$810:$M$1033) -> 62.46875 | K71: =AVERAGEIF('PT-01'!$L$810:$L$1033,Summary!F71,'PT-01'!$N$810:$N$1033) -> 25000
B74: TRINITY BUS SERVICES | D74: BUS JOURNEY | J74: PASSENGER DETAILS
B75: STATION | C75: DIRECTION | D75: ORIGIN | E75: DESTINATION | F75: ROUTE ID | G75: BUS TRIPS / DAY | H75: JOURNEY DISTANCE (KM) | I75: JOURNEY TIME/ TRIP (HRS) | J75: EST. PAX/ BUS | K75: AVERAGE PAX FARE (UGX)
B76: KAMPALA | C76: FROM KAMPALA | D76: KAMPALA | E76: BUKAVU-CONGO | F76: =D76&"-"&E76 -> KAMPALA-BUKAVU-CONGO | G76: =ROUNDUP(COUNTIF('PT-01'!$L$1035:$L$1087,Summary!F76)/5,0) -> 1 | H76: 570 | I76: =AVERAGEIF('PT-01'!$L$1035:$L$1087,Summary!F76,'PT-01'!$O$1035:$O$1087) -> 9.7 | J76: =AVERAGEIF('PT-01'!$L$1035:$L$1087,Summary!F76,'PT-01'!$M$1035:$M$1087) -> 50.333333 | K76: =AVERAGEIF('PT-01'!$L$1035:$L$1087,Summary!F76,'PT-01'!$N$1035:$N$1087) -> 58666.667
B77: KAMPALA | C77: FROM KAMPALA | D77: KAMPALA | E77: GISENYI | F77: =D77&"-"&E77 -> KAMPALA-GISENYI | G77: =ROUNDUP(COUNTIF('PT-01'!$L$1035:$L$1087,Summary!F77)/5,0) -> 1 | H77: 669 | I77: =AVERAGEIF('PT-01'!$L$1035:$L$1087,Summary!F77,'PT-01'!$O$1035:$O$1087) -> 7 | J77: =AVERAGEIF('PT-01'!$L$1035:$L$1087,Summary!F77,'PT-01'!$M$1035:$M$1087) -> 50.75 | K77: =AVERAGEIF('PT-01'!$L$1035:$L$1087,Summary!F77,'PT-01'!$N$1035:$N$1087) -> 40000
B78: KAMPALA | C78: FROM KAMPALA | D78: KAMPALA | E78: GISORO | F78: =D78&"-"&E78 -> KAMPALA-GISORO | G78: =ROUNDUP(COUNTIF('PT-01'!$L$1035:$L$1087,Summary!F78)/5,0) -> 1 | H78: 467 | I78: =AVERAGEIF('PT-01'!$L$1035:$L$1087,Summary!F78,'PT-01'!$O$1035:$O$1087) -> 7 | J78: =AVERAGEIF('PT-01'!$L$1035:$L$1087,Summary!F78,'PT-01'!$M$1035:$M$1087) -> 49 | K78: =AVERAGEIF('PT-01'!$L$1035:$L$1087,Summary!F78,'PT-01'!$N$1035:$N$1087) -> 40000
B79: KAMPALA | C79: FROM KAMPALA | D79: KAMPALA | E79: GOMA | F79: =D79&"-"&E79 -> KAMPALA-GOMA | G79: =ROUNDUP(COUNTIF('PT-01'!$L$1035:$L$1087,Summary!F79)/5,0) -> 1 | H79: 570 | I79: =AVERAGEIF('PT-01'!$L$1035:$L$1087,Summary!F79,'PT-01'!$O$1035:$O$1087) -> 12.3 | J79: =AVERAGEIF('PT-01'!$L$1035:$L$1087,Summary!F79,'PT-01'!$M$1035:$M$1087) -> 51.333333 | K79: =AVERAGEIF('PT-01'!$L$1035:$L$1087,Summary!F79,'PT-01'!$N$1035:$N$1087) -> 50000
B80: KAMPALA | C80: FROM KAMPALA | D80: KAMPALA | E80: JUBA | F80: =D80&"-"&E80 -> KAMPALA-JUBA | G80: =ROUNDUP(COUNTIF('PT-01'!$L$1035:$L$1087,Summary!F80)/5,0) -> 2 | H80: 635 | I80: =AVERAGEIF('PT-01'!$L$1035:$L$1087,Summary!F80,'PT-01'!$O$1035:$O$1087) -> 10.25 | J80: =AVERAGEIF('PT-01'!$L$1035:$L$1087,Summary!F80,'PT-01'!$M$1035:$M$1087) -> 52.142857 | K80: =AVERAGEIF('PT-01'!$L$1035:$L$1087,Summary!F80,'PT-01'!$N$1035:$N$1087) -> 100000
B81: KAMPALA | C81: FROM KAMPALA | D81: KAMPALA | E81: KIGALI | F81: =D81&"-"&E81 -> KAMPALA-KIGALI | G81: =ROUNDUP(COUNTIF('PT-01'!$L$1035:$L$1087,Summary!F81)/5,0) -> 2 | H81: 510 | I81: =AVERAGEIF('PT-01'!$L$1035:$L$1087,Summary!F81,'PT-01'!$O$1035:$O$1087) -> 8.6 | J81: =AVERAGEIF('PT-01'!$L$1035:$L$1087,Summary!F81,'PT-01'!$M$1035:$M$1087) -> 44 | K81: =AVERAGEIF('PT-01'!$L$1035:$L$1087,Summary!F81,'PT-01'!$N$1035:$N$1087) -> 50000
B82: KAMPALA | C82: FROM KAMPALA | D82: KAMPALA | E82: KISORO | F82: =D82&"-"&E82 -> KAMPALA-KISORO | G82: =ROUNDUP(COUNTIF('PT-01'!$L$1035:$L$1087,Summary!F82)/5,0) -> 1 | H82: 467 | I82: =AVERAGEIF('PT-01'!$L$1035:$L$1087,Summary!F82,'PT-01'!$O$1035:$O$1087) -> 8.6 | J82: =AVERAGEIF('PT-01'!$L$1035:$L$1087,Summary!F82,'PT-01'!$M$1035:$M$1087) -> 58.333333 | K82: =AVERAGEIF('PT-01'!$L$1035:$L$1087,Summary!F82,'PT-01'!$N$1035:$N$1087) -> 50000
B83: KAMPALA | C83: TO KAMPALA | D83: GISENYI | E83: KAMPALA | F83: =D83&"-"&E83 -> GISENYI-KAMPALA | G83: =ROUNDUP(COUNTIF('PT-01'!$L$1035:$L$1087,Summary!F83)/5,0) -> 1 | H83: 669 | I83: =AVERAGEIF('PT-01'!$L$1035:$L$1087,Summary!F83,'PT-01'!$O$1035:$O$1087) -> 12.3 | J83: =AVERAGEIF('PT-01'!$L$1035:$L$1087,Summary!F83,'PT-01'!$M$1035:$M$1087) -> 48 | K83: =AVERAGEIF('PT-01'!$L$1035:$L$1087,Summary!F83,'PT-01'!$N$1035:$N$1087) -> 45000
B84: KAMPALA | C84: TO KAMPALA | D84: GISORO | E84: KAMPALA | F84: =D84&"-"&E84 -> GISORO-KAMPALA | G84: =ROUNDUP(COUNTIF('PT-01'!$L$1035:$L$1087,Summary!F84)/5,0) -> 1 | H84: 467 | I84: =AVERAGEIF('PT-01'!$L$1035:$L$1087,Summary!F84,'PT-01'!$O$1035:$O$1087) -> 8.5 | J84: =AVERAGEIF('PT-01'!$L$1035:$L$1087,Summary!F84,'PT-01'!$M$1035:$M$1087) -> 67 | K84: =AVERAGEIF('PT-01'!$L$1035:$L$1087,Summary!F84,'PT-01'!$N$1035:$N$1087) -> 40000
B85: KAMPALA | C85: TO KAMPALA | D85: GOMA | E85: KAMPALA | F85: =D85&"-"&E85 -> GOMA-KAMPALA | G85: =ROUNDUP(COUNTIF('PT-01'!$L$1035:$L$1087,Summary!F85)/5,0) -> 1 | H85: 570 | I85: =AVERAGEIF('PT-01'!$L$1035:$L$1087,Summary!F85,'PT-01'!$O$1035:$O$1087) -> 12 | J85: =AVERAGEIF('PT-01'!$L$1035:$L$1087,Summary!F85,'PT-01'!$M$1035:$M$1087) -> 51 | K85: =AVERAGEIF('PT-01'!$L$1035:$L$1087,Summary!F85,'PT-01'!$N$1035:$N$1087) -> 50000
B86: KAMPALA | C86: TO KAMPALA | D86: JUBA | E86: KAMPALA | F86: =D86&"-"&E86 -> JUBA-KAMPALA | G86: =ROUNDUP(COUNTIF('PT-01'!$L$1035:$L$1087,Summary!F86)/5,0) -> 1 | H86: 635 | I86: =AVERAGEIF('PT-01'!$L$1035:$L$1087,Summary!F86,'PT-01'!$O$1035:$O$1087) -> 10.25 | J86: =AVERAGEIF('PT-01'!$L$1035:$L$1087,Summary!F86,'PT-01'!$M$1035:$M$1087) -> 50.75 | K86: =AVERAGEIF('PT-01'!$L$1035:$L$1087,Summary!F86,'PT-01'!$N$1035:$N$1087) -> 90000
B87: KAMPALA | C87: TO KAMPALA | D87: KIGALI | E87: KAMPALA | F87: =D87&"-"&E87 -> KIGALI-KAMPALA | G87: =ROUNDUP(COUNTIF('PT-01'!$L$1035:$L$1087,Summary!F87)/5,0) -> 1 | H87: 510 | I87: =AVERAGEIF('PT-01'!$L$1035:$L$1087,Summary!F87,'PT-01'!$O$1035:$O$1087) -> 8.6 | J87: =AVERAGEIF('PT-01'!$L$1035:$L$1087,Summary!F87,'PT-01'!$M$1035:$M$1087) -> 51.6 | K87: =AVERAGEIF('PT-01'!$L$1035:$L$1087,Summary!F87,'PT-01'!$N$1035:$N$1087) -> 50000
... B90: KAMPALA | C90: TO KAMPALA | D90: NAIROBI | E90: KAMPALA | F90: =D90&"-"&E90 -> NAIROBI-KAMPALA | G90: =ROUNDUP(COUNTIF('PT-01'!$L$1035:$L$1087,Summary!F90)/5,0) -> 1 | H90: 664 | I90: =AVERAGEIF('PT-01'!$L$1035:$L$1087,Summary!F90,'PT-01'!$O$1035:$O$1087) -> 12.8 | J90: =AVERAGEIF('PT-01'!$L$1035:$L$1087,Summary!F90,'PT-01'!$M$1035:$M$1087) -> 35 | K90: =AVERAGEIF('PT-01'!$L$1035:$L$1087,Summary!F90,'PT-01'!$N$1035:$N$1087) -> 70000
B93: SWIFT COACHES | D93: BUS JOURNEY | J93: PASSENGER DETAILS
B94: STATION | C94: DIRECTION | D94: ORIGIN | E94: DESTINATION | F94: ROUTE ID | G94: BUS TRIPS / DAY | H94: JOURNEY DISTANCE (KM) | I94: JOURNEY TIME/ TRIP (HRS) | J94: EST. PAX/ BUS | K94: AVERAGE PAX FARE (UGX)
B95: KAMPALA | C95: FROM KAMPALA | D95: KAMPALA | E95: BUSHENYI | F95: =D95&"-"&E95 -> KAMPALA-BUSHENYI | G95: =ROUNDUP(COUNTIF('PT-01'!$L$1089:$L$1128,Summary!F95)/5,0) -> 4 | H95: 331 | I95: =AVERAGEIF('PT-01'!$L$1089:$L$1128,Summary!F95,'PT-01'!$O$1089:$O$1128) -> 6 | J95: =AVERAGEIF('PT-01'!$L$1089:$L$1128,Summary!F95,'PT-01'!$M$1089:$M$1128) -> 62.823529 | K95: =AVERAGEIF('PT-01'!$L$1089:$L$1128,Summary!F95,'PT-01'!$N$1089:$N$1128) -> 25000
B96: KAMPALA | C96: FROM KAMPALA | D96: KAMPALA | E96: ISHAKA | F96: =D96&"-"&E96 -> KAMPALA-ISHAKA | G96: =ROUNDUP(COUNTIF('PT-01'!$L$1089:$L$1128,Summary!F96)/5,0) -> 2 | H96: 328 | I96: =AVERAGEIF('PT-01'!$L$1089:$L$1128,Summary!F96,'PT-01'!$O$1089:$O$1128) -> 5.4074074 | J96: =AVERAGEIF('PT-01'!$L$1089:$L$1128,Summary!F96,'PT-01'!$M$1089:$M$1128) -> 65 | K96: =AVERAGEIF('PT-01'!$L$1089:$L$1128,Summary!F96,'PT-01'!$N$1089:$N$1128) -> 25000
B97: KAMPALA | C97: FROM KAMPALA | D97: KAMPALA | E97: MBARARA | F97: =D97&"-"&E97 -> KAMPALA-MBARARA | G97: =ROUNDUP(COUNTIF('PT-01'!$L$1089:$L$1128,Summary!F97)/5,0) -> 1 | H97: 270 | I97: =AVERAGEIF('PT-01'!$L$1089:$L$1128,Summary!F97,'PT-01'!$O$1089:$O$1128) -> 5 | J97: =AVERAGEIF('PT-01'!$L$1089:$L$1128,Summary!F97,'PT-01'!$M$1089:$M$1128) -> 3 | K97: =AVERAGEIF('PT-01'!$L$1089:$L$1128,Summary!F97,'PT-01'!$N$1089:$N$1128) -> 20000
B98: KAMPALA | C98: FROM KAMPALA | D98: KAMPALA | E98: RUBIRIZI | F98: =D98&"-"&E98 -> KAMPALA-RUBIRIZI | G98: =ROUNDUP(COUNTIF('PT-01'!$L$1089:$L$1128,Summary!F98)/5,0) -> 1 | H98: 365 | I98: =AVERAGEIF('PT-01'!$L$1089:$L$1128,Summary!F98,'PT-01'!$O$1089:$O$1128) -> 6.3 | J98: =AVERAGEIF('PT-01'!$L$1089:$L$1128,Summary!F98,'PT-01'!$M$1089:$M$1128) -> 65 | K98: =AVERAGEIF('PT-01'!$L$1089:$L$1128,Summary!F98,'PT-01'!$N$1089:$N$1128) -> 25000
B99: KAMPALA | C99: TO KAMPALA | D99: BUSHENYI | E99: KAMPALA | F99: =D99&"-"&E99 -> BUSHENYI-KAMPALA | G99: =ROUNDUP(COUNTIF('PT-01'!$L$1089:$L$1128,Summary!F99)/5,0) -> 2 | H99: 331 | I99: =AVERAGEIF('PT-01'!$L$1089:$L$1128,Summary!F99,'PT-01'!$O$1089:$O$1128) -> 6 | J99: =AVERAGEIF('PT-01'!$L$1089:$L$1128,Summary!F99,'PT-01'!$M$1089:$M$1128) -> 36.857143 | K99: =AVERAGEIF('PT-01'!$L$1089:$L$1128,Summary!F99,'PT-01'!$N$1089:$N$1128) -> 23000
B102: POSTA BUS SERVICES | D102: BUS JOURNEY | J102: PASSENGER DETAILS
B103: STATION | C103: DIRECTION | D103: ORIGIN | E103: DESTINATION | F103: ROUTE ID | G103: BUS TRIPS / DAY | H103: JOURNEY DISTANCE (KM) | I103: JOURNEY TIME/ TRIP (HRS) | J103: EST. PAX/ BUS | K103: AVERAGE PAX FARE (UGX)
B104: KAMPALA | C104: FROM KAMPALA | D104: KAMPALA | E104: GULU | F104: =D104&"-"&E104 -> KAMPALA-GULU | G104: =ROUNDUP(COUNTIF('PT-01'!$L$1130:$L$1156,Summary!F104)/5,0) -> 1 | H104: 334 | I104: =AVERAGEIF('PT-01'!$L$1130:$L$1156,Summary!F104,'PT-01'!$O$1130:$O$1156) -> 5.25 | J104: =AVERAGEIF('PT-01'!$L$1130:$L$1156,Summary!F104,'PT-01'!$M$1130:$M$1156) -> 65.8 | K104: =AVERAGEIF('PT-01'!$L$1130:$L$1156,Summary!F104,'PT-01'!$N$1130:$N$1156) -> 25000
B105: KAMPALA | C105: FROM KAMPALA | D105: KAMPALA | E105: KITGUM | F105: =D105&"-"&E105 -> KAMPALA-KITGUM | G105: =ROUNDUP(COUNTIF('PT-01'!$L$1130:$L$1156,Summary!F105)/5,0) -> 2 | H105: 435 | I105: =AVERAGEIF('PT-01'!$L$1130:$L$1156,Summary!F105,'PT-01'!$O$1130:$O$1156) -> 6.5 | J105: =AVERAGEIF('PT-01'!$L$1130:$L$1156,Summary!F105,'PT-01'!$M$1130:$M$1156) -> 64.833333 | K105: =AVERAGEIF('PT-01'!$L$1130:$L$1156,Summary!F105,'PT-01'!$N$1130:$N$1156) -> 30000
B106: KAMPALA | C106: TO KAMPALA | D106: GULU | E106: KAMPALA | F106: =D106&"-"&E106 -> GULU-KAMPALA | G106: =ROUNDUP(COUNTIF('PT-01'!$L$1130:$L$1156,Summary!F106)/5,0) -> 1 | H106: 334 | I106: =AVERAGEIF('PT-01'!$L$1130:$L$1156,Summary!F106,'PT-01'!$O$1130:$O$1156) -> 5.25 | J106: =AVERAGEIF('PT-01'!$L$1130:$L$1156,Summary!F106,'PT-01'!$M$1130:$M$1156) -> 52 | K106: =AVERAGEIF('PT-01'!$L$1130:$L$1156,Summary!F106,'PT-01'!$N$1130:$N$1156) -> 20000
B107: KAMPALA | C107: TO KAMPALA | D107: KITGUM | E107: KAMPALA | F107: =D107&"-"&E107 -> KITGUM-KAMPALA | G107: =ROUNDUP(COUNTIF('PT-01'!$L$1130:$L$1156,Summary!F107)/5,0) -> 2 | H107: 435 | I107: =AVERAGEIF('PT-01'!$L$1130:$L$1156,Summary!F107,'PT-01'!$O$1130:$O$1156) -> 6.5 | J107: =AVERAGEIF('PT-01'!$L$1130:$L$1156,Summary!F107,'PT-01'!$M$1130:$M$1156) -> 63.666667 | K107: =AVERAGEIF('PT-01'!$L$1130:$L$1156,Summary!F107,'PT-01'!$N$1130:$N$1156) -> 27000
B110: MODERN COAST COACHES | D110: BUS JOURNEY | J110: PASSENGER DETAILS
B111: STATION | C111: DIRECTION | D111: ORIGIN | E111: DESTINATION | F111: ROUTE ID | G111: BUS TRIPS / DAY | H111: JOURNEY DISTANCE (KM) | I111: JOURNEY TIME/ TRIP (HRS) | J111: EST. PAX/ BUS | K111: AVERAGE PAX FARE (UGX)
B112: KAMPALA | C112: FROM KAMPALA | D112: KAMPALA | E112: NAIROBI | F112: =D112&"-"&E112 -> KAMPALA-NAIROBI | G112: =ROUNDUP(COUNTIF('PT-01'!$L$1158:$L$1211,Summary!F112)/5,0) -> 4 | H112: 664 | I112: =AVERAGEIF('PT-01'!$L$1158:$L$1211,Summary!F112,'PT-01'!$O$1158:$O$1211) -> 13 | J112: =AVERAGEIF('PT-01'!$L$1158:$L$1211,Summary!F112,'PT-01'!$M$1158:$M$1211) -> 40.25 | K112: =AVERAGEIF('PT-01'!$L$1158:$L$1211,Summary!F112,'PT-01'!$N$1158:$N$1211) -> 90000
B113: KAMPALA | C113: TO KAMPALA | D113: KIGALI | E113: KAMPALA | F113: =D113&"-"&E113 -> KIGALI-KAMPALA | G113: =ROUNDUP(COUNTIF('PT-01'!$L$1158:$L$1211,Summary!F113)/5,0) -> 2 | H113: 510 | I113: =AVERAGEIF('PT-01'!$L$1158:$L$1211,Summary!F113,'PT-01'!$O$1158:$O$1211) -> 8.6 | J113: =AVERAGEIF('PT-01'!$L$1158:$L$1211,Summary!F113,'PT-01'!$M$1158:$M$1211) -> 34.4 | K113: =AVERAGEIF('PT-01'!$L$1158:$L$1211,Summary!F113,'PT-01'!$N$1158:$N$1211) -> 51000
B114: KAMPALA | C114: TO KAMPALA | D114: MOMBASA | E114: KAMPALA | F114: =D114&"-"&E114 -> MOMBASA-KAMPALA | G114: =ROUNDUP(COUNTIF('PT-01'!$L$1158:$L$1211,Summary!F114)/5,0) -> 1 | H114: 1150 | I114: =AVERAGEIF('PT-01'!$L$1158:$L$1211,Summary!F114,'PT-01'!$O$1158:$O$1211) -> 20 | J114: =AVERAGEIF('PT-01'!$L$1158:$L$1211,Summary!F114,'PT-01'!$M$1158:$M$1211) -> 45 | K114: =AVERAGEIF('PT-01'!$L$1158:$L$1211,Summary!F114,'PT-01'!$N$1158:$N$1211) -> 115000
B115: KAMPALA | C115: TO KAMPALA | D115: NAIROBI | E115: KAMPALA | F115: =D115&"-"&E115 -> NAIROBI-KAMPALA | G115: =ROUNDUP(COUNTIF('PT-01'!$L$1158:$L$1211,Summary!F115)/5,0) -> 4 | H115: 664 | I115: =AVERAGEIF('PT-01'!$L$1158:$L$1211,Summary!F115,'PT-01'!$O$1158:$O$1211) -> 13 | J115: =AVERAGEIF('PT-01'!$L$1158:$L$1211,Summary!F115,'PT-01'!$M$1158:$M$1211) -> 37.263158 | K115: =AVERAGEIF('PT-01'!$L$1158:$L$1211,Summary!F115,'PT-01'!$N$1158:$N$1211) -> 80000
B118: LINK BUS SERVICES | D118: BUS JOURNEY | J118: PASSENGER DETAILS
B119: STATION | C119: DIRECTION | D119: ORIGIN | E119: DESTINATION | F119: ROUTE ID | G119: BUS TRIPS / DAY | H119: JOURNEY DISTANCE (KM) | I119: JOURNEY TIME/ TRIP (HRS) | J119: EST. PAX/ BUS | K119: AVERAGE PAX FARE (UGX)
B120: KAMPALA | C120: FROM KAMPALA | D120: KAMPALA | E120: BUNDIBUGYO | F120: =D120&"-"&E120 -> KAMPALA-BUNDIBUGYO | G120: =ROUNDUP(COUNTIF('PT-01'!$L$1213:$L$1539,Summary!F120)/5,0) -> 3 | H120: 379 | I120: =AVERAGEIF('PT-01'!$L$1213:$L$1539,Summary!F120,'PT-01'!$O$1213:$O$1539) -> 6.25 | J120: =AVERAGEIF('PT-01'!$L$1213:$L$1539,Summary!F120,'PT-01'!$M$1213:$M$1539) -> 67.692308 | K120: =AVERAGEIF('PT-01'!$L$1213:$L$1539,Summary!F120,'PT-01'!$N$1213:$N$1539) -> 25000
B121: KAMPALA | C121: FROM KAMPALA | D121: KAMPALA | E121: BWERA | F121: =D121&"-"&E121 -> KAMPALA-BWERA | G121: =ROUNDUP(COUNTIF('PT-01'!$L$1213:$L$1539,Summary!F121)/5,0) -> 1 | H121: 424 | I121: =AVERAGEIF('PT-01'!$L$1213:$L$1539,Summary!F121,'PT-01'!$O$1213:$O$1539) -> 7.3 | J121: =AVERAGEIF('PT-01'!$L$1213:$L$1539,Summary!F121,'PT-01'!$M$1213:$M$1539) -> 66 | K121: =AVERAGEIF('PT-01'!$L$1213:$L$1539,Summary!F121,'PT-01'!$N$1213:$N$1539) -> 35000
B122: KAMPALA | C122: FROM KAMPALA | D122: KAMPALA | E122: FORT PORTAL | F122: =D122&"-"&E122 -> KAMPALA-FORT PORTAL | G122: =ROUNDUP(COUNTIF('PT-01'!$L$1213:$L$1539,Summary!F122)/5,0) -> 1 | H122: 295 | I122: =AVERAGEIF('PT-01'!$L$1213:$L$1539,Summary!F122,'PT-01'!$O$1213:$O$1539) -> 5 | J122: =AVERAGEIF('PT-01'!$L$1213:$L$1539,Summary!F122,'PT-01'!$M$1213:$M$1539) -> 67 | K122: =AVERAGEIF('PT-01'!$L$1213:$L$1539,Summary!F122,'PT-01'!$N$1213:$N$1539) -> 22500
B123: KAMPALA | C123: FROM KAMPALA | D123: KAMPALA | E123: HOIMA | F123: =D123&"-"&E123 -> KAMPALA-HOIMA | G123: =ROUNDUP(COUNTIF('PT-01'!$L$1213:$L$1539,Summary!F123)/5,0) -> 10 | H123: 199 | I123: =AVERAGEIF('PT-01'!$L$1213:$L$1539,Summary!F123,'PT-01'!$O$1213:$O$1539) -> 3.8 | J123: =AVERAGEIF('PT-01'!$L$1213:$L$1539,Summary!F123,'PT-01'!$M$1213:$M$1539) -> 66.081633 | K123: =AVERAGEIF('PT-01'!$L$1213:$L$1539,Summary!F123,'PT-01'!$N$1213:$N$1539) -> 15000
B124: KAMPALA | C124: FROM KAMPALA | D124: KAMPALA | E124: KASESE | F124: =D124&"-"&E124 -> KAMPALA-KASESE | G124: =ROUNDUP(COUNTIF('PT-01'!$L$1213:$L$1539,Summary!F124)/5,0) -> 17 | H124: 370 | I124: =AVERAGEIF('PT-01'!$L$1213:$L$1539,Summary!F124,'PT-01'!$O$1213:$O$1539) -> 7 | J124: =AVERAGEIF('PT-01'!$L$1213:$L$1539,Summary!F124,'PT-01'!$M$1213:$M$1539) -> 66.308642 | K124: =AVERAGEIF('PT-01'!$L$1213:$L$1539,Summary!F124,'PT-01'!$N$1213:$N$1539) -> 35000
B125: KAMPALA | C125: FROM KAMPALA | D125: KAMPALA | E125: MASINDI | F125: =D125&"-"&E125 -> KAMPALA-MASINDI | G125: =ROUNDUP(COUNTIF('PT-01'!$L$1213:$L$1539,Summary!F125)/5,0) -> 6 | H125: 211 | I125: =AVERAGEIF('PT-01'!$L$1213:$L$1539,Summary!F125,'PT-01'!$O$1213:$O$1539) -> 3.25 | J125: =AVERAGEIF('PT-01'!$L$1213:$L$1539,Summary!F125,'PT-01'!$M$1213:$M$1539) -> 65.964286 | K125: =AVERAGEIF('PT-01'!$L$1213:$L$1539,Summary!F125,'PT-01'!$N$1213:$N$1539) -> 15000
B126: KAMPALA | C126: FROM KAMPALA | D126: KAMPALA | E126: NYAHUKA | F126: =D126&"-"&E126 -> KAMPALA-NYAHUKA | G126: =ROUNDUP(COUNTIF('PT-01'!$L$1213:$L$1539,Summary!F126)/5,0) -> 1 | H126: 391 | I126: =AVERAGEIF('PT-01'!$L$1213:$L$1539,Summary!F126,'PT-01'!$O$1213:$O$1539) -> 6.8 | J126: =AVERAGEIF('PT-01'!$L$1213:$L$1539,Summary!F126,'PT-01'!$M$1213:$M$1539) -> 63.666667 | K126: =AVERAGEIF('PT-01'!$L$1213:$L$1539,Summary!F126,'PT-01'!$N$1213:$N$1539) -> 25000
B127: KAMPALA | C127: TO KAMPALA | D127: BUNDIBUGYO | E127: KAMPALA | F127: =D127&"-"&E127 -> BUNDIBUGYO-KAMPALA | G127: =ROUNDUP(COUNTIF('PT-01'!$L$1213:$L$1539,Summary!F127)/5,0) -> 3 | H127: 379 | I127: =AVERAGEIF('PT-01'!$L$1213:$L$1539,Summary!F127,'PT-01'!$O$1213:$O$1539) -> 6.25 | J127: =AVERAGEIF('PT-01'!$L$1213:$L$1539,Summary!F127,'PT-01'!$M$1213:$M$1539) -> 65 | K127: =AVERAGEIF('PT-01'!$L$1213:$L$1539,Summary!F127,'PT-01'!$N$1213:$N$1539) -> 23000
B128: KAMPALA | C128: TO KAMPALA | D128: BWERA | E128: KAMPALA | F128: =D128&"-"&E128 -> BWERA-KAMPALA | G128: =ROUNDUP(COUNTIF('PT-01'!$L$1213:$L$1539,Summary!F128)/5,0) -> 1 | H128: 424 | I128: =AVERAGEIF('PT-01'!$L$1213:$L$1539,Summary!F128,'PT-01'!$O$1213:$O$1539) -> 7.25 | J128: =AVERAGEIF('PT-01'!$L$1213:$L$1539,Summary!F128,'PT-01'!$M$1213:$M$1539) -> 55 | K128: =AVERAGEIF('PT-01'!$L$1213:$L$1539,Summary!F128,'PT-01'!$N$1213:$N$1539) -> 35000
...

Sheet Key
B1: Vehicle Type
A2: 1 | B2: Car
A3: 2 | B3: Station Wagon
A4: 3 | B4: Pickups
A5: 4 | B5: Minibus, matatu
A6: 5 | B6: Medium bus
A7: 6 | B7: Large Bus
A8: 7 | B8: Light Truck
A9: 8 | B9: Medium Truck
A10: 9 | B10: Heavy truck
A11: 10 | B11: Truck Trailer
A12: 11 | B12: Motor cycles
A13: 12 | B13: Tractors
