Workbook

Sheet 29.07 Nalya-Bweyogerere
B1: Consultancy services for Preparation of Expressway Development Master Plan (EDMP) for Uganda
B2: MANUAL CLASSIFIED COUNT (MCC)
B3: ROAD NAME: | C3: MCC - C1 - STN40 - NORTHERN BYPASS
C5: Date | D5: 29.07.19 | F5: Location | G5: Signs and Symbols | J5: Surveyor | K5: Acema Vicent/Aseru Sherry/Mejje Mathias Trevor/Martin Anthony
C6: Dir. From | D6: Naalya | F6: Dir. To | G6: Bweyogerere | J6: Supervisor | K6: Steven
B8: Time / Veh Type | R8: SUMMARY TRAFFIC VOLUMES
C9: 1. Car | D9: 2. Station Wagon | E9: 3. Pickups | F9: 4. Minibus, matatu | G9: 5. Medium bus | H9: 6. Large Bus | I9: 7. Light Truck | J9: 8. Medium Truck | K9: 9. Heavy truck | L9: 10. Truck Trailer | M9: 11. Motor cycles | N9: 12. Tractors | O9: Total Excl M/Cycles | P9: Total All | R9: Time | S9: 1. Car | T9: 2. Station Wagon | U9: 3. Pickups | V9: 4. Minibus, matatu | W9: 5. Medium bus | X9: 6. Large Bus | Y9: 7. Light Truck | Z9: 8. Medium Truck | AA9: 9. Heavy truck | AB9: 10. Truck Trailer | AC9: 11. Motorcycles | AD9: 12. Tractors, Graders | AE9: Total Excl M/ Cycles | AF9: Total All
B10: 07.00 - 07.15 | C10: 0 | D10: 0 | E10: 0 | F10: 0 | G10: 0 | H10: 0 | I10: 0 | J10: 0 | K10: 0 | L10: 0 | M10: 0 | N10: 0 | O10: =SUM(C10:L10,N10) -> 0 | P10: =SUM(C10:N10) -> 0 | R10: 0700-0800 | S10: =SUM(C10:C13) -> 0 | T10: =SUM(D10:D13) -> 0 | U10: =SUM(E10:E13) -> 0 | V10: =SUM(F10:F13) -> 0 | W10: =SUM(G10:G13) -> 0 | X10: =SUM(H10:H13) -> 0 | Y10: =SUM(I10:I13) -> 0 | Z10: =SUM(J10:J13) -> 0 | ... AF10: =SUM(P10:P13) -> 0
B11: 07.15 - 07.30 | C11: 0 | D11: 0 | E11: 0 | F11: 0 | G11: 0 | H11: 0 | I11: 0 | J11: 0 | K11: 0 | L11: 0 | M11: 0 | N11: 0 | O11: =SUM(C11:L11,N11) -> 0 | P11: =SUM(C11:N11) -> 0 | R11: 0800-0900 | S11: =SUM(C14:C17) -> 0 | T11: =SUM(D14:D17) -> 0 | U11: =SUM(E14:E17) -> 0 | V11: =SUM(F14:F17) -> 0 | W11: =SUM(G14:G17) -> 0 | X11: =SUM(H14:H17) -> 0 | Y11: =SUM(I14:I17) -> 0 | Z11: =SUM(J14:J17) -> 0 | ... AF11: =SUM(P14:P17) -> 0
B12: 07.30 - 07.45 | C12: 0 | D12: 0 | E12: 0 | F12: 0 | G12: 0 | H12: 0 | I12: 0 | J12: 0 | K12: 0 | L12: 0 | M12: 0 | N12: 0 | O12: =SUM(C12:L12,N12) -> 0 | P12: =SUM(C12:N12) -> 0 | R12: 0900-1000 | S12: =SUM(C18:C21) -> 35 | T12: =SUM(D18:D21) -> 5 | U12: =SUM(E18:E21) -> 12 | V12: =SUM(F18:F21) -> 45 | W12: =SUM(G18:G21) -> 0 | X12: =SUM(H18:H21) -> 0 | Y12: =SUM(I18:I21) -> 6 | Z12: =SUM(J18:J21) -> 13 | ... AF12: =SUM(P18:P21) -> 206
B13: 07.45 - 08.00 | C13: 0 | D13: 0 | E13: 0 | F13: 0 | G13: 0 | H13: 0 | I13: 0 | J13: 0 | K13: 0 | L13: 0 | M13: 0 | N13: 0 | O13: =SUM(C13:L13,N13) -> 0 | P13: =SUM(C13:N13) -> 0 | R13: 1000-1100 | S13: =SUM(C22:C25) -> 86 | T13: =SUM(D22:D25) -> 9 | U13: =SUM(E22:E25) -> 17 | V13: =SUM(F22:F25) -> 97 | W13: =SUM(G22:G25) -> 2 | X13: =SUM(H22:H25) -> 0 | Y13: =SUM(I22:I25) -> 30 | Z13: =SUM(J22:J25) -> 17 | ... AF13: =SUM(P22:P25) -> 420
B14: 08.00 - 08.15 | C14: 0 | D14: 0 | E14: 0 | F14: 0 | G14: 0 | H14: 0 | I14: 0 | J14: 0 | K14: 0 | L14: 0 | M14: 0 | N14: 0 | O14: =SUM(C14:L14,N14) -> 0 | P14: =SUM(C14:N14) -> 0 | R14: 1100-1200 | S14: =SUM(C26:C29) -> 70 | T14: =SUM(D26:D29) -> 15 | U14: =SUM(E26:E29) -> 14 | V14: =SUM(F26:F29) -> 73 | W14: =SUM(G26:G29) -> 2 | X14: =SUM(H26:H29) -> 0 | Y14: =SUM(I26:I29) -> 36 | Z14: =SUM(J26:J29) -> 19 | ... AF14: =SUM(P26:P29) -> 395
B15: 08.15 - 08.30 | C15: 0 | D15: 0 | E15: 0 | F15: 0 | G15: 0 | H15: 0 | I15: 0 | J15: 0 | K15: 0 | L15: 0 | M15: 0 | N15: 0 | O15: =SUM(C15:L15,N15) -> 0 | P15: =SUM(C15:N15) -> 0 | R15: 1200-1300 | S15: =SUM(C30:C33) -> 79 | T15: =SUM(D30:D33) -> 14 | U15: =SUM(E30:E33) -> 5 | V15: =SUM(F30:F33) -> 85 | W15: =SUM(G30:G33) -> 1 | X15: =SUM(H30:H33) -> 1 | Y15: =SUM(I30:I33) -> 24 | Z15: =SUM(J30:J33) -> 12 | ... AF15: =SUM(P30:P33) -> 393
B16: 08.30 - 08.45 | C16: 0 | D16: 0 | E16: 0 | F16: 0 | G16: 0 | H16: 0 | I16: 0 | J16: 0 | K16: 0 | L16: 0 | M16: 0 | N16: 0 | O16: =SUM(C16:L16,N16) -> 0 | P16: =SUM(C16:N16) -> 0 | R16: 1300-1400 | S16: =SUM(C34:C37) -> 49 | T16: =SUM(D34:D37) -> 9 | U16: =SUM(E34:E37) -> 9 | V16: =SUM(F34:F37) -> 72 | W16: =SUM(G34:G37) -> 0 | X16: =SUM(H34:H37) -> 0 | Y16: =SUM(I34:I37) -> 28 | Z16: =SUM(J34:J37) -> 11 | ... AF16: =SUM(P34:P37) -> 348
B17: 08.45 - 9.00 | C17: 0 | D17: 0 | E17: 0 | F17: 0 | G17: 0 | H17: 0 | I17: 0 | J17: 0 | K17: 0 | L17: 0 | M17: 0 | N17: 0 | O17: =SUM(C17:L17,N17) -> 0 | P17: =SUM(C17:N17) -> 0 | R17: 1400-1500 | S17: =SUM(C38:C41) -> 44 | T17: =SUM(D38:D41) -> 15 | U17: =SUM(E38:E41) -> 16 | V17: =SUM(F38:F41) -> 56 | W17: =SUM(G38:G41) -> 0 | X17: =SUM(H38:H41) -> 0 | Y17: =SUM(I38:I41) -> 12 | Z17: =SUM(J38:J41) -> 11 | ... AF17: =SUM(P38:P41) -> 307
B18: 09.00 - 09.15 | C18: 0 | D18: 0 | E18: 0 | F18: 0 | G18: 0 | H18: 0 | I18: 0 | J18: 0 | K18: 0 | L18: 0 | M18: 0 | N18: 0 | O18: =SUM(C18:L18,N18) -> 0 | P18: =SUM(C18:N18) -> 0 | R18: 1500-1600 | S18: =SUM(C42:C45) -> 83 | T18: =SUM(D42:D45) -> 15 | U18: =SUM(E42:E45) -> 18 | V18: =SUM(F42:F45) -> 80 | W18: =SUM(G42:G45) -> 0 | X18: =SUM(H42:H45) -> 2 | Y18: =SUM(I42:I45) -> 25 | Z18: =SUM(J42:J45) -> 18 | ... AF18: =SUM(P42:P45) -> 480
B19: 09.15 - 09.30 | C19: 0 | D19: 0 | E19: 0 | F19: 0 | G19: 0 | H19: 0 | I19: 0 | J19: 0 | K19: 0 | L19: 0 | M19: 0 | N19: 0 | O19: =SUM(C19:L19,N19) -> 0 | P19: =SUM(C19:N19) -> 0 | R19: 1600-1700 | S19: =SUM(C46:C49) -> 89 | T19: =SUM(D46:D49) -> 29 | U19: =SUM(E46:E49) -> 29 | V19: =SUM(F46:F49) -> 79 | W19: =SUM(G46:G49) -> 0 | X19: =SUM(H46:H49) -> 0 | Y19: =SUM(I46:I49) -> 27 | Z19: =SUM(J46:J49) -> 17 | ... AF19: =SUM(P46:P49) -> 451
B20: 09.30 - 09.45 | C20: 10 | D20: 1 | E20: 6 | F20: 17 | G20: 0 | H20: 0 | I20: 4 | J20: 4 | K20: 11 | L20: 3 | M20: 28 | N20: 0 | O20: =SUM(C20:L20,N20) -> 56 | P20: =SUM(C20:N20) -> 84 | R20: 1700-1800 | S20: =SUM(C50:C53) -> 141 | T20: =SUM(D50:D53) -> 27 | U20: =SUM(E50:E53) -> 37 | V20: =SUM(F50:F53) -> 102 | W20: =SUM(G50:G53) -> 1 | X20: =SUM(H50:H53) -> 5 | Y20: =SUM(I50:I53) -> 26 | Z20: =SUM(J50:J53) -> 14 | ... AF20: =SUM(P50:P53) -> 550
B21: 09.45 - 10.00 | C21: 25 | D21: 4 | E21: 6 | F21: 28 | G21: 0 | H21: 0 | I21: 2 | J21: 9 | K21: 5 | L21: 6 | M21: 37 | N21: 0 | O21: =SUM(C21:L21,N21) -> 85 | P21: =SUM(C21:N21) -> 122 | R21: 1800-1900 | S21: =SUM(C54:C57) -> 184 | T21: =SUM(D54:D57) -> 35 | U21: =SUM(E54:E57) -> 26 | V21: =SUM(F54:F57) -> 121 | W21: =SUM(G54:G57) -> 4 | X21: =SUM(H54:H57) -> 0 | Y21: =SUM(I54:I57) -> 25 | Z21: =SUM(J54:J57) -> 17 | ... AF21: =SUM(P54:P57) -> 608
B22: 10.00 - 10.15 | C22: 27 | D22: 2 | E22: 4 | F22: 27 | G22: 0 | H22: 0 | I22: 11 | J22: 5 | K22: 6 | L22: 6 | M22: 29 | N22: 0 | O22: =SUM(C22:L22,N22) -> 88 | P22: =SUM(C22:N22) -> 117 | R22: AM Peak Hr | S22: =MAX(S10:S12) -> 35 | T22: =MAX(T10:T12) -> 5 | U22: =MAX(U10:U12) -> 12 | V22: =MAX(V10:V12) -> 45 | W22: =MAX(W10:W12) -> 0 | X22: =MAX(X10:X12) -> 0 | Y22: =MAX(Y10:Y12) -> 6 | Z22: =MAX(Z10:Z12) -> 13 | ... AF22: =MAX(AF10:AF12) -> 206
B23: 10.15 - 10.30 | C23: 18 | D23: 3 | E23: 6 | F23: 29 | G23: 1 | H23: 0 | I23: 6 | J23: 2 | K23: 6 | L23: 1 | M23: 30 | N23: 0 | O23: =SUM(C23:L23,N23) -> 72 | P23: =SUM(C23:N23) -> 102 | R23: IP Peak Hr | S23: =MAX(S13:S18) -> 86 | T23: =MAX(T13:T18) -> 15 | U23: =MAX(U13:U18) -> 18 | V23: =MAX(V13:V18) -> 97 | W23: =MAX(W13:W18) -> 2 | X23: =MAX(X13:X18) -> 2 | Y23: =MAX(Y13:Y18) -> 36 | Z23: =MAX(Z13:Z18) -> 19 | ... AF23: =MAX(AF13:AF18) -> 480
B24: 10.30 - 10.45 | C24: 19 | D24: 3 | E24: 4 | F24: 14 | G24: 1 | H24: 0 | I24: 7 | J24: 2 | K24: 2 | L24: 4 | M24: 21 | N24: 0 | O24: =SUM(C24:L24,N24) -> 56 | P24: =SUM(C24:N24) -> 77 | R24: PM Peak Hr | S24: =MAX(S19:S21) -> 184 | T24: =MAX(T19:T21) -> 35 | U24: =MAX(U19:U21) -> 37 | V24: =MAX(V19:V21) -> 121 | W24: =MAX(W19:W21) -> 4 | X24: =MAX(X19:X21) -> 5 | Y24: =MAX(Y19:Y21) -> 27 | Z24: =MAX(Z19:Z21) -> 17 | ... AF24: =MAX(AF19:AF21) -> 608
B25: 10.45 - 11.00 | C25: 22 | D25: 1 | E25: 3 | F25: 27 | G25: 0 | H25: 0 | I25: 6 | J25: 8 | K25: 6 | L25: 7 | M25: 44 | N25: 0 | O25: =SUM(C25:L25,N25) -> 80 | P25: =SUM(C25:N25) -> 124 | R25: AM Period | S25: =SUM(S10:S12) -> 35 | T25: =SUM(T10:T12) -> 5 | U25: =SUM(U10:U12) -> 12 | V25: =SUM(V10:V12) -> 45 | W25: =SUM(W10:W12) -> 0 | X25: =SUM(X10:X12) -> 0 | Y25: =SUM(Y10:Y12) -> 6 | Z25: =SUM(Z10:Z12) -> 13 | ... AF25: =SUM(AF10:AF12) -> 206
B26: 11.00 - 11.15 | C26: 11 | D26: 1 | E26: 0 | F26: 20 | G26: 2 | H26: 0 | I26: 6 | J26: 4 | K26: 2 | L26: 2 | M26: 24 | N26: 0 | O26: =SUM(C26:L26,N26) -> 48 | P26: =SUM(C26:N26) -> 72 | R26: IP Period | S26: =SUM(S13:S18) -> 411 | T26: =SUM(T13:T18) -> 77 | U26: =SUM(U13:U18) -> 79 | V26: =SUM(V13:V18) -> 463 | W26: =SUM(W13:W18) -> 5 | X26: =SUM(X13:X18) -> 3 | Y26: =SUM(Y13:Y18) -> 155 | Z26: =SUM(Z13:Z18) -> 88 | ... AF26: =SUM(AF13:AF18) -> 2343
B27: 11.15 - 11.30 | C27: 17 | D27: 5 | E27: 2 | F27: 13 | G27: 0 | H27: 0 | I27: 8 | J27: 8 | K27: 8 | L27: 5 | M27: 31 | N27: 0 | O27: =SUM(C27:L27,N27) -> 66 | P27: =SUM(C27:N27) -> 97 | R27: PM Period | S27: =SUM(S19:S21) -> 414 | T27: =SUM(T19:T21) -> 91 | U27: =SUM(U19:U21) -> 92 | V27: =SUM(V19:V21) -> 302 | W27: =SUM(W19:W21) -> 5 | X27: =SUM(X19:X21) -> 5 | Y27: =SUM(Y19:Y21) -> 78 | Z27: =SUM(Z19:Z21) -> 48 | ... AF27: =SUM(AF19:AF21) -> 1609
B28: 11.30 - 11.45 | C28: 22 | D28: 6 | E28: 6 | F28: 24 | G28: 0 | H28: 0 | I28: 15 | J28: 6 | K28: 8 | L28: 6 | M28: 29 | N28: 0 | O28: =SUM(C28:L28,N28) -> 93 | P28: =SUM(C28:N28) -> 122 | R28: 12 Hours | S28: =SUM(S10:S21) -> 860 | T28: =SUM(T10:T21) -> 173 | U28: =SUM(U10:U21) -> 183 | V28: =SUM(V10:V21) -> 810 | W28: =SUM(W10:W21) -> 10 | X28: =SUM(X10:X21) -> 8 | Y28: =SUM(Y10:Y21) -> 239 | Z28: =SUM(Z10:Z21) -> 149 | ... AF28: =SUM(AF10:AF21) -> 4158
B29: 11.45 - 12.00 | C29: 20 | D29: 3 | E29: 6 | F29: 16 | G29: 0 | H29: 0 | I29: 7 | J29: 1 | K29: 6 | L29: 6 | M29: 39 | N29: 0 | O29: =SUM(C29:L29,N29) -> 65 | P29: =SUM(C29:N29) -> 104
B30: 12.00 - 12.15 | C30: 20 | D30: 3 | E30: 2 | F30: 17 | G30: 0 | H30: 0 | I30: 6 | J30: 2 | K30: 1 | L30: 8 | M30: 35 | N30: 0 | O30: =SUM(C30:L30,N30) -> 59 | P30: =SUM(C30:N30) -> 94
B31: 12.15 - 12.30 | C31: 19 | D31: 2 | E31: 0 | F31: 20 | G31: 0 | H31: 1 | I31: 2 | J31: 3 | K31: 3 | L31: 8 | M31: 28 | N31: 0 | O31: =SUM(C31:L31,N31) -> 58 | P31: =SUM(C31:N31) -> 86
B32: 12.30 - 12.45 | C32: 17 | D32: 6 | E32: 0 | F32: 27 | G32: 1 | H32: 0 | I32: 6 | J32: 4 | K32: 2 | L32: 6 | M32: 36 | N32: 0 | O32: =SUM(C32:L32,N32) -> 69 | P32: =SUM(C32:N32) -> 105
B33: 12.45 - 13.00 | C33: 23 | D33: 3 | E33: 3 | F33: 21 | G33: 0 | H33: 0 | I33: 10 | J33: 3 | K33: 5 | L33: 6 | M33: 34 | N33: 0 | O33: =SUM(C33:L33,N33) -> 74 | P33: =SUM(C33:N33) -> 108
B34: 13.00 - 13.15 | C34: 14 | D34: 2 | E34: 1 | F34: 19 | G34: 0 | H34: 0 | I34: 4 | J34: 4 | K34: 1 | L34: 4 | M34: 43 | N34: 0 | O34: =SUM(C34:L34,N34) -> 49 | P34: =SUM(C34:N34) -> 92
B35: 13.15 - 13.30 | C35: 13 | D35: 0 | E35: 1 | F35: 22 | G35: 0 | H35: 0 | I35: 8 | J35: 1 | K35: 4 | L35: 3 | M35: 39 | N35: 0 | O35: =SUM(C35:L35,N35) -> 52 | P35: =SUM(C35:N35) -> 91
B36: 13.30 - 13.45 | C36: 9 | D36: 2 | E36: 2 | F36: 13 | G36: 0 | H36: 0 | I36: 8 | J36: 3 | K36: 5 | L36: 4 | M36: 28 | N36: 0 | O36: =SUM(C36:L36,N36) -> 46 | P36: =SUM(C36:N36) -> 74
B37: 13.45 - 14.00 | C37: 13 | D37: 5 | E37: 5 | F37: 18 | G37: 0 | H37: 0 | I37: 8 | J37: 3 | K37: 5 | L37: 11 | M37: 23 | N37: 0 | O37: =SUM(C37:L37,N37) -> 68 | P37: =SUM(C37:N37) -> 91
B38: 14.00 - 14.15 | C38: 20 | D38: 2 | E38: 8 | F38: 15 | G38: 0 | H38: 0 | I38: 4 | J38: 3 | K38: 6 | L38: 11 | M38: 34 | N38: 1 | O38: =SUM(C38:L38,N38) -> 70 | P38: =SUM(C38:N38) -> 104
B39: 14.15 - 14.30 | C39: 8 | D39: 4 | E39: 5 | F39: 15 | G39: 0 | H39: 0 | I39: 2 | J39: 3 | K39: 1 | L39: 1 | M39: 32 | N39: 0 | O39: =SUM(C39:L39,N39) -> 39 | P39: =SUM(C39:N39) -> 71
B40: 14.30 - 14.45 | C40: 5 | D40: 7 | E40: 2 | F40: 10 | G40: 0 | H40: 0 | I40: 2 | J40: 3 | K40: 7 | L40: 2 | M40: 25 | N40: 0 | O40: =SUM(C40:L40,N40) -> 38 | P40: =SUM(C40:N40) -> 63
... B57: 18.45 - 19.00 | C57: 47 | D57: 8 | E57: 9 | F57: 36 | G57: 0 | H57: 0 | I57: 2 | J57: 2 | K57: 2 | L57: 3 | M57: 48 | N57: 0 | O57: =SUM(C57:L57,N57) -> 109 | P57: =SUM(C57:N57) -> 157
B58: Totals | C58: =SUM(C10:C57) -> 860 | D58: =SUM(D10:D57) -> 173 | E58: =SUM(E10:E57) -> 183 | F58: =SUM(F10:F57) -> 810 | G58: =SUM(G10:G57) -> 10 | H58: =SUM(H10:H57) -> 8 | I58: =SUM(I10:I57) -> 239 | J58: =SUM(J10:J57) -> 149 | ... P58: =SUM(P10:P57) -> 4158
B59: %ges + MCs | C59: =C58/$P$58 -> 0.20683021 | D59: =D58/$P$58 -> 0.041606542 | E59: =E58/$P$58 -> 0.044011544 | F59: =F58/$P$58 -> 0.19480519 | G59: =G58/$P$58 -> 0.0024050024 | H59: =H58/$P$58 -> 0.0019240019 | I59: =I58/$P$58 -> 0.057479557 | J59: =J58/$P$58 -> 0.035834536 | ... N59: =N58/$P$58 -> 0.00024050024
B60: %ges w/o MCs | C60: =C58/$O$58 -> 0.3028169 | D60: =D58/$O$58 -> 0.060915493 | E60: =E58/$O$58 -> 0.06443662 | F60: =F58/$O$58 -> 0.28521127 | G60: =G58/$O$58 -> 0.0035211268 | H60: =H58/$O$58 -> 0.0028169014 | I60: =I58/$O$58 -> 0.08415493 | J60: =J58/$O$58 -> 0.052464789 | ... L60: =L58/$O$58 -> 0.077816901 | N60: =N58/$O$58 -> 0.00035211268

Sheet 29.07 Bweyogerere-Nalya
B1: Consultancy services for Preparation of Expressway Development Master Plan (EDMP) for Uganda
B2: MANUAL CLASSIFIED COUNT (MCC)
B3: ROAD NAME: | C3: ='29.07 Nalya-Bweyogerere'!C3:G3 -> MCC - C1 - STN40 - NORTHERN BYPASS
C5: Date | D5: ='29.07 Nalya-Bweyogerere'!D5 -> 29.07.19 | F5: Location | G5: ='29.07 Nalya-Bweyogerere'!G5:H5 -> Signs and Symbols | J5: Surveyor | K5: ='29.07 Nalya-Bweyogerere'!K5:L5 -> Acema Vicent/Aseru Sherry/Mejje Mathias Trevor/Martin Anthony
C6: Dir. From | D6: Bweyogerere | F6: Dir. To | G6: Nalya | J6: Supervisor | K6: ='29.07 Nalya-Bweyogerere'!K6:L6 -> Steven
B8: Time / Veh Type | R8: SUMMARY TRAFFIC VOLUMES
C9: 1. Car | D9: 2. Station Wagon | E9: 3. Pickups | F9: 4. Minibus, matatu | G9: 5. Medium bus | H9: 6. Large Bus | I9: 7. Light Truck | J9: 8. Medium Truck | K9: 9. Heavy truck | L9: 10. Truck Trailer | M9: 11. Motor cycles | N9: 12. Tractors | O9: Total Excl M/Cycles | P9: Total All | R9: Time | S9: 1. Car | T9: 2. Station Wagon | U9: 3. Pickups | V9: 4. Minibus, matatu | W9: 5. Medium bus | X9: 6. Large Bus | Y9: 7. Light Truck | Z9: 8. Medium Truck | AA9: 9. Heavy truck | AB9: 10. Truck Trailer | AC9: 11. Motorcycles | AD9: 12. Tractors, Graders | AE9: Total Excl M/ Cycles | AF9: Total All
B10: 07.00 - 07.15 | C10: 0 | D10: 0 | E10: 0 | F10: 0 | G10: 0 | H10: 0 | I10: 0 | J10: 0 | K10: 0 | L10: 0 | M10: 0 | N10: 0 | O10: =SUM(C10:L10,N10) -> 0 | P10: =SUM(C10:N10) -> 0 | R10: 0700-0800 | S10: =SUM(C10:C13) -> 0 | T10: =SUM(D10:D13) -> 0 | U10: =SUM(E10:E13) -> 0 | V10: =SUM(F10:F13) -> 0 | W10: =SUM(G10:G13) -> 0 | X10: =SUM(H10:H13) -> 0 | Y10: =SUM(I10:I13) -> 0 | Z10: =SUM(J10:J13) -> 0 | ... AF10: =SUM(P10:P13) -> 0
B11: 07.15 - 07.30 | C11: 0 | D11: 0 | E11: 0 | F11: 0 | G11: 0 | H11: 0 | I11: 0 | J11: 0 | K11: 0 | L11: 0 | M11: 0 | N11: 0 | O11: =SUM(C11:L11,N11) -> 0 | P11: =SUM(C11:N11) -> 0 | R11: 0800-0900 | S11: =SUM(C14:C17) -> 0 | T11: =SUM(D14:D17) -> 0 | U11: =SUM(E14:E17) -> 0 | V11: =SUM(F14:F17) -> 0 | W11: =SUM(G14:G17) -> 0 | X11: =SUM(H14:H17) -> 0 | Y11: =SUM(I14:I17) -> 0 | Z11: =SUM(J14:J17) -> 0 | ... AF11: =SUM(P14:P17) -> 0
B12: 07.30 - 07.45 | C12: 0 | D12: 0 | E12: 0 | F12: 0 | G12: 0 | H12: 0 | I12: 0 | J12: 0 | K12: 0 | L12: 0 | M12: 0 | N12: 0 | O12: =SUM(C12:L12,N12) -> 0 | P12: =SUM(C12:N12) -> 0 | R12: 0900-1000 | S12: =SUM(C18:C21) -> 34 | T12: =SUM(D18:D21) -> 19 | U12: =SUM(E18:E21) -> 5 | V12: =SUM(F18:F21) -> 31 | W12: =SUM(G18:G21) -> 1 | X12: =SUM(H18:H21) -> 0 | Y12: =SUM(I18:I21) -> 5 | Z12: =SUM(J18:J21) -> 13 | ... AF12: =SUM(P18:P21) -> 187
B13: 07.45 - 08.00 | C13: 0 | D13: 0 | E13: 0 | F13: 0 | G13: 0 | H13: 0 | I13: 0 | J13: 0 | K13: 0 | L13: 0 | M13: 0 | N13: 0 | O13: =SUM(C13:L13,N13) -> 0 | P13: =SUM(C13:N13) -> 0 | R13: 1000-1100 | S13: =SUM(C22:C25) -> 57 | T13: =SUM(D22:D25) -> 44 | U13: =SUM(E22:E25) -> 14 | V13: =SUM(F22:F25) -> 95 | W13: =SUM(G22:G25) -> 0 | X13: =SUM(H22:H25) -> 0 | Y13: =SUM(I22:I25) -> 10 | Z13: =SUM(J22:J25) -> 20 | ... AF13: =SUM(P22:P25) -> 395
B14: 08.00 - 08.15 | C14: 0 | D14: 0 | E14: 0 | F14: 0 | G14: 0 | H14: 0 | I14: 0 | J14: 0 | K14: 0 | L14: 0 | M14: 0 | N14: 0 | O14: =SUM(C14:L14,N14) -> 0 | P14: =SUM(C14:N14) -> 0 | R14: 1100-1200 | S14: =SUM(C26:C29) -> 65 | T14: =SUM(D26:D29) -> 48 | U14: =SUM(E26:E29) -> 14 | V14: =SUM(F26:F29) -> 76 | W14: =SUM(G26:G29) -> 3 | X14: =SUM(H26:H29) -> 0 | Y14: =SUM(I26:I29) -> 32 | Z14: =SUM(J26:J29) -> 21 | ... AF14: =SUM(P26:P29) -> 424
B15: 08.15 - 08.30 | C15: 0 | D15: 0 | E15: 0 | F15: 0 | G15: 0 | H15: 0 | I15: 0 | J15: 0 | K15: 0 | L15: 0 | M15: 0 | N15: 0 | O15: =SUM(C15:L15,N15) -> 0 | P15: =SUM(C15:N15) -> 0 | R15: 1200-1300 | S15: =SUM(C30:C33) -> 100 | T15: =SUM(D30:D33) -> 46 | U15: =SUM(E30:E33) -> 22 | V15: =SUM(F30:F33) -> 72 | W15: =SUM(G30:G33) -> 2 | X15: =SUM(H30:H33) -> 2 | Y15: =SUM(I30:I33) -> 13 | Z15: =SUM(J30:J33) -> 40 | ... AF15: =SUM(P30:P33) -> 483
B16: 08.30 - 08.45 | C16: 0 | D16: 0 | E16: 0 | F16: 0 | G16: 0 | H16: 0 | I16: 0 | J16: 0 | K16: 0 | L16: 0 | M16: 0 | N16: 0 | O16: =SUM(C16:L16,N16) -> 0 | P16: =SUM(C16:N16) -> 0 | R16: 1300-1400 | S16: =SUM(C34:C37) -> 71 | T16: =SUM(D34:D37) -> 36 | U16: =SUM(E34:E37) -> 19 | V16: =SUM(F34:F37) -> 69 | W16: =SUM(G34:G37) -> 0 | X16: =SUM(H34:H37) -> 0 | Y16: =SUM(I34:I37) -> 20 | Z16: =SUM(J34:J37) -> 34 | ... AF16: =SUM(P34:P37) -> 411
B17: 08.45 - 9.00 | C17: 0 | D17: 0 | E17: 0 | F17: 0 | G17: 0 | H17: 0 | I17: 0 | J17: 0 | K17: 0 | L17: 0 | M17: 0 | N17: 0 | O17: =SUM(C17:L17,N17) -> 0 | P17: =SUM(C17:N17) -> 0 | R17: 1400-1500 | S17: =SUM(C38:C41) -> 59 | T17: =SUM(D38:D41) -> 21 | U17: =SUM(E38:E41) -> 12 | V17: =SUM(F38:F41) -> 51 | W17: =SUM(G38:G41) -> 0 | X17: =SUM(H38:H41) -> 2 | Y17: =SUM(I38:I41) -> 11 | Z17: =SUM(J38:J41) -> 38 | ... AF17: =SUM(P38:P41) -> 354
B18: 09.00 - 09.15 | C18: 0 | D18: 0 | E18: 0 | F18: 0 | G18: 0 | H18: 0 | I18: 0 | J18: 0 | K18: 0 | L18: 0 | M18: 0 | N18: 0 | O18: =SUM(C18:L18,N18) -> 0 | P18: =SUM(C18:N18) -> 0 | R18: 1500-1600 | S18: =SUM(C42:C45) -> 71 | T18: =SUM(D42:D45) -> 38 | U18: =SUM(E42:E45) -> 14 | V18: =SUM(F42:F45) -> 82 | W18: =SUM(G42:G45) -> 0 | X18: =SUM(H42:H45) -> 0 | Y18: =SUM(I42:I45) -> 19 | Z18: =SUM(J42:J45) -> 35 | ... AF18: =SUM(P42:P45) -> 472
B19: 09.15 - 09.30 | C19: 0 | D19: 0 | E19: 0 | F19: 0 | G19: 0 | H19: 0 | I19: 0 | J19: 0 | K19: 0 | L19: 0 | M19: 0 | N19: 0 | O19: =SUM(C19:L19,N19) -> 0 | P19: =SUM(C19:N19) -> 0 | R19: 1600-1700 | S19: =SUM(C46:C49) -> 58 | T19: =SUM(D46:D49) -> 32 | U19: =SUM(E46:E49) -> 18 | V19: =SUM(F46:F49) -> 76 | W19: =SUM(G46:G49) -> 1 | X19: =SUM(H46:H49) -> 1 | Y19: =SUM(I46:I49) -> 16 | Z19: =SUM(J46:J49) -> 25 | ... AF19: =SUM(P46:P49) -> 417
B20: 09.30 - 09.45 | C20: 15 | D20: 5 | E20: 1 | F20: 11 | G20: 0 | H20: 0 | I20: 0 | J20: 4 | K20: 2 | L20: 5 | M20: 23 | N20: 0 | O20: =SUM(C20:L20,N20) -> 43 | P20: =SUM(C20:N20) -> 66 | R20: 1700-1800 | S20: =SUM(C50:C53) -> 103 | T20: =SUM(D50:D53) -> 34 | U20: =SUM(E50:E53) -> 12 | V20: =SUM(F50:F53) -> 100 | W20: =SUM(G50:G53) -> 0 | X20: =SUM(H50:H53) -> 0 | Y20: =SUM(I50:I53) -> 15 | Z20: =SUM(J50:J53) -> 48 | ... AF20: =SUM(P50:P53) -> 540
B21: 09.45 - 10.00 | C21: 19 | D21: 14 | E21: 4 | F21: 20 | G21: 1 | H21: 0 | I21: 5 | J21: 9 | K21: 7 | L21: 7 | M21: 35 | N21: 0 | O21: =SUM(C21:L21,N21) -> 86 | P21: =SUM(C21:N21) -> 121 | R21: 1800-1900 | S21: =SUM(C54:C57) -> 85 | T21: =SUM(D54:D57) -> 69 | U21: =SUM(E54:E57) -> 11 | V21: =SUM(F54:F57) -> 119 | W21: =SUM(G54:G57) -> 6 | X21: =SUM(H54:H57) -> 0 | Y21: =SUM(I54:I57) -> 7 | Z21: =SUM(J54:J57) -> 36 | ... AF21: =SUM(P54:P57) -> 528
B22: 10.00 - 10.15 | C22: 12 | D22: 13 | E22: 7 | F22: 26 | G22: 0 | H22: 0 | I22: 2 | J22: 4 | K22: 2 | L22: 3 | M22: 39 | N22: 0 | O22: =SUM(C22:L22,N22) -> 69 | P22: =SUM(C22:N22) -> 108 | R22: AM Peak Hr | S22: =MAX(S10:S12) -> 34 | T22: =MAX(T10:T12) -> 19 | U22: =MAX(U10:U12) -> 5 | V22: =MAX(V10:V12) -> 31 | W22: =MAX(W10:W12) -> 1 | X22: =MAX(X10:X12) -> 0 | Y22: =MAX(Y10:Y12) -> 5 | Z22: =MAX(Z10:Z12) -> 13 | ... AF22: =MAX(AF10:AF12) -> 187
B23: 10.15 - 10.30 | C23: 8 | D23: 12 | E23: 1 | F23: 17 | G23: 0 | H23: 0 | I23: 4 | J23: 5 | K23: 7 | L23: 3 | M23: 26 | N23: 0 | O23: =SUM(C23:L23,N23) -> 57 | P23: =SUM(C23:N23) -> 83 | R23: IP Peak Hr | S23: =MAX(S13:S18) -> 100 | T23: =MAX(T13:T18) -> 48 | U23: =MAX(U13:U18) -> 22 | V23: =MAX(V13:V18) -> 95 | W23: =MAX(W13:W18) -> 3 | X23: =MAX(X13:X18) -> 2 | Y23: =MAX(Y13:Y18) -> 32 | Z23: =MAX(Z13:Z18) -> 40 | ... AF23: =MAX(AF13:AF18) -> 483
B24: 10.30 - 10.45 | C24: 16 | D24: 7 | E24: 1 | F24: 17 | G24: 0 | H24: 0 | I24: 3 | J24: 5 | K24: 3 | L24: 1 | M24: 21 | N24: 0 | O24: =SUM(C24:L24,N24) -> 53 | P24: =SUM(C24:N24) -> 74 | R24: PM Peak Hr | S24: =MAX(S19:S21) -> 103 | T24: =MAX(T19:T21) -> 69 | U24: =MAX(U19:U21) -> 18 | V24: =MAX(V19:V21) -> 119 | W24: =MAX(W19:W21) -> 6 | X24: =MAX(X19:X21) -> 1 | Y24: =MAX(Y19:Y21) -> 16 | Z24: =MAX(Z19:Z21) -> 48 | ... AF24: =MAX(AF19:AF21) -> 540
B25: 10.45 - 11.00 | C25: 21 | D25: 12 | E25: 5 | F25: 35 | G25: 0 | H25: 0 | I25: 1 | J25: 6 | K25: 10 | L25: 4 | M25: 36 | N25: 0 | O25: =SUM(C25:L25,N25) -> 94 | P25: =SUM(C25:N25) -> 130 | R25: AM Period | S25: =SUM(S10:S12) -> 34 | T25: =SUM(T10:T12) -> 19 | U25: =SUM(U10:U12) -> 5 | V25: =SUM(V10:V12) -> 31 | W25: =SUM(W10:W12) -> 1 | X25: =SUM(X10:X12) -> 0 | Y25: =SUM(Y10:Y12) -> 5 | Z25: =SUM(Z10:Z12) -> 13 | ... AF25: =SUM(AF10:AF12) -> 187
B26: 11.00 - 11.15 | C26: 6 | D26: 11 | E26: 4 | F26: 18 | G26: 0 | H26: 0 | I26: 4 | J26: 5 | K26: 4 | L26: 4 | M26: 29 | N26: 0 | O26: =SUM(C26:L26,N26) -> 56 | P26: =SUM(C26:N26) -> 85 | R26: IP Period | S26: =SUM(S13:S18) -> 423 | T26: =SUM(T13:T18) -> 233 | U26: =SUM(U13:U18) -> 95 | V26: =SUM(V13:V18) -> 445 | W26: =SUM(W13:W18) -> 5 | X26: =SUM(X13:X18) -> 4 | Y26: =SUM(Y13:Y18) -> 105 | Z26: =SUM(Z13:Z18) -> 188 | ... AF26: =SUM(AF13:AF18) -> 2539
B27: 11.15 - 11.30 | C27: 20 | D27: 12 | E27: 2 | F27: 19 | G27: 0 | H27: 0 | I27: 13 | J27: 3 | K27: 6 | L27: 2 | M27: 22 | N27: 1 | O27: =SUM(C27:L27,N27) -> 78 | P27: =SUM(C27:N27) -> 100 | R27: PM Period | S27: =SUM(S19:S21) -> 246 | T27: =SUM(T19:T21) -> 135 | U27: =SUM(U19:U21) -> 41 | V27: =SUM(V19:V21) -> 295 | W27: =SUM(W19:W21) -> 7 | X27: =SUM(X19:X21) -> 1 | Y27: =SUM(Y19:Y21) -> 38 | Z27: =SUM(Z19:Z21) -> 109 | ... AF27: =SUM(AF19:AF21) -> 1485
B28: 11.30 - 11.45 | C28: 21 | D28: 10 | E28: 6 | F28: 16 | G28: 1 | H28: 0 | I28: 11 | J28: 7 | K28: 3 | L28: 7 | M28: 32 | N28: 0 | O28: =SUM(C28:L28,N28) -> 82 | P28: =SUM(C28:N28) -> 114 | R28: 12 Hours | S28: =SUM(S10:S21) -> 703 | T28: =SUM(T10:T21) -> 387 | U28: =SUM(U10:U21) -> 141 | V28: =SUM(V10:V21) -> 771 | W28: =SUM(W10:W21) -> 13 | X28: =SUM(X10:X21) -> 5 | Y28: =SUM(Y10:Y21) -> 148 | Z28: =SUM(Z10:Z21) -> 310 | ... AF28: =SUM(AF10:AF21) -> 4211
B29: 11.45 - 12.00 | C29: 18 | D29: 15 | E29: 2 | F29: 23 | G29: 2 | H29: 0 | I29: 4 | J29: 6 | K29: 2 | L29: 11 | M29: 42 | N29: 0 | O29: =SUM(C29:L29,N29) -> 83 | P29: =SUM(C29:N29) -> 125
B30: 12.00 - 12.15 | C30: 26 | D30: 16 | E30: 6 | F30: 18 | G30: 1 | H30: 1 | I30: 6 | J30: 11 | K30: 2 | L30: 6 | M30: 34 | N30: 0 | O30: =SUM(C30:L30,N30) -> 93 | P30: =SUM(C30:N30) -> 127
B31: 12.15 - 12.30 | C31: 24 | D31: 8 | E31: 4 | F31: 16 | G31: 0 | H31: 0 | I31: 0 | J31: 11 | K31: 5 | L31: 7 | M31: 22 | N31: 0 | O31: =SUM(C31:L31,N31) -> 75 | P31: =SUM(C31:N31) -> 97
B32: 12.30 - 12.45 | C32: 24 | D32: 6 | E32: 3 | F32: 22 | G32: 0 | H32: 1 | I32: 5 | J32: 7 | K32: 11 | L32: 12 | M32: 36 | N32: 0 | O32: =SUM(C32:L32,N32) -> 91 | P32: =SUM(C32:N32) -> 127
B33: 12.45 - 13.00 | C33: 26 | D33: 16 | E33: 9 | F33: 16 | G33: 1 | H33: 0 | I33: 2 | J33: 11 | K33: 1 | L33: 7 | M33: 43 | N33: 0 | O33: =SUM(C33:L33,N33) -> 89 | P33: =SUM(C33:N33) -> 132
B34: 13.00 - 13.15 | C34: 17 | D34: 12 | E34: 1 | F34: 18 | G34: 0 | H34: 0 | I34: 4 | J34: 7 | K34: 4 | L34: 3 | M34: 28 | N34: 0 | O34: =SUM(C34:L34,N34) -> 66 | P34: =SUM(C34:N34) -> 94
B35: 13.15 - 13.30 | C35: 13 | D35: 11 | E35: 1 | F35: 19 | G35: 0 | H35: 0 | I35: 5 | J35: 10 | K35: 0 | L35: 5 | M35: 32 | N35: 0 | O35: =SUM(C35:L35,N35) -> 64 | P35: =SUM(C35:N35) -> 96
B36: 13.30 - 13.45 | C36: 26 | D36: 4 | E36: 9 | F36: 17 | G36: 0 | H36: 0 | I36: 8 | J36: 9 | K36: 10 | L36: 10 | M36: 32 | N36: 0 | O36: =SUM(C36:L36,N36) -> 93 | P36: =SUM(C36:N36) -> 125
B37: 13.45 - 14.00 | C37: 15 | D37: 9 | E37: 8 | F37: 15 | G37: 0 | H37: 0 | I37: 3 | J37: 8 | K37: 2 | L37: 5 | M37: 31 | N37: 0 | O37: =SUM(C37:L37,N37) -> 65 | P37: =SUM(C37:N37) -> 96
B38: 14.00 - 14.15 | C38: 15 | D38: 10 | E38: 1 | F38: 14 | G38: 0 | H38: 1 | I38: 4 | J38: 8 | K38: 4 | L38: 3 | M38: 29 | N38: 0 | O38: =SUM(C38:L38,N38) -> 60 | P38: =SUM(C38:N38) -> 89
B39: 14.15 - 14.30 | C39: 19 | D39: 6 | E39: 5 | F39: 18 | G39: 0 | H39: 0 | I39: 4 | J39: 11 | K39: 5 | L39: 5 | M39: 35 | N39: 0 | O39: =SUM(C39:L39,N39) -> 73 | P39: =SUM(C39:N39) -> 108
B40: 14.30 - 14.45 | C40: 13 | D40: 0 | E40: 1 | F40: 8 | G40: 0 | H40: 1 | I40: 0 | J40: 7 | K40: 2 | L40: 6 | M40: 24 | N40: 0 | O40: =SUM(C40:L40,N40) -> 38 | P40: =SUM(C40:N40) -> 62
... B57: 18.45 - 19.00 | C57: 21 | D57: 19 | E57: 4 | F57: 19 | G57: 0 | H57: 0 | I57: 3 | J57: 11 | K57: 5 | L57: 2 | M57: 37 | N57: 0 | O57: =SUM(C57:L57,N57) -> 84 | P57: =SUM(C57:N57) -> 121
B58: Totals | C58: =SUM(C10:C57) -> 703 | D58: =SUM(D10:D57) -> 387 | E58: =SUM(E10:E57) -> 141 | F58: =SUM(F10:F57) -> 771 | G58: =SUM(G10:G57) -> 13 | H58: =SUM(H10:H57) -> 5 | I58: =SUM(I10:I57) -> 148 | J58: =SUM(J10:J57) -> 310 | ... P58: =SUM(P10:P57) -> 4211
B59: %ges + MCs | C59: =C58/$P$58 -> 0.16694372 | D59: =D58/$P$58 -> 0.091902161 | E59: =E58/$P$58 -> 0.033483733 | F59: =F58/$P$58 -> 0.1830919 | G59: =G58/$P$58 -> 0.0030871527 | H59: =H58/$P$58 -> 0.0011873664 | I59: =I58/$P$58 -> 0.035146046 | J59: =J58/$P$58 -> 0.073616718 | ... N59: =N58/$P$58 -> 0.00023747328
B60: %ges w/o MCs | C60: =C58/$O$58 -> 0.24736101 | D60: =D58/$O$58 -> 0.13617171 | E60: =E58/$O$58 -> 0.049612949 | F60: =F58/$O$58 -> 0.27128783 | G60: =G58/$O$58 -> 0.0045742435 | H60: =H58/$O$58 -> 0.0017593244 | I60: =I58/$O$58 -> 0.052076003 | J60: =J58/$O$58 -> 0.10907811 | ... L60: =L58/$O$58 -> 0.067909923 | N60: =N58/$O$58 -> 0.00035186488

Sheet 30.07 Nalya-Bweyogerere
B1: Consultancy services for Preparation of Expressway Development Master Plan (EDMP) for Uganda
B2: MANUAL CLASSIFIED COUNT (MCC)
B3: ROAD NAME: | C3: ='29.07 Nalya-Bweyogerere'!C3:G3 -> MCC - C1 - STN40 - NORTHERN BYPASS
C5: Date | D5: 30.07.19 | F5: Location | G5: ='29.07 Nalya-Bweyogerere'!G5:H5 -> Signs and Symbols | J5: Surveyor | K5: ='29.07 Nalya-Bweyogerere'!K5:L5 -> Acema Vicent/Aseru Sherry/Mejje Mathias Trevor/Martin Anthony
C6: Dir. From | D6: ='29.07 Nalya-Bweyogerere'!D6:E6 -> Naalya | F6: Dir. To | G6: ='29.07 Nalya-Bweyogerere'!G6:H6 -> Bweyogerere | J6: Supervisor | K6: ='29.07 Nalya-Bweyogerere'!K6:L6 -> Steven
B8: Time / Veh Type | R8: SUMMARY TRAFFIC VOLUMES
C9: 1. Car | D9: 2. Station Wagon | E9: 3. Pickups | F9: 4. Minibus, matatu | G9: 5. Medium bus | H9: 6. Large Bus | I9: 7. Light Truck | J9: 8. Medium Truck | K9: 9. Heavy truck | L9: 10. Truck Trailer | M9: 11. Motor cycles | N9: 12. Tractors | O9: Total Excl M/Cycles | P9: Total All | R9: Time | S9: 1. Car | T9: 2. Station Wagon | U9: 3. Pickups | V9: 4. Minibus, matatu | W9: 5. Medium bus | X9: 6. Large Bus | Y9: 7. Light Truck | Z9: 8. Medium Truck | AA9: 9. Heavy truck | AB9: 10. Truck Trailer | AC9: 11. Motorcycles | AD9: 12. Tractors, Graders | AE9: Total Excl M/ Cycles | AF9: Total All
B10: 07.00 - 07.15 | C10: 22 | D10: 11 | E10: 7 | F10: 30 | G10: 2 | H10: 0 | I10: 5 | J10: 4 | K10: 3 | L10: 2 | M10: 16 | N10: 0 | O10: =SUM(C10:L10,N10) -> 86 | P10: =SUM(C10:N10) -> 102 | R10: 0700-0800 | S10: =SUM(C10:C13) -> 105 | T10: =SUM(D10:D13) -> 35 | U10: =SUM(E10:E13) -> 25 | V10: =SUM(F10:F13) -> 143 | W10: =SUM(G10:G13) -> 10 | X10: =SUM(H10:H13) -> 0 | Y10: =SUM(I10:I13) -> 25 | Z10: =SUM(J10:J13) -> 17 | ... AF10: =SUM(P10:P13) -> 507
B11: 07.15 - 07.30 | C11: 18 | D11: 11 | E11: 6 | F11: 33 | G11: 5 | H11: 0 | I11: 3 | J11: 7 | K11: 3 | L11: 5 | M11: 33 | N11: 0 | O11: =SUM(C11:L11,N11) -> 91 | P11: =SUM(C11:N11) -> 124 | R11: 0800-0900 | S11: =SUM(C14:C17) -> 120 | T11: =SUM(D14:D17) -> 36 | U11: =SUM(E14:E17) -> 28 | V11: =SUM(F14:F17) -> 143 | W11: =SUM(G14:G17) -> 3 | X11: =SUM(H14:H17) -> 1 | Y11: =SUM(I14:I17) -> 18 | Z11: =SUM(J14:J17) -> 11 | ... AF11: =SUM(P14:P17) -> 544
B12: 07.30 - 07.45 | C12: 34 | D12: 6 | E12: 8 | F12: 36 | G12: 1 | H12: 0 | I12: 8 | J12: 3 | K12: 3 | L12: 0 | M12: 33 | N12: 0 | O12: =SUM(C12:L12,N12) -> 99 | P12: =SUM(C12:N12) -> 132 | R12: 0900-1000 | S12: =SUM(C18:C21) -> 74 | T12: =SUM(D18:D21) -> 39 | U12: =SUM(E18:E21) -> 16 | V12: =SUM(F18:F21) -> 134 | W12: =SUM(G18:G21) -> 2 | X12: =SUM(H18:H21) -> 0 | Y12: =SUM(I18:I21) -> 29 | Z12: =SUM(J18:J21) -> 17 | ... AF12: =SUM(P18:P21) -> 499
B13: 07.45 - 08.00 | C13: 31 | D13: 7 | E13: 4 | F13: 44 | G13: 2 | H13: 0 | I13: 9 | J13: 3 | K13: 6 | L13: 2 | M13: 41 | N13: 0 | O13: =SUM(C13:L13,N13) -> 108 | P13: =SUM(C13:N13) -> 149 | R13: 1000-1100 | S13: =SUM(C22:C25) -> 44 | T13: =SUM(D22:D25) -> 19 | U13: =SUM(E22:E25) -> 11 | V13: =SUM(F22:F25) -> 94 | W13: =SUM(G22:G25) -> 3 | X13: =SUM(H22:H25) -> 0 | Y13: =SUM(I22:I25) -> 28 | Z13: =SUM(J22:J25) -> 15 | ... AF13: =SUM(P22:P25) -> 391
B14: 08.00 - 08.15 | C14: 32 | D14: 10 | E14: 5 | F14: 39 | G14: 0 | H14: 0 | I14: 2 | J14: 1 | K14: 10 | L14: 5 | M14: 44 | N14: 0 | O14: =SUM(C14:L14,N14) -> 104 | P14: =SUM(C14:N14) -> 148 | R14: 1100-1200 | S14: =SUM(C26:C29) -> 56 | T14: =SUM(D26:D29) -> 21 | U14: =SUM(E26:E29) -> 10 | V14: =SUM(F26:F29) -> 74 | W14: =SUM(G26:G29) -> 1 | X14: =SUM(H26:H29) -> 0 | Y14: =SUM(I26:I29) -> 22 | Z14: =SUM(J26:J29) -> 16 | ... AF14: =SUM(P26:P29) -> 332
B15: 08.15 - 08.30 | C15: 39 | D15: 12 | E15: 14 | F15: 40 | G15: 2 | H15: 0 | I15: 6 | J15: 3 | K15: 3 | L15: 2 | M15: 35 | N15: 0 | O15: =SUM(C15:L15,N15) -> 121 | P15: =SUM(C15:N15) -> 156 | R15: 1200-1300 | S15: =SUM(C30:C33) -> 55 | T15: =SUM(D30:D33) -> 20 | U15: =SUM(E30:E33) -> 15 | V15: =SUM(F30:F33) -> 76 | W15: =SUM(G30:G33) -> 0 | X15: =SUM(H30:H33) -> 0 | Y15: =SUM(I30:I33) -> 16 | Z15: =SUM(J30:J33) -> 13 | ... AF15: =SUM(P30:P33) -> 337
B16: 08.30 - 08.45 | C16: 23 | D16: 8 | E16: 2 | F16: 30 | G16: 1 | H16: 0 | I16: 3 | J16: 1 | K16: 2 | L16: 2 | M16: 42 | N16: 0 | O16: =SUM(C16:L16,N16) -> 72 | P16: =SUM(C16:N16) -> 114 | R16: 1300-1400 | S16: =SUM(C34:C37) -> 49 | T16: =SUM(D34:D37) -> 14 | U16: =SUM(E34:E37) -> 8 | V16: =SUM(F34:F37) -> 76 | W16: =SUM(G34:G37) -> 1 | X16: =SUM(H34:H37) -> 0 | Y16: =SUM(I34:I37) -> 34 | Z16: =SUM(J34:J37) -> 22 | ... AF16: =SUM(P34:P37) -> 395
B17: 08.45 - 9.00 | C17: 26 | D17: 6 | E17: 7 | F17: 34 | G17: 0 | H17: 1 | I17: 7 | J17: 6 | K17: 6 | L17: 3 | M17: 30 | N17: 0 | O17: =SUM(C17:L17,N17) -> 96 | P17: =SUM(C17:N17) -> 126 | R17: 1400-1500 | S17: =SUM(C38:C41) -> 54 | T17: =SUM(D38:D41) -> 23 | U17: =SUM(E38:E41) -> 11 | V17: =SUM(F38:F41) -> 71 | W17: =SUM(G38:G41) -> 1 | X17: =SUM(H38:H41) -> 0 | Y17: =SUM(I38:I41) -> 39 | Z17: =SUM(J38:J41) -> 19 | ... AF17: =SUM(P38:P41) -> 410
B18: 09.00 - 09.15 | C18: 17 | D18: 18 | E18: 2 | F18: 37 | G18: 0 | H18: 0 | I18: 8 | J18: 4 | K18: 7 | L18: 1 | M18: 33 | N18: 0 | O18: =SUM(C18:L18,N18) -> 94 | P18: =SUM(C18:N18) -> 127 | R18: 1500-1600 | S18: =SUM(C42:C45) -> 54 | T18: =SUM(D42:D45) -> 22 | U18: =SUM(E42:E45) -> 17 | V18: =SUM(F42:F45) -> 64 | W18: =SUM(G42:G45) -> 1 | X18: =SUM(H42:H45) -> 0 | Y18: =SUM(I42:I45) -> 22 | Z18: =SUM(J42:J45) -> 11 | ... AF18: =SUM(P42:P45) -> 351
B19: 09.15 - 09.30 | C19: 15 | D19: 7 | E19: 5 | F19: 33 | G19: 0 | H19: 0 | I19: 9 | J19: 4 | K19: 5 | L19: 2 | M19: 48 | N19: 0 | O19: =SUM(C19:L19,N19) -> 80 | P19: =SUM(C19:N19) -> 128 | R19: 1600-1700 | S19: =SUM(C46:C49) -> 74 | T19: =SUM(D46:D49) -> 17 | U19: =SUM(E46:E49) -> 19 | V19: =SUM(F46:F49) -> 94 | W19: =SUM(G46:G49) -> 0 | X19: =SUM(H46:H49) -> 0 | Y19: =SUM(I46:I49) -> 21 | Z19: =SUM(J46:J49) -> 28 | ... AF19: =SUM(P46:P49) -> 454
B20: 09.30 - 09.45 | C20: 18 | D20: 4 | E20: 6 | F20: 30 | G20: 2 | H20: 0 | I20: 8 | J20: 4 | K20: 3 | L20: 5 | M20: 34 | N20: 0 | O20: =SUM(C20:L20,N20) -> 80 | P20: =SUM(C20:N20) -> 114 | R20: 1700-1800 | S20: =SUM(C50:C53) -> 132 | T20: =SUM(D50:D53) -> 56 | U20: =SUM(E50:E53) -> 23 | V20: =SUM(F50:F53) -> 105 | W20: =SUM(G50:G53) -> 4 | X20: =SUM(H50:H53) -> 0 | Y20: =SUM(I50:I53) -> 23 | Z20: =SUM(J50:J53) -> 9 | ... AF20: =SUM(P50:P53) -> 603
B21: 09.45 - 10.00 | C21: 24 | D21: 10 | E21: 3 | F21: 34 | G21: 0 | H21: 0 | I21: 4 | J21: 5 | K21: 4 | L21: 3 | M21: 43 | N21: 0 | O21: =SUM(C21:L21,N21) -> 87 | P21: =SUM(C21:N21) -> 130 | R21: 1800-1900 | S21: =SUM(C54:C57) -> 201 | T21: =SUM(D54:D57) -> 106 | U21: =SUM(E54:E57) -> 44 | V21: =SUM(F54:F57) -> 167 | W21: =SUM(G54:G57) -> 3 | X21: =SUM(H54:H57) -> 0 | Y21: =SUM(I54:I57) -> 25 | Z21: =SUM(J54:J57) -> 19 | ... AF21: =SUM(P54:P57) -> 783
B22: 10.00 - 10.15 | C22: 9 | D22: 6 | E22: 4 | F22: 37 | G22: 0 | H22: 0 | I22: 7 | J22: 3 | K22: 5 | L22: 6 | M22: 29 | N22: 0 | O22: =SUM(C22:L22,N22) -> 77 | P22: =SUM(C22:N22) -> 106 | R22: AM Peak Hr | S22: =MAX(S10:S12) -> 120 | T22: =MAX(T10:T12) -> 39 | U22: =MAX(U10:U12) -> 28 | V22: =MAX(V10:V12) -> 143 | W22: =MAX(W10:W12) -> 10 | X22: =MAX(X10:X12) -> 1 | Y22: =MAX(Y10:Y12) -> 29 | Z22: =MAX(Z10:Z12) -> 17 | ... AF22: =MAX(AF10:AF12) -> 544
B23: 10.15 - 10.30 | C23: 11 | D23: 1 | E23: 3 | F23: 16 | G23: 1 | H23: 0 | I23: 6 | J23: 1 | K23: 6 | L23: 5 | M23: 31 | N23: 0 | O23: =SUM(C23:L23,N23) -> 50 | P23: =SUM(C23:N23) -> 81 | R23: IP Peak Hr | S23: =MAX(S13:S18) -> 56 | T23: =MAX(T13:T18) -> 23 | U23: =MAX(U13:U18) -> 17 | V23: =MAX(V13:V18) -> 94 | W23: =MAX(W13:W18) -> 3 | X23: =MAX(X13:X18) -> 0 | Y23: =MAX(Y13:Y18) -> 39 | Z23: =MAX(Z13:Z18) -> 22 | ... AF23: =MAX(AF13:AF18) -> 410
B24: 10.30 - 10.45 | C24: 14 | D24: 7 | E24: 3 | F24: 23 | G24: 0 | H24: 0 | I24: 12 | J24: 6 | K24: 3 | L24: 2 | M24: 43 | N24: 0 | O24: =SUM(C24:L24,N24) -> 70 | P24: =SUM(C24:N24) -> 113 | R24: PM Peak Hr | S24: =MAX(S19:S21) -> 201 | T24: =MAX(T19:T21) -> 106 | U24: =MAX(U19:U21) -> 44 | V24: =MAX(V19:V21) -> 167 | W24: =MAX(W19:W21) -> 4 | X24: =MAX(X19:X21) -> 0 | Y24: =MAX(Y19:Y21) -> 25 | Z24: =MAX(Z19:Z21) -> 28 | ... AF24: =MAX(AF19:AF21) -> 783
B25: 10.45 - 11.00 | C25: 10 | D25: 5 | E25: 1 | F25: 18 | G25: 2 | H25: 0 | I25: 3 | J25: 5 | K25: 7 | L25: 2 | M25: 38 | N25: 0 | O25: =SUM(C25:L25,N25) -> 53 | P25: =SUM(C25:N25) -> 91 | R25: AM Period | S25: =SUM(S10:S12) -> 299 | T25: =SUM(T10:T12) -> 110 | U25: =SUM(U10:U12) -> 69 | V25: =SUM(V10:V12) -> 420 | W25: =SUM(W10:W12) -> 15 | X25: =SUM(X10:X12) -> 1 | Y25: =SUM(Y10:Y12) -> 72 | Z25: =SUM(Z10:Z12) -> 45 | ... AF25: =SUM(AF10:AF12) -> 1550
B26: 11.00 - 11.15 | C26: 12 | D26: 7 | E26: 3 | F26: 17 | G26: 1 | H26: 0 | I26: 10 | J26: 5 | K26: 7 | L26: 4 | M26: 21 | N26: 0 | O26: =SUM(C26:L26,N26) -> 66 | P26: =SUM(C26:N26) -> 87 | R26: IP Period | S26: =SUM(S13:S18) -> 312 | T26: =SUM(T13:T18) -> 119 | U26: =SUM(U13:U18) -> 72 | V26: =SUM(V13:V18) -> 455 | W26: =SUM(W13:W18) -> 7 | X26: =SUM(X13:X18) -> 0 | Y26: =SUM(Y13:Y18) -> 161 | Z26: =SUM(Z13:Z18) -> 96 | ... AF26: =SUM(AF13:AF18) -> 2216
B27: 11.15 - 11.30 | C27: 13 | D27: 3 | E27: 2 | F27: 22 | G27: 0 | H27: 0 | I27: 3 | J27: 4 | K27: 1 | L27: 2 | M27: 27 | N27: 0 | O27: =SUM(C27:L27,N27) -> 50 | P27: =SUM(C27:N27) -> 77 | R27: PM Period | S27: =SUM(S19:S21) -> 407 | T27: =SUM(T19:T21) -> 179 | U27: =SUM(U19:U21) -> 86 | V27: =SUM(V19:V21) -> 366 | W27: =SUM(W19:W21) -> 7 | X27: =SUM(X19:X21) -> 0 | Y27: =SUM(Y19:Y21) -> 69 | Z27: =SUM(Z19:Z21) -> 56 | ... AF27: =SUM(AF19:AF21) -> 1840
B28: 11.30 - 11.45 | C28: 20 | D28: 6 | E28: 2 | F28: 13 | G28: 0 | H28: 0 | I28: 3 | J28: 4 | K28: 8 | L28: 3 | M28: 30 | N28: 0 | O28: =SUM(C28:L28,N28) -> 59 | P28: =SUM(C28:N28) -> 89 | R28: 12 Hours | S28: =SUM(S10:S21) -> 1018 | T28: =SUM(T10:T21) -> 408 | U28: =SUM(U10:U21) -> 227 | V28: =SUM(V10:V21) -> 1241 | W28: =SUM(W10:W21) -> 29 | X28: =SUM(X10:X21) -> 1 | Y28: =SUM(Y10:Y21) -> 302 | Z28: =SUM(Z10:Z21) -> 197 | ... AF28: =SUM(AF10:AF21) -> 5606
B29: 11.45 - 12.00 | C29: 11 | D29: 5 | E29: 3 | F29: 22 | G29: 0 | H29: 0 | I29: 6 | J29: 3 | K29: 3 | L29: 5 | M29: 21 | N29: 0 | O29: =SUM(C29:L29,N29) -> 58 | P29: =SUM(C29:N29) -> 79
B30: 12.00 - 12.15 | C30: 13 | D30: 8 | E30: 5 | F30: 16 | G30: 0 | H30: 0 | I30: 4 | J30: 4 | K30: 7 | L30: 3 | M30: 27 | N30: 0 | O30: =SUM(C30:L30,N30) -> 60 | P30: =SUM(C30:N30) -> 87
B31: 12.15 - 12.30 | C31: 17 | D31: 3 | E31: 6 | F31: 23 | G31: 0 | H31: 0 | I31: 7 | J31: 3 | K31: 8 | L31: 2 | M31: 30 | N31: 0 | O31: =SUM(C31:L31,N31) -> 69 | P31: =SUM(C31:N31) -> 99
B32: 12.30 - 12.45 | C32: 12 | D32: 5 | E32: 1 | F32: 17 | G32: 0 | H32: 0 | I32: 4 | J32: 2 | K32: 4 | L32: 3 | M32: 13 | N32: 0 | O32: =SUM(C32:L32,N32) -> 48 | P32: =SUM(C32:N32) -> 61
B33: 12.45 - 13.00 | C33: 13 | D33: 4 | E33: 3 | F33: 20 | G33: 0 | H33: 0 | I33: 1 | J33: 4 | K33: 4 | L33: 6 | M33: 35 | N33: 0 | O33: =SUM(C33:L33,N33) -> 55 | P33: =SUM(C33:N33) -> 90
B34: 13.00 - 13.15 | C34: 11 | D34: 4 | E34: 1 | F34: 21 | G34: 0 | H34: 0 | I34: 9 | J34: 5 | K34: 2 | L34: 5 | M34: 33 | N34: 0 | O34: =SUM(C34:L34,N34) -> 58 | P34: =SUM(C34:N34) -> 91
B35: 13.15 - 13.30 | C35: 15 | D35: 1 | E35: 2 | F35: 15 | G35: 0 | H35: 0 | I35: 4 | J35: 7 | K35: 4 | L35: 2 | M35: 41 | N35: 0 | O35: =SUM(C35:L35,N35) -> 50 | P35: =SUM(C35:N35) -> 91
B36: 13.30 - 13.45 | C36: 12 | D36: 6 | E36: 2 | F36: 25 | G36: 0 | H36: 0 | I36: 11 | J36: 3 | K36: 11 | L36: 8 | M36: 38 | N36: 0 | O36: =SUM(C36:L36,N36) -> 78 | P36: =SUM(C36:N36) -> 116
B37: 13.45 - 14.00 | C37: 11 | D37: 3 | E37: 3 | F37: 15 | G37: 1 | H37: 0 | I37: 10 | J37: 7 | K37: 5 | L37: 4 | M37: 38 | N37: 0 | O37: =SUM(C37:L37,N37) -> 59 | P37: =SUM(C37:N37) -> 97
B38: 14.00 - 14.15 | C38: 17 | D38: 5 | E38: 3 | F38: 26 | G38: 0 | H38: 0 | I38: 11 | J38: 6 | K38: 13 | L38: 7 | M38: 31 | N38: 0 | O38: =SUM(C38:L38,N38) -> 88 | P38: =SUM(C38:N38) -> 119
B39: 14.15 - 14.30 | C39: 12 | D39: 3 | E39: 1 | F39: 13 | G39: 1 | H39: 0 | I39: 8 | J39: 4 | K39: 7 | L39: 6 | M39: 46 | N39: 0 | O39: =SUM(C39:L39,N39) -> 55 | P39: =SUM(C39:N39) -> 101
B40: 14.30 - 14.45 | C40: 15 | D40: 8 | E40: 6 | F40: 15 | G40: 0 | H40: 0 | I40: 8 | J40: 3 | K40: 5 | L40: 5 | M40: 35 | N40: 0 | O40: =SUM(C40:L40,N40) -> 65 | P40: =SUM(C40:N40) -> 100
... B57: 18.45 - 19.00 | C57: 59 | D57: 28 | E57: 9 | F57: 42 | G57: 0 | H57: 0 | I57: 1 | J57: 2 | K57: 1 | L57: 0 | M57: 47 | N57: 0 | O57: =SUM(C57:L57,N57) -> 142 | P57: =SUM(C57:N57) -> 189
B58: Totals | C58: =SUM(C10:C57) -> 1018 | D58: =SUM(D10:D57) -> 408 | E58: =SUM(E10:E57) -> 227 | F58: =SUM(F10:F57) -> 1241 | G58: =SUM(G10:G57) -> 29 | H58: =SUM(H10:H57) -> 1 | I58: =SUM(I10:I57) -> 302 | J58: =SUM(J10:J57) -> 197 | ... P58: =SUM(P10:P57) -> 5606
B59: %ges + MCs | C59: =C58/$P$58 -> 0.18159115 | D59: =D58/$P$58 -> 0.072779165 | E59: =E58/$P$58 -> 0.04049233 | F59: =F58/$P$58 -> 0.22136996 | G59: =G58/$P$58 -> 0.0051730289 | H59: =H58/$P$58 -> 0.00017838031 | I59: =I58/$P$58 -> 0.053870853 | J59: =J58/$P$58 -> 0.03514092 | ... N59: =N58/$P$58 -> 0
B60: %ges w/o MCs | C60: =C58/$O$58 -> 0.2607582 | D60: =D58/$O$58 -> 0.1045082 | E60: =E58/$O$58 -> 0.058145492 | F60: =F58/$O$58 -> 0.3178791 | G60: =G58/$O$58 -> 0.0074282787 | H60: =H58/$O$58 -> 0.00025614754 | I60: =I58/$O$58 -> 0.077356557 | J60: =J58/$O$58 -> 0.050461066 | ... L60: =L58/$O$58 -> 0.044313525 | N60: =N58/$O$58 -> 0

Sheet 30.07 Bweyogerere-Nalya
B1: Consultancy services for Preparation of Expressway Development Master Plan (EDMP) for Uganda
B2: MANUAL CLASSIFIED COUNT (MCC)
B3: ROAD NAME: | C3: ='29.07 Bweyogerere-Nalya'!C3:G3 -> MCC - C1 - STN40 - NORTHERN BYPASS
C5: Date | D5: ='30.07 Nalya-Bweyogerere'!D5 -> 30.07.19 | F5: Location | G5: ='29.07 Nalya-Bweyogerere'!G5:H5 -> Signs and Symbols | J5: Surveyor | K5: ='29.07 Nalya-Bweyogerere'!K5:L5 -> Acema Vicent/Aseru Sherry/Mejje Mathias Trevor/Martin Anthony
C6: Dir. From | D6: ='29.07 Bweyogerere-Nalya'!D6:E6 -> Bweyogerere | F6: Dir. To | G6: ='29.07 Bweyogerere-Nalya'!G6:H6 -> Nalya | J6: Supervisor | K6: ='29.07 Nalya-Bweyogerere'!K6:L6 -> Steven
B8: Time / Veh Type | R8: SUMMARY TRAFFIC VOLUMES
C9: 1. Car | D9: 2. Station Wagon | E9: 3. Pickups | F9: 4. Minibus, matatu | G9: 5. Medium bus | H9: 6. Large Bus | I9: 7. Light Truck | J9: 8. Medium Truck | K9: 9. Heavy truck | L9: 10. Truck Trailer | M9: 11. Motor cycles | N9: 12. Tractors | O9: Total Excl M/Cycles | P9: Total All | R9: Time | S9: 1. Car | T9: 2. Station Wagon | U9: 3. Pickups | V9: 4. Minibus, matatu | W9: 5. Medium bus | X9: 6. Large Bus | Y9: 7. Light Truck | Z9: 8. Medium Truck | AA9: 9. Heavy truck | AB9: 10. Truck Trailer | AC9: 11. Motorcycles | AD9: 12. Tractors, Graders | AE9: Total Excl M/ Cycles | AF9: Total All
B10: 07.00 - 07.15 | C10: 24 | D10: 22 | E10: 8 | F10: 15 | G10: 1 | H10: 1 | I10: 2 | J10: 4 | K10: 2 | L10: 0 | M10: 20 | N10: 0 | O10: =SUM(C10:L10,N10) -> 79 | P10: =SUM(C10:N10) -> 99 | R10: 0700-0800 | S10: =SUM(C10:C13) -> 157 | T10: =SUM(D10:D13) -> 88 | U10: =SUM(E10:E13) -> 32 | V10: =SUM(F10:F13) -> 113 | W10: =SUM(G10:G13) -> 2 | X10: =SUM(H10:H13) -> 2 | Y10: =SUM(I10:I13) -> 7 | Z10: =SUM(J10:J13) -> 21 | ... AF10: =SUM(P10:P13) -> 591
B11: 07.15 - 07.30 | C11: 49 | D11: 18 | E11: 9 | F11: 31 | G11: 1 | H11: 1 | I11: 3 | J11: 3 | K11: 1 | L11: 1 | M11: 34 | N11: 0 | O11: =SUM(C11:L11,N11) -> 117 | P11: =SUM(C11:N11) -> 151 | R11: 0800-0900 | S11: =SUM(C14:C17) -> 142 | T11: =SUM(D14:D17) -> 49 | U11: =SUM(E14:E17) -> 31 | V11: =SUM(F14:F17) -> 113 | W11: =SUM(G14:G17) -> 4 | X11: =SUM(H14:H17) -> 0 | Y11: =SUM(I14:I17) -> 10 | Z11: =SUM(J14:J17) -> 35 | ... AF11: =SUM(P14:P17) -> 575
B12: 07.30 - 07.45 | C12: 44 | D12: 33 | E12: 11 | F12: 39 | G12: 0 | H12: 0 | I12: 0 | J12: 9 | K12: 5 | L12: 4 | M12: 52 | N12: 1 | O12: =SUM(C12:L12,N12) -> 146 | P12: =SUM(C12:N12) -> 198 | R12: 0900-1000 | S12: =SUM(C18:C21) -> 102 | T12: =SUM(D18:D21) -> 17 | U12: =SUM(E18:E21) -> 15 | V12: =SUM(F18:F21) -> 83 | W12: =SUM(G18:G21) -> 3 | X12: =SUM(H18:H21) -> 0 | Y12: =SUM(I18:I21) -> 16 | Z12: =SUM(J18:J21) -> 37 | ... AF12: =SUM(P18:P21) -> 502
B13: 07.45 - 08.00 | C13: 40 | D13: 15 | E13: 4 | F13: 28 | G13: 0 | H13: 0 | I13: 2 | J13: 5 | K13: 2 | L13: 3 | M13: 44 | N13: 0 | O13: =SUM(C13:L13,N13) -> 99 | P13: =SUM(C13:N13) -> 143 | R13: 1000-1100 | S13: =SUM(C22:C25) -> 80 | T13: =SUM(D22:D25) -> 26 | U13: =SUM(E22:E25) -> 21 | V13: =SUM(F22:F25) -> 75 | W13: =SUM(G22:G25) -> 4 | X13: =SUM(H22:H25) -> 0 | Y13: =SUM(I22:I25) -> 7 | Z13: =SUM(J22:J25) -> 35 | ... AF13: =SUM(P22:P25) -> 463
B14: 08.00 - 08.15 | C14: 24 | D14: 15 | E14: 4 | F14: 31 | G14: 1 | H14: 0 | I14: 1 | J14: 9 | K14: 5 | L14: 3 | M14: 42 | N14: 0 | O14: =SUM(C14:L14,N14) -> 93 | P14: =SUM(C14:N14) -> 135 | R14: 1100-1200 | S14: =SUM(C26:C29) -> 78 | T14: =SUM(D26:D29) -> 23 | U14: =SUM(E26:E29) -> 9 | V14: =SUM(F26:F29) -> 63 | W14: =SUM(G26:G29) -> 2 | X14: =SUM(H26:H29) -> 0 | Y14: =SUM(I26:I29) -> 8 | Z14: =SUM(J26:J29) -> 35 | ... AF14: =SUM(P26:P29) -> 406
B15: 08.15 - 08.30 | C15: 53 | D15: 15 | E15: 12 | F15: 32 | G15: 0 | H15: 0 | I15: 5 | J15: 11 | K15: 3 | L15: 3 | M15: 33 | N15: 0 | O15: =SUM(C15:L15,N15) -> 134 | P15: =SUM(C15:N15) -> 167 | R15: 1200-1300 | S15: =SUM(C30:C33) -> 69 | T15: =SUM(D30:D33) -> 24 | U15: =SUM(E30:E33) -> 20 | V15: =SUM(F30:F33) -> 74 | W15: =SUM(G30:G33) -> 0 | X15: =SUM(H30:H33) -> 0 | Y15: =SUM(I30:I33) -> 6 | Z15: =SUM(J30:J33) -> 41 | ... AF15: =SUM(P30:P33) -> 393
B16: 08.30 - 08.45 | C16: 33 | D16: 14 | E16: 6 | F16: 23 | G16: 1 | H16: 0 | I16: 2 | J16: 13 | K16: 9 | L16: 2 | M16: 36 | N16: 0 | O16: =SUM(C16:L16,N16) -> 103 | P16: =SUM(C16:N16) -> 139 | R16: 1300-1400 | S16: =SUM(C34:C37) -> 72 | T16: =SUM(D34:D37) -> 21 | U16: =SUM(E34:E37) -> 21 | V16: =SUM(F34:F37) -> 55 | W16: =SUM(G34:G37) -> 1 | X16: =SUM(H34:H37) -> 1 | Y16: =SUM(I34:I37) -> 28 | Z16: =SUM(J34:J37) -> 12 | ... AF16: =SUM(P34:P37) -> 368
B17: 08.45 - 9.00 | C17: 32 | D17: 5 | E17: 9 | F17: 27 | G17: 2 | H17: 0 | I17: 2 | J17: 2 | K17: 4 | L17: 2 | M17: 49 | N17: 0 | O17: =SUM(C17:L17,N17) -> 85 | P17: =SUM(C17:N17) -> 134 | R17: 1400-1500 | S17: =SUM(C38:C41) -> 52 | T17: =SUM(D38:D41) -> 20 | U17: =SUM(E38:E41) -> 17 | V17: =SUM(F38:F41) -> 62 | W17: =SUM(G38:G41) -> 1 | X17: =SUM(H38:H41) -> 0 | Y17: =SUM(I38:I41) -> 27 | Z17: =SUM(J38:J41) -> 15 | ... AF17: =SUM(P38:P41) -> 387
B18: 09.00 - 09.15 | C18: 27 | D18: 5 | E18: 3 | F18: 23 | G18: 0 | H18: 0 | I18: 5 | J18: 10 | K18: 7 | L18: 5 | M18: 55 | N18: 0 | O18: =SUM(C18:L18,N18) -> 85 | P18: =SUM(C18:N18) -> 140 | R18: 1500-1600 | S18: =SUM(C42:C45) -> 66 | T18: =SUM(D42:D45) -> 19 | U18: =SUM(E42:E45) -> 6 | V18: =SUM(F42:F45) -> 80 | W18: =SUM(G42:G45) -> 1 | X18: =SUM(H42:H45) -> 0 | Y18: =SUM(I42:I45) -> 19 | Z18: =SUM(J42:J45) -> 19 | ... AF18: =SUM(P42:P45) -> 387
B19: 09.15 - 09.30 | C19: 23 | D19: 3 | E19: 4 | F19: 17 | G19: 1 | H19: 0 | I19: 2 | J19: 5 | K19: 3 | L19: 6 | M19: 33 | N19: 0 | O19: =SUM(C19:L19,N19) -> 64 | P19: =SUM(C19:N19) -> 97 | R19: 1600-1700 | S19: =SUM(C46:C49) -> 78 | T19: =SUM(D46:D49) -> 28 | U19: =SUM(E46:E49) -> 14 | V19: =SUM(F46:F49) -> 74 | W19: =SUM(G46:G49) -> 3 | X19: =SUM(H46:H49) -> 0 | Y19: =SUM(I46:I49) -> 8 | Z19: =SUM(J46:J49) -> 29 | ... AF19: =SUM(P46:P49) -> 425
B20: 09.30 - 09.45 | C20: 33 | D20: 4 | E20: 5 | F20: 19 | G20: 2 | H20: 0 | I20: 5 | J20: 11 | K20: 10 | L20: 13 | M20: 43 | N20: 1 | O20: =SUM(C20:L20,N20) -> 103 | P20: =SUM(C20:N20) -> 146 | R20: 1700-1800 | S20: =SUM(C50:C53) -> 97 | T20: =SUM(D50:D53) -> 21 | U20: =SUM(E50:E53) -> 10 | V20: =SUM(F50:F53) -> 102 | W20: =SUM(G50:G53) -> 0 | X20: =SUM(H50:H53) -> 0 | Y20: =SUM(I50:I53) -> 9 | Z20: =SUM(J50:J53) -> 48 | ... AF20: =SUM(P50:P53) -> 510
B21: 09.45 - 10.00 | C21: 19 | D21: 5 | E21: 3 | F21: 24 | G21: 0 | H21: 0 | I21: 4 | J21: 11 | K21: 2 | L21: 8 | M21: 43 | N21: 0 | O21: =SUM(C21:L21,N21) -> 76 | P21: =SUM(C21:N21) -> 119 | R21: 1800-1900 | S21: =SUM(C54:C57) -> 124 | T21: =SUM(D54:D57) -> 25 | U21: =SUM(E54:E57) -> 10 | V21: =SUM(F54:F57) -> 130 | W21: =SUM(G54:G57) -> 2 | X21: =SUM(H54:H57) -> 0 | Y21: =SUM(I54:I57) -> 9 | Z21: =SUM(J54:J57) -> 32 | ... AF21: =SUM(P54:P57) -> 610
B22: 10.00 - 10.15 | C22: 23 | D22: 13 | E22: 7 | F22: 25 | G22: 1 | H22: 0 | I22: 2 | J22: 7 | K22: 2 | L22: 6 | M22: 47 | N22: 0 | O22: =SUM(C22:L22,N22) -> 86 | P22: =SUM(C22:N22) -> 133 | R22: AM Peak Hr | S22: =MAX(S10:S12) -> 157 | T22: =MAX(T10:T12) -> 88 | U22: =MAX(U10:U12) -> 32 | V22: =MAX(V10:V12) -> 113 | W22: =MAX(W10:W12) -> 4 | X22: =MAX(X10:X12) -> 2 | Y22: =MAX(Y10:Y12) -> 16 | Z22: =MAX(Z10:Z12) -> 37 | ... AF22: =MAX(AF10:AF12) -> 591
B23: 10.15 - 10.30 | C23: 15 | D23: 4 | E23: 6 | F23: 12 | G23: 1 | H23: 0 | I23: 3 | J23: 8 | K23: 2 | L23: 15 | M23: 42 | N23: 0 | O23: =SUM(C23:L23,N23) -> 66 | P23: =SUM(C23:N23) -> 108 | R23: IP Peak Hr | S23: =MAX(S13:S18) -> 80 | T23: =MAX(T13:T18) -> 26 | U23: =MAX(U13:U18) -> 21 | V23: =MAX(V13:V18) -> 80 | W23: =MAX(W13:W18) -> 4 | X23: =MAX(X13:X18) -> 1 | Y23: =MAX(Y13:Y18) -> 28 | Z23: =MAX(Z13:Z18) -> 41 | ... AF23: =MAX(AF13:AF18) -> 463
B24: 10.30 - 10.45 | C24: 16 | D24: 7 | E24: 3 | F24: 18 | G24: 0 | H24: 0 | I24: 1 | J24: 7 | K24: 8 | L24: 7 | M24: 41 | N24: 0 | O24: =SUM(C24:L24,N24) -> 67 | P24: =SUM(C24:N24) -> 108 | R24: PM Peak Hr | S24: =MAX(S19:S21) -> 124 | T24: =MAX(T19:T21) -> 28 | U24: =MAX(U19:U21) -> 14 | V24: =MAX(V19:V21) -> 130 | W24: =MAX(W19:W21) -> 3 | X24: =MAX(X19:X21) -> 0 | Y24: =MAX(Y19:Y21) -> 9 | Z24: =MAX(Z19:Z21) -> 48 | ... AF24: =MAX(AF19:AF21) -> 610
B25: 10.45 - 11.00 | C25: 26 | D25: 2 | E25: 5 | F25: 20 | G25: 2 | H25: 0 | I25: 1 | J25: 13 | K25: 6 | L25: 5 | M25: 34 | N25: 0 | O25: =SUM(C25:L25,N25) -> 80 | P25: =SUM(C25:N25) -> 114 | R25: AM Period | S25: =SUM(S10:S12) -> 401 | T25: =SUM(T10:T12) -> 154 | U25: =SUM(U10:U12) -> 78 | V25: =SUM(V10:V12) -> 309 | W25: =SUM(W10:W12) -> 9 | X25: =SUM(X10:X12) -> 2 | Y25: =SUM(Y10:Y12) -> 33 | Z25: =SUM(Z10:Z12) -> 93 | ... AF25: =SUM(AF10:AF12) -> 1668
B26: 11.00 - 11.15 | C26: 22 | D26: 5 | E26: 2 | F26: 21 | G26: 1 | H26: 0 | I26: 2 | J26: 13 | K26: 3 | L26: 10 | M26: 47 | N26: 0 | O26: =SUM(C26:L26,N26) -> 79 | P26: =SUM(C26:N26) -> 126 | R26: IP Period | S26: =SUM(S13:S18) -> 417 | T26: =SUM(T13:T18) -> 133 | U26: =SUM(U13:U18) -> 94 | V26: =SUM(V13:V18) -> 409 | W26: =SUM(W13:W18) -> 9 | X26: =SUM(X13:X18) -> 1 | Y26: =SUM(Y13:Y18) -> 95 | Z26: =SUM(Z13:Z18) -> 157 | ... AF26: =SUM(AF13:AF18) -> 2404
B27: 11.15 - 11.30 | C27: 17 | D27: 7 | E27: 4 | F27: 13 | G27: 0 | H27: 0 | I27: 5 | J27: 7 | K27: 6 | L27: 6 | M27: 29 | N27: 0 | O27: =SUM(C27:L27,N27) -> 65 | P27: =SUM(C27:N27) -> 94 | R27: PM Period | S27: =SUM(S19:S21) -> 299 | T27: =SUM(T19:T21) -> 74 | U27: =SUM(U19:U21) -> 34 | V27: =SUM(V19:V21) -> 306 | W27: =SUM(W19:W21) -> 5 | X27: =SUM(X19:X21) -> 0 | Y27: =SUM(Y19:Y21) -> 26 | Z27: =SUM(Z19:Z21) -> 109 | ... AF27: =SUM(AF19:AF21) -> 1545
B28: 11.30 - 11.45 | C28: 18 | D28: 5 | E28: 1 | F28: 18 | G28: 0 | H28: 0 | I28: 1 | J28: 6 | K28: 6 | L28: 7 | M28: 41 | N28: 0 | O28: =SUM(C28:L28,N28) -> 62 | P28: =SUM(C28:N28) -> 103 | R28: 12 Hours | S28: =SUM(S10:S21) -> 1117 | T28: =SUM(T10:T21) -> 361 | U28: =SUM(U10:U21) -> 206 | V28: =SUM(V10:V21) -> 1024 | W28: =SUM(W10:W21) -> 23 | X28: =SUM(X10:X21) -> 3 | Y28: =SUM(Y10:Y21) -> 154 | Z28: =SUM(Z10:Z21) -> 359 | ... AF28: =SUM(AF10:AF21) -> 5617
B29: 11.45 - 12.00 | C29: 21 | D29: 6 | E29: 2 | F29: 11 | G29: 1 | H29: 0 | I29: 0 | J29: 9 | K29: 4 | L29: 5 | M29: 24 | N29: 0 | O29: =SUM(C29:L29,N29) -> 59 | P29: =SUM(C29:N29) -> 83
B30: 12.00 - 12.15 | C30: 23 | D30: 6 | E30: 2 | F30: 21 | G30: 0 | H30: 0 | I30: 0 | J30: 9 | K30: 2 | L30: 2 | M30: 28 | N30: 0 | O30: =SUM(C30:L30,N30) -> 65 | P30: =SUM(C30:N30) -> 93
B31: 12.15 - 12.30 | C31: 20 | D31: 11 | E31: 3 | F31: 16 | G31: 0 | H31: 0 | I31: 0 | J31: 10 | K31: 0 | L31: 11 | M31: 26 | N31: 0 | O31: =SUM(C31:L31,N31) -> 71 | P31: =SUM(C31:N31) -> 97
B32: 12.30 - 12.45 | C32: 12 | D32: 5 | E32: 5 | F32: 21 | G32: 0 | H32: 0 | I32: 1 | J32: 16 | K32: 6 | L32: 6 | M32: 30 | N32: 0 | O32: =SUM(C32:L32,N32) -> 72 | P32: =SUM(C32:N32) -> 102
B33: 12.45 - 13.00 | C33: 14 | D33: 2 | E33: 10 | F33: 16 | G33: 0 | H33: 0 | I33: 5 | J33: 6 | K33: 4 | L33: 1 | M33: 43 | N33: 0 | O33: =SUM(C33:L33,N33) -> 58 | P33: =SUM(C33:N33) -> 101
B34: 13.00 - 13.15 | C34: 16 | D34: 5 | E34: 8 | F34: 12 | G34: 0 | H34: 0 | I34: 7 | J34: 3 | K34: 5 | L34: 1 | M34: 35 | N34: 0 | O34: =SUM(C34:L34,N34) -> 57 | P34: =SUM(C34:N34) -> 92
B35: 13.15 - 13.30 | C35: 27 | D35: 4 | E35: 2 | F35: 17 | G35: 0 | H35: 0 | I35: 7 | J35: 0 | K35: 6 | L35: 4 | M35: 32 | N35: 0 | O35: =SUM(C35:L35,N35) -> 67 | P35: =SUM(C35:N35) -> 99
B36: 13.30 - 13.45 | C36: 17 | D36: 9 | E36: 4 | F36: 11 | G36: 1 | H36: 0 | I36: 10 | J36: 4 | K36: 4 | L36: 1 | M36: 20 | N36: 0 | O36: =SUM(C36:L36,N36) -> 61 | P36: =SUM(C36:N36) -> 81
B37: 13.45 - 14.00 | C37: 12 | D37: 3 | E37: 7 | F37: 15 | G37: 0 | H37: 1 | I37: 4 | J37: 5 | K37: 4 | L37: 8 | M37: 37 | N37: 0 | O37: =SUM(C37:L37,N37) -> 59 | P37: =SUM(C37:N37) -> 96
B38: 14.00 - 14.15 | C38: 15 | D38: 7 | E38: 7 | F38: 18 | G38: 1 | H38: 0 | I38: 6 | J38: 3 | K38: 7 | L38: 7 | M38: 39 | N38: 0 | O38: =SUM(C38:L38,N38) -> 71 | P38: =SUM(C38:N38) -> 110
B39: 14.15 - 14.30 | C39: 10 | D39: 7 | E39: 4 | F39: 13 | G39: 0 | H39: 0 | I39: 7 | J39: 4 | K39: 6 | L39: 8 | M39: 32 | N39: 0 | O39: =SUM(C39:L39,N39) -> 59 | P39: =SUM(C39:N39) -> 91
B40: 14.30 - 14.45 | C40: 15 | D40: 4 | E40: 3 | F40: 15 | G40: 0 | H40: 0 | I40: 11 | J40: 6 | K40: 7 | L40: 5 | M40: 42 | N40: 0 | O40: =SUM(C40:L40,N40) -> 66 | P40: =SUM(C40:N40) -> 108
... B57: 18.45 - 19.00 | C57: 22 | D57: 8 | E57: 2 | F57: 30 | G57: 0 | H57: 0 | I57: 2 | J57: 8 | K57: 2 | L57: 1 | M57: 64 | N57: 0 | O57: =SUM(C57:L57,N57) -> 75 | P57: =SUM(C57:N57) -> 139
B58: Totals | C58: =SUM(C10:C57) -> 1117 | D58: =SUM(D10:D57) -> 361 | E58: =SUM(E10:E57) -> 206 | F58: =SUM(F10:F57) -> 1024 | G58: =SUM(G10:G57) -> 23 | H58: =SUM(H10:H57) -> 3 | I58: =SUM(I10:I57) -> 154 | J58: =SUM(J10:J57) -> 359 | ... P58: =SUM(P10:P57) -> 5617
B59: %ges + MCs | C59: =C58/$P$58 -> 0.1988606 | D59: =D58/$P$58 -> 0.064269183 | E59: =E58/$P$58 -> 0.036674381 | F59: =F58/$P$58 -> 0.18230372 | G59: =G58/$P$58 -> 0.0040947125 | H59: =H58/$P$58 -> 0.00053409293 | I59: =I58/$P$58 -> 0.027416771 | J59: =J58/$P$58 -> 0.063913121 | ... N59: =N58/$P$58 -> 0.00035606195
B60: %ges w/o MCs | C60: =C58/$O$58 -> 0.30132182 | D60: =D58/$O$58 -> 0.097383329 | E60: =E58/$O$58 -> 0.055570542 | F60: =F58/$O$58 -> 0.27623415 | G60: =G58/$O$58 -> 0.006204478 | H60: =H58/$O$58 -> 0.00080927974 | I60: =I58/$O$58 -> 0.041543027 | J60: =J58/$O$58 -> 0.096843809 | ... L60: =L58/$O$58 -> 0.06312382 | N60: =N58/$O$58 -> 0.00053951983

Sheet 31.07 Nalya-Bweyogerere
B1: Consultancy services for Preparation of Expressway Development Master Plan (EDMP) for Uganda
B2: MANUAL CLASSIFIED COUNT (MCC)
B3: ROAD NAME: | C3: ='29.07 Nalya-Bweyogerere'!C3:G3 -> MCC - C1 - STN40 - NORTHERN BYPASS
C5: Date | D5: 31.07.19 | F5: Location | G5: ='29.07 Nalya-Bweyogerere'!G5:H5 -> Signs and Symbols | J5: Surveyor | K5: ='29.07 Nalya-Bweyogerere'!K5:L5 -> Acema Vicent/Aseru Sherry/Mejje Mathias Trevor/Martin Anthony
C6: Dir. From | D6: ='29.07 Nalya-Bweyogerere'!D6:E6 -> Naalya | F6: Dir. To | G6: ='29.07 Nalya-Bweyogerere'!G6:H6 -> Bweyogerere | J6: Supervisor | K6: ='29.07 Nalya-Bweyogerere'!K6:L6 -> Steven
B8: Time / Veh Type | R8: SUMMARY TRAFFIC VOLUMES
C9: 1. Car | D9: 2. Station Wagon | E9: 3. Pickups | F9: 4. Minibus, matatu | G9: 5. Medium bus | H9: 6. Large Bus | I9: 7. Light Truck | J9: 8. Medium Truck | K9: 9. Heavy truck | L9: 10. Truck Trailer | M9: 11. Motor cycles | N9: 12. Tractors | O9: Total Excl M/Cycles | P9: Total All | R9: Time | S9: 1. Car | T9: 2. Station Wagon | U9: 3. Pickups | V9: 4. Minibus, matatu | W9: 5. Medium bus | X9: 6. Large Bus | Y9: 7. Light Truck | Z9: 8. Medium Truck | AA9: 9. Heavy truck | AB9: 10. Truck Trailer | AC9: 11. Motorcycles | AD9: 12. Tractors, Graders | AE9: Total Excl M/ Cycles | AF9: Total All
B10: 07.00 - 07.15 | C10: 23 | D10: 3 | E10: 4 | F10: 31 | G10: 1 | H10: 0 | I10: 4 | J10: 5 | K10: 4 | L10: 3 | M10: 26 | N10: 0 | O10: =SUM(C10:L10,N10) -> 78 | P10: =SUM(C10:N10) -> 104 | R10: 0700-0800 | S10: =SUM(C10:C13) -> 94 | T10: =SUM(D10:D13) -> 29 | U10: =SUM(E10:E13) -> 23 | V10: =SUM(F10:F13) -> 122 | W10: =SUM(G10:G13) -> 4 | X10: =SUM(H10:H13) -> 1 | Y10: =SUM(I10:I13) -> 21 | Z10: =SUM(J10:J13) -> 10 | ... AF10: =SUM(P10:P13) -> 445
B11: 07.15 - 07.30 | C11: 21 | D11: 8 | E11: 8 | F11: 33 | G11: 1 | H11: 0 | I11: 8 | J11: 1 | K11: 6 | L11: 2 | M11: 35 | N11: 0 | O11: =SUM(C11:L11,N11) -> 88 | P11: =SUM(C11:N11) -> 123 | R11: 0800-0900 | S11: =SUM(C14:C17) -> 107 | T11: =SUM(D14:D17) -> 70 | U11: =SUM(E14:E17) -> 17 | V11: =SUM(F14:F17) -> 153 | W11: =SUM(G14:G17) -> 1 | X11: =SUM(H14:H17) -> 0 | Y11: =SUM(I14:I17) -> 24 | Z11: =SUM(J14:J17) -> 16 | ... AF11: =SUM(P14:P17) -> 569
B12: 07.30 - 07.45 | C12: 30 | D12: 9 | E12: 3 | F12: 31 | G12: 2 | H12: 1 | I12: 6 | J12: 1 | K12: 4 | L12: 1 | M12: 23 | N12: 0 | O12: =SUM(C12:L12,N12) -> 88 | P12: =SUM(C12:N12) -> 111 | R12: 0900-1000 | S12: =SUM(C18:C21) -> 75 | T12: =SUM(D18:D21) -> 20 | U12: =SUM(E18:E21) -> 16 | V12: =SUM(F18:F21) -> 121 | W12: =SUM(G18:G21) -> 0 | X12: =SUM(H18:H21) -> 0 | Y12: =SUM(I18:I21) -> 25 | Z12: =SUM(J18:J21) -> 8 | ... AF12: =SUM(P18:P21) -> 468
B13: 07.45 - 08.00 | C13: 20 | D13: 9 | E13: 8 | F13: 27 | G13: 0 | H13: 0 | I13: 3 | J13: 3 | K13: 4 | L13: 1 | M13: 32 | N13: 0 | O13: =SUM(C13:L13,N13) -> 75 | P13: =SUM(C13:N13) -> 107 | R13: 1000-1100 | S13: =SUM(C22:C25) -> 81 | T13: =SUM(D22:D25) -> 17 | U13: =SUM(E22:E25) -> 11 | V13: =SUM(F22:F25) -> 91 | W13: =SUM(G22:G25) -> 1 | X13: =SUM(H22:H25) -> 1 | Y13: =SUM(I22:I25) -> 31 | Z13: =SUM(J22:J25) -> 6 | ... AF13: =SUM(P22:P25) -> 455
B14: 08.00 - 08.15 | C14: 41 | D14: 23 | E14: 9 | F14: 45 | G14: 1 | H14: 0 | I14: 6 | J14: 7 | K14: 5 | L14: 0 | M14: 44 | N14: 0 | O14: =SUM(C14:L14,N14) -> 137 | P14: =SUM(C14:N14) -> 181 | R14: 1100-1200 | S14: =SUM(C26:C29) -> 66 | T14: =SUM(D26:D29) -> 24 | U14: =SUM(E26:E29) -> 11 | V14: =SUM(F26:F29) -> 65 | W14: =SUM(G26:G29) -> 1 | X14: =SUM(H26:H29) -> 0 | Y14: =SUM(I26:I29) -> 17 | Z14: =SUM(J26:J29) -> 14 | ... AF14: =SUM(P26:P29) -> 382
B15: 08.15 - 08.30 | C15: 21 | D15: 13 | E15: 5 | F15: 31 | G15: 0 | H15: 0 | I15: 7 | J15: 2 | K15: 3 | L15: 1 | M15: 41 | N15: 0 | O15: =SUM(C15:L15,N15) -> 83 | P15: =SUM(C15:N15) -> 124 | R15: 1200-1300 | S15: =SUM(C30:C33) -> 57 | T15: =SUM(D30:D33) -> 24 | U15: =SUM(E30:E33) -> 18 | V15: =SUM(F30:F33) -> 77 | W15: =SUM(G30:G33) -> 0 | X15: =SUM(H30:H33) -> 0 | Y15: =SUM(I30:I33) -> 16 | Z15: =SUM(J30:J33) -> 7 | ... AF15: =SUM(P30:P33) -> 388
B16: 08.30 - 08.45 | C16: 23 | D16: 25 | E16: 2 | F16: 36 | G16: 0 | H16: 0 | I16: 6 | J16: 5 | K16: 5 | L16: 0 | M16: 32 | N16: 0 | O16: =SUM(C16:L16,N16) -> 102 | P16: =SUM(C16:N16) -> 134 | R16: 1300-1400 | S16: =SUM(C34:C37) -> 42 | T16: =SUM(D34:D37) -> 29 | U16: =SUM(E34:E37) -> 13 | V16: =SUM(F34:F37) -> 55 | W16: =SUM(G34:G37) -> 0 | X16: =SUM(H34:H37) -> 0 | Y16: =SUM(I34:I37) -> 19 | Z16: =SUM(J34:J37) -> 19 | ... AF16: =SUM(P34:P37) -> 363
B17: 08.45 - 9.00 | C17: 22 | D17: 9 | E17: 1 | F17: 41 | G17: 0 | H17: 0 | I17: 5 | J17: 2 | K17: 6 | L17: 1 | M17: 43 | N17: 0 | O17: =SUM(C17:L17,N17) -> 87 | P17: =SUM(C17:N17) -> 130 | R17: 1400-1500 | S17: =SUM(C38:C41) -> 44 | T17: =SUM(D38:D41) -> 24 | U17: =SUM(E38:E41) -> 18 | V17: =SUM(F38:F41) -> 74 | W17: =SUM(G38:G41) -> 0 | X17: =SUM(H38:H41) -> 0 | Y17: =SUM(I38:I41) -> 22 | Z17: =SUM(J38:J41) -> 16 | ... AF17: =SUM(P38:P41) -> 377
B18: 09.00 - 09.15 | C18: 21 | D18: 4 | E18: 5 | F18: 34 | G18: 0 | H18: 0 | I18: 7 | J18: 2 | K18: 7 | L18: 1 | M18: 60 | N18: 0 | O18: =SUM(C18:L18,N18) -> 81 | P18: =SUM(C18:N18) -> 141 | R18: 1500-1600 | S18: =SUM(C42:C45) -> 71 | T18: =SUM(D42:D45) -> 39 | U18: =SUM(E42:E45) -> 19 | V18: =SUM(F42:F45) -> 89 | W18: =SUM(G42:G45) -> 1 | X18: =SUM(H42:H45) -> 0 | Y18: =SUM(I42:I45) -> 32 | Z18: =SUM(J42:J45) -> 19 | ... AF18: =SUM(P42:P45) -> 439
B19: 09.15 - 09.30 | C19: 15 | D19: 6 | E19: 6 | F19: 36 | G19: 0 | H19: 0 | I19: 16 | J19: 3 | K19: 6 | L19: 2 | M19: 42 | N19: 0 | O19: =SUM(C19:L19,N19) -> 90 | P19: =SUM(C19:N19) -> 132 | R19: 1600-1700 | S19: =SUM(C46:C49) -> 76 | T19: =SUM(D46:D49) -> 50 | U19: =SUM(E46:E49) -> 24 | V19: =SUM(F46:F49) -> 65 | W19: =SUM(G46:G49) -> 0 | X19: =SUM(H46:H49) -> 0 | Y19: =SUM(I46:I49) -> 36 | Z19: =SUM(J46:J49) -> 22 | ... AF19: =SUM(P46:P49) -> 481
B20: 09.30 - 09.45 | C20: 33 | D20: 6 | E20: 2 | F20: 23 | G20: 0 | H20: 0 | I20: 0 | J20: 1 | K20: 11 | L20: 1 | M20: 47 | N20: 0 | O20: =SUM(C20:L20,N20) -> 77 | P20: =SUM(C20:N20) -> 124 | R20: 1700-1800 | S20: =SUM(C50:C53) -> 130 | T20: =SUM(D50:D53) -> 70 | U20: =SUM(E50:E53) -> 28 | V20: =SUM(F50:F53) -> 109 | W20: =SUM(G50:G53) -> 4 | X20: =SUM(H50:H53) -> 1 | Y20: =SUM(I50:I53) -> 33 | Z20: =SUM(J50:J53) -> 15 | ... AF20: =SUM(P50:P53) -> 594
B21: 09.45 - 10.00 | C21: 6 | D21: 4 | E21: 3 | F21: 28 | G21: 0 | H21: 0 | I21: 2 | J21: 2 | K21: 4 | L21: 1 | M21: 21 | N21: 0 | O21: =SUM(C21:L21,N21) -> 50 | P21: =SUM(C21:N21) -> 71 | R21: 1800-1900 | S21: =SUM(C54:C57) -> 152 | T21: =SUM(D54:D57) -> 109 | U21: =SUM(E54:E57) -> 43 | V21: =SUM(F54:F57) -> 131 | W21: =SUM(G54:G57) -> 1 | X21: =SUM(H54:H57) -> 0 | Y21: =SUM(I54:I57) -> 23 | Z21: =SUM(J54:J57) -> 10 | ... AF21: =SUM(P54:P57) -> 734
B22: 10.00 - 10.15 | C22: 20 | D22: 6 | E22: 1 | F22: 25 | G22: 0 | H22: 1 | I22: 8 | J22: 2 | K22: 10 | L22: 4 | M22: 39 | N22: 0 | O22: =SUM(C22:L22,N22) -> 77 | P22: =SUM(C22:N22) -> 116 | R22: AM Peak Hr | S22: =MAX(S10:S12) -> 107 | T22: =MAX(T10:T12) -> 70 | U22: =MAX(U10:U12) -> 23 | V22: =MAX(V10:V12) -> 153 | W22: =MAX(W10:W12) -> 4 | X22: =MAX(X10:X12) -> 1 | Y22: =MAX(Y10:Y12) -> 25 | Z22: =MAX(Z10:Z12) -> 16 | ... AF22: =MAX(AF10:AF12) -> 569
B23: 10.15 - 10.30 | C23: 23 | D23: 3 | E23: 5 | F23: 23 | G23: 1 | H23: 0 | I23: 7 | J23: 1 | K23: 15 | L23: 3 | M23: 37 | N23: 0 | O23: =SUM(C23:L23,N23) -> 81 | P23: =SUM(C23:N23) -> 118 | R23: IP Peak Hr | S23: =MAX(S13:S18) -> 81 | T23: =MAX(T13:T18) -> 39 | U23: =MAX(U13:U18) -> 19 | V23: =MAX(V13:V18) -> 91 | W23: =MAX(W13:W18) -> 1 | X23: =MAX(X13:X18) -> 1 | Y23: =MAX(Y13:Y18) -> 32 | Z23: =MAX(Z13:Z18) -> 19 | ... AF23: =MAX(AF13:AF18) -> 455
B24: 10.30 - 10.45 | C24: 18 | D24: 5 | E24: 2 | F24: 21 | G24: 0 | H24: 0 | I24: 12 | J24: 2 | K24: 7 | L24: 5 | M24: 43 | N24: 0 | O24: =SUM(C24:L24,N24) -> 72 | P24: =SUM(C24:N24) -> 115 | R24: PM Peak Hr | S24: =MAX(S19:S21) -> 152 | T24: =MAX(T19:T21) -> 109 | U24: =MAX(U19:U21) -> 43 | V24: =MAX(V19:V21) -> 131 | W24: =MAX(W19:W21) -> 4 | X24: =MAX(X19:X21) -> 1 | Y24: =MAX(Y19:Y21) -> 36 | Z24: =MAX(Z19:Z21) -> 22 | ... AF24: =MAX(AF19:AF21) -> 734
B25: 10.45 - 11.00 | C25: 20 | D25: 3 | E25: 3 | F25: 22 | G25: 0 | H25: 0 | I25: 4 | J25: 1 | K25: 8 | L25: 1 | M25: 44 | N25: 0 | O25: =SUM(C25:L25,N25) -> 62 | P25: =SUM(C25:N25) -> 106 | R25: AM Period | S25: =SUM(S10:S12) -> 276 | T25: =SUM(T10:T12) -> 119 | U25: =SUM(U10:U12) -> 56 | V25: =SUM(V10:V12) -> 396 | W25: =SUM(W10:W12) -> 5 | X25: =SUM(X10:X12) -> 1 | Y25: =SUM(Y10:Y12) -> 70 | Z25: =SUM(Z10:Z12) -> 34 | ... AF25: =SUM(AF10:AF12) -> 1482
B26: 11.00 - 11.15 | C26: 18 | D26: 5 | E26: 3 | F26: 18 | G26: 0 | H26: 0 | I26: 3 | J26: 3 | K26: 7 | L26: 6 | M26: 34 | N26: 0 | O26: =SUM(C26:L26,N26) -> 63 | P26: =SUM(C26:N26) -> 97 | R26: IP Period | S26: =SUM(S13:S18) -> 361 | T26: =SUM(T13:T18) -> 157 | U26: =SUM(U13:U18) -> 90 | V26: =SUM(V13:V18) -> 451 | W26: =SUM(W13:W18) -> 3 | X26: =SUM(X13:X18) -> 1 | Y26: =SUM(Y13:Y18) -> 137 | Z26: =SUM(Z13:Z18) -> 81 | ... AF26: =SUM(AF13:AF18) -> 2404
B27: 11.15 - 11.30 | C27: 23 | D27: 5 | E27: 3 | F27: 21 | G27: 1 | H27: 0 | I27: 9 | J27: 3 | K27: 4 | L27: 6 | M27: 30 | N27: 0 | O27: =SUM(C27:L27,N27) -> 75 | P27: =SUM(C27:N27) -> 105 | R27: PM Period | S27: =SUM(S19:S21) -> 358 | T27: =SUM(T19:T21) -> 229 | U27: =SUM(U19:U21) -> 95 | V27: =SUM(V19:V21) -> 305 | W27: =SUM(W19:W21) -> 5 | X27: =SUM(X19:X21) -> 1 | Y27: =SUM(Y19:Y21) -> 92 | Z27: =SUM(Z19:Z21) -> 47 | ... AF27: =SUM(AF19:AF21) -> 1809
B28: 11.30 - 11.45 | C28: 14 | D28: 8 | E28: 1 | F28: 11 | G28: 0 | H28: 0 | I28: 1 | J28: 4 | K28: 3 | L28: 4 | M28: 35 | N28: 0 | O28: =SUM(C28:L28,N28) -> 46 | P28: =SUM(C28:N28) -> 81 | R28: 12 Hours | S28: =SUM(S10:S21) -> 995 | T28: =SUM(T10:T21) -> 505 | U28: =SUM(U10:U21) -> 241 | V28: =SUM(V10:V21) -> 1152 | W28: =SUM(W10:W21) -> 13 | X28: =SUM(X10:X21) -> 3 | Y28: =SUM(Y10:Y21) -> 299 | Z28: =SUM(Z10:Z21) -> 162 | ... AF28: =SUM(AF10:AF21) -> 5695
B29: 11.45 - 12.00 | C29: 11 | D29: 6 | E29: 4 | F29: 15 | G29: 0 | H29: 0 | I29: 4 | J29: 4 | K29: 5 | L29: 4 | M29: 46 | N29: 0 | O29: =SUM(C29:L29,N29) -> 53 | P29: =SUM(C29:N29) -> 99
B30: 12.00 - 12.15 | C30: 22 | D30: 10 | E30: 6 | F30: 27 | G30: 0 | H30: 0 | I30: 7 | J30: 2 | K30: 11 | L30: 6 | M30: 63 | N30: 0 | O30: =SUM(C30:L30,N30) -> 91 | P30: =SUM(C30:N30) -> 154
B31: 12.15 - 12.30 | C31: 12 | D31: 3 | E31: 0 | F31: 21 | G31: 0 | H31: 0 | I31: 2 | J31: 0 | K31: 0 | L31: 4 | M31: 23 | N31: 0 | O31: =SUM(C31:L31,N31) -> 42 | P31: =SUM(C31:N31) -> 65
B32: 12.30 - 12.45 | C32: 11 | D32: 2 | E32: 6 | F32: 12 | G32: 0 | H32: 0 | I32: 3 | J32: 3 | K32: 3 | L32: 3 | M32: 25 | N32: 0 | O32: =SUM(C32:L32,N32) -> 43 | P32: =SUM(C32:N32) -> 68
B33: 12.45 - 13.00 | C33: 12 | D33: 9 | E33: 6 | F33: 17 | G33: 0 | H33: 0 | I33: 4 | J33: 2 | K33: 5 | L33: 7 | M33: 39 | N33: 0 | O33: =SUM(C33:L33,N33) -> 62 | P33: =SUM(C33:N33) -> 101
B34: 13.00 - 13.15 | C34: 8 | D34: 8 | E34: 6 | F34: 16 | G34: 0 | H34: 0 | I34: 6 | J34: 4 | K34: 5 | L34: 8 | M34: 36 | N34: 0 | O34: =SUM(C34:L34,N34) -> 61 | P34: =SUM(C34:N34) -> 97
B35: 13.15 - 13.30 | C35: 5 | D35: 9 | E35: 5 | F35: 13 | G35: 0 | H35: 0 | I35: 1 | J35: 4 | K35: 3 | L35: 6 | M35: 33 | N35: 0 | O35: =SUM(C35:L35,N35) -> 46 | P35: =SUM(C35:N35) -> 79
B36: 13.30 - 13.45 | C36: 15 | D36: 5 | E36: 1 | F36: 15 | G36: 0 | H36: 0 | I36: 6 | J36: 3 | K36: 2 | L36: 7 | M36: 39 | N36: 0 | O36: =SUM(C36:L36,N36) -> 54 | P36: =SUM(C36:N36) -> 93
B37: 13.45 - 14.00 | C37: 14 | D37: 7 | E37: 1 | F37: 11 | G37: 0 | H37: 0 | I37: 6 | J37: 8 | K37: 6 | L37: 7 | M37: 34 | N37: 0 | O37: =SUM(C37:L37,N37) -> 60 | P37: =SUM(C37:N37) -> 94
B38: 14.00 - 14.15 | C38: 9 | D38: 5 | E38: 5 | F38: 19 | G38: 0 | H38: 0 | I38: 6 | J38: 3 | K38: 5 | L38: 5 | M38: 34 | N38: 0 | O38: =SUM(C38:L38,N38) -> 57 | P38: =SUM(C38:N38) -> 91
B39: 14.15 - 14.30 | C39: 10 | D39: 9 | E39: 8 | F39: 20 | G39: 0 | H39: 0 | I39: 8 | J39: 4 | K39: 4 | L39: 9 | M39: 46 | N39: 0 | O39: =SUM(C39:L39,N39) -> 72 | P39: =SUM(C39:N39) -> 118
B40: 14.30 - 14.45 | C40: 16 | D40: 6 | E40: 1 | F40: 16 | G40: 0 | H40: 0 | I40: 4 | J40: 3 | K40: 3 | L40: 5 | M40: 30 | N40: 0 | O40: =SUM(C40:L40,N40) -> 54 | P40: =SUM(C40:N40) -> 84
... B57: 18.45 - 19.00 | C57: 31 | D57: 32 | E57: 14 | F57: 41 | G57: 0 | H57: 0 | I57: 4 | J57: 5 | K57: 1 | L57: 10 | M57: 59 | N57: 0 | O57: =SUM(C57:L57,N57) -> 138 | P57: =SUM(C57:N57) -> 197
B58: Totals | C58: =SUM(C10:C57) -> 995 | D58: =SUM(D10:D57) -> 505 | E58: =SUM(E10:E57) -> 241 | F58: =SUM(F10:F57) -> 1152 | G58: =SUM(G10:G57) -> 13 | H58: =SUM(H10:H57) -> 3 | I58: =SUM(I10:I57) -> 299 | J58: =SUM(J10:J57) -> 162 | ... P58: =SUM(P10:P57) -> 5695
B59: %ges + MCs | C59: =C58/$P$58 -> 0.17471466 | D59: =D58/$P$58 -> 0.088674276 | E59: =E58/$P$58 -> 0.042317823 | F59: =F58/$P$58 -> 0.2022827 | G59: =G58/$P$58 -> 0.0022827041 | H59: =H58/$P$58 -> 0.00052677788 | I59: =I58/$P$58 -> 0.052502195 | J59: =J58/$P$58 -> 0.028446005 | ... N59: =N58/$P$58 -> 0
B60: %ges w/o MCs | C60: =C58/$O$58 -> 0.25985897 | D60: =D58/$O$58 -> 0.13188822 | E60: =E58/$O$58 -> 0.062940716 | F60: =F58/$O$58 -> 0.30086184 | G60: =G58/$O$58 -> 0.0033951423 | H60: =H58/$O$58 -> 0.00078349438 | I60: =I58/$O$58 -> 0.078088274 | J60: =J58/$O$58 -> 0.042308697 | ... L60: =L58/$O$58 -> 0.056150431 | N60: =N58/$O$58 -> 0

Sheet 31.07 Bweyogerere-Nalya
B1: Consultancy services for Preparation of Expressway Development Master Plan (EDMP) for Uganda
B2: MANUAL CLASSIFIED COUNT (MCC)
B3: ROAD NAME: | C3: ='29.07 Bweyogerere-Nalya'!C3:G3 -> MCC - C1 - STN40 - NORTHERN BYPASS
C5: Date | D5: ='31.07 Nalya-Bweyogerere'!D5 -> 31.07.19 | F5: Location | G5: ='29.07 Nalya-Bweyogerere'!G5:H5 -> Signs and Symbols | J5: Surveyor | K5: ='29.07 Nalya-Bweyogerere'!K5:L5 -> Acema Vicent/Aseru Sherry/Mejje Mathias Trevor/Martin Anthony
C6: Dir. From | D6: ='29.07 Bweyogerere-Nalya'!D6:E6 -> Bweyogerere | F6: Dir. To | G6: ='29.07 Bweyogerere-Nalya'!G6:H6 -> Nalya | J6: Supervisor | K6: ='29.07 Nalya-Bweyogerere'!K6:L6 -> Steven
B8: Time / Veh Type | R8: SUMMARY TRAFFIC VOLUMES
C9: 1. Car | D9: 2. Station Wagon | E9: 3. Pickups | F9: 4. Minibus, matatu | G9: 5. Medium bus | H9: 6. Large Bus | I9: 7. Light Truck | J9: 8. Medium Truck | K9: 9. Heavy truck | L9: 10. Truck Trailer | M9: 11. Motor cycles | N9: 12. Tractors | O9: Total Excl M/Cycles | P9: Total All | R9: Time | S9: 1. Car | T9: 2. Station Wagon | U9: 3. Pickups | V9: 4. Minibus, matatu | W9: 5. Medium bus | X9: 6. Large Bus | Y9: 7. Light Truck | Z9: 8. Medium Truck | AA9: 9. Heavy truck | AB9: 10. Truck Trailer | AC9: 11. Motorcycles | AD9: 12. Tractors, Graders | AE9: Total Excl M/ Cycles | AF9: Total All
B10: 07.00 - 07.15 | C10: 63 | D10: 10 | E10: 6 | F10: 27 | G10: 3 | H10: 0 | I10: 5 | J10: 1 | K10: 4 | L10: 4 | M10: 30 | N10: 0 | O10: =SUM(C10:L10,N10) -> 123 | P10: =SUM(C10:N10) -> 153 | R10: 0700-0800 | S10: =SUM(C10:C13) -> 218 | T10: =SUM(D10:D13) -> 36 | U10: =SUM(E10:E13) -> 32 | V10: =SUM(F10:F13) -> 117 | W10: =SUM(G10:G13) -> 4 | X10: =SUM(H10:H13) -> 0 | Y10: =SUM(I10:I13) -> 8 | Z10: =SUM(J10:J13) -> 24 | ... AF10: =SUM(P10:P13) -> 621
B11: 07.15 - 07.30 | C11: 55 | D11: 9 | E11: 11 | F11: 25 | G11: 0 | H11: 0 | I11: 0 | J11: 10 | K11: 3 | L11: 3 | M11: 34 | N11: 0 | O11: =SUM(C11:L11,N11) -> 116 | P11: =SUM(C11:N11) -> 150 | R11: 0800-0900 | S11: =SUM(C14:C17) -> 155 | T11: =SUM(D14:D17) -> 31 | U11: =SUM(E14:E17) -> 17 | V11: =SUM(F14:F17) -> 106 | W11: =SUM(G14:G17) -> 3 | X11: =SUM(H14:H17) -> 0 | Y11: =SUM(I14:I17) -> 8 | Z11: =SUM(J14:J17) -> 28 | ... AF11: =SUM(P14:P17) -> 559
B12: 07.30 - 07.45 | C12: 52 | D12: 9 | E12: 12 | F12: 37 | G12: 1 | H12: 0 | I12: 2 | J12: 5 | K12: 5 | L12: 3 | M12: 48 | N12: 0 | O12: =SUM(C12:L12,N12) -> 126 | P12: =SUM(C12:N12) -> 174 | R12: 0900-1000 | S12: =SUM(C18:C21) -> 96 | T12: =SUM(D18:D21) -> 23 | U12: =SUM(E18:E21) -> 9 | V12: =SUM(F18:F21) -> 77 | W12: =SUM(G18:G21) -> 2 | X12: =SUM(H18:H21) -> 1 | Y12: =SUM(I18:I21) -> 18 | Z12: =SUM(J18:J21) -> 30 | ... AF12: =SUM(P18:P21) -> 449
B13: 07.45 - 08.00 | C13: 48 | D13: 8 | E13: 3 | F13: 28 | G13: 0 | H13: 0 | I13: 1 | J13: 8 | K13: 5 | L13: 4 | M13: 39 | N13: 0 | O13: =SUM(C13:L13,N13) -> 105 | P13: =SUM(C13:N13) -> 144 | R13: 1000-1100 | S13: =SUM(C22:C25) -> 89 | T13: =SUM(D22:D25) -> 17 | U13: =SUM(E22:E25) -> 7 | V13: =SUM(F22:F25) -> 70 | W13: =SUM(G22:G25) -> 3 | X13: =SUM(H22:H25) -> 1 | Y13: =SUM(I22:I25) -> 13 | Z13: =SUM(J22:J25) -> 32 | ... AF13: =SUM(P22:P25) -> 437
B14: 08.00 - 08.15 | C14: 48 | D14: 7 | E14: 6 | F14: 30 | G14: 2 | H14: 0 | I14: 1 | J14: 7 | K14: 2 | L14: 2 | M14: 47 | N14: 0 | O14: =SUM(C14:L14,N14) -> 105 | P14: =SUM(C14:N14) -> 152 | R14: 1100-1200 | S14: =SUM(C26:C29) -> 75 | T14: =SUM(D26:D29) -> 18 | U14: =SUM(E26:E29) -> 7 | V14: =SUM(F26:F29) -> 62 | W14: =SUM(G26:G29) -> 1 | X14: =SUM(H26:H29) -> 0 | Y14: =SUM(I26:I29) -> 24 | Z14: =SUM(J26:J29) -> 17 | ... AF14: =SUM(P26:P29) -> 398
B15: 08.15 - 08.30 | C15: 43 | D15: 6 | E15: 6 | F15: 36 | G15: 0 | H15: 0 | I15: 2 | J15: 9 | K15: 0 | L15: 4 | M15: 48 | N15: 0 | O15: =SUM(C15:L15,N15) -> 106 | P15: =SUM(C15:N15) -> 154 | R15: 1200-1300 | S15: =SUM(C30:C33) -> 79 | T15: =SUM(D30:D33) -> 24 | U15: =SUM(E30:E33) -> 17 | V15: =SUM(F30:F33) -> 80 | W15: =SUM(G30:G33) -> 1 | X15: =SUM(H30:H33) -> 1 | Y15: =SUM(I30:I33) -> 32 | Z15: =SUM(J30:J33) -> 27 | ... AF15: =SUM(P30:P33) -> 488
B16: 08.30 - 08.45 | C16: 30 | D16: 7 | E16: 3 | F16: 21 | G16: 1 | H16: 0 | I16: 4 | J16: 6 | K16: 3 | L16: 5 | M16: 40 | N16: 0 | O16: =SUM(C16:L16,N16) -> 80 | P16: =SUM(C16:N16) -> 120 | R16: 1300-1400 | S16: =SUM(C34:C37) -> 93 | T16: =SUM(D34:D37) -> 16 | U16: =SUM(E34:E37) -> 23 | V16: =SUM(F34:F37) -> 79 | W16: =SUM(G34:G37) -> 0 | X16: =SUM(H34:H37) -> 0 | Y16: =SUM(I34:I37) -> 21 | Z16: =SUM(J34:J37) -> 19 | ... AF16: =SUM(P34:P37) -> 422
B17: 08.45 - 9.00 | C17: 34 | D17: 11 | E17: 2 | F17: 19 | G17: 0 | H17: 0 | I17: 1 | J17: 6 | K17: 6 | L17: 7 | M17: 47 | N17: 0 | O17: =SUM(C17:L17,N17) -> 86 | P17: =SUM(C17:N17) -> 133 | R17: 1400-1500 | S17: =SUM(C38:C41) -> 81 | T17: =SUM(D38:D41) -> 14 | U17: =SUM(E38:E41) -> 5 | V17: =SUM(F38:F41) -> 64 | W17: =SUM(G38:G41) -> 0 | X17: =SUM(H38:H41) -> 0 | Y17: =SUM(I38:I41) -> 30 | Z17: =SUM(J38:J41) -> 20 | ... AF17: =SUM(P38:P41) -> 380
B18: 09.00 - 09.15 | C18: 19 | D18: 7 | E18: 4 | F18: 17 | G18: 0 | H18: 0 | I18: 8 | J18: 7 | K18: 9 | L18: 2 | M18: 47 | N18: 0 | O18: =SUM(C18:L18,N18) -> 73 | P18: =SUM(C18:N18) -> 120 | R18: 1500-1600 | S18: =SUM(C42:C45) -> 74 | T18: =SUM(D42:D45) -> 27 | U18: =SUM(E42:E45) -> 14 | V18: =SUM(F42:F45) -> 73 | W18: =SUM(G42:G45) -> 0 | X18: =SUM(H42:H45) -> 0 | Y18: =SUM(I42:I45) -> 33 | Z18: =SUM(J42:J45) -> 19 | ... AF18: =SUM(P42:P45) -> 428
B19: 09.15 - 09.30 | C19: 31 | D19: 4 | E19: 2 | F19: 24 | G19: 2 | H19: 1 | I19: 4 | J19: 9 | K19: 1 | L19: 4 | M19: 49 | N19: 0 | O19: =SUM(C19:L19,N19) -> 82 | P19: =SUM(C19:N19) -> 131 | R19: 1600-1700 | S19: =SUM(C46:C49) -> 97 | T19: =SUM(D46:D49) -> 21 | U19: =SUM(E46:E49) -> 25 | V19: =SUM(F46:F49) -> 78 | W19: =SUM(G46:G49) -> 3 | X19: =SUM(H46:H49) -> 0 | Y19: =SUM(I46:I49) -> 34 | Z19: =SUM(J46:J49) -> 15 | ... AF19: =SUM(P46:P49) -> 437
B20: 09.30 - 09.45 | C20: 36 | D20: 7 | E20: 1 | F20: 23 | G20: 0 | H20: 0 | I20: 3 | J20: 10 | K20: 3 | L20: 1 | M20: 39 | N20: 0 | O20: =SUM(C20:L20,N20) -> 84 | P20: =SUM(C20:N20) -> 123 | R20: 1700-1800 | S20: =SUM(C50:C53) -> 125 | T20: =SUM(D50:D53) -> 32 | U20: =SUM(E50:E53) -> 22 | V20: =SUM(F50:F53) -> 98 | W20: =SUM(G50:G53) -> 2 | X20: =SUM(H50:H53) -> 0 | Y20: =SUM(I50:I53) -> 38 | Z20: =SUM(J50:J53) -> 15 | ... AF20: =SUM(P50:P53) -> 560
B21: 09.45 - 10.00 | C21: 10 | D21: 5 | E21: 2 | F21: 13 | G21: 0 | H21: 0 | I21: 3 | J21: 4 | K21: 3 | L21: 2 | M21: 33 | N21: 0 | O21: =SUM(C21:L21,N21) -> 42 | P21: =SUM(C21:N21) -> 75 | R21: 1800-1900 | S21: =SUM(C54:C57) -> 145 | T21: =SUM(D54:D57) -> 33 | U21: =SUM(E54:E57) -> 14 | V21: =SUM(F54:F57) -> 123 | W21: =SUM(G54:G57) -> 3 | X21: =SUM(H54:H57) -> 1 | Y21: =SUM(I54:I57) -> 31 | Z21: =SUM(J54:J57) -> 18 | ... AF21: =SUM(P54:P57) -> 597
B22: 10.00 - 10.15 | C22: 29 | D22: 4 | E22: 4 | F22: 24 | G22: 1 | H22: 0 | I22: 4 | J22: 10 | K22: 3 | L22: 6 | M22: 57 | N22: 0 | O22: =SUM(C22:L22,N22) -> 85 | P22: =SUM(C22:N22) -> 142 | R22: AM Peak Hr | S22: =MAX(S10:S12) -> 218 | T22: =MAX(T10:T12) -> 36 | U22: =MAX(U10:U12) -> 32 | V22: =MAX(V10:V12) -> 117 | W22: =MAX(W10:W12) -> 4 | X22: =MAX(X10:X12) -> 1 | Y22: =MAX(Y10:Y12) -> 18 | Z22: =MAX(Z10:Z12) -> 30 | ... AF22: =MAX(AF10:AF12) -> 621
B23: 10.15 - 10.30 | C23: 31 | D23: 7 | E23: 0 | F23: 19 | G23: 1 | H23: 1 | I23: 2 | J23: 11 | K23: 4 | L23: 5 | M23: 50 | N23: 0 | O23: =SUM(C23:L23,N23) -> 81 | P23: =SUM(C23:N23) -> 131 | R23: IP Peak Hr | S23: =MAX(S13:S18) -> 93 | T23: =MAX(T13:T18) -> 27 | U23: =MAX(U13:U18) -> 23 | V23: =MAX(V13:V18) -> 80 | W23: =MAX(W13:W18) -> 3 | X23: =MAX(X13:X18) -> 1 | Y23: =MAX(Y13:Y18) -> 33 | Z23: =MAX(Z13:Z18) -> 32 | ... AF23: =MAX(AF13:AF18) -> 488
B24: 10.30 - 10.45 | C24: 17 | D24: 3 | E24: 2 | F24: 13 | G24: 0 | H24: 0 | I24: 2 | J24: 6 | K24: 0 | L24: 3 | M24: 37 | N24: 0 | O24: =SUM(C24:L24,N24) -> 46 | P24: =SUM(C24:N24) -> 83 | R24: PM Peak Hr | S24: =MAX(S19:S21) -> 145 | T24: =MAX(T19:T21) -> 33 | U24: =MAX(U19:U21) -> 25 | V24: =MAX(V19:V21) -> 123 | W24: =MAX(W19:W21) -> 3 | X24: =MAX(X19:X21) -> 1 | Y24: =MAX(Y19:Y21) -> 38 | Z24: =MAX(Z19:Z21) -> 18 | ... AF24: =MAX(AF19:AF21) -> 597
B25: 10.45 - 11.00 | C25: 12 | D25: 3 | E25: 1 | F25: 14 | G25: 1 | H25: 0 | I25: 5 | J25: 5 | K25: 4 | L25: 6 | M25: 30 | N25: 0 | O25: =SUM(C25:L25,N25) -> 51 | P25: =SUM(C25:N25) -> 81 | R25: AM Period | S25: =SUM(S10:S12) -> 469 | T25: =SUM(T10:T12) -> 90 | U25: =SUM(U10:U12) -> 58 | V25: =SUM(V10:V12) -> 300 | W25: =SUM(W10:W12) -> 9 | X25: =SUM(X10:X12) -> 1 | Y25: =SUM(Y10:Y12) -> 34 | Z25: =SUM(Z10:Z12) -> 82 | ... AF25: =SUM(AF10:AF12) -> 1629
B26: 11.00 - 11.15 | C26: 17 | D26: 3 | E26: 3 | F26: 18 | G26: 0 | H26: 0 | I26: 10 | J26: 6 | K26: 5 | L26: 6 | M26: 37 | N26: 0 | O26: =SUM(C26:L26,N26) -> 68 | P26: =SUM(C26:N26) -> 105 | R26: IP Period | S26: =SUM(S13:S18) -> 491 | T26: =SUM(T13:T18) -> 116 | U26: =SUM(U13:U18) -> 73 | V26: =SUM(V13:V18) -> 428 | W26: =SUM(W13:W18) -> 5 | X26: =SUM(X13:X18) -> 2 | Y26: =SUM(Y13:Y18) -> 153 | Z26: =SUM(Z13:Z18) -> 134 | ... AF26: =SUM(AF13:AF18) -> 2553
B27: 11.15 - 11.30 | C27: 27 | D27: 3 | E27: 1 | F27: 16 | G27: 1 | H27: 0 | I27: 4 | J27: 4 | K27: 0 | L27: 9 | M27: 38 | N27: 0 | O27: =SUM(C27:L27,N27) -> 65 | P27: =SUM(C27:N27) -> 103 | R27: PM Period | S27: =SUM(S19:S21) -> 367 | T27: =SUM(T19:T21) -> 86 | U27: =SUM(U19:U21) -> 61 | V27: =SUM(V19:V21) -> 299 | W27: =SUM(W19:W21) -> 8 | X27: =SUM(X19:X21) -> 1 | Y27: =SUM(Y19:Y21) -> 103 | Z27: =SUM(Z19:Z21) -> 48 | ... AF27: =SUM(AF19:AF21) -> 1594
B28: 11.30 - 11.45 | C28: 18 | D28: 4 | E28: 3 | F28: 13 | G28: 0 | H28: 0 | I28: 7 | J28: 4 | K28: 4 | L28: 4 | M28: 27 | N28: 0 | O28: =SUM(C28:L28,N28) -> 57 | P28: =SUM(C28:N28) -> 84 | R28: 12 Hours | S28: =SUM(S10:S21) -> 1327 | T28: =SUM(T10:T21) -> 292 | U28: =SUM(U10:U21) -> 192 | V28: =SUM(V10:V21) -> 1027 | W28: =SUM(W10:W21) -> 22 | X28: =SUM(X10:X21) -> 4 | Y28: =SUM(Y10:Y21) -> 290 | Z28: =SUM(Z10:Z21) -> 264 | ... AF28: =SUM(AF10:AF21) -> 5776
B29: 11.45 - 12.00 | C29: 13 | D29: 8 | E29: 0 | F29: 15 | G29: 0 | H29: 0 | I29: 3 | J29: 3 | K29: 5 | L29: 7 | M29: 52 | N29: 0 | O29: =SUM(C29:L29,N29) -> 54 | P29: =SUM(C29:N29) -> 106
B30: 12.00 - 12.15 | C30: 16 | D30: 7 | E30: 6 | F30: 27 | G30: 0 | H30: 0 | I30: 8 | J30: 7 | K30: 3 | L30: 10 | M30: 56 | N30: 0 | O30: =SUM(C30:L30,N30) -> 84 | P30: =SUM(C30:N30) -> 140
B31: 12.15 - 12.30 | C31: 18 | D31: 9 | E31: 3 | F31: 23 | G31: 0 | H31: 0 | I31: 11 | J31: 7 | K31: 2 | L31: 5 | M31: 42 | N31: 0 | O31: =SUM(C31:L31,N31) -> 78 | P31: =SUM(C31:N31) -> 120
B32: 12.30 - 12.45 | C32: 22 | D32: 2 | E32: 5 | F32: 16 | G32: 1 | H32: 1 | I32: 4 | J32: 7 | K32: 2 | L32: 8 | M32: 41 | N32: 0 | O32: =SUM(C32:L32,N32) -> 68 | P32: =SUM(C32:N32) -> 109
B33: 12.45 - 13.00 | C33: 23 | D33: 6 | E33: 3 | F33: 14 | G33: 0 | H33: 0 | I33: 9 | J33: 6 | K33: 5 | L33: 6 | M33: 47 | N33: 0 | O33: =SUM(C33:L33,N33) -> 72 | P33: =SUM(C33:N33) -> 119
B34: 13.00 - 13.15 | C34: 19 | D34: 3 | E34: 5 | F34: 9 | G34: 0 | H34: 0 | I34: 2 | J34: 3 | K34: 3 | L34: 6 | M34: 33 | N34: 0 | O34: =SUM(C34:L34,N34) -> 50 | P34: =SUM(C34:N34) -> 83
B35: 13.15 - 13.30 | C35: 19 | D35: 3 | E35: 6 | F35: 16 | G35: 0 | H35: 0 | I35: 6 | J35: 4 | K35: 3 | L35: 4 | M35: 29 | N35: 0 | O35: =SUM(C35:L35,N35) -> 61 | P35: =SUM(C35:N35) -> 90
B36: 13.30 - 13.45 | C36: 25 | D36: 2 | E36: 6 | F36: 27 | G36: 0 | H36: 0 | I36: 7 | J36: 6 | K36: 5 | L36: 4 | M36: 35 | N36: 0 | O36: =SUM(C36:L36,N36) -> 82 | P36: =SUM(C36:N36) -> 117
B37: 13.45 - 14.00 | C37: 30 | D37: 8 | E37: 6 | F37: 27 | G37: 0 | H37: 0 | I37: 6 | J37: 6 | K37: 4 | L37: 3 | M37: 42 | N37: 0 | O37: =SUM(C37:L37,N37) -> 90 | P37: =SUM(C37:N37) -> 132
B38: 14.00 - 14.15 | C38: 21 | D38: 1 | E38: 1 | F38: 17 | G38: 0 | H38: 0 | I38: 5 | J38: 3 | K38: 2 | L38: 7 | M38: 29 | N38: 0 | O38: =SUM(C38:L38,N38) -> 57 | P38: =SUM(C38:N38) -> 86
B39: 14.15 - 14.30 | C39: 15 | D39: 10 | E39: 0 | F39: 11 | G39: 0 | H39: 0 | I39: 9 | J39: 3 | K39: 4 | L39: 4 | M39: 39 | N39: 0 | O39: =SUM(C39:L39,N39) -> 56 | P39: =SUM(C39:N39) -> 95
B40: 14.30 - 14.45 | C40: 26 | D40: 0 | E40: 3 | F40: 18 | G40: 0 | H40: 0 | I40: 11 | J40: 5 | K40: 7 | L40: 4 | M40: 32 | N40: 0 | O40: =SUM(C40:L40,N40) -> 74 | P40: =SUM(C40:N40) -> 106
... B57: 18.45 - 19.00 | C57: 24 | D57: 7 | E57: 2 | F57: 28 | G57: 0 | H57: 1 | I57: 7 | J57: 6 | K57: 1 | L57: 4 | M57: 43 | N57: 0 | O57: =SUM(C57:L57,N57) -> 80 | P57: =SUM(C57:N57) -> 123
B58: Totals | C58: =SUM(C10:C57) -> 1327 | D58: =SUM(D10:D57) -> 292 | E58: =SUM(E10:E57) -> 192 | F58: =SUM(F10:F57) -> 1027 | G58: =SUM(G10:G57) -> 22 | H58: =SUM(H10:H57) -> 4 | I58: =SUM(I10:I57) -> 290 | J58: =SUM(J10:J57) -> 264 | ... P58: =SUM(P10:P57) -> 5776
B59: %ges + MCs | C59: =C58/$P$58 -> 0.22974377 | D59: =D58/$P$58 -> 0.050554017 | E59: =E58/$P$58 -> 0.033240997 | F59: =F58/$P$58 -> 0.17780471 | G59: =G58/$P$58 -> 0.0038088643 | H59: =H58/$P$58 -> 0.00069252078 | I59: =I58/$P$58 -> 0.050207756 | J59: =J58/$P$58 -> 0.045706371 | ... N59: =N58/$P$58 -> 0
B60: %ges w/o MCs | C60: =C58/$O$58 -> 0.3469281 | D60: =D58/$O$58 -> 0.076339869 | E60: =E58/$O$58 -> 0.050196078 | F60: =F58/$O$58 -> 0.26849673 | G60: =G58/$O$58 -> 0.005751634 | H60: =H58/$O$58 -> 0.0010457516 | I60: =I58/$O$58 -> 0.075816993 | J60: =J58/$O$58 -> 0.069019608 | ... L60: =L58/$O$58 -> 0.064575163 | N60: =N58/$O$58 -> 0

Sheet 01.08 Nalya-Bweyogerere-24h
B1: Consultancy services for Preparation of Expressway Development Master Plan (EDMP) for Uganda
B2: MANUAL CLASSIFIED COUNT (MCC)
B3: ROAD NAME: | C3: ='29.07 Nalya-Bweyogerere'!C3:G3 -> MCC - C1 - STN40 - NORTHERN BYPASS
C5: Date | D5: 01.08.19 | F5: Location | G5: ='02.08 Bweyogerere-Nalya'!G5:H5 -> Signs and Symbols | J5: Surveyor | K5: ='02.08 Bweyogerere-Nalya'!K5:L5 -> Acema Vicent/Aseru Sherry/Mejje Mathias Trevor/Martin Anthony
C6: Dir. From | D6: ='29.07 Nalya-Bweyogerere'!D6:E6 -> Naalya | F6: Dir. To | G6: ='29.07 Nalya-Bweyogerere'!G6:H6 -> Bweyogerere | J6: Supervisor | K6: ='02.08 Bweyogerere-Nalya'!K6:L6 -> Steven
B8: Time / Veh Type | R8: SUMMARY TRAFFIC VOLUMES
C9: 1. Car | D9: 2. Station Wagon | E9: 3. Pickups | F9: 4. Minibus, matatu | G9: 5. Medium bus | H9: 6. Large Bus | I9: 7. Light Truck | J9: 8. Medium Truck | K9: 9. Heavy truck | L9: 10. Truck Trailer | M9: 11. Motor cycles | N9: 12. Tractors | O9: Total Excl M/Cycles | P9: Total All | R9: Time | S9: 1. Car | T9: 2. Station Wagon | U9: 3. Pickups | V9: 4. Minibus, matatu | W9: 5. Medium bus | X9: 6. Large Bus | Y9: 7. Light Truck | Z9: 8. Medium Truck | AA9: 9. Heavy truck | AB9: 10. Truck Trailer | AC9: 11. Motorcycles | AD9: 12. Tractors, Graders | AE9: Total Excl M/ Cycles | AF9: Total All
B10: 07.00 - 07.15 | C10: 21 | D10: 11 | E10: 5 | F10: 38 | G10: 0 | H10: 0 | I10: 6 | J10: 1 | K10: 1 | L10: 2 | M10: 24 | N10: 0 | O10: =SUM(C10:L10,N10) -> 85 | P10: =SUM(C10:N10) -> 109 | R10: 0700-0800 | S10: =SUM(C10:C13) -> 103 | T10: =SUM(D10:D13) -> 43 | U10: =SUM(E10:E13) -> 29 | V10: =SUM(F10:F13) -> 153 | W10: =SUM(G10:G13) -> 1 | X10: =SUM(H10:H13) -> 0 | Y10: =SUM(I10:I13) -> 22 | Z10: =SUM(J10:J13) -> 9 | ... AF10: =SUM(P10:P13) -> 513
B11: 07.15 - 07.30 | C11: 19 | D11: 7 | E11: 9 | F11: 34 | G11: 1 | H11: 0 | I11: 9 | J11: 3 | K11: 1 | L11: 2 | M11: 28 | N11: 0 | O11: =SUM(C11:L11,N11) -> 85 | P11: =SUM(C11:N11) -> 113 | R11: 0800-0900 | S11: =SUM(C14:C17) -> 93 | T11: =SUM(D14:D17) -> 65 | U11: =SUM(E14:E17) -> 22 | V11: =SUM(F14:F17) -> 148 | W11: =SUM(G14:G17) -> 1 | X11: =SUM(H14:H17) -> 1 | Y11: =SUM(I14:I17) -> 20 | Z11: =SUM(J14:J17) -> 10 | ... AF11: =SUM(P14:P17) -> 531
B12: 07.30 - 07.45 | C12: 39 | D12: 13 | E12: 12 | F12: 42 | G12: 0 | H12: 0 | I12: 5 | J12: 0 | K12: 4 | L12: 4 | M12: 45 | N12: 0 | O12: =SUM(C12:L12,N12) -> 119 | P12: =SUM(C12:N12) -> 164 | R12: 0900-1000 | S12: =SUM(C18:C21) -> 77 | T12: =SUM(D18:D21) -> 45 | U12: =SUM(E18:E21) -> 10 | V12: =SUM(F18:F21) -> 116 | W12: =SUM(G18:G21) -> 3 | X12: =SUM(H18:H21) -> 0 | Y12: =SUM(I18:I21) -> 20 | Z12: =SUM(J18:J21) -> 16 | ... AF12: =SUM(P18:P21) -> 473
B13: 07.45 - 08.00 | C13: 24 | D13: 12 | E13: 3 | F13: 39 | G13: 0 | H13: 0 | I13: 2 | J13: 5 | K13: 1 | L13: 4 | M13: 37 | N13: 0 | O13: =SUM(C13:L13,N13) -> 90 | P13: =SUM(C13:N13) -> 127 | R13: 1000-1100 | S13: =SUM(C22:C25) -> 73 | T13: =SUM(D22:D25) -> 27 | U13: =SUM(E22:E25) -> 10 | V13: =SUM(F22:F25) -> 82 | W13: =SUM(G22:G25) -> 1 | X13: =SUM(H22:H25) -> 4 | Y13: =SUM(I22:I25) -> 24 | Z13: =SUM(J22:J25) -> 9 | ... AF13: =SUM(P22:P25) -> 421
B14: 08.00 - 08.15 | C14: 24 | D14: 14 | E14: 3 | F14: 32 | G14: 1 | H14: 1 | I14: 1 | J14: 2 | K14: 2 | L14: 6 | M14: 41 | N14: 0 | O14: =SUM(C14:L14,N14) -> 86 | P14: =SUM(C14:N14) -> 127 | R14: 1100-1200 | S14: =SUM(C26:C29) -> 52 | T14: =SUM(D26:D29) -> 24 | U14: =SUM(E26:E29) -> 15 | V14: =SUM(F26:F29) -> 78 | W14: =SUM(G26:G29) -> 0 | X14: =SUM(H26:H29) -> 0 | Y14: =SUM(I26:I29) -> 21 | Z14: =SUM(J26:J29) -> 16 | ... AF14: =SUM(P26:P29) -> 383
B15: 08.15 - 08.30 | C15: 27 | D15: 20 | E15: 9 | F15: 50 | G15: 0 | H15: 0 | I15: 6 | J15: 4 | K15: 2 | L15: 5 | M15: 46 | N15: 0 | O15: =SUM(C15:L15,N15) -> 123 | P15: =SUM(C15:N15) -> 169 | R15: 1200-1300 | S15: =SUM(C30:C33) -> 55 | T15: =SUM(D30:D33) -> 30 | U15: =SUM(E30:E33) -> 13 | V15: =SUM(F30:F33) -> 76 | W15: =SUM(G30:G33) -> 0 | X15: =SUM(H30:H33) -> 0 | Y15: =SUM(I30:I33) -> 21 | Z15: =SUM(J30:J33) -> 17 | ... AF15: =SUM(P30:P33) -> 415
B16: 08.30 - 08.45 | C16: 23 | D16: 14 | E16: 5 | F16: 30 | G16: 0 | H16: 0 | I16: 9 | J16: 3 | K16: 4 | L16: 2 | M16: 27 | N16: 0 | O16: =SUM(C16:L16,N16) -> 90 | P16: =SUM(C16:N16) -> 117 | R16: 1300-1400 | S16: =SUM(C34:C37) -> 57 | T16: =SUM(D34:D37) -> 33 | U16: =SUM(E34:E37) -> 15 | V16: =SUM(F34:F37) -> 70 | W16: =SUM(G34:G37) -> 0 | X16: =SUM(H34:H37) -> 0 | Y16: =SUM(I34:I37) -> 12 | Z16: =SUM(J34:J37) -> 27 | ... AF16: =SUM(P34:P37) -> 396
B17: 08.45 - 9.00 | C17: 19 | D17: 17 | E17: 5 | F17: 36 | G17: 0 | H17: 0 | I17: 4 | J17: 1 | K17: 4 | L17: 1 | M17: 31 | N17: 0 | O17: =SUM(C17:L17,N17) -> 87 | P17: =SUM(C17:N17) -> 118 | R17: 1400-1500 | S17: =SUM(C38:C41) -> 56 | T17: =SUM(D38:D41) -> 29 | U17: =SUM(E38:E41) -> 22 | V17: =SUM(F38:F41) -> 86 | W17: =SUM(G38:G41) -> 0 | X17: =SUM(H38:H41) -> 0 | Y17: =SUM(I38:I41) -> 16 | Z17: =SUM(J38:J41) -> 29 | ... AF17: =SUM(P38:P41) -> 409
B18: 09.00 - 09.15 | C18: 17 | D18: 12 | E18: 2 | F18: 26 | G18: 0 | H18: 0 | I18: 5 | J18: 3 | K18: 0 | L18: 0 | M18: 45 | N18: 0 | O18: =SUM(C18:L18,N18) -> 65 | P18: =SUM(C18:N18) -> 110 | R18: 1500-1600 | S18: =SUM(C42:C45) -> 57 | T18: =SUM(D42:D45) -> 30 | U18: =SUM(E42:E45) -> 7 | V18: =SUM(F42:F45) -> 61 | W18: =SUM(G42:G45) -> 0 | X18: =SUM(H42:H45) -> 0 | Y18: =SUM(I42:I45) -> 11 | Z18: =SUM(J42:J45) -> 20 | ... AF18: =SUM(P42:P45) -> 337
B19: 09.15 - 09.30 | C19: 22 | D19: 16 | E19: 2 | F19: 34 | G19: 0 | H19: 0 | I19: 5 | J19: 7 | K19: 2 | L19: 10 | M19: 39 | N19: 0 | O19: =SUM(C19:L19,N19) -> 98 | P19: =SUM(C19:N19) -> 137 | R19: 1600-1700 | S19: =SUM(C46:C49) -> 93 | T19: =SUM(D46:D49) -> 40 | U19: =SUM(E46:E49) -> 20 | V19: =SUM(F46:F49) -> 73 | W19: =SUM(G46:G49) -> 2 | X19: =SUM(H46:H49) -> 1 | Y19: =SUM(I46:I49) -> 17 | Z19: =SUM(J46:J49) -> 26 | ... AF19: =SUM(P46:P49) -> 471
B20: 09.30 - 09.45 | C20: 16 | D20: 4 | E20: 0 | F20: 22 | G20: 1 | H20: 0 | I20: 3 | J20: 2 | K20: 2 | L20: 3 | M20: 38 | N20: 0 | O20: =SUM(C20:L20,N20) -> 53 | P20: =SUM(C20:N20) -> 91 | R20: 1700-1800 | S20: =SUM(C50:C53) -> 133 | T20: =SUM(D50:D53) -> 81 | U20: =SUM(E50:E53) -> 15 | V20: =SUM(F50:F53) -> 83 | W20: =SUM(G50:G53) -> 3 | X20: =SUM(H50:H53) -> 0 | Y20: =SUM(I50:I53) -> 15 | Z20: =SUM(J50:J53) -> 37 | ... AF20: =SUM(P50:P53) -> 599
B21: 09.45 - 10.00 | C21: 22 | D21: 13 | E21: 6 | F21: 34 | G21: 2 | H21: 0 | I21: 7 | J21: 4 | K21: 4 | L21: 4 | M21: 39 | N21: 0 | O21: =SUM(C21:L21,N21) -> 96 | P21: =SUM(C21:N21) -> 135 | R21: 1800-1900 | S21: =SUM(C54:C57) -> 171 | T21: =SUM(D54:D57) -> 61 | U21: =SUM(E54:E57) -> 52 | V21: =SUM(F54:F57) -> 130 | W21: =SUM(G54:G57) -> 3 | X21: =SUM(H54:H57) -> 2 | Y21: =SUM(I54:I57) -> 17 | Z21: =SUM(J54:J57) -> 15 | ... AF21: =SUM(P54:P57) -> 710
B22: 10.00 - 10.15 | C22: 17 | D22: 10 | E22: 2 | F22: 21 | G22: 0 | H22: 3 | I22: 8 | J22: 4 | K22: 3 | L22: 1 | M22: 47 | N22: 0 | O22: =SUM(C22:L22,N22) -> 69 | P22: =SUM(C22:N22) -> 116 | R22: 1900-2000 | S22: =SUM(C58:C61) -> 226 | T22: =SUM(D58:D61) -> 123 | U22: =SUM(E58:E61) -> 40 | V22: =SUM(F58:F61) -> 121 | W22: =SUM(G58:G61) -> 3 | X22: =SUM(H58:H61) -> 1 | Y22: =SUM(I58:I61) -> 8 | Z22: =SUM(J58:J61) -> 14 | ... AF22: =SUM(P58:P61) -> 736
B23: 10.15 - 10.30 | C23: 18 | D23: 6 | E23: 1 | F23: 21 | G23: 0 | H23: 0 | I23: 5 | J23: 2 | K23: 3 | L23: 1 | M23: 47 | N23: 0 | O23: =SUM(C23:L23,N23) -> 57 | P23: =SUM(C23:N23) -> 104 | R23: 2000-2100 | S23: =SUM(C62:C65) -> 154 | T23: =SUM(D62:D65) -> 64 | U23: =SUM(E62:E65) -> 23 | V23: =SUM(F62:F65) -> 102 | W23: =SUM(G62:G65) -> 3 | X23: =SUM(H62:H65) -> 3 | Y23: =SUM(I62:I65) -> 6 | Z23: =SUM(J62:J65) -> 15 | ... AF23: =SUM(P62:P65) -> 540
B24: 10.30 - 10.45 | C24: 23 | D24: 6 | E24: 2 | F24: 20 | G24: 0 | H24: 1 | I24: 3 | J24: 2 | K24: 3 | L24: 6 | M24: 36 | N24: 0 | O24: =SUM(C24:L24,N24) -> 66 | P24: =SUM(C24:N24) -> 102 | R24: 2100-2200 | S24: =SUM(C66:C69) -> 139 | T24: =SUM(D66:D69) -> 31 | U24: =SUM(E66:E69) -> 27 | V24: =SUM(F66:F69) -> 75 | W24: =SUM(G66:G69) -> 2 | X24: =SUM(H66:H69) -> 2 | Y24: =SUM(I66:I69) -> 12 | Z24: =SUM(J66:J69) -> 10 | ... AF24: =SUM(P66:P69) -> 406
B25: 10.45 - 11.00 | C25: 15 | D25: 5 | E25: 5 | F25: 20 | G25: 1 | H25: 0 | I25: 8 | J25: 1 | K25: 1 | L25: 7 | M25: 36 | N25: 0 | O25: =SUM(C25:L25,N25) -> 63 | P25: =SUM(C25:N25) -> 99 | R25: 2200-2300 | S25: =SUM(C70:C73) -> 60 | T25: =SUM(D70:D73) -> 15 | U25: =SUM(E70:E73) -> 6 | V25: =SUM(F70:F73) -> 43 | W25: =SUM(G70:G73) -> 0 | X25: =SUM(H70:H73) -> 0 | Y25: =SUM(I70:I73) -> 6 | Z25: =SUM(J70:J73) -> 3 | ... AF25: =SUM(P70:P73) -> 207
B26: 11.00 - 11.15 | C26: 9 | D26: 8 | E26: 2 | F26: 14 | G26: 0 | H26: 0 | I26: 5 | J26: 3 | K26: 4 | L26: 5 | M26: 34 | N26: 0 | O26: =SUM(C26:L26,N26) -> 50 | P26: =SUM(C26:N26) -> 84 | R26: 2300-0000 | S26: =SUM(C74:C77) -> 37 | T26: =SUM(D74:D77) -> 13 | U26: =SUM(E74:E77) -> 6 | V26: =SUM(F74:F77) -> 21 | W26: =SUM(G74:G77) -> 0 | X26: =SUM(H74:H77) -> 0 | Y26: =SUM(I74:I77) -> 6 | Z26: =SUM(J74:J77) -> 11 | ... AF26: =SUM(P74:P77) -> 155
B27: 11.15 - 11.30 | C27: 21 | D27: 7 | E27: 4 | F27: 21 | G27: 0 | H27: 0 | I27: 6 | J27: 6 | K27: 3 | L27: 6 | M27: 41 | N27: 0 | O27: =SUM(C27:L27,N27) -> 74 | P27: =SUM(C27:N27) -> 115 | R27: 0000-0100 | S27: =SUM(C78:C81) -> 22 | T27: =SUM(D78:D81) -> 16 | U27: =SUM(E78:E81) -> 9 | V27: =SUM(F78:F81) -> 7 | W27: =SUM(G78:G81) -> 0 | X27: =SUM(H78:H81) -> 0 | Y27: =SUM(I78:I81) -> 6 | Z27: =SUM(J78:J81) -> 8 | ... AF27: =SUM(P78:P81) -> 97
B28: 11.30 - 11.45 | C28: 9 | D28: 8 | E28: 6 | F28: 22 | G28: 0 | H28: 0 | I28: 5 | J28: 6 | K28: 1 | L28: 5 | M28: 31 | N28: 0 | O28: =SUM(C28:L28,N28) -> 62 | P28: =SUM(C28:N28) -> 93 | R28: 0100-0200 | S28: =SUM(C82:C85) -> 5 | T28: =SUM(D82:D85) -> 6 | U28: =SUM(E82:E85) -> 2 | V28: =SUM(F82:F85) -> 3 | W28: =SUM(G82:G85) -> 0 | X28: =SUM(H82:H85) -> 0 | Y28: =SUM(I82:I85) -> 2 | Z28: =SUM(J82:J85) -> 5 | ... AF28: =SUM(P82:P85) -> 53
B29: 11.45 - 12.00 | C29: 13 | D29: 1 | E29: 3 | F29: 21 | G29: 0 | H29: 0 | I29: 5 | J29: 1 | K29: 5 | L29: 6 | M29: 36 | N29: 0 | O29: =SUM(C29:L29,N29) -> 55 | P29: =SUM(C29:N29) -> 91 | R29: 0200-0300 | S29: =SUM(C86:C89) -> 2 | T29: =SUM(D86:D89) -> 0 | U29: =SUM(E86:E89) -> 2 | V29: =SUM(F86:F89) -> 0 | W29: =SUM(G86:G89) -> 0 | X29: =SUM(H86:H89) -> 0 | Y29: =SUM(I86:I89) -> 0 | Z29: =SUM(J86:J89) -> 7 | ... AF29: =SUM(P86:P89) -> 32
B30: 12.00 - 12.15 | C30: 13 | D30: 7 | E30: 0 | F30: 17 | G30: 0 | H30: 0 | I30: 5 | J30: 7 | K30: 2 | L30: 8 | M30: 42 | N30: 0 | O30: =SUM(C30:L30,N30) -> 59 | P30: =SUM(C30:N30) -> 101 | R30: 0300-0400 | S30: =SUM(C90:C93) -> 3 | T30: =SUM(D90:D93) -> 0 | U30: =SUM(E90:E93) -> 0 | V30: =SUM(F90:F93) -> 2 | W30: =SUM(G90:G93) -> 0 | X30: =SUM(H90:H93) -> 0 | Y30: =SUM(I90:I93) -> 4 | Z30: =SUM(J90:J93) -> 23 | ... AF30: =SUM(P90:P93) -> 45
B31: 12.15 - 12.30 | C31: 14 | D31: 6 | E31: 5 | F31: 18 | G31: 0 | H31: 0 | I31: 5 | J31: 2 | K31: 1 | L31: 6 | M31: 43 | N31: 0 | O31: =SUM(C31:L31,N31) -> 57 | P31: =SUM(C31:N31) -> 100 | R31: 0400-0500 | S31: =SUM(C94:C97) -> 3 | T31: =SUM(D94:D97) -> 2 | U31: =SUM(E94:E97) -> 2 | V31: =SUM(F94:F97) -> 3 | W31: =SUM(G94:G97) -> 0 | X31: =SUM(H94:H97) -> 0 | Y31: =SUM(I94:I97) -> 2 | Z31: =SUM(J94:J97) -> 12 | ... AF31: =SUM(P94:P97) -> 43
B32: 12.30 - 12.45 | C32: 16 | D32: 13 | E32: 4 | F32: 19 | G32: 0 | H32: 0 | I32: 4 | J32: 2 | K32: 3 | L32: 10 | M32: 39 | N32: 0 | O32: =SUM(C32:L32,N32) -> 71 | P32: =SUM(C32:N32) -> 110 | R32: 0500-0600 | S32: =SUM(C98:C101) -> 15 | T32: =SUM(D98:D101) -> 9 | U32: =SUM(E98:E101) -> 2 | V32: =SUM(F98:F101) -> 17 | W32: =SUM(G98:G101) -> 4 | X32: =SUM(H98:H101) -> 0 | Y32: =SUM(I98:I101) -> 1 | Z32: =SUM(J98:J101) -> 10 | ... AF32: =SUM(P98:P101) -> 89
B33: 12.45 - 13.00 | C33: 12 | D33: 4 | E33: 4 | F33: 22 | G33: 0 | H33: 0 | I33: 7 | J33: 6 | K33: 1 | L33: 6 | M33: 42 | N33: 0 | O33: =SUM(C33:L33,N33) -> 62 | P33: =SUM(C33:N33) -> 104 | R33: 0600-0700 | S33: =SUM(C102:C105) -> 39 | T33: =SUM(D102:D105) -> 25 | U33: =SUM(E102:E105) -> 15 | V33: =SUM(F102:F105) -> 58 | W33: =SUM(G102:G105) -> 5 | X33: =SUM(H102:H105) -> 0 | Y33: =SUM(I102:I105) -> 7 | Z33: =SUM(J102:J105) -> 23 | ... AF33: =SUM(P102:P105) -> 220
B34: 13.00 - 13.15 | C34: 8 | D34: 11 | E34: 0 | F34: 13 | G34: 0 | H34: 0 | I34: 3 | J34: 6 | K34: 3 | L34: 6 | M34: 35 | N34: 0 | O34: =SUM(C34:L34,N34) -> 50 | P34: =SUM(C34:N34) -> 85 | R34: AM Peak Hr | S34: =MAX(S10:S12) -> 103 | T34: =MAX(T10:T12) -> 65 | U34: =MAX(U10:U12) -> 29 | V34: =MAX(V10:V12) -> 153 | W34: =MAX(W10:W12) -> 3 | X34: =MAX(X10:X12) -> 1 | Y34: =MAX(Y10:Y12) -> 22 | Z34: =MAX(Z10:Z12) -> 16 | ... AF34: =MAX(AF10:AF12) -> 531
B35: 13.15 - 13.30 | C35: 15 | D35: 7 | E35: 4 | F35: 22 | G35: 0 | H35: 0 | I35: 2 | J35: 5 | K35: 1 | L35: 7 | M35: 37 | N35: 0 | O35: =SUM(C35:L35,N35) -> 63 | P35: =SUM(C35:N35) -> 100 | R35: IP Peak Hr | S35: =MAX(S13:S18) -> 73 | T35: =MAX(T13:T18) -> 33 | U35: =MAX(U13:U18) -> 22 | V35: =MAX(V13:V18) -> 86 | W35: =MAX(W13:W18) -> 1 | X35: =MAX(X13:X18) -> 4 | Y35: =MAX(Y13:Y18) -> 24 | Z35: =MAX(Z13:Z18) -> 29 | ... AF35: =MAX(AF13:AF18) -> 421
B36: 13.30 - 13.45 | C36: 19 | D36: 9 | E36: 7 | F36: 19 | G36: 0 | H36: 0 | I36: 2 | J36: 6 | K36: 2 | L36: 6 | M36: 37 | N36: 0 | O36: =SUM(C36:L36,N36) -> 70 | P36: =SUM(C36:N36) -> 107 | R36: PM Peak Hr | S36: =MAX(S19:S21) -> 171 | T36: =MAX(T19:T21) -> 81 | U36: =MAX(U19:U21) -> 52 | V36: =MAX(V19:V21) -> 130 | W36: =MAX(W19:W21) -> 3 | X36: =MAX(X19:X21) -> 2 | Y36: =MAX(Y19:Y21) -> 17 | Z36: =MAX(Z19:Z21) -> 37 | ... AF36: =MAX(AF19:AF21) -> 710
B37: 13.45 - 14.00 | C37: 15 | D37: 6 | E37: 4 | F37: 16 | G37: 0 | H37: 0 | I37: 5 | J37: 10 | K37: 3 | L37: 7 | M37: 38 | N37: 0 | O37: =SUM(C37:L37,N37) -> 66 | P37: =SUM(C37:N37) -> 104 | R37: AM Period | S37: =SUM(S10:S12) -> 273 | T37: =SUM(T10:T12) -> 153 | U37: =SUM(U10:U12) -> 61 | V37: =SUM(V10:V12) -> 417 | W37: =SUM(W10:W12) -> 5 | X37: =SUM(X10:X12) -> 1 | Y37: =SUM(Y10:Y12) -> 62 | Z37: =SUM(Z10:Z12) -> 35 | ... AF37: =SUM(AF10:AF12) -> 1517
B38: 14.00 - 14.15 | C38: 8 | D38: 12 | E38: 1 | F38: 16 | G38: 0 | H38: 0 | I38: 3 | J38: 5 | K38: 2 | L38: 6 | M38: 25 | N38: 0 | O38: =SUM(C38:L38,N38) -> 53 | P38: =SUM(C38:N38) -> 78 | R38: IP Period | S38: =SUM(S13:S18) -> 350 | T38: =SUM(T13:T18) -> 173 | U38: =SUM(U13:U18) -> 82 | V38: =SUM(V13:V18) -> 453 | W38: =SUM(W13:W18) -> 1 | X38: =SUM(X13:X18) -> 4 | Y38: =SUM(Y13:Y18) -> 105 | Z38: =SUM(Z13:Z18) -> 118 | ... AF38: =SUM(AF13:AF18) -> 2361
B39: 14.15 - 14.30 | C39: 11 | D39: 7 | E39: 10 | F39: 22 | G39: 0 | H39: 0 | I39: 4 | J39: 7 | K39: 6 | L39: 6 | M39: 27 | N39: 0 | O39: =SUM(C39:L39,N39) -> 73 | P39: =SUM(C39:N39) -> 100 | R39: PM Period | S39: =SUM(S19:S21) -> 397 | T39: =SUM(T19:T21) -> 182 | U39: =SUM(U19:U21) -> 87 | V39: =SUM(V19:V21) -> 286 | W39: =SUM(W19:W21) -> 8 | X39: =SUM(X19:X21) -> 3 | Y39: =SUM(Y19:Y21) -> 49 | Z39: =SUM(Z19:Z21) -> 78 | ... AF39: =SUM(AF19:AF21) -> 1780
B40: 14.30 - 14.45 | C40: 21 | D40: 6 | E40: 5 | F40: 23 | G40: 0 | H40: 0 | I40: 5 | J40: 11 | K40: 3 | L40: 13 | M40: 37 | N40: 0 | O40: =SUM(C40:L40,N40) -> 87 | P40: =SUM(C40:N40) -> 124 | R40: 12 Hours | S40: =SUM(S10:S21) -> 1020 | T40: =SUM(T10:T21) -> 508 | U40: =SUM(U10:U21) -> 230 | V40: =SUM(V10:V21) -> 1156 | W40: =SUM(W10:W21) -> 14 | X40: =SUM(X10:X21) -> 8 | Y40: =SUM(Y10:Y21) -> 216 | Z40: =SUM(Z10:Z21) -> 231 | ... AF40: =SUM(AF10:AF21) -> 5658
B41: 14.45 - 15.00 | C41: 16 | D41: 4 | E41: 6 | F41: 25 | G41: 0 | H41: 0 | I41: 4 | J41: 6 | K41: 3 | L41: 7 | M41: 36 | N41: 0 | O41: =SUM(C41:L41,N41) -> 71 | P41: =SUM(C41:N41) -> 107 | R41: 24 Hrs/ADT | S41: =SUM(S10:S33) -> 1725 | T41: =SUM(T10:T33) -> 812 | U41: =SUM(U10:U33) -> 364 | V41: =SUM(V10:V33) -> 1608 | W41: =SUM(W10:W33) -> 31 | X41: =SUM(X10:X33) -> 14 | Y41: =SUM(Y10:Y33) -> 276 | Z41: =SUM(Z10:Z33) -> 372 | ... AF41: =SUM(AF10:AF33) -> 8281
B42: 15.00 - 15.15 | C42: 10 | D42: 6 | E42: 0 | F42: 15 | G42: 0 | H42: 0 | I42: 3 | J42: 6 | K42: 2 | L42: 6 | M42: 23 | N42: 0 | O42: =SUM(C42:L42,N42) -> 48 | P42: =SUM(C42:N42) -> 71 | R42: NEF | S42: =S41/S40 -> 1.6911765 | T42: =T41/T40 -> 1.5984252 | U42: =U41/U40 -> 1.5826087 | V42: =V41/V40 -> 1.3910035 | W42: =W41/W40 -> 2.2142857 | X42: =X41/X40 -> 1.75 | Y42: =Y41/Y40 -> 1.2777778 | Z42: =Z41/Z40 -> 1.6103896 | ... AF42: =AF41/AF40 -> 1.4635914
B43: 15.15 - 15.30 | C43: 20 | D43: 8 | E43: 6 | F43: 20 | G43: 0 | H43: 0 | I43: 4 | J43: 4 | K43: 3 | L43: 8 | M43: 41 | N43: 0 | O43: =SUM(C43:L43,N43) -> 73 | P43: =SUM(C43:N43) -> 114
B44: 15.30 - 15.45 | C44: 14 | D44: 7 | E44: 1 | F44: 13 | G44: 0 | H44: 0 | I44: 2 | J44: 4 | K44: 5 | L44: 4 | M44: 25 | N44: 0 | O44: =SUM(C44:L44,N44) -> 50 | P44: =SUM(C44:N44) -> 75
B45: 15.45 - 16.00 | C45: 13 | D45: 9 | E45: 0 | F45: 13 | G45: 0 | H45: 0 | I45: 2 | J45: 6 | K45: 1 | L45: 4 | M45: 29 | N45: 0 | O45: =SUM(C45:L45,N45) -> 48 | P45: =SUM(C45:N45) -> 77
B46: 16.00 - 16.15 | C46: 17 | D46: 7 | E46: 3 | F46: 16 | G46: 1 | H46: 1 | I46: 5 | J46: 3 | K46: 6 | L46: 8 | M46: 40 | N46: 0 | O46: =SUM(C46:L46,N46) -> 67 | P46: =SUM(C46:N46) -> 107
B47: 16.15 -16.30 | C47: 13 | D47: 6 | E47: 5 | F47: 17 | G47: 0 | H47: 0 | I47: 3 | J47: 5 | K47: 1 | L47: 8 | M47: 22 | N47: 0 | O47: =SUM(C47:L47,N47) -> 58 | P47: =SUM(C47:N47) -> 80
B48: 16.30 -16.45 | C48: 32 | D48: 9 | E48: 8 | F48: 23 | G48: 0 | H48: 0 | I48: 2 | J48: 8 | K48: 9 | L48: 9 | M48: 51 | N48: 0 | O48: =SUM(C48:L48,N48) -> 100 | P48: =SUM(C48:N48) -> 151
B49: 16.45 -17.00 | C49: 31 | D49: 18 | E49: 4 | F49: 17 | G49: 1 | H49: 0 | I49: 7 | J49: 10 | K49: 10 | L49: 8 | M49: 27 | N49: 0 | O49: =SUM(C49:L49,N49) -> 106 | P49: =SUM(C49:N49) -> 133
B50: 17.00 -17.15 | C50: 32 | D50: 26 | E50: 3 | F50: 22 | G50: 1 | H50: 0 | I50: 3 | J50: 4 | K50: 4 | L50: 2 | M50: 47 | N50: 0 | O50: =SUM(C50:L50,N50) -> 97 | P50: =SUM(C50:N50) -> 144
B51: 17.15 -17.30 | C51: 36 | D51: 23 | E51: 6 | F51: 26 | G51: 0 | H51: 0 | I51: 7 | J51: 8 | K51: 6 | L51: 11 | M51: 38 | N51: 0 | O51: =SUM(C51:L51,N51) -> 123 | P51: =SUM(C51:N51) -> 161
B52: 17.30 -17.45 | C52: 30 | D52: 10 | E52: 2 | F52: 13 | G52: 0 | H52: 0 | I52: 2 | J52: 6 | K52: 4 | L52: 5 | M52: 53 | N52: 0 | O52: =SUM(C52:L52,N52) -> 72 | P52: =SUM(C52:N52) -> 125
B53: 17.45 -18.00 | C53: 35 | D53: 22 | E53: 4 | F53: 22 | G53: 2 | H53: 0 | I53: 3 | J53: 19 | K53: 11 | L53: 9 | M53: 42 | N53: 0 | O53: =SUM(C53:L53,N53) -> 127 | P53: =SUM(C53:N53) -> 169
B54: 18.00 - 18.15 | C54: 54 | D54: 13 | E54: 11 | F54: 32 | G54: 0 | H54: 2 | I54: 6 | J54: 1 | K54: 6 | L54: 6 | M54: 52 | N54: 0 | O54: =SUM(C54:L54,N54) -> 131 | P54: =SUM(C54:N54) -> 183
... B105: 06.45 - 07.00 | C105: 20 | D105: 10 | E105: 6 | F105: 26 | G105: 1 | H105: 0 | I105: 1 | J105: 6 | K105: 3 | L105: 0 | M105: 10 | N105: 0 | O105: =SUM(C105:L105,N105) -> 73 | P105: =SUM(C105:N105) -> 83
B106: Totals | C106: =SUM(C10:C105) -> 1725 | D106: =SUM(D10:D105) -> 812 | E106: =SUM(E10:E105) -> 364 | F106: =SUM(F10:F105) -> 1608 | G106: =SUM(G10:G105) -> 31 | H106: =SUM(H10:H105) -> 14 | I106: =SUM(I10:I105) -> 276 | J106: =SUM(J10:J105) -> 372 | ... P106: =SUM(P10:P105) -> 8281
B107: %ges + MCs | C107: =C106/$P$106 -> 0.20830818 | D107: =D106/$P$106 -> 0.09805579 | E107: =E106/$P$106 -> 0.043956044 | F107: =F106/$P$106 -> 0.19417945 | G107: =G106/$P$106 -> 0.0037435092 | H107: =H106/$P$106 -> 0.0016906171 | I107: =I106/$P$106 -> 0.033329308 | J107: =J106/$P$106 -> 0.044922111 | ... N107: =N106/$P$106 -> 0.00012075836
B108: %ges w/o MCs | C108: =C106/$O$106 -> 0.29212532 | D108: =D106/$O$106 -> 0.13751058 | E108: =E106/$O$106 -> 0.061642676 | F108: =F106/$O$106 -> 0.2723116 | G108: =G106/$O$106 -> 0.0052497883 | H108: =H106/$O$106 -> 0.0023708721 | I108: =I106/$O$106 -> 0.046740051 | J108: =J106/$O$106 -> 0.06299746 | ... L108: =L106/$O$106 -> 0.075021169 | N108: =N106/$O$106 -> 0.00016934801

Sheet 01.08 Bweyogerere-Nalya-24h
B1: Consultancy services for Preparation of Expressway Development Master Plan (EDMP) for Uganda
B2: MANUAL CLASSIFIED COUNT (MCC)
B3: ROAD NAME: | C3: ='29.07 Nalya-Bweyogerere'!C3:G3 -> MCC - C1 - STN40 - NORTHERN BYPASS
C5: Date | D5: ='01.08 Nalya-Bweyogerere-24h'!D5 -> 01.08.19 | F5: Location | G5: ='01.08 Nalya-Bweyogerere-24h'!G5:H5 -> Signs and Symbols | J5: Surveyor | K5: ='01.08 Nalya-Bweyogerere-24h'!K5:L5 -> Acema Vicent/Aseru Sherry/Mejje Mathias Trevor/Martin Anthony
C6: Dir. From | D6: ='29.07 Bweyogerere-Nalya'!D6:E6 -> Bweyogerere | F6: Dir. To | G6: ='30.07 Bweyogerere-Nalya'!G6:H6 -> Nalya | J6: Supervisor | K6: ='01.08 Nalya-Bweyogerere-24h'!K6:L6 -> Steven
B8: Time / Veh Type | R8: SUMMARY TRAFFIC VOLUMES
C9: 1. Car | D9: 2. Station Wagon | E9: 3. Pickups | F9: 4. Minibus, matatu | G9: 5. Medium bus | H9: 6. Large Bus | I9: 7. Light Truck | J9: 8. Medium Truck | K9: 9. Heavy truck | L9: 10. Truck Trailer | M9: 11. Motor cycles | N9: 12. Tractors | O9: Total Excl M/Cycles | P9: Total All | R9: Time | S9: 1. Car | T9: 2. Station Wagon | U9: 3. Pickups | V9: 4. Minibus, matatu | W9: 5. Medium bus | X9: 6. Large Bus | Y9: 7. Light Truck | Z9: 8. Medium Truck | AA9: 9. Heavy truck | AB9: 10. Truck Trailer | AC9: 11. Motorcycles | AD9: 12. Tractors, Graders | AE9: Total Excl M/ Cycles | AF9: Total All
B10: 07.00 - 07.15 | C10: 51 | D10: 17 | E10: 13 | F10: 28 | G10: 1 | H10: 0 | I10: 2 | J10: 3 | K10: 4 | L10: 2 | M10: 23 | N10: 0 | O10: =SUM(C10:L10,N10) -> 121 | P10: =SUM(C10:N10) -> 144 | R10: 0700-0800 | S10: =SUM(C10:C13) -> 239 | T10: =SUM(D10:D13) -> 48 | U10: =SUM(E10:E13) -> 47 | V10: =SUM(F10:F13) -> 116 | W10: =SUM(G10:G13) -> 1 | X10: =SUM(H10:H13) -> 0 | Y10: =SUM(I10:I13) -> 17 | Z10: =SUM(J10:J13) -> 15 | ... AF10: =SUM(P10:P13) -> 639
B11: 07.15 - 07.30 | C11: 74 | D11: 10 | E11: 12 | F11: 28 | G11: 0 | H11: 0 | I11: 1 | J11: 3 | K11: 3 | L11: 2 | M11: 31 | N11: 0 | O11: =SUM(C11:L11,N11) -> 133 | P11: =SUM(C11:N11) -> 164 | R11: 0800-0900 | S11: =SUM(C14:C17) -> 199 | T11: =SUM(D14:D17) -> 31 | U11: =SUM(E14:E17) -> 33 | V11: =SUM(F14:F17) -> 113 | W11: =SUM(G14:G17) -> 7 | X11: =SUM(H14:H17) -> 0 | Y11: =SUM(I14:I17) -> 16 | Z11: =SUM(J14:J17) -> 10 | ... AF11: =SUM(P14:P17) -> 648
B12: 07.30 - 07.45 | C12: 56 | D12: 14 | E12: 7 | F12: 32 | G12: 0 | H12: 0 | I12: 4 | J12: 5 | K12: 1 | L12: 7 | M12: 44 | N12: 0 | O12: =SUM(C12:L12,N12) -> 126 | P12: =SUM(C12:N12) -> 170 | R12: 0900-1000 | S12: =SUM(C18:C21) -> 118 | T12: =SUM(D18:D21) -> 28 | U12: =SUM(E18:E21) -> 21 | V12: =SUM(F18:F21) -> 84 | W12: =SUM(G18:G21) -> 3 | X12: =SUM(H18:H21) -> 0 | Y12: =SUM(I18:I21) -> 28 | Z12: =SUM(J18:J21) -> 17 | ... AF12: =SUM(P18:P21) -> 489
B13: 07.45 - 08.00 | C13: 58 | D13: 7 | E13: 15 | F13: 28 | G13: 0 | H13: 0 | I13: 10 | J13: 4 | K13: 2 | L13: 4 | M13: 33 | N13: 0 | O13: =SUM(C13:L13,N13) -> 128 | P13: =SUM(C13:N13) -> 161 | R13: 1000-1100 | S13: =SUM(C22:C25) -> 87 | T13: =SUM(D22:D25) -> 25 | U13: =SUM(E22:E25) -> 14 | V13: =SUM(F22:F25) -> 70 | W13: =SUM(G22:G25) -> 7 | X13: =SUM(H22:H25) -> 0 | Y13: =SUM(I22:I25) -> 11 | Z13: =SUM(J22:J25) -> 16 | ... AF13: =SUM(P22:P25) -> 432
B14: 08.00 - 08.15 | C14: 46 | D14: 3 | E14: 9 | F14: 23 | G14: 1 | H14: 0 | I14: 2 | J14: 2 | K14: 3 | L14: 14 | M14: 51 | N14: 0 | O14: =SUM(C14:L14,N14) -> 103 | P14: =SUM(C14:N14) -> 154 | R14: 1100-1200 | S14: =SUM(C26:C29) -> 73 | T14: =SUM(D26:D29) -> 24 | U14: =SUM(E26:E29) -> 11 | V14: =SUM(F26:F29) -> 67 | W14: =SUM(G26:G29) -> 2 | X14: =SUM(H26:H29) -> 0 | Y14: =SUM(I26:I29) -> 19 | Z14: =SUM(J26:J29) -> 17 | ... AF14: =SUM(P26:P29) -> 391
B15: 08.15 - 08.30 | C15: 75 | D15: 12 | E15: 6 | F15: 37 | G15: 3 | H15: 0 | I15: 4 | J15: 2 | K15: 1 | L15: 4 | M15: 68 | N15: 1 | O15: =SUM(C15:L15,N15) -> 145 | P15: =SUM(C15:N15) -> 213 | R15: 1200-1300 | S15: =SUM(C30:C33) -> 81 | T15: =SUM(D30:D33) -> 35 | U15: =SUM(E30:E33) -> 13 | V15: =SUM(F30:F33) -> 72 | W15: =SUM(G30:G33) -> 0 | X15: =SUM(H30:H33) -> 0 | Y15: =SUM(I30:I33) -> 29 | Z15: =SUM(J30:J33) -> 18 | ... AF15: =SUM(P30:P33) -> 435
B16: 08.30 - 08.45 | C16: 32 | D16: 11 | E16: 7 | F16: 26 | G16: 1 | H16: 0 | I16: 4 | J16: 5 | K16: 2 | L16: 4 | M16: 34 | N16: 0 | O16: =SUM(C16:L16,N16) -> 92 | P16: =SUM(C16:N16) -> 126 | R16: 1300-1400 | S16: =SUM(C34:C37) -> 61 | T16: =SUM(D34:D37) -> 9 | U16: =SUM(E34:E37) -> 10 | V16: =SUM(F34:F37) -> 48 | W16: =SUM(G34:G37) -> 0 | X16: =SUM(H34:H37) -> 2 | Y16: =SUM(I34:I37) -> 18 | Z16: =SUM(J34:J37) -> 27 | ... AF16: =SUM(P34:P37) -> 310
B17: 08.45 - 9.00 | C17: 46 | D17: 5 | E17: 11 | F17: 27 | G17: 2 | H17: 0 | I17: 6 | J17: 1 | K17: 6 | L17: 6 | M17: 45 | N17: 0 | O17: =SUM(C17:L17,N17) -> 110 | P17: =SUM(C17:N17) -> 155 | R17: 1400-1500 | S17: =SUM(C38:C41) -> 78 | T17: =SUM(D38:D41) -> 19 | U17: =SUM(E38:E41) -> 12 | V17: =SUM(F38:F41) -> 62 | W17: =SUM(G38:G41) -> 0 | X17: =SUM(H38:H41) -> 0 | Y17: =SUM(I38:I41) -> 20 | Z17: =SUM(J38:J41) -> 15 | ... AF17: =SUM(P38:P41) -> 358
B18: 09.00 - 09.15 | C18: 40 | D18: 11 | E18: 8 | F18: 24 | G18: 2 | H18: 0 | I18: 8 | J18: 1 | K18: 2 | L18: 11 | M18: 39 | N18: 0 | O18: =SUM(C18:L18,N18) -> 107 | P18: =SUM(C18:N18) -> 146 | R18: 1500-1600 | S18: =SUM(C42:C45) -> 47 | T18: =SUM(D42:D45) -> 23 | U18: =SUM(E42:E45) -> 11 | V18: =SUM(F42:F45) -> 67 | W18: =SUM(G42:G45) -> 2 | X18: =SUM(H42:H45) -> 1 | Y18: =SUM(I42:I45) -> 12 | Z18: =SUM(J42:J45) -> 18 | ... AF18: =SUM(P42:P45) -> 357
B19: 09.15 - 09.30 | C19: 39 | D19: 8 | E19: 7 | F19: 20 | G19: 0 | H19: 0 | I19: 10 | J19: 4 | K19: 2 | L19: 10 | M19: 40 | N19: 0 | O19: =SUM(C19:L19,N19) -> 100 | P19: =SUM(C19:N19) -> 140 | R19: 1600-1700 | S19: =SUM(C46:C49) -> 78 | T19: =SUM(D46:D49) -> 37 | U19: =SUM(E46:E49) -> 19 | V19: =SUM(F46:F49) -> 67 | W19: =SUM(G46:G49) -> 1 | X19: =SUM(H46:H49) -> 0 | Y19: =SUM(I46:I49) -> 13 | Z19: =SUM(J46:J49) -> 11 | ... AF19: =SUM(P46:P49) -> 377
B20: 09.30 - 09.45 | C20: 20 | D20: 7 | E20: 2 | F20: 22 | G20: 1 | H20: 0 | I20: 4 | J20: 7 | K20: 3 | L20: 2 | M20: 35 | N20: 0 | O20: =SUM(C20:L20,N20) -> 68 | P20: =SUM(C20:N20) -> 103 | R20: 1700-1800 | S20: =SUM(C50:C53) -> 142 | T20: =SUM(D50:D53) -> 47 | U20: =SUM(E50:E53) -> 21 | V20: =SUM(F50:F53) -> 116 | W20: =SUM(G50:G53) -> 1 | X20: =SUM(H50:H53) -> 0 | Y20: =SUM(I50:I53) -> 16 | Z20: =SUM(J50:J53) -> 21 | ... AF20: =SUM(P50:P53) -> 617
B21: 09.45 - 10.00 | C21: 19 | D21: 2 | E21: 4 | F21: 18 | G21: 0 | H21: 0 | I21: 6 | J21: 5 | K21: 2 | L21: 2 | M21: 42 | N21: 0 | O21: =SUM(C21:L21,N21) -> 58 | P21: =SUM(C21:N21) -> 100 | R21: 1800-1900 | S21: =SUM(C54:C57) -> 116 | T21: =SUM(D54:D57) -> 16 | U21: =SUM(E54:E57) -> 11 | V21: =SUM(F54:F57) -> 104 | W21: =SUM(G54:G57) -> 3 | X21: =SUM(H54:H57) -> 3 | Y21: =SUM(I54:I57) -> 19 | Z21: =SUM(J54:J57) -> 18 | ... AF21: =SUM(P54:P57) -> 486
B22: 10.00 - 10.15 | C22: 17 | D22: 8 | E22: 8 | F22: 16 | G22: 3 | H22: 0 | I22: 3 | J22: 3 | K22: 1 | L22: 6 | M22: 41 | N22: 1 | O22: =SUM(C22:L22,N22) -> 66 | P22: =SUM(C22:N22) -> 107 | R22: 1900-2000 | S22: =SUM(C58:C61) -> 73 | T22: =SUM(D58:D61) -> 36 | U22: =SUM(E58:E61) -> 11 | V22: =SUM(F58:F61) -> 90 | W22: =SUM(G58:G61) -> 6 | X22: =SUM(H58:H61) -> 0 | Y22: =SUM(I58:I61) -> 11 | Z22: =SUM(J58:J61) -> 15 | ... AF22: =SUM(P58:P61) -> 423
B23: 10.15 - 10.30 | C23: 23 | D23: 5 | E23: 1 | F23: 17 | G23: 1 | H23: 0 | I23: 4 | J23: 6 | K23: 2 | L23: 7 | M23: 36 | N23: 0 | O23: =SUM(C23:L23,N23) -> 66 | P23: =SUM(C23:N23) -> 102 | R23: 2000-2100 | S23: =SUM(C62:C65) -> 94 | T23: =SUM(D62:D65) -> 53 | U23: =SUM(E62:E65) -> 13 | V23: =SUM(F62:F65) -> 81 | W23: =SUM(G62:G65) -> 2 | X23: =SUM(H62:H65) -> 1 | Y23: =SUM(I62:I65) -> 19 | Z23: =SUM(J62:J65) -> 22 | ... AF23: =SUM(P62:P65) -> 451
B24: 10.30 - 10.45 | C24: 29 | D24: 6 | E24: 1 | F24: 17 | G24: 0 | H24: 0 | I24: 2 | J24: 3 | K24: 5 | L24: 7 | M24: 50 | N24: 0 | O24: =SUM(C24:L24,N24) -> 70 | P24: =SUM(C24:N24) -> 120 | R24: 2100-2200 | S24: =SUM(C66:C69) -> 106 | T24: =SUM(D66:D69) -> 11 | U24: =SUM(E66:E69) -> 12 | V24: =SUM(F66:F69) -> 78 | W24: =SUM(G66:G69) -> 4 | X24: =SUM(H66:H69) -> 2 | Y24: =SUM(I66:I69) -> 8 | Z24: =SUM(J66:J69) -> 6 | ... AF24: =SUM(P66:P69) -> 378
B25: 10.45 - 11.00 | C25: 18 | D25: 6 | E25: 4 | F25: 20 | G25: 3 | H25: 0 | I25: 2 | J25: 4 | K25: 3 | L25: 6 | M25: 37 | N25: 0 | O25: =SUM(C25:L25,N25) -> 66 | P25: =SUM(C25:N25) -> 103 | R25: 2200-2300 | S25: =SUM(C70:C73) -> 54 | T25: =SUM(D70:D73) -> 12 | U25: =SUM(E70:E73) -> 6 | V25: =SUM(F70:F73) -> 46 | W25: =SUM(G70:G73) -> 1 | X25: =SUM(H70:H73) -> 1 | Y25: =SUM(I70:I73) -> 11 | Z25: =SUM(J70:J73) -> 8 | ... AF25: =SUM(P70:P73) -> 229
B26: 11.00 - 11.15 | C26: 16 | D26: 6 | E26: 1 | F26: 18 | G26: 0 | H26: 0 | I26: 7 | J26: 5 | K26: 2 | L26: 2 | M26: 40 | N26: 0 | O26: =SUM(C26:L26,N26) -> 57 | P26: =SUM(C26:N26) -> 97 | R26: 2300-0000 | S26: =SUM(C74:C77) -> 31 | T26: =SUM(D74:D77) -> 7 | U26: =SUM(E74:E77) -> 4 | V26: =SUM(F74:F77) -> 20 | W26: =SUM(G74:G77) -> 0 | X26: =SUM(H74:H77) -> 0 | Y26: =SUM(I74:I77) -> 2 | Z26: =SUM(J74:J77) -> 7 | ... AF26: =SUM(P74:P77) -> 108
B27: 11.15 - 11.30 | C27: 17 | D27: 7 | E27: 4 | F27: 20 | G27: 2 | H27: 0 | I27: 1 | J27: 7 | K27: 0 | L27: 5 | M27: 43 | N27: 0 | O27: =SUM(C27:L27,N27) -> 63 | P27: =SUM(C27:N27) -> 106 | R27: 0000-0100 | S27: =SUM(C78:C81) -> 18 | T27: =SUM(D78:D81) -> 11 | U27: =SUM(E78:E81) -> 0 | V27: =SUM(F78:F81) -> 6 | W27: =SUM(G78:G81) -> 0 | X27: =SUM(H78:H81) -> 0 | Y27: =SUM(I78:I81) -> 2 | Z27: =SUM(J78:J81) -> 8 | ... AF27: =SUM(P78:P81) -> 75
B28: 11.30 - 11.45 | C28: 17 | D28: 5 | E28: 2 | F28: 17 | G28: 0 | H28: 0 | I28: 6 | J28: 3 | K28: 4 | L28: 2 | M28: 49 | N28: 0 | O28: =SUM(C28:L28,N28) -> 56 | P28: =SUM(C28:N28) -> 105 | R28: 0100-0200 | S28: =SUM(C82:C85) -> 4 | T28: =SUM(D82:D85) -> 2 | U28: =SUM(E82:E85) -> 2 | V28: =SUM(F82:F85) -> 1 | W28: =SUM(G82:G85) -> 0 | X28: =SUM(H82:H85) -> 0 | Y28: =SUM(I82:I85) -> 3 | Z28: =SUM(J82:J85) -> 5 | ... AF28: =SUM(P82:P85) -> 38
B29: 11.45 - 12.00 | C29: 23 | D29: 6 | E29: 4 | F29: 12 | G29: 0 | H29: 0 | I29: 5 | J29: 2 | K29: 1 | L29: 4 | M29: 26 | N29: 0 | O29: =SUM(C29:L29,N29) -> 57 | P29: =SUM(C29:N29) -> 83 | R29: 0200-0300 | S29: =SUM(C86:C89) -> 8 | T29: =SUM(D86:D89) -> 0 | U29: =SUM(E86:E89) -> 0 | V29: =SUM(F86:F89) -> 4 | W29: =SUM(G86:G89) -> 0 | X29: =SUM(H86:H89) -> 1 | Y29: =SUM(I86:I89) -> 1 | Z29: =SUM(J86:J89) -> 3 | ... AF29: =SUM(P86:P89) -> 30
B30: 12.00 - 12.15 | C30: 27 | D30: 10 | E30: 3 | F30: 18 | G30: 0 | H30: 0 | I30: 13 | J30: 4 | K30: 3 | L30: 2 | M30: 35 | N30: 0 | O30: =SUM(C30:L30,N30) -> 80 | P30: =SUM(C30:N30) -> 115 | R30: 0300-0400 | S30: =SUM(C90:C93) -> 7 | T30: =SUM(D90:D93) -> 2 | U30: =SUM(E90:E93) -> 1 | V30: =SUM(F90:F93) -> 1 | W30: =SUM(G90:G93) -> 0 | X30: =SUM(H90:H93) -> 0 | Y30: =SUM(I90:I93) -> 3 | Z30: =SUM(J90:J93) -> 8 | ... AF30: =SUM(P90:P93) -> 31
B31: 12.15 - 12.30 | C31: 18 | D31: 7 | E31: 3 | F31: 15 | G31: 0 | H31: 0 | I31: 4 | J31: 4 | K31: 2 | L31: 7 | M31: 41 | N31: 1 | O31: =SUM(C31:L31,N31) -> 61 | P31: =SUM(C31:N31) -> 102 | R31: 0400-0500 | S31: =SUM(C94:C97) -> 5 | T31: =SUM(D94:D97) -> 2 | U31: =SUM(E94:E97) -> 0 | V31: =SUM(F94:F97) -> 6 | W31: =SUM(G94:G97) -> 0 | X31: =SUM(H94:H97) -> 0 | Y31: =SUM(I94:I97) -> 0 | Z31: =SUM(J94:J97) -> 8 | ... AF31: =SUM(P94:P97) -> 42
B32: 12.30 - 12.45 | C32: 13 | D32: 7 | E32: 1 | F32: 17 | G32: 0 | H32: 0 | I32: 2 | J32: 4 | K32: 3 | L32: 4 | M32: 40 | N32: 0 | O32: =SUM(C32:L32,N32) -> 51 | P32: =SUM(C32:N32) -> 91 | R32: 0500-0600 | S32: =SUM(C98:C101) -> 15 | T32: =SUM(D98:D101) -> 7 | U32: =SUM(E98:E101) -> 1 | V32: =SUM(F98:F101) -> 19 | W32: =SUM(G98:G101) -> 1 | X32: =SUM(H98:H101) -> 0 | Y32: =SUM(I98:I101) -> 0 | Z32: =SUM(J98:J101) -> 6 | ... AF32: =SUM(P98:P101) -> 75
B33: 12.45 - 13.00 | C33: 23 | D33: 11 | E33: 6 | F33: 22 | G33: 0 | H33: 0 | I33: 10 | J33: 6 | K33: 4 | L33: 5 | M33: 40 | N33: 0 | O33: =SUM(C33:L33,N33) -> 87 | P33: =SUM(C33:N33) -> 127 | R33: 0600-0700 | S33: =SUM(C102:C105) -> 81 | T33: =SUM(D102:D105) -> 51 | U33: =SUM(E102:E105) -> 30 | V33: =SUM(F102:F105) -> 68 | W33: =SUM(G102:G105) -> 5 | X33: =SUM(H102:H105) -> 0 | Y33: =SUM(I102:I105) -> 7 | Z33: =SUM(J102:J105) -> 18 | ... AF33: =SUM(P102:P105) -> 345
B34: 13.00 - 13.15 | C34: 14 | D34: 3 | E34: 4 | F34: 8 | G34: 0 | H34: 2 | I34: 1 | J34: 5 | K34: 3 | L34: 6 | M34: 19 | N34: 0 | O34: =SUM(C34:L34,N34) -> 46 | P34: =SUM(C34:N34) -> 65 | R34: AM Peak Hr | S34: =MAX(S10:S12) -> 239 | T34: =MAX(T10:T12) -> 48 | U34: =MAX(U10:U12) -> 47 | V34: =MAX(V10:V12) -> 116 | W34: =MAX(W10:W12) -> 7 | X34: =MAX(X10:X12) -> 0 | Y34: =MAX(Y10:Y12) -> 28 | Z34: =MAX(Z10:Z12) -> 17 | ... AF34: =MAX(AF10:AF12) -> 648
B35: 13.15 - 13.30 | C35: 15 | D35: 1 | E35: 1 | F35: 13 | G35: 0 | H35: 0 | I35: 7 | J35: 4 | K35: 2 | L35: 3 | M35: 23 | N35: 0 | O35: =SUM(C35:L35,N35) -> 46 | P35: =SUM(C35:N35) -> 69 | R35: IP Peak Hr | S35: =MAX(S13:S18) -> 87 | T35: =MAX(T13:T18) -> 35 | U35: =MAX(U13:U18) -> 14 | V35: =MAX(V13:V18) -> 72 | W35: =MAX(W13:W18) -> 7 | X35: =MAX(X13:X18) -> 2 | Y35: =MAX(Y13:Y18) -> 29 | Z35: =MAX(Z13:Z18) -> 27 | ... AF35: =MAX(AF13:AF18) -> 435
B36: 13.30 - 13.45 | C36: 15 | D36: 2 | E36: 1 | F36: 15 | G36: 0 | H36: 0 | I36: 8 | J36: 8 | K36: 1 | L36: 3 | M36: 32 | N36: 0 | O36: =SUM(C36:L36,N36) -> 53 | P36: =SUM(C36:N36) -> 85 | R36: PM Peak Hr | S36: =MAX(S19:S21) -> 142 | T36: =MAX(T19:T21) -> 47 | U36: =MAX(U19:U21) -> 21 | V36: =MAX(V19:V21) -> 116 | W36: =MAX(W19:W21) -> 3 | X36: =MAX(X19:X21) -> 3 | Y36: =MAX(Y19:Y21) -> 19 | Z36: =MAX(Z19:Z21) -> 21 | ... AF36: =MAX(AF19:AF21) -> 617
B37: 13.45 - 14.00 | C37: 17 | D37: 3 | E37: 4 | F37: 12 | G37: 0 | H37: 0 | I37: 2 | J37: 10 | K37: 2 | L37: 3 | M37: 38 | N37: 0 | O37: =SUM(C37:L37,N37) -> 53 | P37: =SUM(C37:N37) -> 91 | R37: AM Period | S37: =SUM(S10:S12) -> 556 | T37: =SUM(T10:T12) -> 107 | U37: =SUM(U10:U12) -> 101 | V37: =SUM(V10:V12) -> 313 | W37: =SUM(W10:W12) -> 11 | X37: =SUM(X10:X12) -> 0 | Y37: =SUM(Y10:Y12) -> 61 | Z37: =SUM(Z10:Z12) -> 42 | ... AF37: =SUM(AF10:AF12) -> 1776
B38: 14.00 - 14.15 | C38: 17 | D38: 2 | E38: 3 | F38: 12 | G38: 0 | H38: 0 | I38: 4 | J38: 3 | K38: 0 | L38: 4 | M38: 37 | N38: 1 | O38: =SUM(C38:L38,N38) -> 46 | P38: =SUM(C38:N38) -> 83 | R38: IP Period | S38: =SUM(S13:S18) -> 427 | T38: =SUM(T13:T18) -> 135 | U38: =SUM(U13:U18) -> 71 | V38: =SUM(V13:V18) -> 386 | W38: =SUM(W13:W18) -> 11 | X38: =SUM(X13:X18) -> 3 | Y38: =SUM(Y13:Y18) -> 109 | Z38: =SUM(Z13:Z18) -> 111 | ... AF38: =SUM(AF13:AF18) -> 2283
B39: 14.15 - 14.30 | C39: 19 | D39: 5 | E39: 5 | F39: 14 | G39: 0 | H39: 0 | I39: 10 | J39: 3 | K39: 2 | L39: 5 | M39: 30 | N39: 0 | O39: =SUM(C39:L39,N39) -> 63 | P39: =SUM(C39:N39) -> 93 | R39: PM Period | S39: =SUM(S19:S21) -> 336 | T39: =SUM(T19:T21) -> 100 | U39: =SUM(U19:U21) -> 51 | V39: =SUM(V19:V21) -> 287 | W39: =SUM(W19:W21) -> 5 | X39: =SUM(X19:X21) -> 3 | Y39: =SUM(Y19:Y21) -> 48 | Z39: =SUM(Z19:Z21) -> 50 | ... AF39: =SUM(AF19:AF21) -> 1480
B40: 14.30 - 14.45 | C40: 25 | D40: 4 | E40: 2 | F40: 22 | G40: 0 | H40: 0 | I40: 4 | J40: 4 | K40: 3 | L40: 3 | M40: 31 | N40: 0 | O40: =SUM(C40:L40,N40) -> 67 | P40: =SUM(C40:N40) -> 98 | R40: 12 Hours | S40: =SUM(S10:S21) -> 1319 | T40: =SUM(T10:T21) -> 342 | U40: =SUM(U10:U21) -> 223 | V40: =SUM(V10:V21) -> 986 | W40: =SUM(W10:W21) -> 27 | X40: =SUM(X10:X21) -> 6 | Y40: =SUM(Y10:Y21) -> 218 | Z40: =SUM(Z10:Z21) -> 203 | ... AF40: =SUM(AF10:AF21) -> 5539
B41: 14.45 - 15.00 | C41: 17 | D41: 8 | E41: 2 | F41: 14 | G41: 0 | H41: 0 | I41: 2 | J41: 5 | K41: 2 | L41: 2 | M41: 31 | N41: 1 | O41: =SUM(C41:L41,N41) -> 53 | P41: =SUM(C41:N41) -> 84 | R41: 24 Hrs/ADT | S41: =SUM(S10:S33) -> 1815 | T41: =SUM(T10:T33) -> 536 | U41: =SUM(U10:U33) -> 303 | V41: =SUM(V10:V33) -> 1406 | W41: =SUM(W10:W33) -> 46 | X41: =SUM(X10:X33) -> 11 | Y41: =SUM(Y10:Y33) -> 285 | Z41: =SUM(Z10:Z33) -> 317 | ... AF41: =SUM(AF10:AF33) -> 7764
B42: 15.00 - 15.15 | C42: 12 | D42: 7 | E42: 6 | F42: 15 | G42: 0 | H42: 0 | I42: 2 | J42: 1 | K42: 2 | L42: 5 | M42: 21 | N42: 0 | O42: =SUM(C42:L42,N42) -> 50 | P42: =SUM(C42:N42) -> 71 | R42: NEF | S42: =S41/S40 -> 1.3760425 | T42: =T41/T40 -> 1.5672515 | U42: =U41/U40 -> 1.3587444 | V42: =V41/V40 -> 1.4259635 | W42: =W41/W40 -> 1.7037037 | X42: =X41/X40 -> 1.8333333 | Y42: =Y41/Y40 -> 1.3073394 | Z42: =Z41/Z40 -> 1.5615764 | ... AF42: =AF41/AF40 -> 1.4016971
B43: 15.15 - 15.30 | C43: 12 | D43: 3 | E43: 1 | F43: 21 | G43: 1 | H43: 1 | I43: 4 | J43: 4 | K43: 4 | L43: 9 | M43: 43 | N43: 0 | O43: =SUM(C43:L43,N43) -> 60 | P43: =SUM(C43:N43) -> 103
B44: 15.30 - 15.45 | C44: 14 | D44: 9 | E44: 2 | F44: 20 | G44: 0 | H44: 0 | I44: 4 | J44: 7 | K44: 2 | L44: 4 | M44: 45 | N44: 0 | O44: =SUM(C44:L44,N44) -> 62 | P44: =SUM(C44:N44) -> 107
B45: 15.45 - 16.00 | C45: 9 | D45: 4 | E45: 2 | F45: 11 | G45: 1 | H45: 0 | I45: 2 | J45: 6 | K45: 4 | L45: 6 | M45: 31 | N45: 0 | O45: =SUM(C45:L45,N45) -> 45 | P45: =SUM(C45:N45) -> 76
B46: 16.00 - 16.15 | C46: 19 | D46: 13 | E46: 3 | F46: 25 | G46: 0 | H46: 0 | I46: 0 | J46: 4 | K46: 3 | L46: 5 | M46: 42 | N46: 0 | O46: =SUM(C46:L46,N46) -> 72 | P46: =SUM(C46:N46) -> 114
B47: 16.15 -16.30 | C47: 22 | D47: 8 | E47: 6 | F47: 9 | G47: 0 | H47: 0 | I47: 2 | J47: 2 | K47: 3 | L47: 5 | M47: 16 | N47: 0 | O47: =SUM(C47:L47,N47) -> 57 | P47: =SUM(C47:N47) -> 73
B48: 16.30 -16.45 | C48: 22 | D48: 8 | E48: 6 | F48: 21 | G48: 0 | H48: 0 | I48: 4 | J48: 2 | K48: 2 | L48: 5 | M48: 32 | N48: 0 | O48: =SUM(C48:L48,N48) -> 70 | P48: =SUM(C48:N48) -> 102
B49: 16.45 -17.00 | C49: 15 | D49: 8 | E49: 4 | F49: 12 | G49: 1 | H49: 0 | I49: 7 | J49: 3 | K49: 2 | L49: 4 | M49: 32 | N49: 0 | O49: =SUM(C49:L49,N49) -> 56 | P49: =SUM(C49:N49) -> 88
B50: 17.00 -17.15 | C50: 45 | D50: 11 | E50: 6 | F50: 32 | G50: 0 | H50: 0 | I50: 8 | J50: 9 | K50: 3 | L50: 7 | M50: 51 | N50: 0 | O50: =SUM(C50:L50,N50) -> 121 | P50: =SUM(C50:N50) -> 172
B51: 17.15 -17.30 | C51: 28 | D51: 14 | E51: 5 | F51: 24 | G51: 1 | H51: 0 | I51: 4 | J51: 6 | K51: 2 | L51: 10 | M51: 58 | N51: 0 | O51: =SUM(C51:L51,N51) -> 94 | P51: =SUM(C51:N51) -> 152
B52: 17.30 -17.45 | C52: 35 | D52: 12 | E52: 4 | F52: 28 | G52: 0 | H52: 0 | I52: 2 | J52: 6 | K52: 1 | L52: 6 | M52: 56 | N52: 0 | O52: =SUM(C52:L52,N52) -> 94 | P52: =SUM(C52:N52) -> 150
B53: 17.45 -18.00 | C53: 34 | D53: 10 | E53: 6 | F53: 32 | G53: 0 | H53: 0 | I53: 2 | J53: 0 | K53: 0 | L53: 7 | M53: 52 | N53: 0 | O53: =SUM(C53:L53,N53) -> 91 | P53: =SUM(C53:N53) -> 143
B54: 18.00 - 18.15 | C54: 31 | D54: 3 | E54: 2 | F54: 23 | G54: 0 | H54: 0 | I54: 6 | J54: 5 | K54: 4 | L54: 1 | M54: 32 | N54: 0 | O54: =SUM(C54:L54,N54) -> 75 | P54: =SUM(C54:N54) -> 107
... B105: 06.45 - 07.00 | C105: 32 | D105: 23 | E105: 10 | F105: 25 | G105: 1 | H105: 0 | I105: 2 | J105: 3 | K105: 11 | L105: 4 | M105: 16 | N105: 0 | O105: =SUM(C105:L105,N105) -> 111 | P105: =SUM(C105:N105) -> 127
B106: Totals | C106: =SUM(C10:C105) -> 1815 | D106: =SUM(D10:D105) -> 536 | E106: =SUM(E10:E105) -> 303 | F106: =SUM(F10:F105) -> 1406 | G106: =SUM(G10:G105) -> 46 | H106: =SUM(H10:H105) -> 11 | I106: =SUM(I10:I105) -> 285 | J106: =SUM(J10:J105) -> 317 | ... P106: =SUM(P10:P105) -> 7764
B107: %ges + MCs | C107: =C106/$P$106 -> 0.23377125 | D107: =D106/$P$106 -> 0.069036579 | E107: =E106/$P$106 -> 0.039026275 | F107: =F106/$P$106 -> 0.18109222 | G107: =G106/$P$106 -> 0.005924781 | H107: =H106/$P$106 -> 0.0014167955 | I107: =I106/$P$106 -> 0.036707883 | J107: =J106/$P$106 -> 0.040829469 | ... N107: =N106/$P$106 -> 0.00077279753
B108: %ges w/o MCs | C108: =C106/$O$106 -> 0.34090909 | D108: =D106/$O$106 -> 0.10067618 | E108: =E106/$O$106 -> 0.056912096 | F108: =F106/$O$106 -> 0.26408715 | G108: =G106/$O$106 -> 0.0086401202 | H108: =H106/$O$106 -> 0.0020661157 | I108: =I106/$O$106 -> 0.05353118 | J108: =J106/$O$106 -> 0.059541698 | ... L108: =L106/$O$106 -> 0.069684448 | N108: =N106/$O$106 -> 0.0011269722

Sheet 02.08 Nalya-Bweyogerere
B1: Consultancy services for Preparation of Expressway Development Master Plan (EDMP) for Uganda
B2: MANUAL CLASSIFIED COUNT (MCC)
B3: ROAD NAME: | C3: ='29.07 Nalya-Bweyogerere'!C3:G3 -> MCC - C1 - STN40 - NORTHERN BYPASS
C5: Date | D5: 02.08.19 | F5: Location | G5: ='31.07 Bweyogerere-Nalya'!G5:H5 -> Signs and Symbols | J5: Surveyor | K5: ='31.07 Bweyogerere-Nalya'!K5:L5 -> Acema Vicent/Aseru Sherry/Mejje Mathias Trevor/Martin Anthony
C6: Dir. From | D6: ='29.07 Nalya-Bweyogerere'!D6:E6 -> Naalya | F6: Dir. To | G6: ='29.07 Nalya-Bweyogerere'!G6:H6 -> Bweyogerere | J6: Supervisor | K6: ='31.07 Bweyogerere-Nalya'!K6:L6 -> Steven
B8: Time / Veh Type | R8: SUMMARY TRAFFIC VOLUMES
C9: 1. Car | D9: 2. Station Wagon | E9: 3. Pickups | F9: 4. Minibus, matatu | G9: 5. Medium bus | H9: 6. Large Bus | I9: 7. Light Truck | J9: 8. Medium Truck | K9: 9. Heavy truck | L9: 10. Truck Trailer | M9: 11. Motor cycles | N9: 12. Tractors | O9: Total Excl M/Cycles | P9: Total All | R9: Time | S9: 1. Car | T9: 2. Station Wagon | U9: 3. Pickups | V9: 4. Minibus, matatu | W9: 5. Medium bus | X9: 6. Large Bus | Y9: 7. Light Truck | Z9: 8. Medium Truck | AA9: 9. Heavy truck | AB9: 10. Truck Trailer | AC9: 11. Motorcycles | AD9: 12. Tractors, Graders | AE9: Total Excl M/ Cycles | AF9: Total All
B10: 07.00 - 07.15 | C10: 18 | D10: 6 | E10: 2 | F10: 23 | G10: 0 | H10: 0 | I10: 2 | J10: 3 | K10: 1 | L10: 0 | M10: 11 | N10: 0 | O10: =SUM(C10:L10,N10) -> 55 | P10: =SUM(C10:N10) -> 66 | R10: 0700-0800 | S10: =SUM(C10:C13) -> 106 | T10: =SUM(D10:D13) -> 31 | U10: =SUM(E10:E13) -> 19 | V10: =SUM(F10:F13) -> 116 | W10: =SUM(G10:G13) -> 3 | X10: =SUM(H10:H13) -> 0 | Y10: =SUM(I10:I13) -> 8 | Z10: =SUM(J10:J13) -> 13 | ... AF10: =SUM(P10:P13) -> 421
B11: 07.15 - 07.30 | C11: 21 | D11: 5 | E11: 7 | F11: 29 | G11: 1 | H11: 0 | I11: 0 | J11: 3 | K11: 2 | L11: 0 | M11: 26 | N11: 0 | O11: =SUM(C11:L11,N11) -> 68 | P11: =SUM(C11:N11) -> 94 | R11: 0800-0900 | S11: =SUM(C14:C17) -> 113 | T11: =SUM(D14:D17) -> 46 | U11: =SUM(E14:E17) -> 16 | V11: =SUM(F14:F17) -> 152 | W11: =SUM(G14:G17) -> 3 | X11: =SUM(H14:H17) -> 0 | Y11: =SUM(I14:I17) -> 17 | Z11: =SUM(J14:J17) -> 14 | ... AF11: =SUM(P14:P17) -> 540
B12: 07.30 - 07.45 | C12: 27 | D12: 12 | E12: 7 | F12: 20 | G12: 1 | H12: 0 | I12: 2 | J12: 2 | K12: 2 | L12: 2 | M12: 42 | N12: 0 | O12: =SUM(C12:L12,N12) -> 75 | P12: =SUM(C12:N12) -> 117 | R12: 0900-1000 | S12: =SUM(C18:C21) -> 76 | T12: =SUM(D18:D21) -> 40 | U12: =SUM(E18:E21) -> 19 | V12: =SUM(F18:F21) -> 105 | W12: =SUM(G18:G21) -> 4 | X12: =SUM(H18:H21) -> 0 | Y12: =SUM(I18:I21) -> 18 | Z12: =SUM(J18:J21) -> 13 | ... AF12: =SUM(P18:P21) -> 490
B13: 07.45 - 08.00 | C13: 40 | D13: 8 | E13: 3 | F13: 44 | G13: 1 | H13: 0 | I13: 4 | J13: 5 | K13: 5 | L13: 2 | M13: 32 | N13: 0 | O13: =SUM(C13:L13,N13) -> 112 | P13: =SUM(C13:N13) -> 144 | R13: 1000-1100 | S13: =SUM(C22:C25) -> 80 | T13: =SUM(D22:D25) -> 30 | U13: =SUM(E22:E25) -> 17 | V13: =SUM(F22:F25) -> 76 | W13: =SUM(G22:G25) -> 6 | X13: =SUM(H22:H25) -> 0 | Y13: =SUM(I22:I25) -> 11 | Z13: =SUM(J22:J25) -> 14 | ... AF13: =SUM(P22:P25) -> 366
B14: 08.00 - 08.15 | C14: 25 | D14: 11 | E14: 3 | F14: 34 | G14: 2 | H14: 0 | I14: 3 | J14: 1 | K14: 1 | L14: 3 | M14: 30 | N14: 0 | O14: =SUM(C14:L14,N14) -> 83 | P14: =SUM(C14:N14) -> 113 | R14: 1100-1200 | S14: =SUM(C26:C29) -> 63 | T14: =SUM(D26:D29) -> 24 | U14: =SUM(E26:E29) -> 8 | V14: =SUM(F26:F29) -> 99 | W14: =SUM(G26:G29) -> 1 | X14: =SUM(H26:H29) -> 1 | Y14: =SUM(I26:I29) -> 11 | Z14: =SUM(J26:J29) -> 14 | ... AF14: =SUM(P26:P29) -> 414
B15: 08.15 - 08.30 | C15: 32 | D15: 14 | E15: 3 | F15: 49 | G15: 1 | H15: 0 | I15: 7 | J15: 6 | K15: 6 | L15: 5 | M15: 34 | N15: 0 | O15: =SUM(C15:L15,N15) -> 123 | P15: =SUM(C15:N15) -> 157 | R15: 1200-1300 | S15: =SUM(C30:C33) -> 62 | T15: =SUM(D30:D33) -> 31 | U15: =SUM(E30:E33) -> 7 | V15: =SUM(F30:F33) -> 68 | W15: =SUM(G30:G33) -> 0 | X15: =SUM(H30:H33) -> 0 | Y15: =SUM(I30:I33) -> 11 | Z15: =SUM(J30:J33) -> 10 | ... AF15: =SUM(P30:P33) -> 400
B16: 08.30 - 08.45 | C16: 30 | D16: 14 | E16: 6 | F16: 38 | G16: 0 | H16: 0 | I16: 4 | J16: 3 | K16: 4 | L16: 3 | M16: 46 | N16: 0 | O16: =SUM(C16:L16,N16) -> 102 | P16: =SUM(C16:N16) -> 148 | R16: 1300-1400 | S16: =SUM(C34:C37) -> 71 | T16: =SUM(D34:D37) -> 34 | U16: =SUM(E34:E37) -> 15 | V16: =SUM(F34:F37) -> 90 | W16: =SUM(G34:G37) -> 2 | X16: =SUM(H34:H37) -> 0 | Y16: =SUM(I34:I37) -> 30 | Z16: =SUM(J34:J37) -> 7 | ... AF16: =SUM(P34:P37) -> 384
B17: 08.45 - 9.00 | C17: 26 | D17: 7 | E17: 4 | F17: 31 | G17: 0 | H17: 0 | I17: 3 | J17: 4 | K17: 5 | L17: 3 | M17: 39 | N17: 0 | O17: =SUM(C17:L17,N17) -> 83 | P17: =SUM(C17:N17) -> 122 | R17: 1400-1500 | S17: =SUM(C38:C41) -> 48 | T17: =SUM(D38:D41) -> 18 | U17: =SUM(E38:E41) -> 8 | V17: =SUM(F38:F41) -> 64 | W17: =SUM(G38:G41) -> 1 | X17: =SUM(H38:H41) -> 2 | Y17: =SUM(I38:I41) -> 16 | Z17: =SUM(J38:J41) -> 10 | ... AF17: =SUM(P38:P41) -> 309
B18: 09.00 - 09.15 | C18: 17 | D18: 4 | E18: 4 | F18: 33 | G18: 0 | H18: 0 | I18: 6 | J18: 2 | K18: 2 | L18: 1 | M18: 48 | N18: 0 | O18: =SUM(C18:L18,N18) -> 69 | P18: =SUM(C18:N18) -> 117 | R18: 1500-1600 | S18: =SUM(C42:C45) -> 76 | T18: =SUM(D42:D45) -> 25 | U18: =SUM(E42:E45) -> 12 | V18: =SUM(F42:F45) -> 93 | W18: =SUM(G42:G45) -> 2 | X18: =SUM(H42:H45) -> 1 | Y18: =SUM(I42:I45) -> 18 | Z18: =SUM(J42:J45) -> 22 | ... AF18: =SUM(P42:P45) -> 421
B19: 09.15 - 09.30 | C19: 19 | D19: 7 | E19: 6 | F19: 31 | G19: 0 | H19: 0 | I19: 6 | J19: 7 | K19: 5 | L19: 2 | M19: 51 | N19: 0 | O19: =SUM(C19:L19,N19) -> 83 | P19: =SUM(C19:N19) -> 134 | R19: 1600-1700 | S19: =SUM(C46:C49) -> 113 | T19: =SUM(D46:D49) -> 55 | U19: =SUM(E46:E49) -> 25 | V19: =SUM(F46:F49) -> 75 | W19: =SUM(G46:G49) -> 2 | X19: =SUM(H46:H49) -> 0 | Y19: =SUM(I46:I49) -> 18 | Z19: =SUM(J46:J49) -> 16 | ... AF19: =SUM(P46:P49) -> 434
B20: 09.30 - 09.45 | C20: 22 | D20: 14 | E20: 3 | F20: 22 | G20: 1 | H20: 0 | I20: 5 | J20: 2 | K20: 5 | L20: 3 | M20: 46 | N20: 0 | O20: =SUM(C20:L20,N20) -> 77 | P20: =SUM(C20:N20) -> 123 | R20: 1700-1800 | S20: =SUM(C50:C53) -> 95 | T20: =SUM(D50:D53) -> 33 | U20: =SUM(E50:E53) -> 30 | V20: =SUM(F50:F53) -> 130 | W20: =SUM(G50:G53) -> 4 | X20: =SUM(H50:H53) -> 1 | Y20: =SUM(I50:I53) -> 30 | Z20: =SUM(J50:J53) -> 17 | ... AF20: =SUM(P50:P53) -> 536
B21: 09.45 - 10.00 | C21: 18 | D21: 15 | E21: 6 | F21: 19 | G21: 3 | H21: 0 | I21: 1 | J21: 2 | K21: 3 | L21: 4 | M21: 45 | N21: 0 | O21: =SUM(C21:L21,N21) -> 71 | P21: =SUM(C21:N21) -> 116 | R21: 1800-1900 | S21: =SUM(C54:C57) -> 148 | T21: =SUM(D54:D57) -> 82 | U21: =SUM(E54:E57) -> 43 | V21: =SUM(F54:F57) -> 139 | W21: =SUM(G54:G57) -> 3 | X21: =SUM(H54:H57) -> 0 | Y21: =SUM(I54:I57) -> 47 | Z21: =SUM(J54:J57) -> 31 | ... AF21: =SUM(P54:P57) -> 723
B22: 10.00 - 10.15 | C22: 24 | D22: 12 | E22: 6 | F22: 17 | G22: 1 | H22: 0 | I22: 3 | J22: 5 | K22: 3 | L22: 2 | M22: 34 | N22: 0 | O22: =SUM(C22:L22,N22) -> 73 | P22: =SUM(C22:N22) -> 107 | R22: AM Peak Hr | S22: =MAX(S10:S12) -> 113 | T22: =MAX(T10:T12) -> 46 | U22: =MAX(U10:U12) -> 19 | V22: =MAX(V10:V12) -> 152 | W22: =MAX(W10:W12) -> 4 | X22: =MAX(X10:X12) -> 0 | Y22: =MAX(Y10:Y12) -> 18 | Z22: =MAX(Z10:Z12) -> 14 | ... AF22: =MAX(AF10:AF12) -> 540
B23: 10.15 - 10.30 | C23: 17 | D23: 9 | E23: 4 | F23: 24 | G23: 3 | H23: 0 | I23: 5 | J23: 3 | K23: 3 | L23: 1 | M23: 29 | N23: 0 | O23: =SUM(C23:L23,N23) -> 69 | P23: =SUM(C23:N23) -> 98 | R23: IP Peak Hr | S23: =MAX(S13:S18) -> 80 | T23: =MAX(T13:T18) -> 34 | U23: =MAX(U13:U18) -> 17 | V23: =MAX(V13:V18) -> 99 | W23: =MAX(W13:W18) -> 6 | X23: =MAX(X13:X18) -> 2 | Y23: =MAX(Y13:Y18) -> 30 | Z23: =MAX(Z13:Z18) -> 22 | ... AF23: =MAX(AF13:AF18) -> 421
B24: 10.30 - 10.45 | C24: 14 | D24: 2 | E24: 2 | F24: 15 | G24: 2 | H24: 0 | I24: 3 | J24: 4 | K24: 5 | L24: 2 | M24: 16 | N24: 0 | O24: =SUM(C24:L24,N24) -> 49 | P24: =SUM(C24:N24) -> 65 | R24: PM Peak Hr | S24: =MAX(S19:S21) -> 148 | T24: =MAX(T19:T21) -> 82 | U24: =MAX(U19:U21) -> 43 | V24: =MAX(V19:V21) -> 139 | W24: =MAX(W19:W21) -> 4 | X24: =MAX(X19:X21) -> 1 | Y24: =MAX(Y19:Y21) -> 47 | Z24: =MAX(Z19:Z21) -> 31 | ... AF24: =MAX(AF19:AF21) -> 723
B25: 10.45 - 11.00 | C25: 25 | D25: 7 | E25: 5 | F25: 20 | G25: 0 | H25: 0 | I25: 0 | J25: 2 | K25: 2 | L25: 2 | M25: 33 | N25: 0 | O25: =SUM(C25:L25,N25) -> 63 | P25: =SUM(C25:N25) -> 96 | R25: AM Period | S25: =SUM(S10:S12) -> 295 | T25: =SUM(T10:T12) -> 117 | U25: =SUM(U10:U12) -> 54 | V25: =SUM(V10:V12) -> 373 | W25: =SUM(W10:W12) -> 10 | X25: =SUM(X10:X12) -> 0 | Y25: =SUM(Y10:Y12) -> 43 | Z25: =SUM(Z10:Z12) -> 40 | ... AF25: =SUM(AF10:AF12) -> 1451
B26: 11.00 - 11.15 | C26: 21 | D26: 4 | E26: 1 | F26: 27 | G26: 0 | H26: 0 | I26: 4 | J26: 3 | K26: 5 | L26: 2 | M26: 47 | N26: 0 | O26: =SUM(C26:L26,N26) -> 67 | P26: =SUM(C26:N26) -> 114 | R26: IP Period | S26: =SUM(S13:S18) -> 400 | T26: =SUM(T13:T18) -> 162 | U26: =SUM(U13:U18) -> 67 | V26: =SUM(V13:V18) -> 490 | W26: =SUM(W13:W18) -> 12 | X26: =SUM(X13:X18) -> 4 | Y26: =SUM(Y13:Y18) -> 97 | Z26: =SUM(Z13:Z18) -> 77 | ... AF26: =SUM(AF13:AF18) -> 2294
B27: 11.15 - 11.30 | C27: 12 | D27: 9 | E27: 3 | F27: 29 | G27: 0 | H27: 0 | I27: 4 | J27: 5 | K27: 4 | L27: 2 | M27: 38 | N27: 0 | O27: =SUM(C27:L27,N27) -> 68 | P27: =SUM(C27:N27) -> 106 | R27: PM Period | S27: =SUM(S19:S21) -> 356 | T27: =SUM(T19:T21) -> 170 | U27: =SUM(U19:U21) -> 98 | V27: =SUM(V19:V21) -> 344 | W27: =SUM(W19:W21) -> 9 | X27: =SUM(X19:X21) -> 1 | Y27: =SUM(Y19:Y21) -> 95 | Z27: =SUM(Z19:Z21) -> 64 | ... AF27: =SUM(AF19:AF21) -> 1693
B28: 11.30 - 11.45 | C28: 19 | D28: 6 | E28: 2 | F28: 27 | G28: 1 | H28: 1 | I28: 2 | J28: 3 | K28: 5 | L28: 9 | M28: 40 | N28: 0 | O28: =SUM(C28:L28,N28) -> 75 | P28: =SUM(C28:N28) -> 115 | R28: 12 Hours | S28: =SUM(S10:S21) -> 1051 | T28: =SUM(T10:T21) -> 449 | U28: =SUM(U10:U21) -> 219 | V28: =SUM(V10:V21) -> 1207 | W28: =SUM(W10:W21) -> 31 | X28: =SUM(X10:X21) -> 5 | Y28: =SUM(Y10:Y21) -> 235 | Z28: =SUM(Z10:Z21) -> 181 | ... AF28: =SUM(AF10:AF21) -> 5438
B29: 11.45 - 12.00 | C29: 11 | D29: 5 | E29: 2 | F29: 16 | G29: 0 | H29: 0 | I29: 1 | J29: 3 | K29: 4 | L29: 3 | M29: 34 | N29: 0 | O29: =SUM(C29:L29,N29) -> 45 | P29: =SUM(C29:N29) -> 79
B30: 12.00 - 12.15 | C30: 17 | D30: 19 | E30: 0 | F30: 20 | G30: 0 | H30: 0 | I30: 3 | J30: 3 | K30: 8 | L30: 3 | M30: 58 | N30: 0 | O30: =SUM(C30:L30,N30) -> 73 | P30: =SUM(C30:N30) -> 131
B31: 12.15 - 12.30 | C31: 19 | D31: 2 | E31: 1 | F31: 13 | G31: 0 | H31: 0 | I31: 2 | J31: 2 | K31: 2 | L31: 3 | M31: 40 | N31: 0 | O31: =SUM(C31:L31,N31) -> 44 | P31: =SUM(C31:N31) -> 84
B32: 12.30 - 12.45 | C32: 11 | D32: 6 | E32: 1 | F32: 16 | G32: 0 | H32: 0 | I32: 1 | J32: 3 | K32: 3 | L32: 10 | M32: 43 | N32: 0 | O32: =SUM(C32:L32,N32) -> 51 | P32: =SUM(C32:N32) -> 94
B33: 12.45 - 13.00 | C33: 15 | D33: 4 | E33: 5 | F33: 19 | G33: 0 | H33: 0 | I33: 5 | J33: 2 | K33: 5 | L33: 8 | M33: 28 | N33: 0 | O33: =SUM(C33:L33,N33) -> 63 | P33: =SUM(C33:N33) -> 91
B34: 13.00 - 13.15 | C34: 15 | D34: 9 | E34: 3 | F34: 19 | G34: 0 | H34: 0 | I34: 10 | J34: 1 | K34: 4 | L34: 5 | M34: 35 | N34: 0 | O34: =SUM(C34:L34,N34) -> 66 | P34: =SUM(C34:N34) -> 101
B35: 13.15 - 13.30 | C35: 21 | D35: 6 | E35: 2 | F35: 24 | G35: 0 | H35: 0 | I35: 8 | J35: 3 | K35: 2 | L35: 3 | M35: 28 | N35: 0 | O35: =SUM(C35:L35,N35) -> 69 | P35: =SUM(C35:N35) -> 97
B36: 13.30 - 13.45 | C36: 19 | D36: 8 | E36: 3 | F36: 26 | G36: 1 | H36: 0 | I36: 7 | J36: 1 | K36: 1 | L36: 3 | M36: 28 | N36: 0 | O36: =SUM(C36:L36,N36) -> 69 | P36: =SUM(C36:N36) -> 97
B37: 13.45 - 14.00 | C37: 16 | D37: 11 | E37: 7 | F37: 21 | G37: 1 | H37: 0 | I37: 5 | J37: 2 | K37: 1 | L37: 3 | M37: 22 | N37: 0 | O37: =SUM(C37:L37,N37) -> 67 | P37: =SUM(C37:N37) -> 89
B38: 14.00 - 14.15 | C38: 17 | D38: 7 | E38: 3 | F38: 13 | G38: 1 | H38: 1 | I38: 6 | J38: 1 | K38: 1 | L38: 11 | M38: 32 | N38: 0 | O38: =SUM(C38:L38,N38) -> 61 | P38: =SUM(C38:N38) -> 93
B39: 14.15 - 14.30 | C39: 10 | D39: 6 | E39: 1 | F39: 25 | G39: 0 | H39: 1 | I39: 5 | J39: 3 | K39: 3 | L39: 3 | M39: 34 | N39: 0 | O39: =SUM(C39:L39,N39) -> 57 | P39: =SUM(C39:N39) -> 91
B40: 14.30 - 14.45 | C40: 12 | D40: 3 | E40: 3 | F40: 18 | G40: 0 | H40: 0 | I40: 3 | J40: 4 | K40: 1 | L40: 7 | M40: 24 | N40: 0 | O40: =SUM(C40:L40,N40) -> 51 | P40: =SUM(C40:N40) -> 75
... B57: 18.45 - 19.00 | C57: 35 | D57: 24 | E57: 8 | F57: 40 | G57: 0 | H57: 0 | I57: 18 | J57: 13 | K57: 8 | L57: 13 | M57: 37 | N57: 0 | O57: =SUM(C57:L57,N57) -> 159 | P57: =SUM(C57:N57) -> 196
B58: Totals | C58: =SUM(C10:C57) -> 1051 | D58: =SUM(D10:D57) -> 449 | E58: =SUM(E10:E57) -> 219 | F58: =SUM(F10:F57) -> 1207 | G58: =SUM(G10:G57) -> 31 | H58: =SUM(H10:H57) -> 5 | I58: =SUM(I10:I57) -> 235 | J58: =SUM(J10:J57) -> 181 | ... P58: =SUM(P10:P57) -> 5438
B59: %ges + MCs | C59: =C58/$P$58 -> 0.19326958 | D59: =D58/$P$58 -> 0.08256712 | E59: =E58/$P$58 -> 0.040272159 | F59: =F58/$P$58 -> 0.2219566 | G59: =G58/$P$58 -> 0.0057006252 | H59: =H58/$P$58 -> 0.00091945568 | I59: =I58/$P$58 -> 0.043214417 | J59: =J58/$P$58 -> 0.033284296 | ... N59: =N58/$P$58 -> 0.00018389114
B60: %ges w/o MCs | C60: =C58/$O$58 -> 0.27892781 | D60: =D58/$O$58 -> 0.11916136 | E60: =E58/$O$58 -> 0.058121019 | F60: =F58/$O$58 -> 0.32032909 | G60: =G58/$O$58 -> 0.0082271762 | H60: =H58/$O$58 -> 0.0013269639 | I60: =I58/$O$58 -> 0.062367304 | J60: =J58/$O$58 -> 0.048036093 | ... L60: =L58/$O$58 -> 0.055467091 | N60: =N58/$O$58 -> 0.00026539278

Sheet 02.08 Bweyogerere-Nalya
B1: Consultancy services for Preparation of Expressway Development Master Plan (EDMP) for Uganda
B2: MANUAL CLASSIFIED COUNT (MCC)
B3: ROAD NAME: | C3: ='29.07 Bweyogerere-Nalya'!C3:G3 -> MCC - C1 - STN40 - NORTHERN BYPASS
C5: Date | D5: ='02.08 Nalya-Bweyogerere'!D5 -> 02.08.19 | F5: Location | G5: ='02.08 Nalya-Bweyogerere'!G5:H5 -> Signs and Symbols | J5: Surveyor | K5: ='02.08 Nalya-Bweyogerere'!K5:L5 -> Acema Vicent/Aseru Sherry/Mejje Mathias Trevor/Martin Anthony
C6: Dir. From | D6: ='29.07 Bweyogerere-Nalya'!D6:E6 -> Bweyogerere | F6: Dir. To | G6: ='29.07 Bweyogerere-Nalya'!G6:H6 -> Nalya | J6: Supervisor | K6: ='02.08 Nalya-Bweyogerere'!K6:L6 -> Steven
B8: Time / Veh Type | R8: SUMMARY TRAFFIC VOLUMES
C9: 1. Car | D9: 2. Station Wagon | E9: 3. Pickups | F9: 4. Minibus, matatu | G9: 5. Medium bus | H9: 6. Large Bus | I9: 7. Light Truck | J9: 8. Medium Truck | K9: 9. Heavy truck | L9: 10. Truck Trailer | M9: 11. Motor cycles | N9: 12. Tractors | O9: Total Excl M/Cycles | P9: Total All | R9: Time | S9: 1. Car | T9: 2. Station Wagon | U9: 3. Pickups | V9: 4. Minibus, matatu | W9: 5. Medium bus | X9: 6. Large Bus | Y9: 7. Light Truck | Z9: 8. Medium Truck | AA9: 9. Heavy truck | AB9: 10. Truck Trailer | AC9: 11. Motorcycles | AD9: 12. Tractors, Graders | AE9: Total Excl M/ Cycles | AF9: Total All
B10: 07.00 - 07.15 | C10: 50 | D10: 8 | E10: 9 | F10: 35 | G10: 0 | H10: 0 | I10: 6 | J10: 4 | K10: 2 | L10: 1 | M10: 37 | N10: 0 | O10: =SUM(C10:L10,N10) -> 115 | P10: =SUM(C10:N10) -> 152 | R10: 0700-0800 | S10: =SUM(C10:C13) -> 228 | T10: =SUM(D10:D13) -> 29 | U10: =SUM(E10:E13) -> 34 | V10: =SUM(F10:F13) -> 120 | W10: =SUM(G10:G13) -> 2 | X10: =SUM(H10:H13) -> 0 | Y10: =SUM(I10:I13) -> 14 | Z10: =SUM(J10:J13) -> 17 | ... AF10: =SUM(P10:P13) -> 630
B11: 07.15 - 07.30 | C11: 55 | D11: 10 | E11: 11 | F11: 24 | G11: 1 | H11: 0 | I11: 1 | J11: 6 | K11: 1 | L11: 3 | M11: 31 | N11: 0 | O11: =SUM(C11:L11,N11) -> 112 | P11: =SUM(C11:N11) -> 143 | R11: 0800-0900 | S11: =SUM(C14:C17) -> 130 | T11: =SUM(D14:D17) -> 42 | U11: =SUM(E14:E17) -> 29 | V11: =SUM(F14:F17) -> 109 | W11: =SUM(G14:G17) -> 1 | X11: =SUM(H14:H17) -> 1 | Y11: =SUM(I14:I17) -> 19 | Z11: =SUM(J14:J17) -> 13 | ... AF11: =SUM(P14:P17) -> 567
B12: 07.30 - 07.45 | C12: 61 | D12: 7 | E12: 8 | F12: 28 | G12: 0 | H12: 0 | I12: 6 | J12: 1 | K12: 7 | L12: 6 | M12: 43 | N12: 0 | O12: =SUM(C12:L12,N12) -> 124 | P12: =SUM(C12:N12) -> 167 | R12: 0900-1000 | S12: =SUM(C18:C21) -> 102 | T12: =SUM(D18:D21) -> 60 | U12: =SUM(E18:E21) -> 27 | V12: =SUM(F18:F21) -> 97 | W12: =SUM(G18:G21) -> 3 | X12: =SUM(H18:H21) -> 0 | Y12: =SUM(I18:I21) -> 10 | Z12: =SUM(J18:J21) -> 13 | ... AF12: =SUM(P18:P21) -> 518
B13: 07.45 - 08.00 | C13: 62 | D13: 4 | E13: 6 | F13: 33 | G13: 1 | H13: 0 | I13: 1 | J13: 6 | K13: 3 | L13: 8 | M13: 44 | N13: 0 | O13: =SUM(C13:L13,N13) -> 124 | P13: =SUM(C13:N13) -> 168 | R13: 1000-1100 | S13: =SUM(C22:C25) -> 106 | T13: =SUM(D22:D25) -> 38 | U13: =SUM(E22:E25) -> 17 | V13: =SUM(F22:F25) -> 96 | W13: =SUM(G22:G25) -> 5 | X13: =SUM(H22:H25) -> 1 | Y13: =SUM(I22:I25) -> 16 | Z13: =SUM(J22:J25) -> 14 | ... AF13: =SUM(P22:P25) -> 438
B14: 08.00 - 08.15 | C14: 36 | D14: 13 | E14: 5 | F14: 28 | G14: 0 | H14: 1 | I14: 6 | J14: 2 | K14: 6 | L14: 6 | M14: 47 | N14: 0 | O14: =SUM(C14:L14,N14) -> 103 | P14: =SUM(C14:N14) -> 150 | R14: 1100-1200 | S14: =SUM(C26:C29) -> 111 | T14: =SUM(D26:D29) -> 32 | U14: =SUM(E26:E29) -> 19 | V14: =SUM(F26:F29) -> 78 | W14: =SUM(G26:G29) -> 1 | X14: =SUM(H26:H29) -> 1 | Y14: =SUM(I26:I29) -> 30 | Z14: =SUM(J26:J29) -> 20 | ... AF14: =SUM(P26:P29) -> 464
B15: 08.15 - 08.30 | C15: 35 | D15: 10 | E15: 8 | F15: 24 | G15: 0 | H15: 0 | I15: 5 | J15: 5 | K15: 1 | L15: 2 | M15: 50 | N15: 0 | O15: =SUM(C15:L15,N15) -> 90 | P15: =SUM(C15:N15) -> 140 | R15: 1200-1300 | S15: =SUM(C30:C33) -> 71 | T15: =SUM(D30:D33) -> 30 | U15: =SUM(E30:E33) -> 14 | V15: =SUM(F30:F33) -> 77 | W15: =SUM(G30:G33) -> 4 | X15: =SUM(H30:H33) -> 0 | Y15: =SUM(I30:I33) -> 19 | Z15: =SUM(J30:J33) -> 17 | ... AF15: =SUM(P30:P33) -> 420
B16: 08.30 - 08.45 | C16: 36 | D16: 10 | E16: 12 | F16: 31 | G16: 0 | H16: 0 | I16: 5 | J16: 3 | K16: 4 | L16: 3 | M16: 46 | N16: 0 | O16: =SUM(C16:L16,N16) -> 104 | P16: =SUM(C16:N16) -> 150 | R16: 1300-1400 | S16: =SUM(C34:C37) -> 62 | T16: =SUM(D34:D37) -> 26 | U16: =SUM(E34:E37) -> 12 | V16: =SUM(F34:F37) -> 69 | W16: =SUM(G34:G37) -> 0 | X16: =SUM(H34:H37) -> 0 | Y16: =SUM(I34:I37) -> 21 | Z16: =SUM(J34:J37) -> 16 | ... AF16: =SUM(P34:P37) -> 357
B17: 08.45 - 9.00 | C17: 23 | D17: 9 | E17: 4 | F17: 26 | G17: 1 | H17: 0 | I17: 3 | J17: 3 | K17: 0 | L17: 4 | M17: 54 | N17: 0 | O17: =SUM(C17:L17,N17) -> 73 | P17: =SUM(C17:N17) -> 127 | R17: 1400-1500 | S17: =SUM(C38:C41) -> 59 | T17: =SUM(D38:D41) -> 19 | U17: =SUM(E38:E41) -> 12 | V17: =SUM(F38:F41) -> 62 | W17: =SUM(G38:G41) -> 0 | X17: =SUM(H38:H41) -> 0 | Y17: =SUM(I38:I41) -> 16 | Z17: =SUM(J38:J41) -> 21 | ... AF17: =SUM(P38:P41) -> 310
B18: 09.00 - 09.15 | C18: 36 | D18: 15 | E18: 6 | F18: 34 | G18: 0 | H18: 0 | I18: 2 | J18: 1 | K18: 4 | L18: 5 | M18: 33 | N18: 0 | O18: =SUM(C18:L18,N18) -> 103 | P18: =SUM(C18:N18) -> 136 | R18: 1500-1600 | S18: =SUM(C42:C45) -> 65 | T18: =SUM(D42:D45) -> 25 | U18: =SUM(E42:E45) -> 15 | V18: =SUM(F42:F45) -> 64 | W18: =SUM(G42:G45) -> 1 | X18: =SUM(H42:H45) -> 0 | Y18: =SUM(I42:I45) -> 20 | Z18: =SUM(J42:J45) -> 14 | ... AF18: =SUM(P42:P45) -> 342
B19: 09.15 - 09.30 | C19: 19 | D19: 20 | E19: 7 | F19: 24 | G19: 2 | H19: 0 | I19: 4 | J19: 4 | K19: 5 | L19: 9 | M19: 27 | N19: 0 | O19: =SUM(C19:L19,N19) -> 94 | P19: =SUM(C19:N19) -> 121 | R19: 1600-1700 | S19: =SUM(C46:C49) -> 80 | T19: =SUM(D46:D49) -> 38 | U19: =SUM(E46:E49) -> 13 | V19: =SUM(F46:F49) -> 75 | W19: =SUM(G46:G49) -> 2 | X19: =SUM(H46:H49) -> 0 | Y19: =SUM(I46:I49) -> 14 | Z19: =SUM(J46:J49) -> 22 | ... AF19: =SUM(P46:P49) -> 384
B20: 09.30 - 09.45 | C20: 32 | D20: 14 | E20: 10 | F20: 29 | G20: 1 | H20: 0 | I20: 2 | J20: 7 | K20: 5 | L20: 6 | M20: 61 | N20: 1 | O20: =SUM(C20:L20,N20) -> 107 | P20: =SUM(C20:N20) -> 168 | R20: 1700-1800 | S20: =SUM(C50:C53) -> 130 | T20: =SUM(D50:D53) -> 21 | U20: =SUM(E50:E53) -> 26 | V20: =SUM(F50:F53) -> 80 | W20: =SUM(G50:G53) -> 1 | X20: =SUM(H50:H53) -> 0 | Y20: =SUM(I50:I53) -> 15 | Z20: =SUM(J50:J53) -> 18 | ... AF20: =SUM(P50:P53) -> 478
B21: 09.45 - 10.00 | C21: 15 | D21: 11 | E21: 4 | F21: 10 | G21: 0 | H21: 0 | I21: 2 | J21: 1 | K21: 4 | L21: 0 | M21: 46 | N21: 0 | O21: =SUM(C21:L21,N21) -> 47 | P21: =SUM(C21:N21) -> 93 | R21: 1800-1900 | S21: =SUM(C54:C57) -> 154 | T21: =SUM(D54:D57) -> 62 | U21: =SUM(E54:E57) -> 31 | V21: =SUM(F54:F57) -> 135 | W21: =SUM(G54:G57) -> 8 | X21: =SUM(H54:H57) -> 1 | Y21: =SUM(I54:I57) -> 19 | Z21: =SUM(J54:J57) -> 19 | ... AF21: =SUM(P54:P57) -> 660
B22: 10.00 - 10.15 | C22: 23 | D22: 7 | E22: 5 | F22: 30 | G22: 2 | H22: 0 | I22: 6 | J22: 4 | K22: 2 | L22: 2 | M22: 34 | N22: 0 | O22: =SUM(C22:L22,N22) -> 81 | P22: =SUM(C22:N22) -> 115 | R22: AM Peak Hr | S22: =MAX(S10:S12) -> 228 | T22: =MAX(T10:T12) -> 60 | U22: =MAX(U10:U12) -> 34 | V22: =MAX(V10:V12) -> 120 | W22: =MAX(W10:W12) -> 3 | X22: =MAX(X10:X12) -> 1 | Y22: =MAX(Y10:Y12) -> 19 | Z22: =MAX(Z10:Z12) -> 17 | ... AF22: =MAX(AF10:AF12) -> 630
B23: 10.15 - 10.30 | C23: 31 | D23: 13 | E23: 4 | F23: 33 | G23: 0 | H23: 0 | I23: 6 | J23: 7 | K23: 3 | L23: 2 | M23: 38 | N23: 0 | O23: =SUM(C23:L23,N23) -> 99 | P23: =SUM(C23:N23) -> 137 | R23: IP Peak Hr | S23: =MAX(S13:S18) -> 111 | T23: =MAX(T13:T18) -> 38 | U23: =MAX(U13:U18) -> 19 | V23: =MAX(V13:V18) -> 96 | W23: =MAX(W13:W18) -> 5 | X23: =MAX(X13:X18) -> 1 | Y23: =MAX(Y13:Y18) -> 30 | Z23: =MAX(Z13:Z18) -> 21 | ... AF23: =MAX(AF13:AF18) -> 464
B24: 10.30 - 10.45 | C24: 27 | D24: 7 | E24: 6 | F24: 22 | G24: 2 | H24: 0 | I24: 3 | J24: 2 | K24: 5 | L24: 2 | M24: 23 | N24: 0 | O24: =SUM(C24:L24,N24) -> 76 | P24: =SUM(C24:N24) -> 99 | R24: PM Peak Hr | S24: =MAX(S19:S21) -> 154 | T24: =MAX(T19:T21) -> 62 | U24: =MAX(U19:U21) -> 31 | V24: =MAX(V19:V21) -> 135 | W24: =MAX(W19:W21) -> 8 | X24: =MAX(X19:X21) -> 1 | Y24: =MAX(Y19:Y21) -> 19 | Z24: =MAX(Z19:Z21) -> 22 | ... AF24: =MAX(AF19:AF21) -> 660
B25: 10.45 - 11.00 | C25: 25 | D25: 11 | E25: 2 | F25: 11 | G25: 1 | H25: 1 | I25: 1 | J25: 1 | K25: 2 | L25: 4 | M25: 28 | N25: 0 | O25: =SUM(C25:L25,N25) -> 59 | P25: =SUM(C25:N25) -> 87 | R25: AM Period | S25: =SUM(S10:S12) -> 460 | T25: =SUM(T10:T12) -> 131 | U25: =SUM(U10:U12) -> 90 | V25: =SUM(V10:V12) -> 326 | W25: =SUM(W10:W12) -> 6 | X25: =SUM(X10:X12) -> 1 | Y25: =SUM(Y10:Y12) -> 43 | Z25: =SUM(Z10:Z12) -> 43 | ... AF25: =SUM(AF10:AF12) -> 1715
B26: 11.00 - 11.15 | C26: 36 | D26: 15 | E26: 5 | F26: 25 | G26: 0 | H26: 1 | I26: 6 | J26: 9 | K26: 4 | L26: 1 | M26: 48 | N26: 0 | O26: =SUM(C26:L26,N26) -> 102 | P26: =SUM(C26:N26) -> 150 | R26: IP Period | S26: =SUM(S13:S18) -> 474 | T26: =SUM(T13:T18) -> 170 | U26: =SUM(U13:U18) -> 89 | V26: =SUM(V13:V18) -> 446 | W26: =SUM(W13:W18) -> 11 | X26: =SUM(X13:X18) -> 2 | Y26: =SUM(Y13:Y18) -> 122 | Z26: =SUM(Z13:Z18) -> 102 | ... AF26: =SUM(AF13:AF18) -> 2331
B27: 11.15 - 11.30 | C27: 45 | D27: 8 | E27: 5 | F27: 22 | G27: 0 | H27: 0 | I27: 11 | J27: 7 | K27: 1 | L27: 7 | M27: 33 | N27: 0 | O27: =SUM(C27:L27,N27) -> 106 | P27: =SUM(C27:N27) -> 139 | R27: PM Period | S27: =SUM(S19:S21) -> 364 | T27: =SUM(T19:T21) -> 121 | U27: =SUM(U19:U21) -> 70 | V27: =SUM(V19:V21) -> 290 | W27: =SUM(W19:W21) -> 11 | X27: =SUM(X19:X21) -> 1 | Y27: =SUM(Y19:Y21) -> 48 | Z27: =SUM(Z19:Z21) -> 59 | ... AF27: =SUM(AF19:AF21) -> 1522
B28: 11.30 - 11.45 | C28: 18 | D28: 5 | E28: 5 | F28: 21 | G28: 0 | H28: 0 | I28: 8 | J28: 1 | K28: 3 | L28: 2 | M28: 42 | N28: 0 | O28: =SUM(C28:L28,N28) -> 63 | P28: =SUM(C28:N28) -> 105 | R28: 12 Hours | S28: =SUM(S10:S21) -> 1298 | T28: =SUM(T10:T21) -> 422 | U28: =SUM(U10:U21) -> 249 | V28: =SUM(V10:V21) -> 1062 | W28: =SUM(W10:W21) -> 28 | X28: =SUM(X10:X21) -> 4 | Y28: =SUM(Y10:Y21) -> 213 | Z28: =SUM(Z10:Z21) -> 204 | ... AF28: =SUM(AF10:AF21) -> 5568
B29: 11.45 - 12.00 | C29: 12 | D29: 4 | E29: 4 | F29: 10 | G29: 1 | H29: 0 | I29: 5 | J29: 3 | K29: 0 | L29: 0 | M29: 31 | N29: 0 | O29: =SUM(C29:L29,N29) -> 39 | P29: =SUM(C29:N29) -> 70
B30: 12.00 - 12.15 | C30: 19 | D30: 11 | E30: 2 | F30: 22 | G30: 3 | H30: 0 | I30: 7 | J30: 6 | K30: 4 | L30: 5 | M30: 36 | N30: 0 | O30: =SUM(C30:L30,N30) -> 79 | P30: =SUM(C30:N30) -> 115
B31: 12.15 - 12.30 | C31: 20 | D31: 6 | E31: 5 | F31: 25 | G31: 1 | H31: 0 | I31: 4 | J31: 2 | K31: 9 | L31: 4 | M31: 36 | N31: 0 | O31: =SUM(C31:L31,N31) -> 76 | P31: =SUM(C31:N31) -> 112
B32: 12.30 - 12.45 | C32: 20 | D32: 4 | E32: 4 | F32: 13 | G32: 0 | H32: 0 | I32: 3 | J32: 5 | K32: 1 | L32: 5 | M32: 50 | N32: 0 | O32: =SUM(C32:L32,N32) -> 55 | P32: =SUM(C32:N32) -> 105
B33: 12.45 - 13.00 | C33: 12 | D33: 9 | E33: 3 | F33: 17 | G33: 0 | H33: 0 | I33: 5 | J33: 4 | K33: 2 | L33: 8 | M33: 28 | N33: 0 | O33: =SUM(C33:L33,N33) -> 60 | P33: =SUM(C33:N33) -> 88
B34: 13.00 - 13.15 | C34: 13 | D34: 8 | E34: 1 | F34: 20 | G34: 0 | H34: 0 | I34: 4 | J34: 1 | K34: 4 | L34: 6 | M34: 29 | N34: 0 | O34: =SUM(C34:L34,N34) -> 57 | P34: =SUM(C34:N34) -> 86
B35: 13.15 - 13.30 | C35: 11 | D35: 7 | E35: 3 | F35: 18 | G35: 0 | H35: 0 | I35: 9 | J35: 3 | K35: 5 | L35: 8 | M35: 34 | N35: 0 | O35: =SUM(C35:L35,N35) -> 64 | P35: =SUM(C35:N35) -> 98
B36: 13.30 - 13.45 | C36: 24 | D36: 9 | E36: 6 | F36: 19 | G36: 0 | H36: 0 | I36: 2 | J36: 11 | K36: 5 | L36: 5 | M36: 26 | N36: 0 | O36: =SUM(C36:L36,N36) -> 81 | P36: =SUM(C36:N36) -> 107
B37: 13.45 - 14.00 | C37: 14 | D37: 2 | E37: 2 | F37: 12 | G37: 0 | H37: 0 | I37: 6 | J37: 1 | K37: 2 | L37: 1 | M37: 26 | N37: 0 | O37: =SUM(C37:L37,N37) -> 40 | P37: =SUM(C37:N37) -> 66
B38: 14.00 - 14.15 | C38: 18 | D38: 7 | E38: 5 | F38: 18 | G38: 0 | H38: 0 | I38: 8 | J38: 7 | K38: 2 | L38: 3 | M38: 31 | N38: 0 | O38: =SUM(C38:L38,N38) -> 68 | P38: =SUM(C38:N38) -> 99
B39: 14.15 - 14.30 | C39: 11 | D39: 4 | E39: 4 | F39: 13 | G39: 0 | H39: 0 | I39: 1 | J39: 5 | K39: 2 | L39: 5 | M39: 25 | N39: 0 | O39: =SUM(C39:L39,N39) -> 45 | P39: =SUM(C39:N39) -> 70
B40: 14.30 - 14.45 | C40: 18 | D40: 6 | E40: 2 | F40: 19 | G40: 0 | H40: 0 | I40: 4 | J40: 5 | K40: 1 | L40: 5 | M40: 29 | N40: 0 | O40: =SUM(C40:L40,N40) -> 60 | P40: =SUM(C40:N40) -> 89
... B57: 18.45 - 19.00 | C57: 34 | D57: 9 | E57: 6 | F57: 28 | G57: 1 | H57: 0 | I57: 4 | J57: 1 | K57: 6 | L57: 4 | M57: 42 | N57: 1 | O57: =SUM(C57:L57,N57) -> 94 | P57: =SUM(C57:N57) -> 136
B58: Totals | C58: =SUM(C10:C57) -> 1298 | D58: =SUM(D10:D57) -> 422 | E58: =SUM(E10:E57) -> 249 | F58: =SUM(F10:F57) -> 1062 | G58: =SUM(G10:G57) -> 28 | H58: =SUM(H10:H57) -> 4 | I58: =SUM(I10:I57) -> 213 | J58: =SUM(J10:J57) -> 204 | ... P58: =SUM(P10:P57) -> 5568
B59: %ges + MCs | C59: =C58/$P$58 -> 0.23311782 | D59: =D58/$P$58 -> 0.07579023 | E59: =E58/$P$58 -> 0.044719828 | F59: =F58/$P$58 -> 0.19073276 | G59: =G58/$P$58 -> 0.0050287356 | H59: =H58/$P$58 -> 0.0007183908 | I59: =I58/$P$58 -> 0.03825431 | J59: =J58/$P$58 -> 0.036637931 | ... N59: =N58/$P$58 -> 0.0005387931
B60: %ges w/o MCs | C60: =C58/$O$58 -> 0.33496774 | D60: =D58/$O$58 -> 0.10890323 | E60: =E58/$O$58 -> 0.064258065 | F60: =F58/$O$58 -> 0.27406452 | G60: =G58/$O$58 -> 0.0072258065 | H60: =H58/$O$58 -> 0.0010322581 | I60: =I58/$O$58 -> 0.054967742 | J60: =J58/$O$58 -> 0.052645161 | ... L60: =L58/$O$58 -> 0.05883871 | N60: =N58/$O$58 -> 0.00077419355

Sheet 03.08 Nalya-Bweyogerere-24h
B1: Consultancy services for Preparation of Expressway Development Master Plan (EDMP) for Uganda
B2: MANUAL CLASSIFIED COUNT (MCC)
B3: ROAD NAME: | C3: ='29.07 Nalya-Bweyogerere'!C3:G3 -> MCC - C1 - STN40 - NORTHERN BYPASS
C5: Date | D5: 03.08.19 | F5: Location | G5: ='01.08 Bweyogerere-Nalya-24h'!G5:H5 -> Signs and Symbols | J5: Surveyor | K5: ='01.08 Bweyogerere-Nalya-24h'!K5:L5 -> Acema Vicent/Aseru Sherry/Mejje Mathias Trevor/Martin Anthony
C6: Dir. From | D6: ='29.07 Nalya-Bweyogerere'!D6:E6 -> Naalya | F6: Dir. To | G6: ='29.07 Nalya-Bweyogerere'!G6:H6 -> Bweyogerere | J6: Supervisor | K6: ='01.08 Bweyogerere-Nalya-24h'!K6:L6 -> Steven
B8: Time / Veh Type | R8: SUMMARY TRAFFIC VOLUMES
C9: 1. Car | D9: 2. Station Wagon | E9: 3. Pickups | F9: 4. Minibus, matatu | G9: 5. Medium bus | H9: 6. Large Bus | I9: 7. Light Truck | J9: 8. Medium Truck | K9: 9. Heavy truck | L9: 10. Truck Trailer | M9: 11. Motor cycles | N9: 12. Tractors | O9: Total Excl M/Cycles | P9: Total All | R9: Time | S9: 1. Car | T9: 2. Station Wagon | U9: 3. Pickups | V9: 4. Minibus, matatu | W9: 5. Medium bus | X9: 6. Large Bus | Y9: 7. Light Truck | Z9: 8. Medium Truck | AA9: 9. Heavy truck | AB9: 10. Truck Trailer | AC9: 11. Motorcycles | AD9: 12. Tractors, Graders | AE9: Total Excl M/ Cycles | AF9: Total All
B10: 07.00 - 07.15 | C10: 20 | D10: 5 | E10: 2 | F10: 21 | G10: 0 | H10: 0 | I10: 6 | J10: 4 | K10: 4 | L10: 1 | M10: 15 | N10: 0 | O10: =SUM(C10:L10,N10) -> 63 | P10: =SUM(C10:N10) -> 78 | R10: 0700-0800 | S10: =SUM(C10:C13) -> 64 | T10: =SUM(D10:D13) -> 25 | U10: =SUM(E10:E13) -> 24 | V10: =SUM(F10:F13) -> 104 | W10: =SUM(G10:G13) -> 2 | X10: =SUM(H10:H13) -> 1 | Y10: =SUM(I10:I13) -> 21 | Z10: =SUM(J10:J13) -> 14 | ... AF10: =SUM(P10:P13) -> 379
B11: 07.15 - 07.30 | C11: 13 | D11: 6 | E11: 6 | F11: 21 | G11: 0 | H11: 0 | I11: 5 | J11: 4 | K11: 1 | L11: 4 | M11: 31 | N11: 0 | O11: =SUM(C11:L11,N11) -> 60 | P11: =SUM(C11:N11) -> 91 | R11: 0800-0900 | S11: =SUM(C14:C17) -> 87 | T11: =SUM(D14:D17) -> 53 | U11: =SUM(E14:E17) -> 22 | V11: =SUM(F14:F17) -> 125 | W11: =SUM(G14:G17) -> 1 | X11: =SUM(H14:H17) -> 0 | Y11: =SUM(I14:I17) -> 19 | Z11: =SUM(J14:J17) -> 9 | ... AF11: =SUM(P14:P17) -> 461
B12: 07.30 - 07.45 | C12: 15 | D12: 7 | E12: 12 | F12: 27 | G12: 2 | H12: 0 | I12: 7 | J12: 3 | K12: 4 | L12: 2 | M12: 26 | N12: 0 | O12: =SUM(C12:L12,N12) -> 79 | P12: =SUM(C12:N12) -> 105 | R12: 0900-1000 | S12: =SUM(C18:C21) -> 86 | T12: =SUM(D18:D21) -> 53 | U12: =SUM(E18:E21) -> 16 | V12: =SUM(F18:F21) -> 107 | W12: =SUM(G18:G21) -> 0 | X12: =SUM(H18:H21) -> 0 | Y12: =SUM(I18:I21) -> 21 | Z12: =SUM(J18:J21) -> 12 | ... AF12: =SUM(P18:P21) -> 474
B13: 07.45 - 08.00 | C13: 16 | D13: 7 | E13: 4 | F13: 35 | G13: 0 | H13: 1 | I13: 3 | J13: 3 | K13: 5 | L13: 2 | M13: 29 | N13: 0 | O13: =SUM(C13:L13,N13) -> 76 | P13: =SUM(C13:N13) -> 105 | R13: 1000-1100 | S13: =SUM(C22:C25) -> 99 | T13: =SUM(D22:D25) -> 58 | U13: =SUM(E22:E25) -> 16 | V13: =SUM(F22:F25) -> 79 | W13: =SUM(G22:G25) -> 0 | X13: =SUM(H22:H25) -> 0 | Y13: =SUM(I22:I25) -> 23 | Z13: =SUM(J22:J25) -> 19 | ... AF13: =SUM(P22:P25) -> 450
B14: 08.00 - 08.15 | C14: 20 | D14: 14 | E14: 10 | F14: 36 | G14: 0 | H14: 0 | I14: 7 | J14: 2 | K14: 3 | L14: 0 | M14: 41 | N14: 0 | O14: =SUM(C14:L14,N14) -> 92 | P14: =SUM(C14:N14) -> 133 | R14: 1100-1200 | S14: =SUM(C26:C29) -> 123 | T14: =SUM(D26:D29) -> 50 | U14: =SUM(E26:E29) -> 33 | V14: =SUM(F26:F29) -> 130 | W14: =SUM(G26:G29) -> 2 | X14: =SUM(H26:H29) -> 0 | Y14: =SUM(I26:I29) -> 24 | Z14: =SUM(J26:J29) -> 20 | ... AF14: =SUM(P26:P29) -> 597
B15: 08.15 - 08.30 | C15: 26 | D15: 23 | E15: 2 | F15: 35 | G15: 1 | H15: 0 | I15: 4 | J15: 3 | K15: 0 | L15: 1 | M15: 35 | N15: 0 | O15: =SUM(C15:L15,N15) -> 95 | P15: =SUM(C15:N15) -> 130 | R15: 1200-1300 | S15: =SUM(C30:C33) -> 94 | T15: =SUM(D30:D33) -> 48 | U15: =SUM(E30:E33) -> 18 | V15: =SUM(F30:F33) -> 65 | W15: =SUM(G30:G33) -> 1 | X15: =SUM(H30:H33) -> 0 | Y15: =SUM(I30:I33) -> 28 | Z15: =SUM(J30:J33) -> 14 | ... AF15: =SUM(P30:P33) -> 467
B16: 08.30 - 08.45 | C16: 17 | D16: 8 | E16: 7 | F16: 23 | G16: 0 | H16: 0 | I16: 6 | J16: 1 | K16: 0 | L16: 0 | M16: 29 | N16: 0 | O16: =SUM(C16:L16,N16) -> 62 | P16: =SUM(C16:N16) -> 91 | R16: 1300-1400 | S16: =SUM(C34:C37) -> 123 | T16: =SUM(D34:D37) -> 73 | U16: =SUM(E34:E37) -> 21 | V16: =SUM(F34:F37) -> 112 | W16: =SUM(G34:G37) -> 3 | X16: =SUM(H34:H37) -> 1 | Y16: =SUM(I34:I37) -> 25 | Z16: =SUM(J34:J37) -> 21 | ... AF16: =SUM(P34:P37) -> 583
B17: 08.45 - 9.00 | C17: 24 | D17: 8 | E17: 3 | F17: 31 | G17: 0 | H17: 0 | I17: 2 | J17: 3 | K17: 1 | L17: 1 | M17: 34 | N17: 0 | O17: =SUM(C17:L17,N17) -> 73 | P17: =SUM(C17:N17) -> 107 | R17: 1400-1500 | S17: =SUM(C38:C41) -> 82 | T17: =SUM(D38:D41) -> 67 | U17: =SUM(E38:E41) -> 26 | V17: =SUM(F38:F41) -> 85 | W17: =SUM(G38:G41) -> 1 | X17: =SUM(H38:H41) -> 0 | Y17: =SUM(I38:I41) -> 17 | Z17: =SUM(J38:J41) -> 18 | ... AF17: =SUM(P38:P41) -> 519
B18: 09.00 - 09.15 | C18: 27 | D18: 13 | E18: 5 | F18: 35 | G18: 0 | H18: 0 | I18: 5 | J18: 5 | K18: 4 | L18: 1 | M18: 38 | N18: 1 | O18: =SUM(C18:L18,N18) -> 96 | P18: =SUM(C18:N18) -> 134 | R18: 1500-1600 | S18: =SUM(C42:C45) -> 97 | T18: =SUM(D42:D45) -> 56 | U18: =SUM(E42:E45) -> 26 | V18: =SUM(F42:F45) -> 87 | W18: =SUM(G42:G45) -> 1 | X18: =SUM(H42:H45) -> 1 | Y18: =SUM(I42:I45) -> 20 | Z18: =SUM(J42:J45) -> 13 | ... AF18: =SUM(P42:P45) -> 484
B19: 09.15 - 09.30 | C19: 21 | D19: 13 | E19: 3 | F19: 14 | G19: 0 | H19: 0 | I19: 6 | J19: 2 | K19: 5 | L19: 1 | M19: 40 | N19: 0 | O19: =SUM(C19:L19,N19) -> 65 | P19: =SUM(C19:N19) -> 105 | R19: 1600-1700 | S19: =SUM(C46:C49) -> 122 | T19: =SUM(D46:D49) -> 23 | U19: =SUM(E46:E49) -> 16 | V19: =SUM(F46:F49) -> 93 | W19: =SUM(G46:G49) -> 0 | X19: =SUM(H46:H49) -> 1 | Y19: =SUM(I46:I49) -> 19 | Z19: =SUM(J46:J49) -> 19 | ... AF19: =SUM(P46:P49) -> 487
B20: 09.30 - 09.45 | C20: 27 | D20: 15 | E20: 3 | F20: 30 | G20: 0 | H20: 0 | I20: 6 | J20: 3 | K20: 3 | L20: 2 | M20: 34 | N20: 0 | O20: =SUM(C20:L20,N20) -> 89 | P20: =SUM(C20:N20) -> 123 | R20: 1700-1800 | S20: =SUM(C50:C53) -> 117 | T20: =SUM(D50:D53) -> 65 | U20: =SUM(E50:E53) -> 16 | V20: =SUM(F50:F53) -> 133 | W20: =SUM(G50:G53) -> 1 | X20: =SUM(H50:H53) -> 0 | Y20: =SUM(I50:I53) -> 21 | Z20: =SUM(J50:J53) -> 27 | ... AF20: =SUM(P50:P53) -> 550
B21: 09.45 - 10.00 | C21: 11 | D21: 12 | E21: 5 | F21: 28 | G21: 0 | H21: 0 | I21: 4 | J21: 2 | K21: 3 | L21: 2 | M21: 45 | N21: 0 | O21: =SUM(C21:L21,N21) -> 67 | P21: =SUM(C21:N21) -> 112 | R21: 1800-1900 | S21: =SUM(C54:C57) -> 143 | T21: =SUM(D54:D57) -> 64 | U21: =SUM(E54:E57) -> 20 | V21: =SUM(F54:F57) -> 126 | W21: =SUM(G54:G57) -> 2 | X21: =SUM(H54:H57) -> 0 | Y21: =SUM(I54:I57) -> 59 | Z21: =SUM(J54:J57) -> 34 | ... AF21: =SUM(P54:P57) -> 642
B22: 10.00 - 10.15 | C22: 32 | D22: 16 | E22: 3 | F22: 2 | G22: 0 | H22: 0 | I22: 7 | J22: 5 | K22: 1 | L22: 1 | M22: 33 | N22: 0 | O22: =SUM(C22:L22,N22) -> 67 | P22: =SUM(C22:N22) -> 100 | R22: 1900-2000 | S22: =SUM(C58:C61) -> 112 | T22: =SUM(D58:D61) -> 31 | U22: =SUM(E58:E61) -> 14 | V22: =SUM(F58:F61) -> 81 | W22: =SUM(G58:G61) -> 2 | X22: =SUM(H58:H61) -> 0 | Y22: =SUM(I58:I61) -> 7 | Z22: =SUM(J58:J61) -> 27 | ... AF22: =SUM(P58:P61) -> 444
B23: 10.15 - 10.30 | C23: 17 | D23: 16 | E23: 5 | F23: 20 | G23: 0 | H23: 0 | I23: 5 | J23: 5 | K23: 3 | L23: 1 | M23: 41 | N23: 0 | O23: =SUM(C23:L23,N23) -> 72 | P23: =SUM(C23:N23) -> 113 | R23: 2000-2100 | S23: =SUM(C62:C65) -> 160 | T23: =SUM(D62:D65) -> 25 | U23: =SUM(E62:E65) -> 21 | V23: =SUM(F62:F65) -> 83 | W23: =SUM(G62:G65) -> 2 | X23: =SUM(H62:H65) -> 0 | Y23: =SUM(I62:I65) -> 11 | Z23: =SUM(J62:J65) -> 9 | ... AF23: =SUM(P62:P65) -> 490
B24: 10.30 - 10.45 | C24: 32 | D24: 11 | E24: 4 | F24: 26 | G24: 0 | H24: 0 | I24: 5 | J24: 8 | K24: 2 | L24: 2 | M24: 39 | N24: 0 | O24: =SUM(C24:L24,N24) -> 90 | P24: =SUM(C24:N24) -> 129 | R24: 2100-2200 | S24: =SUM(C66:C69) -> 167 | T24: =SUM(D66:D69) -> 20 | U24: =SUM(E66:E69) -> 25 | V24: =SUM(F66:F69) -> 101 | W24: =SUM(G66:G69) -> 3 | X24: =SUM(H66:H69) -> 0 | Y24: =SUM(I66:I69) -> 13 | Z24: =SUM(J66:J69) -> 16 | ... AF24: =SUM(P66:P69) -> 471
B25: 10.45 - 11.00 | C25: 18 | D25: 15 | E25: 4 | F25: 31 | G25: 0 | H25: 0 | I25: 6 | J25: 1 | K25: 3 | L25: 2 | M25: 28 | N25: 0 | O25: =SUM(C25:L25,N25) -> 80 | P25: =SUM(C25:N25) -> 108 | R25: 2200-2300 | S25: =SUM(C70:C73) -> 131 | T25: =SUM(D70:D73) -> 23 | U25: =SUM(E70:E73) -> 16 | V25: =SUM(F70:F73) -> 75 | W25: =SUM(G70:G73) -> 7 | X25: =SUM(H70:H73) -> 0 | Y25: =SUM(I70:I73) -> 6 | Z25: =SUM(J70:J73) -> 19 | ... AF25: =SUM(P70:P73) -> 368
B26: 11.00 - 11.15 | C26: 58 | D26: 17 | E26: 13 | F26: 43 | G26: 1 | H26: 0 | I26: 8 | J26: 7 | K26: 6 | L26: 6 | M26: 52 | N26: 0 | O26: =SUM(C26:L26,N26) -> 159 | P26: =SUM(C26:N26) -> 211 | R26: 2300-0000 | S26: =SUM(C74:C77) -> 91 | T26: =SUM(D74:D77) -> 15 | U26: =SUM(E74:E77) -> 12 | V26: =SUM(F74:F77) -> 53 | W26: =SUM(G74:G77) -> 2 | X26: =SUM(H74:H77) -> 0 | Y26: =SUM(I74:I77) -> 6 | Z26: =SUM(J74:J77) -> 16 | ... AF26: =SUM(P74:P77) -> 237
B27: 11.15 - 11.30 | C27: 25 | D27: 14 | E27: 8 | F27: 28 | G27: 0 | H27: 0 | I27: 4 | J27: 5 | K27: 4 | L27: 2 | M27: 32 | N27: 0 | O27: =SUM(C27:L27,N27) -> 90 | P27: =SUM(C27:N27) -> 122 | R27: 0000-0100 | S27: =SUM(C78:C81) -> 50 | T27: =SUM(D78:D81) -> 7 | U27: =SUM(E78:E81) -> 6 | V27: =SUM(F78:F81) -> 21 | W27: =SUM(G78:G81) -> 0 | X27: =SUM(H78:H81) -> 0 | Y27: =SUM(I78:I81) -> 8 | Z27: =SUM(J78:J81) -> 13 | ... AF27: =SUM(P78:P81) -> 141
B28: 11.30 - 11.45 | C28: 23 | D28: 13 | E28: 5 | F28: 26 | G28: 1 | H28: 0 | I28: 7 | J28: 3 | K28: 1 | L28: 3 | M28: 47 | N28: 0 | O28: =SUM(C28:L28,N28) -> 82 | P28: =SUM(C28:N28) -> 129 | R28: 0100-0200 | S28: =SUM(C82:C85) -> 34 | T28: =SUM(D82:D85) -> 3 | U28: =SUM(E82:E85) -> 3 | V28: =SUM(F82:F85) -> 2 | W28: =SUM(G82:G85) -> 1 | X28: =SUM(H82:H85) -> 0 | Y28: =SUM(I82:I85) -> 5 | Z28: =SUM(J82:J85) -> 11 | ... AF28: =SUM(P82:P85) -> 82
B29: 11.45 - 12.00 | C29: 17 | D29: 6 | E29: 7 | F29: 33 | G29: 0 | H29: 0 | I29: 5 | J29: 5 | K29: 3 | L29: 4 | M29: 55 | N29: 0 | O29: =SUM(C29:L29,N29) -> 80 | P29: =SUM(C29:N29) -> 135 | R29: 0200-0300 | S29: =SUM(C86:C89) -> 9 | T29: =SUM(D86:D89) -> 1 | U29: =SUM(E86:E89) -> 2 | V29: =SUM(F86:F89) -> 0 | W29: =SUM(G86:G89) -> 3 | X29: =SUM(H86:H89) -> 1 | Y29: =SUM(I86:I89) -> 0 | Z29: =SUM(J86:J89) -> 6 | ... AF29: =SUM(P86:P89) -> 31
B30: 12.00 - 12.15 | C30: 25 | D30: 8 | E30: 6 | F30: 19 | G30: 0 | H30: 0 | I30: 9 | J30: 5 | K30: 6 | L30: 9 | M30: 41 | N30: 0 | O30: =SUM(C30:L30,N30) -> 87 | P30: =SUM(C30:N30) -> 128 | R30: 0300-0400 | S30: =SUM(C90:C93) -> 6 | T30: =SUM(D90:D93) -> 6 | U30: =SUM(E90:E93) -> 1 | V30: =SUM(F90:F93) -> 1 | W30: =SUM(G90:G93) -> 0 | X30: =SUM(H90:H93) -> 0 | Y30: =SUM(I90:I93) -> 7 | Z30: =SUM(J90:J93) -> 10 | ... AF30: =SUM(P90:P93) -> 43
B31: 12.15 - 12.30 | C31: 14 | D31: 12 | E31: 2 | F31: 12 | G31: 0 | H31: 0 | I31: 5 | J31: 0 | K31: 3 | L31: 2 | M31: 23 | N31: 0 | O31: =SUM(C31:L31,N31) -> 50 | P31: =SUM(C31:N31) -> 73 | R31: 0400-0500 | S31: =SUM(C94:C97) -> 12 | T31: =SUM(D94:D97) -> 1 | U31: =SUM(E94:E97) -> 2 | V31: =SUM(F94:F97) -> 4 | W31: =SUM(G94:G97) -> 0 | X31: =SUM(H94:H97) -> 0 | Y31: =SUM(I94:I97) -> 2 | Z31: =SUM(J94:J97) -> 15 | ... AF31: =SUM(P94:P97) -> 62
B32: 12.30 - 12.45 | C32: 26 | D32: 14 | E32: 5 | F32: 20 | G32: 0 | H32: 0 | I32: 6 | J32: 2 | K32: 6 | L32: 7 | M32: 45 | N32: 0 | O32: =SUM(C32:L32,N32) -> 86 | P32: =SUM(C32:N32) -> 131 | R32: 0500-0600 | S32: =SUM(C98:C101) -> 19 | T32: =SUM(D98:D101) -> 1 | U32: =SUM(E98:E101) -> 5 | V32: =SUM(F98:F101) -> 11 | W32: =SUM(G98:G101) -> 0 | X32: =SUM(H98:H101) -> 0 | Y32: =SUM(I98:I101) -> 8 | Z32: =SUM(J98:J101) -> 22 | ... AF32: =SUM(P98:P101) -> 82
B33: 12.45 - 13.00 | C33: 29 | D33: 14 | E33: 5 | F33: 14 | G33: 1 | H33: 0 | I33: 8 | J33: 7 | K33: 6 | L33: 14 | M33: 37 | N33: 0 | O33: =SUM(C33:L33,N33) -> 98 | P33: =SUM(C33:N33) -> 135 | R33: 0600-0700 | S33: =SUM(C102:C105) -> 17 | T33: =SUM(D102:D105) -> 4 | U33: =SUM(E102:E105) -> 4 | V33: =SUM(F102:F105) -> 27 | W33: =SUM(G102:G105) -> 0 | X33: =SUM(H102:H105) -> 1 | Y33: =SUM(I102:I105) -> 8 | Z33: =SUM(J102:J105) -> 14 | ... AF33: =SUM(P102:P105) -> 116
B34: 13.00 - 13.15 | C34: 32 | D34: 11 | E34: 1 | F34: 24 | G34: 0 | H34: 1 | I34: 6 | J34: 3 | K34: 2 | L34: 2 | M34: 44 | N34: 0 | O34: =SUM(C34:L34,N34) -> 82 | P34: =SUM(C34:N34) -> 126 | R34: AM Peak Hr | S34: =MAX(S10:S12) -> 87 | T34: =MAX(T10:T12) -> 53 | U34: =MAX(U10:U12) -> 24 | V34: =MAX(V10:V12) -> 125 | W34: =MAX(W10:W12) -> 2 | X34: =MAX(X10:X12) -> 1 | Y34: =MAX(Y10:Y12) -> 21 | Z34: =MAX(Z10:Z12) -> 14 | ... AF34: =MAX(AF10:AF12) -> 474
B35: 13.15 - 13.30 | C35: 27 | D35: 16 | E35: 5 | F35: 21 | G35: 0 | H35: 0 | I35: 6 | J35: 5 | K35: 6 | L35: 7 | M35: 38 | N35: 0 | O35: =SUM(C35:L35,N35) -> 93 | P35: =SUM(C35:N35) -> 131 | R35: IP Peak Hr | S35: =MAX(S13:S18) -> 123 | T35: =MAX(T13:T18) -> 73 | U35: =MAX(U13:U18) -> 33 | V35: =MAX(V13:V18) -> 130 | W35: =MAX(W13:W18) -> 3 | X35: =MAX(X13:X18) -> 1 | Y35: =MAX(Y13:Y18) -> 28 | Z35: =MAX(Z13:Z18) -> 21 | ... AF35: =MAX(AF13:AF18) -> 597
B36: 13.30 - 13.45 | C36: 36 | D36: 28 | E36: 7 | F36: 32 | G36: 3 | H36: 0 | I36: 9 | J36: 9 | K36: 3 | L36: 6 | M36: 48 | N36: 0 | O36: =SUM(C36:L36,N36) -> 133 | P36: =SUM(C36:N36) -> 181 | R36: PM Peak Hr | S36: =MAX(S19:S21) -> 143 | T36: =MAX(T19:T21) -> 65 | U36: =MAX(U19:U21) -> 20 | V36: =MAX(V19:V21) -> 133 | W36: =MAX(W19:W21) -> 2 | X36: =MAX(X19:X21) -> 1 | Y36: =MAX(Y19:Y21) -> 59 | Z36: =MAX(Z19:Z21) -> 34 | ... AF36: =MAX(AF19:AF21) -> 642
B37: 13.45 - 14.00 | C37: 28 | D37: 18 | E37: 8 | F37: 35 | G37: 0 | H37: 0 | I37: 4 | J37: 4 | K37: 4 | L37: 10 | M37: 34 | N37: 0 | O37: =SUM(C37:L37,N37) -> 111 | P37: =SUM(C37:N37) -> 145 | R37: AM Period | S37: =SUM(S10:S12) -> 237 | T37: =SUM(T10:T12) -> 131 | U37: =SUM(U10:U12) -> 62 | V37: =SUM(V10:V12) -> 336 | W37: =SUM(W10:W12) -> 3 | X37: =SUM(X10:X12) -> 1 | Y37: =SUM(Y10:Y12) -> 61 | Z37: =SUM(Z10:Z12) -> 35 | ... AF37: =SUM(AF10:AF12) -> 1314
B38: 14.00 - 14.15 | C38: 23 | D38: 19 | E38: 5 | F38: 21 | G38: 0 | H38: 0 | I38: 3 | J38: 3 | K38: 3 | L38: 7 | M38: 47 | N38: 0 | O38: =SUM(C38:L38,N38) -> 84 | P38: =SUM(C38:N38) -> 131 | R38: IP Period | S38: =SUM(S13:S18) -> 618 | T38: =SUM(T13:T18) -> 352 | U38: =SUM(U13:U18) -> 140 | V38: =SUM(V13:V18) -> 558 | W38: =SUM(W13:W18) -> 8 | X38: =SUM(X13:X18) -> 2 | Y38: =SUM(Y13:Y18) -> 137 | Z38: =SUM(Z13:Z18) -> 105 | ... AF38: =SUM(AF13:AF18) -> 3100
B39: 14.15 - 14.30 | C39: 21 | D39: 17 | E39: 6 | F39: 18 | G39: 1 | H39: 0 | I39: 4 | J39: 3 | K39: 3 | L39: 3 | M39: 34 | N39: 0 | O39: =SUM(C39:L39,N39) -> 76 | P39: =SUM(C39:N39) -> 110 | R39: PM Period | S39: =SUM(S19:S21) -> 382 | T39: =SUM(T19:T21) -> 152 | U39: =SUM(U19:U21) -> 52 | V39: =SUM(V19:V21) -> 352 | W39: =SUM(W19:W21) -> 3 | X39: =SUM(X19:X21) -> 1 | Y39: =SUM(Y19:Y21) -> 99 | Z39: =SUM(Z19:Z21) -> 80 | ... AF39: =SUM(AF19:AF21) -> 1679
B40: 14.30 - 14.45 | C40: 23 | D40: 15 | E40: 8 | F40: 15 | G40: 0 | H40: 0 | I40: 4 | J40: 6 | K40: 10 | L40: 7 | M40: 47 | N40: 0 | O40: =SUM(C40:L40,N40) -> 88 | P40: =SUM(C40:N40) -> 135 | R40: 12 Hours | S40: =SUM(S10:S21) -> 1237 | T40: =SUM(T10:T21) -> 635 | U40: =SUM(U10:U21) -> 254 | V40: =SUM(V10:V21) -> 1246 | W40: =SUM(W10:W21) -> 14 | X40: =SUM(X10:X21) -> 4 | Y40: =SUM(Y10:Y21) -> 297 | Z40: =SUM(Z10:Z21) -> 220 | ... AF40: =SUM(AF10:AF21) -> 6093
B41: 14.45 - 15.00 | C41: 15 | D41: 16 | E41: 7 | F41: 31 | G41: 0 | H41: 0 | I41: 6 | J41: 6 | K41: 6 | L41: 9 | M41: 47 | N41: 0 | O41: =SUM(C41:L41,N41) -> 96 | P41: =SUM(C41:N41) -> 143 | R41: 24 Hrs/ADT | S41: =SUM(S10:S33) -> 2045 | T41: =SUM(T10:T33) -> 772 | U41: =SUM(U10:U33) -> 365 | V41: =SUM(V10:V33) -> 1705 | W41: =SUM(W10:W33) -> 34 | X41: =SUM(X10:X33) -> 6 | Y41: =SUM(Y10:Y33) -> 378 | Z41: =SUM(Z10:Z33) -> 398 | ... AF41: =SUM(AF10:AF33) -> 8660
B42: 15.00 - 15.15 | C42: 33 | D42: 16 | E42: 1 | F42: 17 | G42: 0 | H42: 0 | I42: 0 | J42: 1 | K42: 7 | L42: 4 | M42: 42 | N42: 0 | O42: =SUM(C42:L42,N42) -> 79 | P42: =SUM(C42:N42) -> 121 | R42: NEF | S42: =S41/S40 -> 1.6531932 | T42: =T41/T40 -> 1.215748 | U42: =U41/U40 -> 1.4370079 | V42: =V41/V40 -> 1.3683788 | W42: =W41/W40 -> 2.4285714 | X42: =X41/X40 -> 1.5 | Y42: =Y41/Y40 -> 1.2727273 | Z42: =Z41/Z40 -> 1.8090909 | ... AF42: =AF41/AF40 -> 1.4213031
B43: 15.15 - 15.30 | C43: 21 | D43: 13 | E43: 14 | F43: 26 | G43: 1 | H43: 0 | I43: 9 | J43: 2 | K43: 4 | L43: 6 | M43: 44 | N43: 0 | O43: =SUM(C43:L43,N43) -> 96 | P43: =SUM(C43:N43) -> 140
B44: 15.30 - 15.45 | C44: 22 | D44: 12 | E44: 6 | F44: 27 | G44: 0 | H44: 1 | I44: 6 | J44: 8 | K44: 4 | L44: 4 | M44: 31 | N44: 0 | O44: =SUM(C44:L44,N44) -> 90 | P44: =SUM(C44:N44) -> 121
B45: 15.45 - 16.00 | C45: 21 | D45: 15 | E45: 5 | F45: 17 | G45: 0 | H45: 0 | I45: 5 | J45: 2 | K45: 0 | L45: 9 | M45: 28 | N45: 0 | O45: =SUM(C45:L45,N45) -> 74 | P45: =SUM(C45:N45) -> 102
B46: 16.00 - 16.15 | C46: 22 | D46: 14 | E46: 3 | F46: 28 | G46: 0 | H46: 0 | I46: 3 | J46: 5 | K46: 8 | L46: 3 | M46: 40 | N46: 0 | O46: =SUM(C46:L46,N46) -> 86 | P46: =SUM(C46:N46) -> 126
B47: 16.15 -16.30 | C47: 20 | D47: 2 | E47: 4 | F47: 13 | G47: 0 | H47: 1 | I47: 4 | J47: 2 | K47: 5 | L47: 6 | M47: 26 | N47: 0 | O47: =SUM(C47:L47,N47) -> 57 | P47: =SUM(C47:N47) -> 83
B48: 16.30 -16.45 | C48: 33 | D48: 6 | E48: 6 | F48: 31 | G48: 0 | H48: 0 | I48: 5 | J48: 4 | K48: 3 | L48: 5 | M48: 39 | N48: 0 | O48: =SUM(C48:L48,N48) -> 93 | P48: =SUM(C48:N48) -> 132
B49: 16.45 -17.00 | C49: 47 | D49: 1 | E49: 3 | F49: 21 | G49: 0 | H49: 0 | I49: 7 | J49: 8 | K49: 4 | L49: 6 | M49: 49 | N49: 0 | O49: =SUM(C49:L49,N49) -> 97 | P49: =SUM(C49:N49) -> 146
B50: 17.00 -17.15 | C50: 14 | D50: 3 | E50: 2 | F50: 29 | G50: 0 | H50: 0 | I50: 1 | J50: 5 | K50: 4 | L50: 2 | M50: 23 | N50: 0 | O50: =SUM(C50:L50,N50) -> 60 | P50: =SUM(C50:N50) -> 83
B51: 17.15 -17.30 | C51: 35 | D51: 12 | E51: 5 | F51: 32 | G51: 0 | H51: 0 | I51: 7 | J51: 5 | K51: 5 | L51: 3 | M51: 34 | N51: 0 | O51: =SUM(C51:L51,N51) -> 104 | P51: =SUM(C51:N51) -> 138
B52: 17.30 -17.45 | C52: 33 | D52: 23 | E52: 3 | F52: 38 | G52: 1 | H52: 0 | I52: 4 | J52: 13 | K52: 2 | L52: 6 | M52: 37 | N52: 0 | O52: =SUM(C52:L52,N52) -> 123 | P52: =SUM(C52:N52) -> 160
B53: 17.45 -18.00 | C53: 35 | D53: 27 | E53: 6 | F53: 34 | G53: 0 | H53: 0 | I53: 9 | J53: 4 | K53: 6 | L53: 5 | M53: 43 | N53: 0 | O53: =SUM(C53:L53,N53) -> 126 | P53: =SUM(C53:N53) -> 169
B54: 18.00 - 18.15 | C54: 56 | D54: 27 | E54: 7 | F54: 39 | G54: 0 | H54: 0 | I54: 8 | J54: 13 | K54: 12 | L54: 4 | M54: 37 | N54: 0 | O54: =SUM(C54:L54,N54) -> 166 | P54: =SUM(C54:N54) -> 203
... B105: 06.45 - 07.00 | C105: 1 | D105: 0 | E105: 0 | F105: 7 | G105: 0 | H105: 0 | I105: 0 | J105: 0 | K105: 0 | L105: 2 | M105: 12 | N105: 0 | O105: =SUM(C105:L105,N105) -> 10 | P105: =SUM(C105:N105) -> 22
B106: Totals | C106: =SUM(C10:C105) -> 2045 | D106: =SUM(D10:D105) -> 772 | E106: =SUM(E10:E105) -> 365 | F106: =SUM(F10:F105) -> 1705 | G106: =SUM(G10:G105) -> 34 | H106: =SUM(H10:H105) -> 6 | I106: =SUM(I10:I105) -> 378 | J106: =SUM(J10:J105) -> 398 | ... P106: =SUM(P10:P105) -> 8660
B107: %ges + MCs | C107: =C106/$P$106 -> 0.23614319 | D107: =D106/$P$106 -> 0.089145497 | E107: =E106/$P$106 -> 0.042147806 | F107: =F106/$P$106 -> 0.19688222 | G107: =G106/$P$106 -> 0.003926097 | H107: =H106/$P$106 -> 0.00069284065 | I107: =I106/$P$106 -> 0.043648961 | J107: =J106/$P$106 -> 0.04595843 | ... N107: =N106/$P$106 -> 0.00011547344
B108: %ges w/o MCs | C108: =C106/$O$106 -> 0.32563694 | D108: =D106/$O$106 -> 0.12292994 | E108: =E106/$O$106 -> 0.058121019 | F108: =F106/$O$106 -> 0.27149682 | G108: =G106/$O$106 -> 0.0054140127 | H108: =H106/$O$106 -> 0.00095541401 | I108: =I106/$O$106 -> 0.060191083 | J108: =J106/$O$106 -> 0.063375796 | ... L108: =L106/$O$106 -> 0.049681529 | N108: =N106/$O$106 -> 0.00015923567

Sheet 03.08 Bweyogerere-Nalya-24h
B1: Consultancy services for Preparation of Expressway Development Master Plan (EDMP) for Uganda
B2: MANUAL CLASSIFIED COUNT (MCC)
B3: ROAD NAME: | C3: ='29.07 Nalya-Bweyogerere'!C3:G3 -> MCC - C1 - STN40 - NORTHERN BYPASS
C5: Date | D5: ='03.08 Nalya-Bweyogerere-24h'!D5 -> 03.08.19 | F5: Location | G5: ='03.08 Nalya-Bweyogerere-24h'!G5:H5 -> Signs and Symbols | J5: Surveyor | K5: ='03.08 Nalya-Bweyogerere-24h'!K5:L5 -> Acema Vicent/Aseru Sherry/Mejje Mathias Trevor/Martin Anthony
C6: Dir. From | D6: ='29.07 Bweyogerere-Nalya'!D6:E6 -> Bweyogerere | F6: Dir. To | G6: ='29.07 Bweyogerere-Nalya'!G6:H6 -> Nalya | J6: Supervisor | K6: ='03.08 Nalya-Bweyogerere-24h'!K6:L6 -> Steven
B8: Time / Veh Type | R8: SUMMARY TRAFFIC VOLUMES
C9: 1. Car | D9: 2. Station Wagon | E9: 3. Pickups | F9: 4. Minibus, matatu | G9: 5. Medium bus | H9: 6. Large Bus | I9: 7. Light Truck | J9: 8. Medium Truck | K9: 9. Heavy truck | L9: 10. Truck Trailer | M9: 11. Motor cycles | N9: 12. Tractors | O9: Total Excl M/Cycles | P9: Total All | R9: Time | S9: 1. Car | T9: 2. Station Wagon | U9: 3. Pickups | V9: 4. Minibus, matatu | W9: 5. Medium bus | X9: 6. Large Bus | Y9: 7. Light Truck | Z9: 8. Medium Truck | AA9: 9. Heavy truck | AB9: 10. Truck Trailer | AC9: 11. Motorcycles | AD9: 12. Tractors, Graders | AE9: Total Excl M/ Cycles | AF9: Total All
B10: 07.00 - 07.15 | C10: 11 | D10: 16 | E10: 5 | F10: 15 | G10: 0 | H10: 0 | I10: 1 | J10: 1 | K10: 5 | L10: 4 | M10: 13 | N10: 0 | O10: =SUM(C10:L10,N10) -> 58 | P10: =SUM(C10:N10) -> 71 | R10: 0700-0800 | S10: =SUM(C10:C13) -> 68 | T10: =SUM(D10:D13) -> 24 | U10: =SUM(E10:E13) -> 19 | V10: =SUM(F10:F13) -> 84 | W10: =SUM(G10:G13) -> 0 | X10: =SUM(H10:H13) -> 1 | Y10: =SUM(I10:I13) -> 10 | Z10: =SUM(J10:J13) -> 10 | ... AF10: =SUM(P10:P13) -> 339
B11: 07.15 - 07.30 | C11: 13 | D11: 0 | E11: 5 | F11: 20 | G11: 0 | H11: 0 | I11: 1 | J11: 1 | K11: 5 | L11: 1 | M11: 20 | N11: 0 | O11: =SUM(C11:L11,N11) -> 46 | P11: =SUM(C11:N11) -> 66 | R11: 0800-0900 | S11: =SUM(C14:C17) -> 114 | T11: =SUM(D14:D17) -> 28 | U11: =SUM(E14:E17) -> 22 | V11: =SUM(F14:F17) -> 103 | W11: =SUM(G14:G17) -> 2 | X11: =SUM(H14:H17) -> 0 | Y11: =SUM(I14:I17) -> 19 | Z11: =SUM(J14:J17) -> 18 | ... AF11: =SUM(P14:P17) -> 475
B12: 07.30 - 07.45 | C12: 20 | D12: 2 | E12: 2 | F12: 27 | G12: 0 | H12: 0 | I12: 4 | J12: 1 | K12: 2 | L12: 7 | M12: 27 | N12: 0 | O12: =SUM(C12:L12,N12) -> 65 | P12: =SUM(C12:N12) -> 92 | R12: 0900-1000 | S12: =SUM(C18:C21) -> 214 | T12: =SUM(D18:D21) -> 34 | U12: =SUM(E18:E21) -> 20 | V12: =SUM(F18:F21) -> 105 | W12: =SUM(G18:G21) -> 9 | X12: =SUM(H18:H21) -> 0 | Y12: =SUM(I18:I21) -> 27 | Z12: =SUM(J18:J21) -> 15 | ... AF12: =SUM(P18:P21) -> 627
B13: 07.45 - 08.00 | C13: 24 | D13: 6 | E13: 7 | F13: 22 | G13: 0 | H13: 1 | I13: 4 | J13: 7 | K13: 1 | L13: 4 | M13: 34 | N13: 0 | O13: =SUM(C13:L13,N13) -> 76 | P13: =SUM(C13:N13) -> 110 | R13: 1000-1100 | S13: =SUM(C22:C25) -> 191 | T13: =SUM(D22:D25) -> 46 | U13: =SUM(E22:E25) -> 40 | V13: =SUM(F22:F25) -> 103 | W13: =SUM(G22:G25) -> 10 | X13: =SUM(H22:H25) -> 0 | Y13: =SUM(I22:I25) -> 17 | Z13: =SUM(J22:J25) -> 15 | ... AF13: =SUM(P22:P25) -> 593
B14: 08.00 - 08.15 | C14: 22 | D14: 8 | E14: 8 | F14: 23 | G14: 1 | H14: 0 | I14: 2 | J14: 8 | K14: 1 | L14: 7 | M14: 39 | N14: 0 | O14: =SUM(C14:L14,N14) -> 80 | P14: =SUM(C14:N14) -> 119 | R14: 1100-1200 | S14: =SUM(C26:C29) -> 251 | T14: =SUM(D26:D29) -> 58 | U14: =SUM(E26:E29) -> 40 | V14: =SUM(F26:F29) -> 97 | W14: =SUM(G26:G29) -> 9 | X14: =SUM(H26:H29) -> 0 | Y14: =SUM(I26:I29) -> 17 | Z14: =SUM(J26:J29) -> 18 | ... AF14: =SUM(P26:P29) -> 676
B15: 08.15 - 08.30 | C15: 19 | D15: 4 | E15: 4 | F15: 25 | G15: 0 | H15: 0 | I15: 1 | J15: 1 | K15: 1 | L15: 2 | M15: 38 | N15: 0 | O15: =SUM(C15:L15,N15) -> 57 | P15: =SUM(C15:N15) -> 95 | R15: 1200-1300 | S15: =SUM(C30:C33) -> 243 | T15: =SUM(D30:D33) -> 43 | U15: =SUM(E30:E33) -> 30 | V15: =SUM(F30:F33) -> 110 | W15: =SUM(G30:G33) -> 1 | X15: =SUM(H30:H33) -> 0 | Y15: =SUM(I30:I33) -> 29 | Z15: =SUM(J30:J33) -> 31 | ... AF15: =SUM(P30:P33) -> 651
B16: 08.30 - 08.45 | C16: 29 | D16: 4 | E16: 6 | F16: 26 | G16: 0 | H16: 0 | I16: 3 | J16: 3 | K16: 2 | L16: 2 | M16: 30 | N16: 0 | O16: =SUM(C16:L16,N16) -> 75 | P16: =SUM(C16:N16) -> 105 | R16: 1300-1400 | S16: =SUM(C34:C37) -> 178 | T16: =SUM(D34:D37) -> 53 | U16: =SUM(E34:E37) -> 25 | V16: =SUM(F34:F37) -> 83 | W16: =SUM(G34:G37) -> 1 | X16: =SUM(H34:H37) -> 0 | Y16: =SUM(I34:I37) -> 24 | Z16: =SUM(J34:J37) -> 21 | ... AF16: =SUM(P34:P37) -> 551
B17: 08.45 - 9.00 | C17: 44 | D17: 12 | E17: 4 | F17: 29 | G17: 1 | H17: 0 | I17: 13 | J17: 6 | K17: 2 | L17: 3 | M17: 42 | N17: 0 | O17: =SUM(C17:L17,N17) -> 114 | P17: =SUM(C17:N17) -> 156 | R17: 1400-1500 | S17: =SUM(C38:C41) -> 149 | T17: =SUM(D38:D41) -> 88 | U17: =SUM(E38:E41) -> 24 | V17: =SUM(F38:F41) -> 74 | W17: =SUM(G38:G41) -> 2 | X17: =SUM(H38:H41) -> 0 | Y17: =SUM(I38:I41) -> 23 | Z17: =SUM(J38:J41) -> 16 | ... AF17: =SUM(P38:P41) -> 566
B18: 09.00 - 09.15 | C18: 54 | D18: 6 | E18: 4 | F18: 29 | G18: 2 | H18: 0 | I18: 6 | J18: 2 | K18: 2 | L18: 5 | M18: 35 | N18: 0 | O18: =SUM(C18:L18,N18) -> 110 | P18: =SUM(C18:N18) -> 145 | R18: 1500-1600 | S18: =SUM(C42:C45) -> 92 | T18: =SUM(D42:D45) -> 66 | U18: =SUM(E42:E45) -> 24 | V18: =SUM(F42:F45) -> 69 | W18: =SUM(G42:G45) -> 2 | X18: =SUM(H42:H45) -> 0 | Y18: =SUM(I42:I45) -> 34 | Z18: =SUM(J42:J45) -> 16 | ... AF18: =SUM(P42:P45) -> 460
B19: 09.15 - 09.30 | C19: 41 | D19: 12 | E19: 4 | F19: 27 | G19: 3 | H19: 0 | I19: 8 | J19: 6 | K19: 2 | L19: 2 | M19: 56 | N19: 0 | O19: =SUM(C19:L19,N19) -> 105 | P19: =SUM(C19:N19) -> 161 | R19: 1600-1700 | S19: =SUM(C46:C49) -> 108 | T19: =SUM(D46:D49) -> 34 | U19: =SUM(E46:E49) -> 19 | V19: =SUM(F46:F49) -> 91 | W19: =SUM(G46:G49) -> 0 | X19: =SUM(H46:H49) -> 0 | Y19: =SUM(I46:I49) -> 20 | Z19: =SUM(J46:J49) -> 12 | ... AF19: =SUM(P46:P49) -> 474
B20: 09.30 - 09.45 | C20: 71 | D20: 12 | E20: 10 | F20: 16 | G20: 2 | H20: 0 | I20: 7 | J20: 5 | K20: 0 | L20: 1 | M20: 45 | N20: 0 | O20: =SUM(C20:L20,N20) -> 124 | P20: =SUM(C20:N20) -> 169 | R20: 1700-1800 | S20: =SUM(C50:C53) -> 108 | T20: =SUM(D50:D53) -> 43 | U20: =SUM(E50:E53) -> 33 | V20: =SUM(F50:F53) -> 116 | W20: =SUM(G50:G53) -> 2 | X20: =SUM(H50:H53) -> 0 | Y20: =SUM(I50:I53) -> 17 | Z20: =SUM(J50:J53) -> 26 | ... AF20: =SUM(P50:P53) -> 537
B21: 09.45 - 10.00 | C21: 48 | D21: 4 | E21: 2 | F21: 33 | G21: 2 | H21: 0 | I21: 6 | J21: 2 | K21: 3 | L21: 10 | M21: 42 | N21: 0 | O21: =SUM(C21:L21,N21) -> 110 | P21: =SUM(C21:N21) -> 152 | R21: 1800-1900 | S21: =SUM(C54:C57) -> 213 | T21: =SUM(D54:D57) -> 72 | U21: =SUM(E54:E57) -> 27 | V21: =SUM(F54:F57) -> 179 | W21: =SUM(G54:G57) -> 1 | X21: =SUM(H54:H57) -> 0 | Y21: =SUM(I54:I57) -> 30 | Z21: =SUM(J54:J57) -> 38 | ... AF21: =SUM(P54:P57) -> 829
B22: 10.00 - 10.15 | C22: 47 | D22: 11 | E22: 9 | F22: 20 | G22: 2 | H22: 0 | I22: 3 | J22: 4 | K22: 3 | L22: 7 | M22: 30 | N22: 0 | O22: =SUM(C22:L22,N22) -> 106 | P22: =SUM(C22:N22) -> 136 | R22: 1900-2000 | S22: =SUM(C58:C61) -> 73 | T22: =SUM(D58:D61) -> 42 | U22: =SUM(E58:E61) -> 15 | V22: =SUM(F58:F61) -> 75 | W22: =SUM(G58:G61) -> 2 | X22: =SUM(H58:H61) -> 0 | Y22: =SUM(I58:I61) -> 6 | Z22: =SUM(J58:J61) -> 17 | ... AF22: =SUM(P58:P61) -> 370
B23: 10.15 - 10.30 | C23: 48 | D23: 6 | E23: 7 | F23: 22 | G23: 0 | H23: 0 | I23: 8 | J23: 1 | K23: 2 | L23: 5 | M23: 46 | N23: 0 | O23: =SUM(C23:L23,N23) -> 99 | P23: =SUM(C23:N23) -> 145 | R23: 2000-2100 | S23: =SUM(C62:C65) -> 88 | T23: =SUM(D62:D65) -> 76 | U23: =SUM(E62:E65) -> 23 | V23: =SUM(F62:F65) -> 96 | W23: =SUM(G62:G65) -> 5 | X23: =SUM(H62:H65) -> 0 | Y23: =SUM(I62:I65) -> 8 | Z23: =SUM(J62:J65) -> 26 | ... AF23: =SUM(P62:P65) -> 476
B24: 10.30 - 10.45 | C24: 66 | D24: 9 | E24: 15 | F24: 21 | G24: 6 | H24: 0 | I24: 3 | J24: 6 | K24: 2 | L24: 1 | M24: 38 | N24: 0 | O24: =SUM(C24:L24,N24) -> 129 | P24: =SUM(C24:N24) -> 167 | R24: 2100-2200 | S24: =SUM(C66:C69) -> 86 | T24: =SUM(D66:D69) -> 50 | U24: =SUM(E66:E69) -> 18 | V24: =SUM(F66:F69) -> 82 | W24: =SUM(G66:G69) -> 1 | X24: =SUM(H66:H69) -> 0 | Y24: =SUM(I66:I69) -> 10 | Z24: =SUM(J66:J69) -> 19 | ... AF24: =SUM(P66:P69) -> 381
B25: 10.45 - 11.00 | C25: 30 | D25: 20 | E25: 9 | F25: 40 | G25: 2 | H25: 0 | I25: 3 | J25: 4 | K25: 6 | L25: 7 | M25: 24 | N25: 0 | O25: =SUM(C25:L25,N25) -> 121 | P25: =SUM(C25:N25) -> 145 | R25: 2200-2300 | S25: =SUM(C70:C73) -> 55 | T25: =SUM(D70:D73) -> 48 | U25: =SUM(E70:E73) -> 13 | V25: =SUM(F70:F73) -> 70 | W25: =SUM(G70:G73) -> 4 | X25: =SUM(H70:H73) -> 0 | Y25: =SUM(I70:I73) -> 8 | Z25: =SUM(J70:J73) -> 12 | ... AF25: =SUM(P70:P73) -> 295
B26: 11.00 - 11.15 | C26: 47 | D26: 10 | E26: 5 | F26: 18 | G26: 4 | H26: 0 | I26: 0 | J26: 3 | K26: 3 | L26: 8 | M26: 35 | N26: 0 | O26: =SUM(C26:L26,N26) -> 98 | P26: =SUM(C26:N26) -> 133 | R26: 2300-0000 | S26: =SUM(C74:C77) -> 41 | T26: =SUM(D74:D77) -> 31 | U26: =SUM(E74:E77) -> 6 | V26: =SUM(F74:F77) -> 30 | W26: =SUM(G74:G77) -> 0 | X26: =SUM(H74:H77) -> 1 | Y26: =SUM(I74:I77) -> 2 | Z26: =SUM(J74:J77) -> 5 | ... AF26: =SUM(P74:P77) -> 154
B27: 11.15 - 11.30 | C27: 61 | D27: 12 | E27: 11 | F27: 26 | G27: 3 | H27: 0 | I27: 8 | J27: 6 | K27: 4 | L27: 5 | M27: 21 | N27: 0 | O27: =SUM(C27:L27,N27) -> 136 | P27: =SUM(C27:N27) -> 157 | R27: 0000-0100 | S27: =SUM(C78:C81) -> 23 | T27: =SUM(D78:D81) -> 25 | U27: =SUM(E78:E81) -> 3 | V27: =SUM(F78:F81) -> 8 | W27: =SUM(G78:G81) -> 1 | X27: =SUM(H78:H81) -> 0 | Y27: =SUM(I78:I81) -> 4 | Z27: =SUM(J78:J81) -> 10 | ... AF27: =SUM(P78:P81) -> 106
B28: 11.30 - 11.45 | C28: 65 | D28: 17 | E28: 15 | F28: 26 | G28: 1 | H28: 0 | I28: 4 | J28: 2 | K28: 7 | L28: 9 | M28: 49 | N28: 0 | O28: =SUM(C28:L28,N28) -> 146 | P28: =SUM(C28:N28) -> 195 | R28: 0100-0200 | S28: =SUM(C82:C85) -> 11 | T28: =SUM(D82:D85) -> 5 | U28: =SUM(E82:E85) -> 1 | V28: =SUM(F82:F85) -> 5 | W28: =SUM(G82:G85) -> 2 | X28: =SUM(H82:H85) -> 0 | Y28: =SUM(I82:I85) -> 4 | Z28: =SUM(J82:J85) -> 9 | ... AF28: =SUM(P82:P85) -> 60
B29: 11.45 - 12.00 | C29: 78 | D29: 19 | E29: 9 | F29: 27 | G29: 1 | H29: 0 | I29: 5 | J29: 7 | K29: 3 | L29: 3 | M29: 39 | N29: 0 | O29: =SUM(C29:L29,N29) -> 152 | P29: =SUM(C29:N29) -> 191 | R29: 0200-0300 | S29: =SUM(C86:C89) -> 5 | T29: =SUM(D86:D89) -> 1 | U29: =SUM(E86:E89) -> 2 | V29: =SUM(F86:F89) -> 2 | W29: =SUM(G86:G89) -> 0 | X29: =SUM(H86:H89) -> 0 | Y29: =SUM(I86:I89) -> 3 | Z29: =SUM(J86:J89) -> 3 | ... AF29: =SUM(P86:P89) -> 36
B30: 12.00 - 12.15 | C30: 79 | D30: 9 | E30: 11 | F30: 26 | G30: 1 | H30: 0 | I30: 5 | J30: 12 | K30: 1 | L30: 4 | M30: 31 | N30: 0 | O30: =SUM(C30:L30,N30) -> 148 | P30: =SUM(C30:N30) -> 179 | R30: 0300-0400 | S30: =SUM(C90:C93) -> 8 | T30: =SUM(D90:D93) -> 7 | U30: =SUM(E90:E93) -> 1 | V30: =SUM(F90:F93) -> 1 | W30: =SUM(G90:G93) -> 0 | X30: =SUM(H90:H93) -> 0 | Y30: =SUM(I90:I93) -> 2 | Z30: =SUM(J90:J93) -> 6 | ... AF30: =SUM(P90:P93) -> 35
B31: 12.15 - 12.30 | C31: 69 | D31: 13 | E31: 11 | F31: 46 | G31: 0 | H31: 0 | I31: 8 | J31: 9 | K31: 2 | L31: 3 | M31: 40 | N31: 0 | O31: =SUM(C31:L31,N31) -> 161 | P31: =SUM(C31:N31) -> 201 | R31: 0400-0500 | S31: =SUM(C94:C97) -> 7 | T31: =SUM(D94:D97) -> 0 | U31: =SUM(E94:E97) -> 2 | V31: =SUM(F94:F97) -> 1 | W31: =SUM(G94:G97) -> 0 | X31: =SUM(H94:H97) -> 0 | Y31: =SUM(I94:I97) -> 2 | Z31: =SUM(J94:J97) -> 8 | ... AF31: =SUM(P94:P97) -> 37
B32: 12.30 - 12.45 | C32: 54 | D32: 12 | E32: 5 | F32: 20 | G32: 0 | H32: 0 | I32: 8 | J32: 6 | K32: 6 | L32: 1 | M32: 44 | N32: 0 | O32: =SUM(C32:L32,N32) -> 112 | P32: =SUM(C32:N32) -> 156 | R32: 0500-0600 | S32: =SUM(C98:C101) -> 17 | T32: =SUM(D98:D101) -> 4 | U32: =SUM(E98:E101) -> 5 | V32: =SUM(F98:F101) -> 19 | W32: =SUM(G98:G101) -> 0 | X32: =SUM(H98:H101) -> 0 | Y32: =SUM(I98:I101) -> 6 | Z32: =SUM(J98:J101) -> 11 | ... AF32: =SUM(P98:P101) -> 90
B33: 12.45 - 13.00 | C33: 41 | D33: 9 | E33: 3 | F33: 18 | G33: 0 | H33: 0 | I33: 8 | J33: 4 | K33: 1 | L33: 2 | M33: 29 | N33: 0 | O33: =SUM(C33:L33,N33) -> 86 | P33: =SUM(C33:N33) -> 115 | R33: 0600-0700 | S33: =SUM(C102:C105) -> 12 | T33: =SUM(D102:D105) -> 14 | U33: =SUM(E102:E105) -> 1 | V33: =SUM(F102:F105) -> 40 | W33: =SUM(G102:G105) -> 0 | X33: =SUM(H102:H105) -> 0 | Y33: =SUM(I102:I105) -> 3 | Z33: =SUM(J102:J105) -> 3 | ... AF33: =SUM(P102:P105) -> 133
B34: 13.00 - 13.15 | C34: 28 | D34: 10 | E34: 5 | F34: 15 | G34: 0 | H34: 0 | I34: 5 | J34: 1 | K34: 1 | L34: 4 | M34: 24 | N34: 0 | O34: =SUM(C34:L34,N34) -> 69 | P34: =SUM(C34:N34) -> 93 | R34: AM Peak Hr | S34: =MAX(S10:S12) -> 214 | T34: =MAX(T10:T12) -> 34 | U34: =MAX(U10:U12) -> 22 | V34: =MAX(V10:V12) -> 105 | W34: =MAX(W10:W12) -> 9 | X34: =MAX(X10:X12) -> 1 | Y34: =MAX(Y10:Y12) -> 27 | Z34: =MAX(Z10:Z12) -> 18 | ... AF34: =MAX(AF10:AF12) -> 627
B35: 13.15 - 13.30 | C35: 63 | D35: 8 | E35: 2 | F35: 20 | G35: 0 | H35: 0 | I35: 8 | J35: 10 | K35: 3 | L35: 6 | M35: 44 | N35: 0 | O35: =SUM(C35:L35,N35) -> 120 | P35: =SUM(C35:N35) -> 164 | R35: IP Peak Hr | S35: =MAX(S13:S18) -> 251 | T35: =MAX(T13:T18) -> 88 | U35: =MAX(U13:U18) -> 40 | V35: =MAX(V13:V18) -> 110 | W35: =MAX(W13:W18) -> 10 | X35: =MAX(X13:X18) -> 0 | Y35: =MAX(Y13:Y18) -> 34 | Z35: =MAX(Z13:Z18) -> 31 | ... AF35: =MAX(AF13:AF18) -> 676
B36: 13.30 - 13.45 | C36: 47 | D36: 13 | E36: 9 | F36: 29 | G36: 1 | H36: 0 | I36: 6 | J36: 5 | K36: 3 | L36: 3 | M36: 36 | N36: 0 | O36: =SUM(C36:L36,N36) -> 116 | P36: =SUM(C36:N36) -> 152 | R36: PM Peak Hr | S36: =MAX(S19:S21) -> 213 | T36: =MAX(T19:T21) -> 72 | U36: =MAX(U19:U21) -> 33 | V36: =MAX(V19:V21) -> 179 | W36: =MAX(W19:W21) -> 2 | X36: =MAX(X19:X21) -> 0 | Y36: =MAX(Y19:Y21) -> 30 | Z36: =MAX(Z19:Z21) -> 38 | ... AF36: =MAX(AF19:AF21) -> 829
B37: 13.45 - 14.00 | C37: 40 | D37: 22 | E37: 9 | F37: 19 | G37: 0 | H37: 0 | I37: 5 | J37: 5 | K37: 3 | L37: 8 | M37: 31 | N37: 0 | O37: =SUM(C37:L37,N37) -> 111 | P37: =SUM(C37:N37) -> 142 | R37: AM Period | S37: =SUM(S10:S12) -> 396 | T37: =SUM(T10:T12) -> 86 | U37: =SUM(U10:U12) -> 61 | V37: =SUM(V10:V12) -> 292 | W37: =SUM(W10:W12) -> 11 | X37: =SUM(X10:X12) -> 1 | Y37: =SUM(Y10:Y12) -> 56 | Z37: =SUM(Z10:Z12) -> 43 | ... AF37: =SUM(AF10:AF12) -> 1441
B38: 14.00 - 14.15 | C38: 48 | D38: 19 | E38: 9 | F38: 21 | G38: 0 | H38: 0 | I38: 4 | J38: 7 | K38: 4 | L38: 5 | M38: 34 | N38: 0 | O38: =SUM(C38:L38,N38) -> 117 | P38: =SUM(C38:N38) -> 151 | R38: IP Period | S38: =SUM(S13:S18) -> 1104 | T38: =SUM(T13:T18) -> 354 | U38: =SUM(U13:U18) -> 183 | V38: =SUM(V13:V18) -> 536 | W38: =SUM(W13:W18) -> 25 | X38: =SUM(X13:X18) -> 0 | Y38: =SUM(Y13:Y18) -> 144 | Z38: =SUM(Z13:Z18) -> 117 | ... AF38: =SUM(AF13:AF18) -> 3497
B39: 14.15 - 14.30 | C39: 31 | D39: 22 | E39: 3 | F39: 17 | G39: 1 | H39: 0 | I39: 8 | J39: 2 | K39: 6 | L39: 4 | M39: 26 | N39: 0 | O39: =SUM(C39:L39,N39) -> 94 | P39: =SUM(C39:N39) -> 120 | R39: PM Period | S39: =SUM(S19:S21) -> 429 | T39: =SUM(T19:T21) -> 149 | U39: =SUM(U19:U21) -> 79 | V39: =SUM(V19:V21) -> 386 | W39: =SUM(W19:W21) -> 3 | X39: =SUM(X19:X21) -> 0 | Y39: =SUM(Y19:Y21) -> 67 | Z39: =SUM(Z19:Z21) -> 76 | ... AF39: =SUM(AF19:AF21) -> 1840
B40: 14.30 - 14.45 | C40: 35 | D40: 26 | E40: 7 | F40: 15 | G40: 0 | H40: 0 | I40: 4 | J40: 3 | K40: 10 | L40: 8 | M40: 31 | N40: 0 | O40: =SUM(C40:L40,N40) -> 108 | P40: =SUM(C40:N40) -> 139 | R40: 12 Hours | S40: =SUM(S10:S21) -> 1929 | T40: =SUM(T10:T21) -> 589 | U40: =SUM(U10:U21) -> 323 | V40: =SUM(V10:V21) -> 1214 | W40: =SUM(W10:W21) -> 39 | X40: =SUM(X10:X21) -> 1 | Y40: =SUM(Y10:Y21) -> 267 | Z40: =SUM(Z10:Z21) -> 236 | ... AF40: =SUM(AF10:AF21) -> 6778
B41: 14.45 - 15.00 | C41: 35 | D41: 21 | E41: 5 | F41: 21 | G41: 1 | H41: 0 | I41: 7 | J41: 4 | K41: 6 | L41: 4 | M41: 52 | N41: 0 | O41: =SUM(C41:L41,N41) -> 104 | P41: =SUM(C41:N41) -> 156 | R41: 24 Hrs/ADT | S41: =SUM(S10:S33) -> 2355 | T41: =SUM(T10:T33) -> 892 | U41: =SUM(U10:U33) -> 413 | V41: =SUM(V10:V33) -> 1643 | W41: =SUM(W10:W33) -> 54 | X41: =SUM(X10:X33) -> 2 | Y41: =SUM(Y10:Y33) -> 325 | Z41: =SUM(Z10:Z33) -> 365 | ... AF41: =SUM(AF10:AF33) -> 8951
B42: 15.00 - 15.15 | C42: 29 | D42: 20 | E42: 10 | F42: 15 | G42: 1 | H42: 0 | I42: 8 | J42: 6 | K42: 3 | L42: 8 | M42: 30 | N42: 0 | O42: =SUM(C42:L42,N42) -> 100 | P42: =SUM(C42:N42) -> 130 | R42: NEF | S42: =S41/S40 -> 1.2208398 | T42: =T41/T40 -> 1.5144312 | U42: =U41/U40 -> 1.2786378 | V42: =V41/V40 -> 1.3533773 | W42: =W41/W40 -> 1.3846154 | X42: =X41/X40 -> 2 | Y42: =Y41/Y40 -> 1.2172285 | Z42: =Z41/Z40 -> 1.5466102 | ... AF42: =AF41/AF40 -> 1.320596
B43: 15.15 - 15.30 | C43: 30 | D43: 20 | E43: 4 | F43: 22 | G43: 1 | H43: 0 | I43: 14 | J43: 3 | K43: 6 | L43: 3 | M43: 36 | N43: 0 | O43: =SUM(C43:L43,N43) -> 103 | P43: =SUM(C43:N43) -> 139
B44: 15.30 - 15.45 | C44: 18 | D44: 14 | E44: 10 | F44: 20 | G44: 0 | H44: 0 | I44: 8 | J44: 3 | K44: 1 | L44: 4 | M44: 36 | N44: 0 | O44: =SUM(C44:L44,N44) -> 78 | P44: =SUM(C44:N44) -> 114
B45: 15.45 - 16.00 | C45: 15 | D45: 12 | E45: 0 | F45: 12 | G45: 0 | H45: 0 | I45: 4 | J45: 4 | K45: 1 | L45: 2 | M45: 27 | N45: 0 | O45: =SUM(C45:L45,N45) -> 50 | P45: =SUM(C45:N45) -> 77
B46: 16.00 - 16.15 | C46: 26 | D46: 14 | E46: 6 | F46: 29 | G46: 0 | H46: 0 | I46: 6 | J46: 2 | K46: 3 | L46: 3 | M46: 35 | N46: 0 | O46: =SUM(C46:L46,N46) -> 89 | P46: =SUM(C46:N46) -> 124
B47: 16.15 -16.30 | C47: 28 | D47: 3 | E47: 4 | F47: 17 | G47: 0 | H47: 0 | I47: 5 | J47: 1 | K47: 5 | L47: 2 | M47: 29 | N47: 0 | O47: =SUM(C47:L47,N47) -> 65 | P47: =SUM(C47:N47) -> 94
B48: 16.30 -16.45 | C48: 23 | D48: 7 | E48: 5 | F48: 22 | G48: 0 | H48: 0 | I48: 6 | J48: 3 | K48: 7 | L48: 4 | M48: 47 | N48: 0 | O48: =SUM(C48:L48,N48) -> 77 | P48: =SUM(C48:N48) -> 124
B49: 16.45 -17.00 | C49: 31 | D49: 10 | E49: 4 | F49: 23 | G49: 0 | H49: 0 | I49: 3 | J49: 6 | K49: 5 | L49: 7 | M49: 43 | N49: 0 | O49: =SUM(C49:L49,N49) -> 89 | P49: =SUM(C49:N49) -> 132
B50: 17.00 -17.15 | C50: 23 | D50: 1 | E50: 12 | F50: 25 | G50: 1 | H50: 0 | I50: 5 | J50: 5 | K50: 1 | L50: 5 | M50: 40 | N50: 0 | O50: =SUM(C50:L50,N50) -> 78 | P50: =SUM(C50:N50) -> 118
B51: 17.15 -17.30 | C51: 23 | D51: 2 | E51: 2 | F51: 28 | G51: 1 | H51: 0 | I51: 5 | J51: 6 | K51: 2 | L51: 2 | M51: 38 | N51: 0 | O51: =SUM(C51:L51,N51) -> 71 | P51: =SUM(C51:N51) -> 109
B52: 17.30 -17.45 | C52: 29 | D52: 16 | E52: 7 | F52: 33 | G52: 0 | H52: 0 | I52: 4 | J52: 3 | K52: 2 | L52: 3 | M52: 41 | N52: 0 | O52: =SUM(C52:L52,N52) -> 97 | P52: =SUM(C52:N52) -> 138
B53: 17.45 -18.00 | C53: 33 | D53: 24 | E53: 12 | F53: 30 | G53: 0 | H53: 0 | I53: 3 | J53: 12 | K53: 3 | L53: 8 | M53: 47 | N53: 0 | O53: =SUM(C53:L53,N53) -> 125 | P53: =SUM(C53:N53) -> 172
B54: 18.00 - 18.15 | C54: 73 | D54: 13 | E54: 5 | F54: 47 | G54: 1 | H54: 0 | I54: 7 | J54: 12 | K54: 9 | L54: 3 | M54: 42 | N54: 0 | O54: =SUM(C54:L54,N54) -> 170 | P54: =SUM(C54:N54) -> 212
... B105: 06.45 - 07.00 | C105: 4 | D105: 4 | E105: 1 | F105: 13 | G105: 0 | H105: 0 | I105: 0 | J105: 1 | K105: 1 | L105: 4 | M105: 15 | N105: 1 | O105: =SUM(C105:L105,N105) -> 29 | P105: =SUM(C105:N105) -> 44
B106: Totals | C106: =SUM(C10:C105) -> 2355 | D106: =SUM(D10:D105) -> 892 | E106: =SUM(E10:E105) -> 413 | F106: =SUM(F10:F105) -> 1643 | G106: =SUM(G10:G105) -> 54 | H106: =SUM(H10:H105) -> 2 | I106: =SUM(I10:I105) -> 325 | J106: =SUM(J10:J105) -> 365 | ... P106: =SUM(P10:P105) -> 8951
B107: %ges + MCs | C107: =C106/$P$106 -> 0.2630991 | D107: =D106/$P$106 -> 0.09965367 | E107: =E106/$P$106 -> 0.046140096 | F107: =F106/$P$106 -> 0.18355491 | G107: =G106/$P$106 -> 0.0060328455 | H107: =H106/$P$106 -> 0.00022343872 | I107: =I106/$P$106 -> 0.036308792 | J107: =J106/$P$106 -> 0.040777567 | ... N107: =N106/$P$106 -> 0.00011171936
B108: %ges w/o MCs | C108: =C106/$O$106 -> 0.35445515 | D108: =D106/$O$106 -> 0.13425647 | E108: =E106/$O$106 -> 0.062161349 | F108: =F106/$O$106 -> 0.24729079 | G108: =G106/$O$106 -> 0.008127634 | H108: =H106/$O$106 -> 0.00030102348 | I108: =I106/$O$106 -> 0.048916315 | J108: =J106/$O$106 -> 0.054936785 | ... L108: =L106/$O$106 -> 0.050872968 | N108: =N106/$O$106 -> 0.00015051174

Sheet 04.08 Nalya-Bweyogerere
B1: Consultancy services for Preparation of Expressway Development Master Plan (EDMP) for Uganda
B2: MANUAL CLASSIFIED COUNT (MCC)
B3: ROAD NAME: | C3: ='29.07 Nalya-Bweyogerere'!C3:G3 -> MCC - C1 - STN40 - NORTHERN BYPASS
C5: Date | D5: 04.08.19 | F5: Location | G5: ='03.08 Bweyogerere-Nalya-24h'!G5:H5 -> Signs and Symbols | J5: Surveyor | K5: ='03.08 Bweyogerere-Nalya-24h'!K5:L5 -> Acema Vicent/Aseru Sherry/Mejje Mathias Trevor/Martin Anthony
C6: Dir. From | D6: ='29.07 Nalya-Bweyogerere'!D6:E6 -> Naalya | F6: Dir. To | G6: ='29.07 Nalya-Bweyogerere'!G6:H6 -> Bweyogerere | J6: Supervisor | K6: ='03.08 Bweyogerere-Nalya-24h'!K6:L6 -> Steven
B8: Time / Veh Type | R8: SUMMARY TRAFFIC VOLUMES
C9: 1. Car | D9: 2. Station Wagon | E9: 3. Pickups | F9: 4. Minibus, matatu | G9: 5. Medium bus | H9: 6. Large Bus | I9: 7. Light Truck | J9: 8. Medium Truck | K9: 9. Heavy truck | L9: 10. Truck Trailer | M9: 11. Motor cycles | N9: 12. Tractors | O9: Total Excl M/Cycles | P9: Total All | R9: Time | S9: 1. Car | T9: 2. Station Wagon | U9: 3. Pickups | V9: 4. Minibus, matatu | W9: 5. Medium bus | X9: 6. Large Bus | Y9: 7. Light Truck | Z9: 8. Medium Truck | AA9: 9. Heavy truck | AB9: 10. Truck Trailer | AC9: 11. Motorcycles | AD9: 12. Tractors, Graders | AE9: Total Excl M/ Cycles | AF9: Total All
B10: 07.00 - 07.15 | C10: 11 | D10: 5 | E10: 2 | F10: 17 | G10: 1 | H10: 0 | I10: 5 | J10: 3 | K10: 2 | L10: 0 | M10: 17 | N10: 0 | O10: =SUM(C10:L10,N10) -> 46 | P10: =SUM(C10:N10) -> 63 | R10: 0700-0800 | S10: =SUM(C10:C13) -> 47 | T10: =SUM(D10:D13) -> 30 | U10: =SUM(E10:E13) -> 8 | V10: =SUM(F10:F13) -> 88 | W10: =SUM(G10:G13) -> 1 | X10: =SUM(H10:H13) -> 0 | Y10: =SUM(I10:I13) -> 15 | Z10: =SUM(J10:J13) -> 13 | ... AF10: =SUM(P10:P13) -> 326
B11: 07.15 - 07.30 | C11: 10 | D11: 6 | E11: 0 | F11: 19 | G11: 0 | H11: 0 | I11: 2 | J11: 5 | K11: 0 | L11: 0 | M11: 26 | N11: 0 | O11: =SUM(C11:L11,N11) -> 42 | P11: =SUM(C11:N11) -> 68 | R11: 0800-0900 | S11: =SUM(C14:C17) -> 48 | T11: =SUM(D14:D17) -> 37 | U11: =SUM(E14:E17) -> 8 | V11: =SUM(F14:F17) -> 117 | W11: =SUM(G14:G17) -> 0 | X11: =SUM(H14:H17) -> 0 | Y11: =SUM(I14:I17) -> 18 | Z11: =SUM(J14:J17) -> 11 | ... AF11: =SUM(P14:P17) -> 408
B12: 07.30 - 07.45 | C12: 8 | D12: 11 | E12: 4 | F12: 23 | G12: 0 | H12: 0 | I12: 3 | J12: 2 | K12: 4 | L12: 4 | M12: 26 | N12: 0 | O12: =SUM(C12:L12,N12) -> 59 | P12: =SUM(C12:N12) -> 85 | R12: 0900-1000 | S12: =SUM(C18:C21) -> 61 | T12: =SUM(D18:D21) -> 32 | U12: =SUM(E18:E21) -> 13 | V12: =SUM(F18:F21) -> 110 | W12: =SUM(G18:G21) -> 1 | X12: =SUM(H18:H21) -> 0 | Y12: =SUM(I18:I21) -> 8 | Z12: =SUM(J18:J21) -> 6 | ... AF12: =SUM(P18:P21) -> 396
B13: 07.45 - 08.00 | C13: 18 | D13: 8 | E13: 2 | F13: 29 | G13: 0 | H13: 0 | I13: 5 | J13: 3 | K13: 3 | L13: 5 | M13: 37 | N13: 0 | O13: =SUM(C13:L13,N13) -> 73 | P13: =SUM(C13:N13) -> 110 | R13: 1000-1100 | S13: =SUM(C22:C25) -> 87 | T13: =SUM(D22:D25) -> 46 | U13: =SUM(E22:E25) -> 28 | V13: =SUM(F22:F25) -> 109 | W13: =SUM(G22:G25) -> 1 | X13: =SUM(H22:H25) -> 0 | Y13: =SUM(I22:I25) -> 7 | Z13: =SUM(J22:J25) -> 6 | ... AF13: =SUM(P22:P25) -> 441
B14: 08.00 - 08.15 | C14: 14 | D14: 5 | E14: 1 | F14: 29 | G14: 0 | H14: 0 | I14: 6 | J14: 2 | K14: 1 | L14: 1 | M14: 34 | N14: 0 | O14: =SUM(C14:L14,N14) -> 59 | P14: =SUM(C14:N14) -> 93 | R14: 1100-1200 | S14: =SUM(C26:C29) -> 65 | T14: =SUM(D26:D29) -> 53 | U14: =SUM(E26:E29) -> 12 | V14: =SUM(F26:F29) -> 112 | W14: =SUM(G26:G29) -> 0 | X14: =SUM(H26:H29) -> 0 | Y14: =SUM(I26:I29) -> 17 | Z14: =SUM(J26:J29) -> 7 | ... AF14: =SUM(P26:P29) -> 466
B15: 08.15 - 08.30 | C15: 9 | D15: 8 | E15: 2 | F15: 26 | G15: 0 | H15: 0 | I15: 5 | J15: 2 | K15: 0 | L15: 2 | M15: 34 | N15: 0 | O15: =SUM(C15:L15,N15) -> 54 | P15: =SUM(C15:N15) -> 88 | R15: 1200-1300 | S15: =SUM(C30:C33) -> 102 | T15: =SUM(D30:D33) -> 20 | U15: =SUM(E30:E33) -> 16 | V15: =SUM(F30:F33) -> 123 | W15: =SUM(G30:G33) -> 3 | X15: =SUM(H30:H33) -> 0 | Y15: =SUM(I30:I33) -> 13 | Z15: =SUM(J30:J33) -> 10 | ... AF15: =SUM(P30:P33) -> 477
B16: 08.30 - 08.45 | C16: 13 | D16: 13 | E16: 3 | F16: 31 | G16: 0 | H16: 0 | I16: 3 | J16: 4 | K16: 0 | L16: 0 | M16: 40 | N16: 0 | O16: =SUM(C16:L16,N16) -> 67 | P16: =SUM(C16:N16) -> 107 | R16: 1300-1400 | S16: =SUM(C34:C37) -> 128 | T16: =SUM(D34:D37) -> 36 | U16: =SUM(E34:E37) -> 13 | V16: =SUM(F34:F37) -> 109 | W16: =SUM(G34:G37) -> 1 | X16: =SUM(H34:H37) -> 0 | Y16: =SUM(I34:I37) -> 12 | Z16: =SUM(J34:J37) -> 8 | ... AF16: =SUM(P34:P37) -> 503
B17: 08.45 - 9.00 | C17: 12 | D17: 11 | E17: 2 | F17: 31 | G17: 0 | H17: 0 | I17: 4 | J17: 3 | K17: 4 | L17: 3 | M17: 50 | N17: 0 | O17: =SUM(C17:L17,N17) -> 70 | P17: =SUM(C17:N17) -> 120 | R17: 1400-1500 | S17: =SUM(C38:C41) -> 111 | T17: =SUM(D38:D41) -> 18 | U17: =SUM(E38:E41) -> 18 | V17: =SUM(F38:F41) -> 113 | W17: =SUM(G38:G41) -> 0 | X17: =SUM(H38:H41) -> 0 | Y17: =SUM(I38:I41) -> 10 | Z17: =SUM(J38:J41) -> 12 | ... AF17: =SUM(P38:P41) -> 469
B18: 09.00 - 09.15 | C18: 17 | D18: 6 | E18: 1 | F18: 19 | G18: 1 | H18: 0 | I18: 1 | J18: 1 | K18: 2 | L18: 0 | M18: 39 | N18: 0 | O18: =SUM(C18:L18,N18) -> 48 | P18: =SUM(C18:N18) -> 87 | R18: 1500-1600 | S18: =SUM(C42:C45) -> 86 | T18: =SUM(D42:D45) -> 15 | U18: =SUM(E42:E45) -> 9 | V18: =SUM(F42:F45) -> 78 | W18: =SUM(G42:G45) -> 0 | X18: =SUM(H42:H45) -> 0 | Y18: =SUM(I42:I45) -> 7 | Z18: =SUM(J42:J45) -> 8 | ... AF18: =SUM(P42:P45) -> 389
B19: 09.15 - 09.30 | C19: 14 | D19: 11 | E19: 0 | F19: 30 | G19: 0 | H19: 0 | I19: 1 | J19: 3 | K19: 1 | L19: 0 | M19: 42 | N19: 0 | O19: =SUM(C19:L19,N19) -> 60 | P19: =SUM(C19:N19) -> 102 | R19: 1600-1700 | S19: =SUM(C46:C49) -> 118 | T19: =SUM(D46:D49) -> 39 | U19: =SUM(E46:E49) -> 17 | V19: =SUM(F46:F49) -> 149 | W19: =SUM(G46:G49) -> 0 | X19: =SUM(H46:H49) -> 1 | Y19: =SUM(I46:I49) -> 14 | Z19: =SUM(J46:J49) -> 9 | ... AF19: =SUM(P46:P49) -> 525
B20: 09.30 - 09.45 | C20: 17 | D20: 10 | E20: 5 | F20: 32 | G20: 0 | H20: 0 | I20: 4 | J20: 2 | K20: 2 | L20: 2 | M20: 37 | N20: 0 | O20: =SUM(C20:L20,N20) -> 74 | P20: =SUM(C20:N20) -> 111 | R20: 1700-1800 | S20: =SUM(C50:C53) -> 93 | T20: =SUM(D50:D53) -> 55 | U20: =SUM(E50:E53) -> 12 | V20: =SUM(F50:F53) -> 135 | W20: =SUM(G50:G53) -> 0 | X20: =SUM(H50:H53) -> 0 | Y20: =SUM(I50:I53) -> 16 | Z20: =SUM(J50:J53) -> 9 | ... AF20: =SUM(P50:P53) -> 509
B21: 09.45 - 10.00 | C21: 13 | D21: 5 | E21: 7 | F21: 29 | G21: 0 | H21: 0 | I21: 2 | J21: 0 | K21: 0 | L21: 2 | M21: 38 | N21: 0 | O21: =SUM(C21:L21,N21) -> 58 | P21: =SUM(C21:N21) -> 96 | R21: 1800-1900 | S21: =SUM(C54:C57) -> 112 | T21: =SUM(D54:D57) -> 53 | U21: =SUM(E54:E57) -> 17 | V21: =SUM(F54:F57) -> 157 | W21: =SUM(G54:G57) -> 1 | X21: =SUM(H54:H57) -> 0 | Y21: =SUM(I54:I57) -> 25 | Z21: =SUM(J54:J57) -> 14 | ... AF21: =SUM(P54:P57) -> 600
B22: 10.00 - 10.15 | C22: 19 | D22: 9 | E22: 10 | F22: 28 | G22: 0 | H22: 0 | I22: 2 | J22: 2 | K22: 0 | L22: 0 | M22: 36 | N22: 0 | O22: =SUM(C22:L22,N22) -> 70 | P22: =SUM(C22:N22) -> 106 | R22: AM Peak Hr | S22: =MAX(S10:S12) -> 61 | T22: =MAX(T10:T12) -> 37 | U22: =MAX(U10:U12) -> 13 | V22: =MAX(V10:V12) -> 117 | W22: =MAX(W10:W12) -> 1 | X22: =MAX(X10:X12) -> 0 | Y22: =MAX(Y10:Y12) -> 18 | Z22: =MAX(Z10:Z12) -> 13 | ... AF22: =MAX(AF10:AF12) -> 408
B23: 10.15 - 10.30 | C23: 29 | D23: 8 | E23: 7 | F23: 30 | G23: 0 | H23: 0 | I23: 1 | J23: 0 | K23: 3 | L23: 3 | M23: 33 | N23: 0 | O23: =SUM(C23:L23,N23) -> 81 | P23: =SUM(C23:N23) -> 114 | R23: IP Peak Hr | S23: =MAX(S13:S18) -> 128 | T23: =MAX(T13:T18) -> 53 | U23: =MAX(U13:U18) -> 28 | V23: =MAX(V13:V18) -> 123 | W23: =MAX(W13:W18) -> 3 | X23: =MAX(X13:X18) -> 0 | Y23: =MAX(Y13:Y18) -> 17 | Z23: =MAX(Z13:Z18) -> 12 | ... AF23: =MAX(AF13:AF18) -> 503
B24: 10.30 - 10.45 | C24: 25 | D24: 11 | E24: 1 | F24: 24 | G24: 0 | H24: 0 | I24: 2 | J24: 1 | K24: 1 | L24: 4 | M24: 37 | N24: 0 | O24: =SUM(C24:L24,N24) -> 69 | P24: =SUM(C24:N24) -> 106 | R24: PM Peak Hr | S24: =MAX(S19:S21) -> 118 | T24: =MAX(T19:T21) -> 55 | U24: =MAX(U19:U21) -> 17 | V24: =MAX(V19:V21) -> 157 | W24: =MAX(W19:W21) -> 1 | X24: =MAX(X19:X21) -> 1 | Y24: =MAX(Y19:Y21) -> 25 | Z24: =MAX(Z19:Z21) -> 14 | ... AF24: =MAX(AF19:AF21) -> 600
B25: 10.45 - 11.00 | C25: 14 | D25: 18 | E25: 10 | F25: 27 | G25: 1 | H25: 0 | I25: 2 | J25: 3 | K25: 0 | L25: 3 | M25: 37 | N25: 0 | O25: =SUM(C25:L25,N25) -> 78 | P25: =SUM(C25:N25) -> 115 | R25: AM Period | S25: =SUM(S10:S12) -> 156 | T25: =SUM(T10:T12) -> 99 | U25: =SUM(U10:U12) -> 29 | V25: =SUM(V10:V12) -> 315 | W25: =SUM(W10:W12) -> 2 | X25: =SUM(X10:X12) -> 0 | Y25: =SUM(Y10:Y12) -> 41 | Z25: =SUM(Z10:Z12) -> 30 | ... AF25: =SUM(AF10:AF12) -> 1130
B26: 11.00 - 11.15 | C26: 15 | D26: 6 | E26: 1 | F26: 29 | G26: 0 | H26: 0 | I26: 5 | J26: 2 | K26: 2 | L26: 1 | M26: 44 | N26: 0 | O26: =SUM(C26:L26,N26) -> 61 | P26: =SUM(C26:N26) -> 105 | R26: IP Period | S26: =SUM(S13:S18) -> 579 | T26: =SUM(T13:T18) -> 188 | U26: =SUM(U13:U18) -> 96 | V26: =SUM(V13:V18) -> 644 | W26: =SUM(W13:W18) -> 5 | X26: =SUM(X13:X18) -> 0 | Y26: =SUM(Y13:Y18) -> 66 | Z26: =SUM(Z13:Z18) -> 51 | ... AF26: =SUM(AF13:AF18) -> 2745
B27: 11.15 - 11.30 | C27: 11 | D27: 18 | E27: 1 | F27: 31 | G27: 0 | H27: 0 | I27: 7 | J27: 2 | K27: 1 | L27: 6 | M27: 49 | N27: 0 | O27: =SUM(C27:L27,N27) -> 77 | P27: =SUM(C27:N27) -> 126 | R27: PM Period | S27: =SUM(S19:S21) -> 323 | T27: =SUM(T19:T21) -> 147 | U27: =SUM(U19:U21) -> 46 | V27: =SUM(V19:V21) -> 441 | W27: =SUM(W19:W21) -> 1 | X27: =SUM(X19:X21) -> 1 | Y27: =SUM(Y19:Y21) -> 55 | Z27: =SUM(Z19:Z21) -> 32 | ... AF27: =SUM(AF19:AF21) -> 1634
B28: 11.30 - 11.45 | C28: 18 | D28: 14 | E28: 3 | F28: 24 | G28: 0 | H28: 0 | I28: 3 | J28: 2 | K28: 0 | L28: 9 | M28: 38 | N28: 0 | O28: =SUM(C28:L28,N28) -> 73 | P28: =SUM(C28:N28) -> 111 | R28: 12 Hours | S28: =SUM(S10:S21) -> 1058 | T28: =SUM(T10:T21) -> 434 | U28: =SUM(U10:U21) -> 171 | V28: =SUM(V10:V21) -> 1400 | W28: =SUM(W10:W21) -> 8 | X28: =SUM(X10:X21) -> 1 | Y28: =SUM(Y10:Y21) -> 162 | Z28: =SUM(Z10:Z21) -> 113 | ... AF28: =SUM(AF10:AF21) -> 5509
B29: 11.45 - 12.00 | C29: 21 | D29: 15 | E29: 7 | F29: 28 | G29: 0 | H29: 0 | I29: 2 | J29: 1 | K29: 0 | L29: 1 | M29: 49 | N29: 0 | O29: =SUM(C29:L29,N29) -> 75 | P29: =SUM(C29:N29) -> 124
B30: 12.00 - 12.15 | C30: 25 | D30: 11 | E30: 1 | F30: 26 | G30: 1 | H30: 0 | I30: 5 | J30: 1 | K30: 1 | L30: 3 | M30: 46 | N30: 0 | O30: =SUM(C30:L30,N30) -> 74 | P30: =SUM(C30:N30) -> 120
B31: 12.15 - 12.30 | C31: 25 | D31: 1 | E31: 4 | F31: 36 | G31: 2 | H31: 0 | I31: 2 | J31: 3 | K31: 0 | L31: 4 | M31: 45 | N31: 0 | O31: =SUM(C31:L31,N31) -> 77 | P31: =SUM(C31:N31) -> 122
B32: 12.30 - 12.45 | C32: 28 | D32: 6 | E32: 7 | F32: 30 | G32: 0 | H32: 0 | I32: 6 | J32: 2 | K32: 1 | L32: 7 | M32: 45 | N32: 0 | O32: =SUM(C32:L32,N32) -> 87 | P32: =SUM(C32:N32) -> 132
B33: 12.45 - 13.00 | C33: 24 | D33: 2 | E33: 4 | F33: 31 | G33: 0 | H33: 0 | I33: 0 | J33: 4 | K33: 1 | L33: 1 | M33: 36 | N33: 0 | O33: =SUM(C33:L33,N33) -> 67 | P33: =SUM(C33:N33) -> 103
B34: 13.00 - 13.15 | C34: 32 | D34: 9 | E34: 9 | F34: 22 | G34: 0 | H34: 0 | I34: 4 | J34: 2 | K34: 1 | L34: 4 | M34: 49 | N34: 0 | O34: =SUM(C34:L34,N34) -> 83 | P34: =SUM(C34:N34) -> 132
B35: 13.15 - 13.30 | C35: 25 | D35: 7 | E35: 1 | F35: 28 | G35: 0 | H35: 0 | I35: 3 | J35: 3 | K35: 0 | L35: 3 | M35: 49 | N35: 0 | O35: =SUM(C35:L35,N35) -> 70 | P35: =SUM(C35:N35) -> 119
B36: 13.30 - 13.45 | C36: 37 | D36: 11 | E36: 3 | F36: 32 | G36: 1 | H36: 0 | I36: 2 | J36: 1 | K36: 0 | L36: 7 | M36: 33 | N36: 0 | O36: =SUM(C36:L36,N36) -> 94 | P36: =SUM(C36:N36) -> 127
B37: 13.45 - 14.00 | C37: 34 | D37: 9 | E37: 0 | F37: 27 | G37: 0 | H37: 0 | I37: 3 | J37: 2 | K37: 0 | L37: 5 | M37: 45 | N37: 0 | O37: =SUM(C37:L37,N37) -> 80 | P37: =SUM(C37:N37) -> 125
B38: 14.00 - 14.15 | C38: 23 | D38: 5 | E38: 3 | F38: 24 | G38: 0 | H38: 0 | I38: 2 | J38: 4 | K38: 0 | L38: 1 | M38: 29 | N38: 0 | O38: =SUM(C38:L38,N38) -> 62 | P38: =SUM(C38:N38) -> 91
B39: 14.15 - 14.30 | C39: 33 | D39: 4 | E39: 5 | F39: 31 | G39: 0 | H39: 0 | I39: 4 | J39: 3 | K39: 3 | L39: 4 | M39: 41 | N39: 0 | O39: =SUM(C39:L39,N39) -> 87 | P39: =SUM(C39:N39) -> 128
B40: 14.30 - 14.45 | C40: 23 | D40: 3 | E40: 3 | F40: 24 | G40: 0 | H40: 0 | I40: 2 | J40: 1 | K40: 1 | L40: 5 | M40: 51 | N40: 0 | O40: =SUM(C40:L40,N40) -> 62 | P40: =SUM(C40:N40) -> 113
... B57: 18.45 - 19.00 | C57: 28 | D57: 12 | E57: 5 | F57: 42 | G57: 0 | H57: 0 | I57: 7 | J57: 6 | K57: 5 | L57: 4 | M57: 36 | N57: 0 | O57: =SUM(C57:L57,N57) -> 109 | P57: =SUM(C57:N57) -> 145
B58: Totals | C58: =SUM(C10:C57) -> 1058 | D58: =SUM(D10:D57) -> 434 | E58: =SUM(E10:E57) -> 171 | F58: =SUM(F10:F57) -> 1400 | G58: =SUM(G10:G57) -> 8 | H58: =SUM(H10:H57) -> 1 | I58: =SUM(I10:I57) -> 162 | J58: =SUM(J10:J57) -> 113 | ... P58: =SUM(P10:P57) -> 5509
B59: %ges + MCs | C59: =C58/$P$58 -> 0.19204937 | D59: =D58/$P$58 -> 0.078780178 | E59: =E58/$P$58 -> 0.031040116 | F59: =F58/$P$58 -> 0.25412961 | G59: =G58/$P$58 -> 0.0014521692 | H59: =H58/$P$58 -> 0.00018152115 | I59: =I58/$P$58 -> 0.029406426 | J59: =J58/$P$58 -> 0.02051189 | ... N59: =N58/$P$58 -> 0
B60: %ges w/o MCs | C60: =C58/$O$58 -> 0.29372571 | D60: =D58/$O$58 -> 0.12048862 | E60: =E58/$O$58 -> 0.047473626 | F60: =F58/$O$58 -> 0.38867296 | G60: =G58/$O$58 -> 0.0022209883 | H60: =H58/$O$58 -> 0.00027762354 | I60: =I58/$O$58 -> 0.044975014 | J60: =J58/$O$58 -> 0.03137146 | ... L60: =L58/$O$58 -> 0.050805108 | N60: =N58/$O$58 -> 0

Sheet 04.08 Bweyogerere-Nalya
B1: Consultancy services for Preparation of Expressway Development Master Plan (EDMP) for Uganda
B2: MANUAL CLASSIFIED COUNT (MCC)
B3: ROAD NAME: | C3: ='29.07 Bweyogerere-Nalya'!C3:G3 -> MCC - C1 - STN40 - NORTHERN BYPASS
