Workbook

Sheet 25.10 Katuna-Kabale 24hr
B1: Consultancy services for Preparation of Expressway Development Master Plan (EDMP) for Uganda
B2: MANUAL CLASSIFIED COUNT (MCC)
B3: ROAD NAME: | C3: ='26.10 Katuna-Kabale'!C3:G3 -> MCC - C1 - STN134 - KATUNA-KABALE ROAD
C5: Date | D5: 25.10.19 | F5: Location | G5: Katuba BP | J5: Surveyor | K5: Ainebyona E
C6: Dir. From | D6: Katuna | F6: Dir. To | G6: Kabale | J6: Supervisor | K6: Mbabazi
B8: Time / Veh Type | R8: SUMMARY TRAFFIC VOLUMES
C9: 1. Car | D9: 2. Station Wagon | E9: 3. Pickups | F9: 4. Minibus, matatu | G9: 5. Medium bus | H9: 6. Large Bus | I9: 7. Light Truck | J9: 8. Medium Truck | K9: 9. Heavy truck | L9: 10. Truck Trailer | M9: 11. Motor cycles | N9: 12. Tractors | O9: Total Excl M/Cycles | P9: Total All | R9: Time | S9: 1. Car | T9: 2. Station Wagon | U9: 3. Pickups | V9: 4. Minibus, matatu | W9: 5. Medium bus | X9: 6. Large Bus | Y9: 7. Light Truck | Z9: 8. Medium Truck | AA9: 9. Heavy truck | AB9: 10. Truck Trailer | AC9: 11. Motorcycles | AD9: 12. Tractors, Graders | AE9: Total Excl M/ Cycles | AF9: Total All
B10: 07.00 - 07.15 | C10: 1 | D10: 0 | E10: 0 | F10: 0 | G10: 0 | H10: 0 | I10: 0 | J10: 0 | K10: 0 | L10: 0 | M10: 4 | N10: 0 | O10: =SUM(C10:L10,N10) -> 1 | P10: =SUM(C10:N10) -> 5 | R10: 0700-0800 | S10: =SUM(C10:C13) -> 6 | T10: =SUM(D10:D13) -> 1 | U10: =SUM(E10:E13) -> 0 | V10: =SUM(F10:F13) -> 0 | W10: =SUM(G10:G13) -> 0 | X10: =SUM(H10:H13) -> 0 | Y10: =SUM(I10:I13) -> 0 | Z10: =SUM(J10:J13) -> 0 | ... AF10: =SUM(P10:P13) -> 20
B11: 07.15 - 07.30 | C11: 2 | D11: 0 | E11: 0 | F11: 0 | G11: 0 | H11: 0 | I11: 0 | J11: 0 | K11: 0 | L11: 0 | M11: 0 | N11: 0 | O11: =SUM(C11:L11,N11) -> 2 | P11: =SUM(C11:N11) -> 2 | R11: 0800-0900 | S11: =SUM(C14:C17) -> 21 | T11: =SUM(D14:D17) -> 1 | U11: =SUM(E14:E17) -> 1 | V11: =SUM(F14:F17) -> 0 | W11: =SUM(G14:G17) -> 0 | X11: =SUM(H14:H17) -> 0 | Y11: =SUM(I14:I17) -> 2 | Z11: =SUM(J14:J17) -> 0 | ... AF11: =SUM(P14:P17) -> 50
B12: 07.30 - 07.45 | C12: 2 | D12: 0 | E12: 0 | F12: 0 | G12: 0 | H12: 0 | I12: 0 | J12: 0 | K12: 0 | L12: 0 | M12: 4 | N12: 0 | O12: =SUM(C12:L12,N12) -> 2 | P12: =SUM(C12:N12) -> 6 | R12: 0900-1000 | S12: =SUM(C18:C21) -> 17 | T12: =SUM(D18:D21) -> 1 | U12: =SUM(E18:E21) -> 2 | V12: =SUM(F18:F21) -> 1 | W12: =SUM(G18:G21) -> 0 | X12: =SUM(H18:H21) -> 0 | Y12: =SUM(I18:I21) -> 8 | Z12: =SUM(J18:J21) -> 0 | ... AF12: =SUM(P18:P21) -> 62
B13: 07.45 - 08.00 | C13: 1 | D13: 1 | E13: 0 | F13: 0 | G13: 0 | H13: 0 | I13: 0 | J13: 0 | K13: 0 | L13: 0 | M13: 5 | N13: 0 | O13: =SUM(C13:L13,N13) -> 2 | P13: =SUM(C13:N13) -> 7 | R13: 1000-1100 | S13: =SUM(C22:C25) -> 15 | T13: =SUM(D22:D25) -> 0 | U13: =SUM(E22:E25) -> 2 | V13: =SUM(F22:F25) -> 0 | W13: =SUM(G22:G25) -> 0 | X13: =SUM(H22:H25) -> 0 | Y13: =SUM(I22:I25) -> 3 | Z13: =SUM(J22:J25) -> 0 | ... AF13: =SUM(P22:P25) -> 50
B14: 08.00 - 08.15 | C14: 5 | D14: 0 | E14: 1 | F14: 0 | G14: 0 | H14: 0 | I14: 0 | J14: 0 | K14: 0 | L14: 0 | M14: 5 | N14: 0 | O14: =SUM(C14:L14,N14) -> 6 | P14: =SUM(C14:N14) -> 11 | R14: 1100-1200 | S14: =SUM(C26:C29) -> 11 | T14: =SUM(D26:D29) -> 0 | U14: =SUM(E26:E29) -> 0 | V14: =SUM(F26:F29) -> 0 | W14: =SUM(G26:G29) -> 1 | X14: =SUM(H26:H29) -> 0 | Y14: =SUM(I26:I29) -> 1 | Z14: =SUM(J26:J29) -> 0 | ... AF14: =SUM(P26:P29) -> 37
B15: 08.15 - 08.30 | C15: 6 | D15: 1 | E15: 0 | F15: 0 | G15: 0 | H15: 0 | I15: 0 | J15: 0 | K15: 0 | L15: 0 | M15: 3 | N15: 0 | O15: =SUM(C15:L15,N15) -> 7 | P15: =SUM(C15:N15) -> 10 | R15: 1200-1300 | S15: =SUM(C30:C33) -> 16 | T15: =SUM(D30:D33) -> 10 | U15: =SUM(E30:E33) -> 0 | V15: =SUM(F30:F33) -> 0 | W15: =SUM(G30:G33) -> 0 | X15: =SUM(H30:H33) -> 2 | Y15: =SUM(I30:I33) -> 5 | Z15: =SUM(J30:J33) -> 0 | ... AF15: =SUM(P30:P33) -> 65
B16: 08.30 - 08.45 | C16: 2 | D16: 0 | E16: 0 | F16: 0 | G16: 0 | H16: 0 | I16: 0 | J16: 0 | K16: 0 | L16: 0 | M16: 7 | N16: 0 | O16: =SUM(C16:L16,N16) -> 2 | P16: =SUM(C16:N16) -> 9 | R16: 1300-1400 | S16: =SUM(C34:C37) -> 13 | T16: =SUM(D34:D37) -> 2 | U16: =SUM(E34:E37) -> 0 | V16: =SUM(F34:F37) -> 1 | W16: =SUM(G34:G37) -> 1 | X16: =SUM(H34:H37) -> 0 | Y16: =SUM(I34:I37) -> 0 | Z16: =SUM(J34:J37) -> 0 | ... AF16: =SUM(P34:P37) -> 47
B17: 08.45 - 9.00 | C17: 8 | D17: 0 | E17: 0 | F17: 0 | G17: 0 | H17: 0 | I17: 2 | J17: 0 | K17: 0 | L17: 0 | M17: 10 | N17: 0 | O17: =SUM(C17:L17,N17) -> 10 | P17: =SUM(C17:N17) -> 20 | R17: 1400-1500 | S17: =SUM(C38:C41) -> 11 | T17: =SUM(D38:D41) -> 1 | U17: =SUM(E38:E41) -> 1 | V17: =SUM(F38:F41) -> 0 | W17: =SUM(G38:G41) -> 0 | X17: =SUM(H38:H41) -> 0 | Y17: =SUM(I38:I41) -> 3 | Z17: =SUM(J38:J41) -> 0 | ... AF17: =SUM(P38:P41) -> 42
B18: 09.00 - 09.15 | C18: 5 | D18: 0 | E18: 1 | F18: 0 | G18: 0 | H18: 0 | I18: 3 | J18: 0 | K18: 0 | L18: 0 | M18: 6 | N18: 0 | O18: =SUM(C18:L18,N18) -> 9 | P18: =SUM(C18:N18) -> 15 | R18: 1500-1600 | S18: =SUM(C42:C45) -> 10 | T18: =SUM(D42:D45) -> 2 | U18: =SUM(E42:E45) -> 4 | V18: =SUM(F42:F45) -> 2 | W18: =SUM(G42:G45) -> 0 | X18: =SUM(H42:H45) -> 0 | Y18: =SUM(I42:I45) -> 3 | Z18: =SUM(J42:J45) -> 2 | ... AF18: =SUM(P42:P45) -> 43
B19: 09.15 - 09.30 | C19: 3 | D19: 0 | E19: 1 | F19: 1 | G19: 0 | H19: 0 | I19: 2 | J19: 0 | K19: 0 | L19: 0 | M19: 13 | N19: 0 | O19: =SUM(C19:L19,N19) -> 7 | P19: =SUM(C19:N19) -> 20 | R19: 1600-1700 | S19: =SUM(C46:C49) -> 8 | T19: =SUM(D46:D49) -> 0 | U19: =SUM(E46:E49) -> 2 | V19: =SUM(F46:F49) -> 1 | W19: =SUM(G46:G49) -> 0 | X19: =SUM(H46:H49) -> 0 | Y19: =SUM(I46:I49) -> 1 | Z19: =SUM(J46:J49) -> 0 | ... AF19: =SUM(P46:P49) -> 42
B20: 09.30 - 09.45 | C20: 3 | D20: 0 | E20: 0 | F20: 0 | G20: 0 | H20: 0 | I20: 1 | J20: 0 | K20: 0 | L20: 0 | M20: 5 | N20: 0 | O20: =SUM(C20:L20,N20) -> 4 | P20: =SUM(C20:N20) -> 9 | R20: 1700-1800 | S20: =SUM(C50:C53) -> 17 | T20: =SUM(D50:D53) -> 6 | U20: =SUM(E50:E53) -> 1 | V20: =SUM(F50:F53) -> 1 | W20: =SUM(G50:G53) -> 0 | X20: =SUM(H50:H53) -> 0 | Y20: =SUM(I50:I53) -> 1 | Z20: =SUM(J50:J53) -> 0 | ... AF20: =SUM(P50:P53) -> 64
B21: 09.45 - 10.00 | C21: 6 | D21: 1 | E21: 0 | F21: 0 | G21: 0 | H21: 0 | I21: 2 | J21: 0 | K21: 0 | L21: 0 | M21: 9 | N21: 0 | O21: =SUM(C21:L21,N21) -> 9 | P21: =SUM(C21:N21) -> 18 | R21: 1800-1900 | S21: =SUM(C54:C57) -> 21 | T21: =SUM(D54:D57) -> 7 | U21: =SUM(E54:E57) -> 4 | V21: =SUM(F54:F57) -> 0 | W21: =SUM(G54:G57) -> 0 | X21: =SUM(H54:H57) -> 0 | Y21: =SUM(I54:I57) -> 9 | Z21: =SUM(J54:J57) -> 0 | ... AF21: =SUM(P54:P57) -> 63
B22: 10.00 - 10.15 | C22: 1 | D22: 0 | E22: 0 | F22: 0 | G22: 0 | H22: 0 | I22: 1 | J22: 0 | K22: 0 | L22: 0 | M22: 6 | N22: 0 | O22: =SUM(C22:L22,N22) -> 2 | P22: =SUM(C22:N22) -> 8 | R22: 1900-2000 | S22: =SUM(C58:C61) -> 15 | T22: =SUM(D58:D61) -> 6 | U22: =SUM(E58:E61) -> 2 | V22: =SUM(F58:F61) -> 0 | W22: =SUM(G58:G61) -> 0 | X22: =SUM(H58:H61) -> 1 | Y22: =SUM(I58:I61) -> 0 | Z22: =SUM(J58:J61) -> 0 | ... AF22: =SUM(P58:P61) -> 35
B23: 10.15 - 10.30 | C23: 3 | D23: 0 | E23: 0 | F23: 0 | G23: 0 | H23: 0 | I23: 0 | J23: 0 | K23: 0 | L23: 0 | M23: 9 | N23: 0 | O23: =SUM(C23:L23,N23) -> 3 | P23: =SUM(C23:N23) -> 12 | R23: 2000-2100 | S23: =SUM(C62:C65) -> 15 | T23: =SUM(D62:D65) -> 7 | U23: =SUM(E62:E65) -> 3 | V23: =SUM(F62:F65) -> 4 | W23: =SUM(G62:G65) -> 1 | X23: =SUM(H62:H65) -> 0 | Y23: =SUM(I62:I65) -> 3 | Z23: =SUM(J62:J65) -> 0 | ... AF23: =SUM(P62:P65) -> 58
B24: 10.30 - 10.45 | C24: 5 | D24: 0 | E24: 0 | F24: 0 | G24: 0 | H24: 0 | I24: 1 | J24: 0 | K24: 0 | L24: 0 | M24: 7 | N24: 0 | O24: =SUM(C24:L24,N24) -> 6 | P24: =SUM(C24:N24) -> 13 | R24: 2100-2200 | S24: =SUM(C66:C69) -> 8 | T24: =SUM(D66:D69) -> 1 | U24: =SUM(E66:E69) -> 1 | V24: =SUM(F66:F69) -> 2 | W24: =SUM(G66:G69) -> 0 | X24: =SUM(H66:H69) -> 0 | Y24: =SUM(I66:I69) -> 2 | Z24: =SUM(J66:J69) -> 0 | ... AF24: =SUM(P66:P69) -> 24
B25: 10.45 - 11.00 | C25: 6 | D25: 0 | E25: 2 | F25: 0 | G25: 0 | H25: 0 | I25: 1 | J25: 0 | K25: 0 | L25: 0 | M25: 8 | N25: 0 | O25: =SUM(C25:L25,N25) -> 9 | P25: =SUM(C25:N25) -> 17 | R25: 2200-2300 | S25: =SUM(C70:C73) -> 4 | T25: =SUM(D70:D73) -> 0 | U25: =SUM(E70:E73) -> 0 | V25: =SUM(F70:F73) -> 0 | W25: =SUM(G70:G73) -> 0 | X25: =SUM(H70:H73) -> 0 | Y25: =SUM(I70:I73) -> 1 | Z25: =SUM(J70:J73) -> 0 | ... AF25: =SUM(P70:P73) -> 12
B26: 11.00 - 11.15 | C26: 3 | D26: 0 | E26: 0 | F26: 0 | G26: 0 | H26: 0 | I26: 1 | J26: 0 | K26: 0 | L26: 0 | M26: 5 | N26: 0 | O26: =SUM(C26:L26,N26) -> 4 | P26: =SUM(C26:N26) -> 9 | R26: 2300-0000 | S26: =SUM(C74:C77) -> 4 | T26: =SUM(D74:D77) -> 0 | U26: =SUM(E74:E77) -> 0 | V26: =SUM(F74:F77) -> 0 | W26: =SUM(G74:G77) -> 0 | X26: =SUM(H74:H77) -> 0 | Y26: =SUM(I74:I77) -> 1 | Z26: =SUM(J74:J77) -> 0 | ... AF26: =SUM(P74:P77) -> 7
B27: 11.15 - 11.30 | C27: 2 | D27: 0 | E27: 0 | F27: 0 | G27: 0 | H27: 0 | I27: 0 | J27: 0 | K27: 0 | L27: 0 | M27: 4 | N27: 0 | O27: =SUM(C27:L27,N27) -> 2 | P27: =SUM(C27:N27) -> 6 | R27: 0000-0100 | S27: =SUM(C78:C81) -> 4 | T27: =SUM(D78:D81) -> 2 | U27: =SUM(E78:E81) -> 1 | V27: =SUM(F78:F81) -> 0 | W27: =SUM(G78:G81) -> 0 | X27: =SUM(H78:H81) -> 0 | Y27: =SUM(I78:I81) -> 1 | Z27: =SUM(J78:J81) -> 0 | ... AF27: =SUM(P78:P81) -> 9
B28: 11.30 - 11.45 | C28: 1 | D28: 0 | E28: 0 | F28: 0 | G28: 1 | H28: 0 | I28: 0 | J28: 0 | K28: 0 | L28: 0 | M28: 9 | N28: 0 | O28: =SUM(C28:L28,N28) -> 2 | P28: =SUM(C28:N28) -> 11 | R28: 0100-0200 | S28: =SUM(C82:C85) -> 1 | T28: =SUM(D82:D85) -> 1 | U28: =SUM(E82:E85) -> 3 | V28: =SUM(F82:F85) -> 0 | W28: =SUM(G82:G85) -> 0 | X28: =SUM(H82:H85) -> 0 | Y28: =SUM(I82:I85) -> 0 | Z28: =SUM(J82:J85) -> 2 | ... AF28: =SUM(P82:P85) -> 10
B29: 11.45 - 12.00 | C29: 5 | D29: 0 | E29: 0 | F29: 0 | G29: 0 | H29: 0 | I29: 0 | J29: 0 | K29: 0 | L29: 0 | M29: 6 | N29: 0 | O29: =SUM(C29:L29,N29) -> 5 | P29: =SUM(C29:N29) -> 11 | R29: 0200-0300 | S29: =SUM(C86:C89) -> 6 | T29: =SUM(D86:D89) -> 2 | U29: =SUM(E86:E89) -> 2 | V29: =SUM(F86:F89) -> 0 | W29: =SUM(G86:G89) -> 1 | X29: =SUM(H86:H89) -> 0 | Y29: =SUM(I86:I89) -> 2 | Z29: =SUM(J86:J89) -> 0 | ... AF29: =SUM(P86:P89) -> 14
B30: 12.00 - 12.15 | C30: 1 | D30: 6 | E30: 0 | F30: 0 | G30: 0 | H30: 1 | I30: 0 | J30: 0 | K30: 0 | L30: 0 | M30: 8 | N30: 0 | O30: =SUM(C30:L30,N30) -> 8 | P30: =SUM(C30:N30) -> 16 | R30: 0300-0400 | S30: =SUM(C90:C93) -> 6 | T30: =SUM(D90:D93) -> 2 | U30: =SUM(E90:E93) -> 3 | V30: =SUM(F90:F93) -> 0 | W30: =SUM(G90:G93) -> 0 | X30: =SUM(H90:H93) -> 0 | Y30: =SUM(I90:I93) -> 2 | Z30: =SUM(J90:J93) -> 0 | ... AF30: =SUM(P90:P93) -> 14
B31: 12.15 - 12.30 | C31: 6 | D31: 2 | E31: 0 | F31: 0 | G31: 0 | H31: 0 | I31: 3 | J31: 0 | K31: 0 | L31: 0 | M31: 10 | N31: 0 | O31: =SUM(C31:L31,N31) -> 11 | P31: =SUM(C31:N31) -> 21 | R31: 0400-0500 | S31: =SUM(C94:C97) -> 1 | T31: =SUM(D94:D97) -> 1 | U31: =SUM(E94:E97) -> 2 | V31: =SUM(F94:F97) -> 0 | W31: =SUM(G94:G97) -> 2 | X31: =SUM(H94:H97) -> 0 | Y31: =SUM(I94:I97) -> 1 | Z31: =SUM(J94:J97) -> 0 | ... AF31: =SUM(P94:P97) -> 11
B32: 12.30 - 12.45 | C32: 5 | D32: 2 | E32: 0 | F32: 0 | G32: 0 | H32: 0 | I32: 0 | J32: 0 | K32: 0 | L32: 0 | M32: 6 | N32: 0 | O32: =SUM(C32:L32,N32) -> 7 | P32: =SUM(C32:N32) -> 13 | R32: 0500-0600 | S32: =SUM(C98:C101) -> 4 | T32: =SUM(D98:D101) -> 4 | U32: =SUM(E98:E101) -> 1 | V32: =SUM(F98:F101) -> 3 | W32: =SUM(G98:G101) -> 0 | X32: =SUM(H98:H101) -> 0 | Y32: =SUM(I98:I101) -> 6 | Z32: =SUM(J98:J101) -> 0 | ... AF32: =SUM(P98:P101) -> 25
B33: 12.45 - 13.00 | C33: 4 | D33: 0 | E33: 0 | F33: 0 | G33: 0 | H33: 1 | I33: 2 | J33: 0 | K33: 0 | L33: 0 | M33: 8 | N33: 0 | O33: =SUM(C33:L33,N33) -> 7 | P33: =SUM(C33:N33) -> 15 | R33: 0600-0700 | S33: =SUM(C102:C105) -> 6 | T33: =SUM(D102:D105) -> 6 | U33: =SUM(E102:E105) -> 3 | V33: =SUM(F102:F105) -> 3 | W33: =SUM(G102:G105) -> 2 | X33: =SUM(H102:H105) -> 0 | Y33: =SUM(I102:I105) -> 5 | Z33: =SUM(J102:J105) -> 0 | ... AF33: =SUM(P102:P105) -> 41
B34: 13.00 - 13.15 | C34: 5 | D34: 0 | E34: 0 | F34: 0 | G34: 0 | H34: 0 | I34: 0 | J34: 0 | K34: 0 | L34: 0 | M34: 6 | N34: 0 | O34: =SUM(C34:L34,N34) -> 5 | P34: =SUM(C34:N34) -> 11 | R34: AM Peak Hr | S34: =MAX(S10:S12) -> 21 | T34: =MAX(T10:T12) -> 1 | U34: =MAX(U10:U12) -> 2 | V34: =MAX(V10:V12) -> 1 | W34: =MAX(W10:W12) -> 0 | X34: =MAX(X10:X12) -> 0 | Y34: =MAX(Y10:Y12) -> 8 | Z34: =MAX(Z10:Z12) -> 0 | ... AF34: =MAX(AF10:AF12) -> 62
B35: 13.15 - 13.30 | C35: 2 | D35: 0 | E35: 0 | F35: 0 | G35: 0 | H35: 0 | I35: 0 | J35: 0 | K35: 0 | L35: 0 | M35: 5 | N35: 0 | O35: =SUM(C35:L35,N35) -> 2 | P35: =SUM(C35:N35) -> 7 | R35: IP Peak Hr | S35: =MAX(S13:S18) -> 16 | T35: =MAX(T13:T18) -> 10 | U35: =MAX(U13:U18) -> 4 | V35: =MAX(V13:V18) -> 2 | W35: =MAX(W13:W18) -> 1 | X35: =MAX(X13:X18) -> 2 | Y35: =MAX(Y13:Y18) -> 5 | Z35: =MAX(Z13:Z18) -> 2 | ... AF35: =MAX(AF13:AF18) -> 65
B36: 13.30 - 13.45 | C36: 4 | D36: 0 | E36: 0 | F36: 1 | G36: 1 | H36: 0 | I36: 0 | J36: 0 | K36: 0 | L36: 0 | M36: 10 | N36: 0 | O36: =SUM(C36:L36,N36) -> 6 | P36: =SUM(C36:N36) -> 16 | R36: PM Peak Hr | S36: =MAX(S19:S21) -> 21 | T36: =MAX(T19:T21) -> 7 | U36: =MAX(U19:U21) -> 4 | V36: =MAX(V19:V21) -> 1 | W36: =MAX(W19:W21) -> 0 | X36: =MAX(X19:X21) -> 0 | Y36: =MAX(Y19:Y21) -> 9 | Z36: =MAX(Z19:Z21) -> 0 | ... AF36: =MAX(AF19:AF21) -> 64
B37: 13.45 - 14.00 | C37: 2 | D37: 2 | E37: 0 | F37: 0 | G37: 0 | H37: 0 | I37: 0 | J37: 0 | K37: 0 | L37: 0 | M37: 9 | N37: 0 | O37: =SUM(C37:L37,N37) -> 4 | P37: =SUM(C37:N37) -> 13 | R37: AM Period | S37: =SUM(S10:S12) -> 44 | T37: =SUM(T10:T12) -> 3 | U37: =SUM(U10:U12) -> 3 | V37: =SUM(V10:V12) -> 1 | W37: =SUM(W10:W12) -> 0 | X37: =SUM(X10:X12) -> 0 | Y37: =SUM(Y10:Y12) -> 10 | Z37: =SUM(Z10:Z12) -> 0 | ... AF37: =SUM(AF10:AF12) -> 132
B38: 14.00 - 14.15 | C38: 3 | D38: 0 | E38: 1 | F38: 0 | G38: 0 | H38: 0 | I38: 2 | J38: 0 | K38: 0 | L38: 0 | M38: 6 | N38: 0 | O38: =SUM(C38:L38,N38) -> 6 | P38: =SUM(C38:N38) -> 12 | R38: IP Period | S38: =SUM(S13:S18) -> 76 | T38: =SUM(T13:T18) -> 15 | U38: =SUM(U13:U18) -> 7 | V38: =SUM(V13:V18) -> 3 | W38: =SUM(W13:W18) -> 2 | X38: =SUM(X13:X18) -> 2 | Y38: =SUM(Y13:Y18) -> 15 | Z38: =SUM(Z13:Z18) -> 2 | ... AF38: =SUM(AF13:AF18) -> 284
B39: 14.15 - 14.30 | C39: 3 | D39: 1 | E39: 0 | F39: 0 | G39: 0 | H39: 0 | I39: 0 | J39: 0 | K39: 0 | L39: 0 | M39: 10 | N39: 0 | O39: =SUM(C39:L39,N39) -> 4 | P39: =SUM(C39:N39) -> 14 | R39: PM Period | S39: =SUM(S19:S21) -> 46 | T39: =SUM(T19:T21) -> 13 | U39: =SUM(U19:U21) -> 7 | V39: =SUM(V19:V21) -> 2 | W39: =SUM(W19:W21) -> 0 | X39: =SUM(X19:X21) -> 0 | Y39: =SUM(Y19:Y21) -> 11 | Z39: =SUM(Z19:Z21) -> 0 | ... AF39: =SUM(AF19:AF21) -> 169
B40: 14.30 - 14.45 | C40: 5 | D40: 0 | E40: 0 | F40: 0 | G40: 0 | H40: 0 | I40: 0 | J40: 0 | K40: 0 | L40: 0 | M40: 6 | N40: 0 | O40: =SUM(C40:L40,N40) -> 5 | P40: =SUM(C40:N40) -> 11 | R40: 12 Hours | S40: =SUM(S10:S21) -> 166 | T40: =SUM(T10:T21) -> 31 | U40: =SUM(U10:U21) -> 17 | V40: =SUM(V10:V21) -> 6 | W40: =SUM(W10:W21) -> 2 | X40: =SUM(X10:X21) -> 2 | Y40: =SUM(Y10:Y21) -> 36 | Z40: =SUM(Z10:Z21) -> 2 | ... AF40: =SUM(AF10:AF21) -> 585
B41: 14.45 - 15.00 | C41: 0 | D41: 0 | E41: 0 | F41: 0 | G41: 0 | H41: 0 | I41: 1 | J41: 0 | K41: 0 | L41: 0 | M41: 4 | N41: 0 | O41: =SUM(C41:L41,N41) -> 1 | P41: =SUM(C41:N41) -> 5 | R41: 24 Hrs/ADT | S41: =SUM(S10:S33) -> 240 | T41: =SUM(T10:T33) -> 63 | U41: =SUM(U10:U33) -> 38 | V41: =SUM(V10:V33) -> 18 | W41: =SUM(W10:W33) -> 8 | X41: =SUM(X10:X33) -> 3 | Y41: =SUM(Y10:Y33) -> 60 | Z41: =SUM(Z10:Z33) -> 4 | ... AF41: =SUM(AF10:AF33) -> 845
B42: 15.00 - 15.15 | C42: 4 | D42: 1 | E42: 1 | F42: 0 | G42: 0 | H42: 0 | I42: 1 | J42: 1 | K42: 0 | L42: 0 | M42: 4 | N42: 0 | O42: =SUM(C42:L42,N42) -> 8 | P42: =SUM(C42:N42) -> 12 | R42: NEF | S42: =S41/S40 -> 1.4457831 | T42: =T41/T40 -> 2.0322581 | U42: =U41/U40 -> 2.2352941 | V42: =V41/V40 -> 3 | W42: =W41/W40 -> 4 | X42: =X41/X40 -> 1.5 | Y42: =Y41/Y40 -> 1.6666667 | Z42: =Z41/Z40 -> 2 | ... AF42: =AF41/AF40 -> 1.4444444
B43: 15.15 - 15.30 | C43: 0 | D43: 0 | E43: 0 | F43: 2 | G43: 0 | H43: 0 | I43: 1 | J43: 0 | K43: 0 | L43: 0 | M43: 7 | N43: 0 | O43: =SUM(C43:L43,N43) -> 3 | P43: =SUM(C43:N43) -> 10
B44: 15.30 - 15.45 | C44: 3 | D44: 1 | E44: 2 | F44: 0 | G44: 0 | H44: 0 | I44: 0 | J44: 0 | K44: 0 | L44: 0 | M44: 3 | N44: 0 | O44: =SUM(C44:L44,N44) -> 6 | P44: =SUM(C44:N44) -> 9
B45: 15.45 - 16.00 | C45: 3 | D45: 0 | E45: 1 | F45: 0 | G45: 0 | H45: 0 | I45: 1 | J45: 1 | K45: 0 | L45: 0 | M45: 6 | N45: 0 | O45: =SUM(C45:L45,N45) -> 6 | P45: =SUM(C45:N45) -> 12
B46: 16.00 - 16.15 | C46: 2 | D46: 0 | E46: 0 | F46: 0 | G46: 0 | H46: 0 | I46: 0 | J46: 0 | K46: 0 | L46: 0 | M46: 9 | N46: 0 | O46: =SUM(C46:L46,N46) -> 2 | P46: =SUM(C46:N46) -> 11
B47: 16.15 -16.30 | C47: 1 | D47: 0 | E47: 2 | F47: 0 | G47: 0 | H47: 0 | I47: 0 | J47: 0 | K47: 0 | L47: 0 | M47: 5 | N47: 0 | O47: =SUM(C47:L47,N47) -> 3 | P47: =SUM(C47:N47) -> 8
B48: 16.30 -16.45 | C48: 3 | D48: 0 | E48: 0 | F48: 0 | G48: 0 | H48: 0 | I48: 1 | J48: 0 | K48: 0 | L48: 0 | M48: 7 | N48: 0 | O48: =SUM(C48:L48,N48) -> 4 | P48: =SUM(C48:N48) -> 11
B49: 16.45 -17.00 | C49: 2 | D49: 0 | E49: 0 | F49: 1 | G49: 0 | H49: 0 | I49: 0 | J49: 0 | K49: 0 | L49: 0 | M49: 9 | N49: 0 | O49: =SUM(C49:L49,N49) -> 3 | P49: =SUM(C49:N49) -> 12
B50: 17.00 -17.15 | C50: 4 | D50: 1 | E50: 0 | F50: 0 | G50: 0 | H50: 0 | I50: 0 | J50: 0 | K50: 0 | L50: 0 | M50: 11 | N50: 0 | O50: =SUM(C50:L50,N50) -> 5 | P50: =SUM(C50:N50) -> 16
B51: 17.15 -17.30 | C51: 4 | D51: 1 | E51: 0 | F51: 0 | G51: 0 | H51: 0 | I51: 0 | J51: 0 | K51: 0 | L51: 0 | M51: 7 | N51: 0 | O51: =SUM(C51:L51,N51) -> 5 | P51: =SUM(C51:N51) -> 12
B52: 17.30 -17.45 | C52: 3 | D52: 4 | E52: 0 | F52: 1 | G52: 0 | H52: 0 | I52: 0 | J52: 0 | K52: 0 | L52: 0 | M52: 7 | N52: 0 | O52: =SUM(C52:L52,N52) -> 8 | P52: =SUM(C52:N52) -> 15
B53: 17.45 -18.00 | C53: 6 | D53: 0 | E53: 1 | F53: 0 | G53: 0 | H53: 0 | I53: 1 | J53: 0 | K53: 0 | L53: 0 | M53: 13 | N53: 0 | O53: =SUM(C53:L53,N53) -> 8 | P53: =SUM(C53:N53) -> 21
B54: 18.00 - 18.15 | C54: 7 | D54: 0 | E54: 0 | F54: 0 | G54: 0 | H54: 0 | I54: 2 | J54: 0 | K54: 0 | L54: 0 | M54: 4 | N54: 0 | O54: =SUM(C54:L54,N54) -> 9 | P54: =SUM(C54:N54) -> 13
... B105: 06.45 - 07.00 | C105: 0 | D105: 2 | E105: 1 | F105: 0 | G105: 1 | H105: 0 | I105: 0 | J105: 0 | K105: 0 | L105: 0 | M105: 8 | N105: 0 | O105: =SUM(C105:L105,N105) -> 4 | P105: =SUM(C105:N105) -> 12
B106: Totals | C106: =SUM(C10:C105) -> 240 | D106: =SUM(D10:D105) -> 63 | E106: =SUM(E10:E105) -> 38 | F106: =SUM(F10:F105) -> 18 | G106: =SUM(G10:G105) -> 8 | H106: =SUM(H10:H105) -> 3 | I106: =SUM(I10:I105) -> 60 | J106: =SUM(J10:J105) -> 4 | ... P106: =SUM(P10:P105) -> 845
B107: %ges + MCs | C107: =C106/$P$106 -> 0.28402367 | D107: =D106/$P$106 -> 0.074556213 | E107: =E106/$P$106 -> 0.044970414 | F107: =F106/$P$106 -> 0.021301775 | G107: =G106/$P$106 -> 0.0094674556 | H107: =H106/$P$106 -> 0.0035502959 | I107: =I106/$P$106 -> 0.071005917 | J107: =J106/$P$106 -> 0.0047337278 | ... N107: =N106/$P$106 -> 0
B108: %ges w/o MCs | C108: =C106/$O$106 -> 0.55299539 | D108: =D106/$O$106 -> 0.14516129 | E108: =E106/$O$106 -> 0.087557604 | F108: =F106/$O$106 -> 0.041474654 | G108: =G106/$O$106 -> 0.01843318 | H108: =H106/$O$106 -> 0.0069124424 | I108: =I106/$O$106 -> 0.13824885 | J108: =J106/$O$106 -> 0.0092165899 | ... L108: =L106/$O$106 -> 0 | N108: =N106/$O$106 -> 0

Sheet 25.10 Kabale-Katuna 24hr
B1: Consultancy services for Preparation of Expressway Development Master Plan (EDMP) for Uganda
B2: MANUAL CLASSIFIED COUNT (MCC)
B3: ROAD NAME: | C3: ='26.10 Katuna-Kabale'!C3:G3 -> MCC - C1 - STN134 - KATUNA-KABALE ROAD
C5: Date | D5: ='25.10 Katuna-Kabale 24hr'!D5 -> 25.10.19 | F5: Location | G5: Katuna BP | J5: Surveyor | K5: Kato Joseph
C6: Dir. From | D6: Kabale | F6: Dir. To | G6: Katuna | J6: Supervisor | K6: ='25.10 Katuna-Kabale 24hr'!K6:L6 -> Mbabazi
B8: Time / Veh Type | R8: SUMMARY TRAFFIC VOLUMES
C9: 1. Car | D9: 2. Station Wagon | E9: 3. Pickups | F9: 4. Minibus, matatu | G9: 5. Medium bus | H9: 6. Large Bus | I9: 7. Light Truck | J9: 8. Medium Truck | K9: 9. Heavy truck | L9: 10. Truck Trailer | M9: 11. Motor cycles | N9: 12. Tractors | O9: Total Excl M/Cycles | P9: Total All | R9: Time | S9: 1. Car | T9: 2. Station Wagon | U9: 3. Pickups | V9: 4. Minibus, matatu | W9: 5. Medium bus | X9: 6. Large Bus | Y9: 7. Light Truck | Z9: 8. Medium Truck | AA9: 9. Heavy truck | AB9: 10. Truck Trailer | AC9: 11. Motorcycles | AD9: 12. Tractors, Graders | AE9: Total Excl M/ Cycles | AF9: Total All
B10: 07.00 - 07.15 | C10: 2 | D10: 0 | E10: 0 | F10: 0 | G10: 0 | H10: 0 | I10: 0 | J10: 0 | K10: 0 | L10: 0 | M10: 4 | N10: 0 | O10: =SUM(C10:L10,N10) -> 2 | P10: =SUM(C10:N10) -> 6 | R10: 0700-0800 | S10: =SUM(C10:C13) -> 13 | T10: =SUM(D10:D13) -> 0 | U10: =SUM(E10:E13) -> 0 | V10: =SUM(F10:F13) -> 0 | W10: =SUM(G10:G13) -> 0 | X10: =SUM(H10:H13) -> 0 | Y10: =SUM(I10:I13) -> 2 | Z10: =SUM(J10:J13) -> 0 | ... AF10: =SUM(P10:P13) -> 28
B11: 07.15 - 07.30 | C11: 3 | D11: 0 | E11: 0 | F11: 0 | G11: 0 | H11: 0 | I11: 1 | J11: 0 | K11: 0 | L11: 0 | M11: 4 | N11: 0 | O11: =SUM(C11:L11,N11) -> 4 | P11: =SUM(C11:N11) -> 8 | R11: 0800-0900 | S11: =SUM(C14:C17) -> 5 | T11: =SUM(D14:D17) -> 0 | U11: =SUM(E14:E17) -> 2 | V11: =SUM(F14:F17) -> 0 | W11: =SUM(G14:G17) -> 0 | X11: =SUM(H14:H17) -> 0 | Y11: =SUM(I14:I17) -> 2 | Z11: =SUM(J14:J17) -> 1 | ... AF11: =SUM(P14:P17) -> 44
B12: 07.30 - 07.45 | C12: 7 | D12: 0 | E12: 0 | F12: 0 | G12: 0 | H12: 0 | I12: 1 | J12: 0 | K12: 0 | L12: 0 | M12: 3 | N12: 0 | O12: =SUM(C12:L12,N12) -> 8 | P12: =SUM(C12:N12) -> 11 | R12: 0900-1000 | S12: =SUM(C18:C21) -> 9 | T12: =SUM(D18:D21) -> 1 | U12: =SUM(E18:E21) -> 2 | V12: =SUM(F18:F21) -> 0 | W12: =SUM(G18:G21) -> 2 | X12: =SUM(H18:H21) -> 0 | Y12: =SUM(I18:I21) -> 2 | Z12: =SUM(J18:J21) -> 0 | ... AF12: =SUM(P18:P21) -> 47
B13: 07.45 - 08.00 | C13: 1 | D13: 0 | E13: 0 | F13: 0 | G13: 0 | H13: 0 | I13: 0 | J13: 0 | K13: 0 | L13: 0 | M13: 2 | N13: 0 | O13: =SUM(C13:L13,N13) -> 1 | P13: =SUM(C13:N13) -> 3 | R13: 1000-1100 | S13: =SUM(C22:C25) -> 8 | T13: =SUM(D22:D25) -> 1 | U13: =SUM(E22:E25) -> 1 | V13: =SUM(F22:F25) -> 3 | W13: =SUM(G22:G25) -> 1 | X13: =SUM(H22:H25) -> 0 | Y13: =SUM(I22:I25) -> 3 | Z13: =SUM(J22:J25) -> 0 | ... AF13: =SUM(P22:P25) -> 32
B14: 08.00 - 08.15 | C14: 1 | D14: 0 | E14: 1 | F14: 0 | G14: 0 | H14: 0 | I14: 0 | J14: 1 | K14: 0 | L14: 0 | M14: 8 | N14: 0 | O14: =SUM(C14:L14,N14) -> 3 | P14: =SUM(C14:N14) -> 11 | R14: 1100-1200 | S14: =SUM(C26:C29) -> 12 | T14: =SUM(D26:D29) -> 2 | U14: =SUM(E26:E29) -> 1 | V14: =SUM(F26:F29) -> 0 | W14: =SUM(G26:G29) -> 0 | X14: =SUM(H26:H29) -> 0 | Y14: =SUM(I26:I29) -> 2 | Z14: =SUM(J26:J29) -> 1 | ... AF14: =SUM(P26:P29) -> 45
B15: 08.15 - 08.30 | C15: 0 | D15: 0 | E15: 1 | F15: 0 | G15: 0 | H15: 0 | I15: 1 | J15: 0 | K15: 0 | L15: 0 | M15: 11 | N15: 0 | O15: =SUM(C15:L15,N15) -> 2 | P15: =SUM(C15:N15) -> 13 | R15: 1200-1300 | S15: =SUM(C30:C33) -> 12 | T15: =SUM(D30:D33) -> 2 | U15: =SUM(E30:E33) -> 2 | V15: =SUM(F30:F33) -> 0 | W15: =SUM(G30:G33) -> 0 | X15: =SUM(H30:H33) -> 1 | Y15: =SUM(I30:I33) -> 1 | Z15: =SUM(J30:J33) -> 2 | ... AF15: =SUM(P30:P33) -> 48
B16: 08.30 - 08.45 | C16: 4 | D16: 0 | E16: 0 | F16: 0 | G16: 0 | H16: 0 | I16: 0 | J16: 0 | K16: 0 | L16: 0 | M16: 10 | N16: 0 | O16: =SUM(C16:L16,N16) -> 4 | P16: =SUM(C16:N16) -> 14 | R16: 1300-1400 | S16: =SUM(C34:C37) -> 15 | T16: =SUM(D34:D37) -> 2 | U16: =SUM(E34:E37) -> 0 | V16: =SUM(F34:F37) -> 1 | W16: =SUM(G34:G37) -> 0 | X16: =SUM(H34:H37) -> 0 | Y16: =SUM(I34:I37) -> 3 | Z16: =SUM(J34:J37) -> 0 | ... AF16: =SUM(P34:P37) -> 53
B17: 08.45 - 9.00 | C17: 0 | D17: 0 | E17: 0 | F17: 0 | G17: 0 | H17: 0 | I17: 1 | J17: 0 | K17: 0 | L17: 0 | M17: 5 | N17: 0 | O17: =SUM(C17:L17,N17) -> 1 | P17: =SUM(C17:N17) -> 6 | R17: 1400-1500 | S17: =SUM(C38:C41) -> 25 | T17: =SUM(D38:D41) -> 2 | U17: =SUM(E38:E41) -> 5 | V17: =SUM(F38:F41) -> 0 | W17: =SUM(G38:G41) -> 0 | X17: =SUM(H38:H41) -> 0 | Y17: =SUM(I38:I41) -> 6 | Z17: =SUM(J38:J41) -> 0 | ... AF17: =SUM(P38:P41) -> 54
B18: 09.00 - 09.15 | C18: 1 | D18: 0 | E18: 0 | F18: 0 | G18: 0 | H18: 0 | I18: 0 | J18: 0 | K18: 0 | L18: 0 | M18: 9 | N18: 0 | O18: =SUM(C18:L18,N18) -> 1 | P18: =SUM(C18:N18) -> 10 | R18: 1500-1600 | S18: =SUM(C42:C45) -> 22 | T18: =SUM(D42:D45) -> 3 | U18: =SUM(E42:E45) -> 3 | V18: =SUM(F42:F45) -> 2 | W18: =SUM(G42:G45) -> 0 | X18: =SUM(H42:H45) -> 0 | Y18: =SUM(I42:I45) -> 2 | Z18: =SUM(J42:J45) -> 0 | ... AF18: =SUM(P42:P45) -> 57
B19: 09.15 - 09.30 | C19: 5 | D19: 0 | E19: 0 | F19: 0 | G19: 0 | H19: 0 | I19: 1 | J19: 0 | K19: 0 | L19: 0 | M19: 4 | N19: 0 | O19: =SUM(C19:L19,N19) -> 6 | P19: =SUM(C19:N19) -> 10 | R19: 1600-1700 | S19: =SUM(C46:C49) -> 5 | T19: =SUM(D46:D49) -> 0 | U19: =SUM(E46:E49) -> 0 | V19: =SUM(F46:F49) -> 1 | W19: =SUM(G46:G49) -> 0 | X19: =SUM(H46:H49) -> 0 | Y19: =SUM(I46:I49) -> 5 | Z19: =SUM(J46:J49) -> 0 | ... AF19: =SUM(P46:P49) -> 49
B20: 09.30 - 09.45 | C20: 1 | D20: 1 | E20: 2 | F20: 0 | G20: 1 | H20: 0 | I20: 1 | J20: 0 | K20: 0 | L20: 0 | M20: 5 | N20: 0 | O20: =SUM(C20:L20,N20) -> 6 | P20: =SUM(C20:N20) -> 11 | R20: 1700-1800 | S20: =SUM(C50:C53) -> 17 | T20: =SUM(D50:D53) -> 1 | U20: =SUM(E50:E53) -> 0 | V20: =SUM(F50:F53) -> 0 | W20: =SUM(G50:G53) -> 0 | X20: =SUM(H50:H53) -> 2 | Y20: =SUM(I50:I53) -> 4 | Z20: =SUM(J50:J53) -> 0 | ... AF20: =SUM(P50:P53) -> 66
B21: 09.45 - 10.00 | C21: 2 | D21: 0 | E21: 0 | F21: 0 | G21: 1 | H21: 0 | I21: 0 | J21: 0 | K21: 0 | L21: 0 | M21: 13 | N21: 0 | O21: =SUM(C21:L21,N21) -> 3 | P21: =SUM(C21:N21) -> 16 | R21: 1800-1900 | S21: =SUM(C54:C57) -> 17 | T21: =SUM(D54:D57) -> 1 | U21: =SUM(E54:E57) -> 1 | V21: =SUM(F54:F57) -> 0 | W21: =SUM(G54:G57) -> 0 | X21: =SUM(H54:H57) -> 0 | Y21: =SUM(I54:I57) -> 4 | Z21: =SUM(J54:J57) -> 0 | ... AF21: =SUM(P54:P57) -> 42
B22: 10.00 - 10.15 | C22: 1 | D22: 1 | E22: 0 | F22: 2 | G22: 0 | H22: 0 | I22: 1 | J22: 0 | K22: 0 | L22: 0 | M22: 3 | N22: 0 | O22: =SUM(C22:L22,N22) -> 5 | P22: =SUM(C22:N22) -> 8 | R22: 1900-2000 | S22: =SUM(C58:C61) -> 16 | T22: =SUM(D58:D61) -> 1 | U22: =SUM(E58:E61) -> 2 | V22: =SUM(F58:F61) -> 1 | W22: =SUM(G58:G61) -> 0 | X22: =SUM(H58:H61) -> 0 | Y22: =SUM(I58:I61) -> 1 | Z22: =SUM(J58:J61) -> 0 | ... AF22: =SUM(P58:P61) -> 41
B23: 10.15 - 10.30 | C23: 3 | D23: 0 | E23: 0 | F23: 0 | G23: 0 | H23: 0 | I23: 1 | J23: 0 | K23: 0 | L23: 0 | M23: 3 | N23: 0 | O23: =SUM(C23:L23,N23) -> 4 | P23: =SUM(C23:N23) -> 7 | R23: 2000-2100 | S23: =SUM(C62:C65) -> 10 | T23: =SUM(D62:D65) -> 1 | U23: =SUM(E62:E65) -> 0 | V23: =SUM(F62:F65) -> 1 | W23: =SUM(G62:G65) -> 0 | X23: =SUM(H62:H65) -> 0 | Y23: =SUM(I62:I65) -> 2 | Z23: =SUM(J62:J65) -> 0 | ... AF23: =SUM(P62:P65) -> 29
B24: 10.30 - 10.45 | C24: 3 | D24: 0 | E24: 0 | F24: 0 | G24: 1 | H24: 0 | I24: 0 | J24: 0 | K24: 0 | L24: 0 | M24: 6 | N24: 0 | O24: =SUM(C24:L24,N24) -> 4 | P24: =SUM(C24:N24) -> 10 | R24: 2100-2200 | S24: =SUM(C66:C69) -> 6 | T24: =SUM(D66:D69) -> 0 | U24: =SUM(E66:E69) -> 1 | V24: =SUM(F66:F69) -> 1 | W24: =SUM(G66:G69) -> 0 | X24: =SUM(H66:H69) -> 1 | Y24: =SUM(I66:I69) -> 0 | Z24: =SUM(J66:J69) -> 0 | ... AF24: =SUM(P66:P69) -> 14
B25: 10.45 - 11.00 | C25: 1 | D25: 0 | E25: 1 | F25: 1 | G25: 0 | H25: 0 | I25: 1 | J25: 0 | K25: 0 | L25: 0 | M25: 3 | N25: 0 | O25: =SUM(C25:L25,N25) -> 4 | P25: =SUM(C25:N25) -> 7 | R25: 2200-2300 | S25: =SUM(C70:C73) -> 5 | T25: =SUM(D70:D73) -> 1 | U25: =SUM(E70:E73) -> 0 | V25: =SUM(F70:F73) -> 0 | W25: =SUM(G70:G73) -> 0 | X25: =SUM(H70:H73) -> 0 | Y25: =SUM(I70:I73) -> 0 | Z25: =SUM(J70:J73) -> 0 | ... AF25: =SUM(P70:P73) -> 12
B26: 11.00 - 11.15 | C26: 1 | D26: 0 | E26: 1 | F26: 0 | G26: 0 | H26: 0 | I26: 0 | J26: 0 | K26: 0 | L26: 0 | M26: 6 | N26: 0 | O26: =SUM(C26:L26,N26) -> 2 | P26: =SUM(C26:N26) -> 8 | R26: 2300-0000 | S26: =SUM(C74:C77) -> 2 | T26: =SUM(D74:D77) -> 2 | U26: =SUM(E74:E77) -> 0 | V26: =SUM(F74:F77) -> 0 | W26: =SUM(G74:G77) -> 0 | X26: =SUM(H74:H77) -> 0 | Y26: =SUM(I74:I77) -> 1 | Z26: =SUM(J74:J77) -> 0 | ... AF26: =SUM(P74:P77) -> 11
B27: 11.15 - 11.30 | C27: 2 | D27: 0 | E27: 0 | F27: 0 | G27: 0 | H27: 0 | I27: 0 | J27: 0 | K27: 0 | L27: 0 | M27: 4 | N27: 0 | O27: =SUM(C27:L27,N27) -> 2 | P27: =SUM(C27:N27) -> 6 | R27: 0000-0100 | S27: =SUM(C78:C81) -> 5 | T27: =SUM(D78:D81) -> 1 | U27: =SUM(E78:E81) -> 0 | V27: =SUM(F78:F81) -> 0 | W27: =SUM(G78:G81) -> 0 | X27: =SUM(H78:H81) -> 0 | Y27: =SUM(I78:I81) -> 0 | Z27: =SUM(J78:J81) -> 0 | ... AF27: =SUM(P78:P81) -> 15
B28: 11.30 - 11.45 | C28: 4 | D28: 1 | E28: 0 | F28: 0 | G28: 0 | H28: 0 | I28: 2 | J28: 0 | K28: 0 | L28: 0 | M28: 10 | N28: 0 | O28: =SUM(C28:L28,N28) -> 7 | P28: =SUM(C28:N28) -> 17 | R28: 0100-0200 | S28: =SUM(C82:C85) -> 2 | T28: =SUM(D82:D85) -> 0 | U28: =SUM(E82:E85) -> 1 | V28: =SUM(F82:F85) -> 0 | W28: =SUM(G82:G85) -> 0 | X28: =SUM(H82:H85) -> 0 | Y28: =SUM(I82:I85) -> 1 | Z28: =SUM(J82:J85) -> 0 | ... AF28: =SUM(P82:P85) -> 7
B29: 11.45 - 12.00 | C29: 5 | D29: 1 | E29: 0 | F29: 0 | G29: 0 | H29: 0 | I29: 0 | J29: 1 | K29: 0 | L29: 0 | M29: 7 | N29: 0 | O29: =SUM(C29:L29,N29) -> 7 | P29: =SUM(C29:N29) -> 14 | R29: 0200-0300 | S29: =SUM(C86:C89) -> 1 | T29: =SUM(D86:D89) -> 0 | U29: =SUM(E86:E89) -> 0 | V29: =SUM(F86:F89) -> 0 | W29: =SUM(G86:G89) -> 0 | X29: =SUM(H86:H89) -> 1 | Y29: =SUM(I86:I89) -> 1 | Z29: =SUM(J86:J89) -> 0 | ... AF29: =SUM(P86:P89) -> 3
B30: 12.00 - 12.15 | C30: 1 | D30: 1 | E30: 0 | F30: 0 | G30: 0 | H30: 1 | I30: 0 | J30: 0 | K30: 0 | L30: 0 | M30: 4 | N30: 0 | O30: =SUM(C30:L30,N30) -> 3 | P30: =SUM(C30:N30) -> 7 | R30: 0300-0400 | S30: =SUM(C90:C93) -> 3 | T30: =SUM(D90:D93) -> 0 | U30: =SUM(E90:E93) -> 1 | V30: =SUM(F90:F93) -> 0 | W30: =SUM(G90:G93) -> 0 | X30: =SUM(H90:H93) -> 0 | Y30: =SUM(I90:I93) -> 1 | Z30: =SUM(J90:J93) -> 0 | ... AF30: =SUM(P90:P93) -> 7
B31: 12.15 - 12.30 | C31: 2 | D31: 0 | E31: 1 | F31: 0 | G31: 0 | H31: 0 | I31: 0 | J31: 0 | K31: 0 | L31: 0 | M31: 8 | N31: 0 | O31: =SUM(C31:L31,N31) -> 3 | P31: =SUM(C31:N31) -> 11 | R31: 0400-0500 | S31: =SUM(C94:C97) -> 0 | T31: =SUM(D94:D97) -> 0 | U31: =SUM(E94:E97) -> 0 | V31: =SUM(F94:F97) -> 0 | W31: =SUM(G94:G97) -> 0 | X31: =SUM(H94:H97) -> 0 | Y31: =SUM(I94:I97) -> 2 | Z31: =SUM(J94:J97) -> 0 | ... AF31: =SUM(P94:P97) -> 3
B32: 12.30 - 12.45 | C32: 6 | D32: 1 | E32: 1 | F32: 0 | G32: 0 | H32: 0 | I32: 0 | J32: 2 | K32: 0 | L32: 0 | M32: 11 | N32: 0 | O32: =SUM(C32:L32,N32) -> 10 | P32: =SUM(C32:N32) -> 21 | R32: 0500-0600 | S32: =SUM(C98:C101) -> 2 | T32: =SUM(D98:D101) -> 0 | U32: =SUM(E98:E101) -> 0 | V32: =SUM(F98:F101) -> 0 | W32: =SUM(G98:G101) -> 0 | X32: =SUM(H98:H101) -> 0 | Y32: =SUM(I98:I101) -> 1 | Z32: =SUM(J98:J101) -> 0 | ... AF32: =SUM(P98:P101) -> 3
B33: 12.45 - 13.00 | C33: 3 | D33: 0 | E33: 0 | F33: 0 | G33: 0 | H33: 0 | I33: 1 | J33: 0 | K33: 0 | L33: 0 | M33: 5 | N33: 0 | O33: =SUM(C33:L33,N33) -> 4 | P33: =SUM(C33:N33) -> 9 | R33: 0600-0700 | S33: =SUM(C102:C105) -> 2 | T33: =SUM(D102:D105) -> 0 | U33: =SUM(E102:E105) -> 1 | V33: =SUM(F102:F105) -> 0 | W33: =SUM(G102:G105) -> 0 | X33: =SUM(H102:H105) -> 0 | Y33: =SUM(I102:I105) -> 2 | Z33: =SUM(J102:J105) -> 0 | ... AF33: =SUM(P102:P105) -> 6
B34: 13.00 - 13.15 | C34: 5 | D34: 0 | E34: 0 | F34: 0 | G34: 0 | H34: 0 | I34: 0 | J34: 0 | K34: 0 | L34: 0 | M34: 7 | N34: 0 | O34: =SUM(C34:L34,N34) -> 5 | P34: =SUM(C34:N34) -> 12 | R34: AM Peak Hr | S34: =MAX(S10:S12) -> 13 | T34: =MAX(T10:T12) -> 1 | U34: =MAX(U10:U12) -> 2 | V34: =MAX(V10:V12) -> 0 | W34: =MAX(W10:W12) -> 2 | X34: =MAX(X10:X12) -> 0 | Y34: =MAX(Y10:Y12) -> 2 | Z34: =MAX(Z10:Z12) -> 1 | ... AF34: =MAX(AF10:AF12) -> 47
B35: 13.15 - 13.30 | C35: 6 | D35: 1 | E35: 0 | F35: 0 | G35: 0 | H35: 0 | I35: 1 | J35: 0 | K35: 0 | L35: 0 | M35: 7 | N35: 0 | O35: =SUM(C35:L35,N35) -> 8 | P35: =SUM(C35:N35) -> 15 | R35: IP Peak Hr | S35: =MAX(S13:S18) -> 25 | T35: =MAX(T13:T18) -> 3 | U35: =MAX(U13:U18) -> 5 | V35: =MAX(V13:V18) -> 3 | W35: =MAX(W13:W18) -> 1 | X35: =MAX(X13:X18) -> 1 | Y35: =MAX(Y13:Y18) -> 6 | Z35: =MAX(Z13:Z18) -> 2 | ... AF35: =MAX(AF13:AF18) -> 57
B36: 13.30 - 13.45 | C36: 3 | D36: 0 | E36: 0 | F36: 1 | G36: 0 | H36: 0 | I36: 0 | J36: 0 | K36: 0 | L36: 0 | M36: 12 | N36: 0 | O36: =SUM(C36:L36,N36) -> 4 | P36: =SUM(C36:N36) -> 16 | R36: PM Peak Hr | S36: =MAX(S19:S21) -> 17 | T36: =MAX(T19:T21) -> 1 | U36: =MAX(U19:U21) -> 1 | V36: =MAX(V19:V21) -> 1 | W36: =MAX(W19:W21) -> 0 | X36: =MAX(X19:X21) -> 2 | Y36: =MAX(Y19:Y21) -> 5 | Z36: =MAX(Z19:Z21) -> 0 | ... AF36: =MAX(AF19:AF21) -> 66
B37: 13.45 - 14.00 | C37: 1 | D37: 1 | E37: 0 | F37: 0 | G37: 0 | H37: 0 | I37: 2 | J37: 0 | K37: 0 | L37: 0 | M37: 6 | N37: 0 | O37: =SUM(C37:L37,N37) -> 4 | P37: =SUM(C37:N37) -> 10 | R37: AM Period | S37: =SUM(S10:S12) -> 27 | T37: =SUM(T10:T12) -> 1 | U37: =SUM(U10:U12) -> 4 | V37: =SUM(V10:V12) -> 0 | W37: =SUM(W10:W12) -> 2 | X37: =SUM(X10:X12) -> 0 | Y37: =SUM(Y10:Y12) -> 6 | Z37: =SUM(Z10:Z12) -> 1 | ... AF37: =SUM(AF10:AF12) -> 119
B38: 14.00 - 14.15 | C38: 4 | D38: 0 | E38: 1 | F38: 0 | G38: 0 | H38: 0 | I38: 2 | J38: 0 | K38: 0 | L38: 0 | M38: 6 | N38: 0 | O38: =SUM(C38:L38,N38) -> 7 | P38: =SUM(C38:N38) -> 13 | R38: IP Period | S38: =SUM(S13:S18) -> 94 | T38: =SUM(T13:T18) -> 12 | U38: =SUM(U13:U18) -> 12 | V38: =SUM(V13:V18) -> 6 | W38: =SUM(W13:W18) -> 1 | X38: =SUM(X13:X18) -> 1 | Y38: =SUM(Y13:Y18) -> 17 | Z38: =SUM(Z13:Z18) -> 3 | ... AF38: =SUM(AF13:AF18) -> 289
B39: 14.15 - 14.30 | C39: 8 | D39: 1 | E39: 2 | F39: 0 | G39: 0 | H39: 0 | I39: 0 | J39: 0 | K39: 0 | L39: 0 | M39: 4 | N39: 0 | O39: =SUM(C39:L39,N39) -> 11 | P39: =SUM(C39:N39) -> 15 | R39: PM Period | S39: =SUM(S19:S21) -> 39 | T39: =SUM(T19:T21) -> 2 | U39: =SUM(U19:U21) -> 1 | V39: =SUM(V19:V21) -> 1 | W39: =SUM(W19:W21) -> 0 | X39: =SUM(X19:X21) -> 2 | Y39: =SUM(Y19:Y21) -> 13 | Z39: =SUM(Z19:Z21) -> 0 | ... AF39: =SUM(AF19:AF21) -> 157
B40: 14.30 - 14.45 | C40: 8 | D40: 0 | E40: 0 | F40: 0 | G40: 0 | H40: 0 | I40: 3 | J40: 0 | K40: 0 | L40: 0 | M40: 5 | N40: 0 | O40: =SUM(C40:L40,N40) -> 11 | P40: =SUM(C40:N40) -> 16 | R40: 12 Hours | S40: =SUM(S10:S21) -> 160 | T40: =SUM(T10:T21) -> 15 | U40: =SUM(U10:U21) -> 17 | V40: =SUM(V10:V21) -> 7 | W40: =SUM(W10:W21) -> 3 | X40: =SUM(X10:X21) -> 3 | Y40: =SUM(Y10:Y21) -> 36 | Z40: =SUM(Z10:Z21) -> 4 | ... AF40: =SUM(AF10:AF21) -> 565
B41: 14.45 - 15.00 | C41: 5 | D41: 1 | E41: 2 | F41: 0 | G41: 0 | H41: 0 | I41: 1 | J41: 0 | K41: 0 | L41: 0 | M41: 1 | N41: 0 | O41: =SUM(C41:L41,N41) -> 9 | P41: =SUM(C41:N41) -> 10 | R41: 24 Hrs/ADT | S41: =SUM(S10:S33) -> 214 | T41: =SUM(T10:T33) -> 21 | U41: =SUM(U10:U33) -> 23 | V41: =SUM(V10:V33) -> 10 | W41: =SUM(W10:W33) -> 3 | X41: =SUM(X10:X33) -> 5 | Y41: =SUM(Y10:Y33) -> 48 | Z41: =SUM(Z10:Z33) -> 4 | ... AF41: =SUM(AF10:AF33) -> 716
B42: 15.00 - 15.15 | C42: 5 | D42: 1 | E42: 1 | F42: 1 | G42: 0 | H42: 0 | I42: 0 | J42: 0 | K42: 0 | L42: 0 | M42: 5 | N42: 0 | O42: =SUM(C42:L42,N42) -> 8 | P42: =SUM(C42:N42) -> 13 | R42: NEF | S42: =S41/S40 -> 1.3375 | T42: =T41/T40 -> 1.4 | U42: =U41/U40 -> 1.3529412 | V42: =V41/V40 -> 1.4285714 | W42: =W41/W40 -> 1 | X42: =X41/X40 -> 1.6666667 | Y42: =Y41/Y40 -> 1.3333333 | Z42: =Z41/Z40 -> 1 | ... AF42: =AF41/AF40 -> 1.2672566
B43: 15.15 - 15.30 | C43: 5 | D43: 0 | E43: 0 | F43: 0 | G43: 0 | H43: 0 | I43: 0 | J43: 0 | K43: 0 | L43: 0 | M43: 5 | N43: 0 | O43: =SUM(C43:L43,N43) -> 5 | P43: =SUM(C43:N43) -> 10
B44: 15.30 - 15.45 | C44: 4 | D44: 2 | E44: 1 | F44: 1 | G44: 0 | H44: 0 | I44: 0 | J44: 0 | K44: 0 | L44: 0 | M44: 4 | N44: 0 | O44: =SUM(C44:L44,N44) -> 8 | P44: =SUM(C44:N44) -> 12
B45: 15.45 - 16.00 | C45: 8 | D45: 0 | E45: 1 | F45: 0 | G45: 0 | H45: 0 | I45: 2 | J45: 0 | K45: 0 | L45: 0 | M45: 11 | N45: 0 | O45: =SUM(C45:L45,N45) -> 11 | P45: =SUM(C45:N45) -> 22
B46: 16.00 - 16.15 | C46: 2 | D46: 0 | E46: 0 | F46: 0 | G46: 0 | H46: 0 | I46: 0 | J46: 0 | K46: 0 | L46: 0 | M46: 10 | N46: 0 | O46: =SUM(C46:L46,N46) -> 2 | P46: =SUM(C46:N46) -> 12
B47: 16.15 -16.30 | C47: 0 | D47: 0 | E47: 0 | F47: 1 | G47: 0 | H47: 0 | I47: 1 | J47: 0 | K47: 0 | L47: 0 | M47: 13 | N47: 0 | O47: =SUM(C47:L47,N47) -> 2 | P47: =SUM(C47:N47) -> 15
B48: 16.30 -16.45 | C48: 2 | D48: 0 | E48: 0 | F48: 0 | G48: 0 | H48: 0 | I48: 0 | J48: 0 | K48: 0 | L48: 0 | M48: 8 | N48: 0 | O48: =SUM(C48:L48,N48) -> 2 | P48: =SUM(C48:N48) -> 10
B49: 16.45 -17.00 | C49: 1 | D49: 0 | E49: 0 | F49: 0 | G49: 0 | H49: 0 | I49: 4 | J49: 0 | K49: 0 | L49: 0 | M49: 7 | N49: 0 | O49: =SUM(C49:L49,N49) -> 5 | P49: =SUM(C49:N49) -> 12
B50: 17.00 -17.15 | C50: 3 | D50: 0 | E50: 0 | F50: 0 | G50: 0 | H50: 2 | I50: 2 | J50: 0 | K50: 0 | L50: 0 | M50: 10 | N50: 0 | O50: =SUM(C50:L50,N50) -> 7 | P50: =SUM(C50:N50) -> 17
B51: 17.15 -17.30 | C51: 2 | D51: 0 | E51: 0 | F51: 0 | G51: 0 | H51: 0 | I51: 1 | J51: 0 | K51: 0 | L51: 0 | M51: 12 | N51: 0 | O51: =SUM(C51:L51,N51) -> 3 | P51: =SUM(C51:N51) -> 15
B52: 17.30 -17.45 | C52: 8 | D52: 1 | E52: 0 | F52: 0 | G52: 0 | H52: 0 | I52: 0 | J52: 0 | K52: 0 | L52: 0 | M52: 10 | N52: 0 | O52: =SUM(C52:L52,N52) -> 9 | P52: =SUM(C52:N52) -> 19
B53: 17.45 -18.00 | C53: 4 | D53: 0 | E53: 0 | F53: 0 | G53: 0 | H53: 0 | I53: 1 | J53: 0 | K53: 0 | L53: 0 | M53: 10 | N53: 0 | O53: =SUM(C53:L53,N53) -> 5 | P53: =SUM(C53:N53) -> 15
B54: 18.00 - 18.15 | C54: 6 | D54: 1 | E54: 0 | F54: 0 | G54: 0 | H54: 0 | I54: 2 | J54: 0 | K54: 0 | L54: 0 | M54: 8 | N54: 0 | O54: =SUM(C54:L54,N54) -> 9 | P54: =SUM(C54:N54) -> 17
... B105: 06.45 - 07.00 | C105: 2 | D105: 0 | E105: 1 | F105: 0 | G105: 0 | H105: 0 | I105: 0 | J105: 0 | K105: 0 | L105: 0 | M105: 0 | N105: 0 | O105: =SUM(C105:L105,N105) -> 3 | P105: =SUM(C105:N105) -> 3
B106: Totals | C106: =SUM(C10:C105) -> 214 | D106: =SUM(D10:D105) -> 21 | E106: =SUM(E10:E105) -> 23 | F106: =SUM(F10:F105) -> 10 | G106: =SUM(G10:G105) -> 3 | H106: =SUM(H10:H105) -> 5 | I106: =SUM(I10:I105) -> 48 | J106: =SUM(J10:J105) -> 4 | ... P106: =SUM(P10:P105) -> 716
B107: %ges + MCs | C107: =C106/$P$106 -> 0.29888268 | D107: =D106/$P$106 -> 0.029329609 | E107: =E106/$P$106 -> 0.032122905 | F107: =F106/$P$106 -> 0.01396648 | G107: =G106/$P$106 -> 0.0041899441 | H107: =H106/$P$106 -> 0.0069832402 | I107: =I106/$P$106 -> 0.067039106 | J107: =J106/$P$106 -> 0.0055865922 | ... N107: =N106/$P$106 -> 0
B108: %ges w/o MCs | C108: =C106/$O$106 -> 0.65243902 | D108: =D106/$O$106 -> 0.06402439 | E108: =E106/$O$106 -> 0.070121951 | F108: =F106/$O$106 -> 0.030487805 | G108: =G106/$O$106 -> 0.0091463415 | H108: =H106/$O$106 -> 0.015243902 | I108: =I106/$O$106 -> 0.14634146 | J108: =J106/$O$106 -> 0.012195122 | ... L108: =L106/$O$106 -> 0 | N108: =N106/$O$106 -> 0

Sheet 26.10 Katuna-Kabale
B1: Consultancy services for Preparation of Expressway Development Master Plan (EDMP) for Uganda
B2: MANUAL CLASSIFIED COUNT (MCC)
B3: ROAD NAME: | C3: MCC - C1 - STN134 - KATUNA-KABALE ROAD
C5: Date | D5: 26.10.19 | F5: Location | G5: Katuna BP | J5: Surveyor | K5: Florence
C6: Dir. From | D6: Katuna | F6: Dir. To | G6: Kabale | J6: Supervisor | K6: Mbabazi
B8: Time / Veh Type | R8: SUMMARY TRAFFIC VOLUMES
C9: 1. Car | D9: 2. Station Wagon | E9: 3. Pickups | F9: 4. Minibus, matatu | G9: 5. Medium bus | H9: 6. Large Bus | I9: 7. Light Truck | J9: 8. Medium Truck | K9: 9. Heavy truck | L9: 10. Truck Trailer | M9: 11. Motor cycles | N9: 12. Tractors | O9: Total Excl M/Cycles | P9: Total All | R9: Time | S9: 1. Car | T9: 2. Station Wagon | U9: 3. Pickups | V9: 4. Minibus, matatu | W9: 5. Medium bus | X9: 6. Large Bus | Y9: 7. Light Truck | Z9: 8. Medium Truck | AA9: 9. Heavy truck | AB9: 10. Truck Trailer | AC9: 11. Motorcycles | AD9: 12. Tractors, Graders | AE9: Total Excl M/ Cycles | AF9: Total All
B10: 07.00 - 07.15 | C10: 0 | D10: 0 | E10: 0 | F10: 0 | G10: 0 | H10: 0 | I10: 0 | J10: 0 | K10: 0 | L10: 0 | M10: 1 | N10: 0 | O10: =SUM(C10:L10,N10) -> 0 | P10: =SUM(C10:N10) -> 1 | R10: 0700-0800 | S10: =SUM(C10:C13) -> 2 | T10: =SUM(D10:D13) -> 0 | U10: =SUM(E10:E13) -> 0 | V10: =SUM(F10:F13) -> 0 | W10: =SUM(G10:G13) -> 0 | X10: =SUM(H10:H13) -> 0 | Y10: =SUM(I10:I13) -> 0 | Z10: =SUM(J10:J13) -> 0 | ... AF10: =SUM(P10:P13) -> 7
B11: 07.15 - 07.30 | C11: 0 | D11: 0 | E11: 0 | F11: 0 | G11: 0 | H11: 0 | I11: 0 | J11: 0 | K11: 0 | L11: 0 | M11: 1 | N11: 0 | O11: =SUM(C11:L11,N11) -> 0 | P11: =SUM(C11:N11) -> 1 | R11: 0800-0900 | S11: =SUM(C14:C17) -> 9 | T11: =SUM(D14:D17) -> 2 | U11: =SUM(E14:E17) -> 1 | V11: =SUM(F14:F17) -> 1 | W11: =SUM(G14:G17) -> 0 | X11: =SUM(H14:H17) -> 0 | Y11: =SUM(I14:I17) -> 2 | Z11: =SUM(J14:J17) -> 0 | ... AF11: =SUM(P14:P17) -> 25
B12: 07.30 - 07.45 | C12: 1 | D12: 0 | E12: 0 | F12: 0 | G12: 0 | H12: 0 | I12: 0 | J12: 0 | K12: 0 | L12: 0 | M12: 1 | N12: 0 | O12: =SUM(C12:L12,N12) -> 1 | P12: =SUM(C12:N12) -> 2 | R12: 0900-1000 | S12: =SUM(C18:C21) -> 9 | T12: =SUM(D18:D21) -> 0 | U12: =SUM(E18:E21) -> 4 | V12: =SUM(F18:F21) -> 0 | W12: =SUM(G18:G21) -> 0 | X12: =SUM(H18:H21) -> 0 | Y12: =SUM(I18:I21) -> 0 | Z12: =SUM(J18:J21) -> 0 | ... AF12: =SUM(P18:P21) -> 28
B13: 07.45 - 08.00 | C13: 1 | D13: 0 | E13: 0 | F13: 0 | G13: 0 | H13: 0 | I13: 0 | J13: 0 | K13: 0 | L13: 0 | M13: 2 | N13: 0 | O13: =SUM(C13:L13,N13) -> 1 | P13: =SUM(C13:N13) -> 3 | R13: 1000-1100 | S13: =SUM(C22:C25) -> 23 | T13: =SUM(D22:D25) -> 1 | U13: =SUM(E22:E25) -> 0 | V13: =SUM(F22:F25) -> 1 | W13: =SUM(G22:G25) -> 0 | X13: =SUM(H22:H25) -> 0 | Y13: =SUM(I22:I25) -> 7 | Z13: =SUM(J22:J25) -> 0 | ... AF13: =SUM(P22:P25) -> 59
B14: 08.00 - 08.15 | C14: 2 | D14: 0 | E14: 0 | F14: 0 | G14: 0 | H14: 0 | I14: 0 | J14: 0 | K14: 0 | L14: 0 | M14: 0 | N14: 0 | O14: =SUM(C14:L14,N14) -> 2 | P14: =SUM(C14:N14) -> 2 | R14: 1100-1200 | S14: =SUM(C26:C29) -> 23 | T14: =SUM(D26:D29) -> 6 | U14: =SUM(E26:E29) -> 1 | V14: =SUM(F26:F29) -> 1 | W14: =SUM(G26:G29) -> 0 | X14: =SUM(H26:H29) -> 1 | Y14: =SUM(I26:I29) -> 3 | Z14: =SUM(J26:J29) -> 0 | ... AF14: =SUM(P26:P29) -> 52
B15: 08.15 - 08.30 | C15: 1 | D15: 0 | E15: 0 | F15: 0 | G15: 0 | H15: 0 | I15: 0 | J15: 0 | K15: 0 | L15: 0 | M15: 3 | N15: 0 | O15: =SUM(C15:L15,N15) -> 1 | P15: =SUM(C15:N15) -> 4 | R15: 1200-1300 | S15: =SUM(C30:C33) -> 9 | T15: =SUM(D30:D33) -> 1 | U15: =SUM(E30:E33) -> 0 | V15: =SUM(F30:F33) -> 0 | W15: =SUM(G30:G33) -> 0 | X15: =SUM(H30:H33) -> 0 | Y15: =SUM(I30:I33) -> 2 | Z15: =SUM(J30:J33) -> 0 | ... AF15: =SUM(P30:P33) -> 31
B16: 08.30 - 08.45 | C16: 0 | D16: 1 | E16: 0 | F16: 0 | G16: 0 | H16: 0 | I16: 1 | J16: 0 | K16: 0 | L16: 0 | M16: 4 | N16: 0 | O16: =SUM(C16:L16,N16) -> 2 | P16: =SUM(C16:N16) -> 6 | R16: 1300-1400 | S16: =SUM(C34:C37) -> 11 | T16: =SUM(D34:D37) -> 0 | U16: =SUM(E34:E37) -> 1 | V16: =SUM(F34:F37) -> 0 | W16: =SUM(G34:G37) -> 1 | X16: =SUM(H34:H37) -> 0 | Y16: =SUM(I34:I37) -> 1 | Z16: =SUM(J34:J37) -> 0 | ... AF16: =SUM(P34:P37) -> 25
B17: 08.45 - 9.00 | C17: 6 | D17: 1 | E17: 1 | F17: 1 | G17: 0 | H17: 0 | I17: 1 | J17: 0 | K17: 0 | L17: 0 | M17: 3 | N17: 0 | O17: =SUM(C17:L17,N17) -> 10 | P17: =SUM(C17:N17) -> 13 | R17: 1400-1500 | S17: =SUM(C38:C41) -> 6 | T17: =SUM(D38:D41) -> 0 | U17: =SUM(E38:E41) -> 1 | V17: =SUM(F38:F41) -> 0 | W17: =SUM(G38:G41) -> 0 | X17: =SUM(H38:H41) -> 0 | Y17: =SUM(I38:I41) -> 1 | Z17: =SUM(J38:J41) -> 1 | ... AF17: =SUM(P38:P41) -> 25
B18: 09.00 - 09.15 | C18: 3 | D18: 0 | E18: 1 | F18: 0 | G18: 0 | H18: 0 | I18: 0 | J18: 0 | K18: 0 | L18: 0 | M18: 3 | N18: 0 | O18: =SUM(C18:L18,N18) -> 4 | P18: =SUM(C18:N18) -> 7 | R18: 1500-1600 | S18: =SUM(C42:C45) -> 11 | T18: =SUM(D42:D45) -> 0 | U18: =SUM(E42:E45) -> 0 | V18: =SUM(F42:F45) -> 0 | W18: =SUM(G42:G45) -> 0 | X18: =SUM(H42:H45) -> 1 | Y18: =SUM(I42:I45) -> 5 | Z18: =SUM(J42:J45) -> 0 | ... AF18: =SUM(P42:P45) -> 29
B19: 09.15 - 09.30 | C19: 3 | D19: 0 | E19: 1 | F19: 0 | G19: 0 | H19: 0 | I19: 0 | J19: 0 | K19: 0 | L19: 0 | M19: 6 | N19: 0 | O19: =SUM(C19:L19,N19) -> 4 | P19: =SUM(C19:N19) -> 10 | R19: 1600-1700 | S19: =SUM(C46:C49) -> 7 | T19: =SUM(D46:D49) -> 1 | U19: =SUM(E46:E49) -> 1 | V19: =SUM(F46:F49) -> 0 | W19: =SUM(G46:G49) -> 0 | X19: =SUM(H46:H49) -> 1 | Y19: =SUM(I46:I49) -> 0 | Z19: =SUM(J46:J49) -> 0 | ... AF19: =SUM(P46:P49) -> 28
B20: 09.30 - 09.45 | C20: 0 | D20: 0 | E20: 0 | F20: 0 | G20: 0 | H20: 0 | I20: 0 | J20: 0 | K20: 0 | L20: 0 | M20: 3 | N20: 0 | O20: =SUM(C20:L20,N20) -> 0 | P20: =SUM(C20:N20) -> 3 | R20: 1700-1800 | S20: =SUM(C50:C53) -> 10 | T20: =SUM(D50:D53) -> 1 | U20: =SUM(E50:E53) -> 0 | V20: =SUM(F50:F53) -> 0 | W20: =SUM(G50:G53) -> 0 | X20: =SUM(H50:H53) -> 0 | Y20: =SUM(I50:I53) -> 2 | Z20: =SUM(J50:J53) -> 0 | ... AF20: =SUM(P50:P53) -> 41
B21: 09.45 - 10.00 | C21: 3 | D21: 0 | E21: 2 | F21: 0 | G21: 0 | H21: 0 | I21: 0 | J21: 0 | K21: 0 | L21: 0 | M21: 3 | N21: 0 | O21: =SUM(C21:L21,N21) -> 5 | P21: =SUM(C21:N21) -> 8 | R21: 1800-1900 | S21: =SUM(C54:C57) -> 15 | T21: =SUM(D54:D57) -> 3 | U21: =SUM(E54:E57) -> 0 | V21: =SUM(F54:F57) -> 1 | W21: =SUM(G54:G57) -> 0 | X21: =SUM(H54:H57) -> 0 | Y21: =SUM(I54:I57) -> 2 | Z21: =SUM(J54:J57) -> 0 | ... AF21: =SUM(P54:P57) -> 48
B22: 10.00 - 10.15 | C22: 4 | D22: 0 | E22: 0 | F22: 1 | G22: 0 | H22: 0 | I22: 2 | J22: 0 | K22: 0 | L22: 0 | M22: 5 | N22: 0 | O22: =SUM(C22:L22,N22) -> 7 | P22: =SUM(C22:N22) -> 12 | R22: AM Peak Hr | S22: =MAX(S10:S12) -> 9 | T22: =MAX(T10:T12) -> 2 | U22: =MAX(U10:U12) -> 4 | V22: =MAX(V10:V12) -> 1 | W22: =MAX(W10:W12) -> 0 | X22: =MAX(X10:X12) -> 0 | Y22: =MAX(Y10:Y12) -> 2 | Z22: =MAX(Z10:Z12) -> 0 | ... AF22: =MAX(AF10:AF12) -> 28
B23: 10.15 - 10.30 | C23: 7 | D23: 0 | E23: 0 | F23: 0 | G23: 0 | H23: 0 | I23: 1 | J23: 0 | K23: 0 | L23: 0 | M23: 13 | N23: 0 | O23: =SUM(C23:L23,N23) -> 8 | P23: =SUM(C23:N23) -> 21 | R23: IP Peak Hr | S23: =MAX(S13:S18) -> 23 | T23: =MAX(T13:T18) -> 6 | U23: =MAX(U13:U18) -> 1 | V23: =MAX(V13:V18) -> 1 | W23: =MAX(W13:W18) -> 1 | X23: =MAX(X13:X18) -> 1 | Y23: =MAX(Y13:Y18) -> 7 | Z23: =MAX(Z13:Z18) -> 1 | ... AF23: =MAX(AF13:AF18) -> 59
B24: 10.30 - 10.45 | C24: 4 | D24: 1 | E24: 0 | F24: 0 | G24: 0 | H24: 0 | I24: 2 | J24: 0 | K24: 0 | L24: 0 | M24: 3 | N24: 0 | O24: =SUM(C24:L24,N24) -> 7 | P24: =SUM(C24:N24) -> 10 | R24: PM Peak Hr | S24: =MAX(S19:S21) -> 15 | T24: =MAX(T19:T21) -> 3 | U24: =MAX(U19:U21) -> 1 | V24: =MAX(V19:V21) -> 1 | W24: =MAX(W19:W21) -> 0 | X24: =MAX(X19:X21) -> 1 | Y24: =MAX(Y19:Y21) -> 2 | Z24: =MAX(Z19:Z21) -> 0 | ... AF24: =MAX(AF19:AF21) -> 48
B25: 10.45 - 11.00 | C25: 8 | D25: 0 | E25: 0 | F25: 0 | G25: 0 | H25: 0 | I25: 2 | J25: 0 | K25: 0 | L25: 0 | M25: 6 | N25: 0 | O25: =SUM(C25:L25,N25) -> 10 | P25: =SUM(C25:N25) -> 16 | R25: AM Period | S25: =SUM(S10:S12) -> 20 | T25: =SUM(T10:T12) -> 2 | U25: =SUM(U10:U12) -> 5 | V25: =SUM(V10:V12) -> 1 | W25: =SUM(W10:W12) -> 0 | X25: =SUM(X10:X12) -> 0 | Y25: =SUM(Y10:Y12) -> 2 | Z25: =SUM(Z10:Z12) -> 0 | ... AF25: =SUM(AF10:AF12) -> 60
B26: 11.00 - 11.15 | C26: 1 | D26: 1 | E26: 1 | F26: 0 | G26: 0 | H26: 1 | I26: 0 | J26: 0 | K26: 0 | L26: 0 | M26: 5 | N26: 0 | O26: =SUM(C26:L26,N26) -> 4 | P26: =SUM(C26:N26) -> 9 | R26: IP Period | S26: =SUM(S13:S18) -> 83 | T26: =SUM(T13:T18) -> 8 | U26: =SUM(U13:U18) -> 3 | V26: =SUM(V13:V18) -> 2 | W26: =SUM(W13:W18) -> 1 | X26: =SUM(X13:X18) -> 2 | Y26: =SUM(Y13:Y18) -> 19 | Z26: =SUM(Z13:Z18) -> 1 | ... AF26: =SUM(AF13:AF18) -> 221
B27: 11.15 - 11.30 | C27: 6 | D27: 3 | E27: 0 | F27: 0 | G27: 0 | H27: 0 | I27: 0 | J27: 0 | K27: 0 | L27: 0 | M27: 2 | N27: 0 | O27: =SUM(C27:L27,N27) -> 9 | P27: =SUM(C27:N27) -> 11 | R27: PM Period | S27: =SUM(S19:S21) -> 32 | T27: =SUM(T19:T21) -> 5 | U27: =SUM(U19:U21) -> 1 | V27: =SUM(V19:V21) -> 1 | W27: =SUM(W19:W21) -> 0 | X27: =SUM(X19:X21) -> 1 | Y27: =SUM(Y19:Y21) -> 4 | Z27: =SUM(Z19:Z21) -> 0 | ... AF27: =SUM(AF19:AF21) -> 117
B28: 11.30 - 11.45 | C28: 9 | D28: 1 | E28: 0 | F28: 1 | G28: 0 | H28: 0 | I28: 1 | J28: 0 | K28: 0 | L28: 0 | M28: 6 | N28: 0 | O28: =SUM(C28:L28,N28) -> 12 | P28: =SUM(C28:N28) -> 18 | R28: 12 Hours | S28: =SUM(S10:S21) -> 135 | T28: =SUM(T10:T21) -> 15 | U28: =SUM(U10:U21) -> 9 | V28: =SUM(V10:V21) -> 4 | W28: =SUM(W10:W21) -> 1 | X28: =SUM(X10:X21) -> 3 | Y28: =SUM(Y10:Y21) -> 25 | Z28: =SUM(Z10:Z21) -> 1 | ... AF28: =SUM(AF10:AF21) -> 398
B29: 11.45 - 12.00 | C29: 7 | D29: 1 | E29: 0 | F29: 0 | G29: 0 | H29: 0 | I29: 2 | J29: 0 | K29: 0 | L29: 0 | M29: 4 | N29: 0 | O29: =SUM(C29:L29,N29) -> 10 | P29: =SUM(C29:N29) -> 14
B30: 12.00 - 12.15 | C30: 4 | D30: 1 | E30: 0 | F30: 0 | G30: 0 | H30: 0 | I30: 1 | J30: 0 | K30: 0 | L30: 0 | M30: 5 | N30: 0 | O30: =SUM(C30:L30,N30) -> 6 | P30: =SUM(C30:N30) -> 11
B31: 12.15 - 12.30 | C31: 2 | D31: 0 | E31: 0 | F31: 0 | G31: 0 | H31: 0 | I31: 0 | J31: 0 | K31: 0 | L31: 0 | M31: 6 | N31: 0 | O31: =SUM(C31:L31,N31) -> 2 | P31: =SUM(C31:N31) -> 8
B32: 12.30 - 12.45 | C32: 2 | D32: 0 | E32: 0 | F32: 0 | G32: 0 | H32: 0 | I32: 1 | J32: 0 | K32: 0 | L32: 0 | M32: 1 | N32: 0 | O32: =SUM(C32:L32,N32) -> 3 | P32: =SUM(C32:N32) -> 4
B33: 12.45 - 13.00 | C33: 1 | D33: 0 | E33: 0 | F33: 0 | G33: 0 | H33: 0 | I33: 0 | J33: 0 | K33: 0 | L33: 0 | M33: 7 | N33: 0 | O33: =SUM(C33:L33,N33) -> 1 | P33: =SUM(C33:N33) -> 8
B34: 13.00 - 13.15 | C34: 2 | D34: 0 | E34: 0 | F34: 0 | G34: 0 | H34: 0 | I34: 0 | J34: 0 | K34: 0 | L34: 0 | M34: 3 | N34: 0 | O34: =SUM(C34:L34,N34) -> 2 | P34: =SUM(C34:N34) -> 5
B35: 13.15 - 13.30 | C35: 3 | D35: 0 | E35: 1 | F35: 0 | G35: 0 | H35: 0 | I35: 0 | J35: 0 | K35: 0 | L35: 0 | M35: 4 | N35: 0 | O35: =SUM(C35:L35,N35) -> 4 | P35: =SUM(C35:N35) -> 8
B36: 13.30 - 13.45 | C36: 4 | D36: 0 | E36: 0 | F36: 0 | G36: 1 | H36: 0 | I36: 0 | J36: 0 | K36: 0 | L36: 0 | M36: 2 | N36: 0 | O36: =SUM(C36:L36,N36) -> 5 | P36: =SUM(C36:N36) -> 7
B37: 13.45 - 14.00 | C37: 2 | D37: 0 | E37: 0 | F37: 0 | G37: 0 | H37: 0 | I37: 1 | J37: 0 | K37: 0 | L37: 0 | M37: 2 | N37: 0 | O37: =SUM(C37:L37,N37) -> 3 | P37: =SUM(C37:N37) -> 5
B38: 14.00 - 14.15 | C38: 1 | D38: 0 | E38: 1 | F38: 0 | G38: 0 | H38: 0 | I38: 1 | J38: 1 | K38: 0 | L38: 0 | M38: 6 | N38: 0 | O38: =SUM(C38:L38,N38) -> 4 | P38: =SUM(C38:N38) -> 10
B39: 14.15 - 14.30 | C39: 1 | D39: 0 | E39: 0 | F39: 0 | G39: 0 | H39: 0 | I39: 0 | J39: 0 | K39: 0 | L39: 0 | M39: 0 | N39: 0 | O39: =SUM(C39:L39,N39) -> 1 | P39: =SUM(C39:N39) -> 1
B40: 14.30 - 14.45 | C40: 2 | D40: 0 | E40: 0 | F40: 0 | G40: 0 | H40: 0 | I40: 0 | J40: 0 | K40: 0 | L40: 0 | M40: 7 | N40: 0 | O40: =SUM(C40:L40,N40) -> 2 | P40: =SUM(C40:N40) -> 9
... B57: 18.45 - 19.00 | C57: 3 | D57: 1 | E57: 0 | F57: 0 | G57: 0 | H57: 0 | I57: 1 | J57: 0 | K57: 0 | L57: 0 | M57: 5 | N57: 0 | O57: =SUM(C57:L57,N57) -> 5 | P57: =SUM(C57:N57) -> 10
B58: Totals | C58: =SUM(C10:C57) -> 135 | D58: =SUM(D10:D57) -> 15 | E58: =SUM(E10:E57) -> 9 | F58: =SUM(F10:F57) -> 4 | G58: =SUM(G10:G57) -> 1 | H58: =SUM(H10:H57) -> 3 | I58: =SUM(I10:I57) -> 25 | J58: =SUM(J10:J57) -> 1 | ... P58: =SUM(P10:P57) -> 398
B59: %ges + MCs | C59: =C58/$P$58 -> 0.33919598 | D59: =D58/$P$58 -> 0.037688442 | E59: =E58/$P$58 -> 0.022613065 | F59: =F58/$P$58 -> 0.010050251 | G59: =G58/$P$58 -> 0.0025125628 | H59: =H58/$P$58 -> 0.0075376884 | I59: =I58/$P$58 -> 0.06281407 | J59: =J58/$P$58 -> 0.0025125628 | ... N59: =N58/$P$58 -> 0
B60: %ges w/o MCs | C60: =C58/$O$58 -> 0.69948187 | D60: =D58/$O$58 -> 0.077720207 | E60: =E58/$O$58 -> 0.046632124 | F60: =F58/$O$58 -> 0.020725389 | G60: =G58/$O$58 -> 0.0051813472 | H60: =H58/$O$58 -> 0.015544041 | I60: =I58/$O$58 -> 0.12953368 | J60: =J58/$O$58 -> 0.0051813472 | ... L60: =L58/$O$58 -> 0 | N60: =N58/$O$58 -> 0

Sheet 26.10  Kabale-Katuna
B1: Consultancy services for Preparation of Expressway Development Master Plan (EDMP) for Uganda
B2: MANUAL CLASSIFIED COUNT (MCC)
B3: ROAD NAME: | C3: ='26.10 Katuna-Kabale'!C3:G3 -> MCC - C1 - STN134 - KATUNA-KABALE ROAD
C5: Date | D5: ='26.10 Katuna-Kabale'!D5 -> 26.10.19 | F5: Location | G5: ='26.10 Katuna-Kabale'!G5:H5 -> Katuna BP | J5: Surveyor | K5: Kato Joseph
C6: Dir. From | D6: Kabale | F6: Dir. To | G6: Katuna | J6: Supervisor | K6: ='26.10 Katuna-Kabale'!K6:L6 -> Mbabazi
B8: Time / Veh Type | R8: SUMMARY TRAFFIC VOLUMES
C9: 1. Car | D9: 2. Station Wagon | E9: 3. Pickups | F9: 4. Minibus, matatu | G9: 5. Medium bus | H9: 6. Large Bus | I9: 7. Light Truck | J9: 8. Medium Truck | K9: 9. Heavy truck | L9: 10. Truck Trailer | M9: 11. Motor cycles | N9: 12. Tractors | O9: Total Excl M/Cycles | P9: Total All | R9: Time | S9: 1. Car | T9: 2. Station Wagon | U9: 3. Pickups | V9: 4. Minibus, matatu | W9: 5. Medium bus | X9: 6. Large Bus | Y9: 7. Light Truck | Z9: 8. Medium Truck | AA9: 9. Heavy truck | AB9: 10. Truck Trailer | AC9: 11. Motorcycles | AD9: 12. Tractors, Graders | AE9: Total Excl M/ Cycles | AF9: Total All
B10: 07.00 - 07.15 | C10: 0 | D10: 0 | E10: 1 | F10: 0 | G10: 1 | H10: 0 | I10: 0 | J10: 0 | K10: 0 | L10: 0 | M10: 1 | N10: 0 | O10: =SUM(C10:L10,N10) -> 2 | P10: =SUM(C10:N10) -> 3 | R10: 0700-0800 | S10: =SUM(C10:C13) -> 6 | T10: =SUM(D10:D13) -> 1 | U10: =SUM(E10:E13) -> 1 | V10: =SUM(F10:F13) -> 3 | W10: =SUM(G10:G13) -> 1 | X10: =SUM(H10:H13) -> 0 | Y10: =SUM(I10:I13) -> 1 | Z10: =SUM(J10:J13) -> 0 | ... AF10: =SUM(P10:P13) -> 21
B11: 07.15 - 07.30 | C11: 2 | D11: 1 | E11: 0 | F11: 0 | G11: 0 | H11: 0 | I11: 1 | J11: 0 | K11: 0 | L11: 0 | M11: 1 | N11: 0 | O11: =SUM(C11:L11,N11) -> 4 | P11: =SUM(C11:N11) -> 5 | R11: 0800-0900 | S11: =SUM(C14:C17) -> 8 | T11: =SUM(D14:D17) -> 0 | U11: =SUM(E14:E17) -> 1 | V11: =SUM(F14:F17) -> 0 | W11: =SUM(G14:G17) -> 0 | X11: =SUM(H14:H17) -> 1 | Y11: =SUM(I14:I17) -> 0 | Z11: =SUM(J14:J17) -> 0 | ... AF11: =SUM(P14:P17) -> 27
B12: 07.30 - 07.45 | C12: 2 | D12: 0 | E12: 0 | F12: 3 | G12: 0 | H12: 0 | I12: 0 | J12: 0 | K12: 0 | L12: 0 | M12: 6 | N12: 0 | O12: =SUM(C12:L12,N12) -> 5 | P12: =SUM(C12:N12) -> 11 | R12: 0900-1000 | S12: =SUM(C18:C21) -> 13 | T12: =SUM(D18:D21) -> 0 | U12: =SUM(E18:E21) -> 1 | V12: =SUM(F18:F21) -> 0 | W12: =SUM(G18:G21) -> 1 | X12: =SUM(H18:H21) -> 0 | Y12: =SUM(I18:I21) -> 5 | Z12: =SUM(J18:J21) -> 0 | ... AF12: =SUM(P18:P21) -> 52
B13: 07.45 - 08.00 | C13: 2 | D13: 0 | E13: 0 | F13: 0 | G13: 0 | H13: 0 | I13: 0 | J13: 0 | K13: 0 | L13: 0 | M13: 0 | N13: 0 | O13: =SUM(C13:L13,N13) -> 2 | P13: =SUM(C13:N13) -> 2 | R13: 1000-1100 | S13: =SUM(C22:C25) -> 13 | T13: =SUM(D22:D25) -> 3 | U13: =SUM(E22:E25) -> 2 | V13: =SUM(F22:F25) -> 0 | W13: =SUM(G22:G25) -> 0 | X13: =SUM(H22:H25) -> 0 | Y13: =SUM(I22:I25) -> 2 | Z13: =SUM(J22:J25) -> 0 | ... AF13: =SUM(P22:P25) -> 56
B14: 08.00 - 08.15 | C14: 1 | D14: 0 | E14: 0 | F14: 0 | G14: 0 | H14: 0 | I14: 0 | J14: 0 | K14: 0 | L14: 0 | M14: 1 | N14: 0 | O14: =SUM(C14:L14,N14) -> 1 | P14: =SUM(C14:N14) -> 2 | R14: 1100-1200 | S14: =SUM(C26:C29) -> 11 | T14: =SUM(D26:D29) -> 4 | U14: =SUM(E26:E29) -> 1 | V14: =SUM(F26:F29) -> 2 | W14: =SUM(G26:G29) -> 0 | X14: =SUM(H26:H29) -> 1 | Y14: =SUM(I26:I29) -> 0 | Z14: =SUM(J26:J29) -> 0 | ... AF14: =SUM(P26:P29) -> 36
B15: 08.15 - 08.30 | C15: 1 | D15: 0 | E15: 0 | F15: 0 | G15: 0 | H15: 0 | I15: 0 | J15: 0 | K15: 0 | L15: 0 | M15: 5 | N15: 0 | O15: =SUM(C15:L15,N15) -> 1 | P15: =SUM(C15:N15) -> 6 | R15: 1200-1300 | S15: =SUM(C30:C33) -> 13 | T15: =SUM(D30:D33) -> 1 | U15: =SUM(E30:E33) -> 0 | V15: =SUM(F30:F33) -> 0 | W15: =SUM(G30:G33) -> 0 | X15: =SUM(H30:H33) -> 1 | Y15: =SUM(I30:I33) -> 2 | Z15: =SUM(J30:J33) -> 0 | ... AF15: =SUM(P30:P33) -> 30
B16: 08.30 - 08.45 | C16: 3 | D16: 0 | E16: 1 | F16: 0 | G16: 0 | H16: 1 | I16: 0 | J16: 0 | K16: 0 | L16: 0 | M16: 7 | N16: 0 | O16: =SUM(C16:L16,N16) -> 5 | P16: =SUM(C16:N16) -> 12 | R16: 1300-1400 | S16: =SUM(C34:C37) -> 7 | T16: =SUM(D34:D37) -> 2 | U16: =SUM(E34:E37) -> 3 | V16: =SUM(F34:F37) -> 0 | W16: =SUM(G34:G37) -> 0 | X16: =SUM(H34:H37) -> 0 | Y16: =SUM(I34:I37) -> 2 | Z16: =SUM(J34:J37) -> 0 | ... AF16: =SUM(P34:P37) -> 37
B17: 08.45 - 9.00 | C17: 3 | D17: 0 | E17: 0 | F17: 0 | G17: 0 | H17: 0 | I17: 0 | J17: 0 | K17: 0 | L17: 0 | M17: 4 | N17: 0 | O17: =SUM(C17:L17,N17) -> 3 | P17: =SUM(C17:N17) -> 7 | R17: 1400-1500 | S17: =SUM(C38:C41) -> 13 | T17: =SUM(D38:D41) -> 0 | U17: =SUM(E38:E41) -> 0 | V17: =SUM(F38:F41) -> 2 | W17: =SUM(G38:G41) -> 0 | X17: =SUM(H38:H41) -> 0 | Y17: =SUM(I38:I41) -> 2 | Z17: =SUM(J38:J41) -> 0 | ... AF17: =SUM(P38:P41) -> 34
B18: 09.00 - 09.15 | C18: 3 | D18: 0 | E18: 0 | F18: 0 | G18: 0 | H18: 0 | I18: 1 | J18: 0 | K18: 0 | L18: 0 | M18: 4 | N18: 0 | O18: =SUM(C18:L18,N18) -> 4 | P18: =SUM(C18:N18) -> 8 | R18: 1500-1600 | S18: =SUM(C42:C45) -> 3 | T18: =SUM(D42:D45) -> 1 | U18: =SUM(E42:E45) -> 1 | V18: =SUM(F42:F45) -> 3 | W18: =SUM(G42:G45) -> 0 | X18: =SUM(H42:H45) -> 0 | Y18: =SUM(I42:I45) -> 1 | Z18: =SUM(J42:J45) -> 0 | ... AF18: =SUM(P42:P45) -> 25
B19: 09.15 - 09.30 | C19: 2 | D19: 0 | E19: 0 | F19: 0 | G19: 1 | H19: 0 | I19: 0 | J19: 0 | K19: 0 | L19: 0 | M19: 10 | N19: 0 | O19: =SUM(C19:L19,N19) -> 3 | P19: =SUM(C19:N19) -> 13 | R19: 1600-1700 | S19: =SUM(C46:C49) -> 12 | T19: =SUM(D46:D49) -> 2 | U19: =SUM(E46:E49) -> 0 | V19: =SUM(F46:F49) -> 2 | W19: =SUM(G46:G49) -> 0 | X19: =SUM(H46:H49) -> 2 | Y19: =SUM(I46:I49) -> 2 | Z19: =SUM(J46:J49) -> 0 | ... AF19: =SUM(P46:P49) -> 40
B20: 09.30 - 09.45 | C20: 3 | D20: 0 | E20: 0 | F20: 0 | G20: 0 | H20: 0 | I20: 2 | J20: 0 | K20: 0 | L20: 0 | M20: 8 | N20: 0 | O20: =SUM(C20:L20,N20) -> 5 | P20: =SUM(C20:N20) -> 13 | R20: 1700-1800 | S20: =SUM(C50:C53) -> 10 | T20: =SUM(D50:D53) -> 0 | U20: =SUM(E50:E53) -> 0 | V20: =SUM(F50:F53) -> 0 | W20: =SUM(G50:G53) -> 0 | X20: =SUM(H50:H53) -> 0 | Y20: =SUM(I50:I53) -> 6 | Z20: =SUM(J50:J53) -> 0 | ... AF20: =SUM(P50:P53) -> 43
B21: 09.45 - 10.00 | C21: 5 | D21: 0 | E21: 1 | F21: 0 | G21: 0 | H21: 0 | I21: 2 | J21: 0 | K21: 0 | L21: 0 | M21: 10 | N21: 0 | O21: =SUM(C21:L21,N21) -> 8 | P21: =SUM(C21:N21) -> 18 | R21: 1800-1900 | S21: =SUM(C54:C57) -> 17 | T21: =SUM(D54:D57) -> 0 | U21: =SUM(E54:E57) -> 0 | V21: =SUM(F54:F57) -> 0 | W21: =SUM(G54:G57) -> 0 | X21: =SUM(H54:H57) -> 0 | Y21: =SUM(I54:I57) -> 0 | Z21: =SUM(J54:J57) -> 0 | ... AF21: =SUM(P54:P57) -> 42
B22: 10.00 - 10.15 | C22: 5 | D22: 1 | E22: 1 | F22: 0 | G22: 0 | H22: 0 | I22: 0 | J22: 0 | K22: 0 | L22: 0 | M22: 13 | N22: 0 | O22: =SUM(C22:L22,N22) -> 7 | P22: =SUM(C22:N22) -> 20 | R22: AM Peak Hr | S22: =MAX(S10:S12) -> 13 | T22: =MAX(T10:T12) -> 1 | U22: =MAX(U10:U12) -> 1 | V22: =MAX(V10:V12) -> 3 | W22: =MAX(W10:W12) -> 1 | X22: =MAX(X10:X12) -> 1 | Y22: =MAX(Y10:Y12) -> 5 | Z22: =MAX(Z10:Z12) -> 0 | ... AF22: =MAX(AF10:AF12) -> 52
B23: 10.15 - 10.30 | C23: 3 | D23: 0 | E23: 1 | F23: 0 | G23: 0 | H23: 0 | I23: 1 | J23: 0 | K23: 0 | L23: 0 | M23: 6 | N23: 0 | O23: =SUM(C23:L23,N23) -> 5 | P23: =SUM(C23:N23) -> 11 | R23: IP Peak Hr | S23: =MAX(S13:S18) -> 13 | T23: =MAX(T13:T18) -> 4 | U23: =MAX(U13:U18) -> 3 | V23: =MAX(V13:V18) -> 3 | W23: =MAX(W13:W18) -> 0 | X23: =MAX(X13:X18) -> 1 | Y23: =MAX(Y13:Y18) -> 2 | Z23: =MAX(Z13:Z18) -> 0 | ... AF23: =MAX(AF13:AF18) -> 56
B24: 10.30 - 10.45 | C24: 4 | D24: 1 | E24: 0 | F24: 0 | G24: 0 | H24: 0 | I24: 1 | J24: 0 | K24: 0 | L24: 0 | M24: 9 | N24: 0 | O24: =SUM(C24:L24,N24) -> 6 | P24: =SUM(C24:N24) -> 15 | R24: PM Peak Hr | S24: =MAX(S19:S21) -> 17 | T24: =MAX(T19:T21) -> 2 | U24: =MAX(U19:U21) -> 0 | V24: =MAX(V19:V21) -> 2 | W24: =MAX(W19:W21) -> 0 | X24: =MAX(X19:X21) -> 2 | Y24: =MAX(Y19:Y21) -> 6 | Z24: =MAX(Z19:Z21) -> 0 | ... AF24: =MAX(AF19:AF21) -> 43
B25: 10.45 - 11.00 | C25: 1 | D25: 1 | E25: 0 | F25: 0 | G25: 0 | H25: 0 | I25: 0 | J25: 0 | K25: 0 | L25: 0 | M25: 8 | N25: 0 | O25: =SUM(C25:L25,N25) -> 2 | P25: =SUM(C25:N25) -> 10 | R25: AM Period | S25: =SUM(S10:S12) -> 27 | T25: =SUM(T10:T12) -> 1 | U25: =SUM(U10:U12) -> 3 | V25: =SUM(V10:V12) -> 3 | W25: =SUM(W10:W12) -> 2 | X25: =SUM(X10:X12) -> 1 | Y25: =SUM(Y10:Y12) -> 6 | Z25: =SUM(Z10:Z12) -> 0 | ... AF25: =SUM(AF10:AF12) -> 100
B26: 11.00 - 11.15 | C26: 3 | D26: 1 | E26: 0 | F26: 0 | G26: 0 | H26: 1 | I26: 0 | J26: 0 | K26: 0 | L26: 0 | M26: 4 | N26: 0 | O26: =SUM(C26:L26,N26) -> 5 | P26: =SUM(C26:N26) -> 9 | R26: IP Period | S26: =SUM(S13:S18) -> 60 | T26: =SUM(T13:T18) -> 11 | U26: =SUM(U13:U18) -> 7 | V26: =SUM(V13:V18) -> 7 | W26: =SUM(W13:W18) -> 0 | X26: =SUM(X13:X18) -> 2 | Y26: =SUM(Y13:Y18) -> 9 | Z26: =SUM(Z13:Z18) -> 0 | ... AF26: =SUM(AF13:AF18) -> 218
B27: 11.15 - 11.30 | C27: 2 | D27: 0 | E27: 0 | F27: 1 | G27: 0 | H27: 0 | I27: 0 | J27: 0 | K27: 0 | L27: 0 | M27: 7 | N27: 0 | O27: =SUM(C27:L27,N27) -> 3 | P27: =SUM(C27:N27) -> 10 | R27: PM Period | S27: =SUM(S19:S21) -> 39 | T27: =SUM(T19:T21) -> 2 | U27: =SUM(U19:U21) -> 0 | V27: =SUM(V19:V21) -> 2 | W27: =SUM(W19:W21) -> 0 | X27: =SUM(X19:X21) -> 2 | Y27: =SUM(Y19:Y21) -> 8 | Z27: =SUM(Z19:Z21) -> 0 | ... AF27: =SUM(AF19:AF21) -> 125
B28: 11.30 - 11.45 | C28: 2 | D28: 3 | E28: 1 | F28: 1 | G28: 0 | H28: 0 | I28: 0 | J28: 0 | K28: 0 | L28: 0 | M28: 4 | N28: 0 | O28: =SUM(C28:L28,N28) -> 7 | P28: =SUM(C28:N28) -> 11 | R28: 12 Hours | S28: =SUM(S10:S21) -> 126 | T28: =SUM(T10:T21) -> 14 | U28: =SUM(U10:U21) -> 10 | V28: =SUM(V10:V21) -> 12 | W28: =SUM(W10:W21) -> 2 | X28: =SUM(X10:X21) -> 5 | Y28: =SUM(Y10:Y21) -> 23 | Z28: =SUM(Z10:Z21) -> 0 | ... AF28: =SUM(AF10:AF21) -> 443
B29: 11.45 - 12.00 | C29: 4 | D29: 0 | E29: 0 | F29: 0 | G29: 0 | H29: 0 | I29: 0 | J29: 0 | K29: 0 | L29: 0 | M29: 2 | N29: 0 | O29: =SUM(C29:L29,N29) -> 4 | P29: =SUM(C29:N29) -> 6
B30: 12.00 - 12.15 | C30: 5 | D30: 0 | E30: 0 | F30: 0 | G30: 0 | H30: 0 | I30: 1 | J30: 0 | K30: 0 | L30: 0 | M30: 2 | N30: 0 | O30: =SUM(C30:L30,N30) -> 6 | P30: =SUM(C30:N30) -> 8
B31: 12.15 - 12.30 | C31: 3 | D31: 0 | E31: 0 | F31: 0 | G31: 0 | H31: 0 | I31: 0 | J31: 0 | K31: 0 | L31: 0 | M31: 7 | N31: 0 | O31: =SUM(C31:L31,N31) -> 3 | P31: =SUM(C31:N31) -> 10
B32: 12.30 - 12.45 | C32: 3 | D32: 1 | E32: 0 | F32: 0 | G32: 0 | H32: 0 | I32: 1 | J32: 0 | K32: 0 | L32: 0 | M32: 1 | N32: 0 | O32: =SUM(C32:L32,N32) -> 5 | P32: =SUM(C32:N32) -> 6
B33: 12.45 - 13.00 | C33: 2 | D33: 0 | E33: 0 | F33: 0 | G33: 0 | H33: 1 | I33: 0 | J33: 0 | K33: 0 | L33: 0 | M33: 3 | N33: 0 | O33: =SUM(C33:L33,N33) -> 3 | P33: =SUM(C33:N33) -> 6
B34: 13.00 - 13.15 | C34: 0 | D34: 1 | E34: 0 | F34: 0 | G34: 0 | H34: 0 | I34: 0 | J34: 0 | K34: 0 | L34: 0 | M34: 7 | N34: 0 | O34: =SUM(C34:L34,N34) -> 1 | P34: =SUM(C34:N34) -> 8
B35: 13.15 - 13.30 | C35: 3 | D35: 1 | E35: 0 | F35: 0 | G35: 0 | H35: 0 | I35: 1 | J35: 0 | K35: 0 | L35: 0 | M35: 6 | N35: 0 | O35: =SUM(C35:L35,N35) -> 5 | P35: =SUM(C35:N35) -> 11
B36: 13.30 - 13.45 | C36: 4 | D36: 0 | E36: 1 | F36: 0 | G36: 0 | H36: 0 | I36: 1 | J36: 0 | K36: 0 | L36: 0 | M36: 8 | N36: 0 | O36: =SUM(C36:L36,N36) -> 6 | P36: =SUM(C36:N36) -> 14
B37: 13.45 - 14.00 | C37: 0 | D37: 0 | E37: 2 | F37: 0 | G37: 0 | H37: 0 | I37: 0 | J37: 0 | K37: 0 | L37: 0 | M37: 2 | N37: 0 | O37: =SUM(C37:L37,N37) -> 2 | P37: =SUM(C37:N37) -> 4
B38: 14.00 - 14.15 | C38: 1 | D38: 0 | E38: 0 | F38: 1 | G38: 0 | H38: 0 | I38: 0 | J38: 0 | K38: 0 | L38: 0 | M38: 3 | N38: 0 | O38: =SUM(C38:L38,N38) -> 2 | P38: =SUM(C38:N38) -> 5
B39: 14.15 - 14.30 | C39: 3 | D39: 0 | E39: 0 | F39: 0 | G39: 0 | H39: 0 | I39: 0 | J39: 0 | K39: 0 | L39: 0 | M39: 3 | N39: 0 | O39: =SUM(C39:L39,N39) -> 3 | P39: =SUM(C39:N39) -> 6
B40: 14.30 - 14.45 | C40: 5 | D40: 0 | E40: 0 | F40: 0 | G40: 0 | H40: 0 | I40: 2 | J40: 0 | K40: 0 | L40: 0 | M40: 6 | N40: 0 | O40: =SUM(C40:L40,N40) -> 7 | P40: =SUM(C40:N40) -> 13
... B57: 18.45 - 19.00 | C57: 4 | D57: 0 | E57: 0 | F57: 0 | G57: 0 | H57: 0 | I57: 0 | J57: 0 | K57: 0 | L57: 0 | M57: 4 | N57: 0 | O57: =SUM(C57:L57,N57) -> 4 | P57: =SUM(C57:N57) -> 8
B58: Totals | C58: =SUM(C10:C57) -> 126 | D58: =SUM(D10:D57) -> 14 | E58: =SUM(E10:E57) -> 10 | F58: =SUM(F10:F57) -> 12 | G58: =SUM(G10:G57) -> 2 | H58: =SUM(H10:H57) -> 5 | I58: =SUM(I10:I57) -> 23 | J58: =SUM(J10:J57) -> 0 | ... P58: =SUM(P10:P57) -> 443
B59: %ges + MCs | C59: =C58/$P$58 -> 0.28442438 | D59: =D58/$P$58 -> 0.031602709 | E59: =E58/$P$58 -> 0.022573363 | F59: =F58/$P$58 -> 0.027088036 | G59: =G58/$P$58 -> 0.0045146727 | H59: =H58/$P$58 -> 0.011286682 | I59: =I58/$P$58 -> 0.051918736 | J59: =J58/$P$58 -> 0 | ... N59: =N58/$P$58 -> 0
B60: %ges w/o MCs | C60: =C58/$O$58 -> 0.65625 | D60: =D58/$O$58 -> 0.072916667 | E60: =E58/$O$58 -> 0.052083333 | F60: =F58/$O$58 -> 0.0625 | G60: =G58/$O$58 -> 0.010416667 | H60: =H58/$O$58 -> 0.026041667 | I60: =I58/$O$58 -> 0.11979167 | J60: =J58/$O$58 -> 0 | ... L60: =L58/$O$58 -> 0 | N60: =N58/$O$58 -> 0

Sheet Avg Week Katuna-Kabale
B1: Consultancy services for Preparation of Expressway Development Master Plan (EDMP) for Uganda
B2: MANUAL CLASSIFIED COUNT (MCC)
B3: ROAD NAME: | C3: KATUNA B/P
C5: Date | D5: AVERAGE WEEK | F5: Location | G5: XXXXX | J5: Surveyor | K5: XXXXXX
C6: Dir. From | D6: KATUNA | F6: Dir. To | G6: KABALE | J6: Supervisor | K6: XXXXXXX
B8: Time / Veh Type | R8: SUMMARY TRAFFIC VOLUMES
C9: 1. Car | D9: 2. Station Wagon | E9: 3. Pickups | F9: 4. Minibus, matatu | G9: 5. Medium bus | H9: 6. Large Bus | I9: 7. Light Truck | J9: 8. Medium Truck | K9: 9. Heavy truck | L9: 10. Truck Trailer | M9: 11. Motor cycles | N9: 12. Tractors | O9: Total Excl M/Cycles | P9: Total All | R9: Time | S9: 1. Car | T9: 2. Station Wagon | U9: 3. Pickups | V9: 4. Minibus, matatu | W9: 5. Medium bus | X9: 6. Large Bus | Y9: 7. Light Truck | Z9: 8. Medium Truck | AA9: 9. Heavy truck | AB9: 10. Truck Trailer | AC9: 11. Motorcycles | AD9: 12. Tractors, Graders | AE9: Total Excl M/ Cycles | AF9: Total All
B10: 07.00 - 07.15 | C10: =AVERAGE('25.10 Katuna-Kabale 24hr'!C10,'26.10 Katuna-Kabale'!C10) -> 0.5 | D10: =AVERAGE('25.10 Katuna-Kabale 24hr'!D10,'26.10 Katuna-Kabale'!D10) -> 0 | E10: =AVERAGE('25.10 Katuna-Kabale 24hr'!E10,'26.10 Katuna-Kabale'!E10) -> 0 | F10: =AVERAGE('25.10 Katuna-Kabale 24hr'!F10,'26.10 Katuna-Kabale'!F10) -> 0 | G10: =AVERAGE('25.10 Katuna-Kabale 24hr'!G10,'26.10 Katuna-Kabale'!G10) -> 0 | H10: =AVERAGE('25.10 Katuna-Kabale 24hr'!H10,'26.10 Katuna-Kabale'!H10) -> 0 | I10: =AVERAGE('25.10 Katuna-Kabale 24hr'!I10,'26.10 Katuna-Kabale'!I10) -> 0 | J10: =AVERAGE('25.10 Katuna-Kabale 24hr'!J10,'26.10 Katuna-Kabale'!J10) -> 0 | ... N10: =AVERAGE('25.10 Katuna-Kabale 24hr'!N10,'26.10 Katuna-Kabale'!N10) -> 0 | O10: =SUM(C10:L10,N10) -> 0.5 | P10: =SUM(C10:N10) -> 3 | R10: 0700-0800 | S10: =SUM(C10:C13) -> 4 | T10: =SUM(D10:D13) -> 0.5 | U10: =SUM(E10:E13) -> 0 | V10: =SUM(F10:F13) -> 0 | W10: =SUM(G10:G13) -> 0 | X10: =SUM(H10:H13) -> 0 | Y10: =SUM(I10:I13) -> 0 | Z10: =SUM(J10:J13) -> 0 | ... AF10: =SUM(P10:P13) -> 13.5
B11: 07.15 - 07.30 | C11: =AVERAGE('25.10 Katuna-Kabale 24hr'!C11,'26.10 Katuna-Kabale'!C11) -> 1 | D11: =AVERAGE('25.10 Katuna-Kabale 24hr'!D11,'26.10 Katuna-Kabale'!D11) -> 0 | E11: =AVERAGE('25.10 Katuna-Kabale 24hr'!E11,'26.10 Katuna-Kabale'!E11) -> 0 | F11: =AVERAGE('25.10 Katuna-Kabale 24hr'!F11,'26.10 Katuna-Kabale'!F11) -> 0 | G11: =AVERAGE('25.10 Katuna-Kabale 24hr'!G11,'26.10 Katuna-Kabale'!G11) -> 0 | H11: =AVERAGE('25.10 Katuna-Kabale 24hr'!H11,'26.10 Katuna-Kabale'!H11) -> 0 | I11: =AVERAGE('25.10 Katuna-Kabale 24hr'!I11,'26.10 Katuna-Kabale'!I11) -> 0 | J11: =AVERAGE('25.10 Katuna-Kabale 24hr'!J11,'26.10 Katuna-Kabale'!J11) -> 0 | ... N11: =AVERAGE('25.10 Katuna-Kabale 24hr'!N11,'26.10 Katuna-Kabale'!N11) -> 0 | O11: =SUM(C11:L11,N11) -> 1 | P11: =SUM(C11:N11) -> 1.5 | R11: 0800-0900 | S11: =SUM(C14:C17) -> 15 | T11: =SUM(D14:D17) -> 1.5 | U11: =SUM(E14:E17) -> 1 | V11: =SUM(F14:F17) -> 0.5 | W11: =SUM(G14:G17) -> 0 | X11: =SUM(H14:H17) -> 0 | Y11: =SUM(I14:I17) -> 2 | Z11: =SUM(J14:J17) -> 0 | ... AF11: =SUM(P14:P17) -> 37.5
B12: 07.30 - 07.45 | C12: =AVERAGE('25.10 Katuna-Kabale 24hr'!C12,'26.10 Katuna-Kabale'!C12) -> 1.5 | D12: =AVERAGE('25.10 Katuna-Kabale 24hr'!D12,'26.10 Katuna-Kabale'!D12) -> 0 | E12: =AVERAGE('25.10 Katuna-Kabale 24hr'!E12,'26.10 Katuna-Kabale'!E12) -> 0 | F12: =AVERAGE('25.10 Katuna-Kabale 24hr'!F12,'26.10 Katuna-Kabale'!F12) -> 0 | G12: =AVERAGE('25.10 Katuna-Kabale 24hr'!G12,'26.10 Katuna-Kabale'!G12) -> 0 | H12: =AVERAGE('25.10 Katuna-Kabale 24hr'!H12,'26.10 Katuna-Kabale'!H12) -> 0 | I12: =AVERAGE('25.10 Katuna-Kabale 24hr'!I12,'26.10 Katuna-Kabale'!I12) -> 0 | J12: =AVERAGE('25.10 Katuna-Kabale 24hr'!J12,'26.10 Katuna-Kabale'!J12) -> 0 | ... N12: =AVERAGE('25.10 Katuna-Kabale 24hr'!N12,'26.10 Katuna-Kabale'!N12) -> 0 | O12: =SUM(C12:L12,N12) -> 1.5 | P12: =SUM(C12:N12) -> 4 | R12: 0900-1000 | S12: =SUM(C18:C21) -> 13 | T12: =SUM(D18:D21) -> 0.5 | U12: =SUM(E18:E21) -> 3 | V12: =SUM(F18:F21) -> 0.5 | W12: =SUM(G18:G21) -> 0 | X12: =SUM(H18:H21) -> 0 | Y12: =SUM(I18:I21) -> 4 | Z12: =SUM(J18:J21) -> 0 | ... AF12: =SUM(P18:P21) -> 45
B13: 07.45 - 08.00 | C13: =AVERAGE('25.10 Katuna-Kabale 24hr'!C13,'26.10 Katuna-Kabale'!C13) -> 1 | D13: =AVERAGE('25.10 Katuna-Kabale 24hr'!D13,'26.10 Katuna-Kabale'!D13) -> 0.5 | E13: =AVERAGE('25.10 Katuna-Kabale 24hr'!E13,'26.10 Katuna-Kabale'!E13) -> 0 | F13: =AVERAGE('25.10 Katuna-Kabale 24hr'!F13,'26.10 Katuna-Kabale'!F13) -> 0 | G13: =AVERAGE('25.10 Katuna-Kabale 24hr'!G13,'26.10 Katuna-Kabale'!G13) -> 0 | H13: =AVERAGE('25.10 Katuna-Kabale 24hr'!H13,'26.10 Katuna-Kabale'!H13) -> 0 | I13: =AVERAGE('25.10 Katuna-Kabale 24hr'!I13,'26.10 Katuna-Kabale'!I13) -> 0 | J13: =AVERAGE('25.10 Katuna-Kabale 24hr'!J13,'26.10 Katuna-Kabale'!J13) -> 0 | ... N13: =AVERAGE('25.10 Katuna-Kabale 24hr'!N13,'26.10 Katuna-Kabale'!N13) -> 0 | O13: =SUM(C13:L13,N13) -> 1.5 | P13: =SUM(C13:N13) -> 5 | R13: 1000-1100 | S13: =SUM(C22:C25) -> 19 | T13: =SUM(D22:D25) -> 0.5 | U13: =SUM(E22:E25) -> 1 | V13: =SUM(F22:F25) -> 0.5 | W13: =SUM(G22:G25) -> 0 | X13: =SUM(H22:H25) -> 0 | Y13: =SUM(I22:I25) -> 5 | Z13: =SUM(J22:J25) -> 0 | ... AF13: =SUM(P22:P25) -> 54.5
B14: 08.00 - 08.15 | C14: =AVERAGE('25.10 Katuna-Kabale 24hr'!C14,'26.10 Katuna-Kabale'!C14) -> 3.5 | D14: =AVERAGE('25.10 Katuna-Kabale 24hr'!D14,'26.10 Katuna-Kabale'!D14) -> 0 | E14: =AVERAGE('25.10 Katuna-Kabale 24hr'!E14,'26.10 Katuna-Kabale'!E14) -> 0.5 | F14: =AVERAGE('25.10 Katuna-Kabale 24hr'!F14,'26.10 Katuna-Kabale'!F14) -> 0 | G14: =AVERAGE('25.10 Katuna-Kabale 24hr'!G14,'26.10 Katuna-Kabale'!G14) -> 0 | H14: =AVERAGE('25.10 Katuna-Kabale 24hr'!H14,'26.10 Katuna-Kabale'!H14) -> 0 | I14: =AVERAGE('25.10 Katuna-Kabale 24hr'!I14,'26.10 Katuna-Kabale'!I14) -> 0 | J14: =AVERAGE('25.10 Katuna-Kabale 24hr'!J14,'26.10 Katuna-Kabale'!J14) -> 0 | ... N14: =AVERAGE('25.10 Katuna-Kabale 24hr'!N14,'26.10 Katuna-Kabale'!N14) -> 0 | O14: =SUM(C14:L14,N14) -> 4 | P14: =SUM(C14:N14) -> 6.5 | R14: 1100-1200 | S14: =SUM(C26:C29) -> 17 | T14: =SUM(D26:D29) -> 3 | U14: =SUM(E26:E29) -> 0.5 | V14: =SUM(F26:F29) -> 0.5 | W14: =SUM(G26:G29) -> 0.5 | X14: =SUM(H26:H29) -> 0.5 | Y14: =SUM(I26:I29) -> 2 | Z14: =SUM(J26:J29) -> 0 | ... AF14: =SUM(P26:P29) -> 44.5
B15: 08.15 - 08.30 | C15: =AVERAGE('25.10 Katuna-Kabale 24hr'!C15,'26.10 Katuna-Kabale'!C15) -> 3.5 | D15: =AVERAGE('25.10 Katuna-Kabale 24hr'!D15,'26.10 Katuna-Kabale'!D15) -> 0.5 | E15: =AVERAGE('25.10 Katuna-Kabale 24hr'!E15,'26.10 Katuna-Kabale'!E15) -> 0 | F15: =AVERAGE('25.10 Katuna-Kabale 24hr'!F15,'26.10 Katuna-Kabale'!F15) -> 0 | G15: =AVERAGE('25.10 Katuna-Kabale 24hr'!G15,'26.10 Katuna-Kabale'!G15) -> 0 | H15: =AVERAGE('25.10 Katuna-Kabale 24hr'!H15,'26.10 Katuna-Kabale'!H15) -> 0 | I15: =AVERAGE('25.10 Katuna-Kabale 24hr'!I15,'26.10 Katuna-Kabale'!I15) -> 0 | J15: =AVERAGE('25.10 Katuna-Kabale 24hr'!J15,'26.10 Katuna-Kabale'!J15) -> 0 | ... N15: =AVERAGE('25.10 Katuna-Kabale 24hr'!N15,'26.10 Katuna-Kabale'!N15) -> 0 | O15: =SUM(C15:L15,N15) -> 4 | P15: =SUM(C15:N15) -> 7 | R15: 1200-1300 | S15: =SUM(C30:C33) -> 12.5 | T15: =SUM(D30:D33) -> 5.5 | U15: =SUM(E30:E33) -> 0 | V15: =SUM(F30:F33) -> 0 | W15: =SUM(G30:G33) -> 0 | X15: =SUM(H30:H33) -> 1 | Y15: =SUM(I30:I33) -> 3.5 | Z15: =SUM(J30:J33) -> 0 | ... AF15: =SUM(P30:P33) -> 48
B16: 08.30 - 08.45 | C16: =AVERAGE('25.10 Katuna-Kabale 24hr'!C16,'26.10 Katuna-Kabale'!C16) -> 1 | D16: =AVERAGE('25.10 Katuna-Kabale 24hr'!D16,'26.10 Katuna-Kabale'!D16) -> 0.5 | E16: =AVERAGE('25.10 Katuna-Kabale 24hr'!E16,'26.10 Katuna-Kabale'!E16) -> 0 | F16: =AVERAGE('25.10 Katuna-Kabale 24hr'!F16,'26.10 Katuna-Kabale'!F16) -> 0 | G16: =AVERAGE('25.10 Katuna-Kabale 24hr'!G16,'26.10 Katuna-Kabale'!G16) -> 0 | H16: =AVERAGE('25.10 Katuna-Kabale 24hr'!H16,'26.10 Katuna-Kabale'!H16) -> 0 | I16: =AVERAGE('25.10 Katuna-Kabale 24hr'!I16,'26.10 Katuna-Kabale'!I16) -> 0.5 | J16: =AVERAGE('25.10 Katuna-Kabale 24hr'!J16,'26.10 Katuna-Kabale'!J16) -> 0 | ... N16: =AVERAGE('25.10 Katuna-Kabale 24hr'!N16,'26.10 Katuna-Kabale'!N16) -> 0 | O16: =SUM(C16:L16,N16) -> 2 | P16: =SUM(C16:N16) -> 7.5 | R16: 1300-1400 | S16: =SUM(C34:C37) -> 12 | T16: =SUM(D34:D37) -> 1 | U16: =SUM(E34:E37) -> 0.5 | V16: =SUM(F34:F37) -> 0.5 | W16: =SUM(G34:G37) -> 1 | X16: =SUM(H34:H37) -> 0 | Y16: =SUM(I34:I37) -> 0.5 | Z16: =SUM(J34:J37) -> 0 | ... AF16: =SUM(P34:P37) -> 36
B17: 08.45 - 9.00 | C17: =AVERAGE('25.10 Katuna-Kabale 24hr'!C17,'26.10 Katuna-Kabale'!C17) -> 7 | D17: =AVERAGE('25.10 Katuna-Kabale 24hr'!D17,'26.10 Katuna-Kabale'!D17) -> 0.5 | E17: =AVERAGE('25.10 Katuna-Kabale 24hr'!E17,'26.10 Katuna-Kabale'!E17) -> 0.5 | F17: =AVERAGE('25.10 Katuna-Kabale 24hr'!F17,'26.10 Katuna-Kabale'!F17) -> 0.5 | G17: =AVERAGE('25.10 Katuna-Kabale 24hr'!G17,'26.10 Katuna-Kabale'!G17) -> 0 | H17: =AVERAGE('25.10 Katuna-Kabale 24hr'!H17,'26.10 Katuna-Kabale'!H17) -> 0 | I17: =AVERAGE('25.10 Katuna-Kabale 24hr'!I17,'26.10 Katuna-Kabale'!I17) -> 1.5 | J17: =AVERAGE('25.10 Katuna-Kabale 24hr'!J17,'26.10 Katuna-Kabale'!J17) -> 0 | ... N17: =AVERAGE('25.10 Katuna-Kabale 24hr'!N17,'26.10 Katuna-Kabale'!N17) -> 0 | O17: =SUM(C17:L17,N17) -> 10 | P17: =SUM(C17:N17) -> 16.5 | R17: 1400-1500 | S17: =SUM(C38:C41) -> 8.5 | T17: =SUM(D38:D41) -> 0.5 | U17: =SUM(E38:E41) -> 1 | V17: =SUM(F38:F41) -> 0 | W17: =SUM(G38:G41) -> 0 | X17: =SUM(H38:H41) -> 0 | Y17: =SUM(I38:I41) -> 2 | Z17: =SUM(J38:J41) -> 0.5 | ... AF17: =SUM(P38:P41) -> 33.5
B18: 09.00 - 09.15 | C18: =AVERAGE('25.10 Katuna-Kabale 24hr'!C18,'26.10 Katuna-Kabale'!C18) -> 4 | D18: =AVERAGE('25.10 Katuna-Kabale 24hr'!D18,'26.10 Katuna-Kabale'!D18) -> 0 | E18: =AVERAGE('25.10 Katuna-Kabale 24hr'!E18,'26.10 Katuna-Kabale'!E18) -> 1 | F18: =AVERAGE('25.10 Katuna-Kabale 24hr'!F18,'26.10 Katuna-Kabale'!F18) -> 0 | G18: =AVERAGE('25.10 Katuna-Kabale 24hr'!G18,'26.10 Katuna-Kabale'!G18) -> 0 | H18: =AVERAGE('25.10 Katuna-Kabale 24hr'!H18,'26.10 Katuna-Kabale'!H18) -> 0 | I18: =AVERAGE('25.10 Katuna-Kabale 24hr'!I18,'26.10 Katuna-Kabale'!I18) -> 1.5 | J18: =AVERAGE('25.10 Katuna-Kabale 24hr'!J18,'26.10 Katuna-Kabale'!J18) -> 0 | ... N18: =AVERAGE('25.10 Katuna-Kabale 24hr'!N18,'26.10 Katuna-Kabale'!N18) -> 0 | O18: =SUM(C18:L18,N18) -> 6.5 | P18: =SUM(C18:N18) -> 11 | R18: 1500-1600 | S18: =SUM(C42:C45) -> 10.5 | T18: =SUM(D42:D45) -> 1 | U18: =SUM(E42:E45) -> 2 | V18: =SUM(F42:F45) -> 1 | W18: =SUM(G42:G45) -> 0 | X18: =SUM(H42:H45) -> 0.5 | Y18: =SUM(I42:I45) -> 4 | Z18: =SUM(J42:J45) -> 1 | ... AF18: =SUM(P42:P45) -> 36
B19: 09.15 - 09.30 | C19: =AVERAGE('25.10 Katuna-Kabale 24hr'!C19,'26.10 Katuna-Kabale'!C19) -> 3 | D19: =AVERAGE('25.10 Katuna-Kabale 24hr'!D19,'26.10 Katuna-Kabale'!D19) -> 0 | E19: =AVERAGE('25.10 Katuna-Kabale 24hr'!E19,'26.10 Katuna-Kabale'!E19) -> 1 | F19: =AVERAGE('25.10 Katuna-Kabale 24hr'!F19,'26.10 Katuna-Kabale'!F19) -> 0.5 | G19: =AVERAGE('25.10 Katuna-Kabale 24hr'!G19,'26.10 Katuna-Kabale'!G19) -> 0 | H19: =AVERAGE('25.10 Katuna-Kabale 24hr'!H19,'26.10 Katuna-Kabale'!H19) -> 0 | I19: =AVERAGE('25.10 Katuna-Kabale 24hr'!I19,'26.10 Katuna-Kabale'!I19) -> 1 | J19: =AVERAGE('25.10 Katuna-Kabale 24hr'!J19,'26.10 Katuna-Kabale'!J19) -> 0 | ... N19: =AVERAGE('25.10 Katuna-Kabale 24hr'!N19,'26.10 Katuna-Kabale'!N19) -> 0 | O19: =SUM(C19:L19,N19) -> 5.5 | P19: =SUM(C19:N19) -> 15 | R19: 1600-1700 | S19: =SUM(C46:C49) -> 7.5 | T19: =SUM(D46:D49) -> 0.5 | U19: =SUM(E46:E49) -> 1.5 | V19: =SUM(F46:F49) -> 0.5 | W19: =SUM(G46:G49) -> 0 | X19: =SUM(H46:H49) -> 0.5 | Y19: =SUM(I46:I49) -> 0.5 | Z19: =SUM(J46:J49) -> 0 | ... AF19: =SUM(P46:P49) -> 35
B20: 09.30 - 09.45 | C20: =AVERAGE('25.10 Katuna-Kabale 24hr'!C20,'26.10 Katuna-Kabale'!C20) -> 1.5 | D20: =AVERAGE('25.10 Katuna-Kabale 24hr'!D20,'26.10 Katuna-Kabale'!D20) -> 0 | E20: =AVERAGE('25.10 Katuna-Kabale 24hr'!E20,'26.10 Katuna-Kabale'!E20) -> 0 | F20: =AVERAGE('25.10 Katuna-Kabale 24hr'!F20,'26.10 Katuna-Kabale'!F20) -> 0 | G20: =AVERAGE('25.10 Katuna-Kabale 24hr'!G20,'26.10 Katuna-Kabale'!G20) -> 0 | H20: =AVERAGE('25.10 Katuna-Kabale 24hr'!H20,'26.10 Katuna-Kabale'!H20) -> 0 | I20: =AVERAGE('25.10 Katuna-Kabale 24hr'!I20,'26.10 Katuna-Kabale'!I20) -> 0.5 | J20: =AVERAGE('25.10 Katuna-Kabale 24hr'!J20,'26.10 Katuna-Kabale'!J20) -> 0 | ... N20: =AVERAGE('25.10 Katuna-Kabale 24hr'!N20,'26.10 Katuna-Kabale'!N20) -> 0 | O20: =SUM(C20:L20,N20) -> 2 | P20: =SUM(C20:N20) -> 6 | R20: 1700-1800 | S20: =SUM(C50:C53) -> 13.5 | T20: =SUM(D50:D53) -> 3.5 | U20: =SUM(E50:E53) -> 0.5 | V20: =SUM(F50:F53) -> 0.5 | W20: =SUM(G50:G53) -> 0 | X20: =SUM(H50:H53) -> 0 | Y20: =SUM(I50:I53) -> 1.5 | Z20: =SUM(J50:J53) -> 0 | ... AF20: =SUM(P50:P53) -> 52.5
B21: 09.45 - 10.00 | C21: =AVERAGE('25.10 Katuna-Kabale 24hr'!C21,'26.10 Katuna-Kabale'!C21) -> 4.5 | D21: =AVERAGE('25.10 Katuna-Kabale 24hr'!D21,'26.10 Katuna-Kabale'!D21) -> 0.5 | E21: =AVERAGE('25.10 Katuna-Kabale 24hr'!E21,'26.10 Katuna-Kabale'!E21) -> 1 | F21: =AVERAGE('25.10 Katuna-Kabale 24hr'!F21,'26.10 Katuna-Kabale'!F21) -> 0 | G21: =AVERAGE('25.10 Katuna-Kabale 24hr'!G21,'26.10 Katuna-Kabale'!G21) -> 0 | H21: =AVERAGE('25.10 Katuna-Kabale 24hr'!H21,'26.10 Katuna-Kabale'!H21) -> 0 | I21: =AVERAGE('25.10 Katuna-Kabale 24hr'!I21,'26.10 Katuna-Kabale'!I21) -> 1 | J21: =AVERAGE('25.10 Katuna-Kabale 24hr'!J21,'26.10 Katuna-Kabale'!J21) -> 0 | ... N21: =AVERAGE('25.10 Katuna-Kabale 24hr'!N21,'26.10 Katuna-Kabale'!N21) -> 0 | O21: =SUM(C21:L21,N21) -> 7 | P21: =SUM(C21:N21) -> 13 | R21: 1800-1900 | S21: =SUM(C54:C57) -> 18 | T21: =SUM(D54:D57) -> 5 | U21: =SUM(E54:E57) -> 2 | V21: =SUM(F54:F57) -> 0.5 | W21: =SUM(G54:G57) -> 0 | X21: =SUM(H54:H57) -> 0 | Y21: =SUM(I54:I57) -> 5.5 | Z21: =SUM(J54:J57) -> 0 | ... AF21: =SUM(P54:P57) -> 55.5
B22: 10.00 - 10.15 | C22: =AVERAGE('25.10 Katuna-Kabale 24hr'!C22,'26.10 Katuna-Kabale'!C22) -> 2.5 | D22: =AVERAGE('25.10 Katuna-Kabale 24hr'!D22,'26.10 Katuna-Kabale'!D22) -> 0 | E22: =AVERAGE('25.10 Katuna-Kabale 24hr'!E22,'26.10 Katuna-Kabale'!E22) -> 0 | F22: =AVERAGE('25.10 Katuna-Kabale 24hr'!F22,'26.10 Katuna-Kabale'!F22) -> 0.5 | G22: =AVERAGE('25.10 Katuna-Kabale 24hr'!G22,'26.10 Katuna-Kabale'!G22) -> 0 | H22: =AVERAGE('25.10 Katuna-Kabale 24hr'!H22,'26.10 Katuna-Kabale'!H22) -> 0 | I22: =AVERAGE('25.10 Katuna-Kabale 24hr'!I22,'26.10 Katuna-Kabale'!I22) -> 1.5 | J22: =AVERAGE('25.10 Katuna-Kabale 24hr'!J22,'26.10 Katuna-Kabale'!J22) -> 0 | ... N22: =AVERAGE('25.10 Katuna-Kabale 24hr'!N22,'26.10 Katuna-Kabale'!N22) -> 0 | O22: =SUM(C22:L22,N22) -> 4.5 | P22: =SUM(C22:N22) -> 10 | R22: 1900-2000 | S22: =SUM(C58:C61) -> 15 | T22: =SUM(D58:D61) -> 6 | U22: =SUM(E58:E61) -> 2 | V22: =SUM(F58:F61) -> 0 | W22: =SUM(G58:G61) -> 0 | X22: =SUM(H58:H61) -> 1 | Y22: =SUM(I58:I61) -> 0 | Z22: =SUM(J58:J61) -> 0 | ... AF22: =SUM(P58:P61) -> 35
B23: 10.15 - 10.30 | C23: =AVERAGE('25.10 Katuna-Kabale 24hr'!C23,'26.10 Katuna-Kabale'!C23) -> 5 | D23: =AVERAGE('25.10 Katuna-Kabale 24hr'!D23,'26.10 Katuna-Kabale'!D23) -> 0 | E23: =AVERAGE('25.10 Katuna-Kabale 24hr'!E23,'26.10 Katuna-Kabale'!E23) -> 0 | F23: =AVERAGE('25.10 Katuna-Kabale 24hr'!F23,'26.10 Katuna-Kabale'!F23) -> 0 | G23: =AVERAGE('25.10 Katuna-Kabale 24hr'!G23,'26.10 Katuna-Kabale'!G23) -> 0 | H23: =AVERAGE('25.10 Katuna-Kabale 24hr'!H23,'26.10 Katuna-Kabale'!H23) -> 0 | I23: =AVERAGE('25.10 Katuna-Kabale 24hr'!I23,'26.10 Katuna-Kabale'!I23) -> 0.5 | J23: =AVERAGE('25.10 Katuna-Kabale 24hr'!J23,'26.10 Katuna-Kabale'!J23) -> 0 | ... N23: =AVERAGE('25.10 Katuna-Kabale 24hr'!N23,'26.10 Katuna-Kabale'!N23) -> 0 | O23: =SUM(C23:L23,N23) -> 5.5 | P23: =SUM(C23:N23) -> 16.5 | R23: 2000-2100 | S23: =SUM(C62:C65) -> 15 | T23: =SUM(D62:D65) -> 7 | U23: =SUM(E62:E65) -> 3 | V23: =SUM(F62:F65) -> 4 | W23: =SUM(G62:G65) -> 1 | X23: =SUM(H62:H65) -> 0 | Y23: =SUM(I62:I65) -> 3 | Z23: =SUM(J62:J65) -> 0 | ... AF23: =SUM(P62:P65) -> 58
B24: 10.30 - 10.45 | C24: =AVERAGE('25.10 Katuna-Kabale 24hr'!C24,'26.10 Katuna-Kabale'!C24) -> 4.5 | D24: =AVERAGE('25.10 Katuna-Kabale 24hr'!D24,'26.10 Katuna-Kabale'!D24) -> 0.5 | E24: =AVERAGE('25.10 Katuna-Kabale 24hr'!E24,'26.10 Katuna-Kabale'!E24) -> 0 | F24: =AVERAGE('25.10 Katuna-Kabale 24hr'!F24,'26.10 Katuna-Kabale'!F24) -> 0 | G24: =AVERAGE('25.10 Katuna-Kabale 24hr'!G24,'26.10 Katuna-Kabale'!G24) -> 0 | H24: =AVERAGE('25.10 Katuna-Kabale 24hr'!H24,'26.10 Katuna-Kabale'!H24) -> 0 | I24: =AVERAGE('25.10 Katuna-Kabale 24hr'!I24,'26.10 Katuna-Kabale'!I24) -> 1.5 | J24: =AVERAGE('25.10 Katuna-Kabale 24hr'!J24,'26.10 Katuna-Kabale'!J24) -> 0 | ... N24: =AVERAGE('25.10 Katuna-Kabale 24hr'!N24,'26.10 Katuna-Kabale'!N24) -> 0 | O24: =SUM(C24:L24,N24) -> 6.5 | P24: =SUM(C24:N24) -> 11.5 | R24: 2100-2200 | S24: =SUM(C66:C69) -> 8 | T24: =SUM(D66:D69) -> 1 | U24: =SUM(E66:E69) -> 1 | V24: =SUM(F66:F69) -> 2 | W24: =SUM(G66:G69) -> 0 | X24: =SUM(H66:H69) -> 0 | Y24: =SUM(I66:I69) -> 2 | Z24: =SUM(J66:J69) -> 0 | ... AF24: =SUM(P66:P69) -> 24
B25: 10.45 - 11.00 | C25: =AVERAGE('25.10 Katuna-Kabale 24hr'!C25,'26.10 Katuna-Kabale'!C25) -> 7 | D25: =AVERAGE('25.10 Katuna-Kabale 24hr'!D25,'26.10 Katuna-Kabale'!D25) -> 0 | E25: =AVERAGE('25.10 Katuna-Kabale 24hr'!E25,'26.10 Katuna-Kabale'!E25) -> 1 | F25: =AVERAGE('25.10 Katuna-Kabale 24hr'!F25,'26.10 Katuna-Kabale'!F25) -> 0 | G25: =AVERAGE('25.10 Katuna-Kabale 24hr'!G25,'26.10 Katuna-Kabale'!G25) -> 0 | H25: =AVERAGE('25.10 Katuna-Kabale 24hr'!H25,'26.10 Katuna-Kabale'!H25) -> 0 | I25: =AVERAGE('25.10 Katuna-Kabale 24hr'!I25,'26.10 Katuna-Kabale'!I25) -> 1.5 | J25: =AVERAGE('25.10 Katuna-Kabale 24hr'!J25,'26.10 Katuna-Kabale'!J25) -> 0 | ... N25: =AVERAGE('25.10 Katuna-Kabale 24hr'!N25,'26.10 Katuna-Kabale'!N25) -> 0 | O25: =SUM(C25:L25,N25) -> 9.5 | P25: =SUM(C25:N25) -> 16.5 | R25: 2200-2300 | S25: =SUM(C70:C73) -> 4 | T25: =SUM(D70:D73) -> 0 | U25: =SUM(E70:E73) -> 0 | V25: =SUM(F70:F73) -> 0 | W25: =SUM(G70:G73) -> 0 | X25: =SUM(H70:H73) -> 0 | Y25: =SUM(I70:I73) -> 1 | Z25: =SUM(J70:J73) -> 0 | ... AF25: =SUM(P70:P73) -> 12
B26: 11.00 - 11.15 | C26: =AVERAGE('25.10 Katuna-Kabale 24hr'!C26,'26.10 Katuna-Kabale'!C26) -> 2 | D26: =AVERAGE('25.10 Katuna-Kabale 24hr'!D26,'26.10 Katuna-Kabale'!D26) -> 0.5 | E26: =AVERAGE('25.10 Katuna-Kabale 24hr'!E26,'26.10 Katuna-Kabale'!E26) -> 0.5 | F26: =AVERAGE('25.10 Katuna-Kabale 24hr'!F26,'26.10 Katuna-Kabale'!F26) -> 0 | G26: =AVERAGE('25.10 Katuna-Kabale 24hr'!G26,'26.10 Katuna-Kabale'!G26) -> 0 | H26: =AVERAGE('25.10 Katuna-Kabale 24hr'!H26,'26.10 Katuna-Kabale'!H26) -> 0.5 | I26: =AVERAGE('25.10 Katuna-Kabale 24hr'!I26,'26.10 Katuna-Kabale'!I26) -> 0.5 | J26: =AVERAGE('25.10 Katuna-Kabale 24hr'!J26,'26.10 Katuna-Kabale'!J26) -> 0 | ... N26: =AVERAGE('25.10 Katuna-Kabale 24hr'!N26,'26.10 Katuna-Kabale'!N26) -> 0 | O26: =SUM(C26:L26,N26) -> 4 | P26: =SUM(C26:N26) -> 9 | R26: 2300-0000 | S26: =SUM(C74:C77) -> 4 | T26: =SUM(D74:D77) -> 0 | U26: =SUM(E74:E77) -> 0 | V26: =SUM(F74:F77) -> 0 | W26: =SUM(G74:G77) -> 0 | X26: =SUM(H74:H77) -> 0 | Y26: =SUM(I74:I77) -> 1 | Z26: =SUM(J74:J77) -> 0 | ... AF26: =SUM(P74:P77) -> 7
B27: 11.15 - 11.30 | C27: =AVERAGE('25.10 Katuna-Kabale 24hr'!C27,'26.10 Katuna-Kabale'!C27) -> 4 | D27: =AVERAGE('25.10 Katuna-Kabale 24hr'!D27,'26.10 Katuna-Kabale'!D27) -> 1.5 | E27: =AVERAGE('25.10 Katuna-Kabale 24hr'!E27,'26.10 Katuna-Kabale'!E27) -> 0 | F27: =AVERAGE('25.10 Katuna-Kabale 24hr'!F27,'26.10 Katuna-Kabale'!F27) -> 0 | G27: =AVERAGE('25.10 Katuna-Kabale 24hr'!G27,'26.10 Katuna-Kabale'!G27) -> 0 | H27: =AVERAGE('25.10 Katuna-Kabale 24hr'!H27,'26.10 Katuna-Kabale'!H27) -> 0 | I27: =AVERAGE('25.10 Katuna-Kabale 24hr'!I27,'26.10 Katuna-Kabale'!I27) -> 0 | J27: =AVERAGE('25.10 Katuna-Kabale 24hr'!J27,'26.10 Katuna-Kabale'!J27) -> 0 | ... N27: =AVERAGE('25.10 Katuna-Kabale 24hr'!N27,'26.10 Katuna-Kabale'!N27) -> 0 | O27: =SUM(C27:L27,N27) -> 5.5 | P27: =SUM(C27:N27) -> 8.5 | R27: 0000-0100 | S27: =SUM(C78:C81) -> 4 | T27: =SUM(D78:D81) -> 2 | U27: =SUM(E78:E81) -> 1 | V27: =SUM(F78:F81) -> 0 | W27: =SUM(G78:G81) -> 0 | X27: =SUM(H78:H81) -> 0 | Y27: =SUM(I78:I81) -> 1 | Z27: =SUM(J78:J81) -> 0 | ... AF27: =SUM(P78:P81) -> 9
B28: 11.30 - 11.45 | C28: =AVERAGE('25.10 Katuna-Kabale 24hr'!C28,'26.10 Katuna-Kabale'!C28) -> 5 | D28: =AVERAGE('25.10 Katuna-Kabale 24hr'!D28,'26.10 Katuna-Kabale'!D28) -> 0.5 | E28: =AVERAGE('25.10 Katuna-Kabale 24hr'!E28,'26.10 Katuna-Kabale'!E28) -> 0 | F28: =AVERAGE('25.10 Katuna-Kabale 24hr'!F28,'26.10 Katuna-Kabale'!F28) -> 0.5 | G28: =AVERAGE('25.10 Katuna-Kabale 24hr'!G28,'26.10 Katuna-Kabale'!G28) -> 0.5 | H28: =AVERAGE('25.10 Katuna-Kabale 24hr'!H28,'26.10 Katuna-Kabale'!H28) -> 0 | I28: =AVERAGE('25.10 Katuna-Kabale 24hr'!I28,'26.10 Katuna-Kabale'!I28) -> 0.5 | J28: =AVERAGE('25.10 Katuna-Kabale 24hr'!J28,'26.10 Katuna-Kabale'!J28) -> 0 | ... N28: =AVERAGE('25.10 Katuna-Kabale 24hr'!N28,'26.10 Katuna-Kabale'!N28) -> 0 | O28: =SUM(C28:L28,N28) -> 7 | P28: =SUM(C28:N28) -> 14.5 | R28: 0100-0200 | S28: =SUM(C82:C85) -> 1 | T28: =SUM(D82:D85) -> 1 | U28: =SUM(E82:E85) -> 3 | V28: =SUM(F82:F85) -> 0 | W28: =SUM(G82:G85) -> 0 | X28: =SUM(H82:H85) -> 0 | Y28: =SUM(I82:I85) -> 0 | Z28: =SUM(J82:J85) -> 2 | ... AF28: =SUM(P82:P85) -> 10
B29: 11.45 - 12.00 | C29: =AVERAGE('25.10 Katuna-Kabale 24hr'!C29,'26.10 Katuna-Kabale'!C29) -> 6 | D29: =AVERAGE('25.10 Katuna-Kabale 24hr'!D29,'26.10 Katuna-Kabale'!D29) -> 0.5 | E29: =AVERAGE('25.10 Katuna-Kabale 24hr'!E29,'26.10 Katuna-Kabale'!E29) -> 0 | F29: =AVERAGE('25.10 Katuna-Kabale 24hr'!F29,'26.10 Katuna-Kabale'!F29) -> 0 | G29: =AVERAGE('25.10 Katuna-Kabale 24hr'!G29,'26.10 Katuna-Kabale'!G29) -> 0 | H29: =AVERAGE('25.10 Katuna-Kabale 24hr'!H29,'26.10 Katuna-Kabale'!H29) -> 0 | I29: =AVERAGE('25.10 Katuna-Kabale 24hr'!I29,'26.10 Katuna-Kabale'!I29) -> 1 | J29: =AVERAGE('25.10 Katuna-Kabale 24hr'!J29,'26.10 Katuna-Kabale'!J29) -> 0 | ... N29: =AVERAGE('25.10 Katuna-Kabale 24hr'!N29,'26.10 Katuna-Kabale'!N29) -> 0 | O29: =SUM(C29:L29,N29) -> 7.5 | P29: =SUM(C29:N29) -> 12.5 | R29: 0200-0300 | S29: =SUM(C86:C89) -> 6 | T29: =SUM(D86:D89) -> 2 | U29: =SUM(E86:E89) -> 2 | V29: =SUM(F86:F89) -> 0 | W29: =SUM(G86:G89) -> 1 | X29: =SUM(H86:H89) -> 0 | Y29: =SUM(I86:I89) -> 2 | Z29: =SUM(J86:J89) -> 0 | ... AF29: =SUM(P86:P89) -> 14
B30: 12.00 - 12.15 | C30: =AVERAGE('25.10 Katuna-Kabale 24hr'!C30,'26.10 Katuna-Kabale'!C30) -> 2.5 | D30: =AVERAGE('25.10 Katuna-Kabale 24hr'!D30,'26.10 Katuna-Kabale'!D30) -> 3.5 | E30: =AVERAGE('25.10 Katuna-Kabale 24hr'!E30,'26.10 Katuna-Kabale'!E30) -> 0 | F30: =AVERAGE('25.10 Katuna-Kabale 24hr'!F30,'26.10 Katuna-Kabale'!F30) -> 0 | G30: =AVERAGE('25.10 Katuna-Kabale 24hr'!G30,'26.10 Katuna-Kabale'!G30) -> 0 | H30: =AVERAGE('25.10 Katuna-Kabale 24hr'!H30,'26.10 Katuna-Kabale'!H30) -> 0.5 | I30: =AVERAGE('25.10 Katuna-Kabale 24hr'!I30,'26.10 Katuna-Kabale'!I30) -> 0.5 | J30: =AVERAGE('25.10 Katuna-Kabale 24hr'!J30,'26.10 Katuna-Kabale'!J30) -> 0 | ... N30: =AVERAGE('25.10 Katuna-Kabale 24hr'!N30,'26.10 Katuna-Kabale'!N30) -> 0 | O30: =SUM(C30:L30,N30) -> 7 | P30: =SUM(C30:N30) -> 13.5 | R30: 0300-0400 | S30: =SUM(C90:C93) -> 6 | T30: =SUM(D90:D93) -> 2 | U30: =SUM(E90:E93) -> 3 | V30: =SUM(F90:F93) -> 0 | W30: =SUM(G90:G93) -> 0 | X30: =SUM(H90:H93) -> 0 | Y30: =SUM(I90:I93) -> 2 | Z30: =SUM(J90:J93) -> 0 | ... AF30: =SUM(P90:P93) -> 14
B31: 12.15 - 12.30 | C31: =AVERAGE('25.10 Katuna-Kabale 24hr'!C31,'26.10 Katuna-Kabale'!C31) -> 4 | D31: =AVERAGE('25.10 Katuna-Kabale 24hr'!D31,'26.10 Katuna-Kabale'!D31) -> 1 | E31: =AVERAGE('25.10 Katuna-Kabale 24hr'!E31,'26.10 Katuna-Kabale'!E31) -> 0 | F31: =AVERAGE('25.10 Katuna-Kabale 24hr'!F31,'26.10 Katuna-Kabale'!F31) -> 0 | G31: =AVERAGE('25.10 Katuna-Kabale 24hr'!G31,'26.10 Katuna-Kabale'!G31) -> 0 | H31: =AVERAGE('25.10 Katuna-Kabale 24hr'!H31,'26.10 Katuna-Kabale'!H31) -> 0 | I31: =AVERAGE('25.10 Katuna-Kabale 24hr'!I31,'26.10 Katuna-Kabale'!I31) -> 1.5 | J31: =AVERAGE('25.10 Katuna-Kabale 24hr'!J31,'26.10 Katuna-Kabale'!J31) -> 0 | ... N31: =AVERAGE('25.10 Katuna-Kabale 24hr'!N31,'26.10 Katuna-Kabale'!N31) -> 0 | O31: =SUM(C31:L31,N31) -> 6.5 | P31: =SUM(C31:N31) -> 14.5 | R31: 0400-0500 | S31: =SUM(C94:C97) -> 1 | T31: =SUM(D94:D97) -> 1 | U31: =SUM(E94:E97) -> 2 | V31: =SUM(F94:F97) -> 0 | W31: =SUM(G94:G97) -> 2 | X31: =SUM(H94:H97) -> 0 | Y31: =SUM(I94:I97) -> 1 | Z31: =SUM(J94:J97) -> 0 | ... AF31: =SUM(P94:P97) -> 11
B32: 12.30 - 12.45 | C32: =AVERAGE('25.10 Katuna-Kabale 24hr'!C32,'26.10 Katuna-Kabale'!C32) -> 3.5 | D32: =AVERAGE('25.10 Katuna-Kabale 24hr'!D32,'26.10 Katuna-Kabale'!D32) -> 1 | E32: =AVERAGE('25.10 Katuna-Kabale 24hr'!E32,'26.10 Katuna-Kabale'!E32) -> 0 | F32: =AVERAGE('25.10 Katuna-Kabale 24hr'!F32,'26.10 Katuna-Kabale'!F32) -> 0 | G32: =AVERAGE('25.10 Katuna-Kabale 24hr'!G32,'26.10 Katuna-Kabale'!G32) -> 0 | H32: =AVERAGE('25.10 Katuna-Kabale 24hr'!H32,'26.10 Katuna-Kabale'!H32) -> 0 | I32: =AVERAGE('25.10 Katuna-Kabale 24hr'!I32,'26.10 Katuna-Kabale'!I32) -> 0.5 | J32: =AVERAGE('25.10 Katuna-Kabale 24hr'!J32,'26.10 Katuna-Kabale'!J32) -> 0 | ... N32: =AVERAGE('25.10 Katuna-Kabale 24hr'!N32,'26.10 Katuna-Kabale'!N32) -> 0 | O32: =SUM(C32:L32,N32) -> 5 | P32: =SUM(C32:N32) -> 8.5 | R32: 0500-0600 | S32: =SUM(C98:C101) -> 4 | T32: =SUM(D98:D101) -> 4 | U32: =SUM(E98:E101) -> 1 | V32: =SUM(F98:F101) -> 3 | W32: =SUM(G98:G101) -> 0 | X32: =SUM(H98:H101) -> 0 | Y32: =SUM(I98:I101) -> 6 | Z32: =SUM(J98:J101) -> 0 | ... AF32: =SUM(P98:P101) -> 25
B33: 12.45 - 13.00 | C33: =AVERAGE('25.10 Katuna-Kabale 24hr'!C33,'26.10 Katuna-Kabale'!C33) -> 2.5 | D33: =AVERAGE('25.10 Katuna-Kabale 24hr'!D33,'26.10 Katuna-Kabale'!D33) -> 0 | E33: =AVERAGE('25.10 Katuna-Kabale 24hr'!E33,'26.10 Katuna-Kabale'!E33) -> 0 | F33: =AVERAGE('25.10 Katuna-Kabale 24hr'!F33,'26.10 Katuna-Kabale'!F33) -> 0 | G33: =AVERAGE('25.10 Katuna-Kabale 24hr'!G33,'26.10 Katuna-Kabale'!G33) -> 0 | H33: =AVERAGE('25.10 Katuna-Kabale 24hr'!H33,'26.10 Katuna-Kabale'!H33) -> 0.5 | I33: =AVERAGE('25.10 Katuna-Kabale 24hr'!I33,'26.10 Katuna-Kabale'!I33) -> 1 | J33: =AVERAGE('25.10 Katuna-Kabale 24hr'!J33,'26.10 Katuna-Kabale'!J33) -> 0 | ... N33: =AVERAGE('25.10 Katuna-Kabale 24hr'!N33,'26.10 Katuna-Kabale'!N33) -> 0 | O33: =SUM(C33:L33,N33) -> 4 | P33: =SUM(C33:N33) -> 11.5 | R33: 0600-0700 | S33: =SUM(C102:C105) -> 6 | T33: =SUM(D102:D105) -> 6 | U33: =SUM(E102:E105) -> 3 | V33: =SUM(F102:F105) -> 3 | W33: =SUM(G102:G105) -> 2 | X33: =SUM(H102:H105) -> 0 | Y33: =SUM(I102:I105) -> 5 | Z33: =SUM(J102:J105) -> 0 | ... AF33: =SUM(P102:P105) -> 41
B34: 13.00 - 13.15 | C34: =AVERAGE('25.10 Katuna-Kabale 24hr'!C34,'26.10 Katuna-Kabale'!C34) -> 3.5 | D34: =AVERAGE('25.10 Katuna-Kabale 24hr'!D34,'26.10 Katuna-Kabale'!D34) -> 0 | E34: =AVERAGE('25.10 Katuna-Kabale 24hr'!E34,'26.10 Katuna-Kabale'!E34) -> 0 | F34: =AVERAGE('25.10 Katuna-Kabale 24hr'!F34,'26.10 Katuna-Kabale'!F34) -> 0 | G34: =AVERAGE('25.10 Katuna-Kabale 24hr'!G34,'26.10 Katuna-Kabale'!G34) -> 0 | H34: =AVERAGE('25.10 Katuna-Kabale 24hr'!H34,'26.10 Katuna-Kabale'!H34) -> 0 | I34: =AVERAGE('25.10 Katuna-Kabale 24hr'!I34,'26.10 Katuna-Kabale'!I34) -> 0 | J34: =AVERAGE('25.10 Katuna-Kabale 24hr'!J34,'26.10 Katuna-Kabale'!J34) -> 0 | ... N34: =AVERAGE('25.10 Katuna-Kabale 24hr'!N34,'26.10 Katuna-Kabale'!N34) -> 0 | O34: =SUM(C34:L34,N34) -> 3.5 | P34: =SUM(C34:N34) -> 8 | R34: AM Peak Hr | S34: =MAX(S10:S12) -> 15 | T34: =MAX(T10:T12) -> 1.5 | U34: =MAX(U10:U12) -> 3 | V34: =MAX(V10:V12) -> 0.5 | W34: =MAX(W10:W12) -> 0 | X34: =MAX(X10:X12) -> 0 | Y34: =MAX(Y10:Y12) -> 4 | Z34: =MAX(Z10:Z12) -> 0 | ... AF34: =MAX(AF10:AF12) -> 45
B35: 13.15 - 13.30 | C35: =AVERAGE('25.10 Katuna-Kabale 24hr'!C35,'26.10 Katuna-Kabale'!C35) -> 2.5 | D35: =AVERAGE('25.10 Katuna-Kabale 24hr'!D35,'26.10 Katuna-Kabale'!D35) -> 0 | E35: =AVERAGE('25.10 Katuna-Kabale 24hr'!E35,'26.10 Katuna-Kabale'!E35) -> 0.5 | F35: =AVERAGE('25.10 Katuna-Kabale 24hr'!F35,'26.10 Katuna-Kabale'!F35) -> 0 | G35: =AVERAGE('25.10 Katuna-Kabale 24hr'!G35,'26.10 Katuna-Kabale'!G35) -> 0 | H35: =AVERAGE('25.10 Katuna-Kabale 24hr'!H35,'26.10 Katuna-Kabale'!H35) -> 0 | I35: =AVERAGE('25.10 Katuna-Kabale 24hr'!I35,'26.10 Katuna-Kabale'!I35) -> 0 | J35: =AVERAGE('25.10 Katuna-Kabale 24hr'!J35,'26.10 Katuna-Kabale'!J35) -> 0 | ... N35: =AVERAGE('25.10 Katuna-Kabale 24hr'!N35,'26.10 Katuna-Kabale'!N35) -> 0 | O35: =SUM(C35:L35,N35) -> 3 | P35: =SUM(C35:N35) -> 7.5 | R35: IP Peak Hr | S35: =MAX(S13:S18) -> 19 | T35: =MAX(T13:T18) -> 5.5 | U35: =MAX(U13:U18) -> 2 | V35: =MAX(V13:V18) -> 1 | W35: =MAX(W13:W18) -> 1 | X35: =MAX(X13:X18) -> 1 | Y35: =MAX(Y13:Y18) -> 5 | Z35: =MAX(Z13:Z18) -> 1 | ... AF35: =MAX(AF13:AF18) -> 54.5
B36: 13.30 - 13.45 | C36: =AVERAGE('25.10 Katuna-Kabale 24hr'!C36,'26.10 Katuna-Kabale'!C36) -> 4 | D36: =AVERAGE('25.10 Katuna-Kabale 24hr'!D36,'26.10 Katuna-Kabale'!D36) -> 0 | E36: =AVERAGE('25.10 Katuna-Kabale 24hr'!E36,'26.10 Katuna-Kabale'!E36) -> 0 | F36: =AVERAGE('25.10 Katuna-Kabale 24hr'!F36,'26.10 Katuna-Kabale'!F36) -> 0.5 | G36: =AVERAGE('25.10 Katuna-Kabale 24hr'!G36,'26.10 Katuna-Kabale'!G36) -> 1 | H36: =AVERAGE('25.10 Katuna-Kabale 24hr'!H36,'26.10 Katuna-Kabale'!H36) -> 0 | I36: =AVERAGE('25.10 Katuna-Kabale 24hr'!I36,'26.10 Katuna-Kabale'!I36) -> 0 | J36: =AVERAGE('25.10 Katuna-Kabale 24hr'!J36,'26.10 Katuna-Kabale'!J36) -> 0 | ... N36: =AVERAGE('25.10 Katuna-Kabale 24hr'!N36,'26.10 Katuna-Kabale'!N36) -> 0 | O36: =SUM(C36:L36,N36) -> 5.5 | P36: =SUM(C36:N36) -> 11.5 | R36: PM Peak Hr | S36: =MAX(S19:S21) -> 18 | T36: =MAX(T19:T21) -> 5 | U36: =MAX(U19:U21) -> 2 | V36: =MAX(V19:V21) -> 0.5 | W36: =MAX(W19:W21) -> 0 | X36: =MAX(X19:X21) -> 0.5 | Y36: =MAX(Y19:Y21) -> 5.5 | Z36: =MAX(Z19:Z21) -> 0 | ... AF36: =MAX(AF19:AF21) -> 55.5
B37: 13.45 - 14.00 | C37: =AVERAGE('25.10 Katuna-Kabale 24hr'!C37,'26.10 Katuna-Kabale'!C37) -> 2 | D37: =AVERAGE('25.10 Katuna-Kabale 24hr'!D37,'26.10 Katuna-Kabale'!D37) -> 1 | E37: =AVERAGE('25.10 Katuna-Kabale 24hr'!E37,'26.10 Katuna-Kabale'!E37) -> 0 | F37: =AVERAGE('25.10 Katuna-Kabale 24hr'!F37,'26.10 Katuna-Kabale'!F37) -> 0 | G37: =AVERAGE('25.10 Katuna-Kabale 24hr'!G37,'26.10 Katuna-Kabale'!G37) -> 0 | H37: =AVERAGE('25.10 Katuna-Kabale 24hr'!H37,'26.10 Katuna-Kabale'!H37) -> 0 | I37: =AVERAGE('25.10 Katuna-Kabale 24hr'!I37,'26.10 Katuna-Kabale'!I37) -> 0.5 | J37: =AVERAGE('25.10 Katuna-Kabale 24hr'!J37,'26.10 Katuna-Kabale'!J37) -> 0 | ... N37: =AVERAGE('25.10 Katuna-Kabale 24hr'!N37,'26.10 Katuna-Kabale'!N37) -> 0 | O37: =SUM(C37:L37,N37) -> 3.5 | P37: =SUM(C37:N37) -> 9 | R37: AM Period | S37: =SUM(S10:S12) -> 32 | T37: =SUM(T10:T12) -> 2.5 | U37: =SUM(U10:U12) -> 4 | V37: =SUM(V10:V12) -> 1 | W37: =SUM(W10:W12) -> 0 | X37: =SUM(X10:X12) -> 0 | Y37: =SUM(Y10:Y12) -> 6 | Z37: =SUM(Z10:Z12) -> 0 | ... AF37: =SUM(AF10:AF12) -> 96
B38: 14.00 - 14.15 | C38: =AVERAGE('25.10 Katuna-Kabale 24hr'!C38,'26.10 Katuna-Kabale'!C38) -> 2 | D38: =AVERAGE('25.10 Katuna-Kabale 24hr'!D38,'26.10 Katuna-Kabale'!D38) -> 0 | E38: =AVERAGE('25.10 Katuna-Kabale 24hr'!E38,'26.10 Katuna-Kabale'!E38) -> 1 | F38: =AVERAGE('25.10 Katuna-Kabale 24hr'!F38,'26.10 Katuna-Kabale'!F38) -> 0 | G38: =AVERAGE('25.10 Katuna-Kabale 24hr'!G38,'26.10 Katuna-Kabale'!G38) -> 0 | H38: =AVERAGE('25.10 Katuna-Kabale 24hr'!H38,'26.10 Katuna-Kabale'!H38) -> 0 | I38: =AVERAGE('25.10 Katuna-Kabale 24hr'!I38,'26.10 Katuna-Kabale'!I38) -> 1.5 | J38: =AVERAGE('25.10 Katuna-Kabale 24hr'!J38,'26.10 Katuna-Kabale'!J38) -> 0.5 | ... N38: =AVERAGE('25.10 Katuna-Kabale 24hr'!N38,'26.10 Katuna-Kabale'!N38) -> 0 | O38: =SUM(C38:L38,N38) -> 5 | P38: =SUM(C38:N38) -> 11 | R38: IP Period | S38: =SUM(S13:S18) -> 79.5 | T38: =SUM(T13:T18) -> 11.5 | U38: =SUM(U13:U18) -> 5 | V38: =SUM(V13:V18) -> 2.5 | W38: =SUM(W13:W18) -> 1.5 | X38: =SUM(X13:X18) -> 2 | Y38: =SUM(Y13:Y18) -> 17 | Z38: =SUM(Z13:Z18) -> 1.5 | ... AF38: =SUM(AF13:AF18) -> 252.5
B39: 14.15 - 14.30 | C39: =AVERAGE('25.10 Katuna-Kabale 24hr'!C39,'26.10 Katuna-Kabale'!C39) -> 2 | D39: =AVERAGE('25.10 Katuna-Kabale 24hr'!D39,'26.10 Katuna-Kabale'!D39) -> 0.5 | E39: =AVERAGE('25.10 Katuna-Kabale 24hr'!E39,'26.10 Katuna-Kabale'!E39) -> 0 | F39: =AVERAGE('25.10 Katuna-Kabale 24hr'!F39,'26.10 Katuna-Kabale'!F39) -> 0 | G39: =AVERAGE('25.10 Katuna-Kabale 24hr'!G39,'26.10 Katuna-Kabale'!G39) -> 0 | H39: =AVERAGE('25.10 Katuna-Kabale 24hr'!H39,'26.10 Katuna-Kabale'!H39) -> 0 | I39: =AVERAGE('25.10 Katuna-Kabale 24hr'!I39,'26.10 Katuna-Kabale'!I39) -> 0 | J39: =AVERAGE('25.10 Katuna-Kabale 24hr'!J39,'26.10 Katuna-Kabale'!J39) -> 0 | ... N39: =AVERAGE('25.10 Katuna-Kabale 24hr'!N39,'26.10 Katuna-Kabale'!N39) -> 0 | O39: =SUM(C39:L39,N39) -> 2.5 | P39: =SUM(C39:N39) -> 7.5 | R39: PM Period | S39: =SUM(S19:S21) -> 39 | T39: =SUM(T19:T21) -> 9 | U39: =SUM(U19:U21) -> 4 | V39: =SUM(V19:V21) -> 1.5 | W39: =SUM(W19:W21) -> 0 | X39: =SUM(X19:X21) -> 0.5 | Y39: =SUM(Y19:Y21) -> 7.5 | Z39: =SUM(Z19:Z21) -> 0 | ... AF39: =SUM(AF19:AF21) -> 143
B40: 14.30 - 14.45 | C40: =AVERAGE('25.10 Katuna-Kabale 24hr'!C40,'26.10 Katuna-Kabale'!C40) -> 3.5 | D40: =AVERAGE('25.10 Katuna-Kabale 24hr'!D40,'26.10 Katuna-Kabale'!D40) -> 0 | E40: =AVERAGE('25.10 Katuna-Kabale 24hr'!E40,'26.10 Katuna-Kabale'!E40) -> 0 | F40: =AVERAGE('25.10 Katuna-Kabale 24hr'!F40,'26.10 Katuna-Kabale'!F40) -> 0 | G40: =AVERAGE('25.10 Katuna-Kabale 24hr'!G40,'26.10 Katuna-Kabale'!G40) -> 0 | H40: =AVERAGE('25.10 Katuna-Kabale 24hr'!H40,'26.10 Katuna-Kabale'!H40) -> 0 | I40: =AVERAGE('25.10 Katuna-Kabale 24hr'!I40,'26.10 Katuna-Kabale'!I40) -> 0 | J40: =AVERAGE('25.10 Katuna-Kabale 24hr'!J40,'26.10 Katuna-Kabale'!J40) -> 0 | ... N40: =AVERAGE('25.10 Katuna-Kabale 24hr'!N40,'26.10 Katuna-Kabale'!N40) -> 0 | O40: =SUM(C40:L40,N40) -> 3.5 | P40: =SUM(C40:N40) -> 10 | R40: 12 Hours | S40: =SUM(S10:S21) -> 150.5 | T40: =SUM(T10:T21) -> 23 | U40: =SUM(U10:U21) -> 13 | V40: =SUM(V10:V21) -> 5 | W40: =SUM(W10:W21) -> 1.5 | X40: =SUM(X10:X21) -> 2.5 | Y40: =SUM(Y10:Y21) -> 30.5 | Z40: =SUM(Z10:Z21) -> 1.5 | ... AF40: =SUM(AF10:AF21) -> 491.5
B41: 14.45 - 15.00 | C41: =AVERAGE('25.10 Katuna-Kabale 24hr'!C41,'26.10 Katuna-Kabale'!C41) -> 1 | D41: =AVERAGE('25.10 Katuna-Kabale 24hr'!D41,'26.10 Katuna-Kabale'!D41) -> 0 | E41: =AVERAGE('25.10 Katuna-Kabale 24hr'!E41,'26.10 Katuna-Kabale'!E41) -> 0 | F41: =AVERAGE('25.10 Katuna-Kabale 24hr'!F41,'26.10 Katuna-Kabale'!F41) -> 0 | G41: =AVERAGE('25.10 Katuna-Kabale 24hr'!G41,'26.10 Katuna-Kabale'!G41) -> 0 | H41: =AVERAGE('25.10 Katuna-Kabale 24hr'!H41,'26.10 Katuna-Kabale'!H41) -> 0 | I41: =AVERAGE('25.10 Katuna-Kabale 24hr'!I41,'26.10 Katuna-Kabale'!I41) -> 0.5 | J41: =AVERAGE('25.10 Katuna-Kabale 24hr'!J41,'26.10 Katuna-Kabale'!J41) -> 0 | ... N41: =AVERAGE('25.10 Katuna-Kabale 24hr'!N41,'26.10 Katuna-Kabale'!N41) -> 0 | O41: =SUM(C41:L41,N41) -> 1.5 | P41: =SUM(C41:N41) -> 5 | R41: 24 Hours | S41: =SUM(S10:S33) -> 224.5 | T41: =SUM(T10:T33) -> 55 | U41: =SUM(U10:U33) -> 34 | V41: =SUM(V10:V33) -> 17 | W41: =SUM(W10:W33) -> 7.5 | X41: =SUM(X10:X33) -> 3.5 | Y41: =SUM(Y10:Y33) -> 54.5 | Z41: =SUM(Z10:Z33) -> 3.5 | ... AF41: =SUM(AF10:AF33) -> 751.5
B42: 15.00 - 15.15 | C42: =AVERAGE('25.10 Katuna-Kabale 24hr'!C42,'26.10 Katuna-Kabale'!C42) -> 3.5 | D42: =AVERAGE('25.10 Katuna-Kabale 24hr'!D42,'26.10 Katuna-Kabale'!D42) -> 0.5 | E42: =AVERAGE('25.10 Katuna-Kabale 24hr'!E42,'26.10 Katuna-Kabale'!E42) -> 0.5 | F42: =AVERAGE('25.10 Katuna-Kabale 24hr'!F42,'26.10 Katuna-Kabale'!F42) -> 0 | G42: =AVERAGE('25.10 Katuna-Kabale 24hr'!G42,'26.10 Katuna-Kabale'!G42) -> 0 | H42: =AVERAGE('25.10 Katuna-Kabale 24hr'!H42,'26.10 Katuna-Kabale'!H42) -> 0 | I42: =AVERAGE('25.10 Katuna-Kabale 24hr'!I42,'26.10 Katuna-Kabale'!I42) -> 1.5 | J42: =AVERAGE('25.10 Katuna-Kabale 24hr'!J42,'26.10 Katuna-Kabale'!J42) -> 0.5 | ... N42: =AVERAGE('25.10 Katuna-Kabale 24hr'!N42,'26.10 Katuna-Kabale'!N42) -> 0 | O42: =SUM(C42:L42,N42) -> 6.5 | P42: =SUM(C42:N42) -> 11 | R42: NEF | S42: =S41/S40 -> 1.4916944 | T42: =T41/T40 -> 2.3913043 | U42: =U41/U40 -> 2.6153846 | V42: =V41/V40 -> 3.4 | W42: =W41/W40 -> 5 | X42: =X41/X40 -> 1.4 | Y42: =Y41/Y40 -> 1.7868852 | Z42: =Z41/Z40 -> 2.3333333 | AA42: 0 | AB42: 0 | AC42: =AC41/AC40 -> 1.3333333 | AD42: 0 | AE42: =AE41/AE40 -> 1.756044 | AF42: =AF41/AF40 -> 1.5289929
B43: 15.15 - 15.30 | C43: =AVERAGE('25.10 Katuna-Kabale 24hr'!C43,'26.10 Katuna-Kabale'!C43) -> 1 | D43: =AVERAGE('25.10 Katuna-Kabale 24hr'!D43,'26.10 Katuna-Kabale'!D43) -> 0 | E43: =AVERAGE('25.10 Katuna-Kabale 24hr'!E43,'26.10 Katuna-Kabale'!E43) -> 0 | F43: =AVERAGE('25.10 Katuna-Kabale 24hr'!F43,'26.10 Katuna-Kabale'!F43) -> 1 | G43: =AVERAGE('25.10 Katuna-Kabale 24hr'!G43,'26.10 Katuna-Kabale'!G43) -> 0 | H43: =AVERAGE('25.10 Katuna-Kabale 24hr'!H43,'26.10 Katuna-Kabale'!H43) -> 0.5 | I43: =AVERAGE('25.10 Katuna-Kabale 24hr'!I43,'26.10 Katuna-Kabale'!I43) -> 1.5 | J43: =AVERAGE('25.10 Katuna-Kabale 24hr'!J43,'26.10 Katuna-Kabale'!J43) -> 0 | ... N43: =AVERAGE('25.10 Katuna-Kabale 24hr'!N43,'26.10 Katuna-Kabale'!N43) -> 0 | O43: =SUM(C43:L43,N43) -> 4 | P43: =SUM(C43:N43) -> 7.5
B44: 15.30 - 15.45 | C44: =AVERAGE('25.10 Katuna-Kabale 24hr'!C44,'26.10 Katuna-Kabale'!C44) -> 2.5 | D44: =AVERAGE('25.10 Katuna-Kabale 24hr'!D44,'26.10 Katuna-Kabale'!D44) -> 0.5 | E44: =AVERAGE('25.10 Katuna-Kabale 24hr'!E44,'26.10 Katuna-Kabale'!E44) -> 1 | F44: =AVERAGE('25.10 Katuna-Kabale 24hr'!F44,'26.10 Katuna-Kabale'!F44) -> 0 | G44: =AVERAGE('25.10 Katuna-Kabale 24hr'!G44,'26.10 Katuna-Kabale'!G44) -> 0 | H44: =AVERAGE('25.10 Katuna-Kabale 24hr'!H44,'26.10 Katuna-Kabale'!H44) -> 0 | I44: =AVERAGE('25.10 Katuna-Kabale 24hr'!I44,'26.10 Katuna-Kabale'!I44) -> 0 | J44: =AVERAGE('25.10 Katuna-Kabale 24hr'!J44,'26.10 Katuna-Kabale'!J44) -> 0 | ... N44: =AVERAGE('25.10 Katuna-Kabale 24hr'!N44,'26.10 Katuna-Kabale'!N44) -> 0 | O44: =SUM(C44:L44,N44) -> 4 | P44: =SUM(C44:N44) -> 5.5
B45: 15.45 - 16.00 | C45: =AVERAGE('25.10 Katuna-Kabale 24hr'!C45,'26.10 Katuna-Kabale'!C45) -> 3.5 | D45: =AVERAGE('25.10 Katuna-Kabale 24hr'!D45,'26.10 Katuna-Kabale'!D45) -> 0 | E45: =AVERAGE('25.10 Katuna-Kabale 24hr'!E45,'26.10 Katuna-Kabale'!E45) -> 0.5 | F45: =AVERAGE('25.10 Katuna-Kabale 24hr'!F45,'26.10 Katuna-Kabale'!F45) -> 0 | G45: =AVERAGE('25.10 Katuna-Kabale 24hr'!G45,'26.10 Katuna-Kabale'!G45) -> 0 | H45: =AVERAGE('25.10 Katuna-Kabale 24hr'!H45,'26.10 Katuna-Kabale'!H45) -> 0 | I45: =AVERAGE('25.10 Katuna-Kabale 24hr'!I45,'26.10 Katuna-Kabale'!I45) -> 1 | J45: =AVERAGE('25.10 Katuna-Kabale 24hr'!J45,'26.10 Katuna-Kabale'!J45) -> 0.5 | ... N45: =AVERAGE('25.10 Katuna-Kabale 24hr'!N45,'26.10 Katuna-Kabale'!N45) -> 0 | O45: =SUM(C45:L45,N45) -> 5.5 | P45: =SUM(C45:N45) -> 12
B46: 16.00 - 16.15 | C46: =AVERAGE('25.10 Katuna-Kabale 24hr'!C46,'26.10 Katuna-Kabale'!C46) -> 1.5 | D46: =AVERAGE('25.10 Katuna-Kabale 24hr'!D46,'26.10 Katuna-Kabale'!D46) -> 0 | E46: =AVERAGE('25.10 Katuna-Kabale 24hr'!E46,'26.10 Katuna-Kabale'!E46) -> 0 | F46: =AVERAGE('25.10 Katuna-Kabale 24hr'!F46,'26.10 Katuna-Kabale'!F46) -> 0 | G46: =AVERAGE('25.10 Katuna-Kabale 24hr'!G46,'26.10 Katuna-Kabale'!G46) -> 0 | H46: =AVERAGE('25.10 Katuna-Kabale 24hr'!H46,'26.10 Katuna-Kabale'!H46) -> 0 | I46: =AVERAGE('25.10 Katuna-Kabale 24hr'!I46,'26.10 Katuna-Kabale'!I46) -> 0 | J46: =AVERAGE('25.10 Katuna-Kabale 24hr'!J46,'26.10 Katuna-Kabale'!J46) -> 0 | ... N46: =AVERAGE('25.10 Katuna-Kabale 24hr'!N46,'26.10 Katuna-Kabale'!N46) -> 0 | O46: =SUM(C46:L46,N46) -> 1.5 | P46: =SUM(C46:N46) -> 7.5
B47: 16.15 -16.30 | C47: =AVERAGE('25.10 Katuna-Kabale 24hr'!C47,'26.10 Katuna-Kabale'!C47) -> 2 | D47: =AVERAGE('25.10 Katuna-Kabale 24hr'!D47,'26.10 Katuna-Kabale'!D47) -> 0 | E47: =AVERAGE('25.10 Katuna-Kabale 24hr'!E47,'26.10 Katuna-Kabale'!E47) -> 1 | F47: =AVERAGE('25.10 Katuna-Kabale 24hr'!F47,'26.10 Katuna-Kabale'!F47) -> 0 | G47: =AVERAGE('25.10 Katuna-Kabale 24hr'!G47,'26.10 Katuna-Kabale'!G47) -> 0 | H47: =AVERAGE('25.10 Katuna-Kabale 24hr'!H47,'26.10 Katuna-Kabale'!H47) -> 0 | I47: =AVERAGE('25.10 Katuna-Kabale 24hr'!I47,'26.10 Katuna-Kabale'!I47) -> 0 | J47: =AVERAGE('25.10 Katuna-Kabale 24hr'!J47,'26.10 Katuna-Kabale'!J47) -> 0 | ... N47: =AVERAGE('25.10 Katuna-Kabale 24hr'!N47,'26.10 Katuna-Kabale'!N47) -> 0 | O47: =SUM(C47:L47,N47) -> 3 | P47: =SUM(C47:N47) -> 7
B48: 16.30 -16.45 | C48: =AVERAGE('25.10 Katuna-Kabale 24hr'!C48,'26.10 Katuna-Kabale'!C48) -> 2 | D48: =AVERAGE('25.10 Katuna-Kabale 24hr'!D48,'26.10 Katuna-Kabale'!D48) -> 0 | E48: =AVERAGE('25.10 Katuna-Kabale 24hr'!E48,'26.10 Katuna-Kabale'!E48) -> 0.5 | F48: =AVERAGE('25.10 Katuna-Kabale 24hr'!F48,'26.10 Katuna-Kabale'!F48) -> 0 | G48: =AVERAGE('25.10 Katuna-Kabale 24hr'!G48,'26.10 Katuna-Kabale'!G48) -> 0 | H48: =AVERAGE('25.10 Katuna-Kabale 24hr'!H48,'26.10 Katuna-Kabale'!H48) -> 0.5 | I48: =AVERAGE('25.10 Katuna-Kabale 24hr'!I48,'26.10 Katuna-Kabale'!I48) -> 0.5 | J48: =AVERAGE('25.10 Katuna-Kabale 24hr'!J48,'26.10 Katuna-Kabale'!J48) -> 0 | ... N48: =AVERAGE('25.10 Katuna-Kabale 24hr'!N48,'26.10 Katuna-Kabale'!N48) -> 0 | O48: =SUM(C48:L48,N48) -> 3.5 | P48: =SUM(C48:N48) -> 9.5
B49: 16.45 -17.00 | C49: =AVERAGE('25.10 Katuna-Kabale 24hr'!C49,'26.10 Katuna-Kabale'!C49) -> 2 | D49: =AVERAGE('25.10 Katuna-Kabale 24hr'!D49,'26.10 Katuna-Kabale'!D49) -> 0.5 | E49: =AVERAGE('25.10 Katuna-Kabale 24hr'!E49,'26.10 Katuna-Kabale'!E49) -> 0 | F49: =AVERAGE('25.10 Katuna-Kabale 24hr'!F49,'26.10 Katuna-Kabale'!F49) -> 0.5 | G49: =AVERAGE('25.10 Katuna-Kabale 24hr'!G49,'26.10 Katuna-Kabale'!G49) -> 0 | H49: =AVERAGE('25.10 Katuna-Kabale 24hr'!H49,'26.10 Katuna-Kabale'!H49) -> 0 | I49: =AVERAGE('25.10 Katuna-Kabale 24hr'!I49,'26.10 Katuna-Kabale'!I49) -> 0 | J49: =AVERAGE('25.10 Katuna-Kabale 24hr'!J49,'26.10 Katuna-Kabale'!J49) -> 0 | ... N49: =AVERAGE('25.10 Katuna-Kabale 24hr'!N49,'26.10 Katuna-Kabale'!N49) -> 0 | O49: =SUM(C49:L49,N49) -> 3 | P49: =SUM(C49:N49) -> 11
B50: 17.00 -17.15 | C50: =AVERAGE('25.10 Katuna-Kabale 24hr'!C50,'26.10 Katuna-Kabale'!C50) -> 2.5 | D50: =AVERAGE('25.10 Katuna-Kabale 24hr'!D50,'26.10 Katuna-Kabale'!D50) -> 1 | E50: =AVERAGE('25.10 Katuna-Kabale 24hr'!E50,'26.10 Katuna-Kabale'!E50) -> 0 | F50: =AVERAGE('25.10 Katuna-Kabale 24hr'!F50,'26.10 Katuna-Kabale'!F50) -> 0 | G50: =AVERAGE('25.10 Katuna-Kabale 24hr'!G50,'26.10 Katuna-Kabale'!G50) -> 0 | H50: =AVERAGE('25.10 Katuna-Kabale 24hr'!H50,'26.10 Katuna-Kabale'!H50) -> 0 | I50: =AVERAGE('25.10 Katuna-Kabale 24hr'!I50,'26.10 Katuna-Kabale'!I50) -> 0 | J50: =AVERAGE('25.10 Katuna-Kabale 24hr'!J50,'26.10 Katuna-Kabale'!J50) -> 0 | ... N50: =AVERAGE('25.10 Katuna-Kabale 24hr'!N50,'26.10 Katuna-Kabale'!N50) -> 0 | O50: =SUM(C50:L50,N50) -> 3.5 | P50: =SUM(C50:N50) -> 11.5
B51: 17.15 -17.30 | C51: =AVERAGE('25.10 Katuna-Kabale 24hr'!C51,'26.10 Katuna-Kabale'!C51) -> 4 | D51: =AVERAGE('25.10 Katuna-Kabale 24hr'!D51,'26.10 Katuna-Kabale'!D51) -> 0.5 | E51: =AVERAGE('25.10 Katuna-Kabale 24hr'!E51,'26.10 Katuna-Kabale'!E51) -> 0 | F51: =AVERAGE('25.10 Katuna-Kabale 24hr'!F51,'26.10 Katuna-Kabale'!F51) -> 0 | G51: =AVERAGE('25.10 Katuna-Kabale 24hr'!G51,'26.10 Katuna-Kabale'!G51) -> 0 | H51: =AVERAGE('25.10 Katuna-Kabale 24hr'!H51,'26.10 Katuna-Kabale'!H51) -> 0 | I51: =AVERAGE('25.10 Katuna-Kabale 24hr'!I51,'26.10 Katuna-Kabale'!I51) -> 0 | J51: =AVERAGE('25.10 Katuna-Kabale 24hr'!J51,'26.10 Katuna-Kabale'!J51) -> 0 | ... N51: =AVERAGE('25.10 Katuna-Kabale 24hr'!N51,'26.10 Katuna-Kabale'!N51) -> 0 | O51: =SUM(C51:L51,N51) -> 4.5 | P51: =SUM(C51:N51) -> 12.5
B52: 17.30 -17.45 | C52: =AVERAGE('25.10 Katuna-Kabale 24hr'!C52,'26.10 Katuna-Kabale'!C52) -> 3.5 | D52: =AVERAGE('25.10 Katuna-Kabale 24hr'!D52,'26.10 Katuna-Kabale'!D52) -> 2 | E52: =AVERAGE('25.10 Katuna-Kabale 24hr'!E52,'26.10 Katuna-Kabale'!E52) -> 0 | F52: =AVERAGE('25.10 Katuna-Kabale 24hr'!F52,'26.10 Katuna-Kabale'!F52) -> 0.5 | G52: =AVERAGE('25.10 Katuna-Kabale 24hr'!G52,'26.10 Katuna-Kabale'!G52) -> 0 | H52: =AVERAGE('25.10 Katuna-Kabale 24hr'!H52,'26.10 Katuna-Kabale'!H52) -> 0 | I52: =AVERAGE('25.10 Katuna-Kabale 24hr'!I52,'26.10 Katuna-Kabale'!I52) -> 0.5 | J52: =AVERAGE('25.10 Katuna-Kabale 24hr'!J52,'26.10 Katuna-Kabale'!J52) -> 0 | ... N52: =AVERAGE('25.10 Katuna-Kabale 24hr'!N52,'26.10 Katuna-Kabale'!N52) -> 0 | O52: =SUM(C52:L52,N52) -> 6.5 | P52: =SUM(C52:N52) -> 14
B53: 17.45 -18.00 | C53: =AVERAGE('25.10 Katuna-Kabale 24hr'!C53,'26.10 Katuna-Kabale'!C53) -> 3.5 | D53: =AVERAGE('25.10 Katuna-Kabale 24hr'!D53,'26.10 Katuna-Kabale'!D53) -> 0 | E53: =AVERAGE('25.10 Katuna-Kabale 24hr'!E53,'26.10 Katuna-Kabale'!E53) -> 0.5 | F53: =AVERAGE('25.10 Katuna-Kabale 24hr'!F53,'26.10 Katuna-Kabale'!F53) -> 0 | G53: =AVERAGE('25.10 Katuna-Kabale 24hr'!G53,'26.10 Katuna-Kabale'!G53) -> 0 | H53: =AVERAGE('25.10 Katuna-Kabale 24hr'!H53,'26.10 Katuna-Kabale'!H53) -> 0 | I53: =AVERAGE('25.10 Katuna-Kabale 24hr'!I53,'26.10 Katuna-Kabale'!I53) -> 1 | J53: =AVERAGE('25.10 Katuna-Kabale 24hr'!J53,'26.10 Katuna-Kabale'!J53) -> 0 | ... N53: =AVERAGE('25.10 Katuna-Kabale 24hr'!N53,'26.10 Katuna-Kabale'!N53) -> 0 | O53: =SUM(C53:L53,N53) -> 5 | P53: =SUM(C53:N53) -> 14.5
B54: 18.00 - 18.15 | C54: =AVERAGE('25.10 Katuna-Kabale 24hr'!C54,'26.10 Katuna-Kabale'!C54) -> 5.5 | D54: =AVERAGE('25.10 Katuna-Kabale 24hr'!D54,'26.10 Katuna-Kabale'!D54) -> 1 | E54: =AVERAGE('25.10 Katuna-Kabale 24hr'!E54,'26.10 Katuna-Kabale'!E54) -> 0 | F54: =AVERAGE('25.10 Katuna-Kabale 24hr'!F54,'26.10 Katuna-Kabale'!F54) -> 0 | G54: =AVERAGE('25.10 Katuna-Kabale 24hr'!G54,'26.10 Katuna-Kabale'!G54) -> 0 | H54: =AVERAGE('25.10 Katuna-Kabale 24hr'!H54,'26.10 Katuna-Kabale'!H54) -> 0 | I54: =AVERAGE('25.10 Katuna-Kabale 24hr'!I54,'26.10 Katuna-Kabale'!I54) -> 1 | J54: =AVERAGE('25.10 Katuna-Kabale 24hr'!J54,'26.10 Katuna-Kabale'!J54) -> 0 | ... N54: =AVERAGE('25.10 Katuna-Kabale 24hr'!N54,'26.10 Katuna-Kabale'!N54) -> 0 | O54: =SUM(C54:L54,N54) -> 7.5 | P54: =SUM(C54:N54) -> 13.5
... B57: 18.45 - 19.00 | C57: =AVERAGE('25.10 Katuna-Kabale 24hr'!C57,'26.10 Katuna-Kabale'!C57) -> 4 | D57: =AVERAGE('25.10 Katuna-Kabale 24hr'!D57,'26.10 Katuna-Kabale'!D57) -> 0.5 | E57: =AVERAGE('25.10 Katuna-Kabale 24hr'!E57,'26.10 Katuna-Kabale'!E57) -> 0.5 | F57: =AVERAGE('25.10 Katuna-Kabale 24hr'!F57,'26.10 Katuna-Kabale'!F57) -> 0 | G57: =AVERAGE('25.10 Katuna-Kabale 24hr'!G57,'26.10 Katuna-Kabale'!G57) -> 0 | H57: =AVERAGE('25.10 Katuna-Kabale 24hr'!H57,'26.10 Katuna-Kabale'!H57) -> 0 | I57: =AVERAGE('25.10 Katuna-Kabale 24hr'!I57,'26.10 Katuna-Kabale'!I57) -> 2 | J57: =AVERAGE('25.10 Katuna-Kabale 24hr'!J57,'26.10 Katuna-Kabale'!J57) -> 0 | ... N57: =AVERAGE('25.10 Katuna-Kabale 24hr'!N57,'26.10 Katuna-Kabale'!N57) -> 0 | O57: =SUM(C57:L57,N57) -> 7 | P57: =SUM(C57:N57) -> 12
B58: 19.00 - 19.15 | C58: =AVERAGE('25.10 Katuna-Kabale 24hr'!C58) -> 3 | D58: =AVERAGE('25.10 Katuna-Kabale 24hr'!D58) -> 1 | E58: =AVERAGE('25.10 Katuna-Kabale 24hr'!E58) -> 2 | F58: =AVERAGE('25.10 Katuna-Kabale 24hr'!F58) -> 0 | G58: =AVERAGE('25.10 Katuna-Kabale 24hr'!G58) -> 0 | H58: =AVERAGE('25.10 Katuna-Kabale 24hr'!H58) -> 0 | I58: =AVERAGE('25.10 Katuna-Kabale 24hr'!I58) -> 0 | J58: =AVERAGE('25.10 Katuna-Kabale 24hr'!J58) -> 0 | ... N58: =AVERAGE('25.10 Katuna-Kabale 24hr'!N58) -> 0 | O58: =SUM(C58:L58,N58) -> 6 | P58: =SUM(C58:N58) -> 10
B59: 19.15 - 19.30 | C59: =AVERAGE('25.10 Katuna-Kabale 24hr'!C59) -> 3 | D59: =AVERAGE('25.10 Katuna-Kabale 24hr'!D59) -> 5 | E59: =AVERAGE('25.10 Katuna-Kabale 24hr'!E59) -> 0 | F59: =AVERAGE('25.10 Katuna-Kabale 24hr'!F59) -> 0 | G59: =AVERAGE('25.10 Katuna-Kabale 24hr'!G59) -> 0 | H59: =AVERAGE('25.10 Katuna-Kabale 24hr'!H59) -> 0 | I59: =AVERAGE('25.10 Katuna-Kabale 24hr'!I59) -> 0 | J59: =AVERAGE('25.10 Katuna-Kabale 24hr'!J59) -> 0 | ... N59: =AVERAGE('25.10 Katuna-Kabale 24hr'!N59) -> 0 | O59: =SUM(C59:L59,N59) -> 8 | P59: =SUM(C59:N59) -> 10
B60: 19.30 - 19.45 | C60: =AVERAGE('25.10 Katuna-Kabale 24hr'!C60) -> 6 | D60: =AVERAGE('25.10 Katuna-Kabale 24hr'!D60) -> 0 | E60: =AVERAGE('25.10 Katuna-Kabale 24hr'!E60) -> 0 | F60: =AVERAGE('25.10 Katuna-Kabale 24hr'!F60) -> 0 | G60: =AVERAGE('25.10 Katuna-Kabale 24hr'!G60) -> 0 | H60: =AVERAGE('25.10 Katuna-Kabale 24hr'!H60) -> 1 | I60: =AVERAGE('25.10 Katuna-Kabale 24hr'!I60) -> 0 | J60: =AVERAGE('25.10 Katuna-Kabale 24hr'!J60) -> 0 | ... N60: =AVERAGE('25.10 Katuna-Kabale 24hr'!N60) -> 0 | O60: =SUM(C60:L60,N60) -> 7 | P60: =SUM(C60:N60) -> 8
B61: 19.45 - 20.00 | C61: =AVERAGE('25.10 Katuna-Kabale 24hr'!C61) -> 3 | D61: =AVERAGE('25.10 Katuna-Kabale 24hr'!D61) -> 0 | E61: =AVERAGE('25.10 Katuna-Kabale 24hr'!E61) -> 0 | F61: =AVERAGE('25.10 Katuna-Kabale 24hr'!F61) -> 0 | G61: =AVERAGE('25.10 Katuna-Kabale 24hr'!G61) -> 0 | H61: =AVERAGE('25.10 Katuna-Kabale 24hr'!H61) -> 0 | I61: =AVERAGE('25.10 Katuna-Kabale 24hr'!I61) -> 0 | J61: =AVERAGE('25.10 Katuna-Kabale 24hr'!J61) -> 0 | ... N61: =AVERAGE('25.10 Katuna-Kabale 24hr'!N61) -> 0 | O61: =SUM(C61:L61,N61) -> 3 | P61: =SUM(C61:N61) -> 7
B62: 20.00 - 20.15 | C62: =AVERAGE('25.10 Katuna-Kabale 24hr'!C62) -> 4 | D62: =AVERAGE('25.10 Katuna-Kabale 24hr'!D62) -> 3 | E62: =AVERAGE('25.10 Katuna-Kabale 24hr'!E62) -> 0 | F62: =AVERAGE('25.10 Katuna-Kabale 24hr'!F62) -> 3 | G62: =AVERAGE('25.10 Katuna-Kabale 24hr'!G62) -> 1 | H62: =AVERAGE('25.10 Katuna-Kabale 24hr'!H62) -> 0 | I62: =AVERAGE('25.10 Katuna-Kabale 24hr'!I62) -> 0 | J62: =AVERAGE('25.10 Katuna-Kabale 24hr'!J62) -> 0 | ... N62: =AVERAGE('25.10 Katuna-Kabale 24hr'!N62) -> 0 | O62: =SUM(C62:L62,N62) -> 11 | P62: =SUM(C62:N62) -> 18
B63: 20.15 - 20.30 | C63: =AVERAGE('25.10 Katuna-Kabale 24hr'!C63) -> 2 | D63: =AVERAGE('25.10 Katuna-Kabale 24hr'!D63) -> 0 | E63: =AVERAGE('25.10 Katuna-Kabale 24hr'!E63) -> 0 | F63: =AVERAGE('25.10 Katuna-Kabale 24hr'!F63) -> 0 | G63: =AVERAGE('25.10 Katuna-Kabale 24hr'!G63) -> 0 | H63: =AVERAGE('25.10 Katuna-Kabale 24hr'!H63) -> 0 | I63: =AVERAGE('25.10 Katuna-Kabale 24hr'!I63) -> 1 | J63: =AVERAGE('25.10 Katuna-Kabale 24hr'!J63) -> 0 | ... N63: =AVERAGE('25.10 Katuna-Kabale 24hr'!N63) -> 0 | O63: =SUM(C63:L63,N63) -> 3 | P63: =SUM(C63:N63) -> 6
B64: 20.30 - 20.45 | C64: =AVERAGE('25.10 Katuna-Kabale 24hr'!C64) -> 4 | D64: =AVERAGE('25.10 Katuna-Kabale 24hr'!D64) -> 1 | E64: =AVERAGE('25.10 Katuna-Kabale 24hr'!E64) -> 1 | F64: =AVERAGE('25.10 Katuna-Kabale 24hr'!F64) -> 0 | G64: =AVERAGE('25.10 Katuna-Kabale 24hr'!G64) -> 0 | H64: =AVERAGE('25.10 Katuna-Kabale 24hr'!H64) -> 0 | I64: =AVERAGE('25.10 Katuna-Kabale 24hr'!I64) -> 0 | J64: =AVERAGE('25.10 Katuna-Kabale 24hr'!J64) -> 0 | ... N64: =AVERAGE('25.10 Katuna-Kabale 24hr'!N64) -> 0 | O64: =SUM(C64:L64,N64) -> 6 | P64: =SUM(C64:N64) -> 17
B65: 20.45 - 21.00 | C65: =AVERAGE('25.10 Katuna-Kabale 24hr'!C65) -> 5 | D65: =AVERAGE('25.10 Katuna-Kabale 24hr'!D65) -> 3 | E65: =AVERAGE('25.10 Katuna-Kabale 24hr'!E65) -> 2 | F65: =AVERAGE('25.10 Katuna-Kabale 24hr'!F65) -> 1 | G65: =AVERAGE('25.10 Katuna-Kabale 24hr'!G65) -> 0 | H65: =AVERAGE('25.10 Katuna-Kabale 24hr'!H65) -> 0 | I65: =AVERAGE('25.10 Katuna-Kabale 24hr'!I65) -> 2 | J65: =AVERAGE('25.10 Katuna-Kabale 24hr'!J65) -> 0 | ... N65: =AVERAGE('25.10 Katuna-Kabale 24hr'!N65) -> 0 | O65: =SUM(C65:L65,N65) -> 13 | P65: =SUM(C65:N65) -> 17
B66: 21.00 - 21.15 | C66: =AVERAGE('25.10 Katuna-Kabale 24hr'!C66) -> 4 | D66: =AVERAGE('25.10 Katuna-Kabale 24hr'!D66) -> 1 | E66: =AVERAGE('25.10 Katuna-Kabale 24hr'!E66) -> 1 | F66: =AVERAGE('25.10 Katuna-Kabale 24hr'!F66) -> 2 | G66: =AVERAGE('25.10 Katuna-Kabale 24hr'!G66) -> 0 | H66: =AVERAGE('25.10 Katuna-Kabale 24hr'!H66) -> 0 | I66: =AVERAGE('25.10 Katuna-Kabale 24hr'!I66) -> 0 | J66: =AVERAGE('25.10 Katuna-Kabale 24hr'!J66) -> 0 | ... N66: =AVERAGE('25.10 Katuna-Kabale 24hr'!N66) -> 0 | O66: =SUM(C66:L66,N66) -> 8 | P66: =SUM(C66:N66) -> 11
B67: 21.15 - 21.30 | C67: =AVERAGE('25.10 Katuna-Kabale 24hr'!C67) -> 2 | D67: =AVERAGE('25.10 Katuna-Kabale 24hr'!D67) -> 0 | E67: =AVERAGE('25.10 Katuna-Kabale 24hr'!E67) -> 0 | F67: =AVERAGE('25.10 Katuna-Kabale 24hr'!F67) -> 0 | G67: =AVERAGE('25.10 Katuna-Kabale 24hr'!G67) -> 0 | H67: =AVERAGE('25.10 Katuna-Kabale 24hr'!H67) -> 0 | I67: =AVERAGE('25.10 Katuna-Kabale 24hr'!I67) -> 2 | J67: =AVERAGE('25.10 Katuna-Kabale 24hr'!J67) -> 0 | ... N67: =AVERAGE('25.10 Katuna-Kabale 24hr'!N67) -> 0 | O67: =SUM(C67:L67,N67) -> 4 | P67: =SUM(C67:N67) -> 9
B68: 21.30 - 21.45 | C68: =AVERAGE('25.10 Katuna-Kabale 24hr'!C68) -> 2 | D68: =AVERAGE('25.10 Katuna-Kabale 24hr'!D68) -> 0 | E68: =AVERAGE('25.10 Katuna-Kabale 24hr'!E68) -> 0 | F68: =AVERAGE('25.10 Katuna-Kabale 24hr'!F68) -> 0 | G68: =AVERAGE('25.10 Katuna-Kabale 24hr'!G68) -> 0 | H68: =AVERAGE('25.10 Katuna-Kabale 24hr'!H68) -> 0 | I68: =AVERAGE('25.10 Katuna-Kabale 24hr'!I68) -> 0 | J68: =AVERAGE('25.10 Katuna-Kabale 24hr'!J68) -> 0 | ... N68: =AVERAGE('25.10 Katuna-Kabale 24hr'!N68) -> 0 | O68: =SUM(C68:L68,N68) -> 2 | P68: =SUM(C68:N68) -> 4
B69: 21.45 - 22.00 | C69: =AVERAGE('25.10 Katuna-Kabale 24hr'!C69) -> 0 | D69: =AVERAGE('25.10 Katuna-Kabale 24hr'!D69) -> 0 | E69: =AVERAGE('25.10 Katuna-Kabale 24hr'!E69) -> 0 | F69: =AVERAGE('25.10 Katuna-Kabale 24hr'!F69) -> 0 | G69: =AVERAGE('25.10 Katuna-Kabale 24hr'!G69) -> 0 | H69: =AVERAGE('25.10 Katuna-Kabale 24hr'!H69) -> 0 | I69: =AVERAGE('25.10 Katuna-Kabale 24hr'!I69) -> 0 | J69: =AVERAGE('25.10 Katuna-Kabale 24hr'!J69) -> 0 | ... N69: =AVERAGE('25.10 Katuna-Kabale 24hr'!N69) -> 0 | O69: =SUM(C69:L69,N69) -> 0 | P69: =SUM(C69:N69) -> 0
... B105: 06.45 - 07.00 | C105: =AVERAGE('25.10 Katuna-Kabale 24hr'!C105) -> 0 | D105: =AVERAGE('25.10 Katuna-Kabale 24hr'!D105) -> 2 | E105: =AVERAGE('25.10 Katuna-Kabale 24hr'!E105) -> 1 | F105: =AVERAGE('25.10 Katuna-Kabale 24hr'!F105) -> 0 | G105: =AVERAGE('25.10 Katuna-Kabale 24hr'!G105) -> 1 | H105: =AVERAGE('25.10 Katuna-Kabale 24hr'!H105) -> 0 | I105: =AVERAGE('25.10 Katuna-Kabale 24hr'!I105) -> 0 | J105: =AVERAGE('25.10 Katuna-Kabale 24hr'!J105) -> 0 | ... N105: =AVERAGE('25.10 Katuna-Kabale 24hr'!N105) -> 0 | O105: =SUM(C105:L105,N105) -> 4 | P105: =SUM(C105:N105) -> 12
B106: Totals | C106: =SUM(C10:C105) -> 224.5 | D106: =SUM(D10:D105) -> 55 | E106: =SUM(E10:E105) -> 34 | F106: =SUM(F10:F105) -> 17 | G106: =SUM(G10:G105) -> 7.5 | H106: =SUM(H10:H105) -> 3.5 | I106: =SUM(I10:I105) -> 54.5 | J106: =SUM(J10:J105) -> 3.5 | ... P106: =SUM(P10:P105) -> 751.5
B107: %ges + MCs | C107: =C106/$P$106 -> 0.29873586 | D107: =D106/$P$106 -> 0.073186959 | E107: =E106/$P$106 -> 0.045242848 | F107: =F106/$P$106 -> 0.022621424 | G107: =G106/$P$106 -> 0.0099800399 | H107: =H106/$P$106 -> 0.004657352 | I107: =I106/$P$106 -> 0.072521623 | J107: =J106/$P$106 -> 0.004657352 | ... N107: =N106/$P$106 -> 0
B108: %ges w/o MCs | C108: =C106/$O$106 -> 0.56195244 | D108: =D106/$O$106 -> 0.13767209 | E108: =E106/$O$106 -> 0.085106383 | F108: =F106/$O$106 -> 0.042553191 | G108: =G106/$O$106 -> 0.018773467 | H108: =H106/$O$106 -> 0.0087609512 | I108: =I106/$O$106 -> 0.13642053 | J108: =J106/$O$106 -> 0.0087609512 | ... L108: =L106/$O$106 -> 0 | N108: =N106/$O$106 -> 0

Sheet Avg Week Kabale-Katuna
B1: Consultancy services for Preparation of Expressway Development Master Plan (EDMP) for Uganda
B2: MANUAL CLASSIFIED COUNT (MCC)
B3: ROAD NAME: | C3: KATUNA B/P
C5: Date | D5: AVERAGE WEEK | F5: Location | G5: XXXXX | J5: Surveyor | K5: XXXXX
C6: Dir. From | D6: KABALE | F6: Dir. To | G6: KATUNA | J6: Supervisor | K6: XXXXXX
B8: Time / Veh Type | R8: SUMMARY TRAFFIC VOLUMES
C9: 1. Car | D9: 2. Station Wagon | E9: 3. Pickups | F9: 4. Minibus, matatu | G9: 5. Medium bus | H9: 6. Large Bus | I9: 7. Light Truck | J9: 8. Medium Truck | K9: 9. Heavy truck | L9: 10. Truck Trailer | M9: 11. Motor cycles | N9: 12. Tractors | O9: Total Excl M/Cycles | P9: Total All | R9: Time | S9: 1. Car | T9: 2. Station Wagon | U9: 3. Pickups | V9: 4. Minibus, matatu | W9: 5. Medium bus | X9: 6. Large Bus | Y9: 7. Light Truck | Z9: 8. Medium Truck | AA9: 9. Heavy truck | AB9: 10. Truck Trailer | AC9: 11. Motorcycles | AD9: 12. Tractors, Graders | AE9: Total Excl M/ Cycles | AF9: Total All
B10: 07.00 - 07.15 | C10: =AVERAGE('25.10 Kabale-Katuna 24hr'!C10,'26.10 Kabale-Katuna'!C10) -> 1 | D10: =AVERAGE('25.10 Kabale-Katuna 24hr'!D10,'26.10 Kabale-Katuna'!D10) -> 0 | E10: =AVERAGE('25.10 Kabale-Katuna 24hr'!E10,'26.10 Kabale-Katuna'!E10) -> 0.5 | F10: =AVERAGE('25.10 Kabale-Katuna 24hr'!F10,'26.10 Kabale-Katuna'!F10) -> 0 | G10: =AVERAGE('25.10 Kabale-Katuna 24hr'!G10,'26.10 Kabale-Katuna'!G10) -> 0.5 | H10: =AVERAGE('25.10 Kabale-Katuna 24hr'!H10,'26.10 Kabale-Katuna'!H10) -> 0 | I10: =AVERAGE('25.10 Kabale-Katuna 24hr'!I10,'26.10 Kabale-Katuna'!I10) -> 0 | J10: =AVERAGE('25.10 Kabale-Katuna 24hr'!J10,'26.10 Kabale-Katuna'!J10) -> 0 | ... N10: =AVERAGE('25.10 Kabale-Katuna 24hr'!N10,'26.10 Kabale-Katuna'!N10) -> 0 | O10: =SUM(C10:L10,N10) -> 2 | P10: =SUM(C10:N10) -> 4.5 | R10: 0700-0800 | S10: =SUM(C10:C13) -> 9.5 | T10: =SUM(D10:D13) -> 0.5 | U10: =SUM(E10:E13) -> 0.5 | V10: =SUM(F10:F13) -> 1.5 | W10: =SUM(G10:G13) -> 0.5 | X10: =SUM(H10:H13) -> 0 | Y10: =SUM(I10:I13) -> 1.5 | Z10: =SUM(J10:J13) -> 0 | ... AF10: =SUM(P10:P13) -> 24.5
B11: 07.15 - 07.30 | C11: =AVERAGE('25.10 Kabale-Katuna 24hr'!C11,'26.10 Kabale-Katuna'!C11) -> 2.5 | D11: =AVERAGE('25.10 Kabale-Katuna 24hr'!D11,'26.10 Kabale-Katuna'!D11) -> 0.5 | E11: =AVERAGE('25.10 Kabale-Katuna 24hr'!E11,'26.10 Kabale-Katuna'!E11) -> 0 | F11: =AVERAGE('25.10 Kabale-Katuna 24hr'!F11,'26.10 Kabale-Katuna'!F11) -> 0 | G11: =AVERAGE('25.10 Kabale-Katuna 24hr'!G11,'26.10 Kabale-Katuna'!G11) -> 0 | H11: =AVERAGE('25.10 Kabale-Katuna 24hr'!H11,'26.10 Kabale-Katuna'!H11) -> 0 | I11: =AVERAGE('25.10 Kabale-Katuna 24hr'!I11,'26.10 Kabale-Katuna'!I11) -> 1 | J11: =AVERAGE('25.10 Kabale-Katuna 24hr'!J11,'26.10 Kabale-Katuna'!J11) -> 0 | ... N11: =AVERAGE('25.10 Kabale-Katuna 24hr'!N11,'26.10 Kabale-Katuna'!N11) -> 0 | O11: =SUM(C11:L11,N11) -> 4 | P11: =SUM(C11:N11) -> 6.5 | R11: 0800-0900 | S11: =SUM(C14:C17) -> 6.5 | T11: =SUM(D14:D17) -> 0 | U11: =SUM(E14:E17) -> 1.5 | V11: =SUM(F14:F17) -> 0 | W11: =SUM(G14:G17) -> 0 | X11: =SUM(H14:H17) -> 0.5 | Y11: =SUM(I14:I17) -> 1 | Z11: =SUM(J14:J17) -> 0.5 | ... AF11: =SUM(P14:P17) -> 35.5
B12: 07.30 - 07.45 | C12: =AVERAGE('25.10 Kabale-Katuna 24hr'!C12,'26.10 Kabale-Katuna'!C12) -> 4.5 | D12: =AVERAGE('25.10 Kabale-Katuna 24hr'!D12,'26.10 Kabale-Katuna'!D12) -> 0 | E12: =AVERAGE('25.10 Kabale-Katuna 24hr'!E12,'26.10 Kabale-Katuna'!E12) -> 0 | F12: =AVERAGE('25.10 Kabale-Katuna 24hr'!F12,'26.10 Kabale-Katuna'!F12) -> 1.5 | G12: =AVERAGE('25.10 Kabale-Katuna 24hr'!G12,'26.10 Kabale-Katuna'!G12) -> 0 | H12: =AVERAGE('25.10 Kabale-Katuna 24hr'!H12,'26.10 Kabale-Katuna'!H12) -> 0 | I12: =AVERAGE('25.10 Kabale-Katuna 24hr'!I12,'26.10 Kabale-Katuna'!I12) -> 0.5 | J12: =AVERAGE('25.10 Kabale-Katuna 24hr'!J12,'26.10 Kabale-Katuna'!J12) -> 0 | ... N12: =AVERAGE('25.10 Kabale-Katuna 24hr'!N12,'26.10 Kabale-Katuna'!N12) -> 0 | O12: =SUM(C12:L12,N12) -> 6.5 | P12: =SUM(C12:N12) -> 11 | R12: 0900-1000 | S12: =SUM(C18:C21) -> 11 | T12: =SUM(D18:D21) -> 0.5 | U12: =SUM(E18:E21) -> 1.5 | V12: =SUM(F18:F21) -> 0 | W12: =SUM(G18:G21) -> 1.5 | X12: =SUM(H18:H21) -> 0 | Y12: =SUM(I18:I21) -> 3.5 | Z12: =SUM(J18:J21) -> 0 | ... AF12: =SUM(P18:P21) -> 49.5
B13: 07.45 - 08.00 | C13: =AVERAGE('25.10 Kabale-Katuna 24hr'!C13,'26.10 Kabale-Katuna'!C13) -> 1.5 | D13: =AVERAGE('25.10 Kabale-Katuna 24hr'!D13,'26.10 Kabale-Katuna'!D13) -> 0 | E13: =AVERAGE('25.10 Kabale-Katuna 24hr'!E13,'26.10 Kabale-Katuna'!E13) -> 0 | F13: =AVERAGE('25.10 Kabale-Katuna 24hr'!F13,'26.10 Kabale-Katuna'!F13) -> 0 | G13: =AVERAGE('25.10 Kabale-Katuna 24hr'!G13,'26.10 Kabale-Katuna'!G13) -> 0 | H13: =AVERAGE('25.10 Kabale-Katuna 24hr'!H13,'26.10 Kabale-Katuna'!H13) -> 0 | I13: =AVERAGE('25.10 Kabale-Katuna 24hr'!I13,'26.10 Kabale-Katuna'!I13) -> 0 | J13: =AVERAGE('25.10 Kabale-Katuna 24hr'!J13,'26.10 Kabale-Katuna'!J13) -> 0 | ... N13: =AVERAGE('25.10 Kabale-Katuna 24hr'!N13,'26.10 Kabale-Katuna'!N13) -> 0 | O13: =SUM(C13:L13,N13) -> 1.5 | P13: =SUM(C13:N13) -> 2.5 | R13: 1000-1100 | S13: =SUM(C22:C25) -> 10.5 | T13: =SUM(D22:D25) -> 2 | U13: =SUM(E22:E25) -> 1.5 | V13: =SUM(F22:F25) -> 1.5 | W13: =SUM(G22:G25) -> 0.5 | X13: =SUM(H22:H25) -> 0 | Y13: =SUM(I22:I25) -> 2.5 | Z13: =SUM(J22:J25) -> 0 | ... AF13: =SUM(P22:P25) -> 44
B14: 08.00 - 08.15 | C14: =AVERAGE('25.10 Kabale-Katuna 24hr'!C14,'26.10 Kabale-Katuna'!C14) -> 1 | D14: =AVERAGE('25.10 Kabale-Katuna 24hr'!D14,'26.10 Kabale-Katuna'!D14) -> 0 | E14: =AVERAGE('25.10 Kabale-Katuna 24hr'!E14,'26.10 Kabale-Katuna'!E14) -> 0.5 | F14: =AVERAGE('25.10 Kabale-Katuna 24hr'!F14,'26.10 Kabale-Katuna'!F14) -> 0 | G14: =AVERAGE('25.10 Kabale-Katuna 24hr'!G14,'26.10 Kabale-Katuna'!G14) -> 0 | H14: =AVERAGE('25.10 Kabale-Katuna 24hr'!H14,'26.10 Kabale-Katuna'!H14) -> 0 | I14: =AVERAGE('25.10 Kabale-Katuna 24hr'!I14,'26.10 Kabale-Katuna'!I14) -> 0 | J14: =AVERAGE('25.10 Kabale-Katuna 24hr'!J14,'26.10 Kabale-Katuna'!J14) -> 0.5 | ... N14: =AVERAGE('25.10 Kabale-Katuna 24hr'!N14,'26.10 Kabale-Katuna'!N14) -> 0 | O14: =SUM(C14:L14,N14) -> 2 | P14: =SUM(C14:N14) -> 6.5 | R14: 1100-1200 | S14: =SUM(C26:C29) -> 11.5 | T14: =SUM(D26:D29) -> 3 | U14: =SUM(E26:E29) -> 1 | V14: =SUM(F26:F29) -> 1 | W14: =SUM(G26:G29) -> 0 | X14: =SUM(H26:H29) -> 0.5 | Y14: =SUM(I26:I29) -> 1 | Z14: =SUM(J26:J29) -> 0.5 | ... AF14: =SUM(P26:P29) -> 40.5
B15: 08.15 - 08.30 | C15: =AVERAGE('25.10 Kabale-Katuna 24hr'!C15,'26.10 Kabale-Katuna'!C15) -> 0.5 | D15: =AVERAGE('25.10 Kabale-Katuna 24hr'!D15,'26.10 Kabale-Katuna'!D15) -> 0 | E15: =AVERAGE('25.10 Kabale-Katuna 24hr'!E15,'26.10 Kabale-Katuna'!E15) -> 0.5 | F15: =AVERAGE('25.10 Kabale-Katuna 24hr'!F15,'26.10 Kabale-Katuna'!F15) -> 0 | G15: =AVERAGE('25.10 Kabale-Katuna 24hr'!G15,'26.10 Kabale-Katuna'!G15) -> 0 | H15: =AVERAGE('25.10 Kabale-Katuna 24hr'!H15,'26.10 Kabale-Katuna'!H15) -> 0 | I15: =AVERAGE('25.10 Kabale-Katuna 24hr'!I15,'26.10 Kabale-Katuna'!I15) -> 0.5 | J15: =AVERAGE('25.10 Kabale-Katuna 24hr'!J15,'26.10 Kabale-Katuna'!J15) -> 0 | ... N15: =AVERAGE('25.10 Kabale-Katuna 24hr'!N15,'26.10 Kabale-Katuna'!N15) -> 0 | O15: =SUM(C15:L15,N15) -> 1.5 | P15: =SUM(C15:N15) -> 9.5 | R15: 1200-1300 | S15: =SUM(C30:C33) -> 12.5 | T15: =SUM(D30:D33) -> 1.5 | U15: =SUM(E30:E33) -> 1 | V15: =SUM(F30:F33) -> 0 | W15: =SUM(G30:G33) -> 0 | X15: =SUM(H30:H33) -> 1 | Y15: =SUM(I30:I33) -> 1.5 | Z15: =SUM(J30:J33) -> 1 | ... AF15: =SUM(P30:P33) -> 39
B16: 08.30 - 08.45 | C16: =AVERAGE('25.10 Kabale-Katuna 24hr'!C16,'26.10 Kabale-Katuna'!C16) -> 3.5 | D16: =AVERAGE('25.10 Kabale-Katuna 24hr'!D16,'26.10 Kabale-Katuna'!D16) -> 0 | E16: =AVERAGE('25.10 Kabale-Katuna 24hr'!E16,'26.10 Kabale-Katuna'!E16) -> 0.5 | F16: =AVERAGE('25.10 Kabale-Katuna 24hr'!F16,'26.10 Kabale-Katuna'!F16) -> 0 | G16: =AVERAGE('25.10 Kabale-Katuna 24hr'!G16,'26.10 Kabale-Katuna'!G16) -> 0 | H16: =AVERAGE('25.10 Kabale-Katuna 24hr'!H16,'26.10 Kabale-Katuna'!H16) -> 0.5 | I16: =AVERAGE('25.10 Kabale-Katuna 24hr'!I16,'26.10 Kabale-Katuna'!I16) -> 0 | J16: =AVERAGE('25.10 Kabale-Katuna 24hr'!J16,'26.10 Kabale-Katuna'!J16) -> 0 | ... N16: =AVERAGE('25.10 Kabale-Katuna 24hr'!N16,'26.10 Kabale-Katuna'!N16) -> 0 | O16: =SUM(C16:L16,N16) -> 4.5 | P16: =SUM(C16:N16) -> 13 | R16: 1300-1400 | S16: =SUM(C34:C37) -> 11 | T16: =SUM(D34:D37) -> 2 | U16: =SUM(E34:E37) -> 1.5 | V16: =SUM(F34:F37) -> 0.5 | W16: =SUM(G34:G37) -> 0 | X16: =SUM(H34:H37) -> 0 | Y16: =SUM(I34:I37) -> 2.5 | Z16: =SUM(J34:J37) -> 0 | ... AF16: =SUM(P34:P37) -> 45
B17: 08.45 - 9.00 | C17: =AVERAGE('25.10 Kabale-Katuna 24hr'!C17,'26.10 Kabale-Katuna'!C17) -> 1.5 | D17: =AVERAGE('25.10 Kabale-Katuna 24hr'!D17,'26.10 Kabale-Katuna'!D17) -> 0 | E17: =AVERAGE('25.10 Kabale-Katuna 24hr'!E17,'26.10 Kabale-Katuna'!E17) -> 0 | F17: =AVERAGE('25.10 Kabale-Katuna 24hr'!F17,'26.10 Kabale-Katuna'!F17) -> 0 | G17: =AVERAGE('25.10 Kabale-Katuna 24hr'!G17,'26.10 Kabale-Katuna'!G17) -> 0 | H17: =AVERAGE('25.10 Kabale-Katuna 24hr'!H17,'26.10 Kabale-Katuna'!H17) -> 0 | I17: =AVERAGE('25.10 Kabale-Katuna 24hr'!I17,'26.10 Kabale-Katuna'!I17) -> 0.5 | J17: =AVERAGE('25.10 Kabale-Katuna 24hr'!J17,'26.10 Kabale-Katuna'!J17) -> 0 | ... N17: =AVERAGE('25.10 Kabale-Katuna 24hr'!N17,'26.10 Kabale-Katuna'!N17) -> 0 | O17: =SUM(C17:L17,N17) -> 2 | P17: =SUM(C17:N17) -> 6.5 | R17: 1400-1500 | S17: =SUM(C38:C41) -> 19 | T17: =SUM(D38:D41) -> 1 | U17: =SUM(E38:E41) -> 2.5 | V17: =SUM(F38:F41) -> 1 | W17: =SUM(G38:G41) -> 0 | X17: =SUM(H38:H41) -> 0 | Y17: =SUM(I38:I41) -> 4 | Z17: =SUM(J38:J41) -> 0 | ... AF17: =SUM(P38:P41) -> 44
B18: 09.00 - 09.15 | C18: =AVERAGE('25.10 Kabale-Katuna 24hr'!C18,'26.10 Kabale-Katuna'!C18) -> 2 | D18: =AVERAGE('25.10 Kabale-Katuna 24hr'!D18,'26.10 Kabale-Katuna'!D18) -> 0 | E18: =AVERAGE('25.10 Kabale-Katuna 24hr'!E18,'26.10 Kabale-Katuna'!E18) -> 0 | F18: =AVERAGE('25.10 Kabale-Katuna 24hr'!F18,'26.10 Kabale-Katuna'!F18) -> 0 | G18: =AVERAGE('25.10 Kabale-Katuna 24hr'!G18,'26.10 Kabale-Katuna'!G18) -> 0 | H18: =AVERAGE('25.10 Kabale-Katuna 24hr'!H18,'26.10 Kabale-Katuna'!H18) -> 0 | I18: =AVERAGE('25.10 Kabale-Katuna 24hr'!I18,'26.10 Kabale-Katuna'!I18) -> 0.5 | J18: =AVERAGE('25.10 Kabale-Katuna 24hr'!J18,'26.10 Kabale-Katuna'!J18) -> 0 | ... N18: =AVERAGE('25.10 Kabale-Katuna 24hr'!N18,'26.10 Kabale-Katuna'!N18) -> 0 | O18: =SUM(C18:L18,N18) -> 2.5 | P18: =SUM(C18:N18) -> 9 | R18: 1500-1600 | S18: =SUM(C42:C45) -> 12.5 | T18: =SUM(D42:D45) -> 2 | U18: =SUM(E42:E45) -> 2 | V18: =SUM(F42:F45) -> 2.5 | W18: =SUM(G42:G45) -> 0 | X18: =SUM(H42:H45) -> 0 | Y18: =SUM(I42:I45) -> 1.5 | Z18: =SUM(J42:J45) -> 0 | ... AF18: =SUM(P42:P45) -> 41
B19: 09.15 - 09.30 | C19: =AVERAGE('25.10 Kabale-Katuna 24hr'!C19,'26.10 Kabale-Katuna'!C19) -> 3.5 | D19: =AVERAGE('25.10 Kabale-Katuna 24hr'!D19,'26.10 Kabale-Katuna'!D19) -> 0 | E19: =AVERAGE('25.10 Kabale-Katuna 24hr'!E19,'26.10 Kabale-Katuna'!E19) -> 0 | F19: =AVERAGE('25.10 Kabale-Katuna 24hr'!F19,'26.10 Kabale-Katuna'!F19) -> 0 | G19: =AVERAGE('25.10 Kabale-Katuna 24hr'!G19,'26.10 Kabale-Katuna'!G19) -> 0.5 | H19: =AVERAGE('25.10 Kabale-Katuna 24hr'!H19,'26.10 Kabale-Katuna'!H19) -> 0 | I19: =AVERAGE('25.10 Kabale-Katuna 24hr'!I19,'26.10 Kabale-Katuna'!I19) -> 0.5 | J19: =AVERAGE('25.10 Kabale-Katuna 24hr'!J19,'26.10 Kabale-Katuna'!J19) -> 0 | ... N19: =AVERAGE('25.10 Kabale-Katuna 24hr'!N19,'26.10 Kabale-Katuna'!N19) -> 0 | O19: =SUM(C19:L19,N19) -> 4.5 | P19: =SUM(C19:N19) -> 11.5 | R19: 1600-1700 | S19: =SUM(C46:C49) -> 8.5 | T19: =SUM(D46:D49) -> 1 | U19: =SUM(E46:E49) -> 0 | V19: =SUM(F46:F49) -> 1.5 | W19: =SUM(G46:G49) -> 0 | X19: =SUM(H46:H49) -> 1 | Y19: =SUM(I46:I49) -> 3.5 | Z19: =SUM(J46:J49) -> 0 | ... AF19: =SUM(P46:P49) -> 44.5
B20: 09.30 - 09.45 | C20: =AVERAGE('25.10 Kabale-Katuna 24hr'!C20,'26.10 Kabale-Katuna'!C20) -> 2 | D20: =AVERAGE('25.10 Kabale-Katuna 24hr'!D20,'26.10 Kabale-Katuna'!D20) -> 0.5 | E20: =AVERAGE('25.10 Kabale-Katuna 24hr'!E20,'26.10 Kabale-Katuna'!E20) -> 1 | F20: =AVERAGE('25.10 Kabale-Katuna 24hr'!F20,'26.10 Kabale-Katuna'!F20) -> 0 | G20: =AVERAGE('25.10 Kabale-Katuna 24hr'!G20,'26.10 Kabale-Katuna'!G20) -> 0.5 | H20: =AVERAGE('25.10 Kabale-Katuna 24hr'!H20,'26.10 Kabale-Katuna'!H20) -> 0 | I20: =AVERAGE('25.10 Kabale-Katuna 24hr'!I20,'26.10 Kabale-Katuna'!I20) -> 1.5 | J20: =AVERAGE('25.10 Kabale-Katuna 24hr'!J20,'26.10 Kabale-Katuna'!J20) -> 0 | ... N20: =AVERAGE('25.10 Kabale-Katuna 24hr'!N20,'26.10 Kabale-Katuna'!N20) -> 0 | O20: =SUM(C20:L20,N20) -> 5.5 | P20: =SUM(C20:N20) -> 12 | R20: 1700-1800 | S20: =SUM(C50:C53) -> 13.5 | T20: =SUM(D50:D53) -> 0.5 | U20: =SUM(E50:E53) -> 0 | V20: =SUM(F50:F53) -> 0 | W20: =SUM(G50:G53) -> 0 | X20: =SUM(H50:H53) -> 1 | Y20: =SUM(I50:I53) -> 5 | Z20: =SUM(J50:J53) -> 0 | ... AF20: =SUM(P50:P53) -> 54.5
B21: 09.45 - 10.00 | C21: =AVERAGE('25.10 Kabale-Katuna 24hr'!C21,'26.10 Kabale-Katuna'!C21) -> 3.5 | D21: =AVERAGE('25.10 Kabale-Katuna 24hr'!D21,'26.10 Kabale-Katuna'!D21) -> 0 | E21: =AVERAGE('25.10 Kabale-Katuna 24hr'!E21,'26.10 Kabale-Katuna'!E21) -> 0.5 | F21: =AVERAGE('25.10 Kabale-Katuna 24hr'!F21,'26.10 Kabale-Katuna'!F21) -> 0 | G21: =AVERAGE('25.10 Kabale-Katuna 24hr'!G21,'26.10 Kabale-Katuna'!G21) -> 0.5 | H21: =AVERAGE('25.10 Kabale-Katuna 24hr'!H21,'26.10 Kabale-Katuna'!H21) -> 0 | I21: =AVERAGE('25.10 Kabale-Katuna 24hr'!I21,'26.10 Kabale-Katuna'!I21) -> 1 | J21: =AVERAGE('25.10 Kabale-Katuna 24hr'!J21,'26.10 Kabale-Katuna'!J21) -> 0 | ... N21: =AVERAGE('25.10 Kabale-Katuna 24hr'!N21,'26.10 Kabale-Katuna'!N21) -> 0 | O21: =SUM(C21:L21,N21) -> 5.5 | P21: =SUM(C21:N21) -> 17 | R21: 1800-1900 | S21: =SUM(C54:C57) -> 17 | T21: =SUM(D54:D57) -> 0.5 | U21: =SUM(E54:E57) -> 0.5 | V21: =SUM(F54:F57) -> 0 | W21: =SUM(G54:G57) -> 0 | X21: =SUM(H54:H57) -> 0 | Y21: =SUM(I54:I57) -> 2 | Z21: =SUM(J54:J57) -> 0 | ... AF21: =SUM(P54:P57) -> 42
B22: 10.00 - 10.15 | C22: =AVERAGE('25.10 Kabale-Katuna 24hr'!C22,'26.10 Kabale-Katuna'!C22) -> 3 | D22: =AVERAGE('25.10 Kabale-Katuna 24hr'!D22,'26.10 Kabale-Katuna'!D22) -> 1 | E22: =AVERAGE('25.10 Kabale-Katuna 24hr'!E22,'26.10 Kabale-Katuna'!E22) -> 0.5 | F22: =AVERAGE('25.10 Kabale-Katuna 24hr'!F22,'26.10 Kabale-Katuna'!F22) -> 1 | G22: =AVERAGE('25.10 Kabale-Katuna 24hr'!G22,'26.10 Kabale-Katuna'!G22) -> 0 | H22: =AVERAGE('25.10 Kabale-Katuna 24hr'!H22,'26.10 Kabale-Katuna'!H22) -> 0 | I22: =AVERAGE('25.10 Kabale-Katuna 24hr'!I22,'26.10 Kabale-Katuna'!I22) -> 0.5 | J22: =AVERAGE('25.10 Kabale-Katuna 24hr'!J22,'26.10 Kabale-Katuna'!J22) -> 0 | ... N22: =AVERAGE('25.10 Kabale-Katuna 24hr'!N22,'26.10 Kabale-Katuna'!N22) -> 0 | O22: =SUM(C22:L22,N22) -> 6 | P22: =SUM(C22:N22) -> 14 | R22: 1900-2000 | S22: =SUM(C58:C61) -> 16 | T22: =SUM(D58:D61) -> 1 | U22: =SUM(E58:E61) -> 2 | V22: =SUM(F58:F61) -> 1 | W22: =SUM(G58:G61) -> 0 | X22: =SUM(H58:H61) -> 0 | Y22: =SUM(I58:I61) -> 1 | Z22: =SUM(J58:J61) -> 0 | ... AF22: =SUM(P58:P61) -> 41
B23: 10.15 - 10.30 | C23: =AVERAGE('25.10 Kabale-Katuna 24hr'!C23,'26.10 Kabale-Katuna'!C23) -> 3 | D23: =AVERAGE('25.10 Kabale-Katuna 24hr'!D23,'26.10 Kabale-Katuna'!D23) -> 0 | E23: =AVERAGE('25.10 Kabale-Katuna 24hr'!E23,'26.10 Kabale-Katuna'!E23) -> 0.5 | F23: =AVERAGE('25.10 Kabale-Katuna 24hr'!F23,'26.10 Kabale-Katuna'!F23) -> 0 | G23: =AVERAGE('25.10 Kabale-Katuna 24hr'!G23,'26.10 Kabale-Katuna'!G23) -> 0 | H23: =AVERAGE('25.10 Kabale-Katuna 24hr'!H23,'26.10 Kabale-Katuna'!H23) -> 0 | I23: =AVERAGE('25.10 Kabale-Katuna 24hr'!I23,'26.10 Kabale-Katuna'!I23) -> 1 | J23: =AVERAGE('25.10 Kabale-Katuna 24hr'!J23,'26.10 Kabale-Katuna'!J23) -> 0 | ... N23: =AVERAGE('25.10 Kabale-Katuna 24hr'!N23,'26.10 Kabale-Katuna'!N23) -> 0 | O23: =SUM(C23:L23,N23) -> 4.5 | P23: =SUM(C23:N23) -> 9 | R23: 2000-2100 | S23: =SUM(C62:C65) -> 10 | T23: =SUM(D62:D65) -> 1 | U23: =SUM(E62:E65) -> 0 | V23: =SUM(F62:F65) -> 1 | W23: =SUM(G62:G65) -> 0 | X23: =SUM(H62:H65) -> 0 | Y23: =SUM(I62:I65) -> 2 | Z23: =SUM(J62:J65) -> 0 | ... AF23: =SUM(P62:P65) -> 29
B24: 10.30 - 10.45 | C24: =AVERAGE('25.10 Kabale-Katuna 24hr'!C24,'26.10 Kabale-Katuna'!C24) -> 3.5 | D24: =AVERAGE('25.10 Kabale-Katuna 24hr'!D24,'26.10 Kabale-Katuna'!D24) -> 0.5 | E24: =AVERAGE('25.10 Kabale-Katuna 24hr'!E24,'26.10 Kabale-Katuna'!E24) -> 0 | F24: =AVERAGE('25.10 Kabale-Katuna 24hr'!F24,'26.10 Kabale-Katuna'!F24) -> 0 | G24: =AVERAGE('25.10 Kabale-Katuna 24hr'!G24,'26.10 Kabale-Katuna'!G24) -> 0.5 | H24: =AVERAGE('25.10 Kabale-Katuna 24hr'!H24,'26.10 Kabale-Katuna'!H24) -> 0 | I24: =AVERAGE('25.10 Kabale-Katuna 24hr'!I24,'26.10 Kabale-Katuna'!I24) -> 0.5 | J24: =AVERAGE('25.10 Kabale-Katuna 24hr'!J24,'26.10 Kabale-Katuna'!J24) -> 0 | ... N24: =AVERAGE('25.10 Kabale-Katuna 24hr'!N24,'26.10 Kabale-Katuna'!N24) -> 0 | O24: =SUM(C24:L24,N24) -> 5 | P24: =SUM(C24:N24) -> 12.5 | R24: 2100-2200 | S24: =SUM(C66:C69) -> 6 | T24: =SUM(D66:D69) -> 0 | U24: =SUM(E66:E69) -> 1 | V24: =SUM(F66:F69) -> 1 | W24: =SUM(G66:G69) -> 0 | X24: =SUM(H66:H69) -> 1 | Y24: =SUM(I66:I69) -> 0 | Z24: =SUM(J66:J69) -> 0 | ... AF24: =SUM(P66:P69) -> 14
B25: 10.45 - 11.00 | C25: =AVERAGE('25.10 Kabale-Katuna 24hr'!C25,'26.10 Kabale-Katuna'!C25) -> 1 | D25: =AVERAGE('25.10 Kabale-Katuna 24hr'!D25,'26.10 Kabale-Katuna'!D25) -> 0.5 | E25: =AVERAGE('25.10 Kabale-Katuna 24hr'!E25,'26.10 Kabale-Katuna'!E25) -> 0.5 | F25: =AVERAGE('25.10 Kabale-Katuna 24hr'!F25,'26.10 Kabale-Katuna'!F25) -> 0.5 | G25: =AVERAGE('25.10 Kabale-Katuna 24hr'!G25,'26.10 Kabale-Katuna'!G25) -> 0 | H25: =AVERAGE('25.10 Kabale-Katuna 24hr'!H25,'26.10 Kabale-Katuna'!H25) -> 0 | I25: =AVERAGE('25.10 Kabale-Katuna 24hr'!I25,'26.10 Kabale-Katuna'!I25) -> 0.5 | J25: =AVERAGE('25.10 Kabale-Katuna 24hr'!J25,'26.10 Kabale-Katuna'!J25) -> 0 | ... N25: =AVERAGE('25.10 Kabale-Katuna 24hr'!N25,'26.10 Kabale-Katuna'!N25) -> 0 | O25: =SUM(C25:L25,N25) -> 3 | P25: =SUM(C25:N25) -> 8.5 | R25: 2200-2300 | S25: =SUM(C70:C73) -> 5 | T25: =SUM(D70:D73) -> 1 | U25: =SUM(E70:E73) -> 0 | V25: =SUM(F70:F73) -> 0 | W25: =SUM(G70:G73) -> 0 | X25: =SUM(H70:H73) -> 0 | Y25: =SUM(I70:I73) -> 0 | Z25: =SUM(J70:J73) -> 0 | ... AF25: =SUM(P70:P73) -> 12
B26: 11.00 - 11.15 | C26: =AVERAGE('25.10 Kabale-Katuna 24hr'!C26,'26.10 Kabale-Katuna'!C26) -> 2 | D26: =AVERAGE('25.10 Kabale-Katuna 24hr'!D26,'26.10 Kabale-Katuna'!D26) -> 0.5 | E26: =AVERAGE('25.10 Kabale-Katuna 24hr'!E26,'26.10 Kabale-Katuna'!E26) -> 0.5 | F26: =AVERAGE('25.10 Kabale-Katuna 24hr'!F26,'26.10 Kabale-Katuna'!F26) -> 0 | G26: =AVERAGE('25.10 Kabale-Katuna 24hr'!G26,'26.10 Kabale-Katuna'!G26) -> 0 | H26: =AVERAGE('25.10 Kabale-Katuna 24hr'!H26,'26.10 Kabale-Katuna'!H26) -> 0.5 | I26: =AVERAGE('25.10 Kabale-Katuna 24hr'!I26,'26.10 Kabale-Katuna'!I26) -> 0 | J26: =AVERAGE('25.10 Kabale-Katuna 24hr'!J26,'26.10 Kabale-Katuna'!J26) -> 0 | ... N26: =AVERAGE('25.10 Kabale-Katuna 24hr'!N26,'26.10 Kabale-Katuna'!N26) -> 0 | O26: =SUM(C26:L26,N26) -> 3.5 | P26: =SUM(C26:N26) -> 8.5 | R26: 2300-0000 | S26: =SUM(C74:C77) -> 2 | T26: =SUM(D74:D77) -> 2 | U26: =SUM(E74:E77) -> 0 | V26: =SUM(F74:F77) -> 0 | W26: =SUM(G74:G77) -> 0 | X26: =SUM(H74:H77) -> 0 | Y26: =SUM(I74:I77) -> 1 | Z26: =SUM(J74:J77) -> 0 | ... AF26: =SUM(P74:P77) -> 11
B27: 11.15 - 11.30 | C27: =AVERAGE('25.10 Kabale-Katuna 24hr'!C27,'26.10 Kabale-Katuna'!C27) -> 2 | D27: =AVERAGE('25.10 Kabale-Katuna 24hr'!D27,'26.10 Kabale-Katuna'!D27) -> 0 | E27: =AVERAGE('25.10 Kabale-Katuna 24hr'!E27,'26.10 Kabale-Katuna'!E27) -> 0 | F27: =AVERAGE('25.10 Kabale-Katuna 24hr'!F27,'26.10 Kabale-Katuna'!F27) -> 0.5 | G27: =AVERAGE('25.10 Kabale-Katuna 24hr'!G27,'26.10 Kabale-Katuna'!G27) -> 0 | H27: =AVERAGE('25.10 Kabale-Katuna 24hr'!H27,'26.10 Kabale-Katuna'!H27) -> 0 | I27: =AVERAGE('25.10 Kabale-Katuna 24hr'!I27,'26.10 Kabale-Katuna'!I27) -> 0 | J27: =AVERAGE('25.10 Kabale-Katuna 24hr'!J27,'26.10 Kabale-Katuna'!J27) -> 0 | ... N27: =AVERAGE('25.10 Kabale-Katuna 24hr'!N27,'26.10 Kabale-Katuna'!N27) -> 0 | O27: =SUM(C27:L27,N27) -> 2.5 | P27: =SUM(C27:N27) -> 8 | R27: 0000-0100 | S27: =SUM(C78:C81) -> 5 | T27: =SUM(D78:D81) -> 1 | U27: =SUM(E78:E81) -> 0 | V27: =SUM(F78:F81) -> 0 | W27: =SUM(G78:G81) -> 0 | X27: =SUM(H78:H81) -> 0 | Y27: =SUM(I78:I81) -> 0 | Z27: =SUM(J78:J81) -> 0 | ... AF27: =SUM(P78:P81) -> 15
B28: 11.30 - 11.45 | C28: =AVERAGE('25.10 Kabale-Katuna 24hr'!C28,'26.10 Kabale-Katuna'!C28) -> 3 | D28: =AVERAGE('25.10 Kabale-Katuna 24hr'!D28,'26.10 Kabale-Katuna'!D28) -> 2 | E28: =AVERAGE('25.10 Kabale-Katuna 24hr'!E28,'26.10 Kabale-Katuna'!E28) -> 0.5 | F28: =AVERAGE('25.10 Kabale-Katuna 24hr'!F28,'26.10 Kabale-Katuna'!F28) -> 0.5 | G28: =AVERAGE('25.10 Kabale-Katuna 24hr'!G28,'26.10 Kabale-Katuna'!G28) -> 0 | H28: =AVERAGE('25.10 Kabale-Katuna 24hr'!H28,'26.10 Kabale-Katuna'!H28) -> 0 | I28: =AVERAGE('25.10 Kabale-Katuna 24hr'!I28,'26.10 Kabale-Katuna'!I28) -> 1 | J28: =AVERAGE('25.10 Kabale-Katuna 24hr'!J28,'26.10 Kabale-Katuna'!J28) -> 0 | ... N28: =AVERAGE('25.10 Kabale-Katuna 24hr'!N28,'26.10 Kabale-Katuna'!N28) -> 0 | O28: =SUM(C28:L28,N28) -> 7 | P28: =SUM(C28:N28) -> 14 | R28: 0100-0200 | S28: =SUM(C82:C85) -> 2 | T28: =SUM(D82:D85) -> 0 | U28: =SUM(E82:E85) -> 1 | V28: =SUM(F82:F85) -> 0 | W28: =SUM(G82:G85) -> 0 | X28: =SUM(H82:H85) -> 0 | Y28: =SUM(I82:I85) -> 1 | Z28: =SUM(J82:J85) -> 0 | ... AF28: =SUM(P82:P85) -> 7
B29: 11.45 - 12.00 | C29: =AVERAGE('25.10 Kabale-Katuna 24hr'!C29,'26.10 Kabale-Katuna'!C29) -> 4.5 | D29: =AVERAGE('25.10 Kabale-Katuna 24hr'!D29,'26.10 Kabale-Katuna'!D29) -> 0.5 | E29: =AVERAGE('25.10 Kabale-Katuna 24hr'!E29,'26.10 Kabale-Katuna'!E29) -> 0 | F29: =AVERAGE('25.10 Kabale-Katuna 24hr'!F29,'26.10 Kabale-Katuna'!F29) -> 0 | G29: =AVERAGE('25.10 Kabale-Katuna 24hr'!G29,'26.10 Kabale-Katuna'!G29) -> 0 | H29: =AVERAGE('25.10 Kabale-Katuna 24hr'!H29,'26.10 Kabale-Katuna'!H29) -> 0 | I29: =AVERAGE('25.10 Kabale-Katuna 24hr'!I29,'26.10 Kabale-Katuna'!I29) -> 0 | J29: =AVERAGE('25.10 Kabale-Katuna 24hr'!J29,'26.10 Kabale-Katuna'!J29) -> 0.5 | ... N29: =AVERAGE('25.10 Kabale-Katuna 24hr'!N29,'26.10 Kabale-Katuna'!N29) -> 0 | O29: =SUM(C29:L29,N29) -> 5.5 | P29: =SUM(C29:N29) -> 10 | R29: 0200-0300 | S29: =SUM(C86:C89) -> 1 | T29: =SUM(D86:D89) -> 0 | U29: =SUM(E86:E89) -> 0 | V29: =SUM(F86:F89) -> 0 | W29: =SUM(G86:G89) -> 0 | X29: =SUM(H86:H89) -> 1 | Y29: =SUM(I86:I89) -> 1 | Z29: =SUM(J86:J89) -> 0 | ... AF29: =SUM(P86:P89) -> 3
B30: 12.00 - 12.15 | C30: =AVERAGE('25.10 Kabale-Katuna 24hr'!C30,'26.10 Kabale-Katuna'!C30) -> 3 | D30: =AVERAGE('25.10 Kabale-Katuna 24hr'!D30,'26.10 Kabale-Katuna'!D30) -> 0.5 | E30: =AVERAGE('25.10 Kabale-Katuna 24hr'!E30,'26.10 Kabale-Katuna'!E30) -> 0 | F30: =AVERAGE('25.10 Kabale-Katuna 24hr'!F30,'26.10 Kabale-Katuna'!F30) -> 0 | G30: =AVERAGE('25.10 Kabale-Katuna 24hr'!G30,'26.10 Kabale-Katuna'!G30) -> 0 | H30: =AVERAGE('25.10 Kabale-Katuna 24hr'!H30,'26.10 Kabale-Katuna'!H30) -> 0.5 | I30: =AVERAGE('25.10 Kabale-Katuna 24hr'!I30,'26.10 Kabale-Katuna'!I30) -> 0.5 | J30: =AVERAGE('25.10 Kabale-Katuna 24hr'!J30,'26.10 Kabale-Katuna'!J30) -> 0 | ... N30: =AVERAGE('25.10 Kabale-Katuna 24hr'!N30,'26.10 Kabale-Katuna'!N30) -> 0 | O30: =SUM(C30:L30,N30) -> 4.5 | P30: =SUM(C30:N30) -> 7.5 | R30: 0300-0400 | S30: =SUM(C90:C93) -> 3 | T30: =SUM(D90:D93) -> 0 | U30: =SUM(E90:E93) -> 1 | V30: =SUM(F90:F93) -> 0 | W30: =SUM(G90:G93) -> 0 | X30: =SUM(H90:H93) -> 0 | Y30: =SUM(I90:I93) -> 1 | Z30: =SUM(J90:J93) -> 0 | ... AF30: =SUM(P90:P93) -> 7
B31: 12.15 - 12.30 | C31: =AVERAGE('25.10 Kabale-Katuna 24hr'!C31,'26.10 Kabale-Katuna'!C31) -> 2.5 | D31: =AVERAGE('25.10 Kabale-Katuna 24hr'!D31,'26.10 Kabale-Katuna'!D31) -> 0 | E31: =AVERAGE('25.10 Kabale-Katuna 24hr'!E31,'26.10 Kabale-Katuna'!E31) -> 0.5 | F31: =AVERAGE('25.10 Kabale-Katuna 24hr'!F31,'26.10 Kabale-Katuna'!F31) -> 0 | G31: =AVERAGE('25.10 Kabale-Katuna 24hr'!G31,'26.10 Kabale-Katuna'!G31) -> 0 | H31: =AVERAGE('25.10 Kabale-Katuna 24hr'!H31,'26.10 Kabale-Katuna'!H31) -> 0 | I31: =AVERAGE('25.10 Kabale-Katuna 24hr'!I31,'26.10 Kabale-Katuna'!I31) -> 0 | J31: =AVERAGE('25.10 Kabale-Katuna 24hr'!J31,'26.10 Kabale-Katuna'!J31) -> 0 | ... N31: =AVERAGE('25.10 Kabale-Katuna 24hr'!N31,'26.10 Kabale-Katuna'!N31) -> 0 | O31: =SUM(C31:L31,N31) -> 3 | P31: =SUM(C31:N31) -> 10.5 | R31: 0400-0500 | S31: =SUM(C94:C97) -> 0 | T31: =SUM(D94:D97) -> 0 | U31: =SUM(E94:E97) -> 0 | V31: =SUM(F94:F97) -> 0 | W31: =SUM(G94:G97) -> 0 | X31: =SUM(H94:H97) -> 0 | Y31: =SUM(I94:I97) -> 2 | Z31: =SUM(J94:J97) -> 0 | ... AF31: =SUM(P94:P97) -> 3
B32: 12.30 - 12.45 | C32: =AVERAGE('25.10 Kabale-Katuna 24hr'!C32,'26.10 Kabale-Katuna'!C32) -> 4.5 | D32: =AVERAGE('25.10 Kabale-Katuna 24hr'!D32,'26.10 Kabale-Katuna'!D32) -> 1 | E32: =AVERAGE('25.10 Kabale-Katuna 24hr'!E32,'26.10 Kabale-Katuna'!E32) -> 0.5 | F32: =AVERAGE('25.10 Kabale-Katuna 24hr'!F32,'26.10 Kabale-Katuna'!F32) -> 0 | G32: =AVERAGE('25.10 Kabale-Katuna 24hr'!G32,'26.10 Kabale-Katuna'!G32) -> 0 | H32: =AVERAGE('25.10 Kabale-Katuna 24hr'!H32,'26.10 Kabale-Katuna'!H32) -> 0 | I32: =AVERAGE('25.10 Kabale-Katuna 24hr'!I32,'26.10 Kabale-Katuna'!I32) -> 0.5 | J32: =AVERAGE('25.10 Kabale-Katuna 24hr'!J32,'26.10 Kabale-Katuna'!J32) -> 1 | ... N32: =AVERAGE('25.10 Kabale-Katuna 24hr'!N32,'26.10 Kabale-Katuna'!N32) -> 0 | O32: =SUM(C32:L32,N32) -> 7.5 | P32: =SUM(C32:N32) -> 13.5 | R32: 0500-0600 | S32: =SUM(C98:C101) -> 2 | T32: =SUM(D98:D101) -> 0 | U32: =SUM(E98:E101) -> 0 | V32: =SUM(F98:F101) -> 0 | W32: =SUM(G98:G101) -> 0 | X32: =SUM(H98:H101) -> 0 | Y32: =SUM(I98:I101) -> 1 | Z32: =SUM(J98:J101) -> 0 | ... AF32: =SUM(P98:P101) -> 3
B33: 12.45 - 13.00 | C33: =AVERAGE('25.10 Kabale-Katuna 24hr'!C33,'26.10 Kabale-Katuna'!C33) -> 2.5 | D33: =AVERAGE('25.10 Kabale-Katuna 24hr'!D33,'26.10 Kabale-Katuna'!D33) -> 0 | E33: =AVERAGE('25.10 Kabale-Katuna 24hr'!E33,'26.10 Kabale-Katuna'!E33) -> 0 | F33: =AVERAGE('25.10 Kabale-Katuna 24hr'!F33,'26.10 Kabale-Katuna'!F33) -> 0 | G33: =AVERAGE('25.10 Kabale-Katuna 24hr'!G33,'26.10 Kabale-Katuna'!G33) -> 0 | H33: =AVERAGE('25.10 Kabale-Katuna 24hr'!H33,'26.10 Kabale-Katuna'!H33) -> 0.5 | I33: =AVERAGE('25.10 Kabale-Katuna 24hr'!I33,'26.10 Kabale-Katuna'!I33) -> 0.5 | J33: =AVERAGE('25.10 Kabale-Katuna 24hr'!J33,'26.10 Kabale-Katuna'!J33) -> 0 | ... N33: =AVERAGE('25.10 Kabale-Katuna 24hr'!N33,'26.10 Kabale-Katuna'!N33) -> 0 | O33: =SUM(C33:L33,N33) -> 3.5 | P33: =SUM(C33:N33) -> 7.5 | R33: 0600-0700 | S33: =SUM(C102:C105) -> 2 | T33: =SUM(D102:D105) -> 0 | U33: =SUM(E102:E105) -> 1 | V33: =SUM(F102:F105) -> 0 | W33: =SUM(G102:G105) -> 0 | X33: =SUM(H102:H105) -> 0 | Y33: =SUM(I102:I105) -> 2 | Z33: =SUM(J102:J105) -> 0 | ... AF33: =SUM(P102:P105) -> 6
B34: 13.00 - 13.15 | C34: =AVERAGE('25.10 Kabale-Katuna 24hr'!C34,'26.10 Kabale-Katuna'!C34) -> 2.5 | D34: =AVERAGE('25.10 Kabale-Katuna 24hr'!D34,'26.10 Kabale-Katuna'!D34) -> 0.5 | E34: =AVERAGE('25.10 Kabale-Katuna 24hr'!E34,'26.10 Kabale-Katuna'!E34) -> 0 | F34: =AVERAGE('25.10 Kabale-Katuna 24hr'!F34,'26.10 Kabale-Katuna'!F34) -> 0 | G34: =AVERAGE('25.10 Kabale-Katuna 24hr'!G34,'26.10 Kabale-Katuna'!G34) -> 0 | H34: =AVERAGE('25.10 Kabale-Katuna 24hr'!H34,'26.10 Kabale-Katuna'!H34) -> 0 | I34: =AVERAGE('25.10 Kabale-Katuna 24hr'!I34,'26.10 Kabale-Katuna'!I34) -> 0 | J34: =AVERAGE('25.10 Kabale-Katuna 24hr'!J34,'26.10 Kabale-Katuna'!J34) -> 0 | ... N34: =AVERAGE('25.10 Kabale-Katuna 24hr'!N34,'26.10 Kabale-Katuna'!N34) -> 0 | O34: =SUM(C34:L34,N34) -> 3 | P34: =SUM(C34:N34) -> 10 | R34: AM Peak Hr | S34: =MAX(S10:S12) -> 11 | T34: =MAX(T10:T12) -> 0.5 | U34: =MAX(U10:U12) -> 1.5 | V34: =MAX(V10:V12) -> 1.5 | W34: =MAX(W10:W12) -> 1.5 | X34: =MAX(X10:X12) -> 0.5 | Y34: =MAX(Y10:Y12) -> 3.5 | Z34: =MAX(Z10:Z12) -> 0.5 | ... AF34: =MAX(AF10:AF12) -> 49.5
B35: 13.15 - 13.30 | C35: =AVERAGE('25.10 Kabale-Katuna 24hr'!C35,'26.10 Kabale-Katuna'!C35) -> 4.5 | D35: =AVERAGE('25.10 Kabale-Katuna 24hr'!D35,'26.10 Kabale-Katuna'!D35) -> 1 | E35: =AVERAGE('25.10 Kabale-Katuna 24hr'!E35,'26.10 Kabale-Katuna'!E35) -> 0 | F35: =AVERAGE('25.10 Kabale-Katuna 24hr'!F35,'26.10 Kabale-Katuna'!F35) -> 0 | G35: =AVERAGE('25.10 Kabale-Katuna 24hr'!G35,'26.10 Kabale-Katuna'!G35) -> 0 | H35: =AVERAGE('25.10 Kabale-Katuna 24hr'!H35,'26.10 Kabale-Katuna'!H35) -> 0 | I35: =AVERAGE('25.10 Kabale-Katuna 24hr'!I35,'26.10 Kabale-Katuna'!I35) -> 1 | J35: =AVERAGE('25.10 Kabale-Katuna 24hr'!J35,'26.10 Kabale-Katuna'!J35) -> 0 | ... N35: =AVERAGE('25.10 Kabale-Katuna 24hr'!N35,'26.10 Kabale-Katuna'!N35) -> 0 | O35: =SUM(C35:L35,N35) -> 6.5 | P35: =SUM(C35:N35) -> 13 | R35: IP Peak Hr | S35: =MAX(S13:S18) -> 19 | T35: =MAX(T13:T18) -> 3 | U35: =MAX(U13:U18) -> 2.5 | V35: =MAX(V13:V18) -> 2.5 | W35: =MAX(W13:W18) -> 0.5 | X35: =MAX(X13:X18) -> 1 | Y35: =MAX(Y13:Y18) -> 4 | Z35: =MAX(Z13:Z18) -> 1 | ... AF35: =MAX(AF13:AF18) -> 45
B36: 13.30 - 13.45 | C36: =AVERAGE('25.10 Kabale-Katuna 24hr'!C36,'26.10 Kabale-Katuna'!C36) -> 3.5 | D36: =AVERAGE('25.10 Kabale-Katuna 24hr'!D36,'26.10 Kabale-Katuna'!D36) -> 0 | E36: =AVERAGE('25.10 Kabale-Katuna 24hr'!E36,'26.10 Kabale-Katuna'!E36) -> 0.5 | F36: =AVERAGE('25.10 Kabale-Katuna 24hr'!F36,'26.10 Kabale-Katuna'!F36) -> 0.5 | G36: =AVERAGE('25.10 Kabale-Katuna 24hr'!G36,'26.10 Kabale-Katuna'!G36) -> 0 | H36: =AVERAGE('25.10 Kabale-Katuna 24hr'!H36,'26.10 Kabale-Katuna'!H36) -> 0 | I36: =AVERAGE('25.10 Kabale-Katuna 24hr'!I36,'26.10 Kabale-Katuna'!I36) -> 0.5 | J36: =AVERAGE('25.10 Kabale-Katuna 24hr'!J36,'26.10 Kabale-Katuna'!J36) -> 0 | ... N36: =AVERAGE('25.10 Kabale-Katuna 24hr'!N36,'26.10 Kabale-Katuna'!N36) -> 0 | O36: =SUM(C36:L36,N36) -> 5 | P36: =SUM(C36:N36) -> 15 | R36: PM Peak Hr | S36: =MAX(S19:S21) -> 17 | T36: =MAX(T19:T21) -> 1 | U36: =MAX(U19:U21) -> 0.5 | V36: =MAX(V19:V21) -> 1.5 | W36: =MAX(W19:W21) -> 0 | X36: =MAX(X19:X21) -> 1 | Y36: =MAX(Y19:Y21) -> 5 | Z36: =MAX(Z19:Z21) -> 0 | ... AF36: =MAX(AF19:AF21) -> 54.5
B37: 13.45 - 14.00 | C37: =AVERAGE('25.10 Kabale-Katuna 24hr'!C37,'26.10 Kabale-Katuna'!C37) -> 0.5 | D37: =AVERAGE('25.10 Kabale-Katuna 24hr'!D37,'26.10 Kabale-Katuna'!D37) -> 0.5 | E37: =AVERAGE('25.10 Kabale-Katuna 24hr'!E37,'26.10 Kabale-Katuna'!E37) -> 1 | F37: =AVERAGE('25.10 Kabale-Katuna 24hr'!F37,'26.10 Kabale-Katuna'!F37) -> 0 | G37: =AVERAGE('25.10 Kabale-Katuna 24hr'!G37,'26.10 Kabale-Katuna'!G37) -> 0 | H37: =AVERAGE('25.10 Kabale-Katuna 24hr'!H37,'26.10 Kabale-Katuna'!H37) -> 0 | I37: =AVERAGE('25.10 Kabale-Katuna 24hr'!I37,'26.10 Kabale-Katuna'!I37) -> 1 | J37: =AVERAGE('25.10 Kabale-Katuna 24hr'!J37,'26.10 Kabale-Katuna'!J37) -> 0 | ... N37: =AVERAGE('25.10 Kabale-Katuna 24hr'!N37,'26.10 Kabale-Katuna'!N37) -> 0 | O37: =SUM(C37:L37,N37) -> 3 | P37: =SUM(C37:N37) -> 7 | R37: AM Period | S37: =SUM(S10:S12) -> 27 | T37: =SUM(T10:T12) -> 1 | U37: =SUM(U10:U12) -> 3.5 | V37: =SUM(V10:V12) -> 1.5 | W37: =SUM(W10:W12) -> 2 | X37: =SUM(X10:X12) -> 0.5 | Y37: =SUM(Y10:Y12) -> 6 | Z37: =SUM(Z10:Z12) -> 0.5 | ... AF37: =SUM(AF10:AF12) -> 109.5
B38: 14.00 - 14.15 | C38: =AVERAGE('25.10 Kabale-Katuna 24hr'!C38,'26.10 Kabale-Katuna'!C38) -> 2.5 | D38: =AVERAGE('25.10 Kabale-Katuna 24hr'!D38,'26.10 Kabale-Katuna'!D38) -> 0 | E38: =AVERAGE('25.10 Kabale-Katuna 24hr'!E38,'26.10 Kabale-Katuna'!E38) -> 0.5 | F38: =AVERAGE('25.10 Kabale-Katuna 24hr'!F38,'26.10 Kabale-Katuna'!F38) -> 0.5 | G38: =AVERAGE('25.10 Kabale-Katuna 24hr'!G38,'26.10 Kabale-Katuna'!G38) -> 0 | H38: =AVERAGE('25.10 Kabale-Katuna 24hr'!H38,'26.10 Kabale-Katuna'!H38) -> 0 | I38: =AVERAGE('25.10 Kabale-Katuna 24hr'!I38,'26.10 Kabale-Katuna'!I38) -> 1 | J38: =AVERAGE('25.10 Kabale-Katuna 24hr'!J38,'26.10 Kabale-Katuna'!J38) -> 0 | ... N38: =AVERAGE('25.10 Kabale-Katuna 24hr'!N38,'26.10 Kabale-Katuna'!N38) -> 0 | O38: =SUM(C38:L38,N38) -> 4.5 | P38: =SUM(C38:N38) -> 9 | R38: IP Period | S38: =SUM(S13:S18) -> 77 | T38: =SUM(T13:T18) -> 11.5 | U38: =SUM(U13:U18) -> 9.5 | V38: =SUM(V13:V18) -> 6.5 | W38: =SUM(W13:W18) -> 0.5 | X38: =SUM(X13:X18) -> 1.5 | Y38: =SUM(Y13:Y18) -> 13 | Z38: =SUM(Z13:Z18) -> 1.5 | ... AF38: =SUM(AF13:AF18) -> 253.5
B39: 14.15 - 14.30 | C39: =AVERAGE('25.10 Kabale-Katuna 24hr'!C39,'26.10 Kabale-Katuna'!C39) -> 5.5 | D39: =AVERAGE('25.10 Kabale-Katuna 24hr'!D39,'26.10 Kabale-Katuna'!D39) -> 0.5 | E39: =AVERAGE('25.10 Kabale-Katuna 24hr'!E39,'26.10 Kabale-Katuna'!E39) -> 1 | F39: =AVERAGE('25.10 Kabale-Katuna 24hr'!F39,'26.10 Kabale-Katuna'!F39) -> 0 | G39: =AVERAGE('25.10 Kabale-Katuna 24hr'!G39,'26.10 Kabale-Katuna'!G39) -> 0 | H39: =AVERAGE('25.10 Kabale-Katuna 24hr'!H39,'26.10 Kabale-Katuna'!H39) -> 0 | I39: =AVERAGE('25.10 Kabale-Katuna 24hr'!I39,'26.10 Kabale-Katuna'!I39) -> 0 | J39: =AVERAGE('25.10 Kabale-Katuna 24hr'!J39,'26.10 Kabale-Katuna'!J39) -> 0 | ... N39: =AVERAGE('25.10 Kabale-Katuna 24hr'!N39,'26.10 Kabale-Katuna'!N39) -> 0 | O39: =SUM(C39:L39,N39) -> 7 | P39: =SUM(C39:N39) -> 10.5 | R39: PM Period | S39: =SUM(S19:S21) -> 39 | T39: =SUM(T19:T21) -> 2 | U39: =SUM(U19:U21) -> 0.5 | V39: =SUM(V19:V21) -> 1.5 | W39: =SUM(W19:W21) -> 0 | X39: =SUM(X19:X21) -> 2 | Y39: =SUM(Y19:Y21) -> 10.5 | Z39: =SUM(Z19:Z21) -> 0 | ... AF39: =SUM(AF19:AF21) -> 141
B40: 14.30 - 14.45 | C40: =AVERAGE('25.10 Kabale-Katuna 24hr'!C40,'26.10 Kabale-Katuna'!C40) -> 6.5 | D40: =AVERAGE('25.10 Kabale-Katuna 24hr'!D40,'26.10 Kabale-Katuna'!D40) -> 0 | E40: =AVERAGE('25.10 Kabale-Katuna 24hr'!E40,'26.10 Kabale-Katuna'!E40) -> 0 | F40: =AVERAGE('25.10 Kabale-Katuna 24hr'!F40,'26.10 Kabale-Katuna'!F40) -> 0 | G40: =AVERAGE('25.10 Kabale-Katuna 24hr'!G40,'26.10 Kabale-Katuna'!G40) -> 0 | H40: =AVERAGE('25.10 Kabale-Katuna 24hr'!H40,'26.10 Kabale-Katuna'!H40) -> 0 | I40: =AVERAGE('25.10 Kabale-Katuna 24hr'!I40,'26.10 Kabale-Katuna'!I40) -> 2.5 | J40: =AVERAGE('25.10 Kabale-Katuna 24hr'!J40,'26.10 Kabale-Katuna'!J40) -> 0 | ... N40: =AVERAGE('25.10 Kabale-Katuna 24hr'!N40,'26.10 Kabale-Katuna'!N40) -> 0 | O40: =SUM(C40:L40,N40) -> 9 | P40: =SUM(C40:N40) -> 14.5 | R40: 12 Hours | S40: =SUM(S10:S21) -> 143 | T40: =SUM(T10:T21) -> 14.5 | U40: =SUM(U10:U21) -> 13.5 | V40: =SUM(V10:V21) -> 9.5 | W40: =SUM(W10:W21) -> 2.5 | X40: =SUM(X10:X21) -> 4 | Y40: =SUM(Y10:Y21) -> 29.5 | Z40: =SUM(Z10:Z21) -> 2 | ... AF40: =SUM(AF10:AF21) -> 504
B41: 14.45 - 15.00 | C41: =AVERAGE('25.10 Kabale-Katuna 24hr'!C41,'26.10 Kabale-Katuna'!C41) -> 4.5 | D41: =AVERAGE('25.10 Kabale-Katuna 24hr'!D41,'26.10 Kabale-Katuna'!D41) -> 0.5 | E41: =AVERAGE('25.10 Kabale-Katuna 24hr'!E41,'26.10 Kabale-Katuna'!E41) -> 1 | F41: =AVERAGE('25.10 Kabale-Katuna 24hr'!F41,'26.10 Kabale-Katuna'!F41) -> 0.5 | G41: =AVERAGE('25.10 Kabale-Katuna 24hr'!G41,'26.10 Kabale-Katuna'!G41) -> 0 | H41: =AVERAGE('25.10 Kabale-Katuna 24hr'!H41,'26.10 Kabale-Katuna'!H41) -> 0 | I41: =AVERAGE('25.10 Kabale-Katuna 24hr'!I41,'26.10 Kabale-Katuna'!I41) -> 0.5 | J41: =AVERAGE('25.10 Kabale-Katuna 24hr'!J41,'26.10 Kabale-Katuna'!J41) -> 0 | ... N41: =AVERAGE('25.10 Kabale-Katuna 24hr'!N41,'26.10 Kabale-Katuna'!N41) -> 0 | O41: =SUM(C41:L41,N41) -> 7 | P41: =SUM(C41:N41) -> 10 | R41: 24 Hours | S41: =SUM(S10:S33) -> 197 | T41: =SUM(T10:T33) -> 20.5 | U41: =SUM(U10:U33) -> 19.5 | V41: =SUM(V10:V33) -> 12.5 | W41: =SUM(W10:W33) -> 2.5 | X41: =SUM(X10:X33) -> 6 | Y41: =SUM(Y10:Y33) -> 41.5 | Z41: =SUM(Z10:Z33) -> 2 | ... AF41: =SUM(AF10:AF33) -> 655
B42: 15.00 - 15.15 | C42: =AVERAGE('25.10 Kabale-Katuna 24hr'!C42,'26.10 Kabale-Katuna'!C42) -> 3 | D42: =AVERAGE('25.10 Kabale-Katuna 24hr'!D42,'26.10 Kabale-Katuna'!D42) -> 0.5 | E42: =AVERAGE('25.10 Kabale-Katuna 24hr'!E42,'26.10 Kabale-Katuna'!E42) -> 1 | F42: =AVERAGE('25.10 Kabale-Katuna 24hr'!F42,'26.10 Kabale-Katuna'!F42) -> 1 | G42: =AVERAGE('25.10 Kabale-Katuna 24hr'!G42,'26.10 Kabale-Katuna'!G42) -> 0 | H42: =AVERAGE('25.10 Kabale-Katuna 24hr'!H42,'26.10 Kabale-Katuna'!H42) -> 0 | I42: =AVERAGE('25.10 Kabale-Katuna 24hr'!I42,'26.10 Kabale-Katuna'!I42) -> 0 | J42: =AVERAGE('25.10 Kabale-Katuna 24hr'!J42,'26.10 Kabale-Katuna'!J42) -> 0 | ... N42: =AVERAGE('25.10 Kabale-Katuna 24hr'!N42,'26.10 Kabale-Katuna'!N42) -> 0 | O42: =SUM(C42:L42,N42) -> 5.5 | P42: =SUM(C42:N42) -> 10.5 | R42: NEF | S42: =S41/S40 -> 1.3776224 | T42: =T41/T40 -> 1.4137931 | U42: =U41/U40 -> 1.4444444 | V42: =V41/V40 -> 1.3157895 | W42: =W41/W40 -> 1 | X42: =X41/X40 -> 1.5 | Y42: =Y41/Y40 -> 1.4067797 | Z42: =Z41/Z40 -> 1 | AA42: 0 | AB42: 0 | AC42: =AC41/AC40 -> 1.2381786 | AD42: 0 | AE42: =AE41/AE40 -> 1.3798627 | AF42: =AF41/AF40 -> 1.2996032
B43: 15.15 - 15.30 | C43: =AVERAGE('25.10 Kabale-Katuna 24hr'!C43,'26.10 Kabale-Katuna'!C43) -> 2.5 | D43: =AVERAGE('25.10 Kabale-Katuna 24hr'!D43,'26.10 Kabale-Katuna'!D43) -> 0 | E43: =AVERAGE('25.10 Kabale-Katuna 24hr'!E43,'26.10 Kabale-Katuna'!E43) -> 0 | F43: =AVERAGE('25.10 Kabale-Katuna 24hr'!F43,'26.10 Kabale-Katuna'!F43) -> 0.5 | G43: =AVERAGE('25.10 Kabale-Katuna 24hr'!G43,'26.10 Kabale-Katuna'!G43) -> 0 | H43: =AVERAGE('25.10 Kabale-Katuna 24hr'!H43,'26.10 Kabale-Katuna'!H43) -> 0 | I43: =AVERAGE('25.10 Kabale-Katuna 24hr'!I43,'26.10 Kabale-Katuna'!I43) -> 0.5 | J43: =AVERAGE('25.10 Kabale-Katuna 24hr'!J43,'26.10 Kabale-Katuna'!J43) -> 0 | ... N43: =AVERAGE('25.10 Kabale-Katuna 24hr'!N43,'26.10 Kabale-Katuna'!N43) -> 0 | O43: =SUM(C43:L43,N43) -> 3.5 | P43: =SUM(C43:N43) -> 8
B44: 15.30 - 15.45 | C44: =AVERAGE('25.10 Kabale-Katuna 24hr'!C44,'26.10 Kabale-Katuna'!C44) -> 2 | D44: =AVERAGE('25.10 Kabale-Katuna 24hr'!D44,'26.10 Kabale-Katuna'!D44) -> 1.5 | E44: =AVERAGE('25.10 Kabale-Katuna 24hr'!E44,'26.10 Kabale-Katuna'!E44) -> 0.5 | F44: =AVERAGE('25.10 Kabale-Katuna 24hr'!F44,'26.10 Kabale-Katuna'!F44) -> 1 | G44: =AVERAGE('25.10 Kabale-Katuna 24hr'!G44,'26.10 Kabale-Katuna'!G44) -> 0 | H44: =AVERAGE('25.10 Kabale-Katuna 24hr'!H44,'26.10 Kabale-Katuna'!H44) -> 0 | I44: =AVERAGE('25.10 Kabale-Katuna 24hr'!I44,'26.10 Kabale-Katuna'!I44) -> 0 | J44: =AVERAGE('25.10 Kabale-Katuna 24hr'!J44,'26.10 Kabale-Katuna'!J44) -> 0 | ... N44: =AVERAGE('25.10 Kabale-Katuna 24hr'!N44,'26.10 Kabale-Katuna'!N44) -> 0 | O44: =SUM(C44:L44,N44) -> 5 | P44: =SUM(C44:N44) -> 8.5
B45: 15.45 - 16.00 | C45: =AVERAGE('25.10 Kabale-Katuna 24hr'!C45,'26.10 Kabale-Katuna'!C45) -> 5 | D45: =AVERAGE('25.10 Kabale-Katuna 24hr'!D45,'26.10 Kabale-Katuna'!D45) -> 0 | E45: =AVERAGE('25.10 Kabale-Katuna 24hr'!E45,'26.10 Kabale-Katuna'!E45) -> 0.5 | F45: =AVERAGE('25.10 Kabale-Katuna 24hr'!F45,'26.10 Kabale-Katuna'!F45) -> 0 | G45: =AVERAGE('25.10 Kabale-Katuna 24hr'!G45,'26.10 Kabale-Katuna'!G45) -> 0 | H45: =AVERAGE('25.10 Kabale-Katuna 24hr'!H45,'26.10 Kabale-Katuna'!H45) -> 0 | I45: =AVERAGE('25.10 Kabale-Katuna 24hr'!I45,'26.10 Kabale-Katuna'!I45) -> 1 | J45: =AVERAGE('25.10 Kabale-Katuna 24hr'!J45,'26.10 Kabale-Katuna'!J45) -> 0 | ... N45: =AVERAGE('25.10 Kabale-Katuna 24hr'!N45,'26.10 Kabale-Katuna'!N45) -> 0 | O45: =SUM(C45:L45,N45) -> 6.5 | P45: =SUM(C45:N45) -> 14
B46: 16.00 - 16.15 | C46: =AVERAGE('25.10 Kabale-Katuna 24hr'!C46,'26.10 Kabale-Katuna'!C46) -> 3.5 | D46: =AVERAGE('25.10 Kabale-Katuna 24hr'!D46,'26.10 Kabale-Katuna'!D46) -> 0.5 | E46: =AVERAGE('25.10 Kabale-Katuna 24hr'!E46,'26.10 Kabale-Katuna'!E46) -> 0 | F46: =AVERAGE('25.10 Kabale-Katuna 24hr'!F46,'26.10 Kabale-Katuna'!F46) -> 1 | G46: =AVERAGE('25.10 Kabale-Katuna 24hr'!G46,'26.10 Kabale-Katuna'!G46) -> 0 | H46: =AVERAGE('25.10 Kabale-Katuna 24hr'!H46,'26.10 Kabale-Katuna'!H46) -> 0 | I46: =AVERAGE('25.10 Kabale-Katuna 24hr'!I46,'26.10 Kabale-Katuna'!I46) -> 0 | J46: =AVERAGE('25.10 Kabale-Katuna 24hr'!J46,'26.10 Kabale-Katuna'!J46) -> 0 | ... N46: =AVERAGE('25.10 Kabale-Katuna 24hr'!N46,'26.10 Kabale-Katuna'!N46) -> 0 | O46: =SUM(C46:L46,N46) -> 5 | P46: =SUM(C46:N46) -> 12.5
B47: 16.15 -16.30 | C47: =AVERAGE('25.10 Kabale-Katuna 24hr'!C47,'26.10 Kabale-Katuna'!C47) -> 2 | D47: =AVERAGE('25.10 Kabale-Katuna 24hr'!D47,'26.10 Kabale-Katuna'!D47) -> 0 | E47: =AVERAGE('25.10 Kabale-Katuna 24hr'!E47,'26.10 Kabale-Katuna'!E47) -> 0 | F47: =AVERAGE('25.10 Kabale-Katuna 24hr'!F47,'26.10 Kabale-Katuna'!F47) -> 0.5 | G47: =AVERAGE('25.10 Kabale-Katuna 24hr'!G47,'26.10 Kabale-Katuna'!G47) -> 0 | H47: =AVERAGE('25.10 Kabale-Katuna 24hr'!H47,'26.10 Kabale-Katuna'!H47) -> 0 | I47: =AVERAGE('25.10 Kabale-Katuna 24hr'!I47,'26.10 Kabale-Katuna'!I47) -> 0.5 | J47: =AVERAGE('25.10 Kabale-Katuna 24hr'!J47,'26.10 Kabale-Katuna'!J47) -> 0 | ... N47: =AVERAGE('25.10 Kabale-Katuna 24hr'!N47,'26.10 Kabale-Katuna'!N47) -> 0 | O47: =SUM(C47:L47,N47) -> 3 | P47: =SUM(C47:N47) -> 11
B48: 16.30 -16.45 | C48: =AVERAGE('25.10 Kabale-Katuna 24hr'!C48,'26.10 Kabale-Katuna'!C48) -> 1.5 | D48: =AVERAGE('25.10 Kabale-Katuna 24hr'!D48,'26.10 Kabale-Katuna'!D48) -> 0 | E48: =AVERAGE('25.10 Kabale-Katuna 24hr'!E48,'26.10 Kabale-Katuna'!E48) -> 0 | F48: =AVERAGE('25.10 Kabale-Katuna 24hr'!F48,'26.10 Kabale-Katuna'!F48) -> 0 | G48: =AVERAGE('25.10 Kabale-Katuna 24hr'!G48,'26.10 Kabale-Katuna'!G48) -> 0 | H48: =AVERAGE('25.10 Kabale-Katuna 24hr'!H48,'26.10 Kabale-Katuna'!H48) -> 1 | I48: =AVERAGE('25.10 Kabale-Katuna 24hr'!I48,'26.10 Kabale-Katuna'!I48) -> 0.5 | J48: =AVERAGE('25.10 Kabale-Katuna 24hr'!J48,'26.10 Kabale-Katuna'!J48) -> 0 | ... N48: =AVERAGE('25.10 Kabale-Katuna 24hr'!N48,'26.10 Kabale-Katuna'!N48) -> 0 | O48: =SUM(C48:L48,N48) -> 3 | P48: =SUM(C48:N48) -> 10
B49: 16.45 -17.00 | C49: =AVERAGE('25.10 Kabale-Katuna 24hr'!C49,'26.10 Kabale-Katuna'!C49) -> 1.5 | D49: =AVERAGE('25.10 Kabale-Katuna 24hr'!D49,'26.10 Kabale-Katuna'!D49) -> 0.5 | E49: =AVERAGE('25.10 Kabale-Katuna 24hr'!E49,'26.10 Kabale-Katuna'!E49) -> 0 | F49: =AVERAGE('25.10 Kabale-Katuna 24hr'!F49,'26.10 Kabale-Katuna'!F49) -> 0 | G49: =AVERAGE('25.10 Kabale-Katuna 24hr'!G49,'26.10 Kabale-Katuna'!G49) -> 0 | H49: =AVERAGE('25.10 Kabale-Katuna 24hr'!H49,'26.10 Kabale-Katuna'!H49) -> 0 | I49: =AVERAGE('25.10 Kabale-Katuna 24hr'!I49,'26.10 Kabale-Katuna'!I49) -> 2.5 | J49: =AVERAGE('25.10 Kabale-Katuna 24hr'!J49,'26.10 Kabale-Katuna'!J49) -> 0 | ... N49: =AVERAGE('25.10 Kabale-Katuna 24hr'!N49,'26.10 Kabale-Katuna'!N49) -> 0 | O49: =SUM(C49:L49,N49) -> 4.5 | P49: =SUM(C49:N49) -> 11
B50: 17.00 -17.15 | C50: =AVERAGE('25.10 Kabale-Katuna 24hr'!C50,'26.10 Kabale-Katuna'!C50) -> 3 | D50: =AVERAGE('25.10 Kabale-Katuna 24hr'!D50,'26.10 Kabale-Katuna'!D50) -> 0 | E50: =AVERAGE('25.10 Kabale-Katuna 24hr'!E50,'26.10 Kabale-Katuna'!E50) -> 0 | F50: =AVERAGE('25.10 Kabale-Katuna 24hr'!F50,'26.10 Kabale-Katuna'!F50) -> 0 | G50: =AVERAGE('25.10 Kabale-Katuna 24hr'!G50,'26.10 Kabale-Katuna'!G50) -> 0 | H50: =AVERAGE('25.10 Kabale-Katuna 24hr'!H50,'26.10 Kabale-Katuna'!H50) -> 1 | I50: =AVERAGE('25.10 Kabale-Katuna 24hr'!I50,'26.10 Kabale-Katuna'!I50) -> 2 | J50: =AVERAGE('25.10 Kabale-Katuna 24hr'!J50,'26.10 Kabale-Katuna'!J50) -> 0 | ... N50: =AVERAGE('25.10 Kabale-Katuna 24hr'!N50,'26.10 Kabale-Katuna'!N50) -> 0 | O50: =SUM(C50:L50,N50) -> 6 | P50: =SUM(C50:N50) -> 13.5
B51: 17.15 -17.30 | C51: =AVERAGE('25.10 Kabale-Katuna 24hr'!C51,'26.10 Kabale-Katuna'!C51) -> 1.5 | D51: =AVERAGE('25.10 Kabale-Katuna 24hr'!D51,'26.10 Kabale-Katuna'!D51) -> 0 | E51: =AVERAGE('25.10 Kabale-Katuna 24hr'!E51,'26.10 Kabale-Katuna'!E51) -> 0 | F51: =AVERAGE('25.10 Kabale-Katuna 24hr'!F51,'26.10 Kabale-Katuna'!F51) -> 0 | G51: =AVERAGE('25.10 Kabale-Katuna 24hr'!G51,'26.10 Kabale-Katuna'!G51) -> 0 | H51: =AVERAGE('25.10 Kabale-Katuna 24hr'!H51,'26.10 Kabale-Katuna'!H51) -> 0 | I51: =AVERAGE('25.10 Kabale-Katuna 24hr'!I51,'26.10 Kabale-Katuna'!I51) -> 1 | J51: =AVERAGE('25.10 Kabale-Katuna 24hr'!J51,'26.10 Kabale-Katuna'!J51) -> 0 | ... N51: =AVERAGE('25.10 Kabale-Katuna 24hr'!N51,'26.10 Kabale-Katuna'!N51) -> 0 | O51: =SUM(C51:L51,N51) -> 2.5 | P51: =SUM(C51:N51) -> 12.5
B52: 17.30 -17.45 | C52: =AVERAGE('25.10 Kabale-Katuna 24hr'!C52,'26.10 Kabale-Katuna'!C52) -> 6 | D52: =AVERAGE('25.10 Kabale-Katuna 24hr'!D52,'26.10 Kabale-Katuna'!D52) -> 0.5 | E52: =AVERAGE('25.10 Kabale-Katuna 24hr'!E52,'26.10 Kabale-Katuna'!E52) -> 0 | F52: =AVERAGE('25.10 Kabale-Katuna 24hr'!F52,'26.10 Kabale-Katuna'!F52) -> 0 | G52: =AVERAGE('25.10 Kabale-Katuna 24hr'!G52,'26.10 Kabale-Katuna'!G52) -> 0 | H52: =AVERAGE('25.10 Kabale-Katuna 24hr'!H52,'26.10 Kabale-Katuna'!H52) -> 0 | I52: =AVERAGE('25.10 Kabale-Katuna 24hr'!I52,'26.10 Kabale-Katuna'!I52) -> 1 | J52: =AVERAGE('25.10 Kabale-Katuna 24hr'!J52,'26.10 Kabale-Katuna'!J52) -> 0 | ... N52: =AVERAGE('25.10 Kabale-Katuna 24hr'!N52,'26.10 Kabale-Katuna'!N52) -> 0 | O52: =SUM(C52:L52,N52) -> 7.5 | P52: =SUM(C52:N52) -> 16
B53: 17.45 -18.00 | C53: =AVERAGE('25.10 Kabale-Katuna 24hr'!C53,'26.10 Kabale-Katuna'!C53) -> 3 | D53: =AVERAGE('25.10 Kabale-Katuna 24hr'!D53,'26.10 Kabale-Katuna'!D53) -> 0 | E53: =AVERAGE('25.10 Kabale-Katuna 24hr'!E53,'26.10 Kabale-Katuna'!E53) -> 0 | F53: =AVERAGE('25.10 Kabale-Katuna 24hr'!F53,'26.10 Kabale-Katuna'!F53) -> 0 | G53: =AVERAGE('25.10 Kabale-Katuna 24hr'!G53,'26.10 Kabale-Katuna'!G53) -> 0 | H53: =AVERAGE('25.10 Kabale-Katuna 24hr'!H53,'26.10 Kabale-Katuna'!H53) -> 0 | I53: =AVERAGE('25.10 Kabale-Katuna 24hr'!I53,'26.10 Kabale-Katuna'!I53) -> 1 | J53: =AVERAGE('25.10 Kabale-Katuna 24hr'!J53,'26.10 Kabale-Katuna'!J53) -> 0 | ... N53: =AVERAGE('25.10 Kabale-Katuna 24hr'!N53,'26.10 Kabale-Katuna'!N53) -> 0 | O53: =SUM(C53:L53,N53) -> 4 | P53: =SUM(C53:N53) -> 12.5
B54: 18.00 - 18.15 | C54: =AVERAGE('25.10 Kabale-Katuna 24hr'!C54,'26.10 Kabale-Katuna'!C54) -> 4 | D54: =AVERAGE('25.10 Kabale-Katuna 24hr'!D54,'26.10 Kabale-Katuna'!D54) -> 0.5 | E54: =AVERAGE('25.10 Kabale-Katuna 24hr'!E54,'26.10 Kabale-Katuna'!E54) -> 0 | F54: =AVERAGE('25.10 Kabale-Katuna 24hr'!F54,'26.10 Kabale-Katuna'!F54) -> 0 | G54: =AVERAGE('25.10 Kabale-Katuna 24hr'!G54,'26.10 Kabale-Katuna'!G54) -> 0 | H54: =AVERAGE('25.10 Kabale-Katuna 24hr'!H54,'26.10 Kabale-Katuna'!H54) -> 0 | I54: =AVERAGE('25.10 Kabale-Katuna 24hr'!I54,'26.10 Kabale-Katuna'!I54) -> 1 | J54: =AVERAGE('25.10 Kabale-Katuna 24hr'!J54,'26.10 Kabale-Katuna'!J54) -> 0 | ... N54: =AVERAGE('25.10 Kabale-Katuna 24hr'!N54,'26.10 Kabale-Katuna'!N54) -> 0 | O54: =SUM(C54:L54,N54) -> 5.5 | P54: =SUM(C54:N54) -> 11.5
... B57: 18.45 - 19.00 | C57: =AVERAGE('25.10 Kabale-Katuna 24hr'!C57,'26.10 Kabale-Katuna'!C57) -> 4.5 | D57: =AVERAGE('25.10 Kabale-Katuna 24hr'!D57,'26.10 Kabale-Katuna'!D57) -> 0 | E57: =AVERAGE('25.10 Kabale-Katuna 24hr'!E57,'26.10 Kabale-Katuna'!E57) -> 0.5 | F57: =AVERAGE('25.10 Kabale-Katuna 24hr'!F57,'26.10 Kabale-Katuna'!F57) -> 0 | G57: =AVERAGE('25.10 Kabale-Katuna 24hr'!G57,'26.10 Kabale-Katuna'!G57) -> 0 | H57: =AVERAGE('25.10 Kabale-Katuna 24hr'!H57,'26.10 Kabale-Katuna'!H57) -> 0 | I57: =AVERAGE('25.10 Kabale-Katuna 24hr'!I57,'26.10 Kabale-Katuna'!I57) -> 0.5 | J57: =AVERAGE('25.10 Kabale-Katuna 24hr'!J57,'26.10 Kabale-Katuna'!J57) -> 0 | ... N57: =AVERAGE('25.10 Kabale-Katuna 24hr'!N57,'26.10 Kabale-Katuna'!N57) -> 0 | O57: =SUM(C57:L57,N57) -> 5.5 | P57: =SUM(C57:N57) -> 10
B58: 19.00 - 19.15 | C58: =AVERAGE('25.10 Kabale-Katuna 24hr'!C58) -> 2 | D58: =AVERAGE('25.10 Kabale-Katuna 24hr'!D58) -> 0 | E58: =AVERAGE('25.10 Kabale-Katuna 24hr'!E58) -> 0 | F58: =AVERAGE('25.10 Kabale-Katuna 24hr'!F58) -> 0 | G58: =AVERAGE('25.10 Kabale-Katuna 24hr'!G58) -> 0 | H58: =AVERAGE('25.10 Kabale-Katuna 24hr'!H58) -> 0 | I58: =AVERAGE('25.10 Kabale-Katuna 24hr'!I58) -> 0 | J58: =AVERAGE('25.10 Kabale-Katuna 24hr'!J58) -> 0 | ... N58: =AVERAGE('25.10 Kabale-Katuna 24hr'!N58) -> 0 | O58: =SUM(C58:L58,N58) -> 2 | P58: =SUM(C58:N58) -> 8
B59: 19.15 - 19.30 | C59: =AVERAGE('25.10 Kabale-Katuna 24hr'!C59) -> 3 | D59: =AVERAGE('25.10 Kabale-Katuna 24hr'!D59) -> 0 | E59: =AVERAGE('25.10 Kabale-Katuna 24hr'!E59) -> 0 | F59: =AVERAGE('25.10 Kabale-Katuna 24hr'!F59) -> 0 | G59: =AVERAGE('25.10 Kabale-Katuna 24hr'!G59) -> 0 | H59: =AVERAGE('25.10 Kabale-Katuna 24hr'!H59) -> 0 | I59: =AVERAGE('25.10 Kabale-Katuna 24hr'!I59) -> 1 | J59: =AVERAGE('25.10 Kabale-Katuna 24hr'!J59) -> 0 | ... N59: =AVERAGE('25.10 Kabale-Katuna 24hr'!N59) -> 0 | O59: =SUM(C59:L59,N59) -> 4 | P59: =SUM(C59:N59) -> 7
B60: 19.30 - 19.45 | C60: =AVERAGE('25.10 Kabale-Katuna 24hr'!C60) -> 6 | D60: =AVERAGE('25.10 Kabale-Katuna 24hr'!D60) -> 0 | E60: =AVERAGE('25.10 Kabale-Katuna 24hr'!E60) -> 2 | F60: =AVERAGE('25.10 Kabale-Katuna 24hr'!F60) -> 1 | G60: =AVERAGE('25.10 Kabale-Katuna 24hr'!G60) -> 0 | H60: =AVERAGE('25.10 Kabale-Katuna 24hr'!H60) -> 0 | I60: =AVERAGE('25.10 Kabale-Katuna 24hr'!I60) -> 0 | J60: =AVERAGE('25.10 Kabale-Katuna 24hr'!J60) -> 0 | ... N60: =AVERAGE('25.10 Kabale-Katuna 24hr'!N60) -> 0 | O60: =SUM(C60:L60,N60) -> 9 | P60: =SUM(C60:N60) -> 14
B61: 19.45 - 20.00 | C61: =AVERAGE('25.10 Kabale-Katuna 24hr'!C61) -> 5 | D61: =AVERAGE('25.10 Kabale-Katuna 24hr'!D61) -> 1 | E61: =AVERAGE('25.10 Kabale-Katuna 24hr'!E61) -> 0 | F61: =AVERAGE('25.10 Kabale-Katuna 24hr'!F61) -> 0 | G61: =AVERAGE('25.10 Kabale-Katuna 24hr'!G61) -> 0 | H61: =AVERAGE('25.10 Kabale-Katuna 24hr'!H61) -> 0 | I61: =AVERAGE('25.10 Kabale-Katuna 24hr'!I61) -> 0 | J61: =AVERAGE('25.10 Kabale-Katuna 24hr'!J61) -> 0 | ... N61: =AVERAGE('25.10 Kabale-Katuna 24hr'!N61) -> 0 | O61: =SUM(C61:L61,N61) -> 6 | P61: =SUM(C61:N61) -> 12
B62: 20.00 - 20.15 | C62: =AVERAGE('25.10 Kabale-Katuna 24hr'!C62) -> 2 | D62: =AVERAGE('25.10 Kabale-Katuna 24hr'!D62) -> 0 | E62: =AVERAGE('25.10 Kabale-Katuna 24hr'!E62) -> 0 | F62: =AVERAGE('25.10 Kabale-Katuna 24hr'!F62) -> 1 | G62: =AVERAGE('25.10 Kabale-Katuna 24hr'!G62) -> 0 | H62: =AVERAGE('25.10 Kabale-Katuna 24hr'!H62) -> 0 | I62: =AVERAGE('25.10 Kabale-Katuna 24hr'!I62) -> 0 | J62: =AVERAGE('25.10 Kabale-Katuna 24hr'!J62) -> 0 | ... N62: =AVERAGE('25.10 Kabale-Katuna 24hr'!N62) -> 0 | O62: =SUM(C62:L62,N62) -> 3 | P62: =SUM(C62:N62) -> 7
B63: 20.15 - 20.30 | C63: =AVERAGE('25.10 Kabale-Katuna 24hr'!C63) -> 4 | D63: =AVERAGE('25.10 Kabale-Katuna 24hr'!D63) -> 0 | E63: =AVERAGE('25.10 Kabale-Katuna 24hr'!E63) -> 0 | F63: =AVERAGE('25.10 Kabale-Katuna 24hr'!F63) -> 0 | G63: =AVERAGE('25.10 Kabale-Katuna 24hr'!G63) -> 0 | H63: =AVERAGE('25.10 Kabale-Katuna 24hr'!H63) -> 0 | I63: =AVERAGE('25.10 Kabale-Katuna 24hr'!I63) -> 0 | J63: =AVERAGE('25.10 Kabale-Katuna 24hr'!J63) -> 0 | ... N63: =AVERAGE('25.10 Kabale-Katuna 24hr'!N63) -> 0 | O63: =SUM(C63:L63,N63) -> 4 | P63: =SUM(C63:N63) -> 7
B64: 20.30 - 20.45 | C64: =AVERAGE('25.10 Kabale-Katuna 24hr'!C64) -> 3 | D64: =AVERAGE('25.10 Kabale-Katuna 24hr'!D64) -> 1 | E64: =AVERAGE('25.10 Kabale-Katuna 24hr'!E64) -> 0 | F64: =AVERAGE('25.10 Kabale-Katuna 24hr'!F64) -> 0 | G64: =AVERAGE('25.10 Kabale-Katuna 24hr'!G64) -> 0 | H64: =AVERAGE('25.10 Kabale-Katuna 24hr'!H64) -> 0 | I64: =AVERAGE('25.10 Kabale-Katuna 24hr'!I64) -> 1 | J64: =AVERAGE('25.10 Kabale-Katuna 24hr'!J64) -> 0 | ... N64: =AVERAGE('25.10 Kabale-Katuna 24hr'!N64) -> 0 | O64: =SUM(C64:L64,N64) -> 5 | P64: =SUM(C64:N64) -> 9
B65: 20.45 - 21.00 | C65: =AVERAGE('25.10 Kabale-Katuna 24hr'!C65) -> 1 | D65: =AVERAGE('25.10 Kabale-Katuna 24hr'!D65) -> 0 | E65: =AVERAGE('25.10 Kabale-Katuna 24hr'!E65) -> 0 | F65: =AVERAGE('25.10 Kabale-Katuna 24hr'!F65) -> 0 | G65: =AVERAGE('25.10 Kabale-Katuna 24hr'!G65) -> 0 | H65: =AVERAGE('25.10 Kabale-Katuna 24hr'!H65) -> 0 | I65: =AVERAGE('25.10 Kabale-Katuna 24hr'!I65) -> 1 | J65: =AVERAGE('25.10 Kabale-Katuna 24hr'!J65) -> 0 | ... N65: =AVERAGE('25.10 Kabale-Katuna 24hr'!N65) -> 0 | O65: =SUM(C65:L65,N65) -> 2 | P65: =SUM(C65:N65) -> 6
B66: 21.00 - 21.15 | C66: =AVERAGE('25.10 Kabale-Katuna 24hr'!C66) -> 2 | D66: =AVERAGE('25.10 Kabale-Katuna 24hr'!D66) -> 0 | E66: =AVERAGE('25.10 Kabale-Katuna 24hr'!E66) -> 0 | F66: =AVERAGE('25.10 Kabale-Katuna 24hr'!F66) -> 0 | G66: =AVERAGE('25.10 Kabale-Katuna 24hr'!G66) -> 0 | H66: =AVERAGE('25.10 Kabale-Katuna 24hr'!H66) -> 0 | I66: =AVERAGE('25.10 Kabale-Katuna 24hr'!I66) -> 0 | J66: =AVERAGE('25.10 Kabale-Katuna 24hr'!J66) -> 0 | ... N66: =AVERAGE('25.10 Kabale-Katuna 24hr'!N66) -> 0 | O66: =SUM(C66:L66,N66) -> 2 | P66: =SUM(C66:N66) -> 7
B67: 21.15 - 21.30 | C67: =AVERAGE('25.10 Kabale-Katuna 24hr'!C67) -> 1 | D67: =AVERAGE('25.10 Kabale-Katuna 24hr'!D67) -> 0 | E67: =AVERAGE('25.10 Kabale-Katuna 24hr'!E67) -> 0 | F67: =AVERAGE('25.10 Kabale-Katuna 24hr'!F67) -> 1 | G67: =AVERAGE('25.10 Kabale-Katuna 24hr'!G67) -> 0 | H67: =AVERAGE('25.10 Kabale-Katuna 24hr'!H67) -> 1 | I67: =AVERAGE('25.10 Kabale-Katuna 24hr'!I67) -> 0 | J67: =AVERAGE('25.10 Kabale-Katuna 24hr'!J67) -> 0 | ... N67: =AVERAGE('25.10 Kabale-Katuna 24hr'!N67) -> 0 | O67: =SUM(C67:L67,N67) -> 3 | P67: =SUM(C67:N67) -> 3
B68: 21.30 - 21.45 | C68: =AVERAGE('25.10 Kabale-Katuna 24hr'!C68) -> 2 | D68: =AVERAGE('25.10 Kabale-Katuna 24hr'!D68) -> 0 | E68: =AVERAGE('25.10 Kabale-Katuna 24hr'!E68) -> 1 | F68: =AVERAGE('25.10 Kabale-Katuna 24hr'!F68) -> 0 | G68: =AVERAGE('25.10 Kabale-Katuna 24hr'!G68) -> 0 | H68: =AVERAGE('25.10 Kabale-Katuna 24hr'!H68) -> 0 | I68: =AVERAGE('25.10 Kabale-Katuna 24hr'!I68) -> 0 | J68: =AVERAGE('25.10 Kabale-Katuna 24hr'!J68) -> 0 | ... N68: =AVERAGE('25.10 Kabale-Katuna 24hr'!N68) -> 0 | O68: =SUM(C68:L68,N68) -> 3 | P68: =SUM(C68:N68) -> 3
B69: 21.45 - 22.00 | C69: =AVERAGE('25.10 Kabale-Katuna 24hr'!C69) -> 1 | D69: =AVERAGE('25.10 Kabale-Katuna 24hr'!D69) -> 0 | E69: =AVERAGE('25.10 Kabale-Katuna 24hr'!E69) -> 0 | F69: =AVERAGE('25.10 Kabale-Katuna 24hr'!F69) -> 0 | G69: =AVERAGE('25.10 Kabale-Katuna 24hr'!G69) -> 0 | H69: =AVERAGE('25.10 Kabale-Katuna 24hr'!H69) -> 0 | I69: =AVERAGE('25.10 Kabale-Katuna 24hr'!I69) -> 0 | J69: =AVERAGE('25.10 Kabale-Katuna 24hr'!J69) -> 0 | ... N69: =AVERAGE('25.10 Kabale-Katuna 24hr'!N69) -> 0 | O69: =SUM(C69:L69,N69) -> 1 | P69: =SUM(C69:N69) -> 1
... B105: 06.45 - 07.00 | C105: =AVERAGE('25.10 Kabale-Katuna 24hr'!C105) -> 2 | D105: =AVERAGE('25.10 Kabale-Katuna 24hr'!D105) -> 0 | E105: =AVERAGE('25.10 Kabale-Katuna 24hr'!E105) -> 1 | F105: =AVERAGE('25.10 Kabale-Katuna 24hr'!F105) -> 0 | G105: =AVERAGE('25.10 Kabale-Katuna 24hr'!G105) -> 0 | H105: =AVERAGE('25.10 Kabale-Katuna 24hr'!H105) -> 0 | I105: =AVERAGE('25.10 Kabale-Katuna 24hr'!I105) -> 0 | J105: =AVERAGE('25.10 Kabale-Katuna 24hr'!J105) -> 0 | ... N105: =AVERAGE('25.10 Kabale-Katuna 24hr'!N105) -> 0 | O105: =SUM(C105:L105,N105) -> 3 | P105: =SUM(C105:N105) -> 3
B106: Totals | C106: =SUM(C10:C105) -> 197 | D106: =SUM(D10:D105) -> 20.5 | E106: =SUM(E10:E105) -> 19.5 | F106: =SUM(F10:F105) -> 12.5 | G106: =SUM(G10:G105) -> 2.5 | H106: =SUM(H10:H105) -> 6 | I106: =SUM(I10:I105) -> 41.5 | J106: =SUM(J10:J105) -> 2 | ... P106: =SUM(P10:P105) -> 655
B107: %ges + MCs | C107: =C106/$P$106 -> 0.30076336 | D107: =D106/$P$106 -> 0.03129771 | E107: =E106/$P$106 -> 0.029770992 | F107: =F106/$P$106 -> 0.019083969 | G107: =G106/$P$106 -> 0.0038167939 | H107: =H106/$P$106 -> 0.0091603053 | I107: =I106/$P$106 -> 0.063358779 | J107: =J106/$P$106 -> 0.0030534351 | ... N107: =N106/$P$106 -> 0
B108: %ges w/o MCs | C108: =C106/$O$106 -> 0.65339967 | D108: =D106/$O$106 -> 0.067993367 | E108: =E106/$O$106 -> 0.064676617 | F108: =F106/$O$106 -> 0.04145937 | G108: =G106/$O$106 -> 0.008291874 | H108: =H106/$O$106 -> 0.019900498 | I108: =I106/$O$106 -> 0.13764511 | J108: =J106/$O$106 -> 0.0066334992 | ... L108: =L106/$O$106 -> 0 | N108: =N106/$O$106 -> 0

Sheet Avg Week Kabale-Katuna-2Dir
B1: Consultancy services for Preparation of Expressway Development Master Plan (EDMP) for Uganda
B2: MANUAL CLASSIFIED COUNT (MCC)
B3: ROAD NAME: | C3: =#REF! -> #REF!
C5: Date | D5: AVERAGE WEEK | F5: Location | G5: XXXXXXX | J5: Surveyor | K5: XXXXXX
C6: Dir. From | D6: BOTH DIRECTIONS | F6: Dir. To | G6: BOTH DIRECTIONS | J6: Supervisor | K6: ='Avg Week Kabale-Katuna'!K6:L6 -> XXXXXX
B8: Time / Veh Type | R8: SUMMARY TRAFFIC VOLUMES
C9: 1. Car | D9: 2. Station Wagon | E9: 3. Pickups | F9: 4. Minibus, matatu | G9: 5. Medium bus | H9: 6. Large Bus | I9: 7. Light Truck | J9: 8. Medium Truck | K9: 9. Heavy truck | L9: 10. Truck Trailer | M9: 11. Motor cycles | N9: 12. Tractors | O9: Total Excl M/Cycles | P9: Total All | R9: Time | S9: 1. Car | T9: 2. Station Wagon | U9: 3. Pickups | V9: 4. Minibus, matatu | W9: 5. Medium bus | X9: 6. Large Bus | Y9: 7. Light Truck | Z9: 8. Medium Truck | AA9: 9. Heavy truck | AB9: 10. Truck Trailer | AC9: 11. Motorcycles | AD9: 12. Tractors, Graders | AE9: Total Excl M/ Cycles | AF9: Total All
B10: 07.00 - 07.15 | C10: ='Avg Week Katuna-Kabale'!C10+'Avg Week Kabale-Katuna'!C10 -> 1.5 | D10: ='Avg Week Katuna-Kabale'!D10+'Avg Week Kabale-Katuna'!D10 -> 0 | E10: ='Avg Week Katuna-Kabale'!E10+'Avg Week Kabale-Katuna'!E10 -> 0.5 | F10: ='Avg Week Katuna-Kabale'!F10+'Avg Week Kabale-Katuna'!F10 -> 0 | G10: ='Avg Week Katuna-Kabale'!G10+'Avg Week Kabale-Katuna'!G10 -> 0.5 | H10: ='Avg Week Katuna-Kabale'!H10+'Avg Week Kabale-Katuna'!H10 -> 0 | I10: ='Avg Week Katuna-Kabale'!I10+'Avg Week Kabale-Katuna'!I10 -> 0 | J10: ='Avg Week Katuna-Kabale'!J10+'Avg Week Kabale-Katuna'!J10 -> 0 | ... N10: ='Avg Week Katuna-Kabale'!N10+'Avg Week Kabale-Katuna'!N10 -> 0 | O10: =SUM(C10:L10,N10) -> 2.5 | P10: =SUM(C10:N10) -> 7.5 | R10: 0700-0800 | S10: =SUM(C10:C13) -> 13.5 | T10: =SUM(D10:D13) -> 1 | U10: =SUM(E10:E13) -> 0.5 | V10: =SUM(F10:F13) -> 1.5 | W10: =SUM(G10:G13) -> 0.5 | X10: =SUM(H10:H13) -> 0 | Y10: =SUM(I10:I13) -> 1.5 | Z10: =SUM(J10:J13) -> 0 | ... AF10: =SUM(P10:P13) -> 38
B11: 07.15 - 07.30 | C11: ='Avg Week Katuna-Kabale'!C11+'Avg Week Kabale-Katuna'!C11 -> 3.5 | D11: ='Avg Week Katuna-Kabale'!D11+'Avg Week Kabale-Katuna'!D11 -> 0.5 | E11: ='Avg Week Katuna-Kabale'!E11+'Avg Week Kabale-Katuna'!E11 -> 0 | F11: ='Avg Week Katuna-Kabale'!F11+'Avg Week Kabale-Katuna'!F11 -> 0 | G11: ='Avg Week Katuna-Kabale'!G11+'Avg Week Kabale-Katuna'!G11 -> 0 | H11: ='Avg Week Katuna-Kabale'!H11+'Avg Week Kabale-Katuna'!H11 -> 0 | I11: ='Avg Week Katuna-Kabale'!I11+'Avg Week Kabale-Katuna'!I11 -> 1 | J11: ='Avg Week Katuna-Kabale'!J11+'Avg Week Kabale-Katuna'!J11 -> 0 | ... N11: ='Avg Week Katuna-Kabale'!N11+'Avg Week Kabale-Katuna'!N11 -> 0 | O11: =SUM(C11:L11,N11) -> 5 | P11: =SUM(C11:N11) -> 8 | R11: 0800-0900 | S11: =SUM(C14:C17) -> 21.5 | T11: =SUM(D14:D17) -> 1.5 | U11: =SUM(E14:E17) -> 2.5 | V11: =SUM(F14:F17) -> 0.5 | W11: =SUM(G14:G17) -> 0 | X11: =SUM(H14:H17) -> 0.5 | Y11: =SUM(I14:I17) -> 3 | Z11: =SUM(J14:J17) -> 0.5 | ... AF11: =SUM(P14:P17) -> 73
B12: 07.30 - 07.45 | C12: ='Avg Week Katuna-Kabale'!C12+'Avg Week Kabale-Katuna'!C12 -> 6 | D12: ='Avg Week Katuna-Kabale'!D12+'Avg Week Kabale-Katuna'!D12 -> 0 | E12: ='Avg Week Katuna-Kabale'!E12+'Avg Week Kabale-Katuna'!E12 -> 0 | F12: ='Avg Week Katuna-Kabale'!F12+'Avg Week Kabale-Katuna'!F12 -> 1.5 | G12: ='Avg Week Katuna-Kabale'!G12+'Avg Week Kabale-Katuna'!G12 -> 0 | H12: ='Avg Week Katuna-Kabale'!H12+'Avg Week Kabale-Katuna'!H12 -> 0 | I12: ='Avg Week Katuna-Kabale'!I12+'Avg Week Kabale-Katuna'!I12 -> 0.5 | J12: ='Avg Week Katuna-Kabale'!J12+'Avg Week Kabale-Katuna'!J12 -> 0 | ... N12: ='Avg Week Katuna-Kabale'!N12+'Avg Week Kabale-Katuna'!N12 -> 0 | O12: =SUM(C12:L12,N12) -> 8 | P12: =SUM(C12:N12) -> 15 | R12: 0900-1000 | S12: =SUM(C18:C21) -> 24 | T12: =SUM(D18:D21) -> 1 | U12: =SUM(E18:E21) -> 4.5 | V12: =SUM(F18:F21) -> 0.5 | W12: =SUM(G18:G21) -> 1.5 | X12: =SUM(H18:H21) -> 0 | Y12: =SUM(I18:I21) -> 7.5 | Z12: =SUM(J18:J21) -> 0 | ... AF12: =SUM(P18:P21) -> 94.5
B13: 07.45 - 08.00 | C13: ='Avg Week Katuna-Kabale'!C13+'Avg Week Kabale-Katuna'!C13 -> 2.5 | D13: ='Avg Week Katuna-Kabale'!D13+'Avg Week Kabale-Katuna'!D13 -> 0.5 | E13: ='Avg Week Katuna-Kabale'!E13+'Avg Week Kabale-Katuna'!E13 -> 0 | F13: ='Avg Week Katuna-Kabale'!F13+'Avg Week Kabale-Katuna'!F13 -> 0 | G13: ='Avg Week Katuna-Kabale'!G13+'Avg Week Kabale-Katuna'!G13 -> 0 | H13: ='Avg Week Katuna-Kabale'!H13+'Avg Week Kabale-Katuna'!H13 -> 0 | I13: ='Avg Week Katuna-Kabale'!I13+'Avg Week Kabale-Katuna'!I13 -> 0 | J13: ='Avg Week Katuna-Kabale'!J13+'Avg Week Kabale-Katuna'!J13 -> 0 | ... N13: ='Avg Week Katuna-Kabale'!N13+'Avg Week Kabale-Katuna'!N13 -> 0 | O13: =SUM(C13:L13,N13) -> 3 | P13: =SUM(C13:N13) -> 7.5 | R13: 1000-1100 | S13: =SUM(C22:C25) -> 29.5 | T13: =SUM(D22:D25) -> 2.5 | U13: =SUM(E22:E25) -> 2.5 | V13: =SUM(F22:F25) -> 2 | W13: =SUM(G22:G25) -> 0.5 | X13: =SUM(H22:H25) -> 0 | Y13: =SUM(I22:I25) -> 7.5 | Z13: =SUM(J22:J25) -> 0 | ... AF13: =SUM(P22:P25) -> 98.5
B14: 08.00 - 08.15 | C14: ='Avg Week Katuna-Kabale'!C14+'Avg Week Kabale-Katuna'!C14 -> 4.5 | D14: ='Avg Week Katuna-Kabale'!D14+'Avg Week Kabale-Katuna'!D14 -> 0 | E14: ='Avg Week Katuna-Kabale'!E14+'Avg Week Kabale-Katuna'!E14 -> 1 | F14: ='Avg Week Katuna-Kabale'!F14+'Avg Week Kabale-Katuna'!F14 -> 0 | G14: ='Avg Week Katuna-Kabale'!G14+'Avg Week Kabale-Katuna'!G14 -> 0 | H14: ='Avg Week Katuna-Kabale'!H14+'Avg Week Kabale-Katuna'!H14 -> 0 | I14: ='Avg Week Katuna-Kabale'!I14+'Avg Week Kabale-Katuna'!I14 -> 0 | J14: ='Avg Week Katuna-Kabale'!J14+'Avg Week Kabale-Katuna'!J14 -> 0.5 | ... N14: ='Avg Week Katuna-Kabale'!N14+'Avg Week Kabale-Katuna'!N14 -> 0 | O14: =SUM(C14:L14,N14) -> 6 | P14: =SUM(C14:N14) -> 13 | R14: 1100-1200 | S14: =SUM(C26:C29) -> 28.5 | T14: =SUM(D26:D29) -> 6 | U14: =SUM(E26:E29) -> 1.5 | V14: =SUM(F26:F29) -> 1.5 | W14: =SUM(G26:G29) -> 0.5 | X14: =SUM(H26:H29) -> 1 | Y14: =SUM(I26:I29) -> 3 | Z14: =SUM(J26:J29) -> 0.5 | ... AF14: =SUM(P26:P29) -> 85
B15: 08.15 - 08.30 | C15: ='Avg Week Katuna-Kabale'!C15+'Avg Week Kabale-Katuna'!C15 -> 4 | D15: ='Avg Week Katuna-Kabale'!D15+'Avg Week Kabale-Katuna'!D15 -> 0.5 | E15: ='Avg Week Katuna-Kabale'!E15+'Avg Week Kabale-Katuna'!E15 -> 0.5 | F15: ='Avg Week Katuna-Kabale'!F15+'Avg Week Kabale-Katuna'!F15 -> 0 | G15: ='Avg Week Katuna-Kabale'!G15+'Avg Week Kabale-Katuna'!G15 -> 0 | H15: ='Avg Week Katuna-Kabale'!H15+'Avg Week Kabale-Katuna'!H15 -> 0 | I15: ='Avg Week Katuna-Kabale'!I15+'Avg Week Kabale-Katuna'!I15 -> 0.5 | J15: ='Avg Week Katuna-Kabale'!J15+'Avg Week Kabale-Katuna'!J15 -> 0 | ... N15: ='Avg Week Katuna-Kabale'!N15+'Avg Week Kabale-Katuna'!N15 -> 0 | O15: =SUM(C15:L15,N15) -> 5.5 | P15: =SUM(C15:N15) -> 16.5 | R15: 1200-1300 | S15: =SUM(C30:C33) -> 25 | T15: =SUM(D30:D33) -> 7 | U15: =SUM(E30:E33) -> 1 | V15: =SUM(F30:F33) -> 0 | W15: =SUM(G30:G33) -> 0 | X15: =SUM(H30:H33) -> 2 | Y15: =SUM(I30:I33) -> 5 | Z15: =SUM(J30:J33) -> 1 | ... AF15: =SUM(P30:P33) -> 87
B16: 08.30 - 08.45 | C16: ='Avg Week Katuna-Kabale'!C16+'Avg Week Kabale-Katuna'!C16 -> 4.5 | D16: ='Avg Week Katuna-Kabale'!D16+'Avg Week Kabale-Katuna'!D16 -> 0.5 | E16: ='Avg Week Katuna-Kabale'!E16+'Avg Week Kabale-Katuna'!E16 -> 0.5 | F16: ='Avg Week Katuna-Kabale'!F16+'Avg Week Kabale-Katuna'!F16 -> 0 | G16: ='Avg Week Katuna-Kabale'!G16+'Avg Week Kabale-Katuna'!G16 -> 0 | H16: ='Avg Week Katuna-Kabale'!H16+'Avg Week Kabale-Katuna'!H16 -> 0.5 | I16: ='Avg Week Katuna-Kabale'!I16+'Avg Week Kabale-Katuna'!I16 -> 0.5 | J16: ='Avg Week Katuna-Kabale'!J16+'Avg Week Kabale-Katuna'!J16 -> 0 | ... N16: ='Avg Week Katuna-Kabale'!N16+'Avg Week Kabale-Katuna'!N16 -> 0 | O16: =SUM(C16:L16,N16) -> 6.5 | P16: =SUM(C16:N16) -> 20.5 | R16: 1300-1400 | S16: =SUM(C34:C37) -> 23 | T16: =SUM(D34:D37) -> 3 | U16: =SUM(E34:E37) -> 2 | V16: =SUM(F34:F37) -> 1 | W16: =SUM(G34:G37) -> 1 | X16: =SUM(H34:H37) -> 0 | Y16: =SUM(I34:I37) -> 3 | Z16: =SUM(J34:J37) -> 0 | ... AF16: =SUM(P34:P37) -> 81
B17: 08.45 - 9.00 | C17: ='Avg Week Katuna-Kabale'!C17+'Avg Week Kabale-Katuna'!C17 -> 8.5 | D17: ='Avg Week Katuna-Kabale'!D17+'Avg Week Kabale-Katuna'!D17 -> 0.5 | E17: ='Avg Week Katuna-Kabale'!E17+'Avg Week Kabale-Katuna'!E17 -> 0.5 | F17: ='Avg Week Katuna-Kabale'!F17+'Avg Week Kabale-Katuna'!F17 -> 0.5 | G17: ='Avg Week Katuna-Kabale'!G17+'Avg Week Kabale-Katuna'!G17 -> 0 | H17: ='Avg Week Katuna-Kabale'!H17+'Avg Week Kabale-Katuna'!H17 -> 0 | I17: ='Avg Week Katuna-Kabale'!I17+'Avg Week Kabale-Katuna'!I17 -> 2 | J17: ='Avg Week Katuna-Kabale'!J17+'Avg Week Kabale-Katuna'!J17 -> 0 | ... N17: ='Avg Week Katuna-Kabale'!N17+'Avg Week Kabale-Katuna'!N17 -> 0 | O17: =SUM(C17:L17,N17) -> 12 | P17: =SUM(C17:N17) -> 23 | R17: 1400-1500 | S17: =SUM(C38:C41) -> 27.5 | T17: =SUM(D38:D41) -> 1.5 | U17: =SUM(E38:E41) -> 3.5 | V17: =SUM(F38:F41) -> 1 | W17: =SUM(G38:G41) -> 0 | X17: =SUM(H38:H41) -> 0 | Y17: =SUM(I38:I41) -> 6 | Z17: =SUM(J38:J41) -> 0.5 | ... AF17: =SUM(P38:P41) -> 77.5
B18: 09.00 - 09.15 | C18: ='Avg Week Katuna-Kabale'!C18+'Avg Week Kabale-Katuna'!C18 -> 6 | D18: ='Avg Week Katuna-Kabale'!D18+'Avg Week Kabale-Katuna'!D18 -> 0 | E18: ='Avg Week Katuna-Kabale'!E18+'Avg Week Kabale-Katuna'!E18 -> 1 | F18: ='Avg Week Katuna-Kabale'!F18+'Avg Week Kabale-Katuna'!F18 -> 0 | G18: ='Avg Week Katuna-Kabale'!G18+'Avg Week Kabale-Katuna'!G18 -> 0 | H18: ='Avg Week Katuna-Kabale'!H18+'Avg Week Kabale-Katuna'!H18 -> 0 | I18: ='Avg Week Katuna-Kabale'!I18+'Avg Week Kabale-Katuna'!I18 -> 2 | J18: ='Avg Week Katuna-Kabale'!J18+'Avg Week Kabale-Katuna'!J18 -> 0 | ... N18: ='Avg Week Katuna-Kabale'!N18+'Avg Week Kabale-Katuna'!N18 -> 0 | O18: =SUM(C18:L18,N18) -> 9 | P18: =SUM(C18:N18) -> 20 | R18: 1500-1600 | S18: =SUM(C42:C45) -> 23 | T18: =SUM(D42:D45) -> 3 | U18: =SUM(E42:E45) -> 4 | V18: =SUM(F42:F45) -> 3.5 | W18: =SUM(G42:G45) -> 0 | X18: =SUM(H42:H45) -> 0.5 | Y18: =SUM(I42:I45) -> 5.5 | Z18: =SUM(J42:J45) -> 1 | ... AF18: =SUM(P42:P45) -> 77
B19: 09.15 - 09.30 | C19: ='Avg Week Katuna-Kabale'!C19+'Avg Week Kabale-Katuna'!C19 -> 6.5 | D19: ='Avg Week Katuna-Kabale'!D19+'Avg Week Kabale-Katuna'!D19 -> 0 | E19: ='Avg Week Katuna-Kabale'!E19+'Avg Week Kabale-Katuna'!E19 -> 1 | F19: ='Avg Week Katuna-Kabale'!F19+'Avg Week Kabale-Katuna'!F19 -> 0.5 | G19: ='Avg Week Katuna-Kabale'!G19+'Avg Week Kabale-Katuna'!G19 -> 0.5 | H19: ='Avg Week Katuna-Kabale'!H19+'Avg Week Kabale-Katuna'!H19 -> 0 | I19: ='Avg Week Katuna-Kabale'!I19+'Avg Week Kabale-Katuna'!I19 -> 1.5 | J19: ='Avg Week Katuna-Kabale'!J19+'Avg Week Kabale-Katuna'!J19 -> 0 | ... N19: ='Avg Week Katuna-Kabale'!N19+'Avg Week Kabale-Katuna'!N19 -> 0 | O19: =SUM(C19:L19,N19) -> 10 | P19: =SUM(C19:N19) -> 26.5 | R19: 1600-1700 | S19: =SUM(C46:C49) -> 16 | T19: =SUM(D46:D49) -> 1.5 | U19: =SUM(E46:E49) -> 1.5 | V19: =SUM(F46:F49) -> 2 | W19: =SUM(G46:G49) -> 0 | X19: =SUM(H46:H49) -> 1.5 | Y19: =SUM(I46:I49) -> 4 | Z19: =SUM(J46:J49) -> 0 | ... AF19: =SUM(P46:P49) -> 79.5
B20: 09.30 - 09.45 | C20: ='Avg Week Katuna-Kabale'!C20+'Avg Week Kabale-Katuna'!C20 -> 3.5 | D20: ='Avg Week Katuna-Kabale'!D20+'Avg Week Kabale-Katuna'!D20 -> 0.5 | E20: ='Avg Week Katuna-Kabale'!E20+'Avg Week Kabale-Katuna'!E20 -> 1 | F20: ='Avg Week Katuna-Kabale'!F20+'Avg Week Kabale-Katuna'!F20 -> 0 | G20: ='Avg Week Katuna-Kabale'!G20+'Avg Week Kabale-Katuna'!G20 -> 0.5 | H20: ='Avg Week Katuna-Kabale'!H20+'Avg Week Kabale-Katuna'!H20 -> 0 | I20: ='Avg Week Katuna-Kabale'!I20+'Avg Week Kabale-Katuna'!I20 -> 2 | J20: ='Avg Week Katuna-Kabale'!J20+'Avg Week Kabale-Katuna'!J20 -> 0 | ... N20: ='Avg Week Katuna-Kabale'!N20+'Avg Week Kabale-Katuna'!N20 -> 0 | O20: =SUM(C20:L20,N20) -> 7.5 | P20: =SUM(C20:N20) -> 18 | R20: 1700-1800 | S20: =SUM(C50:C53) -> 27 | T20: =SUM(D50:D53) -> 4 | U20: =SUM(E50:E53) -> 0.5 | V20: =SUM(F50:F53) -> 0.5 | W20: =SUM(G50:G53) -> 0 | X20: =SUM(H50:H53) -> 1 | Y20: =SUM(I50:I53) -> 6.5 | Z20: =SUM(J50:J53) -> 0 | ... AF20: =SUM(P50:P53) -> 107
B21: 09.45 - 10.00 | C21: ='Avg Week Katuna-Kabale'!C21+'Avg Week Kabale-Katuna'!C21 -> 8 | D21: ='Avg Week Katuna-Kabale'!D21+'Avg Week Kabale-Katuna'!D21 -> 0.5 | E21: ='Avg Week Katuna-Kabale'!E21+'Avg Week Kabale-Katuna'!E21 -> 1.5 | F21: ='Avg Week Katuna-Kabale'!F21+'Avg Week Kabale-Katuna'!F21 -> 0 | G21: ='Avg Week Katuna-Kabale'!G21+'Avg Week Kabale-Katuna'!G21 -> 0.5 | H21: ='Avg Week Katuna-Kabale'!H21+'Avg Week Kabale-Katuna'!H21 -> 0 | I21: ='Avg Week Katuna-Kabale'!I21+'Avg Week Kabale-Katuna'!I21 -> 2 | J21: ='Avg Week Katuna-Kabale'!J21+'Avg Week Kabale-Katuna'!J21 -> 0 | ... N21: ='Avg Week Katuna-Kabale'!N21+'Avg Week Kabale-Katuna'!N21 -> 0 | O21: =SUM(C21:L21,N21) -> 12.5 | P21: =SUM(C21:N21) -> 30 | R21: 1800-1900 | S21: =SUM(C54:C57) -> 35 | T21: =SUM(D54:D57) -> 5.5 | U21: =SUM(E54:E57) -> 2.5 | V21: =SUM(F54:F57) -> 0.5 | W21: =SUM(G54:G57) -> 0 | X21: =SUM(H54:H57) -> 0 | Y21: =SUM(I54:I57) -> 7.5 | Z21: =SUM(J54:J57) -> 0 | ... AF21: =SUM(P54:P57) -> 97.5
B22: 10.00 - 10.15 | C22: ='Avg Week Katuna-Kabale'!C22+'Avg Week Kabale-Katuna'!C22 -> 5.5 | D22: ='Avg Week Katuna-Kabale'!D22+'Avg Week Kabale-Katuna'!D22 -> 1 | E22: ='Avg Week Katuna-Kabale'!E22+'Avg Week Kabale-Katuna'!E22 -> 0.5 | F22: ='Avg Week Katuna-Kabale'!F22+'Avg Week Kabale-Katuna'!F22 -> 1.5 | G22: ='Avg Week Katuna-Kabale'!G22+'Avg Week Kabale-Katuna'!G22 -> 0 | H22: ='Avg Week Katuna-Kabale'!H22+'Avg Week Kabale-Katuna'!H22 -> 0 | I22: ='Avg Week Katuna-Kabale'!I22+'Avg Week Kabale-Katuna'!I22 -> 2 | J22: ='Avg Week Katuna-Kabale'!J22+'Avg Week Kabale-Katuna'!J22 -> 0 | ... N22: ='Avg Week Katuna-Kabale'!N22+'Avg Week Kabale-Katuna'!N22 -> 0 | O22: =SUM(C22:L22,N22) -> 10.5 | P22: =SUM(C22:N22) -> 24 | R22: 1900-2000 | S22: =SUM(C58:C61) -> 31 | T22: =SUM(D58:D61) -> 7 | U22: =SUM(E58:E61) -> 4 | V22: =SUM(F58:F61) -> 1 | W22: =SUM(G58:G61) -> 0 | X22: =SUM(H58:H61) -> 1 | Y22: =SUM(I58:I61) -> 1 | Z22: =SUM(J58:J61) -> 0 | ... AF22: =SUM(P58:P61) -> 76
B23: 10.15 - 10.30 | C23: ='Avg Week Katuna-Kabale'!C23+'Avg Week Kabale-Katuna'!C23 -> 8 | D23: ='Avg Week Katuna-Kabale'!D23+'Avg Week Kabale-Katuna'!D23 -> 0 | E23: ='Avg Week Katuna-Kabale'!E23+'Avg Week Kabale-Katuna'!E23 -> 0.5 | F23: ='Avg Week Katuna-Kabale'!F23+'Avg Week Kabale-Katuna'!F23 -> 0 | G23: ='Avg Week Katuna-Kabale'!G23+'Avg Week Kabale-Katuna'!G23 -> 0 | H23: ='Avg Week Katuna-Kabale'!H23+'Avg Week Kabale-Katuna'!H23 -> 0 | I23: ='Avg Week Katuna-Kabale'!I23+'Avg Week Kabale-Katuna'!I23 -> 1.5 | J23: ='Avg Week Katuna-Kabale'!J23+'Avg Week Kabale-Katuna'!J23 -> 0 | ... N23: ='Avg Week Katuna-Kabale'!N23+'Avg Week Kabale-Katuna'!N23 -> 0 | O23: =SUM(C23:L23,N23) -> 10 | P23: =SUM(C23:N23) -> 25.5 | R23: 2000-2100 | S23: =SUM(C62:C65) -> 25 | T23: =SUM(D62:D65) -> 8 | U23: =SUM(E62:E65) -> 3 | V23: =SUM(F62:F65) -> 5 | W23: =SUM(G62:G65) -> 1 | X23: =SUM(H62:H65) -> 0 | Y23: =SUM(I62:I65) -> 5 | Z23: =SUM(J62:J65) -> 0 | ... AF23: =SUM(P62:P65) -> 87
B24: 10.30 - 10.45 | C24: ='Avg Week Katuna-Kabale'!C24+'Avg Week Kabale-Katuna'!C24 -> 8 | D24: ='Avg Week Katuna-Kabale'!D24+'Avg Week Kabale-Katuna'!D24 -> 1 | E24: ='Avg Week Katuna-Kabale'!E24+'Avg Week Kabale-Katuna'!E24 -> 0 | F24: ='Avg Week Katuna-Kabale'!F24+'Avg Week Kabale-Katuna'!F24 -> 0 | G24: ='Avg Week Katuna-Kabale'!G24+'Avg Week Kabale-Katuna'!G24 -> 0.5 | H24: ='Avg Week Katuna-Kabale'!H24+'Avg Week Kabale-Katuna'!H24 -> 0 | I24: ='Avg Week Katuna-Kabale'!I24+'Avg Week Kabale-Katuna'!I24 -> 2 | J24: ='Avg Week Katuna-Kabale'!J24+'Avg Week Kabale-Katuna'!J24 -> 0 | ... N24: ='Avg Week Katuna-Kabale'!N24+'Avg Week Kabale-Katuna'!N24 -> 0 | O24: =SUM(C24:L24,N24) -> 11.5 | P24: =SUM(C24:N24) -> 24 | R24: 2100-2200 | S24: =SUM(C66:C69) -> 14 | T24: =SUM(D66:D69) -> 1 | U24: =SUM(E66:E69) -> 2 | V24: =SUM(F66:F69) -> 3 | W24: =SUM(G66:G69) -> 0 | X24: =SUM(H66:H69) -> 1 | Y24: =SUM(I66:I69) -> 2 | Z24: =SUM(J66:J69) -> 0 | ... AF24: =SUM(P66:P69) -> 38
B25: 10.45 - 11.00 | C25: ='Avg Week Katuna-Kabale'!C25+'Avg Week Kabale-Katuna'!C25 -> 8 | D25: ='Avg Week Katuna-Kabale'!D25+'Avg Week Kabale-Katuna'!D25 -> 0.5 | E25: ='Avg Week Katuna-Kabale'!E25+'Avg Week Kabale-Katuna'!E25 -> 1.5 | F25: ='Avg Week Katuna-Kabale'!F25+'Avg Week Kabale-Katuna'!F25 -> 0.5 | G25: ='Avg Week Katuna-Kabale'!G25+'Avg Week Kabale-Katuna'!G25 -> 0 | H25: ='Avg Week Katuna-Kabale'!H25+'Avg Week Kabale-Katuna'!H25 -> 0 | I25: ='Avg Week Katuna-Kabale'!I25+'Avg Week Kabale-Katuna'!I25 -> 2 | J25: ='Avg Week Katuna-Kabale'!J25+'Avg Week Kabale-Katuna'!J25 -> 0 | ... N25: ='Avg Week Katuna-Kabale'!N25+'Avg Week Kabale-Katuna'!N25 -> 0 | O25: =SUM(C25:L25,N25) -> 12.5 | P25: =SUM(C25:N25) -> 25 | R25: 2200-2300 | S25: =SUM(C70:C73) -> 9 | T25: =SUM(D70:D73) -> 1 | U25: =SUM(E70:E73) -> 0 | V25: =SUM(F70:F73) -> 0 | W25: =SUM(G70:G73) -> 0 | X25: =SUM(H70:H73) -> 0 | Y25: =SUM(I70:I73) -> 1 | Z25: =SUM(J70:J73) -> 0 | ... AF25: =SUM(P70:P73) -> 24
B26: 11.00 - 11.15 | C26: ='Avg Week Katuna-Kabale'!C26+'Avg Week Kabale-Katuna'!C26 -> 4 | D26: ='Avg Week Katuna-Kabale'!D26+'Avg Week Kabale-Katuna'!D26 -> 1 | E26: ='Avg Week Katuna-Kabale'!E26+'Avg Week Kabale-Katuna'!E26 -> 1 | F26: ='Avg Week Katuna-Kabale'!F26+'Avg Week Kabale-Katuna'!F26 -> 0 | G26: ='Avg Week Katuna-Kabale'!G26+'Avg Week Kabale-Katuna'!G26 -> 0 | H26: ='Avg Week Katuna-Kabale'!H26+'Avg Week Kabale-Katuna'!H26 -> 1 | I26: ='Avg Week Katuna-Kabale'!I26+'Avg Week Kabale-Katuna'!I26 -> 0.5 | J26: ='Avg Week Katuna-Kabale'!J26+'Avg Week Kabale-Katuna'!J26 -> 0 | ... N26: ='Avg Week Katuna-Kabale'!N26+'Avg Week Kabale-Katuna'!N26 -> 0 | O26: =SUM(C26:L26,N26) -> 7.5 | P26: =SUM(C26:N26) -> 17.5 | R26: 2300-0000 | S26: =SUM(C74:C77) -> 6 | T26: =SUM(D74:D77) -> 2 | U26: =SUM(E74:E77) -> 0 | V26: =SUM(F74:F77) -> 0 | W26: =SUM(G74:G77) -> 0 | X26: =SUM(H74:H77) -> 0 | Y26: =SUM(I74:I77) -> 2 | Z26: =SUM(J74:J77) -> 0 | ... AF26: =SUM(P74:P77) -> 18
B27: 11.15 - 11.30 | C27: ='Avg Week Katuna-Kabale'!C27+'Avg Week Kabale-Katuna'!C27 -> 6 | D27: ='Avg Week Katuna-Kabale'!D27+'Avg Week Kabale-Katuna'!D27 -> 1.5 | E27: ='Avg Week Katuna-Kabale'!E27+'Avg Week Kabale-Katuna'!E27 -> 0 | F27: ='Avg Week Katuna-Kabale'!F27+'Avg Week Kabale-Katuna'!F27 -> 0.5 | G27: ='Avg Week Katuna-Kabale'!G27+'Avg Week Kabale-Katuna'!G27 -> 0 | H27: ='Avg Week Katuna-Kabale'!H27+'Avg Week Kabale-Katuna'!H27 -> 0 | I27: ='Avg Week Katuna-Kabale'!I27+'Avg Week Kabale-Katuna'!I27 -> 0 | J27: ='Avg Week Katuna-Kabale'!J27+'Avg Week Kabale-Katuna'!J27 -> 0 | ... N27: ='Avg Week Katuna-Kabale'!N27+'Avg Week Kabale-Katuna'!N27 -> 0 | O27: =SUM(C27:L27,N27) -> 8 | P27: =SUM(C27:N27) -> 16.5 | R27: 0000-0100 | S27: =SUM(C78:C81) -> 9 | T27: =SUM(D78:D81) -> 3 | U27: =SUM(E78:E81) -> 1 | V27: =SUM(F78:F81) -> 0 | W27: =SUM(G78:G81) -> 0 | X27: =SUM(H78:H81) -> 0 | Y27: =SUM(I78:I81) -> 1 | Z27: =SUM(J78:J81) -> 0 | ... AF27: =SUM(P78:P81) -> 24
B28: 11.30 - 11.45 | C28: ='Avg Week Katuna-Kabale'!C28+'Avg Week Kabale-Katuna'!C28 -> 8 | D28: ='Avg Week Katuna-Kabale'!D28+'Avg Week Kabale-Katuna'!D28 -> 2.5 | E28: ='Avg Week Katuna-Kabale'!E28+'Avg Week Kabale-Katuna'!E28 -> 0.5 | F28: ='Avg Week Katuna-Kabale'!F28+'Avg Week Kabale-Katuna'!F28 -> 1 | G28: ='Avg Week Katuna-Kabale'!G28+'Avg Week Kabale-Katuna'!G28 -> 0.5 | H28: ='Avg Week Katuna-Kabale'!H28+'Avg Week Kabale-Katuna'!H28 -> 0 | I28: ='Avg Week Katuna-Kabale'!I28+'Avg Week Kabale-Katuna'!I28 -> 1.5 | J28: ='Avg Week Katuna-Kabale'!J28+'Avg Week Kabale-Katuna'!J28 -> 0 | ... N28: ='Avg Week Katuna-Kabale'!N28+'Avg Week Kabale-Katuna'!N28 -> 0 | O28: =SUM(C28:L28,N28) -> 14 | P28: =SUM(C28:N28) -> 28.5 | R28: 0100-0200 | S28: =SUM(C82:C85) -> 3 | T28: =SUM(D82:D85) -> 1 | U28: =SUM(E82:E85) -> 4 | V28: =SUM(F82:F85) -> 0 | W28: =SUM(G82:G85) -> 0 | X28: =SUM(H82:H85) -> 0 | Y28: =SUM(I82:I85) -> 1 | Z28: =SUM(J82:J85) -> 2 | ... AF28: =SUM(P82:P85) -> 17
B29: 11.45 - 12.00 | C29: ='Avg Week Katuna-Kabale'!C29+'Avg Week Kabale-Katuna'!C29 -> 10.5 | D29: ='Avg Week Katuna-Kabale'!D29+'Avg Week Kabale-Katuna'!D29 -> 1 | E29: ='Avg Week Katuna-Kabale'!E29+'Avg Week Kabale-Katuna'!E29 -> 0 | F29: ='Avg Week Katuna-Kabale'!F29+'Avg Week Kabale-Katuna'!F29 -> 0 | G29: ='Avg Week Katuna-Kabale'!G29+'Avg Week Kabale-Katuna'!G29 -> 0 | H29: ='Avg Week Katuna-Kabale'!H29+'Avg Week Kabale-Katuna'!H29 -> 0 | I29: ='Avg Week Katuna-Kabale'!I29+'Avg Week Kabale-Katuna'!I29 -> 1 | J29: ='Avg Week Katuna-Kabale'!J29+'Avg Week Kabale-Katuna'!J29 -> 0.5 | ... N29: ='Avg Week Katuna-Kabale'!N29+'Avg Week Kabale-Katuna'!N29 -> 0 | O29: =SUM(C29:L29,N29) -> 13 | P29: =SUM(C29:N29) -> 22.5 | R29: 0200-0300 | S29: =SUM(C86:C89) -> 7 | T29: =SUM(D86:D89) -> 2 | U29: =SUM(E86:E89) -> 2 | V29: =SUM(F86:F89) -> 0 | W29: =SUM(G86:G89) -> 1 | X29: =SUM(H86:H89) -> 1 | Y29: =SUM(I86:I89) -> 3 | Z29: =SUM(J86:J89) -> 0 | ... AF29: =SUM(P86:P89) -> 17
B30: 12.00 - 12.15 | C30: ='Avg Week Katuna-Kabale'!C30+'Avg Week Kabale-Katuna'!C30 -> 5.5 | D30: ='Avg Week Katuna-Kabale'!D30+'Avg Week Kabale-Katuna'!D30 -> 4 | E30: ='Avg Week Katuna-Kabale'!E30+'Avg Week Kabale-Katuna'!E30 -> 0 | F30: ='Avg Week Katuna-Kabale'!F30+'Avg Week Kabale-Katuna'!F30 -> 0 | G30: ='Avg Week Katuna-Kabale'!G30+'Avg Week Kabale-Katuna'!G30 -> 0 | H30: ='Avg Week Katuna-Kabale'!H30+'Avg Week Kabale-Katuna'!H30 -> 1 | I30: ='Avg Week Katuna-Kabale'!I30+'Avg Week Kabale-Katuna'!I30 -> 1 | J30: ='Avg Week Katuna-Kabale'!J30+'Avg Week Kabale-Katuna'!J30 -> 0 | ... N30: ='Avg Week Katuna-Kabale'!N30+'Avg Week Kabale-Katuna'!N30 -> 0 | O30: =SUM(C30:L30,N30) -> 11.5 | P30: =SUM(C30:N30) -> 21 | R30: 0300-0400 | S30: =SUM(C90:C93) -> 9 | T30: =SUM(D90:D93) -> 2 | U30: =SUM(E90:E93) -> 4 | V30: =SUM(F90:F93) -> 0 | W30: =SUM(G90:G93) -> 0 | X30: =SUM(H90:H93) -> 0 | Y30: =SUM(I90:I93) -> 3 | Z30: =SUM(J90:J93) -> 0 | ... AF30: =SUM(P90:P93) -> 21
B31: 12.15 - 12.30 | C31: ='Avg Week Katuna-Kabale'!C31+'Avg Week Kabale-Katuna'!C31 -> 6.5 | D31: ='Avg Week Katuna-Kabale'!D31+'Avg Week Kabale-Katuna'!D31 -> 1 | E31: ='Avg Week Katuna-Kabale'!E31+'Avg Week Kabale-Katuna'!E31 -> 0.5 | F31: ='Avg Week Katuna-Kabale'!F31+'Avg Week Kabale-Katuna'!F31 -> 0 | G31: ='Avg Week Katuna-Kabale'!G31+'Avg Week Kabale-Katuna'!G31 -> 0 | H31: ='Avg Week Katuna-Kabale'!H31+'Avg Week Kabale-Katuna'!H31 -> 0 | I31: ='Avg Week Katuna-Kabale'!I31+'Avg Week Kabale-Katuna'!I31 -> 1.5 | J31: ='Avg Week Katuna-Kabale'!J31+'Avg Week Kabale-Katuna'!J31 -> 0 | ... N31: ='Avg Week Katuna-Kabale'!N31+'Avg Week Kabale-Katuna'!N31 -> 0 | O31: =SUM(C31:L31,N31) -> 9.5 | P31: =SUM(C31:N31) -> 25 | R31: 0400-0500 | S31: =SUM(C94:C97) -> 1 | T31: =SUM(D94:D97) -> 1 | U31: =SUM(E94:E97) -> 2 | V31: =SUM(F94:F97) -> 0 | W31: =SUM(G94:G97) -> 2 | X31: =SUM(H94:H97) -> 0 | Y31: =SUM(I94:I97) -> 3 | Z31: =SUM(J94:J97) -> 0 | ... AF31: =SUM(P94:P97) -> 14
B32: 12.30 - 12.45 | C32: ='Avg Week Katuna-Kabale'!C32+'Avg Week Kabale-Katuna'!C32 -> 8 | D32: ='Avg Week Katuna-Kabale'!D32+'Avg Week Kabale-Katuna'!D32 -> 2 | E32: ='Avg Week Katuna-Kabale'!E32+'Avg Week Kabale-Katuna'!E32 -> 0.5 | F32: ='Avg Week Katuna-Kabale'!F32+'Avg Week Kabale-Katuna'!F32 -> 0 | G32: ='Avg Week Katuna-Kabale'!G32+'Avg Week Kabale-Katuna'!G32 -> 0 | H32: ='Avg Week Katuna-Kabale'!H32+'Avg Week Kabale-Katuna'!H32 -> 0 | I32: ='Avg Week Katuna-Kabale'!I32+'Avg Week Kabale-Katuna'!I32 -> 1 | J32: ='Avg Week Katuna-Kabale'!J32+'Avg Week Kabale-Katuna'!J32 -> 1 | ... N32: ='Avg Week Katuna-Kabale'!N32+'Avg Week Kabale-Katuna'!N32 -> 0 | O32: =SUM(C32:L32,N32) -> 12.5 | P32: =SUM(C32:N32) -> 22 | R32: 0500-0600 | S32: =SUM(C98:C101) -> 6 | T32: =SUM(D98:D101) -> 4 | U32: =SUM(E98:E101) -> 1 | V32: =SUM(F98:F101) -> 3 | W32: =SUM(G98:G101) -> 0 | X32: =SUM(H98:H101) -> 0 | Y32: =SUM(I98:I101) -> 7 | Z32: =SUM(J98:J101) -> 0 | ... AF32: =SUM(P98:P101) -> 28
B33: 12.45 - 13.00 | C33: ='Avg Week Katuna-Kabale'!C33+'Avg Week Kabale-Katuna'!C33 -> 5 | D33: ='Avg Week Katuna-Kabale'!D33+'Avg Week Kabale-Katuna'!D33 -> 0 | E33: ='Avg Week Katuna-Kabale'!E33+'Avg Week Kabale-Katuna'!E33 -> 0 | F33: ='Avg Week Katuna-Kabale'!F33+'Avg Week Kabale-Katuna'!F33 -> 0 | G33: ='Avg Week Katuna-Kabale'!G33+'Avg Week Kabale-Katuna'!G33 -> 0 | H33: ='Avg Week Katuna-Kabale'!H33+'Avg Week Kabale-Katuna'!H33 -> 1 | I33: ='Avg Week Katuna-Kabale'!I33+'Avg Week Kabale-Katuna'!I33 -> 1.5 | J33: ='Avg Week Katuna-Kabale'!J33+'Avg Week Kabale-Katuna'!J33 -> 0 | ... N33: ='Avg Week Katuna-Kabale'!N33+'Avg Week Kabale-Katuna'!N33 -> 0 | O33: =SUM(C33:L33,N33) -> 7.5 | P33: =SUM(C33:N33) -> 19 | R33: 0600-0700 | S33: =SUM(C102:C105) -> 8 | T33: =SUM(D102:D105) -> 6 | U33: =SUM(E102:E105) -> 4 | V33: =SUM(F102:F105) -> 3 | W33: =SUM(G102:G105) -> 2 | X33: =SUM(H102:H105) -> 0 | Y33: =SUM(I102:I105) -> 7 | Z33: =SUM(J102:J105) -> 0 | ... AF33: =SUM(P102:P105) -> 47
B34: 13.00 - 13.15 | C34: ='Avg Week Katuna-Kabale'!C34+'Avg Week Kabale-Katuna'!C34 -> 6 | D34: ='Avg Week Katuna-Kabale'!D34+'Avg Week Kabale-Katuna'!D34 -> 0.5 | E34: ='Avg Week Katuna-Kabale'!E34+'Avg Week Kabale-Katuna'!E34 -> 0 | F34: ='Avg Week Katuna-Kabale'!F34+'Avg Week Kabale-Katuna'!F34 -> 0 | G34: ='Avg Week Katuna-Kabale'!G34+'Avg Week Kabale-Katuna'!G34 -> 0 | H34: ='Avg Week Katuna-Kabale'!H34+'Avg Week Kabale-Katuna'!H34 -> 0 | I34: ='Avg Week Katuna-Kabale'!I34+'Avg Week Kabale-Katuna'!I34 -> 0 | J34: ='Avg Week Katuna-Kabale'!J34+'Avg Week Kabale-Katuna'!J34 -> 0 | ... N34: ='Avg Week Katuna-Kabale'!N34+'Avg Week Kabale-Katuna'!N34 -> 0 | O34: =SUM(C34:L34,N34) -> 6.5 | P34: =SUM(C34:N34) -> 18 | R34: AM Peak Hr | S34: =MAX(S10:S12) -> 24 | T34: =MAX(T10:T12) -> 1.5 | U34: =MAX(U10:U12) -> 4.5 | V34: =MAX(V10:V12) -> 1.5 | W34: =MAX(W10:W12) -> 1.5 | X34: =MAX(X10:X12) -> 0.5 | Y34: =MAX(Y10:Y12) -> 7.5 | Z34: =MAX(Z10:Z12) -> 0.5 | ... AF34: =MAX(AF10:AF12) -> 94.5
