Workbook

Sheet Sheet1
D2: To Arm
D3: Mulago Jn | E3: Ku Bbiri | F3: Kamwokya | G3: Wandegeya | H3: Yusuf Lule | I3: TOTAL
B4: From Arm | C4: Mulago Jn | D4: 0 | E4: ='Mulago Jn-Kubiri'!M56*$D$11 -> 19973.603 | F4: ='Mulago Jn -Kamwokya'!M56*$D$11 -> 24754.795 | G4: ='Mulago Jn-Wandegeya'!M56*$D$11 -> 33016.367 | H4: ='Mulago Jn -Yusuf Lule'!M56*$D$11 -> 13014.417 | I4: =SUM(D4:H4) -> 90759.182
C5: Ku Bbiri | D5: ='Kubiri- Mulago Jn'!M56*$D$11 -> 23017.754 | I5: =SUM(D5:H5) -> 23017.754
C6: Kamwokya | D6: ='Kamwokya-Mulago Jn'!M56*$D$11 -> 25762.688 | I6: =SUM(D6:H6) -> 25762.688
C7: Wandegeya | D7: ='Wandegeya-Mulago Jn'!M56*$D$11 -> 33132.905 | I7: =SUM(D7:H7) -> 33132.905
C8: Yusuf Lule | D8: ='Yusuf Lule-Mulago Jn'!M56*$D$11 -> 19088.547 | I8: =SUM(D8:H8) -> 19088.547
C9: TOTAL | D9: =SUM(D4:D8) -> 101001.89 | E9: =SUM(E4:E8) -> 19973.603 | F9: =SUM(F4:F8) -> 24754.795 | G9: =SUM(G4:G8) -> 33016.367 | H9: =SUM(H4:H8) -> 13014.417
D11: 1.484

Sheet Kubiri- Mulago Jn
A1: Consultancy services for Preparation of Expressway Development Master Plan (EDMP) for Uganda
A2: Junction Turning Count Survey
A4: Date: | B4: 43797 | F4: Location: | G4: Mulago Junction
A5: Dir From: | B5: Kubiri | F5: Dir To: | G5: Mulago Junction
A7: Time/Veh type | B7: Car | C7: Utility vehicle | D7: Minibus, matatu | E7: Medium bus, coaster | F7: Large bus, coach | G7: Light truck | H7: Medium truck | I7: Heavy truck | J7: Truck trailer and semi trailer | K7: Motorcycles | L7: Vehicle Total | M7: Overall Total
A8: 07.00 - 07.15 | B8: 159.1812 | C8: 21.22416 | D8: 15.91812 | E8: 1.061208 | F8: 2.122416 | G8: 3.183624 | H8: 2.122416 | I8: 2.122416 | J8: 0 | K8: 116.73288 | L8: =SUM(B8:J8) -> 206.93556 | M8: =SUM(B8:K8) -> 323.66844
A9: 07.15 - 07.30 | B9: 132.651 | C9: 24.407784 | D9: 12.734496 | E9: 1.061208 | F9: 1.061208 | G9: 3.183624 | H9: 0 | I9: 1.061208 | J9: 2.122416 | K9: 201.62952 | L9: =SUM(B9:J9) -> 178.28294 | M9: =SUM(B9:K9) -> 379.91246
A10: 07.30 - 07.45 | B10: 164.48724 | C10: 23.346576 | D10: 15.91812 | E10: 0 | F10: 1.061208 | G10: 5.30604 | H10: 1.061208 | I10: 2.122416 | J10: 1.061208 | K10: 212.2416 | L10: =SUM(B10:J10) -> 214.36402 | M10: =SUM(B10:K10) -> 426.60562
A11: 07.45 - 08.00 | B11: 127.34496 | C11: 21.22416 | D11: 19.101744 | E11: 0 | F11: 0 | G11: 7.428456 | H11: 2.122416 | I11: 2.122416 | J11: 0 | K11: 217.54764 | L11: =SUM(B11:J11) -> 179.34415 | M11: =SUM(B11:K11) -> 396.89179
A12: 08.00 - 08.15 | B12: 95.50872 | C12: 24.407784 | D12: 10.61208 | E12: 0 | F12: 0 | G12: 6.367248 | H12: 3.183624 | I12: 1.061208 | J12: 1.061208 | K12: 196.32348 | L12: =SUM(B12:J12) -> 142.20187 | M12: =SUM(B12:K12) -> 338.52535
A13: 08.15 - 08.30 | B13: 164.48724 | C13: 24.407784 | D13: 13.795704 | E13: 0 | F13: 0 | G13: 11.673288 | H13: 6.367248 | I13: 3.183624 | J13: 0 | K13: 244.07784 | L13: =SUM(B13:J13) -> 223.91489 | M13: =SUM(B13:K13) -> 467.99273
A14: 08.30 - 08.45 | B14: 191.01744 | C14: 23.346576 | D14: 19.101744 | E14: 2.122416 | F14: 2.122416 | G14: 7.428456 | H14: 4.244832 | I14: 2.122416 | J14: 0 | K14: 275.91408 | L14: =SUM(B14:J14) -> 251.5063 | M14: =SUM(B14:K14) -> 527.42038
A15: 08.45 - 09.00 | B15: 254.68992 | C15: 23.346576 | D15: 23.346576 | E15: 3.183624 | F15: 3.183624 | G15: 3.183624 | H15: 2.122416 | I15: 4.244832 | J15: 3.183624 | K15: 265.302 | L15: =SUM(B15:J15) -> 320.48482 | M15: =SUM(B15:K15) -> 585.78682
A16: 09.00 - 09.15 | B16: 180.40536 | C16: 26.5302 | D16: 18.040536 | E16: 1.061208 | F16: 0 | G16: 3.183624 | H16: 4.244832 | I16: 2.122416 | J16: 0 | K16: 270.60804 | L16: =SUM(B16:J16) -> 235.58818 | M16: =SUM(B16:K16) -> 506.19622
A17: 09.15 - 09.30 | B17: 191.01744 | C17: 28.652616 | D17: 11.673288 | E17: 0 | F17: 1.061208 | G17: 7.428456 | H17: 4.244832 | I17: 0 | J17: 0 | K17: 238.7718 | L17: =SUM(B17:J17) -> 244.07784 | M17: =SUM(B17:K17) -> 482.84964
A18: 09.30 - 09.45 | B18: 111.42684 | C18: 21.22416 | D18: 22.285368 | E18: 0 | F18: 2.122416 | G18: 4.244832 | H18: 1.061208 | I18: 1.061208 | J18: 2.122416 | K18: 249.38388 | L18: =SUM(B18:J18) -> 165.54845 | M18: =SUM(B18:K18) -> 414.93233
A19: 09.45 - 10.00 | B19: 159.1812 | C19: 35.019864 | D19: 22.285368 | E19: 0 | F19: 1.061208 | G19: 11.673288 | H19: 2.122416 | I19: 6.367248 | J19: 2.122416 | K19: 222.85368 | L19: =SUM(B19:J19) -> 239.83301 | M19: =SUM(B19:K19) -> 462.68669
... A55: 18.45 - 19.00 | B55: 47.75436 | C55: 19.101744 | D55: 59.427648 | E55: 1.061208 | F55: 0 | G55: 6.367248 | H55: 10.61208 | I55: 4.244832 | J55: 2.122416 | K55: 127.34496 | L55: =SUM(B55:J55) -> 150.69154 | M55: =SUM(B55:K55) -> 278.0365
B56: =SUM(B8:B55) -> 4982.3716 | C56: =SUM(C8:C55) -> 1359.4074 | D56: =SUM(D8:D55) -> 1351.979 | E56: =SUM(E8:E55) -> 146.4467 | F56: =SUM(F8:F55) -> 83.835432 | G56: =SUM(G8:G55) -> 466.93152 | H56: =SUM(H8:H55) -> 227.09851 | I56: =SUM(I8:I55) -> 193.13986 | ... K56: =SUM(K8:K55) -> 6622.9991 | L56: =SUM(B56:J56) -> 8887.617 | M56: =SUM(B56:K56) -> 15510.616
A57: Average AM | B57: =AVERAGE(B8:B19)*4 -> 643.79952 | C57: =AVERAGE(C8:C19)*4 -> 99.04608 | D57: =AVERAGE(D8:D19)*4 -> 68.271048 | E57: =AVERAGE(E8:E19)*4 -> 2.829888 | F57: =AVERAGE(F8:F19)*4 -> 4.598568 | G57: =AVERAGE(G8:G19)*4 -> 24.76152 | H57: =AVERAGE(H8:H19)*4 -> 10.965816 | I57: =AVERAGE(I8:I19)*4 -> 9.197136 | ... K57: =AVERAGE(K8:K19)*4 -> 903.79548 | M57: =SUM(M8:M55) -> 15510.616
A58: Average PM | B58: =AVERAGE(B44:B55)*4 -> 426.60562 | C58: =AVERAGE(C44:C55)*4 -> 167.31713 | D58: =AVERAGE(D44:D55)*4 -> 224.26862 | E58: =AVERAGE(E44:E55)*4 -> 22.99284 | F58: =AVERAGE(F44:F55)*4 -> 9.197136 | G58: =AVERAGE(G44:G55)*4 -> 39.618432 | H58: =AVERAGE(H44:H55)*4 -> 25.822728 | I58: =AVERAGE(I44:I55)*4 -> 17.6868 | ... K58: =AVERAGE(K44:K55)*4 -> 579.41957

Sheet Mulago Jn-Kubiri
A1: Consultancy services for Preparation of Expressway Development Master Plan (EDMP) for Uganda
A2: Junction Turning Count Survey
A4: Date: | B4: 43797 | F4: Location: | G4: Mulago Junction
A5: Dir From: | B5: Mulago Junction | F5: Dir To: | G5: Kubiri
A7: Time/Veh type | B7: Car | C7: Utility vehicle | D7: Minibus, matatu | E7: Medium bus, coaster | F7: Large bus, coach | G7: Light truck | H7: Medium truck | I7: Heavy truck | J7: Truck trailer and semi trailer | K7: Motorcycles | L7: Vehicle Total | M7: Overall Total
A8: 07.00 - 07.15 | B8: 56.244024 | C8: 67.917312 | D8: 30.775032 | E8: 0 | F8: 0 | G8: 3.183624 | H8: 0 | I8: 2.122416 | J8: 1.061208 | K8: 100.81476 | L8: =SUM(B8:J8) -> 161.30362 | M8: =SUM(B8:K8) -> 262.11838
A9: 07.15 - 07.30 | B9: 36.081072 | C9: 42.44832 | D9: 31.83624 | E9: 7.428456 | F9: 0 | G9: 1.061208 | H9: 0 | I9: 1.061208 | J9: 1.061208 | K9: 82.774224 | L9: =SUM(B9:J9) -> 120.97771 | M9: =SUM(B9:K9) -> 203.75194
A10: 07.30 - 07.45 | B10: 31.83624 | C10: 35.019864 | D10: 35.019864 | E10: 1.061208 | F10: 1.061208 | G10: 2.122416 | H10: 0 | I10: 0 | J10: 0 | K10: 95.50872 | L10: =SUM(B10:J10) -> 106.1208 | M10: =SUM(B10:K10) -> 201.62952
A11: 07.45 - 08.00 | B11: 36.081072 | C11: 48.815568 | D11: 47.75436 | E11: 0 | F11: 2.122416 | G11: 1.061208 | H11: 0 | I11: 0 | J11: 0 | K11: 95.50872 | L11: =SUM(B11:J11) -> 135.83462 | M11: =SUM(B11:K11) -> 231.34334
A12: 08.00 - 08.15 | B12: 25.468992 | C12: 36.081072 | D12: 33.958656 | E12: 2.122416 | F12: 0 | G12: 1.061208 | H12: 1.061208 | I12: 3.183624 | J12: 1.061208 | K12: 107.18201 | L12: =SUM(B12:J12) -> 103.99838 | M12: =SUM(B12:K12) -> 211.18039
A13: 08.15 - 08.30 | B13: 40.325904 | C13: 43.509528 | D13: 54.121608 | E13: 1.061208 | F13: 1.061208 | G13: 0 | H13: 0 | I13: 1.061208 | J13: 0 | K13: 114.61046 | L13: =SUM(B13:J13) -> 141.14066 | M13: =SUM(B13:K13) -> 255.75113
A14: 08.30 - 08.45 | B14: 46.693152 | C14: 43.509528 | D14: 32.897448 | E14: 1.061208 | F14: 0 | G14: 0 | H14: 0 | I14: 0 | J14: 1.061208 | K14: 111.42684 | L14: =SUM(B14:J14) -> 125.22254 | M14: =SUM(B14:K14) -> 236.64938
A15: 08.45 - 09.00 | B15: 36.081072 | C15: 38.203488 | D15: 32.897448 | E15: 1.061208 | F15: 1.061208 | G15: 3.183624 | H15: 0 | I15: 0 | J15: 1.061208 | K15: 114.61046 | L15: =SUM(B15:J15) -> 113.54926 | M15: =SUM(B15:K15) -> 228.15972
A16: 09.00 - 09.15 | B16: 27.591408 | C16: 54.121608 | D16: 50.937984 | E16: 4.244832 | F16: 0 | G16: 0 | H16: 2.122416 | I16: 1.061208 | J16: 0 | K16: 108.24322 | L16: =SUM(B16:J16) -> 140.07946 | M16: =SUM(B16:K16) -> 248.32267
A17: 09.15 - 09.30 | B17: 47.75436 | C17: 66.856104 | D17: 49.876776 | E17: 0 | F17: 3.183624 | G17: 4.244832 | H17: 4.244832 | I17: 1.061208 | J17: 1.061208 | K17: 119.9165 | L17: =SUM(B17:J17) -> 178.28294 | M17: =SUM(B17:K17) -> 298.19945
A18: 09.30 - 09.45 | B18: 44.570736 | C18: 48.815568 | D18: 44.570736 | E18: 0 | F18: 0 | G18: 0 | H18: 1.061208 | I18: 2.122416 | J18: 1.061208 | K18: 109.30442 | L18: =SUM(B18:J18) -> 142.20187 | M18: =SUM(B18:K18) -> 251.5063
A19: 09.45 - 10.00 | B19: 37.14228 | C19: 50.937984 | D19: 58.36644 | E19: 0 | F19: 0 | G19: 0 | H19: 0 | I19: 3.183624 | J19: 0 | K19: 95.50872 | L19: =SUM(B19:J19) -> 149.63033 | M19: =SUM(B19:K19) -> 245.13905
... A55: 18.45 - 19.00 | B55: 88.080264 | C55: 105.05959 | D55: 63.67248 | E55: 1.061208 | F55: 0 | G55: 4.244832 | H55: 1.061208 | I55: 0 | J55: 2.122416 | K55: 148.56912 | L55: =SUM(B55:J55) -> 265.302 | M55: =SUM(B55:K55) -> 413.87112
B56: =SUM(B8:B55) -> 2493.8388 | C56: =SUM(C8:C55) -> 3104.0334 | D56: =SUM(D8:D55) -> 2126.6608 | E56: =SUM(E8:E55) -> 65.794896 | F56: =SUM(F8:F55) -> 41.387112 | G56: =SUM(G8:G55) -> 71.100936 | H56: =SUM(H8:H55) -> 70.039728 | I56: =SUM(I8:I55) -> 95.50872 | ... K56: =SUM(K8:K55) -> 5351.6719 | L56: =SUM(B56:J56) -> 8107.6291 | M56: =SUM(B56:K56) -> 13459.301
A57: Average AM | B57: =AVERAGE(B8:B19)*4 -> 155.2901 | C57: =AVERAGE(C8:C19)*4 -> 192.07865 | D57: =AVERAGE(D8:D19)*4 -> 167.67086 | E57: =AVERAGE(E8:E19)*4 -> 6.013512 | F57: =AVERAGE(F8:F19)*4 -> 2.829888 | G57: =AVERAGE(G8:G19)*4 -> 5.30604 | H57: =AVERAGE(H8:H19)*4 -> 2.829888 | I57: =AVERAGE(I8:I19)*4 -> 4.952304 | ... K57: =AVERAGE(K8:K19)*4 -> 418.46969 | M57: =SUM(M8:M55) -> 13459.301
A58: Average PM | B58: =AVERAGE(B44:B55)*4 -> 259.99596 | C58: =AVERAGE(C44:C55)*4 -> 351.25985 | D58: =AVERAGE(D44:D55)*4 -> 192.43238 | E58: =AVERAGE(E44:E55)*4 -> 8.135928 | F58: =AVERAGE(F44:F55)*4 -> 2.829888 | G58: =AVERAGE(G44:G55)*4 -> 9.904608 | H58: =AVERAGE(H44:H55)*4 -> 7.428456 | I58: =AVERAGE(I44:I55)*4 -> 8.8434 | ... K58: =AVERAGE(K44:K55)*4 -> 473.29877

Sheet Mulago Jn -Kamwokya
A1: Consultancy services for Preparation of Expressway Development Master Plan (EDMP) for Uganda
A2: Junction Turning Count Survey
A4: Date: | B4: 43797 | F4: Location: | G4: Mulago Junction
A5: Dir From: | B5: Mulago Junction | F5: Dir To: | G5: Kamwokya
A7: Time/Veh type | B7: Car | C7: Utility vehicle | D7: Minibus, matatu | E7: Medium bus, coaster | F7: Large bus, coach | G7: Light truck | H7: Medium truck | I7: Heavy truck | J7: Truck trailer and semi trailer | K7: Motorcycles | L7: Vehicle Total | M7: Overall Total
A8: 07.00 - 07.15 | B8: 8.489664 | C8: 27.591408 | D8: 44.570736 | E8: 0 | F8: 0 | G8: 1.061208 | H8: 3.183624 | I8: 0 | J8: 0 | K8: 43.509528 | L8: =SUM(B8:J8) -> 84.89664 | M8: =SUM(B8:K8) -> 128.40617
A9: 07.15 - 07.30 | B9: 76.406976 | C9: 40.325904 | D9: 134.77342 | E9: 0 | F9: 0 | G9: 4.244832 | H9: 0 | I9: 0 | J9: 0 | K9: 115.67167 | L9: =SUM(B9:J9) -> 255.75113 | M9: =SUM(B9:K9) -> 371.4228
A10: 07.30 - 07.45 | B10: 39.264696 | C10: 39.264696 | D10: 97.631136 | E10: 0 | F10: 0 | G10: 2.122416 | H10: 2.122416 | I10: 1.061208 | J10: 0 | K10: 122.03892 | L10: =SUM(B10:J10) -> 181.46657 | M10: =SUM(B10:K10) -> 303.50549
A11: 07.45 - 08.00 | B11: 49.876776 | C11: 44.570736 | D11: 84.89664 | E11: 0 | F11: 1.061208 | G11: 3.183624 | H11: 0 | I11: 0 | J11: 0 | K11: 145.3855 | L11: =SUM(B11:J11) -> 183.58898 | M11: =SUM(B11:K11) -> 328.97448
A12: 08.00 - 08.15 | B12: 76.406976 | C12: 110.36563 | D12: 141.14066 | E12: 0 | F12: 0 | G12: 1.061208 | H12: 1.061208 | I12: 0 | J12: 0 | K12: 176.16053 | L12: =SUM(B12:J12) -> 330.03569 | M12: =SUM(B12:K12) -> 506.19622
A13: 08.15 - 08.30 | B13: 45.631944 | C13: 78.529392 | D13: 96.569928 | E13: 0 | F13: 0 | G13: 2.122416 | H13: 2.122416 | I13: 3.183624 | J13: 0 | K13: 181.46657 | L13: =SUM(B13:J13) -> 228.15972 | M13: =SUM(B13:K13) -> 409.62629
A14: 08.30 - 08.45 | B14: 54.121608 | C14: 87.019056 | D14: 91.263888 | E14: 0 | F14: 0 | G14: 0 | H14: 0 | I14: 0 | J14: 0 | K14: 145.3855 | L14: =SUM(B14:J14) -> 232.40455 | M14: =SUM(B14:K14) -> 377.79005
A15: 08.45 - 09.00 | B15: 71.100936 | C15: 63.67248 | D15: 100.81476 | E15: 0 | F15: 0 | G15: 6.367248 | H15: 0 | I15: 0 | J15: 0 | K15: 118.8553 | L15: =SUM(B15:J15) -> 241.95542 | M15: =SUM(B15:K15) -> 360.81072
A16: 09.00 - 09.15 | B16: 81.713016 | C16: 71.100936 | D16: 107.18201 | E16: 0 | F16: 0 | G16: 1.061208 | H16: 1.061208 | I16: 0 | J16: 0 | K16: 123.10013 | L16: =SUM(B16:J16) -> 262.11838 | M16: =SUM(B16:K16) -> 385.2185
A17: 09.15 - 09.30 | B17: 66.856104 | C17: 87.019056 | D17: 88.080264 | E17: 6.367248 | F17: 0 | G17: 0 | H17: 0 | I17: 0 | J17: 0 | K17: 140.07946 | L17: =SUM(B17:J17) -> 248.32267 | M17: =SUM(B17:K17) -> 388.40213
A18: 09.30 - 09.45 | B18: 55.182816 | C18: 64.733688 | D18: 109.30442 | E18: 2.122416 | F18: 0 | G18: 3.183624 | H18: 0 | I18: 1.061208 | J18: 0 | K18: 112.48805 | L18: =SUM(B18:J18) -> 235.58818 | M18: =SUM(B18:K18) -> 348.07622
A19: 09.45 - 10.00 | B19: 64.733688 | C19: 65.794896 | D19: 106.1208 | E19: 0 | F19: 0 | G19: 3.183624 | H19: 1.061208 | I19: 0 | J19: 0 | K19: 172.9769 | L19: =SUM(B19:J19) -> 240.89422 | M19: =SUM(B19:K19) -> 413.87112
... A55: 18.45 - 19.00 | B55: 68.97852 | C55: 64.733688 | D55: 84.89664 | E55: 1.061208 | F55: 0 | G55: 2.122416 | H55: 4.244832 | I55: 0 | J55: 1.061208 | K55: 110.36563 | L55: =SUM(B55:J55) -> 227.09851 | M55: =SUM(B55:K55) -> 337.46414
B56: =SUM(B8:B55) -> 2793.0995 | C56: =SUM(C8:C55) -> 2923.628 | D56: =SUM(D8:D55) -> 4506.9504 | E56: =SUM(E8:E55) -> 65.794896 | F56: =SUM(F8:F55) -> 10.61208 | G56: =SUM(G8:G55) -> 98.692344 | H56: =SUM(H8:H55) -> 71.100936 | I56: =SUM(I8:I55) -> 22.285368 | ... K56: =SUM(K8:K55) -> 6178.353 | L56: =SUM(B56:J56) -> 10502.776 | M56: =SUM(B56:K56) -> 16681.129

Sheet Kamwokya-Mulago Jn
A1: Consultancy services for Preparation of Expressway Development Master Plan (EDMP) for Uganda
A2: Junction Turning Count Survey
A4: Date: | B4: 43797 | F4: Location: | G4: Mulago Junction
A5: Dir From: | B5: Kamwokya | F5: Dir To: | G5: Mulago Junction
A7: Time/Veh type | B7: Car | C7: Utility vehicle | D7: Minibus, matatu | E7: Medium bus, coaster | F7: Large bus, coach | G7: Light truck | H7: Medium truck | I7: Heavy truck | J7: Truck trailer and semi trailer | K7: Motorcycles | L7: Vehicle Total | M7: Overall Total
A8: 07.00 - 07.15 | B8: 145.3855 | C8: 164.48724 | D8: 73.223352 | E8: 1.061208 | F8: 0 | G8: 1.061208 | H8: 0 | I8: 0 | J8: 0 | K8: 114.61046 | L8: =SUM(B8:J8) -> 385.2185 | M8: =SUM(B8:K8) -> 499.82897
A9: 07.15 - 07.30 | B9: 158.11999 | C9: 127.34496 | D9: 59.427648 | E9: 1.061208 | F9: 0 | G9: 1.061208 | H9: 0 | I9: 0 | J9: 0 | K9: 95.50872 | L9: =SUM(B9:J9) -> 347.01502 | M9: =SUM(B9:K9) -> 442.52374
A10: 07.30 - 07.45 | B10: 113.54926 | C10: 123.10013 | D10: 30.775032 | E10: 1.061208 | F10: 0 | G10: 4.244832 | H10: 0 | I10: 0 | J10: 0 | K10: 177.22174 | L10: =SUM(B10:J10) -> 272.73046 | M10: =SUM(B10:K10) -> 449.95219
A11: 07.45 - 08.00 | B11: 116.73288 | C11: 106.1208 | D11: 44.570736 | E11: 0 | F11: 0 | G11: 0 | H11: 0 | I11: 0 | J11: 0 | K11: 182.52778 | L11: =SUM(B11:J11) -> 267.42442 | M11: =SUM(B11:K11) -> 449.95219
A12: 08.00 - 08.15 | B12: 74.28456 | C12: 90.20268 | D12: 26.5302 | E12: 1.061208 | F12: 0 | G12: 35.019864 | H12: 0 | I12: 0 | J12: 0 | K12: 222.85368 | L12: =SUM(B12:J12) -> 227.09851 | M12: =SUM(B12:K12) -> 449.95219
A13: 08.15 - 08.30 | B13: 120.97771 | C13: 84.89664 | D13: 66.856104 | E13: 0 | F13: 0 | G13: 0 | H13: 0 | I13: 0 | J13: 0 | K13: 204.81314 | L13: =SUM(B13:J13) -> 272.73046 | M13: =SUM(B13:K13) -> 477.5436
A14: 08.30 - 08.45 | B14: 67.917312 | C14: 39.264696 | D14: 35.019864 | E14: 0 | F14: 0 | G14: 0 | H14: 0 | I14: 0 | J14: 0 | K14: 180.40536 | L14: =SUM(B14:J14) -> 142.20187 | M14: =SUM(B14:K14) -> 322.60723
A15: 08.45 - 09.00 | B15: 80.651808 | C15: 58.36644 | D15: 56.244024 | E15: 1.061208 | F15: 0 | G15: 0 | H15: 1.061208 | I15: 0 | J15: 0 | K15: 203.75194 | L15: =SUM(B15:J15) -> 197.38469 | M15: =SUM(B15:K15) -> 401.13662
A16: 09.00 - 09.15 | B16: 82.774224 | C16: 70.039728 | D16: 53.0604 | E16: 0 | F16: 0 | G16: 3.183624 | H16: 3.183624 | I16: 0 | J16: 0 | K16: 117.79409 | L16: =SUM(B16:J16) -> 212.2416 | M16: =SUM(B16:K16) -> 330.03569
A17: 09.15 - 09.30 | B17: 95.50872 | C17: 84.89664 | D17: 48.815568 | E17: 0 | F17: 0 | G17: 4.244832 | H17: 1.061208 | I17: 0 | J17: 0 | K17: 157.05878 | L17: =SUM(B17:J17) -> 234.52697 | M17: =SUM(B17:K17) -> 391.58575
A18: 09.30 - 09.45 | B18: 57.305232 | C18: 65.794896 | D18: 35.019864 | E18: 0 | F18: 0 | G18: 1.061208 | H18: 0 | I18: 0 | J18: 0 | K18: 131.58979 | L18: =SUM(B18:J18) -> 159.1812 | M18: =SUM(B18:K18) -> 290.77099
A19: 09.45 - 10.00 | B19: 91.263888 | C19: 90.20268 | D19: 36.081072 | E19: 0 | F19: 0 | G19: 6.367248 | H19: 0 | I19: 0 | J19: 0 | K19: 167.67086 | L19: =SUM(B19:J19) -> 223.91489 | M19: =SUM(B19:K19) -> 391.58575
... A23: 10.45 - 11.00 | B23: 105.05959 | C23: 113.54926 | D23: 25.468992 | E23: 1.061208 | F23: 1.061208 | G23: 1.061208 | H23: 1.061208 | I23: 0 | J23: 0 | K23: 71.100936 | L23: =SUM(B23:J23) -> 248.32267 | M23: =SUM(B23:K23) -> 319.42361
A24: 11.00 - 11.15 | B24: 105.05959 | C24: 110.36563 | D24: 29.713824 | E24: 0 | F24: 0 | G24: 3.183624 | H24: 3.183624 | I24: 0 | J24: 0 | K24: 71.100936 | L24: =SUM(B24:K24) -> 322.60723 | M24: =SUM(B24:K24) -> 322.60723
A25: 11.15 - 11.30 | B25: 107.18201 | C25: 95.50872 | D25: 23.346576 | E25: 0 | F25: 0 | G25: 2.122416 | H25: 1.061208 | I25: 0 | J25: 0 | K25: 82.774224 | L25: =SUM(B25:J25) -> 229.22093 | M25: =SUM(B25:K25) -> 311.99515
A26: 11.30 - 11.45 | B26: 81.713016 | C26: 102.93718 | D26: 28.652616 | E26: 0 | F26: 0 | G26: 0 | H26: 0 | I26: 0 | J26: 2.122416 | K26: 100.81476 | L26: =SUM(B26:J26) -> 215.42522 | M26: =SUM(B26:K26) -> 316.23998
A27: 11.45 - 12.00 | B27: 93.386304 | C27: 91.263888 | D27: 37.14228 | E27: 0 | F27: 0 | G27: 5.30604 | H27: 0 | I27: 0 | J27: 2.122416 | K27: 131.58979 | L27: =SUM(B27:J27) -> 229.22093 | M27: =SUM(B27:K27) -> 360.81072
A28: 12.00 - 12.15 | B28: 94.447512 | C28: 84.89664 | D28: 33.958656 | E28: 0 | F28: 1.061208 | G28: 8.489664 | H28: 2.122416 | I28: 0 | J28: 0 | K28: 150.69154 | L28: =SUM(B28:J28) -> 224.9761 | M28: =SUM(B28:K28) -> 375.66763
A29: 12.15 - 12.30 | B29: 97.631136 | C29: 92.325096 | D29: 42.44832 | E29: 0 | F29: 1.061208 | G29: 6.367248 | H29: 2.122416 | I29: 0 | J29: 0 | K29: 170.85449 | L29: =SUM(B29:J29) -> 241.95542 | M29: =SUM(B29:K29) -> 412.80991
A30: 12.30 - 12.45 | B30: 88.080264 | C30: 91.263888 | D30: 32.897448 | E30: 0 | F30: 0 | G30: 6.367248 | H30: 0 | I30: 0 | J30: 2.122416 | K30: 160.24241 | L30: =SUM(B30:J30) -> 220.73126 | M30: =SUM(B30:K30) -> 380.97367
A31: 12.45 - 13.00 | B31: 100.81476 | C31: 85.957848 | D31: 22.285368 | E31: 0 | F31: 0 | G31: 5.30604 | H31: 0 | I31: 1.061208 | J31: 0 | K31: 132.651 | L31: =SUM(B31:J31) -> 215.42522 | M31: =SUM(B31:K31) -> 348.07622
A32: 13.00 - 13.15 | B32: 79.5906 | C32: 81.713016 | D32: 56.244024 | E32: 0 | F32: 0 | G32: 0 | H32: 0 | I32: 0 | J32: 2.122416 | K32: 106.1208 | L32: =SUM(B32:J32) -> 219.67006 | M32: =SUM(B32:K32) -> 325.79086
A33: 13.15 - 13.30 | B33: 82.774224 | C33: 94.447512 | D33: 42.44832 | E33: 0 | F33: 0 | G33: 2.122416 | H33: 0 | I33: 0 | J33: 1.061208 | K33: 81.713016 | L33: =SUM(B33:J33) -> 222.85368 | M33: =SUM(B33:K33) -> 304.5667
A34: 13.30 - 13.45 | B34: 108.24322 | C34: 82.774224 | D34: 39.264696 | E34: 0 | F34: 0 | G34: 2.122416 | H34: 0 | I34: 4.244832 | J34: 0 | K34: 79.5906 | L34: =SUM(B34:J34) -> 236.64938 | M34: =SUM(B34:K34) -> 316.23998
A35: 13.45 - 14.00 | B35: 90.20268 | C35: 84.89664 | D35: 44.570736 | E35: 0 | F35: 0 | G35: 3.183624 | H35: 0 | I35: 0 | J35: 0 | K35: 83.835432 | L35: =SUM(B35:J35) -> 222.85368 | M35: =SUM(B35:K35) -> 306.68911
A36: 14.00 - 14.15 | B36: 128.40617 | C36: 119.9165 | D36: 50.937984 | E36: 0 | F36: 0 | G36: 0 | H36: 1.061208 | I36: 0 | J36: 1.061208 | K36: 105.05959 | L36: =SUM(B36:J36) -> 301.38307 | M36: =SUM(B36:K36) -> 406.44266
... A55: 18.45 - 19.00 | B55: 81.713016 | C55: 47.75436 | D55: 66.856104 | E55: 0 | F55: 0 | G55: 1.061208 | H55: 1.061208 | I55: 0 | J55: 0 | K55: 126.28375 | L55: =SUM(B55:J55) -> 198.4459 | M55: =SUM(B55:K55) -> 324.72965
B56: =SUM(B8:B55) -> 4680.9885 | C56: =SUM(C8:C55) -> 4365.8097 | D56: =SUM(D8:D55) -> 1922.9089 | E56: =SUM(E8:E55) -> 9.550872 | F56: =SUM(F8:F55) -> 4.244832 | G56: =SUM(G8:G55) -> 151.75274 | H56: =SUM(H8:H55) -> 37.14228 | I56: =SUM(I8:I55) -> 8.489664 | ... K56: =SUM(K8:K55) -> 6166.6797 | L56: =SUM(B56:J56) -> 11193.622 | M56: =SUM(B56:K56) -> 17360.302
A57: Average AM | B57: =AVERAGE(B8:B19)*4 -> 401.49036 | C57: =AVERAGE(C8:C19)*4 -> 368.23918 | D57: =AVERAGE(D8:D19)*4 -> 188.54129 | E57: =AVERAGE(E8:E19)*4 -> 1.76868 | F57: =AVERAGE(F8:F19)*4 -> 0 | G57: =AVERAGE(G8:G19)*4 -> 18.748008 | H57: =AVERAGE(H8:H19)*4 -> 1.76868 | I57: =AVERAGE(I8:I19)*4 -> 0 | ... K57: =AVERAGE(K8:K19)*4 -> 651.93545 | M57: =SUM(M8:M55) -> 17360.302
A58: Average PM | B58: =AVERAGE(B44:B55)*4 -> 344.18513 | C58: =AVERAGE(C44:C55)*4 -> 303.15175 | D58: =AVERAGE(D44:D55)*4 -> 135.83462 | E58: =AVERAGE(E44:E55)*4 -> 0.353736 | F58: =AVERAGE(F44:F55)*4 -> 0.353736 | G58: =AVERAGE(G44:G55)*4 -> 8.489664 | H58: =AVERAGE(H44:H55)*4 -> 3.53736 | I58: =AVERAGE(I44:I55)*4 -> 0.353736 | ... K58: =AVERAGE(K44:K55)*4 -> 483.20338

Sheet Mulago Jn-Wandegeya
A1: Consultancy services for Preparation of Expressway Development Master Plan (EDMP) for Uganda
A2: Junction Turning Count Survey
A4: Date: | B4: 43797 | F4: Location: | G4: Mulago Junction
A5: Dir From: | B5: Mulago Junction | F5: Dir To: | G5: Wandegeya
A7: Time/Veh type | B7: Car | C7: Utility vehicle | D7: Minibus, matatu | E7: Medium bus, coaster | F7: Large bus, coach | G7: Light truck | H7: Medium truck | I7: Heavy truck | J7: Truck trailer and semi trailer | K7: Motorcycles | L7: Vehicle Total | M7: Overall Total
A8: 07.00 - 07.15 | B8: 100.81476 | C8: 47.75436 | D8: 58.36644 | E8: 0 | F8: 0 | G8: 2.122416 | H8: 0 | I8: 1.061208 | J8: 0 | K8: 185.7114 | L8: =SUM(B8:J8) -> 210.11918 | M8: =SUM(B8:K8) -> 395.83058
A9: 07.15 - 07.30 | B9: 98.692344 | C9: 39.264696 | D9: 63.67248 | E9: 1.061208 | F9: 1.061208 | G9: 3.183624 | H9: 0 | I9: 1.061208 | J9: 0 | K9: 137.95704 | L9: =SUM(B9:J9) -> 207.99677 | M9: =SUM(B9:K9) -> 345.95381
A10: 07.30 - 07.45 | B10: 143.26308 | C10: 44.570736 | D10: 100.81476 | E10: 8.489664 | F10: 2.122416 | G10: 4.244832 | H10: 0 | I10: 0 | J10: 0 | K10: 159.1812 | L10: =SUM(B10:J10) -> 303.50549 | M10: =SUM(B10:K10) -> 462.68669
A11: 07.45 - 08.00 | B11: 212.2416 | C11: 95.50872 | D11: 100.81476 | E11: 0 | F11: 1.061208 | G11: 3.183624 | H11: 1.061208 | I11: 1.061208 | J11: 0 | K11: 84.89664 | L11: =SUM(B11:J11) -> 414.93233 | M11: =SUM(B11:K11) -> 499.82897
A12: 08.00 - 08.15 | B12: 265.302 | C12: 90.20268 | D12: 106.1208 | E12: 0 | F12: 0 | G12: 7.428456 | H12: 3.183624 | I12: 1.061208 | J12: 0 | K12: 187.83382 | L12: =SUM(B12:J12) -> 473.29877 | M12: =SUM(B12:K12) -> 661.13258
A13: 08.15 - 08.30 | B13: 196.32348 | C13: 106.1208 | D13: 100.81476 | E13: 0 | F13: 0 | G13: 1.061208 | H13: 2.122416 | I13: 0 | J13: 0 | K13: 254.68992 | L13: =SUM(B13:J13) -> 406.44266 | M13: =SUM(B13:K13) -> 661.13258
A14: 08.30 - 08.45 | B14: 153.87516 | C14: 74.28456 | D14: 68.97852 | E14: 1.061208 | F14: 1.061208 | G14: 1.061208 | H14: 0 | I14: 5.30604 | J14: 0 | K14: 344.8926 | L14: =SUM(B14:J14) -> 305.6279 | M14: =SUM(B14:K14) -> 650.5205
A15: 08.45 - 09.00 | B15: 106.1208 | C15: 47.75436 | D15: 26.5302 | E15: 3.183624 | F15: 0 | G15: 2.122416 | H15: 0 | I15: 2.122416 | J15: 0 | K15: 127.34496 | L15: =SUM(B15:J15) -> 187.83382 | M15: =SUM(B15:K15) -> 315.17878
A16: 09.00 - 09.15 | B16: 169.79328 | C16: 79.5906 | D16: 84.89664 | E16: 0 | F16: 2.122416 | G16: 1.061208 | H16: 0 | I16: 1.061208 | J16: 0 | K16: 63.67248 | L16: =SUM(B16:J16) -> 338.52535 | M16: =SUM(B16:K16) -> 402.19783
A17: 09.15 - 09.30 | B17: 143.26308 | C17: 53.0604 | D17: 31.83624 | E17: 0 | F17: 1.061208 | G17: 3.183624 | H17: 0 | I17: 0 | J17: 0 | K17: 153.87516 | L17: =SUM(B17:J17) -> 232.40455 | M17: =SUM(B17:K17) -> 386.27971
A18: 09.30 - 09.45 | B18: 153.87516 | C18: 42.44832 | D18: 68.97852 | E18: 0 | F18: 0 | G18: 0 | H18: 1.061208 | I18: 1.061208 | J18: 0 | K18: 122.03892 | L18: =SUM(B18:J18) -> 267.42442 | M18: =SUM(B18:K18) -> 389.46334
A19: 09.45 - 10.00 | B19: 127.34496 | C19: 53.0604 | D19: 95.50872 | E19: 4.244832 | F19: 3.183624 | G19: 1.061208 | H19: 3.183624 | I19: 1.061208 | J19: 0 | K19: 95.50872 | L19: =SUM(B19:J19) -> 288.64858 | M19: =SUM(B19:K19) -> 384.1573
... A55: 18.45 - 19.00 | B55: 100.81476 | C55: 83.835432 | D55: 53.0604 | E55: 5.30604 | F55: 6.367248 | G55: 5.30604 | H55: 1.061208 | I55: 10.61208 | J55: 1.061208 | K55: 127.34496 | L55: =SUM(B55:J55) -> 267.42442 | M55: =SUM(B55:K55) -> 394.76938
B56: =SUM(B8:B55) -> 6470.1852 | C56: =SUM(C8:C55) -> 3690.8814 | D56: =SUM(D8:D55) -> 3931.7756 | E56: =SUM(E8:E55) -> 68.97852 | F56: =SUM(F8:F55) -> 64.733688 | G56: =SUM(G8:G55) -> 125.22254 | H56: =SUM(H8:H55) -> 85.957848 | I56: =SUM(I8:I55) -> 91.263888 | ... K56: =SUM(K8:K55) -> 7672.5338 | L56: =SUM(B56:J56) -> 14575.692 | M56: =SUM(B56:K56) -> 22248.226
A57: Average AM | B57: =AVERAGE(B8:B19)*4 -> 623.63657 | C57: =AVERAGE(C8:C19)*4 -> 257.87354 | D57: =AVERAGE(D8:D19)*4 -> 302.44428 | E57: =AVERAGE(E8:E19)*4 -> 6.013512 | F57: =AVERAGE(F8:F19)*4 -> 3.891096 | G57: =AVERAGE(G8:G19)*4 -> 9.904608 | H57: =AVERAGE(H8:H19)*4 -> 3.53736 | I57: =AVERAGE(I8:I19)*4 -> 4.952304 | ... K57: =AVERAGE(K8:K19)*4 -> 639.20095 | M57: =SUM(M8:M55) -> 22248.226
A58: Average PM | B58: =AVERAGE(B44:B55)*4 -> 409.98002 | C58: =AVERAGE(C44:C55)*4 -> 267.77815 | D58: =AVERAGE(D44:D55)*4 -> 296.07703 | E58: =AVERAGE(E44:E55)*4 -> 11.673288 | F58: =AVERAGE(F44:F55)*4 -> 10.61208 | G58: =AVERAGE(G44:G55)*4 -> 14.856912 | H58: =AVERAGE(H44:H55)*4 -> 14.503176 | I58: =AVERAGE(I44:I55)*4 -> 14.14944 | ... K58: =AVERAGE(K44:K55)*4 -> 695.09124

Sheet Wandegeya-Mulago Jn
A1: Consultancy services for Preparation of Expressway Development Master Plan (EDMP) for Uganda
A2: Junction Turning Count Survey
A4: Date: | B4: 43797 | F4: Location: | G4: Mulago Junction
A5: Dir From: | B5: Wandegeya | F5: Dir To: | G5: Mulago Junction
A7: Time/Veh type | B7: Car | C7: Utility vehicle | D7: Minibus, matatu | E7: Medium bus, coaster | F7: Large bus, coach | G7: Light truck | H7: Medium truck | I7: Heavy truck | J7: Truck trailer and semi trailer | K7: Motorcycles | L7: Vehicle Total | M7: Overall Total
A8: 07.00 - 07.15 | B8: 61.550064 | C8: 45.631944 | D8: 43.509528 | E8: 1.061208 | F8: 1.061208 | G8: 4.244832 | H8: 1.061208 | I8: 0 | J8: 0 | K8: 89.141472 | L8: =SUM(B8:J8) -> 158.11999 | M8: =SUM(B8:K8) -> 247.26146
A9: 07.15 - 07.30 | B9: 47.75436 | C9: 25.468992 | D9: 64.733688 | E9: 1.061208 | F9: 0 | G9: 0 | H9: 0 | I9: 0 | J9: 0 | K9: 71.100936 | L9: =SUM(B9:J9) -> 139.01825 | M9: =SUM(B9:K9) -> 210.11918
A10: 07.30 - 07.45 | B10: 90.20268 | C10: 31.83624 | D10: 53.0604 | E10: 1.061208 | F10: 0 | G10: 2.122416 | H10: 0 | I10: 0 | J10: 1.061208 | K10: 115.67167 | L10: =SUM(B10:J10) -> 179.34415 | M10: =SUM(B10:K10) -> 295.01582
A11: 07.45 - 08.00 | B11: 58.36644 | C11: 46.693152 | D11: 44.570736 | E11: 3.183624 | F11: 0 | G11: 2.122416 | H11: 3.183624 | I11: 1.061208 | J11: 0 | K11: 127.34496 | L11: =SUM(B11:J11) -> 159.1812 | M11: =SUM(B11:K11) -> 286.52616
A12: 08.00 - 08.15 | B12: 79.5906 | C12: 37.14228 | D12: 35.019864 | E12: 1.061208 | F12: 0 | G12: 2.122416 | H12: 3.183624 | I12: 0 | J12: 0 | K12: 164.48724 | L12: =SUM(B12:J12) -> 158.11999 | M12: =SUM(B12:K12) -> 322.60723
A13: 08.15 - 08.30 | B13: 74.28456 | C13: 60.488856 | D13: 88.080264 | E13: 0 | F13: 1.061208 | G13: 0 | H13: 0 | I13: 0 | J13: 1.061208 | K13: 143.26308 | L13: =SUM(B13:J13) -> 224.9761 | M13: =SUM(B13:K13) -> 368.23918
A14: 08.30 - 08.45 | B14: 47.75436 | C14: 21.22416 | D14: 58.36644 | E14: 2.122416 | F14: 0 | G14: 2.122416 | H14: 0 | I14: 0 | J14: 1.061208 | K14: 175.09932 | L14: =SUM(B14:J14) -> 132.651 | M14: =SUM(B14:K14) -> 307.75032
A15: 08.45 - 09.00 | B15: 49.876776 | C15: 47.75436 | D15: 84.89664 | E15: 0 | F15: 1.061208 | G15: 3.183624 | H15: 0 | I15: 0 | J15: 0 | K15: 177.22174 | L15: =SUM(B15:J15) -> 186.77261 | M15: =SUM(B15:K15) -> 363.99434
A16: 09.00 - 09.15 | B16: 95.50872 | C16: 84.89664 | D16: 68.97852 | E16: 1.061208 | F16: 1.061208 | G16: 2.122416 | H16: 0 | I16: 1.061208 | J16: 0 | K16: 159.1812 | L16: =SUM(B16:J16) -> 254.68992 | M16: =SUM(B16:K16) -> 413.87112
A17: 09.15 - 09.30 | B17: 99.753552 | C17: 78.529392 | D17: 89.141472 | E17: 0 | F17: 4.244832 | G17: 6.367248 | H17: 0 | I17: 1.061208 | J17: 0 | K17: 148.56912 | L17: =SUM(B17:J17) -> 279.0977 | M17: =SUM(B17:K17) -> 427.66682
A18: 09.30 - 09.45 | B18: 106.1208 | C18: 98.692344 | D18: 108.24322 | E18: 0 | F18: 0 | G18: 2.122416 | H18: 1.061208 | I18: 0 | J18: 1.061208 | K18: 180.40536 | L18: =SUM(B18:J18) -> 317.30119 | M18: =SUM(B18:K18) -> 497.70655
A19: 09.45 - 10.00 | B19: 127.34496 | C19: 100.81476 | D19: 132.651 | E19: 0 | F19: 1.061208 | G19: 4.244832 | H19: 0 | I19: 1.061208 | J19: 0 | K19: 159.1812 | L19: =SUM(B19:J19) -> 367.17797 | M19: =SUM(B19:K19) -> 526.35917
... A55: 18.45 - 19.00 | B55: 162.36482 | C55: 206.93556 | D55: 109.30442 | E55: 0 | F55: 0 | G55: 2.122416 | H55: 0 | I55: 0 | J55: 0 | K55: 148.56912 | L55: =SUM(B55:J55) -> 480.72722 | M55: =SUM(B55:K55) -> 629.29634
B56: =SUM(B8:B55) -> 5423.8341 | C56: =SUM(C8:C55) -> 4399.7684 | D56: =SUM(D8:D55) -> 4878.3732 | E56: =SUM(E8:E55) -> 14.856912 | F56: =SUM(F8:F55) -> 40.325904 | G56: =SUM(G8:G55) -> 91.263888 | H56: =SUM(H8:H55) -> 30.775032 | I56: =SUM(I8:I55) -> 18.040536 | ... K56: =SUM(K8:K55) -> 7419.9663 | L56: =SUM(B56:J56) -> 14906.789 | M56: =SUM(B56:K56) -> 22326.755
A57: Average AM | B57: =AVERAGE(B8:B19)*4 -> 312.70262 | C57: =AVERAGE(C8:C19)*4 -> 226.39104 | D57: =AVERAGE(D8:D19)*4 -> 290.41726 | E57: =AVERAGE(E8:E19)*4 -> 3.53736 | F57: =AVERAGE(F8:F19)*4 -> 3.183624 | G57: =AVERAGE(G8:G19)*4 -> 10.258344 | H57: =AVERAGE(H8:H19)*4 -> 2.829888 | I57: =AVERAGE(I8:I19)*4 -> 1.414944 | ... K57: =AVERAGE(K8:K19)*4 -> 570.22243 | M57: =SUM(M8:M55) -> 22326.755
A58: Average PM | B58: =AVERAGE(B44:B55)*4 -> 538.03246 | C58: =AVERAGE(C44:C55)*4 -> 435.44902 | D58: =AVERAGE(D44:D55)*4 -> 433.3266 | E58: =AVERAGE(E44:E55)*4 -> 0 | F58: =AVERAGE(F44:F55)*4 -> 2.476152 | G58: =AVERAGE(G44:G55)*4 -> 4.952304 | H58: =AVERAGE(H44:H55)*4 -> 2.122416 | I58: =AVERAGE(I44:I55)*4 -> 1.061208 | ... K58: =AVERAGE(K44:K55)*4 -> 651.58171

Sheet Yusuf Lule-Mulago Jn
A1: Consultancy services for Preparation of Expressway Development Master Plan (EDMP) for Uganda
A2: Junction Turning Count Survey
A4: Date: | B4: 43797 | F4: Location: | G4: Mulago Junction
A5: Dir From: | B5: Yusuf Lule | F5: Dir To: | G5: Mulago Junction
A7: Time/Veh type | B7: Car | C7: Utility vehicle | D7: Minibus, matatu | E7: Medium bus, coaster | F7: Large bus, coach | G7: Light truck | H7: Medium truck | I7: Heavy truck | J7: Truck trailer and semi trailer | K7: Motorcycles | L7: Vehicle Total | M7: Overall Total
A8: 07.00 - 07.15 | B8: 90.20268 | C8: 49.876776 | D8: 13.795704 | E8: 0 | F8: 0 | G8: 0 | H8: 1.061208 | I8: 1.061208 | J8: 1.061208 | K8: 40.325904 | L8: =SUM(B8:J8) -> 157.05878 | M8: =SUM(B8:K8) -> 197.38469
A9: 07.15 - 07.30 | B9: 59.427648 | C9: 31.83624 | D9: 20.162952 | E9: 6.367248 | F9: 0 | G9: 2.122416 | H9: 2.122416 | I9: 1.061208 | J9: 1.061208 | K9: 31.83624 | L9: =SUM(B9:J9) -> 124.16134 | M9: =SUM(B9:K9) -> 155.99758
A10: 07.30 - 07.45 | B10: 57.305232 | C10: 31.83624 | D10: 20.162952 | E10: 6.367248 | F10: 0 | G10: 2.122416 | H10: 2.122416 | I10: 1.061208 | J10: 1.061208 | K10: 31.83624 | L10: =SUM(B10:J10) -> 122.03892 | M10: =SUM(B10:K10) -> 153.87516
A11: 07.45 - 08.00 | B11: 43.509528 | C11: 28.652616 | D11: 26.5302 | E11: 0 | F11: 2.122416 | G11: 0 | H11: 1.061208 | I11: 0 | J11: 0 | K11: 64.733688 | L11: =SUM(B11:J11) -> 101.87597 | M11: =SUM(B11:K11) -> 166.60966
A12: 08.00 - 08.15 | B12: 61.550064 | C12: 53.0604 | D12: 25.468992 | E12: 2.122416 | F12: 0 | G12: 2.122416 | H12: 1.061208 | I12: 2.122416 | J12: 0 | K12: 114.61046 | L12: =SUM(B12:J12) -> 147.50791 | M12: =SUM(B12:K12) -> 262.11838
A13: 08.15 - 08.30 | B13: 72.162144 | C13: 50.937984 | D13: 38.203488 | E13: 1.061208 | F13: 1.061208 | G13: 1.061208 | H13: 0 | I13: 1.061208 | J13: 0 | K13: 84.89664 | L13: =SUM(B13:J13) -> 165.54845 | M13: =SUM(B13:K13) -> 250.44509
A14: 08.30 - 08.45 | B14: 66.856104 | C14: 56.244024 | D14: 25.468992 | E14: 1.061208 | F14: 0 | G14: 1.061208 | H14: 2.122416 | I14: 2.122416 | J14: 0 | K14: 106.1208 | L14: =SUM(B14:J14) -> 154.93637 | M14: =SUM(B14:K14) -> 261.05717
A15: 08.45 - 09.00 | B15: 42.44832 | C15: 36.081072 | D15: 16.979328 | E15: 0 | F15: 0 | G15: 1.061208 | H15: 0 | I15: 2.122416 | J15: 0 | K15: 111.42684 | L15: =SUM(B15:J15) -> 98.692344 | M15: =SUM(B15:K15) -> 210.11918
A16: 09.00 - 09.15 | B16: 60.488856 | C16: 81.713016 | D16: 37.14228 | E16: 0 | F16: 0 | G16: 1.061208 | H16: 1.061208 | I16: 0 | J16: 0 | K16: 93.386304 | L16: =SUM(B16:J16) -> 181.46657 | M16: =SUM(B16:K16) -> 274.85287
A17: 09.15 - 09.30 | B17: 67.917312 | C17: 53.0604 | D17: 28.652616 | E17: 0 | F17: 0 | G17: 5.30604 | H17: 2.122416 | I17: 0 | J17: 1.061208 | K17: 103.99838 | L17: =SUM(B17:J17) -> 158.11999 | M17: =SUM(B17:K17) -> 262.11838
A18: 09.30 - 09.45 | B18: 76.406976 | C18: 62.611272 | D18: 13.795704 | E18: 0 | F18: 0 | G18: 6.367248 | H18: 0 | I18: 6.367248 | J18: 1.061208 | K18: 83.835432 | L18: =SUM(B18:J18) -> 166.60966 | M18: =SUM(B18:K18) -> 250.44509
A19: 09.45 - 10.00 | B19: 57.305232 | C19: 55.182816 | D19: 15.91812 | E19: 0 | F19: 0 | G19: 3.183624 | H19: 4.244832 | I19: 2.122416 | J19: 0 | K19: 136.89583 | L19: =SUM(B19:J19) -> 137.95704 | M19: =SUM(B19:K19) -> 274.85287
... A55: 18.45 - 19.00 | B55: 77.468184 | C55: 44.570736 | D55: 16.979328 | E55: 1.061208 | F55: 0 | G55: 3.183624 | H55: 3.183624 | I55: 2.122416 | J55: 0 | K55: 97.631136 | L55: =SUM(B55:J55) -> 148.56912 | M55: =SUM(B55:K55) -> 246.20026
B56: =SUM(B8:B55) -> 3946.6326 | C56: =SUM(C8:C55) -> 3192.1137 | D56: =SUM(D8:D55) -> 833.04828 | E56: =SUM(E8:E55) -> 30.775032 | F56: =SUM(F8:F55) -> 18.040536 | G56: =SUM(G8:G55) -> 230.28214 | H56: =SUM(H8:H55) -> 122.03892 | I56: =SUM(I8:I55) -> 85.957848 | ... K56: =SUM(K8:K55) -> 4368.9933 | L56: =SUM(B56:J56) -> 8493.9088 | M56: =SUM(B56:K56) -> 12862.902
A57: Average AM | B57: =AVERAGE(B8:B19)*4 -> 251.86003 | C57: =AVERAGE(C8:C19)*4 -> 197.03095 | D57: =AVERAGE(D8:D19)*4 -> 94.093776 | E57: =AVERAGE(E8:E19)*4 -> 5.659776 | F57: =AVERAGE(F8:F19)*4 -> 1.061208 | G57: =AVERAGE(G8:G19)*4 -> 8.489664 | H57: =AVERAGE(H8:H19)*4 -> 5.659776 | I57: =AVERAGE(I8:I19)*4 -> 6.367248 | ... K57: =AVERAGE(K8:K19)*4 -> 334.63426 | M57: =SUM(M8:M55) -> 12862.902
A58: Average PM | B58: =AVERAGE(B44:B55)*4 -> 393.35443 | C58: =AVERAGE(C44:C55)*4 -> 290.77099 | D58: =AVERAGE(D44:D55)*4 -> 71.454672 | E58: =AVERAGE(E44:E55)*4 -> 2.122416 | F58: =AVERAGE(F44:F55)*4 -> 0 | G58: =AVERAGE(G44:G55)*4 -> 13.795704 | H58: =AVERAGE(H44:H55)*4 -> 9.197136 | I58: =AVERAGE(I44:I55)*4 -> 4.952304 | ... K58: =AVERAGE(K44:K55)*4 -> 384.86477

Sheet Mulago Jn -Yusuf Lule
A1: Consultancy services for Preparation of Expressway Development Master Plan (EDMP) for Uganda
A2: Junction Turning Count Survey
A4: Date: | B4: 43797 | F4: Location: | G4: Mulago Junction
A5: Dir From: | B5: Mulago Junction | F5: Dir To: | G5: Yusuf Lule Road
A7: Time/Veh type | B7: Car | C7: Utility vehicle | D7: Minibus, matatu | E7: Medium bus, coaster | F7: Large bus, coach | G7: Light truck | H7: Medium truck | I7: Heavy truck | J7: Truck trailer and semi trailer | K7: Motorcycles | L7: Vehicle Total | M7: Overall Total
A8: 07.00 - 07.15 | B8: 61.550064 | C8: 44.570736 | D8: 1.061208 | E8: 2.122416 | F8: 1.061208 | G8: 1.061208 | H8: 3.183624 | I8: 1.061208 | J8: 0 | K8: 49.876776 | L8: =SUM(B8:J8) -> 115.67167 | M8: =SUM(B8:K8) -> 165.54845
A9: 07.15 - 07.30 | B9: 33.958656 | C9: 48.815568 | D9: 0 | E9: 0 | F9: 0 | G9: 0 | H9: 0 | I9: 0 | J9: 0 | K9: 65.794896 | L9: =SUM(B9:J9) -> 82.774224 | M9: =SUM(B9:K9) -> 148.56912
A10: 07.30 - 07.45 | B10: 44.570736 | C10: 59.427648 | D10: 2.122416 | E10: 1.061208 | F10: 2.122416 | G10: 0 | H10: 2.122416 | I10: 0 | J10: 1.061208 | K10: 59.427648 | L10: =SUM(B10:J10) -> 112.48805 | M10: =SUM(B10:K10) -> 171.9157
A11: 07.45 - 08.00 | B11: 25.468992 | C11: 37.14228 | D11: 2.122416 | E11: 1.061208 | F11: 0 | G11: 0 | H11: 4.244832 | I11: 1.061208 | J11: 0 | K11: 90.20268 | L11: =SUM(B11:J11) -> 71.100936 | M11: =SUM(B11:K11) -> 161.30362
A12: 08.00 - 08.15 | B12: 38.203488 | C12: 75.345768 | D12: 4.244832 | E12: 0 | F12: 0 | G12: 1.061208 | H12: 3.183624 | I12: 2.122416 | J12: 0 | K12: 123.10013 | L12: =SUM(B12:J12) -> 124.16134 | M12: =SUM(B12:K12) -> 247.26146
A13: 08.15 - 08.30 | B13: 37.14228 | C13: 47.75436 | D13: 2.122416 | E13: 0 | F13: 0 | G13: 0 | H13: 8.489664 | I13: 1.061208 | J13: 0 | K13: 123.10013 | L13: =SUM(B13:J13) -> 96.569928 | M13: =SUM(B13:K13) -> 219.67006
A14: 08.30 - 08.45 | B14: 36.081072 | C14: 85.957848 | D14: 4.244832 | E14: 0 | F14: 0 | G14: 1.061208 | H14: 5.30604 | I14: 0 | J14: 0 | K14: 107.18201 | L14: =SUM(B14:J14) -> 132.651 | M14: =SUM(B14:K14) -> 239.83301
A15: 08.45 - 09.00 | B15: 22.285368 | C15: 38.203488 | D15: 2.122416 | E15: 2.122416 | F15: 0 | G15: 0 | H15: 6.367248 | I15: 2.122416 | J15: 1.061208 | K15: 90.20268 | L15: =SUM(B15:J15) -> 74.28456 | M15: =SUM(B15:K15) -> 164.48724
A16: 09.00 - 09.15 | B16: 47.75436 | C16: 61.550064 | D16: 2.122416 | E16: 1.061208 | F16: 0 | G16: 0 | H16: 3.183624 | I16: 1.061208 | J16: 0 | K16: 95.50872 | L16: =SUM(B16:J16) -> 116.73288 | M16: =SUM(B16:K16) -> 212.2416
A17: 09.15 - 09.30 | B17: 26.5302 | C17: 62.611272 | D17: 1.061208 | E17: 2.122416 | F17: 0 | G17: 0 | H17: 6.367248 | I17: 0 | J17: 0 | K17: 87.019056 | L17: =SUM(B17:J17) -> 98.692344 | M17: =SUM(B17:K17) -> 185.7114
A18: 09.30 - 09.45 | B18: 28.652616 | C18: 68.97852 | D18: 3.183624 | E18: 0 | F18: 0 | G18: 0 | H18: 7.428456 | I18: 0 | J18: 2.122416 | K18: 75.345768 | L18: =SUM(B18:J18) -> 110.36563 | M18: =SUM(B18:K18) -> 185.7114
A19: 09.45 - 10.00 | B19: 27.591408 | C19: 49.876776 | D19: 1.061208 | E19: 0 | F19: 0 | G19: 0 | H19: 7.428456 | I19: 0 | J19: 2.122416 | K19: 96.569928 | L19: =SUM(B19:J19) -> 88.080264 | M19: =SUM(B19:K19) -> 184.65019
... A55: 18.45 - 19.00 | B55: 18.040536 | C55: 45.631944 | D55: 2.122416 | E55: 0 | F55: 0 | G55: 3.183624 | H55: 1.061208 | I55: 0 | J55: 1.061208 | K55: 59.427648 | L55: =SUM(B55:J55) -> 71.100936 | M55: =SUM(B55:K55) -> 130.52858
B56: =SUM(B8:B55) -> 1708.5449 | C56: =SUM(C8:C55) -> 2868.4452 | D56: =SUM(D8:D55) -> 98.692344 | E56: =SUM(E8:E55) -> 14.856912 | F56: =SUM(F8:F55) -> 11.673288 | G56: =SUM(G8:G55) -> 123.10013 | H56: =SUM(H8:H55) -> 247.26146 | I56: =SUM(I8:I55) -> 28.652616 | ... K56: =SUM(K8:K55) -> 3648.4331 | L56: =SUM(B56:J56) -> 5121.3898 | M56: =SUM(B56:K56) -> 8769.8229
