Workbook

Sheet 19.08 Sironko-Mbale
B1: Consultancy services for Preparation of Expressway Development Master Plan (EDMP) for Uganda
B2: MANUAL CLASSIFIED COUNT (MCC)
B3: ROAD NAME: | C3: MCC - C4 - STN120 - MBALE-SIRONKO ROAD
C5: Date | D5: 19.08.19 | F5: Location | G5: xxx | J5: Surveyor | K5: xxx
C6: Dir. From | D6: Sironko | F6: Dir. To | G6: Mbale | J6: Supervisor | K6: xxx
B8: Time / Veh Type | R8: SUMMARY TRAFFIC VOLUMES
C9: 1. Car | D9: 2. Station Wagon | E9: 3. Pickups | F9: 4. Minibus, matatu | G9: 5. Medium bus | H9: 6. Large Bus | I9: 7. Light Truck | J9: 8. Medium Truck | K9: 9. Heavy truck | L9: 10. Truck Trailer | M9: 11. Motor cycles | N9: 12. Tractors | O9: Total Excl M/Cycles | P9: Total All | R9: Time | S9: 1. Car | T9: 2. Station Wagon | U9: 3. Pickups | V9: 4. Minibus, matatu | W9: 5. Medium bus | X9: 6. Large Bus | Y9: 7. Light Truck | Z9: 8. Medium Truck | AA9: 9. Heavy truck | AB9: 10. Truck Trailer | AC9: 11. Motorcycles | AD9: 12. Tractors, Graders | AE9: Total Excl M/ Cycles | AF9: Total All
B10: 07.00 - 07.15 | C10: 0 | D10: 0 | E10: 0 | F10: 0 | G10: 0 | H10: 0 | I10: 0 | J10: 0 | K10: 0 | L10: 0 | M10: 0 | N10: 0 | O10: =SUM(C10:L10,N10) -> 0 | P10: =SUM(C10:N10) -> 0 | R10: 0700-0800 | S10: =SUM(C10:C13) -> 7 | T10: =SUM(D10:D13) -> 1 | U10: =SUM(E10:E13) -> 10 | V10: =SUM(F10:F13) -> 3 | W10: =SUM(G10:G13) -> 0 | X10: =SUM(H10:H13) -> 0 | Y10: =SUM(I10:I13) -> 9 | Z10: =SUM(J10:J13) -> 1 | ... AF10: =SUM(P10:P13) -> 74
B11: 07.15 - 07.30 | C11: 1 | D11: 0 | E11: 1 | F11: 1 | G11: 0 | H11: 0 | I11: 0 | J11: 0 | K11: 0 | L11: 0 | M11: 4 | N11: 0 | O11: =SUM(C11:L11,N11) -> 3 | P11: =SUM(C11:N11) -> 7 | R11: 0800-0900 | S11: =SUM(C14:C17) -> 18 | T11: =SUM(D14:D17) -> 6 | U11: =SUM(E14:E17) -> 28 | V11: =SUM(F14:F17) -> 11 | W11: =SUM(G14:G17) -> 0 | X11: =SUM(H14:H17) -> 0 | Y11: =SUM(I14:I17) -> 8 | Z11: =SUM(J14:J17) -> 0 | ... AF11: =SUM(P14:P17) -> 184
B12: 07.30 - 07.45 | C12: 4 | D12: 0 | E12: 3 | F12: 0 | G12: 0 | H12: 0 | I12: 7 | J12: 1 | K12: 0 | L12: 0 | M12: 5 | N12: 0 | O12: =SUM(C12:L12,N12) -> 15 | P12: =SUM(C12:N12) -> 20 | R12: 0900-1000 | S12: =SUM(C18:C21) -> 14 | T12: =SUM(D18:D21) -> 4 | U12: =SUM(E18:E21) -> 22 | V12: =SUM(F18:F21) -> 17 | W12: =SUM(G18:G21) -> 0 | X12: =SUM(H18:H21) -> 0 | Y12: =SUM(I18:I21) -> 10 | Z12: =SUM(J18:J21) -> 0 | ... AF12: =SUM(P18:P21) -> 195
B13: 07.45 - 08.00 | C13: 2 | D13: 1 | E13: 6 | F13: 2 | G13: 0 | H13: 0 | I13: 2 | J13: 0 | K13: 0 | L13: 0 | M13: 34 | N13: 0 | O13: =SUM(C13:L13,N13) -> 13 | P13: =SUM(C13:N13) -> 47 | R13: 1000-1100 | S13: =SUM(C22:C25) -> 17 | T13: =SUM(D22:D25) -> 6 | U13: =SUM(E22:E25) -> 26 | V13: =SUM(F22:F25) -> 16 | W13: =SUM(G22:G25) -> 0 | X13: =SUM(H22:H25) -> 0 | Y13: =SUM(I22:I25) -> 11 | Z13: =SUM(J22:J25) -> 0 | ... AF13: =SUM(P22:P25) -> 199
B14: 08.00 - 08.15 | C14: 8 | D14: 1 | E14: 6 | F14: 4 | G14: 0 | H14: 0 | I14: 1 | J14: 0 | K14: 0 | L14: 0 | M14: 30 | N14: 0 | O14: =SUM(C14:L14,N14) -> 20 | P14: =SUM(C14:N14) -> 50 | R14: 1100-1200 | S14: =SUM(C26:C29) -> 12 | T14: =SUM(D26:D29) -> 5 | U14: =SUM(E26:E29) -> 21 | V14: =SUM(F26:F29) -> 16 | W14: =SUM(G26:G29) -> 0 | X14: =SUM(H26:H29) -> 0 | Y14: =SUM(I26:I29) -> 5 | Z14: =SUM(J26:J29) -> 0 | ... AF14: =SUM(P26:P29) -> 183
B15: 08.15 - 08.30 | C15: 2 | D15: 3 | E15: 10 | F15: 1 | G15: 0 | H15: 0 | I15: 1 | J15: 0 | K15: 0 | L15: 0 | M15: 40 | N15: 0 | O15: =SUM(C15:L15,N15) -> 17 | P15: =SUM(C15:N15) -> 57 | R15: 1200-1300 | S15: =SUM(C30:C33) -> 11 | T15: =SUM(D30:D33) -> 3 | U15: =SUM(E30:E33) -> 15 | V15: =SUM(F30:F33) -> 16 | W15: =SUM(G30:G33) -> 0 | X15: =SUM(H30:H33) -> 0 | Y15: =SUM(I30:I33) -> 12 | Z15: =SUM(J30:J33) -> 1 | ... AF15: =SUM(P30:P33) -> 181
B16: 08.30 - 08.45 | C16: 5 | D16: 2 | E16: 9 | F16: 2 | G16: 0 | H16: 0 | I16: 4 | J16: 0 | K16: 0 | L16: 0 | M16: 19 | N16: 0 | O16: =SUM(C16:L16,N16) -> 22 | P16: =SUM(C16:N16) -> 41 | R16: 1300-1400 | S16: =SUM(C34:C37) -> 17 | T16: =SUM(D34:D37) -> 4 | U16: =SUM(E34:E37) -> 21 | V16: =SUM(F34:F37) -> 15 | W16: =SUM(G34:G37) -> 0 | X16: =SUM(H34:H37) -> 0 | Y16: =SUM(I34:I37) -> 13 | Z16: =SUM(J34:J37) -> 0 | ... AF16: =SUM(P34:P37) -> 205
B17: 08.45 - 9.00 | C17: 3 | D17: 0 | E17: 3 | F17: 4 | G17: 0 | H17: 0 | I17: 2 | J17: 0 | K17: 0 | L17: 0 | M17: 24 | N17: 0 | O17: =SUM(C17:L17,N17) -> 12 | P17: =SUM(C17:N17) -> 36 | R17: 1400-1500 | S17: =SUM(C38:C41) -> 10 | T17: =SUM(D38:D41) -> 4 | U17: =SUM(E38:E41) -> 21 | V17: =SUM(F38:F41) -> 15 | W17: =SUM(G38:G41) -> 0 | X17: =SUM(H38:H41) -> 0 | Y17: =SUM(I38:I41) -> 13 | Z17: =SUM(J38:J41) -> 0 | ... AF17: =SUM(P38:P41) -> 156
B18: 09.00 - 09.15 | C18: 3 | D18: 0 | E18: 3 | F18: 0 | G18: 0 | H18: 0 | I18: 3 | J18: 0 | K18: 0 | L18: 0 | M18: 26 | N18: 0 | O18: =SUM(C18:L18,N18) -> 9 | P18: =SUM(C18:N18) -> 35 | R18: 1500-1600 | S18: =SUM(C42:C45) -> 18 | T18: =SUM(D42:D45) -> 5 | U18: =SUM(E42:E45) -> 24 | V18: =SUM(F42:F45) -> 14 | W18: =SUM(G42:G45) -> 0 | X18: =SUM(H42:H45) -> 0 | Y18: =SUM(I42:I45) -> 10 | Z18: =SUM(J42:J45) -> 1 | ... AF18: =SUM(P42:P45) -> 182
B19: 09.15 - 09.30 | C19: 6 | D19: 1 | E19: 5 | F19: 6 | G19: 0 | H19: 0 | I19: 0 | J19: 0 | K19: 0 | L19: 0 | M19: 36 | N19: 0 | O19: =SUM(C19:L19,N19) -> 18 | P19: =SUM(C19:N19) -> 54 | R19: 1600-1700 | S19: =SUM(C46:C49) -> 18 | T19: =SUM(D46:D49) -> 7 | U19: =SUM(E46:E49) -> 29 | V19: =SUM(F46:F49) -> 7 | W19: =SUM(G46:G49) -> 1 | X19: =SUM(H46:H49) -> 0 | Y19: =SUM(I46:I49) -> 13 | Z19: =SUM(J46:J49) -> 0 | ... AF19: =SUM(P46:P49) -> 210
B20: 09.30 - 09.45 | C20: 3 | D20: 2 | E20: 8 | F20: 5 | G20: 0 | H20: 0 | I20: 6 | J20: 0 | K20: 0 | L20: 0 | M20: 31 | N20: 0 | O20: =SUM(C20:L20,N20) -> 24 | P20: =SUM(C20:N20) -> 55 | R20: 1700-1800 | S20: =SUM(C50:C53) -> 23 | T20: =SUM(D50:D53) -> 11 | U20: =SUM(E50:E53) -> 42 | V20: =SUM(F50:F53) -> 20 | W20: =SUM(G50:G53) -> 3 | X20: =SUM(H50:H53) -> 0 | Y20: =SUM(I50:I53) -> 9 | Z20: =SUM(J50:J53) -> 0 | ... AF20: =SUM(P50:P53) -> 258
B21: 09.45 - 10.00 | C21: 2 | D21: 1 | E21: 6 | F21: 6 | G21: 0 | H21: 0 | I21: 1 | J21: 0 | K21: 0 | L21: 0 | M21: 35 | N21: 0 | O21: =SUM(C21:L21,N21) -> 16 | P21: =SUM(C21:N21) -> 51 | R21: 1800-1900 | S21: =SUM(C54:C57) -> 20 | T21: =SUM(D54:D57) -> 7 | U21: =SUM(E54:E57) -> 29 | V21: =SUM(F54:F57) -> 23 | W21: =SUM(G54:G57) -> 0 | X21: =SUM(H54:H57) -> 0 | Y21: =SUM(I54:I57) -> 16 | Z21: =SUM(J54:J57) -> 1 | ... AF21: =SUM(P54:P57) -> 231
B22: 10.00 - 10.15 | C22: 7 | D22: 1 | E22: 4 | F22: 4 | G22: 0 | H22: 0 | I22: 3 | J22: 0 | K22: 0 | L22: 0 | M22: 36 | N22: 0 | O22: =SUM(C22:L22,N22) -> 19 | P22: =SUM(C22:N22) -> 55 | R22: AM Peak Hr | S22: =MAX(S10:S12) -> 18 | T22: =MAX(T10:T12) -> 6 | U22: =MAX(U10:U12) -> 28 | V22: =MAX(V10:V12) -> 17 | W22: =MAX(W10:W12) -> 0 | X22: =MAX(X10:X12) -> 0 | Y22: =MAX(Y10:Y12) -> 10 | Z22: =MAX(Z10:Z12) -> 1 | ... AF22: =MAX(AF10:AF12) -> 195
B23: 10.15 - 10.30 | C23: 5 | D23: 2 | E23: 9 | F23: 4 | G23: 0 | H23: 0 | I23: 3 | J23: 0 | K23: 0 | L23: 0 | M23: 19 | N23: 0 | O23: =SUM(C23:L23,N23) -> 23 | P23: =SUM(C23:N23) -> 42 | R23: IP Peak Hr | S23: =MAX(S13:S18) -> 18 | T23: =MAX(T13:T18) -> 6 | U23: =MAX(U13:U18) -> 26 | V23: =MAX(V13:V18) -> 16 | W23: =MAX(W13:W18) -> 0 | X23: =MAX(X13:X18) -> 0 | Y23: =MAX(Y13:Y18) -> 13 | Z23: =MAX(Z13:Z18) -> 1 | ... AF23: =MAX(AF13:AF18) -> 205
B24: 10.30 - 10.45 | C24: 3 | D24: 2 | E24: 8 | F24: 3 | G24: 0 | H24: 0 | I24: 5 | J24: 0 | K24: 0 | L24: 0 | M24: 39 | N24: 0 | O24: =SUM(C24:L24,N24) -> 21 | P24: =SUM(C24:N24) -> 60 | R24: PM Peak Hr | S24: =MAX(S19:S21) -> 23 | T24: =MAX(T19:T21) -> 11 | U24: =MAX(U19:U21) -> 42 | V24: =MAX(V19:V21) -> 23 | W24: =MAX(W19:W21) -> 3 | X24: =MAX(X19:X21) -> 0 | Y24: =MAX(Y19:Y21) -> 16 | Z24: =MAX(Z19:Z21) -> 1 | ... AF24: =MAX(AF19:AF21) -> 258
B25: 10.45 - 11.00 | C25: 2 | D25: 1 | E25: 5 | F25: 5 | G25: 0 | H25: 0 | I25: 0 | J25: 0 | K25: 0 | L25: 0 | M25: 29 | N25: 0 | O25: =SUM(C25:L25,N25) -> 13 | P25: =SUM(C25:N25) -> 42 | R25: AM Period | S25: =SUM(S10:S12) -> 39 | T25: =SUM(T10:T12) -> 11 | U25: =SUM(U10:U12) -> 60 | V25: =SUM(V10:V12) -> 31 | W25: =SUM(W10:W12) -> 0 | X25: =SUM(X10:X12) -> 0 | Y25: =SUM(Y10:Y12) -> 27 | Z25: =SUM(Z10:Z12) -> 1 | ... AF25: =SUM(AF10:AF12) -> 453
B26: 11.00 - 11.15 | C26: 2 | D26: 2 | E26: 8 | F26: 4 | G26: 0 | H26: 0 | I26: 1 | J26: 0 | K26: 0 | L26: 0 | M26: 29 | N26: 0 | O26: =SUM(C26:L26,N26) -> 17 | P26: =SUM(C26:N26) -> 46 | R26: IP Period | S26: =SUM(S13:S18) -> 85 | T26: =SUM(T13:T18) -> 27 | U26: =SUM(U13:U18) -> 128 | V26: =SUM(V13:V18) -> 92 | W26: =SUM(W13:W18) -> 0 | X26: =SUM(X13:X18) -> 0 | Y26: =SUM(Y13:Y18) -> 64 | Z26: =SUM(Z13:Z18) -> 2 | ... AF26: =SUM(AF13:AF18) -> 1106
B27: 11.15 - 11.30 | C27: 8 | D27: 1 | E27: 4 | F27: 2 | G27: 0 | H27: 0 | I27: 1 | J27: 0 | K27: 0 | L27: 0 | M27: 30 | N27: 0 | O27: =SUM(C27:L27,N27) -> 16 | P27: =SUM(C27:N27) -> 46 | R27: PM Period | S27: =SUM(S19:S21) -> 61 | T27: =SUM(T19:T21) -> 25 | U27: =SUM(U19:U21) -> 100 | V27: =SUM(V19:V21) -> 50 | W27: =SUM(W19:W21) -> 4 | X27: =SUM(X19:X21) -> 0 | Y27: =SUM(Y19:Y21) -> 38 | Z27: =SUM(Z19:Z21) -> 1 | ... AF27: =SUM(AF19:AF21) -> 699
B28: 11.30 - 11.45 | C28: 0 | D28: 1 | E28: 4 | F28: 8 | G28: 0 | H28: 0 | I28: 2 | J28: 0 | K28: 0 | L28: 0 | M28: 33 | N28: 0 | O28: =SUM(C28:L28,N28) -> 15 | P28: =SUM(C28:N28) -> 48 | R28: 12 Hours | S28: =SUM(S10:S21) -> 185 | T28: =SUM(T10:T21) -> 63 | U28: =SUM(U10:U21) -> 288 | V28: =SUM(V10:V21) -> 173 | W28: =SUM(W10:W21) -> 4 | X28: =SUM(X10:X21) -> 0 | Y28: =SUM(Y10:Y21) -> 129 | Z28: =SUM(Z10:Z21) -> 4 | ... AF28: =SUM(AF10:AF21) -> 2258
B29: 11.45 - 12.00 | C29: 2 | D29: 1 | E29: 5 | F29: 2 | G29: 0 | H29: 0 | I29: 1 | J29: 0 | K29: 0 | L29: 0 | M29: 32 | N29: 0 | O29: =SUM(C29:L29,N29) -> 11 | P29: =SUM(C29:N29) -> 43
B30: 12.00 - 12.15 | C30: 3 | D30: 1 | E30: 5 | F30: 8 | G30: 0 | H30: 0 | I30: 4 | J30: 0 | K30: 0 | L30: 0 | M30: 42 | N30: 0 | O30: =SUM(C30:L30,N30) -> 21 | P30: =SUM(C30:N30) -> 63
B31: 12.15 - 12.30 | C31: 1 | D31: 0 | E31: 2 | F31: 2 | G31: 0 | H31: 0 | I31: 2 | J31: 0 | K31: 0 | L31: 0 | M31: 33 | N31: 0 | O31: =SUM(C31:L31,N31) -> 7 | P31: =SUM(C31:N31) -> 40
B32: 12.30 - 12.45 | C32: 4 | D32: 0 | E32: 1 | F32: 4 | G32: 0 | H32: 0 | I32: 5 | J32: 0 | K32: 0 | L32: 0 | M32: 34 | N32: 0 | O32: =SUM(C32:L32,N32) -> 14 | P32: =SUM(C32:N32) -> 48
B33: 12.45 - 13.00 | C33: 3 | D33: 2 | E33: 7 | F33: 2 | G33: 0 | H33: 0 | I33: 1 | J33: 1 | K33: 0 | L33: 0 | M33: 14 | N33: 0 | O33: =SUM(C33:L33,N33) -> 16 | P33: =SUM(C33:N33) -> 30
B34: 13.00 - 13.15 | C34: 2 | D34: 2 | E34: 8 | F34: 3 | G34: 0 | H34: 0 | I34: 2 | J34: 0 | K34: 0 | L34: 0 | M34: 39 | N34: 0 | O34: =SUM(C34:L34,N34) -> 17 | P34: =SUM(C34:N34) -> 56
B35: 13.15 - 13.30 | C35: 3 | D35: 1 | E35: 5 | F35: 5 | G35: 0 | H35: 0 | I35: 5 | J35: 0 | K35: 0 | L35: 0 | M35: 32 | N35: 0 | O35: =SUM(C35:L35,N35) -> 19 | P35: =SUM(C35:N35) -> 51
B36: 13.30 - 13.45 | C36: 6 | D36: 1 | E36: 6 | F36: 6 | G36: 0 | H36: 0 | I36: 3 | J36: 0 | K36: 0 | L36: 0 | M36: 35 | N36: 0 | O36: =SUM(C36:L36,N36) -> 22 | P36: =SUM(C36:N36) -> 57
B37: 13.45 - 14.00 | C37: 6 | D37: 0 | E37: 2 | F37: 1 | G37: 0 | H37: 0 | I37: 3 | J37: 0 | K37: 0 | L37: 0 | M37: 29 | N37: 0 | O37: =SUM(C37:L37,N37) -> 12 | P37: =SUM(C37:N37) -> 41
B38: 14.00 - 14.15 | C38: 1 | D38: 1 | E38: 5 | F38: 5 | G38: 0 | H38: 0 | I38: 4 | J38: 0 | K38: 0 | L38: 0 | M38: 24 | N38: 0 | O38: =SUM(C38:L38,N38) -> 16 | P38: =SUM(C38:N38) -> 40
B39: 14.15 - 14.30 | C39: 2 | D39: 1 | E39: 4 | F39: 2 | G39: 0 | H39: 0 | I39: 1 | J39: 0 | K39: 0 | L39: 0 | M39: 24 | N39: 0 | O39: =SUM(C39:L39,N39) -> 10 | P39: =SUM(C39:N39) -> 34
B40: 14.30 - 14.45 | C40: 6 | D40: 1 | E40: 6 | F40: 5 | G40: 0 | H40: 0 | I40: 5 | J40: 0 | K40: 0 | L40: 0 | M40: 25 | N40: 0 | O40: =SUM(C40:L40,N40) -> 23 | P40: =SUM(C40:N40) -> 48
... B57: 18.45 - 19.00 | C57: 4 | D57: 0 | E57: 2 | F57: 6 | G57: 0 | H57: 0 | I57: 3 | J57: 0 | K57: 0 | L57: 0 | M57: 28 | N57: 0 | O57: =SUM(C57:L57,N57) -> 15 | P57: =SUM(C57:N57) -> 43
B58: Totals | C58: =SUM(C10:C57) -> 185 | D58: =SUM(D10:D57) -> 63 | E58: =SUM(E10:E57) -> 288 | F58: =SUM(F10:F57) -> 173 | G58: =SUM(G10:G57) -> 4 | H58: =SUM(H10:H57) -> 0 | I58: =SUM(I10:I57) -> 129 | J58: =SUM(J10:J57) -> 4 | ... P58: =SUM(P10:P57) -> 2258
B59: %ges + MCs | C59: =C58/$P$58 -> 0.081930912 | D59: =D58/$P$58 -> 0.027900797 | E59: =E58/$P$58 -> 0.1275465 | F59: =F58/$P$58 -> 0.076616475 | G59: =G58/$P$58 -> 0.0017714792 | H59: =H58/$P$58 -> 0 | I59: =I58/$P$58 -> 0.057130204 | J59: =J58/$P$58 -> 0.0017714792 | ... N59: =N58/$P$58 -> 0
B60: %ges w/o MCs | C60: =C58/$O$58 -> 0.21867612 | D60: =D58/$O$58 -> 0.074468085 | E60: =E58/$O$58 -> 0.34042553 | F60: =F58/$O$58 -> 0.20449173 | G60: =G58/$O$58 -> 0.0047281324 | H60: =H58/$O$58 -> 0 | I60: =I58/$O$58 -> 0.15248227 | J60: =J58/$O$58 -> 0.0047281324 | ... L60: =L58/$O$58 -> 0 | N60: =N58/$O$58 -> 0

Sheet 19.08 Mbale-Sironko
B1: Consultancy services for Preparation of Expressway Development Master Plan (EDMP) for Uganda
B2: MANUAL CLASSIFIED COUNT (MCC)
B3: ROAD NAME: | C3: ='19.08 Sironko-Mbale'!C3:G3 -> MCC - C4 - STN120 - MBALE-SIRONKO ROAD
C5: Date | D5: ='19.08 Sironko-Mbale'!D5 -> 19.08.19 | F5: Location | G5: ='19.08 Sironko-Mbale'!G5:H5 -> xxx | J5: Surveyor | K5: ='19.08 Sironko-Mbale'!K5:L5 -> xxx
C6: Dir. From | D6: Mbale | F6: Dir. To | G6: Sironko | J6: Supervisor | K6: ='19.08 Sironko-Mbale'!K6:L6 -> xxx
B8: Time / Veh Type | R8: SUMMARY TRAFFIC VOLUMES
C9: 1. Car | D9: 2. Station Wagon | E9: 3. Pickups | F9: 4. Minibus, matatu | G9: 5. Medium bus | H9: 6. Large Bus | I9: 7. Light Truck | J9: 8. Medium Truck | K9: 9. Heavy truck | L9: 10. Truck Trailer | M9: 11. Motor cycles | N9: 12. Tractors | O9: Total Excl M/Cycles | P9: Total All | R9: Time | S9: 1. Car | T9: 2. Station Wagon | U9: 3. Pickups | V9: 4. Minibus, matatu | W9: 5. Medium bus | X9: 6. Large Bus | Y9: 7. Light Truck | Z9: 8. Medium Truck | AA9: 9. Heavy truck | AB9: 10. Truck Trailer | AC9: 11. Motorcycles | AD9: 12. Tractors, Graders | AE9: Total Excl M/ Cycles | AF9: Total All
B10: 07.00 - 07.15 | C10: 0 | D10: =ROUNDDOWN((0.3*E10),0) -> 0 | E10: 0 | F10: 0 | G10: 0 | H10: 0 | I10: 0 | J10: 0 | K10: 0 | L10: =SUM('[1]RD4 MCC'!R54:U54) -> 0 | M10: 0 | N10: 0 | O10: =SUM(C10:L10,N10) -> 0 | P10: =SUM(C10:N10) -> 0 | R10: 0700-0800 | S10: =SUM(C10:C13) -> 7 | T10: =SUM(D10:D13) -> 1 | U10: =SUM(E10:E13) -> 10 | V10: =SUM(F10:F13) -> 4 | W10: =SUM(G10:G13) -> 0 | X10: =SUM(H10:H13) -> 0 | Y10: =SUM(I10:I13) -> 3 | Z10: =SUM(J10:J13) -> 0 | ... AF10: =SUM(P10:P13) -> 68
B11: 07.15 - 07.30 | C11: 1 | D11: =ROUNDDOWN((0.3*E11),0) -> 0 | E11: 1 | F11: 2 | G11: 0 | H11: 0 | I11: 0 | J11: 0 | K11: 0 | L11: =SUM('[1]RD4 MCC'!R55:U55) -> 0 | M11: 4 | N11: 0 | O11: =SUM(C11:L11,N11) -> 4 | P11: =SUM(C11:N11) -> 8 | R11: 0800-0900 | S11: =SUM(C14:C17) -> 18 | T11: =SUM(D14:D17) -> 4 | U11: =SUM(E14:E17) -> 22 | V11: =SUM(F14:F17) -> 11 | W11: =SUM(G14:G17) -> 1 | X11: =SUM(H14:H17) -> 0 | Y11: =SUM(I14:I17) -> 3 | Z11: =SUM(J14:J17) -> 0 | ... AF11: =SUM(P14:P17) -> 141
B12: 07.30 - 07.45 | C12: 4 | D12: =ROUNDDOWN((0.3*E12),0) -> 0 | E12: 3 | F12: 0 | G12: 0 | H12: 0 | I12: 0 | J12: 0 | K12: 0 | L12: =SUM('[1]RD4 MCC'!R56:U56) -> 0 | M12: 5 | N12: 0 | O12: =SUM(C12:L12,N12) -> 7 | P12: =SUM(C12:N12) -> 12 | R12: 0900-1000 | S12: =SUM(C18:C21) -> 13 | T12: =SUM(D18:D21) -> 6 | U12: =SUM(E18:E21) -> 25 | V12: =SUM(F18:F21) -> 13 | W12: =SUM(G18:G21) -> 1 | X12: =SUM(H18:H21) -> 0 | Y12: =SUM(I18:I21) -> 15 | Z12: =SUM(J18:J21) -> 0 | ... AF12: =SUM(P18:P21) -> 171
B13: 07.45 - 08.00 | C13: 2 | D13: =ROUNDDOWN((0.3*E13),0) -> 1 | E13: 6 | F13: 2 | G13: 0 | H13: 0 | I13: 3 | J13: 0 | K13: 0 | L13: =SUM('[1]RD4 MCC'!R57:U57) -> 0 | M13: 34 | N13: 0 | O13: =SUM(C13:L13,N13) -> 14 | P13: =SUM(C13:N13) -> 48 | R13: 1000-1100 | S13: =SUM(C22:C25) -> 20 | T13: =SUM(D22:D25) -> 8 | U13: =SUM(E22:E25) -> 29 | V13: =SUM(F22:F25) -> 10 | W13: =SUM(G22:G25) -> 1 | X13: =SUM(H22:H25) -> 0 | Y13: =SUM(I22:I25) -> 16 | Z13: =SUM(J22:J25) -> 1 | ... AF13: =SUM(P22:P25) -> 209
B14: 08.00 - 08.15 | C14: 5 | D14: =ROUNDDOWN((0.3*E14),0) -> 0 | E14: 3 | F14: 3 | G14: 1 | H14: 0 | I14: 0 | J14: 0 | K14: 0 | L14: =SUM('[1]RD4 MCC'!R58:U58) -> 0 | M14: 16 | N14: 0 | O14: =SUM(C14:L14,N14) -> 12 | P14: =SUM(C14:N14) -> 28 | R14: 1100-1200 | S14: =SUM(C26:C29) -> 13 | T14: =SUM(D26:D29) -> 6 | U14: =SUM(E26:E29) -> 25 | V14: =SUM(F26:F29) -> 21 | W14: =SUM(G26:G29) -> 0 | X14: =SUM(H26:H29) -> 0 | Y14: =SUM(I26:I29) -> 15 | Z14: =SUM(J26:J29) -> 2 | ... AF14: =SUM(P26:P29) -> 210
B15: 08.15 - 08.30 | C15: 3 | D15: =ROUNDDOWN((0.3*E15),0) -> 2 | E15: 8 | F15: 2 | G15: 0 | H15: 0 | I15: 3 | J15: 0 | K15: 0 | L15: =SUM('[1]RD4 MCC'!R59:U59) -> 0 | M15: 27 | N15: 0 | O15: =SUM(C15:L15,N15) -> 18 | P15: =SUM(C15:N15) -> 45 | R15: 1200-1300 | S15: =SUM(C30:C33) -> 12 | T15: =SUM(D30:D33) -> 7 | U15: =SUM(E30:E33) -> 29 | V15: =SUM(F30:F33) -> 17 | W15: =SUM(G30:G33) -> 0 | X15: =SUM(H30:H33) -> 0 | Y15: =SUM(I30:I33) -> 20 | Z15: =SUM(J30:J33) -> 0 | ... AF15: =SUM(P30:P33) -> 190
B16: 08.30 - 08.45 | C16: 5 | D16: =ROUNDDOWN((0.3*E16),0) -> 1 | E16: 5 | F16: 2 | G16: 0 | H16: 0 | I16: 0 | J16: 0 | K16: 0 | L16: =SUM('[1]RD4 MCC'!R60:U60) -> 0 | M16: 28 | N16: 0 | O16: =SUM(C16:L16,N16) -> 13 | P16: =SUM(C16:N16) -> 41 | R16: 1300-1400 | S16: =SUM(C34:C37) -> 14 | T16: =SUM(D34:D37) -> 9 | U16: =SUM(E34:E37) -> 34 | V16: =SUM(F34:F37) -> 18 | W16: =SUM(G34:G37) -> 0 | X16: =SUM(H34:H37) -> 0 | Y16: =SUM(I34:I37) -> 15 | Z16: =SUM(J34:J37) -> 0 | ... AF16: =SUM(P34:P37) -> 204
B17: 08.45 - 9.00 | C17: 5 | D17: =ROUNDDOWN((0.3*E17),0) -> 1 | E17: 6 | F17: 4 | G17: 0 | H17: 0 | I17: 0 | J17: 0 | K17: 0 | L17: =SUM('[1]RD4 MCC'!R61:U61) -> 0 | M17: 11 | N17: 0 | O17: =SUM(C17:L17,N17) -> 16 | P17: =SUM(C17:N17) -> 27 | R17: 1400-1500 | S17: =SUM(C38:C41) -> 18 | T17: =SUM(D38:D41) -> 8 | U17: =SUM(E38:E41) -> 31 | V17: =SUM(F38:F41) -> 17 | W17: =SUM(G38:G41) -> 0 | X17: =SUM(H38:H41) -> 0 | Y17: =SUM(I38:I41) -> 21 | Z17: =SUM(J38:J41) -> 2 | ... AF17: =SUM(P38:P41) -> 204
B18: 09.00 - 09.15 | C18: 2 | D18: =ROUNDDOWN((0.3*E18),0) -> 1 | E18: 4 | F18: 0 | G18: 0 | H18: 0 | I18: 5 | J18: 0 | K18: 0 | L18: =SUM('[1]RD4 MCC'!R62:U62) -> 0 | M18: 26 | N18: 0 | O18: =SUM(C18:L18,N18) -> 12 | P18: =SUM(C18:N18) -> 38 | R18: 1500-1600 | S18: =SUM(C42:C45) -> 15 | T18: =SUM(D42:D45) -> 6 | U18: =SUM(E42:E45) -> 29 | V18: =SUM(F42:F45) -> 18 | W18: =SUM(G42:G45) -> 0 | X18: =SUM(H42:H45) -> 0 | Y18: =SUM(I42:I45) -> 12 | Z18: =SUM(J42:J45) -> 1 | ... AF18: =SUM(P42:P45) -> 187
B19: 09.15 - 09.30 | C19: 6 | D19: =ROUNDDOWN((0.3*E19),0) -> 2 | E19: 7 | F19: 5 | G19: 1 | H19: 0 | I19: 4 | J19: 0 | K19: 0 | L19: =SUM('[1]RD4 MCC'!R63:U63) -> 0 | M19: 20 | N19: 0 | O19: =SUM(C19:L19,N19) -> 25 | P19: =SUM(C19:N19) -> 45 | R19: 1600-1700 | S19: =SUM(C46:C49) -> 18 | T19: =SUM(D46:D49) -> 0 | U19: =SUM(E46:E49) -> 10 | V19: =SUM(F46:F49) -> 20 | W19: =SUM(G46:G49) -> 0 | X19: =SUM(H46:H49) -> 0 | Y19: =SUM(I46:I49) -> 7 | Z19: =SUM(J46:J49) -> 1 | ... AF19: =SUM(P46:P49) -> 177
B20: 09.30 - 09.45 | C20: 3 | D20: =ROUNDDOWN((0.3*E20),0) -> 1 | E20: 6 | F20: 3 | G20: 0 | H20: 0 | I20: 4 | J20: 0 | K20: 0 | L20: =SUM('[1]RD4 MCC'!R64:U64) -> 0 | M20: 25 | N20: 0 | O20: =SUM(C20:L20,N20) -> 17 | P20: =SUM(C20:N20) -> 42 | R20: 1700-1800 | S20: =SUM(C50:C53) -> 14 | T20: =SUM(D50:D53) -> 8 | U20: =SUM(E50:E53) -> 30 | V20: =SUM(F50:F53) -> 16 | W20: =SUM(G50:G53) -> 0 | X20: =SUM(H50:H53) -> 0 | Y20: =SUM(I50:I53) -> 12 | Z20: =SUM(J50:J53) -> 2 | ... AF20: =SUM(P50:P53) -> 236
B21: 09.45 - 10.00 | C21: 2 | D21: =ROUNDDOWN((0.3*E21),0) -> 2 | E21: 8 | F21: 5 | G21: 0 | H21: 0 | I21: 2 | J21: 0 | K21: 0 | L21: =SUM('[1]RD4 MCC'!R65:U65) -> 0 | M21: 27 | N21: 0 | O21: =SUM(C21:L21,N21) -> 19 | P21: =SUM(C21:N21) -> 46 | R21: 1800-1900 | S21: =SUM(C54:C57) -> 26 | T21: =SUM(D54:D57) -> 8 | U21: =SUM(E54:E57) -> 35 | V21: =SUM(F54:F57) -> 13 | W21: =SUM(G54:G57) -> 0 | X21: =SUM(H54:H57) -> 0 | Y21: =SUM(I54:I57) -> 26 | Z21: =SUM(J54:J57) -> 2 | ... AF21: =SUM(P54:P57) -> 244
B22: 10.00 - 10.15 | C22: 2 | D22: =ROUNDDOWN((0.3*E22),0) -> 2 | E22: 8 | F22: 3 | G22: 0 | H22: 0 | I22: 4 | J22: 0 | K22: 0 | L22: =SUM('[1]RD4 MCC'!R66:U66) -> 0 | M22: 32 | N22: 0 | O22: =SUM(C22:L22,N22) -> 19 | P22: =SUM(C22:N22) -> 51 | R22: AM Peak Hr | S22: =MAX(S10:S12) -> 18 | T22: =MAX(T10:T12) -> 6 | U22: =MAX(U10:U12) -> 25 | V22: =MAX(V10:V12) -> 13 | W22: =MAX(W10:W12) -> 1 | X22: =MAX(X10:X12) -> 0 | Y22: =MAX(Y10:Y12) -> 15 | Z22: =MAX(Z10:Z12) -> 0 | ... AF22: =MAX(AF10:AF12) -> 171
B23: 10.15 - 10.30 | C23: 7 | D23: =ROUNDDOWN((0.3*E23),0) -> 2 | E23: 7 | F23: 4 | G23: 0 | H23: 0 | I23: 2 | J23: 1 | K23: 0 | L23: =SUM('[1]RD4 MCC'!R67:U67) -> 0 | M23: 40 | N23: 0 | O23: =SUM(C23:L23,N23) -> 23 | P23: =SUM(C23:N23) -> 63 | R23: IP Peak Hr | S23: =MAX(S13:S18) -> 20 | T23: =MAX(T13:T18) -> 9 | U23: =MAX(U13:U18) -> 34 | V23: =MAX(V13:V18) -> 21 | W23: =MAX(W13:W18) -> 1 | X23: =MAX(X13:X18) -> 0 | Y23: =MAX(Y13:Y18) -> 21 | Z23: =MAX(Z13:Z18) -> 2 | ... AF23: =MAX(AF13:AF18) -> 210
B24: 10.30 - 10.45 | C24: 4 | D24: =ROUNDDOWN((0.3*E24),0) -> 2 | E24: 7 | F24: 2 | G24: 0 | H24: 0 | I24: 3 | J24: 0 | K24: 0 | L24: =SUM('[1]RD4 MCC'!R68:U68) -> 0 | M24: 19 | N24: 0 | O24: =SUM(C24:L24,N24) -> 18 | P24: =SUM(C24:N24) -> 37 | R24: PM Peak Hr | S24: =MAX(S19:S21) -> 26 | T24: =MAX(T19:T21) -> 8 | U24: =MAX(U19:U21) -> 35 | V24: =MAX(V19:V21) -> 20 | W24: =MAX(W19:W21) -> 0 | X24: =MAX(X19:X21) -> 0 | Y24: =MAX(Y19:Y21) -> 26 | Z24: =MAX(Z19:Z21) -> 2 | ... AF24: =MAX(AF19:AF21) -> 244
B25: 10.45 - 11.00 | C25: 7 | D25: =ROUNDDOWN((0.3*E25),0) -> 2 | E25: 7 | F25: 1 | G25: 1 | H25: 0 | I25: 7 | J25: 0 | K25: 0 | L25: =SUM('[1]RD4 MCC'!R69:U69) -> 0 | M25: 33 | N25: 0 | O25: =SUM(C25:L25,N25) -> 25 | P25: =SUM(C25:N25) -> 58 | R25: AM Period | S25: =SUM(S10:S12) -> 38 | T25: =SUM(T10:T12) -> 11 | U25: =SUM(U10:U12) -> 57 | V25: =SUM(V10:V12) -> 28 | W25: =SUM(W10:W12) -> 2 | X25: =SUM(X10:X12) -> 0 | Y25: =SUM(Y10:Y12) -> 21 | Z25: =SUM(Z10:Z12) -> 0 | ... AF25: =SUM(AF10:AF12) -> 380
B26: 11.00 - 11.15 | C26: 4 | D26: =ROUNDDOWN((0.3*E26),0) -> 3 | E26: 11 | F26: 6 | G26: 0 | H26: 0 | I26: 2 | J26: 1 | K26: 0 | L26: =SUM('[1]RD4 MCC'!R70:U70) -> 0 | M26: 37 | N26: 0 | O26: =SUM(C26:L26,N26) -> 27 | P26: =SUM(C26:N26) -> 64 | R26: IP Period | S26: =SUM(S13:S18) -> 92 | T26: =SUM(T13:T18) -> 44 | U26: =SUM(U13:U18) -> 177 | V26: =SUM(V13:V18) -> 101 | W26: =SUM(W13:W18) -> 1 | X26: =SUM(X13:X18) -> 0 | Y26: =SUM(Y13:Y18) -> 99 | Z26: =SUM(Z13:Z18) -> 6 | ... AF26: =SUM(AF13:AF18) -> 1204
B27: 11.15 - 11.30 | C27: 3 | D27: =ROUNDDOWN((0.3*E27),0) -> 2 | E27: 8 | F27: 4 | G27: 0 | H27: 0 | I27: 4 | J27: 0 | K27: 0 | L27: =SUM('[1]RD4 MCC'!R71:U71) -> 0 | M27: 30 | N27: 0 | O27: =SUM(C27:L27,N27) -> 21 | P27: =SUM(C27:N27) -> 51 | R27: PM Period | S27: =SUM(S19:S21) -> 58 | T27: =SUM(T19:T21) -> 16 | U27: =SUM(U19:U21) -> 75 | V27: =SUM(V19:V21) -> 49 | W27: =SUM(W19:W21) -> 0 | X27: =SUM(X19:X21) -> 0 | Y27: =SUM(Y19:Y21) -> 45 | Z27: =SUM(Z19:Z21) -> 5 | ... AF27: =SUM(AF19:AF21) -> 657
B28: 11.30 - 11.45 | C28: 2 | D28: =ROUNDDOWN((0.3*E28),0) -> 0 | E28: 2 | F28: 3 | G28: 0 | H28: 0 | I28: 5 | J28: 0 | K28: 0 | L28: =SUM('[1]RD4 MCC'!R72:U72) -> 0 | M28: 26 | N28: 0 | O28: =SUM(C28:L28,N28) -> 12 | P28: =SUM(C28:N28) -> 38 | R28: 12 Hours | S28: =SUM(S10:S21) -> 188 | T28: =SUM(T10:T21) -> 71 | U28: =SUM(U10:U21) -> 309 | V28: =SUM(V10:V21) -> 178 | W28: =SUM(W10:W21) -> 3 | X28: =SUM(X10:X21) -> 0 | Y28: =SUM(Y10:Y21) -> 165 | Z28: =SUM(Z10:Z21) -> 11 | ... AF28: =SUM(AF10:AF21) -> 2241
B29: 11.45 - 12.00 | C29: 4 | D29: =ROUNDDOWN((0.3*E29),0) -> 1 | E29: 4 | F29: 8 | G29: 0 | H29: 0 | I29: 4 | J29: 1 | K29: 0 | L29: =SUM('[1]RD4 MCC'!R73:U73) -> 0 | M29: 35 | N29: 0 | O29: =SUM(C29:L29,N29) -> 22 | P29: =SUM(C29:N29) -> 57
B30: 12.00 - 12.15 | C30: 2 | D30: =ROUNDDOWN((0.3*E30),0) -> 2 | E30: 7 | F30: 5 | G30: 0 | H30: 0 | I30: 4 | J30: 0 | K30: 0 | L30: =SUM('[1]RD4 MCC'!R74:U74) -> 0 | M30: 34 | N30: 0 | O30: =SUM(C30:L30,N30) -> 20 | P30: =SUM(C30:N30) -> 54
B31: 12.15 - 12.30 | C31: 5 | D31: =ROUNDDOWN((0.3*E31),0) -> 1 | E31: 6 | F31: 7 | G31: 0 | H31: 0 | I31: 10 | J31: 0 | K31: 0 | L31: =SUM('[1]RD4 MCC'!R75:U75) -> 0 | M31: 27 | N31: 0 | O31: =SUM(C31:L31,N31) -> 29 | P31: =SUM(C31:N31) -> 56
B32: 12.30 - 12.45 | C32: 3 | D32: =ROUNDDOWN((0.3*E32),0) -> 2 | E32: 7 | F32: 1 | G32: 0 | H32: 0 | I32: 3 | J32: 0 | K32: 0 | L32: =SUM('[1]RD4 MCC'!R76:U76) -> 0 | M32: 14 | N32: 0 | O32: =SUM(C32:L32,N32) -> 16 | P32: =SUM(C32:N32) -> 30
B33: 12.45 - 13.00 | C33: 2 | D33: =ROUNDDOWN((0.3*E33),0) -> 2 | E33: 9 | F33: 4 | G33: 0 | H33: 0 | I33: 3 | J33: 0 | K33: 1 | L33: =SUM('[1]RD4 MCC'!R77:U77) -> 0 | M33: 29 | N33: 0 | O33: =SUM(C33:L33,N33) -> 21 | P33: =SUM(C33:N33) -> 50
B34: 13.00 - 13.15 | C34: 3 | D34: =ROUNDDOWN((0.3*E34),0) -> 3 | E34: 12 | F34: 2 | G34: 0 | H34: 0 | I34: 3 | J34: 0 | K34: 0 | L34: =SUM('[1]RD4 MCC'!R78:U78) -> 0 | M34: 29 | N34: 0 | O34: =SUM(C34:L34,N34) -> 23 | P34: =SUM(C34:N34) -> 52
B35: 13.15 - 13.30 | C35: 1 | D35: =ROUNDDOWN((0.3*E35),0) -> 2 | E35: 8 | F35: 7 | G35: 0 | H35: 0 | I35: 3 | J35: 0 | K35: 0 | L35: =SUM('[1]RD4 MCC'!R79:U79) -> 0 | M35: 30 | N35: 0 | O35: =SUM(C35:L35,N35) -> 21 | P35: =SUM(C35:N35) -> 51
B36: 13.30 - 13.45 | C36: 6 | D36: =ROUNDDOWN((0.3*E36),0) -> 2 | E36: 7 | F36: 5 | G36: 0 | H36: 0 | I36: 1 | J36: 0 | K36: 0 | L36: =SUM('[1]RD4 MCC'!R80:U80) -> 0 | M36: 26 | N36: 0 | O36: =SUM(C36:L36,N36) -> 21 | P36: =SUM(C36:N36) -> 47
B37: 13.45 - 14.00 | C37: 4 | D37: =ROUNDDOWN((0.3*E37),0) -> 2 | E37: 7 | F37: 4 | G37: 0 | H37: 0 | I37: 8 | J37: 0 | K37: 0 | L37: =SUM('[1]RD4 MCC'!R81:U81) -> 0 | M37: 29 | N37: 0 | O37: =SUM(C37:L37,N37) -> 25 | P37: =SUM(C37:N37) -> 54
B38: 14.00 - 14.15 | C38: 7 | D38: =ROUNDDOWN((0.3*E38),0) -> 2 | E38: 7 | F38: 6 | G38: 0 | H38: 0 | I38: 1 | J38: 1 | K38: 0 | L38: =SUM('[1]RD4 MCC'!R82:U82) -> 0 | M38: 24 | N38: 0 | O38: =SUM(C38:L38,N38) -> 24 | P38: =SUM(C38:N38) -> 48
B39: 14.15 - 14.30 | C39: 1 | D39: =ROUNDDOWN((0.3*E39),0) -> 2 | E39: 8 | F39: 3 | G39: 0 | H39: 0 | I39: 2 | J39: 0 | K39: 0 | L39: =SUM('[1]RD4 MCC'!R83:U83) -> 0 | M39: 25 | N39: 0 | O39: =SUM(C39:L39,N39) -> 16 | P39: =SUM(C39:N39) -> 41
B40: 14.30 - 14.45 | C40: 7 | D40: =ROUNDDOWN((0.3*E40),0) -> 2 | E40: 9 | F40: 3 | G40: 0 | H40: 0 | I40: 11 | J40: 1 | K40: 0 | L40: =SUM('[1]RD4 MCC'!R84:U84) -> 0 | M40: 28 | N40: 0 | O40: =SUM(C40:L40,N40) -> 33 | P40: =SUM(C40:N40) -> 61
... B57: 18.45 - 19.00 | C57: 7 | D57: =ROUNDDOWN((0.3*E57),0) -> 3 | E57: 13 | F57: 4 | G57: 0 | H57: 0 | I57: 9 | J57: 0 | K57: 0 | L57: =SUM('[1]RD4 MCC'!R101:U101) -> 0 | M57: 45 | N57: 0 | O57: =SUM(C57:L57,N57) -> 36 | P57: =SUM(C57:N57) -> 81
B58: Totals | C58: =SUM(C10:C57) -> 188 | D58: =SUM(D10:D57) -> 71 | E58: =SUM(E10:E57) -> 309 | F58: =SUM(F10:F57) -> 178 | G58: =SUM(G10:G57) -> 3 | H58: =SUM(H10:H57) -> 0 | I58: =SUM(I10:I57) -> 165 | J58: =SUM(J10:J57) -> 11 | ... P58: =SUM(P10:P57) -> 2241
B59: %ges + MCs | C59: =C58/$P$58 -> 0.08389112 | D59: =D58/$P$58 -> 0.031682285 | E59: =E58/$P$58 -> 0.13788487 | F59: =F58/$P$58 -> 0.079428826 | G59: =G58/$P$58 -> 0.0013386881 | H59: =H58/$P$58 -> 0 | I59: =I58/$P$58 -> 0.073627845 | J59: =J58/$P$58 -> 0.004908523 | ... N59: =N58/$P$58 -> 0
B60: %ges w/o MCs | C60: =C58/$O$58 -> 0.20215054 | D60: =D58/$O$58 -> 0.076344086 | E60: =E58/$O$58 -> 0.33225806 | F60: =F58/$O$58 -> 0.19139785 | G60: =G58/$O$58 -> 0.0032258065 | H60: =H58/$O$58 -> 0 | I60: =I58/$O$58 -> 0.17741935 | J60: =J58/$O$58 -> 0.011827957 | ... L60: =L58/$O$58 -> 0 | N60: =N58/$O$58 -> 0

Sheet 20.08 Sironko-Mbale
B1: Consultancy services for Preparation of Expressway Development Master Plan (EDMP) for Uganda
B2: MANUAL CLASSIFIED COUNT (MCC)
B3: ROAD NAME: | C3: ='19.08 Sironko-Mbale'!C3:G3 -> MCC - C4 - STN120 - MBALE-SIRONKO ROAD
C5: Date | D5: 20.08.19 | F5: Location | G5: ='19.08 Sironko-Mbale'!G5:H5 -> xxx | J5: Surveyor | K5: ='19.08 Sironko-Mbale'!K5:L5 -> xxx
C6: Dir. From | D6: ='19.08 Sironko-Mbale'!D6:E6 -> Sironko | F6: Dir. To | G6: ='19.08 Sironko-Mbale'!G6:H6 -> Mbale | J6: Supervisor | K6: ='19.08 Sironko-Mbale'!K6:L6 -> xxx
B8: Time / Veh Type | R8: SUMMARY TRAFFIC VOLUMES
C9: 1. Car | D9: 2. Station Wagon | E9: 3. Pickups | F9: 4. Minibus, matatu | G9: 5. Medium bus | H9: 6. Large Bus | I9: 7. Light Truck | J9: 8. Medium Truck | K9: 9. Heavy truck | L9: 10. Truck Trailer | M9: 11. Motor cycles | N9: 12. Tractors | O9: Total Excl M/Cycles | P9: Total All | R9: Time | S9: 1. Car | T9: 2. Station Wagon | U9: 3. Pickups | V9: 4. Minibus, matatu | W9: 5. Medium bus | X9: 6. Large Bus | Y9: 7. Light Truck | Z9: 8. Medium Truck | AA9: 9. Heavy truck | AB9: 10. Truck Trailer | AC9: 11. Motorcycles | AD9: 12. Tractors, Graders | AE9: Total Excl M/ Cycles | AF9: Total All
B10: 07.00 - 07.15 | C10: 0 | D10: 0 | E10: 0 | F10: 0 | G10: 0 | H10: 0 | I10: 0 | J10: 0 | K10: 0 | L10: 0 | M10: 6 | N10: 0 | O10: =SUM(C10:L10,N10) -> 0 | P10: =SUM(C10:N10) -> 6 | R10: 0700-0800 | S10: =SUM(C10:C13) -> 4 | T10: =SUM(D10:D13) -> 1 | U10: =SUM(E10:E13) -> 8 | V10: =SUM(F10:F13) -> 10 | W10: =SUM(G10:G13) -> 0 | X10: =SUM(H10:H13) -> 0 | Y10: =SUM(I10:I13) -> 3 | Z10: =SUM(J10:J13) -> 1 | ... AF10: =SUM(P10:P13) -> 152
B11: 07.15 - 07.30 | C11: 2 | D11: 0 | E11: 1 | F11: 3 | G11: 0 | H11: 0 | I11: 1 | J11: 1 | K11: 0 | L11: 0 | M11: 34 | N11: 0 | O11: =SUM(C11:L11,N11) -> 8 | P11: =SUM(C11:N11) -> 42 | R11: 0800-0900 | S11: =SUM(C14:C17) -> 6 | T11: =SUM(D14:D17) -> 5 | U11: =SUM(E14:E17) -> 21 | V11: =SUM(F14:F17) -> 12 | W11: =SUM(G14:G17) -> 0 | X11: =SUM(H14:H17) -> 0 | Y11: =SUM(I14:I17) -> 4 | Z11: =SUM(J14:J17) -> 0 | ... AF11: =SUM(P14:P17) -> 173
B12: 07.30 - 07.45 | C12: 0 | D12: 0 | E12: 2 | F12: 2 | G12: 0 | H12: 0 | I12: 0 | J12: 0 | K12: 0 | L12: 0 | M12: 44 | N12: 0 | O12: =SUM(C12:L12,N12) -> 4 | P12: =SUM(C12:N12) -> 48 | R12: 0900-1000 | S12: =SUM(C18:C21) -> 14 | T12: =SUM(D18:D21) -> 2 | U12: =SUM(E18:E21) -> 14 | V12: =SUM(F18:F21) -> 10 | W12: =SUM(G18:G21) -> 0 | X12: =SUM(H18:H21) -> 0 | Y12: =SUM(I18:I21) -> 1 | Z12: =SUM(J18:J21) -> 0 | ... AF12: =SUM(P18:P21) -> 160
B13: 07.45 - 08.00 | C13: 2 | D13: 1 | E13: 5 | F13: 5 | G13: 0 | H13: 0 | I13: 2 | J13: 0 | K13: 0 | L13: 0 | M13: 41 | N13: 0 | O13: =SUM(C13:L13,N13) -> 15 | P13: =SUM(C13:N13) -> 56 | R13: 1000-1100 | S13: =SUM(C22:C25) -> 15 | T13: =SUM(D22:D25) -> 1 | U13: =SUM(E22:E25) -> 10 | V13: =SUM(F22:F25) -> 11 | W13: =SUM(G22:G25) -> 0 | X13: =SUM(H22:H25) -> 0 | Y13: =SUM(I22:I25) -> 15 | Z13: =SUM(J22:J25) -> 0 | ... AF13: =SUM(P22:P25) -> 180
B14: 08.00 - 08.15 | C14: 1 | D14: 1 | E14: 4 | F14: 3 | G14: 0 | H14: 0 | I14: 0 | J14: 0 | K14: 0 | L14: 0 | M14: 24 | N14: 0 | O14: =SUM(C14:L14,N14) -> 9 | P14: =SUM(C14:N14) -> 33 | R14: 1100-1200 | S14: =SUM(C26:C29) -> 11 | T14: =SUM(D26:D29) -> 6 | U14: =SUM(E26:E29) -> 22 | V14: =SUM(F26:F29) -> 13 | W14: =SUM(G26:G29) -> 2 | X14: =SUM(H26:H29) -> 0 | Y14: =SUM(I26:I29) -> 2 | Z14: =SUM(J26:J29) -> 2 | ... AF14: =SUM(P26:P29) -> 157
B15: 08.15 - 08.30 | C15: 0 | D15: 2 | E15: 7 | F15: 3 | G15: 0 | H15: 0 | I15: 2 | J15: 0 | K15: 0 | L15: 0 | M15: 32 | N15: 0 | O15: =SUM(C15:L15,N15) -> 14 | P15: =SUM(C15:N15) -> 46 | R15: 1200-1300 | S15: =SUM(C30:C33) -> 7 | T15: =SUM(D30:D33) -> 3 | U15: =SUM(E30:E33) -> 19 | V15: =SUM(F30:F33) -> 7 | W15: =SUM(G30:G33) -> 0 | X15: =SUM(H30:H33) -> 1 | Y15: =SUM(I30:I33) -> 11 | Z15: =SUM(J30:J33) -> 0 | ... AF15: =SUM(P30:P33) -> 174
B16: 08.30 - 08.45 | C16: 4 | D16: 1 | E16: 6 | F16: 3 | G16: 0 | H16: 0 | I16: 2 | J16: 0 | K16: 0 | L16: 0 | M16: 28 | N16: 0 | O16: =SUM(C16:L16,N16) -> 16 | P16: =SUM(C16:N16) -> 44 | R16: 1300-1400 | S16: =SUM(C34:C37) -> 10 | T16: =SUM(D34:D37) -> 3 | U16: =SUM(E34:E37) -> 18 | V16: =SUM(F34:F37) -> 12 | W16: =SUM(G34:G37) -> 0 | X16: =SUM(H34:H37) -> 0 | Y16: =SUM(I34:I37) -> 18 | Z16: =SUM(J34:J37) -> 1 | ... AF16: =SUM(P34:P37) -> 169
B17: 08.45 - 9.00 | C17: 1 | D17: 1 | E17: 4 | F17: 3 | G17: 0 | H17: 0 | I17: 0 | J17: 0 | K17: 0 | L17: 0 | M17: 41 | N17: 0 | O17: =SUM(C17:L17,N17) -> 9 | P17: =SUM(C17:N17) -> 50 | R17: 1400-1500 | S17: =SUM(C38:C41) -> 11 | T17: =SUM(D38:D41) -> 6 | U17: =SUM(E38:E41) -> 28 | V17: =SUM(F38:F41) -> 9 | W17: =SUM(G38:G41) -> 0 | X17: =SUM(H38:H41) -> 0 | Y17: =SUM(I38:I41) -> 20 | Z17: =SUM(J38:J41) -> 1 | ... AF17: =SUM(P38:P41) -> 206
B18: 09.00 - 09.15 | C18: 2 | D18: 0 | E18: 2 | F18: 2 | G18: 0 | H18: 0 | I18: 0 | J18: 0 | K18: 0 | L18: 0 | M18: 25 | N18: 0 | O18: =SUM(C18:L18,N18) -> 6 | P18: =SUM(C18:N18) -> 31 | R18: 1500-1600 | S18: =SUM(C42:C45) -> 13 | T18: =SUM(D42:D45) -> 7 | U18: =SUM(E42:E45) -> 28 | V18: =SUM(F42:F45) -> 12 | W18: =SUM(G42:G45) -> 0 | X18: =SUM(H42:H45) -> 0 | Y18: =SUM(I42:I45) -> 15 | Z18: =SUM(J42:J45) -> 1 | ... AF18: =SUM(P42:P45) -> 202
B19: 09.15 - 09.30 | C19: 2 | D19: 1 | E19: 5 | F19: 2 | G19: 0 | H19: 0 | I19: 0 | J19: 0 | K19: 0 | L19: 0 | M19: 35 | N19: 0 | O19: =SUM(C19:L19,N19) -> 10 | P19: =SUM(C19:N19) -> 45 | R19: 1600-1700 | S19: =SUM(C46:C49) -> 17 | T19: =SUM(D46:D49) -> 4 | U19: =SUM(E46:E49) -> 20 | V19: =SUM(F46:F49) -> 9 | W19: =SUM(G46:G49) -> 0 | X19: =SUM(H46:H49) -> 1 | Y19: =SUM(I46:I49) -> 15 | Z19: =SUM(J46:J49) -> 0 | ... AF19: =SUM(P46:P49) -> 201
B20: 09.30 - 09.45 | C20: 6 | D20: 1 | E20: 5 | F20: 3 | G20: 0 | H20: 0 | I20: 0 | J20: 0 | K20: 0 | L20: 0 | M20: 24 | N20: 0 | O20: =SUM(C20:L20,N20) -> 15 | P20: =SUM(C20:N20) -> 39 | R20: 1700-1800 | S20: =SUM(C50:C53) -> 17 | T20: =SUM(D50:D53) -> 8 | U20: =SUM(E50:E53) -> 33 | V20: =SUM(F50:F53) -> 10 | W20: =SUM(G50:G53) -> 2 | X20: =SUM(H50:H53) -> 1 | Y20: =SUM(I50:I53) -> 16 | Z20: =SUM(J50:J53) -> 1 | ... AF20: =SUM(P50:P53) -> 248
B21: 09.45 - 10.00 | C21: 4 | D21: 0 | E21: 2 | F21: 3 | G21: 0 | H21: 0 | I21: 1 | J21: 0 | K21: 0 | L21: 0 | M21: 35 | N21: 0 | O21: =SUM(C21:L21,N21) -> 10 | P21: =SUM(C21:N21) -> 45 | R21: 1800-1900 | S21: =SUM(C54:C57) -> 19 | T21: =SUM(D54:D57) -> 8 | U21: =SUM(E54:E57) -> 33 | V21: =SUM(F54:F57) -> 11 | W21: =SUM(G54:G57) -> 0 | X21: =SUM(H54:H57) -> 0 | Y21: =SUM(I54:I57) -> 17 | Z21: =SUM(J54:J57) -> 2 | ... AF21: =SUM(P54:P57) -> 194
B22: 10.00 - 10.15 | C22: 1 | D22: 0 | E22: 1 | F22: 1 | G22: 0 | H22: 0 | I22: 5 | J22: 0 | K22: 0 | L22: 0 | M22: 35 | N22: 0 | O22: =SUM(C22:L22,N22) -> 8 | P22: =SUM(C22:N22) -> 43 | R22: AM Peak Hr | S22: =MAX(S10:S12) -> 14 | T22: =MAX(T10:T12) -> 5 | U22: =MAX(U10:U12) -> 21 | V22: =MAX(V10:V12) -> 12 | W22: =MAX(W10:W12) -> 0 | X22: =MAX(X10:X12) -> 0 | Y22: =MAX(Y10:Y12) -> 4 | Z22: =MAX(Z10:Z12) -> 1 | ... AF22: =MAX(AF10:AF12) -> 173
B23: 10.15 - 10.30 | C23: 7 | D23: 0 | E23: 2 | F23: 2 | G23: 0 | H23: 0 | I23: 5 | J23: 0 | K23: 0 | L23: 0 | M23: 30 | N23: 0 | O23: =SUM(C23:L23,N23) -> 16 | P23: =SUM(C23:N23) -> 46 | R23: IP Peak Hr | S23: =MAX(S13:S18) -> 15 | T23: =MAX(T13:T18) -> 7 | U23: =MAX(U13:U18) -> 28 | V23: =MAX(V13:V18) -> 13 | W23: =MAX(W13:W18) -> 2 | X23: =MAX(X13:X18) -> 1 | Y23: =MAX(Y13:Y18) -> 20 | Z23: =MAX(Z13:Z18) -> 2 | ... AF23: =MAX(AF13:AF18) -> 206
B24: 10.30 - 10.45 | C24: 6 | D24: 1 | E24: 5 | F24: 5 | G24: 0 | H24: 0 | I24: 2 | J24: 0 | K24: 0 | L24: 0 | M24: 41 | N24: 0 | O24: =SUM(C24:L24,N24) -> 19 | P24: =SUM(C24:N24) -> 60 | R24: PM Peak Hr | S24: =MAX(S19:S21) -> 19 | T24: =MAX(T19:T21) -> 8 | U24: =MAX(U19:U21) -> 33 | V24: =MAX(V19:V21) -> 11 | W24: =MAX(W19:W21) -> 2 | X24: =MAX(X19:X21) -> 1 | Y24: =MAX(Y19:Y21) -> 17 | Z24: =MAX(Z19:Z21) -> 2 | ... AF24: =MAX(AF19:AF21) -> 248
B25: 10.45 - 11.00 | C25: 1 | D25: 0 | E25: 2 | F25: 3 | G25: 0 | H25: 0 | I25: 3 | J25: 0 | K25: 0 | L25: 0 | M25: 22 | N25: 0 | O25: =SUM(C25:L25,N25) -> 9 | P25: =SUM(C25:N25) -> 31 | R25: AM Period | S25: =SUM(S10:S12) -> 24 | T25: =SUM(T10:T12) -> 8 | U25: =SUM(U10:U12) -> 43 | V25: =SUM(V10:V12) -> 32 | W25: =SUM(W10:W12) -> 0 | X25: =SUM(X10:X12) -> 0 | Y25: =SUM(Y10:Y12) -> 8 | Z25: =SUM(Z10:Z12) -> 1 | ... AF25: =SUM(AF10:AF12) -> 485
B26: 11.00 - 11.15 | C26: 2 | D26: 0 | E26: 0 | F26: 7 | G26: 2 | H26: 0 | I26: 1 | J26: 1 | K26: 0 | L26: 0 | M26: 23 | N26: 0 | O26: =SUM(C26:L26,N26) -> 13 | P26: =SUM(C26:N26) -> 36 | R26: IP Period | S26: =SUM(S13:S18) -> 67 | T26: =SUM(T13:T18) -> 26 | U26: =SUM(U13:U18) -> 125 | V26: =SUM(V13:V18) -> 64 | W26: =SUM(W13:W18) -> 2 | X26: =SUM(X13:X18) -> 1 | Y26: =SUM(Y13:Y18) -> 81 | Z26: =SUM(Z13:Z18) -> 5 | ... AF26: =SUM(AF13:AF18) -> 1088
B27: 11.15 - 11.30 | C27: 2 | D27: 3 | E27: 10 | F27: 5 | G27: 0 | H27: 0 | I27: 1 | J27: 0 | K27: 0 | L27: 0 | M27: 25 | N27: 0 | O27: =SUM(C27:L27,N27) -> 21 | P27: =SUM(C27:N27) -> 46 | R27: PM Period | S27: =SUM(S19:S21) -> 53 | T27: =SUM(T19:T21) -> 20 | U27: =SUM(U19:U21) -> 86 | V27: =SUM(V19:V21) -> 30 | W27: =SUM(W19:W21) -> 2 | X27: =SUM(X19:X21) -> 2 | Y27: =SUM(Y19:Y21) -> 48 | Z27: =SUM(Z19:Z21) -> 3 | ... AF27: =SUM(AF19:AF21) -> 643
B28: 11.30 - 11.45 | C28: 2 | D28: 2 | E28: 7 | F28: 1 | G28: 0 | H28: 0 | I28: 0 | J28: 1 | K28: 0 | L28: 0 | M28: 25 | N28: 0 | O28: =SUM(C28:L28,N28) -> 13 | P28: =SUM(C28:N28) -> 38 | R28: 12 Hours | S28: =SUM(S10:S21) -> 144 | T28: =SUM(T10:T21) -> 54 | U28: =SUM(U10:U21) -> 254 | V28: =SUM(V10:V21) -> 126 | W28: =SUM(W10:W21) -> 4 | X28: =SUM(X10:X21) -> 3 | Y28: =SUM(Y10:Y21) -> 137 | Z28: =SUM(Z10:Z21) -> 9 | ... AF28: =SUM(AF10:AF21) -> 2216
B29: 11.45 - 12.00 | C29: 5 | D29: 1 | E29: 5 | F29: 0 | G29: 0 | H29: 0 | I29: 0 | J29: 0 | K29: 0 | L29: 0 | M29: 26 | N29: 0 | O29: =SUM(C29:L29,N29) -> 11 | P29: =SUM(C29:N29) -> 37
B30: 12.00 - 12.15 | C30: 3 | D30: 2 | E30: 9 | F30: 2 | G30: 0 | H30: 0 | I30: 3 | J30: 0 | K30: 0 | L30: 0 | M30: 33 | N30: 0 | O30: =SUM(C30:L30,N30) -> 19 | P30: =SUM(C30:N30) -> 52
B31: 12.15 - 12.30 | C31: 1 | D31: 0 | E31: 3 | F31: 2 | G31: 0 | H31: 1 | I31: 1 | J31: 0 | K31: 0 | L31: 0 | M31: 39 | N31: 0 | O31: =SUM(C31:L31,N31) -> 8 | P31: =SUM(C31:N31) -> 47
B32: 12.30 - 12.45 | C32: 2 | D32: 0 | E32: 1 | F32: 2 | G32: 0 | H32: 0 | I32: 6 | J32: 0 | K32: 0 | L32: 0 | M32: 24 | N32: 0 | O32: =SUM(C32:L32,N32) -> 11 | P32: =SUM(C32:N32) -> 35
B33: 12.45 - 13.00 | C33: 1 | D33: 1 | E33: 6 | F33: 1 | G33: 0 | H33: 0 | I33: 1 | J33: 0 | K33: 0 | L33: 0 | M33: 30 | N33: 0 | O33: =SUM(C33:L33,N33) -> 10 | P33: =SUM(C33:N33) -> 40
B34: 13.00 - 13.15 | C34: 2 | D34: 2 | E34: 8 | F34: 3 | G34: 0 | H34: 0 | I34: 7 | J34: 0 | K34: 0 | L34: 0 | M34: 29 | N34: 0 | O34: =SUM(C34:L34,N34) -> 22 | P34: =SUM(C34:N34) -> 51
B35: 13.15 - 13.30 | C35: 3 | D35: 0 | E35: 3 | F35: 2 | G35: 0 | H35: 0 | I35: 2 | J35: 0 | K35: 0 | L35: 0 | M35: 26 | N35: 0 | O35: =SUM(C35:L35,N35) -> 10 | P35: =SUM(C35:N35) -> 36
B36: 13.30 - 13.45 | C36: 3 | D36: 1 | E36: 5 | F36: 3 | G36: 0 | H36: 0 | I36: 5 | J36: 1 | K36: 0 | L36: 0 | M36: 27 | N36: 0 | O36: =SUM(C36:L36,N36) -> 18 | P36: =SUM(C36:N36) -> 45
B37: 13.45 - 14.00 | C37: 2 | D37: 0 | E37: 2 | F37: 4 | G37: 0 | H37: 0 | I37: 4 | J37: 0 | K37: 0 | L37: 0 | M37: 25 | N37: 0 | O37: =SUM(C37:L37,N37) -> 12 | P37: =SUM(C37:N37) -> 37
B38: 14.00 - 14.15 | C38: 3 | D38: 1 | E38: 5 | F38: 1 | G38: 0 | H38: 0 | I38: 3 | J38: 0 | K38: 0 | L38: 0 | M38: 32 | N38: 0 | O38: =SUM(C38:L38,N38) -> 13 | P38: =SUM(C38:N38) -> 45
B39: 14.15 - 14.30 | C39: 2 | D39: 2 | E39: 9 | F39: 1 | G39: 0 | H39: 0 | I39: 3 | J39: 0 | K39: 0 | L39: 0 | M39: 44 | N39: 0 | O39: =SUM(C39:L39,N39) -> 17 | P39: =SUM(C39:N39) -> 61
B40: 14.30 - 14.45 | C40: 3 | D40: 3 | E40: 11 | F40: 4 | G40: 0 | H40: 0 | I40: 7 | J40: 1 | K40: 0 | L40: 0 | M40: 34 | N40: 0 | O40: =SUM(C40:L40,N40) -> 29 | P40: =SUM(C40:N40) -> 63
... B57: 18.45 - 19.00 | C57: 4 | D57: 1 | E57: 4 | F57: 2 | G57: 0 | H57: 0 | I57: 4 | J57: 0 | K57: 0 | L57: 0 | M57: 19 | N57: 0 | O57: =SUM(C57:L57,N57) -> 15 | P57: =SUM(C57:N57) -> 34
B58: Totals | C58: =SUM(C10:C57) -> 144 | D58: =SUM(D10:D57) -> 54 | E58: =SUM(E10:E57) -> 254 | F58: =SUM(F10:F57) -> 126 | G58: =SUM(G10:G57) -> 4 | H58: =SUM(H10:H57) -> 3 | I58: =SUM(I10:I57) -> 137 | J58: =SUM(J10:J57) -> 9 | ... P58: =SUM(P10:P57) -> 2216
B59: %ges + MCs | C59: =C58/$P$58 -> 0.064981949 | D59: =D58/$P$58 -> 0.024368231 | E59: =E58/$P$58 -> 0.11462094 | F59: =F58/$P$58 -> 0.056859206 | G59: =G58/$P$58 -> 0.0018050542 | H59: =H58/$P$58 -> 0.0013537906 | I59: =I58/$P$58 -> 0.061823105 | J59: =J58/$P$58 -> 0.0040613718 | ... N59: =N58/$P$58 -> 0
B60: %ges w/o MCs | C60: =C58/$O$58 -> 0.19699042 | D60: =D58/$O$58 -> 0.073871409 | E60: =E58/$O$58 -> 0.34746922 | F60: =F58/$O$58 -> 0.17236662 | G60: =G58/$O$58 -> 0.0054719562 | H60: =H58/$O$58 -> 0.0041039672 | I60: =I58/$O$58 -> 0.1874145 | J60: =J58/$O$58 -> 0.012311902 | ... L60: =L58/$O$58 -> 0 | N60: =N58/$O$58 -> 0

Sheet 20.08 Mbale-Sironko
B1: Consultancy services for Preparation of Expressway Development Master Plan (EDMP) for Uganda
B2: MANUAL CLASSIFIED COUNT (MCC)
B3: ROAD NAME: | C3: ='19.08 Mbale-Sironko'!C3:G3 -> MCC - C4 - STN120 - MBALE-SIRONKO ROAD
C5: Date | D5: ='20.08 Sironko-Mbale'!D5 -> 20.08.19 | F5: Location | G5: ='19.08 Sironko-Mbale'!G5:H5 -> xxx | J5: Surveyor | K5: ='19.08 Sironko-Mbale'!K5:L5 -> xxx
C6: Dir. From | D6: ='19.08 Mbale-Sironko'!D6:E6 -> Mbale | F6: Dir. To | G6: ='19.08 Mbale-Sironko'!G6:H6 -> Sironko | J6: Supervisor | K6: ='19.08 Sironko-Mbale'!K6:L6 -> xxx
B8: Time / Veh Type | R8: SUMMARY TRAFFIC VOLUMES
C9: 1. Car | D9: 2. Station Wagon | E9: 3. Pickups | F9: 4. Minibus, matatu | G9: 5. Medium bus | H9: 6. Large Bus | I9: 7. Light Truck | J9: 8. Medium Truck | K9: 9. Heavy truck | L9: 10. Truck Trailer | M9: 11. Motor cycles | N9: 12. Tractors | O9: Total Excl M/Cycles | P9: Total All | R9: Time | S9: 1. Car | T9: 2. Station Wagon | U9: 3. Pickups | V9: 4. Minibus, matatu | W9: 5. Medium bus | X9: 6. Large Bus | Y9: 7. Light Truck | Z9: 8. Medium Truck | AA9: 9. Heavy truck | AB9: 10. Truck Trailer | AC9: 11. Motorcycles | AD9: 12. Tractors, Graders | AE9: Total Excl M/ Cycles | AF9: Total All
B10: 07.00 - 07.15 | C10: 1 | D10: 0 | E10: 0 | F10: 1 | G10: 0 | H10: 0 | I10: 0 | J10: 0 | K10: 0 | L10: 0 | M10: 2 | N10: 0 | O10: =SUM(C10:L10,N10) -> 2 | P10: =SUM(C10:N10) -> 4 | R10: 0700-0800 | S10: =SUM(C10:C13) -> 4 | T10: =SUM(D10:D13) -> 2 | U10: =SUM(E10:E13) -> 9 | V10: =SUM(F10:F13) -> 3 | W10: =SUM(G10:G13) -> 1 | X10: =SUM(H10:H13) -> 0 | Y10: =SUM(I10:I13) -> 9 | Z10: =SUM(J10:J13) -> 1 | ... AF10: =SUM(P10:P13) -> 82
B11: 07.15 - 07.30 | C11: 1 | D11: 0 | E11: 0 | F11: 1 | G11: 0 | H11: 0 | I11: 3 | J11: 0 | K11: 0 | L11: 0 | M11: 13 | N11: 0 | O11: =SUM(C11:L11,N11) -> 5 | P11: =SUM(C11:N11) -> 18 | R11: 0800-0900 | S11: =SUM(C14:C17) -> 13 | T11: =SUM(D14:D17) -> 4 | U11: =SUM(E14:E17) -> 20 | V11: =SUM(F14:F17) -> 13 | W11: =SUM(G14:G17) -> 0 | X11: =SUM(H14:H17) -> 2 | Y11: =SUM(I14:I17) -> 7 | Z11: =SUM(J14:J17) -> 0 | ... AF11: =SUM(P14:P17) -> 155
B12: 07.30 - 07.45 | C12: 1 | D12: 0 | E12: 2 | F12: 0 | G12: 1 | H12: 0 | I12: 3 | J12: 0 | K12: 0 | L12: 0 | M12: 15 | N12: 0 | O12: =SUM(C12:L12,N12) -> 7 | P12: =SUM(C12:N12) -> 22 | R12: 0900-1000 | S12: =SUM(C18:C21) -> 15 | T12: =SUM(D18:D21) -> 6 | U12: =SUM(E18:E21) -> 25 | V12: =SUM(F18:F21) -> 7 | W12: =SUM(G18:G21) -> 1 | X12: =SUM(H18:H21) -> 0 | Y12: =SUM(I18:I21) -> 9 | Z12: =SUM(J18:J21) -> 0 | ... AF12: =SUM(P18:P21) -> 189
B13: 07.45 - 08.00 | C13: 1 | D13: 2 | E13: 7 | F13: 1 | G13: 0 | H13: 0 | I13: 3 | J13: 1 | K13: 0 | L13: 0 | M13: 23 | N13: 0 | O13: =SUM(C13:L13,N13) -> 15 | P13: =SUM(C13:N13) -> 38 | R13: 1000-1100 | S13: =SUM(C22:C25) -> 22 | T13: =SUM(D22:D25) -> 6 | U13: =SUM(E22:E25) -> 25 | V13: =SUM(F22:F25) -> 2 | W13: =SUM(G22:G25) -> 0 | X13: =SUM(H22:H25) -> 0 | Y13: =SUM(I22:I25) -> 13 | Z13: =SUM(J22:J25) -> 0 | ... AF13: =SUM(P22:P25) -> 209
B14: 08.00 - 08.15 | C14: 1 | D14: 1 | E14: 6 | F14: 2 | G14: 0 | H14: 1 | I14: 2 | J14: 0 | K14: 0 | L14: 0 | M14: 20 | N14: 0 | O14: =SUM(C14:L14,N14) -> 13 | P14: =SUM(C14:N14) -> 33 | R14: 1100-1200 | S14: =SUM(C26:C29) -> 13 | T14: =SUM(D26:D29) -> 3 | U14: =SUM(E26:E29) -> 21 | V14: =SUM(F26:F29) -> 7 | W14: =SUM(G26:G29) -> 1 | X14: =SUM(H26:H29) -> 0 | Y14: =SUM(I26:I29) -> 5 | Z14: =SUM(J26:J29) -> 2 | ... AF14: =SUM(P26:P29) -> 179
B15: 08.15 - 08.30 | C15: 2 | D15: 1 | E15: 4 | F15: 3 | G15: 0 | H15: 1 | I15: 2 | J15: 0 | K15: 0 | L15: 0 | M15: 24 | N15: 0 | O15: =SUM(C15:L15,N15) -> 13 | P15: =SUM(C15:N15) -> 37 | R15: 1200-1300 | S15: =SUM(C30:C33) -> 17 | T15: =SUM(D30:D33) -> 5 | U15: =SUM(E30:E33) -> 23 | V15: =SUM(F30:F33) -> 12 | W15: =SUM(G30:G33) -> 1 | X15: =SUM(H30:H33) -> 1 | Y15: =SUM(I30:I33) -> 10 | Z15: =SUM(J30:J33) -> 0 | ... AF15: =SUM(P30:P33) -> 195
B16: 08.30 - 08.45 | C16: 7 | D16: 1 | E16: 5 | F16: 5 | G16: 0 | H16: 0 | I16: 1 | J16: 0 | K16: 0 | L16: 0 | M16: 26 | N16: 0 | O16: =SUM(C16:L16,N16) -> 19 | P16: =SUM(C16:N16) -> 45 | R16: 1300-1400 | S16: =SUM(C34:C37) -> 12 | T16: =SUM(D34:D37) -> 5 | U16: =SUM(E34:E37) -> 25 | V16: =SUM(F34:F37) -> 7 | W16: =SUM(G34:G37) -> 2 | X16: =SUM(H34:H37) -> 0 | Y16: =SUM(I34:I37) -> 12 | Z16: =SUM(J34:J37) -> 0 | ... AF16: =SUM(P34:P37) -> 186
B17: 08.45 - 9.00 | C17: 3 | D17: 1 | E17: 5 | F17: 3 | G17: 0 | H17: 0 | I17: 2 | J17: 0 | K17: 0 | L17: 0 | M17: 26 | N17: 0 | O17: =SUM(C17:L17,N17) -> 14 | P17: =SUM(C17:N17) -> 40 | R17: 1400-1500 | S17: =SUM(C38:C41) -> 5 | T17: =SUM(D38:D41) -> 8 | U17: =SUM(E38:E41) -> 29 | V17: =SUM(F38:F41) -> 8 | W17: =SUM(G38:G41) -> 0 | X17: =SUM(H38:H41) -> 0 | Y17: =SUM(I38:I41) -> 9 | Z17: =SUM(J38:J41) -> 1 | ... AF17: =SUM(P38:P41) -> 174
B18: 09.00 - 09.15 | C18: 4 | D18: 2 | E18: 8 | F18: 3 | G18: 0 | H18: 0 | I18: 2 | J18: 0 | K18: 0 | L18: 0 | M18: 36 | N18: 0 | O18: =SUM(C18:L18,N18) -> 19 | P18: =SUM(C18:N18) -> 55 | R18: 1500-1600 | S18: =SUM(C42:C45) -> 7 | T18: =SUM(D42:D45) -> 7 | U18: =SUM(E42:E45) -> 28 | V18: =SUM(F42:F45) -> 10 | W18: =SUM(G42:G45) -> 0 | X18: =SUM(H42:H45) -> 0 | Y18: =SUM(I42:I45) -> 9 | Z18: =SUM(J42:J45) -> 2 | ... AF18: =SUM(P42:P45) -> 165
B19: 09.15 - 09.30 | C19: 2 | D19: 1 | E19: 4 | F19: 1 | G19: 0 | H19: 0 | I19: 1 | J19: 0 | K19: 0 | L19: 0 | M19: 23 | N19: 0 | O19: =SUM(C19:L19,N19) -> 9 | P19: =SUM(C19:N19) -> 32 | R19: 1600-1700 | S19: =SUM(C46:C49) -> 21 | T19: =SUM(D46:D49) -> 2 | U19: =SUM(E46:E49) -> 13 | V19: =SUM(F46:F49) -> 8 | W19: =SUM(G46:G49) -> 0 | X19: =SUM(H46:H49) -> 0 | Y19: =SUM(I46:I49) -> 14 | Z19: =SUM(J46:J49) -> 1 | ... AF19: =SUM(P46:P49) -> 193
B20: 09.30 - 09.45 | C20: 6 | D20: 1 | E20: 4 | F20: 2 | G20: 0 | H20: 0 | I20: 3 | J20: 0 | K20: 0 | L20: 0 | M20: 39 | N20: 0 | O20: =SUM(C20:L20,N20) -> 16 | P20: =SUM(C20:N20) -> 55 | R20: 1700-1800 | S20: =SUM(C50:C53) -> 14 | T20: =SUM(D50:D53) -> 6 | U20: =SUM(E50:E53) -> 24 | V20: =SUM(F50:F53) -> 12 | W20: =SUM(G50:G53) -> 0 | X20: =SUM(H50:H53) -> 0 | Y20: =SUM(I50:I53) -> 13 | Z20: =SUM(J50:J53) -> 1 | ... AF20: =SUM(P50:P53) -> 211
B21: 09.45 - 10.00 | C21: 3 | D21: 2 | E21: 9 | F21: 1 | G21: 1 | H21: 0 | I21: 3 | J21: 0 | K21: 0 | L21: 0 | M21: 28 | N21: 0 | O21: =SUM(C21:L21,N21) -> 19 | P21: =SUM(C21:N21) -> 47 | R21: 1800-1900 | S21: =SUM(C54:C57) -> 15 | T21: =SUM(D54:D57) -> 7 | U21: =SUM(E54:E57) -> 29 | V21: =SUM(F54:F57) -> 10 | W21: =SUM(G54:G57) -> 0 | X21: =SUM(H54:H57) -> 0 | Y21: =SUM(I54:I57) -> 14 | Z21: =SUM(J54:J57) -> 1 | ... AF21: =SUM(P54:P57) -> 206
B22: 10.00 - 10.15 | C22: 5 | D22: 2 | E22: 8 | F22: 0 | G22: 0 | H22: 0 | I22: 4 | J22: 0 | K22: 0 | L22: 0 | M22: 31 | N22: 0 | O22: =SUM(C22:L22,N22) -> 19 | P22: =SUM(C22:N22) -> 50 | R22: AM Peak Hr | S22: =MAX(S10:S12) -> 15 | T22: =MAX(T10:T12) -> 6 | U22: =MAX(U10:U12) -> 25 | V22: =MAX(V10:V12) -> 13 | W22: =MAX(W10:W12) -> 1 | X22: =MAX(X10:X12) -> 2 | Y22: =MAX(Y10:Y12) -> 9 | Z22: =MAX(Z10:Z12) -> 1 | ... AF22: =MAX(AF10:AF12) -> 189
B23: 10.15 - 10.30 | C23: 2 | D23: 1 | E23: 6 | F23: 2 | G23: 0 | H23: 0 | I23: 1 | J23: 0 | K23: 0 | L23: 0 | M23: 34 | N23: 0 | O23: =SUM(C23:L23,N23) -> 12 | P23: =SUM(C23:N23) -> 46 | R23: IP Peak Hr | S23: =MAX(S13:S18) -> 22 | T23: =MAX(T13:T18) -> 8 | U23: =MAX(U13:U18) -> 29 | V23: =MAX(V13:V18) -> 12 | W23: =MAX(W13:W18) -> 2 | X23: =MAX(X13:X18) -> 1 | Y23: =MAX(Y13:Y18) -> 13 | Z23: =MAX(Z13:Z18) -> 2 | ... AF23: =MAX(AF13:AF18) -> 209
B24: 10.30 - 10.45 | C24: 4 | D24: 2 | E24: 7 | F24: 0 | G24: 0 | H24: 0 | I24: 4 | J24: 0 | K24: 0 | L24: 0 | M24: 50 | N24: 0 | O24: =SUM(C24:L24,N24) -> 17 | P24: =SUM(C24:N24) -> 67 | R24: PM Peak Hr | S24: =MAX(S19:S21) -> 21 | T24: =MAX(T19:T21) -> 7 | U24: =MAX(U19:U21) -> 29 | V24: =MAX(V19:V21) -> 12 | W24: =MAX(W19:W21) -> 0 | X24: =MAX(X19:X21) -> 0 | Y24: =MAX(Y19:Y21) -> 14 | Z24: =MAX(Z19:Z21) -> 1 | ... AF24: =MAX(AF19:AF21) -> 211
B25: 10.45 - 11.00 | C25: 11 | D25: 1 | E25: 4 | F25: 0 | G25: 0 | H25: 0 | I25: 4 | J25: 0 | K25: 0 | L25: 0 | M25: 26 | N25: 0 | O25: =SUM(C25:L25,N25) -> 20 | P25: =SUM(C25:N25) -> 46 | R25: AM Period | S25: =SUM(S10:S12) -> 32 | T25: =SUM(T10:T12) -> 12 | U25: =SUM(U10:U12) -> 54 | V25: =SUM(V10:V12) -> 23 | W25: =SUM(W10:W12) -> 2 | X25: =SUM(X10:X12) -> 2 | Y25: =SUM(Y10:Y12) -> 25 | Z25: =SUM(Z10:Z12) -> 1 | ... AF25: =SUM(AF10:AF12) -> 426
B26: 11.00 - 11.15 | C26: 3 | D26: 1 | E26: 6 | F26: 0 | G26: 0 | H26: 0 | I26: 2 | J26: 0 | K26: 0 | L26: 0 | M26: 32 | N26: 0 | O26: =SUM(C26:L26,N26) -> 12 | P26: =SUM(C26:N26) -> 44 | R26: IP Period | S26: =SUM(S13:S18) -> 76 | T26: =SUM(T13:T18) -> 34 | U26: =SUM(U13:U18) -> 151 | V26: =SUM(V13:V18) -> 46 | W26: =SUM(W13:W18) -> 4 | X26: =SUM(X13:X18) -> 1 | Y26: =SUM(Y13:Y18) -> 58 | Z26: =SUM(Z13:Z18) -> 5 | ... AF26: =SUM(AF13:AF18) -> 1108
B27: 11.15 - 11.30 | C27: 6 | D27: 1 | E27: 6 | F27: 4 | G27: 0 | H27: 0 | I27: 2 | J27: 0 | K27: 0 | L27: 0 | M27: 27 | N27: 0 | O27: =SUM(C27:L27,N27) -> 19 | P27: =SUM(C27:N27) -> 46 | R27: PM Period | S27: =SUM(S19:S21) -> 50 | T27: =SUM(T19:T21) -> 15 | U27: =SUM(U19:U21) -> 66 | V27: =SUM(V19:V21) -> 30 | W27: =SUM(W19:W21) -> 0 | X27: =SUM(X19:X21) -> 0 | Y27: =SUM(Y19:Y21) -> 41 | Z27: =SUM(Z19:Z21) -> 3 | ... AF27: =SUM(AF19:AF21) -> 610
B28: 11.30 - 11.45 | C28: 1 | D28: 1 | E28: 6 | F28: 3 | G28: 0 | H28: 0 | I28: 1 | J28: 2 | K28: 0 | L28: 0 | M28: 38 | N28: 0 | O28: =SUM(C28:L28,N28) -> 14 | P28: =SUM(C28:N28) -> 52 | R28: 12 Hours | S28: =SUM(S10:S21) -> 158 | T28: =SUM(T10:T21) -> 61 | U28: =SUM(U10:U21) -> 271 | V28: =SUM(V10:V21) -> 99 | W28: =SUM(W10:W21) -> 6 | X28: =SUM(X10:X21) -> 3 | Y28: =SUM(Y10:Y21) -> 124 | Z28: =SUM(Z10:Z21) -> 9 | ... AF28: =SUM(AF10:AF21) -> 2144
B29: 11.45 - 12.00 | C29: 3 | D29: 0 | E29: 3 | F29: 0 | G29: 1 | H29: 0 | I29: 0 | J29: 0 | K29: 0 | L29: 0 | M29: 30 | N29: 0 | O29: =SUM(C29:L29,N29) -> 7 | P29: =SUM(C29:N29) -> 37
B30: 12.00 - 12.15 | C30: 5 | D30: 0 | E30: 2 | F30: 3 | G30: 0 | H30: 0 | I30: 1 | J30: 0 | K30: 0 | L30: 0 | M30: 22 | N30: 0 | O30: =SUM(C30:L30,N30) -> 11 | P30: =SUM(C30:N30) -> 33
B31: 12.15 - 12.30 | C31: 5 | D31: 1 | E31: 5 | F31: 3 | G31: 0 | H31: 0 | I31: 2 | J31: 0 | K31: 0 | L31: 0 | M31: 34 | N31: 0 | O31: =SUM(C31:L31,N31) -> 16 | P31: =SUM(C31:N31) -> 50
B32: 12.30 - 12.45 | C32: 5 | D32: 3 | E32: 10 | F32: 4 | G32: 1 | H32: 1 | I32: 5 | J32: 0 | K32: 1 | L32: 0 | M32: 31 | N32: 0 | O32: =SUM(C32:L32,N32) -> 30 | P32: =SUM(C32:N32) -> 61
B33: 12.45 - 13.00 | C33: 2 | D33: 1 | E33: 6 | F33: 2 | G33: 0 | H33: 0 | I33: 2 | J33: 0 | K33: 1 | L33: 0 | M33: 37 | N33: 0 | O33: =SUM(C33:L33,N33) -> 14 | P33: =SUM(C33:N33) -> 51
B34: 13.00 - 13.15 | C34: 4 | D34: 3 | E34: 13 | F34: 1 | G34: 1 | H34: 0 | I34: 3 | J34: 0 | K34: 0 | L34: 0 | M34: 30 | N34: 0 | O34: =SUM(C34:L34,N34) -> 25 | P34: =SUM(C34:N34) -> 55
B35: 13.15 - 13.30 | C35: 1 | D35: 0 | E35: 1 | F35: 1 | G35: 1 | H35: 0 | I35: 2 | J35: 0 | K35: 0 | L35: 0 | M35: 28 | N35: 0 | O35: =SUM(C35:L35,N35) -> 6 | P35: =SUM(C35:N35) -> 34
B36: 13.30 - 13.45 | C36: 3 | D36: 1 | E36: 5 | F36: 1 | G36: 0 | H36: 0 | I36: 2 | J36: 0 | K36: 0 | L36: 0 | M36: 40 | N36: 0 | O36: =SUM(C36:L36,N36) -> 12 | P36: =SUM(C36:N36) -> 52
B37: 13.45 - 14.00 | C37: 4 | D37: 1 | E37: 6 | F37: 4 | G37: 0 | H37: 0 | I37: 5 | J37: 0 | K37: 0 | L37: 0 | M37: 25 | N37: 0 | O37: =SUM(C37:L37,N37) -> 20 | P37: =SUM(C37:N37) -> 45
B38: 14.00 - 14.15 | C38: 3 | D38: 2 | E38: 7 | F38: 2 | G38: 0 | H38: 0 | I38: 0 | J38: 0 | K38: 0 | L38: 0 | M38: 35 | N38: 0 | O38: =SUM(C38:L38,N38) -> 14 | P38: =SUM(C38:N38) -> 49
B39: 14.15 - 14.30 | C39: 0 | D39: 2 | E39: 7 | F39: 1 | G39: 0 | H39: 0 | I39: 3 | J39: 0 | K39: 0 | L39: 0 | M39: 25 | N39: 0 | O39: =SUM(C39:L39,N39) -> 13 | P39: =SUM(C39:N39) -> 38
B40: 14.30 - 14.45 | C40: 1 | D40: 2 | E40: 7 | F40: 2 | G40: 0 | H40: 0 | I40: 4 | J40: 1 | K40: 0 | L40: 0 | M40: 29 | N40: 0 | O40: =SUM(C40:L40,N40) -> 17 | P40: =SUM(C40:N40) -> 46
... B57: 18.45 - 19.00 | C57: 2 | D57: 0 | E57: 1 | F57: 1 | G57: 0 | H57: 0 | I57: 1 | J57: 1 | K57: 0 | L57: 0 | M57: 12 | N57: 0 | O57: =SUM(C57:L57,N57) -> 6 | P57: =SUM(C57:N57) -> 18
B58: Totals | C58: =SUM(C10:C57) -> 158 | D58: =SUM(D10:D57) -> 61 | E58: =SUM(E10:E57) -> 271 | F58: =SUM(F10:F57) -> 99 | G58: =SUM(G10:G57) -> 6 | H58: =SUM(H10:H57) -> 3 | I58: =SUM(I10:I57) -> 124 | J58: =SUM(J10:J57) -> 9 | ... P58: =SUM(P10:P57) -> 2144
B59: %ges + MCs | C59: =C58/$P$58 -> 0.07369403 | D59: =D58/$P$58 -> 0.028451493 | E59: =E58/$P$58 -> 0.12639925 | F59: =F58/$P$58 -> 0.046175373 | G59: =G58/$P$58 -> 0.0027985075 | H59: =H58/$P$58 -> 0.0013992537 | I59: =I58/$P$58 -> 0.057835821 | J59: =J58/$P$58 -> 0.0041977612 | ... N59: =N58/$P$58 -> 0
B60: %ges w/o MCs | C60: =C58/$O$58 -> 0.21496599 | D60: =D58/$O$58 -> 0.082993197 | E60: =E58/$O$58 -> 0.36870748 | F60: =F58/$O$58 -> 0.13469388 | G60: =G58/$O$58 -> 0.0081632653 | H60: =H58/$O$58 -> 0.0040816327 | I60: =I58/$O$58 -> 0.16870748 | J60: =J58/$O$58 -> 0.012244898 | ... L60: =L58/$O$58 -> 0 | N60: =N58/$O$58 -> 0

Sheet 21.08 Sironko-Mbale
B1: Consultancy services for Preparation of Expressway Development Master Plan (EDMP) for Uganda
B2: MANUAL CLASSIFIED COUNT (MCC)
B3: ROAD NAME: | C3: ='19.08 Sironko-Mbale'!C3:G3 -> MCC - C4 - STN120 - MBALE-SIRONKO ROAD
C5: Date | D5: 21.08.19 | F5: Location | G5: ='19.08 Sironko-Mbale'!G5:H5 -> xxx | J5: Surveyor | K5: ='19.08 Sironko-Mbale'!K5:L5 -> xxx
C6: Dir. From | D6: ='19.08 Sironko-Mbale'!D6:E6 -> Sironko | F6: Dir. To | G6: ='19.08 Sironko-Mbale'!G6:H6 -> Mbale | J6: Supervisor | K6: ='19.08 Sironko-Mbale'!K6:L6 -> xxx
B8: Time / Veh Type | R8: SUMMARY TRAFFIC VOLUMES
C9: 1. Car | D9: 2. Station Wagon | E9: 3. Pickups | F9: 4. Minibus, matatu | G9: 5. Medium bus | H9: 6. Large Bus | I9: 7. Light Truck | J9: 8. Medium Truck | K9: 9. Heavy truck | L9: 10. Truck Trailer | M9: 11. Motor cycles | N9: 12. Tractors | O9: Total Excl M/Cycles | P9: Total All | R9: Time | S9: 1. Car | T9: 2. Station Wagon | U9: 3. Pickups | V9: 4. Minibus, matatu | W9: 5. Medium bus | X9: 6. Large Bus | Y9: 7. Light Truck | Z9: 8. Medium Truck | AA9: 9. Heavy truck | AB9: 10. Truck Trailer | AC9: 11. Motorcycles | AD9: 12. Tractors, Graders | AE9: Total Excl M/ Cycles | AF9: Total All
B10: 07.00 - 07.15 | C10: 2 | D10: 0 | E10: 1 | F10: 0 | G10: 0 | H10: 0 | I10: 2 | J10: 0 | K10: 0 | L10: 0 | M10: 13 | N10: 0 | O10: =SUM(C10:L10,N10) -> 5 | P10: =SUM(C10:N10) -> 18 | R10: 0700-0800 | S10: =SUM(C10:C13) -> 7 | T10: =SUM(D10:D13) -> 1 | U10: =SUM(E10:E13) -> 9 | V10: =SUM(F10:F13) -> 10 | W10: =SUM(G10:G13) -> 0 | X10: =SUM(H10:H13) -> 0 | Y10: =SUM(I10:I13) -> 4 | Z10: =SUM(J10:J13) -> 0 | ... AF10: =SUM(P10:P13) -> 127
B11: 07.15 - 07.30 | C11: 3 | D11: 1 | E11: 6 | F11: 7 | G11: 0 | H11: 0 | I11: 1 | J11: 0 | K11: 0 | L11: 0 | M11: 12 | N11: 0 | O11: =SUM(C11:L11,N11) -> 18 | P11: =SUM(C11:N11) -> 30 | R11: 0800-0900 | S11: =SUM(C14:C17) -> 15 | T11: =SUM(D14:D17) -> 6 | U11: =SUM(E14:E17) -> 25 | V11: =SUM(F14:F17) -> 13 | W11: =SUM(G14:G17) -> 0 | X11: =SUM(H14:H17) -> 0 | Y11: =SUM(I14:I17) -> 7 | Z11: =SUM(J14:J17) -> 0 | ... AF11: =SUM(P14:P17) -> 175
B12: 07.30 - 07.45 | C12: 0 | D12: 0 | E12: 0 | F12: 0 | G12: 0 | H12: 0 | I12: 1 | J12: 0 | K12: 0 | L12: 0 | M12: 33 | N12: 0 | O12: =SUM(C12:L12,N12) -> 1 | P12: =SUM(C12:N12) -> 34 | R12: 0900-1000 | S12: =SUM(C18:C21) -> 13 | T12: =SUM(D18:D21) -> 7 | U12: =SUM(E18:E21) -> 31 | V12: =SUM(F18:F21) -> 8 | W12: =SUM(G18:G21) -> 0 | X12: =SUM(H18:H21) -> 1 | Y12: =SUM(I18:I21) -> 4 | Z12: =SUM(J18:J21) -> 1 | ... AF12: =SUM(P18:P21) -> 176
B13: 07.45 - 08.00 | C13: 2 | D13: 0 | E13: 2 | F13: 3 | G13: 0 | H13: 0 | I13: 0 | J13: 0 | K13: 0 | L13: 0 | M13: 38 | N13: 0 | O13: =SUM(C13:L13,N13) -> 7 | P13: =SUM(C13:N13) -> 45 | R13: 1000-1100 | S13: =SUM(C22:C25) -> 15 | T13: =SUM(D22:D25) -> 6 | U13: =SUM(E22:E25) -> 25 | V13: =SUM(F22:F25) -> 14 | W13: =SUM(G22:G25) -> 1 | X13: =SUM(H22:H25) -> 0 | Y13: =SUM(I22:I25) -> 5 | Z13: =SUM(J22:J25) -> 0 | ... AF13: =SUM(P22:P25) -> 182
B14: 08.00 - 08.15 | C14: 2 | D14: 0 | E14: 1 | F14: 2 | G14: 0 | H14: 0 | I14: 1 | J14: 0 | K14: 0 | L14: 0 | M14: 38 | N14: 0 | O14: =SUM(C14:L14,N14) -> 6 | P14: =SUM(C14:N14) -> 44 | R14: 1100-1200 | S14: =SUM(C26:C29) -> 12 | T14: =SUM(D26:D29) -> 5 | U14: =SUM(E26:E29) -> 21 | V14: =SUM(F26:F29) -> 11 | W14: =SUM(G26:G29) -> 2 | X14: =SUM(H26:H29) -> 0 | Y14: =SUM(I26:I29) -> 5 | Z14: =SUM(J26:J29) -> 0 | ... AF14: =SUM(P26:P29) -> 165
B15: 08.15 - 08.30 | C15: 7 | D15: 1 | E15: 6 | F15: 1 | G15: 0 | H15: 0 | I15: 1 | J15: 0 | K15: 0 | L15: 0 | M15: 24 | N15: 0 | O15: =SUM(C15:L15,N15) -> 16 | P15: =SUM(C15:N15) -> 40 | R15: 1200-1300 | S15: =SUM(C30:C33) -> 13 | T15: =SUM(D30:D33) -> 9 | U15: =SUM(E30:E33) -> 34 | V15: =SUM(F30:F33) -> 15 | W15: =SUM(G30:G33) -> 0 | X15: =SUM(H30:H33) -> 1 | Y15: =SUM(I30:I33) -> 17 | Z15: =SUM(J30:J33) -> 0 | ... AF15: =SUM(P30:P33) -> 199
B16: 08.30 - 08.45 | C16: 2 | D16: 3 | E16: 11 | F16: 5 | G16: 0 | H16: 0 | I16: 2 | J16: 0 | K16: 0 | L16: 0 | M16: 27 | N16: 0 | O16: =SUM(C16:L16,N16) -> 23 | P16: =SUM(C16:N16) -> 50 | R16: 1300-1400 | S16: =SUM(C34:C37) -> 11 | T16: =SUM(D34:D37) -> 5 | U16: =SUM(E34:E37) -> 24 | V16: =SUM(F34:F37) -> 14 | W16: =SUM(G34:G37) -> 0 | X16: =SUM(H34:H37) -> 0 | Y16: =SUM(I34:I37) -> 14 | Z16: =SUM(J34:J37) -> 1 | ... AF16: =SUM(P34:P37) -> 172
B17: 08.45 - 9.00 | C17: 4 | D17: 2 | E17: 7 | F17: 5 | G17: 0 | H17: 0 | I17: 3 | J17: 0 | K17: 0 | L17: 0 | M17: 20 | N17: 0 | O17: =SUM(C17:L17,N17) -> 21 | P17: =SUM(C17:N17) -> 41 | R17: 1400-1500 | S17: =SUM(C38:C41) -> 10 | T17: =SUM(D38:D41) -> 9 | U17: =SUM(E38:E41) -> 36 | V17: =SUM(F38:F41) -> 15 | W17: =SUM(G38:G41) -> 0 | X17: =SUM(H38:H41) -> 0 | Y17: =SUM(I38:I41) -> 12 | Z17: =SUM(J38:J41) -> 2 | ... AF17: =SUM(P38:P41) -> 177
B18: 09.00 - 09.15 | C18: 3 | D18: 0 | E18: 3 | F18: 2 | G18: 0 | H18: 0 | I18: 2 | J18: 1 | K18: 0 | L18: 0 | M18: 24 | N18: 0 | O18: =SUM(C18:L18,N18) -> 11 | P18: =SUM(C18:N18) -> 35 | R18: 1500-1600 | S18: =SUM(C42:C45) -> 17 | T18: =SUM(D42:D45) -> 6 | U18: =SUM(E42:E45) -> 22 | V18: =SUM(F42:F45) -> 22 | W18: =SUM(G42:G45) -> 0 | X18: =SUM(H42:H45) -> 0 | Y18: =SUM(I42:I45) -> 16 | Z18: =SUM(J42:J45) -> 1 | ... AF18: =SUM(P42:P45) -> 174
B19: 09.15 - 09.30 | C19: 3 | D19: 1 | E19: 6 | F19: 2 | G19: 0 | H19: 0 | I19: 0 | J19: 0 | K19: 0 | L19: 0 | M19: 38 | N19: 0 | O19: =SUM(C19:L19,N19) -> 12 | P19: =SUM(C19:N19) -> 50 | R19: 1600-1700 | S19: =SUM(C46:C49) -> 24 | T19: =SUM(D46:D49) -> 6 | U19: =SUM(E46:E49) -> 27 | V19: =SUM(F46:F49) -> 22 | W19: =SUM(G46:G49) -> 4 | X19: =SUM(H46:H49) -> 0 | Y19: =SUM(I46:I49) -> 17 | Z19: =SUM(J46:J49) -> 4 | ... AF19: =SUM(P46:P49) -> 242
B20: 09.30 - 09.45 | C20: 2 | D20: 4 | E20: 14 | F20: 1 | G20: 0 | H20: 1 | I20: 1 | J20: 0 | K20: 0 | L20: 0 | M20: 17 | N20: 0 | O20: =SUM(C20:L20,N20) -> 23 | P20: =SUM(C20:N20) -> 40 | R20: 1700-1800 | S20: =SUM(C50:C53) -> 33 | T20: =SUM(D50:D53) -> 17 | U20: =SUM(E50:E53) -> 65 | V20: =SUM(F50:F53) -> 24 | W20: =SUM(G50:G53) -> 1 | X20: =SUM(H50:H53) -> 3 | Y20: =SUM(I50:I53) -> 23 | Z20: =SUM(J50:J53) -> 2 | ... AF20: =SUM(P50:P53) -> 315
B21: 09.45 - 10.00 | C21: 5 | D21: 2 | E21: 8 | F21: 3 | G21: 0 | H21: 0 | I21: 1 | J21: 0 | K21: 0 | L21: 0 | M21: 32 | N21: 0 | O21: =SUM(C21:L21,N21) -> 19 | P21: =SUM(C21:N21) -> 51 | R21: 1800-1900 | S21: =SUM(C54:C57) -> 30 | T21: =SUM(D54:D57) -> 10 | U21: =SUM(E54:E57) -> 40 | V21: =SUM(F54:F57) -> 14 | W21: =SUM(G54:G57) -> 0 | X21: =SUM(H54:H57) -> 0 | Y21: =SUM(I54:I57) -> 17 | Z21: =SUM(J54:J57) -> 4 | ... AF21: =SUM(P54:P57) -> 243
B22: 10.00 - 10.15 | C22: 3 | D22: 1 | E22: 5 | F22: 1 | G22: 1 | H22: 0 | I22: 0 | J22: 0 | K22: 0 | L22: 0 | M22: 14 | N22: 0 | O22: =SUM(C22:L22,N22) -> 11 | P22: =SUM(C22:N22) -> 25 | R22: AM Peak Hr | S22: =MAX(S10:S12) -> 15 | T22: =MAX(T10:T12) -> 7 | U22: =MAX(U10:U12) -> 31 | V22: =MAX(V10:V12) -> 13 | W22: =MAX(W10:W12) -> 0 | X22: =MAX(X10:X12) -> 1 | Y22: =MAX(Y10:Y12) -> 7 | Z22: =MAX(Z10:Z12) -> 1 | ... AF22: =MAX(AF10:AF12) -> 176
B23: 10.15 - 10.30 | C23: 4 | D23: 3 | E23: 11 | F23: 3 | G23: 0 | H23: 0 | I23: 2 | J23: 0 | K23: 0 | L23: 0 | M23: 39 | N23: 0 | O23: =SUM(C23:L23,N23) -> 23 | P23: =SUM(C23:N23) -> 62 | R23: IP Peak Hr | S23: =MAX(S13:S18) -> 17 | T23: =MAX(T13:T18) -> 9 | U23: =MAX(U13:U18) -> 36 | V23: =MAX(V13:V18) -> 22 | W23: =MAX(W13:W18) -> 2 | X23: =MAX(X13:X18) -> 1 | Y23: =MAX(Y13:Y18) -> 17 | Z23: =MAX(Z13:Z18) -> 2 | ... AF23: =MAX(AF13:AF18) -> 199
B24: 10.30 - 10.45 | C24: 3 | D24: 1 | E24: 5 | F24: 4 | G24: 0 | H24: 0 | I24: 1 | J24: 0 | K24: 0 | L24: 0 | M24: 34 | N24: 0 | O24: =SUM(C24:L24,N24) -> 14 | P24: =SUM(C24:N24) -> 48 | R24: PM Peak Hr | S24: =MAX(S19:S21) -> 33 | T24: =MAX(T19:T21) -> 17 | U24: =MAX(U19:U21) -> 65 | V24: =MAX(V19:V21) -> 24 | W24: =MAX(W19:W21) -> 4 | X24: =MAX(X19:X21) -> 3 | Y24: =MAX(Y19:Y21) -> 23 | Z24: =MAX(Z19:Z21) -> 4 | ... AF24: =MAX(AF19:AF21) -> 315
B25: 10.45 - 11.00 | C25: 5 | D25: 1 | E25: 4 | F25: 6 | G25: 0 | H25: 0 | I25: 2 | J25: 0 | K25: 0 | L25: 0 | M25: 29 | N25: 0 | O25: =SUM(C25:L25,N25) -> 18 | P25: =SUM(C25:N25) -> 47 | R25: AM Period | S25: =SUM(S10:S12) -> 35 | T25: =SUM(T10:T12) -> 14 | U25: =SUM(U10:U12) -> 65 | V25: =SUM(V10:V12) -> 31 | W25: =SUM(W10:W12) -> 0 | X25: =SUM(X10:X12) -> 1 | Y25: =SUM(Y10:Y12) -> 15 | Z25: =SUM(Z10:Z12) -> 1 | ... AF25: =SUM(AF10:AF12) -> 478
B26: 11.00 - 11.15 | C26: 1 | D26: 1 | E26: 4 | F26: 1 | G26: 0 | H26: 0 | I26: 0 | J26: 0 | K26: 0 | L26: 0 | M26: 36 | N26: 0 | O26: =SUM(C26:L26,N26) -> 7 | P26: =SUM(C26:N26) -> 43 | R26: IP Period | S26: =SUM(S13:S18) -> 78 | T26: =SUM(T13:T18) -> 40 | U26: =SUM(U13:U18) -> 162 | V26: =SUM(V13:V18) -> 91 | W26: =SUM(W13:W18) -> 3 | X26: =SUM(X13:X18) -> 1 | Y26: =SUM(Y13:Y18) -> 69 | Z26: =SUM(Z13:Z18) -> 4 | ... AF26: =SUM(AF13:AF18) -> 1069
B27: 11.15 - 11.30 | C27: 3 | D27: 1 | E27: 4 | F27: 1 | G27: 1 | H27: 0 | I27: 0 | J27: 0 | K27: 0 | L27: 0 | M27: 19 | N27: 0 | O27: =SUM(C27:L27,N27) -> 10 | P27: =SUM(C27:N27) -> 29 | R27: PM Period | S27: =SUM(S19:S21) -> 87 | T27: =SUM(T19:T21) -> 33 | U27: =SUM(U19:U21) -> 132 | V27: =SUM(V19:V21) -> 60 | W27: =SUM(W19:W21) -> 5 | X27: =SUM(X19:X21) -> 3 | Y27: =SUM(Y19:Y21) -> 57 | Z27: =SUM(Z19:Z21) -> 10 | ... AF27: =SUM(AF19:AF21) -> 800
B28: 11.30 - 11.45 | C28: 8 | D28: 2 | E28: 7 | F28: 4 | G28: 0 | H28: 0 | I28: 3 | J28: 0 | K28: 0 | L28: 0 | M28: 36 | N28: 0 | O28: =SUM(C28:L28,N28) -> 24 | P28: =SUM(C28:N28) -> 60 | R28: 12 Hours | S28: =SUM(S10:S21) -> 200 | T28: =SUM(T10:T21) -> 87 | U28: =SUM(U10:U21) -> 359 | V28: =SUM(V10:V21) -> 182 | W28: =SUM(W10:W21) -> 8 | X28: =SUM(X10:X21) -> 5 | Y28: =SUM(Y10:Y21) -> 141 | Z28: =SUM(Z10:Z21) -> 15 | ... AF28: =SUM(AF10:AF21) -> 2347
B29: 11.45 - 12.00 | C29: 0 | D29: 1 | E29: 6 | F29: 5 | G29: 1 | H29: 0 | I29: 2 | J29: 0 | K29: 0 | L29: 0 | M29: 18 | N29: 0 | O29: =SUM(C29:L29,N29) -> 15 | P29: =SUM(C29:N29) -> 33
B30: 12.00 - 12.15 | C30: 7 | D30: 3 | E30: 11 | F30: 8 | G30: 0 | H30: 0 | I30: 2 | J30: 0 | K30: 0 | L30: 0 | M30: 32 | N30: 0 | O30: =SUM(C30:L30,N30) -> 31 | P30: =SUM(C30:N30) -> 63
B31: 12.15 - 12.30 | C31: 1 | D31: 1 | E31: 4 | F31: 1 | G31: 0 | H31: 1 | I31: 5 | J31: 0 | K31: 0 | L31: 0 | M31: 14 | N31: 0 | O31: =SUM(C31:L31,N31) -> 13 | P31: =SUM(C31:N31) -> 27
B32: 12.30 - 12.45 | C32: 4 | D32: 2 | E32: 8 | F32: 1 | G32: 0 | H32: 0 | I32: 4 | J32: 0 | K32: 0 | L32: 0 | M32: 37 | N32: 0 | O32: =SUM(C32:L32,N32) -> 19 | P32: =SUM(C32:N32) -> 56
B33: 12.45 - 13.00 | C33: 1 | D33: 3 | E33: 11 | F33: 5 | G33: 0 | H33: 0 | I33: 6 | J33: 0 | K33: 0 | L33: 0 | M33: 27 | N33: 0 | O33: =SUM(C33:L33,N33) -> 26 | P33: =SUM(C33:N33) -> 53
B34: 13.00 - 13.15 | C34: 2 | D34: 0 | E34: 3 | F34: 1 | G34: 0 | H34: 0 | I34: 6 | J34: 0 | K34: 0 | L34: 0 | M34: 29 | N34: 0 | O34: =SUM(C34:L34,N34) -> 12 | P34: =SUM(C34:N34) -> 41
B35: 13.15 - 13.30 | C35: 2 | D35: 1 | E35: 5 | F35: 4 | G35: 0 | H35: 0 | I35: 2 | J35: 0 | K35: 0 | L35: 0 | M35: 27 | N35: 0 | O35: =SUM(C35:L35,N35) -> 14 | P35: =SUM(C35:N35) -> 41
B36: 13.30 - 13.45 | C36: 4 | D36: 3 | E36: 11 | F36: 5 | G36: 0 | H36: 0 | I36: 3 | J36: 0 | K36: 0 | L36: 0 | M36: 28 | N36: 0 | O36: =SUM(C36:L36,N36) -> 26 | P36: =SUM(C36:N36) -> 54
B37: 13.45 - 14.00 | C37: 3 | D37: 1 | E37: 5 | F37: 4 | G37: 0 | H37: 0 | I37: 3 | J37: 1 | K37: 0 | L37: 0 | M37: 19 | N37: 0 | O37: =SUM(C37:L37,N37) -> 17 | P37: =SUM(C37:N37) -> 36
B38: 14.00 - 14.15 | C38: 2 | D38: 2 | E38: 8 | F38: 6 | G38: 0 | H38: 0 | I38: 1 | J38: 0 | K38: 0 | L38: 0 | M38: 21 | N38: 0 | O38: =SUM(C38:L38,N38) -> 19 | P38: =SUM(C38:N38) -> 40
B39: 14.15 - 14.30 | C39: 1 | D39: 2 | E39: 8 | F39: 0 | G39: 0 | H39: 0 | I39: 2 | J39: 1 | K39: 0 | L39: 0 | M39: 27 | N39: 0 | O39: =SUM(C39:L39,N39) -> 14 | P39: =SUM(C39:N39) -> 41
B40: 14.30 - 14.45 | C40: 3 | D40: 3 | E40: 11 | F40: 6 | G40: 0 | H40: 0 | I40: 4 | J40: 0 | K40: 0 | L40: 0 | M40: 16 | N40: 0 | O40: =SUM(C40:L40,N40) -> 27 | P40: =SUM(C40:N40) -> 43
... B57: 18.45 - 19.00 | C57: 2 | D57: 2 | E57: 7 | F57: 3 | G57: 0 | H57: 0 | I57: 4 | J57: 1 | K57: 0 | L57: 0 | M57: 21 | N57: 0 | O57: =SUM(C57:L57,N57) -> 19 | P57: =SUM(C57:N57) -> 40
B58: Totals | C58: =SUM(C10:C57) -> 200 | D58: =SUM(D10:D57) -> 87 | E58: =SUM(E10:E57) -> 359 | F58: =SUM(F10:F57) -> 182 | G58: =SUM(G10:G57) -> 8 | H58: =SUM(H10:H57) -> 5 | I58: =SUM(I10:I57) -> 141 | J58: =SUM(J10:J57) -> 15 | ... P58: =SUM(P10:P57) -> 2347
B59: %ges + MCs | C59: =C58/$P$58 -> 0.085215168 | D59: =D58/$P$58 -> 0.037068598 | E59: =E58/$P$58 -> 0.15296123 | F59: =F58/$P$58 -> 0.077545803 | G59: =G58/$P$58 -> 0.0034086067 | H59: =H58/$P$58 -> 0.0021303792 | I59: =I58/$P$58 -> 0.060076694 | J59: =J58/$P$58 -> 0.0063911376 | ... N59: =N58/$P$58 -> 0
B60: %ges w/o MCs | C60: =C58/$O$58 -> 0.20060181 | D60: =D58/$O$58 -> 0.087261785 | E60: =E58/$O$58 -> 0.36008024 | F60: =F58/$O$58 -> 0.18254764 | G60: =G58/$O$58 -> 0.0080240722 | H60: =H58/$O$58 -> 0.0050150451 | I60: =I58/$O$58 -> 0.14142427 | J60: =J58/$O$58 -> 0.015045135 | ... L60: =L58/$O$58 -> 0 | N60: =N58/$O$58 -> 0

Sheet 21.08 Mbale-Sironko
B1: Consultancy services for Preparation of Expressway Development Master Plan (EDMP) for Uganda
B2: MANUAL CLASSIFIED COUNT (MCC)
B3: ROAD NAME: | C3: ='19.08 Mbale-Sironko'!C3:G3 -> MCC - C4 - STN120 - MBALE-SIRONKO ROAD
C5: Date | D5: ='21.08 Sironko-Mbale'!D5 -> 21.08.19 | F5: Location | G5: ='19.08 Sironko-Mbale'!G5:H5 -> xxx | J5: Surveyor | K5: ='19.08 Sironko-Mbale'!K5:L5 -> xxx
C6: Dir. From | D6: ='19.08 Mbale-Sironko'!D6:E6 -> Mbale | F6: Dir. To | G6: ='19.08 Mbale-Sironko'!G6:H6 -> Sironko | J6: Supervisor | K6: ='19.08 Sironko-Mbale'!K6:L6 -> xxx
B8: Time / Veh Type | R8: SUMMARY TRAFFIC VOLUMES
C9: 1. Car | D9: 2. Station Wagon | E9: 3. Pickups | F9: 4. Minibus, matatu | G9: 5. Medium bus | H9: 6. Large Bus | I9: 7. Light Truck | J9: 8. Medium Truck | K9: 9. Heavy truck | L9: 10. Truck Trailer | M9: 11. Motor cycles | N9: 12. Tractors | O9: Total Excl M/Cycles | P9: Total All | R9: Time | S9: 1. Car | T9: 2. Station Wagon | U9: 3. Pickups | V9: 4. Minibus, matatu | W9: 5. Medium bus | X9: 6. Large Bus | Y9: 7. Light Truck | Z9: 8. Medium Truck | AA9: 9. Heavy truck | AB9: 10. Truck Trailer | AC9: 11. Motorcycles | AD9: 12. Tractors, Graders | AE9: Total Excl M/ Cycles | AF9: Total All
B10: 07.00 - 07.15 | C10: 1 | D10: 0 | E10: 3 | F10: 2 | G10: 0 | H10: 0 | I10: 0 | J10: 0 | K10: 0 | L10: 0 | M10: 12 | N10: 0 | O10: =SUM(C10:L10,N10) -> 6 | P10: =SUM(C10:N10) -> 18 | R10: 0700-0800 | S10: =SUM(C10:C13) -> 5 | T10: =SUM(D10:D13) -> 1 | U10: =SUM(E10:E13) -> 11 | V10: =SUM(F10:F13) -> 13 | W10: =SUM(G10:G13) -> 0 | X10: =SUM(H10:H13) -> 0 | Y10: =SUM(I10:I13) -> 9 | Z10: =SUM(J10:J13) -> 0 | ... AF10: =SUM(P10:P13) -> 87
B11: 07.15 - 07.30 | C11: 2 | D11: 0 | E11: 2 | F11: 5 | G11: 0 | H11: 0 | I11: 4 | J11: 0 | K11: 0 | L11: 0 | M11: 5 | N11: 0 | O11: =SUM(C11:L11,N11) -> 13 | P11: =SUM(C11:N11) -> 18 | R11: 0800-0900 | S11: =SUM(C14:C17) -> 6 | T11: =SUM(D14:D17) -> 7 | U11: =SUM(E14:E17) -> 29 | V11: =SUM(F14:F17) -> 15 | W11: =SUM(G14:G17) -> 1 | X11: =SUM(H14:H17) -> 2 | Y11: =SUM(I14:I17) -> 3 | Z11: =SUM(J14:J17) -> 0 | ... AF11: =SUM(P14:P17) -> 145
B12: 07.30 - 07.45 | C12: 0 | D12: 0 | E12: 1 | F12: 2 | G12: 0 | H12: 0 | I12: 3 | J12: 0 | K12: 0 | L12: 0 | M12: 17 | N12: 0 | O12: =SUM(C12:L12,N12) -> 6 | P12: =SUM(C12:N12) -> 23 | R12: 0900-1000 | S12: =SUM(C18:C21) -> 16 | T12: =SUM(D18:D21) -> 7 | U12: =SUM(E18:E21) -> 31 | V12: =SUM(F18:F21) -> 13 | W12: =SUM(G18:G21) -> 3 | X12: =SUM(H18:H21) -> 0 | Y12: =SUM(I18:I21) -> 17 | Z12: =SUM(J18:J21) -> 0 | ... AF12: =SUM(P18:P21) -> 203
B13: 07.45 - 08.00 | C13: 2 | D13: 1 | E13: 5 | F13: 4 | G13: 0 | H13: 0 | I13: 2 | J13: 0 | K13: 0 | L13: 0 | M13: 14 | N13: 0 | O13: =SUM(C13:L13,N13) -> 14 | P13: =SUM(C13:N13) -> 28 | R13: 1000-1100 | S13: =SUM(C22:C25) -> 29 | T13: =SUM(D22:D25) -> 12 | U13: =SUM(E22:E25) -> 45 | V13: =SUM(F22:F25) -> 13 | W13: =SUM(G22:G25) -> 1 | X13: =SUM(H22:H25) -> 0 | Y13: =SUM(I22:I25) -> 16 | Z13: =SUM(J22:J25) -> 1 | ... AF13: =SUM(P22:P25) -> 252
B14: 08.00 - 08.15 | C14: 1 | D14: 1 | E14: 6 | F14: 3 | G14: 0 | H14: 2 | I14: 2 | J14: 0 | K14: 0 | L14: 0 | M14: 12 | N14: 0 | O14: =SUM(C14:L14,N14) -> 15 | P14: =SUM(C14:N14) -> 27 | R14: 1100-1200 | S14: =SUM(C26:C29) -> 24 | T14: =SUM(D26:D29) -> 10 | U14: =SUM(E26:E29) -> 41 | V14: =SUM(F26:F29) -> 21 | W14: =SUM(G26:G29) -> 1 | X14: =SUM(H26:H29) -> 0 | Y14: =SUM(I26:I29) -> 18 | Z14: =SUM(J26:J29) -> 1 | ... AF14: =SUM(P26:P29) -> 268
B15: 08.15 - 08.30 | C15: 1 | D15: 1 | E15: 4 | F15: 4 | G15: 0 | H15: 0 | I15: 1 | J15: 0 | K15: 0 | L15: 0 | M15: 25 | N15: 0 | O15: =SUM(C15:L15,N15) -> 11 | P15: =SUM(C15:N15) -> 36 | R15: 1200-1300 | S15: =SUM(C30:C33) -> 21 | T15: =SUM(D30:D33) -> 11 | U15: =SUM(E30:E33) -> 44 | V15: =SUM(F30:F33) -> 12 | W15: =SUM(G30:G33) -> 1 | X15: =SUM(H30:H33) -> 0 | Y15: =SUM(I30:I33) -> 12 | Z15: =SUM(J30:J33) -> 1 | ... AF15: =SUM(P30:P33) -> 230
B16: 08.30 - 08.45 | C16: 4 | D16: 3 | E16: 11 | F16: 2 | G16: 0 | H16: 0 | I16: 0 | J16: 0 | K16: 0 | L16: 0 | M16: 21 | N16: 0 | O16: =SUM(C16:L16,N16) -> 20 | P16: =SUM(C16:N16) -> 41 | R16: 1300-1400 | S16: =SUM(C34:C37) -> 28 | T16: =SUM(D34:D37) -> 12 | U16: =SUM(E34:E37) -> 47 | V16: =SUM(F34:F37) -> 16 | W16: =SUM(G34:G37) -> 0 | X16: =SUM(H34:H37) -> 4 | Y16: =SUM(I34:I37) -> 13 | Z16: =SUM(J34:J37) -> 0 | ... AF16: =SUM(P34:P37) -> 259
B17: 08.45 - 9.00 | C17: 0 | D17: 2 | E17: 8 | F17: 6 | G17: 1 | H17: 0 | I17: 0 | J17: 0 | K17: 0 | L17: 0 | M17: 24 | N17: 0 | O17: =SUM(C17:L17,N17) -> 17 | P17: =SUM(C17:N17) -> 41 | R17: 1400-1500 | S17: =SUM(C38:C41) -> 25 | T17: =SUM(D38:D41) -> 9 | U17: =SUM(E38:E41) -> 34 | V17: =SUM(F38:F41) -> 17 | W17: =SUM(G38:G41) -> 1 | X17: =SUM(H38:H41) -> 1 | Y17: =SUM(I38:I41) -> 21 | Z17: =SUM(J38:J41) -> 1 | ... AF17: =SUM(P38:P41) -> 182
B18: 09.00 - 09.15 | C18: 0 | D18: 0 | E18: 3 | F18: 3 | G18: 0 | H18: 0 | I18: 2 | J18: 0 | K18: 0 | L18: 0 | M18: 27 | N18: 0 | O18: =SUM(C18:L18,N18) -> 8 | P18: =SUM(C18:N18) -> 35 | R18: 1500-1600 | S18: =SUM(C42:C45) -> 19 | T18: =SUM(D42:D45) -> 7 | U18: =SUM(E42:E45) -> 29 | V18: =SUM(F42:F45) -> 22 | W18: =SUM(G42:G45) -> 0 | X18: =SUM(H42:H45) -> 0 | Y18: =SUM(I42:I45) -> 15 | Z18: =SUM(J42:J45) -> 3 | ... AF18: =SUM(P42:P45) -> 220
B19: 09.15 - 09.30 | C19: 6 | D19: 2 | E19: 7 | F19: 2 | G19: 0 | H19: 0 | I19: 4 | J19: 0 | K19: 0 | L19: 0 | M19: 21 | N19: 0 | O19: =SUM(C19:L19,N19) -> 21 | P19: =SUM(C19:N19) -> 42 | R19: 1600-1700 | S19: =SUM(C46:C49) -> 16 | T19: =SUM(D46:D49) -> 8 | U19: =SUM(E46:E49) -> 33 | V19: =SUM(F46:F49) -> 16 | W19: =SUM(G46:G49) -> 0 | X19: =SUM(H46:H49) -> 0 | Y19: =SUM(I46:I49) -> 10 | Z19: =SUM(J46:J49) -> 2 | ... AF19: =SUM(P46:P49) -> 193
B20: 09.30 - 09.45 | C20: 4 | D20: 3 | E20: 13 | F20: 5 | G20: 3 | H20: 0 | I20: 5 | J20: 0 | K20: 0 | L20: 0 | M20: 37 | N20: 0 | O20: =SUM(C20:L20,N20) -> 33 | P20: =SUM(C20:N20) -> 70 | R20: 1700-1800 | S20: =SUM(C50:C53) -> 11 | T20: =SUM(D50:D53) -> 6 | U20: =SUM(E50:E53) -> 27 | V20: =SUM(F50:F53) -> 20 | W20: =SUM(G50:G53) -> 0 | X20: =SUM(H50:H53) -> 1 | Y20: =SUM(I50:I53) -> 21 | Z20: =SUM(J50:J53) -> 1 | ... AF20: =SUM(P50:P53) -> 239
B21: 09.45 - 10.00 | C21: 6 | D21: 2 | E21: 8 | F21: 3 | G21: 0 | H21: 0 | I21: 6 | J21: 0 | K21: 0 | L21: 0 | M21: 31 | N21: 0 | O21: =SUM(C21:L21,N21) -> 25 | P21: =SUM(C21:N21) -> 56 | R21: 1800-1900 | S21: =SUM(C54:C57) -> 12 | T21: =SUM(D54:D57) -> 7 | U21: =SUM(E54:E57) -> 29 | V21: =SUM(F54:F57) -> 16 | W21: =SUM(G54:G57) -> 0 | X21: =SUM(H54:H57) -> 0 | Y21: =SUM(I54:I57) -> 16 | Z21: =SUM(J54:J57) -> 0 | ... AF21: =SUM(P54:P57) -> 220
B22: 10.00 - 10.15 | C22: 2 | D22: 3 | E22: 11 | F22: 2 | G22: 0 | H22: 0 | I22: 2 | J22: 1 | K22: 0 | L22: 0 | M22: 33 | N22: 0 | O22: =SUM(C22:L22,N22) -> 21 | P22: =SUM(C22:N22) -> 54 | R22: AM Peak Hr | S22: =MAX(S10:S12) -> 16 | T22: =MAX(T10:T12) -> 7 | U22: =MAX(U10:U12) -> 31 | V22: =MAX(V10:V12) -> 15 | W22: =MAX(W10:W12) -> 3 | X22: =MAX(X10:X12) -> 2 | Y22: =MAX(Y10:Y12) -> 17 | Z22: =MAX(Z10:Z12) -> 0 | ... AF22: =MAX(AF10:AF12) -> 203
B23: 10.15 - 10.30 | C23: 5 | D23: 3 | E23: 10 | F23: 4 | G23: 0 | H23: 0 | I23: 5 | J23: 0 | K23: 0 | L23: 0 | M23: 36 | N23: 0 | O23: =SUM(C23:L23,N23) -> 27 | P23: =SUM(C23:N23) -> 63 | R23: IP Peak Hr | S23: =MAX(S13:S18) -> 29 | T23: =MAX(T13:T18) -> 12 | U23: =MAX(U13:U18) -> 47 | V23: =MAX(V13:V18) -> 22 | W23: =MAX(W13:W18) -> 1 | X23: =MAX(X13:X18) -> 4 | Y23: =MAX(Y13:Y18) -> 21 | Z23: =MAX(Z13:Z18) -> 3 | ... AF23: =MAX(AF13:AF18) -> 268
B24: 10.30 - 10.45 | C24: 12 | D24: 3 | E24: 12 | F24: 0 | G24: 0 | H24: 0 | I24: 4 | J24: 0 | K24: 0 | L24: 0 | M24: 26 | N24: 0 | O24: =SUM(C24:L24,N24) -> 31 | P24: =SUM(C24:N24) -> 57 | R24: PM Peak Hr | S24: =MAX(S19:S21) -> 16 | T24: =MAX(T19:T21) -> 8 | U24: =MAX(U19:U21) -> 33 | V24: =MAX(V19:V21) -> 20 | W24: =MAX(W19:W21) -> 0 | X24: =MAX(X19:X21) -> 1 | Y24: =MAX(Y19:Y21) -> 21 | Z24: =MAX(Z19:Z21) -> 2 | ... AF24: =MAX(AF19:AF21) -> 239
B25: 10.45 - 11.00 | C25: 10 | D25: 3 | E25: 12 | F25: 7 | G25: 1 | H25: 0 | I25: 5 | J25: 0 | K25: 0 | L25: 0 | M25: 40 | N25: 0 | O25: =SUM(C25:L25,N25) -> 38 | P25: =SUM(C25:N25) -> 78 | R25: AM Period | S25: =SUM(S10:S12) -> 27 | T25: =SUM(T10:T12) -> 15 | U25: =SUM(U10:U12) -> 71 | V25: =SUM(V10:V12) -> 41 | W25: =SUM(W10:W12) -> 4 | X25: =SUM(X10:X12) -> 2 | Y25: =SUM(Y10:Y12) -> 29 | Z25: =SUM(Z10:Z12) -> 0 | ... AF25: =SUM(AF10:AF12) -> 435
B26: 11.00 - 11.15 | C26: 7 | D26: 1 | E26: 6 | F26: 5 | G26: 1 | H26: 0 | I26: 5 | J26: 0 | K26: 0 | L26: 0 | M26: 36 | N26: 0 | O26: =SUM(C26:L26,N26) -> 25 | P26: =SUM(C26:N26) -> 61 | R26: IP Period | S26: =SUM(S13:S18) -> 146 | T26: =SUM(T13:T18) -> 61 | U26: =SUM(U13:U18) -> 240 | V26: =SUM(V13:V18) -> 101 | W26: =SUM(W13:W18) -> 4 | X26: =SUM(X13:X18) -> 5 | Y26: =SUM(Y13:Y18) -> 95 | Z26: =SUM(Z13:Z18) -> 7 | ... AF26: =SUM(AF13:AF18) -> 1411
B27: 11.15 - 11.30 | C27: 6 | D27: 4 | E27: 14 | F27: 3 | G27: 0 | H27: 0 | I27: 7 | J27: 0 | K27: 0 | L27: 0 | M27: 52 | N27: 0 | O27: =SUM(C27:L27,N27) -> 34 | P27: =SUM(C27:N27) -> 86 | R27: PM Period | S27: =SUM(S19:S21) -> 39 | T27: =SUM(T19:T21) -> 21 | U27: =SUM(U19:U21) -> 89 | V27: =SUM(V19:V21) -> 52 | W27: =SUM(W19:W21) -> 0 | X27: =SUM(X19:X21) -> 1 | Y27: =SUM(Y19:Y21) -> 47 | Z27: =SUM(Z19:Z21) -> 3 | ... AF27: =SUM(AF19:AF21) -> 652
B28: 11.30 - 11.45 | C28: 7 | D28: 2 | E28: 9 | F28: 3 | G28: 0 | H28: 0 | I28: 3 | J28: 1 | K28: 0 | L28: 0 | M28: 35 | N28: 0 | O28: =SUM(C28:L28,N28) -> 25 | P28: =SUM(C28:N28) -> 60 | R28: 12 Hours | S28: =SUM(S10:S21) -> 212 | T28: =SUM(T10:T21) -> 97 | U28: =SUM(U10:U21) -> 400 | V28: =SUM(V10:V21) -> 194 | W28: =SUM(W10:W21) -> 8 | X28: =SUM(X10:X21) -> 8 | Y28: =SUM(Y10:Y21) -> 171 | Z28: =SUM(Z10:Z21) -> 10 | ... AF28: =SUM(AF10:AF21) -> 2498
B29: 11.45 - 12.00 | C29: 4 | D29: 3 | E29: 12 | F29: 10 | G29: 0 | H29: 0 | I29: 3 | J29: 0 | K29: 0 | L29: 0 | M29: 29 | N29: 0 | O29: =SUM(C29:L29,N29) -> 32 | P29: =SUM(C29:N29) -> 61
B30: 12.00 - 12.15 | C30: 6 | D30: 2 | E30: 8 | F30: 1 | G30: 0 | H30: 0 | I30: 1 | J30: 1 | K30: 0 | L30: 0 | M30: 35 | N30: 0 | O30: =SUM(C30:L30,N30) -> 19 | P30: =SUM(C30:N30) -> 54
B31: 12.15 - 12.30 | C31: 5 | D31: 5 | E31: 18 | F31: 1 | G31: 1 | H31: 0 | I31: 5 | J31: 0 | K31: 0 | L31: 0 | M31: 27 | N31: 0 | O31: =SUM(C31:L31,N31) -> 35 | P31: =SUM(C31:N31) -> 62
B32: 12.30 - 12.45 | C32: 4 | D32: 1 | E32: 5 | F32: 7 | G32: 0 | H32: 0 | I32: 2 | J32: 0 | K32: 0 | L32: 0 | M32: 32 | N32: 0 | O32: =SUM(C32:L32,N32) -> 19 | P32: =SUM(C32:N32) -> 51
B33: 12.45 - 13.00 | C33: 6 | D33: 3 | E33: 13 | F33: 3 | G33: 0 | H33: 0 | I33: 4 | J33: 0 | K33: 0 | L33: 0 | M33: 34 | N33: 0 | O33: =SUM(C33:L33,N33) -> 29 | P33: =SUM(C33:N33) -> 63
B34: 13.00 - 13.15 | C34: 7 | D34: 3 | E34: 10 | F34: 5 | G34: 0 | H34: 0 | I34: 3 | J34: 0 | K34: 0 | L34: 0 | M34: 32 | N34: 0 | O34: =SUM(C34:L34,N34) -> 28 | P34: =SUM(C34:N34) -> 60
B35: 13.15 - 13.30 | C35: 6 | D35: 3 | E35: 13 | F35: 4 | G35: 0 | H35: 0 | I35: 5 | J35: 0 | K35: 0 | L35: 0 | M35: 30 | N35: 0 | O35: =SUM(C35:L35,N35) -> 31 | P35: =SUM(C35:N35) -> 61
B36: 13.30 - 13.45 | C36: 7 | D36: 4 | E36: 15 | F36: 5 | G36: 0 | H36: 3 | I36: 3 | J36: 0 | K36: 0 | L36: 0 | M36: 30 | N36: 0 | O36: =SUM(C36:L36,N36) -> 37 | P36: =SUM(C36:N36) -> 67
B37: 13.45 - 14.00 | C37: 8 | D37: 2 | E37: 9 | F37: 2 | G37: 0 | H37: 1 | I37: 2 | J37: 0 | K37: 1 | L37: 0 | M37: 46 | N37: 0 | O37: =SUM(C37:L37,N37) -> 25 | P37: =SUM(C37:N37) -> 71
B38: 14.00 - 14.15 | C38: 6 | D38: 2 | E38: 7 | F38: 11 | G38: 1 | H38: 0 | I38: 5 | J38: 0 | K38: 0 | L38: 0 | M38: 27 | N38: 0 | O38: =SUM(C38:L38,N38) -> 32 | P38: =SUM(C38:N38) -> 59
B39: 14.15 - 14.30 | C39: 6 | D39: 2 | E39: 8 | F39: 1 | G39: 0 | H39: 1 | I39: 9 | J39: 1 | K39: 0 | L39: 0 | M39: 8 | N39: 0 | O39: =SUM(C39:L39,N39) -> 28 | P39: =SUM(C39:N39) -> 36
B40: 14.30 - 14.45 | C40: 6 | D40: 2 | E40: 7 | F40: 3 | G40: 0 | H40: 0 | I40: 5 | J40: 0 | K40: 0 | L40: 0 | M40: 11 | N40: 0 | O40: =SUM(C40:L40,N40) -> 23 | P40: =SUM(C40:N40) -> 34
... B57: 18.45 - 19.00 | C57: 5 | D57: 0 | E57: 3 | F57: 5 | G57: 0 | H57: 0 | I57: 4 | J57: 0 | K57: 0 | L57: 0 | M57: 34 | N57: 0 | O57: =SUM(C57:L57,N57) -> 17 | P57: =SUM(C57:N57) -> 51
B58: Totals | C58: =SUM(C10:C57) -> 212 | D58: =SUM(D10:D57) -> 97 | E58: =SUM(E10:E57) -> 400 | F58: =SUM(F10:F57) -> 194 | G58: =SUM(G10:G57) -> 8 | H58: =SUM(H10:H57) -> 8 | I58: =SUM(I10:I57) -> 171 | J58: =SUM(J10:J57) -> 10 | ... P58: =SUM(P10:P57) -> 2498
B59: %ges + MCs | C59: =C58/$P$58 -> 0.084867894 | D59: =D58/$P$58 -> 0.038831065 | E59: =E58/$P$58 -> 0.1601281 | F59: =F58/$P$58 -> 0.07766213 | G59: =G58/$P$58 -> 0.003202562 | H59: =H58/$P$58 -> 0.003202562 | I59: =I58/$P$58 -> 0.068454764 | J59: =J58/$P$58 -> 0.0040032026 | ... N59: =N58/$P$58 -> 0
B60: %ges w/o MCs | C60: =C58/$O$58 -> 0.19255223 | D60: =D58/$O$58 -> 0.088101726 | E60: =E58/$O$58 -> 0.36330609 | F60: =F58/$O$58 -> 0.17620345 | G60: =G58/$O$58 -> 0.0072661217 | H60: =H58/$O$58 -> 0.0072661217 | I60: =I58/$O$58 -> 0.15531335 | J60: =J58/$O$58 -> 0.0090826521 | ... L60: =L58/$O$58 -> 0 | N60: =N58/$O$58 -> 0

Sheet 22.08 Sironko-Mbale-24h
B1: Consultancy services for Preparation of Expressway Development Master Plan (EDMP) for Uganda
B2: MANUAL CLASSIFIED COUNT (MCC)
B3: ROAD NAME: | C3: ='19.08 Sironko-Mbale'!C3:G3 -> MCC - C4 - STN120 - MBALE-SIRONKO ROAD
C5: Date | D5: 22.08.19 | F5: Location | G5: ='24.08 Mbale-Sironko-24h'!G5:H5 -> xxx | J5: Surveyor | K5: ='24.08 Mbale-Sironko-24h'!K5:L5 -> xxx
C6: Dir. From | D6: ='19.08 Sironko-Mbale'!D6:E6 -> Sironko | F6: Dir. To | G6: ='19.08 Sironko-Mbale'!G6:H6 -> Mbale | J6: Supervisor | K6: ='24.08 Mbale-Sironko-24h'!K6:L6 -> xxx
B8: Time / Veh Type | R8: SUMMARY TRAFFIC VOLUMES
C9: 1. Car | D9: 2. Station Wagon | E9: 3. Pickups | F9: 4. Minibus, matatu | G9: 5. Medium bus | H9: 6. Large Bus | I9: 7. Light Truck | J9: 8. Medium Truck | K9: 9. Heavy truck | L9: 10. Truck Trailer | M9: 11. Motor cycles | N9: 12. Tractors | O9: Total Excl M/Cycles | P9: Total All | R9: Time | S9: 1. Car | T9: 2. Station Wagon | U9: 3. Pickups | V9: 4. Minibus, matatu | W9: 5. Medium bus | X9: 6. Large Bus | Y9: 7. Light Truck | Z9: 8. Medium Truck | AA9: 9. Heavy truck | AB9: 10. Truck Trailer | AC9: 11. Motorcycles | AD9: 12. Tractors, Graders | AE9: Total Excl M/ Cycles | AF9: Total All
B10: 07.00 - 07.15 | C10: 0 | D10: 0 | E10: 3 | F10: 3 | G10: 0 | H10: 0 | I10: 2 | J10: 0 | K10: 0 | L10: 0 | M10: 26 | N10: 0 | O10: =SUM(C10:L10,N10) -> 8 | P10: =SUM(C10:N10) -> 34 | R10: 0700-0800 | S10: =SUM(C10:C13) -> 5 | T10: =SUM(D10:D13) -> 1 | U10: =SUM(E10:E13) -> 13 | V10: =SUM(F10:F13) -> 11 | W10: =SUM(G10:G13) -> 0 | X10: =SUM(H10:H13) -> 0 | Y10: =SUM(I10:I13) -> 4 | Z10: =SUM(J10:J13) -> 0 | ... AF10: =SUM(P10:P13) -> 176
B11: 07.15 - 07.30 | C11: 1 | D11: 0 | E11: 2 | F11: 3 | G11: 0 | H11: 0 | I11: 1 | J11: 0 | K11: 0 | L11: 0 | M11: 35 | N11: 0 | O11: =SUM(C11:L11,N11) -> 7 | P11: =SUM(C11:N11) -> 42 | R11: 0800-0900 | S11: =SUM(C14:C17) -> 8 | T11: =SUM(D14:D17) -> 3 | U11: =SUM(E14:E17) -> 20 | V11: =SUM(F14:F17) -> 14 | W11: =SUM(G14:G17) -> 0 | X11: =SUM(H14:H17) -> 0 | Y11: =SUM(I14:I17) -> 7 | Z11: =SUM(J14:J17) -> 1 | ... AF11: =SUM(P14:P17) -> 178
B12: 07.30 - 07.45 | C12: 1 | D12: 0 | E12: 3 | F12: 2 | G12: 0 | H12: 0 | I12: 0 | J12: 0 | K12: 0 | L12: 0 | M12: 40 | N12: 0 | O12: =SUM(C12:L12,N12) -> 6 | P12: =SUM(C12:N12) -> 46 | R12: 0900-1000 | S12: =SUM(C18:C21) -> 11 | T12: =SUM(D18:D21) -> 5 | U12: =SUM(E18:E21) -> 26 | V12: =SUM(F18:F21) -> 12 | W12: =SUM(G18:G21) -> 0 | X12: =SUM(H18:H21) -> 0 | Y12: =SUM(I18:I21) -> 9 | Z12: =SUM(J18:J21) -> 0 | ... AF12: =SUM(P18:P21) -> 179
B13: 07.45 - 08.00 | C13: 3 | D13: 1 | E13: 5 | F13: 3 | G13: 0 | H13: 0 | I13: 1 | J13: 0 | K13: 0 | L13: 0 | M13: 41 | N13: 0 | O13: =SUM(C13:L13,N13) -> 13 | P13: =SUM(C13:N13) -> 54 | R13: 1000-1100 | S13: =SUM(C22:C25) -> 11 | T13: =SUM(D22:D25) -> 2 | U13: =SUM(E22:E25) -> 16 | V13: =SUM(F22:F25) -> 10 | W13: =SUM(G22:G25) -> 0 | X13: =SUM(H22:H25) -> 0 | Y13: =SUM(I22:I25) -> 10 | Z13: =SUM(J22:J25) -> 0 | ... AF13: =SUM(P22:P25) -> 171
B14: 08.00 - 08.15 | C14: 0 | D14: 0 | E14: 3 | F14: 4 | G14: 0 | H14: 0 | I14: 0 | J14: 1 | K14: 0 | L14: 0 | M14: 29 | N14: 0 | O14: =SUM(C14:L14,N14) -> 8 | P14: =SUM(C14:N14) -> 37 | R14: 1100-1200 | S14: =SUM(C26:C29) -> 11 | T14: =SUM(D26:D29) -> 2 | U14: =SUM(E26:E29) -> 13 | V14: =SUM(F26:F29) -> 18 | W14: =SUM(G26:G29) -> 0 | X14: =SUM(H26:H29) -> 0 | Y14: =SUM(I26:I29) -> 13 | Z14: =SUM(J26:J29) -> 1 | ... AF14: =SUM(P26:P29) -> 165
B15: 08.15 - 08.30 | C15: 5 | D15: 1 | E15: 6 | F15: 7 | G15: 0 | H15: 0 | I15: 3 | J15: 0 | K15: 0 | L15: 0 | M15: 27 | N15: 0 | O15: =SUM(C15:L15,N15) -> 22 | P15: =SUM(C15:N15) -> 49 | R15: 1200-1300 | S15: =SUM(C30:C33) -> 14 | T15: =SUM(D30:D33) -> 3 | U15: =SUM(E30:E33) -> 18 | V15: =SUM(F30:F33) -> 12 | W15: =SUM(G30:G33) -> 0 | X15: =SUM(H30:H33) -> 1 | Y15: =SUM(I30:I33) -> 13 | Z15: =SUM(J30:J33) -> 0 | ... AF15: =SUM(P30:P33) -> 169
B16: 08.30 - 08.45 | C16: 3 | D16: 1 | E16: 6 | F16: 1 | G16: 0 | H16: 0 | I16: 2 | J16: 0 | K16: 0 | L16: 0 | M16: 42 | N16: 0 | O16: =SUM(C16:L16,N16) -> 13 | P16: =SUM(C16:N16) -> 55 | R16: 1300-1400 | S16: =SUM(C34:C37) -> 8 | T16: =SUM(D34:D37) -> 3 | U16: =SUM(E34:E37) -> 18 | V16: =SUM(F34:F37) -> 13 | W16: =SUM(G34:G37) -> 0 | X16: =SUM(H34:H37) -> 0 | Y16: =SUM(I34:I37) -> 4 | Z16: =SUM(J34:J37) -> 0 | ... AF16: =SUM(P34:P37) -> 144
B17: 08.45 - 9.00 | C17: 0 | D17: 1 | E17: 5 | F17: 2 | G17: 0 | H17: 0 | I17: 2 | J17: 0 | K17: 0 | L17: 0 | M17: 27 | N17: 0 | O17: =SUM(C17:L17,N17) -> 10 | P17: =SUM(C17:N17) -> 37 | R17: 1400-1500 | S17: =SUM(C38:C41) -> 15 | T17: =SUM(D38:D41) -> 1 | U17: =SUM(E38:E41) -> 13 | V17: =SUM(F38:F41) -> 21 | W17: =SUM(G38:G41) -> 0 | X17: =SUM(H38:H41) -> 0 | Y17: =SUM(I38:I41) -> 19 | Z17: =SUM(J38:J41) -> 0 | ... AF17: =SUM(P38:P41) -> 164
B18: 09.00 - 09.15 | C18: 1 | D18: 0 | E18: 2 | F18: 5 | G18: 0 | H18: 0 | I18: 3 | J18: 0 | K18: 0 | L18: 0 | M18: 20 | N18: 0 | O18: =SUM(C18:L18,N18) -> 11 | P18: =SUM(C18:N18) -> 31 | R18: 1500-1600 | S18: =SUM(C42:C45) -> 15 | T18: =SUM(D42:D45) -> 2 | U18: =SUM(E42:E45) -> 13 | V18: =SUM(F42:F45) -> 22 | W18: =SUM(G42:G45) -> 0 | X18: =SUM(H42:H45) -> 0 | Y18: =SUM(I42:I45) -> 24 | Z18: =SUM(J42:J45) -> 0 | ... AF18: =SUM(P42:P45) -> 176
B19: 09.15 - 09.30 | C19: 1 | D19: 1 | E19: 6 | F19: 0 | G19: 0 | H19: 0 | I19: 1 | J19: 0 | K19: 0 | L19: 0 | M19: 44 | N19: 0 | O19: =SUM(C19:L19,N19) -> 9 | P19: =SUM(C19:N19) -> 53 | R19: 1600-1700 | S19: =SUM(C46:C49) -> 10 | T19: =SUM(D46:D49) -> 6 | U19: =SUM(E46:E49) -> 23 | V19: =SUM(F46:F49) -> 22 | W19: =SUM(G46:G49) -> 0 | X19: =SUM(H46:H49) -> 0 | Y19: =SUM(I46:I49) -> 14 | Z19: =SUM(J46:J49) -> 0 | ... AF19: =SUM(P46:P49) -> 208
B20: 09.30 - 09.45 | C20: 5 | D20: 2 | E20: 9 | F20: 6 | G20: 0 | H20: 0 | I20: 1 | J20: 0 | K20: 0 | L20: 0 | M20: 37 | N20: 1 | O20: =SUM(C20:L20,N20) -> 24 | P20: =SUM(C20:N20) -> 61 | R20: 1700-1800 | S20: =SUM(C50:C53) -> 12 | T20: =SUM(D50:D53) -> 7 | U20: =SUM(E50:E53) -> 28 | V20: =SUM(F50:F53) -> 16 | W20: =SUM(G50:G53) -> 9 | X20: =SUM(H50:H53) -> 1 | Y20: =SUM(I50:I53) -> 15 | Z20: =SUM(J50:J53) -> 1 | ... AF20: =SUM(P50:P53) -> 203
B21: 09.45 - 10.00 | C21: 4 | D21: 2 | E21: 9 | F21: 1 | G21: 0 | H21: 0 | I21: 4 | J21: 0 | K21: 0 | L21: 0 | M21: 14 | N21: 0 | O21: =SUM(C21:L21,N21) -> 20 | P21: =SUM(C21:N21) -> 34 | R21: 1800-1900 | S21: =SUM(C54:C57) -> 19 | T21: =SUM(D54:D57) -> 4 | U21: =SUM(E54:E57) -> 22 | V21: =SUM(F54:F57) -> 21 | W21: =SUM(G54:G57) -> 1 | X21: =SUM(H54:H57) -> 0 | Y21: =SUM(I54:I57) -> 14 | Z21: =SUM(J54:J57) -> 1 | ... AF21: =SUM(P54:P57) -> 177
B22: 10.00 - 10.15 | C22: 3 | D22: 0 | E22: 2 | F22: 2 | G22: 0 | H22: 0 | I22: 5 | J22: 0 | K22: 0 | L22: 0 | M22: 25 | N22: 0 | O22: =SUM(C22:L22,N22) -> 12 | P22: =SUM(C22:N22) -> 37 | R22: 1900-2000 | S22: =SUM(C58:C61) -> 10 | T22: =SUM(D58:D61) -> 8 | U22: =SUM(E58:E61) -> 32 | V22: =SUM(F58:F61) -> 11 | W22: =SUM(G58:G61) -> 0 | X22: =SUM(H58:H61) -> 0 | Y22: =SUM(I58:I61) -> 21 | Z22: =SUM(J58:J61) -> 1 | ... AF22: =SUM(P58:P61) -> 173
B23: 10.15 - 10.30 | C23: 4 | D23: 1 | E23: 6 | F23: 4 | G23: 0 | H23: 0 | I23: 3 | J23: 0 | K23: 0 | L23: 0 | M23: 24 | N23: 0 | O23: =SUM(C23:L23,N23) -> 18 | P23: =SUM(C23:N23) -> 42 | R23: 2000-2100 | S23: =SUM(C62:C65) -> 13 | T23: =SUM(D62:D65) -> 8 | U23: =SUM(E62:E65) -> 29 | V23: =SUM(F62:F65) -> 9 | W23: =SUM(G62:G65) -> 0 | X23: =SUM(H62:H65) -> 0 | Y23: =SUM(I62:I65) -> 45 | Z23: =SUM(J62:J65) -> 0 | ... AF23: =SUM(P62:P65) -> 167
B24: 10.30 - 10.45 | C24: 4 | D24: 0 | E24: 3 | F24: 3 | G24: 0 | H24: 0 | I24: 1 | J24: 0 | K24: 0 | L24: 0 | M24: 36 | N24: 0 | O24: =SUM(C24:L24,N24) -> 11 | P24: =SUM(C24:N24) -> 47 | R24: 2100-2200 | S24: =SUM(C66:C69) -> 6 | T24: =SUM(D66:D69) -> 0 | U24: =SUM(E66:E69) -> 7 | V24: =SUM(F66:F69) -> 0 | W24: =SUM(G66:G69) -> 0 | X24: =SUM(H66:H69) -> 0 | Y24: =SUM(I66:I69) -> 14 | Z24: =SUM(J66:J69) -> 0 | ... AF24: =SUM(P66:P69) -> 51
B25: 10.45 - 11.00 | C25: 0 | D25: 1 | E25: 5 | F25: 1 | G25: 0 | H25: 0 | I25: 1 | J25: 0 | K25: 0 | L25: 0 | M25: 37 | N25: 0 | O25: =SUM(C25:L25,N25) -> 8 | P25: =SUM(C25:N25) -> 45 | R25: 2200-2300 | S25: =SUM(C70:C73) -> 5 | T25: =SUM(D70:D73) -> 0 | U25: =SUM(E70:E73) -> 2 | V25: =SUM(F70:F73) -> 0 | W25: =SUM(G70:G73) -> 0 | X25: =SUM(H70:H73) -> 0 | Y25: =SUM(I70:I73) -> 16 | Z25: =SUM(J70:J73) -> 0 | ... AF25: =SUM(P70:P73) -> 37
B26: 11.00 - 11.15 | C26: 2 | D26: 0 | E26: 2 | F26: 4 | G26: 0 | H26: 0 | I26: 3 | J26: 0 | K26: 0 | L26: 0 | M26: 27 | N26: 0 | O26: =SUM(C26:L26,N26) -> 11 | P26: =SUM(C26:N26) -> 38 | R26: 2300-0000 | S26: =SUM(C74:C77) -> 1 | T26: =SUM(D74:D77) -> 0 | U26: =SUM(E74:E77) -> 5 | V26: =SUM(F74:F77) -> 0 | W26: =SUM(G74:G77) -> 0 | X26: =SUM(H74:H77) -> 0 | Y26: =SUM(I74:I77) -> 9 | Z26: =SUM(J74:J77) -> 0 | ... AF26: =SUM(P74:P77) -> 20
B27: 11.15 - 11.30 | C27: 2 | D27: 2 | E27: 8 | F27: 9 | G27: 0 | H27: 0 | I27: 3 | J27: 1 | K27: 0 | L27: 0 | M27: 40 | N27: 0 | O27: =SUM(C27:L27,N27) -> 25 | P27: =SUM(C27:N27) -> 65 | R27: 0000-0100 | S27: =SUM(C78:C81) -> 1 | T27: =SUM(D78:D81) -> 0 | U27: =SUM(E78:E81) -> 2 | V27: =SUM(F78:F81) -> 0 | W27: =SUM(G78:G81) -> 0 | X27: =SUM(H78:H81) -> 0 | Y27: =SUM(I78:I81) -> 5 | Z27: =SUM(J78:J81) -> 0 | ... AF27: =SUM(P78:P81) -> 15
B28: 11.30 - 11.45 | C28: 3 | D28: 0 | E28: 2 | F28: 4 | G28: 0 | H28: 0 | I28: 3 | J28: 0 | K28: 0 | L28: 0 | M28: 19 | N28: 0 | O28: =SUM(C28:L28,N28) -> 12 | P28: =SUM(C28:N28) -> 31 | R28: 0100-0200 | S28: =SUM(C82:C85) -> 0 | T28: =SUM(D82:D85) -> 0 | U28: =SUM(E82:E85) -> 5 | V28: =SUM(F82:F85) -> 0 | W28: =SUM(G82:G85) -> 0 | X28: =SUM(H82:H85) -> 0 | Y28: =SUM(I82:I85) -> 6 | Z28: =SUM(J82:J85) -> 0 | ... AF28: =SUM(P82:P85) -> 13
B29: 11.45 - 12.00 | C29: 4 | D29: 0 | E29: 1 | F29: 1 | G29: 0 | H29: 0 | I29: 4 | J29: 0 | K29: 0 | L29: 0 | M29: 21 | N29: 0 | O29: =SUM(C29:L29,N29) -> 10 | P29: =SUM(C29:N29) -> 31 | R29: 0200-0300 | S29: =SUM(C86:C89) -> 0 | T29: =SUM(D86:D89) -> 0 | U29: =SUM(E86:E89) -> 3 | V29: =SUM(F86:F89) -> 0 | W29: =SUM(G86:G89) -> 0 | X29: =SUM(H86:H89) -> 0 | Y29: =SUM(I86:I89) -> 5 | Z29: =SUM(J86:J89) -> 0 | ... AF29: =SUM(P86:P89) -> 12
B30: 12.00 - 12.15 | C30: 5 | D30: 0 | E30: 3 | F30: 1 | G30: 0 | H30: 0 | I30: 3 | J30: 0 | K30: 0 | L30: 0 | M30: 23 | N30: 0 | O30: =SUM(C30:L30,N30) -> 12 | P30: =SUM(C30:N30) -> 35 | R30: 0300-0400 | S30: =SUM(C90:C93) -> 0 | T30: =SUM(D90:D93) -> 0 | U30: =SUM(E90:E93) -> 5 | V30: =SUM(F90:F93) -> 0 | W30: =SUM(G90:G93) -> 0 | X30: =SUM(H90:H93) -> 0 | Y30: =SUM(I90:I93) -> 1 | Z30: =SUM(J90:J93) -> 0 | ... AF30: =SUM(P90:P93) -> 7
B31: 12.15 - 12.30 | C31: 4 | D31: 1 | E31: 5 | F31: 4 | G31: 0 | H31: 0 | I31: 2 | J31: 0 | K31: 0 | L31: 0 | M31: 34 | N31: 0 | O31: =SUM(C31:L31,N31) -> 16 | P31: =SUM(C31:N31) -> 50 | R31: 0400-0500 | S31: =SUM(C94:C97) -> 2 | T31: =SUM(D94:D97) -> 0 | U31: =SUM(E94:E97) -> 5 | V31: =SUM(F94:F97) -> 0 | W31: =SUM(G94:G97) -> 0 | X31: =SUM(H94:H97) -> 0 | Y31: =SUM(I94:I97) -> 4 | Z31: =SUM(J94:J97) -> 0 | ... AF31: =SUM(P94:P97) -> 16
B32: 12.30 - 12.45 | C32: 2 | D32: 1 | E32: 4 | F32: 2 | G32: 0 | H32: 1 | I32: 6 | J32: 0 | K32: 0 | L32: 0 | M32: 29 | N32: 0 | O32: =SUM(C32:L32,N32) -> 16 | P32: =SUM(C32:N32) -> 45 | R32: 0500-0600 | S32: =SUM(C98:C101) -> 0 | T32: =SUM(D98:D101) -> 0 | U32: =SUM(E98:E101) -> 5 | V32: =SUM(F98:F101) -> 0 | W32: =SUM(G98:G101) -> 0 | X32: =SUM(H98:H101) -> 0 | Y32: =SUM(I98:I101) -> 6 | Z32: =SUM(J98:J101) -> 0 | ... AF32: =SUM(P98:P101) -> 20
B33: 12.45 - 13.00 | C33: 3 | D33: 1 | E33: 6 | F33: 5 | G33: 0 | H33: 0 | I33: 2 | J33: 0 | K33: 1 | L33: 0 | M33: 21 | N33: 0 | O33: =SUM(C33:L33,N33) -> 18 | P33: =SUM(C33:N33) -> 39 | R33: 0600-0700 | S33: =SUM(C102:C105) -> 0 | T33: =SUM(D102:D105) -> 1 | U33: =SUM(E102:E105) -> 9 | V33: =SUM(F102:F105) -> 12 | W33: =SUM(G102:G105) -> 0 | X33: =SUM(H102:H105) -> 0 | Y33: =SUM(I102:I105) -> 7 | Z33: =SUM(J102:J105) -> 0 | ... AF33: =SUM(P102:P105) -> 62
B34: 13.00 - 13.15 | C34: 1 | D34: 1 | E34: 6 | F34: 4 | G34: 0 | H34: 0 | I34: 0 | J34: 0 | K34: 0 | L34: 0 | M34: 26 | N34: 0 | O34: =SUM(C34:L34,N34) -> 12 | P34: =SUM(C34:N34) -> 38 | R34: AM Peak Hr | S34: =MAX(S10:S12) -> 11 | T34: =MAX(T10:T12) -> 5 | U34: =MAX(U10:U12) -> 26 | V34: =MAX(V10:V12) -> 14 | W34: =MAX(W10:W12) -> 0 | X34: =MAX(X10:X12) -> 0 | Y34: =MAX(Y10:Y12) -> 9 | Z34: =MAX(Z10:Z12) -> 1 | ... AF34: =MAX(AF10:AF12) -> 179
B35: 13.15 - 13.30 | C35: 3 | D35: 1 | E35: 5 | F35: 2 | G35: 0 | H35: 0 | I35: 2 | J35: 0 | K35: 0 | L35: 0 | M35: 27 | N35: 0 | O35: =SUM(C35:L35,N35) -> 13 | P35: =SUM(C35:N35) -> 40 | R35: IP Peak Hr | S35: =MAX(S13:S18) -> 15 | T35: =MAX(T13:T18) -> 3 | U35: =MAX(U13:U18) -> 18 | V35: =MAX(V13:V18) -> 22 | W35: =MAX(W13:W18) -> 0 | X35: =MAX(X13:X18) -> 1 | Y35: =MAX(Y13:Y18) -> 24 | Z35: =MAX(Z13:Z18) -> 1 | ... AF35: =MAX(AF13:AF18) -> 176
B36: 13.30 - 13.45 | C36: 2 | D36: 0 | E36: 2 | F36: 3 | G36: 0 | H36: 0 | I36: 0 | J36: 0 | K36: 0 | L36: 0 | M36: 31 | N36: 0 | O36: =SUM(C36:L36,N36) -> 7 | P36: =SUM(C36:N36) -> 38 | R36: PM Peak Hr | S36: =MAX(S19:S21) -> 19 | T36: =MAX(T19:T21) -> 7 | U36: =MAX(U19:U21) -> 28 | V36: =MAX(V19:V21) -> 22 | W36: =MAX(W19:W21) -> 9 | X36: =MAX(X19:X21) -> 1 | Y36: =MAX(Y19:Y21) -> 15 | Z36: =MAX(Z19:Z21) -> 1 | ... AF36: =MAX(AF19:AF21) -> 208
B37: 13.45 - 14.00 | C37: 2 | D37: 1 | E37: 5 | F37: 4 | G37: 0 | H37: 0 | I37: 2 | J37: 0 | K37: 0 | L37: 0 | M37: 14 | N37: 0 | O37: =SUM(C37:L37,N37) -> 14 | P37: =SUM(C37:N37) -> 28 | R37: AM Period | S37: =SUM(S10:S12) -> 24 | T37: =SUM(T10:T12) -> 9 | U37: =SUM(U10:U12) -> 59 | V37: =SUM(V10:V12) -> 37 | W37: =SUM(W10:W12) -> 0 | X37: =SUM(X10:X12) -> 0 | Y37: =SUM(Y10:Y12) -> 20 | Z37: =SUM(Z10:Z12) -> 1 | ... AF37: =SUM(AF10:AF12) -> 533
B38: 14.00 - 14.15 | C38: 3 | D38: 0 | E38: 3 | F38: 5 | G38: 0 | H38: 0 | I38: 4 | J38: 0 | K38: 0 | L38: 0 | M38: 17 | N38: 0 | O38: =SUM(C38:L38,N38) -> 15 | P38: =SUM(C38:N38) -> 32 | R38: IP Period | S38: =SUM(S13:S18) -> 74 | T38: =SUM(T13:T18) -> 13 | U38: =SUM(U13:U18) -> 91 | V38: =SUM(V13:V18) -> 96 | W38: =SUM(W13:W18) -> 0 | X38: =SUM(X13:X18) -> 1 | Y38: =SUM(Y13:Y18) -> 83 | Z38: =SUM(Z13:Z18) -> 1 | ... AF38: =SUM(AF13:AF18) -> 989
B39: 14.15 - 14.30 | C39: 7 | D39: 0 | E39: 3 | F39: 7 | G39: 0 | H39: 0 | I39: 6 | J39: 0 | K39: 0 | L39: 0 | M39: 37 | N39: 0 | O39: =SUM(C39:L39,N39) -> 23 | P39: =SUM(C39:N39) -> 60 | R39: PM Period | S39: =SUM(S19:S21) -> 41 | T39: =SUM(T19:T21) -> 17 | U39: =SUM(U19:U21) -> 73 | V39: =SUM(V19:V21) -> 59 | W39: =SUM(W19:W21) -> 10 | X39: =SUM(X19:X21) -> 1 | Y39: =SUM(Y19:Y21) -> 43 | Z39: =SUM(Z19:Z21) -> 2 | ... AF39: =SUM(AF19:AF21) -> 588
B40: 14.30 - 14.45 | C40: 4 | D40: 1 | E40: 5 | F40: 4 | G40: 0 | H40: 0 | I40: 3 | J40: 0 | K40: 0 | L40: 0 | M40: 22 | N40: 0 | O40: =SUM(C40:L40,N40) -> 17 | P40: =SUM(C40:N40) -> 39 | R40: 12 Hours | S40: =SUM(S10:S21) -> 139 | T40: =SUM(T10:T21) -> 39 | U40: =SUM(U10:U21) -> 223 | V40: =SUM(V10:V21) -> 192 | W40: =SUM(W10:W21) -> 10 | X40: =SUM(X10:X21) -> 2 | Y40: =SUM(Y10:Y21) -> 146 | Z40: =SUM(Z10:Z21) -> 4 | ... AF40: =SUM(AF10:AF21) -> 2110
B41: 14.45 - 15.00 | C41: 1 | D41: 0 | E41: 2 | F41: 5 | G41: 0 | H41: 0 | I41: 6 | J41: 0 | K41: 0 | L41: 0 | M41: 19 | N41: 0 | O41: =SUM(C41:L41,N41) -> 14 | P41: =SUM(C41:N41) -> 33 | R41: 24 Hrs/ADT | S41: =SUM(S10:S33) -> 177 | T41: =SUM(T10:T33) -> 56 | U41: =SUM(U10:U33) -> 332 | V41: =SUM(V10:V33) -> 224 | W41: =SUM(W10:W33) -> 10 | X41: =SUM(X10:X33) -> 2 | Y41: =SUM(Y10:Y33) -> 285 | Z41: =SUM(Z10:Z33) -> 5 | ... AF41: =SUM(AF10:AF33) -> 2703
B42: 15.00 - 15.15 | C42: 4 | D42: 0 | E42: 1 | F42: 3 | G42: 0 | H42: 0 | I42: 7 | J42: 0 | K42: 0 | L42: 0 | M42: 14 | N42: 0 | O42: =SUM(C42:L42,N42) -> 15 | P42: =SUM(C42:N42) -> 29 | R42: NEF | S42: =S41/S40 -> 1.2733813 | T42: =T41/T40 -> 1.4358974 | U42: =U41/U40 -> 1.4887892 | V42: =V41/V40 -> 1.1666667 | W42: =W41/W40 -> 1 | X42: =X41/X40 -> 1 | Y42: =Y41/Y40 -> 1.9520548 | Z42: =Z41/Z40 -> 1.25 | ... AF42: =AF41/AF40 -> 1.2810427
B43: 15.15 - 15.30 | C43: 2 | D43: 0 | E43: 2 | F43: 3 | G43: 0 | H43: 0 | I43: 4 | J43: 0 | K43: 0 | L43: 0 | M43: 27 | N43: 0 | O43: =SUM(C43:L43,N43) -> 11 | P43: =SUM(C43:N43) -> 38
B44: 15.30 - 15.45 | C44: 5 | D44: 1 | E44: 4 | F44: 8 | G44: 0 | H44: 0 | I44: 7 | J44: 0 | K44: 0 | L44: 0 | M44: 32 | N44: 0 | O44: =SUM(C44:L44,N44) -> 25 | P44: =SUM(C44:N44) -> 57
B45: 15.45 - 16.00 | C45: 4 | D45: 1 | E45: 6 | F45: 8 | G45: 0 | H45: 0 | I45: 6 | J45: 0 | K45: 0 | L45: 0 | M45: 27 | N45: 0 | O45: =SUM(C45:L45,N45) -> 25 | P45: =SUM(C45:N45) -> 52
B46: 16.00 - 16.15 | C46: 2 | D46: 1 | E46: 4 | F46: 9 | G46: 0 | H46: 0 | I46: 5 | J46: 0 | K46: 0 | L46: 0 | M46: 27 | N46: 0 | O46: =SUM(C46:L46,N46) -> 21 | P46: =SUM(C46:N46) -> 48
B47: 16.15 -16.30 | C47: 2 | D47: 1 | E47: 5 | F47: 2 | G47: 0 | H47: 0 | I47: 3 | J47: 0 | K47: 0 | L47: 0 | M47: 33 | N47: 0 | O47: =SUM(C47:L47,N47) -> 13 | P47: =SUM(C47:N47) -> 46
B48: 16.30 -16.45 | C48: 4 | D48: 2 | E48: 7 | F48: 4 | G48: 0 | H48: 0 | I48: 3 | J48: 0 | K48: 0 | L48: 0 | M48: 28 | N48: 0 | O48: =SUM(C48:L48,N48) -> 20 | P48: =SUM(C48:N48) -> 48
B49: 16.45 -17.00 | C49: 2 | D49: 2 | E49: 7 | F49: 7 | G49: 0 | H49: 0 | I49: 3 | J49: 0 | K49: 0 | L49: 0 | M49: 45 | N49: 0 | O49: =SUM(C49:L49,N49) -> 21 | P49: =SUM(C49:N49) -> 66
B50: 17.00 -17.15 | C50: 4 | D50: 0 | E50: 2 | F50: 7 | G50: 0 | H50: 0 | I50: 2 | J50: 0 | K50: 0 | L50: 0 | M50: 24 | N50: 0 | O50: =SUM(C50:L50,N50) -> 15 | P50: =SUM(C50:N50) -> 39
B51: 17.15 -17.30 | C51: 5 | D51: 2 | E51: 7 | F51: 3 | G51: 0 | H51: 0 | I51: 4 | J51: 0 | K51: 0 | L51: 0 | M51: 26 | N51: 0 | O51: =SUM(C51:L51,N51) -> 21 | P51: =SUM(C51:N51) -> 47
B52: 17.30 -17.45 | C52: 2 | D52: 3 | E52: 11 | F52: 2 | G52: 0 | H52: 1 | I52: 3 | J52: 0 | K52: 0 | L52: 0 | M52: 32 | N52: 0 | O52: =SUM(C52:L52,N52) -> 22 | P52: =SUM(C52:N52) -> 54
B53: 17.45 -18.00 | C53: 1 | D53: 2 | E53: 8 | F53: 4 | G53: 9 | H53: 0 | I53: 6 | J53: 1 | K53: 0 | L53: 0 | M53: 32 | N53: 0 | O53: =SUM(C53:L53,N53) -> 31 | P53: =SUM(C53:N53) -> 63
B54: 18.00 - 18.15 | C54: 5 | D54: 1 | E54: 5 | F54: 4 | G54: 1 | H54: 0 | I54: 7 | J54: 1 | K54: 0 | L54: 0 | M54: 22 | N54: 0 | O54: =SUM(C54:L54,N54) -> 24 | P54: =SUM(C54:N54) -> 46
... B105: 06.45 - 07.00 | C105: 0 | D105: 0 | E105: 1 | F105: 7 | G105: 0 | H105: 0 | I105: 0 | J105: 0 | K105: 0 | L105: 0 | M105: 14 | N105: 0 | O105: =SUM(C105:L105,N105) -> 8 | P105: =SUM(C105:N105) -> 22
B106: Totals | C106: =SUM(C10:C105) -> 177 | D106: =SUM(D10:D105) -> 56 | E106: =SUM(E10:E105) -> 332 | F106: =SUM(F10:F105) -> 224 | G106: =SUM(G10:G105) -> 10 | H106: =SUM(H10:H105) -> 2 | I106: =SUM(I10:I105) -> 285 | J106: =SUM(J10:J105) -> 5 | ... P106: =SUM(P10:P105) -> 2703
B107: %ges + MCs | C107: =C106/$P$106 -> 0.065482797 | D107: =D106/$P$106 -> 0.020717721 | E107: =E106/$P$106 -> 0.12282649 | F107: =F106/$P$106 -> 0.082870884 | G107: =G106/$P$106 -> 0.003699593 | H107: =H106/$P$106 -> 0.00073991861 | I107: =I106/$P$106 -> 0.1054384 | J107: =J106/$P$106 -> 0.0018497965 | ... N107: =N106/$P$106 -> 0.0003699593
B108: %ges w/o MCs | C108: =C106/$O$106 -> 0.16193962 | D108: =D106/$O$106 -> 0.051235133 | E108: =E106/$O$106 -> 0.30375114 | F108: =F106/$O$106 -> 0.20494053 | G108: =G106/$O$106 -> 0.0091491308 | H108: =H106/$O$106 -> 0.0018298262 | I108: =I106/$O$106 -> 0.26075023 | J108: =J106/$O$106 -> 0.0045745654 | ... L108: =L106/$O$106 -> 0 | N108: =N106/$O$106 -> 0.00091491308

Sheet 22.08 Mbale-Sironko-24h
B1: Consultancy services for Preparation of Expressway Development Master Plan (EDMP) for Uganda
B2: MANUAL CLASSIFIED COUNT (MCC)
B3: ROAD NAME: | C3: ='19.08 Sironko-Mbale'!C3:G3 -> MCC - C4 - STN120 - MBALE-SIRONKO ROAD
C5: Date | D5: ='22.08 Sironko-Mbale-24h'!D5 -> 22.08.19 | F5: Location | G5: ='22.08 Sironko-Mbale-24h'!G5:H5 -> xxx | J5: Surveyor | K5: ='22.08 Sironko-Mbale-24h'!K5:L5 -> xxx
C6: Dir. From | D6: ='19.08 Mbale-Sironko'!D6:E6 -> Mbale | F6: Dir. To | G6: ='19.08 Mbale-Sironko'!G6:H6 -> Sironko | J6: Supervisor | K6: ='22.08 Sironko-Mbale-24h'!K6:L6 -> xxx
B8: Time / Veh Type | R8: SUMMARY TRAFFIC VOLUMES
C9: 1. Car | D9: 2. Station Wagon | E9: 3. Pickups | F9: 4. Minibus, matatu | G9: 5. Medium bus | H9: 6. Large Bus | I9: 7. Light Truck | J9: 8. Medium Truck | K9: 9. Heavy truck | L9: 10. Truck Trailer | M9: 11. Motor cycles | N9: 12. Tractors | O9: Total Excl M/Cycles | P9: Total All | R9: Time | S9: 1. Car | T9: 2. Station Wagon | U9: 3. Pickups | V9: 4. Minibus, matatu | W9: 5. Medium bus | X9: 6. Large Bus | Y9: 7. Light Truck | Z9: 8. Medium Truck | AA9: 9. Heavy truck | AB9: 10. Truck Trailer | AC9: 11. Motorcycles | AD9: 12. Tractors, Graders | AE9: Total Excl M/ Cycles | AF9: Total All
B10: 07.00 - 07.15 | C10: 1 | D10: =ROUNDDOWN((0.3*E10),0) -> 1 | E10: 4 | F10: 3 | G10: 0 | H10: 0 | I10: 3 | J10: 0 | K10: 0 | L10: =SUM('[1]RD4 MCC'!R390:U390) -> 0 | M10: 11 | N10: 0 | O10: =SUM(C10:L10,N10) -> 12 | P10: =SUM(C10:N10) -> 23 | R10: 0700-0800 | S10: =SUM(C10:C13) -> 7 | T10: =SUM(D10:D13) -> 5 | U10: =SUM(E10:E13) -> 21 | V10: =SUM(F10:F13) -> 12 | W10: =SUM(G10:G13) -> 0 | X10: =SUM(H10:H13) -> 0 | Y10: =SUM(I10:I13) -> 12 | Z10: =SUM(J10:J13) -> 0 | ... AF10: =SUM(P10:P13) -> 131
B11: 07.15 - 07.30 | C11: 0 | D11: =ROUNDDOWN((0.3*E11),0) -> 1 | E11: 5 | F11: 3 | G11: 0 | H11: 0 | I11: 1 | J11: 0 | K11: 0 | L11: =SUM('[1]RD4 MCC'!R391:U391) -> 0 | M11: 17 | N11: 0 | O11: =SUM(C11:L11,N11) -> 10 | P11: =SUM(C11:N11) -> 27 | R11: 0800-0900 | S11: =SUM(C14:C17) -> 11 | T11: =SUM(D14:D17) -> 8 | U11: =SUM(E14:E17) -> 29 | V11: =SUM(F14:F17) -> 17 | W11: =SUM(G14:G17) -> 2 | X11: =SUM(H14:H17) -> 0 | Y11: =SUM(I14:I17) -> 16 | Z11: =SUM(J14:J17) -> 0 | ... AF11: =SUM(P14:P17) -> 183
B12: 07.30 - 07.45 | C12: 6 | D12: =ROUNDDOWN((0.3*E12),0) -> 1 | E12: 5 | F12: 2 | G12: 0 | H12: 0 | I12: 4 | J12: 0 | K12: 0 | L12: =SUM('[1]RD4 MCC'!R392:U392) -> 0 | M12: 14 | N12: 0 | O12: =SUM(C12:L12,N12) -> 18 | P12: =SUM(C12:N12) -> 32 | R12: 0900-1000 | S12: =SUM(C18:C21) -> 11 | T12: =SUM(D18:D21) -> 7 | U12: =SUM(E18:E21) -> 34 | V12: =SUM(F18:F21) -> 17 | W12: =SUM(G18:G21) -> 8 | X12: =SUM(H18:H21) -> 1 | Y12: =SUM(I18:I21) -> 16 | Z12: =SUM(J18:J21) -> 0 | ... AF12: =SUM(P18:P21) -> 208
B13: 07.45 - 08.00 | C13: 0 | D13: =ROUNDDOWN((0.3*E13),0) -> 2 | E13: 7 | F13: 4 | G13: 0 | H13: 0 | I13: 4 | J13: 0 | K13: 0 | L13: =SUM('[1]RD4 MCC'!R393:U393) -> 0 | M13: 32 | N13: 0 | O13: =SUM(C13:L13,N13) -> 17 | P13: =SUM(C13:N13) -> 49 | R13: 1000-1100 | S13: =SUM(C22:C25) -> 15 | T13: =SUM(D22:D25) -> 4 | U13: =SUM(E22:E25) -> 18 | V13: =SUM(F22:F25) -> 15 | W13: =SUM(G22:G25) -> 0 | X13: =SUM(H22:H25) -> 0 | Y13: =SUM(I22:I25) -> 20 | Z13: =SUM(J22:J25) -> 0 | ... AF13: =SUM(P22:P25) -> 181
B14: 08.00 - 08.15 | C14: 3 | D14: =ROUNDDOWN((0.3*E14),0) -> 2 | E14: 7 | F14: 6 | G14: 1 | H14: 0 | I14: 3 | J14: 0 | K14: 0 | L14: =SUM('[1]RD4 MCC'!R394:U394) -> 0 | M14: 18 | N14: 0 | O14: =SUM(C14:L14,N14) -> 22 | P14: =SUM(C14:N14) -> 40 | R14: 1100-1200 | S14: =SUM(C26:C29) -> 19 | T14: =SUM(D26:D29) -> 3 | U14: =SUM(E26:E29) -> 19 | V14: =SUM(F26:F29) -> 22 | W14: =SUM(G26:G29) -> 0 | X14: =SUM(H26:H29) -> 0 | Y14: =SUM(I26:I29) -> 14 | Z14: =SUM(J26:J29) -> 0 | ... AF14: =SUM(P26:P29) -> 183
B15: 08.15 - 08.30 | C15: 0 | D15: =ROUNDDOWN((0.3*E15),0) -> 1 | E15: 4 | F15: 4 | G15: 0 | H15: 0 | I15: 5 | J15: 0 | K15: 0 | L15: =SUM('[1]RD4 MCC'!R395:U395) -> 0 | M15: 27 | N15: 0 | O15: =SUM(C15:L15,N15) -> 14 | P15: =SUM(C15:N15) -> 41 | R15: 1200-1300 | S15: =SUM(C30:C33) -> 15 | T15: =SUM(D30:D33) -> 4 | U15: =SUM(E30:E33) -> 20 | V15: =SUM(F30:F33) -> 15 | W15: =SUM(G30:G33) -> 0 | X15: =SUM(H30:H33) -> 0 | Y15: =SUM(I30:I33) -> 13 | Z15: =SUM(J30:J33) -> 1 | ... AF15: =SUM(P30:P33) -> 200
B16: 08.30 - 08.45 | C16: 5 | D16: =ROUNDDOWN((0.3*E16),0) -> 3 | E16: 10 | F16: 2 | G16: 1 | H16: 0 | I16: 3 | J16: 0 | K16: 0 | L16: =SUM('[1]RD4 MCC'!R396:U396) -> 0 | M16: 24 | N16: 0 | O16: =SUM(C16:L16,N16) -> 24 | P16: =SUM(C16:N16) -> 48 | R16: 1300-1400 | S16: =SUM(C34:C37) -> 13 | T16: =SUM(D34:D37) -> 4 | U16: =SUM(E34:E37) -> 21 | V16: =SUM(F34:F37) -> 18 | W16: =SUM(G34:G37) -> 1 | X16: =SUM(H34:H37) -> 0 | Y16: =SUM(I34:I37) -> 13 | Z16: =SUM(J34:J37) -> 0 | ... AF16: =SUM(P34:P37) -> 170
B17: 08.45 - 9.00 | C17: 3 | D17: =ROUNDDOWN((0.3*E17),0) -> 2 | E17: 8 | F17: 5 | G17: 0 | H17: 0 | I17: 5 | J17: 0 | K17: 0 | L17: =SUM('[1]RD4 MCC'!R397:U397) -> 0 | M17: 31 | N17: 0 | O17: =SUM(C17:L17,N17) -> 23 | P17: =SUM(C17:N17) -> 54 | R17: 1400-1500 | S17: =SUM(C38:C41) -> 4 | T17: =SUM(D38:D41) -> 5 | U17: =SUM(E38:E41) -> 21 | V17: =SUM(F38:F41) -> 9 | W17: =SUM(G38:G41) -> 1 | X17: =SUM(H38:H41) -> 0 | Y17: =SUM(I38:I41) -> 17 | Z17: =SUM(J38:J41) -> 2 | ... AF17: =SUM(P38:P41) -> 142
B18: 09.00 - 09.15 | C18: 2 | D18: =ROUNDDOWN((0.3*E18),0) -> 2 | E18: 9 | F18: 2 | G18: 0 | H18: 0 | I18: 4 | J18: 0 | K18: 0 | L18: =SUM('[1]RD4 MCC'!R398:U398) -> 0 | M18: 30 | N18: 0 | O18: =SUM(C18:L18,N18) -> 19 | P18: =SUM(C18:N18) -> 49 | R18: 1500-1600 | S18: =SUM(C42:C45) -> 7 | T18: =SUM(D42:D45) -> 3 | U18: =SUM(E42:E45) -> 19 | V18: =SUM(F42:F45) -> 17 | W18: =SUM(G42:G45) -> 0 | X18: =SUM(H42:H45) -> 0 | Y18: =SUM(I42:I45) -> 13 | Z18: =SUM(J42:J45) -> 0 | ... AF18: =SUM(P42:P45) -> 167
B19: 09.15 - 09.30 | C19: 4 | D19: =ROUNDDOWN((0.3*E19),0) -> 1 | E19: 6 | F19: 2 | G19: 0 | H19: 0 | I19: 5 | J19: 0 | K19: 0 | L19: =SUM('[1]RD4 MCC'!R399:U399) -> 0 | M19: 20 | N19: 0 | O19: =SUM(C19:L19,N19) -> 18 | P19: =SUM(C19:N19) -> 38 | R19: 1600-1700 | S19: =SUM(C46:C49) -> 13 | T19: =SUM(D46:D49) -> 7 | U19: =SUM(E46:E49) -> 27 | V19: =SUM(F46:F49) -> 13 | W19: =SUM(G46:G49) -> 0 | X19: =SUM(H46:H49) -> 0 | Y19: =SUM(I46:I49) -> 9 | Z19: =SUM(J46:J49) -> 0 | ... AF19: =SUM(P46:P49) -> 146
B20: 09.30 - 09.45 | C20: 4 | D20: =ROUNDDOWN((0.3*E20),0) -> 4 | E20: 16 | F20: 7 | G20: 0 | H20: 1 | I20: 4 | J20: 0 | K20: 0 | L20: =SUM('[1]RD4 MCC'!R400:U400) -> 0 | M20: 34 | N20: 0 | O20: =SUM(C20:L20,N20) -> 36 | P20: =SUM(C20:N20) -> 70 | R20: 1700-1800 | S20: =SUM(C50:C53) -> 15 | T20: =SUM(D50:D53) -> 6 | U20: =SUM(E50:E53) -> 25 | V20: =SUM(F50:F53) -> 12 | W20: =SUM(G50:G53) -> 0 | X20: =SUM(H50:H53) -> 0 | Y20: =SUM(I50:I53) -> 18 | Z20: =SUM(J50:J53) -> 5 | ... AF20: =SUM(P50:P53) -> 207
B21: 09.45 - 10.00 | C21: 1 | D21: =ROUNDDOWN((0.3*E21),0) -> 0 | E21: 3 | F21: 6 | G21: 8 | H21: 0 | I21: 3 | J21: 0 | K21: 0 | L21: =SUM('[1]RD4 MCC'!R401:U401) -> 0 | M21: 30 | N21: 0 | O21: =SUM(C21:L21,N21) -> 21 | P21: =SUM(C21:N21) -> 51 | R21: 1800-1900 | S21: =SUM(C54:C57) -> 18 | T21: =SUM(D54:D57) -> 2 | U21: =SUM(E54:E57) -> 12 | V21: =SUM(F54:F57) -> 15 | W21: =SUM(G54:G57) -> 0 | X21: =SUM(H54:H57) -> 0 | Y21: =SUM(I54:I57) -> 21 | Z21: =SUM(J54:J57) -> 0 | ... AF21: =SUM(P54:P57) -> 163
B22: 10.00 - 10.15 | C22: 2 | D22: =ROUNDDOWN((0.3*E22),0) -> 2 | E22: 7 | F22: 8 | G22: 0 | H22: 0 | I22: 2 | J22: 0 | K22: 0 | L22: =SUM('[1]RD4 MCC'!R402:U402) -> 0 | M22: 22 | N22: 0 | O22: =SUM(C22:L22,N22) -> 21 | P22: =SUM(C22:N22) -> 43 | R22: 1900-2000 | S22: =SUM(C58:C61) -> 8 | T22: =SUM(D58:D61) -> 0 | U22: =SUM(E58:E61) -> 4 | V22: =SUM(F58:F61) -> 21 | W22: =SUM(G58:G61) -> 0 | X22: =SUM(H58:H61) -> 0 | Y22: =SUM(I58:I61) -> 26 | Z22: =SUM(J58:J61) -> 0 | ... AF22: =SUM(P58:P61) -> 162
B23: 10.15 - 10.30 | C23: 6 | D23: =ROUNDDOWN((0.3*E23),0) -> 1 | E23: 4 | F23: 2 | G23: 0 | H23: 0 | I23: 6 | J23: 0 | K23: 0 | L23: =SUM('[1]RD4 MCC'!R403:U403) -> 0 | M23: 32 | N23: 0 | O23: =SUM(C23:L23,N23) -> 19 | P23: =SUM(C23:N23) -> 51 | R23: 2000-2100 | S23: =SUM(C62:C65) -> 3 | T23: =SUM(D62:D65) -> 4 | U23: =SUM(E62:E65) -> 16 | V23: =SUM(F62:F65) -> 3 | W23: =SUM(G62:G65) -> 0 | X23: =SUM(H62:H65) -> 0 | Y23: =SUM(I62:I65) -> 14 | Z23: =SUM(J62:J65) -> 5 | ... AF23: =SUM(P62:P65) -> 122
B24: 10.30 - 10.45 | C24: 6 | D24: =ROUNDDOWN((0.3*E24),0) -> 1 | E24: 5 | F24: 4 | G24: 0 | H24: 0 | I24: 6 | J24: 0 | K24: 0 | L24: =SUM('[1]RD4 MCC'!R404:U404) -> 0 | M24: 31 | N24: 0 | O24: =SUM(C24:L24,N24) -> 22 | P24: =SUM(C24:N24) -> 53 | R24: 2100-2200 | S24: =SUM(C66:C69) -> 9 | T24: =SUM(D66:D69) -> 3 | U24: =SUM(E66:E69) -> 14 | V24: =SUM(F66:F69) -> 7 | W24: =SUM(G66:G69) -> 0 | X24: =SUM(H66:H69) -> 0 | Y24: =SUM(I66:I69) -> 5 | Z24: =SUM(J66:J69) -> 1 | ... AF24: =SUM(P66:P69) -> 103
B25: 10.45 - 11.00 | C25: 1 | D25: =ROUNDDOWN((0.3*E25),0) -> 0 | E25: 2 | F25: 1 | G25: 0 | H25: 0 | I25: 6 | J25: 0 | K25: 0 | L25: =SUM('[1]RD4 MCC'!R405:U405) -> 0 | M25: 24 | N25: 0 | O25: =SUM(C25:L25,N25) -> 10 | P25: =SUM(C25:N25) -> 34 | R25: 2200-2300 | S25: =SUM(C70:C73) -> 7 | T25: =SUM(D70:D73) -> 0 | U25: =SUM(E70:E73) -> 2 | V25: =SUM(F70:F73) -> 0 | W25: =SUM(G70:G73) -> 0 | X25: =SUM(H70:H73) -> 0 | Y25: =SUM(I70:I73) -> 6 | Z25: =SUM(J70:J73) -> 0 | ... AF25: =SUM(P70:P73) -> 51
B26: 11.00 - 11.15 | C26: 4 | D26: =ROUNDDOWN((0.3*E26),0) -> 0 | E26: 3 | F26: 5 | G26: 0 | H26: 0 | I26: 3 | J26: 0 | K26: 0 | L26: =SUM('[1]RD4 MCC'!R406:U406) -> 0 | M26: 15 | N26: 0 | O26: =SUM(C26:L26,N26) -> 15 | P26: =SUM(C26:N26) -> 30 | R26: 2300-0000 | S26: =SUM(C74:C77) -> 5 | T26: =SUM(D74:D77) -> 1 | U26: =SUM(E74:E77) -> 9 | V26: =SUM(F74:F77) -> 3 | W26: =SUM(G74:G77) -> 0 | X26: =SUM(H74:H77) -> 0 | Y26: =SUM(I74:I77) -> 2 | Z26: =SUM(J74:J77) -> 0 | ... AF26: =SUM(P74:P77) -> 33
B27: 11.15 - 11.30 | C27: 6 | D27: =ROUNDDOWN((0.3*E27),0) -> 1 | E27: 5 | F27: 8 | G27: 0 | H27: 0 | I27: 8 | J27: 0 | K27: 1 | L27: =SUM('[1]RD4 MCC'!R407:U407) -> 0 | M27: 31 | N27: 0 | O27: =SUM(C27:L27,N27) -> 29 | P27: =SUM(C27:N27) -> 60 | R27: 0000-0100 | S27: =SUM(C78:C81) -> 2 | T27: =SUM(D78:D81) -> 0 | U27: =SUM(E78:E81) -> 2 | V27: =SUM(F78:F81) -> 0 | W27: =SUM(G78:G81) -> 0 | X27: =SUM(H78:H81) -> 0 | Y27: =SUM(I78:I81) -> 6 | Z27: =SUM(J78:J81) -> 0 | ... AF27: =SUM(P78:P81) -> 19
B28: 11.30 - 11.45 | C28: 3 | D28: =ROUNDDOWN((0.3*E28),0) -> 1 | E28: 6 | F28: 2 | G28: 0 | H28: 0 | I28: 0 | J28: 0 | K28: 0 | L28: =SUM('[1]RD4 MCC'!R408:U408) -> 0 | M28: 28 | N28: 0 | O28: =SUM(C28:L28,N28) -> 12 | P28: =SUM(C28:N28) -> 40 | R28: 0100-0200 | S28: =SUM(C82:C85) -> 0 | T28: =SUM(D82:D85) -> 0 | U28: =SUM(E82:E85) -> 5 | V28: =SUM(F82:F85) -> 0 | W28: =SUM(G82:G85) -> 0 | X28: =SUM(H82:H85) -> 0 | Y28: =SUM(I82:I85) -> 3 | Z28: =SUM(J82:J85) -> 0 | ... AF28: =SUM(P82:P85) -> 11
B29: 11.45 - 12.00 | C29: 6 | D29: =ROUNDDOWN((0.3*E29),0) -> 1 | E29: 5 | F29: 7 | G29: 0 | H29: 0 | I29: 3 | J29: 0 | K29: 0 | L29: =SUM('[1]RD4 MCC'!R409:U409) -> 0 | M29: 31 | N29: 0 | O29: =SUM(C29:L29,N29) -> 22 | P29: =SUM(C29:N29) -> 53 | R29: 0200-0300 | S29: =SUM(C86:C89) -> 0 | T29: =SUM(D86:D89) -> 0 | U29: =SUM(E86:E89) -> 2 | V29: =SUM(F86:F89) -> 0 | W29: =SUM(G86:G89) -> 0 | X29: =SUM(H86:H89) -> 0 | Y29: =SUM(I86:I89) -> 4 | Z29: =SUM(J86:J89) -> 1 | ... AF29: =SUM(P86:P89) -> 11
B30: 12.00 - 12.15 | C30: 5 | D30: =ROUNDDOWN((0.3*E30),0) -> 0 | E30: 3 | F30: 4 | G30: 0 | H30: 0 | I30: 3 | J30: 0 | K30: 0 | L30: =SUM('[1]RD4 MCC'!R410:U410) -> 0 | M30: 28 | N30: 0 | O30: =SUM(C30:L30,N30) -> 15 | P30: =SUM(C30:N30) -> 43 | R30: 0300-0400 | S30: =SUM(C90:C93) -> 0 | T30: =SUM(D90:D93) -> 0 | U30: =SUM(E90:E93) -> 2 | V30: =SUM(F90:F93) -> 0 | W30: =SUM(G90:G93) -> 0 | X30: =SUM(H90:H93) -> 0 | Y30: =SUM(I90:I93) -> 3 | Z30: =SUM(J90:J93) -> 0 | ... AF30: =SUM(P90:P93) -> 6
B31: 12.15 - 12.30 | C31: 3 | D31: =ROUNDDOWN((0.3*E31),0) -> 1 | E31: 5 | F31: 4 | G31: 0 | H31: 0 | I31: 3 | J31: 0 | K31: 0 | L31: =SUM('[1]RD4 MCC'!R411:U411) -> 0 | M31: 41 | N31: 0 | O31: =SUM(C31:L31,N31) -> 16 | P31: =SUM(C31:N31) -> 57 | R31: 0400-0500 | S31: =SUM(C94:C97) -> 0 | T31: =SUM(D94:D97) -> 0 | U31: =SUM(E94:E97) -> 0 | V31: =SUM(F94:F97) -> 0 | W31: =SUM(G94:G97) -> 0 | X31: =SUM(H94:H97) -> 0 | Y31: =SUM(I94:I97) -> 8 | Z31: =SUM(J94:J97) -> 0 | ... AF31: =SUM(P94:P97) -> 11
B32: 12.30 - 12.45 | C32: 4 | D32: =ROUNDDOWN((0.3*E32),0) -> 1 | E32: 4 | F32: 3 | G32: 0 | H32: 0 | I32: 5 | J32: 0 | K32: 0 | L32: =SUM('[1]RD4 MCC'!R412:U412) -> 0 | M32: 35 | N32: 0 | O32: =SUM(C32:L32,N32) -> 17 | P32: =SUM(C32:N32) -> 52 | R32: 0500-0600 | S32: =SUM(C98:C101) -> 0 | T32: =SUM(D98:D101) -> 0 | U32: =SUM(E98:E101) -> 6 | V32: =SUM(F98:F101) -> 1 | W32: =SUM(G98:G101) -> 0 | X32: =SUM(H98:H101) -> 1 | Y32: =SUM(I98:I101) -> 3 | Z32: =SUM(J98:J101) -> 0 | ... AF32: =SUM(P98:P101) -> 17
B33: 12.45 - 13.00 | C33: 3 | D33: =ROUNDDOWN((0.3*E33),0) -> 2 | E33: 8 | F33: 4 | G33: 0 | H33: 0 | I33: 2 | J33: 1 | K33: 0 | L33: =SUM('[1]RD4 MCC'!R413:U413) -> 0 | M33: 28 | N33: 0 | O33: =SUM(C33:L33,N33) -> 20 | P33: =SUM(C33:N33) -> 48 | R33: 0600-0700 | S33: =SUM(C102:C105) -> 2 | T33: =SUM(D102:D105) -> 0 | U33: =SUM(E102:E105) -> 3 | V33: =SUM(F102:F105) -> 7 | W33: =SUM(G102:G105) -> 0 | X33: =SUM(H102:H105) -> 0 | Y33: =SUM(I102:I105) -> 23 | Z33: =SUM(J102:J105) -> 0 | ... AF33: =SUM(P102:P105) -> 46
B34: 13.00 - 13.15 | C34: 7 | D34: =ROUNDDOWN((0.3*E34),0) -> 3 | E34: 11 | F34: 7 | G34: 0 | H34: 0 | I34: 2 | J34: 0 | K34: 0 | L34: =SUM('[1]RD4 MCC'!R414:U414) -> 0 | M34: 33 | N34: 0 | O34: =SUM(C34:L34,N34) -> 30 | P34: =SUM(C34:N34) -> 63 | R34: AM Peak Hr | S34: =MAX(S10:S12) -> 11 | T34: =MAX(T10:T12) -> 8 | U34: =MAX(U10:U12) -> 34 | V34: =MAX(V10:V12) -> 17 | W34: =MAX(W10:W12) -> 8 | X34: =MAX(X10:X12) -> 1 | Y34: =MAX(Y10:Y12) -> 16 | Z34: =MAX(Z10:Z12) -> 0 | ... AF34: =MAX(AF10:AF12) -> 208
B35: 13.15 - 13.30 | C35: 2 | D35: =ROUNDDOWN((0.3*E35),0) -> 0 | E35: 3 | F35: 4 | G35: 0 | H35: 0 | I35: 4 | J35: 0 | K35: 0 | L35: =SUM('[1]RD4 MCC'!R415:U415) -> 0 | M35: 16 | N35: 0 | O35: =SUM(C35:L35,N35) -> 13 | P35: =SUM(C35:N35) -> 29 | R35: IP Peak Hr | S35: =MAX(S13:S18) -> 19 | T35: =MAX(T13:T18) -> 5 | U35: =MAX(U13:U18) -> 21 | V35: =MAX(V13:V18) -> 22 | W35: =MAX(W13:W18) -> 1 | X35: =MAX(X13:X18) -> 0 | Y35: =MAX(Y13:Y18) -> 20 | Z35: =MAX(Z13:Z18) -> 2 | ... AF35: =MAX(AF13:AF18) -> 200
B36: 13.30 - 13.45 | C36: 2 | D36: =ROUNDDOWN((0.3*E36),0) -> 1 | E36: 5 | F36: 6 | G36: 0 | H36: 0 | I36: 3 | J36: 0 | K36: 1 | L36: =SUM('[1]RD4 MCC'!R416:U416) -> 0 | M36: 23 | N36: 0 | O36: =SUM(C36:L36,N36) -> 18 | P36: =SUM(C36:N36) -> 41 | R36: PM Peak Hr | S36: =MAX(S19:S21) -> 18 | T36: =MAX(T19:T21) -> 7 | U36: =MAX(U19:U21) -> 27 | V36: =MAX(V19:V21) -> 15 | W36: =MAX(W19:W21) -> 0 | X36: =MAX(X19:X21) -> 0 | Y36: =MAX(Y19:Y21) -> 21 | Z36: =MAX(Z19:Z21) -> 5 | ... AF36: =MAX(AF19:AF21) -> 207
B37: 13.45 - 14.00 | C37: 2 | D37: =ROUNDDOWN((0.3*E37),0) -> 0 | E37: 2 | F37: 1 | G37: 1 | H37: 0 | I37: 4 | J37: 0 | K37: 1 | L37: =SUM('[1]RD4 MCC'!R417:U417) -> 0 | M37: 26 | N37: 0 | O37: =SUM(C37:L37,N37) -> 11 | P37: =SUM(C37:N37) -> 37 | R37: AM Period | S37: =SUM(S10:S12) -> 29 | T37: =SUM(T10:T12) -> 20 | U37: =SUM(U10:U12) -> 84 | V37: =SUM(V10:V12) -> 46 | W37: =SUM(W10:W12) -> 10 | X37: =SUM(X10:X12) -> 1 | Y37: =SUM(Y10:Y12) -> 44 | Z37: =SUM(Z10:Z12) -> 0 | ... AF37: =SUM(AF10:AF12) -> 522
B38: 14.00 - 14.15 | C38: 3 | D38: =ROUNDDOWN((0.3*E38),0) -> 1 | E38: 4 | F38: 4 | G38: 1 | H38: 0 | I38: 5 | J38: 1 | K38: 0 | L38: =SUM('[1]RD4 MCC'!R418:U418) -> 0 | M38: 40 | N38: 0 | O38: =SUM(C38:L38,N38) -> 19 | P38: =SUM(C38:N38) -> 59 | R38: IP Period | S38: =SUM(S13:S18) -> 73 | T38: =SUM(T13:T18) -> 23 | U38: =SUM(U13:U18) -> 118 | V38: =SUM(V13:V18) -> 96 | W38: =SUM(W13:W18) -> 2 | X38: =SUM(X13:X18) -> 0 | Y38: =SUM(Y13:Y18) -> 90 | Z38: =SUM(Z13:Z18) -> 3 | ... AF38: =SUM(AF13:AF18) -> 1043
B39: 14.15 - 14.30 | C39: 1 | D39: =ROUNDDOWN((0.3*E39),0) -> 3 | E39: 10 | F39: 0 | G39: 0 | H39: 0 | I39: 8 | J39: 1 | K39: 0 | L39: =SUM('[1]RD4 MCC'!R419:U419) -> 0 | M39: 25 | N39: 0 | O39: =SUM(C39:L39,N39) -> 23 | P39: =SUM(C39:N39) -> 48 | R39: PM Period | S39: =SUM(S19:S21) -> 46 | T39: =SUM(T19:T21) -> 15 | U39: =SUM(U19:U21) -> 64 | V39: =SUM(V19:V21) -> 40 | W39: =SUM(W19:W21) -> 0 | X39: =SUM(X19:X21) -> 0 | Y39: =SUM(Y19:Y21) -> 48 | Z39: =SUM(Z19:Z21) -> 5 | ... AF39: =SUM(AF19:AF21) -> 516
B40: 14.30 - 14.45 | C40: 0 | D40: =ROUNDDOWN((0.3*E40),0) -> 0 | E40: 3 | F40: 5 | G40: 0 | H40: 0 | I40: 1 | J40: 0 | K40: 0 | L40: =SUM('[1]RD4 MCC'!R420:U420) -> 0 | M40: 7 | N40: 0 | O40: =SUM(C40:L40,N40) -> 9 | P40: =SUM(C40:N40) -> 16 | R40: 12 Hours | S40: =SUM(S10:S21) -> 148 | T40: =SUM(T10:T21) -> 58 | U40: =SUM(U10:U21) -> 266 | V40: =SUM(V10:V21) -> 182 | W40: =SUM(W10:W21) -> 12 | X40: =SUM(X10:X21) -> 1 | Y40: =SUM(Y10:Y21) -> 182 | Z40: =SUM(Z10:Z21) -> 8 | ... AF40: =SUM(AF10:AF21) -> 2081
B41: 14.45 - 15.00 | C41: 0 | D41: =ROUNDDOWN((0.3*E41),0) -> 1 | E41: 4 | F41: 0 | G41: 0 | H41: 0 | I41: 3 | J41: 0 | K41: 0 | L41: =SUM('[1]RD4 MCC'!R421:U421) -> 0 | M41: 11 | N41: 0 | O41: =SUM(C41:L41,N41) -> 8 | P41: =SUM(C41:N41) -> 19 | R41: 24 Hrs/ADT | S41: =SUM(S10:S33) -> 184 | T41: =SUM(T10:T33) -> 66 | U41: =SUM(U10:U33) -> 331 | V41: =SUM(V10:V33) -> 224 | W41: =SUM(W10:W33) -> 12 | X41: =SUM(X10:X33) -> 2 | Y41: =SUM(Y10:Y33) -> 285 | Z41: =SUM(Z10:Z33) -> 15 | ... AF41: =SUM(AF10:AF33) -> 2673
B42: 15.00 - 15.15 | C42: 1 | D42: =ROUNDDOWN((0.3*E42),0) -> 2 | E42: 7 | F42: 8 | G42: 0 | H42: 0 | I42: 1 | J42: 0 | K42: 0 | L42: =SUM('[1]RD4 MCC'!R422:U422) -> 0 | M42: 38 | N42: 0 | O42: =SUM(C42:L42,N42) -> 19 | P42: =SUM(C42:N42) -> 57 | R42: NEF | S42: =S41/S40 -> 1.2432432 | T42: =T41/T40 -> 1.137931 | U42: =U41/U40 -> 1.2443609 | V42: =V41/V40 -> 1.2307692 | W42: =W41/W40 -> 1 | X42: =X41/X40 -> 2 | Y42: =Y41/Y40 -> 1.5659341 | Z42: =Z41/Z40 -> 1.875 | ... AF42: =AF41/AF40 -> 1.2844786
B43: 15.15 - 15.30 | C43: 4 | D43: =ROUNDDOWN((0.3*E43),0) -> 1 | E43: 6 | F43: 3 | G43: 0 | H43: 0 | I43: 3 | J43: 0 | K43: 0 | L43: =SUM('[1]RD4 MCC'!R423:U423) -> 0 | M43: 25 | N43: 0 | O43: =SUM(C43:L43,N43) -> 17 | P43: =SUM(C43:N43) -> 42
B44: 15.30 - 15.45 | C44: 2 | D44: =ROUNDDOWN((0.3*E44),0) -> 0 | E44: 3 | F44: 4 | G44: 0 | H44: 0 | I44: 8 | J44: 0 | K44: 0 | L44: =SUM('[1]RD4 MCC'!R424:U424) -> 0 | M44: 26 | N44: 0 | O44: =SUM(C44:L44,N44) -> 17 | P44: =SUM(C44:N44) -> 43
B45: 15.45 - 16.00 | C45: 0 | D45: =ROUNDDOWN((0.3*E45),0) -> 0 | E45: 3 | F45: 2 | G45: 0 | H45: 0 | I45: 1 | J45: 0 | K45: 0 | L45: =SUM('[1]RD4 MCC'!R425:U425) -> 0 | M45: 19 | N45: 0 | O45: =SUM(C45:L45,N45) -> 6 | P45: =SUM(C45:N45) -> 25
B46: 16.00 - 16.15 | C46: 4 | D46: =ROUNDDOWN((0.3*E46),0) -> 2 | E46: 7 | F46: 3 | G46: 0 | H46: 0 | I46: 2 | J46: 0 | K46: 0 | L46: =SUM('[1]RD4 MCC'!R426:U426) -> 0 | M46: 21 | N46: 0 | O46: =SUM(C46:L46,N46) -> 18 | P46: =SUM(C46:N46) -> 39
B47: 16.15 -16.30 | C47: 4 | D47: =ROUNDDOWN((0.3*E47),0) -> 3 | E47: 11 | F47: 3 | G47: 0 | H47: 0 | I47: 1 | J47: 0 | K47: 0 | L47: =SUM('[1]RD4 MCC'!R427:U427) -> 0 | M47: 21 | N47: 0 | O47: =SUM(C47:L47,N47) -> 22 | P47: =SUM(C47:N47) -> 43
B48: 16.30 -16.45 | C48: 4 | D48: =ROUNDDOWN((0.3*E48),0) -> 1 | E48: 4 | F48: 5 | G48: 0 | H48: 0 | I48: 5 | J48: 0 | K48: 0 | L48: =SUM('[1]RD4 MCC'!R428:U428) -> 0 | M48: 15 | N48: 0 | O48: =SUM(C48:L48,N48) -> 19 | P48: =SUM(C48:N48) -> 34
B49: 16.45 -17.00 | C49: 1 | D49: =ROUNDDOWN((0.3*E49),0) -> 1 | E49: 5 | F49: 2 | G49: 0 | H49: 0 | I49: 1 | J49: 0 | K49: 0 | L49: =SUM('[1]RD4 MCC'!R429:U429) -> 0 | M49: 20 | N49: 0 | O49: =SUM(C49:L49,N49) -> 10 | P49: =SUM(C49:N49) -> 30
B50: 17.00 -17.15 | C50: 1 | D50: =ROUNDDOWN((0.3*E50),0) -> 1 | E50: 6 | F50: 0 | G50: 0 | H50: 0 | I50: 5 | J50: 3 | K50: 0 | L50: =SUM('[1]RD4 MCC'!R430:U430) -> 0 | M50: 19 | N50: 0 | O50: =SUM(C50:L50,N50) -> 16 | P50: =SUM(C50:N50) -> 35
B51: 17.15 -17.30 | C51: 5 | D51: =ROUNDDOWN((0.3*E51),0) -> 2 | E51: 7 | F51: 4 | G51: 0 | H51: 0 | I51: 4 | J51: 2 | K51: 1 | L51: =SUM('[1]RD4 MCC'!R431:U431) -> 0 | M51: 27 | N51: 0 | O51: =SUM(C51:L51,N51) -> 25 | P51: =SUM(C51:N51) -> 52
B52: 17.30 -17.45 | C52: 2 | D52: =ROUNDDOWN((0.3*E52),0) -> 1 | E52: 5 | F52: 6 | G52: 0 | H52: 0 | I52: 4 | J52: 0 | K52: 0 | L52: =SUM('[1]RD4 MCC'!R432:U432) -> 0 | M52: 33 | N52: 0 | O52: =SUM(C52:L52,N52) -> 18 | P52: =SUM(C52:N52) -> 51
B53: 17.45 -18.00 | C53: 7 | D53: =ROUNDDOWN((0.3*E53),0) -> 2 | E53: 7 | F53: 2 | G53: 0 | H53: 0 | I53: 5 | J53: 0 | K53: 0 | L53: =SUM('[1]RD4 MCC'!R433:U433) -> 0 | M53: 46 | N53: 0 | O53: =SUM(C53:L53,N53) -> 23 | P53: =SUM(C53:N53) -> 69
B54: 18.00 - 18.15 | C54: 4 | D54: =ROUNDDOWN((0.3*E54),0) -> 0 | E54: 2 | F54: 4 | G54: 0 | H54: 0 | I54: 5 | J54: 0 | K54: 0 | L54: =SUM('[1]RD4 MCC'!R434:U434) -> 0 | M54: 24 | N54: 0 | O54: =SUM(C54:L54,N54) -> 15 | P54: =SUM(C54:N54) -> 39
... B105: 06.45 - 07.00 | C105: 1 | D105: =ROUNDDOWN((0.3*E105),0) -> 0 | E105: 2 | F105: 3 | G105: 0 | H105: 0 | I105: 3 | J105: 0 | K105: 0 | L105: =SUM('[1]RD4 MCC'!R485:U485) -> 0 | M105: 4 | N105: 0 | O105: =SUM(C105:L105,N105) -> 9 | P105: =SUM(C105:N105) -> 13
B106: Totals | C106: =SUM(C10:C105) -> 184 | D106: =SUM(D10:D105) -> 66 | E106: =SUM(E10:E105) -> 331 | F106: =SUM(F10:F105) -> 224 | G106: =SUM(G10:G105) -> 12 | H106: =SUM(H10:H105) -> 2 | I106: =SUM(I10:I105) -> 285 | J106: =SUM(J10:J105) -> 15 | ... P106: =SUM(P10:P105) -> 2673
B107: %ges + MCs | C107: =C106/$P$106 -> 0.068836513 | D107: =D106/$P$106 -> 0.024691358 | E107: =E106/$P$106 -> 0.1238309 | F107: =F106/$P$106 -> 0.083800973 | G107: =G106/$P$106 -> 0.0044893378 | H107: =H106/$P$106 -> 0.00074822297 | I107: =I106/$P$106 -> 0.10662177 | J107: =J106/$P$106 -> 0.0056116723 | ... N107: =N106/$P$106 -> 0
B108: %ges w/o MCs | C108: =C106/$O$106 -> 0.16355556 | D108: =D106/$O$106 -> 0.058666667 | E108: =E106/$O$106 -> 0.29422222 | F108: =F106/$O$106 -> 0.19911111 | G108: =G106/$O$106 -> 0.010666667 | H108: =H106/$O$106 -> 0.0017777778 | I108: =I106/$O$106 -> 0.25333333 | J108: =J106/$O$106 -> 0.013333333 | ... L108: =L106/$O$106 -> 0 | N108: =N106/$O$106 -> 0

Sheet 23.08 Sironko-Mbale
B1: Consultancy services for Preparation of Expressway Development Master Plan (EDMP) for Uganda
B2: MANUAL CLASSIFIED COUNT (MCC)
B3: ROAD NAME: | C3: ='19.08 Sironko-Mbale'!C3:G3 -> MCC - C4 - STN120 - MBALE-SIRONKO ROAD
C5: Date | D5: 23.08.19 | F5: Location | G5: ='21.08 Mbale-Sironko'!G5:H5 -> xxx | J5: Surveyor | K5: ='21.08 Mbale-Sironko'!K5:L5 -> xxx
C6: Dir. From | D6: ='19.08 Sironko-Mbale'!D6:E6 -> Sironko | F6: Dir. To | G6: ='19.08 Sironko-Mbale'!G6:H6 -> Mbale | J6: Supervisor | K6: ='21.08 Mbale-Sironko'!K6:L6 -> xxx
B8: Time / Veh Type | R8: SUMMARY TRAFFIC VOLUMES
C9: 1. Car | D9: 2. Station Wagon | E9: 3. Pickups | F9: 4. Minibus, matatu | G9: 5. Medium bus | H9: 6. Large Bus | I9: 7. Light Truck | J9: 8. Medium Truck | K9: 9. Heavy truck | L9: 10. Truck Trailer | M9: 11. Motor cycles | N9: 12. Tractors | O9: Total Excl M/Cycles | P9: Total All | R9: Time | S9: 1. Car | T9: 2. Station Wagon | U9: 3. Pickups | V9: 4. Minibus, matatu | W9: 5. Medium bus | X9: 6. Large Bus | Y9: 7. Light Truck | Z9: 8. Medium Truck | AA9: 9. Heavy truck | AB9: 10. Truck Trailer | AC9: 11. Motorcycles | AD9: 12. Tractors, Graders | AE9: Total Excl M/ Cycles | AF9: Total All
B10: 07.00 - 07.15 | C10: 3 | D10: 0 | E10: 1 | F10: 1 | G10: 0 | H10: 0 | I10: 1 | J10: 1 | K10: 0 | L10: 0 | M10: 15 | N10: 0 | O10: =SUM(C10:L10,N10) -> 7 | P10: =SUM(C10:N10) -> 22 | R10: 0700-0800 | S10: =SUM(C10:C13) -> 6 | T10: =SUM(D10:D13) -> 4 | U10: =SUM(E10:E13) -> 17 | V10: =SUM(F10:F13) -> 9 | W10: =SUM(G10:G13) -> 0 | X10: =SUM(H10:H13) -> 0 | Y10: =SUM(I10:I13) -> 6 | Z10: =SUM(J10:J13) -> 1 | ... AF10: =SUM(P10:P13) -> 144
B11: 07.15 - 07.30 | C11: 2 | D11: 1 | E11: 4 | F11: 3 | G11: 0 | H11: 0 | I11: 3 | J11: 0 | K11: 0 | L11: 0 | M11: 31 | N11: 0 | O11: =SUM(C11:L11,N11) -> 13 | P11: =SUM(C11:N11) -> 44 | R11: 0800-0900 | S11: =SUM(C14:C17) -> 10 | T11: =SUM(D14:D17) -> 1 | U11: =SUM(E14:E17) -> 11 | V11: =SUM(F14:F17) -> 7 | W11: =SUM(G14:G17) -> 0 | X11: =SUM(H14:H17) -> 0 | Y11: =SUM(I14:I17) -> 0 | Z11: =SUM(J14:J17) -> 0 | ... AF11: =SUM(P14:P17) -> 113
B12: 07.30 - 07.45 | C12: 0 | D12: 1 | E12: 4 | F12: 4 | G12: 0 | H12: 0 | I12: 2 | J12: 0 | K12: 0 | L12: 0 | M12: 26 | N12: 0 | O12: =SUM(C12:L12,N12) -> 11 | P12: =SUM(C12:N12) -> 37 | R12: 0900-1000 | S12: =SUM(C18:C21) -> 12 | T12: =SUM(D18:D21) -> 3 | U12: =SUM(E18:E21) -> 19 | V12: =SUM(F18:F21) -> 18 | W12: =SUM(G18:G21) -> 1 | X12: =SUM(H18:H21) -> 0 | Y12: =SUM(I18:I21) -> 4 | Z12: =SUM(J18:J21) -> 0 | ... AF12: =SUM(P18:P21) -> 169
B13: 07.45 - 08.00 | C13: 1 | D13: 2 | E13: 8 | F13: 1 | G13: 0 | H13: 0 | I13: 0 | J13: 0 | K13: 0 | L13: 0 | M13: 29 | N13: 0 | O13: =SUM(C13:L13,N13) -> 12 | P13: =SUM(C13:N13) -> 41 | R13: 1000-1100 | S13: =SUM(C22:C25) -> 10 | T13: =SUM(D22:D25) -> 4 | U13: =SUM(E22:E25) -> 22 | V13: =SUM(F22:F25) -> 19 | W13: =SUM(G22:G25) -> 0 | X13: =SUM(H22:H25) -> 2 | Y13: =SUM(I22:I25) -> 2 | Z13: =SUM(J22:J25) -> 0 | ... AF13: =SUM(P22:P25) -> 184
B14: 08.00 - 08.15 | C14: 3 | D14: 0 | E14: 2 | F14: 0 | G14: 0 | H14: 0 | I14: 0 | J14: 0 | K14: 0 | L14: 0 | M14: 13 | N14: 0 | O14: =SUM(C14:L14,N14) -> 5 | P14: =SUM(C14:N14) -> 18 | R14: 1100-1200 | S14: =SUM(C26:C29) -> 12 | T14: =SUM(D26:D29) -> 5 | U14: =SUM(E26:E29) -> 21 | V14: =SUM(F26:F29) -> 12 | W14: =SUM(G26:G29) -> 0 | X14: =SUM(H26:H29) -> 0 | Y14: =SUM(I26:I29) -> 4 | Z14: =SUM(J26:J29) -> 1 | ... AF14: =SUM(P26:P29) -> 178
B15: 08.15 - 08.30 | C15: 2 | D15: 1 | E15: 5 | F15: 2 | G15: 0 | H15: 0 | I15: 0 | J15: 0 | K15: 0 | L15: 0 | M15: 26 | N15: 0 | O15: =SUM(C15:L15,N15) -> 10 | P15: =SUM(C15:N15) -> 36 | R15: 1200-1300 | S15: =SUM(C30:C33) -> 13 | T15: =SUM(D30:D33) -> 4 | U15: =SUM(E30:E33) -> 21 | V15: =SUM(F30:F33) -> 22 | W15: =SUM(G30:G33) -> 2 | X15: =SUM(H30:H33) -> 2 | Y15: =SUM(I30:I33) -> 2 | Z15: =SUM(J30:J33) -> 1 | ... AF15: =SUM(P30:P33) -> 188
B16: 08.30 - 08.45 | C16: 1 | D16: 0 | E16: 2 | F16: 2 | G16: 0 | H16: 0 | I16: 0 | J16: 0 | K16: 0 | L16: 0 | M16: 25 | N16: 0 | O16: =SUM(C16:L16,N16) -> 5 | P16: =SUM(C16:N16) -> 30 | R16: 1300-1400 | S16: =SUM(C34:C37) -> 14 | T16: =SUM(D34:D37) -> 3 | U16: =SUM(E34:E37) -> 18 | V16: =SUM(F34:F37) -> 12 | W16: =SUM(G34:G37) -> 0 | X16: =SUM(H34:H37) -> 0 | Y16: =SUM(I34:I37) -> 7 | Z16: =SUM(J34:J37) -> 0 | ... AF16: =SUM(P34:P37) -> 169
B17: 08.45 - 9.00 | C17: 4 | D17: 0 | E17: 2 | F17: 3 | G17: 0 | H17: 0 | I17: 0 | J17: 0 | K17: 0 | L17: 0 | M17: 20 | N17: 0 | O17: =SUM(C17:L17,N17) -> 9 | P17: =SUM(C17:N17) -> 29 | R17: 1400-1500 | S17: =SUM(C38:C41) -> 23 | T17: =SUM(D38:D41) -> 4 | U17: =SUM(E38:E41) -> 22 | V17: =SUM(F38:F41) -> 14 | W17: =SUM(G38:G41) -> 0 | X17: =SUM(H38:H41) -> 1 | Y17: =SUM(I38:I41) -> 1 | Z17: =SUM(J38:J41) -> 0 | ... AF17: =SUM(P38:P41) -> 182
B18: 09.00 - 09.15 | C18: 2 | D18: 0 | E18: 2 | F18: 1 | G18: 1 | H18: 0 | I18: 0 | J18: 0 | K18: 0 | L18: 0 | M18: 26 | N18: 0 | O18: =SUM(C18:L18,N18) -> 6 | P18: =SUM(C18:N18) -> 32 | R18: 1500-1600 | S18: =SUM(C42:C45) -> 11 | T18: =SUM(D42:D45) -> 5 | U18: =SUM(E42:E45) -> 24 | V18: =SUM(F42:F45) -> 17 | W18: =SUM(G42:G45) -> 2 | X18: =SUM(H42:H45) -> 0 | Y18: =SUM(I42:I45) -> 3 | Z18: =SUM(J42:J45) -> 1 | ... AF18: =SUM(P42:P45) -> 180
B19: 09.15 - 09.30 | C19: 4 | D19: 2 | E19: 8 | F19: 2 | G19: 0 | H19: 0 | I19: 1 | J19: 0 | K19: 0 | L19: 0 | M19: 30 | N19: 0 | O19: =SUM(C19:L19,N19) -> 17 | P19: =SUM(C19:N19) -> 47 | R19: 1600-1700 | S19: =SUM(C46:C49) -> 13 | T19: =SUM(D46:D49) -> 3 | U19: =SUM(E46:E49) -> 17 | V19: =SUM(F46:F49) -> 20 | W19: =SUM(G46:G49) -> 1 | X19: =SUM(H46:H49) -> 0 | Y19: =SUM(I46:I49) -> 5 | Z19: =SUM(J46:J49) -> 0 | ... AF19: =SUM(P46:P49) -> 176
B20: 09.30 - 09.45 | C20: 3 | D20: 0 | E20: 3 | F20: 3 | G20: 0 | H20: 0 | I20: 2 | J20: 0 | K20: 0 | L20: 0 | M20: 21 | N20: 0 | O20: =SUM(C20:L20,N20) -> 11 | P20: =SUM(C20:N20) -> 32 | R20: 1700-1800 | S20: =SUM(C50:C53) -> 21 | T20: =SUM(D50:D53) -> 7 | U20: =SUM(E50:E53) -> 29 | V20: =SUM(F50:F53) -> 8 | W20: =SUM(G50:G53) -> 0 | X20: =SUM(H50:H53) -> 0 | Y20: =SUM(I50:I53) -> 0 | Z20: =SUM(J50:J53) -> 0 | ... AF20: =SUM(P50:P53) -> 230
B21: 09.45 - 10.00 | C21: 3 | D21: 1 | E21: 6 | F21: 12 | G21: 0 | H21: 0 | I21: 1 | J21: 0 | K21: 0 | L21: 0 | M21: 35 | N21: 0 | O21: =SUM(C21:L21,N21) -> 23 | P21: =SUM(C21:N21) -> 58 | R21: 1800-1900 | S21: =SUM(C54:C57) -> 22 | T21: =SUM(D54:D57) -> 7 | U21: =SUM(E54:E57) -> 26 | V21: =SUM(F54:F57) -> 16 | W21: =SUM(G54:G57) -> 0 | X21: =SUM(H54:H57) -> 0 | Y21: =SUM(I54:I57) -> 0 | Z21: =SUM(J54:J57) -> 0 | ... AF21: =SUM(P54:P57) -> 228
B22: 10.00 - 10.15 | C22: 2 | D22: 1 | E22: 5 | F22: 3 | G22: 0 | H22: 0 | I22: 0 | J22: 0 | K22: 0 | L22: 0 | M22: 34 | N22: 0 | O22: =SUM(C22:L22,N22) -> 11 | P22: =SUM(C22:N22) -> 45 | R22: AM Peak Hr | S22: =MAX(S10:S12) -> 12 | T22: =MAX(T10:T12) -> 4 | U22: =MAX(U10:U12) -> 19 | V22: =MAX(V10:V12) -> 18 | W22: =MAX(W10:W12) -> 1 | X22: =MAX(X10:X12) -> 0 | Y22: =MAX(Y10:Y12) -> 6 | Z22: =MAX(Z10:Z12) -> 1 | ... AF22: =MAX(AF10:AF12) -> 169
B23: 10.15 - 10.30 | C23: 2 | D23: 1 | E23: 6 | F23: 8 | G23: 0 | H23: 1 | I23: 0 | J23: 0 | K23: 0 | L23: 0 | M23: 30 | N23: 0 | O23: =SUM(C23:L23,N23) -> 18 | P23: =SUM(C23:N23) -> 48 | R23: IP Peak Hr | S23: =MAX(S13:S18) -> 23 | T23: =MAX(T13:T18) -> 5 | U23: =MAX(U13:U18) -> 24 | V23: =MAX(V13:V18) -> 22 | W23: =MAX(W13:W18) -> 2 | X23: =MAX(X13:X18) -> 2 | Y23: =MAX(Y13:Y18) -> 7 | Z23: =MAX(Z13:Z18) -> 1 | ... AF23: =MAX(AF13:AF18) -> 188
B24: 10.30 - 10.45 | C24: 4 | D24: 2 | E24: 9 | F24: 4 | G24: 0 | H24: 1 | I24: 1 | J24: 0 | K24: 0 | L24: 0 | M24: 35 | N24: 0 | O24: =SUM(C24:L24,N24) -> 21 | P24: =SUM(C24:N24) -> 56 | R24: PM Peak Hr | S24: =MAX(S19:S21) -> 22 | T24: =MAX(T19:T21) -> 7 | U24: =MAX(U19:U21) -> 29 | V24: =MAX(V19:V21) -> 20 | W24: =MAX(W19:W21) -> 1 | X24: =MAX(X19:X21) -> 0 | Y24: =MAX(Y19:Y21) -> 5 | Z24: =MAX(Z19:Z21) -> 0 | ... AF24: =MAX(AF19:AF21) -> 230
B25: 10.45 - 11.00 | C25: 2 | D25: 0 | E25: 2 | F25: 4 | G25: 0 | H25: 0 | I25: 1 | J25: 0 | K25: 0 | L25: 0 | M25: 26 | N25: 0 | O25: =SUM(C25:L25,N25) -> 9 | P25: =SUM(C25:N25) -> 35 | R25: AM Period | S25: =SUM(S10:S12) -> 28 | T25: =SUM(T10:T12) -> 8 | U25: =SUM(U10:U12) -> 47 | V25: =SUM(V10:V12) -> 34 | W25: =SUM(W10:W12) -> 1 | X25: =SUM(X10:X12) -> 0 | Y25: =SUM(Y10:Y12) -> 10 | Z25: =SUM(Z10:Z12) -> 1 | ... AF25: =SUM(AF10:AF12) -> 426
B26: 11.00 - 11.15 | C26: 4 | D26: 1 | E26: 4 | F26: 2 | G26: 0 | H26: 0 | I26: 1 | J26: 0 | K26: 0 | L26: 0 | M26: 25 | N26: 0 | O26: =SUM(C26:L26,N26) -> 12 | P26: =SUM(C26:N26) -> 37 | R26: IP Period | S26: =SUM(S13:S18) -> 83 | T26: =SUM(T13:T18) -> 25 | U26: =SUM(U13:U18) -> 128 | V26: =SUM(V13:V18) -> 96 | W26: =SUM(W13:W18) -> 4 | X26: =SUM(X13:X18) -> 5 | Y26: =SUM(Y13:Y18) -> 19 | Z26: =SUM(Z13:Z18) -> 3 | ... AF26: =SUM(AF13:AF18) -> 1081
B27: 11.15 - 11.30 | C27: 3 | D27: 1 | E27: 6 | F27: 2 | G27: 0 | H27: 0 | I27: 2 | J27: 0 | K27: 0 | L27: 0 | M27: 39 | N27: 0 | O27: =SUM(C27:L27,N27) -> 14 | P27: =SUM(C27:N27) -> 53 | R27: PM Period | S27: =SUM(S19:S21) -> 56 | T27: =SUM(T19:T21) -> 17 | U27: =SUM(U19:U21) -> 72 | V27: =SUM(V19:V21) -> 44 | W27: =SUM(W19:W21) -> 1 | X27: =SUM(X19:X21) -> 0 | Y27: =SUM(Y19:Y21) -> 5 | Z27: =SUM(Z19:Z21) -> 0 | ... AF27: =SUM(AF19:AF21) -> 634
B28: 11.30 - 11.45 | C28: 5 | D28: 2 | E28: 7 | F28: 6 | G28: 0 | H28: 0 | I28: 1 | J28: 0 | K28: 0 | L28: 0 | M28: 32 | N28: 0 | O28: =SUM(C28:L28,N28) -> 21 | P28: =SUM(C28:N28) -> 53 | R28: 12 Hours | S28: =SUM(S10:S21) -> 167 | T28: =SUM(T10:T21) -> 50 | U28: =SUM(U10:U21) -> 247 | V28: =SUM(V10:V21) -> 174 | W28: =SUM(W10:W21) -> 6 | X28: =SUM(X10:X21) -> 5 | Y28: =SUM(Y10:Y21) -> 34 | Z28: =SUM(Z10:Z21) -> 4 | ... AF28: =SUM(AF10:AF21) -> 2141
B29: 11.45 - 12.00 | C29: 0 | D29: 1 | E29: 4 | F29: 2 | G29: 0 | H29: 0 | I29: 0 | J29: 1 | K29: 0 | L29: 0 | M29: 27 | N29: 0 | O29: =SUM(C29:L29,N29) -> 8 | P29: =SUM(C29:N29) -> 35
B30: 12.00 - 12.15 | C30: 3 | D30: 2 | E30: 9 | F30: 6 | G30: 0 | H30: 0 | I30: 1 | J30: 0 | K30: 0 | L30: 0 | M30: 27 | N30: 0 | O30: =SUM(C30:L30,N30) -> 21 | P30: =SUM(C30:N30) -> 48
B31: 12.15 - 12.30 | C31: 2 | D31: 1 | E31: 5 | F31: 8 | G31: 2 | H31: 2 | I31: 0 | J31: 0 | K31: 0 | L31: 0 | M31: 36 | N31: 0 | O31: =SUM(C31:L31,N31) -> 20 | P31: =SUM(C31:N31) -> 56
B32: 12.30 - 12.45 | C32: 3 | D32: 0 | E32: 3 | F32: 4 | G32: 0 | H32: 0 | I32: 0 | J32: 1 | K32: 0 | L32: 0 | M32: 26 | N32: 2 | O32: =SUM(C32:L32,N32) -> 13 | P32: =SUM(C32:N32) -> 39
B33: 12.45 - 13.00 | C33: 5 | D33: 1 | E33: 4 | F33: 4 | G33: 0 | H33: 0 | I33: 1 | J33: 0 | K33: 0 | L33: 0 | M33: 30 | N33: 0 | O33: =SUM(C33:L33,N33) -> 15 | P33: =SUM(C33:N33) -> 45
B34: 13.00 - 13.15 | C34: 5 | D34: 0 | E34: 2 | F34: 2 | G34: 0 | H34: 0 | I34: 0 | J34: 0 | K34: 0 | L34: 0 | M34: 46 | N34: 0 | O34: =SUM(C34:L34,N34) -> 9 | P34: =SUM(C34:N34) -> 55
B35: 13.15 - 13.30 | C35: 4 | D35: 1 | E35: 4 | F35: 1 | G35: 0 | H35: 0 | I35: 2 | J35: 0 | K35: 0 | L35: 0 | M35: 17 | N35: 0 | O35: =SUM(C35:L35,N35) -> 12 | P35: =SUM(C35:N35) -> 29
B36: 13.30 - 13.45 | C36: 2 | D36: 0 | E36: 3 | F36: 5 | G36: 0 | H36: 0 | I36: 5 | J36: 0 | K36: 0 | L36: 0 | M36: 22 | N36: 0 | O36: =SUM(C36:L36,N36) -> 15 | P36: =SUM(C36:N36) -> 37
B37: 13.45 - 14.00 | C37: 3 | D37: 2 | E37: 9 | F37: 4 | G37: 0 | H37: 0 | I37: 0 | J37: 0 | K37: 1 | L37: 0 | M37: 29 | N37: 0 | O37: =SUM(C37:L37,N37) -> 19 | P37: =SUM(C37:N37) -> 48
B38: 14.00 - 14.15 | C38: 4 | D38: 1 | E38: 5 | F38: 3 | G38: 0 | H38: 0 | I38: 0 | J38: 0 | K38: 0 | L38: 0 | M38: 32 | N38: 0 | O38: =SUM(C38:L38,N38) -> 13 | P38: =SUM(C38:N38) -> 45
B39: 14.15 - 14.30 | C39: 4 | D39: 1 | E39: 6 | F39: 4 | G39: 0 | H39: 0 | I39: 1 | J39: 0 | K39: 0 | L39: 0 | M39: 14 | N39: 0 | O39: =SUM(C39:L39,N39) -> 16 | P39: =SUM(C39:N39) -> 30
B40: 14.30 - 14.45 | C40: 7 | D40: 1 | E40: 6 | F40: 2 | G40: 0 | H40: 0 | I40: 0 | J40: 0 | K40: 0 | L40: 0 | M40: 43 | N40: 0 | O40: =SUM(C40:L40,N40) -> 16 | P40: =SUM(C40:N40) -> 59
... B57: 18.45 - 19.00 | C57: 6 | D57: 0 | E57: 0 | F57: 3 | G57: 0 | H57: 0 | I57: 0 | J57: 0 | K57: 0 | L57: 0 | M57: 38 | N57: 0 | O57: =SUM(C57:L57,N57) -> 9 | P57: =SUM(C57:N57) -> 47
B58: Totals | C58: =SUM(C10:C57) -> 167 | D58: =SUM(D10:D57) -> 50 | E58: =SUM(E10:E57) -> 247 | F58: =SUM(F10:F57) -> 174 | G58: =SUM(G10:G57) -> 6 | H58: =SUM(H10:H57) -> 5 | I58: =SUM(I10:I57) -> 34 | J58: =SUM(J10:J57) -> 4 | ... P58: =SUM(P10:P57) -> 2141
B59: %ges + MCs | C59: =C58/$P$58 -> 0.078000934 | D59: =D58/$P$58 -> 0.023353573 | E59: =E58/$P$58 -> 0.11536665 | F59: =F58/$P$58 -> 0.081270434 | G59: =G58/$P$58 -> 0.0028024288 | H59: =H58/$P$58 -> 0.0023353573 | I59: =I58/$P$58 -> 0.01588043 | J59: =J58/$P$58 -> 0.0018682858 | ... N59: =N58/$P$58 -> 0.00093414292
B60: %ges w/o MCs | C60: =C58/$O$58 -> 0.24167873 | D60: =D58/$O$58 -> 0.0723589 | E60: =E58/$O$58 -> 0.35745297 | F60: =F58/$O$58 -> 0.25180897 | G60: =G58/$O$58 -> 0.008683068 | H60: =H58/$O$58 -> 0.00723589 | I60: =I58/$O$58 -> 0.049204052 | J60: =J58/$O$58 -> 0.005788712 | ... L60: =L58/$O$58 -> 0 | N60: =N58/$O$58 -> 0.002894356

Sheet 23.08 Mbale-Sironko
B1: Consultancy services for Preparation of Expressway Development Master Plan (EDMP) for Uganda
B2: MANUAL CLASSIFIED COUNT (MCC)
B3: ROAD NAME: | C3: ='19.08 Mbale-Sironko'!C3:G3 -> MCC - C4 - STN120 - MBALE-SIRONKO ROAD
C5: Date | D5: ='23.08 Sironko-Mbale'!D5 -> 23.08.19 | F5: Location | G5: ='23.08 Sironko-Mbale'!G5:H5 -> xxx | J5: Surveyor | K5: ='23.08 Sironko-Mbale'!K5:L5 -> xxx
C6: Dir. From | D6: ='19.08 Mbale-Sironko'!D6:E6 -> Mbale | F6: Dir. To | G6: ='19.08 Mbale-Sironko'!G6:H6 -> Sironko | J6: Supervisor | K6: ='23.08 Sironko-Mbale'!K6:L6 -> xxx
B8: Time / Veh Type | R8: SUMMARY TRAFFIC VOLUMES
C9: 1. Car | D9: 2. Station Wagon | E9: 3. Pickups | F9: 4. Minibus, matatu | G9: 5. Medium bus | H9: 6. Large Bus | I9: 7. Light Truck | J9: 8. Medium Truck | K9: 9. Heavy truck | L9: 10. Truck Trailer | M9: 11. Motor cycles | N9: 12. Tractors | O9: Total Excl M/Cycles | P9: Total All | R9: Time | S9: 1. Car | T9: 2. Station Wagon | U9: 3. Pickups | V9: 4. Minibus, matatu | W9: 5. Medium bus | X9: 6. Large Bus | Y9: 7. Light Truck | Z9: 8. Medium Truck | AA9: 9. Heavy truck | AB9: 10. Truck Trailer | AC9: 11. Motorcycles | AD9: 12. Tractors, Graders | AE9: Total Excl M/ Cycles | AF9: Total All
B10: 07.00 - 07.15 | C10: 1 | D10: 0 | E10: 2 | F10: 2 | G10: 1 | H10: 0 | I10: 2 | J10: 0 | K10: 0 | L10: 0 | M10: 11 | N10: 0 | O10: =SUM(C10:L10,N10) -> 8 | P10: =SUM(C10:N10) -> 19 | R10: 0700-0800 | S10: =SUM(C10:C13) -> 4 | T10: =SUM(D10:D13) -> 1 | U10: =SUM(E10:E13) -> 11 | V10: =SUM(F10:F13) -> 8 | W10: =SUM(G10:G13) -> 1 | X10: =SUM(H10:H13) -> 2 | Y10: =SUM(I10:I13) -> 14 | Z10: =SUM(J10:J13) -> 0 | ... AF10: =SUM(P10:P13) -> 103
B11: 07.15 - 07.30 | C11: 0 | D11: 1 | E11: 4 | F11: 4 | G11: 0 | H11: 0 | I11: 10 | J11: 0 | K11: 0 | L11: 0 | M11: 27 | N11: 0 | O11: =SUM(C11:L11,N11) -> 19 | P11: =SUM(C11:N11) -> 46 | R11: 0800-0900 | S11: =SUM(C14:C17) -> 10 | T11: =SUM(D14:D17) -> 1 | U11: =SUM(E14:E17) -> 10 | V11: =SUM(F14:F17) -> 10 | W11: =SUM(G14:G17) -> 0 | X11: =SUM(H14:H17) -> 0 | Y11: =SUM(I14:I17) -> 8 | Z11: =SUM(J14:J17) -> 1 | ... AF11: =SUM(P14:P17) -> 107
B12: 07.30 - 07.45 | C12: 2 | D12: 0 | E12: 3 | F12: 1 | G12: 0 | H12: 0 | I12: 0 | J12: 0 | K12: 0 | L12: 0 | M12: 12 | N12: 0 | O12: =SUM(C12:L12,N12) -> 6 | P12: =SUM(C12:N12) -> 18 | R12: 0900-1000 | S12: =SUM(C18:C21) -> 17 | T12: =SUM(D18:D21) -> 8 | U12: =SUM(E18:E21) -> 35 | V12: =SUM(F18:F21) -> 9 | W12: =SUM(G18:G21) -> 0 | X12: =SUM(H18:H21) -> 0 | Y12: =SUM(I18:I21) -> 13 | Z12: =SUM(J18:J21) -> 0 | ... AF12: =SUM(P18:P21) -> 164
B13: 07.45 - 08.00 | C13: 1 | D13: 0 | E13: 2 | F13: 1 | G13: 0 | H13: 2 | I13: 2 | J13: 0 | K13: 0 | L13: 0 | M13: 12 | N13: 0 | O13: =SUM(C13:L13,N13) -> 8 | P13: =SUM(C13:N13) -> 20 | R13: 1000-1100 | S13: =SUM(C22:C25) -> 15 | T13: =SUM(D22:D25) -> 8 | U13: =SUM(E22:E25) -> 32 | V13: =SUM(F22:F25) -> 10 | W13: =SUM(G22:G25) -> 0 | X13: =SUM(H22:H25) -> 0 | Y13: =SUM(I22:I25) -> 13 | Z13: =SUM(J22:J25) -> 0 | ... AF13: =SUM(P22:P25) -> 208
B14: 08.00 - 08.15 | C14: 0 | D14: 0 | E14: 0 | F14: 0 | G14: 0 | H14: 0 | I14: 0 | J14: 0 | K14: 0 | L14: 0 | M14: 8 | N14: 0 | O14: =SUM(C14:L14,N14) -> 0 | P14: =SUM(C14:N14) -> 8 | R14: 1100-1200 | S14: =SUM(C26:C29) -> 16 | T14: =SUM(D26:D29) -> 7 | U14: =SUM(E26:E29) -> 27 | V14: =SUM(F26:F29) -> 13 | W14: =SUM(G26:G29) -> 0 | X14: =SUM(H26:H29) -> 0 | Y14: =SUM(I26:I29) -> 23 | Z14: =SUM(J26:J29) -> 0 | ... AF14: =SUM(P26:P29) -> 227
B15: 08.15 - 08.30 | C15: 3 | D15: 0 | E15: 3 | F15: 1 | G15: 0 | H15: 0 | I15: 2 | J15: 0 | K15: 0 | L15: 0 | M15: 19 | N15: 0 | O15: =SUM(C15:L15,N15) -> 9 | P15: =SUM(C15:N15) -> 28 | R15: 1200-1300 | S15: =SUM(C30:C33) -> 17 | T15: =SUM(D30:D33) -> 9 | U15: =SUM(E30:E33) -> 36 | V15: =SUM(F30:F33) -> 14 | W15: =SUM(G30:G33) -> 0 | X15: =SUM(H30:H33) -> 0 | Y15: =SUM(I30:I33) -> 10 | Z15: =SUM(J30:J33) -> 0 | ... AF15: =SUM(P30:P33) -> 237
B16: 08.30 - 08.45 | C16: 4 | D16: 0 | E16: 2 | F16: 4 | G16: 0 | H16: 0 | I16: 2 | J16: 1 | K16: 0 | L16: 0 | M16: 8 | N16: 0 | O16: =SUM(C16:L16,N16) -> 13 | P16: =SUM(C16:N16) -> 21 | R16: 1300-1400 | S16: =SUM(C34:C37) -> 26 | T16: =SUM(D34:D37) -> 8 | U16: =SUM(E34:E37) -> 29 | V16: =SUM(F34:F37) -> 15 | W16: =SUM(G34:G37) -> 1 | X16: =SUM(H34:H37) -> 0 | Y16: =SUM(I34:I37) -> 10 | Z16: =SUM(J34:J37) -> 0 | ... AF16: =SUM(P34:P37) -> 221
B17: 08.45 - 9.00 | C17: 3 | D17: 1 | E17: 5 | F17: 5 | G17: 0 | H17: 0 | I17: 4 | J17: 0 | K17: 0 | L17: 0 | M17: 31 | N17: 1 | O17: =SUM(C17:L17,N17) -> 19 | P17: =SUM(C17:N17) -> 50 | R17: 1400-1500 | S17: =SUM(C38:C41) -> 21 | T17: =SUM(D38:D41) -> 7 | U17: =SUM(E38:E41) -> 29 | V17: =SUM(F38:F41) -> 21 | W17: =SUM(G38:G41) -> 1 | X17: =SUM(H38:H41) -> 0 | Y17: =SUM(I38:I41) -> 22 | Z17: =SUM(J38:J41) -> 0 | ... AF17: =SUM(P38:P41) -> 221
B18: 09.00 - 09.15 | C18: 2 | D18: 3 | E18: 11 | F18: 4 | G18: 0 | H18: 0 | I18: 2 | J18: 0 | K18: 0 | L18: 0 | M18: 18 | N18: 0 | O18: =SUM(C18:L18,N18) -> 22 | P18: =SUM(C18:N18) -> 40 | R18: 1500-1600 | S18: =SUM(C42:C45) -> 17 | T18: =SUM(D42:D45) -> 3 | U18: =SUM(E42:E45) -> 19 | V18: =SUM(F42:F45) -> 19 | W18: =SUM(G42:G45) -> 0 | X18: =SUM(H42:H45) -> 0 | Y18: =SUM(I42:I45) -> 15 | Z18: =SUM(J42:J45) -> 1 | ... AF18: =SUM(P42:P45) -> 217
B19: 09.15 - 09.30 | C19: 5 | D19: 3 | E19: 12 | F19: 1 | G19: 0 | H19: 0 | I19: 6 | J19: 0 | K19: 0 | L19: 0 | M19: 17 | N19: 0 | O19: =SUM(C19:L19,N19) -> 27 | P19: =SUM(C19:N19) -> 44 | R19: 1600-1700 | S19: =SUM(C46:C49) -> 17 | T19: =SUM(D46:D49) -> 10 | U19: =SUM(E46:E49) -> 38 | V19: =SUM(F46:F49) -> 15 | W19: =SUM(G46:G49) -> 0 | X19: =SUM(H46:H49) -> 0 | Y19: =SUM(I46:I49) -> 16 | Z19: =SUM(J46:J49) -> 1 | ... AF19: =SUM(P46:P49) -> 192
B20: 09.30 - 09.45 | C20: 6 | D20: 2 | E20: 9 | F20: 2 | G20: 0 | H20: 0 | I20: 4 | J20: 0 | K20: 0 | L20: 0 | M20: 25 | N20: 0 | O20: =SUM(C20:L20,N20) -> 23 | P20: =SUM(C20:N20) -> 48 | R20: 1700-1800 | S20: =SUM(C50:C53) -> 8 | T20: =SUM(D50:D53) -> 9 | U20: =SUM(E50:E53) -> 35 | V20: =SUM(F50:F53) -> 23 | W20: =SUM(G50:G53) -> 0 | X20: =SUM(H50:H53) -> 0 | Y20: =SUM(I50:I53) -> 15 | Z20: =SUM(J50:J53) -> 0 | ... AF20: =SUM(P50:P53) -> 155
B21: 09.45 - 10.00 | C21: 4 | D21: 0 | E21: 3 | F21: 2 | G21: 0 | H21: 0 | I21: 1 | J21: 0 | K21: 0 | L21: 0 | M21: 22 | N21: 0 | O21: =SUM(C21:L21,N21) -> 10 | P21: =SUM(C21:N21) -> 32 | R21: 1800-1900 | S21: =SUM(C54:C57) -> 0 | T21: =SUM(D54:D57) -> 6 | U21: =SUM(E54:E57) -> 25 | V21: =SUM(F54:F57) -> 14 | W21: =SUM(G54:G57) -> 2 | X21: =SUM(H54:H57) -> 0 | Y21: =SUM(I54:I57) -> 15 | Z21: =SUM(J54:J57) -> 0 | ... AF21: =SUM(P54:P57) -> 62
B22: 10.00 - 10.15 | C22: 2 | D22: 3 | E22: 10 | F22: 4 | G22: 0 | H22: 0 | I22: 1 | J22: 0 | K22: 0 | L22: 0 | M22: 35 | N22: 0 | O22: =SUM(C22:L22,N22) -> 20 | P22: =SUM(C22:N22) -> 55 | R22: AM Peak Hr | S22: =MAX(S10:S12) -> 17 | T22: =MAX(T10:T12) -> 8 | U22: =MAX(U10:U12) -> 35 | V22: =MAX(V10:V12) -> 10 | W22: =MAX(W10:W12) -> 1 | X22: =MAX(X10:X12) -> 2 | Y22: =MAX(Y10:Y12) -> 14 | Z22: =MAX(Z10:Z12) -> 1 | ... AF22: =MAX(AF10:AF12) -> 164
B23: 10.15 - 10.30 | C23: 3 | D23: 3 | E23: 10 | F23: 2 | G23: 0 | H23: 0 | I23: 2 | J23: 0 | K23: 0 | L23: 0 | M23: 38 | N23: 0 | O23: =SUM(C23:L23,N23) -> 20 | P23: =SUM(C23:N23) -> 58 | R23: IP Peak Hr | S23: =MAX(S13:S18) -> 26 | T23: =MAX(T13:T18) -> 9 | U23: =MAX(U13:U18) -> 36 | V23: =MAX(V13:V18) -> 21 | W23: =MAX(W13:W18) -> 1 | X23: =MAX(X13:X18) -> 0 | Y23: =MAX(Y13:Y18) -> 23 | Z23: =MAX(Z13:Z18) -> 1 | ... AF23: =MAX(AF13:AF18) -> 237
B24: 10.30 - 10.45 | C24: 5 | D24: 1 | E24: 6 | F24: 3 | G24: 0 | H24: 0 | I24: 3 | J24: 0 | K24: 0 | L24: 0 | M24: 34 | N24: 0 | O24: =SUM(C24:L24,N24) -> 18 | P24: =SUM(C24:N24) -> 52 | R24: PM Peak Hr | S24: =MAX(S19:S21) -> 17 | T24: =MAX(T19:T21) -> 10 | U24: =MAX(U19:U21) -> 38 | V24: =MAX(V19:V21) -> 23 | W24: =MAX(W19:W21) -> 2 | X24: =MAX(X19:X21) -> 0 | Y24: =MAX(Y19:Y21) -> 16 | Z24: =MAX(Z19:Z21) -> 1 | ... AF24: =MAX(AF19:AF21) -> 192
B25: 10.45 - 11.00 | C25: 5 | D25: 1 | E25: 6 | F25: 1 | G25: 0 | H25: 0 | I25: 7 | J25: 0 | K25: 0 | L25: 0 | M25: 23 | N25: 0 | O25: =SUM(C25:L25,N25) -> 20 | P25: =SUM(C25:N25) -> 43 | R25: AM Period | S25: =SUM(S10:S12) -> 31 | T25: =SUM(T10:T12) -> 10 | U25: =SUM(U10:U12) -> 56 | V25: =SUM(V10:V12) -> 27 | W25: =SUM(W10:W12) -> 1 | X25: =SUM(X10:X12) -> 2 | Y25: =SUM(Y10:Y12) -> 35 | Z25: =SUM(Z10:Z12) -> 1 | ... AF25: =SUM(AF10:AF12) -> 374
B26: 11.00 - 11.15 | C26: 4 | D26: 3 | E26: 10 | F26: 5 | G26: 0 | H26: 0 | I26: 6 | J26: 0 | K26: 0 | L26: 0 | M26: 34 | N26: 0 | O26: =SUM(C26:L26,N26) -> 28 | P26: =SUM(C26:N26) -> 62 | R26: IP Period | S26: =SUM(S13:S18) -> 112 | T26: =SUM(T13:T18) -> 42 | U26: =SUM(U13:U18) -> 172 | V26: =SUM(V13:V18) -> 92 | W26: =SUM(W13:W18) -> 2 | X26: =SUM(X13:X18) -> 0 | Y26: =SUM(Y13:Y18) -> 93 | Z26: =SUM(Z13:Z18) -> 1 | ... AF26: =SUM(AF13:AF18) -> 1331
B27: 11.15 - 11.30 | C27: 5 | D27: 1 | E27: 5 | F27: 1 | G27: 0 | H27: 0 | I27: 7 | J27: 0 | K27: 0 | L27: 0 | M27: 31 | N27: 0 | O27: =SUM(C27:L27,N27) -> 19 | P27: =SUM(C27:N27) -> 50 | R27: PM Period | S27: =SUM(S19:S21) -> 25 | T27: =SUM(T19:T21) -> 25 | U27: =SUM(U19:U21) -> 98 | V27: =SUM(V19:V21) -> 52 | W27: =SUM(W19:W21) -> 2 | X27: =SUM(X19:X21) -> 0 | Y27: =SUM(Y19:Y21) -> 46 | Z27: =SUM(Z19:Z21) -> 1 | ... AF27: =SUM(AF19:AF21) -> 409
B28: 11.30 - 11.45 | C28: 6 | D28: 2 | E28: 8 | F28: 5 | G28: 0 | H28: 0 | I28: 4 | J28: 0 | K28: 0 | L28: 0 | M28: 38 | N28: 0 | O28: =SUM(C28:L28,N28) -> 25 | P28: =SUM(C28:N28) -> 63 | R28: 12 Hours | S28: =SUM(S10:S21) -> 168 | T28: =SUM(T10:T21) -> 77 | U28: =SUM(U10:U21) -> 326 | V28: =SUM(V10:V21) -> 171 | W28: =SUM(W10:W21) -> 5 | X28: =SUM(X10:X21) -> 2 | Y28: =SUM(Y10:Y21) -> 174 | Z28: =SUM(Z10:Z21) -> 3 | ... AF28: =SUM(AF10:AF21) -> 2114
B29: 11.45 - 12.00 | C29: 1 | D29: 1 | E29: 4 | F29: 2 | G29: 0 | H29: 0 | I29: 6 | J29: 0 | K29: 0 | L29: 0 | M29: 38 | N29: 0 | O29: =SUM(C29:L29,N29) -> 14 | P29: =SUM(C29:N29) -> 52
B30: 12.00 - 12.15 | C30: 6 | D30: 1 | E30: 6 | F30: 2 | G30: 0 | H30: 0 | I30: 3 | J30: 0 | K30: 0 | L30: 0 | M30: 40 | N30: 0 | O30: =SUM(C30:L30,N30) -> 18 | P30: =SUM(C30:N30) -> 58
B31: 12.15 - 12.30 | C31: 0 | D31: 3 | E31: 11 | F31: 5 | G31: 0 | H31: 0 | I31: 1 | J31: 0 | K31: 0 | L31: 0 | M31: 40 | N31: 0 | O31: =SUM(C31:L31,N31) -> 20 | P31: =SUM(C31:N31) -> 60
B32: 12.30 - 12.45 | C32: 5 | D32: 1 | E32: 4 | F32: 3 | G32: 0 | H32: 0 | I32: 2 | J32: 0 | K32: 0 | L32: 0 | M32: 37 | N32: 0 | O32: =SUM(C32:L32,N32) -> 15 | P32: =SUM(C32:N32) -> 52
B33: 12.45 - 13.00 | C33: 6 | D33: 4 | E33: 15 | F33: 4 | G33: 0 | H33: 0 | I33: 4 | J33: 0 | K33: 0 | L33: 0 | M33: 34 | N33: 0 | O33: =SUM(C33:L33,N33) -> 33 | P33: =SUM(C33:N33) -> 67
B34: 13.00 - 13.15 | C34: 4 | D34: 2 | E34: 7 | F34: 3 | G34: 0 | H34: 0 | I34: 3 | J34: 0 | K34: 0 | L34: 0 | M34: 35 | N34: 0 | O34: =SUM(C34:L34,N34) -> 19 | P34: =SUM(C34:N34) -> 54
B35: 13.15 - 13.30 | C35: 6 | D35: 2 | E35: 7 | F35: 5 | G35: 0 | H35: 0 | I35: 2 | J35: 0 | K35: 0 | L35: 0 | M35: 43 | N35: 0 | O35: =SUM(C35:L35,N35) -> 22 | P35: =SUM(C35:N35) -> 65
B36: 13.30 - 13.45 | C36: 6 | D36: 2 | E36: 7 | F36: 1 | G36: 1 | H36: 0 | I36: 2 | J36: 0 | K36: 0 | L36: 0 | M36: 28 | N36: 0 | O36: =SUM(C36:L36,N36) -> 19 | P36: =SUM(C36:N36) -> 47
B37: 13.45 - 14.00 | C37: 10 | D37: 2 | E37: 8 | F37: 6 | G37: 0 | H37: 0 | I37: 3 | J37: 0 | K37: 0 | L37: 0 | M37: 26 | N37: 0 | O37: =SUM(C37:L37,N37) -> 29 | P37: =SUM(C37:N37) -> 55
B38: 14.00 - 14.15 | C38: 8 | D38: 1 | E38: 4 | F38: 6 | G38: 0 | H38: 0 | I38: 5 | J38: 0 | K38: 0 | L38: 0 | M38: 28 | N38: 0 | O38: =SUM(C38:L38,N38) -> 24 | P38: =SUM(C38:N38) -> 52
B39: 14.15 - 14.30 | C39: 6 | D39: 2 | E39: 8 | F39: 8 | G39: 0 | H39: 0 | I39: 10 | J39: 0 | K39: 0 | L39: 0 | M39: 27 | N39: 0 | O39: =SUM(C39:L39,N39) -> 34 | P39: =SUM(C39:N39) -> 61
B40: 14.30 - 14.45 | C40: 4 | D40: 3 | E40: 13 | F40: 2 | G40: 0 | H40: 0 | I40: 3 | J40: 0 | K40: 0 | L40: 0 | M40: 37 | N40: 0 | O40: =SUM(C40:L40,N40) -> 25 | P40: =SUM(C40:N40) -> 62
... B57: 18.45 - 19.00 | C57: 0 | D57: 1 | E57: 5 | F57: 0 | G57: 0 | H57: 0 | I57: 4 | J57: 0 | K57: 0 | L57: 0 | M57: 0 | N57: 0 | O57: =SUM(C57:L57,N57) -> 10 | P57: =SUM(C57:N57) -> 10
B58: Totals | C58: =SUM(C10:C57) -> 168 | D58: =SUM(D10:D57) -> 77 | E58: =SUM(E10:E57) -> 326 | F58: =SUM(F10:F57) -> 171 | G58: =SUM(G10:G57) -> 5 | H58: =SUM(H10:H57) -> 2 | I58: =SUM(I10:I57) -> 174 | J58: =SUM(J10:J57) -> 3 | ... P58: =SUM(P10:P57) -> 2114
B59: %ges + MCs | C59: =C58/$P$58 -> 0.079470199 | D59: =D58/$P$58 -> 0.036423841 | E59: =E58/$P$58 -> 0.15421003 | F59: =F58/$P$58 -> 0.080889309 | G59: =G58/$P$58 -> 0.0023651845 | H59: =H58/$P$58 -> 0.00094607379 | I59: =I58/$P$58 -> 0.08230842 | J59: =J58/$P$58 -> 0.0014191107 | ... N59: =N58/$P$58 -> 0.0004730369
B60: %ges w/o MCs | C60: =C58/$O$58 -> 0.18122977 | D60: =D58/$O$58 -> 0.083063646 | E60: =E58/$O$58 -> 0.35167206 | F60: =F58/$O$58 -> 0.18446602 | G60: =G58/$O$58 -> 0.0053937433 | H60: =H58/$O$58 -> 0.0021574973 | I60: =I58/$O$58 -> 0.18770227 | J60: =J58/$O$58 -> 0.003236246 | ... L60: =L58/$O$58 -> 0 | N60: =N58/$O$58 -> 0.0010787487

Sheet 24.08 Sironko-Mbale-24h
B1: Consultancy services for Preparation of Expressway Development Master Plan (EDMP) for Uganda
B2: MANUAL CLASSIFIED COUNT (MCC)
B3: ROAD NAME: | C3: ='19.08 Sironko-Mbale'!C3:G3 -> MCC - C4 - STN120 - MBALE-SIRONKO ROAD
C5: Date | D5: 24.08.19 | F5: Location | G5: ='23.08 Mbale-Sironko'!G5:H5 -> xxx | J5: Surveyor | K5: ='23.08 Mbale-Sironko'!K5:L5 -> xxx
C6: Dir. From | D6: ='19.08 Sironko-Mbale'!D6:E6 -> Sironko | F6: Dir. To | G6: ='19.08 Sironko-Mbale'!G6:H6 -> Mbale | J6: Supervisor | K6: ='23.08 Mbale-Sironko'!K6:L6 -> xxx
B8: Time / Veh Type | R8: SUMMARY TRAFFIC VOLUMES
C9: 1. Car | D9: 2. Station Wagon | E9: 3. Pickups | F9: 4. Minibus, matatu | G9: 5. Medium bus | H9: 6. Large Bus | I9: 7. Light Truck | J9: 8. Medium Truck | K9: 9. Heavy truck | L9: 10. Truck Trailer | M9: 11. Motor cycles | N9: 12. Tractors | O9: Total Excl M/Cycles | P9: Total All | R9: Time | S9: 1. Car | T9: 2. Station Wagon | U9: 3. Pickups | V9: 4. Minibus, matatu | W9: 5. Medium bus | X9: 6. Large Bus | Y9: 7. Light Truck | Z9: 8. Medium Truck | AA9: 9. Heavy truck | AB9: 10. Truck Trailer | AC9: 11. Motorcycles | AD9: 12. Tractors, Graders | AE9: Total Excl M/ Cycles | AF9: Total All
B10: 07.00 - 07.15 | C10: 0 | D10: 0 | E10: 0 | F10: 0 | G10: 0 | H10: 0 | I10: 0 | J10: 0 | K10: 0 | L10: 0 | M10: 0 | N10: 0 | O10: =SUM(C10:L10,N10) -> 0 | P10: =SUM(C10:N10) -> 0 | R10: 0700-0800 | S10: =SUM(C10:C13) -> 6 | T10: =SUM(D10:D13) -> 3 | U10: =SUM(E10:E13) -> 13 | V10: =SUM(F10:F13) -> 4 | W10: =SUM(G10:G13) -> 0 | X10: =SUM(H10:H13) -> 0 | Y10: =SUM(I10:I13) -> 4 | Z10: =SUM(J10:J13) -> 1 | ... AF10: =SUM(P10:P13) -> 74
B11: 07.15 - 07.30 | C11: 1 | D11: 0 | E11: 0 | F11: 1 | G11: 0 | H11: 0 | I11: 0 | J11: 0 | K11: 0 | L11: 0 | M11: 5 | N11: 0 | O11: =SUM(C11:L11,N11) -> 2 | P11: =SUM(C11:N11) -> 7 | R11: 0800-0900 | S11: =SUM(C14:C17) -> 10 | T11: =SUM(D14:D17) -> 2 | U11: =SUM(E14:E17) -> 14 | V11: =SUM(F14:F17) -> 10 | W11: =SUM(G14:G17) -> 0 | X11: =SUM(H14:H17) -> 0 | Y11: =SUM(I14:I17) -> 12 | Z11: =SUM(J14:J17) -> 0 | ... AF11: =SUM(P14:P17) -> 154
B12: 07.30 - 07.45 | C12: 1 | D12: 2 | E12: 8 | F12: 1 | G12: 0 | H12: 0 | I12: 2 | J12: 1 | K12: 0 | L12: 0 | M12: 20 | N12: 0 | O12: =SUM(C12:L12,N12) -> 15 | P12: =SUM(C12:N12) -> 35 | R12: 0900-1000 | S12: =SUM(C18:C21) -> 24 | T12: =SUM(D18:D21) -> 8 | U12: =SUM(E18:E21) -> 33 | V12: =SUM(F18:F21) -> 17 | W12: =SUM(G18:G21) -> 0 | X12: =SUM(H18:H21) -> 0 | Y12: =SUM(I18:I21) -> 9 | Z12: =SUM(J18:J21) -> 1 | ... AF12: =SUM(P18:P21) -> 197
B13: 07.45 - 08.00 | C13: 4 | D13: 1 | E13: 5 | F13: 2 | G13: 0 | H13: 0 | I13: 2 | J13: 0 | K13: 0 | L13: 0 | M13: 18 | N13: 0 | O13: =SUM(C13:L13,N13) -> 14 | P13: =SUM(C13:N13) -> 32 | R13: 1000-1100 | S13: =SUM(C22:C25) -> 13 | T13: =SUM(D22:D25) -> 5 | U13: =SUM(E22:E25) -> 25 | V13: =SUM(F22:F25) -> 13 | W13: =SUM(G22:G25) -> 1 | X13: =SUM(H22:H25) -> 0 | Y13: =SUM(I22:I25) -> 10 | Z13: =SUM(J22:J25) -> 2 | ... AF13: =SUM(P22:P25) -> 150
B14: 08.00 - 08.15 | C14: 2 | D14: 0 | E14: 2 | F14: 4 | G14: 0 | H14: 0 | I14: 3 | J14: 0 | K14: 0 | L14: 0 | M14: 30 | N14: 0 | O14: =SUM(C14:L14,N14) -> 11 | P14: =SUM(C14:N14) -> 41 | R14: 1100-1200 | S14: =SUM(C26:C29) -> 19 | T14: =SUM(D26:D29) -> 5 | U14: =SUM(E26:E29) -> 23 | V14: =SUM(F26:F29) -> 19 | W14: =SUM(G26:G29) -> 0 | X14: =SUM(H26:H29) -> 1 | Y14: =SUM(I26:I29) -> 12 | Z14: =SUM(J26:J29) -> 0 | ... AF14: =SUM(P26:P29) -> 172
B15: 08.15 - 08.30 | C15: 2 | D15: 1 | E15: 5 | F15: 2 | G15: 0 | H15: 0 | I15: 2 | J15: 0 | K15: 0 | L15: 0 | M15: 18 | N15: 0 | O15: =SUM(C15:L15,N15) -> 12 | P15: =SUM(C15:N15) -> 30 | R15: 1200-1300 | S15: =SUM(C30:C33) -> 17 | T15: =SUM(D30:D33) -> 8 | U15: =SUM(E30:E33) -> 34 | V15: =SUM(F30:F33) -> 17 | W15: =SUM(G30:G33) -> 0 | X15: =SUM(H30:H33) -> 0 | Y15: =SUM(I30:I33) -> 9 | Z15: =SUM(J30:J33) -> 0 | ... AF15: =SUM(P30:P33) -> 225
B16: 08.30 - 08.45 | C16: 3 | D16: 1 | E16: 4 | F16: 2 | G16: 0 | H16: 0 | I16: 1 | J16: 0 | K16: 0 | L16: 0 | M16: 25 | N16: 0 | O16: =SUM(C16:L16,N16) -> 11 | P16: =SUM(C16:N16) -> 36 | R16: 1300-1400 | S16: =SUM(C34:C37) -> 20 | T16: =SUM(D34:D37) -> 11 | U16: =SUM(E34:E37) -> 42 | V16: =SUM(F34:F37) -> 15 | W16: =SUM(G34:G37) -> 0 | X16: =SUM(H34:H37) -> 0 | Y16: =SUM(I34:I37) -> 15 | Z16: =SUM(J34:J37) -> 0 | ... AF16: =SUM(P34:P37) -> 225
B17: 08.45 - 9.00 | C17: 3 | D17: 0 | E17: 3 | F17: 2 | G17: 0 | H17: 0 | I17: 6 | J17: 0 | K17: 0 | L17: 0 | M17: 33 | N17: 0 | O17: =SUM(C17:L17,N17) -> 14 | P17: =SUM(C17:N17) -> 47 | R17: 1400-1500 | S17: =SUM(C38:C41) -> 10 | T17: =SUM(D38:D41) -> 5 | U17: =SUM(E38:E41) -> 23 | V17: =SUM(F38:F41) -> 17 | W17: =SUM(G38:G41) -> 0 | X17: =SUM(H38:H41) -> 0 | Y17: =SUM(I38:I41) -> 17 | Z17: =SUM(J38:J41) -> 1 | ... AF17: =SUM(P38:P41) -> 191
B18: 09.00 - 09.15 | C18: 3 | D18: 1 | E18: 6 | F18: 8 | G18: 0 | H18: 0 | I18: 4 | J18: 0 | K18: 0 | L18: 0 | M18: 31 | N18: 0 | O18: =SUM(C18:L18,N18) -> 22 | P18: =SUM(C18:N18) -> 53 | R18: 1500-1600 | S18: =SUM(C42:C45) -> 12 | T18: =SUM(D42:D45) -> 6 | U18: =SUM(E42:E45) -> 24 | V18: =SUM(F42:F45) -> 14 | W18: =SUM(G42:G45) -> 0 | X18: =SUM(H42:H45) -> 0 | Y18: =SUM(I42:I45) -> 5 | Z18: =SUM(J42:J45) -> 2 | ... AF18: =SUM(P42:P45) -> 129
B19: 09.15 - 09.30 | C19: 6 | D19: 3 | E19: 10 | F19: 4 | G19: 0 | H19: 0 | I19: 2 | J19: 0 | K19: 0 | L19: 0 | M19: 20 | N19: 0 | O19: =SUM(C19:L19,N19) -> 25 | P19: =SUM(C19:N19) -> 45 | R19: 1600-1700 | S19: =SUM(C46:C49) -> 17 | T19: =SUM(D46:D49) -> 1 | U19: =SUM(E46:E49) -> 10 | V19: =SUM(F46:F49) -> 20 | W19: =SUM(G46:G49) -> 0 | X19: =SUM(H46:H49) -> 0 | Y19: =SUM(I46:I49) -> 11 | Z19: =SUM(J46:J49) -> 1 | ... AF19: =SUM(P46:P49) -> 167
B20: 09.30 - 09.45 | C20: 9 | D20: 2 | E20: 9 | F20: 2 | G20: 0 | H20: 0 | I20: 1 | J20: 1 | K20: 0 | L20: 0 | M20: 30 | N20: 0 | O20: =SUM(C20:L20,N20) -> 24 | P20: =SUM(C20:N20) -> 54 | R20: 1700-1800 | S20: =SUM(C50:C53) -> 19 | T20: =SUM(D50:D53) -> 4 | U20: =SUM(E50:E53) -> 17 | V20: =SUM(F50:F53) -> 11 | W20: =SUM(G50:G53) -> 0 | X20: =SUM(H50:H53) -> 0 | Y20: =SUM(I50:I53) -> 17 | Z20: =SUM(J50:J53) -> 1 | ... AF20: =SUM(P50:P53) -> 194
B21: 09.45 - 10.00 | C21: 6 | D21: 2 | E21: 8 | F21: 3 | G21: 0 | H21: 0 | I21: 2 | J21: 0 | K21: 0 | L21: 0 | M21: 24 | N21: 0 | O21: =SUM(C21:L21,N21) -> 21 | P21: =SUM(C21:N21) -> 45 | R21: 1800-1900 | S21: =SUM(C54:C57) -> 10 | T21: =SUM(D54:D57) -> 4 | U21: =SUM(E54:E57) -> 21 | V21: =SUM(F54:F57) -> 17 | W21: =SUM(G54:G57) -> 0 | X21: =SUM(H54:H57) -> 0 | Y21: =SUM(I54:I57) -> 14 | Z21: =SUM(J54:J57) -> 0 | ... AF21: =SUM(P54:P57) -> 146
B22: 10.00 - 10.15 | C22: 7 | D22: 3 | E22: 12 | F22: 3 | G22: 0 | H22: 0 | I22: 2 | J22: 0 | K22: 0 | L22: 0 | M22: 25 | N22: 0 | O22: =SUM(C22:L22,N22) -> 27 | P22: =SUM(C22:N22) -> 52 | R22: 1900-2000 | S22: =SUM(C58:C61) -> 14 | T22: =SUM(D58:D61) -> 3 | U22: =SUM(E58:E61) -> 18 | V22: =SUM(F58:F61) -> 18 | W22: =SUM(G58:G61) -> 0 | X22: =SUM(H58:H61) -> 0 | Y22: =SUM(I58:I61) -> 15 | Z22: =SUM(J58:J61) -> 0 | ... AF22: =SUM(P58:P61) -> 201
B23: 10.15 - 10.30 | C23: 1 | D23: 1 | E23: 5 | F23: 2 | G23: 0 | H23: 0 | I23: 5 | J23: 2 | K23: 0 | L23: 0 | M23: 19 | N23: 0 | O23: =SUM(C23:L23,N23) -> 16 | P23: =SUM(C23:N23) -> 35 | R23: 2000-2100 | S23: =SUM(C62:C65) -> 12 | T23: =SUM(D62:D65) -> 4 | U23: =SUM(E62:E65) -> 23 | V23: =SUM(F62:F65) -> 9 | W23: =SUM(G62:G65) -> 0 | X23: =SUM(H62:H65) -> 0 | Y23: =SUM(I62:I65) -> 17 | Z23: =SUM(J62:J65) -> 0 | ... AF23: =SUM(P62:P65) -> 143
B24: 10.30 - 10.45 | C24: 4 | D24: 1 | E24: 5 | F24: 3 | G24: 0 | H24: 0 | I24: 0 | J24: 0 | K24: 0 | L24: 0 | M24: 24 | N24: 0 | O24: =SUM(C24:L24,N24) -> 13 | P24: =SUM(C24:N24) -> 37 | R24: 2100-2200 | S24: =SUM(C66:C69) -> 16 | T24: =SUM(D66:D69) -> 2 | U24: =SUM(E66:E69) -> 9 | V24: =SUM(F66:F69) -> 3 | W24: =SUM(G66:G69) -> 0 | X24: =SUM(H66:H69) -> 0 | Y24: =SUM(I66:I69) -> 3 | Z24: =SUM(J66:J69) -> 0 | ... AF24: =SUM(P66:P69) -> 94
B25: 10.45 - 11.00 | C25: 1 | D25: 0 | E25: 3 | F25: 5 | G25: 1 | H25: 0 | I25: 3 | J25: 0 | K25: 1 | L25: 0 | M25: 12 | N25: 0 | O25: =SUM(C25:L25,N25) -> 14 | P25: =SUM(C25:N25) -> 26 | R25: 2200-2300 | S25: =SUM(C70:C73) -> 8 | T25: =SUM(D70:D73) -> 0 | U25: =SUM(E70:E73) -> 7 | V25: =SUM(F70:F73) -> 4 | W25: =SUM(G70:G73) -> 0 | X25: =SUM(H70:H73) -> 0 | Y25: =SUM(I70:I73) -> 5 | Z25: =SUM(J70:J73) -> 1 | ... AF25: =SUM(P70:P73) -> 61
B26: 11.00 - 11.15 | C26: 3 | D26: 1 | E26: 5 | F26: 1 | G26: 0 | H26: 0 | I26: 2 | J26: 0 | K26: 0 | L26: 0 | M26: 14 | N26: 0 | O26: =SUM(C26:L26,N26) -> 12 | P26: =SUM(C26:N26) -> 26 | R26: 2300-0000 | S26: =SUM(C74:C77) -> 0 | T26: =SUM(D74:D77) -> 0 | U26: =SUM(E74:E77) -> 1 | V26: =SUM(F74:F77) -> 3 | W26: =SUM(G74:G77) -> 0 | X26: =SUM(H74:H77) -> 0 | Y26: =SUM(I74:I77) -> 3 | Z26: =SUM(J74:J77) -> 0 | ... AF26: =SUM(P74:P77) -> 30
B27: 11.15 - 11.30 | C27: 5 | D27: 1 | E27: 5 | F27: 7 | G27: 0 | H27: 1 | I27: 2 | J27: 0 | K27: 0 | L27: 0 | M27: 17 | N27: 0 | O27: =SUM(C27:L27,N27) -> 21 | P27: =SUM(C27:N27) -> 38 | R27: 0000-0100 | S27: =SUM(C78:C81) -> 2 | T27: =SUM(D78:D81) -> 0 | U27: =SUM(E78:E81) -> 3 | V27: =SUM(F78:F81) -> 2 | W27: =SUM(G78:G81) -> 0 | X27: =SUM(H78:H81) -> 0 | Y27: =SUM(I78:I81) -> 3 | Z27: =SUM(J78:J81) -> 0 | ... AF27: =SUM(P78:P81) -> 17
B28: 11.30 - 11.45 | C28: 4 | D28: 1 | E28: 6 | F28: 6 | G28: 0 | H28: 0 | I28: 7 | J28: 0 | K28: 0 | L28: 0 | M28: 35 | N28: 0 | O28: =SUM(C28:L28,N28) -> 24 | P28: =SUM(C28:N28) -> 59 | R28: 0100-0200 | S28: =SUM(C82:C85) -> 0 | T28: =SUM(D82:D85) -> 0 | U28: =SUM(E82:E85) -> 5 | V28: =SUM(F82:F85) -> 0 | W28: =SUM(G82:G85) -> 0 | X28: =SUM(H82:H85) -> 0 | Y28: =SUM(I82:I85) -> 2 | Z28: =SUM(J82:J85) -> 0 | ... AF28: =SUM(P82:P85) -> 13
B29: 11.45 - 12.00 | C29: 7 | D29: 2 | E29: 7 | F29: 5 | G29: 0 | H29: 0 | I29: 1 | J29: 0 | K29: 0 | L29: 0 | M29: 27 | N29: 0 | O29: =SUM(C29:L29,N29) -> 22 | P29: =SUM(C29:N29) -> 49 | R29: 0200-0300 | S29: =SUM(C86:C89) -> 0 | T29: =SUM(D86:D89) -> 0 | U29: =SUM(E86:E89) -> 3 | V29: =SUM(F86:F89) -> 0 | W29: =SUM(G86:G89) -> 0 | X29: =SUM(H86:H89) -> 0 | Y29: =SUM(I86:I89) -> 2 | Z29: =SUM(J86:J89) -> 0 | ... AF29: =SUM(P86:P89) -> 11
B30: 12.00 - 12.15 | C30: 6 | D30: 2 | E30: 9 | F30: 3 | G30: 0 | H30: 0 | I30: 4 | J30: 0 | K30: 0 | L30: 0 | M30: 26 | N30: 0 | O30: =SUM(C30:L30,N30) -> 24 | P30: =SUM(C30:N30) -> 50 | R30: 0300-0400 | S30: =SUM(C90:C93) -> 0 | T30: =SUM(D90:D93) -> 0 | U30: =SUM(E90:E93) -> 1 | V30: =SUM(F90:F93) -> 0 | W30: =SUM(G90:G93) -> 0 | X30: =SUM(H90:H93) -> 0 | Y30: =SUM(I90:I93) -> 1 | Z30: =SUM(J90:J93) -> 0 | ... AF30: =SUM(P90:P93) -> 5
B31: 12.15 - 12.30 | C31: 3 | D31: 2 | E31: 9 | F31: 7 | G31: 0 | H31: 0 | I31: 1 | J31: 0 | K31: 0 | L31: 0 | M31: 42 | N31: 0 | O31: =SUM(C31:L31,N31) -> 22 | P31: =SUM(C31:N31) -> 64 | R31: 0400-0500 | S31: =SUM(C94:C97) -> 0 | T31: =SUM(D94:D97) -> 0 | U31: =SUM(E94:E97) -> 1 | V31: =SUM(F94:F97) -> 0 | W31: =SUM(G94:G97) -> 2 | X31: =SUM(H94:H97) -> 0 | Y31: =SUM(I94:I97) -> 2 | Z31: =SUM(J94:J97) -> 0 | ... AF31: =SUM(P94:P97) -> 12
B32: 12.30 - 12.45 | C32: 5 | D32: 2 | E32: 8 | F32: 4 | G32: 0 | H32: 0 | I32: 3 | J32: 0 | K32: 0 | L32: 0 | M32: 43 | N32: 0 | O32: =SUM(C32:L32,N32) -> 22 | P32: =SUM(C32:N32) -> 65 | R32: 0500-0600 | S32: =SUM(C98:C101) -> 1 | T32: =SUM(D98:D101) -> 0 | U32: =SUM(E98:E101) -> 2 | V32: =SUM(F98:F101) -> 1 | W32: =SUM(G98:G101) -> 0 | X32: =SUM(H98:H101) -> 0 | Y32: =SUM(I98:I101) -> 5 | Z32: =SUM(J98:J101) -> 0 | ... AF32: =SUM(P98:P101) -> 13
B33: 12.45 - 13.00 | C33: 3 | D33: 2 | E33: 8 | F33: 3 | G33: 0 | H33: 0 | I33: 1 | J33: 0 | K33: 0 | L33: 0 | M33: 29 | N33: 0 | O33: =SUM(C33:L33,N33) -> 17 | P33: =SUM(C33:N33) -> 46 | R33: 0600-0700 | S33: =SUM(C102:C105) -> 3 | T33: =SUM(D102:D105) -> 0 | U33: =SUM(E102:E105) -> 6 | V33: =SUM(F102:F105) -> 5 | W33: =SUM(G102:G105) -> 0 | X33: =SUM(H102:H105) -> 0 | Y33: =SUM(I102:I105) -> 9 | Z33: =SUM(J102:J105) -> 0 | ... AF33: =SUM(P102:P105) -> 47
B34: 13.00 - 13.15 | C34: 6 | D34: 3 | E34: 11 | F34: 2 | G34: 0 | H34: 0 | I34: 3 | J34: 0 | K34: 0 | L34: 0 | M34: 33 | N34: 0 | O34: =SUM(C34:L34,N34) -> 25 | P34: =SUM(C34:N34) -> 58 | R34: AM Peak Hr | S34: =MAX(S10:S12) -> 24 | T34: =MAX(T10:T12) -> 8 | U34: =MAX(U10:U12) -> 33 | V34: =MAX(V10:V12) -> 17 | W34: =MAX(W10:W12) -> 0 | X34: =MAX(X10:X12) -> 0 | Y34: =MAX(Y10:Y12) -> 12 | Z34: =MAX(Z10:Z12) -> 1 | ... AF34: =MAX(AF10:AF12) -> 197
B35: 13.15 - 13.30 | C35: 7 | D35: 3 | E35: 10 | F35: 5 | G35: 0 | H35: 0 | I35: 4 | J35: 0 | K35: 0 | L35: 0 | M35: 30 | N35: 0 | O35: =SUM(C35:L35,N35) -> 29 | P35: =SUM(C35:N35) -> 59 | R35: IP Peak Hr | S35: =MAX(S13:S18) -> 20 | T35: =MAX(T13:T18) -> 11 | U35: =MAX(U13:U18) -> 42 | V35: =MAX(V13:V18) -> 19 | W35: =MAX(W13:W18) -> 1 | X35: =MAX(X13:X18) -> 1 | Y35: =MAX(Y13:Y18) -> 17 | Z35: =MAX(Z13:Z18) -> 2 | ... AF35: =MAX(AF13:AF18) -> 225
B36: 13.30 - 13.45 | C36: 5 | D36: 3 | E36: 13 | F36: 5 | G36: 0 | H36: 0 | I36: 5 | J36: 0 | K36: 0 | L36: 0 | M36: 39 | N36: 0 | O36: =SUM(C36:L36,N36) -> 31 | P36: =SUM(C36:N36) -> 70 | R36: PM Peak Hr | S36: =MAX(S19:S21) -> 19 | T36: =MAX(T19:T21) -> 4 | U36: =MAX(U19:U21) -> 21 | V36: =MAX(V19:V21) -> 20 | W36: =MAX(W19:W21) -> 0 | X36: =MAX(X19:X21) -> 0 | Y36: =MAX(Y19:Y21) -> 17 | Z36: =MAX(Z19:Z21) -> 1 | ... AF36: =MAX(AF19:AF21) -> 194
B37: 13.45 - 14.00 | C37: 2 | D37: 2 | E37: 8 | F37: 3 | G37: 0 | H37: 0 | I37: 3 | J37: 0 | K37: 0 | L37: 0 | M37: 20 | N37: 0 | O37: =SUM(C37:L37,N37) -> 18 | P37: =SUM(C37:N37) -> 38 | R37: AM Period | S37: =SUM(S10:S12) -> 40 | T37: =SUM(T10:T12) -> 13 | U37: =SUM(U10:U12) -> 60 | V37: =SUM(V10:V12) -> 31 | W37: =SUM(W10:W12) -> 0 | X37: =SUM(X10:X12) -> 0 | Y37: =SUM(Y10:Y12) -> 25 | Z37: =SUM(Z10:Z12) -> 2 | ... AF37: =SUM(AF10:AF12) -> 425
B38: 14.00 - 14.15 | C38: 5 | D38: 0 | E38: 3 | F38: 6 | G38: 0 | H38: 0 | I38: 4 | J38: 0 | K38: 0 | L38: 0 | M38: 34 | N38: 0 | O38: =SUM(C38:L38,N38) -> 18 | P38: =SUM(C38:N38) -> 52 | R38: IP Period | S38: =SUM(S13:S18) -> 91 | T38: =SUM(T13:T18) -> 40 | U38: =SUM(U13:U18) -> 171 | V38: =SUM(V13:V18) -> 95 | W38: =SUM(W13:W18) -> 1 | X38: =SUM(X13:X18) -> 1 | Y38: =SUM(Y13:Y18) -> 68 | Z38: =SUM(Z13:Z18) -> 5 | ... AF38: =SUM(AF13:AF18) -> 1092
B39: 14.15 - 14.30 | C39: 0 | D39: 1 | E39: 6 | F39: 3 | G39: 0 | H39: 0 | I39: 5 | J39: 0 | K39: 0 | L39: 0 | M39: 26 | N39: 0 | O39: =SUM(C39:L39,N39) -> 15 | P39: =SUM(C39:N39) -> 41 | R39: PM Period | S39: =SUM(S19:S21) -> 46 | T39: =SUM(T19:T21) -> 9 | U39: =SUM(U19:U21) -> 48 | V39: =SUM(V19:V21) -> 48 | W39: =SUM(W19:W21) -> 0 | X39: =SUM(X19:X21) -> 0 | Y39: =SUM(Y19:Y21) -> 42 | Z39: =SUM(Z19:Z21) -> 2 | ... AF39: =SUM(AF19:AF21) -> 507
B40: 14.30 - 14.45 | C40: 3 | D40: 1 | E40: 4 | F40: 4 | G40: 0 | H40: 0 | I40: 5 | J40: 0 | K40: 0 | L40: 0 | M40: 28 | N40: 0 | O40: =SUM(C40:L40,N40) -> 17 | P40: =SUM(C40:N40) -> 45 | R40: 12 Hours | S40: =SUM(S10:S21) -> 177 | T40: =SUM(T10:T21) -> 62 | U40: =SUM(U10:U21) -> 279 | V40: =SUM(V10:V21) -> 174 | W40: =SUM(W10:W21) -> 1 | X40: =SUM(X10:X21) -> 1 | Y40: =SUM(Y10:Y21) -> 135 | Z40: =SUM(Z10:Z21) -> 9 | ... AF40: =SUM(AF10:AF21) -> 2024
B41: 14.45 - 15.00 | C41: 2 | D41: 3 | E41: 10 | F41: 4 | G41: 0 | H41: 0 | I41: 3 | J41: 1 | K41: 1 | L41: 0 | M41: 29 | N41: 0 | O41: =SUM(C41:L41,N41) -> 24 | P41: =SUM(C41:N41) -> 53 | R41: 24 Hrs/ADT | S41: =SUM(S10:S33) -> 233 | T41: =SUM(T10:T33) -> 71 | U41: =SUM(U10:U33) -> 358 | V41: =SUM(V10:V33) -> 219 | W41: =SUM(W10:W33) -> 3 | X41: =SUM(X10:X33) -> 1 | Y41: =SUM(Y10:Y33) -> 202 | Z41: =SUM(Z10:Z33) -> 10 | ... AF41: =SUM(AF10:AF33) -> 2671
B42: 15.00 - 15.15 | C42: 3 | D42: 2 | E42: 7 | F42: 2 | G42: 0 | H42: 0 | I42: 1 | J42: 1 | K42: 0 | L42: 0 | M42: 19 | N42: 0 | O42: =SUM(C42:L42,N42) -> 16 | P42: =SUM(C42:N42) -> 35 | R42: NEF | S42: =S41/S40 -> 1.3163842 | T42: =T41/T40 -> 1.1451613 | U42: =U41/U40 -> 1.2831541 | V42: =V41/V40 -> 1.2586207 | W42: =W41/W40 -> 3 | X42: =X41/X40 -> 1 | Y42: =Y41/Y40 -> 1.4962963 | Z42: =Z41/Z40 -> 1.1111111 | ... AF42: =AF41/AF40 -> 1.319664
B43: 15.15 - 15.30 | C43: 4 | D43: 0 | E43: 3 | F43: 7 | G43: 0 | H43: 0 | I43: 1 | J43: 0 | K43: 0 | L43: 0 | M43: 15 | N43: 0 | O43: =SUM(C43:L43,N43) -> 15 | P43: =SUM(C43:N43) -> 30
B44: 15.30 - 15.45 | C44: 4 | D44: 3 | E44: 10 | F44: 4 | G44: 0 | H44: 0 | I44: 0 | J44: 0 | K44: 0 | L44: 0 | M44: 14 | N44: 0 | O44: =SUM(C44:L44,N44) -> 21 | P44: =SUM(C44:N44) -> 35
B45: 15.45 - 16.00 | C45: 1 | D45: 1 | E45: 4 | F45: 1 | G45: 0 | H45: 0 | I45: 3 | J45: 1 | K45: 0 | L45: 0 | M45: 18 | N45: 0 | O45: =SUM(C45:L45,N45) -> 11 | P45: =SUM(C45:N45) -> 29
B46: 16.00 - 16.15 | C46: 4 | D46: 0 | E46: 3 | F46: 4 | G46: 0 | H46: 0 | I46: 4 | J46: 1 | K46: 0 | L46: 0 | M46: 27 | N46: 0 | O46: =SUM(C46:L46,N46) -> 16 | P46: =SUM(C46:N46) -> 43
B47: 16.15 -16.30 | C47: 5 | D47: 1 | E47: 4 | F47: 5 | G47: 0 | H47: 0 | I47: 4 | J47: 0 | K47: 0 | L47: 0 | M47: 20 | N47: 0 | O47: =SUM(C47:L47,N47) -> 19 | P47: =SUM(C47:N47) -> 39
B48: 16.30 -16.45 | C48: 6 | D48: 0 | E48: 2 | F48: 6 | G48: 0 | H48: 0 | I48: 1 | J48: 0 | K48: 0 | L48: 0 | M48: 25 | N48: 0 | O48: =SUM(C48:L48,N48) -> 15 | P48: =SUM(C48:N48) -> 40
B49: 16.45 -17.00 | C49: 2 | D49: 0 | E49: 1 | F49: 5 | G49: 0 | H49: 0 | I49: 2 | J49: 0 | K49: 0 | L49: 0 | M49: 35 | N49: 0 | O49: =SUM(C49:L49,N49) -> 10 | P49: =SUM(C49:N49) -> 45
B50: 17.00 -17.15 | C50: 3 | D50: 0 | E50: 2 | F50: 4 | G50: 0 | H50: 0 | I50: 4 | J50: 1 | K50: 2 | L50: 0 | M50: 23 | N50: 0 | O50: =SUM(C50:L50,N50) -> 16 | P50: =SUM(C50:N50) -> 39
B51: 17.15 -17.30 | C51: 6 | D51: 1 | E51: 4 | F51: 3 | G51: 0 | H51: 0 | I51: 6 | J51: 0 | K51: 0 | L51: 0 | M51: 39 | N51: 0 | O51: =SUM(C51:L51,N51) -> 20 | P51: =SUM(C51:N51) -> 59
B52: 17.30 -17.45 | C52: 3 | D52: 1 | E52: 4 | F52: 0 | G52: 0 | H52: 0 | I52: 2 | J52: 0 | K52: 1 | L52: 0 | M52: 23 | N52: 0 | O52: =SUM(C52:L52,N52) -> 11 | P52: =SUM(C52:N52) -> 34
B53: 17.45 -18.00 | C53: 7 | D53: 2 | E53: 7 | F53: 4 | G53: 0 | H53: 0 | I53: 5 | J53: 0 | K53: 0 | L53: 0 | M53: 37 | N53: 0 | O53: =SUM(C53:L53,N53) -> 25 | P53: =SUM(C53:N53) -> 62
B54: 18.00 - 18.15 | C54: 1 | D54: 1 | E54: 6 | F54: 8 | G54: 0 | H54: 0 | I54: 2 | J54: 0 | K54: 0 | L54: 0 | M54: 14 | N54: 0 | O54: =SUM(C54:L54,N54) -> 18 | P54: =SUM(C54:N54) -> 32
... B105: 06.45 - 07.00 | C105: 0 | D105: 0 | E105: 3 | F105: 1 | G105: 0 | H105: 0 | I105: 4 | J105: 0 | K105: 0 | L105: 0 | M105: 2 | N105: 0 | O105: =SUM(C105:L105,N105) -> 8 | P105: =SUM(C105:N105) -> 10
B106: Totals | C106: =SUM(C10:C105) -> 233 | D106: =SUM(D10:D105) -> 71 | E106: =SUM(E10:E105) -> 358 | F106: =SUM(F10:F105) -> 219 | G106: =SUM(G10:G105) -> 3 | H106: =SUM(H10:H105) -> 1 | I106: =SUM(I10:I105) -> 202 | J106: =SUM(J10:J105) -> 10 | ... P106: =SUM(P10:P105) -> 2671
B107: %ges + MCs | C107: =C106/$P$106 -> 0.087233246 | D107: =D106/$P$106 -> 0.026581805 | E107: =E106/$P$106 -> 0.1340322 | F107: =F106/$P$106 -> 0.081991763 | G107: =G106/$P$106 -> 0.0011231748 | H107: =H106/$P$106 -> 0.00037439161 | I107: =I106/$P$106 -> 0.075627106 | J107: =J106/$P$106 -> 0.0037439161 | ... N107: =N106/$P$106 -> 0
B108: %ges w/o MCs | C108: =C106/$O$106 -> 0.21066908 | D108: =D106/$O$106 -> 0.064195298 | E108: =E106/$O$106 -> 0.32368897 | F108: =F106/$O$106 -> 0.19801085 | G108: =G106/$O$106 -> 0.0027124774 | H108: =H106/$O$106 -> 0.00090415913 | I108: =I106/$O$106 -> 0.18264014 | J108: =J106/$O$106 -> 0.0090415913 | ... L108: =L106/$O$106 -> 0 | N108: =N106/$O$106 -> 0

Sheet 24.08 Mbale-Sironko-24h
B1: Consultancy services for Preparation of Expressway Development Master Plan (EDMP) for Uganda
B2: MANUAL CLASSIFIED COUNT (MCC)
B3: ROAD NAME: | C3: ='19.08 Sironko-Mbale'!C3:G3 -> MCC - C4 - STN120 - MBALE-SIRONKO ROAD
C5: Date | D5: ='24.08 Sironko-Mbale-24h'!D5 -> 24.08.19 | F5: Location | G5: ='24.08 Sironko-Mbale-24h'!G5:H5 -> xxx | J5: Surveyor | K5: ='24.08 Sironko-Mbale-24h'!K5:L5 -> xxx
C6: Dir. From | D6: ='19.08 Mbale-Sironko'!D6:E6 -> Mbale | F6: Dir. To | G6: ='20.08 Mbale-Sironko'!G6:H6 -> Sironko | J6: Supervisor | K6: ='24.08 Sironko-Mbale-24h'!K6:L6 -> xxx
B8: Time / Veh Type | R8: SUMMARY TRAFFIC VOLUMES
C9: 1. Car | D9: 2. Station Wagon | E9: 3. Pickups | F9: 4. Minibus, matatu | G9: 5. Medium bus | H9: 6. Large Bus | I9: 7. Light Truck | J9: 8. Medium Truck | K9: 9. Heavy truck | L9: 10. Truck Trailer | M9: 11. Motor cycles | N9: 12. Tractors | O9: Total Excl M/Cycles | P9: Total All | R9: Time | S9: 1. Car | T9: 2. Station Wagon | U9: 3. Pickups | V9: 4. Minibus, matatu | W9: 5. Medium bus | X9: 6. Large Bus | Y9: 7. Light Truck | Z9: 8. Medium Truck | AA9: 9. Heavy truck | AB9: 10. Truck Trailer | AC9: 11. Motorcycles | AD9: 12. Tractors, Graders | AE9: Total Excl M/ Cycles | AF9: Total All
B10: 07.00 - 07.15 | C10: 0 | D10: 0 | E10: 7 | F10: 3 | G10: 1 | H10: 0 | I10: 0 | J10: 0 | K10: 0 | L10: 0 | M10: 30 | N10: 0 | O10: =SUM(C10:L10,N10) -> 11 | P10: =SUM(C10:N10) -> 41 | R10: 0700-0800 | S10: =SUM(C10:C13) -> 1 | T10: =SUM(D10:D13) -> 0 | U10: =SUM(E10:E13) -> 16 | V10: =SUM(F10:F13) -> 6 | W10: =SUM(G10:G13) -> 1 | X10: =SUM(H10:H13) -> 0 | Y10: =SUM(I10:I13) -> 3 | Z10: =SUM(J10:J13) -> 0 | ... AF10: =SUM(P10:P13) -> 110
B11: 07.15 - 07.30 | C11: 0 | D11: 0 | E11: 0 | F11: 0 | G11: 0 | H11: 0 | I11: 0 | J11: 0 | K11: 0 | L11: 0 | M11: 0 | N11: 0 | O11: =SUM(C11:L11,N11) -> 0 | P11: =SUM(C11:N11) -> 0 | R11: 0800-0900 | S11: =SUM(C14:C17) -> 14 | T11: =SUM(D14:D17) -> 0 | U11: =SUM(E14:E17) -> 21 | V11: =SUM(F14:F17) -> 14 | W11: =SUM(G14:G17) -> 0 | X11: =SUM(H14:H17) -> 0 | Y11: =SUM(I14:I17) -> 3 | Z11: =SUM(J14:J17) -> 0 | ... AF11: =SUM(P14:P17) -> 165
B12: 07.30 - 07.45 | C12: 1 | D12: 0 | E12: 2 | F12: 0 | G12: 0 | H12: 0 | I12: 1 | J12: 0 | K12: 0 | L12: 0 | M12: 19 | N12: 0 | O12: =SUM(C12:L12,N12) -> 4 | P12: =SUM(C12:N12) -> 23 | R12: 0900-1000 | S12: =SUM(C18:C21) -> 10 | T12: =SUM(D18:D21) -> 0 | U12: =SUM(E18:E21) -> 20 | V12: =SUM(F18:F21) -> 13 | W12: =SUM(G18:G21) -> 0 | X12: =SUM(H18:H21) -> 0 | Y12: =SUM(I18:I21) -> 6 | Z12: =SUM(J18:J21) -> 0 | ... AF12: =SUM(P18:P21) -> 148
B13: 07.45 - 08.00 | C13: 0 | D13: 0 | E13: 7 | F13: 3 | G13: 0 | H13: 0 | I13: 2 | J13: 0 | K13: 0 | L13: 0 | M13: 34 | N13: 0 | O13: =SUM(C13:L13,N13) -> 12 | P13: =SUM(C13:N13) -> 46 | R13: 1000-1100 | S13: =SUM(C22:C25) -> 12 | T13: =SUM(D22:D25) -> 0 | U13: =SUM(E22:E25) -> 17 | V13: =SUM(F22:F25) -> 17 | W13: =SUM(G22:G25) -> 0 | X13: =SUM(H22:H25) -> 0 | Y13: =SUM(I22:I25) -> 3 | Z13: =SUM(J22:J25) -> 1 | ... AF13: =SUM(P22:P25) -> 173
B14: 08.00 - 08.15 | C14: 5 | D14: 0 | E14: 9 | F14: 3 | G14: 0 | H14: 0 | I14: 0 | J14: 0 | K14: 0 | L14: 0 | M14: 31 | N14: 0 | O14: =SUM(C14:L14,N14) -> 17 | P14: =SUM(C14:N14) -> 48 | R14: 1100-1200 | S14: =SUM(C26:C29) -> 27 | T14: =SUM(D26:D29) -> 0 | U14: =SUM(E26:E29) -> 30 | V14: =SUM(F26:F29) -> 13 | W14: =SUM(G26:G29) -> 0 | X14: =SUM(H26:H29) -> 0 | Y14: =SUM(I26:I29) -> 7 | Z14: =SUM(J26:J29) -> 1 | ... AF14: =SUM(P26:P29) -> 180
B15: 08.15 - 08.30 | C15: 3 | D15: 0 | E15: 2 | F15: 4 | G15: 0 | H15: 0 | I15: 2 | J15: 0 | K15: 0 | L15: 0 | M15: 23 | N15: 0 | O15: =SUM(C15:L15,N15) -> 11 | P15: =SUM(C15:N15) -> 34 | R15: 1200-1300 | S15: =SUM(C30:C33) -> 8 | T15: =SUM(D30:D33) -> 0 | U15: =SUM(E30:E33) -> 17 | V15: =SUM(F30:F33) -> 15 | W15: =SUM(G30:G33) -> 0 | X15: =SUM(H30:H33) -> 0 | Y15: =SUM(I30:I33) -> 10 | Z15: =SUM(J30:J33) -> 1 | ... AF15: =SUM(P30:P33) -> 158
B16: 08.30 - 08.45 | C16: 4 | D16: 0 | E16: 4 | F16: 2 | G16: 0 | H16: 0 | I16: 0 | J16: 0 | K16: 0 | L16: 0 | M16: 24 | N16: 0 | O16: =SUM(C16:L16,N16) -> 10 | P16: =SUM(C16:N16) -> 34 | R16: 1300-1400 | S16: =SUM(C34:C37) -> 13 | T16: =SUM(D34:D37) -> 0 | U16: =SUM(E34:E37) -> 32 | V16: =SUM(F34:F37) -> 19 | W16: =SUM(G34:G37) -> 1 | X16: =SUM(H34:H37) -> 0 | Y16: =SUM(I34:I37) -> 12 | Z16: =SUM(J34:J37) -> 1 | ... AF16: =SUM(P34:P37) -> 168
B17: 08.45 - 9.00 | C17: 2 | D17: 0 | E17: 6 | F17: 5 | G17: 0 | H17: 0 | I17: 1 | J17: 0 | K17: 0 | L17: 0 | M17: 35 | N17: 0 | O17: =SUM(C17:L17,N17) -> 14 | P17: =SUM(C17:N17) -> 49 | R17: 1400-1500 | S17: =SUM(C38:C41) -> 9 | T17: =SUM(D38:D41) -> 0 | U17: =SUM(E38:E41) -> 24 | V17: =SUM(F38:F41) -> 10 | W17: =SUM(G38:G41) -> 0 | X17: =SUM(H38:H41) -> 0 | Y17: =SUM(I38:I41) -> 16 | Z17: =SUM(J38:J41) -> 2 | ... AF17: =SUM(P38:P41) -> 171
B18: 09.00 - 09.15 | C18: 3 | D18: 0 | E18: 8 | F18: 3 | G18: 0 | H18: 0 | I18: 1 | J18: 0 | K18: 0 | L18: 0 | M18: 30 | N18: 0 | O18: =SUM(C18:L18,N18) -> 15 | P18: =SUM(C18:N18) -> 45 | R18: 1500-1600 | S18: =SUM(C42:C45) -> 16 | T18: =SUM(D42:D45) -> 0 | U18: =SUM(E42:E45) -> 25 | V18: =SUM(F42:F45) -> 12 | W18: =SUM(G42:G45) -> 0 | X18: =SUM(H42:H45) -> 1 | Y18: =SUM(I42:I45) -> 12 | Z18: =SUM(J42:J45) -> 1 | ... AF18: =SUM(P42:P45) -> 175
B19: 09.15 - 09.30 | C19: 2 | D19: 0 | E19: 7 | F19: 3 | G19: 0 | H19: 0 | I19: 0 | J19: 0 | K19: 0 | L19: 0 | M19: 19 | N19: 0 | O19: =SUM(C19:L19,N19) -> 12 | P19: =SUM(C19:N19) -> 31 | R19: 1600-1700 | S19: =SUM(C46:C49) -> 22 | T19: =SUM(D46:D49) -> 0 | U19: =SUM(E46:E49) -> 31 | V19: =SUM(F46:F49) -> 20 | W19: =SUM(G46:G49) -> 0 | X19: =SUM(H46:H49) -> 0 | Y19: =SUM(I46:I49) -> 17 | Z19: =SUM(J46:J49) -> 1 | ... AF19: =SUM(P46:P49) -> 224
B20: 09.30 - 09.45 | C20: 2 | D20: 0 | E20: 5 | F20: 4 | G20: 0 | H20: 0 | I20: 2 | J20: 0 | K20: 0 | L20: 0 | M20: 26 | N20: 0 | O20: =SUM(C20:L20,N20) -> 13 | P20: =SUM(C20:N20) -> 39 | R20: 1700-1800 | S20: =SUM(C50:C53) -> 17 | T20: =SUM(D50:D53) -> 0 | U20: =SUM(E50:E53) -> 25 | V20: =SUM(F50:F53) -> 14 | W20: =SUM(G50:G53) -> 0 | X20: =SUM(H50:H53) -> 0 | Y20: =SUM(I50:I53) -> 22 | Z20: =SUM(J50:J53) -> 2 | ... AF20: =SUM(P50:P53) -> 222
B21: 09.45 - 10.00 | C21: 3 | D21: 0 | E21: 0 | F21: 3 | G21: 0 | H21: 0 | I21: 3 | J21: 0 | K21: 0 | L21: 0 | M21: 24 | N21: 0 | O21: =SUM(C21:L21,N21) -> 9 | P21: =SUM(C21:N21) -> 33 | R21: 1800-1900 | S21: =SUM(C54:C57) -> 15 | T21: =SUM(D54:D57) -> 0 | U21: =SUM(E54:E57) -> 20 | V21: =SUM(F54:F57) -> 16 | W21: =SUM(G54:G57) -> 1 | X21: =SUM(H54:H57) -> 0 | Y21: =SUM(I54:I57) -> 11 | Z21: =SUM(J54:J57) -> 0 | ... AF21: =SUM(P54:P57) -> 165
B22: 10.00 - 10.15 | C22: 2 | D22: 0 | E22: 8 | F22: 7 | G22: 0 | H22: 0 | I22: 2 | J22: 0 | K22: 0 | L22: 0 | M22: 37 | N22: 0 | O22: =SUM(C22:L22,N22) -> 19 | P22: =SUM(C22:N22) -> 56 | R22: 1900-2000 | S22: =SUM(C58:C61) -> 18 | T22: =SUM(D58:D61) -> 0 | U22: =SUM(E58:E61) -> 26 | V22: =SUM(F58:F61) -> 10 | W22: =SUM(G58:G61) -> 0 | X22: =SUM(H58:H61) -> 1 | Y22: =SUM(I58:I61) -> 23 | Z22: =SUM(J58:J61) -> 0 | ... AF22: =SUM(P58:P61) -> 179
B23: 10.15 - 10.30 | C23: 3 | D23: 0 | E23: 3 | F23: 3 | G23: 0 | H23: 0 | I23: 0 | J23: 1 | K23: 0 | L23: 0 | M23: 23 | N23: 0 | O23: =SUM(C23:L23,N23) -> 10 | P23: =SUM(C23:N23) -> 33 | R23: 2000-2100 | S23: =SUM(C62:C65) -> 18 | T23: =SUM(D62:D65) -> 0 | U23: =SUM(E62:E65) -> 26 | V23: =SUM(F62:F65) -> 5 | W23: =SUM(G62:G65) -> 0 | X23: =SUM(H62:H65) -> 0 | Y23: =SUM(I62:I65) -> 25 | Z23: =SUM(J62:J65) -> 2 | ... AF23: =SUM(P62:P65) -> 139
B24: 10.30 - 10.45 | C24: 6 | D24: 0 | E24: 1 | F24: 4 | G24: 0 | H24: 0 | I24: 0 | J24: 0 | K24: 0 | L24: 0 | M24: 37 | N24: 0 | O24: =SUM(C24:L24,N24) -> 11 | P24: =SUM(C24:N24) -> 48 | R24: 2100-2200 | S24: =SUM(C66:C69) -> 14 | T24: =SUM(D66:D69) -> 0 | U24: =SUM(E66:E69) -> 13 | V24: =SUM(F66:F69) -> 6 | W24: =SUM(G66:G69) -> 0 | X24: =SUM(H66:H69) -> 0 | Y24: =SUM(I66:I69) -> 23 | Z24: =SUM(J66:J69) -> 1 | ... AF24: =SUM(P66:P69) -> 93
B25: 10.45 - 11.00 | C25: 1 | D25: 0 | E25: 5 | F25: 3 | G25: 0 | H25: 0 | I25: 1 | J25: 0 | K25: 0 | L25: 0 | M25: 26 | N25: 0 | O25: =SUM(C25:L25,N25) -> 10 | P25: =SUM(C25:N25) -> 36 | R25: 2200-2300 | S25: =SUM(C70:C73) -> 7 | T25: =SUM(D70:D73) -> 0 | U25: =SUM(E70:E73) -> 10 | V25: =SUM(F70:F73) -> 1 | W25: =SUM(G70:G73) -> 0 | X25: =SUM(H70:H73) -> 0 | Y25: =SUM(I70:I73) -> 11 | Z25: =SUM(J70:J73) -> 0 | ... AF25: =SUM(P70:P73) -> 60
B26: 11.00 - 11.15 | C26: 10 | D26: 0 | E26: 15 | F26: 2 | G26: 0 | H26: 0 | I26: 1 | J26: 0 | K26: 0 | L26: 0 | M26: 21 | N26: 0 | O26: =SUM(C26:L26,N26) -> 28 | P26: =SUM(C26:N26) -> 49 | R26: 2300-0000 | S26: =SUM(C74:C77) -> 5 | T26: =SUM(D74:D77) -> 0 | U26: =SUM(E74:E77) -> 1 | V26: =SUM(F74:F77) -> 0 | W26: =SUM(G74:G77) -> 0 | X26: =SUM(H74:H77) -> 0 | Y26: =SUM(I74:I77) -> 6 | Z26: =SUM(J74:J77) -> 0 | ... AF26: =SUM(P74:P77) -> 25
B27: 11.15 - 11.30 | C27: 5 | D27: 0 | E27: 2 | F27: 2 | G27: 0 | H27: 0 | I27: 0 | J27: 0 | K27: 0 | L27: 0 | M27: 20 | N27: 0 | O27: =SUM(C27:L27,N27) -> 9 | P27: =SUM(C27:N27) -> 29 | R27: 0000-0100 | S27: =SUM(C78:C81) -> 2 | T27: =SUM(D78:D81) -> 0 | U27: =SUM(E78:E81) -> 2 | V27: =SUM(F78:F81) -> 0 | W27: =SUM(G78:G81) -> 0 | X27: =SUM(H78:H81) -> 0 | Y27: =SUM(I78:I81) -> 6 | Z27: =SUM(J78:J81) -> 0 | ... AF27: =SUM(P78:P81) -> 17
B28: 11.30 - 11.45 | C28: 5 | D28: 0 | E28: 8 | F28: 5 | G28: 0 | H28: 0 | I28: 4 | J28: 1 | K28: 0 | L28: 0 | M28: 38 | N28: 0 | O28: =SUM(C28:L28,N28) -> 23 | P28: =SUM(C28:N28) -> 61 | R28: 0100-0200 | S28: =SUM(C82:C85) -> 0 | T28: =SUM(D82:D85) -> 0 | U28: =SUM(E82:E85) -> 2 | V28: =SUM(F82:F85) -> 0 | W28: =SUM(G82:G85) -> 0 | X28: =SUM(H82:H85) -> 0 | Y28: =SUM(I82:I85) -> 2 | Z28: =SUM(J82:J85) -> 0 | ... AF28: =SUM(P82:P85) -> 12
B29: 11.45 - 12.00 | C29: 7 | D29: 0 | E29: 5 | F29: 4 | G29: 0 | H29: 0 | I29: 2 | J29: 0 | K29: 0 | L29: 0 | M29: 23 | N29: 0 | O29: =SUM(C29:L29,N29) -> 18 | P29: =SUM(C29:N29) -> 41 | R29: 0200-0300 | S29: =SUM(C86:C89) -> 2 | T29: =SUM(D86:D89) -> 0 | U29: =SUM(E86:E89) -> 3 | V29: =SUM(F86:F89) -> 0 | W29: =SUM(G86:G89) -> 0 | X29: =SUM(H86:H89) -> 0 | Y29: =SUM(I86:I89) -> 3 | Z29: =SUM(J86:J89) -> 0 | ... AF29: =SUM(P86:P89) -> 14
B30: 12.00 - 12.15 | C30: 0 | D30: 0 | E30: 3 | F30: 5 | G30: 0 | H30: 0 | I30: 3 | J30: 1 | K30: 0 | L30: 0 | M30: 20 | N30: 0 | O30: =SUM(C30:L30,N30) -> 12 | P30: =SUM(C30:N30) -> 32 | R30: 0300-0400 | S30: =SUM(C90:C93) -> 1 | T30: =SUM(D90:D93) -> 0 | U30: =SUM(E90:E93) -> 2 | V30: =SUM(F90:F93) -> 0 | W30: =SUM(G90:G93) -> 0 | X30: =SUM(H90:H93) -> 0 | Y30: =SUM(I90:I93) -> 4 | Z30: =SUM(J90:J93) -> 0 | ... AF30: =SUM(P90:P93) -> 11
B31: 12.15 - 12.30 | C31: 2 | D31: 0 | E31: 4 | F31: 4 | G31: 0 | H31: 0 | I31: 3 | J31: 0 | K31: 0 | L31: 0 | M31: 34 | N31: 0 | O31: =SUM(C31:L31,N31) -> 13 | P31: =SUM(C31:N31) -> 47 | R31: 0400-0500 | S31: =SUM(C94:C97) -> 0 | T31: =SUM(D94:D97) -> 0 | U31: =SUM(E94:E97) -> 3 | V31: =SUM(F94:F97) -> 0 | W31: =SUM(G94:G97) -> 0 | X31: =SUM(H94:H97) -> 0 | Y31: =SUM(I94:I97) -> 3 | Z31: =SUM(J94:J97) -> 0 | ... AF31: =SUM(P94:P97) -> 11
B32: 12.30 - 12.45 | C32: 3 | D32: 0 | E32: 5 | F32: 2 | G32: 0 | H32: 0 | I32: 2 | J32: 0 | K32: 1 | L32: 0 | M32: 24 | N32: 0 | O32: =SUM(C32:L32,N32) -> 13 | P32: =SUM(C32:N32) -> 37 | R32: 0500-0600 | S32: =SUM(C98:C101) -> 3 | T32: =SUM(D98:D101) -> 0 | U32: =SUM(E98:E101) -> 4 | V32: =SUM(F98:F101) -> 3 | W32: =SUM(G98:G101) -> 0 | X32: =SUM(H98:H101) -> 0 | Y32: =SUM(I98:I101) -> 3 | Z32: =SUM(J98:J101) -> 0 | ... AF32: =SUM(P98:P101) -> 31
B33: 12.45 - 13.00 | C33: 3 | D33: 0 | E33: 5 | F33: 4 | G33: 0 | H33: 0 | I33: 2 | J33: 0 | K33: 0 | L33: 0 | M33: 28 | N33: 0 | O33: =SUM(C33:L33,N33) -> 14 | P33: =SUM(C33:N33) -> 42 | R33: 0600-0700 | S33: =SUM(C102:C105) -> 5 | T33: =SUM(D102:D105) -> 0 | U33: =SUM(E102:E105) -> 6 | V33: =SUM(F102:F105) -> 9 | W33: =SUM(G102:G105) -> 0 | X33: =SUM(H102:H105) -> 0 | Y33: =SUM(I102:I105) -> 4 | Z33: =SUM(J102:J105) -> 0 | ... AF33: =SUM(P102:P105) -> 66
B34: 13.00 - 13.15 | C34: 1 | D34: 0 | E34: 4 | F34: 4 | G34: 0 | H34: 0 | I34: 3 | J34: 1 | K34: 0 | L34: 0 | M34: 19 | N34: 0 | O34: =SUM(C34:L34,N34) -> 13 | P34: =SUM(C34:N34) -> 32 | R34: AM Peak Hr | S34: =MAX(S10:S12) -> 14 | T34: =MAX(T10:T12) -> 0 | U34: =MAX(U10:U12) -> 21 | V34: =MAX(V10:V12) -> 14 | W34: =MAX(W10:W12) -> 1 | X34: =MAX(X10:X12) -> 0 | Y34: =MAX(Y10:Y12) -> 6 | Z34: =MAX(Z10:Z12) -> 0 | ... AF34: =MAX(AF10:AF12) -> 165
B35: 13.15 - 13.30 | C35: 5 | D35: 0 | E35: 4 | F35: 3 | G35: 0 | H35: 0 | I35: 1 | J35: 0 | K35: 0 | L35: 0 | M35: 21 | N35: 0 | O35: =SUM(C35:L35,N35) -> 13 | P35: =SUM(C35:N35) -> 34 | R35: IP Peak Hr | S35: =MAX(S13:S18) -> 27 | T35: =MAX(T13:T18) -> 0 | U35: =MAX(U13:U18) -> 32 | V35: =MAX(V13:V18) -> 19 | W35: =MAX(W13:W18) -> 1 | X35: =MAX(X13:X18) -> 1 | Y35: =MAX(Y13:Y18) -> 16 | Z35: =MAX(Z13:Z18) -> 2 | ... AF35: =MAX(AF13:AF18) -> 180
B36: 13.30 - 13.45 | C36: 3 | D36: 0 | E36: 15 | F36: 6 | G36: 1 | H36: 0 | I36: 5 | J36: 0 | K36: 0 | L36: 0 | M36: 25 | N36: 0 | O36: =SUM(C36:L36,N36) -> 30 | P36: =SUM(C36:N36) -> 55 | R36: PM Peak Hr | S36: =MAX(S19:S21) -> 22 | T36: =MAX(T19:T21) -> 0 | U36: =MAX(U19:U21) -> 31 | V36: =MAX(V19:V21) -> 20 | W36: =MAX(W19:W21) -> 1 | X36: =MAX(X19:X21) -> 0 | Y36: =MAX(Y19:Y21) -> 22 | Z36: =MAX(Z19:Z21) -> 2 | ... AF36: =MAX(AF19:AF21) -> 224
B37: 13.45 - 14.00 | C37: 4 | D37: 0 | E37: 9 | F37: 6 | G37: 0 | H37: 0 | I37: 3 | J37: 0 | K37: 0 | L37: 0 | M37: 25 | N37: 0 | O37: =SUM(C37:L37,N37) -> 22 | P37: =SUM(C37:N37) -> 47 | R37: AM Period | S37: =SUM(S10:S12) -> 25 | T37: =SUM(T10:T12) -> 0 | U37: =SUM(U10:U12) -> 57 | V37: =SUM(V10:V12) -> 33 | W37: =SUM(W10:W12) -> 1 | X37: =SUM(X10:X12) -> 0 | Y37: =SUM(Y10:Y12) -> 12 | Z37: =SUM(Z10:Z12) -> 0 | ... AF37: =SUM(AF10:AF12) -> 423
B38: 14.00 - 14.15 | C38: 5 | D38: 0 | E38: 11 | F38: 1 | G38: 0 | H38: 0 | I38: 1 | J38: 0 | K38: 0 | L38: 0 | M38: 31 | N38: 0 | O38: =SUM(C38:L38,N38) -> 18 | P38: =SUM(C38:N38) -> 49 | R38: IP Period | S38: =SUM(S13:S18) -> 85 | T38: =SUM(T13:T18) -> 0 | U38: =SUM(U13:U18) -> 145 | V38: =SUM(V13:V18) -> 86 | W38: =SUM(W13:W18) -> 1 | X38: =SUM(X13:X18) -> 1 | Y38: =SUM(Y13:Y18) -> 60 | Z38: =SUM(Z13:Z18) -> 7 | ... AF38: =SUM(AF13:AF18) -> 1025
B39: 14.15 - 14.30 | C39: 1 | D39: 0 | E39: 1 | F39: 2 | G39: 0 | H39: 0 | I39: 6 | J39: 0 | K39: 0 | L39: 0 | M39: 20 | N39: 0 | O39: =SUM(C39:L39,N39) -> 10 | P39: =SUM(C39:N39) -> 30 | R39: PM Period | S39: =SUM(S19:S21) -> 54 | T39: =SUM(T19:T21) -> 0 | U39: =SUM(U19:U21) -> 76 | V39: =SUM(V19:V21) -> 50 | W39: =SUM(W19:W21) -> 1 | X39: =SUM(X19:X21) -> 0 | Y39: =SUM(Y19:Y21) -> 50 | Z39: =SUM(Z19:Z21) -> 3 | ... AF39: =SUM(AF19:AF21) -> 611
B40: 14.30 - 14.45 | C40: 2 | D40: 0 | E40: 5 | F40: 5 | G40: 0 | H40: 0 | I40: 5 | J40: 0 | K40: 0 | L40: 0 | M40: 26 | N40: 0 | O40: =SUM(C40:L40,N40) -> 17 | P40: =SUM(C40:N40) -> 43 | R40: 12 Hours | S40: =SUM(S10:S21) -> 164 | T40: =SUM(T10:T21) -> 0 | U40: =SUM(U10:U21) -> 278 | V40: =SUM(V10:V21) -> 169 | W40: =SUM(W10:W21) -> 3 | X40: =SUM(X10:X21) -> 1 | Y40: =SUM(Y10:Y21) -> 122 | Z40: =SUM(Z10:Z21) -> 10 | ... AF40: =SUM(AF10:AF21) -> 2059
B41: 14.45 - 15.00 | C41: 1 | D41: 0 | E41: 7 | F41: 2 | G41: 0 | H41: 0 | I41: 4 | J41: 2 | K41: 0 | L41: 0 | M41: 33 | N41: 0 | O41: =SUM(C41:L41,N41) -> 16 | P41: =SUM(C41:N41) -> 49 | R41: 24 Hrs/ADT | S41: =SUM(S10:S33) -> 239 | T41: =SUM(T10:T33) -> 0 | U41: =SUM(U10:U33) -> 376 | V41: =SUM(V10:V33) -> 203 | W41: =SUM(W10:W33) -> 3 | X41: =SUM(X10:X33) -> 2 | Y41: =SUM(Y10:Y33) -> 235 | Z41: =SUM(Z10:Z33) -> 13 | ... AF41: =SUM(AF10:AF33) -> 2717
B42: 15.00 - 15.15 | C42: 1 | D42: 0 | E42: 7 | F42: 6 | G42: 0 | H42: 1 | I42: 2 | J42: 0 | K42: 0 | L42: 0 | M42: 36 | N42: 0 | O42: =SUM(C42:L42,N42) -> 17 | P42: =SUM(C42:N42) -> 53 | R42: NEF | S42: =S41/S40 -> 1.4573171 | T42: =T41/T40 -> #DIV/0! | U42: =U41/U40 -> 1.352518 | V42: =V41/V40 -> 1.2011834 | W42: =W41/W40 -> 1 | X42: =X41/X40 -> 2 | Y42: =Y41/Y40 -> 1.9262295 | Z42: =Z41/Z40 -> 1.3 | ... AF42: =AF41/AF40 -> 1.3195726
B43: 15.15 - 15.30 | C43: 3 | D43: 0 | E43: 5 | F43: 2 | G43: 0 | H43: 0 | I43: 4 | J43: 1 | K43: 0 | L43: 0 | M43: 25 | N43: 0 | O43: =SUM(C43:L43,N43) -> 15 | P43: =SUM(C43:N43) -> 40
B44: 15.30 - 15.45 | C44: 3 | D44: 0 | E44: 6 | F44: 1 | G44: 0 | H44: 0 | I44: 3 | J44: 0 | K44: 0 | L44: 0 | M44: 22 | N44: 0 | O44: =SUM(C44:L44,N44) -> 13 | P44: =SUM(C44:N44) -> 35
B45: 15.45 - 16.00 | C45: 9 | D45: 0 | E45: 7 | F45: 3 | G45: 0 | H45: 0 | I45: 3 | J45: 0 | K45: 1 | L45: 0 | M45: 24 | N45: 0 | O45: =SUM(C45:L45,N45) -> 23 | P45: =SUM(C45:N45) -> 47
B46: 16.00 - 16.15 | C46: 3 | D46: 0 | E46: 6 | F46: 6 | G46: 0 | H46: 0 | I46: 1 | J46: 0 | K46: 0 | L46: 0 | M46: 29 | N46: 0 | O46: =SUM(C46:L46,N46) -> 16 | P46: =SUM(C46:N46) -> 45
B47: 16.15 -16.30 | C47: 8 | D47: 0 | E47: 9 | F47: 4 | G47: 0 | H47: 0 | I47: 3 | J47: 1 | K47: 0 | L47: 0 | M47: 34 | N47: 0 | O47: =SUM(C47:L47,N47) -> 25 | P47: =SUM(C47:N47) -> 59
B48: 16.30 -16.45 | C48: 3 | D48: 0 | E48: 10 | F48: 4 | G48: 0 | H48: 0 | I48: 10 | J48: 0 | K48: 0 | L48: 0 | M48: 37 | N48: 0 | O48: =SUM(C48:L48,N48) -> 27 | P48: =SUM(C48:N48) -> 64
B49: 16.45 -17.00 | C49: 8 | D49: 0 | E49: 6 | F49: 6 | G49: 0 | H49: 0 | I49: 3 | J49: 0 | K49: 0 | L49: 0 | M49: 33 | N49: 0 | O49: =SUM(C49:L49,N49) -> 23 | P49: =SUM(C49:N49) -> 56
B50: 17.00 -17.15 | C50: 4 | D50: 0 | E50: 7 | F50: 2 | G50: 0 | H50: 0 | I50: 8 | J50: 0 | K50: 0 | L50: 0 | M50: 35 | N50: 0 | O50: =SUM(C50:L50,N50) -> 21 | P50: =SUM(C50:N50) -> 56
B51: 17.15 -17.30 | C51: 3 | D51: 0 | E51: 6 | F51: 6 | G51: 0 | H51: 0 | I51: 6 | J51: 0 | K51: 0 | L51: 0 | M51: 39 | N51: 0 | O51: =SUM(C51:L51,N51) -> 21 | P51: =SUM(C51:N51) -> 60
B52: 17.30 -17.45 | C52: 5 | D52: 0 | E52: 7 | F52: 3 | G52: 0 | H52: 0 | I52: 5 | J52: 0 | K52: 0 | L52: 0 | M52: 34 | N52: 0 | O52: =SUM(C52:L52,N52) -> 20 | P52: =SUM(C52:N52) -> 54
B53: 17.45 -18.00 | C53: 5 | D53: 0 | E53: 5 | F53: 3 | G53: 0 | H53: 0 | I53: 3 | J53: 2 | K53: 0 | L53: 0 | M53: 34 | N53: 0 | O53: =SUM(C53:L53,N53) -> 18 | P53: =SUM(C53:N53) -> 52
B54: 18.00 - 18.15 | C54: 3 | D54: 0 | E54: 9 | F54: 4 | G54: 0 | H54: 0 | I54: 3 | J54: 0 | K54: 0 | L54: 0 | M54: 27 | N54: 0 | O54: =SUM(C54:L54,N54) -> 19 | P54: =SUM(C54:N54) -> 46
... B105: 06.45 - 07.00 | C105: 0 | D105: 0 | E105: 1 | F105: 5 | G105: 0 | H105: 0 | I105: 3 | J105: 0 | K105: 0 | L105: 0 | M105: 16 | N105: 0 | O105: =SUM(C105:L105,N105) -> 9 | P105: =SUM(C105:N105) -> 25
B106: Totals | C106: =SUM(C10:C105) -> 239 | D106: =SUM(D10:D105) -> 0 | E106: =SUM(E10:E105) -> 376 | F106: =SUM(F10:F105) -> 203 | G106: =SUM(G10:G105) -> 3 | H106: =SUM(H10:H105) -> 2 | I106: =SUM(I10:I105) -> 235 | J106: =SUM(J10:J105) -> 13 | ... P106: =SUM(P10:P105) -> 2717
B107: %ges + MCs | C107: =C106/$P$106 -> 0.087964667 | D107: =D106/$P$106 -> 0 | E107: =E106/$P$106 -> 0.13838793 | F107: =F106/$P$106 -> 0.074714759 | G107: =G106/$P$106 -> 0.001104159 | H107: =H106/$P$106 -> 0.000736106 | I107: =I106/$P$106 -> 0.086492455 | J107: =J106/$P$106 -> 0.004784689 | ... N107: =N106/$P$106 -> 0
B108: %ges w/o MCs | C108: =C106/$O$106 -> 0.22232558 | D108: =D106/$O$106 -> 0 | E108: =E106/$O$106 -> 0.34976744 | F108: =F106/$O$106 -> 0.18883721 | G108: =G106/$O$106 -> 0.0027906977 | H108: =H106/$O$106 -> 0.0018604651 | I108: =I106/$O$106 -> 0.21860465 | J108: =J106/$O$106 -> 0.012093023 | ... L108: =L106/$O$106 -> 0 | N108: =N106/$O$106 -> 0

Sheet 25.08 Sironko-Mbale
B1: Consultancy services for Preparation of Expressway Development Master Plan (EDMP) for Uganda
B2: MANUAL CLASSIFIED COUNT (MCC)
B3: ROAD NAME: | C3: ='19.08 Sironko-Mbale'!C3:G3 -> MCC - C4 - STN120 - MBALE-SIRONKO ROAD
C5: Date | D5: 25.08.19 | F5: Location | G5: ='22.08 Mbale-Sironko-24h'!G5:H5 -> xxx | J5: Surveyor | K5: ='22.08 Mbale-Sironko-24h'!K5:L5 -> xxx
C6: Dir. From | D6: ='19.08 Sironko-Mbale'!D6:E6 -> Sironko | F6: Dir. To | G6: ='19.08 Sironko-Mbale'!G6:H6 -> Mbale | J6: Supervisor | K6: ='22.08 Mbale-Sironko-24h'!K6:L6 -> xxx
B8: Time / Veh Type | R8: SUMMARY TRAFFIC VOLUMES
C9: 1. Car | D9: 2. Station Wagon | E9: 3. Pickups | F9: 4. Minibus, matatu | G9: 5. Medium bus | H9: 6. Large Bus | I9: 7. Light Truck | J9: 8. Medium Truck | K9: 9. Heavy truck | L9: 10. Truck Trailer | M9: 11. Motor cycles | N9: 12. Tractors | O9: Total Excl M/Cycles | P9: Total All | R9: Time | S9: 1. Car | T9: 2. Station Wagon | U9: 3. Pickups | V9: 4. Minibus, matatu | W9: 5. Medium bus | X9: 6. Large Bus | Y9: 7. Light Truck | Z9: 8. Medium Truck | AA9: 9. Heavy truck | AB9: 10. Truck Trailer | AC9: 11. Motorcycles | AD9: 12. Tractors, Graders | AE9: Total Excl M/ Cycles | AF9: Total All
B10: 07.00 - 07.15 | C10: 1 | D10: 0 | E10: 3 | F10: 5 | G10: 3 | H10: 0 | I10: 2 | J10: 0 | K10: 0 | L10: 0 | M10: 31 | N10: 0 | O10: 14 | P10: =SUM(C10:N10) -> 45 | R10: 0700-0800 | S10: =SUM(C10:C13) -> 8 | T10: =SUM(D10:D13) -> 2 | U10: =SUM(E10:E13) -> 14 | V10: =SUM(F10:F13) -> 13 | W10: =SUM(G10:G13) -> 3 | X10: =SUM(H10:H13) -> 0 | Y10: =SUM(I10:I13) -> 9 | Z10: =SUM(J10:J13) -> 0 | ... AF10: =SUM(P10:P13) -> 152
B11: 07.15 - 07.30 | C11: 2 | D11: 1 | E11: 4 | F11: 3 | G11: 0 | H11: 0 | I11: 3 | J11: 0 | K11: 0 | L11: 0 | M11: 23 | N11: 0 | O11: 13 | P11: =SUM(C11:N11) -> 36 | R11: 0800-0900 | S11: =SUM(C14:C17) -> 13 | T11: =SUM(D14:D17) -> 1 | U11: =SUM(E14:E17) -> 14 | V11: =SUM(F14:F17) -> 14 | W11: =SUM(G14:G17) -> 1 | X11: =SUM(H14:H17) -> 0 | Y11: =SUM(I14:I17) -> 5 | Z11: =SUM(J14:J17) -> 1 | ... AF11: =SUM(P14:P17) -> 150
B12: 07.30 - 07.45 | C12: 2 | D12: 1 | E12: 4 | F12: 1 | G12: 0 | H12: 0 | I12: 2 | J12: 0 | K12: 0 | L12: 0 | M12: 23 | N12: 0 | O12: 10 | P12: =SUM(C12:N12) -> 33 | R12: 0900-1000 | S12: =SUM(C18:C21) -> 10 | T12: =SUM(D18:D21) -> 2 | U12: =SUM(E18:E21) -> 13 | V12: =SUM(F18:F21) -> 6 | W12: =SUM(G18:G21) -> 1 | X12: =SUM(H18:H21) -> 0 | Y12: =SUM(I18:I21) -> 2 | Z12: =SUM(J18:J21) -> 0 | ... AF12: =SUM(P18:P21) -> 149
B13: 07.45 - 08.00 | C13: 3 | D13: 0 | E13: 3 | F13: 4 | G13: 0 | H13: 0 | I13: 2 | J13: 0 | K13: 0 | L13: 0 | M13: 26 | N13: 0 | O13: 12 | P13: =SUM(C13:N13) -> 38 | R13: 1000-1100 | S13: =SUM(C22:C25) -> 11 | T13: =SUM(D22:D25) -> 0 | U13: =SUM(E22:E25) -> 9 | V13: =SUM(F22:F25) -> 14 | W13: =SUM(G22:G25) -> 0 | X13: =SUM(H22:H25) -> 0 | Y13: =SUM(I22:I25) -> 7 | Z13: =SUM(J22:J25) -> 0 | ... AF13: =SUM(P22:P25) -> 155
B14: 08.00 - 08.15 | C14: 4 | D14: 0 | E14: 3 | F14: 6 | G14: 1 | H14: 0 | I14: 1 | J14: 0 | K14: 0 | L14: 0 | M14: 35 | N14: 0 | O14: 15 | P14: =SUM(C14:N14) -> 50 | R14: 1100-1200 | S14: =SUM(C26:C29) -> 12 | T14: =SUM(D26:D29) -> 2 | U14: =SUM(E26:E29) -> 15 | V14: =SUM(F26:F29) -> 19 | W14: =SUM(G26:G29) -> 0 | X14: =SUM(H26:H29) -> 0 | Y14: =SUM(I26:I29) -> 11 | Z14: =SUM(J26:J29) -> 3 | ... AF14: =SUM(P26:P29) -> 191
B15: 08.15 - 08.30 | C15: 1 | D15: 0 | E15: 3 | F15: 1 | G15: 0 | H15: 0 | I15: 2 | J15: 0 | K15: 0 | L15: 0 | M15: 15 | N15: 0 | O15: 7 | P15: =SUM(C15:N15) -> 22 | R15: 1200-1300 | S15: =SUM(C30:C33) -> 17 | T15: =SUM(D30:D33) -> 5 | U15: =SUM(E30:E33) -> 21 | V15: =SUM(F30:F33) -> 19 | W15: =SUM(G30:G33) -> 0 | X15: =SUM(H30:H33) -> 0 | Y15: =SUM(I30:I33) -> 16 | Z15: =SUM(J30:J33) -> 2 | ... AF15: =SUM(P30:P33) -> 214
B16: 08.30 - 08.45 | C16: 5 | D16: 0 | E16: 2 | F16: 2 | G16: 0 | H16: 0 | I16: 1 | J16: 0 | K16: 0 | L16: 0 | M16: 22 | N16: 0 | O16: 10 | P16: =SUM(C16:N16) -> 32 | R16: 1300-1400 | S16: =SUM(C34:C37) -> 13 | T16: =SUM(D34:D37) -> 9 | U16: =SUM(E34:E37) -> 36 | V16: =SUM(F34:F37) -> 10 | W16: =SUM(G34:G37) -> 0 | X16: =SUM(H34:H37) -> 0 | Y16: =SUM(I34:I37) -> 9 | Z16: =SUM(J34:J37) -> 0 | ... AF16: =SUM(P34:P37) -> 211
B17: 08.45 - 9.00 | C17: 3 | D17: 1 | E17: 6 | F17: 5 | G17: 0 | H17: 0 | I17: 1 | J17: 1 | K17: 0 | L17: 0 | M17: 29 | N17: 0 | O17: 17 | P17: =SUM(C17:N17) -> 46 | R17: 1400-1500 | S17: =SUM(C38:C41) -> 17 | T17: =SUM(D38:D41) -> 3 | U17: =SUM(E38:E41) -> 17 | V17: =SUM(F38:F41) -> 9 | W17: =SUM(G38:G41) -> 0 | X17: =SUM(H38:H41) -> 1 | Y17: =SUM(I38:I41) -> 7 | Z17: =SUM(J38:J41) -> 0 | ... AF17: =SUM(P38:P41) -> 172
B18: 09.00 - 09.15 | C18: 3 | D18: 0 | E18: 2 | F18: 0 | G18: 0 | H18: 0 | I18: 0 | J18: 0 | K18: 0 | L18: 0 | M18: 27 | N18: 0 | O18: 5 | P18: =SUM(C18:N18) -> 32 | R18: 1500-1600 | S18: =SUM(C42:C45) -> 17 | T18: =SUM(D42:D45) -> 5 | U18: =SUM(E42:E45) -> 24 | V18: =SUM(F42:F45) -> 16 | W18: =SUM(G42:G45) -> 0 | X18: =SUM(H42:H45) -> 1 | Y18: =SUM(I42:I45) -> 11 | Z18: =SUM(J42:J45) -> 0 | ... AF18: =SUM(P42:P45) -> 171
B19: 09.15 - 09.30 | C19: 0 | D19: 1 | E19: 5 | F19: 1 | G19: 0 | H19: 0 | I19: 1 | J19: 0 | K19: 0 | L19: 0 | M19: 30 | N19: 0 | O19: 8 | P19: =SUM(C19:N19) -> 38 | R19: 1600-1700 | S19: =SUM(C46:C49) -> 16 | T19: =SUM(D46:D49) -> 4 | U19: =SUM(E46:E49) -> 20 | V19: =SUM(F46:F49) -> 10 | W19: =SUM(G46:G49) -> 3 | X19: =SUM(H46:H49) -> 0 | Y19: =SUM(I46:I49) -> 16 | Z19: =SUM(J46:J49) -> 1 | ... AF19: =SUM(P46:P49) -> 192
B20: 09.30 - 09.45 | C20: 2 | D20: 1 | E20: 4 | F20: 4 | G20: 1 | H20: 0 | I20: 0 | J20: 0 | K20: 0 | L20: 0 | M20: 24 | N20: 0 | O20: 12 | P20: =SUM(C20:N20) -> 36 | R20: 1700-1800 | S20: =SUM(C50:C53) -> 26 | T20: =SUM(D50:D53) -> 2 | U20: =SUM(E50:E53) -> 15 | V20: =SUM(F50:F53) -> 11 | W20: =SUM(G50:G53) -> 0 | X20: =SUM(H50:H53) -> 0 | Y20: =SUM(I50:I53) -> 19 | Z20: =SUM(J50:J53) -> 2 | ... AF20: =SUM(P50:P53) -> 254
B21: 09.45 - 10.00 | C21: 5 | D21: 0 | E21: 2 | F21: 1 | G21: 0 | H21: 0 | I21: 1 | J21: 0 | K21: 0 | L21: 0 | M21: 34 | N21: 0 | O21: 9 | P21: =SUM(C21:N21) -> 43 | R21: 1800-1900 | S21: =SUM(C54:C57) -> 14 | T21: =SUM(D54:D57) -> 2 | U21: =SUM(E54:E57) -> 15 | V21: =SUM(F54:F57) -> 10 | W21: =SUM(G54:G57) -> 0 | X21: =SUM(H54:H57) -> 0 | Y21: =SUM(I54:I57) -> 11 | Z21: =SUM(J54:J57) -> 0 | ... AF21: =SUM(P54:P57) -> 170
B22: 10.00 - 10.15 | C22: 3 | D22: 0 | E22: 3 | F22: 5 | G22: 0 | H22: 0 | I22: 2 | J22: 0 | K22: 0 | L22: 0 | M22: 35 | N22: 0 | O22: 13 | P22: =SUM(C22:N22) -> 48 | R22: AM Peak Hr | S22: =MAX(S10:S12) -> 13 | T22: =MAX(T10:T12) -> 2 | U22: =MAX(U10:U12) -> 14 | V22: =MAX(V10:V12) -> 14 | W22: =MAX(W10:W12) -> 3 | X22: =MAX(X10:X12) -> 0 | Y22: =MAX(Y10:Y12) -> 9 | Z22: =MAX(Z10:Z12) -> 1 | ... AF22: =MAX(AF10:AF12) -> 152
B23: 10.15 - 10.30 | C23: 5 | D23: 0 | E23: 2 | F23: 4 | G23: 0 | H23: 0 | I23: 1 | J23: 0 | K23: 0 | L23: 0 | M23: 25 | N23: 0 | O23: 12 | P23: =SUM(C23:N23) -> 37 | R23: IP Peak Hr | S23: =MAX(S13:S18) -> 17 | T23: =MAX(T13:T18) -> 9 | U23: =MAX(U13:U18) -> 36 | V23: =MAX(V13:V18) -> 19 | W23: =MAX(W13:W18) -> 0 | X23: =MAX(X13:X18) -> 1 | Y23: =MAX(Y13:Y18) -> 16 | Z23: =MAX(Z13:Z18) -> 3 | ... AF23: =MAX(AF13:AF18) -> 214
B24: 10.30 - 10.45 | C24: 2 | D24: 0 | E24: 1 | F24: 2 | G24: 0 | H24: 0 | I24: 2 | J24: 0 | K24: 0 | L24: 0 | M24: 25 | N24: 1 | O24: 8 | P24: =SUM(C24:N24) -> 33 | R24: PM Peak Hr | S24: =MAX(S19:S21) -> 26 | T24: =MAX(T19:T21) -> 4 | U24: =MAX(U19:U21) -> 20 | V24: =MAX(V19:V21) -> 11 | W24: =MAX(W19:W21) -> 3 | X24: =MAX(X19:X21) -> 0 | Y24: =MAX(Y19:Y21) -> 19 | Z24: =MAX(Z19:Z21) -> 2 | ... AF24: =MAX(AF19:AF21) -> 254
B25: 10.45 - 11.00 | C25: 1 | D25: 0 | E25: 3 | F25: 3 | G25: 0 | H25: 0 | I25: 2 | J25: 0 | K25: 0 | L25: 0 | M25: 28 | N25: 0 | O25: 9 | P25: =SUM(C25:N25) -> 37 | R25: AM Period | S25: =SUM(S10:S12) -> 31 | T25: =SUM(T10:T12) -> 5 | U25: =SUM(U10:U12) -> 41 | V25: =SUM(V10:V12) -> 33 | W25: =SUM(W10:W12) -> 5 | X25: =SUM(X10:X12) -> 0 | Y25: =SUM(Y10:Y12) -> 16 | Z25: =SUM(Z10:Z12) -> 1 | ... AF25: =SUM(AF10:AF12) -> 451
B26: 11.00 - 11.15 | C26: 2 | D26: 1 | E26: 5 | F26: 5 | G26: 0 | H26: 0 | I26: 1 | J26: 0 | K26: 0 | L26: 0 | M26: 29 | N26: 0 | O26: 14 | P26: =SUM(C26:N26) -> 43 | R26: IP Period | S26: =SUM(S13:S18) -> 87 | T26: =SUM(T13:T18) -> 24 | U26: =SUM(U13:U18) -> 122 | V26: =SUM(V13:V18) -> 87 | W26: =SUM(W13:W18) -> 0 | X26: =SUM(X13:X18) -> 2 | Y26: =SUM(Y13:Y18) -> 61 | Z26: =SUM(Z13:Z18) -> 5 | ... AF26: =SUM(AF13:AF18) -> 1114
B27: 11.15 - 11.30 | C27: 3 | D27: 0 | E27: 3 | F27: 2 | G27: 0 | H27: 0 | I27: 2 | J27: 0 | K27: 0 | L27: 0 | M27: 28 | N27: 0 | O27: 10 | P27: =SUM(C27:N27) -> 38 | R27: PM Period | S27: =SUM(S19:S21) -> 56 | T27: =SUM(T19:T21) -> 8 | U27: =SUM(U19:U21) -> 50 | V27: =SUM(V19:V21) -> 31 | W27: =SUM(W19:W21) -> 3 | X27: =SUM(X19:X21) -> 0 | Y27: =SUM(Y19:Y21) -> 46 | Z27: =SUM(Z19:Z21) -> 3 | ... AF27: =SUM(AF19:AF21) -> 616
B28: 11.30 - 11.45 | C28: 5 | D28: 1 | E28: 5 | F28: 6 | G28: 0 | H28: 0 | I28: 3 | J28: 3 | K28: 0 | L28: 0 | M28: 38 | N28: 0 | O28: 23 | P28: =SUM(C28:N28) -> 61 | R28: 12 Hours | S28: =SUM(S10:S21) -> 174 | T28: =SUM(T10:T21) -> 37 | U28: =SUM(U10:U21) -> 213 | V28: =SUM(V10:V21) -> 151 | W28: =SUM(W10:W21) -> 8 | X28: =SUM(X10:X21) -> 2 | Y28: =SUM(Y10:Y21) -> 123 | Z28: =SUM(Z10:Z21) -> 9 | ... AF28: =SUM(AF10:AF21) -> 2181
B29: 11.45 - 12.00 | C29: 2 | D29: 0 | E29: 2 | F29: 6 | G29: 0 | H29: 0 | I29: 5 | J29: 0 | K29: 0 | L29: 0 | M29: 34 | N29: 0 | O29: 15 | P29: =SUM(C29:N29) -> 49
B30: 12.00 - 12.15 | C30: 7 | D30: 2 | E30: 7 | F30: 4 | G30: 0 | H30: 0 | I30: 4 | J30: 1 | K30: 0 | L30: 0 | M30: 39 | N30: 0 | O30: 25 | P30: =SUM(C30:N30) -> 64
B31: 12.15 - 12.30 | C31: 4 | D31: 1 | E31: 6 | F31: 2 | G31: 0 | H31: 0 | I31: 9 | J31: 0 | K31: 0 | L31: 0 | M31: 29 | N31: 0 | O31: 22 | P31: =SUM(C31:N31) -> 51
B32: 12.30 - 12.45 | C32: 4 | D32: 1 | E32: 4 | F32: 7 | G32: 0 | H32: 0 | I32: 2 | J32: 1 | K32: 0 | L32: 0 | M32: 29 | N32: 0 | O32: 19 | P32: =SUM(C32:N32) -> 48
B33: 12.45 - 13.00 | C33: 2 | D33: 1 | E33: 4 | F33: 6 | G33: 0 | H33: 0 | I33: 1 | J33: 0 | K33: 0 | L33: 0 | M33: 37 | N33: 0 | O33: 14 | P33: =SUM(C33:N33) -> 51
B34: 13.00 - 13.15 | C34: 5 | D34: 1 | E34: 6 | F34: 2 | G34: 0 | H34: 0 | I34: 3 | J34: 0 | K34: 0 | L34: 0 | M34: 37 | N34: 0 | O34: 17 | P34: =SUM(C34:N34) -> 54
B35: 13.15 - 13.30 | C35: 3 | D35: 2 | E35: 7 | F35: 2 | G35: 0 | H35: 0 | I35: 5 | J35: 0 | K35: 0 | L35: 0 | M35: 21 | N35: 0 | O35: 19 | P35: =SUM(C35:N35) -> 40
B36: 13.30 - 13.45 | C36: 1 | D36: 3 | E36: 11 | F36: 2 | G36: 0 | H36: 0 | I36: 1 | J36: 0 | K36: 0 | L36: 0 | M36: 36 | N36: 0 | O36: 18 | P36: =SUM(C36:N36) -> 54
B37: 13.45 - 14.00 | C37: 4 | D37: 3 | E37: 12 | F37: 4 | G37: 0 | H37: 0 | I37: 0 | J37: 0 | K37: 0 | L37: 0 | M37: 40 | N37: 0 | O37: 23 | P37: =SUM(C37:N37) -> 63
B38: 14.00 - 14.15 | C38: 2 | D38: 0 | E38: 3 | F38: 4 | G38: 0 | H38: 0 | I38: 1 | J38: 0 | K38: 0 | L38: 0 | M38: 32 | N38: 0 | O38: 10 | P38: =SUM(C38:N38) -> 42
B39: 14.15 - 14.30 | C39: 7 | D39: 1 | E39: 4 | F39: 0 | G39: 0 | H39: 0 | I39: 3 | J39: 0 | K39: 0 | L39: 0 | M39: 43 | N39: 0 | O39: 15 | P39: =SUM(C39:N39) -> 58
B40: 14.30 - 14.45 | C40: 5 | D40: 1 | E40: 4 | F40: 4 | G40: 0 | H40: 1 | I40: 1 | J40: 0 | K40: 0 | L40: 0 | M40: 28 | N40: 0 | O40: 16 | P40: =SUM(C40:N40) -> 44
... B57: 18.45 - 19.00 | C57: 3 | D57: 1 | E57: 5 | F57: 3 | G57: 0 | H57: 0 | I57: 3 | J57: 0 | K57: 0 | L57: 0 | M57: 25 | N57: 0 | O57: 15 | P57: =SUM(C57:N57) -> 40
B58: Totals | C58: =SUM(C10:C57) -> 174 | D58: =SUM(D10:D57) -> 37 | E58: =SUM(E10:E57) -> 213 | F58: =SUM(F10:F57) -> 151 | G58: =SUM(G10:G57) -> 8 | H58: =SUM(H10:H57) -> 2 | I58: =SUM(I10:I57) -> 123 | J58: =SUM(J10:J57) -> 9 | ... P58: =SUM(P10:P57) -> 2181
B59: %ges + MCs | C59: =C58/$P$58 -> 0.079779917 | D59: =D58/$P$58 -> 0.016964695 | E59: =E58/$P$58 -> 0.097661623 | F59: =F58/$P$58 -> 0.069234296 | G59: =G58/$P$58 -> 0.0036680422 | H59: =H58/$P$58 -> 0.00091701055 | I59: =I58/$P$58 -> 0.056396149 | J59: =J58/$P$58 -> 0.0041265475 | ... N59: =N58/$P$58 -> 0.00045850527
B60: %ges w/o MCs | C60: =C58/$O$58 -> 0.24233983 | D60: =D58/$O$58 -> 0.051532033 | E60: =E58/$O$58 -> 0.29665738 | F60: =F58/$O$58 -> 0.21030641 | G60: =G58/$O$58 -> 0.011142061 | H60: =H58/$O$58 -> 0.0027855153 | I60: =I58/$O$58 -> 0.17130919 | J60: =J58/$O$58 -> 0.012534819 | ... L60: =L58/$O$58 -> 0 | N60: =N58/$O$58 -> 0.0013927577

Sheet 25.08 Mbale-Sironko
B1: Consultancy services for Preparation of Expressway Development Master Plan (EDMP) for Uganda
B2: MANUAL CLASSIFIED COUNT (MCC)
B3: ROAD NAME: | C3: ='19.08 Mbale-Sironko'!C3:G3 -> MCC - C4 - STN120 - MBALE-SIRONKO ROAD
C5: Date | D5: ='25.08 Sironko-Mbale'!D5 -> 25.08.19 | F5: Location | G5: ='25.08 Sironko-Mbale'!G5:H5 -> xxx | J5: Surveyor | K5: ='25.08 Sironko-Mbale'!K5:L5 -> xxx
C6: Dir. From | D6: ='19.08 Mbale-Sironko'!D6:E6 -> Mbale | F6: Dir. To | G6: ='19.08 Mbale-Sironko'!G6:H6 -> Sironko | J6: Supervisor | K6: ='25.08 Sironko-Mbale'!K6:L6 -> xxx
B8: Time / Veh Type | R8: SUMMARY TRAFFIC VOLUMES
