Workbook
Name Veh_Type: 'PT-18'!$C$9:$C$23
Name zones: #REF!
Name zones: #REF!
Name Zones_Ndeke: #REF!
Name Zones_Ndeke: #REF!

Sheet PT-18
B1: Consultancy services for Preparation of Expressway Development Master Plan (EDMP) for Uganda
B2: Public Transport/Bus Surveys
B4: Date: | D4: 22.10.19 | G4: Location | H4: Rukungiri park | J4: Coded By: | K4: Isaac A. | N4: Chkd By: | O4: Bakole. D.M
B5: Enumerator: | D5: Teddy Anne Amukun | G5: Supervisor: | H5: Denis
B7: Time | C7: Veh_Type | D7: Type of Veh. | E7: Veh_Reg_No. | F7: IN / OUT | G7: Origin_Address | J7: Destination_Address | M7: No. Passengers | N7: Cost of Trip (UGX) | O7: Approx_Journey Time (Hrs)
G8: Town | H8: District | I8: Country | J8: Town | K8: District | L8: Journey_Desc
B9: 0.27083333 | C9: 6 | D9: =IF(C9="", "",VLOOKUP(C9,Key!$A$5:$B$7,2,FALSE)) -> Large Bus | E9: UBB 786H | F9: out | G9: Rukungiri | H9: Rukungiri | I9: Uga | J9: Kampala | K9: Kampala | L9: =H9&"-"&K9 -> Rukungiri-Kampala | M9: 8 | N9: 25000 | O9: 5.5
B10: 0.34791667 | C10: 6 | D10: =IF(C10="", "",VLOOKUP(C10,Key!$A$5:$B$7,2,FALSE)) -> Large Bus | E10: UBF 783U | F10: out | G10: Rukungiri | H10: Rukungiri | I10: Uga | J10: Kampala | K10: Kampala | L10: =H10&"-"&K10 -> Rukungiri-Kampala | M10: 32 | N10: 25000 | O10: 5.5
B11: 0.40416667 | C11: 6 | D11: =IF(C11="", "",VLOOKUP(C11,Key!$A$5:$B$7,2,FALSE)) -> Large Bus | E11: UBF 052G | F11: out | G11: Rukungiri | H11: Rukungiri | I11: Uga | J11: Kampala | K11: Kampala | L11: =H11&"-"&K11 -> Rukungiri-Kampala | M11: 21 | N11: 25000 | O11: 5.5
B12: 0.48819444 | C12: 6 | D12: =IF(C12="", "",VLOOKUP(C12,Key!$A$5:$B$7,2,FALSE)) -> Large Bus | E12: UBB 785H | F12: out | G12: Rukungiri | H12: Rukungiri | I12: Uga | J12: Kampala | K12: Kampala | L12: =H12&"-"&K12 -> Rukungiri-Kampala | M12: 19 | N12: 25000 | O12: 5.5
B13: 0.49166667 | C13: 4 | D13: =IF(C13="", "",VLOOKUP(C13,Key!$A$5:$B$7,2,FALSE)) -> Minibus, matatu | E13: UBA 828R | F13: out | G13: Rukungiri | H13: Rukungiri | I13: Uga | J13: Mbarara | K13: Mbarara | L13: =H13&"-"&K13 -> Rukungiri-Mbarara | M13: 6 | N13: 12000 | O13: 2.25
B14: 0.51111111 | C14: 4 | D14: =IF(C14="", "",VLOOKUP(C14,Key!$A$5:$B$7,2,FALSE)) -> Minibus, matatu | E14: UAR 772W | F14: in | G14: Kagambo | H14: Ntungamo | I14: Uga | J14: Rukungiri | K14: Rukungiri | L14: =H14&"-"&K14 -> Ntungamo-Rukungiri | M14: 10 | N14: 6000 | O14: 1
B15: 0.51180556 | C15: 4 | D15: =IF(C15="", "",VLOOKUP(C15,Key!$A$5:$B$7,2,FALSE)) -> Minibus, matatu | E15: UBB 038M | F15: in | G15: Ntungamo | H15: Ntungamo | I15: Uga | J15: Rukungiri | K15: Rukungiri | L15: =H15&"-"&K15 -> Ntungamo-Rukungiri | M15: 2 | N15: 6000 | O15: 1
B16: 0.52291667 | C16: 4 | D16: =IF(C16="", "",VLOOKUP(C16,Key!$A$5:$B$7,2,FALSE)) -> Minibus, matatu | E16: UBE 071B | F16: out | G16: Rukungiri | H16: Rukungiri | I16: Uga | J16: Mbarara | K16: Mbarara | L16: =H16&"-"&K16 -> Rukungiri-Mbarara | M16: 3 | N16: 13000 | O16: 2.25
B17: 0.52777778 | C17: 4 | D17: =IF(C17="", "",VLOOKUP(C17,Key!$A$5:$B$7,2,FALSE)) -> Minibus, matatu | E17: UBE 354L | F17: in | G17: Bwindi | H17: Kanungu | I17: Uga | J17: Rukungiri | K17: Rukungiri | L17: =H17&"-"&K17 -> Kanungu-Rukungiri | M17: 5 | N17: 25000 | O17: 5.5
B18: 0.53055556 | C18: 4 | D18: =IF(C18="", "",VLOOKUP(C18,Key!$A$5:$B$7,2,FALSE)) -> Minibus, matatu | E18: UBD 206E | F18: out | G18: Rukungiri | H18: Rukungiri | I18: Uga | J18: Kampala | K18: Kampala | L18: =H18&"-"&K18 -> Rukungiri-Kampala | M18: 2 | N18: 25000 | O18: 5.5
B19: 0.58125 | C19: 6 | D19: =IF(C19="", "",VLOOKUP(C19,Key!$A$5:$B$7,2,FALSE)) -> Large Bus | E19: UBF 053G | F19: in | G19: Kampala | H19: Kampala | I19: Uga | J19: Rukungiri | K19: Rukungiri | L19: =H19&"-"&K19 -> Kampala-Rukungiri | M19: 26 | N19: 25000 | O19: 5.5
B20: 0.59930556 | C20: 4 | D20: =IF(C20="", "",VLOOKUP(C20,Key!$A$5:$B$7,2,FALSE)) -> Minibus, matatu | E20: UAY 024B | F20: in | G20: Kabale | H20: Kabale | I20: Uga | J20: Rukungiri | K20: Rukungiri | L20: =H20&"-"&K20 -> Kabale-Rukungiri | M20: 3 | N20: 15000 | O20: 2.5
... B23: 0.74027778 | C23: 6 | D23: =IF(C23="", "",VLOOKUP(C23,Key!$A$5:$B$7,2,FALSE)) -> Large Bus | E23: UAU 671L | F23: in | G23: Kampala | H23: Kampala | I23: Uga | J23: Rukungiri | K23: Rukungiri | L23: =H23&"-"&K23 -> Kampala-Rukungiri | M23: 11 | N23: 25000 | O23: 5.5

Sheet RSI FORM
B1: Feasibility Study and Detailed Design of Kampala - Jinja Highway
B2: Roadside OD Interview Survey
B4: Date: | C4: 40465 | D4: Interviewer: | G4: Survey Station: | H4: Bweyogerere | J4: Direction: | K4: Bweyogerere-Kireka | L4: Coded By: | N4: Chkd By:
B7: Time Period | C7: Veh_Type | D7: Veh_Other | E7: Occupancy | F7: Origin_Address | H7: Origin_Purpose | I7: Origin_other | J7: Destination_Address | L7: Destination_Purpose | M7: Destination_Other | N7: Origin_Zone | O7: Dest_Zone | P7: WTP
F8: Village/Town | G8: City/Country | J8: Village/Town | K8: City/Country
B9: AM | C9: 3 | E9: 2 | F9: Entebbe | G9: Kla, Ug | H9: 1 | J9: Kla | K9: Kla, Ug | L9: 2 | N9: Blank | O9: Blank | P9: Yes | Q9: 3000
B10: AM | C10: 1 | E10: 1 | F10: Kiwanga | G10: Kla, Ug | H10: 1 | J10: Kla | K10: Kla, Ug | L10: 2 | N10: Blank | O10: Blank | P10: Yes | Q10: 2000
B11: AM | E11: 1 | F11: Bukoto | G11: Kla, Ug | H11: 3 | J11: Kla | K11: Kla, Ug | L11: 1 | N11: Blank | O11: Blank
B12: AM
B13: AM
B14: AM
B15: AM
B16: AM
B17: AM
B18: AM
B19: AM
B20: AM
B21: AM
B22: AM
B23: AM
... B53: AM

Sheet Summary
B2: BUS OPERATIONS AT RUKUNGIRI
D4: BUS JOURNEY | J4: PASSENGER DETAILS
B5: STATION | C5: DIRECTION | D5: ORIGIN | E5: DESTINATION | F5: ROUTE ID | G5: BUS TRIPS / DAY | H5: JOURNEY DISTANCE (KM) | I5: JOURNEY TIME/ TRIP (HRS) | J5: EST. PAX/ BUS | K5: AVERAGE PAX FARE (UGX)
B6: RUKUNGIRI | C6: FROM KAMPALA | D6: KAMPALA | E6: RUKUNGIRI | F6: =D6&"-"&E6 -> KAMPALA-RUKUNGIRI | G6: =ROUNDUP(COUNTIF('PT-18'!$L$9:$L$233,Summary!F6),0) -> 4 | H6: 331 | I6: =AVERAGEIF('PT-18'!$L$9:$L$233,Summary!F6,'PT-18'!$O$9:$O$233) -> 5.5 | J6: =AVERAGEIF('PT-18'!$L$9:$L$233,Summary!F6,'PT-18'!$M$9:$M$233) -> 26.25 | K6: =AVERAGEIF('PT-18'!$L$9:$L$233,Summary!F6,'PT-18'!$N$9:$N$233) -> 25000
B7: RUKUNGIRI | C7: TO KAMPALA | D7: RUKUNGIRI | E7: KAMPALA | F7: =D7&"-"&E7 -> RUKUNGIRI-KAMPALA | G7: =ROUNDUP(COUNTIF('PT-18'!$L$9:$L$233,Summary!F7),0) -> 5 | H7: 331 | I7: =AVERAGEIF('PT-18'!$L$9:$L$233,Summary!F7,'PT-18'!$O$9:$O$233) -> 5.5 | J7: =AVERAGEIF('PT-18'!$L$9:$L$233,Summary!F7,'PT-18'!$M$9:$M$233) -> 16.4 | K7: =AVERAGEIF('PT-18'!$L$9:$L$233,Summary!F7,'PT-18'!$N$9:$N$233) -> 25000
B8: RUKUNGIRI | C8: TO RUKUNGIRI | D8: KABALE | E8: RUKUNGIRI | F8: =D8&"-"&E8 -> KABALE-RUKUNGIRI | G8: =ROUNDUP(COUNTIF('PT-18'!$L$9:$L$233,Summary!F8),0) -> 1 | H8: 127 | I8: =AVERAGEIF('PT-18'!$L$9:$L$233,Summary!F8,'PT-18'!$O$9:$O$233) -> 2.5 | J8: =AVERAGEIF('PT-18'!$L$9:$L$233,Summary!F8,'PT-18'!$M$9:$M$233) -> 3 | K8: =AVERAGEIF('PT-18'!$L$9:$L$233,Summary!F8,'PT-18'!$N$9:$N$233) -> 15000
B9: RUKUNGIRI | C9: TO RUKUNGIRI | D9: NTUNGAMO | E9: RUKUNGIRI | F9: =D9&"-"&E9 -> NTUNGAMO-RUKUNGIRI | G9: =ROUNDUP(COUNTIF('PT-18'!$L$9:$L$233,Summary!F9),0) -> 2 | H9: 50 | I9: =AVERAGEIF('PT-18'!$L$9:$L$233,Summary!F9,'PT-18'!$O$9:$O$233) -> 1 | J9: =AVERAGEIF('PT-18'!$L$9:$L$233,Summary!F9,'PT-18'!$M$9:$M$233) -> 6 | K9: =AVERAGEIF('PT-18'!$L$9:$L$233,Summary!F9,'PT-18'!$N$9:$N$233) -> 6000
B10: RUKUNGIRI | C10: FROM RUKUNGIRI | D10: RUKUNGIRI | E10: MBARARA | F10: =D10&"-"&E10 -> RUKUNGIRI-MBARARA | G10: =ROUNDUP(COUNTIF('PT-18'!$L$9:$L$233,Summary!F10),0) -> 2 | H10: 115 | I10: =AVERAGEIF('PT-18'!$L$9:$L$233,Summary!F10,'PT-18'!$O$9:$O$233) -> 2.25 | J10: =AVERAGEIF('PT-18'!$L$9:$L$233,Summary!F10,'PT-18'!$M$9:$M$233) -> 4.5 | K10: =AVERAGEIF('PT-18'!$L$9:$L$233,Summary!F10,'PT-18'!$N$9:$N$233) -> 12500

Sheet Key
B1: Vehicle Type
A2: 1 | B2: Car
A3: 2 | B3: Station Wagon
A4: 3 | B4: Pickups
A5: 4 | B5: Minibus, matatu
A6: 5 | B6: Medium bus
A7: 6 | B7: Large Bus
A8: 7 | B8: Light Truck
A9: 8 | B9: Medium Truck
A10: 9 | B10: Heavy truck
A11: 10 | B11: Truck Trailer
A12: 11 | B12: Motor cycles
A13: 12 | B13: Tractors
