Workbook

Sheet JT data
B2: Consultancy services for Preparation of Expressway Development Master Plan (EDMP) for Uganda
B3: JOURNEY TIME TRAFFIC SURVEY (October 2019) | CR3: NOTE: 5 graphs to be plotted also for JT18, JT20, JT21, JT23, JT24, JT30
Y4: From Kampala | AB4: Towards Kampala | AE4: From Kampala | AH4: Towards Kampala | AK4: From Kampala | AL4: Twds Kampala | CR4: The remainder, only 3 graphs are adequate
E5: Timing Points | G5: Distance Km | H5: AM (0700-1000) | K5: IP (1000-1600) | N5: PM (1600-2000) | Y5: Average Journey Time (min) | AB5: Average Journey Time (min) | AE5: Average Journey Time/Km (min/Km) | AH5: Average Journey Time/Km (min/Km) | AK5: Max JT/Km | AL5: Max JT/Km
B6: Ref | C6: Route | D6: Pass | E6: From | F6: To | H6: Start Time | I6: Arrival Time | J6: J/Time (min) | K6: Start Time | L6: Arrival Time | M6: J/Time (min) | N6: Start Time | O6: Arrival Time | P6: J/Time (min) | W6: Road Condition | X6: Distance (Km) | Y6: AM | Z6: IP | AA6: PM | AB6: AM | AC6: IP | AD6: PM | AE6: AM | AF6: IP | AG6: PM | AH6: AM | AI6: IP | AJ6: PM | AK6: From Kampala | AL6: Twds Kampala
B7: JT1 | C7: Kampala - Jinja | D7: 1 | E7: Spear Junction | F7: Bweyogerere | G7: 5.6 | H7: 0.29861111 | I7: 0.30902778 | J7: 15 | K7: 0.47430556 | L7: 0.48402778 | M7: 14 | N7: 0.66875 | O7: 0.68125 | P7: 18 | R7: JT1 | S7: Kampala - Jinja | T7: Spear Junction | U7: Bweyogerere | V7: =T7&"-"&U7 -> Spear Junction-Bweyogerere | W7: Tarmac-good | X7: =G7 -> 5.6 | Y7: =AVERAGE(J7:J9) -> 16.666667 | Z7: =AVERAGE(M7:M9) -> 13.666667 | AA7: =AVERAGE(P7:P9) -> 21 | AB7: =AVERAGE(J10:J12) -> 17 | AC7: =AVERAGE(M10:M12) -> 13.333333 | AD7: =AVERAGE(P10:P12) -> 15.333333 | AE7: =Y7/$X7 -> 2.9761905 | AF7: =Z7/$X7 -> 2.4404762 | AG7: =AA7/$X7 -> 3.75 | AH7: =AB7/$X7 -> 3.0357143 | AI7: =AC7/$X7 -> 2.3809524 | AJ7: =AD7/$X7 -> 2.7380952 | AK7: =MAX(AE7:AG7) -> 3.75 | AL7: =MAX(AH7:AJ7) -> 3.0357143 | AM7: =$X7/(AVERAGE(Y7,AB7)/60) -> 19.960396 | AN7: =$X7/(AVERAGE(Z7,AC7)/60) -> 24.888889 | AO7: =$X7/(AVERAGE(AA7,AD7)/60) -> 18.495413
D8: 2 | E8: Spear Junction | F8: Bweyogerere | G8: 5.6 | H8: 0.36944444 | I8: 0.38333333 | J8: 20 | K8: 0.61875 | L8: 0.62847222 | M8: 14 | N8: 0.70833333 | O8: 0.72222222 | P8: 20 | T8: Bweyogerere | U8: Mukono | V8: =T8&"-"&U8 -> Bweyogerere-Mukono | W8: Tarmac-good | X8: =G13 -> 11 | Y8: =AVERAGE(J13:J15) -> 24.666667 | Z8: =AVERAGE(M13:M15) -> 28.666667 | AA8: =AVERAGE(P13:P15) -> 37.666667 | AB8: =AVERAGE(J16:J18) -> 40.333333 | AC8: =AVERAGE(M16:M18) -> 34 | AD8: =AVERAGE(P16:P18) -> 40.666667 | AE8: =Y8/$X8 -> 2.2424242 | AF8: =Z8/$X8 -> 2.6060606 | AG8: =AA8/$X8 -> 3.4242424 | AH8: =AB8/$X8 -> 3.6666667 | AI8: =AC8/$X8 -> 3.0909091 | AJ8: =AD8/$X8 -> 3.6969697 | AK8: =MAX(AE8:AG8) -> 3.4242424 | AL8: =MAX(AH8:AJ8) -> 3.6969697
D9: 3 | E9: Spear Junction | F9: Bweyogerere | G9: 5.6 | H9: 0.32361111 | I9: 0.33402778 | J9: 15 | K9: 0.44097222 | L9: 0.45 | M9: 13 | N9: 0.6875 | O9: 0.70486111 | P9: 25 | T9: Mukono | U9: Lugazi | V9: =T9&"-"&U9 -> Mukono-Lugazi | W9: Tarmac-good | X9: =G19 -> 24 | Y9: =AVERAGE(J19:J21) -> 33.333333 | Z9: =AVERAGE(M19:M21) -> 34.333333 | AA9: =AVERAGE(P19:P21) -> 36 | AB9: =AVERAGE(J22:J24) -> 34.666667 | AC9: =AVERAGE(M22:M24) -> 37.666667 | AD9: =AVERAGE(P22:P24) -> 40 | AE9: =Y9/$X9 -> 1.3888889 | AF9: =Z9/$X9 -> 1.4305556 | AG9: =AA9/$X9 -> 1.5 | AH9: =AB9/$X9 -> 1.4444444 | AI9: =AC9/$X9 -> 1.5694444 | AJ9: =AD9/$X9 -> 1.6666667 | AK9: =MAX(AE9:AG9) -> 1.5 | AL9: =MAX(AH9:AJ9) -> 1.6666667
D10: 1 | E10: Bweyogerere | F10: Spear Junction | G10: 5.6 | H10: 0.37083333 | I10: 0.33958333 | J10: 15 | K10: 0.47430556 | L10: 0.48263889 | M10: 12 | N10: 0.70833333 | O10: 0.71944444 | P10: 16 | T10: Lugazi | U10: Jinja Java House | V10: =T10&"-"&U10 -> Lugazi-Jinja Java House | W10: Tarmac-good | X10: =G25 -> 37 | Y10: =AVERAGE(J25:J27) -> 39 | Z10: =AVERAGE(M25:M27) -> 39.333333 | AA10: =AVERAGE(P25:P27) -> 46 | AB10: =AVERAGE(J28:J30) -> 36 | AC10: =AVERAGE(M28:M30) -> 38 | AD10: =AVERAGE(P28:P30) -> 41 | AE10: =Y10/$X10 -> 1.0540541 | AF10: =Z10/$X10 -> 1.0630631 | AG10: =AA10/$X10 -> 1.2432432 | AH10: =AB10/$X10 -> 0.97297297 | AI10: =AC10/$X10 -> 1.027027 | AJ10: =AD10/$X10 -> 1.1081081 | AK10: =MAX(AE10:AG10) -> 1.2432432 | AL10: =MAX(AH10:AJ10) -> 1.1081081
D11: 2 | E11: Bweyogerere | F11: Spear Junction | G11: 5.6 | H11: 0.32291667 | I11: 0.33541667 | J11: 18 | K11: 0.61875 | L11: 0.62847222 | M11: 14 | N11: 0.75 | O11: 0.76041667 | P11: 15 | T11: Spear Junction | U11: Jinja Java House | V11: =T11&"-"&U11 -> Spear Junction-Jinja Java House | W11: Tarmac-good | X11: =SUM(X7:X10) -> 77.6 | Y11: =SUM(Y7:Y10) -> 113.66667 | Z11: =SUM(Z7:Z10) -> 116 | AA11: =SUM(AA7:AA10) -> 140.66667 | AB11: =SUM(AB7:AB10) -> 128 | AC11: =SUM(AC7:AC10) -> 123 | AD11: =SUM(AD7:AD10) -> 137 | AE11: =Y11/$X11 -> 1.4647766 | AF11: =Z11/$X11 -> 1.4948454 | AG11: =AA11/$X11 -> 1.8127148 | AH11: =AB11/$X11 -> 1.6494845 | AI11: =AC11/$X11 -> 1.5850515 | AJ11: =AD11/$X11 -> 1.7654639 | AK11: =MAX(AE11:AG11) -> 1.8127148 | AL11: =MAX(AH11:AJ11) -> 1.7654639
D12: 3 | E12: Bweyogerere | F12: Spear Junction | G12: 5.6 | H12: 0.32361111 | I12: 0.33611111 | J12: 18 | K12: 0.44097222 | L12: 0.45069444 | M12: 14 | N12: 0.68055556 | O12: 0.69097222 | P12: 15 | R12: JT2 | S12: Jinja - Tororo - Mbale | T12: Jinja Java House | U12: Iganga | V12: =T12&"-"&U12 -> Jinja Java House-Iganga | W12: Tarmac-good | X12: =G31 -> 40 | Y12: =AVERAGE(J31:J33) -> 45 | Z12: =AVERAGE(M31:M33) -> 47.333333 | AA12: =AVERAGE(P31:P33) -> 48.333333 | AB12: =AVERAGE(J34:J36) -> 45 | AC12: =AVERAGE(M34:M36) -> 48.333333 | AD12: =AVERAGE(P34:P36) -> 48.333333 | AE12: =Y12/$X12 -> 1.125 | AF12: =Z12/$X12 -> 1.1833333 | AG12: =AA12/$X12 -> 1.2083333 | AH12: =AB12/$X12 -> 1.125 | AI12: =AC12/$X12 -> 1.2083333 | AJ12: =AD12/$X12 -> 1.2083333 | AK12: =MAX(AE12:AG12) -> 1.2083333 | AL12: =MAX(AH12:AJ12) -> 1.2083333
D13: 1 | E13: Bweyogerere | F13: Mukono | G13: 11 | H13: 0.32430556 | I13: 0.34166667 | J13: 25 | K13: 0.47638889 | L13: 0.49583333 | M13: 28 | N13: 0.70972222 | O13: 0.73402778 | P13: 35 | T13: Iganga | U13: Bugiri | V13: =T13&"-"&U13 -> Iganga-Bugiri | W13: Tarmac-good | X13: =G37 -> 34 | Y13: =AVERAGE(J37:J39) -> 41 | Z13: =AVERAGE(M37:M39) -> 41.666667 | AA13: =AVERAGE(P37:P39) -> 42 | AB13: =AVERAGE(J40:J42) -> 42 | AC13: =AVERAGE(M40:M42) -> 41 | AD13: =AVERAGE(P40:P42) -> 41 | AE13: =Y13/$X13 -> 1.2058824 | AF13: =Z13/$X13 -> 1.2254902 | AG13: =AA13/$X13 -> 1.2352941 | AH13: =AB13/$X13 -> 1.2352941 | AI13: =AC13/$X13 -> 1.2058824 | AJ13: =AD13/$X13 -> 1.2058824 | AK13: =MAX(AE13:AG13) -> 1.2352941 | AL13: =MAX(AH13:AJ13) -> 1.2352941
D14: 2 | E14: Bweyogerere | F14: Mukono | G14: 11 | H14: 0.35625 | I14: 0.37291667 | J14: 24 | K14: 0.61944444 | L14: 0.64027778 | M14: 30 | N14: 0.75416667 | O14: 0.78194444 | P14: 40 | T14: Bugiri | U14: Busia | V14: =T14&"-"&U14 -> Bugiri-Busia | W14: Tarmac-good | X14: =G43 -> 45 | Y14: =AVERAGE(J43:J45) -> 47 | Z14: =AVERAGE(M43:M45) -> 46.666667 | AA14: =AVERAGE(P43:P45) -> 47 | AB14: =AVERAGE(J46:J48) -> 47 | AC14: =AVERAGE(M46:M48) -> 46.666667 | AD14: =AVERAGE(P46:P48) -> 47 | AE14: =Y14/$X14 -> 1.0444444 | AF14: =Z14/$X14 -> 1.037037 | AG14: =AA14/$X14 -> 1.0444444 | AH14: =AB14/$X14 -> 1.0444444 | AI14: =AC14/$X14 -> 1.037037 | AJ14: =AD14/$X14 -> 1.0444444 | AK14: =MAX(AE14:AG14) -> 1.0444444 | AL14: =MAX(AH14:AJ14) -> 1.0444444
D15: 3 | E15: Bweyogerere | F15: Mukono | G15: 11 | H15: 0.30555556 | I15: 0.32986111 | J15: 25 | K15: 0.44166667 | L15: 0.46111111 | M15: 28 | N15: 0.68125 | O15: 0.70694444 | P15: 38 | T15: Busia | U15: Tororo | V15: =T15&"-"&U15 -> Busia-Tororo | W15: Tarmac-good | X15: =G49 -> 48 | Y15: =AVERAGE(J49:J51) -> 52 | Z15: =AVERAGE(M49:M51) -> 52 | AA15: =AVERAGE(P49:P51) -> 52 | AB15: =AVERAGE(J52:J54) -> 52 | AC15: =AVERAGE(M52:M54) -> 52 | AD15: =AVERAGE(P52:P54) -> 52 | AE15: =Y15/$X15 -> 1.0833333 | AF15: =Z15/$X15 -> 1.0833333 | AG15: =AA15/$X15 -> 1.0833333 | AH15: =AB15/$X15 -> 1.0833333 | AI15: =AC15/$X15 -> 1.0833333 | AJ15: =AD15/$X15 -> 1.0833333 | AK15: =MAX(AE15:AG15) -> 1.0833333 | AL15: =MAX(AH15:AJ15) -> 1.0833333
D16: 1 | E16: Mukono | F16: Bweyogerere | G16: 11 | H16: 0.32430556 | I16: 0.34930556 | J16: 36 | K16: 0.47569444 | L16: 0.49791667 | M16: 32 | N16: 0.71041667 | O16: 0.7375 | P16: 39 | T16: Tororo | U16: Mbale | V16: =T16&"-"&U16 -> Tororo-Mbale | W16: Tarmac-good | X16: =G55 -> 51 | Y16: =AVERAGE(J55:J57) -> 61 | Z16: =AVERAGE(M55:M57) -> 61 | AA16: =AVERAGE(P55:P57) -> 61 | AB16: =AVERAGE(J58:J60) -> 60 | AC16: =AVERAGE(M58:M60) -> 61 | AD16: =AVERAGE(P58:P60) -> 61 | AE16: =Y16/$X16 -> 1.1960784 | AF16: =Z16/$X16 -> 1.1960784 | AG16: =AA16/$X16 -> 1.1960784 | AH16: =AB16/$X16 -> 1.1764706 | AI16: =AC16/$X16 -> 1.1960784 | AJ16: =AD16/$X16 -> 1.1960784 | AK16: =MAX(AE16:AG16) -> 1.1960784 | AL16: =MAX(AH16:AJ16) -> 1.1960784
D17: 2 | E17: Mukono | F17: Bweyogerere | G17: 11 | H17: 0.31875 | I17: 0.34791667 | J17: 42 | K17: 0.61944444 | L17: 0.64513889 | M17: 37 | N17: 0.75555556 | O17: 0.78541667 | P17: 43 | T17: Jinja Java House | U17: Mbale | V17: =T17&"-"&U17 -> Jinja Java House-Mbale | W17: Tarmac-good | X17: =SUM(X12:X16) -> 218 | Y17: =SUM(Y12:Y16) -> 246 | Z17: =SUM(Z12:Z16) -> 248.66667 | AA17: =SUM(AA12:AA16) -> 250.33333 | AB17: =SUM(AB12:AB16) -> 246 | AC17: =SUM(AC12:AC16) -> 249 | AD17: =SUM(AD12:AD16) -> 249.33333 | AE17: =Y17/$X17 -> 1.1284404 | AF17: =Z17/$X17 -> 1.1406728 | AG17: =AA17/$X17 -> 1.148318 | AH17: =AB17/$X17 -> 1.1284404 | AI17: =AC17/$X17 -> 1.1422018 | AJ17: =AD17/$X17 -> 1.1437309 | AK17: =MAX(AE17:AG17) -> 1.148318 | AL17: =MAX(AH17:AJ17) -> 1.1437309
D18: 3 | E18: Mukono | F18: Bweyogerere | G18: 11 | H18: 0.30625 | I18: 0.33611111 | J18: 43 | K18: 0.44166667 | L18: 0.46458333 | M18: 33 | N18: 0.68194444 | O18: 0.70972222 | P18: 40 | R18: JT3 | S18: Jinja - Kamuli - Bukungu | T18: Jinja | U18: Buwenge | V18: =T18&"-"&U18 -> Jinja-Buwenge | W18: Tarmac-good | X18: =G61 -> 28 | Y18: =AVERAGE(J61:J63) -> 33.666667 | Z18: =AVERAGE(M61:M63) -> 34 | AA18: =AVERAGE(P61:P63) -> 33 | AB18: =AVERAGE(J64:J66) -> 36 | AC18: =AVERAGE(M64:M66) -> 35 | AD18: =AVERAGE(P64:P66) -> 34 | AE18: =Y18/$X18 -> 1.202381 | AF18: =Z18/$X18 -> 1.2142857 | AG18: =AA18/$X18 -> 1.1785714 | AH18: =AB18/$X18 -> 1.2857143 | AI18: =AC18/$X18 -> 1.25 | AJ18: =AD18/$X18 -> 1.2142857 | AK18: =MAX(AE18:AG18) -> 1.2142857 | AL18: =MAX(AH18:AJ18) -> 1.2857143
D19: 1 | E19: Mukono | F19: Lugazi | G19: 24 | H19: 0.325 | I19: 0.34791667 | J19: 33 | K19: 0.61944444 | L19: 0.64375 | M19: 35 | N19: 0.79166667 | O19: 0.81666667 | P19: 36 | T19: Buwenge | U19: Kamuli | V19: =T19&"-"&U19 -> Buwenge-Kamuli | W19: Tarmac-good | X19: =G67 -> 36 | Y19: =AVERAGE(J67:J69) -> 36.666667 | Z19: =AVERAGE(M67:M69) -> 37 | AA19: =AVERAGE(P70:P72) -> 37 | AB19: =AVERAGE(J67:J69) -> 36.666667 | AC19: =AVERAGE(M67:M69) -> 37 | AD19: =AVERAGE(P67:P69) -> 38 | AE19: =Y19/$X19 -> 1.0185185 | AF19: =Z19/$X19 -> 1.0277778 | AG19: =AA19/$X19 -> 1.0277778 | AH19: =AB19/$X19 -> 1.0185185 | AI19: =AC19/$X19 -> 1.0277778 | AJ19: =AD19/$X19 -> 1.0555556 | AK19: =MAX(AE19:AG19) -> 1.0277778 | AL19: =MAX(AH19:AJ19) -> 1.0555556
D20: 2 | E20: Mukono | F20: Lugazi | G20: 24 | H20: 0.35763889 | I20: 0.38055556 | J20: 33 | K20: 0.44236111 | L20: 0.46597222 | M20: 34 | N20: 0.79513889 | O20: 0.82013889 | P20: 36 | T20: Kamuli | U20: Bukungu | V20: =T20&"-"&U20 -> Kamuli-Bukungu | W20: Gravel | X20: =G73 -> 68 | Y20: =AVERAGE(J73:J75) -> 82.666667 | Z20: =AVERAGE(M73:M75) -> 83 | AA20: =AVERAGE(P73:P75) -> 83 | AB20: =AVERAGE(J76:J78) -> 82.333333 | AC20: =AVERAGE(M76:M78) -> 82.666667 | AD20: =AVERAGE(P76:P78) -> 83 | AE20: =Y20/$X20 -> 1.2156863 | AF20: =Z20/$X20 -> 1.2205882 | AG20: =AA20/$X20 -> 1.2205882 | AH20: =AB20/$X20 -> 1.2107843 | AI20: =AC20/$X20 -> 1.2156863 | AJ20: =AD20/$X20 -> 1.2205882 | AK20: =MAX(AE20:AG20) -> 1.2205882 | AL20: =MAX(AH20:AJ20) -> 1.2205882
D21: 3 | E21: Mukono | F21: Lugazi | G21: 24 | H21: 0.38541667 | I21: 0.40902778 | J21: 34 | K21: 0.5 | L21: 0.52361111 | M21: 34 | N21: 0.75 | O21: 0.775 | P21: 36 | T21: Jinja | U21: Bukungu | V21: =T21&"-"&U21 -> Jinja-Bukungu | W21: Tarmac/Gravel | X21: =SUM(X18:X20) -> 132 | Y21: =SUM(Y18:Y20) -> 153 | Z21: =SUM(Z18:Z20) -> 154 | AA21: =SUM(AA18:AA20) -> 153 | AB21: =SUM(AB18:AB20) -> 155 | AC21: =SUM(AC18:AC20) -> 154.66667 | AD21: =SUM(AD18:AD20) -> 155 | AE21: =Y21/$X21 -> 1.1590909 | AF21: =Z21/$X21 -> 1.1666667 | AG21: =AA21/$X21 -> 1.1590909 | AH21: =AB21/$X21 -> 1.1742424 | AI21: =AC21/$X21 -> 1.1717172 | AJ21: =AD21/$X21 -> 1.1742424 | AK21: =MAX(AE21:AG21) -> 1.1666667 | AL21: =MAX(AH21:AJ21) -> 1.1742424
D22: 1 | E22: Lugazi | F22: Mukono | G22: 24 | H22: 0.32569444 | I22: 0.35 | J22: 35 | K22: 0.61944444 | L22: 0.64583333 | M22: 38 | N22: 0.75694444 | O22: 0.78472222 | P22: 40 | V22: =T22&"-"&U22 -> - | X22: =SUM(X18:X21) -> 264
D23: 2 | E23: Lugazi | F23: Mukono | G23: 24 | H23: 0.31944444 | I23: 0.34305556 | J23: 34 | K23: 0.44305556 | L23: 0.46875 | M23: 37 | N23: 0.79166667 | O23: 0.81944444 | P23: 40
D24: 3 | E24: Lugazi | F24: Mukono | G24: 24 | H24: 0.36111111 | I24: 0.34375 | J24: 35 | K24: 0.50138889 | L24: 0.52777778 | M24: 38 | N24: 0.70833333 | O24: 0.73611111 | P24: 40
D25: 1 | E25: Lugazi | F25: Jinja Java House | G25: 37 | H25: 0.32638889 | I25: 0.35347222 | J25: 39 | K25: 0.62291667 | L25: 0.65208333 | M25: 42 | N25: 0.6875 | O25: 0.71944444 | P25: 46 | R25: JT18 | S25: Northern Bypass - Entebbe (Old) | T25: Busega | U25: Kibuye | V25: =T25&"-"&U25 -> Busega-Kibuye | W25: Tarmac-good | X25: =G319 -> 7.2 | Y25: =AVERAGE(J319:J321) -> 23 | Z25: =AVERAGE(M319:M321) -> 29 | AA25: =AVERAGE(P319:P321) -> 25 | AB25: =AVERAGE(J322:J324) -> 19.333333 | AC25: =AVERAGE(M322:M324) -> 18.666667 | AD25: =AVERAGE(P322:P324) -> 29 | AE25: =Y25/$X25 -> 3.1944444 | AF25: =Z25/$X25 -> 4.0277778 | AG25: =AA25/$X25 -> 3.4722222 | AH25: =AB25/$X25 -> 2.6851852 | AI25: =AC25/$X25 -> 2.5925926 | AJ25: =AD25/$X25 -> 4.0277778
D26: 2 | E26: Lugazi | F26: Jinja Java House | G26: 37 | H26: 0.32013889 | I26: 0.34722222 | J26: 39 | K26: 0.44305556 | L26: 0.46944444 | M26: 38 | N26: 0.68055556 | O26: 0.7125 | P26: 46 | T26: Kibuye | U26: Zzana | V26: =T26&"-"&U26 -> Kibuye-Zzana | W26: Tarmac-good | X26: =G325 -> 5.1 | Y26: =AVERAGE(J325:J327) -> 10.333333 | Z26: =AVERAGE(M325:M327) -> 10.666667 | AA26: =AVERAGE(P325:P327) -> 13 | AB26: =AVERAGE(J328:J330) -> 25.333333 | AC26: =AVERAGE(M328:M330) -> 15.666667 | AD26: =AVERAGE(P328:P330) -> 12 | AE26: =Y26/$X26 -> 2.0261438 | AF26: =Z26/$X26 -> 2.0915033 | AG26: =AA26/$X26 -> 2.5490196 | AH26: =AB26/$X26 -> 4.9673203 | AI26: =AC26/$X26 -> 3.0718954 | AJ26: =AD26/$X26 -> 2.3529412
D27: 3 | E27: Lugazi | F27: Jinja Java House | G27: 37 | H27: 0.38611111 | I27: 0.41319444 | J27: 39 | K27: 0.50208333 | L27: 0.52847222 | M27: 38 | N27: 0.66666667 | O27: 0.69861111 | P27: 46 | T27: Zzana | U27: Kajjansi | V27: =T27&"-"&U27 -> Zzana-Kajjansi | W27: Tarmac-good | X27: =G331 -> 5.8 | Y27: =AVERAGE(J331:J333) -> 11.666667 | Z27: =AVERAGE(M331:M333) -> 12 | AA27: =AVERAGE(P331:P333) -> 11 | AB27: =AVERAGE(J334:J336) -> 13.666667 | AC27: =AVERAGE(M334:M336) -> 12 | AD27: =AVERAGE(P334:P336) -> 12 | AE27: =Y27/$X27 -> 2.0114943 | AF27: =Z27/$X27 -> 2.0689655 | AG27: =AA27/$X27 -> 1.8965517 | AH27: =AB27/$X27 -> 2.3563218 | AI27: =AC27/$X27 -> 2.0689655 | AJ27: =AD27/$X27 -> 2.0689655
D28: 1 | E28: Jinja Java House | F28: Lugazi | G28: 37 | H28: 0.32638889 | I28: 0.35138889 | J28: 36 | K28: 0.62291667 | L28: 0.65138889 | M28: 38 | N28: 0.71527778 | O28: 0.74375 | P28: 41 | T28: Kajjansi | U28: Mpala | V28: =T28&"-"&U28 -> Kajjansi-Mpala | W28: Tarmac-good | X28: =G337 -> 14 | Y28: =AVERAGE(J337:J339) -> 21.666667 | Z28: =AVERAGE(M337:M339) -> 20.333333 | AA28: =AVERAGE(P337:P339) -> 23 | AB28: =AVERAGE(J340:J342) -> 22 | AC28: =AVERAGE(M340:M342) -> 25 | AD28: =AVERAGE(P340:P342) -> 28 | AE28: =Y28/$X28 -> 1.547619 | AF28: =Z28/$X28 -> 1.452381 | AG28: =AA28/$X28 -> 1.6428571 | AH28: =AB28/$X28 -> 1.5714286 | AI28: =AC28/$X28 -> 1.7857143 | AJ28: =AD28/$X28 -> 2
D29: 2 | E29: Jinja Java House | F29: Lugazi | G29: 37 | H29: 0.32013889 | I29: 0.34513889 | J29: 36 | K29: 0.44375 | L29: 0.47013889 | M29: 38 | N29: 0.6875 | O29: 0.71597222 | P29: 41 | T29: Mpala | U29: Entebbe Kitooro | V29: =T29&"-"&U29 -> Mpala-Entebbe Kitooro | W29: Tarmac-good | X29: =G343 -> 7.9 | Y29: =AVERAGE(J343:J345) -> 13.666667 | Z29: =AVERAGE(M343:M345) -> 10 | AA29: =AVERAGE(P343:P345) -> 13 | AB29: =AVERAGE(J346:J348) -> 15 | AC29: =AVERAGE(M346:M348) -> 13 | AD29: =AVERAGE(P346:P348) -> 17 | AE29: =Y29/$X29 -> 1.7299578 | AF29: =Z29/$X29 -> 1.2658228 | AG29: =AA29/$X29 -> 1.6455696 | AH29: =AB29/$X29 -> 1.8987342 | AI29: =AC29/$X29 -> 1.6455696 | AJ29: =AD29/$X29 -> 2.1518987
D30: 3 | E30: Jinja Java House | F30: Lugazi | G30: 37 | H30: 0.38680556 | I30: 0.41180556 | J30: 36 | K30: 0.50208333 | L30: 0.52847222 | M30: 38 | N30: 0.7 | O30: 0.72430556 | P30: 41 | T30: Busega | U30: Entebbe Kitooro | V30: =T30&"-"&U30 -> Busega-Entebbe Kitooro | W30: Tarmac-good | X30: =SUM(X25:X29) -> 40 | Y30: =SUM(Y25:Y29) -> 80.333333 | Z30: =SUM(Z25:Z29) -> 82 | AA30: =SUM(AA25:AA29) -> 85 | AB30: =SUM(AB25:AB29) -> 95.333333 | AC30: =SUM(AC25:AC29) -> 84.333333 | AD30: =SUM(AD25:AD29) -> 98 | AE30: =Y30/$X30 -> 2.0083333 | AF30: =Z30/$X30 -> 2.05 | AG30: =AA30/$X30 -> 2.125 | AH30: =AB30/$X30 -> 2.3833333 | AI30: =AC30/$X30 -> 2.1083333 | AJ30: =AD30/$X30 -> 2.45
B31: JT2 | C31: Jinja - Tororo - Mbale | D31: 1 | E31: Jinja Java House | F31: Iganga | G31: 40 | H31: 0.32708333 | I31: 0.35833333 | J31: 45 | K31: 0.625 | L31: 0.65833333 | M31: 48 | N31: 0.76388889 | O31: 0.79861111 | P31: 50 | R31: JT19 | S31: Northern Bypass - Entebbe (KEE) | T31: Busega | U31: Kajjansi | V31: =T31&"-"&U31 -> Busega-Kajjansi | W31: Tarmac-good | X31: =G350 -> 12 | Y31: =AVERAGE(J350:J352) -> 12.666667 | Z31: =AVERAGE(M350:M352) -> 15 | AA31: =AVERAGE(P350:P352) -> 11 | AB31: =AVERAGE(J352:J354) -> 12.666667 | AC31: =AVERAGE(M352:M354) -> 15 | AD31: =AVERAGE(P352:P354) -> 11 | AE31: =Y31/$X31 -> 1.0555556 | AF31: =Z31/$X31 -> 1.25 | AG31: =AA31/$X31 -> 0.91666667 | AH31: =AB31/$X31 -> 1.0555556 | AI31: =AC31/$X31 -> 1.25 | AJ31: =AD31/$X31 -> 0.91666667
D32: 2 | E32: Jinja Java House | F32: Iganga | G32: 40 | H32: 0.32152778 | I32: 0.35277778 | J32: 45 | K32: 0.44375 | L32: 0.47638889 | M32: 47 | N32: 0.70972222 | O32: 0.74305556 | P32: 48 | T32: Kajjansi | U32: Mpala | V32: =T32&"-"&U32 -> Kajjansi-Mpala | W32: Tarmac-good | X32: =G356 -> 15 | Y32: =AVERAGE(J356:J358) -> 19 | Z32: =AVERAGE(M356:M358) -> 13 | AA32: =AVERAGE(P356:P358) -> 12.333333 | AB32: =AVERAGE(J358:J360) -> 12.666667 | AC32: =AVERAGE(M358:M360) -> 13 | AD32: =AVERAGE(P358:P360) -> 15 | AE32: =Y32/$X32 -> 1.2666667 | AF32: =Z32/$X32 -> 0.86666667 | AG32: =AA32/$X32 -> 0.82222222 | AH32: =AB32/$X32 -> 0.84444444 | AI32: =AC32/$X32 -> 0.86666667 | AJ32: =AD32/$X32 -> 1
D33: 3 | E33: Jinja Java House | F33: Iganga | G33: 40 | H33: 0.3875 | I33: 0.41875 | J33: 45 | K33: 0.50277778 | L33: 0.53541667 | M33: 47 | N33: 0.80555556 | O33: 0.83819444 | P33: 47 | T33: Mpala | U33: Entebbe Kitooro | V33: =T33&"-"&U33 -> Mpala-Entebbe Kitooro | W33: Tarmac-good | X33: =G362 -> 7.9 | Y33: =AVERAGE(J362:J364) -> 12 | Z33: =AVERAGE(M362:M364) -> 11 | AA33: =AVERAGE(P362:P364) -> 9.3333333 | AB33: =AVERAGE(J364:J366) -> 15 | AC33: =AVERAGE(M364:M366) -> 13 | AD33: =AVERAGE(P364:P366) -> 10 | AE33: =Y33/$X33 -> 1.5189873 | AF33: =Z33/$X33 -> 1.3924051 | AG33: =AA33/$X33 -> 1.1814346 | AH33: =AB33/$X33 -> 1.8987342 | AI33: =AC33/$X33 -> 1.6455696 | AJ33: =AD33/$X33 -> 1.2658228
D34: 1 | E34: Iganga | F34: Jinja Java House | G34: 40 | H34: 0.32708333 | I34: 0.35833333 | J34: 45 | K34: 0.625 | L34: 0.65763889 | M34: 47 | N34: 0.76458333 | O34: 0.79722222 | P34: 47 | T34: Busega | U34: Entebbe Kitooro | V34: =T34&"-"&U34 -> Busega-Entebbe Kitooro | W34: Tarmac-good | X34: =SUM(X31:X33) -> 34.9 | Y34: =SUM(Y31:Y33) -> 43.666667 | Z34: =SUM(Z31:Z33) -> 39 | AA34: =SUM(AA31:AA33) -> 32.666667 | AB34: =SUM(AB31:AB33) -> 40.333333 | AC34: =SUM(AC31:AC33) -> 41 | AD34: =SUM(AD31:AD33) -> 36 | AE34: =Y34/$X34 -> 1.2511939 | AF34: =Z34/$X34 -> 1.1174785 | AG34: =AA34/$X34 -> 0.93600764 | AH34: =AB34/$X34 -> 1.1556829 | AI34: =AC34/$X34 -> 1.1747851 | AJ34: =AD34/$X34 -> 1.0315186
D35: 2 | E35: Iganga | F35: Jinja Java House | G35: 40 | H35: 0.32152778 | I35: 0.35277778 | J35: 45 | K35: 0.44375 | L35: 0.47777778 | M35: 49 | N35: 0.71180556 | O35: 0.74583333 | P35: 49 | R35: JT20 | S35: NBP - Luwero - Nakasongola - Kigumba - Karuma | T35: NBP | U35: Kawempe | V35: =T35&"-"&U35 -> NBP-Kawempe | W35: Tarmac-good | X35: =G368 -> 3.4 | Y35: =AVERAGE(J368:J370) -> 13.333333 | Z35: =AVERAGE(M368:M370) -> 13.333333 | AA35: =AVERAGE(P368:P370) -> 15.333333 | AB35: =AVERAGE(J370:J372) -> 15 | AC35: =AVERAGE(M370:M372) -> 15.333333 | AD35: =AVERAGE(P370:P372) -> 15.666667 | AE35: =Y35/$X35 -> 3.9215686 | AF35: =Z35/$X35 -> 3.9215686 | AG35: =AA35/$X35 -> 4.5098039 | AH35: =AB35/$X35 -> 4.4117647 | AI35: =AC35/$X35 -> 4.5098039 | AJ35: =AD35/$X35 -> 4.6078431
D36: 3 | E36: Iganga | F36: Jinja Java House | G36: 40 | H36: 0.38888889 | I36: 0.42013889 | J36: 45 | K36: 0.50277778 | L36: 0.53680556 | M36: 49 | N36: 0.80625 | O36: 0.84027778 | P36: 49 | T36: Kawempe | U36: Matugga | V36: =T36&"-"&U36 -> Kawempe-Matugga | W36: Tarmac-good | X36: =G374 -> 10 | Y36: =AVERAGE(J374:J376) -> 20 | Z36: =AVERAGE(M374:M376) -> 20.333333 | AA36: =AVERAGE(P374:P376) -> 21.666667 | AB36: =AVERAGE(J376:J378) -> 21.333333 | AC36: =AVERAGE(M376:M378) -> 23.333333 | AD36: =AVERAGE(P376:P378) -> 25 | AE36: =Y36/$X36 -> 2 | AF36: =Z36/$X36 -> 2.0333333 | AG36: =AA36/$X36 -> 2.1666667 | AH36: =AB36/$X36 -> 2.1333333 | AI36: =AC36/$X36 -> 2.3333333 | AJ36: =AD36/$X36 -> 2.5
D37: 1 | E37: Iganga | F37: Bugiri | G37: 34 | H37: 0.32777778 | I37: 0.35625 | J37: 41 | K37: 0.62569444 | L37: 0.65416667 | M37: 41 | N37: 0.76597222 | O37: 0.79513889 | P37: 42 | T37: Matugga | U37: Luweero | V37: =T37&"-"&U37 -> Matugga-Luweero | W37: Tarmac-good | X37: =G380 -> 45 | Y37: =AVERAGE(J380:J382) -> 50 | Z37: =AVERAGE(M380:M382) -> 50.666667 | AA37: =AVERAGE(P380:P382) -> 50.666667 | AB37: =AVERAGE(J382:J384) -> 52 | AC37: =AVERAGE(M382:M384) -> 52 | AD37: =AVERAGE(P382:P384) -> 52 | AE37: =Y37/$X37 -> 1.1111111 | AF37: =Z37/$X37 -> 1.1259259 | AG37: =AA37/$X37 -> 1.1259259 | AH37: =AB37/$X37 -> 1.1555556 | AI37: =AC37/$X37 -> 1.1555556 | AJ37: =AD37/$X37 -> 1.1555556
D38: 2 | E38: Iganga | F38: Bugiri | G38: 34 | H38: 0.32222222 | I38: 0.35069444 | J38: 41 | K38: 0.44444444 | L38: 0.47361111 | M38: 42 | N38: 0.7125 | O38: 0.74166667 | P38: 42 | T38: Luweero | U38: Nakasongola | V38: =T38&"-"&U38 -> Luweero-Nakasongola | X38: =G386 -> 47 | Y38: =AVERAGE(J386:J388) -> 36 | Z38: =AVERAGE(M386:M388) -> 36 | AA38: =AVERAGE(P386:P388) -> 36 | AB38: =AVERAGE(J388:J390) -> 36 | AC38: =AVERAGE(M388:M390) -> 36 | AD38: =AVERAGE(P388:P390) -> 36 | AE38: =Y38/$X38 -> 0.76595745 | AF38: =Z38/$X38 -> 0.76595745 | AG38: =AA38/$X38 -> 0.76595745 | AH38: =AB38/$X38 -> 0.76595745 | AI38: =AC38/$X38 -> 0.76595745 | AJ38: =AD38/$X38 -> 0.76595745
D39: 3 | E39: Iganga | F39: Bugiri | G39: 34 | H39: 0.38958333 | I39: 0.41805556 | J39: 41 | K39: 0.50347222 | L39: 0.53263889 | M39: 42 | N39: 0.80763889 | O39: 0.83680556 | P39: 42 | T39: Nakasongola | U39: Kigumba | V39: =T39&"-"&U39 -> Nakasongola-Kigumba | X39: =G392 -> 93 | Y39: =AVERAGE(J392:J394) -> 62.666667 | Z39: =AVERAGE(M392:M394) -> 62.666667 | AA39: =AVERAGE(P392:P394) -> 63 | AB39: =AVERAGE(J394:J396) -> 64 | AC39: =AVERAGE(M394:M396) -> 64 | AD39: =AVERAGE(P394:P396) -> 64.333333 | AE39: =Y39/$X39 -> 0.67383513 | AF39: =Z39/$X39 -> 0.67383513 | AG39: =AA39/$X39 -> 0.67741935 | AH39: =AB39/$X39 -> 0.68817204 | AI39: =AC39/$X39 -> 0.68817204 | AJ39: =AD39/$X39 -> 0.69175627
D40: 1 | E40: Bugiri | F40: Iganga | G40: 34 | H40: 0.32777778 | I40: 0.35694444 | J40: 42 | K40: 0.62638889 | L40: 0.65486111 | M40: 41 | N40: 0.76666667 | O40: 0.79513889 | P40: 41 | T40: Kigumba | U40: Karuma | V40: =T40&"-"&U40 -> Kigumba-Karuma | X40: =G398 -> 59 | Y40: =AVERAGE(J398:J400) -> 48.666667 | Z40: =AVERAGE(M398:M400) -> 48.333333 | AA40: =AVERAGE(P398:P400) -> 48.666667 | AB40: =AVERAGE(J400:J402) -> 50 | AC40: =AVERAGE(M400:M402) -> 50.333333 | AD40: =AVERAGE(P400:P402) -> 50 | AE40: =Y40/$X40 -> 0.82485876 | AF40: =Z40/$X40 -> 0.81920904 | AG40: =AA40/$X40 -> 0.82485876 | AH40: =AB40/$X40 -> 0.84745763 | AI40: =AC40/$X40 -> 0.85310734 | AJ40: =AD40/$X40 -> 0.84745763
D41: 2 | E41: Bugiri | F41: Iganga | G41: 34 | H41: 0.32222222 | I41: 0.35138889 | J41: 42 | K41: 0.44444444 | L41: 0.47291667 | M41: 41 | N41: 0.7125 | O41: 0.74097222 | P41: 41 | T41: NBP | U41: Karuma | V41: =T41&"-"&U41 -> NBP-Karuma | X41: =SUM(X35:X40) -> 257.4 | Y41: =SUM(Y35:Y40) -> 230.66667 | Z41: =SUM(Z35:Z40) -> 231.33333 | AA41: =SUM(AA35:AA40) -> 235.33333 | AB41: =SUM(AB35:AB40) -> 238.33333 | AC41: =SUM(AC35:AC40) -> 241 | AD41: =SUM(AD35:AD40) -> 243 | AE41: =Y41/$X41 -> 0.8961409 | AF41: =Z41/$X41 -> 0.8987309 | AG41: =AA41/$X41 -> 0.91427091 | AH41: =AB41/$X41 -> 0.92592593 | AI41: =AC41/$X41 -> 0.93628594 | AJ41: =AD41/$X41 -> 0.94405594
D42: 3 | E42: Bugiri | F42: Iganga | G42: 34 | H42: 0.39027778 | I42: 0.41805556 | J42: 42 | K42: 0.50416667 | L42: 0.53263889 | M42: 41 | N42: 0.80902778 | O42: 0.8375 | P42: 41 | R42: JT21 | S42: NBP - Matugga - Kapeeka | T42: NBP | U42: Matugga | V42: =T42&"-"&U42 -> NBP-Matugga | X42: =G404 -> 13 | Y42: =AVERAGE(J404:J406) -> 32 | Z42: =AVERAGE(M404:M406) -> 30.333333 | AA42: =AVERAGE(P404:P406) -> 35.666667 | AB42: =AVERAGE(J406:J408) -> 36 | AC42: =AVERAGE(M406:M408) -> 32.666667 | AD42: =AVERAGE(P406:P408) -> 36.666667 | AE42: =Y42/$X42 -> 2.4615385 | AF42: =Z42/$X42 -> 2.3333333 | AG42: =AA42/$X42 -> 2.7435897 | AH42: =AB42/$X42 -> 2.7692308 | AI42: =AC42/$X42 -> 2.5128205 | AJ42: =AD42/$X42 -> 2.8205128 | AM42: =$X42/(AVERAGE(Y42,AB42)/60) -> 22.941176 | AN42: =$X42/(AVERAGE(Z42,AC42)/60) -> 24.761905 | AO42: =$X42/(AVERAGE(AA42,AD42)/60) -> 21.56682
D43: 1 | E43: Bugiri | F43: Busia | G43: 45 | H43: 0.32916667 | I43: 0.36180556 | J43: 47 | K43: 0.62708333 | L43: 0.65902778 | M43: 46 | N43: 0.76736111 | O43: 0.8 | P43: 47 | T43: Matugga | U43: Kapeeka | V43: =T43&"-"&U43 -> Matugga-Kapeeka | X43: =G410 -> 44 | Y43: =AVERAGE(J410:J412) -> 50.666667 | Z43: =AVERAGE(M410:M412) -> 51 | AA43: =AVERAGE(P410:P412) -> 51.333333 | AB43: =AVERAGE(J412:J414) -> 49.666667 | AC43: =AVERAGE(M412:M414) -> 51.333333 | AD43: =AVERAGE(P412:P414) -> 51.333333 | AE43: =Y43/$X43 -> 1.1515152 | AF43: =Z43/$X43 -> 1.1590909 | AG43: =AA43/$X43 -> 1.1666667 | AH43: =AB43/$X43 -> 1.1287879 | AI43: =AC43/$X43 -> 1.1666667 | AJ43: =AD43/$X43 -> 1.1666667
D44: 2 | E44: Bugiri | F44: Busia | G44: 45 | H44: 0.32291667 | I44: 0.35555556 | J44: 47 | K44: 0.44513889 | L44: 0.47777778 | M44: 47 | N44: 0.71319444 | O44: 0.74583333 | P44: 47 | T44: Kapeeka | U44: Luweero | V44: =T44&"-"&U44 -> Kapeeka-Luweero | X44: =G416 -> 41 | Y44: =AVERAGE(J416:J418) -> 65 | Z44: =AVERAGE(M416:M418) -> 65 | AA44: =AVERAGE(P416:P418) -> 65 | AB44: =AVERAGE(J418:J420) -> 65 | AC44: =AVERAGE(M418:M420) -> 65 | AD44: =AVERAGE(P418:P420) -> 65 | AE44: =Y44/$X44 -> 1.5853659 | AF44: =Z44/$X44 -> 1.5853659 | AG44: =AA44/$X44 -> 1.5853659 | AH44: =AB44/$X44 -> 1.5853659 | AI44: =AC44/$X44 -> 1.5853659 | AJ44: =AD44/$X44 -> 1.5853659
D45: 3 | E45: Bugiri | F45: Busia | G45: 45 | H45: 0.39097222 | I45: 0.42361111 | J45: 47 | K45: 0.50416667 | L45: 0.53680556 | M45: 47 | N45: 0.80902778 | O45: 0.84166667 | P45: 47 | T45: NBP | U45: Luweero | V45: =T45&"-"&U45 -> NBP-Luweero | X45: =SUM(X42:X44) -> 98 | Y45: =SUM(Y42:Y44) -> 147.66667 | Z45: =SUM(Z42:Z44) -> 146.33333 | AA45: =SUM(AA42:AA44) -> 152 | AB45: =SUM(AB42:AB44) -> 150.66667 | AC45: =SUM(AC42:AC44) -> 149 | AD45: =SUM(AD42:AD44) -> 153 | AE45: =Y45/$X45 -> 1.5068027 | AF45: =Z45/$X45 -> 1.4931973 | AG45: =AA45/$X45 -> 1.5510204 | AH45: =AB45/$X45 -> 1.537415 | AI45: =AC45/$X45 -> 1.5204082 | AJ45: =AD45/$X45 -> 1.5612245
D46: 1 | E46: Busia | F46: Bugiri | G46: 45 | H46: 0.32986111 | I46: 0.3625 | J46: 47 | K46: 0.62777778 | L46: 0.65972222 | M46: 46 | N46: 0.76805556 | O46: 0.80069444 | P46: 47 | R46: JT22 | S46: Kapeeka - Ngoma - Masindi | T46: Kapeeka | U46: Ngoma | V46: =T46&"-"&U46 -> Kapeeka-Ngoma | X46: =G421 -> 70 | Y46: =AVERAGE(J421:J423) -> 86 | Z46: =AVERAGE(M421:M423) -> 86 | AA46: =AVERAGE(P421:P423) -> 86 | AB46: =AVERAGE(J424:J426) -> 86 | AC46: =AVERAGE(M424:M426) -> 86 | AD46: =AVERAGE(P424:P426) -> 86 | AE46: =Y46/$X46 -> 1.2285714 | AF46: =Z46/$X46 -> 1.2285714 | AG46: =AA46/$X46 -> 1.2285714 | AH46: =AB46/$X46 -> 1.2285714 | AI46: =AC46/$X46 -> 1.2285714 | AJ46: =AD46/$X46 -> 1.2285714
D47: 2 | E47: Busia | F47: Bugiri | G47: 45 | H47: 0.32291667 | I47: 0.35555556 | J47: 47 | K47: 0.44583333 | L47: 0.47847222 | M47: 47 | N47: 0.71388889 | O47: 0.74652778 | P47: 47 | T47: Ngoma | U47: Masindi | V47: =T47&"-"&U47 -> Ngoma-Masindi | X47: =G427 -> 80 | Y47: =AVERAGE(J427:J429) -> 93 | Z47: =AVERAGE(M427:M429) -> 93 | AA47: =AVERAGE(P427:P429) -> 93 | AB47: =AVERAGE(J430:J432) -> 92 | AC47: =AVERAGE(M430:M432) -> 92 | AD47: =AVERAGE(P430:P432) -> 92 | AE47: =Y47/$X47 -> 1.1625 | AF47: =Z47/$X47 -> 1.1625 | AG47: =AA47/$X47 -> 1.1625 | AH47: =AB47/$X47 -> 1.15 | AI47: =AC47/$X47 -> 1.15 | AJ47: =AD47/$X47 -> 1.15
D48: 3 | E48: Busia | F48: Bugiri | G48: 45 | H48: 0.39166667 | I48: 0.42430556 | J48: 47 | K48: 0.50486111 | L48: 0.5375 | M48: 47 | N48: 0.80972222 | O48: 0.84236111 | P48: 47 | T48: Kapeeka | U48: Masindi | V48: =T48&"-"&U48 -> Kapeeka-Masindi | X48: =SUM(X46:X47) -> 150 | Y48: =SUM(Y46:Y47) -> 179 | Z48: =SUM(Z46:Z47) -> 179 | AA48: =SUM(AA46:AA47) -> 179 | AB48: =SUM(AB46:AB47) -> 178 | AC48: =SUM(AC46:AC47) -> 178 | AD48: =SUM(AD46:AD47) -> 178 | AE48: =Y48/$X48 -> 1.1933333 | AF48: =Z48/$X48 -> 1.1933333 | AG48: =AA48/$X48 -> 1.1933333 | AH48: =AB48/$X48 -> 1.1866667 | AI48: =AC48/$X48 -> 1.1866667 | AJ48: =AD48/$X48 -> 1.1866667
D49: 1 | E49: Busia | F49: Tororo | G49: 48 | H49: 0.32986111 | I49: 0.36597222 | J49: 52 | K49: 0.62847222 | L49: 0.66458333 | M49: 52 | N49: 0.76875 | O49: 0.80486111 | P49: 52 | R49: JT23 | S49: NBP - Kiboga - Hoima | T49: NBP | U49: Wakiso | V49: =T49&"-"&U49 -> NBP-Wakiso | X49: =G433 -> 10 | Y49: =AVERAGE(J433:J435) -> 18.333333 | Z49: =AVERAGE(M433:M435) -> 22 | AA49: =AVERAGE(P433:P435) -> 29 | AB49: =AVERAGE(J436:J438) -> 19.333333 | AC49: =AVERAGE(M436:M438) -> 23.333333 | AD49: =AVERAGE(P436:P438) -> 31 | AE49: =Y49/$X49 -> 1.8333333 | AF49: =Z49/$X49 -> 2.2 | AG49: =AA49/$X49 -> 2.9 | AH49: =AB49/$X49 -> 1.9333333 | AI49: =AC49/$X49 -> 2.3333333 | AJ49: =AD49/$X49 -> 3.1 | AM49: =$X49/(AVERAGE(Y49,AB49)/60) -> 31.858407 | AN49: =$X49/(AVERAGE(Z49,AC49)/60) -> 26.470588 | AO49: =$X49/(AVERAGE(AA49,AD49)/60) -> 20
D50: 2 | E50: Busia | F50: Tororo | G50: 48 | H50: 0.32291667 | I50: 0.35902778 | J50: 52 | K50: 0.44652778 | L50: 0.48263889 | M50: 52 | N50: 0.71527778 | O50: 0.75138889 | P50: 52 | T50: Wakiso | U50: Busunju | V50: =T50&"-"&U50 -> Wakiso-Busunju | X50: =G439 -> 38 | Y50: =AVERAGE(J439:J441) -> 38 | Z50: =AVERAGE(M439:M441) -> 39.666667 | AA50: =AVERAGE(P439:P441) -> 40 | AB50: =AVERAGE(J442:J444) -> 41.333333 | AC50: =AVERAGE(M442:M444) -> 43 | AD50: =AVERAGE(P442:P444) -> 42 | AE50: =Y50/$X50 -> 1 | AF50: =Z50/$X50 -> 1.0438596 | AG50: =AA50/$X50 -> 1.0526316 | AH50: =AB50/$X50 -> 1.0877193 | AI50: =AC50/$X50 -> 1.1315789 | AJ50: =AD50/$X50 -> 1.1052632
D51: 3 | E51: Busia | F51: Tororo | G51: 48 | H51: 0.39236111 | I51: 0.42847222 | J51: 52 | K51: 0.50555556 | L51: 0.54166667 | M51: 52 | N51: 0.81111111 | O51: 0.84722222 | P51: 52 | T51: Busunju | U51: Kiboga | V51: =T51&"-"&U51 -> Busunju-Kiboga | X51: =G445 -> 69 | Y51: =AVERAGE(J445:J447) -> 66 | Z51: =AVERAGE(M445:M447) -> 66 | AA51: =AVERAGE(P445:P447) -> 66 | AB51: =AVERAGE(J448:J450) -> 66 | AC51: =AVERAGE(M448:M450) -> 66 | AD51: =AVERAGE(P448:P450) -> 66 | AE51: =Y51/$X51 -> 0.95652174 | AF51: =Z51/$X51 -> 0.95652174 | AG51: =AA51/$X51 -> 0.95652174 | AH51: =AB51/$X51 -> 0.95652174 | AI51: =AC51/$X51 -> 0.95652174 | AJ51: =AD51/$X51 -> 0.95652174
D52: 1 | E52: Tororo | F52: Busia | G52: 48 | H52: 0.33055556 | I52: 0.36666667 | J52: 52 | K52: 0.63055556 | L52: 0.66666667 | M52: 52 | N52: 0.76875 | O52: 0.80486111 | P52: 52 | T52: Kiboga | U52: Hoima | V52: =T52&"-"&U52 -> Kiboga-Hoima | X52: =G451 -> 79 | Y52: =AVERAGE(J451:J453) -> 70 | Z52: =AVERAGE(M451:M453) -> 70 | AA52: =AVERAGE(P451:P453) -> 70 | AB52: =AVERAGE(J454:J456) -> 71 | AC52: =AVERAGE(M454:M456) -> 71 | AD52: =AVERAGE(P454:P456) -> 71 | AE52: =Y52/$X52 -> 0.88607595 | AF52: =Z52/$X52 -> 0.88607595 | AG52: =AA52/$X52 -> 0.88607595 | AH52: =AB52/$X52 -> 0.89873418 | AI52: =AC52/$X52 -> 0.89873418 | AJ52: =AD52/$X52 -> 0.89873418
D53: 2 | E53: Tororo | F53: Busia | G53: 48 | H53: 0.32291667 | I53: 0.35902778 | J53: 52 | K53: 0.44722222 | L53: 0.48333333 | M53: 52 | N53: 0.71597222 | O53: 0.75208333 | P53: 52 | T53: NBP | U53: Hoima | V53: =T53&"-"&U53 -> NBP-Hoima | X53: =SUM(X49:X52) -> 196 | Y53: =SUM(Y49:Y52) -> 192.33333 | Z53: =SUM(Z49:Z52) -> 197.66667 | AA53: =SUM(AA49:AA52) -> 205 | AB53: =SUM(AB49:AB52) -> 197.66667 | AC53: =SUM(AC49:AC52) -> 203.33333 | AD53: =SUM(AD49:AD52) -> 210 | AE53: =Y53/$X53 -> 0.98129252 | AF53: =Z53/$X53 -> 1.0085034 | AG53: =AA53/$X53 -> 1.0459184 | AH53: =AB53/$X53 -> 1.0085034 | AI53: =AC53/$X53 -> 1.037415 | AJ53: =AD53/$X53 -> 1.0714286
D54: 3 | E54: Tororo | F54: Busia | G54: 48 | H54: 0.39236111 | I54: 0.42847222 | J54: 52 | K54: 0.50625 | L54: 0.54236111 | M54: 52 | N54: 0.81180556 | O54: 0.84791667 | P54: 52 | R54: JT24 | S54: NBP - Mityana - Mubende - F/Portal | T54: NBP | U54: Bujuko | V54: =T54&"-"&U54 -> NBP-Bujuko | X54: =G457 -> 18 | Y54: =AVERAGE(J457:J459) -> 26.666667 | Z54: =AVERAGE(M457:M459) -> 32.333333 | AA54: =AVERAGE(P457:P459) -> 37.333333 | AB54: =AVERAGE(J460:J462) -> 36 | AC54: =AVERAGE(M460:M462) -> 30.666667 | AD54: =AVERAGE(P460:P462) -> 36 | AE54: =Y54/$X54 -> 1.4814815 | AF54: =Z54/$X54 -> 1.7962963 | AG54: =AA54/$X54 -> 2.0740741 | AH54: =AB54/$X54 -> 2 | AI54: =AC54/$X54 -> 1.7037037 | AJ54: =AD54/$X54 -> 2 | AM54: =$X54/(AVERAGE(Y54,AB54)/60) -> 34.468085 | AN54: =$X54/(AVERAGE(Z54,AC54)/60) -> 34.285714 | AO54: =$X54/(AVERAGE(AA54,AD54)/60) -> 29.454545
D55: 1 | E55: Tororo | F55: Mbale | G55: 51 | H55: 0.33055556 | I55: 0.37291667 | J55: 61 | K55: 0.63194444 | L55: 0.67430556 | M55: 61 | N55: 0.76944444 | O55: 0.81180556 | P55: 61 | T55: Bujuko | U55: Mityana | V55: =T55&"-"&U55 -> Bujuko-Mityana | X55: =G463 -> 41 | Y55: =AVERAGE(J463:J465) -> 39 | Z55: =AVERAGE(M463:M465) -> 39 | AA55: =AVERAGE(P463:P465) -> 38 | AB55: =AVERAGE(J466:J468) -> 39.333333 | AC55: =AVERAGE(M466:M468) -> 39 | AD55: =AVERAGE(P466:P468) -> 39 | AE55: =Y55/$X55 -> 0.95121951 | AF55: =Z55/$X55 -> 0.95121951 | AG55: =AA55/$X55 -> 0.92682927 | AH55: =AB55/$X55 -> 0.95934959 | AI55: =AC55/$X55 -> 0.95121951 | AJ55: =AD55/$X55 -> 0.95121951
D56: 2 | E56: Tororo | F56: Mbale | G56: 51 | H56: 0.32361111 | I56: 0.36597222 | J56: 61 | K56: 0.44791667 | L56: 0.49027778 | M56: 61 | N56: 0.71736111 | O56: 0.75972222 | P56: 61 | T56: Mityana | U56: Mubende | V56: =T56&"-"&U56 -> Mityana-Mubende | X56: =G469 -> 80 | Y56: =AVERAGE(J469:J471) -> 67 | Z56: =AVERAGE(M469:M471) -> 67.666667 | AA56: =AVERAGE(P469:P471) -> 67 | AB56: =AVERAGE(J472:J474) -> 69 | AC56: =AVERAGE(M472:M474) -> 69 | AD56: =AVERAGE(P472:P474) -> 69 | AE56: =Y56/$X56 -> 0.8375 | AF56: =Z56/$X56 -> 0.84583333 | AG56: =AA56/$X56 -> 0.8375 | AH56: =AB56/$X56 -> 0.8625 | AI56: =AC56/$X56 -> 0.8625 | AJ56: =AD56/$X56 -> 0.8625
D57: 3 | E57: Tororo | F57: Mbale | G57: 51 | H57: 0.39305556 | I57: 0.43541667 | J57: 61 | K57: 0.50694444 | L57: 0.54930556 | M57: 61 | N57: 0.8125 | O57: 0.85555556 | P57: 61 | T57: Mubende | U57: Kyenjojo | V57: =T57&"-"&U57 -> Mubende-Kyenjojo | X57: =G475 -> 96 | Y57: =AVERAGE(J475:J477) -> 74 | Z57: =AVERAGE(M475:M477) -> 74 | AA57: =AVERAGE(P475:P477) -> 74 | AB57: =AVERAGE(J478:J480) -> 76 | AC57: =AVERAGE(M478:M480) -> 76 | AD57: =AVERAGE(P478:P480) -> 76 | AE57: =Y57/$X57 -> 0.77083333 | AF57: =Z57/$X57 -> 0.77083333 | AG57: =AA57/$X57 -> 0.77083333 | AH57: =AB57/$X57 -> 0.79166667 | AI57: =AC57/$X57 -> 0.79166667 | AJ57: =AD57/$X57 -> 0.79166667
D58: 1 | E58: Mbale | F58: Tororo | G58: 51 | H58: 0.33055556 | I58: 0.37222222 | J58: 60 | K58: 0.63263889 | L58: 0.675 | M58: 61 | N58: 0.77013889 | O58: 0.8125 | P58: 61 | T58: Kyenjojo | U58: Fortportal | V58: =T58&"-"&U58 -> Kyenjojo-Fortportal | X58: =G481 -> 50 | Y58: =AVERAGE(J481:J483) -> 47 | Z58: =AVERAGE(M481:M483) -> 47 | AA58: =AVERAGE(P481:P483) -> 47 | AB58: =AVERAGE(J484:J486) -> 47.666667 | AC58: =AVERAGE(M484:M486) -> 48 | AD58: =AVERAGE(P484:P486) -> 48 | AE58: =Y58/$X58 -> 0.94 | AF58: =Z58/$X58 -> 0.94 | AG58: =AA58/$X58 -> 0.94 | AH58: =AB58/$X58 -> 0.95333333 | AI58: =AC58/$X58 -> 0.96 | AJ58: =AD58/$X58 -> 0.96
D59: 2 | E59: Mbale | F59: Tororo | G59: 51 | H59: 0.32361111 | I59: 0.36527778 | J59: 60 | K59: 0.44861111 | L59: 0.49097222 | M59: 61 | N59: 0.71805556 | O59: 0.76041667 | P59: 61 | T59: NBP | U59: Fortportal | V59: =T59&"-"&U59 -> NBP-Fortportal | X59: =SUM(X54:X58) -> 285 | Y59: =SUM(Y54:Y58) -> 253.66667 | Z59: =SUM(Z54:Z58) -> 260 | AA59: =SUM(AA54:AA58) -> 263.33333 | AB59: =SUM(AB54:AB58) -> 268 | AC59: =SUM(AC54:AC58) -> 262.66667 | AD59: =SUM(AD54:AD58) -> 268 | AE59: =Y59/$X59 -> 0.89005848 | AF59: =Z59/$X59 -> 0.9122807 | AG59: =AA59/$X59 -> 0.92397661 | AH59: =AB59/$X59 -> 0.94035088 | AI59: =AC59/$X59 -> 0.92163743 | AJ59: =AD59/$X59 -> 0.94035088
D60: 3 | E60: Mbale | F60: Tororo | G60: 51 | H60: 0.39375 | I60: 0.43541667 | J60: 60 | K60: 0.50694444 | L60: 0.54930556 | M60: 61 | N60: 0.8125 | O60: 0.85486111 | P60: 61 | R60: JT25 | S60: Kyenjojo - Hoima - Kigumba | T60: Kyenjojo | U60: Kagadi | V60: =T60&"-"&U60 -> Kyenjojo-Kagadi | X60: =G487 -> 54 | Y60: =AVERAGE(J487:J489) -> 78 | Z60: =AVERAGE(M487:M489) -> 78 | AA60: =AVERAGE(P487:P489) -> 78 | AB60: =AVERAGE(J490:J492) -> 76 | AC60: =AVERAGE(M490:M492) -> 76 | AD60: =AVERAGE(P490:P492) -> 76 | AE60: =Y60/$X60 -> 1.4444444 | AF60: =Z60/$X60 -> 1.4444444 | AG60: =AA60/$X60 -> 1.4444444 | AH60: =AB60/$X60 -> 1.4074074 | AI60: =AC60/$X60 -> 1.4074074 | AJ60: =AD60/$X60 -> 1.4074074
B61: JT3 | C61: Jinja - Kamuli - Bukungu | D61: 1 | E61: Jinja | F61: Buwenge | G61: 28 | H61: 0.32013889 | I61: 0.34375 | J61: 34 | K61: 0.54305556 | L61: 0.56666667 | M61: 34 | N61: 0.75833333 | O61: 0.78125 | P61: 33 | T61: Kagadi | U61: Hoima | V61: =T61&"-"&U61 -> Kagadi-Hoima | X61: =G493 -> 92 | Y61: =AVERAGE(J493:J495) -> 89 | Z61: =AVERAGE(M493:M495) -> 89 | AA61: =AVERAGE(P493:P495) -> 89 | AB61: =AVERAGE(J496:J498) -> 86 | AC61: =AVERAGE(M496:M498) -> 86 | AD61: =AVERAGE(P496:P498) -> 86 | AE61: =Y61/$X61 -> 0.9673913 | AF61: =Z61/$X61 -> 0.9673913 | AG61: =AA61/$X61 -> 0.9673913 | AH61: =AB61/$X61 -> 0.93478261 | AI61: =AC61/$X61 -> 0.93478261 | AJ61: =AD61/$X61 -> 0.93478261
D62: 2 | E62: Jinja | F62: Buwenge | G62: 28 | H62: 0.36319444 | I62: 0.38611111 | J62: 33 | K62: 0.45486111 | L62: 0.47847222 | M62: 34 | N62: 0.70208333 | O62: 0.725 | P62: 33 | T62: Hoima | U62: Masindi | V62: =T62&"-"&U62 -> Hoima-Masindi | X62: =G499 -> 57 | Y62: =AVERAGE(J499:J501) -> 78 | Z62: =AVERAGE(M499:M501) -> 78 | AA62: =AVERAGE(P499:P501) -> 78 | AB62: =AVERAGE(J502:J504) -> 76 | AC62: =AVERAGE(M502:M504) -> 76 | AD62: =AVERAGE(P502:P504) -> 76 | AE62: =Y62/$X62 -> 1.3684211 | AF62: =Z62/$X62 -> 1.3684211 | AG62: =AA62/$X62 -> 1.3684211 | AH62: =AB62/$X62 -> 1.3333333 | AI62: =AC62/$X62 -> 1.3333333 | AJ62: =AD62/$X62 -> 1.3333333
D63: 3 | E63: Jinja | F63: Buwenge | G63: 28 | H63: 0.34583333 | I63: 0.41111111 | J63: 34 | K63: 0.43055556 | L63: 0.45416667 | M63: 34 | N63: 0.80694444 | O63: 0.82986111 | P63: 33 | T63: Masindi | U63: Kigumba | V63: =T63&"-"&U63 -> Masindi-Kigumba | X63: =G505 -> 42 | Y63: =AVERAGE(J505:J507) -> 51 | Z63: =AVERAGE(M505:M507) -> 51 | AA63: =AVERAGE(P505:P507) -> 51 | AB63: =AVERAGE(J508:J510) -> 51.333333 | AC63: =AVERAGE(M508:M510) -> 51.333333 | AD63: =AVERAGE(P508:P510) -> 51.333333 | AE63: =Y63/$X63 -> 1.2142857 | AF63: =Z63/$X63 -> 1.2142857 | AG63: =AA63/$X63 -> 1.2142857 | AH63: =AB63/$X63 -> 1.2222222 | AI63: =AC63/$X63 -> 1.2222222 | AJ63: =AD63/$X63 -> 1.2222222
D64: 1 | E64: Buwenge | F64: Jinja | G64: 28 | H64: 0.32013889 | I64: 0.34513889 | J64: 36 | K64: 0.46527778 | L64: 0.48958333 | M64: 35 | N64: 0.75833333 | O64: 0.78194444 | P64: 34 | T64: Kyenjojo | U64: Kigumba | V64: =T64&"-"&U64 -> Kyenjojo-Kigumba | X64: =SUM(X60:X63) -> 245 | Y64: =SUM(Y60:Y63) -> 296 | Z64: =SUM(Z60:Z63) -> 296 | AA64: =SUM(AA60:AA63) -> 296 | AB64: =SUM(AB60:AB63) -> 289.33333 | AC64: =SUM(AC60:AC63) -> 289.33333 | AD64: =SUM(AD60:AD63) -> 289.33333 | AE64: =Y64/$X64 -> 1.2081633 | AF64: =Z64/$X64 -> 1.2081633 | AG64: =AA64/$X64 -> 1.2081633 | AH64: =AB64/$X64 -> 1.1809524 | AI64: =AC64/$X64 -> 1.1809524 | AJ64: =AD64/$X64 -> 1.1809524
D65: 2 | E65: Buwenge | F65: Jinja | G65: 28 | H65: 0.36388889 | I65: 0.38888889 | J65: 36 | K65: 0.58680556 | L65: 0.61041667 | M65: 34 | N65: 0.70277778 | O65: 0.72638889 | P65: 34 | R65: JT27 | S65: Kira - Kasangati - Matugga | T65: Kira | U65: Kasangati | V65: =T65&"-"&U65 -> Kira-Kasangati | X65: =G511 -> 6.6 | Y65: =AVERAGE(J511:J513) -> 15.333333 | Z65: =AVERAGE(M511:M513) -> 16.333333 | AA65: =AVERAGE(P511:P513) -> 18 | AB65: =AVERAGE(J514:J516) -> 15.666667 | AC65: =AVERAGE(M514:M516) -> 15.666667 | AD65: =AVERAGE(P514:P516) -> 18 | AE65: =Y65/$X65 -> 2.3232323 | AF65: =Z65/$X65 -> 2.4747475 | AG65: =AA65/$X65 -> 2.7272727 | AH65: =AB65/$X65 -> 2.3737374 | AI65: =AC65/$X65 -> 2.3737374 | AJ65: =AD65/$X65 -> 2.7272727
D66: 3 | E66: Buwenge | F66: Jinja | G66: 28 | H66: 0.34652778 | I66: 0.37152778 | J66: 36 | K66: 0.55555556 | L66: 0.58055556 | M66: 36 | N66: 0.80833333 | O66: 0.83194444 | P66: 34 | T66: Kasangati | U66: Matugga | V66: =T66&"-"&U66 -> Kasangati-Matugga | X66: =G517 -> 9.6 | Y66: =AVERAGE(J517:J519) -> 22 | Z66: =AVERAGE(M517:M519) -> 22.666667 | AA66: =AVERAGE(P517:P519) -> 22.666667 | AB66: =AVERAGE(J520:J522) -> 21.666667 | AC66: =AVERAGE(M520:M522) -> 23 | AD66: =AVERAGE(P520:P522) -> 22 | AE66: =Y66/$X66 -> 2.2916667 | AF66: =Z66/$X66 -> 2.3611111 | AG66: =AA66/$X66 -> 2.3611111 | AH66: =AB66/$X66 -> 2.2569444 | AI66: =AC66/$X66 -> 2.3958333 | AJ66: =AD66/$X66 -> 2.2916667
D67: 1 | E67: Buwenge | F67: Kamuli | G67: 36 | H67: 0.34652778 | I67: 0.41388889 | J67: 37 | K67: 0.47222222 | L67: 0.49791667 | M67: 37 | N67: 0.75902778 | O67: 0.78541667 | P67: 38 | T67: Matugga | U67: Wakiso | V67: =T67&"-"&U67 -> Matugga-Wakiso | X67: =G523 -> 10 | Y67: =AVERAGE(J523:J525) -> 20 | Z67: =AVERAGE(M523:M525) -> 19 | AA67: =AVERAGE(P523:P525) -> 19.333333 | AB67: =AVERAGE(J526:J528) -> 20.333333 | AC67: =AVERAGE(M526:M528) -> 19.333333 | AD67: =AVERAGE(P526:P528) -> 19 | AE67: =Y67/$X67 -> 2 | AF67: =Z67/$X67 -> 1.9 | AG67: =AA67/$X67 -> 1.9333333 | AH67: =AB67/$X67 -> 2.0333333 | AI67: =AC67/$X67 -> 1.9333333 | AJ67: =AD67/$X67 -> 1.9
D68: 2 | E68: Buwenge | F68: Kamuli | G68: 36 | H68: 0.35555556 | I68: 0.38055556 | J68: 36 | K68: 0.51041667 | L68: 0.53611111 | M68: 37 | N68: 0.70347222 | O68: 0.72986111 | P68: 38 | T68: Wakiso | U68: Buloba | V68: =T68&"-"&U68 -> Wakiso-Buloba | X68: =G529 -> 10 | Y68: =AVERAGE(J529:J531) -> 17.666667 | Z68: =AVERAGE(M529:M531) -> 18 | AA68: =AVERAGE(P529:P531) -> 18 | AB68: =AVERAGE(J532:J534) -> 18 | AC68: =AVERAGE(M532:M534) -> 18 | AD68: =AVERAGE(P532:P534) -> 18.666667 | AE68: =Y68/$X68 -> 1.7666667 | AF68: =Z68/$X68 -> 1.8 | AG68: =AA68/$X68 -> 1.8 | AH68: =AB68/$X68 -> 1.8 | AI68: =AC68/$X68 -> 1.8 | AJ68: =AD68/$X68 -> 1.8666667
D69: 3 | E69: Buwenge | F69: Kamuli | G69: 36 | H69: 0.30972222 | I69: 0.33541667 | J69: 37 | K69: 0.47222222 | L69: 0.49791667 | M69: 37 | N69: 0.80833333 | O69: 0.83472222 | P69: 38 | T69: Buloba | U69: Nsangi | V69: =T69&"-"&U69 -> Buloba-Nsangi | X69: =G535 -> 7.4 | Y69: =AVERAGE(J535:J537) -> 14 | Z69: =AVERAGE(M535:M537) -> 14 | AA69: =AVERAGE(P535:P537) -> 15.666667 | AB69: =AVERAGE(J538:J540) -> 14.333333 | AC69: =AVERAGE(M538:M540) -> 14.666667 | AD69: =AVERAGE(P538:P540) -> 14.666667 | AE69: =Y69/$X69 -> 1.8918919 | AF69: =Z69/$X69 -> 1.8918919 | AG69: =AA69/$X69 -> 2.1171171 | AH69: =AB69/$X69 -> 1.9369369 | AI69: =AC69/$X69 -> 1.981982 | AJ69: =AD69/$X69 -> 1.981982
D70: 1 | E70: Kamuli | F70: Buwenge | G70: 36 | H70: 0.34722222 | I70: 0.41597222 | J70: 39 | K70: 0.45902778 | L70: 0.48611111 | M70: 39 | N70: 0.75972222 | O70: 0.78541667 | P70: 37 | T70: Kira | U70: Nsangi | V70: =T70&"-"&U70 -> Kira-Nsangi | X70: =SUM(X65:X69) -> 43.6 | Y70: =SUM(Y65:Y69) -> 89 | Z70: =SUM(Z65:Z69) -> 90 | AA70: =SUM(AA65:AA69) -> 93.666667 | AB70: =SUM(AB65:AB69) -> 90 | AC70: =SUM(AC65:AC69) -> 90.666667 | AD70: =SUM(AD65:AD69) -> 92.333333 | AE70: =Y70/$X70 -> 2.0412844 | AF70: =Z70/$X70 -> 2.0642202 | AG70: =AA70/$X70 -> 2.148318 | AH70: =AB70/$X70 -> 2.0642202 | AI70: =AC70/$X70 -> 2.0795107 | AJ70: =AD70/$X70 -> 2.117737
D71: 2 | E71: Kamuli | F71: Buwenge | G71: 36 | H71: 0.35555556 | I71: 0.38263889 | J71: 39 | K71: 0.52083333 | L71: 0.54791667 | M71: 39 | N71: 0.70416667 | O71: 0.72986111 | P71: 37 | R71: JT28 | S71: Mityana - Semuto - Busunju | T71: Mityana | U71: Busunju | V71: =T71&"-"&U71 -> Mityana-Busunju | X71: =G541 -> 29 | Y71: =AVERAGE(J541:J543) -> 38 | Z71: =AVERAGE(M541:M543) -> 38 | AA71: =AVERAGE(P541:P543) -> 38 | AB71: =AVERAGE(J544:J546) -> 37.666667 | AC71: =AVERAGE(M544:M546) -> 37.666667 | AD71: =AVERAGE(P544:P546) -> 37.666667 | AE71: =Y71/$X71 -> 1.3103448 | AF71: =Z71/$X71 -> 1.3103448 | AG71: =AA71/$X71 -> 1.3103448 | AH71: =AB71/$X71 -> 1.2988506 | AI71: =AC71/$X71 -> 1.2988506 | AJ71: =AD71/$X71 -> 1.2988506
D72: 3 | E72: Kamuli | F72: Buwenge | G72: 36 | H72: 0.30972222 | I72: 0.33611111 | J72: 38 | K72: 0.42916667 | L72: 0.49791667 | M72: 39 | N72: 0.80833333 | O72: 0.83402778 | P72: 37 | T72: Busunju | U72: Semuto | V72: =T72&"-"&U72 -> Busunju-Semuto | X72: =G547 -> 17 | Y72: =AVERAGE(J547:J549) -> 30 | Z72: =AVERAGE(M547:M549) -> 30 | AA72: =AVERAGE(P547:P549) -> 30 | AB72: =AVERAGE(J550:J552) -> 31 | AC72: =AVERAGE(M550:M552) -> 31 | AD72: =AVERAGE(P550:P552) -> 31 | AE72: =Y72/$X72 -> 1.7647059 | AF72: =Z72/$X72 -> 1.7647059 | AG72: =AA72/$X72 -> 1.7647059 | AH72: =AB72/$X72 -> 1.8235294 | AI72: =AC72/$X72 -> 1.8235294 | AJ72: =AD72/$X72 -> 1.8235294
D73: 1 | E73: Kamuli | F73: Bukungu | G73: 68 | H73: 0.34722222 | I73: 0.40486111 | J73: 83 | K73: 0.46944444 | L73: 0.54652778 | M73: 83 | N73: 0.76041667 | O73: 0.81805556 | P73: 83 | T73: Semuto | U73: Kalule | V73: =T73&"-"&U73 -> Semuto-Kalule | X73: =G553 -> 27 | Y73: =AVERAGE(J553:J555) -> 45 | Z73: =AVERAGE(M553:M555) -> 45 | AA73: =AVERAGE(P553:P555) -> 45 | AB73: =AVERAGE(J556:J558) -> 44 | AC73: =AVERAGE(M556:M558) -> 44 | AD73: =AVERAGE(P556:P558) -> 44 | AE73: =Y73/$X73 -> 1.6666667 | AF73: =Z73/$X73 -> 1.6666667 | AG73: =AA73/$X73 -> 1.6666667 | AH73: =AB73/$X73 -> 1.6296296 | AI73: =AC73/$X73 -> 1.6296296 | AJ73: =AD73/$X73 -> 1.6296296
D74: 2 | E74: Kamuli | F74: Bukungu | G74: 68 | H74: 0.35625 | I74: 0.41319444 | J74: 82 | K74: 0.51319444 | L74: 0.57083333 | M74: 83 | N74: 0.70486111 | O74: 0.7625 | P74: 83 | T74: Mityana | U74: Kalule | V74: =T74&"-"&U74 -> Mityana-Kalule | X74: =SUM(X71:X73) -> 73 | Y74: =SUM(Y71:Y73) -> 113 | Z74: =SUM(Z71:Z73) -> 113 | AA74: =SUM(AA71:AA73) -> 113 | AB74: =SUM(AB71:AB73) -> 112.66667 | AC74: =SUM(AC71:AC73) -> 112.66667 | AD74: =SUM(AD71:AD73) -> 112.66667 | AE74: =Y74/$X74 -> 1.5479452 | AF74: =Z74/$X74 -> 1.5479452 | AG74: =AA74/$X74 -> 1.5479452 | AH74: =AB74/$X74 -> 1.543379 | AI74: =AC74/$X74 -> 1.543379 | AJ74: =AD74/$X74 -> 1.543379
D75: 3 | E75: Kamuli | F75: Bukungu | G75: 68 | H75: 0.31041667 | I75: 0.36805556 | J75: 83 | K75: 0.48263889 | L75: 0.54027778 | M75: 83 | N75: 0.80902778 | O75: 0.78333333 | P75: 83 | R75: JT29 | S75: NBP - Mulago - Kitgum JN - Kibuye | T75: NBP | U75: Kubbiri | V75: =T75&"-"&U75 -> NBP-Kubbiri | X75: =G559 -> 1.5 | Y75: =AVERAGE(J559:J561) -> 5 | Z75: =AVERAGE(M559:M561) -> 3.3333333 | AA75: =AVERAGE(P559:P561) -> 5.3333333 | AB75: =AVERAGE(J562:J564) -> 4.6666667 | AC75: =AVERAGE(M562:M564) -> 4.3333333 | AD75: =AVERAGE(P562:P564) -> 5 | AE75: =Y75/$X75 -> 3.3333333 | AF75: =Z75/$X75 -> 2.2222222 | AG75: =AA75/$X75 -> 3.5555556 | AH75: =AB75/$X75 -> 3.1111111 | AI75: =AC75/$X75 -> 2.8888889 | AJ75: =AD75/$X75 -> 3.3333333 | AM75: =$X75/(AVERAGE(Y75,AB75)/60) -> 18.62069 | AN75: =$X75/(AVERAGE(Z75,AC75)/60) -> 23.478261 | AO75: =$X75/(AVERAGE(AA75,AD75)/60) -> 17.419355
D76: 1 | E76: Bukungu | F76: Kamuli | G76: 68 | H76: 0.34791667 | I76: 0.40555556 | J76: 83 | K76: 0.54166667 | L76: 0.59930556 | M76: 83 | N76: 0.76111111 | O76: 0.83819444 | P76: 83 | T76: Kubbiri | U76: Mulago RB | V76: =T76&"-"&U76 -> Kubbiri-Mulago RB | X76: =G565 -> 1.1 | Y76: =AVERAGE(J565:J567) -> 6 | Z76: =AVERAGE(M565:M567) -> 3.6666667 | AA76: =AVERAGE(P565:P567) -> 3.6666667 | AB76: =AVERAGE(J568:J570) -> 3.3333333 | AC76: =AVERAGE(M568:M570) -> 2.6666667 | AD76: =AVERAGE(P568:P570) -> 3.3333333 | AE76: =Y76/$X76 -> 5.4545455 | AF76: =Z76/$X76 -> 3.3333333 | AG76: =AA76/$X76 -> 3.3333333 | AH76: =AB76/$X76 -> 3.030303 | AI76: =AC76/$X76 -> 2.4242424 | AJ76: =AD76/$X76 -> 3.030303
D77: 2 | E77: Bukungu | F77: Kamuli | G77: 68 | H77: 0.35694444 | I77: 0.41388889 | J77: 82 | K77: 0.60833333 | L77: 0.66597222 | M77: 83 | N77: 0.70486111 | O77: 0.75486111 | P77: 83 | T77: Mulago RB | U77: Kitgum JN | V77: =T77&"-"&U77 -> Mulago RB-Kitgum JN | X77: =G571 -> 2.7 | Y77: =AVERAGE(J571:J573) -> 8.3333333 | Z77: =AVERAGE(M571:M573) -> 9.3333333 | AA77: =AVERAGE(P571:P573) -> 10.333333 | AB77: =AVERAGE(J574:J576) -> 6.6666667 | AC77: =AVERAGE(M574:M576) -> 8.3333333 | AD77: =AVERAGE(P574:P576) -> 9 | AE77: =Y77/$X77 -> 3.0864198 | AF77: =Z77/$X77 -> 3.4567901 | AG77: =AA77/$X77 -> 3.8271605 | AH77: =AB77/$X77 -> 2.4691358 | AI77: =AC77/$X77 -> 3.0864198 | AJ77: =AD77/$X77 -> 3.3333333
D78: 3 | E78: Bukungu | F78: Kamuli | G78: 68 | H78: 0.31041667 | I78: 0.36736111 | J78: 82 | K78: 0.48333333 | L78: 0.54027778 | M78: 82 | N78: 0.80972222 | O78: 0.86736111 | P78: 83 | T78: Kitgum JN | U78: Clock Tower | V78: =T78&"-"&U78 -> Kitgum JN-Clock Tower | X78: =G577 -> 2.1 | Y78: =AVERAGE(J577:J579) -> 6.6666667 | Z78: =AVERAGE(M577:M579) -> 9.3333333 | AA78: =AVERAGE(P577:P579) -> 8.3333333 | AB78: =AVERAGE(J580:J582) -> 7.3333333 | AC78: =AVERAGE(M580:M582) -> 10 | AD78: =AVERAGE(P580:P582) -> 9.6666667 | AE78: =Y78/$X78 -> 3.1746032 | AF78: =Z78/$X78 -> 4.4444444 | AG78: =AA78/$X78 -> 3.968254 | AH78: =AB78/$X78 -> 3.4920635 | AI78: =AC78/$X78 -> 4.7619048 | AJ78: =AD78/$X78 -> 4.6031746
B79: JT4 | C79: Mukono - Nkokonjeru - Jinja | D79: 1 | E79: Mukono | F79: Kisoga | G79: 15 | H79: 0.34861111 | I79: 0.40555556 | J79: 22 | K79: 0.54236111 | L79: 0.55763889 | M79: 22 | N79: 0.76111111 | O79: 0.69305556 | P79: 22 | T79: Clock Tower | U79: Kibuye | V79: =T79&"-"&U79 -> Clock Tower-Kibuye | X79: =G583 -> 2.7 | Y79: =AVERAGE(J583:J585) -> 6.3333333 | Z79: =AVERAGE(M583:M585) -> 10.333333 | AA79: =AVERAGE(P583:P585) -> 10.666667 | AB79: =AVERAGE(J586:J588) -> 8.6666667 | AC79: =AVERAGE(M586:M588) -> 9.3333333 | AD79: =AVERAGE(P586:P588) -> 9 | AE79: =Y79/$X79 -> 2.345679 | AF79: =Z79/$X79 -> 3.8271605 | AG79: =AA79/$X79 -> 3.9506173 | AH79: =AB79/$X79 -> 3.2098765 | AI79: =AC79/$X79 -> 3.4567901 | AJ79: =AD79/$X79 -> 3.3333333
D80: 2 | E80: Mukono | F80: Kisoga | G80: 15 | H80: 0.35694444 | I80: 0.41388889 | J80: 22 | K80: 0.60902778 | L80: 0.62430556 | M80: 22 | N80: 0.70694444 | O80: 0.72222222 | P80: 22 | T80: NBP | U80: Kibuye | V80: =T80&"-"&U80 -> NBP-Kibuye | X80: =SUM(X75:X79) -> 10.1 | Y80: =SUM(Y75:Y79) -> 32.333333 | Z80: =SUM(Z75:Z79) -> 36 | AA80: =SUM(AA75:AA79) -> 38.333333 | AB80: =SUM(AB75:AB79) -> 30.666667 | AC80: =SUM(AC75:AC79) -> 34.666667 | AD80: =SUM(AD75:AD79) -> 36 | AE80: =Y80/$X80 -> 3.2013201 | AF80: =Z80/$X80 -> 3.5643564 | AG80: =AA80/$X80 -> 3.7953795 | AH80: =AB80/$X80 -> 3.0363036 | AI80: =AC80/$X80 -> 3.4323432 | AJ80: =AD80/$X80 -> 3.5643564
D81: 3 | E81: Mukono | F81: Kisoga | G81: 15 | H81: 0.31180556 | I81: 0.36944444 | J81: 23 | K81: 0.48472222 | L81: 0.5 | M81: 22 | N81: 0.81041667 | O81: 0.82569444 | P81: 22 | R81: JT30 | S81: Kibuye - Busega | T81: Kibuye | U81: Nateete | V81: =T81&"-"&U81 -> Kibuye-Nateete | X81: =G589 -> 5.2 | Y81: =AVERAGE(J589:J591) -> 12.666667 | Z81: =AVERAGE(M589:M591) -> 13 | AA81: =AVERAGE(P589:P591) -> 15 | AB81: =AVERAGE(J592:J594) -> 15 | AC81: =AVERAGE(M592:M594) -> 16 | AD81: =AVERAGE(P592:P594) -> 23.333333 | AE81: =Y81/$X81 -> 2.4358974 | AF81: =Z81/$X81 -> 2.5 | AG81: =AA81/$X81 -> 2.8846154 | AH81: =AB81/$X81 -> 2.8846154 | AI81: =AC81/$X81 -> 3.0769231 | AJ81: =AD81/$X81 -> 4.4871795 | AM81: =$X81/(AVERAGE(Y81,AB81)/60) -> 22.554217 | AN81: =$X81/(AVERAGE(Z81,AC81)/60) -> 21.517241 | AO81: =$X81/(AVERAGE(AA81,AD81)/60) -> 16.278261
D82: 1 | E82: Kisoga | F82: Mukono | G82: 15 | H82: 0.34930556 | I82: 0.40625 | J82: 22 | K82: 0.54305556 | L82: 0.55902778 | M82: 23 | N82: 0.76180556 | O82: 0.6875 | P82: 23 | T82: Nateete | U82: Busega | V82: =T82&"-"&U82 -> Nateete-Busega | X82: =G595 -> 1.9 | Y82: =AVERAGE(J595:J597) -> 5.6666667 | Z82: =AVERAGE(M595:M597) -> 5.3333333 | AA82: =AVERAGE(P595:P597) -> 8.6666667 | AB82: =AVERAGE(J598:J600) -> 12.666667 | AC82: =AVERAGE(M598:M600) -> 8 | AD82: =AVERAGE(P598:P600) -> 10.666667 | AE82: =Y82/$X82 -> 2.9824561 | AF82: =Z82/$X82 -> 2.8070175 | AG82: =AA82/$X82 -> 4.5614035 | AH82: =AB82/$X82 -> 6.6666667 | AI82: =AC82/$X82 -> 4.2105263 | AJ82: =AD82/$X82 -> 5.6140351
D83: 2 | E83: Kisoga | F83: Mukono | G83: 15 | H83: 0.35763889 | I83: 0.41388889 | J83: 21 | K83: 0.60972222 | L83: 0.625 | M83: 22 | N83: 0.70763889 | O83: 0.68194444 | P83: 23 | T83: Kibuye | U83: Busega | V83: =T83&"-"&U83 -> Kibuye-Busega | X83: =SUM(X81:X82) -> 7.1 | Y83: =SUM(Y81:Y82) -> 18.333333 | Z83: =SUM(Z81:Z82) -> 18.333333 | AA83: =SUM(AA81:AA82) -> 23.666667 | AB83: =SUM(AB81:AB82) -> 27.666667 | AC83: =SUM(AC81:AC82) -> 24 | AD83: =SUM(AD81:AD82) -> 34 | AE83: =Y83/$X83 -> 2.5821596 | AF83: =Z83/$X83 -> 2.5821596 | AG83: =AA83/$X83 -> 3.3333333 | AH83: =AB83/$X83 -> 3.8967136 | AI83: =AC83/$X83 -> 3.3802817 | AJ83: =AD83/$X83 -> 4.7887324
D84: 3 | E84: Kisoga | F84: Mukono | G84: 15 | H84: 0.31180556 | I84: 0.36875 | J84: 22 | K84: 0.48541667 | L84: 0.5 | M84: 21 | N84: 0.81180556 | O84: 0.82777778 | P84: 23 | R84: JT31 | S84: Busega - Buwama - Masaka | T84: Busega | U84: Nsangi | V84: =T84&"-"&U84 -> Busega-Nsangi | X84: =G601 -> 10 | Y84: =AVERAGE(J601:J603) -> 22 | Z84: =AVERAGE(M601:M603) -> 20 | AA84: =AVERAGE(P601:P603) -> 29 | AB84: =AVERAGE(J604:J606) -> 25 | AC84: =AVERAGE(M604:M606) -> 19.666667 | AD84: =AVERAGE(P604:P606) -> 34 | AE84: =Y84/$X84 -> 2.2 | AF84: =Z84/$X84 -> 2 | AG84: =AA84/$X84 -> 2.9 | AH84: =AB84/$X84 -> 2.5 | AI84: =AC84/$X84 -> 1.9666667 | AJ84: =AD84/$X84 -> 3.4 | AM84: =$X84/(AVERAGE(Y84,AB84)/60) -> 25.531915 | AN84: =$X84/(AVERAGE(Z84,AC84)/60) -> 30.252101 | AO84: =$X84/(AVERAGE(AA84,AD84)/60) -> 19.047619
D85: 1 | E85: Kisoga | F85: Nkokonjeru | G85: 15 | H85: 0.34930556 | I85: 0.41319444 | J85: 18 | K85: 0.54444444 | L85: 0.55694444 | M85: 18 | N85: 0.66666667 | O85: 0.67916667 | P85: 18 | T85: Nsangi | U85: Mpigi | V85: =T85&"-"&U85 -> Nsangi-Mpigi | X85: =G607 -> 17 | Y85: =AVERAGE(J607:J609) -> 16.666667 | Z85: =AVERAGE(M607:M609) -> 17 | AA85: =AVERAGE(P607:P609) -> 18.666667 | AB85: =AVERAGE(J610:J612) -> 17.333333 | AC85: =AVERAGE(M610:M612) -> 16.666667 | AD85: =AVERAGE(P610:P612) -> 19.666667 | AE85: =Y85/$X85 -> 0.98039216 | AF85: =Z85/$X85 -> 1 | AG85: =AA85/$X85 -> 1.0980392 | AH85: =AB85/$X85 -> 1.0196078 | AI85: =AC85/$X85 -> 0.98039216 | AJ85: =AD85/$X85 -> 1.1568627
D86: 2 | E86: Kisoga | F86: Nkokonjeru | G86: 15 | H86: 0.35972222 | I86: 0.40277778 | J86: 18 | K86: 0.60902778 | L86: 0.62152778 | M86: 18 | N86: 0.67013889 | O86: 0.68263889 | P86: 18 | T86: Mpigi | U86: Lukaya | V86: =T86&"-"&U86 -> Mpigi-Lukaya | X86: =G615 -> 67 | Y86: =AVERAGE(J613:J615) -> 66 | Z86: =AVERAGE(M613:M615) -> 64 | AA86: =AVERAGE(P613:P615) -> 66.333333 | AB86: =AVERAGE(J616:J618) -> 63.333333 | AC86: =AVERAGE(M616:M618) -> 66.666667 | AD86: =AVERAGE(P616:P618) -> 69 | AE86: =Y86/$X86 -> 0.98507463 | AF86: =Z86/$X86 -> 0.95522388 | AG86: =AA86/$X86 -> 0.99004975 | AH86: =AB86/$X86 -> 0.94527363 | AI86: =AC86/$X86 -> 0.99502488 | AJ86: =AD86/$X86 -> 1.0298507
D87: 3 | E87: Kisoga | F87: Nkokonjeru | G87: 15 | H87: 0.3125 | I87: 0.36736111 | J87: 19 | K87: 0.48611111 | L87: 0.49861111 | M87: 18 | N87: 0.67361111 | O87: 0.68611111 | P87: 18 | T87: Lukaya | U87: Masaka | V87: =T87&"-"&U87 -> Lukaya-Masaka | X87: =G621 -> 26 | Y87: =AVERAGE(J619:J621) -> 28.333333 | Z87: =AVERAGE(M619:M621) -> 31.333333 | AA87: =AVERAGE(P619:P621) -> 32.333333 | AB87: =AVERAGE(J622:J624) -> 29 | AC87: =AVERAGE(M622:M624) -> 31.666667 | AD87: =AVERAGE(P622:P624) -> 31.333333 | AE87: =Y87/$X87 -> 1.0897436 | AF87: =Z87/$X87 -> 1.2051282 | AG87: =AA87/$X87 -> 1.2435897 | AH87: =AB87/$X87 -> 1.1153846 | AI87: =AC87/$X87 -> 1.2179487 | AJ87: =AD87/$X87 -> 1.2051282
D88: 1 | E88: Nkokonjeru | F88: Kisoga | G88: 15 | H88: 0.35069444 | I88: 0.40555556 | J88: 19 | K88: 0.54513889 | L88: 0.55833333 | M88: 19 | N88: 0.70138889 | O88: 0.71388889 | P88: 18 | T88: Busega | U88: Masaka | V88: =T88&"-"&U88 -> Busega-Masaka | X88: =SUM(X84:X87) -> 120 | Y88: =SUM(Y84:Y87) -> 133 | Z88: =SUM(Z84:Z87) -> 132.33333 | AA88: =SUM(AA84:AA87) -> 146.33333 | AB88: =SUM(AB84:AB87) -> 134.66667 | AC88: =SUM(AC84:AC87) -> 134.66667 | AD88: =SUM(AD84:AD87) -> 154 | AE88: =Y88/$X88 -> 1.1083333 | AF88: =Z88/$X88 -> 1.1027778 | AG88: =AA88/$X88 -> 1.2194444 | AH88: =AB88/$X88 -> 1.1222222 | AI88: =AC88/$X88 -> 1.1222222 | AJ88: =AD88/$X88 -> 1.2833333
D89: 2 | E89: Nkokonjeru | F89: Kisoga | G89: 15 | H89: 0.36041667 | I89: 0.41527778 | J89: 19 | K89: 0.60972222 | L89: 0.62291667 | M89: 19 | N89: 0.69791667 | O89: 0.71041667 | P89: 18 | R89: JT32 | S89: Masaka - Mutukula | T89: Masaka | U89: Kalisizo | V89: =T89&"-"&U89 -> Masaka-Kalisizo | X89: =G627 -> 30 | Y89: =AVERAGE(J625:J627) -> 33.666667 | Z89: =AVERAGE(M625:M627) -> 33 | AA89: =AVERAGE(P625:P627) -> 33 | AB89: =AVERAGE(J628:J630) -> 34 | AC89: =AVERAGE(M628:M630) -> 35 | AD89: =AVERAGE(P628:P630) -> 35 | AE89: =Y89/$X89 -> 1.1222222 | AF89: =Z89/$X89 -> 1.1 | AG89: =AA89/$X89 -> 1.1 | AH89: =AB89/$X89 -> 1.1333333 | AI89: =AC89/$X89 -> 1.1666667 | AJ89: =AD89/$X89 -> 1.1666667
D90: 3 | E90: Nkokonjeru | F90: Kisoga | G90: 15 | H90: 0.31319444 | I90: 0.36736111 | J90: 18 | K90: 0.48611111 | L90: 0.49861111 | M90: 18 | N90: 0.72222222 | O90: 0.73472222 | P90: 18 | T90: Kalisizo | U90: Mutukula | V90: =T90&"-"&U90 -> Kalisizo-Mutukula | X90: =G633 -> 61 | Y90: =AVERAGE(J631:J633) -> 61 | Z90: =AVERAGE(M631:M633) -> 61 | AA90: =AVERAGE(P631:P633) -> 61 | AB90: =AVERAGE(J626:J634) -> 45.888889 | AC90: =AVERAGE(M626:M634) -> 46.444444 | AD90: =AVERAGE(P626:P634) -> 46.444444 | AE90: =Y90/$X90 -> 1 | AF90: =Z90/$X90 -> 1 | AG90: =AA90/$X90 -> 1 | AH90: =AB90/$X90 -> 0.75227687 | AI90: =AC90/$X90 -> 0.76138434 | AJ90: =AD90/$X90 -> 0.76138434
D91: 1 | E91: Nkokonjeru | F91: Buikwe | G91: 24 | H91: 0.35069444 | I91: 0.41597222 | J91: 34 | K91: 0.54583333 | L91: 0.57013889 | M91: 35 | N91: 0.72222222 | O91: 0.74583333 | P91: 34 | T91: Masaka | U91: Mutukula | V91: =T91&"-"&U91 -> Masaka-Mutukula | X91: =SUM(X89:X90) -> 91 | Y91: =SUM(Y89:Y90) -> 94.666667 | Z91: =SUM(Z89:Z90) -> 94 | AA91: =SUM(AA89:AA90) -> 94 | AB91: =SUM(AB89:AB90) -> 79.888889 | AC91: =SUM(AC89:AC90) -> 81.444444 | AD91: =SUM(AD89:AD90) -> 81.444444 | AE91: =Y91/$X91 -> 1.040293 | AF91: =Z91/$X91 -> 1.032967 | AG91: =AA91/$X91 -> 1.032967 | AH91: =AB91/$X91 -> 0.87789988 | AI91: =AC91/$X91 -> 0.89499389 | AJ91: =AD91/$X91 -> 0.89499389
D92: 2 | E92: Nkokonjeru | F92: Buikwe | G92: 24 | H92: 0.36180556 | I92: 0.38472222 | J92: 33 | K92: 0.61111111 | L92: 0.63402778 | M92: 33 | N92: 0.71597222 | O92: 0.73888889 | P92: 34 | R92: JT33 | S92: Masaka - Lyantonde - Mbarara | T92: Masaka | U92: Lyantonde | V92: =T92&"-"&U92 -> Masaka-Lyantonde | X92: =G639 -> 74 | Y92: =AVERAGE(J637:J639) -> 68.666667 | Z92: =AVERAGE(M637:M639) -> 68.333333 | AA92: =AVERAGE(P637:P639) -> 69 | AB92: =AVERAGE(J640:J642) -> 72 | AC92: =AVERAGE(M640:M642) -> 72.333333 | AD92: =AVERAGE(P640:P642) -> 72 | AE92: =Y92/$X92 -> 0.92792793 | AF92: =Z92/$X92 -> 0.92342342 | AG92: =AA92/$X92 -> 0.93243243 | AH92: =AB92/$X92 -> 0.97297297 | AI92: =AC92/$X92 -> 0.97747748 | AJ92: =AD92/$X92 -> 0.97297297
D93: 3 | E93: Nkokonjeru | F93: Buikwe | G93: 24 | H93: 0.31458333 | I93: 0.33819444 | J93: 34 | K93: 0.48611111 | L93: 0.50972222 | M93: 34 | N93: 0.72916667 | O93: 0.75277778 | P93: 34 | T93: Lyantonde | U93: Mbarara | V93: =T93&"-"&U93 -> Lyantonde-Mbarara | X93: =G645 -> 67 | Y93: =AVERAGE(J643:J645) -> 64.333333 | Z93: =AVERAGE(M643:M645) -> 64.333333 | AA93: =AVERAGE(P643:P645) -> 64 | AB93: =AVERAGE(J646:J648) -> 64.333333 | AC93: =AVERAGE(M646:M648) -> 65.333333 | AD93: =AVERAGE(P646:P648) -> 65 | AE93: =Y93/$X93 -> 0.960199 | AF93: =Z93/$X93 -> 0.960199 | AG93: =AA93/$X93 -> 0.95522388 | AH93: =AB93/$X93 -> 0.960199 | AI93: =AC93/$X93 -> 0.97512438 | AJ93: =AD93/$X93 -> 0.97014925
D94: 1 | E94: Buikwe | F94: Nkokonjeru | G94: 24 | H94: 0.35138889 | I94: 0.38125 | J94: 35 | K94: 0.54722222 | L94: 0.57083333 | M94: 34 | N94: 0.74861111 | O94: 0.77222222 | P94: 34 | T94: Masaka | U94: Mbarara | V94: =T94&"-"&U94 -> Masaka-Mbarara | X94: =SUM(X92:X93) -> 141 | Y94: =SUM(Y92:Y93) -> 133 | Z94: =SUM(Z92:Z93) -> 132.66667 | AA94: =SUM(AA92:AA93) -> 133 | AB94: =SUM(AB92:AB93) -> 136.33333 | AC94: =SUM(AC92:AC93) -> 137.66667 | AD94: =SUM(AD92:AD93) -> 137 | AE94: =Y94/$X94 -> 0.94326241 | AF94: =Z94/$X94 -> 0.94089835 | AG94: =AA94/$X94 -> 0.94326241 | AH94: =AB94/$X94 -> 0.96690307 | AI94: =AC94/$X94 -> 0.97635934 | AJ94: =AD94/$X94 -> 0.97163121
D95: 2 | E95: Buikwe | F95: Nkokonjeru | G95: 24 | H95: 0.3625 | I95: 0.38680556 | J95: 35 | K95: 0.61180556 | L95: 0.63472222 | M95: 33 | N95: 0.70208333 | O95: 0.72569444 | P95: 34 | R95: JT34 | S95: Mbarara - Kabale - Katuna | T95: Mbarara | U95: Ntungamo | V95: =T95&"-"&U95 -> Mbarara-Ntungamo | X95: =G651 -> 64 | Y95: =AVERAGE(J649:J651) -> 68.666667 | Z95: =AVERAGE(M649:M651) -> 68.666667 | AA95: =AVERAGE(P649:P651) -> 68.666667 | AB95: =AVERAGE(J652:J654) -> 66.666667 | AC95: =AVERAGE(M652:M654) -> 66.333333 | AD95: =AVERAGE(P652:P654) -> 66.333333 | AE95: =Y95/$X95 -> 1.0729167 | AF95: =Z95/$X95 -> 1.0729167 | AG95: =AA95/$X95 -> 1.0729167 | AH95: =AB95/$X95 -> 1.0416667 | AI95: =AC95/$X95 -> 1.0364583 | AJ95: =AD95/$X95 -> 1.0364583
D96: 3 | E96: Buikwe | F96: Nkokonjeru | G96: 24 | H96: 0.31458333 | I96: 0.33402778 | J96: 34 | K96: 0.48611111 | L96: 0.50972222 | M96: 34 | N96: 0.67569444 | O96: 0.69930556 | P96: 34 | T96: Ntungamo | U96: Kabale | V96: =T96&"-"&U96 -> Ntungamo-Kabale | X96: =G657 -> 78 | Y96: =AVERAGE(J655:J657) -> 73.333333 | Z96: =AVERAGE(M655:M657) -> 73.333333 | AA96: =AVERAGE(P655:P657) -> 73 | AB96: =AVERAGE(J658:J660) -> 69 | AC96: =AVERAGE(M658:M660) -> 69 | AD96: =AVERAGE(P658:P660) -> 69 | AE96: =Y96/$X96 -> 0.94017094 | AF96: =Z96/$X96 -> 0.94017094 | AG96: =AA96/$X96 -> 0.93589744 | AH96: =AB96/$X96 -> 0.88461538 | AI96: =AC96/$X96 -> 0.88461538 | AJ96: =AD96/$X96 -> 0.88461538
D97: 1 | E97: Buikwe | F97: New Bridge | G97: 28 | H97: 0.35208333 | I97: 0.37986111 | J97: 40 | K97: 0.54722222 | L97: 0.575 | M97: 40 | N97: 0.69861111 | O97: 0.72708333 | P97: 41 | T97: Kabale | U97: Katuna | V97: =T97&"-"&U97 -> Kabale-Katuna | X97: =G663 -> 25 | Y97: =AVERAGE(J661:J663) -> 28 | Z97: =AVERAGE(M661:M663) -> 28 | AA97: =AVERAGE(P661:P663) -> 28 | AB97: =AVERAGE(J664:J666) -> 28 | AC97: =AVERAGE(M664:M666) -> 28 | AD97: =AVERAGE(P664:P666) -> 28 | AE97: =Y97/$X97 -> 1.12 | AF97: =Z97/$X97 -> 1.12 | AG97: =AA97/$X97 -> 1.12 | AH97: =AB97/$X97 -> 1.12 | AI97: =AC97/$X97 -> 1.12 | AJ97: =AD97/$X97 -> 1.12
D98: 2 | E98: Buikwe | F98: New Bridge | G98: 28 | H98: 0.3625 | I98: 0.39097222 | J98: 41 | K98: 0.61180556 | L98: 0.63958333 | M98: 40 | N98: 0.69930556 | O98: 0.72777778 | P98: 41 | T98: Kabale | U98: Kisoro | V98: =T98&"-"&U98 -> Kabale-Kisoro | X98: =G667 -> 75 | Y98: =AVERAGE(J667:J669) -> 101 | Z98: =AVERAGE(M667:M671) -> 101 | AA98: =AVERAGE(P667:P671) -> 101 | AB98: =AVERAGE(J670:J672) -> 101 | AC98: =AVERAGE(M670:M672) -> 101 | AD98: =AVERAGE(P670:P672) -> 101 | AE98: =Y98/$X98 -> 1.3466667 | AF98: =Z98/$X98 -> 1.3466667 | AG98: =AA98/$X98 -> 1.3466667 | AH98: =AB98/$X98 -> 1.3466667 | AI98: =AC98/$X98 -> 1.3466667 | AJ98: =AD98/$X98 -> 1.3466667
D99: 3 | E99: Buikwe | F99: New Bridge | G99: 28 | H99: 0.31666667 | I99: 0.34444444 | J99: 40 | K99: 0.59722222 | L99: 0.625 | M99: 40 | N99: 0.73888889 | O99: 0.72569444 | P99: 41 | T99: Kisoro | U99: Bunagana | V99: =T99&"-"&U99 -> Kisoro-Bunagana | X99: =G673 -> 12 | Y99: =AVERAGE(J673:J675) -> 23 | Z99: =AVERAGE(M673:M675) -> 22 | AA99: =AVERAGE(P673:P675) -> 22.666667 | AB99: =AVERAGE(J676:J678) -> 23 | AC99: =AVERAGE(M676:M678) -> 22 | AD99: =AVERAGE(P676:P678) -> 33.666667 | AE99: =Y99/$X99 -> 1.9166667 | AF99: =Z99/$X99 -> 1.8333333 | AG99: =AA99/$X99 -> 1.8888889 | AH99: =AB99/$X99 -> 1.9166667 | AI99: =AC99/$X99 -> 1.8333333 | AJ99: =AD99/$X99 -> 2.8055556
D100: 1 | E100: New Bridge | F100: Buikwe | G100: 28 | H100: 0.35277778 | I100: 0.38055556 | J100: 40 | K100: 0.41944444 | L100: 0.44791667 | M100: 41 | N100: 0.77083333 | O100: 0.75694444 | P100: 40 | T100: Mbarara | U100: Bunagana | V100: =T100&"-"&U100 -> Mbarara-Bunagana | X100: =SUM(X95:X99) -> 254 | Y100: =SUM(Y95:Y99) -> 294 | Z100: =SUM(Z95:Z99) -> 293 | AA100: =SUM(AA95:AA99) -> 293.33333 | AB100: =SUM(AB95:AB99) -> 287.66667 | AC100: =SUM(AC95:AC99) -> 286.33333 | AD100: =SUM(AD95:AD99) -> 298 | AE100: =Y100/$X100 -> 1.1574803 | AF100: =Z100/$X100 -> 1.1535433 | AG100: =AA100/$X100 -> 1.1548556 | AH100: =AB100/$X100 -> 1.1325459 | AI100: =AC100/$X100 -> 1.1272966 | AJ100: =AD100/$X100 -> 1.1732283
D101: 2 | E101: New Bridge | F101: Buikwe | G101: 28 | H101: 0.36319444 | I101: 0.35069444 | J101: 42 | K101: 0.50972222 | L101: 0.5375 | M101: 40 | N101: 0.78055556 | O101: 0.725 | P101: 40 | R101: JT35 | S101: Mbarara - Ishaka - Kasese | T101: Mbarara | U101: Ishaka | V101: Mbarara-Ishaka | W101: Tamac-good | X101: 63 | Y101: 72 | Z101: 72 | AA101: 72 | AB101: 63 | AC101: 71.333333 | AD101: 71.333333 | AE101: 1.1428571 | AF101: 1.1428571 | AG101: 1.1428571 | AH101: 1 | AI101: 1.1322751 | AJ101: 1.1322751
...

Sheet JT var
B1: Distance from Kampala Central (Km) | C1: JT Per Km (Min/Km) | D1: Speed (Kph)
B2: 0 - 5 | C2: =AVERAGE('JT data'!AJ7,'JT data'!AJ25,'JT data'!AJ35) -> 3.7912387 | D2: =60/C2 -> 15.825962
B3: 6 - 20 | C3: =AVERAGE('JT data'!AJ8,'JT data'!AJ26,'JT data'!AJ36,'JT data'!AJ49,'JT data'!AJ54,'JT data'!AJ84:AJ85) -> 2.6009677 | D3: =60/C3 -> 23.068338
B4: 21 - 40 | C4: =AVERAGE('JT data'!AJ9,'JT data'!AJ28,'JT data'!AJ37,'JT data'!AJ50,'JT data'!AJ55) -> 1.375741 | D4: =60/C4 -> 43.612861
B5: 41 - 100 | C5: =AVERAGE('JT data'!AJ10,'JT data'!AJ38,'JT data'!AJ51,'JT data'!AJ56,'JT data'!AJ87) -> 0.9796431 | D5: =60/C5 -> 61.246795
B6: Over 100Km | C6: =AVERAGE('JT data'!AJ40,'JT data'!AJ52,'JT data'!AJ58,'JT data'!AJ87) -> 0.97783 | D6: =60/C6 -> 61.360359

Sheet Timing pts
A2: TIMING POINTS
A3: Ref | B3: Route | C3: From | D3: To
A4: JT1 | B4: Kampala - Jinja | C4: Spear Junction | D4: Bweyogerere
C5: Bweyogerere | D5: Mukono
C6: Mukono | D6: Lugazi
C7: Lugazi | D7: Jinja Java House
A8: JT2 | B8: Jinja-Tororo-Mbale

Sheet Sheet1
