Workbook

Sheet 21.01 MITYANA RBT-SENTEMA RBT
B1: Consultancy services for Preparation of Expressway Development Master Plan (EDMP) for Uganda
B2: AUTOMATIC TRAFFIC COUNT (ATC)
B3: ROAD NAME: | C3: ATC - STN13-NORTHERN BYPASS RD
C5: Date | D5: 21.01.2020 | F5: Location | J5: Surveyor | K5: ATC
C6: Dir. From | D6: MITYANA RBT | F6: Dir. To | G6: SENTEMA RBT | J6: Supervisor | K6: IVAN
C8: SUMMARY TRAFFIC VOLUMES
B9: Time / Veh Type | C9: 1.Motorcycles | D9: 1. Car | E9: 2. Station Wagon | F9: 3. Pickups | G9: 4. Minibus, matatu | H9: 5. Medium bus | I9: 6. Large Bus | J9: 7. Light Truck | K9: 8. Medium Truck | L9: 9. Heavy truck | M9: 10. Truck Trailer | N9: 12. Tractors | O9: Total Excl M/ Cycles | P9: Total All
B10: Mon | C10: 8831 | D10: =$O10*D$20 -> 7818.2115 | E10: =$O10*E$20 -> 1209.8358 | F10: =$O10*F$20 -> 1105.075 | G10: =$O10*G$20 -> 3196.0975 | H10: =$O10*H$20 -> 204.33086 | I10: =$O10*I$20 -> 68.267585 | J10: =$O10*J$20 -> 1236.9961 | K10: =$O10*K$20 -> 1020.9727 | ... N10: =$O10*N$20 -> 0.78649292 | O10: 16859 | P10: =SUM(C10:N10) -> 25690
B11: TUE | C11: 6334 | D11: =$O11*D$20 -> 7979.1297 | E11: =$O11*E$20 -> 1234.7373 | F11: =$O11*F$20 -> 1127.8202 | G11: =$O11*G$20 -> 3261.8811 | H11: =$O11*H$20 -> 208.5365 | I11: =$O11*I$20 -> 69.672701 | J11: =$O11*J$20 -> 1262.4565 | K11: =$O11*K$20 -> 1041.9868 | ... N11: =$O11*N$20 -> 0.80268089 | O11: 17206 | P11: =SUM(C11:N11) -> 23540
B12: WED | C12: 8244 | D12: =$O12*D$20 -> 7322.4722 | E12: =$O12*E$20 -> 1133.1222 | F12: =$O12*F$20 -> 1035.0041 | G12: =$O12*G$20 -> 2993.4385 | H12: =$O12*H$20 -> 191.37459 | I12: =$O12*I$20 -> 63.938856 | J12: =$O12*J$20 -> 1158.5603 | K12: =$O12*K$20 -> 956.23456 | ... N12: =$O12*N$20 -> 0.73662276 | O12: 15790 | P12: =SUM(C12:N12) -> 24034
B13: THU | C13: 8208 | D13: =$O13*D$20 -> 7404.0907 | E13: =$O13*E$20 -> 1145.7524 | F13: =$O13*F$20 -> 1046.5406 | G13: =$O13*G$20 -> 3026.8042 | H13: =$O13*H$20 -> 193.50771 | I13: =$O13*I$20 -> 64.651537 | J13: =$O13*J$20 -> 1171.4739 | K13: =$O13*K$20 -> 966.89303 | ... N13: =$O13*N$20 -> 0.74483338 | O13: 15966 | P13: =SUM(C13:N13) -> 24174
B14: FRI | C14: 8590 | D14: =$O14*D$20 -> 8029.6774 | E14: =$O14*E$20 -> 1242.5593 | F14: =$O14*F$20 -> 1134.9649 | G14: =$O14*G$20 -> 3282.5451 | H14: =$O14*H$20 -> 209.85757 | I14: =$O14*I$20 -> 70.114078 | J14: =$O14*J$20 -> 1270.4542 | K14: =$O14*K$20 -> 1048.5878 | ... N14: =$O14*N$20 -> 0.80776587 | O14: 17315 | P14: =SUM(C14:N14) -> 25905
B15: SAT | C15: 8763 | D15: =$O15*D$20 -> 8298.1835 | E15: =$O15*E$20 -> 1284.1095 | F15: =$O15*F$20 -> 1172.9172 | G15: =$O15*G$20 -> 3392.3108 | H15: =$O15*H$20 -> 216.87505 | I15: =$O15*I$20 -> 72.458637 | J15: =$O15*J$20 -> 1312.9372 | K15: =$O15*K$20 -> 1083.6518 | ... N15: =$O15*N$20 -> 0.83477693 | O15: 17894 | P15: =SUM(C15:N15) -> 26657
B16: SUN | C16: 8962 | D16: =$O16*D$20 -> 8326.4718 | E16: =$O16*E$20 -> 1288.487 | F16: =$O16*F$20 -> 1176.9157 | G16: =$O16*G$20 -> 3403.8751 | H16: =$O16*H$20 -> 217.61437 | I16: =$O16*I$20 -> 72.705646 | J16: =$O16*J$20 -> 1317.4129 | K16: =$O16*K$20 -> 1087.3459 | ... N16: =$O16*N$20 -> 0.83762265 | O16: 17955 | P16: =SUM(C16:N16) -> 26917
B17: Average daily volume | C17: =AVERAGE(C10:C16) -> 8276 | D17: =AVERAGE(D10:D16) -> 7882.6053 | E17: =AVERAGE(E10:E16) -> 1219.8005 | F17: =AVERAGE(F10:F16) -> 1114.1768 | G17: =AVERAGE(G10:G16) -> 3222.4218 | H17: =AVERAGE(H10:H16) -> 206.01381 | I17: =AVERAGE(I10:I16) -> 68.829863 | J17: =AVERAGE(J10:J16) -> 1247.1844 | ... N17: =AVERAGE(N10:N16) -> 0.79297077 | O17: 16997.857 | P17: =AVERAGE(P10:P16) -> 25273.857
B18: %ges + MCs | C18: =C$17/P$17 -> 0.32745299 | D18: =D17/$P$17 -> 0.3118877 | E18: =E17/$P$17 -> 0.04826333 | F18: =F17/$P$17 -> 0.044084161 | G18: =G17/$P$17 -> 0.1275002 | H18: =H17/$P$17 -> 0.008151261 | I18: =I17/$P$17 -> 0.002723362 | J18: =J17/$P$17 -> 0.049346818 | K18: =K17/$P$17 -> 0.040729113 | ... N18: =N17/$P$17 -> 3.1375139e-05
B19: %ges w/o MCs | D19: =D$17/$O$17 -> 0.46374112 | E19: =E$17/$O$17 -> 0.071762017 | F19: =F$17/$O$17 -> 0.065548074 | G19: =G$17/$O$17 -> 0.18957812 | H19: =H$17/$O$17 -> 0.012119987 | I19: =I$17/$O$17 -> 0.0040493259 | J19: =J$17/$O$17 -> 0.073373039 | K19: =K$17/$O$17 -> 0.060559504 | ... N19: =N$17/$O$17 -> 4.665122e-05
D20: 0.46374112 | E20: 0.071762017 | F20: 0.065548074 | G20: 0.18957812 | H20: 0.012119987 | I20: 0.0040493259 | J20: 0.073373039 | K20: 0.060559504 | L20: 0.026849332 | M20: 0.032372837 | N20: 4.665122e-05

Sheet 21.01 SENTEMA RBT-MITYAN RBT
B1: Consultancy services for Preparation of Expressway Development Master Plan (EDMP) for Uganda
B2: AUTOMATIC TRAFFIC COUNT (ATC)
B3: ROAD NAME: | C3: ATC - STN13-NORTHERN BYPASS RD
C5: Date | D5: 21.01.2020 | F5: Location | J5: Surveyor | K5: ATC
C6: Dir. From | D6: SENTEMA RBT | F6: Dir. To | G6: MITYANA RBT | J6: Supervisor | K6: IVAN
C8: WEEKLY TRAFFIC VOLUMES
B9: Time / Veh Type | C9: 1.Motorcycles | D9: 1. Car | E9: 2. Station Wagon | F9: 3. Pickups | G9: 4. Minibus matatu | H9: 5. Medium bus | I9: 6. Large Bus | J9: 7. Light Truck | K9: 8. Medium Truck | L9: 9. Heavy truck | M9: 10. Truck Trailer | N9: 12. Tractors | O9: Total Excl M/ Cycles | P9: Total All
B10: Mon | C10: 2689 | D10: =$O10*D$20 -> 3561.5318 | E10: =$O10*E$20 -> 551.13229 | F10: =$O10*F$20 -> 503.40921 | G10: =$O10*G$20 -> 1455.9599 | H10: =$O10*H$20 -> 93.0815 | I10: =$O10*I$20 -> 31.098823 | J10: =$O10*J$20 -> 563.50494 | K10: =$O10*K$20 -> 465.09699 | ... N10: =$O10*N$20 -> 0.35828137 | O10: 7680 | P10: =SUM(C10:N10) -> 10369
B11: TUE | C11: 8961 | D11: =$O11*D$20 -> 7493.5927 | E11: =$O11*E$20 -> 1159.6024 | F11: =$O11*F$20 -> 1059.1913 | G11: =$O11*G$20 -> 3063.3928 | H11: =$O11*H$20 -> 195.84687 | I11: =$O11*I$20 -> 65.433057 | J11: =$O11*J$20 -> 1185.6349 | K11: =$O11*K$20 -> 978.58102 | ... N11: =$O11*N$20 -> 0.75383706 | O11: 16159 | P11: =SUM(C11:N11) -> 25120
B12: WED | C12: 9009 | D12: =$O12*D$20 -> 7742.1579 | E12: =$O12*E$20 -> 1198.0669 | F12: =$O12*F$20 -> 1094.3251 | G12: =$O12*G$20 -> 3165.0067 | H12: =$O12*H$20 -> 202.34318 | I12: =$O12*I$20 -> 67.603496 | J12: =$O12*J$20 -> 1224.9629 | K12: =$O12*K$20 -> 1011.0409 | ... N12: =$O12*N$20 -> 0.77884212 | O12: 16695 | P12: =SUM(C12:N12) -> 25704
B13: THU | C13: 9022 | D13: =$O13*D$20 -> 7841.8623 | E13: =$O13*E$20 -> 1213.4957 | F13: =$O13*F$20 -> 1108.4179 | G13: =$O13*G$20 -> 3205.766 | H13: =$O13*H$20 -> 204.94898 | I13: =$O13*I$20 -> 68.474101 | J13: =$O13*J$20 -> 1240.7381 | K13: =$O13*K$20 -> 1024.0612 | ... N13: =$O13*N$20 -> 0.78887213 | O13: 16910 | P13: =SUM(C13:N13) -> 25932
B14: FRI | C14: 9510 | D14: =$O14*D$20 -> 8708.1307 | E14: =$O14*E$20 -> 1347.5471 | F14: =$O14*F$20 -> 1230.8617 | G14: =$O14*G$20 -> 3559.8979 | H14: =$O14*H$20 -> 227.58911 | I14: =$O14*I$20 -> 76.038242 | J14: =$O14*J$20 -> 1377.7989 | K14: =$O14*K$20 -> 1137.1864 | ... N14: =$O14*N$20 -> 0.87601661 | O14: 18778 | P14: =SUM(C14:N14) -> 28288
B15: SAT | C15: 9889 | D15: =$O15*D$20 -> 9063.8201 | E15: =$O15*E$20 -> 1402.5886 | F15: =$O15*F$20 -> 1281.1371 | G15: =$O15*G$20 -> 3705.3043 | H15: =$O15*H$20 -> 236.88514 | I15: =$O15*I$20 -> 79.144075 | J15: =$O15*J$20 -> 1434.076 | K15: =$O15*K$20 -> 1183.6355 | ... N15: =$O15*N$20 -> 0.91179809 | O15: 19545 | P15: =SUM(C15:N15) -> 29434
B16: SUN | C16: 8180 | D16: =$O16*D$20 -> 7399.917 | E16: =$O16*E$20 -> 1145.1065 | F16: =$O16*F$20 -> 1045.9506 | G16: =$O16*G$20 -> 3025.098 | H16: =$O16*H$20 -> 193.39863 | I16: =$O16*I$20 -> 64.615093 | J16: =$O16*J$20 -> 1170.8136 | K16: =$O16*K$20 -> 966.348 | ... N16: =$O16*N$20 -> 0.74441352 | O16: 15957 | P16: =SUM(C16:N16) -> 24137
B17: Average daily volume | C17: =AVERAGE(C10:C16) -> 8180 | D17: =AVERAGE(D10:D16) -> 7401.5732 | E17: =AVERAGE(E10:E16) -> 1145.3628 | F17: =AVERAGE(F10:F16) -> 1046.1847 | G17: =AVERAGE(G10:G16) -> 3025.7751 | H17: =AVERAGE(H10:H16) -> 193.44192 | I17: =AVERAGE(I10:I16) -> 64.629555 | J17: =AVERAGE(J10:J16) -> 1171.0756 | ... P17: =AVERAGE(P10:P16) -> 24140.571
B18: %ges + MCs | C18: =C$17/P$17 -> 0.33884865 | D18: =D17/$P$17 -> 0.30660307 | E18: =E17/$P$17 -> 0.047445554 | F18: =F17/$P$17 -> 0.043337198 | G18: =G17/$P$17 -> 0.12533983 | H18: =H17/$P$17 -> 0.0080131457 | I18: =I17/$P$17 -> 0.0026772173 | J18: =J17/$P$17 -> 0.048510684 | K18: =K17/$P$17 -> 0.040038998 | ... N18: =N17/$P$17 -> 3.0843517e-05
B19: %ges w/o MCs | D19: =D$17/$O$17 -> 0.46374112 | E19: =E$17/$O$17 -> 0.071762017 | F19: =F$17/$O$17 -> 0.065548074 | G19: =G$17/$O$17 -> 0.18957812 | H19: =H$17/$O$17 -> 0.012119987 | I19: =I$17/$O$17 -> 0.0040493259 | J19: =J$17/$O$17 -> 0.073373039 | K19: =K$17/$O$17 -> 0.060559504 | ... N19: =N$17/$O$17 -> 4.665122e-05
D20: 0.46374112 | E20: 0.071762017 | F20: 0.065548074 | G20: 0.18957812 | H20: 0.012119987 | I20: 0.0040493259 | J20: 0.073373039 | K20: 0.060559504 | L20: 0.026849332 | M20: 0.032372837 | N20: 4.665122e-05

Sheet 21.01 SENTEMA-MITYANA 2DIR
B1: Consultancy services for Preparation of Expressway Development Master Plan (EDMP) for Uganda
B2: AUTOMATIC TRAFFIC COUNT (ATC)
B3: ROAD NAME: | C3: ATC BOTH DIRECTIONS
C5: Date | D5: 21.01.2020 | F5: Location | J5: Surveyor | K5: IVAN
C6: Dir. From | D6: MITYANA RBT | F6: Dir. To | G6: SENTEMA RBT | J6: Supervisor | K6: ISACA MUYINZA
C8: SUMMARY TRAFFIC VOLUMES
B9: Time / Veh Type | C9: 1.Motorcycles | D9: 1. Car | E9: 2. Station Wagon | F9: 3. Pickups | G9: 4. Minibus matatu | H9: 5. Medium bus | I9: 6. Large Bus | J9: 7. Light Truck | K9: 8. Medium Truck | L9: 9. Heavy truck | M9: 10. Truck Trailer | N9: 12. Tractors | O9: Total Excl M/ Cycles | P9: Total All
B10: Mon | C10: ='21.01 MITYANA RBT-SENTEMA RBT'!C10+'21.01 SENTEMA RBT-MITYAN RBT'!C10 -> 11520 | D10: ='21.01 MITYANA RBT-SENTEMA RBT'!D10+'21.01 SENTEMA RBT-MITYAN RBT'!D10 -> 11379.743 | E10: ='21.01 MITYANA RBT-SENTEMA RBT'!E10+'21.01 SENTEMA RBT-MITYAN RBT'!E10 -> 1760.9681 | F10: ='21.01 MITYANA RBT-SENTEMA RBT'!F10+'21.01 SENTEMA RBT-MITYAN RBT'!F10 -> 1608.4842 | G10: ='21.01 MITYANA RBT-SENTEMA RBT'!G10+'21.01 SENTEMA RBT-MITYAN RBT'!G10 -> 4652.0574 | H10: ='21.01 MITYANA RBT-SENTEMA RBT'!H10+'21.01 SENTEMA RBT-MITYAN RBT'!H10 -> 297.41236 | I10: ='21.01 MITYANA RBT-SENTEMA RBT'!I10+'21.01 SENTEMA RBT-MITYAN RBT'!I10 -> 99.366408 | J10: ='21.01 MITYANA RBT-SENTEMA RBT'!J10+'21.01 SENTEMA RBT-MITYAN RBT'!J10 -> 1800.501 | ... N10: ='21.01 MITYANA RBT-SENTEMA RBT'!N10+'21.01 SENTEMA RBT-MITYAN RBT'!N10 -> 1.1447743 | O10: =SUM(D10:N10) -> 24539 | P10: =SUM(C10:N10) -> 36059
B11: TUE | C11: ='21.01 MITYANA RBT-SENTEMA RBT'!C11+'21.01 SENTEMA RBT-MITYAN RBT'!C11 -> 15295 | D11: ='21.01 MITYANA RBT-SENTEMA RBT'!D11+'21.01 SENTEMA RBT-MITYAN RBT'!D11 -> 15472.722 | E11: ='21.01 MITYANA RBT-SENTEMA RBT'!E11+'21.01 SENTEMA RBT-MITYAN RBT'!E11 -> 2394.3397 | F11: ='21.01 MITYANA RBT-SENTEMA RBT'!F11+'21.01 SENTEMA RBT-MITYAN RBT'!F11 -> 2187.0115 | G11: ='21.01 MITYANA RBT-SENTEMA RBT'!G11+'21.01 SENTEMA RBT-MITYAN RBT'!G11 -> 6325.2739 | H11: ='21.01 MITYANA RBT-SENTEMA RBT'!H11+'21.01 SENTEMA RBT-MITYAN RBT'!H11 -> 404.38336 | I11: ='21.01 MITYANA RBT-SENTEMA RBT'!I11+'21.01 SENTEMA RBT-MITYAN RBT'!I11 -> 135.10576 | J11: ='21.01 MITYANA RBT-SENTEMA RBT'!J11+'21.01 SENTEMA RBT-MITYAN RBT'!J11 -> 2448.0914 | ... N11: ='21.01 MITYANA RBT-SENTEMA RBT'!N11+'21.01 SENTEMA RBT-MITYAN RBT'!N11 -> 1.556518 | O11: =SUM(D11:N11) -> 33365 | P11: =SUM(C11:N11) -> 48660
B12: WED | C12: ='21.01 MITYANA RBT-SENTEMA RBT'!C12+'21.01 SENTEMA RBT-MITYAN RBT'!C12 -> 17253 | D12: ='21.01 MITYANA RBT-SENTEMA RBT'!D12+'21.01 SENTEMA RBT-MITYAN RBT'!D12 -> 15064.63 | E12: ='21.01 MITYANA RBT-SENTEMA RBT'!E12+'21.01 SENTEMA RBT-MITYAN RBT'!E12 -> 2331.1891 | F12: ='21.01 MITYANA RBT-SENTEMA RBT'!F12+'21.01 SENTEMA RBT-MITYAN RBT'!F12 -> 2129.3292 | G12: ='21.01 MITYANA RBT-SENTEMA RBT'!G12+'21.01 SENTEMA RBT-MITYAN RBT'!G12 -> 6158.4451 | H12: ='21.01 MITYANA RBT-SENTEMA RBT'!H12+'21.01 SENTEMA RBT-MITYAN RBT'!H12 -> 393.71778 | I12: ='21.01 MITYANA RBT-SENTEMA RBT'!I12+'21.01 SENTEMA RBT-MITYAN RBT'!I12 -> 131.54235 | J12: ='21.01 MITYANA RBT-SENTEMA RBT'!J12+'21.01 SENTEMA RBT-MITYAN RBT'!J12 -> 2383.5232 | ... N12: ='21.01 MITYANA RBT-SENTEMA RBT'!N12+'21.01 SENTEMA RBT-MITYAN RBT'!N12 -> 1.5154649 | O12: =SUM(D12:N12) -> 32485 | P12: =SUM(C12:N12) -> 49738
B13: THU | C13: ='21.01 MITYANA RBT-SENTEMA RBT'!C13+'21.01 SENTEMA RBT-MITYAN RBT'!C13 -> 17230 | D13: ='21.01 MITYANA RBT-SENTEMA RBT'!D13+'21.01 SENTEMA RBT-MITYAN RBT'!D13 -> 15245.953 | E13: ='21.01 MITYANA RBT-SENTEMA RBT'!E13+'21.01 SENTEMA RBT-MITYAN RBT'!E13 -> 2359.2481 | F13: ='21.01 MITYANA RBT-SENTEMA RBT'!F13+'21.01 SENTEMA RBT-MITYAN RBT'!F13 -> 2154.9585 | G13: ='21.01 MITYANA RBT-SENTEMA RBT'!G13+'21.01 SENTEMA RBT-MITYAN RBT'!G13 -> 6232.5702 | H13: ='21.01 MITYANA RBT-SENTEMA RBT'!H13+'21.01 SENTEMA RBT-MITYAN RBT'!H13 -> 398.45669 | I13: ='21.01 MITYANA RBT-SENTEMA RBT'!I13+'21.01 SENTEMA RBT-MITYAN RBT'!I13 -> 133.12564 | J13: ='21.01 MITYANA RBT-SENTEMA RBT'!J13+'21.01 SENTEMA RBT-MITYAN RBT'!J13 -> 2412.212 | ... N13: ='21.01 MITYANA RBT-SENTEMA RBT'!N13+'21.01 SENTEMA RBT-MITYAN RBT'!N13 -> 1.5337055 | O13: =SUM(D13:N13) -> 32876 | P13: =SUM(C13:N13) -> 50106 | AB13: =AVERAGE(O10:O13) -> 30816.25 | AC13: =AVERAGE(P10:P13) -> 46140.75
B14: FRI | C14: ='21.01 MITYANA RBT-SENTEMA RBT'!C14+'21.01 SENTEMA RBT-MITYAN RBT'!C14 -> 18100 | D14: ='21.01 MITYANA RBT-SENTEMA RBT'!D14+'21.01 SENTEMA RBT-MITYAN RBT'!D14 -> 16737.808 | E14: ='21.01 MITYANA RBT-SENTEMA RBT'!E14+'21.01 SENTEMA RBT-MITYAN RBT'!E14 -> 2590.1065 | F14: ='21.01 MITYANA RBT-SENTEMA RBT'!F14+'21.01 SENTEMA RBT-MITYAN RBT'!F14 -> 2365.8266 | G14: ='21.01 MITYANA RBT-SENTEMA RBT'!G14+'21.01 SENTEMA RBT-MITYAN RBT'!G14 -> 6842.443 | H14: ='21.01 MITYANA RBT-SENTEMA RBT'!H14+'21.01 SENTEMA RBT-MITYAN RBT'!H14 -> 437.44669 | I14: ='21.01 MITYANA RBT-SENTEMA RBT'!I14+'21.01 SENTEMA RBT-MITYAN RBT'!I14 -> 146.15232 | J14: ='21.01 MITYANA RBT-SENTEMA RBT'!J14+'21.01 SENTEMA RBT-MITYAN RBT'!J14 -> 2648.2531 | ... N14: ='21.01 MITYANA RBT-SENTEMA RBT'!N14+'21.01 SENTEMA RBT-MITYAN RBT'!N14 -> 1.6837825 | O14: =SUM(D14:N14) -> 36093 | P14: =SUM(C14:N14) -> 54193 | AB14: =O14/AB13 -> 1.1712327 | AC14: =P14/AC13 -> 1.1745149
B15: SAT | C15: ='21.01 MITYANA RBT-SENTEMA RBT'!C15+'21.01 SENTEMA RBT-MITYAN RBT'!C15 -> 18652 | D15: ='21.01 MITYANA RBT-SENTEMA RBT'!D15+'21.01 SENTEMA RBT-MITYAN RBT'!D15 -> 17362.004 | E15: ='21.01 MITYANA RBT-SENTEMA RBT'!E15+'21.01 SENTEMA RBT-MITYAN RBT'!E15 -> 2686.6981 | F15: ='21.01 MITYANA RBT-SENTEMA RBT'!F15+'21.01 SENTEMA RBT-MITYAN RBT'!F15 -> 2454.0543 | G15: ='21.01 MITYANA RBT-SENTEMA RBT'!G15+'21.01 SENTEMA RBT-MITYAN RBT'!G15 -> 7097.6151 | H15: ='21.01 MITYANA RBT-SENTEMA RBT'!H15+'21.01 SENTEMA RBT-MITYAN RBT'!H15 -> 453.76019 | I15: ='21.01 MITYANA RBT-SENTEMA RBT'!I15+'21.01 SENTEMA RBT-MITYAN RBT'!I15 -> 151.60271 | J15: ='21.01 MITYANA RBT-SENTEMA RBT'!J15+'21.01 SENTEMA RBT-MITYAN RBT'!J15 -> 2747.0132 | ... N15: ='21.01 MITYANA RBT-SENTEMA RBT'!N15+'21.01 SENTEMA RBT-MITYAN RBT'!N15 -> 1.746575 | O15: =SUM(D15:N15) -> 37439 | P15: =SUM(C15:N15) -> 56091 | AB15: =O15/AB13 -> 1.214911 | AC15: =P15/AC13 -> 1.2156499
B16: SUN | C16: ='21.01 MITYANA RBT-SENTEMA RBT'!C16+'21.01 SENTEMA RBT-MITYAN RBT'!C16 -> 17142 | D16: ='21.01 MITYANA RBT-SENTEMA RBT'!D16+'21.01 SENTEMA RBT-MITYAN RBT'!D16 -> 15726.389 | E16: ='21.01 MITYANA RBT-SENTEMA RBT'!E16+'21.01 SENTEMA RBT-MITYAN RBT'!E16 -> 2433.5935 | F16: ='21.01 MITYANA RBT-SENTEMA RBT'!F16+'21.01 SENTEMA RBT-MITYAN RBT'!F16 -> 2222.8663 | G16: ='21.01 MITYANA RBT-SENTEMA RBT'!G16+'21.01 SENTEMA RBT-MITYAN RBT'!G16 -> 6428.9731 | H16: ='21.01 MITYANA RBT-SENTEMA RBT'!H16+'21.01 SENTEMA RBT-MITYAN RBT'!H16 -> 411.013 | I16: ='21.01 MITYANA RBT-SENTEMA RBT'!I16+'21.01 SENTEMA RBT-MITYAN RBT'!I16 -> 137.32074 | J16: ='21.01 MITYANA RBT-SENTEMA RBT'!J16+'21.01 SENTEMA RBT-MITYAN RBT'!J16 -> 2488.2265 | ... N16: ='21.01 MITYANA RBT-SENTEMA RBT'!N16+'21.01 SENTEMA RBT-MITYAN RBT'!N16 -> 1.5820362 | O16: =SUM(D16:N16) -> 33912 | P16: =SUM(C16:N16) -> 51054 | AB16: =O16/AB13 -> 1.1004584 | AC16: =P16/AC13 -> 1.106484
B17: Average daily volume | C17: =AVERAGE(C10:C16) -> 16456 | D17: =AVERAGE(D10:D16) -> 15284.178 | E17: =AVERAGE(E10:E16) -> 2365.1633 | F17: =AVERAGE(F10:F16) -> 2160.3615 | G17: =AVERAGE(G10:G16) -> 6248.1968 | H17: =AVERAGE(H10:H16) -> 399.45572 | I17: =AVERAGE(I10:I16) -> 133.45942 | J17: =AVERAGE(J10:J16) -> 2418.2601 | ... P17: =AVERAGE(P10:P16) -> 49414.429
B18: %ges + MCs | C18: =C$17/P$17 -> 0.33302014 | D18: =D17/$P$17 -> 0.30930598 | E18: =E17/$P$17 -> 0.04786382 | F18: =F17/$P$17 -> 0.043719245 | G18: =G17/$P$17 -> 0.12644479 | H18: =H17/$P$17 -> 0.0080837872 | I18: =I17/$P$17 -> 0.0027008188 | J18: =J17/$P$17 -> 0.048938339 | K18: =K17/$P$17 -> 0.040391969 | ... N18: =N17/$P$17 -> 3.1115424e-05
B19: %ges w/o MCs | D19: =D$17/$O$17 -> 0.46374112 | E19: =E$17/$O$17 -> 0.071762017 | F19: =F$17/$O$17 -> 0.065548074 | G19: =G$17/$O$17 -> 0.18957812 | H19: =H$17/$O$17 -> 0.012119987 | I19: =I$17/$O$17 -> 0.0040493259 | J19: =J$17/$O$17 -> 0.073373039 | K19: =K$17/$O$17 -> 0.060559504 | ... N19: =N$17/$O$17 -> 4.665122e-05
