Workbook

Sheet 20-26-HOIMA RBT-BWAISE RBT
B1: Consultancy services for Preparation of Expressway Development Master Plan (EDMP) for Uganda
B2: AUTOMATIC TRAFFIC COUNT (ATC)
B3: ROAD NAME: | C3: ATC - STN19-NORTHERN BYPASS RD
C5: Date | D5: 20.01.2020 TO 26.01.2020 | F5: Location | J5: Surveyor | K5: ATC
C6: Dir. From | D6: HOIMA RBT | F6: Dir. To | G6: BWAISE RBT | J6: Supervisor | K6: IVAN
C8: SUMMARY TRAFFIC VOLUMES
B9: Time / Veh Type | C9: 1.Motorcycles | D9: 1. Car | E9: 2. Station Wagon | F9: 3. Pickups | G9: 4. Minibus, matatu | H9: 5. Medium bus | I9: 6. Large Bus | J9: 7. Light Truck | K9: 8. Medium Truck | L9: 9. Heavy truck | M9: 10. Truck Trailer | N9: 12. Tractors | O9: Total Excl M/ Cycles | P9: Total All
B10: Mon | C10: 9218 | D10: =$O10*D$20 -> 7225.5503 | E10: =$O10*E$20 -> 1118.124 | F10: =$O10*F$20 -> 1021.3045 | G10: =$O10*G$20 -> 2953.8166 | H10: =$O10*H$20 -> 188.84152 | I10: =$O10*I$20 -> 63.092547 | J10: =$O10*J$20 -> 1143.2253 | K10: =$O10*K$20 -> 943.57763 | ... N10: =$O10*N$20 -> 0.72687266 | O10: 15581 | P10: =SUM(C10:N10) -> 24799
B11: TUE | C11: 9320 | D11: =$O11*D$20 -> 8783.2568 | E11: =$O11*E$20 -> 1359.1726 | F11: =$O11*F$20 -> 1241.4805 | G11: =$O11*G$20 -> 3590.6095 | H11: =$O11*H$20 -> 229.55255 | I11: =$O11*I$20 -> 76.694232 | J11: =$O11*J$20 -> 1389.6854 | K11: =$O11*K$20 -> 1146.997 | ... N11: =$O11*N$20 -> 0.88357411 | O11: 18940 | P11: =SUM(C11:N11) -> 28260
B12: WED | C12: 8499 | D12: =$O12*D$20 -> 9209.4348 | E12: =$O12*E$20 -> 1425.1219 | F12: =$O12*F$20 -> 1301.7192 | G12: =$O12*G$20 -> 3764.8318 | H12: =$O12*H$20 -> 240.69082 | I12: =$O12*I$20 -> 80.415563 | J12: =$O12*J$20 -> 1457.1152 | K12: =$O12*K$20 -> 1202.6512 | ... N12: =$O12*N$20 -> 0.92644658 | O12: 19859 | P12: =SUM(C12:N12) -> 28358
B13: THU | C13: 8278 | D13: =$O13*D$20 -> 9561.8781 | E13: =$O13*E$20 -> 1479.661 | F13: =$O13*F$20 -> 1351.5357 | G13: =$O13*G$20 -> 3908.9112 | H13: =$O13*H$20 -> 249.90201 | I13: =$O13*I$20 -> 83.493051 | J13: =$O13*J$20 -> 1512.8787 | K13: =$O13*K$20 -> 1248.6764 | ... N13: =$O13*N$20 -> 0.9619015 | O13: 20619 | P13: =SUM(C13:N13) -> 28897
B14: FRI | C14: 10252 | D14: =$O14*D$20 -> 10179.118 | E14: =$O14*E$20 -> 1575.1763 | F14: =$O14*F$20 -> 1438.7802 | G14: =$O14*G$20 -> 4161.2397 | H14: =$O14*H$20 -> 266.03371 | I14: =$O14*I$20 -> 88.882703 | J14: =$O14*J$20 -> 1610.5382 | K14: =$O14*K$20 -> 1329.2811 | ... N14: =$O14*N$20 -> 1.0239943 | O14: 21950 | P14: =SUM(C14:N14) -> 32202
B15: SAT | C15: 9968 | D15: =$O15*D$20 -> 8103.876 | E15: =$O15*E$20 -> 1254.0412 | F15: =$O15*F$20 -> 1145.4526 | G15: =$O15*G$20 -> 3312.8776 | H15: =$O15*H$20 -> 211.79677 | I15: =$O15*I$20 -> 70.76197 | J15: =$O15*J$20 -> 1282.1939 | K15: =$O15*K$20 -> 1058.2773 | ... N15: =$O15*N$20 -> 0.81523007 | O15: 17475 | P15: =SUM(C15:N15) -> 27443
B16: SUN | C16: 9708 | D16: =$O16*D$20 -> 8429.4223 | E16: =$O16*E$20 -> 1304.4182 | F16: =$O16*F$20 -> 1191.4673 | G16: =$O16*G$20 -> 3445.9614 | H16: =$O16*H$20 -> 220.305 | I16: =$O16*I$20 -> 73.604597 | J16: =$O16*J$20 -> 1333.7017 | K16: =$O16*K$20 -> 1100.7901 | ... N16: =$O16*N$20 -> 0.84797922 | O16: 18177 | P16: =SUM(C16:N16) -> 27885
B17: Average daily volume | C17: =AVERAGE(C10:C16) -> 9320.4286 | D17: =AVERAGE(D10:D16) -> 8784.648 | E17: =AVERAGE(E10:E16) -> 1359.3879 | F17: =AVERAGE(F10:F16) -> 1241.6772 | G17: =AVERAGE(G10:G16) -> 3591.1783 | H17: =AVERAGE(H10:H16) -> 229.58891 | I17: =AVERAGE(I10:I16) -> 76.70638 | J17: =AVERAGE(J10:J16) -> 1389.9055 | ... P17: =AVERAGE(P10:P16) -> 28263.429
B18: %ges + MCs | C18: =C$17/P$17 -> 0.32976992 | D18: =D17/$P$17 -> 0.31081325 | E18: =E17/$P$17 -> 0.048097062 | F18: =F17/$P$17 -> 0.043932291 | G18: =G17/$P$17 -> 0.12706096 | H18: =H17/$P$17 -> 0.0081231798 | I18: =I17/$P$17 -> 0.00271398 | J18: =J17/$P$17 -> 0.049176818 | K18: =K17/$P$17 -> 0.040588801 | ... N18: =N17/$P$17 -> 3.1267051e-05 | O18: =SUM(O10:O16) -> 132601 | P18: =SUM(P10:P16) -> 197844
B19: %ges w/o MCs | D19: =D$17/$O$17 -> 0.46374112 | E19: =E$17/$O$17 -> 0.071762017 | F19: =F$17/$O$17 -> 0.065548074 | G19: =G$17/$O$17 -> 0.18957812 | H19: =H$17/$O$17 -> 0.012119987 | I19: =I$17/$O$17 -> 0.0040493259 | J19: =J$17/$O$17 -> 0.073373039 | K19: =K$17/$O$17 -> 0.060559504 | ... N19: =N$17/$O$17 -> 4.665122e-05
D20: 0.46374112 | E20: 0.071762017 | F20: 0.065548074 | G20: 0.18957812 | H20: 0.012119987 | I20: 0.0040493259 | J20: 0.073373039 | K20: 0.060559504 | L20: 0.026849332 | M20: 0.032372837 | N20: 4.665122e-05

Sheet 20-26-BWAISE RBT-HOIMA RBT
B1: Consultancy services for Preparation of Expressway Development Master Plan (EDMP) for Uganda
B2: AUTOMATIC TRAFFIC COUNT (ATC)
B3: ROAD NAME: | C3: ATC - STN19-NORTHERN BYPASS RD
C5: Date | D5: 20.01.2020 TO 26.01.2020 | F5: Location | J5: Surveyor | K5: ATC
C6: Dir. From | D6: BWAISE RBT | F6: Dir. To | G6: HOIMA RBT | J6: Supervisor | K6: IVAN
C8: WEEKLY TRAFFIC VOLUMES
B9: Time / Veh Type | C9: 1.Motorcycles | D9: 1. Car | E9: 2. Station Wagon | F9: 3. Pickups | G9: 4. Minibus, matatu | H9: 5. Medium bus | I9: 6. Large Bus | J9: 7. Light Truck | K9: 8. Medium Truck | L9: 9. Heavy truck | M9: 10. Truck Trailer | N9: 12. Tractors | O9: Total Excl M/ Cycles | P9: Total All
B10: Mon | C10: 12624 | D10: =$O10*D$20 -> 9819.2544 | E10: =$O10*E$20 -> 1519.4889 | F10: =$O10*F$20 -> 1387.9149 | G10: =$O10*G$20 -> 4014.1271 | H10: =$O10*H$20 -> 256.6286 | I10: =$O10*I$20 -> 85.740426 | J10: =$O10*J$20 -> 1553.6007 | K10: =$O10*K$20 -> 1282.2869 | ... N10: =$O10*N$20 -> 0.98779293 | O10: 21174 | P10: =SUM(C10:N10) -> 33798
B11: TUE | C11: 10009 | D11: =$O11*D$20 -> 8850.963 | E11: =$O11*E$20 -> 1369.6498 | F11: =$O11*F$20 -> 1251.0505 | G11: =$O11*G$20 -> 3618.2879 | H11: =$O11*H$20 -> 231.32207 | I11: =$O11*I$20 -> 77.285434 | J11: =$O11*J$20 -> 1400.3978 | K11: =$O11*K$20 -> 1155.8387 | ... N11: =$O11*N$20 -> 0.89038518 | O11: 19086 | P11: =SUM(C11:N11) -> 29095
B12: WED | C12: 11707 | D12: =$O12*D$20 -> 9538.691 | E12: =$O12*E$20 -> 1476.0729 | F12: =$O12*F$20 -> 1348.2583 | G12: =$O12*G$20 -> 3899.4323 | H12: =$O12*H$20 -> 249.29601 | I12: =$O12*I$20 -> 83.290584 | J12: =$O12*J$20 -> 1509.21 | K12: =$O12*K$20 -> 1245.6484 | ... N12: =$O12*N$20 -> 0.95956894 | O12: 20569 | P12: =SUM(C12:N12) -> 32276
B13: THU | C13: 11698 | D13: =$O13*D$20 -> 9190.8852 | E13: =$O13*E$20 -> 1422.2514 | F13: =$O13*F$20 -> 1299.0973 | G13: =$O13*G$20 -> 3757.2487 | H13: =$O13*H$20 -> 240.20602 | I13: =$O13*I$20 -> 80.25359 | J13: =$O13*J$20 -> 1454.1803 | K13: =$O13*K$20 -> 1200.2288 | ... N13: =$O13*N$20 -> 0.92458053 | O13: 19819 | P13: =SUM(C13:N13) -> 31517
B14: FRI | C14: 12407 | D14: =$O14*D$20 -> 9910.1477 | E14: =$O14*E$20 -> 1533.5543 | F14: =$O14*F$20 -> 1400.7623 | G14: =$O14*G$20 -> 4051.2844 | H14: =$O14*H$20 -> 259.00412 | I14: =$O14*I$20 -> 86.534094 | J14: =$O14*J$20 -> 1567.9818 | K14: =$O14*K$20 -> 1294.1566 | ... N14: =$O14*N$20 -> 0.99693657 | O14: 21370 | P14: =SUM(C14:N14) -> 33777
B15: SAT | C15: 12628 | D15: =$O15*D$20 -> 10440.204 | E15: =$O15*E$20 -> 1615.5783 | F15: =$O15*F$20 -> 1475.6838 | G15: =$O15*G$20 -> 4267.9722 | H15: =$O15*H$20 -> 272.85727 | I15: =$O15*I$20 -> 91.162474 | J15: =$O15*J$20 -> 1651.8472 | K15: =$O15*K$20 -> 1363.3761 | ... N15: =$O15*N$20 -> 1.0502589 | O15: 22513 | P15: =SUM(C15:N15) -> 35141
B16: SUN | C16: 10876 | D16: =$O16*D$20 -> 9033.677 | E16: =$O16*E$20 -> 1397.9241 | F16: =$O16*F$20 -> 1276.8765 | G16: =$O16*G$20 -> 3692.9817 | H16: =$O16*H$20 -> 236.09735 | I16: =$O16*I$20 -> 78.880868 | J16: =$O16*J$20 -> 1429.3068 | K16: =$O16*K$20 -> 1179.6991 | ... N16: =$O16*N$20 -> 0.90876576 | O16: 19480 | P16: =SUM(C16:N16) -> 30356
B17: Average daily volume | C17: =AVERAGE(C10:C16) -> 11707 | D17: =AVERAGE(D10:D16) -> 9540.546 | E17: =AVERAGE(E10:E16) -> 1476.36 | F17: =AVERAGE(F10:F16) -> 1348.5205 | G17: =AVERAGE(G10:G16) -> 3900.1906 | H17: =AVERAGE(H10:H16) -> 249.34449 | I17: =AVERAGE(I10:I16) -> 83.306782 | J17: =AVERAGE(J10:J16) -> 1509.5035 | ... P17: =AVERAGE(P10:P16) -> 32280
B18: %ges + MCs | C18: =C$17/P$17 -> 0.36267038 | D18: =D17/$P$17 -> 0.29555595 | E18: =E17/$P$17 -> 0.045736058 | F18: =F17/$P$17 -> 0.041775729 | G18: =G17/$P$17 -> 0.12082375 | H18: =H17/$P$17 -> 0.0077244266 | I18: =I17/$P$17 -> 0.0025807553 | J18: =J17/$P$17 -> 0.046762811 | K18: =K17/$P$17 -> 0.038596365 | ... N18: =N17/$P$17 -> 2.9732204e-05 | O18: =SUM(O10:O16) -> 144011 | P18: =SUM(P10:P16) -> 225960
B19: %ges w/o MCs | D19: =D$17/$O$17 -> 0.46374112 | E19: =E$17/$O$17 -> 0.071762017 | F19: =F$17/$O$17 -> 0.065548074 | G19: =G$17/$O$17 -> 0.18957812 | H19: =H$17/$O$17 -> 0.012119987 | I19: =I$17/$O$17 -> 0.0040493259 | J19: =J$17/$O$17 -> 0.073373039 | K19: =K$17/$O$17 -> 0.060559504 | ... N19: =N$17/$O$17 -> 4.665122e-05
D20: 0.46374112 | E20: 0.071762017 | F20: 0.065548074 | G20: 0.18957812 | H20: 0.012119987 | I20: 0.0040493259 | J20: 0.073373039 | K20: 0.060559504 | L20: 0.026849332 | M20: 0.032372837 | N20: 4.665122e-05

Sheet 20-26-BWAISE -HOIMA RBT 2DIR
B1: Consultancy services for Preparation of Expressway Development Master Plan (EDMP) for Uganda
B2: AUTOMATIC TRAFFIC COUNT (ATC)
B3: ROAD NAME: | C3: ATC - STN19 BOTH DIRECTIONS
C5: Date | D5: 20.01.2020 TO 26.01.2020 | F5: Location | J5: Surveyor | K5: ATC
C6: Dir. From | D6: BWAISE RBT | F6: Dir. To | G6: HOIMA RBT | J6: Supervisor | K6: IVAN
C8: WEEKLY TRAFFIC VOLUMES
B9: Time / Veh Type | C9: 1.Motorcycles | D9: 1. Car | E9: 2. Station Wagon | F9: 3. Pickups | G9: 4. Minibus matatu | H9: 5. Medium bus | I9: 6. Large Bus | J9: 7. Light Truck | K9: 8. Medium Truck | L9: 9. Heavy truck | M9: 10. Truck Trailer | N9: 12. Tractors | O9: Total Excl M/ Cycles | P9: Total All
B10: Mon | C10: ='20-26-HOIMA RBT-BWAISE RBT'!C10+'20-26-BWAISE RBT-HOIMA RBT'!C10 -> 21842 | D10: ='20-26-HOIMA RBT-BWAISE RBT'!D10+'20-26-BWAISE RBT-HOIMA RBT'!D10 -> 17044.805 | E10: ='20-26-HOIMA RBT-BWAISE RBT'!E10+'20-26-BWAISE RBT-HOIMA RBT'!E10 -> 2637.6129 | F10: ='20-26-HOIMA RBT-BWAISE RBT'!F10+'20-26-BWAISE RBT-HOIMA RBT'!F10 -> 2409.2195 | G10: ='20-26-HOIMA RBT-BWAISE RBT'!G10+'20-26-BWAISE RBT-HOIMA RBT'!G10 -> 6967.9437 | H10: ='20-26-HOIMA RBT-BWAISE RBT'!H10+'20-26-BWAISE RBT-HOIMA RBT'!H10 -> 445.47012 | I10: ='20-26-HOIMA RBT-BWAISE RBT'!I10+'20-26-BWAISE RBT-HOIMA RBT'!I10 -> 148.83297 | J10: ='20-26-HOIMA RBT-BWAISE RBT'!J10+'20-26-BWAISE RBT-HOIMA RBT'!J10 -> 2696.826 | ... N10: ='20-26-HOIMA RBT-BWAISE RBT'!N10+'20-26-BWAISE RBT-HOIMA RBT'!N10 -> 1.7146656 | O10: =SUM(D10:N10) -> 36755 | P10: =SUM(C10:N10) -> 58597
B11: TUE | C11: ='20-26-HOIMA RBT-BWAISE RBT'!C11+'20-26-BWAISE RBT-HOIMA RBT'!C11 -> 19329 | D11: ='20-26-HOIMA RBT-BWAISE RBT'!D11+'20-26-BWAISE RBT-HOIMA RBT'!D11 -> 17634.22 | E11: ='20-26-HOIMA RBT-BWAISE RBT'!E11+'20-26-BWAISE RBT-HOIMA RBT'!E11 -> 2728.8224 | F11: ='20-26-HOIMA RBT-BWAISE RBT'!F11+'20-26-BWAISE RBT-HOIMA RBT'!F11 -> 2492.5311 | G11: ='20-26-HOIMA RBT-BWAISE RBT'!G11+'20-26-BWAISE RBT-HOIMA RBT'!G11 -> 7208.8975 | H11: ='20-26-HOIMA RBT-BWAISE RBT'!H11+'20-26-BWAISE RBT-HOIMA RBT'!H11 -> 460.87462 | I11: ='20-26-HOIMA RBT-BWAISE RBT'!I11+'20-26-BWAISE RBT-HOIMA RBT'!I11 -> 153.97967 | J11: ='20-26-HOIMA RBT-BWAISE RBT'!J11+'20-26-BWAISE RBT-HOIMA RBT'!J11 -> 2790.0832 | ... N11: ='20-26-HOIMA RBT-BWAISE RBT'!N11+'20-26-BWAISE RBT-HOIMA RBT'!N11 -> 1.7739593 | O11: =SUM(D11:N11) -> 38026 | P11: =SUM(C11:N11) -> 57355
B12: WED | C12: ='20-26-HOIMA RBT-BWAISE RBT'!C12+'20-26-BWAISE RBT-HOIMA RBT'!C12 -> 20206 | D12: ='20-26-HOIMA RBT-BWAISE RBT'!D12+'20-26-BWAISE RBT-HOIMA RBT'!D12 -> 18748.126 | E12: ='20-26-HOIMA RBT-BWAISE RBT'!E12+'20-26-BWAISE RBT-HOIMA RBT'!E12 -> 2901.1948 | F12: ='20-26-HOIMA RBT-BWAISE RBT'!F12+'20-26-BWAISE RBT-HOIMA RBT'!F12 -> 2649.9775 | G12: ='20-26-HOIMA RBT-BWAISE RBT'!G12+'20-26-BWAISE RBT-HOIMA RBT'!G12 -> 7664.2641 | H12: ='20-26-HOIMA RBT-BWAISE RBT'!H12+'20-26-BWAISE RBT-HOIMA RBT'!H12 -> 489.98683 | I12: ='20-26-HOIMA RBT-BWAISE RBT'!I12+'20-26-BWAISE RBT-HOIMA RBT'!I12 -> 163.70615 | J12: ='20-26-HOIMA RBT-BWAISE RBT'!J12+'20-26-BWAISE RBT-HOIMA RBT'!J12 -> 2966.3252 | ... N12: ='20-26-HOIMA RBT-BWAISE RBT'!N12+'20-26-BWAISE RBT-HOIMA RBT'!N12 -> 1.8860155 | O12: =SUM(D12:N12) -> 40428 | P12: =SUM(C12:N12) -> 60634
B13: THU | C13: ='20-26-HOIMA RBT-BWAISE RBT'!C13+'20-26-BWAISE RBT-HOIMA RBT'!C13 -> 19976 | D13: ='20-26-HOIMA RBT-BWAISE RBT'!D13+'20-26-BWAISE RBT-HOIMA RBT'!D13 -> 18752.763 | E13: ='20-26-HOIMA RBT-BWAISE RBT'!E13+'20-26-BWAISE RBT-HOIMA RBT'!E13 -> 2901.9124 | F13: ='20-26-HOIMA RBT-BWAISE RBT'!F13+'20-26-BWAISE RBT-HOIMA RBT'!F13 -> 2650.633 | G13: ='20-26-HOIMA RBT-BWAISE RBT'!G13+'20-26-BWAISE RBT-HOIMA RBT'!G13 -> 7666.1599 | H13: ='20-26-HOIMA RBT-BWAISE RBT'!H13+'20-26-BWAISE RBT-HOIMA RBT'!H13 -> 490.10803 | I13: ='20-26-HOIMA RBT-BWAISE RBT'!I13+'20-26-BWAISE RBT-HOIMA RBT'!I13 -> 163.74664 | J13: ='20-26-HOIMA RBT-BWAISE RBT'!J13+'20-26-BWAISE RBT-HOIMA RBT'!J13 -> 2967.0589 | ... N13: ='20-26-HOIMA RBT-BWAISE RBT'!N13+'20-26-BWAISE RBT-HOIMA RBT'!N13 -> 1.886482 | O13: =SUM(D13:N13) -> 40438 | P13: =SUM(C13:N13) -> 60414 | AB13: =AVERAGE(O10:O13) -> 38911.75 | AC13: =AVERAGE(P10:P13) -> 59250
B14: FRI | C14: ='20-26-HOIMA RBT-BWAISE RBT'!C14+'20-26-BWAISE RBT-HOIMA RBT'!C14 -> 22659 | D14: ='20-26-HOIMA RBT-BWAISE RBT'!D14+'20-26-BWAISE RBT-HOIMA RBT'!D14 -> 20089.265 | E14: ='20-26-HOIMA RBT-BWAISE RBT'!E14+'20-26-BWAISE RBT-HOIMA RBT'!E14 -> 3108.7306 | F14: ='20-26-HOIMA RBT-BWAISE RBT'!F14+'20-26-BWAISE RBT-HOIMA RBT'!F14 -> 2839.5426 | G14: ='20-26-HOIMA RBT-BWAISE RBT'!G14+'20-26-BWAISE RBT-HOIMA RBT'!G14 -> 8212.524 | H14: ='20-26-HOIMA RBT-BWAISE RBT'!H14+'20-26-BWAISE RBT-HOIMA RBT'!H14 -> 525.03783 | I14: ='20-26-HOIMA RBT-BWAISE RBT'!I14+'20-26-BWAISE RBT-HOIMA RBT'!I14 -> 175.4168 | J14: ='20-26-HOIMA RBT-BWAISE RBT'!J14+'20-26-BWAISE RBT-HOIMA RBT'!J14 -> 3178.52 | ... N14: ='20-26-HOIMA RBT-BWAISE RBT'!N14+'20-26-BWAISE RBT-HOIMA RBT'!N14 -> 2.0209308 | O14: =SUM(D14:N14) -> 43320 | P14: =SUM(C14:N14) -> 65979 | AB14: =O14/AB13 -> 1.1132884 | AC14: =P14/AC13 -> 1.1135696
B15: SAT | C15: ='20-26-HOIMA RBT-BWAISE RBT'!C15+'20-26-BWAISE RBT-HOIMA RBT'!C15 -> 22596 | D15: ='20-26-HOIMA RBT-BWAISE RBT'!D15+'20-26-BWAISE RBT-HOIMA RBT'!D15 -> 18544.08 | E15: ='20-26-HOIMA RBT-BWAISE RBT'!E15+'20-26-BWAISE RBT-HOIMA RBT'!E15 -> 2869.6195 | F15: ='20-26-HOIMA RBT-BWAISE RBT'!F15+'20-26-BWAISE RBT-HOIMA RBT'!F15 -> 2621.1364 | G15: ='20-26-HOIMA RBT-BWAISE RBT'!G15+'20-26-BWAISE RBT-HOIMA RBT'!G15 -> 7580.8498 | H15: ='20-26-HOIMA RBT-BWAISE RBT'!H15+'20-26-BWAISE RBT-HOIMA RBT'!H15 -> 484.65404 | I15: ='20-26-HOIMA RBT-BWAISE RBT'!I15+'20-26-BWAISE RBT-HOIMA RBT'!I15 -> 161.92444 | J15: ='20-26-HOIMA RBT-BWAISE RBT'!J15+'20-26-BWAISE RBT-HOIMA RBT'!J15 -> 2934.0411 | ... N15: ='20-26-HOIMA RBT-BWAISE RBT'!N15+'20-26-BWAISE RBT-HOIMA RBT'!N15 -> 1.865489 | O15: =SUM(D15:N15) -> 39988 | P15: =SUM(C15:N15) -> 62584 | AB15: =O15/AB13 -> 1.0276587 | AC15: =P15/AC13 -> 1.05627
B16: SUN | C16: ='20-26-HOIMA RBT-BWAISE RBT'!C16+'20-26-BWAISE RBT-HOIMA RBT'!C16 -> 20584 | D16: ='20-26-HOIMA RBT-BWAISE RBT'!D16+'20-26-BWAISE RBT-HOIMA RBT'!D16 -> 17463.099 | E16: ='20-26-HOIMA RBT-BWAISE RBT'!E16+'20-26-BWAISE RBT-HOIMA RBT'!E16 -> 2702.3423 | F16: ='20-26-HOIMA RBT-BWAISE RBT'!F16+'20-26-BWAISE RBT-HOIMA RBT'!F16 -> 2468.3438 | G16: ='20-26-HOIMA RBT-BWAISE RBT'!G16+'20-26-BWAISE RBT-HOIMA RBT'!G16 -> 7138.9432 | H16: ='20-26-HOIMA RBT-BWAISE RBT'!H16+'20-26-BWAISE RBT-HOIMA RBT'!H16 -> 456.40235 | I16: ='20-26-HOIMA RBT-BWAISE RBT'!I16+'20-26-BWAISE RBT-HOIMA RBT'!I16 -> 152.48547 | J16: ='20-26-HOIMA RBT-BWAISE RBT'!J16+'20-26-BWAISE RBT-HOIMA RBT'!J16 -> 2763.0085 | ... N16: ='20-26-HOIMA RBT-BWAISE RBT'!N16+'20-26-BWAISE RBT-HOIMA RBT'!N16 -> 1.756745 | O16: =SUM(D16:N16) -> 37657 | P16: =SUM(C16:N16) -> 58241 | AB16: =O16/AB13 -> 0.96775396 | AC16: =P16/AC13 -> 0.98297046
B17: Average daily volume | C17: =AVERAGE(C10:C16) -> 21027.429 | D17: =AVERAGE(D10:D16) -> 18325.194 | E17: =AVERAGE(E10:E16) -> 2835.7478 | F17: =AVERAGE(F10:F16) -> 2590.1977 | G17: =AVERAGE(G10:G16) -> 7491.3689 | H17: =AVERAGE(H10:H16) -> 478.9334 | I17: =AVERAGE(I10:I16) -> 160.01316 | J17: =AVERAGE(J10:J16) -> 2899.409 | ... P17: =AVERAGE(P10:P16) -> 60543.429
B18: %ges + MCs | C18: =C$17/P$17 -> 0.34731149 | D18: =D17/$P$17 -> 0.3026785 | E18: =E17/$P$17 -> 0.046838243 | F18: =F17/$P$17 -> 0.042782475 | G18: =G17/$P$17 -> 0.12373546 | H18: =H17/$P$17 -> 0.0079105762 | I18: =I17/$P$17 -> 0.0026429485 | J18: =J17/$P$17 -> 0.047889739 | K18: =K17/$P$17 -> 0.039526492 | ... N18: =N17/$P$17 -> 3.0448715e-05 | O18: =SUM(O10:O16) -> 276612 | P18: =SUM(P10:P16) -> 423804
B19: %ges w/o MCs | D19: =D$17/$O$17 -> 0.46374112 | E19: =E$17/$O$17 -> 0.071762017 | F19: =F$17/$O$17 -> 0.065548074 | G19: =G$17/$O$17 -> 0.18957812 | H19: =H$17/$O$17 -> 0.012119987 | I19: =I$17/$O$17 -> 0.0040493259 | J19: =J$17/$O$17 -> 0.073373039 | K19: =K$17/$O$17 -> 0.060559504 | ... N19: =N$17/$O$17 -> 4.665122e-05
