Workbook

Sheet 29-04-NALYA RBT-BWEYOGERERE
B1: Consultancy services for Preparation of Expressway Development Master Plan (EDMP) for Uganda
B2: AUTOMATIC TRAFFIC COUNT (ATC)
B3: ROAD NAME: | C3: ATC - STN40-NORTHERN BYPASS RD
C5: Date | D5: 29.01.2020 TO 04.02.2020 | F5: Location | J5: Surveyor | K5: ATC
C6: Dir. From | D6: NALYA RBT | F6: Dir. To | G6: BWEYOGERERE | J6: Supervisor | K6: IVAN
C8: SUMMARY TRAFFIC VOLUMES
B9: Time / Veh Type | C9: 1.Motorcycles | D9: 1. Car | E9: 2. Station Wagon | F9: 3. Pickups | G9: 4. Minibus, matatu | H9: 5. Medium bus | I9: 6. Large Bus | J9: 7. Light Truck | K9: 8. Medium Truck | L9: 9. Heavy truck | M9: 10. Truck Trailer | N9: 12. Tractors | O9: Total Excl M/ Cycles | P9: Total All
B10: Mon | C10: 1962 | D10: =$O10*D$20 -> 4751.0277 | E10: =$O10*E$20 -> 735.20186 | F10: =$O10*F$20 -> 671.54002 | G10: =$O10*G$20 -> 1942.2278 | H10: =$O10*H$20 -> 124.16927 | I10: =$O10*I$20 -> 41.485344 | J10: =$O10*J$20 -> 751.70678 | K10: =$O10*K$20 -> 620.43211 | ... N10: =$O10*N$20 -> 0.47794175 | O10: 10245 | P10: =SUM(C10:N10) -> 12207
B11: TUE | C11: 2150.5 | D11: =$O11*D$20 -> 4545.1267 | E11: =$O11*E$20 -> 703.33952 | F11: =$O11*F$20 -> 642.43667 | G11: =$O11*G$20 -> 1858.0551 | H11: =$O11*H$20 -> 118.78799 | I11: =$O11*I$20 -> 39.687443 | J11: =$O11*J$20 -> 719.12915 | K11: =$O11*K$20 -> 593.5437 | ... N11: =$O11*N$20 -> 0.45722861 | O11: 9801 | P11: =SUM(C11:N11) -> 11951.5
B12: WED | C12: 2150 | D12: =$O12*D$20 -> 4539.0981 | E12: =$O12*E$20 -> 702.40662 | F12: =$O12*F$20 -> 641.58455 | G12: =$O12*G$20 -> 1855.5906 | H12: =$O12*H$20 -> 118.63043 | I12: =$O12*I$20 -> 39.634802 | J12: =$O12*J$20 -> 718.1753 | K12: =$O12*K$20 -> 592.75642 | ... N12: =$O12*N$20 -> 0.45662214 | O12: 9788 | P12: =SUM(C12:N12) -> 11938
B13: THU | C13: 1984 | D13: =$O13*D$20 -> 3842.0952 | E13: =$O13*E$20 -> 594.54831 | F13: =$O13*F$20 -> 543.06579 | G13: =$O13*G$20 -> 1570.6547 | H13: =$O13*H$20 -> 100.41409 | I13: =$O13*I$20 -> 33.548665 | J13: =$O13*J$20 -> 607.89563 | K13: =$O13*K$20 -> 501.73549 | ... N13: =$O13*N$20 -> 0.38650536 | O13: 8285 | P13: =SUM(C13:N13) -> 10269
B14: FRI | C14: 1895 | D14: =$O14*D$20 -> 4671.2643 | E14: =$O14*E$20 -> 722.85879 | F14: =$O14*F$20 -> 660.26575 | G14: =$O14*G$20 -> 1909.6204 | H14: =$O14*H$20 -> 122.08463 | I14: =$O14*I$20 -> 40.78886 | J14: =$O14*J$20 -> 739.08662 | K14: =$O14*K$20 -> 610.01588 | ... N14: =$O14*N$20 -> 0.46991774 | O14: 10073 | P14: =SUM(C14:N14) -> 11968
B15: SAT | C15: 2402 | D15: =$O15*D$20 -> 5524.5479 | E15: =$O15*E$20 -> 854.9009 | F15: =$O15*F$20 -> 780.87421 | G15: =$O15*G$20 -> 2258.4441 | H15: =$O15*H$20 -> 144.3854 | I15: =$O15*I$20 -> 48.239619 | J15: =$O15*J$20 -> 874.09301 | K15: =$O15*K$20 -> 721.44537 | ... N15: =$O15*N$20 -> 0.55575598 | O15: 11913 | P15: =SUM(C15:N15) -> 14315
B16: SUN | C16: 2510 | D16: =$O16*D$20 -> 3913.0475 | E16: =$O16*E$20 -> 605.5279 | F16: =$O16*F$20 -> 553.09465 | G16: =$O16*G$20 -> 1599.6602 | H16: =$O16*H$20 -> 102.26845 | I16: =$O16*I$20 -> 34.168212 | J16: =$O16*J$20 -> 619.1217 | K16: =$O16*K$20 -> 511.00109 | ... N16: =$O16*N$20 -> 0.39364299 | O16: 8438 | P16: =SUM(C16:N16) -> 10948
B17: Average daily volume | C17: =AVERAGE(C10:C16) -> 2150.5 | D17: =AVERAGE(D10:D16) -> 4540.8868 | E17: =AVERAGE(E10:E16) -> 702.68341 | F17: =AVERAGE(F10:F16) -> 641.83738 | G17: =AVERAGE(G10:G16) -> 1856.3218 | H17: =AVERAGE(H10:H16) -> 118.67718 | I17: =AVERAGE(I10:I16) -> 39.650421 | J17: =AVERAGE(J10:J16) -> 718.45831 | ... P17: =AVERAGE(P10:P16) -> 11942.357
B18: %ges + MCs | C18: =C$17/P$17 -> 0.18007333 | D18: =D17/$P$17 -> 0.38023371 | E18: =E17/$P$17 -> 0.058839591 | F18: =F17/$P$17 -> 0.053744614 | G18: =G17/$P$17 -> 0.15544015 | H18: =H17/$P$17 -> 0.0099375005 | I18: =I17/$P$17 -> 0.0033201503 | J18: =J17/$P$17 -> 0.060160511 | K18: =K17/$P$17 -> 0.049654352 | ... N18: =N17/$P$17 -> 3.8250579e-05 | O18: =SUM(O10:O16) -> 68543 | P18: =SUM(P10:P16) -> 83596.5
B19: %ges w/o MCs | D19: =D$17/$O$17 -> 0.46374112 | E19: =E$17/$O$17 -> 0.071762017 | F19: =F$17/$O$17 -> 0.065548074 | G19: =G$17/$O$17 -> 0.18957812 | H19: =H$17/$O$17 -> 0.012119987 | I19: =I$17/$O$17 -> 0.0040493259 | J19: =J$17/$O$17 -> 0.073373039 | K19: =K$17/$O$17 -> 0.060559504 | ... N19: =N$17/$O$17 -> 4.665122e-05
D20: 0.46374112 | E20: 0.071762017 | F20: 0.065548074 | G20: 0.18957812 | H20: 0.012119987 | I20: 0.0040493259 | J20: 0.073373039 | K20: 0.060559504 | L20: 0.026849332 | M20: 0.032372837 | N20: 4.665122e-05

Sheet 29-04-BWEYOGERERE-NALYA RBT
B1: Consultancy services for Preparation of Expressway Development Master Plan (EDMP) for Uganda
B2: AUTOMATIC TRAFFIC COUNT (ATC)
B3: ROAD NAME: | C3: ATC - STN40-NORTHERN BYPASS RD
C5: Date | D5: 29.01.2020 TO 04.02.2020 | F5: Location | J5: Surveyor | K5: ATC
C6: Dir. From | D6: BWEYOGERERE | F6: Dir. To | G6: NALYA RBT | J6: Supervisor | K6: IVAN
C8: WEEKLY TRAFFIC VOLUMES
B9: Time / Veh Type | C9: 1.Motorcycles | D9: 1. Car | E9: 2. Station Wagon | F9: 3. Pickups | G9: 4. Minibus, matatu | H9: 5. Medium bus | I9: 6. Large Bus | J9: 7. Light Truck | K9: 8. Medium Truck | L9: 9. Heavy truck | M9: 10. Truck Trailer | N9: 12. Tractors | O9: Total Excl M/ Cycles | P9: Total All
B10: Mon | C10: 1834 | D10: =$O10*D$20 -> 4751.0277 | E10: =$O10*E$20 -> 735.20186 | F10: =$O10*F$20 -> 671.54002 | G10: =$O10*G$20 -> 1942.2278 | H10: =$O10*H$20 -> 124.16927 | I10: =$O10*I$20 -> 41.485344 | J10: =$O10*J$20 -> 751.70678 | K10: =$O10*K$20 -> 620.43211 | ... N10: =$O10*N$20 -> 0.47794175 | O10: 10245 | P10: =SUM(C10:N10) -> 12079
B11: TUE | C11: 1974 | D11: =$O11*D$20 -> 4545.1267 | E11: =$O11*E$20 -> 703.33952 | F11: =$O11*F$20 -> 642.43667 | G11: =$O11*G$20 -> 1858.0551 | H11: =$O11*H$20 -> 118.78799 | I11: =$O11*I$20 -> 39.687443 | J11: =$O11*J$20 -> 719.12915 | K11: =$O11*K$20 -> 593.5437 | ... N11: =$O11*N$20 -> 0.45722861 | O11: 9801 | P11: =SUM(C11:N11) -> 11775
B12: WED | C12: 1976 | D12: =$O12*D$20 -> 4539.0981 | E12: =$O12*E$20 -> 702.40662 | F12: =$O12*F$20 -> 641.58455 | G12: =$O12*G$20 -> 1855.5906 | H12: =$O12*H$20 -> 118.63043 | I12: =$O12*I$20 -> 39.634802 | J12: =$O12*J$20 -> 718.1753 | K12: =$O12*K$20 -> 592.75642 | ... N12: =$O12*N$20 -> 0.45662214 | O12: 9788 | P12: =SUM(C12:N12) -> 11764
B13: THU | C13: 1867 | D13: =$O13*D$20 -> 3842.0952 | E13: =$O13*E$20 -> 594.54831 | F13: =$O13*F$20 -> 543.06579 | G13: =$O13*G$20 -> 1570.6547 | H13: =$O13*H$20 -> 100.41409 | I13: =$O13*I$20 -> 33.548665 | J13: =$O13*J$20 -> 607.89563 | K13: =$O13*K$20 -> 501.73549 | ... N13: =$O13*N$20 -> 0.38650536 | O13: 8285 | P13: =SUM(C13:N13) -> 10152
B14: FRI | C14: 1685 | D14: =$O14*D$20 -> 4671.2643 | E14: =$O14*E$20 -> 722.85879 | F14: =$O14*F$20 -> 660.26575 | G14: =$O14*G$20 -> 1909.6204 | H14: =$O14*H$20 -> 122.08463 | I14: =$O14*I$20 -> 40.78886 | J14: =$O14*J$20 -> 739.08662 | K14: =$O14*K$20 -> 610.01588 | ... N14: =$O14*N$20 -> 0.46991774 | O14: 10073 | P14: =SUM(C14:N14) -> 11758
B15: SAT | C15: 2215 | D15: =$O15*D$20 -> 5524.5479 | E15: =$O15*E$20 -> 854.9009 | F15: =$O15*F$20 -> 780.87421 | G15: =$O15*G$20 -> 2258.4441 | H15: =$O15*H$20 -> 144.3854 | I15: =$O15*I$20 -> 48.239619 | J15: =$O15*J$20 -> 874.09301 | K15: =$O15*K$20 -> 721.44537 | ... N15: =$O15*N$20 -> 0.55575598 | O15: 11913 | P15: =SUM(C15:N15) -> 14128
B16: SUN | C16: 2280 | D16: =$O16*D$20 -> 3913.0475 | E16: =$O16*E$20 -> 605.5279 | F16: =$O16*F$20 -> 553.09465 | G16: =$O16*G$20 -> 1599.6602 | H16: =$O16*H$20 -> 102.26845 | I16: =$O16*I$20 -> 34.168212 | J16: =$O16*J$20 -> 619.1217 | K16: =$O16*K$20 -> 511.00109 | ... N16: =$O16*N$20 -> 0.39364299 | O16: 8438 | P16: =SUM(C16:N16) -> 10718
B17: Average daily volume | C17: =AVERAGE(C10:C16) -> 1975.8571 | D17: =AVERAGE(D10:D16) -> 4540.8868 | E17: =AVERAGE(E10:E16) -> 702.68341 | F17: =AVERAGE(F10:F16) -> 641.83738 | G17: =AVERAGE(G10:G16) -> 1856.3218 | H17: =AVERAGE(H10:H16) -> 118.67718 | I17: =AVERAGE(I10:I16) -> 39.650421 | J17: =AVERAGE(J10:J16) -> 718.45831 | ... P17: =AVERAGE(P10:P16) -> 11767.714
B18: %ges + MCs | C18: =C$17/P$17 -> 0.16790492 | D18: =D17/$P$17 -> 0.3858767 | E18: =E17/$P$17 -> 0.059712821 | F18: =F17/$P$17 -> 0.05454223 | G18: =G17/$P$17 -> 0.15774702 | H18: =H17/$P$17 -> 0.010084981 | I18: =I17/$P$17 -> 0.0033694241 | J18: =J17/$P$17 -> 0.061053344 | K18: =K17/$P$17 -> 0.050391265 | ... N18: =N17/$P$17 -> 3.8818251e-05 | O18: =SUM(O10:O16) -> 68543 | P18: =SUM(P10:P16) -> 82374
B19: %ges w/o MCs | D19: =D$17/$O$17 -> 0.46374112 | E19: =E$17/$O$17 -> 0.071762017 | F19: =F$17/$O$17 -> 0.065548074 | G19: =G$17/$O$17 -> 0.18957812 | H19: =H$17/$O$17 -> 0.012119987 | I19: =I$17/$O$17 -> 0.0040493259 | J19: =J$17/$O$17 -> 0.073373039 | K19: =K$17/$O$17 -> 0.060559504 | ... N19: =N$17/$O$17 -> 4.665122e-05
D20: 0.46374112 | E20: 0.071762017 | F20: 0.065548074 | G20: 0.18957812 | H20: 0.012119987 | I20: 0.0040493259 | J20: 0.073373039 | K20: 0.060559504 | L20: 0.026849332 | M20: 0.032372837 | N20: 4.665122e-05

Sheet 29-04-BWEYOGERERE-NALYA  2 DIR
B1: Consultancy services for Preparation of Expressway Development Master Plan (EDMP) for Uganda
B2: AUTOMATIC TRAFFIC COUNT (ATC)
B3: ROAD NAME: | C3: ATC - STN40 BOTH DIRECTION
C5: Date | D5: 29.01.2020 TO 04.02.2020 | F5: Location | J5: Surveyor | K5: ATC
C6: Dir. From | D6: BWEYOGERERE | F6: Dir. To | G6: NALYA RBT | J6: Supervisor | K6: IVAN
C8: WEEKLY TRAFFIC VOLUMES
B9: Time / Veh Type | C9: 1.Motorcycles | D9: 1. Car | E9: 2. Station Wagon | F9: 3. Pickups | G9: 4. Minibus matatu | H9: 5. Medium bus | I9: 6. Large Bus | J9: 7. Light Truck | K9: 8. Medium Truck | L9: 9. Heavy truck | M9: 10. Truck Trailer | N9: 12. Tractors | O9: Total Excl M/ Cycles | P9: Total All
B10: Mon | C10: ='29-04-NALYA RBT-BWEYOGERERE'!C10+'29-04-BWEYOGERERE-NALYA RBT'!C10 -> 3796 | D10: ='29-04-NALYA RBT-BWEYOGERERE'!D10+'29-04-BWEYOGERERE-NALYA RBT'!D10 -> 9502.0555 | E10: ='29-04-NALYA RBT-BWEYOGERERE'!E10+'29-04-BWEYOGERERE-NALYA RBT'!E10 -> 1470.4037 | F10: ='29-04-NALYA RBT-BWEYOGERERE'!F10+'29-04-BWEYOGERERE-NALYA RBT'!F10 -> 1343.08 | G10: ='29-04-NALYA RBT-BWEYOGERERE'!G10+'29-04-BWEYOGERERE-NALYA RBT'!G10 -> 3884.4556 | H10: ='29-04-NALYA RBT-BWEYOGERERE'!H10+'29-04-BWEYOGERERE-NALYA RBT'!H10 -> 248.33853 | I10: ='29-04-NALYA RBT-BWEYOGERERE'!I10+'29-04-BWEYOGERERE-NALYA RBT'!I10 -> 82.970687 | J10: ='29-04-NALYA RBT-BWEYOGERERE'!J10+'29-04-BWEYOGERERE-NALYA RBT'!J10 -> 1503.4136 | ... N10: ='29-04-NALYA RBT-BWEYOGERERE'!N10+'29-04-BWEYOGERERE-NALYA RBT'!N10 -> 0.9558835 | O10: =SUM(D10:N10) -> 20490 | P10: =SUM(C10:N10) -> 24286
B11: TUE | C11: ='29-04-NALYA RBT-BWEYOGERERE'!C11+'29-04-BWEYOGERERE-NALYA RBT'!C11 -> 4124.5 | D11: ='29-04-NALYA RBT-BWEYOGERERE'!D11+'29-04-BWEYOGERERE-NALYA RBT'!D11 -> 9090.2534 | E11: ='29-04-NALYA RBT-BWEYOGERERE'!E11+'29-04-BWEYOGERERE-NALYA RBT'!E11 -> 1406.679 | F11: ='29-04-NALYA RBT-BWEYOGERERE'!F11+'29-04-BWEYOGERERE-NALYA RBT'!F11 -> 1284.8733 | G11: ='29-04-NALYA RBT-BWEYOGERERE'!G11+'29-04-BWEYOGERERE-NALYA RBT'!G11 -> 3716.1103 | H11: ='29-04-NALYA RBT-BWEYOGERERE'!H11+'29-04-BWEYOGERERE-NALYA RBT'!H11 -> 237.57598 | I11: ='29-04-NALYA RBT-BWEYOGERERE'!I11+'29-04-BWEYOGERERE-NALYA RBT'!I11 -> 79.374886 | J11: ='29-04-NALYA RBT-BWEYOGERERE'!J11+'29-04-BWEYOGERERE-NALYA RBT'!J11 -> 1438.2583 | ... N11: ='29-04-NALYA RBT-BWEYOGERERE'!N11+'29-04-BWEYOGERERE-NALYA RBT'!N11 -> 0.91445721 | O11: =SUM(D11:N11) -> 19602 | P11: =SUM(C11:N11) -> 23726.5
B12: WED | C12: ='29-04-NALYA RBT-BWEYOGERERE'!C12+'29-04-BWEYOGERERE-NALYA RBT'!C12 -> 4126 | D12: ='29-04-NALYA RBT-BWEYOGERERE'!D12+'29-04-BWEYOGERERE-NALYA RBT'!D12 -> 9078.1961 | E12: ='29-04-NALYA RBT-BWEYOGERERE'!E12+'29-04-BWEYOGERERE-NALYA RBT'!E12 -> 1404.8132 | F12: ='29-04-NALYA RBT-BWEYOGERERE'!F12+'29-04-BWEYOGERERE-NALYA RBT'!F12 -> 1283.1691 | G12: ='29-04-NALYA RBT-BWEYOGERERE'!G12+'29-04-BWEYOGERERE-NALYA RBT'!G12 -> 3711.1812 | H12: ='29-04-NALYA RBT-BWEYOGERERE'!H12+'29-04-BWEYOGERERE-NALYA RBT'!H12 -> 237.26086 | I12: ='29-04-NALYA RBT-BWEYOGERERE'!I12+'29-04-BWEYOGERERE-NALYA RBT'!I12 -> 79.269604 | J12: ='29-04-NALYA RBT-BWEYOGERERE'!J12+'29-04-BWEYOGERERE-NALYA RBT'!J12 -> 1436.3506 | ... N12: ='29-04-NALYA RBT-BWEYOGERERE'!N12+'29-04-BWEYOGERERE-NALYA RBT'!N12 -> 0.91324428 | O12: =SUM(D12:N12) -> 19576 | P12: =SUM(C12:N12) -> 23702
B13: THU | C13: ='29-04-NALYA RBT-BWEYOGERERE'!C13+'29-04-BWEYOGERERE-NALYA RBT'!C13 -> 3851 | D13: ='29-04-NALYA RBT-BWEYOGERERE'!D13+'29-04-BWEYOGERERE-NALYA RBT'!D13 -> 7684.1903 | E13: ='29-04-NALYA RBT-BWEYOGERERE'!E13+'29-04-BWEYOGERERE-NALYA RBT'!E13 -> 1189.0966 | F13: ='29-04-NALYA RBT-BWEYOGERERE'!F13+'29-04-BWEYOGERERE-NALYA RBT'!F13 -> 1086.1316 | G13: ='29-04-NALYA RBT-BWEYOGERERE'!G13+'29-04-BWEYOGERERE-NALYA RBT'!G13 -> 3141.3094 | H13: ='29-04-NALYA RBT-BWEYOGERERE'!H13+'29-04-BWEYOGERERE-NALYA RBT'!H13 -> 200.82818 | I13: ='29-04-NALYA RBT-BWEYOGERERE'!I13+'29-04-BWEYOGERERE-NALYA RBT'!I13 -> 67.09733 | J13: ='29-04-NALYA RBT-BWEYOGERERE'!J13+'29-04-BWEYOGERERE-NALYA RBT'!J13 -> 1215.7913 | ... N13: ='29-04-NALYA RBT-BWEYOGERERE'!N13+'29-04-BWEYOGERERE-NALYA RBT'!N13 -> 0.77301071 | O13: =SUM(D13:N13) -> 16570 | P13: =SUM(C13:N13) -> 20421 | AB13: =AVERAGE(O10:O13) -> 19059.5 | AC13: =AVERAGE(P10:P13) -> 23033.875
B14: FRI | C14: ='29-04-NALYA RBT-BWEYOGERERE'!C14+'29-04-BWEYOGERERE-NALYA RBT'!C14 -> 3580 | D14: ='29-04-NALYA RBT-BWEYOGERERE'!D14+'29-04-BWEYOGERERE-NALYA RBT'!D14 -> 9342.5285 | E14: ='29-04-NALYA RBT-BWEYOGERERE'!E14+'29-04-BWEYOGERERE-NALYA RBT'!E14 -> 1445.7176 | F14: ='29-04-NALYA RBT-BWEYOGERERE'!F14+'29-04-BWEYOGERERE-NALYA RBT'!F14 -> 1320.5315 | G14: ='29-04-NALYA RBT-BWEYOGERERE'!G14+'29-04-BWEYOGERERE-NALYA RBT'!G14 -> 3819.2408 | H14: ='29-04-NALYA RBT-BWEYOGERERE'!H14+'29-04-BWEYOGERERE-NALYA RBT'!H14 -> 244.16926 | I14: ='29-04-NALYA RBT-BWEYOGERERE'!I14+'29-04-BWEYOGERERE-NALYA RBT'!I14 -> 81.577719 | J14: ='29-04-NALYA RBT-BWEYOGERERE'!J14+'29-04-BWEYOGERERE-NALYA RBT'!J14 -> 1478.1732 | ... N14: ='29-04-NALYA RBT-BWEYOGERERE'!N14+'29-04-BWEYOGERERE-NALYA RBT'!N14 -> 0.93983548 | O14: =SUM(D14:N14) -> 20146 | P14: =SUM(C14:N14) -> 23726 | AB14: =O14/AB13 -> 1.0570057 | AC14: =P14/AC13 -> 1.0300481
B15: SAT | C15: ='29-04-NALYA RBT-BWEYOGERERE'!C15+'29-04-BWEYOGERERE-NALYA RBT'!C15 -> 4617 | D15: ='29-04-NALYA RBT-BWEYOGERERE'!D15+'29-04-BWEYOGERERE-NALYA RBT'!D15 -> 11049.096 | E15: ='29-04-NALYA RBT-BWEYOGERERE'!E15+'29-04-BWEYOGERERE-NALYA RBT'!E15 -> 1709.8018 | F15: ='29-04-NALYA RBT-BWEYOGERERE'!F15+'29-04-BWEYOGERERE-NALYA RBT'!F15 -> 1561.7484 | G15: ='29-04-NALYA RBT-BWEYOGERERE'!G15+'29-04-BWEYOGERERE-NALYA RBT'!G15 -> 4516.8882 | H15: ='29-04-NALYA RBT-BWEYOGERERE'!H15+'29-04-BWEYOGERERE-NALYA RBT'!H15 -> 288.77081 | I15: ='29-04-NALYA RBT-BWEYOGERERE'!I15+'29-04-BWEYOGERERE-NALYA RBT'!I15 -> 96.479239 | J15: ='29-04-NALYA RBT-BWEYOGERERE'!J15+'29-04-BWEYOGERERE-NALYA RBT'!J15 -> 1748.186 | ... N15: ='29-04-NALYA RBT-BWEYOGERERE'!N15+'29-04-BWEYOGERERE-NALYA RBT'!N15 -> 1.111512 | O15: =SUM(D15:N15) -> 23826 | P15: =SUM(C15:N15) -> 28443 | AB15: =O15/AB13 -> 1.2500853 | AC15: =P15/AC13 -> 1.2348335
B16: SUN | C16: ='29-04-NALYA RBT-BWEYOGERERE'!C16+'29-04-BWEYOGERERE-NALYA RBT'!C16 -> 4790 | D16: ='29-04-NALYA RBT-BWEYOGERERE'!D16+'29-04-BWEYOGERERE-NALYA RBT'!D16 -> 7826.0951 | E16: ='29-04-NALYA RBT-BWEYOGERERE'!E16+'29-04-BWEYOGERERE-NALYA RBT'!E16 -> 1211.0558 | F16: ='29-04-NALYA RBT-BWEYOGERERE'!F16+'29-04-BWEYOGERERE-NALYA RBT'!F16 -> 1106.1893 | G16: ='29-04-NALYA RBT-BWEYOGERERE'!G16+'29-04-BWEYOGERERE-NALYA RBT'!G16 -> 3199.3203 | H16: ='29-04-NALYA RBT-BWEYOGERERE'!H16+'29-04-BWEYOGERERE-NALYA RBT'!H16 -> 204.5369 | I16: ='29-04-NALYA RBT-BWEYOGERERE'!I16+'29-04-BWEYOGERERE-NALYA RBT'!I16 -> 68.336424 | J16: ='29-04-NALYA RBT-BWEYOGERERE'!J16+'29-04-BWEYOGERERE-NALYA RBT'!J16 -> 1238.2434 | ... N16: ='29-04-NALYA RBT-BWEYOGERERE'!N16+'29-04-BWEYOGERERE-NALYA RBT'!N16 -> 0.78728599 | O16: =SUM(D16:N16) -> 16876 | P16: =SUM(C16:N16) -> 21666 | AB16: =O16/AB13 -> 0.88543771 | AC16: =P16/AC13 -> 0.94061464
B17: Average daily volume | C17: =AVERAGE(C10:C16) -> 4126.3571 | D17: =AVERAGE(D10:D16) -> 9081.7735 | E17: =AVERAGE(E10:E16) -> 1405.3668 | F17: =AVERAGE(F10:F16) -> 1283.6748 | G17: =AVERAGE(G10:G16) -> 3712.6437 | H17: =AVERAGE(H10:H16) -> 237.35436 | I17: =AVERAGE(I10:I16) -> 79.300841 | J17: =AVERAGE(J10:J16) -> 1436.9166 | ... P17: =AVERAGE(P10:P16) -> 23710.071
B18: %ges + MCs | C18: =C$17/P$17 -> 0.17403394 | D18: =D17/$P$17 -> 0.38303442 | E18: =E17/$P$17 -> 0.05927299 | F18: =F17/$P$17 -> 0.054140485 | G18: =G17/$P$17 -> 0.15658509 | H18: =H17/$P$17 -> 0.010010698 | I18: =I17/$P$17 -> 0.0033446058 | J18: =J17/$P$17 -> 0.06060364 | K18: =K17/$P$17 -> 0.050020095 | ... N18: =N17/$P$17 -> 3.8532324e-05 | O18: =SUM(O10:O16) -> 137086 | P18: =SUM(P10:P16) -> 165970.5
B19: %ges w/o MCs | D19: =D$17/$O$17 -> 0.46374112 | E19: =E$17/$O$17 -> 0.071762017 | F19: =F$17/$O$17 -> 0.065548074 | G19: =G$17/$O$17 -> 0.18957812 | H19: =H$17/$O$17 -> 0.012119987 | I19: =I$17/$O$17 -> 0.0040493259 | J19: =J$17/$O$17 -> 0.073373039 | K19: =K$17/$O$17 -> 0.060559504 | ... N19: =N$17/$O$17 -> 4.665122e-05
