Workbook

Sheet 29.10-MUKONO-KATOSI
B1: Consultancy services for Preparation of Expressway Development Master Plan (EDMP) for Uganda
B2: MANUAL CLASSIFIED COUNT (MCC)
B3: ROAD NAME: | C3: MCC - C2 - STN077 - KATOSI ROAD
C5: Date | D5: 29.10.2019 | F5: Location | G5: LUV GUEST HOUSE | J5: Surveyor | K5: KIRABO DAN
C6: Dir. From | D6: MUKONO | F6: Dir. To | G6: KATOSI | J6: Supervisor | K6: VICTOR M
B8: Time / Veh Type | R8: SUMMARY TRAFFIC VOLUMES
C9: 1. Car | D9: 2. Station Wagon | E9: 3. Pickups | F9: 4. Minibus, matatu | G9: 5. Medium bus | H9: 6. Large Bus | I9: 7. Light Truck | J9: 8. Medium Truck | K9: 9. Heavy truck | L9: 10. Truck Trailer | M9: 11. Motor cycles | N9: 12. Tractors | O9: Total Excl M/Cycles | P9: Total All | R9: Time | S9: 1. Car | T9: 2. Station Wagon | U9: 3. Pickups | V9: 4. Minibus, matatu | W9: 5. Medium bus | X9: 6. Large Bus | Y9: 7. Light Truck | Z9: 8. Medium Truck | AA9: 9. Heavy truck | AB9: 10. Truck Trailer | AC9: 11. Motorcycles | AD9: 12. Tractors, Graders | AE9: Total Excl M/ Cycles | AF9: Total All
B10: 07.00 - 07.15 | C10: 3 | D10: 2 | E10: 1 | F10: 6 | G10: 1 | H10: 0 | I10: 3 | J10: 2 | K10: 0 | L10: 1 | M10: 39 | N10: 0 | O10: =SUM(C10:L10,N10) -> 19 | P10: =SUM(C10:N10) -> 58 | R10: 0700-0800 | S10: =SUM(C10:C13) -> 41 | T10: =SUM(D10:D13) -> 18 | U10: =SUM(E10:E13) -> 10 | V10: =SUM(F10:F13) -> 25 | W10: =SUM(G10:G13) -> 3 | X10: =SUM(H10:H13) -> 0 | Y10: =SUM(I10:I13) -> 25 | Z10: =SUM(J10:J13) -> 3 | ... AF10: =SUM(P10:P13) -> 446
B11: 07.15 - 07.30 | C11: 10 | D11: 3 | E11: 1 | F11: 5 | G11: 0 | H11: 0 | I11: 4 | J11: 0 | K11: 1 | L11: 0 | M11: 85 | N11: 0 | O11: =SUM(C11:L11,N11) -> 24 | P11: =SUM(C11:N11) -> 109 | R11: 0800-0900 | S11: =SUM(C14:C17) -> 57 | T11: =SUM(D14:D17) -> 18 | U11: =SUM(E14:E17) -> 14 | V11: =SUM(F14:F17) -> 24 | W11: =SUM(G14:G17) -> 1 | X11: =SUM(H14:H17) -> 0 | Y11: =SUM(I14:I17) -> 19 | Z11: =SUM(J14:J17) -> 2 | ... AF11: =SUM(P14:P17) -> 606
B12: 07.30 - 07.45 | C12: 11 | D12: 5 | E12: 4 | F12: 8 | G12: 1 | H12: 0 | I12: 8 | J12: 0 | K12: 0 | L12: 1 | M12: 101 | N12: 0 | O12: =SUM(C12:L12,N12) -> 38 | P12: =SUM(C12:N12) -> 139 | R12: 0900-1000 | S12: =SUM(C18:C21) -> 58 | T12: =SUM(D18:D21) -> 28 | U12: =SUM(E18:E21) -> 19 | V12: =SUM(F18:F21) -> 30 | W12: =SUM(G18:G21) -> 2 | X12: =SUM(H18:H21) -> 0 | Y12: =SUM(I18:I21) -> 23 | Z12: =SUM(J18:J21) -> 6 | ... AF12: =SUM(P18:P21) -> 654
B13: 07.45 - 08.00 | C13: 17 | D13: 8 | E13: 4 | F13: 6 | G13: 1 | H13: 0 | I13: 10 | J13: 1 | K13: 0 | L13: 5 | M13: 88 | N13: 0 | O13: =SUM(C13:L13,N13) -> 52 | P13: =SUM(C13:N13) -> 140 | R13: 1000-1100 | S13: =SUM(C22:C25) -> 62 | T13: =SUM(D22:D25) -> 21 | U13: =SUM(E22:E25) -> 13 | V13: =SUM(F22:F25) -> 33 | W13: =SUM(G22:G25) -> 3 | X13: =SUM(H22:H25) -> 0 | Y13: =SUM(I22:I25) -> 32 | Z13: =SUM(J22:J25) -> 5 | ... AF13: =SUM(P22:P25) -> 627
B14: 08.00 - 08.15 | C14: 12 | D14: 4 | E14: 3 | F14: 7 | G14: 1 | H14: 0 | I14: 8 | J14: 2 | K14: 0 | L14: 1 | M14: 105 | N14: 0 | O14: =SUM(C14:L14,N14) -> 38 | P14: =SUM(C14:N14) -> 143 | R14: 1100-1200 | S14: =SUM(C26:C29) -> 53 | T14: =SUM(D26:D29) -> 28 | U14: =SUM(E26:E29) -> 23 | V14: =SUM(F26:F29) -> 35 | W14: =SUM(G26:G29) -> 2 | X14: =SUM(H26:H29) -> 0 | Y14: =SUM(I26:I29) -> 40 | Z14: =SUM(J26:J29) -> 4 | ... AF14: =SUM(P26:P29) -> 557
B15: 08.15 - 08.30 | C15: 8 | D15: 3 | E15: 5 | F15: 2 | G15: 0 | H15: 0 | I15: 3 | J15: 0 | K15: 0 | L15: 2 | M15: 127 | N15: 0 | O15: =SUM(C15:L15,N15) -> 23 | P15: =SUM(C15:N15) -> 150 | R15: 1200-1300 | S15: =SUM(C30:C33) -> 36 | T15: =SUM(D30:D33) -> 16 | U15: =SUM(E30:E33) -> 15 | V15: =SUM(F30:F33) -> 32 | W15: =SUM(G30:G33) -> 1 | X15: =SUM(H30:H33) -> 0 | Y15: =SUM(I30:I33) -> 18 | Z15: =SUM(J30:J33) -> 10 | ... AF15: =SUM(P30:P33) -> 514
B16: 08.30 - 08.45 | C16: 22 | D16: 6 | E16: 3 | F16: 8 | G16: 0 | H16: 0 | I16: 6 | J16: 0 | K16: 0 | L16: 0 | M16: 123 | N16: 0 | O16: =SUM(C16:L16,N16) -> 45 | P16: =SUM(C16:N16) -> 168 | R16: 1300-1400 | S16: =SUM(C34:C37) -> 60 | T16: =SUM(D34:D37) -> 11 | U16: =SUM(E34:E37) -> 13 | V16: =SUM(F34:F37) -> 32 | W16: =SUM(G34:G37) -> 5 | X16: =SUM(H34:H37) -> 0 | Y16: =SUM(I34:I37) -> 32 | Z16: =SUM(J34:J37) -> 2 | ... AF16: =SUM(P34:P37) -> 581
B17: 08.45 - 9.00 | C17: 15 | D17: 5 | E17: 3 | F17: 7 | G17: 0 | H17: 0 | I17: 2 | J17: 0 | K17: 0 | L17: 1 | M17: 112 | N17: 0 | O17: =SUM(C17:L17,N17) -> 33 | P17: =SUM(C17:N17) -> 145 | R17: 1400-1500 | S17: =SUM(C38:C41) -> 63 | T17: =SUM(D38:D41) -> 19 | U17: =SUM(E38:E41) -> 21 | V17: =SUM(F38:F41) -> 32 | W17: =SUM(G38:G41) -> 4 | X17: =SUM(H38:H41) -> 0 | Y17: =SUM(I38:I41) -> 38 | Z17: =SUM(J38:J41) -> 3 | ... AF17: =SUM(P38:P41) -> 543
B18: 09.00 - 09.15 | C18: 18 | D18: 1 | E18: 2 | F18: 7 | G18: 1 | H18: 0 | I18: 10 | J18: 0 | K18: 0 | L18: 1 | M18: 128 | N18: 0 | O18: =SUM(C18:L18,N18) -> 40 | P18: =SUM(C18:N18) -> 168 | R18: 1500-1600 | S18: =SUM(C42:C45) -> 51 | T18: =SUM(D42:D45) -> 17 | U18: =SUM(E42:E45) -> 11 | V18: =SUM(F42:F45) -> 29 | W18: =SUM(G42:G45) -> 3 | X18: =SUM(H42:H45) -> 0 | Y18: =SUM(I42:I45) -> 31 | Z18: =SUM(J42:J45) -> 3 | ... AF18: =SUM(P42:P45) -> 504
B19: 09.15 - 09.30 | C19: 14 | D19: 10 | E19: 7 | F19: 9 | G19: 0 | H19: 0 | I19: 5 | J19: 1 | K19: 2 | L19: 0 | M19: 124 | N19: 0 | O19: =SUM(C19:L19,N19) -> 48 | P19: =SUM(C19:N19) -> 172 | R19: 1600-1700 | S19: =SUM(C46:C49) -> 39 | T19: =SUM(D46:D49) -> 19 | U19: =SUM(E46:E49) -> 12 | V19: =SUM(F46:F49) -> 26 | W19: =SUM(G46:G49) -> 3 | X19: =SUM(H46:H49) -> 0 | Y19: =SUM(I46:I49) -> 25 | Z19: =SUM(J46:J49) -> 7 | ... AF19: =SUM(P46:P49) -> 525
B20: 09.30 - 09.45 | C20: 12 | D20: 12 | E20: 4 | F20: 7 | G20: 1 | H20: 0 | I20: 6 | J20: 3 | K20: 2 | L20: 0 | M20: 123 | N20: 0 | O20: =SUM(C20:L20,N20) -> 47 | P20: =SUM(C20:N20) -> 170 | R20: 1700-1800 | S20: =SUM(C50:C53) -> 57 | T20: =SUM(D50:D53) -> 8 | U20: =SUM(E50:E53) -> 10 | V20: =SUM(F50:F53) -> 40 | W20: =SUM(G50:G53) -> 2 | X20: =SUM(H50:H53) -> 0 | Y20: =SUM(I50:I53) -> 11 | Z20: =SUM(J50:J53) -> 13 | ... AF20: =SUM(P50:P53) -> 546
B21: 09.45 - 10.00 | C21: 14 | D21: 5 | E21: 6 | F21: 7 | G21: 0 | H21: 0 | I21: 2 | J21: 2 | K21: 1 | L21: 0 | M21: 107 | N21: 0 | O21: =SUM(C21:L21,N21) -> 37 | P21: =SUM(C21:N21) -> 144 | R21: 1800-1900 | S21: =SUM(C54:C57) -> 35 | T21: =SUM(D54:D57) -> 13 | U21: =SUM(E54:E57) -> 10 | V21: =SUM(F54:F57) -> 28 | W21: =SUM(G54:G57) -> 4 | X21: =SUM(H54:H57) -> 0 | Y21: =SUM(I54:I57) -> 17 | Z21: =SUM(J54:J57) -> 7 | ... AF21: =SUM(P54:P57) -> 612
B22: 10.00 - 10.15 | C22: 17 | D22: 4 | E22: 2 | F22: 12 | G22: 2 | H22: 0 | I22: 7 | J22: 1 | K22: 3 | L22: 0 | M22: 98 | N22: 0 | O22: =SUM(C22:L22,N22) -> 48 | P22: =SUM(C22:N22) -> 146 | R22: AM Peak Hr | S22: =MAX(S10:S12) -> 58 | T22: =MAX(T10:T12) -> 28 | U22: =MAX(U10:U12) -> 19 | V22: =MAX(V10:V12) -> 30 | W22: =MAX(W10:W12) -> 3 | X22: =MAX(X10:X12) -> 0 | Y22: =MAX(Y10:Y12) -> 25 | Z22: =MAX(Z10:Z12) -> 6 | ... AF22: =MAX(AF10:AF12) -> 654
B23: 10.15 - 10.30 | C23: 11 | D23: 5 | E23: 6 | F23: 9 | G23: 1 | H23: 0 | I23: 7 | J23: 1 | K23: 0 | L23: 2 | M23: 103 | N23: 0 | O23: =SUM(C23:L23,N23) -> 42 | P23: =SUM(C23:N23) -> 145 | R23: IP Peak Hr | S23: =MAX(S13:S18) -> 63 | T23: =MAX(T13:T18) -> 28 | U23: =MAX(U13:U18) -> 23 | V23: =MAX(V13:V18) -> 35 | W23: =MAX(W13:W18) -> 5 | X23: =MAX(X13:X18) -> 0 | Y23: =MAX(Y13:Y18) -> 40 | Z23: =MAX(Z13:Z18) -> 10 | ... AF23: =MAX(AF13:AF18) -> 627
B24: 10.30 - 10.45 | C24: 21 | D24: 5 | E24: 3 | F24: 9 | G24: 0 | H24: 0 | I24: 11 | J24: 2 | K24: 0 | L24: 1 | M24: 123 | N24: 0 | O24: =SUM(C24:L24,N24) -> 52 | P24: =SUM(C24:N24) -> 175 | R24: PM Peak Hr | S24: =MAX(S19:S21) -> 57 | T24: =MAX(T19:T21) -> 19 | U24: =MAX(U19:U21) -> 12 | V24: =MAX(V19:V21) -> 40 | W24: =MAX(W19:W21) -> 4 | X24: =MAX(X19:X21) -> 0 | Y24: =MAX(Y19:Y21) -> 25 | Z24: =MAX(Z19:Z21) -> 13 | ... AF24: =MAX(AF19:AF21) -> 612
B25: 10.45 - 11.00 | C25: 13 | D25: 7 | E25: 2 | F25: 3 | G25: 0 | H25: 0 | I25: 7 | J25: 1 | K25: 0 | L25: 1 | M25: 127 | N25: 0 | O25: =SUM(C25:L25,N25) -> 34 | P25: =SUM(C25:N25) -> 161 | R25: AM Period | S25: =SUM(S10:S12) -> 156 | T25: =SUM(T10:T12) -> 64 | U25: =SUM(U10:U12) -> 43 | V25: =SUM(V10:V12) -> 79 | W25: =SUM(W10:W12) -> 6 | X25: =SUM(X10:X12) -> 0 | Y25: =SUM(Y10:Y12) -> 67 | Z25: =SUM(Z10:Z12) -> 11 | ... AF25: =SUM(AF10:AF12) -> 1706
B26: 11.00 - 11.15 | C26: 13 | D26: 6 | E26: 5 | F26: 10 | G26: 0 | H26: 0 | I26: 6 | J26: 3 | K26: 2 | L26: 0 | M26: 100 | N26: 0 | O26: =SUM(C26:L26,N26) -> 45 | P26: =SUM(C26:N26) -> 145 | R26: IP Period | S26: =SUM(S13:S18) -> 325 | T26: =SUM(T13:T18) -> 112 | U26: =SUM(U13:U18) -> 96 | V26: =SUM(V13:V18) -> 193 | W26: =SUM(W13:W18) -> 18 | X26: =SUM(X13:X18) -> 0 | Y26: =SUM(Y13:Y18) -> 191 | Z26: =SUM(Z13:Z18) -> 27 | ... AF26: =SUM(AF13:AF18) -> 3326
B27: 11.15 - 11.30 | C27: 19 | D27: 8 | E27: 10 | F27: 8 | G27: 1 | H27: 0 | I27: 11 | J27: 0 | K27: 0 | L27: 1 | M27: 115 | N27: 0 | O27: =SUM(C27:L27,N27) -> 58 | P27: =SUM(C27:N27) -> 173 | R27: PM Period | S27: =SUM(S19:S21) -> 131 | T27: =SUM(T19:T21) -> 40 | U27: =SUM(U19:U21) -> 32 | V27: =SUM(V19:V21) -> 94 | W27: =SUM(W19:W21) -> 9 | X27: =SUM(X19:X21) -> 0 | Y27: =SUM(Y19:Y21) -> 53 | Z27: =SUM(Z19:Z21) -> 27 | ... AF27: =SUM(AF19:AF21) -> 1683
B28: 11.30 - 11.45 | C28: 11 | D28: 8 | E28: 2 | F28: 7 | G28: 0 | H28: 0 | I28: 10 | J28: 0 | K28: 0 | L28: 0 | M28: 57 | N28: 0 | O28: =SUM(C28:L28,N28) -> 38 | P28: =SUM(C28:N28) -> 95 | R28: 12 Hours | S28: =SUM(S10:S21) -> 612 | T28: =SUM(T10:T21) -> 216 | U28: =SUM(U10:U21) -> 171 | V28: =SUM(V10:V21) -> 366 | W28: =SUM(W10:W21) -> 33 | X28: =SUM(X10:X21) -> 0 | Y28: =SUM(Y10:Y21) -> 311 | Z28: =SUM(Z10:Z21) -> 65 | ... AF28: =SUM(AF10:AF21) -> 6715
B29: 11.45 - 12.00 | C29: 10 | D29: 6 | E29: 6 | F29: 10 | G29: 1 | H29: 0 | I29: 13 | J29: 1 | K29: 0 | L29: 1 | M29: 96 | N29: 0 | O29: =SUM(C29:L29,N29) -> 48 | P29: =SUM(C29:N29) -> 144
B30: 12.00 - 12.15 | C30: 11 | D30: 4 | E30: 4 | F30: 9 | G30: 0 | H30: 0 | I30: 3 | J30: 2 | K30: 0 | L30: 2 | M30: 93 | N30: 0 | O30: =SUM(C30:L30,N30) -> 35 | P30: =SUM(C30:N30) -> 128
B31: 12.15 - 12.30 | C31: 1 | D31: 2 | E31: 2 | F31: 6 | G31: 0 | H31: 0 | I31: 3 | J31: 5 | K31: 0 | L31: 0 | M31: 88 | N31: 0 | O31: =SUM(C31:L31,N31) -> 19 | P31: =SUM(C31:N31) -> 107
B32: 12.30 - 12.45 | C32: 10 | D32: 3 | E32: 2 | F32: 9 | G32: 0 | H32: 0 | I32: 4 | J32: 1 | K32: 0 | L32: 0 | M32: 110 | N32: 0 | O32: =SUM(C32:L32,N32) -> 29 | P32: =SUM(C32:N32) -> 139
B33: 12.45 - 13.00 | C33: 14 | D33: 7 | E33: 7 | F33: 8 | G33: 1 | H33: 0 | I33: 8 | J33: 2 | K33: 0 | L33: 1 | M33: 92 | N33: 0 | O33: =SUM(C33:L33,N33) -> 48 | P33: =SUM(C33:N33) -> 140
B34: 13.00 - 13.15 | C34: 14 | D34: 1 | E34: 2 | F34: 7 | G34: 1 | H34: 0 | I34: 8 | J34: 0 | K34: 0 | L34: 0 | M34: 100 | N34: 0 | O34: =SUM(C34:L34,N34) -> 33 | P34: =SUM(C34:N34) -> 133
B35: 13.15 - 13.30 | C35: 17 | D35: 3 | E35: 9 | F35: 9 | G35: 2 | H35: 0 | I35: 9 | J35: 0 | K35: 1 | L35: 1 | M35: 110 | N35: 0 | O35: =SUM(C35:L35,N35) -> 51 | P35: =SUM(C35:N35) -> 161
B36: 13.30 - 13.45 | C36: 16 | D36: 1 | E36: 1 | F36: 6 | G36: 1 | H36: 0 | I36: 11 | J36: 1 | K36: 1 | L36: 0 | M36: 102 | N36: 0 | O36: =SUM(C36:L36,N36) -> 38 | P36: =SUM(C36:N36) -> 140
B37: 13.45 - 14.00 | C37: 13 | D37: 6 | E37: 1 | F37: 10 | G37: 1 | H37: 0 | I37: 4 | J37: 1 | K37: 0 | L37: 0 | M37: 111 | N37: 0 | O37: =SUM(C37:L37,N37) -> 36 | P37: =SUM(C37:N37) -> 147
B38: 14.00 - 14.15 | C38: 11 | D38: 2 | E38: 5 | F38: 11 | G38: 1 | H38: 0 | I38: 8 | J38: 0 | K38: 0 | L38: 1 | M38: 84 | N38: 0 | O38: =SUM(C38:L38,N38) -> 39 | P38: =SUM(C38:N38) -> 123
B39: 14.15 - 14.30 | C39: 18 | D39: 4 | E39: 6 | F39: 4 | G39: 2 | H39: 0 | I39: 9 | J39: 0 | K39: 0 | L39: 2 | M39: 103 | N39: 1 | O39: =SUM(C39:L39,N39) -> 46 | P39: =SUM(C39:N39) -> 149
B40: 14.30 - 14.45 | C40: 17 | D40: 5 | E40: 2 | F40: 9 | G40: 0 | H40: 0 | I40: 7 | J40: 2 | K40: 0 | L40: 1 | M40: 86 | N40: 0 | O40: =SUM(C40:L40,N40) -> 43 | P40: =SUM(C40:N40) -> 129
... B57: 18.45 - 19.00 | C57: 1 | D57: 7 | E57: 4 | F57: 5 | G57: 1 | H57: 0 | I57: 5 | J57: 0 | K57: 0 | L57: 1 | M57: 125 | N57: 0 | O57: =SUM(C57:L57,N57) -> 24 | P57: =SUM(C57:N57) -> 149
B58: Totals | C58: =SUM(C10:C57) -> 612 | D58: =SUM(D10:D57) -> 216 | E58: =SUM(E10:E57) -> 171 | F58: =SUM(F10:F57) -> 366 | G58: =SUM(G10:G57) -> 33 | H58: =SUM(H10:H57) -> 0 | I58: =SUM(I10:I57) -> 311 | J58: =SUM(J10:J57) -> 65 | ... P58: =SUM(P10:P57) -> 6715
B59: %ges + MCs | C59: =C58/$P$58 -> 0.091139241 | D59: =D58/$P$58 -> 0.032166791 | E59: =E58/$P$58 -> 0.025465376 | F59: =F58/$P$58 -> 0.05450484 | G59: =G58/$P$58 -> 0.0049143708 | H59: =H58/$P$58 -> 0 | I59: =I58/$P$58 -> 0.046314222 | J59: =J58/$P$58 -> 0.0096798213 | ... N59: =N58/$P$58 -> 0.00029784066
B60: %ges w/o MCs | C60: =C58/$O$58 -> 0.33515882 | D60: =D58/$O$58 -> 0.11829135 | E60: =E58/$O$58 -> 0.093647317 | F60: =F58/$O$58 -> 0.20043812 | G60: =G58/$O$58 -> 0.018072289 | H60: =H58/$O$58 -> 0 | I60: =I58/$O$58 -> 0.17031763 | J60: =J58/$O$58 -> 0.035596933 | ... L60: =L58/$O$58 -> 0.016976999 | N60: =N58/$O$58 -> 0.0010952903

Sheet 29.10 KATOSI-MUKONO
B1: Consultancy services for Preparation of Expressway Development Master Plan (EDMP) for Uganda
B2: MANUAL CLASSIFIED COUNT (MCC)
B3: ROAD NAME: | C3: ='29.10-MUKONO-KATOSI'!C3:G3 -> MCC - C2 - STN077 - KATOSI ROAD
C5: Date | D5: ='29.10-MUKONO-KATOSI'!D5 -> 29.10.2019 | F5: Location | G5: ='29.10-MUKONO-KATOSI'!G5:H5 -> LUV GUEST HOUSE | J5: Surveyor | K5: MOSES
C6: Dir. From | D6: KATOSI | F6: Dir. To | G6: MUKONO | J6: Supervisor | K6: ='29.10-MUKONO-KATOSI'!K6:L6 -> VICTOR M
B8: Time / Veh Type | R8: SUMMARY TRAFFIC VOLUMES
C9: 1. Car | D9: 2. Station Wagon | E9: 3. Pickups | F9: 4. Minibus, matatu | G9: 5. Medium bus | H9: 6. Large Bus | I9: 7. Light Truck | J9: 8. Medium Truck | K9: 9. Heavy truck | L9: 10. Truck Trailer | M9: 11. Motor cycles | N9: 12. Tractors | O9: Total Excl M/Cycles | P9: Total All | R9: Time | S9: 1. Car | T9: 2. Station Wagon | U9: 3. Pickups | V9: 4. Minibus, matatu | W9: 5. Medium bus | X9: 6. Large Bus | Y9: 7. Light Truck | Z9: 8. Medium Truck | AA9: 9. Heavy truck | AB9: 10. Truck Trailer | AC9: 11. Motorcycles | AD9: 12. Tractors, Graders | AE9: Total Excl M/ Cycles | AF9: Total All
B10: 07.00 - 07.15 | C10: 3 | D10: 5 | E10: 0 | F10: 2 | G10: 1 | H10: 0 | I10: 0 | J10: 0 | K10: 0 | L10: 0 | M10: 45 | N10: 0 | O10: =SUM(C10:L10,N10) -> 11 | P10: =SUM(C10:N10) -> 56 | R10: 0700-0800 | S10: =SUM(C10:C13) -> 94 | T10: =SUM(D10:D13) -> 37 | U10: =SUM(E10:E13) -> 14 | V10: =SUM(F10:F13) -> 100 | W10: =SUM(G10:G13) -> 8 | X10: =SUM(H10:H13) -> 0 | Y10: =SUM(I10:I13) -> 32 | Z10: =SUM(J10:J13) -> 1 | ... AF10: =SUM(P10:P13) -> 671
B11: 07.15 - 07.30 | C11: 20 | D11: 7 | E11: 2 | F11: 3 | G11: 0 | H11: 0 | I11: 6 | J11: 0 | K11: 0 | L11: 0 | M11: 110 | N11: 0 | O11: =SUM(C11:L11,N11) -> 38 | P11: =SUM(C11:N11) -> 148 | R11: 0800-0900 | S11: =SUM(C14:C17) -> 93 | T11: =SUM(D14:D17) -> 49 | U11: =SUM(E14:E17) -> 28 | V11: =SUM(F14:F17) -> 117 | W11: =SUM(G14:G17) -> 9 | X11: =SUM(H14:H17) -> 1 | Y11: =SUM(I14:I17) -> 28 | Z11: =SUM(J14:J17) -> 3 | ... AF11: =SUM(P14:P17) -> 752
B12: 07.30 - 07.45 | C12: 36 | D12: 20 | E12: 5 | F12: 35 | G12: 1 | H12: 0 | I12: 1 | J12: 1 | K12: 0 | L12: 0 | M12: 120 | N12: 0 | O12: =SUM(C12:L12,N12) -> 99 | P12: =SUM(C12:N12) -> 219 | R12: 0900-1000 | S12: =SUM(C18:C21) -> 55 | T12: =SUM(D18:D21) -> 18 | U12: =SUM(E18:E21) -> 18 | V12: =SUM(F18:F21) -> 74 | W12: =SUM(G18:G21) -> 5 | X12: =SUM(H18:H21) -> 0 | Y12: =SUM(I18:I21) -> 23 | Z12: =SUM(J18:J21) -> 2 | ... AF12: =SUM(P18:P21) -> 593
B13: 07.45 - 08.00 | C13: 35 | D13: 5 | E13: 7 | F13: 60 | G13: 6 | H13: 0 | I13: 25 | J13: 0 | K13: 0 | L13: 0 | M13: 110 | N13: 0 | O13: =SUM(C13:L13,N13) -> 138 | P13: =SUM(C13:N13) -> 248 | R13: 1000-1100 | S13: =SUM(C22:C25) -> 36 | T13: =SUM(D22:D25) -> 18 | U13: =SUM(E22:E25) -> 4 | V13: =SUM(F22:F25) -> 57 | W13: =SUM(G22:G25) -> 0 | X13: =SUM(H22:H25) -> 0 | Y13: =SUM(I22:I25) -> 36 | Z13: =SUM(J22:J25) -> 3 | ... AF13: =SUM(P22:P25) -> 399
B14: 08.00 - 08.15 | C14: 37 | D14: 27 | E14: 11 | F14: 47 | G14: 7 | H14: 1 | I14: 15 | J14: 2 | K14: 3 | L14: 0 | M14: 107 | N14: 0 | O14: =SUM(C14:L14,N14) -> 150 | P14: =SUM(C14:N14) -> 257 | R14: 1100-1200 | S14: =SUM(C26:C29) -> 28 | T14: =SUM(D26:D29) -> 14 | U14: =SUM(E26:E29) -> 4 | V14: =SUM(F26:F29) -> 45 | W14: =SUM(G26:G29) -> 0 | X14: =SUM(H26:H29) -> 0 | Y14: =SUM(I26:I29) -> 13 | Z14: =SUM(J26:J29) -> 2 | ... AF14: =SUM(P26:P29) -> 395
B15: 08.15 - 08.30 | C15: 20 | D15: 10 | E15: 6 | F15: 16 | G15: 0 | H15: 0 | I15: 6 | J15: 0 | K15: 2 | L15: 0 | M15: 80 | N15: 0 | O15: =SUM(C15:L15,N15) -> 60 | P15: =SUM(C15:N15) -> 140 | R15: 1200-1300 | S15: =SUM(C30:C33) -> 41 | T15: =SUM(D30:D33) -> 16 | U15: =SUM(E30:E33) -> 18 | V15: =SUM(F30:F33) -> 54 | W15: =SUM(G30:G33) -> 2 | X15: =SUM(H30:H33) -> 0 | Y15: =SUM(I30:I33) -> 18 | Z15: =SUM(J30:J33) -> 6 | ... AF15: =SUM(P30:P33) -> 541
B16: 08.30 - 08.45 | C16: 21 | D16: 10 | E16: 1 | F16: 28 | G16: 2 | H16: 0 | I16: 7 | J16: 0 | K16: 0 | L16: 0 | M16: 127 | N16: 0 | O16: =SUM(C16:L16,N16) -> 69 | P16: =SUM(C16:N16) -> 196 | R16: 1300-1400 | S16: =SUM(C34:C37) -> 27 | T16: =SUM(D34:D37) -> 13 | U16: =SUM(E34:E37) -> 14 | V16: =SUM(F34:F37) -> 24 | W16: =SUM(G34:G37) -> 1 | X16: =SUM(H34:H37) -> 0 | Y16: =SUM(I34:I37) -> 36 | Z16: =SUM(J34:J37) -> 3 | ... AF16: =SUM(P34:P37) -> 542
B17: 08.45 - 9.00 | C17: 15 | D17: 2 | E17: 10 | F17: 26 | G17: 0 | H17: 0 | I17: 0 | J17: 1 | K17: 0 | L17: 0 | M17: 105 | N17: 0 | O17: =SUM(C17:L17,N17) -> 54 | P17: =SUM(C17:N17) -> 159 | R17: 1400-1500 | S17: =SUM(C38:C41) -> 35 | T17: =SUM(D38:D41) -> 24 | U17: =SUM(E38:E41) -> 12 | V17: =SUM(F38:F41) -> 36 | W17: =SUM(G38:G41) -> 4 | X17: =SUM(H38:H41) -> 2 | Y17: =SUM(I38:I41) -> 40 | Z17: =SUM(J38:J41) -> 7 | ... AF17: =SUM(P38:P41) -> 493
B18: 09.00 - 09.15 | C18: 30 | D18: 12 | E18: 16 | F18: 37 | G18: 2 | H18: 0 | I18: 7 | J18: 0 | K18: 0 | L18: 1 | M18: 140 | N18: 0 | O18: =SUM(C18:L18,N18) -> 105 | P18: =SUM(C18:N18) -> 245 | R18: 1500-1600 | S18: =SUM(C42:C45) -> 52 | T18: =SUM(D42:D45) -> 26 | U18: =SUM(E42:E45) -> 12 | V18: =SUM(F42:F45) -> 69 | W18: =SUM(G42:G45) -> 3 | X18: =SUM(H42:H45) -> 0 | Y18: =SUM(I42:I45) -> 38 | Z18: =SUM(J42:J45) -> 9 | ... AF18: =SUM(P42:P45) -> 623
B19: 09.15 - 09.30 | C19: 17 | D19: 1 | E19: 0 | F19: 15 | G19: 0 | H19: 0 | I19: 6 | J19: 0 | K19: 2 | L19: 2 | M19: 50 | N19: 0 | O19: =SUM(C19:L19,N19) -> 43 | P19: =SUM(C19:N19) -> 93 | R19: 1600-1700 | S19: =SUM(C46:C49) -> 60 | T19: =SUM(D46:D49) -> 20 | U19: =SUM(E46:E49) -> 20 | V19: =SUM(F46:F49) -> 50 | W19: =SUM(G46:G49) -> 6 | X19: =SUM(H46:H49) -> 0 | Y19: =SUM(I46:I49) -> 41 | Z19: =SUM(J46:J49) -> 10 | ... AF19: =SUM(P46:P49) -> 594
B20: 09.30 - 09.45 | C20: 1 | D20: 1 | E20: 1 | F20: 17 | G20: 2 | H20: 0 | I20: 5 | J20: 1 | K20: 0 | L20: 0 | M20: 98 | N20: 0 | O20: =SUM(C20:L20,N20) -> 28 | P20: =SUM(C20:N20) -> 126 | R20: 1700-1800 | S20: =SUM(C50:C53) -> 55 | T20: =SUM(D50:D53) -> 33 | U20: =SUM(E50:E53) -> 14 | V20: =SUM(F50:F53) -> 39 | W20: =SUM(G50:G53) -> 4 | X20: =SUM(H50:H53) -> 0 | Y20: =SUM(I50:I53) -> 26 | Z20: =SUM(J50:J53) -> 6 | ... AF20: =SUM(P50:P53) -> 656
B21: 09.45 - 10.00 | C21: 7 | D21: 4 | E21: 1 | F21: 5 | G21: 1 | H21: 0 | I21: 5 | J21: 1 | K21: 0 | L21: 0 | M21: 105 | N21: 0 | O21: =SUM(C21:L21,N21) -> 24 | P21: =SUM(C21:N21) -> 129 | R21: 1800-1900 | S21: =SUM(C54:C57) -> 49 | T21: =SUM(D54:D57) -> 36 | U21: =SUM(E54:E57) -> 11 | V21: =SUM(F54:F57) -> 40 | W21: =SUM(G54:G57) -> 5 | X21: =SUM(H54:H57) -> 0 | Y21: =SUM(I54:I57) -> 34 | Z21: =SUM(J54:J57) -> 5 | ... AF21: =SUM(P54:P57) -> 581
B22: 10.00 - 10.15 | C22: 6 | D22: 2 | E22: 0 | F22: 6 | G22: 0 | H22: 0 | I22: 3 | J22: 0 | K22: 0 | L22: 0 | M22: 40 | N22: 0 | O22: =SUM(C22:L22,N22) -> 17 | P22: =SUM(C22:N22) -> 57 | R22: AM Peak Hr | S22: =MAX(S10:S12) -> 94 | T22: =MAX(T10:T12) -> 49 | U22: =MAX(U10:U12) -> 28 | V22: =MAX(V10:V12) -> 117 | W22: =MAX(W10:W12) -> 9 | X22: =MAX(X10:X12) -> 1 | Y22: =MAX(Y10:Y12) -> 32 | Z22: =MAX(Z10:Z12) -> 3 | ... AF22: =MAX(AF10:AF12) -> 752
B23: 10.15 - 10.30 | C23: 8 | D23: 1 | E23: 2 | F23: 10 | G23: 0 | H23: 0 | I23: 15 | J23: 1 | K23: 0 | L23: 1 | M23: 72 | N23: 0 | O23: =SUM(C23:L23,N23) -> 38 | P23: =SUM(C23:N23) -> 110 | R23: IP Peak Hr | S23: =MAX(S13:S18) -> 52 | T23: =MAX(T13:T18) -> 26 | U23: =MAX(U13:U18) -> 18 | V23: =MAX(V13:V18) -> 69 | W23: =MAX(W13:W18) -> 4 | X23: =MAX(X13:X18) -> 2 | Y23: =MAX(Y13:Y18) -> 40 | Z23: =MAX(Z13:Z18) -> 9 | ... AF23: =MAX(AF13:AF18) -> 623
B24: 10.30 - 10.45 | C24: 10 | D24: 5 | E24: 0 | F24: 25 | G24: 0 | H24: 0 | I24: 3 | J24: 1 | K24: 0 | L24: 0 | M24: 36 | N24: 0 | O24: =SUM(C24:L24,N24) -> 44 | P24: =SUM(C24:N24) -> 80 | R24: PM Peak Hr | S24: =MAX(S19:S21) -> 60 | T24: =MAX(T19:T21) -> 36 | U24: =MAX(U19:U21) -> 20 | V24: =MAX(V19:V21) -> 50 | W24: =MAX(W19:W21) -> 6 | X24: =MAX(X19:X21) -> 0 | Y24: =MAX(Y19:Y21) -> 41 | Z24: =MAX(Z19:Z21) -> 10 | ... AF24: =MAX(AF19:AF21) -> 656
B25: 10.45 - 11.00 | C25: 12 | D25: 10 | E25: 2 | F25: 16 | G25: 0 | H25: 0 | I25: 15 | J25: 1 | K25: 0 | L25: 1 | M25: 95 | N25: 0 | O25: =SUM(C25:L25,N25) -> 57 | P25: =SUM(C25:N25) -> 152 | R25: AM Period | S25: =SUM(S10:S12) -> 242 | T25: =SUM(T10:T12) -> 104 | U25: =SUM(U10:U12) -> 60 | V25: =SUM(V10:V12) -> 291 | W25: =SUM(W10:W12) -> 22 | X25: =SUM(X10:X12) -> 1 | Y25: =SUM(Y10:Y12) -> 83 | Z25: =SUM(Z10:Z12) -> 6 | ... AF25: =SUM(AF10:AF12) -> 2016
B26: 11.00 - 11.15 | C26: 3 | D26: 2 | E26: 0 | F26: 12 | G26: 0 | H26: 0 | I26: 2 | J26: 2 | K26: 0 | L26: 1 | M26: 65 | N26: 0 | O26: =SUM(C26:L26,N26) -> 22 | P26: =SUM(C26:N26) -> 87 | R26: IP Period | S26: =SUM(S13:S18) -> 219 | T26: =SUM(T13:T18) -> 111 | U26: =SUM(U13:U18) -> 64 | V26: =SUM(V13:V18) -> 285 | W26: =SUM(W13:W18) -> 10 | X26: =SUM(X13:X18) -> 2 | Y26: =SUM(Y13:Y18) -> 181 | Z26: =SUM(Z13:Z18) -> 30 | ... AF26: =SUM(AF13:AF18) -> 2993
B27: 11.15 - 11.30 | C27: 6 | D27: 5 | E27: 2 | F27: 6 | G27: 0 | H27: 0 | I27: 4 | J27: 0 | K27: 1 | L27: 1 | M27: 72 | N27: 0 | O27: =SUM(C27:L27,N27) -> 25 | P27: =SUM(C27:N27) -> 97 | R27: PM Period | S27: =SUM(S19:S21) -> 164 | T27: =SUM(T19:T21) -> 89 | U27: =SUM(U19:U21) -> 45 | V27: =SUM(V19:V21) -> 129 | W27: =SUM(W19:W21) -> 15 | X27: =SUM(X19:X21) -> 0 | Y27: =SUM(Y19:Y21) -> 101 | Z27: =SUM(Z19:Z21) -> 21 | ... AF27: =SUM(AF19:AF21) -> 1831
B28: 11.30 - 11.45 | C28: 6 | D28: 2 | E28: 0 | F28: 7 | G28: 0 | H28: 0 | I28: 1 | J28: 0 | K28: 1 | L28: 0 | M28: 45 | N28: 0 | O28: =SUM(C28:L28,N28) -> 17 | P28: =SUM(C28:N28) -> 62 | R28: 12 Hours | S28: =SUM(S10:S21) -> 625 | T28: =SUM(T10:T21) -> 304 | U28: =SUM(U10:U21) -> 169 | V28: =SUM(V10:V21) -> 705 | W28: =SUM(W10:W21) -> 47 | X28: =SUM(X10:X21) -> 3 | Y28: =SUM(Y10:Y21) -> 365 | Z28: =SUM(Z10:Z21) -> 57 | ... AF28: =SUM(AF10:AF21) -> 6840
B29: 11.45 - 12.00 | C29: 13 | D29: 5 | E29: 2 | F29: 20 | G29: 0 | H29: 0 | I29: 6 | J29: 0 | K29: 0 | L29: 1 | M29: 102 | N29: 0 | O29: =SUM(C29:L29,N29) -> 47 | P29: =SUM(C29:N29) -> 149
B30: 12.00 - 12.15 | C30: 8 | D30: 5 | E30: 3 | F30: 7 | G30: 0 | H30: 0 | I30: 5 | J30: 1 | K30: 0 | L30: 0 | M30: 91 | N30: 0 | O30: =SUM(C30:L30,N30) -> 29 | P30: =SUM(C30:N30) -> 120
B31: 12.15 - 12.30 | C31: 10 | D31: 2 | E31: 7 | F31: 11 | G31: 1 | H31: 0 | I31: 10 | J31: 3 | K31: 1 | L31: 1 | M31: 85 | N31: 0 | O31: =SUM(C31:L31,N31) -> 46 | P31: =SUM(C31:N31) -> 131
B32: 12.30 - 12.45 | C32: 12 | D32: 7 | E32: 8 | F32: 15 | G32: 0 | H32: 0 | I32: 1 | J32: 2 | K32: 1 | L32: 1 | M32: 105 | N32: 0 | O32: =SUM(C32:L32,N32) -> 47 | P32: =SUM(C32:N32) -> 152
B33: 12.45 - 13.00 | C33: 11 | D33: 2 | E33: 0 | F33: 21 | G33: 1 | H33: 0 | I33: 2 | J33: 0 | K33: 0 | L33: 1 | M33: 100 | N33: 0 | O33: =SUM(C33:L33,N33) -> 38 | P33: =SUM(C33:N33) -> 138
B34: 13.00 - 13.15 | C34: 4 | D34: 1 | E34: 5 | F34: 8 | G34: 1 | H34: 0 | I34: 11 | J34: 1 | K34: 0 | L34: 2 | M34: 144 | N34: 0 | O34: =SUM(C34:L34,N34) -> 33 | P34: =SUM(C34:N34) -> 177
B35: 13.15 - 13.30 | C35: 8 | D35: 1 | E35: 2 | F35: 5 | G35: 0 | H35: 0 | I35: 12 | J35: 0 | K35: 0 | L35: 0 | M35: 115 | N35: 0 | O35: =SUM(C35:L35,N35) -> 28 | P35: =SUM(C35:N35) -> 143
B36: 13.30 - 13.45 | C36: 10 | D36: 10 | E36: 7 | F36: 10 | G36: 0 | H36: 0 | I36: 13 | J36: 2 | K36: 3 | L36: 1 | M36: 139 | N36: 0 | O36: =SUM(C36:L36,N36) -> 56 | P36: =SUM(C36:N36) -> 195
B37: 13.45 - 14.00 | C37: 5 | D37: 1 | E37: 0 | F37: 1 | G37: 0 | H37: 0 | I37: 0 | J37: 0 | K37: 0 | L37: 0 | M37: 20 | N37: 0 | O37: =SUM(C37:L37,N37) -> 7 | P37: =SUM(C37:N37) -> 27
B38: 14.00 - 14.15 | C38: 10 | D38: 9 | E38: 3 | F38: 8 | G38: 1 | H38: 1 | I38: 14 | J38: 2 | K38: 0 | L38: 1 | M38: 66 | N38: 0 | O38: =SUM(C38:L38,N38) -> 49 | P38: =SUM(C38:N38) -> 115
B39: 14.15 - 14.30 | C39: 8 | D39: 5 | E39: 4 | F39: 14 | G39: 1 | H39: 1 | I39: 7 | J39: 1 | K39: 0 | L39: 0 | M39: 72 | N39: 0 | O39: =SUM(C39:L39,N39) -> 41 | P39: =SUM(C39:N39) -> 113
B40: 14.30 - 14.45 | C40: 5 | D40: 5 | E40: 3 | F40: 6 | G40: 1 | H40: 0 | I40: 4 | J40: 1 | K40: 0 | L40: 1 | M40: 91 | N40: 0 | O40: =SUM(C40:L40,N40) -> 26 | P40: =SUM(C40:N40) -> 117
... B57: 18.45 - 19.00 | C57: 9 | D57: 6 | E57: 1 | F57: 10 | G57: 0 | H57: 0 | I57: 7 | J57: 1 | K57: 1 | L57: 0 | M57: 101 | N57: 0 | O57: =SUM(C57:L57,N57) -> 35 | P57: =SUM(C57:N57) -> 136
B58: Totals | C58: =SUM(C10:C57) -> 625 | D58: =SUM(D10:D57) -> 304 | E58: =SUM(E10:E57) -> 169 | F58: =SUM(F10:F57) -> 705 | G58: =SUM(G10:G57) -> 47 | H58: =SUM(H10:H57) -> 3 | I58: =SUM(I10:I57) -> 365 | J58: =SUM(J10:J57) -> 57 | ... P58: =SUM(P10:P57) -> 6840
B59: %ges + MCs | C59: =C58/$P$58 -> 0.091374269 | D59: =D58/$P$58 -> 0.044444444 | E59: =E58/$P$58 -> 0.024707602 | F59: =F58/$P$58 -> 0.10307018 | G59: =G58/$P$58 -> 0.006871345 | H59: =H58/$P$58 -> 0.00043859649 | I59: =I58/$P$58 -> 0.053362573 | J59: =J58/$P$58 -> 0.0083333333 | ... N59: =N58/$P$58 -> 0
B60: %ges w/o MCs | C60: =C58/$O$58 -> 0.26939655 | D60: =D58/$O$58 -> 0.13103448 | E60: =E58/$O$58 -> 0.072844828 | F60: =F58/$O$58 -> 0.30387931 | G60: =G58/$O$58 -> 0.020258621 | H60: =H58/$O$58 -> 0.0012931034 | I60: =I58/$O$58 -> 0.15732759 | J60: =J58/$O$58 -> 0.024568966 | ... L60: =L58/$O$58 -> 0.010344828 | N60: =N58/$O$58 -> 0

Sheet 30.10 MUKONO-KATOSI
B1: Consultancy services for Preparation of Expressway Development Master Plan (EDMP) for Uganda
B2: MANUAL CLASSIFIED COUNT (MCC)
B3: ROAD NAME: | C3: ='29.10 KATOSI-MUKONO'!C3:G3 -> MCC - C2 - STN077 - KATOSI ROAD
C5: Date | D5: ='30.10 KATOSI-MUKONO'!D5 -> 30.10.2019 | F5: Location | G5: ='29.10-MUKONO-KATOSI'!G5:H5 -> LUV GUEST HOUSE | J5: Surveyor | K5: ='29.10-MUKONO-KATOSI'!K5:L5 -> KIRABO DAN
C6: Dir. From | D6: MUKONO | F6: Dir. To | G6: KATOSI | J6: Supervisor | K6: ='29.10-MUKONO-KATOSI'!K6:L6 -> VICTOR M
B8: Time / Veh Type | R8: SUMMARY TRAFFIC VOLUMES
C9: 1. Car | D9: 2. Station Wagon | E9: 3. Pickups | F9: 4. Minibus, matatu | G9: 5. Medium bus | H9: 6. Large Bus | I9: 7. Light Truck | J9: 8. Medium Truck | K9: 9. Heavy truck | L9: 10. Truck Trailer | M9: 11. Motor cycles | N9: 12. Tractors | O9: Total Excl M/Cycles | P9: Total All | R9: Time | S9: 1. Car | T9: 2. Station Wagon | U9: 3. Pickups | V9: 4. Minibus, matatu | W9: 5. Medium bus | X9: 6. Large Bus | Y9: 7. Light Truck | Z9: 8. Medium Truck | AA9: 9. Heavy truck | AB9: 10. Truck Trailer | AC9: 11. Motorcycles | AD9: 12. Tractors, Graders | AE9: Total Excl M/ Cycles | AF9: Total All
B10: 07.00 - 07.15 | C10: 8 | D10: 2 | E10: 2 | F10: 5 | G10: 0 | H10: 0 | I10: 3 | J10: 2 | K10: 0 | L10: 0 | M10: 42 | N10: 0 | O10: =SUM(C10:L10,N10) -> 22 | P10: =SUM(C10:N10) -> 64 | R10: 0700-0800 | S10: =SUM(C10:C13) -> 31 | T10: =SUM(D10:D13) -> 19 | U10: =SUM(E10:E13) -> 8 | V10: =SUM(F10:F13) -> 25 | W10: =SUM(G10:G13) -> 2 | X10: =SUM(H10:H13) -> 0 | Y10: =SUM(I10:I13) -> 17 | Z10: =SUM(J10:J13) -> 7 | ... AF10: =SUM(P10:P13) -> 434
B11: 07.15 - 07.30 | C11: 2 | D11: 3 | E11: 2 | F11: 3 | G11: 1 | H11: 0 | I11: 3 | J11: 1 | K11: 0 | L11: 0 | M11: 36 | N11: 36 | O11: =SUM(C11:L11,N11) -> 51 | P11: =SUM(C11:N11) -> 87 | R11: 0800-0900 | S11: =SUM(C14:C17) -> 50 | T11: =SUM(D14:D17) -> 34 | U11: =SUM(E14:E17) -> 12 | V11: =SUM(F14:F17) -> 29 | W11: =SUM(G14:G17) -> 14 | X11: =SUM(H14:H17) -> 0 | Y11: =SUM(I14:I17) -> 28 | Z11: =SUM(J14:J17) -> 7 | ... AF11: =SUM(P14:P17) -> 660
B12: 07.30 - 07.45 | C12: 11 | D12: 7 | E12: 1 | F12: 8 | G12: 1 | H12: 0 | I12: 5 | J12: 1 | K12: 0 | L12: 0 | M12: 100 | N12: 0 | O12: =SUM(C12:L12,N12) -> 34 | P12: =SUM(C12:N12) -> 134 | R12: 0900-1000 | S12: =SUM(C18:C21) -> 42 | T12: =SUM(D18:D21) -> 24 | U12: =SUM(E18:E21) -> 22 | V12: =SUM(F18:F21) -> 30 | W12: =SUM(G18:G21) -> 1 | X12: =SUM(H18:H21) -> 0 | Y12: =SUM(I18:I21) -> 46 | Z12: =SUM(J18:J21) -> 5 | ... AF12: =SUM(P18:P21) -> 684
B13: 07.45 - 08.00 | C13: 10 | D13: 7 | E13: 3 | F13: 9 | G13: 0 | H13: 0 | I13: 6 | J13: 3 | K13: 0 | L13: 0 | M13: 111 | N13: 0 | O13: =SUM(C13:L13,N13) -> 38 | P13: =SUM(C13:N13) -> 149 | R13: 1000-1100 | S13: =SUM(C22:C25) -> 42 | T13: =SUM(D22:D25) -> 29 | U13: =SUM(E22:E25) -> 12 | V13: =SUM(F22:F25) -> 30 | W13: =SUM(G22:G25) -> 1 | X13: =SUM(H22:H25) -> 1 | Y13: =SUM(I22:I25) -> 31 | Z13: =SUM(J22:J25) -> 4 | ... AF13: =SUM(P22:P25) -> 595
B14: 08.00 - 08.15 | C14: 12 | D14: 8 | E14: 2 | F14: 4 | G14: 12 | H14: 0 | I14: 4 | J14: 2 | K14: 1 | L14: 5 | M14: 124 | N14: 0 | O14: =SUM(C14:L14,N14) -> 50 | P14: =SUM(C14:N14) -> 174 | R14: 1100-1200 | S14: =SUM(C26:C29) -> 57 | T14: =SUM(D26:D29) -> 27 | U14: =SUM(E26:E29) -> 14 | V14: =SUM(F26:F29) -> 28 | W14: =SUM(G26:G29) -> 0 | X14: =SUM(H26:H29) -> 0 | Y14: =SUM(I26:I29) -> 44 | Z14: =SUM(J26:J29) -> 9 | ... AF14: =SUM(P26:P29) -> 619
B15: 08.15 - 08.30 | C15: 11 | D15: 8 | E15: 3 | F15: 8 | G15: 1 | H15: 0 | I15: 7 | J15: 0 | K15: 0 | L15: 1 | M15: 121 | N15: 0 | O15: =SUM(C15:L15,N15) -> 39 | P15: =SUM(C15:N15) -> 160 | R15: 1200-1300 | S15: =SUM(C30:C33) -> 34 | T15: =SUM(D30:D33) -> 26 | U15: =SUM(E30:E33) -> 17 | V15: =SUM(F30:F33) -> 33 | W15: =SUM(G30:G33) -> 0 | X15: =SUM(H30:H33) -> 0 | Y15: =SUM(I30:I33) -> 39 | Z15: =SUM(J30:J33) -> 1 | ... AF15: =SUM(P30:P33) -> 586
B16: 08.30 - 08.45 | C16: 10 | D16: 7 | E16: 5 | F16: 7 | G16: 0 | H16: 0 | I16: 8 | J16: 2 | K16: 1 | L16: 1 | M16: 112 | N16: 0 | O16: =SUM(C16:L16,N16) -> 41 | P16: =SUM(C16:N16) -> 153 | R16: 1300-1400 | S16: =SUM(C34:C37) -> 38 | T16: =SUM(D34:D37) -> 35 | U16: =SUM(E34:E37) -> 12 | V16: =SUM(F34:F37) -> 31 | W16: =SUM(G34:G37) -> 3 | X16: =SUM(H34:H37) -> 0 | Y16: =SUM(I34:I37) -> 33 | Z16: =SUM(J34:J37) -> 4 | ... AF16: =SUM(P34:P37) -> 552
B17: 08.45 - 9.00 | C17: 17 | D17: 11 | E17: 2 | F17: 10 | G17: 1 | H17: 0 | I17: 9 | J17: 3 | K17: 0 | L17: 0 | M17: 120 | N17: 0 | O17: =SUM(C17:L17,N17) -> 53 | P17: =SUM(C17:N17) -> 173 | R17: 1400-1500 | S17: =SUM(C38:C41) -> 34 | T17: =SUM(D38:D41) -> 28 | U17: =SUM(E38:E41) -> 19 | V17: =SUM(F38:F41) -> 34 | W17: =SUM(G38:G41) -> 0 | X17: =SUM(H38:H41) -> 1 | Y17: =SUM(I38:I41) -> 31 | Z17: =SUM(J38:J41) -> 5 | ... AF17: =SUM(P38:P41) -> 449
B18: 09.00 - 09.15 | C18: 12 | D18: 8 | E18: 3 | F18: 3 | G18: 0 | H18: 0 | I18: 11 | J18: 2 | K18: 0 | L18: 0 | M18: 134 | N18: 0 | O18: =SUM(C18:L18,N18) -> 39 | P18: =SUM(C18:N18) -> 173 | R18: 1500-1600 | S18: =SUM(C42:C45) -> 23 | T18: =SUM(D42:D45) -> 18 | U18: =SUM(E42:E45) -> 9 | V18: =SUM(F42:F45) -> 25 | W18: =SUM(G42:G45) -> 3 | X18: =SUM(H42:H45) -> 0 | Y18: =SUM(I42:I45) -> 25 | Z18: =SUM(J42:J45) -> 11 | ... AF18: =SUM(P42:P45) -> 424
B19: 09.15 - 09.30 | C19: 12 | D19: 6 | E19: 8 | F19: 12 | G19: 0 | H19: 0 | I19: 10 | J19: 0 | K19: 3 | L19: 1 | M19: 138 | N19: 0 | O19: =SUM(C19:L19,N19) -> 52 | P19: =SUM(C19:N19) -> 190 | R19: 1600-1700 | S19: =SUM(C46:C49) -> 41 | T19: =SUM(D46:D49) -> 31 | U19: =SUM(E46:E49) -> 19 | V19: =SUM(F46:F49) -> 33 | W19: =SUM(G46:G49) -> 5 | X19: =SUM(H46:H49) -> 0 | Y19: =SUM(I46:I49) -> 24 | Z19: =SUM(J46:J49) -> 3 | ... AF19: =SUM(P46:P49) -> 490
B20: 09.30 - 09.45 | C20: 10 | D20: 4 | E20: 8 | F20: 6 | G20: 0 | H20: 0 | I20: 15 | J20: 1 | K20: 0 | L20: 1 | M20: 134 | N20: 0 | O20: =SUM(C20:L20,N20) -> 45 | P20: =SUM(C20:N20) -> 179 | R20: 1700-1800 | S20: =SUM(C50:C53) -> 39 | T20: =SUM(D50:D53) -> 22 | U20: =SUM(E50:E53) -> 14 | V20: =SUM(F50:F53) -> 31 | W20: =SUM(G50:G53) -> 4 | X20: =SUM(H50:H53) -> 0 | Y20: =SUM(I50:I53) -> 32 | Z20: =SUM(J50:J53) -> 10 | ... AF20: =SUM(P50:P53) -> 455
B21: 09.45 - 10.00 | C21: 8 | D21: 6 | E21: 3 | F21: 9 | G21: 1 | H21: 0 | I21: 10 | J21: 2 | K21: 0 | L21: 0 | M21: 103 | N21: 0 | O21: =SUM(C21:L21,N21) -> 39 | P21: =SUM(C21:N21) -> 142 | R21: 1800-1900 | S21: =SUM(C54:C57) -> 62 | T21: =SUM(D54:D57) -> 31 | U21: =SUM(E54:E57) -> 14 | V21: =SUM(F54:F57) -> 41 | W21: =SUM(G54:G57) -> 2 | X21: =SUM(H54:H57) -> 0 | Y21: =SUM(I54:I57) -> 23 | Z21: =SUM(J54:J57) -> 2 | ... AF21: =SUM(P54:P57) -> 617
B22: 10.00 - 10.15 | C22: 11 | D22: 8 | E22: 0 | F22: 4 | G22: 1 | H22: 0 | I22: 8 | J22: 0 | K22: 1 | L22: 0 | M22: 95 | N22: 0 | O22: =SUM(C22:L22,N22) -> 33 | P22: =SUM(C22:N22) -> 128 | R22: AM Peak Hr | S22: =MAX(S10:S12) -> 50 | T22: =MAX(T10:T12) -> 34 | U22: =MAX(U10:U12) -> 22 | V22: =MAX(V10:V12) -> 30 | W22: =MAX(W10:W12) -> 14 | X22: =MAX(X10:X12) -> 0 | Y22: =MAX(Y10:Y12) -> 46 | Z22: =MAX(Z10:Z12) -> 7 | ... AF22: =MAX(AF10:AF12) -> 684
B23: 10.15 - 10.30 | C23: 9 | D23: 10 | E23: 1 | F23: 9 | G23: 0 | H23: 0 | I23: 7 | J23: 1 | K23: 0 | L23: 1 | M23: 123 | N23: 0 | O23: =SUM(C23:L23,N23) -> 38 | P23: =SUM(C23:N23) -> 161 | R23: IP Peak Hr | S23: =MAX(S13:S18) -> 57 | T23: =MAX(T13:T18) -> 35 | U23: =MAX(U13:U18) -> 19 | V23: =MAX(V13:V18) -> 34 | W23: =MAX(W13:W18) -> 3 | X23: =MAX(X13:X18) -> 1 | Y23: =MAX(Y13:Y18) -> 44 | Z23: =MAX(Z13:Z18) -> 11 | ... AF23: =MAX(AF13:AF18) -> 619
B24: 10.30 - 10.45 | C24: 14 | D24: 8 | E24: 4 | F24: 8 | G24: 0 | H24: 0 | I24: 8 | J24: 2 | K24: 0 | L24: 1 | M24: 127 | N24: 0 | O24: =SUM(C24:L24,N24) -> 45 | P24: =SUM(C24:N24) -> 172 | R24: PM Peak Hr | S24: =MAX(S19:S21) -> 62 | T24: =MAX(T19:T21) -> 31 | U24: =MAX(U19:U21) -> 19 | V24: =MAX(V19:V21) -> 41 | W24: =MAX(W19:W21) -> 5 | X24: =MAX(X19:X21) -> 0 | Y24: =MAX(Y19:Y21) -> 32 | Z24: =MAX(Z19:Z21) -> 10 | ... AF24: =MAX(AF19:AF21) -> 617
B25: 10.45 - 11.00 | C25: 8 | D25: 3 | E25: 7 | F25: 9 | G25: 0 | H25: 1 | I25: 8 | J25: 1 | K25: 1 | L25: 1 | M25: 95 | N25: 0 | O25: =SUM(C25:L25,N25) -> 39 | P25: =SUM(C25:N25) -> 134 | R25: AM Period | S25: =SUM(S10:S12) -> 123 | T25: =SUM(T10:T12) -> 77 | U25: =SUM(U10:U12) -> 42 | V25: =SUM(V10:V12) -> 84 | W25: =SUM(W10:W12) -> 17 | X25: =SUM(X10:X12) -> 0 | Y25: =SUM(Y10:Y12) -> 91 | Z25: =SUM(Z10:Z12) -> 19 | ... AF25: =SUM(AF10:AF12) -> 1778
B26: 11.00 - 11.15 | C26: 19 | D26: 7 | E26: 2 | F26: 10 | G26: 0 | H26: 0 | I26: 5 | J26: 1 | K26: 0 | L26: 1 | M26: 121 | N26: 0 | O26: =SUM(C26:L26,N26) -> 45 | P26: =SUM(C26:N26) -> 166 | R26: IP Period | S26: =SUM(S13:S18) -> 228 | T26: =SUM(T13:T18) -> 163 | U26: =SUM(U13:U18) -> 83 | V26: =SUM(V13:V18) -> 181 | W26: =SUM(W13:W18) -> 7 | X26: =SUM(X13:X18) -> 2 | Y26: =SUM(Y13:Y18) -> 203 | Z26: =SUM(Z13:Z18) -> 34 | ... AF26: =SUM(AF13:AF18) -> 3225
B27: 11.15 - 11.30 | C27: 11 | D27: 6 | E27: 6 | F27: 7 | G27: 0 | H27: 0 | I27: 13 | J27: 1 | K27: 1 | L27: 1 | M27: 101 | N27: 0 | O27: =SUM(C27:L27,N27) -> 46 | P27: =SUM(C27:N27) -> 147 | R27: PM Period | S27: =SUM(S19:S21) -> 142 | T27: =SUM(T19:T21) -> 84 | U27: =SUM(U19:U21) -> 47 | V27: =SUM(V19:V21) -> 105 | W27: =SUM(W19:W21) -> 11 | X27: =SUM(X19:X21) -> 0 | Y27: =SUM(Y19:Y21) -> 79 | Z27: =SUM(Z19:Z21) -> 15 | ... AF27: =SUM(AF19:AF21) -> 1562
B28: 11.30 - 11.45 | C28: 11 | D28: 9 | E28: 3 | F28: 6 | G28: 0 | H28: 0 | I28: 13 | J28: 2 | K28: 0 | L28: 0 | M28: 103 | N28: 0 | O28: =SUM(C28:L28,N28) -> 44 | P28: =SUM(C28:N28) -> 147 | R28: 12 Hours | S28: =SUM(S10:S21) -> 493 | T28: =SUM(T10:T21) -> 324 | U28: =SUM(U10:U21) -> 172 | V28: =SUM(V10:V21) -> 370 | W28: =SUM(W10:W21) -> 35 | X28: =SUM(X10:X21) -> 2 | Y28: =SUM(Y10:Y21) -> 373 | Z28: =SUM(Z10:Z21) -> 68 | ... AF28: =SUM(AF10:AF21) -> 6565
B29: 11.45 - 12.00 | C29: 16 | D29: 5 | E29: 3 | F29: 5 | G29: 0 | H29: 0 | I29: 13 | J29: 5 | K29: 0 | L29: 1 | M29: 111 | N29: 0 | O29: =SUM(C29:L29,N29) -> 48 | P29: =SUM(C29:N29) -> 159
B30: 12.00 - 12.15 | C30: 11 | D30: 6 | E30: 6 | F30: 9 | G30: 0 | H30: 0 | I30: 10 | J30: 1 | K30: 1 | L30: 0 | M30: 110 | N30: 0 | O30: =SUM(C30:L30,N30) -> 44 | P30: =SUM(C30:N30) -> 154
B31: 12.15 - 12.30 | C31: 8 | D31: 8 | E31: 4 | F31: 6 | G31: 0 | H31: 0 | I31: 9 | J31: 0 | K31: 0 | L31: 0 | M31: 122 | N31: 0 | O31: =SUM(C31:L31,N31) -> 35 | P31: =SUM(C31:N31) -> 157
B32: 12.30 - 12.45 | C32: 7 | D32: 3 | E32: 4 | F32: 7 | G32: 0 | H32: 0 | I32: 11 | J32: 0 | K32: 1 | L32: 0 | M32: 87 | N32: 0 | O32: =SUM(C32:L32,N32) -> 33 | P32: =SUM(C32:N32) -> 120
B33: 12.45 - 13.00 | C33: 8 | D33: 9 | E33: 3 | F33: 11 | G33: 0 | H33: 0 | I33: 9 | J33: 0 | K33: 1 | L33: 2 | M33: 112 | N33: 0 | O33: =SUM(C33:L33,N33) -> 43 | P33: =SUM(C33:N33) -> 155
B34: 13.00 - 13.15 | C34: 10 | D34: 6 | E34: 3 | F34: 10 | G34: 2 | H34: 0 | I34: 6 | J34: 0 | K34: 0 | L34: 1 | M34: 97 | N34: 0 | O34: =SUM(C34:L34,N34) -> 38 | P34: =SUM(C34:N34) -> 135
B35: 13.15 - 13.30 | C35: 8 | D35: 10 | E35: 4 | F35: 8 | G35: 1 | H35: 0 | I35: 12 | J35: 3 | K35: 0 | L35: 2 | M35: 107 | N35: 0 | O35: =SUM(C35:L35,N35) -> 48 | P35: =SUM(C35:N35) -> 155
B36: 13.30 - 13.45 | C36: 12 | D36: 7 | E36: 1 | F36: 5 | G36: 0 | H36: 0 | I36: 6 | J36: 0 | K36: 1 | L36: 0 | M36: 91 | N36: 1 | O36: =SUM(C36:L36,N36) -> 33 | P36: =SUM(C36:N36) -> 124
B37: 13.45 - 14.00 | C37: 8 | D37: 12 | E37: 4 | F37: 8 | G37: 0 | H37: 0 | I37: 9 | J37: 1 | K37: 0 | L37: 1 | M37: 95 | N37: 0 | O37: =SUM(C37:L37,N37) -> 43 | P37: =SUM(C37:N37) -> 138
B38: 14.00 - 14.15 | C38: 9 | D38: 8 | E38: 5 | F38: 9 | G38: 0 | H38: 0 | I38: 12 | J38: 2 | K38: 0 | L38: 1 | M38: 67 | N38: 0 | O38: =SUM(C38:L38,N38) -> 46 | P38: =SUM(C38:N38) -> 113
B39: 14.15 - 14.30 | C39: 8 | D39: 5 | E39: 5 | F39: 9 | G39: 0 | H39: 0 | I39: 7 | J39: 1 | K39: 0 | L39: 0 | M39: 83 | N39: 0 | O39: =SUM(C39:L39,N39) -> 35 | P39: =SUM(C39:N39) -> 118
B40: 14.30 - 14.45 | C40: 12 | D40: 10 | E40: 6 | F40: 9 | G40: 0 | H40: 0 | I40: 5 | J40: 0 | K40: 0 | L40: 0 | M40: 90 | N40: 0 | O40: =SUM(C40:L40,N40) -> 42 | P40: =SUM(C40:N40) -> 132
... B57: 18.45 - 19.00 | C57: 13 | D57: 6 | E57: 5 | F57: 6 | G57: 1 | H57: 0 | I57: 7 | J57: 0 | K57: 0 | L57: 0 | M57: 120 | N57: 0 | O57: =SUM(C57:L57,N57) -> 38 | P57: =SUM(C57:N57) -> 158
B58: Totals | C58: =SUM(C10:C57) -> 493 | D58: =SUM(D10:D57) -> 324 | E58: =SUM(E10:E57) -> 172 | F58: =SUM(F10:F57) -> 370 | G58: =SUM(G10:G57) -> 35 | H58: =SUM(H10:H57) -> 2 | I58: =SUM(I10:I57) -> 373 | J58: =SUM(J10:J57) -> 68 | ... P58: =SUM(P10:P57) -> 6565
B59: %ges + MCs | C59: =C58/$P$58 -> 0.075095202 | D59: =D58/$P$58 -> 0.049352628 | E59: =E58/$P$58 -> 0.026199543 | F59: =F58/$P$58 -> 0.056359482 | G59: =G58/$P$58 -> 0.0053313024 | H59: =H58/$P$58 -> 0.00030464585 | I59: =I58/$P$58 -> 0.056816451 | J59: =J58/$P$58 -> 0.010357959 | ... N59: =N58/$P$58 -> 0.0057882711
B60: %ges w/o MCs | C60: =C58/$O$58 -> 0.25650364 | D60: =D58/$O$58 -> 0.1685744 | E60: =E58/$O$58 -> 0.089490114 | F60: =F58/$O$58 -> 0.1925078 | G60: =G58/$O$58 -> 0.018210198 | H60: =H58/$O$58 -> 0.0010405827 | I60: =I58/$O$58 -> 0.19406868 | J60: =J58/$O$58 -> 0.035379813 | ... L60: =L58/$O$58 -> 0.014568158 | N60: =N58/$O$58 -> 0.019771072

Sheet 30.10 KATOSI-MUKONO
B1: Consultancy services for Preparation of Expressway Development Master Plan (EDMP) for Uganda
B2: MANUAL CLASSIFIED COUNT (MCC)
B3: ROAD NAME: | C3: ='29.10-MUKONO-KATOSI'!C3:G3 -> MCC - C2 - STN077 - KATOSI ROAD
C5: Date | D5: 30.10.2019 | F5: Location | G5: ='29.10-MUKONO-KATOSI'!G5:H5 -> LUV GUEST HOUSE | J5: Surveyor | K5: MOSES
C6: Dir. From | D6: KATOSI | F6: Dir. To | G6: MUKONO | J6: Supervisor | K6: ='29.10-MUKONO-KATOSI'!K6:L6 -> VICTOR M
B8: Time / Veh Type | R8: SUMMARY TRAFFIC VOLUMES
C9: 1. Car | D9: 2. Station Wagon | E9: 3. Pickups | F9: 4. Minibus, matatu | G9: 5. Medium bus | H9: 6. Large Bus | I9: 7. Light Truck | J9: 8. Medium Truck | K9: 9. Heavy truck | L9: 10. Truck Trailer | M9: 11. Motor cycles | N9: 12. Tractors | O9: Total Excl M/Cycles | P9: Total All | R9: Time | S9: 1. Car | T9: 2. Station Wagon | U9: 3. Pickups | V9: 4. Minibus, matatu | W9: 5. Medium bus | X9: 6. Large Bus | Y9: 7. Light Truck | Z9: 8. Medium Truck | AA9: 9. Heavy truck | AB9: 10. Truck Trailer | AC9: 11. Motorcycles | AD9: 12. Tractors, Graders | AE9: Total Excl M/ Cycles | AF9: Total All
B10: 07.00 - 07.15 | C10: 4 | D10: 10 | E10: 0 | F10: 13 | G10: 0 | H10: 0 | I10: 2 | J10: 0 | K10: 0 | L10: 0 | M10: 210 | N10: 0 | O10: =SUM(C10:L10,N10) -> 29 | P10: =SUM(C10:N10) -> 239 | R10: 0700-0800 | S10: =SUM(C10:C13) -> 54 | T10: =SUM(D10:D13) -> 37 | U10: =SUM(E10:E13) -> 18 | V10: =SUM(F10:F13) -> 107 | W10: =SUM(G10:G13) -> 8 | X10: =SUM(H10:H13) -> 0 | Y10: =SUM(I10:I13) -> 51 | Z10: =SUM(J10:J13) -> 1 | ... AF10: =SUM(P10:P13) -> 970
B11: 07.15 - 07.30 | C11: 20 | D11: 15 | E11: 0 | F11: 42 | G11: 0 | H11: 0 | I11: 20 | J11: 0 | K11: 0 | L11: 0 | M11: 150 | N11: 0 | O11: =SUM(C11:L11,N11) -> 97 | P11: =SUM(C11:N11) -> 247 | R11: 0800-0900 | S11: =SUM(C14:C17) -> 46 | T11: =SUM(D14:D17) -> 25 | U11: =SUM(E14:E17) -> 10 | V11: =SUM(F14:F17) -> 23 | W11: =SUM(G14:G17) -> 11 | X11: =SUM(H14:H17) -> 0 | Y11: =SUM(I14:I17) -> 28 | Z11: =SUM(J14:J17) -> 0 | ... AF11: =SUM(P14:P17) -> 715
B12: 07.30 - 07.45 | C12: 10 | D12: 3 | E12: 9 | F12: 21 | G12: 0 | H12: 0 | I12: 24 | J12: 1 | K12: 0 | L12: 0 | M12: 120 | N12: 0 | O12: =SUM(C12:L12,N12) -> 68 | P12: =SUM(C12:N12) -> 188 | R12: 0900-1000 | S12: =SUM(C18:C21) -> 34 | T12: =SUM(D18:D21) -> 14 | U12: =SUM(E18:E21) -> 5 | V12: =SUM(F18:F21) -> 27 | W12: =SUM(G18:G21) -> 1 | X12: =SUM(H18:H21) -> 0 | Y12: =SUM(I18:I21) -> 13 | Z12: =SUM(J18:J21) -> 1 | ... AF12: =SUM(P18:P21) -> 837
B13: 07.45 - 08.00 | C13: 20 | D13: 9 | E13: 9 | F13: 31 | G13: 8 | H13: 0 | I13: 5 | J13: 0 | K13: 0 | L13: 0 | M13: 214 | N13: 0 | O13: =SUM(C13:L13,N13) -> 82 | P13: =SUM(C13:N13) -> 296 | R13: 1000-1100 | S13: =SUM(C22:C25) -> 32 | T13: =SUM(D22:D25) -> 12 | U13: =SUM(E22:E25) -> 4 | V13: =SUM(F22:F25) -> 28 | W13: =SUM(G22:G25) -> 2 | X13: =SUM(H22:H25) -> 0 | Y13: =SUM(I22:I25) -> 22 | Z13: =SUM(J22:J25) -> 7 | ... AF13: =SUM(P22:P25) -> 805
B14: 08.00 - 08.15 | C14: 21 | D14: 10 | E14: 4 | F14: 0 | G14: 3 | H14: 0 | I14: 12 | J14: 0 | K14: 0 | L14: 0 | M14: 166 | N14: 0 | O14: =SUM(C14:L14,N14) -> 50 | P14: =SUM(C14:N14) -> 216 | R14: 1100-1200 | S14: =SUM(C26:C29) -> 22 | T14: =SUM(D26:D29) -> 13 | U14: =SUM(E26:E29) -> 4 | V14: =SUM(F26:F29) -> 23 | W14: =SUM(G26:G29) -> 1 | X14: =SUM(H26:H29) -> 0 | Y14: =SUM(I26:I29) -> 19 | Z14: =SUM(J26:J29) -> 6 | ... AF14: =SUM(P26:P29) -> 823
B15: 08.15 - 08.30 | C15: 6 | D15: 4 | E15: 2 | F15: 10 | G15: 6 | H15: 0 | I15: 5 | J15: 0 | K15: 0 | L15: 0 | M15: 134 | N15: 0 | O15: =SUM(C15:L15,N15) -> 33 | P15: =SUM(C15:N15) -> 167 | R15: 1200-1300 | S15: =SUM(C30:C33) -> 22 | T15: =SUM(D30:D33) -> 17 | U15: =SUM(E30:E33) -> 10 | V15: =SUM(F30:F33) -> 18 | W15: =SUM(G30:G33) -> 4 | X15: =SUM(H30:H33) -> 0 | Y15: =SUM(I30:I33) -> 28 | Z15: =SUM(J30:J33) -> 2 | ... AF15: =SUM(P30:P33) -> 855
B16: 08.30 - 08.45 | C16: 13 | D16: 6 | E16: 1 | F16: 8 | G16: 0 | H16: 0 | I16: 5 | J16: 0 | K16: 0 | L16: 0 | M16: 146 | N16: 0 | O16: =SUM(C16:L16,N16) -> 33 | P16: =SUM(C16:N16) -> 179 | R16: 1300-1400 | S16: =SUM(C34:C37) -> 24 | T16: =SUM(D34:D37) -> 8 | U16: =SUM(E34:E37) -> 7 | V16: =SUM(F34:F37) -> 32 | W16: =SUM(G34:G37) -> 3 | X16: =SUM(H34:H37) -> 0 | Y16: =SUM(I34:I37) -> 33 | Z16: =SUM(J34:J37) -> 6 | ... AF16: =SUM(P34:P37) -> 898
B17: 08.45 - 9.00 | C17: 6 | D17: 5 | E17: 3 | F17: 5 | G17: 2 | H17: 0 | I17: 6 | J17: 0 | K17: 1 | L17: 0 | M17: 125 | N17: 0 | O17: =SUM(C17:L17,N17) -> 28 | P17: =SUM(C17:N17) -> 153 | R17: 1400-1500 | S17: =SUM(C38:C41) -> 33 | T17: =SUM(D38:D41) -> 15 | U17: =SUM(E38:E41) -> 8 | V17: =SUM(F38:F41) -> 35 | W17: =SUM(G38:G41) -> 0 | X17: =SUM(H38:H41) -> 1 | Y17: =SUM(I38:I41) -> 38 | Z17: =SUM(J38:J41) -> 3 | ... AF17: =SUM(P38:P41) -> 614
B18: 09.00 - 09.15 | C18: 12 | D18: 6 | E18: 0 | F18: 3 | G18: 0 | H18: 0 | I18: 0 | J18: 0 | K18: 0 | L18: 0 | M18: 135 | N18: 0 | O18: =SUM(C18:L18,N18) -> 21 | P18: =SUM(C18:N18) -> 156 | R18: 1500-1600 | S18: =SUM(C42:C45) -> 27 | T18: =SUM(D42:D45) -> 14 | U18: =SUM(E42:E45) -> 12 | V18: =SUM(F42:F45) -> 23 | W18: =SUM(G42:G45) -> 0 | X18: =SUM(H42:H45) -> 0 | Y18: =SUM(I42:I45) -> 24 | Z18: =SUM(J42:J45) -> 1 | ... AF18: =SUM(P42:P45) -> 642
B19: 09.15 - 09.30 | C19: 7 | D19: 4 | E19: 2 | F19: 8 | G19: 0 | H19: 0 | I19: 1 | J19: 1 | K19: 0 | L19: 0 | M19: 174 | N19: 0 | O19: =SUM(C19:L19,N19) -> 23 | P19: =SUM(C19:N19) -> 197 | R19: 1600-1700 | S19: =SUM(C46:C49) -> 35 | T19: =SUM(D46:D49) -> 19 | U19: =SUM(E46:E49) -> 12 | V19: =SUM(F46:F49) -> 34 | W19: =SUM(G46:G49) -> 7 | X19: =SUM(H46:H49) -> 0 | Y19: =SUM(I46:I49) -> 27 | Z19: =SUM(J46:J49) -> 2 | ... AF19: =SUM(P46:P49) -> 648
B20: 09.30 - 09.45 | C20: 5 | D20: 3 | E20: 0 | F20: 3 | G20: 0 | H20: 0 | I20: 4 | J20: 0 | K20: 1 | L20: 0 | M20: 321 | N20: 0 | O20: =SUM(C20:L20,N20) -> 16 | P20: =SUM(C20:N20) -> 337 | R20: 1700-1800 | S20: =SUM(C50:C53) -> 33 | T20: =SUM(D50:D53) -> 9 | U20: =SUM(E50:E53) -> 10 | V20: =SUM(F50:F53) -> 25 | W20: =SUM(G50:G53) -> 3 | X20: =SUM(H50:H53) -> 0 | Y20: =SUM(I50:I53) -> 15 | Z20: =SUM(J50:J53) -> 5 | ... AF20: =SUM(P50:P53) -> 588
B21: 09.45 - 10.00 | C21: 10 | D21: 1 | E21: 3 | F21: 13 | G21: 1 | H21: 0 | I21: 8 | J21: 0 | K21: 1 | L21: 0 | M21: 110 | N21: 0 | O21: =SUM(C21:L21,N21) -> 37 | P21: =SUM(C21:N21) -> 147 | R21: 1800-1900 | S21: =SUM(C54:C57) -> 38 | T21: =SUM(D54:D57) -> 19 | U21: =SUM(E54:E57) -> 11 | V21: =SUM(F54:F57) -> 16 | W21: =SUM(G54:G57) -> 0 | X21: =SUM(H54:H57) -> 0 | Y21: =SUM(I54:I57) -> 17 | Z21: =SUM(J54:J57) -> 5 | ... AF21: =SUM(P54:P57) -> 734
B22: 10.00 - 10.15 | C22: 8 | D22: 2 | E22: 0 | F22: 7 | G22: 1 | H22: 0 | I22: 4 | J22: 1 | K22: 0 | L22: 0 | M22: 130 | N22: 0 | O22: =SUM(C22:L22,N22) -> 23 | P22: =SUM(C22:N22) -> 153 | R22: AM Peak Hr | S22: =MAX(S10:S12) -> 54 | T22: =MAX(T10:T12) -> 37 | U22: =MAX(U10:U12) -> 18 | V22: =MAX(V10:V12) -> 107 | W22: =MAX(W10:W12) -> 11 | X22: =MAX(X10:X12) -> 0 | Y22: =MAX(Y10:Y12) -> 51 | Z22: =MAX(Z10:Z12) -> 1 | ... AF22: =MAX(AF10:AF12) -> 970
B23: 10.15 - 10.30 | C23: 5 | D23: 1 | E23: 1 | F23: 6 | G23: 0 | H23: 0 | I23: 9 | J23: 1 | K23: 0 | L23: 0 | M23: 183 | N23: 0 | O23: =SUM(C23:L23,N23) -> 23 | P23: =SUM(C23:N23) -> 206 | R23: IP Peak Hr | S23: =MAX(S13:S18) -> 33 | T23: =MAX(T13:T18) -> 17 | U23: =MAX(U13:U18) -> 12 | V23: =MAX(V13:V18) -> 35 | W23: =MAX(W13:W18) -> 4 | X23: =MAX(X13:X18) -> 1 | Y23: =MAX(Y13:Y18) -> 38 | Z23: =MAX(Z13:Z18) -> 7 | ... AF23: =MAX(AF13:AF18) -> 898
B24: 10.30 - 10.45 | C24: 7 | D24: 5 | E24: 0 | F24: 3 | G24: 0 | H24: 0 | I24: 3 | J24: 4 | K24: 0 | L24: 0 | M24: 203 | N24: 0 | O24: =SUM(C24:L24,N24) -> 22 | P24: =SUM(C24:N24) -> 225 | R24: PM Peak Hr | S24: =MAX(S19:S21) -> 38 | T24: =MAX(T19:T21) -> 19 | U24: =MAX(U19:U21) -> 12 | V24: =MAX(V19:V21) -> 34 | W24: =MAX(W19:W21) -> 7 | X24: =MAX(X19:X21) -> 0 | Y24: =MAX(Y19:Y21) -> 27 | Z24: =MAX(Z19:Z21) -> 5 | ... AF24: =MAX(AF19:AF21) -> 734
B25: 10.45 - 11.00 | C25: 12 | D25: 4 | E25: 3 | F25: 12 | G25: 1 | H25: 0 | I25: 6 | J25: 1 | K25: 0 | L25: 0 | M25: 182 | N25: 0 | O25: =SUM(C25:L25,N25) -> 39 | P25: =SUM(C25:N25) -> 221 | R25: AM Period | S25: =SUM(S10:S12) -> 134 | T25: =SUM(T10:T12) -> 76 | U25: =SUM(U10:U12) -> 33 | V25: =SUM(V10:V12) -> 157 | W25: =SUM(W10:W12) -> 20 | X25: =SUM(X10:X12) -> 0 | Y25: =SUM(Y10:Y12) -> 92 | Z25: =SUM(Z10:Z12) -> 2 | ... AF25: =SUM(AF10:AF12) -> 2522
B26: 11.00 - 11.15 | C26: 2 | D26: 2 | E26: 1 | F26: 7 | G26: 1 | H26: 0 | I26: 9 | J26: 1 | K26: 0 | L26: 1 | M26: 164 | N26: 0 | O26: =SUM(C26:L26,N26) -> 24 | P26: =SUM(C26:N26) -> 188 | R26: IP Period | S26: =SUM(S13:S18) -> 160 | T26: =SUM(T13:T18) -> 79 | U26: =SUM(U13:U18) -> 45 | V26: =SUM(V13:V18) -> 159 | W26: =SUM(W13:W18) -> 10 | X26: =SUM(X13:X18) -> 1 | Y26: =SUM(Y13:Y18) -> 164 | Z26: =SUM(Z13:Z18) -> 25 | ... AF26: =SUM(AF13:AF18) -> 4637
B27: 11.15 - 11.30 | C27: 8 | D27: 0 | E27: 1 | F27: 1 | G27: 0 | H27: 0 | I27: 1 | J27: 2 | K27: 0 | L27: 0 | M27: 183 | N27: 0 | O27: =SUM(C27:L27,N27) -> 13 | P27: =SUM(C27:N27) -> 196 | R27: PM Period | S27: =SUM(S19:S21) -> 106 | T27: =SUM(T19:T21) -> 47 | U27: =SUM(U19:U21) -> 33 | V27: =SUM(V19:V21) -> 75 | W27: =SUM(W19:W21) -> 10 | X27: =SUM(X19:X21) -> 0 | Y27: =SUM(Y19:Y21) -> 59 | Z27: =SUM(Z19:Z21) -> 12 | ... AF27: =SUM(AF19:AF21) -> 1970
B28: 11.30 - 11.45 | C28: 5 | D28: 4 | E28: 0 | F28: 6 | G28: 0 | H28: 0 | I28: 5 | J28: 2 | K28: 0 | L28: 0 | M28: 214 | N28: 0 | O28: =SUM(C28:L28,N28) -> 22 | P28: =SUM(C28:N28) -> 236 | R28: 12 Hours | S28: =SUM(S10:S21) -> 400 | T28: =SUM(T10:T21) -> 202 | U28: =SUM(U10:U21) -> 111 | V28: =SUM(V10:V21) -> 391 | W28: =SUM(W10:W21) -> 40 | X28: =SUM(X10:X21) -> 1 | Y28: =SUM(Y10:Y21) -> 315 | Z28: =SUM(Z10:Z21) -> 39 | ... AF28: =SUM(AF10:AF21) -> 9129
B29: 11.45 - 12.00 | C29: 7 | D29: 7 | E29: 2 | F29: 9 | G29: 0 | H29: 0 | I29: 4 | J29: 1 | K29: 2 | L29: 0 | M29: 171 | N29: 0 | O29: =SUM(C29:L29,N29) -> 32 | P29: =SUM(C29:N29) -> 203
B30: 12.00 - 12.15 | C30: 6 | D30: 2 | E30: 3 | F30: 6 | G30: 0 | H30: 0 | I30: 4 | J30: 0 | K30: 1 | L30: 0 | M30: 202 | N30: 0 | O30: =SUM(C30:L30,N30) -> 22 | P30: =SUM(C30:N30) -> 224
B31: 12.15 - 12.30 | C31: 4 | D31: 4 | E31: 0 | F31: 2 | G31: 2 | H31: 0 | I31: 2 | J31: 2 | K31: 0 | L31: 2 | M31: 181 | N31: 0 | O31: =SUM(C31:L31,N31) -> 18 | P31: =SUM(C31:N31) -> 199
B32: 12.30 - 12.45 | C32: 6 | D32: 8 | E32: 4 | F32: 5 | G32: 2 | H32: 0 | I32: 8 | J32: 0 | K32: 0 | L32: 0 | M32: 163 | N32: 0 | O32: =SUM(C32:L32,N32) -> 33 | P32: =SUM(C32:N32) -> 196
B33: 12.45 - 13.00 | C33: 6 | D33: 3 | E33: 3 | F33: 5 | G33: 0 | H33: 0 | I33: 14 | J33: 0 | K33: 1 | L33: 0 | M33: 204 | N33: 0 | O33: =SUM(C33:L33,N33) -> 32 | P33: =SUM(C33:N33) -> 236
B34: 13.00 - 13.15 | C34: 7 | D34: 0 | E34: 4 | F34: 10 | G34: 1 | H34: 0 | I34: 11 | J34: 3 | K34: 1 | L34: 1 | M34: 165 | N34: 0 | O34: =SUM(C34:L34,N34) -> 38 | P34: =SUM(C34:N34) -> 203
B35: 13.15 - 13.30 | C35: 6 | D35: 2 | E35: 3 | F35: 7 | G35: 2 | H35: 0 | I35: 8 | J35: 2 | K35: 0 | L35: 0 | M35: 220 | N35: 0 | O35: =SUM(C35:L35,N35) -> 30 | P35: =SUM(C35:N35) -> 250
B36: 13.30 - 13.45 | C36: 8 | D36: 3 | E36: 0 | F36: 8 | G36: 0 | H36: 0 | I36: 10 | J36: 1 | K36: 0 | L36: 0 | M36: 215 | N36: 0 | O36: =SUM(C36:L36,N36) -> 30 | P36: =SUM(C36:N36) -> 245
B37: 13.45 - 14.00 | C37: 3 | D37: 3 | E37: 0 | F37: 7 | G37: 0 | H37: 0 | I37: 4 | J37: 0 | K37: 0 | L37: 0 | M37: 183 | N37: 0 | O37: =SUM(C37:L37,N37) -> 17 | P37: =SUM(C37:N37) -> 200
B38: 14.00 - 14.15 | C38: 11 | D38: 4 | E38: 2 | F38: 9 | G38: 0 | H38: 0 | I38: 14 | J38: 1 | K38: 0 | L38: 2 | M38: 132 | N38: 0 | O38: =SUM(C38:L38,N38) -> 43 | P38: =SUM(C38:N38) -> 175
B39: 14.15 - 14.30 | C39: 3 | D39: 3 | E39: 2 | F39: 10 | G39: 0 | H39: 1 | I39: 8 | J39: 1 | K39: 0 | L39: 0 | M39: 104 | N39: 0 | O39: =SUM(C39:L39,N39) -> 28 | P39: =SUM(C39:N39) -> 132
B40: 14.30 - 14.45 | C40: 9 | D40: 4 | E40: 3 | F40: 9 | G40: 0 | H40: 0 | I40: 6 | J40: 1 | K40: 0 | L40: 0 | M40: 111 | N40: 0 | O40: =SUM(C40:L40,N40) -> 32 | P40: =SUM(C40:N40) -> 143
... B57: 18.45 - 19.00 | C57: 6 | D57: 5 | E57: 1 | F57: 2 | G57: 0 | H57: 0 | I57: 4 | J57: 0 | K57: 0 | L57: 0 | M57: 174 | N57: 0 | O57: =SUM(C57:L57,N57) -> 18 | P57: =SUM(C57:N57) -> 192
B58: Totals | C58: =SUM(C10:C57) -> 400 | D58: =SUM(D10:D57) -> 202 | E58: =SUM(E10:E57) -> 111 | F58: =SUM(F10:F57) -> 391 | G58: =SUM(G10:G57) -> 40 | H58: =SUM(H10:H57) -> 1 | I58: =SUM(I10:I57) -> 315 | J58: =SUM(J10:J57) -> 39 | ... P58: =SUM(P10:P57) -> 9129
B59: %ges + MCs | C59: =C58/$P$58 -> 0.043816409 | D59: =D58/$P$58 -> 0.022127287 | E59: =E58/$P$58 -> 0.012159054 | F59: =F58/$P$58 -> 0.04283054 | G59: =G58/$P$58 -> 0.0043816409 | H59: =H58/$P$58 -> 0.00010954102 | I59: =I58/$P$58 -> 0.034505422 | J59: =J58/$P$58 -> 0.0042720999 | ... N59: =N58/$P$58 -> 0
B60: %ges w/o MCs | C60: =C58/$O$58 -> 0.26160889 | D60: =D58/$O$58 -> 0.13211249 | E60: =E58/$O$58 -> 0.072596468 | F60: =F58/$O$58 -> 0.25572269 | G60: =G58/$O$58 -> 0.026160889 | H60: =H58/$O$58 -> 0.00065402224 | I60: =I58/$O$58 -> 0.206017 | J60: =J58/$O$58 -> 0.025506867 | ... L60: =L58/$O$58 -> 0.0091563113 | N60: =N58/$O$58 -> 0

Sheet 31.10 MUKONO-KATOSI
B1: Consultancy services for Preparation of Expressway Development Master Plan (EDMP) for Uganda
B2: MANUAL CLASSIFIED COUNT (MCC)
B3: ROAD NAME: | C3: ='29.10-MUKONO-KATOSI'!C3:G3 -> MCC - C2 - STN077 - KATOSI ROAD
C5: Date | D5: 31.10.2019 | F5: Location | G5: ='29.10-MUKONO-KATOSI'!G5:H5 -> LUV GUEST HOUSE | J5: Surveyor | K5: HAMUZA
C6: Dir. From | D6: ='29.10-MUKONO-KATOSI'!D6:E6 -> MUKONO | F6: Dir. To | G6: ='29.10-MUKONO-KATOSI'!G6:H6 -> KATOSI | J6: Supervisor | K6: ='29.10-MUKONO-KATOSI'!K6:L6 -> VICTOR M
B8: Time / Veh Type | R8: SUMMARY TRAFFIC VOLUMES
C9: 1. Car | D9: 2. Station Wagon | E9: 3. Pickups | F9: 4. Minibus, matatu | G9: 5. Medium bus | H9: 6. Large Bus | I9: 7. Light Truck | J9: 8. Medium Truck | K9: 9. Heavy truck | L9: 10. Truck Trailer | M9: 11. Motor cycles | N9: 12. Tractors | O9: Total Excl M/Cycles | P9: Total All | R9: Time | S9: 1. Car | T9: 2. Station Wagon | U9: 3. Pickups | V9: 4. Minibus, matatu | W9: 5. Medium bus | X9: 6. Large Bus | Y9: 7. Light Truck | Z9: 8. Medium Truck | AA9: 9. Heavy truck | AB9: 10. Truck Trailer | AC9: 11. Motorcycles | AD9: 12. Tractors, Graders | AE9: Total Excl M/ Cycles | AF9: Total All
B10: 07.00 - 07.15 | C10: 7 | D10: 4 | E10: 4 | F10: 7 | G10: 8 | H10: 4 | I10: 0 | J10: 6 | K10: 0 | L10: 1 | M10: 59 | N10: 0 | O10: =SUM(C10:L10,N10) -> 41 | P10: =SUM(C10:N10) -> 100 | R10: 0700-0800 | S10: =SUM(C10:C13) -> 99 | T10: =SUM(D10:D13) -> 17 | U10: =SUM(E10:E13) -> 19 | V10: =SUM(F10:F13) -> 21 | W10: =SUM(G10:G13) -> 10 | X10: =SUM(H10:H13) -> 4 | Y10: =SUM(I10:I13) -> 18 | Z10: =SUM(J10:J13) -> 12 | ... AF10: =SUM(P10:P13) -> 554
B11: 07.15 - 07.30 | C11: 68 | D11: 9 | E11: 4 | F11: 3 | G11: 2 | H11: 0 | I11: 6 | J11: 6 | K11: 0 | L11: 0 | M11: 92 | N11: 0 | O11: =SUM(C11:L11,N11) -> 98 | P11: =SUM(C11:N11) -> 190 | R11: 0800-0900 | S11: =SUM(C14:C17) -> 114 | T11: =SUM(D14:D17) -> 11 | U11: =SUM(E14:E17) -> 14 | V11: =SUM(F14:F17) -> 31 | W11: =SUM(G14:G17) -> 4 | X11: =SUM(H14:H17) -> 0 | Y11: =SUM(I14:I17) -> 30 | Z11: =SUM(J14:J17) -> 0 | ... AF11: =SUM(P14:P17) -> 553
B12: 07.30 - 07.45 | C12: 11 | D12: 1 | E12: 2 | F12: 0 | G12: 0 | H12: 0 | I12: 5 | J12: 0 | K12: 0 | L12: 3 | M12: 93 | N12: 0 | O12: =SUM(C12:L12,N12) -> 22 | P12: =SUM(C12:N12) -> 115 | R12: 0900-1000 | S12: =SUM(C18:C21) -> 108 | T12: =SUM(D18:D21) -> 14 | U12: =SUM(E18:E21) -> 22 | V12: =SUM(F18:F21) -> 27 | W12: =SUM(G18:G21) -> 1 | X12: =SUM(H18:H21) -> 0 | Y12: =SUM(I18:I21) -> 21 | Z12: =SUM(J18:J21) -> 10 | ... AF12: =SUM(P18:P21) -> 567
B13: 07.45 - 08.00 | C13: 13 | D13: 3 | E13: 9 | F13: 11 | G13: 0 | H13: 0 | I13: 7 | J13: 0 | K13: 0 | L13: 2 | M13: 104 | N13: 0 | O13: =SUM(C13:L13,N13) -> 45 | P13: =SUM(C13:N13) -> 149 | R13: 1000-1100 | S13: =SUM(C22:C25) -> 47 | T13: =SUM(D22:D25) -> 12 | U13: =SUM(E22:E25) -> 14 | V13: =SUM(F22:F25) -> 27 | W13: =SUM(G22:G25) -> 1 | X13: =SUM(H22:H25) -> 0 | Y13: =SUM(I22:I25) -> 33 | Z13: =SUM(J22:J25) -> 8 | ... AF13: =SUM(P22:P25) -> 416
B14: 08.00 - 08.15 | C14: 27 | D14: 4 | E14: 7 | F14: 17 | G14: 1 | H14: 0 | I14: 6 | J14: 0 | K14: 1 | L14: 2 | M14: 58 | N14: 0 | O14: =SUM(C14:L14,N14) -> 65 | P14: =SUM(C14:N14) -> 123 | R14: 1100-1200 | S14: =SUM(C26:C29) -> 73 | T14: =SUM(D26:D29) -> 8 | U14: =SUM(E26:E29) -> 18 | V14: =SUM(F26:F29) -> 32 | W14: =SUM(G26:G29) -> 1 | X14: =SUM(H26:H29) -> 0 | Y14: =SUM(I26:I29) -> 37 | Z14: =SUM(J26:J29) -> 6 | ... AF14: =SUM(P26:P29) -> 474
B15: 08.15 - 08.30 | C15: 37 | D15: 3 | E15: 4 | F15: 3 | G15: 1 | H15: 0 | I15: 9 | J15: 0 | K15: 0 | L15: 1 | M15: 103 | N15: 0 | O15: =SUM(C15:L15,N15) -> 58 | P15: =SUM(C15:N15) -> 161 | R15: 1200-1300 | S15: =SUM(C30:C33) -> 77 | T15: =SUM(D30:D33) -> 11 | U15: =SUM(E30:E33) -> 19 | V15: =SUM(F30:F33) -> 38 | W15: =SUM(G30:G33) -> 5 | X15: =SUM(H30:H33) -> 0 | Y15: =SUM(I30:I33) -> 23 | Z15: =SUM(J30:J33) -> 7 | ... AF15: =SUM(P30:P33) -> 521
B16: 08.30 - 08.45 | C16: 26 | D16: 0 | E16: 1 | F16: 2 | G16: 2 | H16: 0 | I16: 5 | J16: 0 | K16: 0 | L16: 3 | M16: 94 | N16: 0 | O16: =SUM(C16:L16,N16) -> 39 | P16: =SUM(C16:N16) -> 133 | R16: 1300-1400 | S16: =SUM(C34:C37) -> 76 | T16: =SUM(D34:D37) -> 10 | U16: =SUM(E34:E37) -> 17 | V16: =SUM(F34:F37) -> 21 | W16: =SUM(G34:G37) -> 3 | X16: =SUM(H34:H37) -> 0 | Y16: =SUM(I34:I37) -> 19 | Z16: =SUM(J34:J37) -> 8 | ... AF16: =SUM(P34:P37) -> 444
B17: 08.45 - 9.00 | C17: 24 | D17: 4 | E17: 2 | F17: 9 | G17: 0 | H17: 0 | I17: 10 | J17: 0 | K17: 0 | L17: 2 | M17: 84 | N17: 1 | O17: =SUM(C17:L17,N17) -> 52 | P17: =SUM(C17:N17) -> 136 | R17: 1400-1500 | S17: =SUM(C38:C41) -> 57 | T17: =SUM(D38:D41) -> 9 | U17: =SUM(E38:E41) -> 15 | V17: =SUM(F38:F41) -> 39 | W17: =SUM(G38:G41) -> 2 | X17: =SUM(H38:H41) -> 0 | Y17: =SUM(I38:I41) -> 20 | Z17: =SUM(J38:J41) -> 8 | ... AF17: =SUM(P38:P41) -> 298
B18: 09.00 - 09.15 | C18: 21 | D18: 3 | E18: 4 | F18: 7 | G18: 1 | H18: 0 | I18: 5 | J18: 4 | K18: 0 | L18: 0 | M18: 81 | N18: 0 | O18: =SUM(C18:L18,N18) -> 45 | P18: =SUM(C18:N18) -> 126 | R18: 1500-1600 | S18: =SUM(C42:C45) -> 61 | T18: =SUM(D42:D45) -> 4 | U18: =SUM(E42:E45) -> 18 | V18: =SUM(F42:F45) -> 24 | W18: =SUM(G42:G45) -> 0 | X18: =SUM(H42:H45) -> 0 | Y18: =SUM(I42:I45) -> 15 | Z18: =SUM(J42:J45) -> 4 | ... AF18: =SUM(P42:P45) -> 393
B19: 09.15 - 09.30 | C19: 28 | D19: 6 | E19: 7 | F19: 8 | G19: 0 | H19: 0 | I19: 3 | J19: 3 | K19: 1 | L19: 0 | M19: 86 | N19: 0 | O19: =SUM(C19:L19,N19) -> 56 | P19: =SUM(C19:N19) -> 142 | R19: 1600-1700 | S19: =SUM(C46:C49) -> 51 | T19: =SUM(D46:D49) -> 8 | U19: =SUM(E46:E49) -> 11 | V19: =SUM(F46:F49) -> 31 | W19: =SUM(G46:G49) -> 4 | X19: =SUM(H46:H49) -> 0 | Y19: =SUM(I46:I49) -> 19 | Z19: =SUM(J46:J49) -> 5 | ... AF19: =SUM(P46:P49) -> 508
B20: 09.30 - 09.45 | C20: 35 | D20: 2 | E20: 3 | F20: 4 | G20: 0 | H20: 0 | I20: 8 | J20: 2 | K20: 2 | L20: 1 | M20: 75 | N20: 0 | O20: =SUM(C20:L20,N20) -> 57 | P20: =SUM(C20:N20) -> 132 | R20: 1700-1800 | S20: =SUM(C50:C53) -> 72 | T20: =SUM(D50:D53) -> 6 | U20: =SUM(E50:E53) -> 13 | V20: =SUM(F50:F53) -> 36 | W20: =SUM(G50:G53) -> 3 | X20: =SUM(H50:H53) -> 0 | Y20: =SUM(I50:I53) -> 22 | Z20: =SUM(J50:J53) -> 4 | ... AF20: =SUM(P50:P53) -> 480
B21: 09.45 - 10.00 | C21: 24 | D21: 3 | E21: 8 | F21: 8 | G21: 0 | H21: 0 | I21: 5 | J21: 1 | K21: 0 | L21: 0 | M21: 118 | N21: 0 | O21: =SUM(C21:L21,N21) -> 49 | P21: =SUM(C21:N21) -> 167 | R21: 1800-1900 | S21: =SUM(C54:C57) -> 58 | T21: =SUM(D54:D57) -> 9 | U21: =SUM(E54:E57) -> 14 | V21: =SUM(F54:F57) -> 36 | W21: =SUM(G54:G57) -> 3 | X21: =SUM(H54:H57) -> 1 | Y21: =SUM(I54:I57) -> 19 | Z21: =SUM(J54:J57) -> 4 | ... AF21: =SUM(P54:P57) -> 496
B22: 10.00 - 10.15 | C22: 8 | D22: 3 | E22: 1 | F22: 6 | G22: 0 | H22: 0 | I22: 5 | J22: 3 | K22: 0 | L22: 0 | M22: 45 | N22: 0 | O22: =SUM(C22:L22,N22) -> 26 | P22: =SUM(C22:N22) -> 71 | R22: AM Peak Hr | S22: =MAX(S10:S12) -> 114 | T22: =MAX(T10:T12) -> 17 | U22: =MAX(U10:U12) -> 22 | V22: =MAX(V10:V12) -> 31 | W22: =MAX(W10:W12) -> 10 | X22: =MAX(X10:X12) -> 4 | Y22: =MAX(Y10:Y12) -> 30 | Z22: =MAX(Z10:Z12) -> 12 | ... AF22: =MAX(AF10:AF12) -> 567
B23: 10.15 - 10.30 | C23: 17 | D23: 1 | E23: 3 | F23: 10 | G23: 0 | H23: 0 | I23: 9 | J23: 2 | K23: 1 | L23: 1 | M23: 73 | N23: 0 | O23: =SUM(C23:L23,N23) -> 44 | P23: =SUM(C23:N23) -> 117 | R23: IP Peak Hr | S23: =MAX(S13:S18) -> 77 | T23: =MAX(T13:T18) -> 12 | U23: =MAX(U13:U18) -> 19 | V23: =MAX(V13:V18) -> 39 | W23: =MAX(W13:W18) -> 5 | X23: =MAX(X13:X18) -> 0 | Y23: =MAX(Y13:Y18) -> 37 | Z23: =MAX(Z13:Z18) -> 8 | ... AF23: =MAX(AF13:AF18) -> 521
B24: 10.30 - 10.45 | C24: 9 | D24: 5 | E24: 6 | F24: 4 | G24: 0 | H24: 0 | I24: 10 | J24: 1 | K24: 0 | L24: 0 | M24: 67 | N24: 0 | O24: =SUM(C24:L24,N24) -> 35 | P24: =SUM(C24:N24) -> 102 | R24: PM Peak Hr | S24: =MAX(S19:S21) -> 72 | T24: =MAX(T19:T21) -> 9 | U24: =MAX(U19:U21) -> 14 | V24: =MAX(V19:V21) -> 36 | W24: =MAX(W19:W21) -> 4 | X24: =MAX(X19:X21) -> 1 | Y24: =MAX(Y19:Y21) -> 22 | Z24: =MAX(Z19:Z21) -> 5 | ... AF24: =MAX(AF19:AF21) -> 508
B25: 10.45 - 11.00 | C25: 13 | D25: 3 | E25: 4 | F25: 7 | G25: 1 | H25: 0 | I25: 9 | J25: 2 | K25: 0 | L25: 0 | M25: 87 | N25: 0 | O25: =SUM(C25:L25,N25) -> 39 | P25: =SUM(C25:N25) -> 126 | R25: AM Period | S25: =SUM(S10:S12) -> 321 | T25: =SUM(T10:T12) -> 42 | U25: =SUM(U10:U12) -> 55 | V25: =SUM(V10:V12) -> 79 | W25: =SUM(W10:W12) -> 15 | X25: =SUM(X10:X12) -> 4 | Y25: =SUM(Y10:Y12) -> 69 | Z25: =SUM(Z10:Z12) -> 22 | ... AF25: =SUM(AF10:AF12) -> 1674
B26: 11.00 - 11.15 | C26: 11 | D26: 2 | E26: 6 | F26: 12 | G26: 0 | H26: 0 | I26: 6 | J26: 1 | K26: 1 | L26: 0 | M26: 64 | N26: 0 | O26: =SUM(C26:L26,N26) -> 39 | P26: =SUM(C26:N26) -> 103 | R26: IP Period | S26: =SUM(S13:S18) -> 391 | T26: =SUM(T13:T18) -> 54 | U26: =SUM(U13:U18) -> 101 | V26: =SUM(V13:V18) -> 181 | W26: =SUM(W13:W18) -> 12 | X26: =SUM(X13:X18) -> 0 | Y26: =SUM(Y13:Y18) -> 147 | Z26: =SUM(Z13:Z18) -> 41 | ... AF26: =SUM(AF13:AF18) -> 2546
B27: 11.15 - 11.30 | C27: 23 | D27: 1 | E27: 7 | F27: 11 | G27: 0 | H27: 0 | I27: 14 | J27: 1 | K27: 0 | L27: 1 | M27: 67 | N27: 0 | O27: =SUM(C27:L27,N27) -> 58 | P27: =SUM(C27:N27) -> 125 | R27: PM Period | S27: =SUM(S19:S21) -> 181 | T27: =SUM(T19:T21) -> 23 | U27: =SUM(U19:U21) -> 38 | V27: =SUM(V19:V21) -> 103 | W27: =SUM(W19:W21) -> 10 | X27: =SUM(X19:X21) -> 1 | Y27: =SUM(Y19:Y21) -> 60 | Z27: =SUM(Z19:Z21) -> 13 | ... AF27: =SUM(AF19:AF21) -> 1484
B28: 11.30 - 11.45 | C28: 16 | D28: 2 | E28: 1 | F28: 4 | G28: 0 | H28: 0 | I28: 9 | J28: 2 | K28: 0 | L28: 81 | M28: 0 | N28: 0 | O28: =SUM(C28:L28,N28) -> 115 | P28: =SUM(C28:N28) -> 115 | R28: 12 Hours | S28: =SUM(S10:S21) -> 893 | T28: =SUM(T10:T21) -> 119 | U28: =SUM(U10:U21) -> 194 | V28: =SUM(V10:V21) -> 363 | W28: =SUM(W10:W21) -> 37 | X28: =SUM(X10:X21) -> 5 | Y28: =SUM(Y10:Y21) -> 276 | Z28: =SUM(Z10:Z21) -> 76 | ... AF28: =SUM(AF10:AF21) -> 5704
B29: 11.45 - 12.00 | C29: 23 | D29: 3 | E29: 4 | F29: 5 | G29: 1 | H29: 0 | I29: 8 | J29: 2 | K29: 0 | L29: 0 | M29: 85 | N29: 0 | O29: =SUM(C29:L29,N29) -> 46 | P29: =SUM(C29:N29) -> 131
B30: 12.00 - 12.15 | C30: 15 | D30: 3 | E30: 5 | F30: 5 | G30: 0 | H30: 0 | I30: 7 | J30: 2 | K30: 1 | L30: 0 | M30: 96 | N30: 0 | O30: =SUM(C30:L30,N30) -> 38 | P30: =SUM(C30:N30) -> 134
B31: 12.15 - 12.30 | C31: 20 | D31: 1 | E31: 2 | F31: 9 | G31: 2 | H31: 0 | I31: 3 | J31: 1 | K31: 0 | L31: 0 | M31: 92 | N31: 0 | O31: =SUM(C31:L31,N31) -> 38 | P31: =SUM(C31:N31) -> 130
B32: 12.30 - 12.45 | C32: 13 | D32: 2 | E32: 3 | F32: 11 | G32: 2 | H32: 0 | I32: 6 | J32: 2 | K32: 3 | L32: 0 | M32: 58 | N32: 0 | O32: =SUM(C32:L32,N32) -> 42 | P32: =SUM(C32:N32) -> 100
B33: 12.45 - 13.00 | C33: 29 | D33: 5 | E33: 9 | F33: 13 | G33: 1 | H33: 0 | I33: 7 | J33: 2 | K33: 1 | L33: 0 | M33: 90 | N33: 0 | O33: =SUM(C33:L33,N33) -> 67 | P33: =SUM(C33:N33) -> 157
B34: 13.00 - 13.15 | C34: 11 | D34: 2 | E34: 3 | F34: 7 | G34: 0 | H34: 0 | I34: 3 | J34: 3 | K34: 0 | L34: 0 | M34: 46 | N34: 0 | O34: =SUM(C34:L34,N34) -> 29 | P34: =SUM(C34:N34) -> 75
B35: 13.15 - 13.30 | C35: 19 | D35: 1 | E35: 5 | F35: 5 | G35: 1 | H35: 0 | I35: 5 | J35: 4 | K35: 0 | L35: 0 | M35: 70 | N35: 0 | O35: =SUM(C35:L35,N35) -> 40 | P35: =SUM(C35:N35) -> 110
B36: 13.30 - 13.45 | C36: 11 | D36: 2 | E36: 3 | F36: 2 | G36: 0 | H36: 0 | I36: 3 | J36: 1 | K36: 1 | L36: 0 | M36: 72 | N36: 0 | O36: =SUM(C36:L36,N36) -> 23 | P36: =SUM(C36:N36) -> 95
B37: 13.45 - 14.00 | C37: 35 | D37: 5 | E37: 6 | F37: 7 | G37: 2 | H37: 0 | I37: 8 | J37: 0 | K37: 1 | L37: 1 | M37: 99 | N37: 0 | O37: =SUM(C37:L37,N37) -> 65 | P37: =SUM(C37:N37) -> 164
B38: 14.00 - 14.15 | C38: 24 | D38: 3 | E38: 9 | F38: 17 | G38: 1 | H38: 0 | I38: 9 | J38: 3 | K38: 1 | L38: 0 | M38: 95 | N38: 0 | O38: =SUM(C38:L38,N38) -> 67 | P38: =SUM(C38:N38) -> 162
B39: 14.15 - 14.30 | C39: 8 | D39: 0 | E39: 2 | F39: 7 | G39: 1 | H39: 0 | I39: 4 | J39: 2 | K39: 0 | L39: 1 | M39: 32 | N39: 0 | O39: =SUM(C39:L39,N39) -> 25 | P39: =SUM(C39:N39) -> 57
B40: 14.30 - 14.45 | C40: 16 | D40: 4 | E40: 0 | F40: 9 | G40: 0 | H40: 0 | I40: 3 | J40: 2 | K40: 2 | L40: 1 | M40: 6 | N40: 0 | O40: =SUM(C40:L40,N40) -> 37 | P40: =SUM(C40:N40) -> 43
... B57: 18.45 - 19.00 | C57: 18 | D57: 5 | E57: 3 | F57: 11 | G57: 1 | H57: 1 | I57: 1 | J57: 0 | K57: 1 | L57: 0 | M57: 79 | N57: 0 | O57: =SUM(C57:L57,N57) -> 41 | P57: =SUM(C57:N57) -> 120
B58: Totals | C58: =SUM(C10:C57) -> 893 | D58: =SUM(D10:D57) -> 119 | E58: =SUM(E10:E57) -> 194 | F58: =SUM(F10:F57) -> 363 | G58: =SUM(G10:G57) -> 37 | H58: =SUM(H10:H57) -> 5 | I58: =SUM(I10:I57) -> 276 | J58: =SUM(J10:J57) -> 76 | ... P58: =SUM(P10:P57) -> 5704
B59: %ges + MCs | C59: =C58/$P$58 -> 0.1565568 | D59: =D58/$P$58 -> 0.020862553 | E59: =E58/$P$58 -> 0.03401122 | F59: =F58/$P$58 -> 0.063639551 | G59: =G58/$P$58 -> 0.006486676 | H59: =H58/$P$58 -> 0.00087657784 | I59: =I58/$P$58 -> 0.048387097 | J59: =J58/$P$58 -> 0.013323983 | ... N59: =N58/$P$58 -> 0.0005259467
B60: %ges w/o MCs | C60: =C58/$O$58 -> 0.4250357 | D60: =D58/$O$58 -> 0.056639695 | E60: =E58/$O$58 -> 0.092336982 | F60: =F58/$O$58 -> 0.17277487 | G60: =G58/$O$58 -> 0.017610662 | H60: =H58/$O$58 -> 0.0023798191 | I60: =I58/$O$58 -> 0.13136602 | J60: =J58/$O$58 -> 0.036173251 | ... L60: =L58/$O$58 -> 0.051404093 | N60: =N58/$O$58 -> 0.0014278915

Sheet 31.10 KATOSI-MUKONO
B1: Consultancy services for Preparation of Expressway Development Master Plan (EDMP) for Uganda
B2: MANUAL CLASSIFIED COUNT (MCC)
B3: ROAD NAME: | C3: ='29.10 KATOSI-MUKONO'!C3:G3 -> MCC - C2 - STN077 - KATOSI ROAD
C5: Date | D5: ='31.10 MUKONO-KATOSI'!D5 -> 31.10.2019 | F5: Location | G5: ='29.10-MUKONO-KATOSI'!G5:H5 -> LUV GUEST HOUSE | J5: Surveyor | K5: MOSES
C6: Dir. From | D6: ='29.10 KATOSI-MUKONO'!D6:E6 -> KATOSI | F6: Dir. To | G6: ='29.10 KATOSI-MUKONO'!G6:H6 -> MUKONO | J6: Supervisor | K6: ='29.10-MUKONO-KATOSI'!K6:L6 -> VICTOR M
B8: Time / Veh Type | R8: SUMMARY TRAFFIC VOLUMES
C9: 1. Car | D9: 2. Station Wagon | E9: 3. Pickups | F9: 4. Minibus, matatu | G9: 5. Medium bus | H9: 6. Large Bus | I9: 7. Light Truck | J9: 8. Medium Truck | K9: 9. Heavy truck | L9: 10. Truck Trailer | M9: 11. Motor cycles | N9: 12. Tractors | O9: Total Excl M/Cycles | P9: Total All | R9: Time | S9: 1. Car | T9: 2. Station Wagon | U9: 3. Pickups | V9: 4. Minibus, matatu | W9: 5. Medium bus | X9: 6. Large Bus | Y9: 7. Light Truck | Z9: 8. Medium Truck | AA9: 9. Heavy truck | AB9: 10. Truck Trailer | AC9: 11. Motorcycles | AD9: 12. Tractors, Graders | AE9: Total Excl M/ Cycles | AF9: Total All
B10: 07.00 - 07.15 | C10: 7 | D10: 0 | E10: 1 | F10: 8 | G10: 0 | H10: 0 | I10: 0 | J10: 0 | K10: 0 | L10: 0 | M10: 111 | N10: 0 | O10: =SUM(C10:L10,N10) -> 16 | P10: =SUM(C10:N10) -> 127 | R10: 0700-0800 | S10: =SUM(C10:C13) -> 48 | T10: =SUM(D10:D13) -> 5 | U10: =SUM(E10:E13) -> 8 | V10: =SUM(F10:F13) -> 33 | W10: =SUM(G10:G13) -> 2 | X10: =SUM(H10:H13) -> 0 | Y10: =SUM(I10:I13) -> 10 | Z10: =SUM(J10:J13) -> 1 | ... AF10: =SUM(P10:P13) -> 456
B11: 07.15 - 07.30 | C11: 11 | D11: 1 | E11: 2 | F11: 10 | G11: 1 | H11: 0 | I11: 1 | J11: 0 | K11: 0 | L11: 0 | M11: 93 | N11: 0 | O11: =SUM(C11:L11,N11) -> 26 | P11: =SUM(C11:N11) -> 119 | R11: 0800-0900 | S11: =SUM(C14:C17) -> 22 | T11: =SUM(D14:D17) -> 13 | U11: =SUM(E14:E17) -> 5 | V11: =SUM(F14:F17) -> 36 | W11: =SUM(G14:G17) -> 1 | X11: =SUM(H14:H17) -> 0 | Y11: =SUM(I14:I17) -> 19 | Z11: =SUM(J14:J17) -> 1 | ... AF11: =SUM(P14:P17) -> 468
B12: 07.30 - 07.45 | C12: 17 | D12: 1 | E12: 1 | F12: 8 | G12: 1 | H12: 0 | I12: 4 | J12: 1 | K12: 0 | L12: 0 | M12: 84 | N12: 0 | O12: =SUM(C12:L12,N12) -> 33 | P12: =SUM(C12:N12) -> 117 | R12: 0900-1000 | S12: =SUM(C18:C21) -> 24 | T12: =SUM(D18:D21) -> 11 | U12: =SUM(E18:E21) -> 6 | V12: =SUM(F18:F21) -> 16 | W12: =SUM(G18:G21) -> 3 | X12: =SUM(H18:H21) -> 1 | Y12: =SUM(I18:I21) -> 16 | Z12: =SUM(J18:J21) -> 1 | ... AF12: =SUM(P18:P21) -> 559
B13: 07.45 - 08.00 | C13: 13 | D13: 3 | E13: 4 | F13: 7 | G13: 0 | H13: 0 | I13: 5 | J13: 0 | K13: 1 | L13: 0 | M13: 60 | N13: 0 | O13: =SUM(C13:L13,N13) -> 33 | P13: =SUM(C13:N13) -> 93 | R13: 1000-1100 | S13: =SUM(C22:C25) -> 29 | T13: =SUM(D22:D25) -> 8 | U13: =SUM(E22:E25) -> 10 | V13: =SUM(F22:F25) -> 27 | W13: =SUM(G22:G25) -> 0 | X13: =SUM(H22:H25) -> 0 | Y13: =SUM(I22:I25) -> 24 | Z13: =SUM(J22:J25) -> 5 | ... AF13: =SUM(P22:P25) -> 564
B14: 08.00 - 08.15 | C14: 10 | D14: 7 | E14: 1 | F14: 12 | G14: 0 | H14: 0 | I14: 4 | J14: 0 | K14: 0 | L14: 0 | M14: 102 | N14: 0 | O14: =SUM(C14:L14,N14) -> 34 | P14: =SUM(C14:N14) -> 136 | R14: 1100-1200 | S14: =SUM(C26:C29) -> 34 | T14: =SUM(D26:D29) -> 15 | U14: =SUM(E26:E29) -> 9 | V14: =SUM(F26:F29) -> 29 | W14: =SUM(G26:G29) -> 2 | X14: =SUM(H26:H29) -> 0 | Y14: =SUM(I26:I29) -> 31 | Z14: =SUM(J26:J29) -> 4 | ... AF14: =SUM(P26:P29) -> 560
B15: 08.15 - 08.30 | C15: 7 | D15: 2 | E15: 2 | F15: 5 | G15: 1 | H15: 0 | I15: 10 | J15: 0 | K15: 1 | L15: 0 | M15: 91 | N15: 0 | O15: =SUM(C15:L15,N15) -> 28 | P15: =SUM(C15:N15) -> 119 | R15: 1200-1300 | S15: =SUM(C30:C33) -> 23 | T15: =SUM(D30:D33) -> 12 | U15: =SUM(E30:E33) -> 6 | V15: =SUM(F30:F33) -> 16 | W15: =SUM(G30:G33) -> 0 | X15: =SUM(H30:H33) -> 0 | Y15: =SUM(I30:I33) -> 5 | Z15: =SUM(J30:J33) -> 3 | ... AF15: =SUM(P30:P33) -> 460
B16: 08.30 - 08.45 | C16: 1 | D16: 1 | E16: 0 | F16: 12 | G16: 0 | H16: 0 | I16: 5 | J16: 1 | K16: 0 | L16: 0 | M16: 94 | N16: 0 | O16: =SUM(C16:L16,N16) -> 20 | P16: =SUM(C16:N16) -> 114 | R16: 1300-1400 | S16: =SUM(C34:C37) -> 14 | T16: =SUM(D34:D37) -> 9 | U16: =SUM(E34:E37) -> 4 | V16: =SUM(F34:F37) -> 16 | W16: =SUM(G34:G37) -> 1 | X16: =SUM(H34:H37) -> 0 | Y16: =SUM(I34:I37) -> 8 | Z16: =SUM(J34:J37) -> 4 | ... AF16: =SUM(P34:P37) -> 487
B17: 08.45 - 9.00 | C17: 4 | D17: 3 | E17: 2 | F17: 7 | G17: 0 | H17: 0 | I17: 0 | J17: 0 | K17: 0 | L17: 1 | M17: 82 | N17: 0 | O17: =SUM(C17:L17,N17) -> 17 | P17: =SUM(C17:N17) -> 99 | R17: 1400-1500 | S17: =SUM(C38:C41) -> 19 | T17: =SUM(D38:D41) -> 7 | U17: =SUM(E38:E41) -> 6 | V17: =SUM(F38:F41) -> 11 | W17: =SUM(G38:G41) -> 0 | X17: =SUM(H38:H41) -> 0 | Y17: =SUM(I38:I41) -> 8 | Z17: =SUM(J38:J41) -> 0 | ... AF17: =SUM(P38:P41) -> 353
B18: 09.00 - 09.15 | C18: 15 | D18: 4 | E18: 2 | F18: 12 | G18: 0 | H18: 1 | I18: 8 | J18: 1 | K18: 0 | L18: 0 | M18: 141 | N18: 0 | O18: =SUM(C18:L18,N18) -> 43 | P18: =SUM(C18:N18) -> 184 | R18: 1500-1600 | S18: =SUM(C42:C45) -> 35 | T18: =SUM(D42:D45) -> 24 | U18: =SUM(E42:E45) -> 12 | V18: =SUM(F42:F45) -> 28 | W18: =SUM(G42:G45) -> 0 | X18: =SUM(H42:H45) -> 0 | Y18: =SUM(I42:I45) -> 25 | Z18: =SUM(J42:J45) -> 7 | ... AF18: =SUM(P42:P45) -> 294
B19: 09.15 - 09.30 | C19: 4 | D19: 4 | E19: 2 | F19: 0 | G19: 1 | H19: 0 | I19: 2 | J19: 0 | K19: 0 | L19: 0 | M19: 83 | N19: 0 | O19: =SUM(C19:L19,N19) -> 13 | P19: =SUM(C19:N19) -> 96 | R19: 1600-1700 | S19: =SUM(C46:C49) -> 45 | T19: =SUM(D46:D49) -> 30 | U19: =SUM(E46:E49) -> 16 | V19: =SUM(F46:F49) -> 38 | W19: =SUM(G46:G49) -> 4 | X19: =SUM(H46:H49) -> 0 | Y19: =SUM(I46:I49) -> 23 | Z19: =SUM(J46:J49) -> 4 | ... AF19: =SUM(P46:P49) -> 490
B20: 09.30 - 09.45 | C20: 2 | D20: 2 | E20: 1 | F20: 2 | G20: 0 | H20: 0 | I20: 2 | J20: 0 | K20: 1 | L20: 0 | M20: 122 | N20: 0 | O20: =SUM(C20:L20,N20) -> 10 | P20: =SUM(C20:N20) -> 132 | R20: 1700-1800 | S20: =SUM(C50:C53) -> 24 | T20: =SUM(D50:D53) -> 17 | U20: =SUM(E50:E53) -> 6 | V20: =SUM(F50:F53) -> 26 | W20: =SUM(G50:G53) -> 2 | X20: =SUM(H50:H53) -> 1 | Y20: =SUM(I50:I53) -> 9 | Z20: =SUM(J50:J53) -> 3 | ... AF20: =SUM(P50:P53) -> 380
B21: 09.45 - 10.00 | C21: 3 | D21: 1 | E21: 1 | F21: 2 | G21: 2 | H21: 0 | I21: 4 | J21: 0 | K21: 0 | L21: 0 | M21: 134 | N21: 0 | O21: =SUM(C21:L21,N21) -> 13 | P21: =SUM(C21:N21) -> 147 | R21: 1800-1900 | S21: =SUM(C54:C57) -> 47 | T21: =SUM(D54:D57) -> 26 | U21: =SUM(E54:E57) -> 13 | V21: =SUM(F54:F57) -> 40 | W21: =SUM(G54:G57) -> 4 | X21: =SUM(H54:H57) -> 0 | Y21: =SUM(I54:I57) -> 15 | Z21: =SUM(J54:J57) -> 6 | ... AF21: =SUM(P54:P57) -> 413
B22: 10.00 - 10.15 | C22: 7 | D22: 2 | E22: 2 | F22: 3 | G22: 0 | H22: 0 | I22: 2 | J22: 0 | K22: 0 | L22: 1 | M22: 142 | N22: 0 | O22: =SUM(C22:L22,N22) -> 17 | P22: =SUM(C22:N22) -> 159 | R22: AM Peak Hr | S22: =MAX(S10:S12) -> 48 | T22: =MAX(T10:T12) -> 13 | U22: =MAX(U10:U12) -> 8 | V22: =MAX(V10:V12) -> 36 | W22: =MAX(W10:W12) -> 3 | X22: =MAX(X10:X12) -> 1 | Y22: =MAX(Y10:Y12) -> 19 | Z22: =MAX(Z10:Z12) -> 1 | ... AF22: =MAX(AF10:AF12) -> 559
B23: 10.15 - 10.30 | C23: 10 | D23: 4 | E23: 2 | F23: 10 | G23: 0 | H23: 0 | I23: 11 | J23: 4 | K23: 0 | L23: 0 | M23: 105 | N23: 0 | O23: =SUM(C23:L23,N23) -> 41 | P23: =SUM(C23:N23) -> 146 | R23: IP Peak Hr | S23: =MAX(S13:S18) -> 35 | T23: =MAX(T13:T18) -> 24 | U23: =MAX(U13:U18) -> 12 | V23: =MAX(V13:V18) -> 29 | W23: =MAX(W13:W18) -> 2 | X23: =MAX(X13:X18) -> 0 | Y23: =MAX(Y13:Y18) -> 31 | Z23: =MAX(Z13:Z18) -> 7 | ... AF23: =MAX(AF13:AF18) -> 564
B24: 10.30 - 10.45 | C24: 9 | D24: 2 | E24: 4 | F24: 7 | G24: 0 | H24: 0 | I24: 7 | J24: 0 | K24: 0 | L24: 0 | M24: 132 | N24: 0 | O24: =SUM(C24:L24,N24) -> 29 | P24: =SUM(C24:N24) -> 161 | R24: PM Peak Hr | S24: =MAX(S19:S21) -> 47 | T24: =MAX(T19:T21) -> 30 | U24: =MAX(U19:U21) -> 16 | V24: =MAX(V19:V21) -> 40 | W24: =MAX(W19:W21) -> 4 | X24: =MAX(X19:X21) -> 1 | Y24: =MAX(Y19:Y21) -> 23 | Z24: =MAX(Z19:Z21) -> 6 | ... AF24: =MAX(AF19:AF21) -> 490
B25: 10.45 - 11.00 | C25: 3 | D25: 0 | E25: 2 | F25: 7 | G25: 0 | H25: 0 | I25: 4 | J25: 1 | K25: 1 | L25: 0 | M25: 80 | N25: 0 | O25: =SUM(C25:L25,N25) -> 18 | P25: =SUM(C25:N25) -> 98 | R25: AM Period | S25: =SUM(S10:S12) -> 94 | T25: =SUM(T10:T12) -> 29 | U25: =SUM(U10:U12) -> 19 | V25: =SUM(V10:V12) -> 85 | W25: =SUM(W10:W12) -> 6 | X25: =SUM(X10:X12) -> 1 | Y25: =SUM(Y10:Y12) -> 45 | Z25: =SUM(Z10:Z12) -> 3 | ... AF25: =SUM(AF10:AF12) -> 1483
B26: 11.00 - 11.15 | C26: 5 | D26: 6 | E26: 1 | F26: 9 | G26: 0 | H26: 0 | I26: 9 | J26: 1 | K26: 0 | L26: 1 | M26: 122 | N26: 0 | O26: =SUM(C26:L26,N26) -> 32 | P26: =SUM(C26:N26) -> 154 | R26: IP Period | S26: =SUM(S13:S18) -> 154 | T26: =SUM(T13:T18) -> 75 | U26: =SUM(U13:U18) -> 47 | V26: =SUM(V13:V18) -> 127 | W26: =SUM(W13:W18) -> 3 | X26: =SUM(X13:X18) -> 0 | Y26: =SUM(Y13:Y18) -> 101 | Z26: =SUM(Z13:Z18) -> 23 | ... AF26: =SUM(AF13:AF18) -> 2718
B27: 11.15 - 11.30 | C27: 6 | D27: 2 | E27: 2 | F27: 3 | G27: 0 | H27: 0 | I27: 3 | J27: 0 | K27: 1 | L27: 0 | M27: 55 | N27: 0 | O27: =SUM(C27:L27,N27) -> 17 | P27: =SUM(C27:N27) -> 72 | R27: PM Period | S27: =SUM(S19:S21) -> 116 | T27: =SUM(T19:T21) -> 73 | U27: =SUM(U19:U21) -> 35 | V27: =SUM(V19:V21) -> 104 | W27: =SUM(W19:W21) -> 10 | X27: =SUM(X19:X21) -> 1 | Y27: =SUM(Y19:Y21) -> 47 | Z27: =SUM(Z19:Z21) -> 13 | ... AF27: =SUM(AF19:AF21) -> 1283
B28: 11.30 - 11.45 | C28: 13 | D28: 3 | E28: 3 | F28: 11 | G28: 1 | H28: 0 | I28: 11 | J28: 2 | K28: 0 | L28: 1 | M28: 141 | N28: 1 | O28: =SUM(C28:L28,N28) -> 46 | P28: =SUM(C28:N28) -> 187 | R28: 12 Hours | S28: =SUM(S10:S21) -> 364 | T28: =SUM(T10:T21) -> 177 | U28: =SUM(U10:U21) -> 101 | V28: =SUM(V10:V21) -> 316 | W28: =SUM(W10:W21) -> 19 | X28: =SUM(X10:X21) -> 2 | Y28: =SUM(Y10:Y21) -> 193 | Z28: =SUM(Z10:Z21) -> 39 | ... AF28: =SUM(AF10:AF21) -> 5484
B29: 11.45 - 12.00 | C29: 10 | D29: 4 | E29: 3 | F29: 6 | G29: 1 | H29: 0 | I29: 8 | J29: 1 | K29: 0 | L29: 1 | M29: 112 | N29: 1 | O29: =SUM(C29:L29,N29) -> 35 | P29: =SUM(C29:N29) -> 147
B30: 12.00 - 12.15 | C30: 4 | D30: 7 | E30: 1 | F30: 4 | G30: 0 | H30: 0 | I30: 3 | J30: 0 | K30: 0 | L30: 0 | M30: 93 | N30: 0 | O30: =SUM(C30:L30,N30) -> 19 | P30: =SUM(C30:N30) -> 112
B31: 12.15 - 12.30 | C31: 10 | D31: 2 | E31: 2 | F31: 4 | G31: 0 | H31: 0 | I31: 1 | J31: 0 | K31: 0 | L31: 0 | M31: 96 | N31: 0 | O31: =SUM(C31:L31,N31) -> 19 | P31: =SUM(C31:N31) -> 115
B32: 12.30 - 12.45 | C32: 5 | D32: 2 | E32: 2 | F32: 5 | G32: 0 | H32: 0 | I32: 1 | J32: 1 | K32: 0 | L32: 143 | M32: 0 | N32: 0 | O32: =SUM(C32:L32,N32) -> 159 | P32: =SUM(C32:N32) -> 159
B33: 12.45 - 13.00 | C33: 4 | D33: 1 | E33: 1 | F33: 3 | G33: 0 | H33: 0 | I33: 0 | J33: 2 | K33: 1 | L33: 0 | M33: 62 | N33: 0 | O33: =SUM(C33:L33,N33) -> 12 | P33: =SUM(C33:N33) -> 74
B34: 13.00 - 13.15 | C34: 1 | D34: 3 | E34: 3 | F34: 6 | G34: 0 | H34: 0 | I34: 2 | J34: 1 | K34: 0 | L34: 0 | M34: 96 | N34: 0 | O34: =SUM(C34:L34,N34) -> 16 | P34: =SUM(C34:N34) -> 112
B35: 13.15 - 13.30 | C35: 4 | D35: 3 | E35: 0 | F35: 1 | G35: 1 | H35: 0 | I35: 2 | J35: 1 | K35: 3 | L35: 0 | M35: 102 | N35: 0 | O35: =SUM(C35:L35,N35) -> 15 | P35: =SUM(C35:N35) -> 117
B36: 13.30 - 13.45 | C36: 1 | D36: 3 | E36: 1 | F36: 6 | G36: 0 | H36: 0 | I36: 3 | J36: 1 | K36: 0 | L36: 0 | M36: 98 | N36: 0 | O36: =SUM(C36:L36,N36) -> 15 | P36: =SUM(C36:N36) -> 113
B37: 13.45 - 14.00 | C37: 8 | D37: 0 | E37: 0 | F37: 3 | G37: 0 | H37: 0 | I37: 1 | J37: 1 | K37: 1 | L37: 0 | M37: 131 | N37: 0 | O37: =SUM(C37:L37,N37) -> 14 | P37: =SUM(C37:N37) -> 145
B38: 14.00 - 14.15 | C38: 8 | D38: 1 | E38: 1 | F38: 1 | G38: 0 | H38: 0 | I38: 1 | J38: 0 | K38: 1 | L38: 0 | M38: 102 | N38: 0 | O38: =SUM(C38:L38,N38) -> 13 | P38: =SUM(C38:N38) -> 115
B39: 14.15 - 14.30 | C39: 4 | D39: 3 | E39: 1 | F39: 3 | G39: 0 | H39: 0 | I39: 5 | J39: 0 | K39: 0 | L39: 1 | M39: 90 | N39: 0 | O39: =SUM(C39:L39,N39) -> 17 | P39: =SUM(C39:N39) -> 107
B40: 14.30 - 14.45 | C40: 1 | D40: 1 | E40: 3 | F40: 6 | G40: 0 | H40: 0 | I40: 1 | J40: 0 | K40: 0 | L40: 0 | M40: 93 | N40: 0 | O40: =SUM(C40:L40,N40) -> 12 | P40: =SUM(C40:N40) -> 105
... B57: 18.45 - 19.00 | C57: 9 | D57: 8 | E57: 5 | F57: 9 | G57: 0 | H57: 0 | I57: 1 | J57: 1 | K57: 0 | L57: 1 | M57: 55 | N57: 0 | O57: =SUM(C57:L57,N57) -> 34 | P57: =SUM(C57:N57) -> 89
B58: Totals | C58: =SUM(C10:C57) -> 364 | D58: =SUM(D10:D57) -> 177 | E58: =SUM(E10:E57) -> 101 | F58: =SUM(F10:F57) -> 316 | G58: =SUM(G10:G57) -> 19 | H58: =SUM(H10:H57) -> 2 | I58: =SUM(I10:I57) -> 193 | J58: =SUM(J10:J57) -> 39 | ... P58: =SUM(P10:P57) -> 5484
B59: %ges + MCs | C59: =C58/$P$58 -> 0.066374909 | D59: =D58/$P$58 -> 0.032275711 | E59: =E58/$P$58 -> 0.018417214 | F59: =F58/$P$58 -> 0.057622174 | G59: =G58/$P$58 -> 0.0034646244 | H59: =H58/$P$58 -> 0.0003646973 | I59: =I58/$P$58 -> 0.03519329 | J59: =J58/$P$58 -> 0.0071115974 | ... N59: =N58/$P$58 -> 0.0003646973
B60: %ges w/o MCs | C60: =C58/$O$58 -> 0.24812543 | D60: =D58/$O$58 -> 0.1206544 | E60: =E58/$O$58 -> 0.068847989 | F60: =F58/$O$58 -> 0.21540559 | G60: =G58/$O$58 -> 0.012951602 | H60: =H58/$O$58 -> 0.0013633265 | I60: =I58/$O$58 -> 0.13156101 | J60: =J58/$O$58 -> 0.026584867 | ... L60: =L58/$O$58 -> 0.16496251 | N60: =N58/$O$58 -> 0.0013633265

Sheet 1.11 MUKONO-KATOSI 24hr
B1: Consultancy services for Preparation of Expressway Development Master Plan (EDMP) for Uganda
B2: MANUAL CLASSIFIED COUNT (MCC)
B3: ROAD NAME: | C3: ='29.10-MUKONO-KATOSI'!C3:G3 -> MCC - C2 - STN077 - KATOSI ROAD
C5: Date | D5: ='1.11 KATOSI-MUKONO-24hr'!D5 -> 1.11.2019 | F5: Location | G5: SHELL PETROL STATION | J5: Surveyor | K5: HUMUZA
C6: Dir. From | D6: MUKONO | F6: Dir. To | G6: ='30.10 MUKONO-KATOSI'!G6:H6 -> KATOSI | J6: Supervisor | K6: ='1.11 KATOSI-MUKONO-24hr'!K6:L6 -> VICTOR M
B8: Time / Veh Type | R8: SUMMARY TRAFFIC VOLUMES
C9: 1. Car | D9: 2. Station Wagon | E9: 3. Pickups | F9: 4. Minibus, matatu | G9: 5. Medium bus | H9: 6. Large Bus | I9: 7. Light Truck | J9: 8. Medium Truck | K9: 9. Heavy truck | L9: 10. Truck Trailer | M9: 11. Motor cycles | N9: 12. Tractors | O9: Total Excl M/Cycles | P9: Total All | R9: Time | S9: 1. Car | T9: 2. Station Wagon | U9: 3. Pickups | V9: 4. Minibus, matatu | W9: 5. Medium bus | X9: 6. Large Bus | Y9: 7. Light Truck | Z9: 8. Medium Truck | AA9: 9. Heavy truck | AB9: 10. Truck Trailer | AC9: 11. Motorcycles | AD9: 12. Tractors, Graders | AE9: Total Excl M/ Cycles | AF9: Total All
B10: 07.00 - 07.15 | C10: 13 | D10: 1 | E10: 5 | F10: 10 | G10: 2 | H10: 0 | I10: 6 | J10: 0 | K10: 1 | L10: 0 | M10: 99 | N10: 0 | O10: =SUM(C10:L10,N10) -> 38 | P10: =SUM(C10:N10) -> 137 | R10: 0700-0800 | S10: =SUM(C10:C13) -> 49 | T10: =SUM(D10:D13) -> 3 | U10: =SUM(E10:E13) -> 16 | V10: =SUM(F10:F13) -> 26 | W10: =SUM(G10:G13) -> 4 | X10: =SUM(H10:H13) -> 0 | Y10: =SUM(I10:I13) -> 23 | Z10: =SUM(J10:J13) -> 0 | ... AF10: =SUM(P10:P13) -> 524
B11: 07.15 - 07.30 | C11: 7 | D11: 1 | E11: 6 | F11: 5 | G11: 1 | H11: 0 | I11: 7 | J11: 0 | K11: 1 | L11: 0 | M11: 100 | N11: 0 | O11: =SUM(C11:L11,N11) -> 28 | P11: =SUM(C11:N11) -> 128 | R11: 0800-0900 | S11: =SUM(C14:C17) -> 57 | T11: =SUM(D14:D17) -> 19 | U11: =SUM(E14:E17) -> 13 | V11: =SUM(F14:F17) -> 31 | W11: =SUM(G14:G17) -> 13 | X11: =SUM(H14:H17) -> 1 | Y11: =SUM(I14:I17) -> 18 | Z11: =SUM(J14:J17) -> 17 | ... AF11: =SUM(P14:P17) -> 500
B12: 07.30 - 07.45 | C12: 15 | D12: 0 | E12: 1 | F12: 7 | G12: 1 | H12: 0 | I12: 5 | J12: 0 | K12: 0 | L12: 0 | M12: 100 | N12: 0 | O12: =SUM(C12:L12,N12) -> 29 | P12: =SUM(C12:N12) -> 129 | R12: 0900-1000 | S12: =SUM(C18:C21) -> 67 | T12: =SUM(D18:D21) -> 6 | U12: =SUM(E18:E21) -> 21 | V12: =SUM(F18:F21) -> 24 | W12: =SUM(G18:G21) -> 1 | X12: =SUM(H18:H21) -> 0 | Y12: =SUM(I18:I21) -> 36 | Z12: =SUM(J18:J21) -> 6 | ... AF12: =SUM(P18:P21) -> 546
B13: 07.45 - 08.00 | C13: 14 | D13: 1 | E13: 4 | F13: 4 | G13: 0 | H13: 0 | I13: 5 | J13: 0 | K13: 0 | L13: 0 | M13: 102 | N13: 0 | O13: =SUM(C13:L13,N13) -> 28 | P13: =SUM(C13:N13) -> 130 | R13: 1000-1100 | S13: =SUM(C22:C25) -> 52 | T13: =SUM(D22:D25) -> 9 | U13: =SUM(E22:E25) -> 17 | V13: =SUM(F22:F25) -> 32 | W13: =SUM(G22:G25) -> 1 | X13: =SUM(H22:H25) -> 0 | Y13: =SUM(I22:I25) -> 32 | Z13: =SUM(J22:J25) -> 7 | ... AF13: =SUM(P22:P25) -> 520
B14: 08.00 - 08.15 | C14: 12 | D14: 3 | E14: 3 | F14: 10 | G14: 3 | H14: 0 | I14: 4 | J14: 4 | K14: 0 | L14: 0 | M14: 80 | N14: 0 | O14: =SUM(C14:L14,N14) -> 39 | P14: =SUM(C14:N14) -> 119 | R14: 1100-1200 | S14: =SUM(C26:C29) -> 65 | T14: =SUM(D26:D29) -> 6 | U14: =SUM(E26:E29) -> 23 | V14: =SUM(F26:F29) -> 31 | W14: =SUM(G26:G29) -> 3 | X14: =SUM(H26:H29) -> 0 | Y14: =SUM(I26:I29) -> 31 | Z14: =SUM(J26:J29) -> 3 | ... AF14: =SUM(P26:P29) -> 538
B15: 08.15 - 08.30 | C15: 11 | D15: 4 | E15: 2 | F15: 4 | G15: 0 | H15: 0 | I15: 9 | J15: 0 | K15: 0 | L15: 2 | M15: 80 | N15: 0 | O15: =SUM(C15:L15,N15) -> 32 | P15: =SUM(C15:N15) -> 112 | R15: 1200-1300 | S15: =SUM(C30:C33) -> 81 | T15: =SUM(D30:D33) -> 10 | U15: =SUM(E30:E33) -> 20 | V15: =SUM(F30:F33) -> 39 | W15: =SUM(G30:G33) -> 5 | X15: =SUM(H30:H33) -> 0 | Y15: =SUM(I30:I33) -> 39 | Z15: =SUM(J30:J33) -> 10 | ... AF15: =SUM(P30:P33) -> 542
B16: 08.30 - 08.45 | C16: 19 | D16: 4 | E16: 4 | F16: 7 | G16: 0 | H16: 0 | I16: 5 | J16: 3 | K16: 0 | L16: 0 | M16: 69 | N16: 0 | O16: =SUM(C16:L16,N16) -> 42 | P16: =SUM(C16:N16) -> 111 | R16: 1300-1400 | S16: =SUM(C34:C37) -> 86 | T16: =SUM(D34:D37) -> 7 | U16: =SUM(E34:E37) -> 13 | V16: =SUM(F34:F37) -> 41 | W16: =SUM(G34:G37) -> 2 | X16: =SUM(H34:H37) -> 0 | Y16: =SUM(I34:I37) -> 17 | Z16: =SUM(J34:J37) -> 9 | ... AF16: =SUM(P34:P37) -> 483
B17: 08.45 - 9.00 | C17: 15 | D17: 8 | E17: 4 | F17: 10 | G17: 10 | H17: 1 | I17: 0 | J17: 10 | K17: 1 | L17: 0 | M17: 0 | N17: 99 | O17: =SUM(C17:L17,N17) -> 158 | P17: =SUM(C17:N17) -> 158 | R17: 1400-1500 | S17: =SUM(C38:C41) -> 73 | T17: =SUM(D38:D41) -> 7 | U17: =SUM(E38:E41) -> 22 | V17: =SUM(F38:F41) -> 35 | W17: =SUM(G38:G41) -> 1 | X17: =SUM(H38:H41) -> 0 | Y17: =SUM(I38:I41) -> 20 | Z17: =SUM(J38:J41) -> 12 | ... AF17: =SUM(P38:P41) -> 487
B18: 09.00 - 09.15 | C18: 17 | D18: 2 | E18: 6 | F18: 6 | G18: 0 | H18: 0 | I18: 10 | J18: 1 | K18: 2 | L18: 0 | M18: 97 | N18: 0 | O18: =SUM(C18:L18,N18) -> 44 | P18: =SUM(C18:N18) -> 141 | R18: 1500-1600 | S18: =SUM(C42:C45) -> 72 | T18: =SUM(D42:D45) -> 13 | U18: =SUM(E42:E45) -> 17 | V18: =SUM(F42:F45) -> 25 | W18: =SUM(G42:G45) -> 1 | X18: =SUM(H42:H45) -> 0 | Y18: =SUM(I42:I45) -> 37 | Z18: =SUM(J42:J45) -> 6 | ... AF18: =SUM(P42:P45) -> 565
B19: 09.15 - 09.30 | C19: 13 | D19: 2 | E19: 6 | F19: 5 | G19: 0 | H19: 0 | I19: 10 | J19: 1 | K19: 0 | L19: 0 | M19: 95 | N19: 0 | O19: =SUM(C19:L19,N19) -> 37 | P19: =SUM(C19:N19) -> 132 | R19: 1600-1700 | S19: =SUM(C46:C49) -> 82 | T19: =SUM(D46:D49) -> 14 | U19: =SUM(E46:E49) -> 19 | V19: =SUM(F46:F49) -> 30 | W19: =SUM(G46:G49) -> 2 | X19: =SUM(H46:H49) -> 0 | Y19: =SUM(I46:I49) -> 22 | Z19: =SUM(J46:J49) -> 6 | ... AF19: =SUM(P46:P49) -> 559
B20: 09.30 - 09.45 | C20: 20 | D20: 1 | E20: 2 | F20: 7 | G20: 1 | H20: 0 | I20: 8 | J20: 4 | K20: 0 | L20: 0 | M20: 103 | N20: 0 | O20: =SUM(C20:L20,N20) -> 43 | P20: =SUM(C20:N20) -> 146 | R20: 1700-1800 | S20: =SUM(C50:C53) -> 71 | T20: =SUM(D50:D53) -> 7 | U20: =SUM(E50:E53) -> 18 | V20: =SUM(F50:F53) -> 37 | W20: =SUM(G50:G53) -> 4 | X20: =SUM(H50:H53) -> 0 | Y20: =SUM(I50:I53) -> 20 | Z20: =SUM(J50:J53) -> 3 | ... AF20: =SUM(P50:P53) -> 456
B21: 09.45 - 10.00 | C21: 17 | D21: 1 | E21: 7 | F21: 6 | G21: 0 | H21: 0 | I21: 8 | J21: 0 | K21: 0 | L21: 0 | M21: 88 | N21: 0 | O21: =SUM(C21:L21,N21) -> 39 | P21: =SUM(C21:N21) -> 127 | R21: 1800-1900 | S21: =SUM(C54:C57) -> 71 | T21: =SUM(D54:D57) -> 4 | U21: =SUM(E54:E57) -> 16 | V21: =SUM(F54:F57) -> 34 | W21: =SUM(G54:G57) -> 2 | X21: =SUM(H54:H57) -> 0 | Y21: =SUM(I54:I57) -> 30 | Z21: =SUM(J54:J57) -> 5 | ... AF21: =SUM(P54:P57) -> 477
B22: 10.00 - 10.15 | C22: 11 | D22: 5 | E22: 6 | F22: 9 | G22: 1 | H22: 0 | I22: 4 | J22: 0 | K22: 3 | L22: 0 | M22: 112 | N22: 0 | O22: =SUM(C22:L22,N22) -> 39 | P22: =SUM(C22:N22) -> 151 | R22: 1900-2000 | S22: =SUM(C58:C61) -> 48 | T22: =SUM(D58:D61) -> 4 | U22: =SUM(E58:E61) -> 7 | V22: =SUM(F58:F61) -> 25 | W22: =SUM(G58:G61) -> 0 | X22: =SUM(H58:H61) -> 0 | Y22: =SUM(I58:I61) -> 12 | Z22: =SUM(J58:J61) -> 2 | ... AF22: =SUM(P58:P61) -> 377
B23: 10.15 - 10.30 | C23: 13 | D23: 1 | E23: 6 | F23: 6 | G23: 0 | H23: 0 | I23: 8 | J23: 1 | K23: 2 | L23: 0 | M23: 78 | N23: 0 | O23: =SUM(C23:L23,N23) -> 37 | P23: =SUM(C23:N23) -> 115 | R23: 2000-2100 | S23: =SUM(C62:C65) -> 46 | T23: =SUM(D62:D65) -> 6 | U23: =SUM(E62:E65) -> 11 | V23: =SUM(F62:F65) -> 22 | W23: =SUM(G62:G65) -> 3 | X23: =SUM(H62:H65) -> 0 | Y23: =SUM(I62:I65) -> 18 | Z23: =SUM(J62:J65) -> 3 | ... AF23: =SUM(P62:P65) -> 340
B24: 10.30 - 10.45 | C24: 16 | D24: 2 | E24: 1 | F24: 8 | G24: 0 | H24: 0 | I24: 11 | J24: 3 | K24: 1 | L24: 0 | M24: 87 | N24: 0 | O24: =SUM(C24:L24,N24) -> 42 | P24: =SUM(C24:N24) -> 129 | R24: 2100-2200 | S24: =SUM(C66:C69) -> 48 | T24: =SUM(D66:D69) -> 6 | U24: =SUM(E66:E69) -> 10 | V24: =SUM(F66:F69) -> 22 | W24: =SUM(G66:G69) -> 2 | X24: =SUM(H66:H69) -> 0 | Y24: =SUM(I66:I69) -> 10 | Z24: =SUM(J66:J69) -> 0 | ... AF24: =SUM(P66:P69) -> 345
B25: 10.45 - 11.00 | C25: 12 | D25: 1 | E25: 4 | F25: 9 | G25: 0 | H25: 0 | I25: 9 | J25: 3 | K25: 0 | L25: 0 | M25: 87 | N25: 0 | O25: =SUM(C25:L25,N25) -> 38 | P25: =SUM(C25:N25) -> 125 | R25: 2200-2300 | S25: =SUM(C70:C73) -> 40 | T25: =SUM(D70:D73) -> 3 | U25: =SUM(E70:E73) -> 5 | V25: =SUM(F70:F73) -> 25 | W25: =SUM(G70:G73) -> 0 | X25: =SUM(H70:H73) -> 1 | Y25: =SUM(I70:I73) -> 4 | Z25: =SUM(J70:J73) -> 1 | ... AF25: =SUM(P70:P73) -> 297
B26: 11.00 - 11.15 | C26: 18 | D26: 2 | E26: 4 | F26: 3 | G26: 2 | H26: 0 | I26: 9 | J26: 0 | K26: 2 | L26: 0 | M26: 83 | N26: 0 | O26: =SUM(C26:L26,N26) -> 40 | P26: =SUM(C26:N26) -> 123 | R26: 2300-0000 | S26: =SUM(C74:C77) -> 33 | T26: =SUM(D74:D77) -> 0 | U26: =SUM(E74:E77) -> 11 | V26: =SUM(F74:F77) -> 7 | W26: =SUM(G74:G77) -> 0 | X26: =SUM(H74:H77) -> 0 | Y26: =SUM(I74:I77) -> 5 | Z26: =SUM(J74:J77) -> 1 | ... AF26: =SUM(P74:P77) -> 230
B27: 11.15 - 11.30 | C27: 12 | D27: 1 | E27: 8 | F27: 9 | G27: 1 | H27: 0 | I27: 4 | J27: 0 | K27: 0 | L27: 0 | M27: 100 | N27: 0 | O27: =SUM(C27:L27,N27) -> 35 | P27: =SUM(C27:N27) -> 135 | R27: 0000-0100 | S27: =SUM(C78:C81) -> 20 | T27: =SUM(D78:D81) -> 3 | U27: =SUM(E78:E81) -> 3 | V27: =SUM(F78:F81) -> 14 | W27: =SUM(G78:G81) -> 2 | X27: =SUM(H78:H81) -> 0 | Y27: =SUM(I78:I81) -> 3 | Z27: =SUM(J78:J81) -> 4 | ... AF27: =SUM(P78:P81) -> 128
B28: 11.30 - 11.45 | C28: 16 | D28: 1 | E28: 6 | F28: 11 | G28: 0 | H28: 0 | I28: 12 | J28: 2 | K28: 0 | L28: 0 | M28: 93 | N28: 0 | O28: =SUM(C28:L28,N28) -> 48 | P28: =SUM(C28:N28) -> 141 | R28: 0100-0200 | S28: =SUM(C82:C85) -> 16 | T28: =SUM(D82:D85) -> 1 | U28: =SUM(E82:E85) -> 2 | V28: =SUM(F82:F85) -> 0 | W28: =SUM(G82:G85) -> 0 | X28: =SUM(H82:H85) -> 0 | Y28: =SUM(I82:I85) -> 2 | Z28: =SUM(J82:J85) -> 2 | ... AF28: =SUM(P82:P85) -> 50
B29: 11.45 - 12.00 | C29: 19 | D29: 2 | E29: 5 | F29: 8 | G29: 0 | H29: 0 | I29: 6 | J29: 1 | K29: 0 | L29: 0 | M29: 98 | N29: 0 | O29: =SUM(C29:L29,N29) -> 41 | P29: =SUM(C29:N29) -> 139 | R29: 0200-0300 | S29: =SUM(C86:C89) -> 5 | T29: =SUM(D86:D89) -> 4 | U29: =SUM(E86:E89) -> 0 | V29: =SUM(F86:F89) -> 3 | W29: =SUM(G86:G89) -> 0 | X29: =SUM(H86:H89) -> 0 | Y29: =SUM(I86:I89) -> 1 | Z29: =SUM(J86:J89) -> 2 | ... AF29: =SUM(P86:P89) -> 32
B30: 12.00 - 12.15 | C30: 26 | D30: 3 | E30: 6 | F30: 8 | G30: 2 | H30: 0 | I30: 9 | J30: 3 | K30: 0 | L30: 0 | M30: 85 | N30: 0 | O30: =SUM(C30:L30,N30) -> 57 | P30: =SUM(C30:N30) -> 142 | R30: 0300-0400 | S30: =SUM(C90:C93) -> 1 | T30: =SUM(D90:D93) -> 1 | U30: =SUM(E90:E93) -> 1 | V30: =SUM(F90:F93) -> 1 | W30: =SUM(G90:G93) -> 0 | X30: =SUM(H90:H93) -> 0 | Y30: =SUM(I90:I93) -> 1 | Z30: =SUM(J90:J93) -> 2 | ... AF30: =SUM(P90:P93) -> 24
B31: 12.15 - 12.30 | C31: 15 | D31: 3 | E31: 3 | F31: 11 | G31: 1 | H31: 0 | I31: 10 | J31: 2 | K31: 0 | L31: 0 | M31: 92 | N31: 0 | O31: =SUM(C31:L31,N31) -> 45 | P31: =SUM(C31:N31) -> 137 | R31: 0400-0500 | S31: =SUM(C94:C97) -> 5 | T31: =SUM(D94:D97) -> 2 | U31: =SUM(E94:E97) -> 1 | V31: =SUM(F94:F97) -> 6 | W31: =SUM(G94:G97) -> 1 | X31: =SUM(H94:H97) -> 0 | Y31: =SUM(I94:I97) -> 1 | Z31: =SUM(J94:J97) -> 0 | ... AF31: =SUM(P94:P97) -> 39
B32: 12.30 - 12.45 | C32: 22 | D32: 1 | E32: 7 | F32: 9 | G32: 0 | H32: 0 | I32: 8 | J32: 2 | K32: 0 | L32: 0 | M32: 98 | N32: 0 | O32: =SUM(C32:L32,N32) -> 49 | P32: =SUM(C32:N32) -> 147 | R32: 0500-0600 | S32: =SUM(C98:C101) -> 4 | T32: =SUM(D98:D101) -> 0 | U32: =SUM(E98:E101) -> 3 | V32: =SUM(F98:F101) -> 11 | W32: =SUM(G98:G101) -> 0 | X32: =SUM(H98:H101) -> 0 | Y32: =SUM(I98:I101) -> 6 | Z32: =SUM(J98:J101) -> 6 | ... AF32: =SUM(P98:P101) -> 75
B33: 12.45 - 13.00 | C33: 18 | D33: 3 | E33: 4 | F33: 11 | G33: 2 | H33: 0 | I33: 12 | J33: 3 | K33: 0 | L33: 0 | M33: 63 | N33: 0 | O33: =SUM(C33:L33,N33) -> 53 | P33: =SUM(C33:N33) -> 116 | R33: 0600-0700 | S33: =SUM(C102:C105) -> 19 | T33: =SUM(D102:D105) -> 5 | U33: =SUM(E102:E105) -> 7 | V33: =SUM(F102:F105) -> 29 | W33: =SUM(G102:G105) -> 3 | X33: =SUM(H102:H105) -> 0 | Y33: =SUM(I102:I105) -> 10 | Z33: =SUM(J102:J105) -> 6 | ... AF33: =SUM(P102:P105) -> 255
B34: 13.00 - 13.15 | C34: 22 | D34: 1 | E34: 3 | F34: 11 | G34: 0 | H34: 0 | I34: 7 | J34: 5 | K34: 2 | L34: 0 | M34: 82 | N34: 0 | O34: =SUM(C34:L34,N34) -> 51 | P34: =SUM(C34:N34) -> 133 | R34: AM Peak Hr | S34: =MAX(S10:S12) -> 67 | T34: =MAX(T10:T12) -> 19 | U34: =MAX(U10:U12) -> 21 | V34: =MAX(V10:V12) -> 31 | W34: =MAX(W10:W12) -> 13 | X34: =MAX(X10:X12) -> 1 | Y34: =MAX(Y10:Y12) -> 36 | Z34: =MAX(Z10:Z12) -> 17 | ... AF34: =MAX(AF10:AF12) -> 546
B35: 13.15 - 13.30 | C35: 9 | D35: 1 | E35: 4 | F35: 12 | G35: 0 | H35: 0 | I35: 1 | J35: 3 | K35: 0 | L35: 0 | M35: 83 | N35: 0 | O35: =SUM(C35:L35,N35) -> 30 | P35: =SUM(C35:N35) -> 113 | R35: IP Peak Hr | S35: =MAX(S13:S18) -> 86 | T35: =MAX(T13:T18) -> 13 | U35: =MAX(U13:U18) -> 23 | V35: =MAX(V13:V18) -> 41 | W35: =MAX(W13:W18) -> 5 | X35: =MAX(X13:X18) -> 0 | Y35: =MAX(Y13:Y18) -> 39 | Z35: =MAX(Z13:Z18) -> 12 | ... AF35: =MAX(AF13:AF18) -> 565
B36: 13.30 - 13.45 | C36: 28 | D36: 2 | E36: 3 | F36: 10 | G36: 2 | H36: 0 | I36: 5 | J36: 1 | K36: 1 | L36: 0 | M36: 78 | N36: 0 | O36: =SUM(C36:L36,N36) -> 52 | P36: =SUM(C36:N36) -> 130 | R36: PM Peak Hr | S36: =MAX(S19:S21) -> 82 | T36: =MAX(T19:T21) -> 14 | U36: =MAX(U19:U21) -> 19 | V36: =MAX(V19:V21) -> 37 | W36: =MAX(W19:W21) -> 4 | X36: =MAX(X19:X21) -> 0 | Y36: =MAX(Y19:Y21) -> 30 | Z36: =MAX(Z19:Z21) -> 6 | ... AF36: =MAX(AF19:AF21) -> 559
B37: 13.45 - 14.00 | C37: 27 | D37: 3 | E37: 3 | F37: 8 | G37: 0 | H37: 0 | I37: 4 | J37: 0 | K37: 0 | L37: 0 | M37: 62 | N37: 0 | O37: =SUM(C37:L37,N37) -> 45 | P37: =SUM(C37:N37) -> 107 | R37: AM Period | S37: =SUM(S10:S12) -> 173 | T37: =SUM(T10:T12) -> 28 | U37: =SUM(U10:U12) -> 50 | V37: =SUM(V10:V12) -> 81 | W37: =SUM(W10:W12) -> 18 | X37: =SUM(X10:X12) -> 1 | Y37: =SUM(Y10:Y12) -> 77 | Z37: =SUM(Z10:Z12) -> 23 | ... AF37: =SUM(AF10:AF12) -> 1570
B38: 14.00 - 14.15 | C38: 18 | D38: 3 | E38: 7 | F38: 7 | G38: 0 | H38: 0 | I38: 9 | J38: 2 | K38: 0 | L38: 0 | M38: 80 | N38: 0 | O38: =SUM(C38:L38,N38) -> 46 | P38: =SUM(C38:N38) -> 126 | R38: IP Period | S38: =SUM(S13:S18) -> 429 | T38: =SUM(T13:T18) -> 52 | U38: =SUM(U13:U18) -> 112 | V38: =SUM(V13:V18) -> 203 | W38: =SUM(W13:W18) -> 13 | X38: =SUM(X13:X18) -> 0 | Y38: =SUM(Y13:Y18) -> 176 | Z38: =SUM(Z13:Z18) -> 47 | ... AF38: =SUM(AF13:AF18) -> 3135
B39: 14.15 - 14.30 | C39: 16 | D39: 2 | E39: 5 | F39: 4 | G39: 1 | H39: 0 | I39: 6 | J39: 6 | K39: 0 | L39: 1 | M39: 68 | N39: 0 | O39: =SUM(C39:L39,N39) -> 41 | P39: =SUM(C39:N39) -> 109 | R39: PM Period | S39: =SUM(S19:S21) -> 224 | T39: =SUM(T19:T21) -> 25 | U39: =SUM(U19:U21) -> 53 | V39: =SUM(V19:V21) -> 101 | W39: =SUM(W19:W21) -> 8 | X39: =SUM(X19:X21) -> 0 | Y39: =SUM(Y19:Y21) -> 72 | Z39: =SUM(Z19:Z21) -> 14 | ... AF39: =SUM(AF19:AF21) -> 1492
B40: 14.30 - 14.45 | C40: 18 | D40: 1 | E40: 4 | F40: 8 | G40: 0 | H40: 0 | I40: 3 | J40: 2 | K40: 1 | L40: 0 | M40: 93 | N40: 0 | O40: =SUM(C40:L40,N40) -> 37 | P40: =SUM(C40:N40) -> 130 | R40: 12 Hours | S40: =SUM(S10:S21) -> 826 | T40: =SUM(T10:T21) -> 105 | U40: =SUM(U10:U21) -> 215 | V40: =SUM(V10:V21) -> 385 | W40: =SUM(W10:W21) -> 39 | X40: =SUM(X10:X21) -> 1 | Y40: =SUM(Y10:Y21) -> 325 | Z40: =SUM(Z10:Z21) -> 84 | ... AF40: =SUM(AF10:AF21) -> 6197
B41: 14.45 - 15.00 | C41: 21 | D41: 1 | E41: 6 | F41: 16 | G41: 0 | H41: 0 | I41: 2 | J41: 2 | K41: 0 | L41: 1 | M41: 73 | N41: 0 | O41: =SUM(C41:L41,N41) -> 49 | P41: =SUM(C41:N41) -> 122 | R41: 24 Hrs/ADT | S41: =SUM(S10:S33) -> 1111 | T41: =SUM(T10:T33) -> 140 | U41: =SUM(U10:U33) -> 276 | V41: =SUM(V10:V33) -> 550 | W41: =SUM(W10:W33) -> 50 | X41: =SUM(X10:X33) -> 2 | Y41: =SUM(Y10:Y33) -> 398 | Z41: =SUM(Z10:Z33) -> 113 | ... AF41: =SUM(AF10:AF33) -> 8389
B42: 15.00 - 15.15 | C42: 22 | D42: 3 | E42: 1 | F42: 9 | G42: 0 | H42: 0 | I42: 9 | J42: 2 | K42: 1 | L42: 0 | M42: 93 | N42: 0 | O42: =SUM(C42:L42,N42) -> 47 | P42: =SUM(C42:N42) -> 140 | R42: NEF | S42: =S41/S40 -> 1.3450363 | T42: =T41/T40 -> 1.3333333 | U42: =U41/U40 -> 1.2837209 | V42: =V41/V40 -> 1.4285714 | W42: =W41/W40 -> 1.2820513 | X42: =X41/X40 -> 2 | Y42: =Y41/Y40 -> 1.2246154 | Z42: =Z41/Z40 -> 1.3452381 | ... AF42: =AF41/AF40 -> 1.3537195
B43: 15.15 - 15.30 | C43: 20 | D43: 5 | E43: 6 | F43: 5 | G43: 0 | H43: 0 | I43: 11 | J43: 0 | K43: 0 | L43: 0 | M43: 107 | N43: 0 | O43: =SUM(C43:L43,N43) -> 47 | P43: =SUM(C43:N43) -> 154
B44: 15.30 - 15.45 | C44: 15 | D44: 3 | E44: 1 | F44: 6 | G44: 1 | H44: 0 | I44: 9 | J44: 4 | K44: 0 | L44: 0 | M44: 89 | N44: 0 | O44: =SUM(C44:L44,N44) -> 39 | P44: =SUM(C44:N44) -> 128
B45: 15.45 - 16.00 | C45: 15 | D45: 2 | E45: 9 | F45: 5 | G45: 0 | H45: 0 | I45: 8 | J45: 0 | K45: 0 | L45: 2 | M45: 102 | N45: 0 | O45: =SUM(C45:L45,N45) -> 41 | P45: =SUM(C45:N45) -> 143
B46: 16.00 - 16.15 | C46: 19 | D46: 4 | E46: 7 | F46: 11 | G46: 0 | H46: 0 | I46: 3 | J46: 0 | K46: 0 | L46: 0 | M46: 100 | N46: 0 | O46: =SUM(C46:L46,N46) -> 44 | P46: =SUM(C46:N46) -> 144
B47: 16.15 -16.30 | C47: 21 | D47: 0 | E47: 1 | F47: 4 | G47: 0 | H47: 0 | I47: 7 | J47: 3 | K47: 0 | L47: 0 | M47: 77 | N47: 0 | O47: =SUM(C47:L47,N47) -> 36 | P47: =SUM(C47:N47) -> 113
B48: 16.30 -16.45 | C48: 20 | D48: 5 | E48: 6 | F48: 9 | G48: 1 | H48: 0 | I48: 9 | J48: 3 | K48: 0 | L48: 0 | M48: 103 | N48: 0 | O48: =SUM(C48:L48,N48) -> 53 | P48: =SUM(C48:N48) -> 156
B49: 16.45 -17.00 | C49: 22 | D49: 5 | E49: 5 | F49: 6 | G49: 1 | H49: 0 | I49: 3 | J49: 0 | K49: 0 | L49: 2 | M49: 102 | N49: 0 | O49: =SUM(C49:L49,N49) -> 44 | P49: =SUM(C49:N49) -> 146
B50: 17.00 -17.15 | C50: 19 | D50: 0 | E50: 5 | F50: 13 | G50: 0 | H50: 0 | I50: 5 | J50: 0 | K50: 0 | L50: 0 | M50: 75 | N50: 0 | O50: =SUM(C50:L50,N50) -> 42 | P50: =SUM(C50:N50) -> 117
B51: 17.15 -17.30 | C51: 16 | D51: 1 | E51: 6 | F51: 8 | G51: 0 | H51: 0 | I51: 5 | J51: 1 | K51: 0 | L51: 0 | M51: 95 | N51: 0 | O51: =SUM(C51:L51,N51) -> 37 | P51: =SUM(C51:N51) -> 132
B52: 17.30 -17.45 | C52: 19 | D52: 3 | E52: 5 | F52: 9 | G52: 0 | H52: 0 | I52: 8 | J52: 2 | K52: 0 | L52: 0 | M52: 90 | N52: 0 | O52: =SUM(C52:L52,N52) -> 46 | P52: =SUM(C52:N52) -> 136
B53: 17.45 -18.00 | C53: 17 | D53: 3 | E53: 2 | F53: 7 | G53: 4 | H53: 0 | I53: 2 | J53: 0 | K53: 1 | L53: 0 | M53: 35 | N53: 0 | O53: =SUM(C53:L53,N53) -> 36 | P53: =SUM(C53:N53) -> 71
B54: 18.00 - 18.15 | C54: 16 | D54: 0 | E54: 5 | F54: 8 | G54: 0 | H54: 0 | I54: 5 | J54: 3 | K54: 0 | L54: 0 | M54: 75 | N54: 0 | O54: =SUM(C54:L54,N54) -> 37 | P54: =SUM(C54:N54) -> 112
... B104: 06.30 - 06.45 | C104: 4 | D104: 2 | E104: 2 | F104: 7 | G104: 2 | H104: 0 | I104: 2 | J104: 0 | K104: 1 | L104: 0 | M104: 49 | N104: 0 | O104: =SUM(C104:L104,N104) -> 20 | P104: =SUM(C104:N104) -> 69
B105: 06.45 - 07.00 | C105: 8 | D105: 3 | E105: 3 | F105: 12 | G105: 0 | H105: 0 | I105: 5 | J105: 1 | K105: 3 | L105: 2 | M105: 53 | N105: h | O105: =SUM(C105:L105,N105) -> 37 | P105: =SUM(C105:N105) -> 90
B106: Totals | C106: =SUM(C10:C105) -> 1111 | D106: =SUM(D10:D105) -> 140 | E106: =SUM(E10:E105) -> 276 | F106: =SUM(F10:F105) -> 550 | G106: =SUM(G10:G105) -> 50 | H106: =SUM(H10:H105) -> 2 | I106: =SUM(I10:I105) -> 398 | J106: =SUM(J10:J105) -> 113 | ... P106: =SUM(P10:P105) -> 8389
B107: %ges + MCs | C107: =C106/$P$106 -> 0.13243533 | D107: =D106/$P$106 -> 0.016688521 | E107: =E106/$P$106 -> 0.032900226 | F107: =F106/$P$106 -> 0.065562046 | G107: =G106/$P$106 -> 0.005960186 | H107: =H106/$P$106 -> 0.00023840744 | I107: =I106/$P$106 -> 0.04744308 | J107: =J106/$P$106 -> 0.01347002 | ... N107: =N106/$P$106 -> 0.011801168
B108: %ges w/o MCs | C108: =C106/$O$106 -> 0.3989228 | D108: =D106/$O$106 -> 0.0502693 | E108: =E106/$O$106 -> 0.099102334 | F108: =F106/$O$106 -> 0.19748654 | G108: =G106/$O$106 -> 0.017953321 | H108: =H106/$O$106 -> 0.00071813285 | I108: =I106/$O$106 -> 0.14290844 | J108: =J106/$O$106 -> 0.040574506 | ... L108: =L106/$O$106 -> 0.0053859964 | N108: =N106/$O$106 -> 0.035547576

Sheet 1.11 KATOSI-MUKONO-24hr
B1: Consultancy services for Preparation of Expressway Development Master Plan (EDMP) for Uganda
B2: MANUAL CLASSIFIED COUNT (MCC)
B3: ROAD NAME: | C3: ='29.10-MUKONO-KATOSI'!C3:G3 -> MCC - C2 - STN077 - KATOSI ROAD
C5: Date | D5: 1.11.2019 | F5: Location | G5: SHELL PETROL STATION | J5: Surveyor | K5: GUBYA JAMES
C6: Dir. From | D6: KATOSI | F6: Dir. To | G6: MUKONO | J6: Supervisor | K6: ='3.11 KATOSI-MUKONO'!K6:L6 -> VICTOR M
B8: Time / Veh Type | R8: SUMMARY TRAFFIC VOLUMES
C9: 1. Car | D9: 2. Station Wagon | E9: 3. Pickups | F9: 4. Minibus, matatu | G9: 5. Medium bus | H9: 6. Large Bus | I9: 7. Light Truck | J9: 8. Medium Truck | K9: 9. Heavy truck | L9: 10. Truck Trailer | M9: 11. Motor cycles | N9: 12. Tractors | O9: Total Excl M/Cycles | P9: Total All | R9: Time | S9: 1. Car | T9: 2. Station Wagon | U9: 3. Pickups | V9: 4. Minibus, matatu | W9: 5. Medium bus | X9: 6. Large Bus | Y9: 7. Light Truck | Z9: 8. Medium Truck | AA9: 9. Heavy truck | AB9: 10. Truck Trailer | AC9: 11. Motorcycles | AD9: 12. Tractors, Graders | AE9: Total Excl M/ Cycles | AF9: Total All
B10: 07.00 - 07.15 | C10: 5 | D10: 1 | E10: 2 | F10: 10 | G10: 1 | H10: 0 | I10: 2 | J10: 1 | K10: 0 | L10: 0 | M10: 112 | N10: 0 | O10: =SUM(C10:L10,N10) -> 22 | P10: =SUM(C10:N10) -> 134 | R10: 0700-0800 | S10: =SUM(C10:C13) -> 33 | T10: =SUM(D10:D13) -> 5 | U10: =SUM(E10:E13) -> 9 | V10: =SUM(F10:F13) -> 24 | W10: =SUM(G10:G13) -> 4 | X10: =SUM(H10:H13) -> 0 | Y10: =SUM(I10:I13) -> 8 | Z10: =SUM(J10:J13) -> 4 | ... AF10: =SUM(P10:P13) -> 523
B11: 07.15 - 07.30 | C11: 13 | D11: 2 | E11: 2 | F11: 3 | G11: 0 | H11: 0 | I11: 0 | J11: 0 | K11: 0 | L11: 0 | M11: 105 | N11: 0 | O11: =SUM(C11:L11,N11) -> 20 | P11: =SUM(C11:N11) -> 125 | R11: 0800-0900 | S11: =SUM(C14:C17) -> 38 | T11: =SUM(D14:D17) -> 14 | U11: =SUM(E14:E17) -> 8 | V11: =SUM(F14:F17) -> 27 | W11: =SUM(G14:G17) -> 3 | X11: =SUM(H14:H17) -> 0 | Y11: =SUM(I14:I17) -> 11 | Z11: =SUM(J14:J17) -> 2 | ... AF11: =SUM(P14:P17) -> 447
B12: 07.30 - 07.45 | C12: 5 | D12: 0 | E12: 1 | F12: 4 | G12: 2 | H12: 0 | I12: 2 | J12: 1 | K12: 0 | L12: 0 | M12: 125 | N12: 0 | O12: =SUM(C12:L12,N12) -> 15 | P12: =SUM(C12:N12) -> 140 | R12: 0900-1000 | S12: =SUM(C18:C21) -> 33 | T12: =SUM(D18:D21) -> 34 | U12: =SUM(E18:E21) -> 9 | V12: =SUM(F18:F21) -> 15 | W12: =SUM(G18:G21) -> 3 | X12: =SUM(H18:H21) -> 6 | Y12: =SUM(I18:I21) -> 6 | Z12: =SUM(J18:J21) -> 14 | ... AF12: =SUM(P18:P21) -> 454
B13: 07.45 - 08.00 | C13: 10 | D13: 2 | E13: 4 | F13: 7 | G13: 1 | H13: 0 | I13: 4 | J13: 2 | K13: 1 | L13: 0 | M13: 93 | N13: 0 | O13: =SUM(C13:L13,N13) -> 31 | P13: =SUM(C13:N13) -> 124 | R13: 1000-1100 | S13: =SUM(C22:C25) -> 34 | T13: =SUM(D22:D25) -> 21 | U13: =SUM(E22:E25) -> 10 | V13: =SUM(F22:F25) -> 40 | W13: =SUM(G22:G25) -> 1 | X13: =SUM(H22:H25) -> 0 | Y13: =SUM(I22:I25) -> 34 | Z13: =SUM(J22:J25) -> 6 | ... AF13: =SUM(P22:P25) -> 387
B14: 08.00 - 08.15 | C14: 12 | D14: 1 | E14: 0 | F14: 5 | G14: 1 | H14: 0 | I14: 2 | J14: 0 | K14: 0 | L14: 0 | M14: 105 | N14: 0 | O14: =SUM(C14:L14,N14) -> 21 | P14: =SUM(C14:N14) -> 126 | R14: 1100-1200 | S14: =SUM(C26:C29) -> 32 | T14: =SUM(D26:D29) -> 18 | U14: =SUM(E26:E29) -> 13 | V14: =SUM(F26:F29) -> 33 | W14: =SUM(G26:G29) -> 3 | X14: =SUM(H26:H29) -> 0 | Y14: =SUM(I26:I29) -> 25 | Z14: =SUM(J26:J29) -> 5 | ... AF14: =SUM(P26:P29) -> 378
B15: 08.15 - 08.30 | C15: 8 | D15: 4 | E15: 3 | F15: 8 | G15: 1 | H15: 0 | I15: 1 | J15: 0 | K15: 0 | L15: 0 | M15: 71 | N15: 0 | O15: =SUM(C15:L15,N15) -> 25 | P15: =SUM(C15:N15) -> 96 | R15: 1200-1300 | S15: =SUM(C30:C33) -> 26 | T15: =SUM(D30:D33) -> 28 | U15: =SUM(E30:E33) -> 15 | V15: =SUM(F30:F33) -> 25 | W15: =SUM(G30:G33) -> 1 | X15: =SUM(H30:H33) -> 6 | Y15: =SUM(I30:I33) -> 20 | Z15: =SUM(J30:J33) -> 6 | ... AF15: =SUM(P30:P33) -> 320
B16: 08.30 - 08.45 | C16: 13 | D16: 3 | E16: 3 | F16: 6 | G16: 0 | H16: 0 | I16: 2 | J16: 2 | K16: 1 | L16: 0 | M16: 84 | N16: 0 | O16: =SUM(C16:L16,N16) -> 30 | P16: =SUM(C16:N16) -> 114 | R16: 1300-1400 | S16: =SUM(C34:C37) -> 35 | T16: =SUM(D34:D37) -> 34 | U16: =SUM(E34:E37) -> 18 | V16: =SUM(F34:F37) -> 24 | W16: =SUM(G34:G37) -> 9 | X16: =SUM(H34:H37) -> 0 | Y16: =SUM(I34:I37) -> 31 | Z16: =SUM(J34:J37) -> 13 | ... AF16: =SUM(P34:P37) -> 368
B17: 08.45 - 9.00 | C17: 5 | D17: 6 | E17: 2 | F17: 8 | G17: 1 | H17: 0 | I17: 6 | J17: 0 | K17: 1 | L17: 0 | M17: 82 | N17: 0 | O17: =SUM(C17:L17,N17) -> 29 | P17: =SUM(C17:N17) -> 111 | R17: 1400-1500 | S17: =SUM(C38:C41) -> 31 | T17: =SUM(D38:D41) -> 28 | U17: =SUM(E38:E41) -> 18 | V17: =SUM(F38:F41) -> 36 | W17: =SUM(G38:G41) -> 0 | X17: =SUM(H38:H41) -> 0 | Y17: =SUM(I38:I41) -> 38 | Z17: =SUM(J38:J41) -> 11 | ... AF17: =SUM(P38:P41) -> 341
B18: 09.00 - 09.15 | C18: 7 | D18: 12 | E18: 1 | F18: 8 | G18: 0 | H18: 0 | I18: 0 | J18: 1 | K18: 1 | L18: 0 | M18: 91 | N18: 0 | O18: =SUM(C18:L18,N18) -> 30 | P18: =SUM(C18:N18) -> 121 | R18: 1500-1600 | S18: =SUM(C42:C45) -> 28 | T18: =SUM(D42:D45) -> 34 | U18: =SUM(E42:E45) -> 15 | V18: =SUM(F42:F45) -> 29 | W18: =SUM(G42:G45) -> 3 | X18: =SUM(H42:H45) -> 0 | Y18: =SUM(I42:I45) -> 22 | Z18: =SUM(J42:J45) -> 11 | ... AF18: =SUM(P42:P45) -> 436
B19: 09.15 - 09.30 | C19: 10 | D19: 8 | E19: 1 | F19: 5 | G19: 2 | H19: 0 | I19: 3 | J19: 4 | K19: 1 | L19: 0 | M19: 83 | N19: 0 | O19: =SUM(C19:L19,N19) -> 34 | P19: =SUM(C19:N19) -> 117 | R19: 1600-1700 | S19: =SUM(C46:C49) -> 55 | T19: =SUM(D46:D49) -> 44 | U19: =SUM(E46:E49) -> 29 | V19: =SUM(F46:F49) -> 51 | W19: =SUM(G46:G49) -> 6 | X19: =SUM(H46:H49) -> 0 | Y19: =SUM(I46:I49) -> 21 | Z19: =SUM(J46:J49) -> 13 | ... AF19: =SUM(P46:P49) -> 483
B20: 09.30 - 09.45 | C20: 8 | D20: 6 | E20: 4 | F20: 1 | G20: 0 | H20: 3 | I20: 3 | J20: 1 | K20: 0 | L20: 76 | M20: 0 | N20: 0 | O20: =SUM(C20:L20,N20) -> 102 | P20: =SUM(C20:N20) -> 102 | R20: 1700-1800 | S20: =SUM(C50:C53) -> 47 | T20: =SUM(D50:D53) -> 66 | U20: =SUM(E50:E53) -> 31 | V20: =SUM(F50:F53) -> 39 | W20: =SUM(G50:G53) -> 6 | X20: =SUM(H50:H53) -> 2 | Y20: =SUM(I50:I53) -> 21 | Z20: =SUM(J50:J53) -> 20 | ... AF20: =SUM(P50:P53) -> 541
B21: 09.45 - 10.00 | C21: 8 | D21: 8 | E21: 3 | F21: 1 | G21: 1 | H21: 3 | I21: 0 | J21: 8 | K21: 0 | L21: 0 | M21: 82 | N21: 0 | O21: =SUM(C21:L21,N21) -> 32 | P21: =SUM(C21:N21) -> 114 | R21: 1800-1900 | S21: =SUM(C54:C57) -> 54 | T21: =SUM(D54:D57) -> 64 | U21: =SUM(E54:E57) -> 29 | V21: =SUM(F54:F57) -> 41 | W21: =SUM(G54:G57) -> 0 | X21: =SUM(H54:H57) -> 0 | Y21: =SUM(I54:I57) -> 23 | Z21: =SUM(J54:J57) -> 17 | ... AF21: =SUM(P54:P57) -> 473
B22: 10.00 - 10.15 | C22: 5 | D22: 3 | E22: 2 | F22: 17 | G22: 0 | H22: 0 | I22: 8 | J22: 0 | K22: 1 | L22: 0 | M22: 66 | N22: 0 | O22: =SUM(C22:L22,N22) -> 36 | P22: =SUM(C22:N22) -> 102 | R22: 1900-2000 | S22: =SUM(C58:C61) -> 34 | T22: =SUM(D58:D61) -> 37 | U22: =SUM(E58:E61) -> 20 | V22: =SUM(F58:F61) -> 29 | W22: =SUM(G58:G61) -> 1 | X22: =SUM(H58:H61) -> 0 | Y22: =SUM(I58:I61) -> 15 | Z22: =SUM(J58:J61) -> 14 | ... AF22: =SUM(P58:P61) -> 412
B23: 10.15 - 10.30 | C23: 14 | D23: 6 | E23: 2 | F23: 10 | G23: 0 | H23: 0 | I23: 11 | J23: 2 | K23: 0 | L23: 0 | M23: 61 | N23: 0 | O23: =SUM(C23:L23,N23) -> 45 | P23: =SUM(C23:N23) -> 106 | R23: 2000-2100 | S23: =SUM(C62:C65) -> 38 | T23: =SUM(D62:D65) -> 21 | U23: =SUM(E62:E65) -> 17 | V23: =SUM(F62:F65) -> 24 | W23: =SUM(G62:G65) -> 2 | X23: =SUM(H62:H65) -> 0 | Y23: =SUM(I62:I65) -> 17 | Z23: =SUM(J62:J65) -> 10 | ... AF23: =SUM(P62:P65) -> 364
B24: 10.30 - 10.45 | C24: 7 | D24: 7 | E24: 3 | F24: 5 | G24: 1 | H24: 0 | I24: 9 | J24: 0 | K24: 1 | L24: 0 | M24: 56 | N24: 0 | O24: =SUM(C24:L24,N24) -> 33 | P24: =SUM(C24:N24) -> 89 | R24: 2100-2200 | S24: =SUM(C66:C69) -> 21 | T24: =SUM(D66:D69) -> 14 | U24: =SUM(E66:E69) -> 16 | V24: =SUM(F66:F69) -> 19 | W24: =SUM(G66:G69) -> 1 | X24: =SUM(H66:H69) -> 0 | Y24: =SUM(I66:I69) -> 9 | Z24: =SUM(J66:J69) -> 10 | ... AF24: =SUM(P66:P69) -> 231
B25: 10.45 - 11.00 | C25: 8 | D25: 5 | E25: 3 | F25: 8 | G25: 0 | H25: 0 | I25: 6 | J25: 4 | K25: 0 | L25: 0 | M25: 56 | N25: 0 | O25: =SUM(C25:L25,N25) -> 34 | P25: =SUM(C25:N25) -> 90 | R25: 2200-2300 | S25: =SUM(C70:C73) -> 11 | T25: =SUM(D70:D73) -> 16 | U25: =SUM(E70:E73) -> 5 | V25: =SUM(F70:F73) -> 13 | W25: =SUM(G70:G73) -> 0 | X25: =SUM(H70:H73) -> 0 | Y25: =SUM(I70:I73) -> 12 | Z25: =SUM(J70:J73) -> 10 | ... AF25: =SUM(P70:P73) -> 189
B26: 11.00 - 11.15 | C26: 8 | D26: 3 | E26: 5 | F26: 7 | G26: 1 | H26: 0 | I26: 6 | J26: 1 | K26: 1 | L26: 1 | M26: 64 | N26: 1 | O26: =SUM(C26:L26,N26) -> 34 | P26: =SUM(C26:N26) -> 98 | R26: 2300-0000 | S26: =SUM(C74:C77) -> 15 | T26: =SUM(D74:D77) -> 10 | U26: =SUM(E74:E77) -> 5 | V26: =SUM(F74:F77) -> 8 | W26: =SUM(G74:G77) -> 2 | X26: =SUM(H74:H77) -> 0 | Y26: =SUM(I74:I77) -> 4 | Z26: =SUM(J74:J77) -> 2 | ... AF26: =SUM(P74:P77) -> 142
B27: 11.15 - 11.30 | C27: 14 | D27: 7 | E27: 3 | F27: 12 | G27: 2 | H27: 0 | I27: 7 | J27: 2 | K27: 0 | L27: 1 | M27: 51 | N27: 0 | O27: =SUM(C27:L27,N27) -> 48 | P27: =SUM(C27:N27) -> 99 | R27: 0000-0100 | S27: =SUM(C78:C81) -> 2 | T27: =SUM(D78:D81) -> 6 | U27: =SUM(E78:E81) -> 2 | V27: =SUM(F78:F81) -> 5 | W27: =SUM(G78:G81) -> 0 | X27: =SUM(H78:H81) -> 0 | Y27: =SUM(I78:I81) -> 1 | Z27: =SUM(J78:J81) -> 2 | ... AF27: =SUM(P78:P81) -> 64
B28: 11.30 - 11.45 | C28: 5 | D28: 8 | E28: 2 | F28: 7 | G28: 0 | H28: 0 | I28: 6 | J28: 1 | K28: 1 | L28: 0 | M28: 68 | N28: 0 | O28: =SUM(C28:L28,N28) -> 30 | P28: =SUM(C28:N28) -> 98 | R28: 0100-0200 | S28: =SUM(C82:C85) -> 2 | T28: =SUM(D82:D85) -> 4 | U28: =SUM(E82:E85) -> 2 | V28: =SUM(F82:F85) -> 2 | W28: =SUM(G82:G85) -> 0 | X28: =SUM(H82:H85) -> 0 | Y28: =SUM(I82:I85) -> 1 | Z28: =SUM(J82:J85) -> 1 | ... AF28: =SUM(P82:P85) -> 30
B29: 11.45 - 12.00 | C29: 5 | D29: 0 | E29: 3 | F29: 7 | G29: 0 | H29: 0 | I29: 6 | J29: 1 | K29: 2 | L29: 1 | M29: 58 | N29: 0 | O29: =SUM(C29:L29,N29) -> 25 | P29: =SUM(C29:N29) -> 83 | R29: 0200-0300 | S29: =SUM(C86:C89) -> 1 | T29: =SUM(D86:D89) -> 1 | U29: =SUM(E86:E89) -> 2 | V29: =SUM(F86:F89) -> 3 | W29: =SUM(G86:G89) -> 0 | X29: =SUM(H86:H89) -> 0 | Y29: =SUM(I86:I89) -> 1 | Z29: =SUM(J86:J89) -> 3 | ... AF29: =SUM(P86:P89) -> 29
B30: 12.00 - 12.15 | C30: 7 | D30: 11 | E30: 5 | F30: 5 | G30: 0 | H30: 6 | I30: 2 | J30: 2 | K30: 0 | L30: 46 | M30: 0 | N30: 0 | O30: =SUM(C30:L30,N30) -> 84 | P30: =SUM(C30:N30) -> 84 | R30: 0300-0400 | S30: =SUM(C90:C93) -> 4 | T30: =SUM(D90:D93) -> 0 | U30: =SUM(E90:E93) -> 0 | V30: =SUM(F90:F93) -> 4 | W30: =SUM(G90:G93) -> 0 | X30: =SUM(H90:H93) -> 0 | Y30: =SUM(I90:I93) -> 2 | Z30: =SUM(J90:J93) -> 0 | ... AF30: =SUM(P90:P93) -> 24
B31: 12.15 - 12.30 | C31: 3 | D31: 5 | E31: 2 | F31: 7 | G31: 0 | H31: 0 | I31: 4 | J31: 0 | K31: 0 | L31: 0 | M31: 53 | N31: 0 | O31: =SUM(C31:L31,N31) -> 21 | P31: =SUM(C31:N31) -> 74 | R31: 0400-0500 | S31: =SUM(C94:C97) -> 2 | T31: =SUM(D94:D97) -> 0 | U31: =SUM(E94:E97) -> 0 | V31: =SUM(F94:F97) -> 8 | W31: =SUM(G94:G97) -> 0 | X31: =SUM(H94:H97) -> 0 | Y31: =SUM(I94:I97) -> 1 | Z31: =SUM(J94:J97) -> 0 | ... AF31: =SUM(P94:P97) -> 30
B32: 12.30 - 12.45 | C32: 9 | D32: 6 | E32: 4 | F32: 7 | G32: 0 | H32: 0 | I32: 6 | J32: 2 | K32: 2 | L32: 0 | M32: 52 | N32: 0 | O32: =SUM(C32:L32,N32) -> 36 | P32: =SUM(C32:N32) -> 88 | R32: 0500-0600 | S32: =SUM(C98:C101) -> 4 | T32: =SUM(D98:D101) -> 6 | U32: =SUM(E98:E101) -> 5 | V32: =SUM(F98:F101) -> 21 | W32: =SUM(G98:G101) -> 0 | X32: =SUM(H98:H101) -> 0 | Y32: =SUM(I98:I101) -> 3 | Z32: =SUM(J98:J101) -> 1 | ... AF32: =SUM(P98:P101) -> 91
B33: 12.45 - 13.00 | C33: 7 | D33: 6 | E33: 4 | F33: 6 | G33: 1 | H33: 0 | I33: 8 | J33: 2 | K33: 1 | L33: 0 | M33: 39 | N33: 0 | O33: =SUM(C33:L33,N33) -> 35 | P33: =SUM(C33:N33) -> 74 | R33: 0600-0700 | S33: =SUM(C102:C105) -> 14 | T33: =SUM(D102:D105) -> 8 | U33: =SUM(E102:E105) -> 6 | V33: =SUM(F102:F105) -> 33 | W33: =SUM(G102:G105) -> 1 | X33: =SUM(H102:H105) -> 0 | Y33: =SUM(I102:I105) -> 3 | Z33: =SUM(J102:J105) -> 6 | ... AF33: =SUM(P102:P105) -> 239
B34: 13.00 - 13.15 | C34: 8 | D34: 3 | E34: 3 | F34: 4 | G34: 2 | H34: 0 | I34: 6 | J34: 1 | K34: 0 | L34: 0 | M34: 56 | N34: 0 | O34: =SUM(C34:L34,N34) -> 27 | P34: =SUM(C34:N34) -> 83 | R34: AM Peak Hr | S34: =MAX(S10:S12) -> 38 | T34: =MAX(T10:T12) -> 34 | U34: =MAX(U10:U12) -> 9 | V34: =MAX(V10:V12) -> 27 | W34: =MAX(W10:W12) -> 4 | X34: =MAX(X10:X12) -> 6 | Y34: =MAX(Y10:Y12) -> 11 | Z34: =MAX(Z10:Z12) -> 14 | ... AF34: =MAX(AF10:AF12) -> 523
B35: 13.15 - 13.30 | C35: 6 | D35: 17 | E35: 5 | F35: 7 | G35: 3 | H35: 0 | I35: 7 | J35: 5 | K35: 0 | L35: 0 | M35: 44 | N35: 0 | O35: =SUM(C35:L35,N35) -> 50 | P35: =SUM(C35:N35) -> 94 | R35: IP Peak Hr | S35: =MAX(S13:S18) -> 35 | T35: =MAX(T13:T18) -> 34 | U35: =MAX(U13:U18) -> 18 | V35: =MAX(V13:V18) -> 40 | W35: =MAX(W13:W18) -> 9 | X35: =MAX(X13:X18) -> 6 | Y35: =MAX(Y13:Y18) -> 38 | Z35: =MAX(Z13:Z18) -> 13 | ... AF35: =MAX(AF13:AF18) -> 436
B36: 13.30 - 13.45 | C36: 13 | D36: 10 | E36: 9 | F36: 10 | G36: 1 | H36: 0 | I36: 9 | J36: 5 | K36: 1 | L36: 1 | M36: 52 | N36: 0 | O36: =SUM(C36:L36,N36) -> 59 | P36: =SUM(C36:N36) -> 111 | R36: PM Peak Hr | S36: =MAX(S19:S21) -> 55 | T36: =MAX(T19:T21) -> 66 | U36: =MAX(U19:U21) -> 31 | V36: =MAX(V19:V21) -> 51 | W36: =MAX(W19:W21) -> 6 | X36: =MAX(X19:X21) -> 2 | Y36: =MAX(Y19:Y21) -> 23 | Z36: =MAX(Z19:Z21) -> 20 | ... AF36: =MAX(AF19:AF21) -> 541
B37: 13.45 - 14.00 | C37: 8 | D37: 4 | E37: 1 | F37: 3 | G37: 3 | H37: 0 | I37: 9 | J37: 2 | K37: 1 | L37: 0 | M37: 49 | N37: 0 | O37: =SUM(C37:L37,N37) -> 31 | P37: =SUM(C37:N37) -> 80 | R37: AM Period | S37: =SUM(S10:S12) -> 104 | T37: =SUM(T10:T12) -> 53 | U37: =SUM(U10:U12) -> 26 | V37: =SUM(V10:V12) -> 66 | W37: =SUM(W10:W12) -> 10 | X37: =SUM(X10:X12) -> 6 | Y37: =SUM(Y10:Y12) -> 25 | Z37: =SUM(Z10:Z12) -> 20 | ... AF37: =SUM(AF10:AF12) -> 1424
B38: 14.00 - 14.15 | C38: 11 | D38: 10 | E38: 7 | F38: 11 | G38: 0 | H38: 0 | I38: 12 | J38: 0 | K38: 2 | L38: 0 | M38: 35 | N38: 0 | O38: =SUM(C38:L38,N38) -> 53 | P38: =SUM(C38:N38) -> 88 | R38: IP Period | S38: =SUM(S13:S18) -> 186 | T38: =SUM(T13:T18) -> 163 | U38: =SUM(U13:U18) -> 89 | V38: =SUM(V13:V18) -> 187 | W38: =SUM(W13:W18) -> 17 | X38: =SUM(X13:X18) -> 6 | Y38: =SUM(Y13:Y18) -> 170 | Z38: =SUM(Z13:Z18) -> 52 | ... AF38: =SUM(AF13:AF18) -> 2230
B39: 14.15 - 14.30 | C39: 12 | D39: 6 | E39: 6 | F39: 9 | G39: 0 | H39: 0 | I39: 11 | J39: 5 | K39: 2 | L39: 0 | M39: 28 | N39: 0 | O39: =SUM(C39:L39,N39) -> 51 | P39: =SUM(C39:N39) -> 79 | R39: PM Period | S39: =SUM(S19:S21) -> 156 | T39: =SUM(T19:T21) -> 174 | U39: =SUM(U19:U21) -> 89 | V39: =SUM(V19:V21) -> 131 | W39: =SUM(W19:W21) -> 12 | X39: =SUM(X19:X21) -> 2 | Y39: =SUM(Y19:Y21) -> 65 | Z39: =SUM(Z19:Z21) -> 50 | ... AF39: =SUM(AF19:AF21) -> 1497
B40: 14.30 - 14.45 | C40: 3 | D40: 6 | E40: 3 | F40: 7 | G40: 0 | H40: 0 | I40: 10 | J40: 2 | K40: 0 | L40: 1 | M40: 51 | N40: 0 | O40: =SUM(C40:L40,N40) -> 32 | P40: =SUM(C40:N40) -> 83 | R40: 12 Hours | S40: =SUM(S10:S21) -> 446 | T40: =SUM(T10:T21) -> 390 | U40: =SUM(U10:U21) -> 204 | V40: =SUM(V10:V21) -> 384 | W40: =SUM(W10:W21) -> 39 | X40: =SUM(X10:X21) -> 14 | Y40: =SUM(Y10:Y21) -> 260 | Z40: =SUM(Z10:Z21) -> 122 | ... AF40: =SUM(AF10:AF21) -> 5151
B41: 14.45 - 15.00 | C41: 5 | D41: 6 | E41: 2 | F41: 9 | G41: 0 | H41: 0 | I41: 5 | J41: 4 | K41: 1 | L41: 0 | M41: 59 | N41: 0 | O41: =SUM(C41:L41,N41) -> 32 | P41: =SUM(C41:N41) -> 91 | R41: 24 Hrs/ADT | S41: =SUM(S10:S33) -> 594 | T41: =SUM(T10:T33) -> 513 | U41: =SUM(U10:U33) -> 284 | V41: =SUM(V10:V33) -> 553 | W41: =SUM(W10:W33) -> 46 | X41: =SUM(X10:X33) -> 14 | Y41: =SUM(Y10:Y33) -> 329 | Z41: =SUM(Z10:Z33) -> 181 | ... AF41: =SUM(AF10:AF33) -> 6996
B42: 15.00 - 15.15 | C42: 7 | D42: 7 | E42: 8 | F42: 5 | G42: 1 | H42: 0 | I42: 2 | J42: 1 | K42: 0 | L42: 0 | M42: 51 | N42: 0 | O42: =SUM(C42:L42,N42) -> 31 | P42: =SUM(C42:N42) -> 82 | R42: NEF | S42: =S41/S40 -> 1.3318386 | T42: =T41/T40 -> 1.3153846 | U42: =U41/U40 -> 1.3921569 | V42: =V41/V40 -> 1.4401042 | W42: =W41/W40 -> 1.1794872 | X42: =X41/X40 -> 1 | Y42: =Y41/Y40 -> 1.2653846 | Z42: =Z41/Z40 -> 1.4836066 | ... AF42: =AF41/AF40 -> 1.3581829
B43: 15.15 - 15.30 | C43: 5 | D43: 4 | E43: 4 | F43: 7 | G43: 1 | H43: 0 | I43: 6 | J43: 3 | K43: 0 | L43: 0 | M43: 82 | N43: 0 | O43: =SUM(C43:L43,N43) -> 30 | P43: =SUM(C43:N43) -> 112
B44: 15.30 - 15.45 | C44: 5 | D44: 11 | E44: 0 | F44: 9 | G44: 1 | H44: 0 | I44: 9 | J44: 5 | K44: 2 | L44: 0 | M44: 74 | N44: 0 | O44: =SUM(C44:L44,N44) -> 42 | P44: =SUM(C44:N44) -> 116
B45: 15.45 - 16.00 | C45: 11 | D45: 12 | E45: 3 | F45: 8 | G45: 0 | H45: 0 | I45: 5 | J45: 2 | K45: 0 | L45: 0 | M45: 85 | N45: 0 | O45: =SUM(C45:L45,N45) -> 41 | P45: =SUM(C45:N45) -> 126
B46: 16.00 - 16.15 | C46: 12 | D46: 8 | E46: 3 | F46: 14 | G46: 1 | H46: 0 | I46: 4 | J46: 7 | K46: 2 | L46: 1 | M46: 49 | N46: 0 | O46: =SUM(C46:L46,N46) -> 52 | P46: =SUM(C46:N46) -> 101
B47: 16.15 -16.30 | C47: 19 | D47: 16 | E47: 14 | F47: 20 | G47: 1 | H47: 0 | I47: 5 | J47: 3 | K47: 0 | L47: 0 | M47: 62 | N47: 0 | O47: =SUM(C47:L47,N47) -> 78 | P47: =SUM(C47:N47) -> 140
B48: 16.30 -16.45 | C48: 10 | D48: 7 | E48: 7 | F48: 9 | G48: 0 | H48: 0 | I48: 3 | J48: 0 | K48: 0 | L48: 0 | M48: 73 | N48: 0 | O48: =SUM(C48:L48,N48) -> 36 | P48: =SUM(C48:N48) -> 109
B49: 16.45 -17.00 | C49: 14 | D49: 13 | E49: 5 | F49: 8 | G49: 4 | H49: 0 | I49: 9 | J49: 3 | K49: 0 | L49: 1 | M49: 76 | N49: 0 | O49: =SUM(C49:L49,N49) -> 57 | P49: =SUM(C49:N49) -> 133
B50: 17.00 -17.15 | C50: 9 | D50: 13 | E50: 7 | F50: 14 | G50: 0 | H50: 0 | I50: 3 | J50: 11 | K50: 1 | L50: 0 | M50: 96 | N50: 0 | O50: =SUM(C50:L50,N50) -> 58 | P50: =SUM(C50:N50) -> 154
B51: 17.15 -17.30 | C51: 14 | D51: 14 | E51: 8 | F51: 6 | G51: 0 | H51: 0 | I51: 6 | J51: 4 | K51: 2 | L51: 0 | M51: 74 | N51: 0 | O51: =SUM(C51:L51,N51) -> 54 | P51: =SUM(C51:N51) -> 128
B52: 17.30 -17.45 | C52: 6 | D52: 22 | E52: 7 | F52: 5 | G52: 4 | H52: 0 | I52: 5 | J52: 3 | K52: 2 | L52: 1 | M52: 82 | N52: 0 | O52: =SUM(C52:L52,N52) -> 55 | P52: =SUM(C52:N52) -> 137
B53: 17.45 -18.00 | C53: 18 | D53: 17 | E53: 9 | F53: 14 | G53: 2 | H53: 2 | I53: 7 | J53: 2 | K53: 1 | L53: 0 | M53: 50 | N53: 0 | O53: =SUM(C53:L53,N53) -> 72 | P53: =SUM(C53:N53) -> 122
B54: 18.00 - 18.15 | C54: 8 | D54: 11 | E54: 8 | F54: 12 | G54: 0 | H54: 0 | I54: 5 | J54: 5 | K54: 1 | L54: 0 | M54: 49 | N54: 0 | O54: =SUM(C54:L54,N54) -> 50 | P54: =SUM(C54:N54) -> 99
... B105: 06.45 - 07.00 | C105: 4 | D105: 2 | E105: 4 | F105: 8 | G105: 1 | H105: 0 | I105: 2 | J105: 3 | K105: 0 | L105: 0 | M105: 48 | N105: 0 | O105: =SUM(C105:L105,N105) -> 24 | P105: =SUM(C105:N105) -> 72
B106: Totals | C106: =SUM(C10:C105) -> 594 | D106: =SUM(D10:D105) -> 513 | E106: =SUM(E10:E105) -> 284 | F106: =SUM(F10:F105) -> 553 | G106: =SUM(G10:G105) -> 46 | H106: =SUM(H10:H105) -> 14 | I106: =SUM(I10:I105) -> 329 | J106: =SUM(J10:J105) -> 181 | ... P106: =SUM(P10:P105) -> 6996
B107: %ges + MCs | C107: =C106/$P$106 -> 0.08490566 | D107: =D106/$P$106 -> 0.073327616 | E107: =E106/$P$106 -> 0.040594626 | F107: =F106/$P$106 -> 0.079045169 | G107: =G106/$P$106 -> 0.0065751858 | H107: =H106/$P$106 -> 0.0020011435 | I107: =I106/$P$106 -> 0.047026872 | J107: =J106/$P$106 -> 0.025871927 | ... N107: =N106/$P$106 -> 0.00014293882
B108: %ges w/o MCs | C108: =C106/$O$106 -> 0.21983716 | D108: =D106/$O$106 -> 0.18985936 | E108: =E106/$O$106 -> 0.10510733 | F108: =F106/$O$106 -> 0.20466321 | G108: =G106/$O$106 -> 0.017024426 | H108: =H106/$O$106 -> 0.0051813472 | I108: =I106/$O$106 -> 0.12176166 | J108: =J106/$O$106 -> 0.066987417 | ... L108: =L106/$O$106 -> 0.050333087 | N108: =N106/$O$106 -> 0.00037009623

Sheet 2.11 MUKONO-KATOSI 24hr
B1: Consultancy services for Preparation of Expressway Development Master Plan (EDMP) for Uganda
B2: MANUAL CLASSIFIED COUNT (MCC)
B3: ROAD NAME: | C3: ='29.10-MUKONO-KATOSI'!C3:G3 -> MCC - C2 - STN077 - KATOSI ROAD
C5: Date | D5: ='2.11 KATOSI-MUKONO 24hr'!D5 -> 2.11.2019 | F5: Location | G5: ='2.11 KATOSI-MUKONO 24hr'!G5:H5 -> SHELL PETROL STATION | J5: Surveyor | K5: ='2.11 KATOSI-MUKONO 24hr'!K5:L5 -> KATUMBA JOHN
C6: Dir. From | D6: MUKONO | F6: Dir. To | G6: HR | J6: Supervisor | K6: ='2.11 KATOSI-MUKONO 24hr'!K6:L6 -> VICTOR M
B8: Time / Veh Type | R8: SUMMARY TRAFFIC VOLUMES
C9: 1. Car | D9: 2. Station Wagon | E9: 3. Pickups | F9: 4. Minibus, matatu | G9: 5. Medium bus | H9: 6. Large Bus | I9: 7. Light Truck | J9: 8. Medium Truck | K9: 9. Heavy truck | L9: 10. Truck Trailer | M9: 11. Motor cycles | N9: 12. Tractors | O9: Total Excl M/Cycles | P9: Total All | R9: Time | S9: 1. Car | T9: 2. Station Wagon | U9: 3. Pickups | V9: 4. Minibus, matatu | W9: 5. Medium bus | X9: 6. Large Bus | Y9: 7. Light Truck | Z9: 8. Medium Truck | AA9: 9. Heavy truck | AB9: 10. Truck Trailer | AC9: 11. Motorcycles | AD9: 12. Tractors, Graders | AE9: Total Excl M/ Cycles | AF9: Total All
B10: 07.00 - 07.15 | C10: 4 | D10: 0 | E10: 0 | F10: 3 | G10: 0 | H10: 0 | I10: 3 | J10: 1 | K10: 0 | L10: 1 | M10: 20 | N10: 0 | O10: =SUM(C10:L10,N10) -> 12 | P10: =SUM(C10:N10) -> 32 | R10: 0700-0800 | S10: =SUM(C10:C13) -> 52 | T10: =SUM(D10:D13) -> 6 | U10: =SUM(E10:E13) -> 5 | V10: =SUM(F10:F13) -> 18 | W10: =SUM(G10:G13) -> 1 | X10: =SUM(H10:H13) -> 0 | Y10: =SUM(I10:I13) -> 14 | Z10: =SUM(J10:J13) -> 4 | ... AF10: =SUM(P10:P13) -> 370
B11: 07.15 - 07.30 | C11: 10 | D11: 1 | E11: 0 | F11: 5 | G11: 1 | H11: 0 | I11: 3 | J11: 2 | K11: 1 | L11: 0 | M11: 75 | N11: 0 | O11: =SUM(C11:L11,N11) -> 23 | P11: =SUM(C11:N11) -> 98 | R11: 0800-0900 | S11: =SUM(C14:C17) -> 57 | T11: =SUM(D14:D17) -> 9 | U11: =SUM(E14:E17) -> 12 | V11: =SUM(F14:F17) -> 32 | W11: =SUM(G14:G17) -> 3 | X11: =SUM(H14:H17) -> 0 | Y11: =SUM(I14:I17) -> 33 | Z11: =SUM(J14:J17) -> 3 | ... AF11: =SUM(P14:P17) -> 483
B12: 07.30 - 07.45 | C12: 16 | D12: 2 | E12: 2 | F12: 7 | G12: 0 | H12: 0 | I12: 7 | J12: 1 | K12: 0 | L12: 0 | M12: 98 | N12: 0 | O12: =SUM(C12:L12,N12) -> 35 | P12: =SUM(C12:N12) -> 133 | R12: 0900-1000 | S12: =SUM(C18:C21) -> 52 | T12: =SUM(D18:D21) -> 8 | U12: =SUM(E18:E21) -> 17 | V12: =SUM(F18:F21) -> 22 | W12: =SUM(G18:G21) -> 1 | X12: =SUM(H18:H21) -> 0 | Y12: =SUM(I18:I21) -> 32 | Z12: =SUM(J18:J21) -> 8 | ... AF12: =SUM(P18:P21) -> 412
B13: 07.45 - 08.00 | C13: 22 | D13: 3 | E13: 3 | F13: 3 | G13: 0 | H13: 0 | I13: 1 | J13: 0 | K13: 0 | L13: 0 | M13: 75 | N13: 0 | O13: =SUM(C13:L13,N13) -> 32 | P13: =SUM(C13:N13) -> 107 | R13: 1000-1100 | S13: =SUM(C22:C25) -> 73 | T13: =SUM(D22:D25) -> 14 | U13: =SUM(E22:E25) -> 24 | V13: =SUM(F22:F25) -> 27 | W13: =SUM(G22:G25) -> 0 | X13: =SUM(H22:H25) -> 0 | Y13: =SUM(I22:I25) -> 37 | Z13: =SUM(J22:J25) -> 5 | ... AF13: =SUM(P22:P25) -> 488
B14: 08.00 - 08.15 | C14: 15 | D14: 3 | E14: 2 | F14: 9 | G14: 1 | H14: 0 | I14: 14 | J14: 0 | K14: 0 | L14: 0 | M14: 59 | N14: 0 | O14: =SUM(C14:L14,N14) -> 44 | P14: =SUM(C14:N14) -> 103 | R14: 1100-1200 | S14: =SUM(C26:C29) -> 115 | T14: =SUM(D26:D29) -> 11 | U14: =SUM(E26:E29) -> 24 | V14: =SUM(F26:F29) -> 31 | W14: =SUM(G26:G29) -> 0 | X14: =SUM(H26:H29) -> 0 | Y14: =SUM(I26:I29) -> 40 | Z14: =SUM(J26:J29) -> 7 | ... AF14: =SUM(P26:P29) -> 533
B15: 08.15 - 08.30 | C15: 14 | D15: 3 | E15: 4 | F15: 6 | G15: 0 | H15: 0 | I15: 7 | J15: 2 | K15: 1 | L15: 1 | M15: 80 | N15: 0 | O15: =SUM(C15:L15,N15) -> 38 | P15: =SUM(C15:N15) -> 118 | R15: 1200-1300 | S15: =SUM(C30:C33) -> 94 | T15: =SUM(D30:D33) -> 14 | U15: =SUM(E30:E33) -> 17 | V15: =SUM(F30:F33) -> 34 | W15: =SUM(G30:G33) -> 1 | X15: =SUM(H30:H33) -> 0 | Y15: =SUM(I30:I33) -> 20 | Z15: =SUM(J30:J33) -> 4 | ... AF15: =SUM(P30:P33) -> 429
B16: 08.30 - 08.45 | C16: 16 | D16: 1 | E16: 4 | F16: 9 | G16: 1 | H16: 0 | I16: 5 | J16: 0 | K16: 0 | L16: 0 | M16: 88 | N16: 0 | O16: =SUM(C16:L16,N16) -> 36 | P16: =SUM(C16:N16) -> 124 | R16: 1300-1400 | S16: =SUM(C34:C37) -> 89 | T16: =SUM(D34:D37) -> 15 | U16: =SUM(E34:E37) -> 23 | V16: =SUM(F34:F37) -> 28 | W16: =SUM(G34:G37) -> 0 | X16: =SUM(H34:H37) -> 0 | Y16: =SUM(I34:I37) -> 23 | Z16: =SUM(J34:J37) -> 1 | ... AF16: =SUM(P34:P37) -> 449
B17: 08.45 - 9.00 | C17: 12 | D17: 2 | E17: 2 | F17: 8 | G17: 1 | H17: 0 | I17: 7 | J17: 1 | K17: 2 | L17: 1 | M17: 102 | N17: 0 | O17: =SUM(C17:L17,N17) -> 36 | P17: =SUM(C17:N17) -> 138 | R17: 1400-1500 | S17: =SUM(C38:C41) -> 88 | T17: =SUM(D38:D41) -> 18 | U17: =SUM(E38:E41) -> 21 | V17: =SUM(F38:F41) -> 19 | W17: =SUM(G38:G41) -> 0 | X17: =SUM(H38:H41) -> 0 | Y17: =SUM(I38:I41) -> 30 | Z17: =SUM(J38:J41) -> 3 | ... AF17: =SUM(P38:P41) -> 366
B18: 09.00 - 09.15 | C18: 14 | D18: 3 | E18: 6 | F18: 4 | G18: 0 | H18: 0 | I18: 7 | J18: 1 | K18: 1 | L18: 0 | M18: 77 | N18: 0 | O18: =SUM(C18:L18,N18) -> 36 | P18: =SUM(C18:N18) -> 113 | R18: 1500-1600 | S18: =SUM(C42:C45) -> 77 | T18: =SUM(D42:D45) -> 8 | U18: =SUM(E42:E45) -> 16 | V18: =SUM(F42:F45) -> 29 | W18: =SUM(G42:G45) -> 2 | X18: =SUM(H42:H45) -> 0 | Y18: =SUM(I42:I45) -> 26 | Z18: =SUM(J42:J45) -> 0 | ... AF18: =SUM(P42:P45) -> 447
B19: 09.15 - 09.30 | C19: 24 | D19: 2 | E19: 5 | F19: 7 | G19: 0 | H19: 0 | I19: 6 | J19: 3 | K19: 0 | L19: 1 | M19: 88 | N19: 0 | O19: =SUM(C19:L19,N19) -> 48 | P19: =SUM(C19:N19) -> 136 | R19: 1600-1700 | S19: =SUM(C46:C49) -> 86 | T19: =SUM(D46:D49) -> 15 | U19: =SUM(E46:E49) -> 17 | V19: =SUM(F46:F49) -> 25 | W19: =SUM(G46:G49) -> 1 | X19: =SUM(H46:H49) -> 0 | Y19: =SUM(I46:I49) -> 23 | Z19: =SUM(J46:J49) -> 3 | ... AF19: =SUM(P46:P49) -> 527
B20: 09.30 - 09.45 | C20: 6 | D20: 2 | E20: 6 | F20: 5 | G20: 0 | H20: 0 | I20: 7 | J20: 3 | K20: 1 | L20: 0 | M20: 36 | N20: 0 | O20: =SUM(C20:L20,N20) -> 30 | P20: =SUM(C20:N20) -> 66 | R20: 1700-1800 | S20: =SUM(C50:C53) -> 77 | T20: =SUM(D50:D53) -> 5 | U20: =SUM(E50:E53) -> 13 | V20: =SUM(F50:F53) -> 26 | W20: =SUM(G50:G53) -> 1 | X20: =SUM(H50:H53) -> 0 | Y20: =SUM(I50:I53) -> 27 | Z20: =SUM(J50:J53) -> 7 | ... AF20: =SUM(P50:P53) -> 439
B21: 09.45 - 10.00 | C21: 8 | D21: 1 | E21: 0 | F21: 6 | G21: 1 | H21: 0 | I21: 12 | J21: 1 | K21: 0 | L21: 0 | M21: 68 | N21: 0 | O21: =SUM(C21:L21,N21) -> 29 | P21: =SUM(C21:N21) -> 97 | R21: 1800-1900 | S21: =SUM(C54:C57) -> 58 | T21: =SUM(D54:D57) -> 6 | U21: =SUM(E54:E57) -> 3 | V21: =SUM(F54:F57) -> 25 | W21: =SUM(G54:G57) -> 2 | X21: =SUM(H54:H57) -> 0 | Y21: =SUM(I54:I57) -> 19 | Z21: =SUM(J54:J57) -> 6 | ... AF21: =SUM(P54:P57) -> 332
B22: 10.00 - 10.15 | C22: 22 | D22: 1 | E22: 4 | F22: 8 | G22: 0 | H22: 0 | I22: 13 | J22: 1 | K22: 2 | L22: 1 | M22: 80 | N22: 0 | O22: =SUM(C22:L22,N22) -> 52 | P22: =SUM(C22:N22) -> 132 | R22: 1900-2000 | S22: =SUM(C58:C61) -> 35 | T22: =SUM(D58:D61) -> 23 | U22: =SUM(E58:E61) -> 14 | V22: =SUM(F58:F61) -> 23 | W22: =SUM(G58:G61) -> 2 | X22: =SUM(H58:H61) -> 0 | Y22: =SUM(I58:I61) -> 16 | Z22: =SUM(J58:J61) -> 3 | ... AF22: =SUM(P58:P61) -> 452
B23: 10.15 - 10.30 | C23: 18 | D23: 4 | E23: 6 | F23: 4 | G23: 0 | H23: 0 | I23: 10 | J23: 3 | K23: 1 | L23: 1 | M23: 90 | N23: 0 | O23: =SUM(C23:L23,N23) -> 47 | P23: =SUM(C23:N23) -> 137 | R23: 2000-2100 | S23: =SUM(C62:C65) -> 54 | T23: =SUM(D62:D65) -> 12 | U23: =SUM(E62:E65) -> 13 | V23: =SUM(F62:F65) -> 28 | W23: =SUM(G62:G65) -> 0 | X23: =SUM(H62:H65) -> 0 | Y23: =SUM(I62:I65) -> 14 | Z23: =SUM(J62:J65) -> 5 | ... AF23: =SUM(P62:P65) -> 521
B24: 10.30 - 10.45 | C24: 17 | D24: 6 | E24: 5 | F24: 7 | G24: 0 | H24: 0 | I24: 6 | J24: 1 | K24: 0 | L24: 0 | M24: 64 | N24: 0 | O24: =SUM(C24:L24,N24) -> 42 | P24: =SUM(C24:N24) -> 106 | R24: 2100-2200 | S24: =SUM(C66:C69) -> 44 | T24: =SUM(D66:D69) -> 9 | U24: =SUM(E66:E69) -> 7 | V24: =SUM(F66:F69) -> 30 | W24: =SUM(G66:G69) -> 2 | X24: =SUM(H66:H69) -> 0 | Y24: =SUM(I66:I69) -> 5 | Z24: =SUM(J66:J69) -> 3 | ... AF24: =SUM(P66:P69) -> 484
B25: 10.45 - 11.00 | C25: 16 | D25: 3 | E25: 9 | F25: 8 | G25: 0 | H25: 0 | I25: 8 | J25: 0 | K25: 0 | L25: 1 | M25: 68 | N25: 0 | O25: =SUM(C25:L25,N25) -> 45 | P25: =SUM(C25:N25) -> 113 | R25: 2200-2300 | S25: =SUM(C70:C73) -> 24 | T25: =SUM(D70:D73) -> 8 | U25: =SUM(E70:E73) -> 5 | V25: =SUM(F70:F73) -> 16 | W25: =SUM(G70:G73) -> 1 | X25: =SUM(H70:H73) -> 1 | Y25: =SUM(I70:I73) -> 8 | Z25: =SUM(J70:J73) -> 1 | ... AF25: =SUM(P70:P73) -> 302
B26: 11.00 - 11.15 | C26: 26 | D26: 4 | E26: 9 | F26: 7 | G26: 0 | H26: 0 | I26: 13 | J26: 1 | K26: 0 | L26: 0 | M26: 79 | N26: 0 | O26: =SUM(C26:L26,N26) -> 60 | P26: =SUM(C26:N26) -> 139 | R26: 2300-0000 | S26: =SUM(C74:C77) -> 38 | T26: =SUM(D74:D77) -> 7 | U26: =SUM(E74:E77) -> 7 | V26: =SUM(F74:F77) -> 22 | W26: =SUM(G74:G77) -> 0 | X26: =SUM(H74:H77) -> 0 | Y26: =SUM(I74:I77) -> 7 | Z26: =SUM(J74:J77) -> 3 | ... AF26: =SUM(P74:P77) -> 264
B27: 11.15 - 11.30 | C27: 34 | D27: 2 | E27: 8 | F27: 9 | G27: 0 | H27: 0 | I27: 6 | J27: 2 | K27: 0 | L27: 0 | M27: 85 | N27: 0 | O27: =SUM(C27:L27,N27) -> 61 | P27: =SUM(C27:N27) -> 146 | R27: 0000-0100 | S27: =SUM(C78:C81) -> 19 | T27: =SUM(D78:D81) -> 6 | U27: =SUM(E78:E81) -> 3 | V27: =SUM(F78:F81) -> 14 | W27: =SUM(G78:G81) -> 0 | X27: =SUM(H78:H81) -> 0 | Y27: =SUM(I78:I81) -> 7 | Z27: =SUM(J78:J81) -> 4 | ... AF27: =SUM(P78:P81) -> 118
B28: 11.30 - 11.45 | C28: 30 | D28: 1 | E28: 5 | F28: 10 | G28: 0 | H28: 0 | I28: 11 | J28: 1 | K28: 0 | L28: 0 | M28: 60 | N28: 0 | O28: =SUM(C28:L28,N28) -> 58 | P28: =SUM(C28:N28) -> 118 | R28: 0100-0200 | S28: =SUM(C82:C85) -> 27 | T28: =SUM(D82:D85) -> 1 | U28: =SUM(E82:E85) -> 4 | V28: =SUM(F82:F85) -> 2 | W28: =SUM(G82:G85) -> 0 | X28: =SUM(H82:H85) -> 0 | Y28: =SUM(I82:I85) -> 4 | Z28: =SUM(J82:J85) -> 1 | ... AF28: =SUM(P82:P85) -> 84
B29: 11.45 - 12.00 | C29: 25 | D29: 4 | E29: 2 | F29: 5 | G29: 0 | H29: 0 | I29: 10 | J29: 3 | K29: 1 | L29: 0 | M29: 80 | N29: 0 | O29: =SUM(C29:L29,N29) -> 50 | P29: =SUM(C29:N29) -> 130 | R29: 0200-0300 | S29: =SUM(C86:C89) -> 4 | T29: =SUM(D86:D89) -> 3 | U29: =SUM(E86:E89) -> 1 | V29: =SUM(F86:F89) -> 4 | W29: =SUM(G86:G89) -> 0 | X29: =SUM(H86:H89) -> 0 | Y29: =SUM(I86:I89) -> 2 | Z29: =SUM(J86:J89) -> 0 | ... AF29: =SUM(P86:P89) -> 36
B30: 12.00 - 12.15 | C30: 24 | D30: 4 | E30: 7 | F30: 10 | G30: 1 | H30: 0 | I30: 4 | J30: 1 | K30: 1 | L30: 0 | M30: 45 | N30: 0 | O30: =SUM(C30:L30,N30) -> 52 | P30: =SUM(C30:N30) -> 97 | R30: 0300-0400 | S30: =SUM(C90:C93) -> 1 | T30: =SUM(D90:D93) -> 2 | U30: =SUM(E90:E93) -> 0 | V30: =SUM(F90:F93) -> 1 | W30: =SUM(G90:G93) -> 0 | X30: =SUM(H90:H93) -> 0 | Y30: =SUM(I90:I93) -> 2 | Z30: =SUM(J90:J93) -> 0 | ... AF30: =SUM(P90:P93) -> 21
B31: 12.15 - 12.30 | C31: 23 | D31: 4 | E31: 3 | F31: 5 | G31: 0 | H31: 0 | I31: 7 | J31: 1 | K31: 0 | L31: 1 | M31: 60 | N31: 0 | O31: =SUM(C31:L31,N31) -> 44 | P31: =SUM(C31:N31) -> 104 | R31: 0400-0500 | S31: =SUM(C94:C97) -> 7 | T31: =SUM(D94:D97) -> 1 | U31: =SUM(E94:E97) -> 1 | V31: =SUM(F94:F97) -> 7 | W31: =SUM(G94:G97) -> 0 | X31: =SUM(H94:H97) -> 0 | Y31: =SUM(I94:I97) -> 1 | Z31: =SUM(J94:J97) -> 0 | ... AF31: =SUM(P94:P97) -> 45
B32: 12.30 - 12.45 | C32: 21 | D32: 3 | E32: 3 | F32: 8 | G32: 0 | H32: 0 | I32: 6 | J32: 1 | K32: 1 | L32: 2 | M32: 60 | N32: 0 | O32: =SUM(C32:L32,N32) -> 45 | P32: =SUM(C32:N32) -> 105 | R32: 0500-0600 | S32: =SUM(C98:C101) -> 4 | T32: =SUM(D98:D101) -> 0 | U32: =SUM(E98:E101) -> 2 | V32: =SUM(F98:F101) -> 20 | W32: =SUM(G98:G101) -> 0 | X32: =SUM(H98:H101) -> 0 | Y32: =SUM(I98:I101) -> 6 | Z32: =SUM(J98:J101) -> 4 | ... AF32: =SUM(P98:P101) -> 87
B33: 12.45 - 13.00 | C33: 26 | D33: 3 | E33: 4 | F33: 11 | G33: 0 | H33: 0 | I33: 3 | J33: 1 | K33: 0 | L33: 0 | M33: 75 | N33: 0 | O33: =SUM(C33:L33,N33) -> 48 | P33: =SUM(C33:N33) -> 123 | R33: 0600-0700 | S33: =SUM(C102:C105) -> 15 | T33: =SUM(D102:D105) -> 10 | U33: =SUM(E102:E105) -> 1 | V33: =SUM(F102:F105) -> 17 | W33: =SUM(G102:G105) -> 0 | X33: =SUM(H102:H105) -> 0 | Y33: =SUM(I102:I105) -> 10 | Z33: =SUM(J102:J105) -> 2 | ... AF33: =SUM(P102:P105) -> 176
B34: 13.00 - 13.15 | C34: 19 | D34: 3 | E34: 10 | F34: 10 | G34: 0 | H34: 0 | I34: 7 | J34: 0 | K34: 0 | L34: 2 | M34: 50 | N34: 0 | O34: =SUM(C34:L34,N34) -> 51 | P34: =SUM(C34:N34) -> 101 | R34: AM Peak Hr | S34: =MAX(S10:S12) -> 57 | T34: =MAX(T10:T12) -> 9 | U34: =MAX(U10:U12) -> 17 | V34: =MAX(V10:V12) -> 32 | W34: =MAX(W10:W12) -> 3 | X34: =MAX(X10:X12) -> 0 | Y34: =MAX(Y10:Y12) -> 33 | Z34: =MAX(Z10:Z12) -> 8 | ... AF34: =MAX(AF10:AF12) -> 483
B35: 13.15 - 13.30 | C35: 25 | D35: 4 | E35: 4 | F35: 5 | G35: 0 | H35: 0 | I35: 5 | J35: 0 | K35: 0 | L35: 0 | M35: 78 | N35: 0 | O35: =SUM(C35:L35,N35) -> 43 | P35: =SUM(C35:N35) -> 121 | R35: IP Peak Hr | S35: =MAX(S13:S18) -> 115 | T35: =MAX(T13:T18) -> 18 | U35: =MAX(U13:U18) -> 24 | V35: =MAX(V13:V18) -> 34 | W35: =MAX(W13:W18) -> 2 | X35: =MAX(X13:X18) -> 0 | Y35: =MAX(Y13:Y18) -> 40 | Z35: =MAX(Z13:Z18) -> 7 | ... AF35: =MAX(AF13:AF18) -> 533
B36: 13.30 - 13.45 | C36: 21 | D36: 4 | E36: 3 | F36: 6 | G36: 0 | H36: 0 | I36: 5 | J36: 1 | K36: 0 | L36: 0 | M36: 60 | N36: 0 | O36: =SUM(C36:L36,N36) -> 40 | P36: =SUM(C36:N36) -> 100 | R36: PM Peak Hr | S36: =MAX(S19:S21) -> 86 | T36: =MAX(T19:T21) -> 15 | U36: =MAX(U19:U21) -> 17 | V36: =MAX(V19:V21) -> 26 | W36: =MAX(W19:W21) -> 2 | X36: =MAX(X19:X21) -> 0 | Y36: =MAX(Y19:Y21) -> 27 | Z36: =MAX(Z19:Z21) -> 7 | ... AF36: =MAX(AF19:AF21) -> 527
B37: 13.45 - 14.00 | C37: 24 | D37: 4 | E37: 6 | F37: 7 | G37: 0 | H37: 0 | I37: 6 | J37: 0 | K37: 1 | L37: 0 | M37: 79 | N37: 0 | O37: =SUM(C37:L37,N37) -> 48 | P37: =SUM(C37:N37) -> 127 | R37: AM Period | S37: =SUM(S10:S12) -> 161 | T37: =SUM(T10:T12) -> 23 | U37: =SUM(U10:U12) -> 34 | V37: =SUM(V10:V12) -> 72 | W37: =SUM(W10:W12) -> 5 | X37: =SUM(X10:X12) -> 0 | Y37: =SUM(Y10:Y12) -> 79 | Z37: =SUM(Z10:Z12) -> 15 | ... AF37: =SUM(AF10:AF12) -> 1265
B38: 14.00 - 14.15 | C38: 18 | D38: 5 | E38: 7 | F38: 6 | G38: 0 | H38: 0 | I38: 12 | J38: 1 | K38: 1 | L38: 1 | M38: 38 | N38: 0 | O38: =SUM(C38:L38,N38) -> 51 | P38: =SUM(C38:N38) -> 89 | R38: IP Period | S38: =SUM(S13:S18) -> 536 | T38: =SUM(T13:T18) -> 80 | U38: =SUM(U13:U18) -> 125 | V38: =SUM(V13:V18) -> 168 | W38: =SUM(W13:W18) -> 3 | X38: =SUM(X13:X18) -> 0 | Y38: =SUM(Y13:Y18) -> 176 | Z38: =SUM(Z13:Z18) -> 20 | ... AF38: =SUM(AF13:AF18) -> 2712
B39: 14.15 - 14.30 | C39: 20 | D39: 3 | E39: 4 | F39: 2 | G39: 0 | H39: 0 | I39: 9 | J39: 1 | K39: 2 | L39: 2 | M39: 15 | N39: 0 | O39: =SUM(C39:L39,N39) -> 43 | P39: =SUM(C39:N39) -> 58 | R39: PM Period | S39: =SUM(S19:S21) -> 221 | T39: =SUM(T19:T21) -> 26 | U39: =SUM(U19:U21) -> 33 | V39: =SUM(V19:V21) -> 76 | W39: =SUM(W19:W21) -> 4 | X39: =SUM(X19:X21) -> 0 | Y39: =SUM(Y19:Y21) -> 69 | Z39: =SUM(Z19:Z21) -> 16 | ... AF39: =SUM(AF19:AF21) -> 1298
B40: 14.30 - 14.45 | C40: 25 | D40: 3 | E40: 5 | F40: 6 | G40: 0 | H40: 0 | I40: 8 | J40: 0 | K40: 0 | L40: 0 | M40: 56 | N40: 0 | O40: =SUM(C40:L40,N40) -> 47 | P40: =SUM(C40:N40) -> 103 | R40: 12 Hours | S40: =SUM(S10:S21) -> 918 | T40: =SUM(T10:T21) -> 129 | U40: =SUM(U10:U21) -> 192 | V40: =SUM(V10:V21) -> 316 | W40: =SUM(W10:W21) -> 12 | X40: =SUM(X10:X21) -> 0 | Y40: =SUM(Y10:Y21) -> 324 | Z40: =SUM(Z10:Z21) -> 51 | ... AF40: =SUM(AF10:AF21) -> 5275
B41: 14.45 - 15.00 | C41: 25 | D41: 7 | E41: 5 | F41: 5 | G41: 0 | H41: 0 | I41: 1 | J41: 1 | K41: 1 | L41: 0 | M41: 71 | N41: 0 | O41: =SUM(C41:L41,N41) -> 45 | P41: =SUM(C41:N41) -> 116 | R41: 24 Hrs/ADT | S41: =SUM(S10:S33) -> 1190 | T41: =SUM(T10:T33) -> 211 | U41: =SUM(U10:U33) -> 250 | V41: =SUM(V10:V33) -> 500 | W41: =SUM(W10:W33) -> 17 | X41: =SUM(X10:X33) -> 1 | Y41: =SUM(Y10:Y33) -> 406 | Z41: =SUM(Z10:Z33) -> 77 | ... AF41: =SUM(AF10:AF33) -> 7865
B42: 15.00 - 15.15 | C42: 24 | D42: 4 | E42: 7 | F42: 6 | G42: 0 | H42: 0 | I42: 3 | J42: 0 | K42: 1 | L42: 0 | M42: 65 | N42: 0 | O42: =SUM(C42:L42,N42) -> 45 | P42: =SUM(C42:N42) -> 110 | R42: NEF | S42: =S41/S40 -> 1.2962963 | T42: =T41/T40 -> 1.6356589 | U42: =U41/U40 -> 1.3020833 | V42: =V41/V40 -> 1.5822785 | W42: =W41/W40 -> 1.4166667 | X42: =X41/X40 -> #DIV/0! | Y42: =Y41/Y40 -> 1.2530864 | Z42: =Z41/Z40 -> 1.5098039 | ... AF42: =AF41/AF40 -> 1.4909953
B43: 15.15 - 15.30 | C43: 18 | D43: 1 | E43: 5 | F43: 8 | G43: 1 | H43: 0 | I43: 5 | J43: 0 | K43: 1 | L43: 0 | M43: 83 | N43: 0 | O43: =SUM(C43:L43,N43) -> 39 | P43: =SUM(C43:N43) -> 122
B44: 15.30 - 15.45 | C44: 16 | D44: 1 | E44: 3 | F44: 8 | G44: 1 | H44: 0 | I44: 10 | J44: 0 | K44: 0 | L44: 1 | M44: 72 | N44: 0 | O44: =SUM(C44:L44,N44) -> 40 | P44: =SUM(C44:N44) -> 112
B45: 15.45 - 16.00 | C45: 19 | D45: 2 | E45: 1 | F45: 7 | G45: 0 | H45: 0 | I45: 8 | J45: 0 | K45: 1 | L45: 0 | M45: 65 | N45: 0 | O45: =SUM(C45:L45,N45) -> 38 | P45: =SUM(C45:N45) -> 103
B46: 16.00 - 16.15 | C46: 17 | D46: 2 | E46: 3 | F46: 5 | G46: 0 | H46: 0 | I46: 3 | J46: 1 | K46: 0 | L46: 1 | M46: 95 | N46: 0 | O46: =SUM(C46:L46,N46) -> 32 | P46: =SUM(C46:N46) -> 127
B47: 16.15 -16.30 | C47: 24 | D47: 5 | E47: 7 | F47: 9 | G47: 1 | H47: 0 | I47: 8 | J47: 0 | K47: 0 | L47: 2 | M47: 98 | N47: 0 | O47: =SUM(C47:L47,N47) -> 56 | P47: =SUM(C47:N47) -> 154
B48: 16.30 -16.45 | C48: 25 | D48: 2 | E48: 3 | F48: 4 | G48: 0 | H48: 0 | I48: 6 | J48: 0 | K48: 1 | L48: 1 | M48: 77 | N48: 0 | O48: =SUM(C48:L48,N48) -> 42 | P48: =SUM(C48:N48) -> 119
B49: 16.45 -17.00 | C49: 20 | D49: 6 | E49: 4 | F49: 7 | G49: 0 | H49: 0 | I49: 6 | J49: 2 | K49: 1 | L49: 1 | M49: 80 | N49: 0 | O49: =SUM(C49:L49,N49) -> 47 | P49: =SUM(C49:N49) -> 127
B50: 17.00 -17.15 | C50: 25 | D50: 2 | E50: 6 | F50: 6 | G50: 0 | H50: 0 | I50: 11 | J50: 2 | K50: 0 | L50: 0 | M50: 75 | N50: 0 | O50: =SUM(C50:L50,N50) -> 52 | P50: =SUM(C50:N50) -> 127
B51: 17.15 -17.30 | C51: 16 | D51: 1 | E51: 0 | F51: 9 | G51: 0 | H51: 0 | I51: 8 | J51: 3 | K51: 0 | L51: 0 | M51: 80 | N51: 0 | O51: =SUM(C51:L51,N51) -> 37 | P51: =SUM(C51:N51) -> 117
B52: 17.30 -17.45 | C52: 17 | D52: 1 | E52: 4 | F52: 5 | G52: 0 | H52: 0 | I52: 8 | J52: 0 | K52: 1 | L52: 1 | M52: 60 | N52: 0 | O52: =SUM(C52:L52,N52) -> 37 | P52: =SUM(C52:N52) -> 97
B53: 17.45 -18.00 | C53: 19 | D53: 1 | E53: 3 | F53: 6 | G53: 1 | H53: 0 | I53: 0 | J53: 2 | K53: 0 | L53: 1 | M53: 65 | N53: 0 | O53: =SUM(C53:L53,N53) -> 33 | P53: =SUM(C53:N53) -> 98
B54: 18.00 - 18.15 | C54: 22 | D54: 1 | E54: 3 | F54: 6 | G54: 0 | H54: 0 | I54: 8 | J54: 1 | K54: 0 | L54: 0 | M54: 70 | N54: 0 | O54: =SUM(C54:L54,N54) -> 41 | P54: =SUM(C54:N54) -> 111
... B105: 06.45 - 07.00 | C105: 2 | D105: 3 | E105: 0 | F105: 3 | G105: 0 | H105: 0 | I105: 1 | J105: 1 | K105: 0 | L105: 0 | M105: 41 | N105: 0 | O105: =SUM(C105:L105,N105) -> 10 | P105: =SUM(C105:N105) -> 51
B106: Totals | C106: =SUM(C10:C105) -> 1190 | D106: =SUM(D10:D105) -> 211 | E106: =SUM(E10:E105) -> 250 | F106: =SUM(F10:F105) -> 500 | G106: =SUM(G10:G105) -> 17 | H106: =SUM(H10:H105) -> 1 | I106: =SUM(I10:I105) -> 406 | J106: =SUM(J10:J105) -> 77 | ... P106: =SUM(P10:P105) -> 7865
B107: %ges + MCs | C107: =C106/$P$106 -> 0.15130324 | D107: =D106/$P$106 -> 0.026827718 | E107: =E106/$P$106 -> 0.031786395 | F107: =F106/$P$106 -> 0.063572791 | G107: =G106/$P$106 -> 0.0021614749 | H107: =H106/$P$106 -> 0.00012714558 | I107: =I106/$P$106 -> 0.051621106 | J107: =J106/$P$106 -> 0.0097902098 | ... N107: =N106/$P$106 -> 0
B108: %ges w/o MCs | C108: =C106/$O$106 -> 0.43960103 | D108: =D106/$O$106 -> 0.077946066 | E108: =E106/$O$106 -> 0.092353158 | F108: =F106/$O$106 -> 0.18470632 | G108: =G106/$O$106 -> 0.0062800148 | H108: =H106/$O$106 -> 0.00036941263 | I108: =I106/$O$106 -> 0.14998153 | J108: =J106/$O$106 -> 0.028444773 | ... L108: =L106/$O$106 -> 0.0099741411 | N108: =N106/$O$106 -> 0

Sheet 2.11 KATOSI-MUKONO 24hr
B1: Consultancy services for Preparation of Expressway Development Master Plan (EDMP) for Uganda
B2: MANUAL CLASSIFIED COUNT (MCC)
B3: ROAD NAME: | C3: ='29.10-MUKONO-KATOSI'!C3:G3 -> MCC - C2 - STN077 - KATOSI ROAD
C5: Date | D5: 2.11.2019 | F5: Location | G5: ='1.11 MUKONO-KATOSI 24hr'!G5:H5 -> SHELL PETROL STATION | J5: Surveyor | K5: KATUMBA JOHN
C6: Dir. From | D6: KATOSI | F6: Dir. To | G6: MUKONO | J6: Supervisor | K6: ='1.11 MUKONO-KATOSI 24hr'!K6:L6 -> VICTOR M
B8: Time / Veh Type | R8: SUMMARY TRAFFIC VOLUMES
C9: 1. Car | D9: 2. Station Wagon | E9: 3. Pickups | F9: 4. Minibus, matatu | G9: 5. Medium bus | H9: 6. Large Bus | I9: 7. Light Truck | J9: 8. Medium Truck | K9: 9. Heavy truck | L9: 10. Truck Trailer | M9: 11. Motor cycles | N9: 12. Tractors | O9: Total Excl M/Cycles | P9: Total All | R9: Time | S9: 1. Car | T9: 2. Station Wagon | U9: 3. Pickups | V9: 4. Minibus, matatu | W9: 5. Medium bus | X9: 6. Large Bus | Y9: 7. Light Truck | Z9: 8. Medium Truck | AA9: 9. Heavy truck | AB9: 10. Truck Trailer | AC9: 11. Motorcycles | AD9: 12. Tractors, Graders | AE9: Total Excl M/ Cycles | AF9: Total All
B10: 07.00 - 07.15 | C10: 3 | D10: 6 | E10: 1 | F10: 5 | G10: 0 | H10: 0 | I10: 2 | J10: 0 | K10: 0 | L10: 0 | M10: 60 | N10: 0 | O10: =SUM(C10:L10,N10) -> 17 | P10: =SUM(C10:N10) -> 77 | R10: 0700-0800 | S10: =SUM(C10:C13) -> 18 | T10: =SUM(D10:D13) -> 22 | U10: =SUM(E10:E13) -> 5 | V10: =SUM(F10:F13) -> 28 | W10: =SUM(G10:G13) -> 0 | X10: =SUM(H10:H13) -> 0 | Y10: =SUM(I10:I13) -> 11 | Z10: =SUM(J10:J13) -> 3 | ... AF10: =SUM(P10:P13) -> 386
B11: 07.15 - 07.30 | C11: 6 | D11: 3 | E11: 0 | F11: 8 | G11: 0 | H11: 0 | I11: 1 | J11: 1 | K11: 0 | L11: 0 | M11: 76 | N11: 0 | O11: =SUM(C11:L11,N11) -> 19 | P11: =SUM(C11:N11) -> 95 | R11: 0800-0900 | S11: =SUM(C14:C17) -> 34 | T11: =SUM(D14:D17) -> 22 | U11: =SUM(E14:E17) -> 8 | V11: =SUM(F14:F17) -> 28 | W11: =SUM(G14:G17) -> 4 | X11: =SUM(H14:H17) -> 0 | Y11: =SUM(I14:I17) -> 10 | Z11: =SUM(J14:J17) -> 8 | ... AF11: =SUM(P14:P17) -> 365
B12: 07.30 - 07.45 | C12: 5 | D12: 9 | E12: 1 | F12: 7 | G12: 0 | H12: 0 | I12: 5 | J12: 2 | K12: 0 | L12: 0 | M12: 78 | N12: 0 | O12: =SUM(C12:L12,N12) -> 29 | P12: =SUM(C12:N12) -> 107 | R12: 0900-1000 | S12: =SUM(C18:C21) -> 20 | T12: =SUM(D18:D21) -> 22 | U12: =SUM(E18:E21) -> 9 | V12: =SUM(F18:F21) -> 19 | W12: =SUM(G18:G21) -> 2 | X12: =SUM(H18:H21) -> 1 | Y12: =SUM(I18:I21) -> 11 | Z12: =SUM(J18:J21) -> 13 | ... AF12: =SUM(P18:P21) -> 347
B13: 07.45 - 08.00 | C13: 4 | D13: 4 | E13: 3 | F13: 8 | G13: 0 | H13: 0 | I13: 3 | J13: 0 | K13: 1 | L13: 0 | M13: 84 | N13: 0 | O13: =SUM(C13:L13,N13) -> 23 | P13: =SUM(C13:N13) -> 107 | R13: 1000-1100 | S13: =SUM(C22:C25) -> 29 | T13: =SUM(D22:D25) -> 32 | U13: =SUM(E22:E25) -> 16 | V13: =SUM(F22:F25) -> 20 | W13: =SUM(G22:G25) -> 2 | X13: =SUM(H22:H25) -> 0 | Y13: =SUM(I22:I25) -> 25 | Z13: =SUM(J22:J25) -> 10 | ... AF13: =SUM(P22:P25) -> 353
B14: 08.00 - 08.15 | C14: 7 | D14: 7 | E14: 3 | F14: 6 | G14: 1 | H14: 0 | I14: 2 | J14: 0 | K14: 1 | L14: 0 | M14: 53 | N14: 0 | O14: =SUM(C14:L14,N14) -> 27 | P14: =SUM(C14:N14) -> 80 | R14: 1100-1200 | S14: =SUM(C26:C29) -> 33 | T14: =SUM(D26:D29) -> 37 | U14: =SUM(E26:E29) -> 18 | V14: =SUM(F26:F29) -> 30 | W14: =SUM(G26:G29) -> 1 | X14: =SUM(H26:H29) -> 0 | Y14: =SUM(I26:I29) -> 16 | Z14: =SUM(J26:J29) -> 9 | ... AF14: =SUM(P26:P29) -> 418
B15: 08.15 - 08.30 | C15: 18 | D15: 3 | E15: 1 | F15: 11 | G15: 1 | H15: 0 | I15: 3 | J15: 2 | K15: 2 | L15: 0 | M15: 61 | N15: 0 | O15: =SUM(C15:L15,N15) -> 41 | P15: =SUM(C15:N15) -> 102 | R15: 1200-1300 | S15: =SUM(C30:C33) -> 29 | T15: =SUM(D30:D33) -> 32 | U15: =SUM(E30:E33) -> 18 | V15: =SUM(F30:F33) -> 19 | W15: =SUM(G30:G33) -> 0 | X15: =SUM(H30:H33) -> 0 | Y15: =SUM(I30:I33) -> 19 | Z15: =SUM(J30:J33) -> 9 | ... AF15: =SUM(P30:P33) -> 298
B16: 08.30 - 08.45 | C16: 6 | D16: 4 | E16: 1 | F16: 7 | G16: 1 | H16: 0 | I16: 3 | J16: 4 | K16: 0 | L16: 0 | M16: 66 | N16: 0 | O16: =SUM(C16:L16,N16) -> 26 | P16: =SUM(C16:N16) -> 92 | R16: 1300-1400 | S16: =SUM(C34:C37) -> 25 | T16: =SUM(D34:D37) -> 41 | U16: =SUM(E34:E37) -> 7 | V16: =SUM(F34:F37) -> 24 | W16: =SUM(G34:G37) -> 1 | X16: =SUM(H34:H37) -> 0 | Y16: =SUM(I34:I37) -> 28 | Z16: =SUM(J34:J37) -> 8 | ... AF16: =SUM(P34:P37) -> 356
B17: 08.45 - 9.00 | C17: 3 | D17: 8 | E17: 3 | F17: 4 | G17: 1 | H17: 0 | I17: 2 | J17: 2 | K17: 0 | L17: 1 | M17: 67 | N17: 0 | O17: =SUM(C17:L17,N17) -> 24 | P17: =SUM(C17:N17) -> 91 | R17: 1400-1500 | S17: =SUM(C38:C41) -> 36 | T17: =SUM(D38:D41) -> 39 | U17: =SUM(E38:E41) -> 15 | V17: =SUM(F38:F41) -> 26 | W17: =SUM(G38:G41) -> 0 | X17: =SUM(H38:H41) -> 1 | Y17: =SUM(I38:I41) -> 12 | Z17: =SUM(J38:J41) -> 12 | ... AF17: =SUM(P38:P41) -> 205
B18: 09.00 - 09.15 | C18: 5 | D18: 6 | E18: 4 | F18: 6 | G18: 1 | H18: 0 | I18: 2 | J18: 1 | K18: 0 | L18: 0 | M18: 82 | N18: 0 | O18: =SUM(C18:L18,N18) -> 25 | P18: =SUM(C18:N18) -> 107 | R18: 1500-1600 | S18: =SUM(C42:C45) -> 42 | T18: =SUM(D42:D45) -> 67 | U18: =SUM(E42:E45) -> 22 | V18: =SUM(F42:F45) -> 27 | W18: =SUM(G42:G45) -> 0 | X18: =SUM(H42:H45) -> 0 | Y18: =SUM(I42:I45) -> 21 | Z18: =SUM(J42:J45) -> 8 | ... AF18: =SUM(P42:P45) -> 410
B19: 09.15 - 09.30 | C19: 8 | D19: 4 | E19: 3 | F19: 4 | G19: 0 | H19: 0 | I19: 4 | J19: 5 | K19: 2 | L19: 0 | M19: 60 | N19: 0 | O19: =SUM(C19:L19,N19) -> 30 | P19: =SUM(C19:N19) -> 90 | R19: 1600-1700 | S19: =SUM(C46:C49) -> 31 | T19: =SUM(D46:D49) -> 40 | U19: =SUM(E46:E49) -> 23 | V19: =SUM(F46:F49) -> 23 | W19: =SUM(G46:G49) -> 1 | X19: =SUM(H46:H49) -> 0 | Y19: =SUM(I46:I49) -> 15 | Z19: =SUM(J46:J49) -> 10 | ... AF19: =SUM(P46:P49) -> 346
B20: 09.30 - 09.45 | C20: 6 | D20: 8 | E20: 1 | F20: 5 | G20: 1 | H20: 0 | I20: 4 | J20: 6 | K20: 1 | L20: 0 | M20: 54 | N20: 0 | O20: =SUM(C20:L20,N20) -> 32 | P20: =SUM(C20:N20) -> 86 | R20: 1700-1800 | S20: =SUM(C50:C53) -> 30 | T20: =SUM(D50:D53) -> 64 | U20: =SUM(E50:E53) -> 20 | V20: =SUM(F50:F53) -> 78 | W20: =SUM(G50:G53) -> 2 | X20: =SUM(H50:H53) -> 0 | Y20: =SUM(I50:I53) -> 19 | Z20: =SUM(J50:J53) -> 7 | ... AF20: =SUM(P50:P53) -> 481
B21: 09.45 - 10.00 | C21: 1 | D21: 4 | E21: 1 | F21: 4 | G21: 0 | H21: 1 | I21: 1 | J21: 1 | K21: 0 | L21: 0 | M21: 51 | N21: 0 | O21: =SUM(C21:L21,N21) -> 13 | P21: =SUM(C21:N21) -> 64 | R21: 1800-1900 | S21: =SUM(C54:C57) -> 38 | T21: =SUM(D54:D57) -> 18 | U21: =SUM(E54:E57) -> 19 | V21: =SUM(F54:F57) -> 27 | W21: =SUM(G54:G57) -> 1 | X21: =SUM(H54:H57) -> 0 | Y21: =SUM(I54:I57) -> 17 | Z21: =SUM(J54:J57) -> 4 | ... AF21: =SUM(P54:P57) -> 301
B22: 10.00 - 10.15 | C22: 6 | D22: 9 | E22: 2 | F22: 8 | G22: 1 | H22: 0 | I22: 7 | J22: 0 | K22: 2 | L22: 0 | M22: 51 | N22: 0 | O22: =SUM(C22:L22,N22) -> 35 | P22: =SUM(C22:N22) -> 86 | R22: 1900-2000 | S22: =SUM(C58:C61) -> 98 | T22: =SUM(D58:D61) -> 47 | U22: =SUM(E58:E61) -> 14 | V22: =SUM(F58:F61) -> 14 | W22: =SUM(G58:G61) -> 2 | X22: =SUM(H58:H61) -> 0 | Y22: =SUM(I58:I61) -> 26 | Z22: =SUM(J58:J61) -> 3 | ... AF22: =SUM(P58:P61) -> 541
B23: 10.15 - 10.30 | C23: 10 | D23: 8 | E23: 3 | F23: 6 | G23: 0 | H23: 0 | I23: 6 | J23: 5 | K23: 0 | L23: 0 | M23: 66 | N23: 0 | O23: =SUM(C23:L23,N23) -> 38 | P23: =SUM(C23:N23) -> 104 | R23: 2000-2100 | S23: =SUM(C62:C65) -> 100 | T23: =SUM(D62:D65) -> 53 | U23: =SUM(E62:E65) -> 13 | V23: =SUM(F62:F65) -> 28 | W23: =SUM(G62:G65) -> 2 | X23: =SUM(H62:H65) -> 0 | Y23: =SUM(I62:I65) -> 32 | Z23: =SUM(J62:J65) -> 1 | ... AF23: =SUM(P62:P65) -> 526
B24: 10.30 - 10.45 | C24: 10 | D24: 8 | E24: 5 | F24: 4 | G24: 1 | H24: 0 | I24: 8 | J24: 2 | K24: 1 | L24: 0 | M24: 58 | N24: 0 | O24: =SUM(C24:L24,N24) -> 39 | P24: =SUM(C24:N24) -> 97 | R24: 2100-2200 | S24: =SUM(C66:C69) -> 48 | T24: =SUM(D66:D69) -> 38 | U24: =SUM(E66:E69) -> 11 | V24: =SUM(F66:F69) -> 22 | W24: =SUM(G66:G69) -> 2 | X24: =SUM(H66:H69) -> 0 | Y24: =SUM(I66:I69) -> 13 | Z24: =SUM(J66:J69) -> 11 | ... AF24: =SUM(P66:P69) -> 498
B25: 10.45 - 11.00 | C25: 3 | D25: 7 | E25: 6 | F25: 2 | G25: 0 | H25: 0 | I25: 4 | J25: 3 | K25: 1 | L25: 2 | M25: 38 | N25: 0 | O25: =SUM(C25:L25,N25) -> 28 | P25: =SUM(C25:N25) -> 66 | R25: 2200-2300 | S25: =SUM(C70:C73) -> 15 | T25: =SUM(D70:D73) -> 8 | U25: =SUM(E70:E73) -> 3 | V25: =SUM(F70:F73) -> 13 | W25: =SUM(G70:G73) -> 1 | X25: =SUM(H70:H73) -> 0 | Y25: =SUM(I70:I73) -> 5 | Z25: =SUM(J70:J73) -> 2 | ... AF25: =SUM(P70:P73) -> 179
B26: 11.00 - 11.15 | C26: 8 | D26: 8 | E26: 3 | F26: 7 | G26: 0 | H26: 0 | I26: 6 | J26: 1 | K26: 1 | L26: 1 | M26: 51 | N26: 0 | O26: =SUM(C26:L26,N26) -> 35 | P26: =SUM(C26:N26) -> 86 | R26: 2300-0000 | S26: =SUM(C74:C77) -> 12 | T26: =SUM(D74:D77) -> 16 | U26: =SUM(E74:E77) -> 3 | V26: =SUM(F74:F77) -> 27 | W26: =SUM(G74:G77) -> 1 | X26: =SUM(H74:H77) -> 0 | Y26: =SUM(I74:I77) -> 3 | Z26: =SUM(J74:J77) -> 0 | ... AF26: =SUM(P74:P77) -> 192
B27: 11.15 - 11.30 | C27: 11 | D27: 12 | E27: 3 | F27: 8 | G27: 1 | H27: 0 | I27: 3 | J27: 3 | K27: 1 | L27: 0 | M27: 85 | N27: 0 | O27: =SUM(C27:L27,N27) -> 42 | P27: =SUM(C27:N27) -> 127 | R27: 0000-0100 | S27: =SUM(C78:C81) -> 0 | T27: =SUM(D78:D81) -> 6 | U27: =SUM(E78:E81) -> 1 | V27: =SUM(F78:F81) -> 10 | W27: =SUM(G78:G81) -> 0 | X27: =SUM(H78:H81) -> 0 | Y27: =SUM(I78:I81) -> 4 | Z27: =SUM(J78:J81) -> 0 | ... AF27: =SUM(P78:P81) -> 61
B28: 11.30 - 11.45 | C28: 8 | D28: 8 | E28: 4 | F28: 6 | G28: 0 | H28: 0 | I28: 4 | J28: 4 | K28: 0 | L28: 0 | M28: 64 | N28: 0 | O28: =SUM(C28:L28,N28) -> 34 | P28: =SUM(C28:N28) -> 98 | R28: 0100-0200 | S28: =SUM(C82:C85) -> 1 | T28: =SUM(D82:D85) -> 0 | U28: =SUM(E82:E85) -> 0 | V28: =SUM(F82:F85) -> 0 | W28: =SUM(G82:G85) -> 0 | X28: =SUM(H82:H85) -> 0 | Y28: =SUM(I82:I85) -> 1 | Z28: =SUM(J82:J85) -> 0 | ... AF28: =SUM(P82:P85) -> 24
B29: 11.45 - 12.00 | C29: 6 | D29: 9 | E29: 8 | F29: 9 | G29: 0 | H29: 0 | I29: 3 | J29: 1 | K29: 0 | L29: 0 | M29: 71 | N29: 0 | O29: =SUM(C29:L29,N29) -> 36 | P29: =SUM(C29:N29) -> 107 | R29: 0200-0300 | S29: =SUM(C86:C89) -> 2 | T29: =SUM(D86:D89) -> 0 | U29: =SUM(E86:E89) -> 0 | V29: =SUM(F86:F89) -> 1 | W29: =SUM(G86:G89) -> 0 | X29: =SUM(H86:H89) -> 0 | Y29: =SUM(I86:I89) -> 0 | Z29: =SUM(J86:J89) -> 0 | ... AF29: =SUM(P86:P89) -> 24
B30: 12.00 - 12.15 | C30: 5 | D30: 14 | E30: 4 | F30: 6 | G30: 0 | H30: 0 | I30: 8 | J30: 0 | K30: 0 | L30: 1 | M30: 35 | N30: 0 | O30: =SUM(C30:L30,N30) -> 38 | P30: =SUM(C30:N30) -> 73 | R30: 0300-0400 | S30: =SUM(C90:C93) -> 4 | T30: =SUM(D90:D93) -> 0 | U30: =SUM(E90:E93) -> 0 | V30: =SUM(F90:F93) -> 1 | W30: =SUM(G90:G93) -> 0 | X30: =SUM(H90:H93) -> 0 | Y30: =SUM(I90:I93) -> 0 | Z30: =SUM(J90:J93) -> 0 | ... AF30: =SUM(P90:P93) -> 25
B31: 12.15 - 12.30 | C31: 7 | D31: 7 | E31: 3 | F31: 5 | G31: 0 | H31: 0 | I31: 1 | J31: 3 | K31: 3 | L31: 0 | M31: 31 | N31: 0 | O31: =SUM(C31:L31,N31) -> 29 | P31: =SUM(C31:N31) -> 60 | R31: 0400-0500 | S31: =SUM(C94:C97) -> 10 | T31: =SUM(D94:D97) -> 0 | U31: =SUM(E94:E97) -> 1 | V31: =SUM(F94:F97) -> 21 | W31: =SUM(G94:G97) -> 0 | X31: =SUM(H94:H97) -> 0 | Y31: =SUM(I94:I97) -> 5 | Z31: =SUM(J94:J97) -> 0 | ... AF31: =SUM(P94:P97) -> 71
B32: 12.30 - 12.45 | C32: 10 | D32: 6 | E32: 5 | F32: 4 | G32: 0 | H32: 0 | I32: 4 | J32: 1 | K32: 0 | L32: 0 | M32: 55 | N32: 0 | O32: =SUM(C32:L32,N32) -> 30 | P32: =SUM(C32:N32) -> 85 | R32: 0500-0600 | S32: =SUM(C98:C101) -> 13 | T32: =SUM(D98:D101) -> 8 | U32: =SUM(E98:E101) -> 3 | V32: =SUM(F98:F101) -> 32 | W32: =SUM(G98:G101) -> 3 | X32: =SUM(H98:H101) -> 0 | Y32: =SUM(I98:I101) -> 10 | Z32: =SUM(J98:J101) -> 0 | ... AF32: =SUM(P98:P101) -> 172
B33: 12.45 - 13.00 | C33: 7 | D33: 5 | E33: 6 | F33: 4 | G33: 0 | H33: 0 | I33: 6 | J33: 5 | K33: 3 | L33: 1 | M33: 43 | N33: 0 | O33: =SUM(C33:L33,N33) -> 37 | P33: =SUM(C33:N33) -> 80 | R33: 0600-0700 | S33: =SUM(C102:C105) -> 13 | T33: =SUM(D102:D105) -> 5 | U33: =SUM(E102:E105) -> 1 | V33: =SUM(F102:F105) -> 27 | W33: =SUM(G102:G105) -> 15 | X33: =SUM(H102:H105) -> 0 | Y33: =SUM(I102:I105) -> 4 | Z33: =SUM(J102:J105) -> 0 | ... AF33: =SUM(P102:P105) -> 193
B34: 13.00 - 13.15 | C34: 6 | D34: 8 | E34: 0 | F34: 5 | G34: 1 | H34: 0 | I34: 6 | J34: 1 | K34: 3 | L34: 1 | M34: 58 | N34: 0 | O34: =SUM(C34:L34,N34) -> 31 | P34: =SUM(C34:N34) -> 89 | R34: AM Peak Hr | S34: =MAX(S10:S12) -> 34 | T34: =MAX(T10:T12) -> 22 | U34: =MAX(U10:U12) -> 9 | V34: =MAX(V10:V12) -> 28 | W34: =MAX(W10:W12) -> 4 | X34: =MAX(X10:X12) -> 1 | Y34: =MAX(Y10:Y12) -> 11 | Z34: =MAX(Z10:Z12) -> 13 | ... AF34: =MAX(AF10:AF12) -> 386
B35: 13.15 - 13.30 | C35: 12 | D35: 21 | E35: 2 | F35: 9 | G35: 0 | H35: 0 | I35: 7 | J35: 1 | K35: 0 | L35: 0 | M35: 83 | N35: 0 | O35: =SUM(C35:L35,N35) -> 52 | P35: =SUM(C35:N35) -> 135 | R35: IP Peak Hr | S35: =MAX(S13:S18) -> 42 | T35: =MAX(T13:T18) -> 67 | U35: =MAX(U13:U18) -> 22 | V35: =MAX(V13:V18) -> 30 | W35: =MAX(W13:W18) -> 2 | X35: =MAX(X13:X18) -> 1 | Y35: =MAX(Y13:Y18) -> 28 | Z35: =MAX(Z13:Z18) -> 12 | ... AF35: =MAX(AF13:AF18) -> 418
B36: 13.30 - 13.45 | C36: 4 | D36: 10 | E36: 1 | F36: 7 | G36: 0 | H36: 0 | I36: 11 | J36: 3 | K36: 2 | L36: 2 | M36: 62 | N36: 0 | O36: =SUM(C36:L36,N36) -> 40 | P36: =SUM(C36:N36) -> 102 | R36: PM Peak Hr | S36: =MAX(S19:S21) -> 38 | T36: =MAX(T19:T21) -> 64 | U36: =MAX(U19:U21) -> 23 | V36: =MAX(V19:V21) -> 78 | W36: =MAX(W19:W21) -> 2 | X36: =MAX(X19:X21) -> 0 | Y36: =MAX(Y19:Y21) -> 19 | Z36: =MAX(Z19:Z21) -> 10 | ... AF36: =MAX(AF19:AF21) -> 481
B37: 13.45 - 14.00 | C37: 3 | D37: 2 | E37: 4 | F37: 3 | G37: 0 | H37: 0 | I37: 4 | J37: 3 | K37: 1 | L37: 1 | M37: 9 | N37: 0 | O37: =SUM(C37:L37,N37) -> 21 | P37: =SUM(C37:N37) -> 30 | R37: AM Period | S37: =SUM(S10:S12) -> 72 | T37: =SUM(T10:T12) -> 66 | U37: =SUM(U10:U12) -> 22 | V37: =SUM(V10:V12) -> 75 | W37: =SUM(W10:W12) -> 6 | X37: =SUM(X10:X12) -> 1 | Y37: =SUM(Y10:Y12) -> 32 | Z37: =SUM(Z10:Z12) -> 24 | ... AF37: =SUM(AF10:AF12) -> 1098
B38: 14.00 - 14.15 | C38: 7 | D38: 8 | E38: 5 | F38: 7 | G38: 0 | H38: 1 | I38: 5 | J38: 5 | K38: 1 | L38: 0 | M38: 15 | N38: 0 | O38: =SUM(C38:L38,N38) -> 39 | P38: =SUM(C38:N38) -> 54 | R38: IP Period | S38: =SUM(S13:S18) -> 194 | T38: =SUM(T13:T18) -> 248 | U38: =SUM(U13:U18) -> 96 | V38: =SUM(V13:V18) -> 146 | W38: =SUM(W13:W18) -> 4 | X38: =SUM(X13:X18) -> 1 | Y38: =SUM(Y13:Y18) -> 121 | Z38: =SUM(Z13:Z18) -> 56 | ... AF38: =SUM(AF13:AF18) -> 2040
B39: 14.15 - 14.30 | C39: 9 | D39: 11 | E39: 2 | F39: 8 | G39: 0 | H39: 0 | I39: 2 | J39: 4 | K39: 0 | L39: 0 | M39: 4 | N39: 0 | O39: =SUM(C39:L39,N39) -> 36 | P39: =SUM(C39:N39) -> 40 | R39: PM Period | S39: =SUM(S19:S21) -> 99 | T39: =SUM(T19:T21) -> 122 | U39: =SUM(U19:U21) -> 62 | V39: =SUM(V19:V21) -> 128 | W39: =SUM(W19:W21) -> 4 | X39: =SUM(X19:X21) -> 0 | Y39: =SUM(Y19:Y21) -> 51 | Z39: =SUM(Z19:Z21) -> 21 | ... AF39: =SUM(AF19:AF21) -> 1128
B40: 14.30 - 14.45 | C40: 8 | D40: 8 | E40: 4 | F40: 7 | G40: 0 | H40: 0 | I40: 4 | J40: 2 | K40: 0 | L40: 0 | M40: 23 | N40: 0 | O40: =SUM(C40:L40,N40) -> 33 | P40: =SUM(C40:N40) -> 56 | R40: 12 Hours | S40: =SUM(S10:S21) -> 365 | T40: =SUM(T10:T21) -> 436 | U40: =SUM(U10:U21) -> 180 | V40: =SUM(V10:V21) -> 349 | W40: =SUM(W10:W21) -> 14 | X40: =SUM(X10:X21) -> 2 | Y40: =SUM(Y10:Y21) -> 204 | Z40: =SUM(Z10:Z21) -> 101 | ... AF40: =SUM(AF10:AF21) -> 4266
B41: 14.45 - 15.00 | C41: 12 | D41: 12 | E41: 4 | F41: 4 | G41: 0 | H41: 0 | I41: 1 | J41: 1 | K41: 1 | L41: 0 | M41: 20 | N41: 0 | O41: =SUM(C41:L41,N41) -> 35 | P41: =SUM(C41:N41) -> 55 | R41: 24 Hrs/ADT | S41: =SUM(S10:S33) -> 681 | T41: =SUM(T10:T33) -> 617 | U41: =SUM(U10:U33) -> 230 | V41: =SUM(V10:V33) -> 545 | W41: =SUM(W10:W33) -> 40 | X41: =SUM(X10:X33) -> 2 | Y41: =SUM(Y10:Y33) -> 307 | Z41: =SUM(Z10:Z33) -> 118 | ... AF41: =SUM(AF10:AF33) -> 6772
B42: 15.00 - 15.15 | C42: 9 | D42: 8 | E42: 3 | F42: 6 | G42: 0 | H42: 0 | I42: 4 | J42: 1 | K42: 1 | L42: 1 | M42: 48 | N42: 0 | O42: =SUM(C42:L42,N42) -> 33 | P42: =SUM(C42:N42) -> 81 | R42: NEF | S42: =S41/S40 -> 1.8657534 | T42: =T41/T40 -> 1.4151376 | U42: =U41/U40 -> 1.2777778 | V42: =V41/V40 -> 1.5616046 | W42: =W41/W40 -> 2.8571429 | X42: =X41/X40 -> 1 | Y42: =Y41/Y40 -> 1.504902 | Z42: =Z41/Z40 -> 1.1683168 | ... AF42: =AF41/AF40 -> 1.5874355
B43: 15.15 - 15.30 | C43: 13 | D43: 22 | E43: 8 | F43: 8 | G43: 0 | H43: 0 | I43: 7 | J43: 4 | K43: 2 | L43: 5 | M43: 66 | N43: 0 | O43: =SUM(C43:L43,N43) -> 69 | P43: =SUM(C43:N43) -> 135
B44: 15.30 - 15.45 | C44: 10 | D44: 20 | E44: 3 | F44: 10 | G44: 0 | H44: 0 | I44: 4 | J44: 3 | K44: 4 | L44: 1 | M44: 43 | N44: 0 | O44: =SUM(C44:L44,N44) -> 55 | P44: =SUM(C44:N44) -> 98
B45: 15.45 - 16.00 | C45: 10 | D45: 17 | E45: 8 | F45: 3 | G45: 0 | H45: 0 | I45: 6 | J45: 0 | K45: 2 | L45: 0 | M45: 50 | N45: 0 | O45: =SUM(C45:L45,N45) -> 46 | P45: =SUM(C45:N45) -> 96
B46: 16.00 - 16.15 | C46: 8 | D46: 8 | E46: 2 | F46: 4 | G46: 0 | H46: 0 | I46: 2 | J46: 3 | K46: 0 | L46: 2 | M46: 37 | N46: 0 | O46: =SUM(C46:L46,N46) -> 29 | P46: =SUM(C46:N46) -> 66
B47: 16.15 -16.30 | C47: 9 | D47: 10 | E47: 7 | F47: 6 | G47: 1 | H47: 0 | I47: 6 | J47: 0 | K47: 3 | L47: 0 | M47: 71 | N47: 0 | O47: =SUM(C47:L47,N47) -> 42 | P47: =SUM(C47:N47) -> 113
B48: 16.30 -16.45 | C48: 7 | D48: 7 | E48: 8 | F48: 8 | G48: 0 | H48: 0 | I48: 4 | J48: 4 | K48: 3 | L48: 2 | M48: 43 | N48: 0 | O48: =SUM(C48:L48,N48) -> 43 | P48: =SUM(C48:N48) -> 86
B49: 16.45 -17.00 | C49: 7 | D49: 15 | E49: 6 | F49: 5 | G49: 0 | H49: 0 | I49: 3 | J49: 3 | K49: 0 | L49: 0 | M49: 42 | N49: 0 | O49: =SUM(C49:L49,N49) -> 39 | P49: =SUM(C49:N49) -> 81
B50: 17.00 -17.15 | C50: 5 | D50: 21 | E50: 6 | F50: 61 | G50: 0 | H50: 0 | I50: 5 | J50: 1 | K50: 0 | L50: 1 | M50: 53 | N50: 0 | O50: =SUM(C50:L50,N50) -> 100 | P50: =SUM(C50:N50) -> 153
B51: 17.15 -17.30 | C51: 7 | D51: 17 | E51: 5 | F51: 5 | G51: 0 | H51: 0 | I51: 3 | J51: 3 | K51: 0 | L51: 1 | M51: 66 | N51: 0 | O51: =SUM(C51:L51,N51) -> 41 | P51: =SUM(C51:N51) -> 107
B52: 17.30 -17.45 | C52: 5 | D52: 10 | E52: 4 | F52: 7 | G52: 2 | H52: 0 | I52: 4 | J52: 2 | K52: 0 | L52: 3 | M52: 51 | N52: 0 | O52: =SUM(C52:L52,N52) -> 37 | P52: =SUM(C52:N52) -> 88
B53: 17.45 -18.00 | C53: 13 | D53: 16 | E53: 5 | F53: 5 | G53: 0 | H53: 0 | I53: 7 | J53: 1 | K53: 1 | L53: 0 | M53: 85 | N53: 0 | O53: =SUM(C53:L53,N53) -> 48 | P53: =SUM(C53:N53) -> 133
B54: 18.00 - 18.15 | C54: 12 | D54: 6 | E54: 4 | F54: 8 | G54: 0 | H54: 0 | I54: 6 | J54: 2 | K54: 1 | L54: 1 | M54: 51 | N54: 0 | O54: =SUM(C54:L54,N54) -> 40 | P54: =SUM(C54:N54) -> 91
... B105: 06.45 - 07.00 | C105: 0 | D105: 0 | E105: 0 | F105: 0 | G105: 3 | H105: 0 | I105: 0 | J105: 0 | K105: 0 | L105: 0 | M105: 43 | N105: 0 | O105: =SUM(C105:L105,N105) -> 3 | P105: =SUM(C105:N105) -> 46
B106: Totals | C106: =SUM(C10:C105) -> 681 | D106: =SUM(D10:D105) -> 617 | E106: =SUM(E10:E105) -> 230 | F106: =SUM(F10:F105) -> 545 | G106: =SUM(G10:G105) -> 40 | H106: =SUM(H10:H105) -> 2 | I106: =SUM(I10:I105) -> 307 | J106: =SUM(J10:J105) -> 118 | ... P106: =SUM(P10:P105) -> 6772
B107: %ges + MCs | C107: =C106/$P$106 -> 0.10056113 | D107: =D106/$P$106 -> 0.091110455 | E107: =E106/$P$106 -> 0.033963379 | F107: =F106/$P$106 -> 0.080478441 | G107: =G106/$P$106 -> 0.0059066745 | H107: =H106/$P$106 -> 0.00029533373 | I107: =I106/$P$106 -> 0.045333727 | J107: =J106/$P$106 -> 0.01742469 | ... N107: =N106/$P$106 -> 0
B108: %ges w/o MCs | C108: =C106/$O$106 -> 0.25913242 | D108: =D106/$O$106 -> 0.2347793 | E108: =E106/$O$106 -> 0.087519026 | F108: =F106/$O$106 -> 0.20738204 | G108: =G106/$O$106 -> 0.0152207 | H108: =H106/$O$106 -> 0.00076103501 | I108: =I106/$O$106 -> 0.11681887 | J108: =J106/$O$106 -> 0.044901065 | ... L108: =L106/$O$106 -> 0.013318113 | N108: =N106/$O$106 -> 0

Sheet 3.11 MUKONO-KATOSI
B1: Consultancy services for Preparation of Expressway Development Master Plan (EDMP) for Uganda
B2: MANUAL CLASSIFIED COUNT (MCC)
B3: ROAD NAME: | C3: ='29.10-MUKONO-KATOSI'!C3:G3 -> MCC - C2 - STN077 - KATOSI ROAD
C5: Date | D5: 3.11.2019 | F5: Location | G5: SHELL PETROL STATION | J5: Surveyor | K5: ='31.10 KATOSI-MUKONO'!K5:L5 -> MOSES
C6: Dir. From | D6: ='29.10-MUKONO-KATOSI'!D6:E6 -> MUKONO | F6: Dir. To | G6: ='29.10-MUKONO-KATOSI'!G6:H6 -> KATOSI | J6: Supervisor | K6: ='31.10 KATOSI-MUKONO'!K6:L6 -> VICTOR M
B8: Time / Veh Type | R8: SUMMARY TRAFFIC VOLUMES
C9: 1. Car | D9: 2. Station Wagon | E9: 3. Pickups | F9: 4. Minibus, matatu | G9: 5. Medium bus | H9: 6. Large Bus | I9: 7. Light Truck | J9: 8. Medium Truck | K9: 9. Heavy truck | L9: 10. Truck Trailer | M9: 11. Motor cycles | N9: 12. Tractors | O9: Total Excl M/Cycles | P9: Total All | R9: Time | S9: 1. Car | T9: 2. Station Wagon | U9: 3. Pickups | V9: 4. Minibus, matatu | W9: 5. Medium bus | X9: 6. Large Bus | Y9: 7. Light Truck | Z9: 8. Medium Truck | AA9: 9. Heavy truck | AB9: 10. Truck Trailer | AC9: 11. Motorcycles | AD9: 12. Tractors, Graders | AE9: Total Excl M/ Cycles | AF9: Total All
B10: 07.00 - 07.15 | C10: 7 | D10: 1 | E10: 2 | F10: 2 | G10: 0 | H10: 0 | I10: 3 | J10: 0 | K10: 0 | L10: 0 | M10: 29 | N10: 0 | O10: =SUM(C10:L10,N10) -> 15 | P10: =SUM(C10:N10) -> 44 | R10: 0700-0800 | S10: =SUM(C10:C13) -> 29 | T10: =SUM(D10:D13) -> 19 | U10: =SUM(E10:E13) -> 8 | V10: =SUM(F10:F13) -> 15 | W10: =SUM(G10:G13) -> 4 | X10: =SUM(H10:H13) -> 0 | Y10: =SUM(I10:I13) -> 18 | Z10: =SUM(J10:J13) -> 3 | ... AF10: =SUM(P10:P13) -> 266
B11: 07.15 - 07.30 | C11: 8 | D11: 7 | E11: 3 | F11: 3 | G11: 2 | H11: 0 | I11: 4 | J11: 0 | K11: 0 | L11: 0 | M11: 49 | N11: 0 | O11: =SUM(C11:L11,N11) -> 27 | P11: =SUM(C11:N11) -> 76 | R11: 0800-0900 | S11: =SUM(C14:C17) -> 41 | T11: =SUM(D14:D17) -> 14 | U11: =SUM(E14:E17) -> 14 | V11: =SUM(F14:F17) -> 24 | W11: =SUM(G14:G17) -> 1 | X11: =SUM(H14:H17) -> 0 | Y11: =SUM(I14:I17) -> 13 | Z11: =SUM(J14:J17) -> 0 | ... AF11: =SUM(P14:P17) -> 409
B12: 07.30 - 07.45 | C12: 4 | D12: 2 | E12: 2 | F12: 6 | G12: 1 | H12: 0 | I12: 2 | J12: 1 | K12: 1 | L12: 0 | M12: 37 | N12: 0 | O12: =SUM(C12:L12,N12) -> 19 | P12: =SUM(C12:N12) -> 56 | R12: 0900-1000 | S12: =SUM(C18:C21) -> 68 | T12: =SUM(D18:D21) -> 34 | U12: =SUM(E18:E21) -> 16 | V12: =SUM(F18:F21) -> 37 | W12: =SUM(G18:G21) -> 5 | X12: =SUM(H18:H21) -> 0 | Y12: =SUM(I18:I21) -> 30 | Z12: =SUM(J18:J21) -> 5 | ... AF12: =SUM(P18:P21) -> 521
B13: 07.45 - 08.00 | C13: 10 | D13: 9 | E13: 1 | F13: 4 | G13: 1 | H13: 0 | I13: 9 | J13: 2 | K13: 2 | L13: 0 | M13: 52 | N13: 0 | O13: =SUM(C13:L13,N13) -> 38 | P13: =SUM(C13:N13) -> 90 | R13: 1000-1100 | S13: =SUM(C22:C25) -> 67 | T13: =SUM(D22:D25) -> 39 | U13: =SUM(E22:E25) -> 17 | V13: =SUM(F22:F25) -> 31 | W13: =SUM(G22:G25) -> 4 | X13: =SUM(H22:H25) -> 0 | Y13: =SUM(I22:I25) -> 16 | Z13: =SUM(J22:J25) -> 6 | ... AF13: =SUM(P22:P25) -> 467
B14: 08.00 - 08.15 | C14: 6 | D14: 2 | E14: 3 | F14: 3 | G14: 0 | H14: 0 | I14: 3 | J14: 0 | K14: 0 | L14: 0 | M14: 72 | N14: 0 | O14: =SUM(C14:L14,N14) -> 17 | P14: =SUM(C14:N14) -> 89 | R14: 1100-1200 | S14: =SUM(C26:C29) -> 94 | T14: =SUM(D26:D29) -> 57 | U14: =SUM(E26:E29) -> 14 | V14: =SUM(F26:F29) -> 39 | W14: =SUM(G26:G29) -> 1 | X14: =SUM(H26:H29) -> 0 | Y14: =SUM(I26:I29) -> 37 | Z14: =SUM(J26:J29) -> 1 | ... AF14: =SUM(P26:P29) -> 646
B15: 08.15 - 08.30 | C15: 14 | D15: 5 | E15: 3 | F15: 5 | G15: 0 | H15: 0 | I15: 2 | J15: 0 | K15: 0 | L15: 1 | M15: 58 | N15: 0 | O15: =SUM(C15:L15,N15) -> 30 | P15: =SUM(C15:N15) -> 88 | R15: 1200-1300 | S15: =SUM(C30:C33) -> 109 | T15: =SUM(D30:D33) -> 79 | U15: =SUM(E30:E33) -> 18 | V15: =SUM(F30:F33) -> 34 | W15: =SUM(G30:G33) -> 2 | X15: =SUM(H30:H33) -> 0 | Y15: =SUM(I30:I33) -> 33 | Z15: =SUM(J30:J33) -> 7 | ... AF15: =SUM(P30:P33) -> 646
B16: 08.30 - 08.45 | C16: 10 | D16: 2 | E16: 3 | F16: 8 | G16: 0 | H16: 0 | I16: 5 | J16: 0 | K16: 0 | L16: 0 | M16: 89 | N16: 0 | O16: =SUM(C16:L16,N16) -> 28 | P16: =SUM(C16:N16) -> 117 | R16: 1300-1400 | S16: =SUM(C34:C37) -> 92 | T16: =SUM(D34:D37) -> 72 | U16: =SUM(E34:E37) -> 14 | V16: =SUM(F34:F37) -> 36 | W16: =SUM(G34:G37) -> 4 | X16: =SUM(H34:H37) -> 0 | Y16: =SUM(I34:I37) -> 20 | Z16: =SUM(J34:J37) -> 4 | ... AF16: =SUM(P34:P37) -> 590
B17: 08.45 - 9.00 | C17: 11 | D17: 5 | E17: 5 | F17: 8 | G17: 1 | H17: 0 | I17: 3 | J17: 0 | K17: 2 | L17: 2 | M17: 78 | N17: 0 | O17: =SUM(C17:L17,N17) -> 37 | P17: =SUM(C17:N17) -> 115 | R17: 1400-1500 | S17: =SUM(C38:C41) -> 98 | T17: =SUM(D38:D41) -> 51 | U17: =SUM(E38:E41) -> 25 | V17: =SUM(F38:F41) -> 35 | W17: =SUM(G38:G41) -> 5 | X17: =SUM(H38:H41) -> 0 | Y17: =SUM(I38:I41) -> 21 | Z17: =SUM(J38:J41) -> 5 | ... AF17: =SUM(P38:P41) -> 726
B18: 09.00 - 09.15 | C18: 18 | D18: 11 | E18: 6 | F18: 11 | G18: 2 | H18: 0 | I18: 8 | J18: 1 | K18: 0 | L18: 1 | M18: 80 | N18: 0 | O18: =SUM(C18:L18,N18) -> 58 | P18: =SUM(C18:N18) -> 138 | R18: 1500-1600 | S18: =SUM(C42:C45) -> 84 | T18: =SUM(D42:D45) -> 59 | U18: =SUM(E42:E45) -> 20 | V18: =SUM(F42:F45) -> 30 | W18: =SUM(G42:G45) -> 2 | X18: =SUM(H42:H45) -> 0 | Y18: =SUM(I42:I45) -> 41 | Z18: =SUM(J42:J45) -> 9 | ... AF18: =SUM(P42:P45) -> 666
B19: 09.15 - 09.30 | C19: 13 | D19: 7 | E19: 0 | F19: 6 | G19: 2 | H19: 0 | I19: 2 | J19: 0 | K19: 1 | L19: 0 | M19: 97 | N19: 0 | O19: =SUM(C19:L19,N19) -> 31 | P19: =SUM(C19:N19) -> 128 | R19: 1600-1700 | S19: =SUM(C46:C49) -> 88 | T19: =SUM(D46:D49) -> 32 | U19: =SUM(E46:E49) -> 12 | V19: =SUM(F46:F49) -> 31 | W19: =SUM(G46:G49) -> 2 | X19: =SUM(H46:H49) -> 0 | Y19: =SUM(I46:I49) -> 31 | Z19: =SUM(J46:J49) -> 4 | ... AF19: =SUM(P46:P49) -> 718
B20: 09.30 - 09.45 | C20: 15 | D20: 3 | E20: 4 | F20: 7 | G20: 1 | H20: 0 | I20: 7 | J20: 2 | K20: 1 | L20: 1 | M20: 79 | N20: 0 | O20: =SUM(C20:L20,N20) -> 41 | P20: =SUM(C20:N20) -> 120 | R20: 1700-1800 | S20: =SUM(C50:C53) -> 62 | T20: =SUM(D50:D53) -> 26 | U20: =SUM(E50:E53) -> 10 | V20: =SUM(F50:F53) -> 35 | W20: =SUM(G50:G53) -> 1 | X20: =SUM(H50:H53) -> 0 | Y20: =SUM(I50:I53) -> 32 | Z20: =SUM(J50:J53) -> 2 | ... AF20: =SUM(P50:P53) -> 599
B21: 09.45 - 10.00 | C21: 22 | D21: 13 | E21: 6 | F21: 13 | G21: 0 | H21: 0 | I21: 13 | J21: 2 | K21: 3 | L21: 0 | M21: 63 | N21: 0 | O21: =SUM(C21:L21,N21) -> 72 | P21: =SUM(C21:N21) -> 135 | R21: 1800-1900 | S21: =SUM(C54:C57) -> 63 | T21: =SUM(D54:D57) -> 27 | U21: =SUM(E54:E57) -> 16 | V21: =SUM(F54:F57) -> 42 | W21: =SUM(G54:G57) -> 2 | X21: =SUM(H54:H57) -> 0 | Y21: =SUM(I54:I57) -> 21 | Z21: =SUM(J54:J57) -> 6 | ... AF21: =SUM(P54:P57) -> 633
B22: 10.00 - 10.15 | C22: 14 | D22: 10 | E22: 2 | F22: 8 | G22: 1 | H22: 0 | I22: 1 | J22: 1 | K22: 0 | L22: 0 | M22: 52 | N22: 0 | O22: =SUM(C22:L22,N22) -> 37 | P22: =SUM(C22:N22) -> 89 | R22: AM Peak Hr | S22: =MAX(S10:S12) -> 68 | T22: =MAX(T10:T12) -> 34 | U22: =MAX(U10:U12) -> 16 | V22: =MAX(V10:V12) -> 37 | W22: =MAX(W10:W12) -> 5 | X22: =MAX(X10:X12) -> 0 | Y22: =MAX(Y10:Y12) -> 30 | Z22: =MAX(Z10:Z12) -> 5 | ... AF22: =MAX(AF10:AF12) -> 521
B23: 10.15 - 10.30 | C23: 11 | D23: 5 | E23: 6 | F23: 7 | G23: 1 | H23: 0 | I23: 5 | J23: 1 | K23: 1 | L23: 0 | M23: 46 | N23: 0 | O23: =SUM(C23:L23,N23) -> 37 | P23: =SUM(C23:N23) -> 83 | R23: IP Peak Hr | S23: =MAX(S13:S18) -> 109 | T23: =MAX(T13:T18) -> 79 | U23: =MAX(U13:U18) -> 25 | V23: =MAX(V13:V18) -> 39 | W23: =MAX(W13:W18) -> 5 | X23: =MAX(X13:X18) -> 0 | Y23: =MAX(Y13:Y18) -> 41 | Z23: =MAX(Z13:Z18) -> 9 | ... AF23: =MAX(AF13:AF18) -> 726
B24: 10.30 - 10.45 | C24: 27 | D24: 13 | E24: 6 | F24: 9 | G24: 1 | H24: 0 | I24: 4 | J24: 3 | K24: 0 | L24: 2 | M24: 112 | N24: 0 | O24: =SUM(C24:L24,N24) -> 65 | P24: =SUM(C24:N24) -> 177 | R24: PM Peak Hr | S24: =MAX(S19:S21) -> 88 | T24: =MAX(T19:T21) -> 32 | U24: =MAX(U19:U21) -> 16 | V24: =MAX(V19:V21) -> 42 | W24: =MAX(W19:W21) -> 2 | X24: =MAX(X19:X21) -> 0 | Y24: =MAX(Y19:Y21) -> 32 | Z24: =MAX(Z19:Z21) -> 6 | ... AF24: =MAX(AF19:AF21) -> 718
B25: 10.45 - 11.00 | C25: 15 | D25: 11 | E25: 3 | F25: 7 | G25: 1 | H25: 0 | I25: 6 | J25: 1 | K25: 2 | L25: 0 | M25: 72 | N25: 0 | O25: =SUM(C25:L25,N25) -> 46 | P25: =SUM(C25:N25) -> 118 | R25: AM Period | S25: =SUM(S10:S12) -> 138 | T25: =SUM(T10:T12) -> 67 | U25: =SUM(U10:U12) -> 38 | V25: =SUM(V10:V12) -> 76 | W25: =SUM(W10:W12) -> 10 | X25: =SUM(X10:X12) -> 0 | Y25: =SUM(Y10:Y12) -> 61 | Z25: =SUM(Z10:Z12) -> 8 | ... AF25: =SUM(AF10:AF12) -> 1196
B26: 11.00 - 11.15 | C26: 13 | D26: 15 | E26: 2 | F26: 6 | G26: 0 | H26: 0 | I26: 9 | J26: 1 | K26: 0 | L26: 0 | M26: 86 | N26: 0 | O26: =SUM(C26:L26,N26) -> 46 | P26: =SUM(C26:N26) -> 132 | R26: IP Period | S26: =SUM(S13:S18) -> 544 | T26: =SUM(T13:T18) -> 357 | U26: =SUM(U13:U18) -> 108 | V26: =SUM(V13:V18) -> 205 | W26: =SUM(W13:W18) -> 18 | X26: =SUM(X13:X18) -> 0 | Y26: =SUM(Y13:Y18) -> 168 | Z26: =SUM(Z13:Z18) -> 32 | ... AF26: =SUM(AF13:AF18) -> 3741
B27: 11.15 - 11.30 | C27: 30 | D27: 4 | E27: 7 | F27: 12 | G27: 0 | H27: 0 | I27: 11 | J27: 0 | K27: 0 | L27: 0 | M27: 47 | N27: 0 | O27: =SUM(C27:L27,N27) -> 64 | P27: =SUM(C27:N27) -> 111 | R27: PM Period | S27: =SUM(S19:S21) -> 213 | T27: =SUM(T19:T21) -> 85 | U27: =SUM(U19:U21) -> 38 | V27: =SUM(V19:V21) -> 108 | W27: =SUM(W19:W21) -> 5 | X27: =SUM(X19:X21) -> 0 | Y27: =SUM(Y19:Y21) -> 84 | Z27: =SUM(Z19:Z21) -> 12 | ... AF27: =SUM(AF19:AF21) -> 1950
B28: 11.30 - 11.45 | C28: 25 | D28: 15 | E28: 1 | F28: 8 | G28: 0 | H28: 0 | I28: 7 | J28: 0 | K28: 0 | L28: 1 | M28: 172 | N28: 0 | O28: =SUM(C28:L28,N28) -> 57 | P28: =SUM(C28:N28) -> 229 | R28: 12 Hours | S28: =SUM(S10:S21) -> 895 | T28: =SUM(T10:T21) -> 509 | U28: =SUM(U10:U21) -> 184 | V28: =SUM(V10:V21) -> 389 | W28: =SUM(W10:W21) -> 33 | X28: =SUM(X10:X21) -> 0 | Y28: =SUM(Y10:Y21) -> 313 | Z28: =SUM(Z10:Z21) -> 52 | ... AF28: =SUM(AF10:AF21) -> 6887
B29: 11.45 - 12.00 | C29: 26 | D29: 23 | E29: 4 | F29: 13 | G29: 1 | H29: 0 | I29: 10 | J29: 0 | K29: 2 | L29: 0 | M29: 95 | N29: 0 | O29: =SUM(C29:L29,N29) -> 79 | P29: =SUM(C29:N29) -> 174
B30: 12.00 - 12.15 | C30: 36 | D30: 32 | E30: 5 | F30: 6 | G30: 0 | H30: 0 | I30: 10 | J30: 4 | K30: 0 | L30: 1 | M30: 69 | N30: 0 | O30: =SUM(C30:L30,N30) -> 94 | P30: =SUM(C30:N30) -> 163
B31: 12.15 - 12.30 | C31: 30 | D31: 13 | E31: 4 | F31: 10 | G31: 1 | H31: 0 | I31: 8 | J31: 0 | K31: 0 | L31: 0 | M31: 103 | N31: 0 | O31: =SUM(C31:L31,N31) -> 66 | P31: =SUM(C31:N31) -> 169
B32: 12.30 - 12.45 | C32: 24 | D32: 18 | E32: 6 | F32: 6 | G32: 1 | H32: 0 | I32: 8 | J32: 2 | K32: 2 | L32: 0 | M32: 108 | N32: 0 | O32: =SUM(C32:L32,N32) -> 67 | P32: =SUM(C32:N32) -> 175
B33: 12.45 - 13.00 | C33: 19 | D33: 16 | E33: 3 | F33: 12 | G33: 0 | H33: 0 | I33: 7 | J33: 1 | K33: 1 | L33: 0 | M33: 80 | N33: 0 | O33: =SUM(C33:L33,N33) -> 59 | P33: =SUM(C33:N33) -> 139
B34: 13.00 - 13.15 | C34: 33 | D34: 26 | E34: 5 | F34: 10 | G34: 2 | H34: 0 | I34: 8 | J34: 1 | K34: 1 | L34: 0 | M34: 77 | N34: 0 | O34: =SUM(C34:L34,N34) -> 86 | P34: =SUM(C34:N34) -> 163
B35: 13.15 - 13.30 | C35: 28 | D35: 15 | E35: 3 | F35: 9 | G35: 1 | H35: 0 | I35: 2 | J35: 1 | K35: 1 | L35: 0 | M35: 56 | N35: 0 | O35: =SUM(C35:L35,N35) -> 60 | P35: =SUM(C35:N35) -> 116
B36: 13.30 - 13.45 | C36: 20 | D36: 18 | E36: 3 | F36: 7 | G36: 1 | H36: 0 | I36: 3 | J36: 2 | K36: 0 | L36: 0 | M36: 95 | N36: 0 | O36: =SUM(C36:L36,N36) -> 54 | P36: =SUM(C36:N36) -> 149
B37: 13.45 - 14.00 | C37: 11 | D37: 13 | E37: 3 | F37: 10 | G37: 0 | H37: 0 | I37: 7 | J37: 0 | K37: 0 | L37: 0 | M37: 118 | N37: 0 | O37: =SUM(C37:L37,N37) -> 44 | P37: =SUM(C37:N37) -> 162
B38: 14.00 - 14.15 | C38: 35 | D38: 16 | E38: 7 | F38: 13 | G38: 2 | H38: 0 | I38: 5 | J38: 0 | K38: 0 | L38: 0 | M38: 122 | N38: 0 | O38: =SUM(C38:L38,N38) -> 78 | P38: =SUM(C38:N38) -> 200
B39: 14.15 - 14.30 | C39: 28 | D39: 15 | E39: 3 | F39: 6 | G39: 2 | H39: 0 | I39: 7 | J39: 3 | K39: 1 | L39: 0 | M39: 138 | N39: 0 | O39: =SUM(C39:L39,N39) -> 65 | P39: =SUM(C39:N39) -> 203
B40: 14.30 - 14.45 | C40: 17 | D40: 8 | E40: 11 | F40: 10 | G40: 1 | H40: 0 | I40: 6 | J40: 1 | K40: 2 | L40: 1 | M40: 96 | N40: 0 | O40: =SUM(C40:L40,N40) -> 57 | P40: =SUM(C40:N40) -> 153
... B57: 18.45 - 19.00 | C57: 11 | D57: 8 | E57: 3 | F57: 10 | G57: 1 | H57: 0 | I57: 2 | J57: 1 | K57: 0 | L57: 0 | M57: 85 | N57: 0 | O57: =SUM(C57:L57,N57) -> 36 | P57: =SUM(C57:N57) -> 121
B58: Totals | C58: =SUM(C10:C57) -> 895 | D58: =SUM(D10:D57) -> 509 | E58: =SUM(E10:E57) -> 184 | F58: =SUM(F10:F57) -> 389 | G58: =SUM(G10:G57) -> 33 | H58: =SUM(H10:H57) -> 0 | I58: =SUM(I10:I57) -> 313 | J58: =SUM(J10:J57) -> 52 | ... P58: =SUM(P10:P57) -> 6887
B59: %ges + MCs | C59: =C58/$P$58 -> 0.12995499 | D59: =D58/$P$58 -> 0.073907362 | E59: =E58/$P$58 -> 0.026717003 | F59: =F58/$P$58 -> 0.056483229 | G59: =G58/$P$58 -> 0.0047916364 | H59: =H58/$P$58 -> 0 | I59: =I58/$P$58 -> 0.045447945 | J59: =J58/$P$58 -> 0.0075504574 | ... N59: =N58/$P$58 -> 0
B60: %ges w/o MCs | C60: =C58/$O$58 -> 0.37044702 | D60: =D58/$O$58 -> 0.21067881 | E60: =E58/$O$58 -> 0.07615894 | F60: =F58/$O$58 -> 0.16100993 | G60: =G58/$O$58 -> 0.01365894 | H60: =H58/$O$58 -> 0 | I60: =I58/$O$58 -> 0.12955298 | J60: =J58/$O$58 -> 0.021523179 | ... L60: =L58/$O$58 -> 0.0041390728 | N60: =N58/$O$58 -> 0

Sheet 3.11 KATOSI-MUKONO
B1: Consultancy services for Preparation of Expressway Development Master Plan (EDMP) for Uganda
B2: MANUAL CLASSIFIED COUNT (MCC)
B3: ROAD NAME: | C3: ='29.10 KATOSI-MUKONO'!C3:G3 -> MCC - C2 - STN077 - KATOSI ROAD
C5: Date | D5: ='3.11 MUKONO-KATOSI'!D5 -> 3.11.2019 | F5: Location | G5: SHELL PETROL STATION | J5: Surveyor | K5: ='3.11 MUKONO-KATOSI'!K5:L5 -> MOSES
C6: Dir. From | D6: ='29.10 KATOSI-MUKONO'!D6:E6 -> KATOSI | F6: Dir. To | G6: ='29.10 KATOSI-MUKONO'!G6:H6 -> MUKONO | J6: Supervisor | K6: ='3.11 MUKONO-KATOSI'!K6:L6 -> VICTOR M
B8: Time / Veh Type | R8: SUMMARY TRAFFIC VOLUMES
C9: 1. Car | D9: 2. Station Wagon | E9: 3. Pickups | F9: 4. Minibus, matatu | G9: 5. Medium bus | H9: 6. Large Bus | I9: 7. Light Truck | J9: 8. Medium Truck | K9: 9. Heavy truck | L9: 10. Truck Trailer | M9: 11. Motor cycles | N9: 12. Tractors | O9: Total Excl M/Cycles | P9: Total All | R9: Time | S9: 1. Car | T9: 2. Station Wagon | U9: 3. Pickups | V9: 4. Minibus, matatu | W9: 5. Medium bus | X9: 6. Large Bus | Y9: 7. Light Truck | Z9: 8. Medium Truck | AA9: 9. Heavy truck | AB9: 10. Truck Trailer | AC9: 11. Motorcycles | AD9: 12. Tractors, Graders | AE9: Total Excl M/ Cycles | AF9: Total All
B10: 07.00 - 07.15 | C10: 3 | D10: 2 | E10: 0 | F10: 2 | G10: 1 | H10: 0 | I10: 1 | J10: 0 | K10: 0 | L10: 0 | M10: 13 | N10: 0 | O10: =SUM(C10:L10,N10) -> 9 | P10: =SUM(C10:N10) -> 22 | R10: 0700-0800 | S10: =SUM(C10:C13) -> 31 | T10: =SUM(D10:D13) -> 6 | U10: =SUM(E10:E13) -> 13 | V10: =SUM(F10:F13) -> 25 | W10: =SUM(G10:G13) -> 1 | X10: =SUM(H10:H13) -> 0 | Y10: =SUM(I10:I13) -> 20 | Z10: =SUM(J10:J13) -> 5 | ... AF10: =SUM(P10:P13) -> 185
B11: 07.15 - 07.30 | C11: 2 | D11: 1 | E11: 0 | F11: 5 | G11: 0 | H11: 0 | I11: 8 | J11: 1 | K11: 0 | L11: 0 | M11: 10 | O11: =SUM(C11:L11,N11) -> 17 | P11: =SUM(C11:N11) -> 27 | R11: 0800-0900 | S11: =SUM(C14:C17) -> 23 | T11: =SUM(D14:D17) -> 5 | U11: =SUM(E14:E17) -> 8 | V11: =SUM(F14:F17) -> 33 | W11: =SUM(G14:G17) -> 2 | X11: =SUM(H14:H17) -> 0 | Y11: =SUM(I14:I17) -> 15 | Z11: =SUM(J14:J17) -> 1 | ... AF11: =SUM(P14:P17) -> 364
B12: 07.30 - 07.45 | C12: 5 | D12: 0 | E12: 11 | F12: 18 | G12: 0 | H12: 0 | I12: 0 | J12: 4 | K12: 0 | L12: 0 | M12: 19 | N12: 0 | O12: =SUM(C12:L12,N12) -> 38 | P12: =SUM(C12:N12) -> 57 | R12: 0900-1000 | S12: =SUM(C18:C21) -> 34 | T12: =SUM(D18:D21) -> 18 | U12: =SUM(E18:E21) -> 2 | V12: =SUM(F18:F21) -> 12 | W12: =SUM(G18:G21) -> 1 | X12: =SUM(H18:H21) -> 0 | Y12: =SUM(I18:I21) -> 7 | Z12: =SUM(J18:J21) -> 4 | ... AF12: =SUM(P18:P21) -> 411
B13: 07.45 - 08.00 | C13: 21 | D13: 3 | E13: 2 | F13: 0 | G13: 0 | H13: 0 | I13: 11 | J13: 0 | K13: 0 | L13: 0 | M13: 42 | N13: 0 | O13: =SUM(C13:L13,N13) -> 37 | P13: =SUM(C13:N13) -> 79 | R13: 1000-1100 | S13: =SUM(C22:C25) -> 48 | T13: =SUM(D22:D25) -> 16 | U13: =SUM(E22:E25) -> 4 | V13: =SUM(F22:F25) -> 18 | W13: =SUM(G22:G25) -> 4 | X13: =SUM(H22:H25) -> 0 | Y13: =SUM(I22:I25) -> 16 | Z13: =SUM(J22:J25) -> 7 | ... AF13: =SUM(P22:P25) -> 469
B14: 08.00 - 08.15 | C14: 3 | D14: 1 | E14: 1 | F14: 21 | G14: 0 | H14: 0 | I14: 1 | J14: 0 | K14: 0 | L14: 0 | M14: 55 | N14: 0 | O14: =SUM(C14:L14,N14) -> 27 | P14: =SUM(C14:N14) -> 82 | R14: 1100-1200 | S14: =SUM(C26:C29) -> 38 | T14: =SUM(D26:D29) -> 11 | U14: =SUM(E26:E29) -> 9 | V14: =SUM(F26:F29) -> 49 | W14: =SUM(G26:G29) -> 1 | X14: =SUM(H26:H29) -> 0 | Y14: =SUM(I26:I29) -> 18 | Z14: =SUM(J26:J29) -> 4 | ... AF14: =SUM(P26:P29) -> 486
B15: 08.15 - 08.30 | C15: 8 | D15: 0 | E15: 4 | F15: 3 | G15: 0 | H15: 0 | I15: 3 | J15: 0 | K15: 0 | L15: 0 | M15: 72 | N15: 0 | O15: =SUM(C15:L15,N15) -> 18 | P15: =SUM(C15:N15) -> 90 | R15: 1200-1300 | S15: =SUM(C30:C33) -> 41 | T15: =SUM(D30:D33) -> 13 | U15: =SUM(E30:E33) -> 11 | V15: =SUM(F30:F33) -> 37 | W15: =SUM(G30:G33) -> 4 | X15: =SUM(H30:H33) -> 0 | Y15: =SUM(I30:I33) -> 27 | Z15: =SUM(J30:J33) -> 13 | ... AF15: =SUM(P30:P33) -> 522
B16: 08.30 - 08.45 | C16: 4 | D16: 2 | E16: 3 | F16: 3 | G16: 1 | H16: 0 | I16: 4 | J16: 1 | K16: 0 | L16: 0 | M16: 65 | N16: 0 | O16: =SUM(C16:L16,N16) -> 18 | P16: =SUM(C16:N16) -> 83 | R16: 1300-1400 | S16: =SUM(C34:C37) -> 57 | T16: =SUM(D34:D37) -> 25 | U16: =SUM(E34:E37) -> 11 | V16: =SUM(F34:F37) -> 32 | W16: =SUM(G34:G37) -> 2 | X16: =SUM(H34:H37) -> 0 | Y16: =SUM(I34:I37) -> 25 | Z16: =SUM(J34:J37) -> 4 | ... AF16: =SUM(P34:P37) -> 486
B17: 08.45 - 9.00 | C17: 8 | D17: 2 | E17: 0 | F17: 6 | G17: 1 | H17: 0 | I17: 7 | J17: 0 | K17: 0 | L17: 0 | M17: 85 | N17: 0 | O17: =SUM(C17:L17,N17) -> 24 | P17: =SUM(C17:N17) -> 109 | R17: 1400-1500 | S17: =SUM(C38:C41) -> 38 | T17: =SUM(D38:D41) -> 16 | U17: =SUM(E38:E41) -> 12 | V17: =SUM(F38:F41) -> 20 | W17: =SUM(G38:G41) -> 2 | X17: =SUM(H38:H41) -> 0 | Y17: =SUM(I38:I41) -> 25 | Z17: =SUM(J38:J41) -> 2 | ... AF17: =SUM(P38:P41) -> 457
B18: 09.00 - 09.15 | C18: 5 | D18: 4 | E18: 1 | F18: 2 | G18: 0 | H18: 0 | I18: 1 | J18: 0 | K18: 0 | L18: 0 | M18: 113 | N18: 0 | O18: =SUM(C18:L18,N18) -> 13 | P18: =SUM(C18:N18) -> 126 | R18: 1500-1600 | S18: =SUM(C42:C45) -> 91 | T18: =SUM(D42:D45) -> 18 | U18: =SUM(E42:E45) -> 21 | V18: =SUM(F42:F45) -> 41 | W18: =SUM(G42:G45) -> 0 | X18: =SUM(H42:H45) -> 0 | Y18: =SUM(I42:I45) -> 21 | Z18: =SUM(J42:J45) -> 1 | ... AF18: =SUM(P42:P45) -> 567
B19: 09.15 - 09.30 | C19: 17 | D19: 7 | E19: 0 | F19: 6 | G19: 1 | H19: 0 | I19: 2 | J19: 2 | K19: 0 | L19: 0 | M19: 83 | N19: 0 | O19: =SUM(C19:L19,N19) -> 35 | P19: =SUM(C19:N19) -> 118 | R19: 1600-1700 | S19: =SUM(C46:C49) -> 105 | T19: =SUM(D46:D49) -> 38 | U19: =SUM(E46:E49) -> 23 | V19: =SUM(F46:F49) -> 77 | W19: =SUM(G46:G49) -> 1 | X19: =SUM(H46:H49) -> 0 | Y19: =SUM(I46:I49) -> 91 | Z19: =SUM(J46:J49) -> 0 | ... AF19: =SUM(P46:P49) -> 636
B20: 09.30 - 09.45 | C20: 5 | D20: 3 | E20: 0 | F20: 1 | G20: 0 | H20: 0 | I20: 1 | J20: 2 | K20: 0 | L20: 0 | M20: 74 | N20: 0 | O20: =SUM(C20:L20,N20) -> 12 | P20: =SUM(C20:N20) -> 86 | R20: 1700-1800 | S20: =SUM(C50:C53) -> 133 | T20: =SUM(D50:D53) -> 51 | U20: =SUM(E50:E53) -> 11 | V20: =SUM(F50:F53) -> 70 | W20: =SUM(G50:G53) -> 5 | X20: =SUM(H50:H53) -> 0 | Y20: =SUM(I50:I53) -> 38 | Z20: =SUM(J50:J53) -> 1 | ... AF20: =SUM(P50:P53) -> 681
B21: 09.45 - 10.00 | C21: 7 | D21: 4 | E21: 1 | F21: 3 | G21: 0 | H21: 0 | I21: 3 | J21: 0 | K21: 0 | L21: 0 | M21: 63 | N21: 0 | O21: =SUM(C21:L21,N21) -> 18 | P21: =SUM(C21:N21) -> 81 | R21: 1800-1900 | S21: =SUM(C54:C57) -> 175 | T21: =SUM(D54:D57) -> 81 | U21: =SUM(E54:E57) -> 17 | V21: =SUM(F54:F57) -> 73 | W21: =SUM(G54:G57) -> 3 | X21: =SUM(H54:H57) -> 0 | Y21: =SUM(I54:I57) -> 26 | Z21: =SUM(J54:J57) -> 6 | ... AF21: =SUM(P54:P57) -> 789
B22: 10.00 - 10.15 | C22: 6 | D22: 3 | E22: 2 | F22: 5 | G22: 1 | H22: 0 | I22: 0 | J22: 2 | K22: 0 | L22: 0 | M22: 92 | N22: 0 | O22: =SUM(C22:L22,N22) -> 19 | P22: =SUM(C22:N22) -> 111 | R22: AM Peak Hr | S22: =MAX(S10:S12) -> 34 | T22: =MAX(T10:T12) -> 18 | U22: =MAX(U10:U12) -> 13 | V22: =MAX(V10:V12) -> 33 | W22: =MAX(W10:W12) -> 2 | X22: =MAX(X10:X12) -> 0 | Y22: =MAX(Y10:Y12) -> 20 | Z22: =MAX(Z10:Z12) -> 5 | ... AF22: =MAX(AF10:AF12) -> 411
B23: 10.15 - 10.30 | C23: 23 | D23: 3 | E23: 0 | F23: 6 | G23: 0 | H23: 0 | I23: 10 | J23: 3 | K23: 0 | L23: 0 | M23: 65 | N23: 0 | O23: =SUM(C23:L23,N23) -> 45 | P23: =SUM(C23:N23) -> 110 | R23: IP Peak Hr | S23: =MAX(S13:S18) -> 91 | T23: =MAX(T13:T18) -> 25 | U23: =MAX(U13:U18) -> 21 | V23: =MAX(V13:V18) -> 49 | W23: =MAX(W13:W18) -> 4 | X23: =MAX(X13:X18) -> 0 | Y23: =MAX(Y13:Y18) -> 27 | Z23: =MAX(Z13:Z18) -> 13 | ... AF23: =MAX(AF13:AF18) -> 567
B24: 10.30 - 10.45 | C24: 11 | D24: 7 | E24: 2 | F24: 2 | G24: 1 | H24: 0 | I24: 3 | J24: 2 | K24: 0 | L24: 1 | M24: 105 | N24: 0 | O24: =SUM(C24:L24,N24) -> 29 | P24: =SUM(C24:N24) -> 134 | R24: PM Peak Hr | S24: =MAX(S19:S21) -> 175 | T24: =MAX(T19:T21) -> 81 | U24: =MAX(U19:U21) -> 23 | V24: =MAX(V19:V21) -> 77 | W24: =MAX(W19:W21) -> 5 | X24: =MAX(X19:X21) -> 0 | Y24: =MAX(Y19:Y21) -> 91 | Z24: =MAX(Z19:Z21) -> 6 | ... AF24: =MAX(AF19:AF21) -> 789
B25: 10.45 - 11.00 | C25: 8 | D25: 3 | E25: 0 | F25: 5 | G25: 2 | H25: 0 | I25: 3 | J25: 0 | K25: 0 | L25: 0 | M25: 93 | N25: 0 | O25: =SUM(C25:L25,N25) -> 21 | P25: =SUM(C25:N25) -> 114 | R25: AM Period | S25: =SUM(S10:S12) -> 88 | T25: =SUM(T10:T12) -> 29 | U25: =SUM(U10:U12) -> 23 | V25: =SUM(V10:V12) -> 70 | W25: =SUM(W10:W12) -> 4 | X25: =SUM(X10:X12) -> 0 | Y25: =SUM(Y10:Y12) -> 42 | Z25: =SUM(Z10:Z12) -> 10 | ... AF25: =SUM(AF10:AF12) -> 960
B26: 11.00 - 11.15 | C26: 11 | D26: 2 | E26: 2 | F26: 5 | G26: 0 | H26: 0 | I26: 6 | J26: 0 | K26: 0 | L26: 0 | M26: 75 | N26: 0 | O26: =SUM(C26:L26,N26) -> 26 | P26: =SUM(C26:N26) -> 101 | R26: IP Period | S26: =SUM(S13:S18) -> 313 | T26: =SUM(T13:T18) -> 99 | U26: =SUM(U13:U18) -> 68 | V26: =SUM(V13:V18) -> 197 | W26: =SUM(W13:W18) -> 13 | X26: =SUM(X13:X18) -> 0 | Y26: =SUM(Y13:Y18) -> 132 | Z26: =SUM(Z13:Z18) -> 31 | ... AF26: =SUM(AF13:AF18) -> 2987
B27: 11.15 - 11.30 | C27: 10 | D27: 6 | E27: 2 | F27: 8 | G27: 0 | H27: 0 | I27: 4 | J27: 2 | K27: 1 | L27: 0 | M27: 88 | N27: 0 | O27: =SUM(C27:L27,N27) -> 33 | P27: =SUM(C27:N27) -> 121 | R27: PM Period | S27: =SUM(S19:S21) -> 413 | T27: =SUM(T19:T21) -> 170 | U27: =SUM(U19:U21) -> 51 | V27: =SUM(V19:V21) -> 220 | W27: =SUM(W19:W21) -> 9 | X27: =SUM(X19:X21) -> 0 | Y27: =SUM(Y19:Y21) -> 155 | Z27: =SUM(Z19:Z21) -> 7 | ... AF27: =SUM(AF19:AF21) -> 2106
B28: 11.30 - 11.45 | C28: 10 | D28: 2 | E28: 3 | F28: 21 | G28: 0 | H28: 0 | I28: 7 | J28: 1 | K28: 0 | L28: 0 | M28: 115 | N28: 0 | O28: =SUM(C28:L28,N28) -> 44 | P28: =SUM(C28:N28) -> 159 | R28: 12 Hours | S28: =SUM(S10:S21) -> 814 | T28: =SUM(T10:T21) -> 298 | U28: =SUM(U10:U21) -> 142 | V28: =SUM(V10:V21) -> 487 | W28: =SUM(W10:W21) -> 26 | X28: =SUM(X10:X21) -> 0 | Y28: =SUM(Y10:Y21) -> 329 | Z28: =SUM(Z10:Z21) -> 48 | ... AF28: =SUM(AF10:AF21) -> 6053
B29: 11.45 - 12.00 | C29: 7 | D29: 1 | E29: 2 | F29: 15 | G29: 1 | H29: 0 | I29: 1 | J29: 1 | K29: 0 | L29: 0 | M29: 77 | N29: 0 | O29: =SUM(C29:L29,N29) -> 28 | P29: =SUM(C29:N29) -> 105
B30: 12.00 - 12.15 | C30: 12 | D30: 1 | E30: 1 | F30: 5 | G30: 1 | H30: 0 | I30: 4 | J30: 2 | K30: 0 | L30: 0 | M30: 85 | N30: 0 | O30: =SUM(C30:L30,N30) -> 26 | P30: =SUM(C30:N30) -> 111
B31: 12.15 - 12.30 | C31: 9 | D31: 1 | E31: 3 | F31: 12 | G31: 1 | H31: 0 | I31: 5 | J31: 1 | K31: 0 | L31: 0 | M31: 96 | N31: 0 | O31: =SUM(C31:L31,N31) -> 32 | P31: =SUM(C31:N31) -> 128
B32: 12.30 - 12.45 | C32: 9 | D32: 6 | E32: 0 | F32: 5 | G32: 0 | H32: 0 | I32: 3 | J32: 5 | K32: 0 | L32: 0 | M32: 103 | N32: 0 | O32: =SUM(C32:L32,N32) -> 28 | P32: =SUM(C32:N32) -> 131
B33: 12.45 - 13.00 | C33: 11 | D33: 5 | E33: 7 | F33: 15 | G33: 2 | H33: 0 | I33: 15 | J33: 5 | K33: 5 | L33: 0 | M33: 87 | N33: 0 | O33: =SUM(C33:L33,N33) -> 65 | P33: =SUM(C33:N33) -> 152
B34: 13.00 - 13.15 | C34: 25 | D34: 5 | E34: 2 | F34: 7 | G34: 0 | H34: 0 | I34: 11 | J34: 1 | K34: 0 | L34: 0 | M34: 93 | N34: 0 | O34: =SUM(C34:L34,N34) -> 51 | P34: =SUM(C34:N34) -> 144
B35: 13.15 - 13.30 | C35: 11 | D35: 5 | E35: 4 | F35: 8 | G35: 1 | H35: 0 | I35: 5 | J35: 0 | K35: 0 | L35: 0 | M35: 81 | N35: 0 | O35: =SUM(C35:L35,N35) -> 34 | P35: =SUM(C35:N35) -> 115
B36: 13.30 - 13.45 | C36: 10 | D36: 9 | E36: 2 | F36: 10 | G36: 0 | H36: 0 | I36: 4 | J36: 0 | K36: 0 | L36: 1 | M36: 65 | N36: 0 | O36: =SUM(C36:L36,N36) -> 36 | P36: =SUM(C36:N36) -> 101
B37: 13.45 - 14.00 | C37: 11 | D37: 6 | E37: 3 | F37: 7 | G37: 1 | H37: 0 | I37: 5 | J37: 3 | K37: 0 | L37: 0 | M37: 90 | N37: 0 | O37: =SUM(C37:L37,N37) -> 36 | P37: =SUM(C37:N37) -> 126
B38: 14.00 - 14.15 | C38: 11 | D38: 4 | E38: 5 | F38: 5 | G38: 1 | H38: 0 | I38: 11 | J38: 0 | K38: 0 | L38: 0 | M38: 90 | N38: 0 | O38: =SUM(C38:L38,N38) -> 37 | P38: =SUM(C38:N38) -> 127
B39: 14.15 - 14.30 | C39: 11 | D39: 1 | E39: 3 | F39: 8 | G39: 1 | H39: 0 | I39: 2 | J39: 1 | K39: 0 | L39: 1 | M39: 104 | N39: 0 | O39: =SUM(C39:L39,N39) -> 28 | P39: =SUM(C39:N39) -> 132
B40: 14.30 - 14.45 | C40: 6 | D40: 7 | E40: 2 | F40: 3 | G40: 0 | H40: 0 | I40: 5 | J40: 1 | K40: 0 | L40: 0 | M40: 72 | N40: 0 | O40: =SUM(C40:L40,N40) -> 24 | P40: =SUM(C40:N40) -> 96
... B57: 18.45 - 19.00 | C57: 61 | D57: 15 | E57: 3 | F57: 24 | G57: 2 | H57: 0 | I57: 16 | J57: 1 | K57: 0 | L57: 0 | M57: 92 | N57: 0 | O57: =SUM(C57:L57,N57) -> 122 | P57: =SUM(C57:N57) -> 214
B58: Totals | C58: =SUM(C10:C57) -> 814 | D58: =SUM(D10:D57) -> 298 | E58: =SUM(E10:E57) -> 142 | F58: =SUM(F10:F57) -> 487 | G58: =SUM(G10:G57) -> 26 | H58: =SUM(H10:H57) -> 0 | I58: =SUM(I10:I57) -> 329 | J58: =SUM(J10:J57) -> 48 | ... P58: =SUM(P10:P57) -> 6053
B59: %ges + MCs | C59: =C58/$P$58 -> 0.13447877 | D59: =D58/$P$58 -> 0.049231786 | E59: =E58/$P$58 -> 0.023459442 | F59: =F58/$P$58 -> 0.080455972 | G59: =G58/$P$58 -> 0.0042953907 | H59: =H58/$P$58 -> 0 | I59: =I58/$P$58 -> 0.054353213 | J59: =J58/$P$58 -> 0.0079299521 | ... N59: =N58/$P$58 -> 0
B60: %ges w/o MCs | C60: =C58/$O$58 -> 0.37755102 | D60: =D58/$O$58 -> 0.13821892 | E60: =E58/$O$58 -> 0.065862709 | F60: =F58/$O$58 -> 0.22588126 | G60: =G58/$O$58 -> 0.012059369 | H60: =H58/$O$58 -> 0 | I60: =I58/$O$58 -> 0.1525974 | J60: =J58/$O$58 -> 0.022263451 | ... L60: =L58/$O$58 -> 0.0013914657 | N60: =N58/$O$58 -> 0

Sheet 4.11 MUKONO-KATOSI
B1: Consultancy services for Preparation of Expressway Development Master Plan (EDMP) for Uganda
B2: MANUAL CLASSIFIED COUNT (MCC)
B3: ROAD NAME: | C3: ='29.10-MUKONO-KATOSI'!C3:G3 -> MCC - C2 - STN077 - KATOSI ROAD
C5: Date | D5: 4.11.2019 | F5: Location | G5: ='2.11 MUKONO-KATOSI 24hr'!G5:H5 -> SHELL PETROL STATION | J5: Surveyor | K5: KIRABO D
C6: Dir. From | D6: ='29.10-MUKONO-KATOSI'!D6:E6 -> MUKONO | F6: Dir. To | G6: ='29.10-MUKONO-KATOSI'!G6:H6 -> KATOSI | J6: Supervisor | K6: ='2.11 MUKONO-KATOSI 24hr'!K6:L6 -> VICTOR M
B8: Time / Veh Type | R8: SUMMARY TRAFFIC VOLUMES
C9: 1. Car | D9: 2. Station Wagon | E9: 3. Pickups | F9: 4. Minibus, matatu | G9: 5. Medium bus | H9: 6. Large Bus | I9: 7. Light Truck | J9: 8. Medium Truck | K9: 9. Heavy truck | L9: 10. Truck Trailer | M9: 11. Motor cycles | N9: 12. Tractors | O9: Total Excl M/Cycles | P9: Total All | R9: Time | S9: 1. Car | T9: 2. Station Wagon | U9: 3. Pickups | V9: 4. Minibus, matatu | W9: 5. Medium bus | X9: 6. Large Bus | Y9: 7. Light Truck | Z9: 8. Medium Truck | AA9: 9. Heavy truck | AB9: 10. Truck Trailer | AC9: 11. Motorcycles | AD9: 12. Tractors, Graders | AE9: Total Excl M/ Cycles | AF9: Total All
B10: 07.00 - 07.15 | C10: 6 | D10: 1 | E10: 4 | F10: 5 | G10: 1 | H10: 0 | I10: 2 | J10: 4 | K10: 0 | L10: 1 | M10: 101 | N10: 0 | O10: =SUM(C10:L10,N10) -> 24 | P10: =SUM(C10:N10) -> 125 | R10: 0700-0800 | S10: =SUM(C10:C13) -> 47 | T10: =SUM(D10:D13) -> 19 | U10: =SUM(E10:E13) -> 10 | V10: =SUM(F10:F13) -> 21 | W10: =SUM(G10:G13) -> 3 | X10: =SUM(H10:H13) -> 0 | Y10: =SUM(I10:I13) -> 28 | Z10: =SUM(J10:J13) -> 7 | ... AF10: =SUM(P10:P13) -> 571
B11: 07.15 - 07.30 | C11: 9 | D11: 5 | E11: 4 | F11: 5 | G11: 0 | H11: 0 | I11: 6 | J11: 0 | K11: 0 | L11: 0 | M11: 98 | N11: 0 | O11: =SUM(C11:L11,N11) -> 29 | P11: =SUM(C11:N11) -> 127 | R11: 0800-0900 | S11: =SUM(C14:C17) -> 47 | T11: =SUM(D14:D17) -> 25 | U11: =SUM(E14:E17) -> 18 | V11: =SUM(F14:F17) -> 37 | W11: =SUM(G14:G17) -> 2 | X11: =SUM(H14:H17) -> 0 | Y11: =SUM(I14:I17) -> 28 | Z11: =SUM(J14:J17) -> 9 | ... AF11: =SUM(P14:P17) -> 620
B12: 07.30 - 07.45 | C12: 12 | D12: 5 | E12: 1 | F12: 7 | G12: 2 | H12: 0 | I12: 14 | J12: 1 | K12: 0 | L12: 0 | M12: 116 | N12: 0 | O12: =SUM(C12:L12,N12) -> 42 | P12: =SUM(C12:N12) -> 158 | R12: 0900-1000 | S12: =SUM(C18:C21) -> 43 | T12: =SUM(D18:D21) -> 28 | U12: =SUM(E18:E21) -> 23 | V12: =SUM(F18:F21) -> 28 | W12: =SUM(G18:G21) -> 2 | X12: =SUM(H18:H21) -> 0 | Y12: =SUM(I18:I21) -> 43 | Z12: =SUM(J18:J21) -> 10 | ... AF12: =SUM(P18:P21) -> 648
B13: 07.45 - 08.00 | C13: 20 | D13: 8 | E13: 1 | F13: 4 | G13: 0 | H13: 0 | I13: 6 | J13: 2 | K13: 0 | L13: 2 | M13: 118 | N13: 0 | O13: =SUM(C13:L13,N13) -> 43 | P13: =SUM(C13:N13) -> 161 | R13: 1000-1100 | S13: =SUM(C22:C25) -> 39 | T13: =SUM(D22:D25) -> 29 | U13: =SUM(E22:E25) -> 15 | V13: =SUM(F22:F25) -> 33 | W13: =SUM(G22:G25) -> 2 | X13: =SUM(H22:H25) -> 0 | Y13: =SUM(I22:I25) -> 39 | Z13: =SUM(J22:J25) -> 6 | ... AF13: =SUM(P22:P25) -> 523
B14: 08.00 - 08.15 | C14: 11 | D14: 6 | E14: 5 | F14: 11 | G14: 0 | H14: 0 | I14: 4 | J14: 0 | K14: 2 | L14: 1 | M14: 127 | N14: 0 | O14: =SUM(C14:L14,N14) -> 40 | P14: =SUM(C14:N14) -> 167 | R14: 1100-1200 | S14: =SUM(C26:C29) -> 37 | T14: =SUM(D26:D29) -> 24 | U14: =SUM(E26:E29) -> 12 | V14: =SUM(F26:F29) -> 25 | W14: =SUM(G26:G29) -> 2 | X14: =SUM(H26:H29) -> 0 | Y14: =SUM(I26:I29) -> 30 | Z14: =SUM(J26:J29) -> 8 | ... AF14: =SUM(P26:P29) -> 582
B15: 08.15 - 08.30 | C15: 17 | D15: 8 | E15: 6 | F15: 8 | G15: 1 | H15: 0 | I15: 8 | J15: 3 | K15: 1 | L15: 1 | M15: 102 | N15: 0 | O15: =SUM(C15:L15,N15) -> 53 | P15: =SUM(C15:N15) -> 155 | R15: 1200-1300 | S15: =SUM(C30:C33) -> 48 | T15: =SUM(D30:D33) -> 24 | U15: =SUM(E30:E33) -> 13 | V15: =SUM(F30:F33) -> 27 | W15: =SUM(G30:G33) -> 0 | X15: =SUM(H30:H33) -> 0 | Y15: =SUM(I30:I33) -> 37 | Z15: =SUM(J30:J33) -> 10 | ... AF15: =SUM(P30:P33) -> 575
B16: 08.30 - 08.45 | C16: 10 | D16: 3 | E16: 4 | F16: 10 | G16: 0 | H16: 0 | I16: 7 | J16: 4 | K16: 1 | L16: 1 | M16: 107 | N16: 0 | O16: =SUM(C16:L16,N16) -> 40 | P16: =SUM(C16:N16) -> 147 | R16: 1300-1400 | S16: =SUM(C34:C37) -> 43 | T16: =SUM(D34:D37) -> 18 | U16: =SUM(E34:E37) -> 11 | V16: =SUM(F34:F37) -> 34 | W16: =SUM(G34:G37) -> 2 | X16: =SUM(H34:H37) -> 0 | Y16: =SUM(I34:I37) -> 29 | Z16: =SUM(J34:J37) -> 11 | ... AF16: =SUM(P34:P37) -> 580
B17: 08.45 - 9.00 | C17: 9 | D17: 8 | E17: 3 | F17: 8 | G17: 1 | H17: 0 | I17: 9 | J17: 2 | K17: 0 | L17: 1 | M17: 110 | N17: 0 | O17: =SUM(C17:L17,N17) -> 41 | P17: =SUM(C17:N17) -> 151 | R17: 1400-1500 | S17: =SUM(C38:C41) -> 37 | T17: =SUM(D38:D41) -> 18 | U17: =SUM(E38:E41) -> 21 | V17: =SUM(F38:F41) -> 25 | W17: =SUM(G38:G41) -> 1 | X17: =SUM(H38:H41) -> 0 | Y17: =SUM(I38:I41) -> 26 | Z17: =SUM(J38:J41) -> 15 | ... AF17: =SUM(P38:P41) -> 501
B18: 09.00 - 09.15 | C18: 11 | D18: 3 | E18: 5 | F18: 8 | G18: 1 | H18: 0 | I18: 11 | J18: 4 | K18: 1 | L18: 0 | M18: 133 | N18: 0 | O18: =SUM(C18:L18,N18) -> 44 | P18: =SUM(C18:N18) -> 177 | R18: 1500-1600 | S18: =SUM(C42:C45) -> 57 | T18: =SUM(D42:D45) -> 67 | U18: =SUM(E42:E45) -> 19 | V18: =SUM(F42:F45) -> 27 | W18: =SUM(G42:G45) -> 1 | X18: =SUM(H42:H45) -> 1 | Y18: =SUM(I42:I45) -> 23 | Z18: =SUM(J42:J45) -> 12 | ... AF18: =SUM(P42:P45) -> 700
B19: 09.15 - 09.30 | C19: 10 | D19: 8 | E19: 8 | F19: 6 | G19: 0 | H19: 0 | I19: 6 | J19: 0 | K19: 0 | L19: 2 | M19: 106 | N19: 0 | O19: =SUM(C19:L19,N19) -> 40 | P19: =SUM(C19:N19) -> 146 | R19: 1600-1700 | S19: =SUM(C46:C49) -> 40 | T19: =SUM(D46:D49) -> 33 | U19: =SUM(E46:E49) -> 12 | V19: =SUM(F46:F49) -> 29 | W19: =SUM(G46:G49) -> 2 | X19: =SUM(H46:H49) -> 0 | Y19: =SUM(I46:I49) -> 27 | Z19: =SUM(J46:J49) -> 10 | ... AF19: =SUM(P46:P49) -> 498
B20: 09.30 - 09.45 | C20: 12 | D20: 6 | E20: 1 | F20: 7 | G20: 1 | H20: 0 | I20: 17 | J20: 4 | K20: 1 | L20: 1 | M20: 98 | N20: 1 | O20: =SUM(C20:L20,N20) -> 51 | P20: =SUM(C20:N20) -> 149 | R20: 1700-1800 | S20: =SUM(C50:C53) -> 58 | T20: =SUM(D50:D53) -> 17 | U20: =SUM(E50:E53) -> 11 | V20: =SUM(F50:F53) -> 40 | W20: =SUM(G50:G53) -> 3 | X20: =SUM(H50:H53) -> 0 | Y20: =SUM(I50:I53) -> 32 | Z20: =SUM(J50:J53) -> 10 | ... AF20: =SUM(P50:P53) -> 582
B21: 09.45 - 10.00 | C21: 10 | D21: 11 | E21: 9 | F21: 7 | G21: 0 | H21: 0 | I21: 9 | J21: 2 | K21: 1 | L21: 0 | M21: 127 | N21: 0 | O21: =SUM(C21:L21,N21) -> 49 | P21: =SUM(C21:N21) -> 176 | R21: 1800-1900 | S21: =SUM(C54:C57) -> 44 | T21: =SUM(D54:D57) -> 27 | U21: =SUM(E54:E57) -> 10 | V21: =SUM(F54:F57) -> 33 | W21: =SUM(G54:G57) -> 1 | X21: =SUM(H54:H57) -> 0 | Y21: =SUM(I54:I57) -> 36 | Z21: =SUM(J54:J57) -> 5 | ... AF21: =SUM(P54:P57) -> 572
B22: 10.00 - 10.15 | C22: 13 | D22: 6 | E22: 3 | F22: 11 | G22: 0 | H22: 0 | I22: 11 | J22: 3 | K22: 2 | L22: 1 | M22: 81 | N22: 0 | O22: =SUM(C22:L22,N22) -> 50 | P22: =SUM(C22:N22) -> 131 | R22: AM Peak Hr | S22: =MAX(S10:S12) -> 47 | T22: =MAX(T10:T12) -> 28 | U22: =MAX(U10:U12) -> 23 | V22: =MAX(V10:V12) -> 37 | W22: =MAX(W10:W12) -> 3 | X22: =MAX(X10:X12) -> 0 | Y22: =MAX(Y10:Y12) -> 43 | Z22: =MAX(Z10:Z12) -> 10 | ... AF22: =MAX(AF10:AF12) -> 648
B23: 10.15 - 10.30 | C23: 12 | D23: 11 | E23: 4 | F23: 7 | G23: 1 | H23: 0 | I23: 10 | J23: 1 | K23: 2 | L23: 2 | M23: 90 | N23: 0 | O23: =SUM(C23:L23,N23) -> 50 | P23: =SUM(C23:N23) -> 140 | R23: IP Peak Hr | S23: =MAX(S13:S18) -> 57 | T23: =MAX(T13:T18) -> 67 | U23: =MAX(U13:U18) -> 21 | V23: =MAX(V13:V18) -> 34 | W23: =MAX(W13:W18) -> 2 | X23: =MAX(X13:X18) -> 1 | Y23: =MAX(Y13:Y18) -> 39 | Z23: =MAX(Z13:Z18) -> 15 | ... AF23: =MAX(AF13:AF18) -> 700
B24: 10.30 - 10.45 | C24: 9 | D24: 7 | E24: 6 | F24: 6 | G24: 0 | H24: 0 | I24: 9 | J24: 1 | K24: 2 | L24: 3 | M24: 98 | N24: 0 | O24: =SUM(C24:L24,N24) -> 43 | P24: =SUM(C24:N24) -> 141 | R24: PM Peak Hr | S24: =MAX(S19:S21) -> 58 | T24: =MAX(T19:T21) -> 33 | U24: =MAX(U19:U21) -> 12 | V24: =MAX(V19:V21) -> 40 | W24: =MAX(W19:W21) -> 3 | X24: =MAX(X19:X21) -> 0 | Y24: =MAX(Y19:Y21) -> 36 | Z24: =MAX(Z19:Z21) -> 10 | ... AF24: =MAX(AF19:AF21) -> 582
B25: 10.45 - 11.00 | C25: 5 | D25: 5 | E25: 2 | F25: 9 | G25: 1 | H25: 0 | I25: 9 | J25: 1 | K25: 0 | L25: 0 | M25: 79 | N25: 0 | O25: =SUM(C25:L25,N25) -> 32 | P25: =SUM(C25:N25) -> 111 | R25: AM Period | S25: =SUM(S10:S12) -> 137 | T25: =SUM(T10:T12) -> 72 | U25: =SUM(U10:U12) -> 51 | V25: =SUM(V10:V12) -> 86 | W25: =SUM(W10:W12) -> 7 | X25: =SUM(X10:X12) -> 0 | Y25: =SUM(Y10:Y12) -> 99 | Z25: =SUM(Z10:Z12) -> 26 | ... AF25: =SUM(AF10:AF12) -> 1839
B26: 11.00 - 11.15 | C26: 4 | D26: 4 | E26: 1 | F26: 4 | G26: 1 | H26: 0 | I26: 8 | J26: 2 | K26: 2 | L26: 1 | M26: 108 | N26: 0 | O26: =SUM(C26:L26,N26) -> 27 | P26: =SUM(C26:N26) -> 135 | R26: IP Period | S26: =SUM(S13:S18) -> 261 | T26: =SUM(T13:T18) -> 180 | U26: =SUM(U13:U18) -> 91 | V26: =SUM(V13:V18) -> 171 | W26: =SUM(W13:W18) -> 8 | X26: =SUM(X13:X18) -> 1 | Y26: =SUM(Y13:Y18) -> 184 | Z26: =SUM(Z13:Z18) -> 62 | ... AF26: =SUM(AF13:AF18) -> 3461
B27: 11.15 - 11.30 | C27: 10 | D27: 7 | E27: 4 | F27: 8 | G27: 0 | H27: 0 | I27: 8 | J27: 2 | K27: 0 | L27: 1 | M27: 102 | N27: 0 | O27: =SUM(C27:L27,N27) -> 40 | P27: =SUM(C27:N27) -> 142 | R27: PM Period | S27: =SUM(S19:S21) -> 142 | T27: =SUM(T19:T21) -> 77 | U27: =SUM(U19:U21) -> 33 | V27: =SUM(V19:V21) -> 102 | W27: =SUM(W19:W21) -> 6 | X27: =SUM(X19:X21) -> 0 | Y27: =SUM(Y19:Y21) -> 95 | Z27: =SUM(Z19:Z21) -> 25 | ... AF27: =SUM(AF19:AF21) -> 1652
B28: 11.30 - 11.45 | C28: 11 | D28: 8 | E28: 4 | F28: 7 | G28: 1 | H28: 0 | I28: 6 | J28: 1 | K28: 1 | L28: 0 | M28: 124 | N28: 0 | O28: =SUM(C28:L28,N28) -> 39 | P28: =SUM(C28:N28) -> 163 | R28: 12 Hours | S28: =SUM(S10:S21) -> 540 | T28: =SUM(T10:T21) -> 329 | U28: =SUM(U10:U21) -> 175 | V28: =SUM(V10:V21) -> 359 | W28: =SUM(W10:W21) -> 21 | X28: =SUM(X10:X21) -> 1 | Y28: =SUM(Y10:Y21) -> 378 | Z28: =SUM(Z10:Z21) -> 113 | ... AF28: =SUM(AF10:AF21) -> 6952
B29: 11.45 - 12.00 | C29: 12 | D29: 5 | E29: 3 | F29: 6 | G29: 0 | H29: 0 | I29: 8 | J29: 3 | K29: 1 | L29: 1 | M29: 103 | N29: 0 | O29: =SUM(C29:L29,N29) -> 39 | P29: =SUM(C29:N29) -> 142
B30: 12.00 - 12.15 | C30: 15 | D30: 7 | E30: 2 | F30: 10 | G30: 0 | H30: 0 | I30: 12 | J30: 2 | K30: 3 | L30: 2 | M30: 107 | N30: 0 | O30: =SUM(C30:L30,N30) -> 53 | P30: =SUM(C30:N30) -> 160
B31: 12.15 - 12.30 | C31: 10 | D31: 8 | E31: 4 | F31: 9 | G31: 0 | H31: 0 | I31: 7 | J31: 2 | K31: 1 | L31: 1 | M31: 115 | N31: 0 | O31: =SUM(C31:L31,N31) -> 42 | P31: =SUM(C31:N31) -> 157
B32: 12.30 - 12.45 | C32: 12 | D32: 5 | E32: 0 | F32: 5 | G32: 0 | H32: 0 | I32: 9 | J32: 2 | K32: 1 | L32: 1 | M32: 83 | N32: 1 | O32: =SUM(C32:L32,N32) -> 36 | P32: =SUM(C32:N32) -> 119
B33: 12.45 - 13.00 | C33: 11 | D33: 4 | E33: 7 | F33: 3 | G33: 0 | H33: 0 | I33: 9 | J33: 4 | K33: 2 | L33: 3 | M33: 96 | N33: 0 | O33: =SUM(C33:L33,N33) -> 43 | P33: =SUM(C33:N33) -> 139
B34: 13.00 - 13.15 | C34: 14 | D34: 3 | E34: 4 | F34: 7 | G34: 0 | H34: 0 | I34: 6 | J34: 3 | K34: 0 | L34: 1 | M34: 113 | N34: 0 | O34: =SUM(C34:L34,N34) -> 38 | P34: =SUM(C34:N34) -> 151
B35: 13.15 - 13.30 | C35: 10 | D35: 5 | E35: 2 | F35: 7 | G35: 1 | H35: 0 | I35: 7 | J35: 1 | K35: 2 | L35: 1 | M35: 116 | N35: 0 | O35: =SUM(C35:L35,N35) -> 36 | P35: =SUM(C35:N35) -> 152
B36: 13.30 - 13.45 | C36: 10 | D36: 5 | E36: 2 | F36: 7 | G36: 1 | H36: 0 | I36: 10 | J36: 3 | K36: 1 | L36: 0 | M36: 100 | N36: 0 | O36: =SUM(C36:L36,N36) -> 39 | P36: =SUM(C36:N36) -> 139
B37: 13.45 - 14.00 | C37: 9 | D37: 5 | E37: 3 | F37: 13 | G37: 0 | H37: 0 | I37: 6 | J37: 4 | K37: 0 | L37: 0 | M37: 98 | N37: 0 | O37: =SUM(C37:L37,N37) -> 40 | P37: =SUM(C37:N37) -> 138
B38: 14.00 - 14.15 | C38: 7 | D38: 3 | E38: 5 | F38: 6 | G38: 1 | H38: 0 | I38: 13 | J38: 2 | K38: 0 | L38: 1 | M38: 80 | N38: 0 | O38: =SUM(C38:L38,N38) -> 38 | P38: =SUM(C38:N38) -> 118
B39: 14.15 - 14.30 | C39: 14 | D39: 5 | E39: 5 | F39: 6 | G39: 0 | H39: 0 | I39: 7 | J39: 5 | K39: 1 | L39: 0 | M39: 107 | N39: 0 | O39: =SUM(C39:L39,N39) -> 43 | P39: =SUM(C39:N39) -> 150
B40: 14.30 - 14.45 | C40: 13 | D40: 6 | E40: 5 | F40: 8 | G40: 0 | H40: 0 | I40: 3 | J40: 4 | K40: 4 | L40: 2 | M40: 107 | N40: 0 | O40: =SUM(C40:L40,N40) -> 45 | P40: =SUM(C40:N40) -> 152
... B57: 18.45 - 19.00 | C57: 14 | D57: 9 | E57: 2 | F57: 7 | G57: 1 | H57: 0 | I57: 6 | J57: 1 | K57: 1 | L57: 1 | M57: 115 | N57: 0 | O57: =SUM(C57:L57,N57) -> 42 | P57: =SUM(C57:N57) -> 157
B58: Totals | C58: =SUM(C10:C57) -> 540 | D58: =SUM(D10:D57) -> 329 | E58: =SUM(E10:E57) -> 175 | F58: =SUM(F10:F57) -> 359 | G58: =SUM(G10:G57) -> 21 | H58: =SUM(H10:H57) -> 1 | I58: =SUM(I10:I57) -> 378 | J58: =SUM(J10:J57) -> 113 | ... P58: =SUM(P10:P57) -> 6952
B59: %ges + MCs | C59: =C58/$P$58 -> 0.077675489 | D59: =D58/$P$58 -> 0.047324511 | E59: =E58/$P$58 -> 0.025172612 | F59: =F58/$P$58 -> 0.051639816 | G59: =G58/$P$58 -> 0.0030207135 | H59: =H58/$P$58 -> 0.0001438435 | I59: =I58/$P$58 -> 0.054372842 | J59: =J58/$P$58 -> 0.016254315 | ... N59: =N58/$P$58 -> 0.00043153049
B60: %ges w/o MCs | C60: =C58/$O$58 -> 0.26852312 | D60: =D58/$O$58 -> 0.1636002 | E60: =E58/$O$58 -> 0.087021382 | F60: =F58/$O$58 -> 0.17851815 | G60: =G58/$O$58 -> 0.010442566 | H60: =H58/$O$58 -> 0.00049726504 | I60: =I58/$O$58 -> 0.18796619 | J60: =J58/$O$58 -> 0.05619095 | ... L60: =L58/$O$58 -> 0.020885132 | N60: =N58/$O$58 -> 0.0014917951

Sheet 4.11 KATOSI-MUKONO
B1: Consultancy services for Preparation of Expressway Development Master Plan (EDMP) for Uganda
B2: MANUAL CLASSIFIED COUNT (MCC)
B3: ROAD NAME: | C3: ='29.10 KATOSI-MUKONO'!C3:G3 -> MCC - C2 - STN077 - KATOSI ROAD
C5: Date | D5: ='4.11 MUKONO-KATOSI'!D5 -> 4.11.2019 | F5: Location | G5: ='4.11 MUKONO-KATOSI'!G5:H5 -> SHELL PETROL STATION | J5: Surveyor | K5: MOSES
C6: Dir. From | D6: ='29.10 KATOSI-MUKONO'!D6:E6 -> KATOSI | F6: Dir. To | G6: ='29.10 KATOSI-MUKONO'!G6:H6 -> MUKONO | J6: Supervisor | K6: ='4.11 MUKONO-KATOSI'!K6:L6 -> VICTOR M
B8: Time / Veh Type | R8: SUMMARY TRAFFIC VOLUMES
C9: 1. Car | D9: 2. Station Wagon | E9: 3. Pickups | F9: 4. Minibus, matatu | G9: 5. Medium bus | H9: 6. Large Bus | I9: 7. Light Truck | J9: 8. Medium Truck | K9: 9. Heavy truck | L9: 10. Truck Trailer | M9: 11. Motor cycles | N9: 12. Tractors | O9: Total Excl M/Cycles | P9: Total All | R9: Time | S9: 1. Car | T9: 2. Station Wagon | U9: 3. Pickups | V9: 4. Minibus, matatu | W9: 5. Medium bus | X9: 6. Large Bus | Y9: 7. Light Truck | Z9: 8. Medium Truck | AA9: 9. Heavy truck | AB9: 10. Truck Trailer | AC9: 11. Motorcycles | AD9: 12. Tractors, Graders | AE9: Total Excl M/ Cycles | AF9: Total All
B10: 07.00 - 07.15 | C10: 13 | D10: 2 | E10: 1 | F10: 10 | G10: 0 | H10: 0 | I10: 4 | J10: 1 | K10: 1 | L10: 0 | M10: 103 | N10: 0 | O10: =SUM(C10:L10,N10) -> 32 | P10: =SUM(C10:N10) -> 135 | R10: 0700-0800 | S10: =SUM(C10:C13) -> 53 | T10: =SUM(D10:D13) -> 12 | U10: =SUM(E10:E13) -> 5 | V10: =SUM(F10:F13) -> 46 | W10: =SUM(G10:G13) -> 6 | X10: =SUM(H10:H13) -> 0 | Y10: =SUM(I10:I13) -> 12 | Z10: =SUM(J10:J13) -> 6 | ... AF10: =SUM(P10:P13) -> 509
B11: 07.15 - 07.30 | C11: 14 | D11: 3 | E11: 2 | F11: 11 | G11: 3 | H11: 0 | I11: 1 | J11: 2 | K11: 1 | L11: 0 | M11: 106 | N11: 0 | O11: =SUM(C11:L11,N11) -> 37 | P11: =SUM(C11:N11) -> 143 | R11: 0800-0900 | S11: =SUM(C14:C17) -> 33 | T11: =SUM(D14:D17) -> 15 | U11: =SUM(E14:E17) -> 10 | V11: =SUM(F14:F17) -> 33 | W11: =SUM(G14:G17) -> 3 | X11: =SUM(H14:H17) -> 0 | Y11: =SUM(I14:I17) -> 20 | Z11: =SUM(J14:J17) -> 4 | ... AF11: =SUM(P14:P17) -> 491
B12: 07.30 - 07.45 | C12: 16 | D12: 1 | E12: 1 | F12: 14 | G12: 2 | H12: 0 | I12: 3 | J12: 1 | K12: 0 | L12: 0 | M12: 75 | N12: 0 | O12: =SUM(C12:L12,N12) -> 38 | P12: =SUM(C12:N12) -> 113 | R12: 0900-1000 | S12: =SUM(C18:C21) -> 39 | T12: =SUM(D18:D21) -> 11 | U12: =SUM(E18:E21) -> 9 | V12: =SUM(F18:F21) -> 49 | W12: =SUM(G18:G21) -> 2 | X12: =SUM(H18:H21) -> 0 | Y12: =SUM(I18:I21) -> 30 | Z12: =SUM(J18:J21) -> 7 | ... AF12: =SUM(P18:P21) -> 579
B13: 07.45 - 08.00 | C13: 10 | D13: 6 | E13: 1 | F13: 11 | G13: 1 | H13: 0 | I13: 4 | J13: 2 | K13: 1 | L13: 0 | M13: 82 | N13: 0 | O13: =SUM(C13:L13,N13) -> 36 | P13: =SUM(C13:N13) -> 118 | R13: 1000-1100 | S13: =SUM(C22:C25) -> 41 | T13: =SUM(D22:D25) -> 8 | U13: =SUM(E22:E25) -> 11 | V13: =SUM(F22:F25) -> 28 | W13: =SUM(G22:G25) -> 0 | X13: =SUM(H22:H25) -> 0 | Y13: =SUM(I22:I25) -> 32 | Z13: =SUM(J22:J25) -> 8 | ... AF13: =SUM(P22:P25) -> 557
