Workbook

Sheet 1.10. Nakivubo-ShopriteC1 L1
B1: Traffic Impact Assessment for Kikapu project
B2: MANUAL CLASSIFIED COUNT (MCC)
B3: ROAD NAME: | C3: TURN C1-C2-C3
C5: Date | D5: 1.10.19 | E5: Location | F5: CLOCK TOWER JUNCTION | I5: Surveyor | J5: Babirye P,Muganga S,
C6: Dir. From | D6: NAKIVUBO | E6: Dir. To | F6: SHOPRITE | I6: Supervisor | J6: Lawrence
B8: Time / Veh Type | P8: SUMMARY TRAFFIC VOLUMES
C9: 1. Private Car | D9: 3. Pickups/four wheel drive | E9: 4. Minibus, matatu | F9: 5. Medium bus/ coaster | G9: 6. Large Bus/coach | H9: 7. Light Truck | I9: 8. Medium Truck | J9: 9. Heavy truck | K9: 10. Truck Trailer | L9: 11. Motor cycles | M9: Total Excl M/Cycles | N9: Total All | P9: Time | Q9: 1. Car | R9: 3. Pickups | S9: 4. Minibus, matatu | T9: 5. Medium bus | U9: 6. Large Bus | V9: 7. Light Truck | W9: 8. Medium Truck | X9: 9. Heavy truck | Y9: 10. Truck Trailer | Z9: 11. Motorcycles | AA9: Total Excl M/ Cycles | AB9: Total All
B10: 06.00 - 06.15 | C10: 67 | D10: 42 | E10: 32 | F10: 3 | G10: 0 | H10: 2 | I10: 0 | J10: 0 | K10: 0 | L10: 108 | M10: =SUM(C10:K10) -> 146 | N10: =SUM(C10:L10) -> 254 | P10: 06.00 - 06.15 | Q10: =SUM(C10:C13) -> 292 | R10: =SUM(D10:D13) -> 145 | S10: =SUM(E10:E13) -> 156 | T10: =SUM(F10:F13) -> 4 | U10: =SUM(G10:G13) -> 0 | V10: =SUM(H10:H13) -> 14 | W10: =SUM(I10:I13) -> 9 | X10: =SUM(J10:J13) -> 3 | ... AB10: =SUM(N10:N13) -> 1352
B11: 06.15 - 06.30 | C11: 60 | D11: 26 | E11: 43 | F11: 1 | G11: 0 | H11: 4 | I11: 7 | J11: 2 | K11: 0 | L11: 153 | M11: =SUM(C11:K11) -> 143 | N11: =SUM(C11:L11) -> 296 | P11: 0700-0800 | Q11: =SUM(C14:C17) -> 255 | R11: =SUM(D14:D17) -> 195 | S11: =SUM(E14:E17) -> 15 | T11: =SUM(F14:F17) -> 1 | U11: =SUM(G14:G17) -> 4 | V11: =SUM(H14:H17) -> 5 | W11: =SUM(I14:I17) -> 3 | X11: =SUM(J14:J17) -> 2 | ... AB11: =SUM(N14:N17) -> 1507
B12: 06.30 - 06.45 | C12: 60 | D12: 28 | E12: 24 | F12: 0 | G12: 0 | H12: 5 | I12: 1 | J12: 1 | K12: 0 | L12: 213 | M12: =SUM(C12:K12) -> 119 | N12: =SUM(C12:L12) -> 332 | P12: 0800-0900 | Q12: =SUM(C18:C21) -> 299 | R12: =SUM(D18:D21) -> 218 | S12: =SUM(E18:E21) -> 43 | T12: =SUM(F18:F21) -> 2 | U12: =SUM(G18:G21) -> 1 | V12: =SUM(H18:H21) -> 8 | W12: =SUM(I18:I21) -> 0 | X12: =SUM(J18:J21) -> 2 | ... AB12: =SUM(N18:N21) -> 1794
B13: 06.45 - 07.00 | C13: 105 | D13: 49 | E13: 57 | F13: 0 | G13: 0 | H13: 3 | I13: 1 | J13: 0 | K13: 0 | L13: 255 | M13: =SUM(C13:K13) -> 215 | N13: =SUM(C13:L13) -> 470 | P13: 0900-1000 | Q13: =SUM(C22:C25) -> 157 | R13: =SUM(D22:D25) -> 136 | S13: =SUM(E22:E25) -> 75 | T13: =SUM(F22:F25) -> 1 | U13: =SUM(G22:G25) -> 2 | V13: =SUM(H22:H25) -> 15 | W13: =SUM(I22:I25) -> 5 | X13: =SUM(J22:J25) -> 4 | ... AB13: =SUM(N22:N25) -> 1556
B14: 07.00 - 07.15 | C14: 75 | D14: 54 | E14: 6 | F14: 1 | G14: 1 | H14: 1 | I14: 0 | J14: 1 | K14: 0 | L14: 230 | M14: =SUM(C14:K14) -> 139 | N14: =SUM(C14:L14) -> 369 | P14: 1000-1100 | Q14: =SUM(C26:C29) -> 125 | R14: =SUM(D26:D29) -> 118 | S14: =SUM(E26:E29) -> 111 | T14: =SUM(F26:F29) -> 1 | U14: =SUM(G26:G29) -> 2 | V14: =SUM(H26:H29) -> 27 | W14: =SUM(I26:I29) -> 16 | X14: =SUM(J26:J29) -> 10 | ... AB14: =SUM(N26:N29) -> 1448
B15: 07.15 - 07.30 | C15: 66 | D15: 54 | E15: 1 | F15: 0 | G15: 0 | H15: 0 | I15: 2 | J15: 1 | K15: 0 | L15: 248 | M15: =SUM(C15:K15) -> 124 | N15: =SUM(C15:L15) -> 372 | P15: 1100-1200 | Q15: =SUM(C30:C33) -> 128 | R15: =SUM(D30:D33) -> 115 | S15: =SUM(E30:E33) -> 159 | T15: =SUM(F30:F33) -> 1 | U15: =SUM(G30:G33) -> 1 | V15: =SUM(H30:H33) -> 29 | W15: =SUM(I30:I33) -> 25 | X15: =SUM(J30:J33) -> 4 | ... AB15: =SUM(N30:N33) -> 1396
B16: 07.30 - 07.45 | C16: 45 | D16: 42 | E16: 2 | F16: 0 | G16: 2 | H16: 1 | I16: 1 | J16: 0 | K16: 0 | L16: 275 | M16: =SUM(C16:K16) -> 93 | N16: =SUM(C16:L16) -> 368 | P16: 1200-1300 | Q16: =SUM(C34:C37) -> 108 | R16: =SUM(D34:D37) -> 117 | S16: =SUM(E34:E37) -> 92 | T16: =SUM(F34:F37) -> 0 | U16: =SUM(G34:G37) -> 0 | V16: =SUM(H34:H37) -> 26 | W16: =SUM(I34:I37) -> 17 | X16: =SUM(J34:J37) -> 4 | ... AB16: =SUM(N34:N37) -> 1232
B17: 07.45 - 08.00 | C17: 69 | D17: 45 | E17: 6 | F17: 0 | G17: 1 | H17: 3 | I17: 0 | J17: 0 | K17: 1 | L17: 273 | M17: =SUM(C17:K17) -> 125 | N17: =SUM(C17:L17) -> 398 | P17: 1300-1400 | Q17: =SUM(C38:C41) -> 120 | R17: =SUM(D38:D41) -> 71 | S17: =SUM(E38:E41) -> 70 | T17: =SUM(F38:F41) -> 1 | U17: =SUM(G38:G41) -> 1 | V17: =SUM(H38:H41) -> 62 | W17: =SUM(I38:I41) -> 11 | X17: =SUM(J38:J41) -> 5 | ... AB17: =SUM(N38:N41) -> 1204
B18: 08.00 - 08.15 | C18: 111 | D18: 53 | E18: 25 | F18: 1 | G18: 0 | H18: 0 | I18: 0 | J18: 2 | K18: 0 | L18: 298 | M18: =SUM(C18:K18) -> 192 | N18: =SUM(C18:L18) -> 490 | P18: 1400-1500 | Q18: =SUM(C42:C45) -> 201 | R18: =SUM(D42:D45) -> 100 | S18: =SUM(E42:E45) -> 114 | T18: =SUM(F42:F45) -> 0 | U18: =SUM(G42:G45) -> 2 | V18: =SUM(H42:H45) -> 40 | W18: =SUM(I42:I45) -> 11 | X18: =SUM(J42:J45) -> 2 | ... AB18: =SUM(N42:N45) -> 1375
B19: 08.15 - 08.30 | C19: 66 | D19: 65 | E19: 7 | F19: 0 | G19: 0 | H19: 2 | I19: 0 | J19: 0 | K19: 0 | L19: 310 | M19: =SUM(C19:K19) -> 140 | N19: =SUM(C19:L19) -> 450 | P19: 1500-1600 | Q19: =SUM(C46:C49) -> 125 | R19: =SUM(D46:D49) -> 75 | S19: =SUM(E46:E49) -> 67 | T19: =SUM(F46:F49) -> 0 | U19: =SUM(G46:G49) -> 0 | V19: =SUM(H46:H49) -> 29 | W19: =SUM(I46:I49) -> 6 | X19: =SUM(J46:J49) -> 0 | ... AB19: =SUM(N46:N49) -> 787
B20: 08.30 - 08.45 | C20: 63 | D20: 54 | E20: 7 | F20: 0 | G20: 1 | H20: 3 | I20: 0 | J20: 0 | K20: 0 | L20: 285 | M20: =SUM(C20:K20) -> 128 | N20: =SUM(C20:L20) -> 413 | P20: 1600-1700 | Q20: =SUM(C50:C53) -> 158 | R20: =SUM(D50:D53) -> 85 | S20: =SUM(E50:E53) -> 127 | T20: =SUM(F50:F53) -> 0 | U20: =SUM(G50:G53) -> 2 | V20: =SUM(H50:H53) -> 31 | W20: =SUM(I50:I53) -> 9 | X20: =SUM(J50:J53) -> 2 | ... AB20: =SUM(N50:N53) -> 1377
B21: 08.45 - 9.00 | C21: 59 | D21: 46 | E21: 4 | F21: 1 | G21: 0 | H21: 3 | I21: 0 | J21: 0 | K21: 0 | L21: 328 | M21: =SUM(C21:K21) -> 113 | N21: =SUM(C21:L21) -> 441 | P21: 1700-1800 | Q21: =SUM(C54:C57) -> 130 | R21: =SUM(D54:D57) -> 66 | S21: =SUM(E54:E57) -> 112 | T21: =SUM(F54:F57) -> 5 | U21: =SUM(G54:G57) -> 0 | V21: =SUM(H54:H57) -> 32 | W21: =SUM(I54:I57) -> 10 | X21: =SUM(J54:J57) -> 1 | ... AB21: =SUM(N54:N57) -> 1422
B22: 09.00 - 09.15 | C22: 32 | D22: 39 | E22: 10 | F22: 1 | G22: 0 | H22: 2 | I22: 1 | J22: 1 | K22: 0 | L22: 233 | M22: =SUM(C22:K22) -> 86 | N22: =SUM(C22:L22) -> 319 | P22: 1800-1900 | Q22: =SUM(C58:C61) -> 81 | R22: =SUM(D58:D61) -> 42 | S22: =SUM(E58:E61) -> 92 | T22: =SUM(F58:F61) -> 3 | U22: =SUM(G58:G61) -> 6 | V22: =SUM(H58:H61) -> 17 | W22: =SUM(I58:I61) -> 5 | X22: =SUM(J58:J61) -> 1 | ... AB22: =SUM(N58:N61) -> 1189
B23: 09.15 - 09.30 | C23: 42 | D23: 32 | E23: 30 | F23: 0 | G23: 1 | H23: 3 | I23: 1 | J23: 0 | K23: 0 | L23: 310 | M23: =SUM(C23:K23) -> 109 | N23: =SUM(C23:L23) -> 419 | P23: 1900-2000 | Q23: =SUM(C62:C65) -> 107 | R23: =SUM(D62:D65) -> 61 | S23: =SUM(E62:E65) -> 115 | T23: =SUM(F62:F65) -> 4 | U23: =SUM(G62:G65) -> 3 | V23: =SUM(H62:H65) -> 18 | W23: =SUM(I62:I65) -> 7 | X23: =SUM(J62:J65) -> 3 | ... AB23: =SUM(N62:N65) -> 1377
B24: 09.30 - 09.45 | C24: 43 | D24: 25 | E24: 18 | F24: 0 | G24: 0 | H24: 8 | I24: 0 | J24: 2 | K24: 0 | L24: 338 | M24: =SUM(C24:K24) -> 96 | N24: =SUM(C24:L24) -> 434 | P24: 2000-2100 | Q24: =SUM(C66:C69) -> 88 | R24: =SUM(D66:D69) -> 51 | S24: =SUM(E66:E69) -> 152 | T24: =SUM(F66:F69) -> 3 | U24: =SUM(G66:G69) -> 0 | V24: =SUM(H66:H69) -> 19 | W24: =SUM(I66:I69) -> 4 | X24: =SUM(J66:J69) -> 2 | ... AB24: =SUM(N66:N69) -> 1202
B25: 09.45 - 10.00 | C25: 40 | D25: 40 | E25: 17 | F25: 0 | G25: 1 | H25: 2 | I25: 3 | J25: 1 | K25: 0 | L25: 280 | M25: =SUM(C25:K25) -> 104 | N25: =SUM(C25:L25) -> 384 | P25: 2100-2200 | Q25: =SUM(C70:C73) -> 98 | R25: =SUM(D70:D73) -> 72 | S25: =SUM(E70:E73) -> 121 | T25: =SUM(F70:F73) -> 3 | U25: =SUM(G70:G73) -> 0 | V25: =SUM(H70:H73) -> 18 | W25: =SUM(I70:I73) -> 2 | X25: =SUM(J70:J73) -> 1 | ... AB25: =SUM(N70:N73) -> 820
B26: 10.00 - 10.15 | C26: 32 | D26: 35 | E26: 35 | F26: 1 | G26: 1 | H26: 5 | I26: 4 | J26: 1 | K26: 0 | L26: 253 | M26: =SUM(C26:K26) -> 114 | N26: =SUM(C26:L26) -> 367 | P26: AM Peak Hr | Q26: =MAX(Q10:Q13) -> 299 | R26: =MAX(R10:R13) -> 218 | S26: =MAX(S10:S13) -> 156 | T26: =MAX(T10:T13) -> 4 | U26: =MAX(U10:U13) -> 4 | V26: =MAX(V10:V13) -> 15 | W26: =MAX(W10:W13) -> 9 | X26: =MAX(X10:X13) -> 4 | ... AB26: =MAX(AB10:AB13) -> 1794
B27: 10.15 - 10.30 | C27: 43 | D27: 39 | E27: 33 | F27: 0 | G27: 1 | H27: 5 | I27: 2 | J27: 0 | K27: 0 | L27: 250 | M27: =SUM(C27:K27) -> 123 | N27: =SUM(C27:L27) -> 373 | P27: IP Peak Hr | Q27: =MAX(Q14:Q19) -> 201 | R27: =MAX(R14:R19) -> 118 | S27: =MAX(S14:S19) -> 159 | T27: =MAX(T14:T19) -> 1 | U27: =MAX(U14:U19) -> 2 | V27: =MAX(V14:V19) -> 62 | W27: =MAX(W14:W19) -> 25 | X27: =MAX(X14:X19) -> 10 | ... AB27: =MAX(AB14:AB19) -> 1448
B28: 10.30 - 10.45 | C28: 20 | D28: 29 | E28: 23 | F28: 0 | G28: 0 | H28: 11 | I28: 6 | J28: 6 | K28: 0 | L28: 250 | M28: =SUM(C28:K28) -> 95 | N28: =SUM(C28:L28) -> 345 | P28: PM Peak Hr | Q28: =MAX(Q20:Q22) -> 158 | R28: =MAX(R20:R22) -> 85 | S28: =MAX(S20:S22) -> 127 | T28: =MAX(T20:T22) -> 5 | U28: =MAX(U20:U22) -> 6 | V28: =MAX(V20:V22) -> 32 | W28: =MAX(W20:W22) -> 10 | X28: =MAX(X20:X22) -> 2 | ... AB28: =MAX(AB20:AB22) -> 1422
B29: 10.45 - 11.00 | C29: 30 | D29: 15 | E29: 20 | F29: 0 | G29: 0 | H29: 6 | I29: 4 | J29: 3 | K29: 0 | L29: 285 | M29: =SUM(C29:K29) -> 78 | N29: =SUM(C29:L29) -> 363 | P29: AM Period | Q29: =SUM(Q10:Q13) -> 1003 | R29: =SUM(R10:R13) -> 694 | S29: =SUM(S10:S13) -> 289 | T29: =SUM(T10:T13) -> 8 | U29: =SUM(U10:U13) -> 7 | V29: =SUM(V10:V13) -> 42 | W29: =SUM(W10:W13) -> 17 | X29: =SUM(X10:X13) -> 11 | ... AB29: =SUM(AB10:AB13) -> 6209
B30: 11.00 - 11.15 | C30: 32 | D30: 19 | E30: 50 | F30: 0 | G30: 0 | H30: 5 | I30: 5 | J30: 0 | K30: 0 | L30: 253 | M30: =SUM(C30:K30) -> 111 | N30: =SUM(C30:L30) -> 364 | P30: IP Period | Q30: =SUM(Q14:Q19) -> 807 | R30: =SUM(R14:R19) -> 596 | S30: =SUM(S14:S19) -> 613 | T30: =SUM(T14:T19) -> 3 | U30: =SUM(U14:U19) -> 6 | V30: =SUM(V14:V19) -> 213 | W30: =SUM(W14:W19) -> 86 | X30: =SUM(X14:X19) -> 25 | ... AB30: =SUM(AB14:AB19) -> 7442
B31: 11.15 - 11.30 | C31: 37 | D31: 27 | E31: 30 | F31: 0 | G31: 1 | H31: 2 | I31: 4 | J31: 0 | K31: 0 | L31: 248 | M31: =SUM(C31:K31) -> 101 | N31: =SUM(C31:L31) -> 349 | P31: PM Period | Q31: =SUM(Q20:Q22) -> 369 | R31: =SUM(R20:R22) -> 193 | S31: =SUM(S20:S22) -> 331 | T31: =SUM(T20:T22) -> 8 | U31: =SUM(U20:U22) -> 8 | V31: =SUM(V20:V22) -> 80 | W31: =SUM(W20:W22) -> 24 | X31: =SUM(X20:X22) -> 4 | ... AB31: =SUM(AB20:AB22) -> 3988
B32: 11.30 - 11.45 | C32: 30 | D32: 46 | E32: 43 | F32: 0 | G32: 0 | H32: 14 | I32: 10 | J32: 2 | K32: 0 | L32: 185 | M32: =SUM(C32:K32) -> 145 | N32: =SUM(C32:L32) -> 330 | P32: 12 Hours | Q32: =SUM(Q11:Q22) -> 1887 | R32: =SUM(R11:R22) -> 1338 | S32: =SUM(S11:S22) -> 1077 | T32: =SUM(T11:T22) -> 15 | U32: =SUM(U11:U22) -> 21 | V32: =SUM(V11:V22) -> 321 | W32: =SUM(W11:W22) -> 118 | X32: =SUM(X11:X22) -> 37 | ... AB32: =SUM(AB11:AB22) -> 16287
B33: 11.45 - 12.00 | C33: 29 | D33: 23 | E33: 36 | F33: 1 | G33: 0 | H33: 8 | I33: 6 | J33: 2 | K33: 0 | L33: 248 | M33: =SUM(C33:K33) -> 105 | N33: =SUM(C33:L33) -> 353 | P33: 16 Hrs/ADT | Q33: =SUM(Q10:Q25) -> 2472 | R33: =SUM(R10:R25) -> 1667 | S33: =SUM(S10:S25) -> 1621 | T33: =SUM(T10:T25) -> 29 | U33: =SUM(U10:U25) -> 24 | V33: =SUM(V10:V25) -> 390 | W33: =SUM(W10:W25) -> 140 | X33: =SUM(X10:X25) -> 46 | ... AB33: =SUM(AB10:AB25) -> 21038
B34: 12.00 - 12.15 | C34: 31 | D34: 27 | E34: 13 | F34: 0 | G34: 0 | H34: 4 | I34: 4 | J34: 2 | K34: 0 | L34: 250 | M34: =SUM(C34:K34) -> 81 | N34: =SUM(C34:L34) -> 331 | P34: NEF | Q34: =Q33/Q32 -> 1.3100159 | R34: =R33/R32 -> 1.2458894 | S34: =S33/S32 -> 1.5051068 | T34: =T33/T32 -> 1.9333333 | U34: =U33/U32 -> 1.1428571 | V34: =V33/V32 -> 1.2149533 | W34: =W33/W32 -> 1.1864407 | X34: =X33/X32 -> 1.2432432 | ... AB34: =AB33/AB32 -> 1.291705
B35: 12.15 - 12.30 | C35: 27 | D35: 30 | E35: 23 | F35: 0 | G35: 0 | H35: 8 | I35: 7 | J35: 1 | K35: 0 | L35: 210 | M35: =SUM(C35:K35) -> 96 | N35: =SUM(C35:L35) -> 306
B36: 12.30 - 12.45 | C36: 20 | D36: 29 | E36: 31 | F36: 0 | G36: 0 | H36: 9 | I36: 5 | J36: 1 | K36: 0 | L36: 205 | M36: =SUM(C36:K36) -> 95 | N36: =SUM(C36:L36) -> 300
B37: 12.45 - 13.00 | C37: 30 | D37: 31 | E37: 25 | F37: 0 | G37: 0 | H37: 5 | I37: 1 | J37: 0 | K37: 0 | L37: 203 | M37: =SUM(C37:K37) -> 92 | N37: =SUM(C37:L37) -> 295
B38: 13.00 - 13.15 | C38: 32 | D38: 22 | E38: 17 | F38: 1 | G38: 1 | H38: 9 | I38: 3 | J38: 0 | K38: 0 | L38: 185 | M38: =SUM(C38:K38) -> 85 | N38: =SUM(C38:L38) -> 270
B39: 13.15 - 13.30 | C39: 19 | D39: 13 | E39: 19 | F39: 0 | G39: 0 | H39: 29 | I39: 2 | J39: 1 | K39: 0 | L39: 218 | M39: =SUM(C39:K39) -> 83 | N39: =SUM(C39:L39) -> 301
B40: 13.30 - 13.45 | C40: 29 | D40: 13 | E40: 13 | F40: 0 | G40: 0 | H40: 14 | I40: 3 | J40: 3 | K40: 0 | L40: 240 | M40: =SUM(C40:K40) -> 75 | N40: =SUM(C40:L40) -> 315
B41: 13.45 - 14.00 | C41: 40 | D41: 23 | E41: 21 | F41: 0 | G41: 0 | H41: 10 | I41: 3 | J41: 1 | K41: 0 | L41: 220 | M41: =SUM(C41:K41) -> 98 | N41: =SUM(C41:L41) -> 318
B42: 14.00 - 14.15 | C42: 23 | D42: 17 | E42: 14 | F42: 0 | G42: 0 | H42: 6 | I42: 2 | J42: 0 | K42: 0 | L42: 110 | M42: =SUM(C42:K42) -> 62 | N42: =SUM(C42:L42) -> 172
B43: 14.15 - 14.30 | C43: 70 | D43: 31 | E43: 42 | F43: 0 | G43: 0 | H43: 16 | I43: 4 | J43: 1 | K43: 0 | L43: 285 | M43: =SUM(C43:K43) -> 164 | N43: =SUM(C43:L43) -> 449
B44: 14.30 - 14.45 | C44: 51 | D44: 24 | E44: 20 | F44: 0 | G44: 2 | H44: 8 | I44: 1 | J44: 1 | K44: 1 | L44: 271 | M44: =SUM(C44:K44) -> 108 | N44: =SUM(C44:L44) -> 379
B45: 14.45 - 15.00 | C45: 57 | D45: 28 | E45: 38 | F45: 0 | G45: 0 | H45: 10 | I45: 4 | J45: 0 | K45: 0 | L45: 238 | M45: =SUM(C45:K45) -> 137 | N45: =SUM(C45:L45) -> 375
B46: 15.00 - 15.15 | C46: 72 | D46: 23 | E46: 28 | F46: 0 | G46: 0 | H46: 18 | I46: 2 | J46: 0 | K46: 0 | L46: 226 | M46: =SUM(C46:K46) -> 143 | N46: =SUM(C46:L46) -> 369
... B73: 21.45 - 22.00 | C73: 25 | D73: 14 | E73: 19 | F73: 0 | G73: 0 | H73: 3 | I73: 2 | J73: 0 | K73: 0 | L73: 105 | M73: =SUM(C73:K73) -> 63 | N73: =SUM(C73:L73) -> 168
B74: Totals | C74: =SUM(C10:C73) -> 2472 | D74: =SUM(D10:D73) -> 1667 | E74: =SUM(E10:E73) -> 1621 | F74: =SUM(F10:F73) -> 29 | G74: =SUM(G10:G73) -> 24 | H74: =SUM(H10:H73) -> 390 | I74: =SUM(I10:I73) -> 140 | J74: =SUM(J10:J73) -> 46 | ... N74: =SUM(N10:N73) -> 21038
B75: %ges + MCs | C75: =C74/$N$74 -> 0.11750166 | D75: =D74/$N$74 -> 0.07923757 | E75: =E74/$N$74 -> 0.07705105 | F75: =F74/$N$74 -> 0.001378458 | G75: =G74/$N$74 -> 0.0011407929 | H75: =H74/$N$74 -> 0.018537884 | I75: =I74/$N$74 -> 0.006654625 | J75: =J74/$N$74 -> 0.0021865196 | ... L75: =L74/$N$74 -> 0.69607377
B76: %ges w/o MCs | C76: =C74/$M$74 -> 0.38661245 | D76: =D74/$M$74 -> 0.26071317 | E76: =E74/$M$74 -> 0.25351892 | F76: =F74/$M$74 -> 0.004535502 | G76: =G74/$M$74 -> 0.0037535189 | H76: =H74/$M$74 -> 0.060994683 | I76: =I74/$M$74 -> 0.021895527 | J76: =J74/$M$74 -> 0.0071942446 | K76: =K74/$M$74 -> 0.00078198311

Sheet 2.10.Nakivubo-ShopriteC1 L1
B1: Traffic Impact Assessment for Kikapu project
B2: MANUAL CLASSIFIED COUNT (MCC)
B3: ROAD NAME: | C3: SHOPRITE-QUEENSWAY
C5: Date | D5: 2.10.19 | E5: Location | F5: CLOCK TOWER JUNCTION | I5: Surveyor | J5: Jerome
C6: Dir. From | D6: NAKIVUBO | E6: Dir. To | F6: SHOPRITE | I6: Supervisor | J6: Lawrence
B8: Time / Veh Type | P8: SUMMARY TRAFFIC VOLUMES
C9: 1. Private Car | D9: 3. Pickups/four wheel drive | E9: 4. Minibus, matatu | F9: 5. Medium bus/ coaster | G9: 6. Large Bus/coach | H9: 7. Light Truck | I9: 8. Medium Truck | J9: 9. Heavy truck | K9: 10. Truck Trailer | L9: 11. Motor cycles | M9: Total Excl M/Cycles | N9: Total All | P9: Time | Q9: 1. Car | R9: 3. Pickups | S9: 4. Minibus, matatu | T9: 5. Medium bus | U9: 6. Large Bus | V9: 7. Light Truck | W9: 8. Medium Truck | X9: 9. Heavy truck | Y9: 10. Truck Trailer | Z9: 11. Motorcycles | AA9: Total Excl M/ Cycles | AB9: Total All
B10: 06.00 - 06.15 | C10: 15 | D10: 8 | E10: 40 | F10: 0 | G10: 0 | H10: 0 | I10: 0 | J10: 0 | K10: 0 | L10: 35 | M10: =SUM(C10:K10) -> 63 | N10: =SUM(C10:L10) -> 98 | P10: 06.00 - 06.15 | Q10: =SUM(C10:C13) -> 100 | R10: =SUM(D10:D13) -> 80 | S10: =SUM(E10:E13) -> 272 | T10: =SUM(F10:F13) -> 4 | U10: =SUM(G10:G13) -> 1 | V10: =SUM(H10:H13) -> 4 | W10: =SUM(I10:I13) -> 3 | X10: =SUM(J10:J13) -> 1 | ... AB10: =SUM(N10:N13) -> 965
B11: 06.15 - 06.30 | C11: 13 | D11: 9 | E11: 44 | F11: 2 | G11: 1 | H11: 1 | I11: 1 | J11: 1 | K11: 0 | L11: 89 | M11: =SUM(C11:K11) -> 72 | N11: =SUM(C11:L11) -> 161 | P11: 0700-0800 | Q11: =SUM(C14:C17) -> 174 | R11: =SUM(D14:D17) -> 191 | S11: =SUM(E14:E17) -> 274 | T11: =SUM(F14:F17) -> 4 | U11: =SUM(G14:G17) -> 3 | V11: =SUM(H14:H17) -> 21 | W11: =SUM(I14:I17) -> 10 | X11: =SUM(J14:J17) -> 5 | ... AB11: =SUM(N14:N17) -> 1886
B12: 06.30 - 06.45 | C12: 41 | D12: 23 | E12: 106 | F12: 2 | G12: 0 | H12: 1 | I12: 2 | J12: 0 | K12: 1 | L12: 150 | M12: =SUM(C12:K12) -> 176 | N12: =SUM(C12:L12) -> 326 | P12: 0800-0900 | Q12: =SUM(C18:C21) -> 152 | R12: =SUM(D18:D21) -> 139 | S12: =SUM(E18:E21) -> 232 | T12: =SUM(F18:F21) -> 9 | U12: =SUM(G18:G21) -> 0 | V12: =SUM(H18:H21) -> 15 | W12: =SUM(I18:I21) -> 12 | X12: =SUM(J18:J21) -> 10 | ... AB12: =SUM(N18:N21) -> 2017
B13: 06.45 - 07.00 | C13: 31 | D13: 40 | E13: 82 | F13: 0 | G13: 0 | H13: 2 | I13: 0 | J13: 0 | K13: 0 | L13: 225 | M13: =SUM(C13:K13) -> 155 | N13: =SUM(C13:L13) -> 380 | P13: 0900-1000 | Q13: =SUM(C22:C25) -> 156 | R13: =SUM(D22:D25) -> 111 | S13: =SUM(E22:E25) -> 293 | T13: =SUM(F22:F25) -> 3 | U13: =SUM(G22:G25) -> 2 | V13: =SUM(H22:H25) -> 16 | W13: =SUM(I22:I25) -> 12 | X13: =SUM(J22:J25) -> 8 | ... AB13: =SUM(N22:N25) -> 1780
B14: 07.00 - 07.15 | C14: 35 | D14: 40 | E14: 68 | F14: 0 | G14: 0 | H14: 4 | I14: 2 | J14: 0 | K14: 0 | L14: 205 | M14: =SUM(C14:K14) -> 149 | N14: =SUM(C14:L14) -> 354 | P14: 1000-1100 | Q14: =SUM(C26:C29) -> 97 | R14: =SUM(D26:D29) -> 77 | S14: =SUM(E26:E29) -> 304 | T14: =SUM(F26:F29) -> 0 | U14: =SUM(G26:G29) -> 1 | V14: =SUM(H26:H29) -> 17 | W14: =SUM(I26:I29) -> 12 | X14: =SUM(J26:J29) -> 9 | ... AB14: =SUM(N26:N29) -> 1701
B15: 07.15 - 07.30 | C15: 51 | D15: 48 | E15: 61 | F15: 2 | G15: 2 | H15: 3 | I15: 1 | J15: 2 | K15: 0 | L15: 275 | M15: =SUM(C15:K15) -> 170 | N15: =SUM(C15:L15) -> 445 | P15: 1100-1200 | Q15: =SUM(C30:C33) -> 69 | R15: =SUM(D30:D33) -> 71 | S15: =SUM(E30:E33) -> 311 | T15: =SUM(F30:F33) -> 1 | U15: =SUM(G30:G33) -> 0 | V15: =SUM(H30:H33) -> 16 | W15: =SUM(I30:I33) -> 18 | X15: =SUM(J30:J33) -> 7 | ... AB15: =SUM(N30:N33) -> 1667
B16: 07.30 - 07.45 | C16: 38 | D16: 50 | E16: 80 | F16: 1 | G16: 1 | H16: 3 | I16: 1 | J16: 1 | K16: 0 | L16: 348 | M16: =SUM(C16:K16) -> 175 | N16: =SUM(C16:L16) -> 523 | P16: 1200-1300 | Q16: =SUM(C34:C37) -> 54 | R16: =SUM(D34:D37) -> 77 | S16: =SUM(E34:E37) -> 265 | T16: =SUM(F34:F37) -> 1 | U16: =SUM(G34:G37) -> 1 | V16: =SUM(H34:H37) -> 14 | W16: =SUM(I34:I37) -> 10 | X16: =SUM(J34:J37) -> 14 | ... AB16: =SUM(N34:N37) -> 1850
B17: 07.45 - 08.00 | C17: 50 | D17: 53 | E17: 65 | F17: 1 | G17: 0 | H17: 11 | I17: 6 | J17: 2 | K17: 1 | L17: 375 | M17: =SUM(C17:K17) -> 189 | N17: =SUM(C17:L17) -> 564 | P17: 1300-1400 | Q17: =SUM(C38:C41) -> 62 | R17: =SUM(D38:D41) -> 75 | S17: =SUM(E38:E41) -> 251 | T17: =SUM(F38:F41) -> 1 | U17: =SUM(G38:G41) -> 0 | V17: =SUM(H38:H41) -> 22 | W17: =SUM(I38:I41) -> 19 | X17: =SUM(J38:J41) -> 9 | ... AB17: =SUM(N38:N41) -> 1780
B18: 08.00 - 08.15 | C18: 34 | D18: 40 | E18: 41 | F18: 1 | G18: 0 | H18: 6 | I18: 1 | J18: 2 | K18: 0 | L18: 325 | M18: =SUM(C18:K18) -> 125 | N18: =SUM(C18:L18) -> 450 | P18: 1400-1500 | Q18: =SUM(C42:C45) -> 98 | R18: =SUM(D42:D45) -> 79 | S18: =SUM(E42:E45) -> 280 | T18: =SUM(F42:F45) -> 4 | U18: =SUM(G42:G45) -> 0 | V18: =SUM(H42:H45) -> 21 | W18: =SUM(I42:I45) -> 5 | X18: =SUM(J42:J45) -> 3 | ... AB18: =SUM(N42:N45) -> 1849
B19: 08.15 - 08.30 | C19: 52 | D19: 30 | E19: 73 | F19: 2 | G19: 0 | H19: 3 | I19: 3 | J19: 3 | K19: 0 | L19: 360 | M19: =SUM(C19:K19) -> 166 | N19: =SUM(C19:L19) -> 526 | P19: 1500-1600 | Q19: =SUM(C46:C49) -> 127 | R19: =SUM(D46:D49) -> 97 | S19: =SUM(E46:E49) -> 409 | T19: =SUM(F46:F49) -> 1 | U19: =SUM(G46:G49) -> 0 | V19: =SUM(H46:H49) -> 22 | W19: =SUM(I46:I49) -> 5 | X19: =SUM(J46:J49) -> 1 | ... AB19: =SUM(N46:N49) -> 2114
B20: 08.30 - 08.45 | C20: 35 | D20: 46 | E20: 68 | F20: 2 | G20: 0 | H20: 3 | I20: 4 | J20: 0 | K20: 0 | L20: 380 | M20: =SUM(C20:K20) -> 158 | N20: =SUM(C20:L20) -> 538 | P20: 1600-1700 | Q20: =SUM(C50:C53) -> 62 | R20: =SUM(D50:D53) -> 59 | S20: =SUM(E50:E53) -> 295 | T20: =SUM(F50:F53) -> 0 | U20: =SUM(G50:G53) -> 0 | V20: =SUM(H50:H53) -> 17 | W20: =SUM(I50:I53) -> 6 | X20: =SUM(J50:J53) -> 1 | ... AB20: =SUM(N50:N53) -> 1743
B21: 08.45 - 9.00 | C21: 31 | D21: 23 | E21: 50 | F21: 4 | G21: 0 | H21: 3 | I21: 4 | J21: 5 | K21: 0 | L21: 383 | M21: =SUM(C21:K21) -> 120 | N21: =SUM(C21:L21) -> 503 | P21: 1700-1800 | Q21: =SUM(C54:C57) -> 44 | R21: =SUM(D54:D57) -> 48 | S21: =SUM(E54:E57) -> 222 | T21: =SUM(F54:F57) -> 0 | U21: =SUM(G54:G57) -> 1 | V21: =SUM(H54:H57) -> 19 | W21: =SUM(I54:I57) -> 5 | X21: =SUM(J54:J57) -> 1 | ... AB21: =SUM(N54:N57) -> 1543
B22: 09.00 - 09.15 | C22: 39 | D22: 16 | E22: 72 | F22: 2 | G22: 0 | H22: 4 | I22: 1 | J22: 3 | K22: 0 | L22: 310 | M22: =SUM(C22:K22) -> 137 | N22: =SUM(C22:L22) -> 447 | P22: 1800-1900 | Q22: =SUM(C58:C61) -> 37 | R22: =SUM(D58:D61) -> 39 | S22: =SUM(E58:E61) -> 311 | T22: =SUM(F58:F61) -> 4 | U22: =SUM(G58:G61) -> 3 | V22: =SUM(H58:H61) -> 7 | W22: =SUM(I58:I61) -> 0 | X22: =SUM(J58:J61) -> 2 | ... AB22: =SUM(N58:N61) -> 1672
B23: 09.15 - 09.30 | C23: 46 | D23: 37 | E23: 65 | F23: 0 | G23: 0 | H23: 5 | I23: 3 | J23: 3 | K23: 0 | L23: 353 | M23: =SUM(C23:K23) -> 159 | N23: =SUM(C23:L23) -> 512 | P23: 1900-2000 | Q23: =SUM(C62:C65) -> 32 | R23: =SUM(D62:D65) -> 26 | S23: =SUM(E62:E65) -> 181 | T23: =SUM(F62:F65) -> 2 | U23: =SUM(G62:G65) -> 0 | V23: =SUM(H62:H65) -> 10 | W23: =SUM(I62:I65) -> 0 | X23: =SUM(J62:J65) -> 0 | ... AB23: =SUM(N62:N65) -> 1679
B24: 09.30 - 09.45 | C24: 46 | D24: 26 | E24: 73 | F24: 0 | G24: 1 | H24: 3 | I24: 4 | J24: 0 | K24: 0 | L24: 268 | M24: =SUM(C24:K24) -> 153 | N24: =SUM(C24:L24) -> 421 | P24: 2000-2100 | Q24: =SUM(C66:C69) -> 42 | R24: =SUM(D66:D69) -> 28 | S24: =SUM(E66:E69) -> 303 | T24: =SUM(F66:F69) -> 5 | U24: =SUM(G66:G69) -> 1 | V24: =SUM(H66:H69) -> 3 | W24: =SUM(I66:I69) -> 7 | X24: =SUM(J66:J69) -> 2 | ... AB24: =SUM(N66:N69) -> 1718
B25: 09.45 - 10.00 | C25: 25 | D25: 32 | E25: 83 | F25: 1 | G25: 1 | H25: 4 | I25: 4 | J25: 2 | K25: 0 | L25: 248 | M25: =SUM(C25:K25) -> 152 | N25: =SUM(C25:L25) -> 400 | P25: 2100-2200 | Q25: =SUM(C70:C73) -> 38 | R25: =SUM(D70:D73) -> 28 | S25: =SUM(E70:E73) -> 217 | T25: =SUM(F70:F73) -> 2 | U25: =SUM(G70:G73) -> 0 | V25: =SUM(H70:H73) -> 8 | W25: =SUM(I70:I73) -> 6 | X25: =SUM(J70:J73) -> 2 | ... AB25: =SUM(N70:N73) -> 800
B26: 10.00 - 10.15 | C26: 24 | D26: 15 | E26: 68 | F26: 0 | G26: 0 | H26: 2 | I26: 3 | J26: 2 | K26: 0 | L26: 263 | M26: =SUM(C26:K26) -> 114 | N26: =SUM(C26:L26) -> 377 | P26: AM Peak Hr | Q26: =MAX(Q10:Q13) -> 174 | R26: =MAX(R10:R13) -> 191 | S26: =MAX(S10:S13) -> 293 | T26: =MAX(T10:T13) -> 9 | U26: =MAX(U10:U13) -> 3 | V26: =MAX(V10:V13) -> 21 | W26: =MAX(W10:W13) -> 12 | X26: =MAX(X10:X13) -> 10 | ... AB26: =MAX(AB10:AB13) -> 2017
B27: 10.15 - 10.30 | C27: 30 | D27: 20 | E27: 85 | F27: 0 | G27: 1 | H27: 5 | I27: 4 | J27: 5 | K27: 0 | L27: 308 | M27: =SUM(C27:K27) -> 150 | N27: =SUM(C27:L27) -> 458 | P27: IP Peak Hr | Q27: =MAX(Q14:Q19) -> 127 | R27: =MAX(R14:R19) -> 97 | S27: =MAX(S14:S19) -> 409 | T27: =MAX(T14:T19) -> 4 | U27: =MAX(U14:U19) -> 1 | V27: =MAX(V14:V19) -> 22 | W27: =MAX(W14:W19) -> 19 | X27: =MAX(X14:X19) -> 14 | ... AB27: =MAX(AB14:AB19) -> 2114
B28: 10.30 - 10.45 | C28: 31 | D28: 23 | E28: 83 | F28: 0 | G28: 0 | H28: 5 | I28: 3 | J28: 1 | K28: 0 | L28: 318 | M28: =SUM(C28:K28) -> 146 | N28: =SUM(C28:L28) -> 464 | P28: PM Peak Hr | Q28: =MAX(Q20:Q22) -> 62 | R28: =MAX(R20:R22) -> 59 | S28: =MAX(S20:S22) -> 311 | T28: =MAX(T20:T22) -> 4 | U28: =MAX(U20:U22) -> 3 | V28: =MAX(V20:V22) -> 19 | W28: =MAX(W20:W22) -> 6 | X28: =MAX(X20:X22) -> 2 | ... AB28: =MAX(AB20:AB22) -> 1743
B29: 10.45 - 11.00 | C29: 12 | D29: 19 | E29: 68 | F29: 0 | G29: 0 | H29: 5 | I29: 2 | J29: 1 | K29: 0 | L29: 295 | M29: =SUM(C29:K29) -> 107 | N29: =SUM(C29:L29) -> 402 | P29: AM Period | Q29: =SUM(Q10:Q13) -> 582 | R29: =SUM(R10:R13) -> 521 | S29: =SUM(S10:S13) -> 1071 | T29: =SUM(T10:T13) -> 20 | U29: =SUM(U10:U13) -> 6 | V29: =SUM(V10:V13) -> 56 | W29: =SUM(W10:W13) -> 37 | X29: =SUM(X10:X13) -> 24 | ... AB29: =SUM(AB10:AB13) -> 6648
B30: 11.00 - 11.15 | C30: 26 | D30: 30 | E30: 85 | F30: 0 | G30: 0 | H30: 7 | I30: 6 | J30: 4 | K30: 1 | L30: 250 | M30: =SUM(C30:K30) -> 159 | N30: =SUM(C30:L30) -> 409 | P30: IP Period | Q30: =SUM(Q14:Q19) -> 507 | R30: =SUM(R14:R19) -> 476 | S30: =SUM(S14:S19) -> 1820 | T30: =SUM(T14:T19) -> 8 | U30: =SUM(U14:U19) -> 2 | V30: =SUM(V14:V19) -> 112 | W30: =SUM(W14:W19) -> 69 | X30: =SUM(X14:X19) -> 43 | ... AB30: =SUM(AB14:AB19) -> 10961
B31: 11.15 - 11.30 | C31: 10 | D31: 12 | E31: 72 | F31: 0 | G31: 0 | H31: 1 | I31: 1 | J31: 0 | K31: 0 | L31: 315 | M31: =SUM(C31:K31) -> 96 | N31: =SUM(C31:L31) -> 411 | P31: PM Period | Q31: =SUM(Q20:Q22) -> 143 | R31: =SUM(R20:R22) -> 146 | S31: =SUM(S20:S22) -> 828 | T31: =SUM(T20:T22) -> 4 | U31: =SUM(U20:U22) -> 4 | V31: =SUM(V20:V22) -> 43 | W31: =SUM(W20:W22) -> 11 | X31: =SUM(X20:X22) -> 4 | ... AB31: =SUM(AB20:AB22) -> 4958
B32: 11.30 - 11.45 | C32: 19 | D32: 20 | E32: 64 | F32: 0 | G32: 0 | H32: 2 | I32: 2 | J32: 2 | K32: 0 | L32: 303 | M32: =SUM(C32:K32) -> 109 | N32: =SUM(C32:L32) -> 412 | P32: 12 Hours | Q32: =SUM(Q11:Q22) -> 1132 | R32: =SUM(R11:R22) -> 1063 | S32: =SUM(S11:S22) -> 3447 | T32: =SUM(T11:T22) -> 28 | U32: =SUM(U11:U22) -> 11 | V32: =SUM(V11:V22) -> 207 | W32: =SUM(W11:W22) -> 114 | X32: =SUM(X11:X22) -> 70 | ... AB32: =SUM(AB11:AB22) -> 21602
B33: 11.45 - 12.00 | C33: 14 | D33: 9 | E33: 90 | F33: 1 | G33: 0 | H33: 6 | I33: 9 | J33: 1 | K33: 0 | L33: 305 | M33: =SUM(C33:K33) -> 130 | N33: =SUM(C33:L33) -> 435 | P33: 16 Hrs/ADT | Q33: =SUM(Q10:Q25) -> 1344 | R33: =SUM(R10:R25) -> 1225 | S33: =SUM(S10:S25) -> 4420 | T33: =SUM(T10:T25) -> 41 | U33: =SUM(U10:U25) -> 13 | V33: =SUM(V10:V25) -> 232 | W33: =SUM(W10:W25) -> 130 | X33: =SUM(X10:X25) -> 75 | ... AB33: =SUM(AB10:AB25) -> 26764
B34: 12.00 - 12.15 | C34: 12 | D34: 23 | E34: 56 | F34: 1 | G34: 0 | H34: 2 | I34: 2 | J34: 6 | K34: 0 | L34: 323 | M34: =SUM(C34:K34) -> 102 | N34: =SUM(C34:L34) -> 425 | P34: NEF | Q34: =Q33/Q32 -> 1.1872792 | R34: =R33/R32 -> 1.1523989 | S34: =S33/S32 -> 1.2822744 | T34: =T33/T32 -> 1.4642857 | U34: =U33/U32 -> 1.1818182 | V34: =V33/V32 -> 1.1207729 | W34: =W33/W32 -> 1.1403509 | X34: =X33/X32 -> 1.0714286 | ... AB34: =AB33/AB32 -> 1.2389594
B35: 12.15 - 12.30 | C35: 22 | D35: 24 | E35: 110 | F35: 0 | G35: 1 | H35: 3 | I35: 3 | J35: 3 | K35: 0 | L35: 335 | M35: =SUM(C35:K35) -> 166 | N35: =SUM(C35:L35) -> 501
B36: 12.30 - 12.45 | C36: 17 | D36: 30 | E36: 85 | F36: 0 | G36: 0 | H36: 8 | I36: 4 | J36: 4 | K36: 0 | L36: 383 | M36: =SUM(C36:K36) -> 148 | N36: =SUM(C36:L36) -> 531
B37: 12.45 - 13.00 | C37: 3 | D37: 0 | E37: 14 | F37: 0 | G37: 0 | H37: 1 | I37: 1 | J37: 1 | K37: 0 | L37: 373 | M37: =SUM(C37:K37) -> 20 | N37: =SUM(C37:L37) -> 393
B38: 13.00 - 13.15 | C38: 21 | D38: 22 | E38: 47 | F38: 0 | G38: 0 | H38: 9 | I38: 7 | J38: 1 | K38: 0 | L38: 410 | M38: =SUM(C38:K38) -> 107 | N38: =SUM(C38:L38) -> 517
B39: 13.15 - 13.30 | C39: 8 | D39: 10 | E39: 4 | F39: 0 | G39: 0 | H39: 1 | I39: 2 | J39: 2 | K39: 0 | L39: 300 | M39: =SUM(C39:K39) -> 27 | N39: =SUM(C39:L39) -> 327
B40: 13.30 - 13.45 | C40: 21 | D40: 25 | E40: 110 | F40: 0 | G40: 0 | H40: 7 | I40: 6 | J40: 5 | K40: 1 | L40: 315 | M40: =SUM(C40:K40) -> 175 | N40: =SUM(C40:L40) -> 490
B41: 13.45 - 14.00 | C41: 12 | D41: 18 | E41: 90 | F41: 1 | G41: 0 | H41: 5 | I41: 4 | J41: 1 | K41: 0 | L41: 315 | M41: =SUM(C41:K41) -> 131 | N41: =SUM(C41:L41) -> 446
B42: 14.00 - 14.15 | C42: 34 | D42: 19 | E42: 73 | F42: 0 | G42: 0 | H42: 6 | I42: 1 | J42: 0 | K42: 0 | L42: 348 | M42: =SUM(C42:K42) -> 133 | N42: =SUM(C42:L42) -> 481
B43: 14.15 - 14.30 | C43: 11 | D43: 8 | E43: 46 | F43: 0 | G43: 0 | H43: 2 | I43: 1 | J43: 0 | K43: 0 | L43: 328 | M43: =SUM(C43:K43) -> 68 | N43: =SUM(C43:L43) -> 396
B44: 14.30 - 14.45 | C44: 20 | D44: 22 | E44: 76 | F44: 1 | G44: 0 | H44: 7 | I44: 0 | J44: 0 | K44: 0 | L44: 345 | M44: =SUM(C44:K44) -> 126 | N44: =SUM(C44:L44) -> 471
B45: 14.45 - 15.00 | C45: 33 | D45: 30 | E45: 85 | F45: 3 | G45: 0 | H45: 6 | I45: 3 | J45: 3 | K45: 0 | L45: 338 | M45: =SUM(C45:K45) -> 163 | N45: =SUM(C45:L45) -> 501
B46: 15.00 - 15.15 | C46: 44 | D46: 36 | E46: 152 | F46: 1 | G46: 0 | H46: 8 | I46: 1 | J46: 0 | K46: 0 | L46: 385 | M46: =SUM(C46:K46) -> 242 | N46: =SUM(C46:L46) -> 627
... B73: 21.45 - 22.00 | C73: 14 | D73: 16 | E73: 92 | F73: 1 | G73: 0 | H73: 1 | I73: 5 | J73: 1 | K73: 0 | L73: 239 | M73: =SUM(C73:K73) -> 130 | N73: =SUM(C73:L73) -> 369
B74: Totals | C74: =SUM(C10:C73) -> 1344 | D74: =SUM(D10:D73) -> 1225 | E74: =SUM(E10:E73) -> 4420 | F74: =SUM(F10:F73) -> 41 | G74: =SUM(G10:G73) -> 13 | H74: =SUM(H10:H73) -> 232 | I74: =SUM(I10:I73) -> 130 | J74: =SUM(J10:J73) -> 75 | ... N74: =SUM(N10:N73) -> 26764
B75: %ges + MCs | C75: =C74/$N$74 -> 0.050216709 | D75: =D74/$N$74 -> 0.045770438 | E75: =E74/$N$74 -> 0.16514721 | F75: =F74/$N$74 -> 0.0015319085 | G75: =G74/$N$74 -> 0.0004857271 | H75: =H74/$N$74 -> 0.0086683605 | I75: =I74/$N$74 -> 0.004857271 | J75: =J74/$N$74 -> 0.0028022717 | ... L75: =L74/$N$74 -> 0.72022119
B76: %ges w/o MCs | C76: =C74/$M$74 -> 0.17948718 | D76: =D74/$M$74 -> 0.16359509 | E76: =E74/$M$74 -> 0.59027778 | F76: =F74/$M$74 -> 0.0054754274 | G76: =G74/$M$74 -> 0.0017361111 | H76: =H74/$M$74 -> 0.030982906 | I76: =I74/$M$74 -> 0.017361111 | J76: =J74/$M$74 -> 0.010016026 | K76: =K74/$M$74 -> 0.0010683761

Sheet 05.10.Nakivubo-ShopriteC1 L1
B1: Traffic Impact Assessment for Kikapu project
B2: MANUAL CLASSIFIED COUNT (MCC)
B3: ROAD NAME: | C3: SHOPRITE-QUEENSWAY
C5: Date | D5: 5.10.19 | E5: Location | F5: CLOCK TOWER JUNCTION | I5: Surveyor | J5: Kasoma JP, Nakiwuge A.
C6: Dir. From | D6: NAKIVUBO | E6: Dir. To | F6: SHOPRITE | I6: Supervisor | J6: Lawrence
B8: Time / Veh Type | P8: SUMMARY TRAFFIC VOLUMES
C9: 1. Private Car | D9: 3. Pickups/four wheel drive | E9: 4. Minibus, matatu | F9: 5. Medium bus/ coaster | G9: 6. Large Bus/coach | H9: 7. Light Truck | I9: 8. Medium Truck | J9: 9. Heavy truck | K9: 10. Truck Trailer | L9: 11. Motor cycles | M9: Total Excl M/Cycles | N9: Total All | P9: Time | Q9: 1. Car | R9: 3. Pickups | S9: 4. Minibus, matatu | T9: 5. Medium bus | U9: 6. Large Bus | V9: 7. Light Truck | W9: 8. Medium Truck | X9: 9. Heavy truck | Y9: 10. Truck Trailer | Z9: 11. Motorcycles | AA9: Total Excl M/ Cycles | AB9: Total All
B10: 06.00 - 06.15 | C10: 14 | D10: 17 | E10: 22 | F10: 0 | G10: 0 | H10: 5 | I10: 2 | J10: 1 | K10: 1 | L10: 118 | M10: =SUM(C10:K10) -> 62 | N10: =SUM(C10:L10) -> 180 | P10: 06.00 - 06.15 | Q10: =SUM(C10:C13) -> 115 | R10: =SUM(D10:D13) -> 62 | S10: =SUM(E10:E13) -> 259 | T10: =SUM(F10:F13) -> 3 | U10: =SUM(G10:G13) -> 1 | V10: =SUM(H10:H13) -> 35 | W10: =SUM(I10:I13) -> 16 | X10: =SUM(J10:J13) -> 2 | ... AB10: =SUM(N10:N13) -> 1127
B11: 06.15 - 06.30 | C11: 29 | D11: 16 | E11: 37 | F11: 1 | G11: 0 | H11: 11 | I11: 8 | J11: 0 | K11: 0 | L11: 218 | M11: =SUM(C11:K11) -> 102 | N11: =SUM(C11:L11) -> 320 | P11: 0700-0800 | Q11: =SUM(C14:C17) -> 129 | R11: =SUM(D14:D17) -> 80 | S11: =SUM(E14:E17) -> 525 | T11: =SUM(F14:F17) -> 3 | U11: =SUM(G14:G17) -> 0 | V11: =SUM(H14:H17) -> 27 | W11: =SUM(I14:I17) -> 5 | X11: =SUM(J14:J17) -> 4 | ... AB11: =SUM(N14:N17) -> 1950
B12: 06.30 - 06.45 | C12: 37 | D12: 16 | E12: 80 | F12: 2 | G12: 1 | H12: 12 | I12: 6 | J12: 1 | K12: 1 | L12: 203 | M12: =SUM(C12:K12) -> 156 | N12: =SUM(C12:L12) -> 359 | P12: 0800-0900 | Q12: =SUM(C18:C21) -> 201 | R12: =SUM(D18:D21) -> 111 | S12: =SUM(E18:E21) -> 445 | T12: =SUM(F18:F21) -> 3 | U12: =SUM(G18:G21) -> 1 | V12: =SUM(H18:H21) -> 24 | W12: =SUM(I18:I21) -> 5 | X12: =SUM(J18:J21) -> 4 | ... AB12: =SUM(N18:N21) -> 2481
B13: 06.45 - 07.00 | C13: 35 | D13: 13 | E13: 120 | F13: 0 | G13: 0 | H13: 7 | I13: 0 | J13: 0 | K13: 0 | L13: 93 | M13: =SUM(C13:K13) -> 175 | N13: =SUM(C13:L13) -> 268 | P13: 0900-1000 | Q13: =SUM(C22:C25) -> 177 | R13: =SUM(D22:D25) -> 96 | S13: =SUM(E22:E25) -> 477 | T13: =SUM(F22:F25) -> 2 | U13: =SUM(G22:G25) -> 0 | V13: =SUM(H22:H25) -> 25 | W13: =SUM(I22:I25) -> 5 | X13: =SUM(J22:J25) -> 0 | ... AB13: =SUM(N22:N25) -> 1788
B14: 07.00 - 07.15 | C14: 38 | D14: 18 | E14: 154 | F14: 0 | G14: 0 | H14: 5 | I14: 1 | J14: 0 | K14: 0 | L14: 223 | M14: =SUM(C14:K14) -> 216 | N14: =SUM(C14:L14) -> 439 | P14: 1000-1100 | Q14: =SUM(C26:C29) -> 149 | R14: =SUM(D26:D29) -> 94 | S14: =SUM(E26:E29) -> 314 | T14: =SUM(F26:F29) -> 3 | U14: =SUM(G26:G29) -> 3 | V14: =SUM(H26:H29) -> 32 | W14: =SUM(I26:I29) -> 14 | X14: =SUM(J26:J29) -> 0 | ... AB14: =SUM(N26:N29) -> 1448
B15: 07.15 - 07.30 | C15: 34 | D15: 26 | E15: 152 | F15: 1 | G15: 0 | H15: 10 | I15: 2 | J15: 0 | K15: 0 | L15: 265 | M15: =SUM(C15:K15) -> 225 | N15: =SUM(C15:L15) -> 490 | P15: 1100-1200 | Q15: =SUM(C30:C33) -> 232 | R15: =SUM(D30:D33) -> 144 | S15: =SUM(E30:E33) -> 132 | T15: =SUM(F30:F33) -> 2 | U15: =SUM(G30:G33) -> 1 | V15: =SUM(H30:H33) -> 43 | W15: =SUM(I30:I33) -> 9 | X15: =SUM(J30:J33) -> 6 | ... AB15: =SUM(N30:N33) -> 1654
B16: 07.30 - 07.45 | C16: 26 | D16: 17 | E16: 115 | F16: 0 | G16: 0 | H16: 4 | I16: 1 | J16: 1 | K16: 0 | L16: 375 | M16: =SUM(C16:K16) -> 164 | N16: =SUM(C16:L16) -> 539 | P16: 1200-1300 | Q16: =SUM(C34:C37) -> 299 | R16: =SUM(D34:D37) -> 143 | S16: =SUM(E34:E37) -> 141 | T16: =SUM(F34:F37) -> 1 | U16: =SUM(G34:G37) -> 0 | V16: =SUM(H34:H37) -> 32 | W16: =SUM(I34:I37) -> 10 | X16: =SUM(J34:J37) -> 3 | ... AB16: =SUM(N34:N37) -> 1656
B17: 07.45 - 08.00 | C17: 31 | D17: 19 | E17: 104 | F17: 2 | G17: 0 | H17: 8 | I17: 1 | J17: 3 | K17: 1 | L17: 313 | M17: =SUM(C17:K17) -> 169 | N17: =SUM(C17:L17) -> 482 | P17: 1300-1400 | Q17: =SUM(C38:C41) -> 264 | R17: =SUM(D38:D41) -> 125 | S17: =SUM(E38:E41) -> 110 | T17: =SUM(F38:F41) -> 0 | U17: =SUM(G38:G41) -> 0 | V17: =SUM(H38:H41) -> 32 | W17: =SUM(I38:I41) -> 8 | X17: =SUM(J38:J41) -> 1 | ... AB17: =SUM(N38:N41) -> 1501
B18: 08.00 - 08.15 | C18: 43 | D18: 19 | E18: 127 | F18: 1 | G18: 0 | H18: 6 | I18: 1 | J18: 1 | K18: 0 | L18: 418 | M18: =SUM(C18:K18) -> 198 | N18: =SUM(C18:L18) -> 616 | P18: 1400-1500 | Q18: =SUM(C42:C45) -> 205 | R18: =SUM(D42:D45) -> 52 | S18: =SUM(E42:E45) -> 60 | T18: =SUM(F42:F45) -> 0 | U18: =SUM(G42:G45) -> 0 | V18: =SUM(H42:H45) -> 28 | W18: =SUM(I42:I45) -> 9 | X18: =SUM(J42:J45) -> 3 | ... AB18: =SUM(N42:N45) -> 1332
B19: 08.15 - 08.30 | C19: 64 | D19: 31 | E19: 100 | F19: 0 | G19: 0 | H19: 2 | I19: 0 | J19: 1 | K19: 0 | L19: 505 | M19: =SUM(C19:K19) -> 198 | N19: =SUM(C19:L19) -> 703 | P19: 1500-1600 | Q19: =SUM(C46:C49) -> 220 | R19: =SUM(D46:D49) -> 81 | S19: =SUM(E46:E49) -> 96 | T19: =SUM(F46:F49) -> 0 | U19: =SUM(G46:G49) -> 1 | V19: =SUM(H46:H49) -> 17 | W19: =SUM(I46:I49) -> 13 | X19: =SUM(J46:J49) -> 5 | ... AB19: =SUM(N46:N49) -> 1594
B20: 08.30 - 08.45 | C20: 44 | D20: 31 | E20: 108 | F20: 1 | G20: 1 | H20: 8 | I20: 1 | J20: 1 | K20: 0 | L20: 493 | M20: =SUM(C20:K20) -> 195 | N20: =SUM(C20:L20) -> 688 | P20: 1600-1700 | Q20: =SUM(C50:C53) -> 168 | R20: =SUM(D50:D53) -> 81 | S20: =SUM(E50:E53) -> 134 | T20: =SUM(F50:F53) -> 1 | U20: =SUM(G50:G53) -> 1 | V20: =SUM(H50:H53) -> 18 | W20: =SUM(I50:I53) -> 18 | X20: =SUM(J50:J53) -> 3 | ... AB20: =SUM(N50:N53) -> 1633
B21: 08.45 - 9.00 | C21: 50 | D21: 30 | E21: 110 | F21: 1 | G21: 0 | H21: 8 | I21: 3 | J21: 1 | K21: 0 | L21: 271 | M21: =SUM(C21:K21) -> 203 | N21: =SUM(C21:L21) -> 474 | P21: 1700-1800 | Q21: =SUM(C54:C57) -> 183 | R21: =SUM(D54:D57) -> 111 | S21: =SUM(E54:E57) -> 105 | T21: =SUM(F54:F57) -> 2 | U21: =SUM(G54:G57) -> 1 | V21: =SUM(H54:H57) -> 13 | W21: =SUM(I54:I57) -> 8 | X21: =SUM(J54:J57) -> 5 | ... AB21: =SUM(N54:N57) -> 1506
B22: 09.00 - 09.15 | C22: 57 | D22: 26 | E22: 81 | F22: 0 | G22: 0 | H22: 6 | I22: 1 | J22: 0 | K22: 0 | L22: 221 | M22: =SUM(C22:K22) -> 171 | N22: =SUM(C22:L22) -> 392 | P22: 1800-1900 | Q22: =SUM(C58:C61) -> 154 | R22: =SUM(D58:D61) -> 76 | S22: =SUM(E58:E61) -> 103 | T22: =SUM(F58:F61) -> 2 | U22: =SUM(G58:G61) -> 2 | V22: =SUM(H58:H61) -> 16 | W22: =SUM(I58:I61) -> 6 | X22: =SUM(J58:J61) -> 1 | ... AB22: =SUM(N58:N61) -> 1533
B23: 09.15 - 09.30 | C23: 39 | D23: 14 | E23: 129 | F23: 0 | G23: 0 | H23: 3 | I23: 1 | J23: 0 | K23: 0 | L23: 214 | M23: =SUM(C23:K23) -> 186 | N23: =SUM(C23:L23) -> 400 | P23: 1900-2000 | Q23: =SUM(C62:C65) -> 112 | R23: =SUM(D62:D65) -> 104 | S23: =SUM(E62:E65) -> 117 | T23: =SUM(F62:F65) -> 2 | U23: =SUM(G62:G65) -> 1 | V23: =SUM(H62:H65) -> 10 | W23: =SUM(I62:I65) -> 10 | X23: =SUM(J62:J65) -> 3 | ... AB23: =SUM(N62:N65) -> 1516
B24: 09.30 - 09.45 | C24: 44 | D24: 37 | E24: 154 | F24: 1 | G24: 0 | H24: 6 | I24: 1 | J24: 0 | K24: 0 | L24: 260 | M24: =SUM(C24:K24) -> 243 | N24: =SUM(C24:L24) -> 503 | P24: 2000-2100 | Q24: =SUM(C66:C69) -> 169 | R24: =SUM(D66:D69) -> 58 | S24: =SUM(E66:E69) -> 118 | T24: =SUM(F66:F69) -> 5 | U24: =SUM(G66:G69) -> 1 | V24: =SUM(H66:H69) -> 13 | W24: =SUM(I66:I69) -> 5 | X24: =SUM(J66:J69) -> 6 | ... AB24: =SUM(N66:N69) -> 1522
B25: 09.45 - 10.00 | C25: 37 | D25: 19 | E25: 113 | F25: 1 | G25: 0 | H25: 10 | I25: 2 | J25: 0 | K25: 0 | L25: 311 | M25: =SUM(C25:K25) -> 182 | N25: =SUM(C25:L25) -> 493 | P25: 2100-2200 | Q25: =SUM(C70:C73) -> 67 | R25: =SUM(D70:D73) -> 28 | S25: =SUM(E70:E73) -> 56 | T25: =SUM(F70:F73) -> 1 | U25: =SUM(G70:G73) -> 0 | V25: =SUM(H70:H73) -> 6 | W25: =SUM(I70:I73) -> 3 | X25: =SUM(J70:J73) -> 0 | ... AB25: =SUM(N70:N73) -> 960
B26: 10.00 - 10.15 | C26: 41 | D26: 12 | E26: 109 | F26: 2 | G26: 1 | H26: 11 | I26: 4 | J26: 0 | K26: 0 | L26: 295 | M26: =SUM(C26:K26) -> 180 | N26: =SUM(C26:L26) -> 475 | P26: AM Peak Hr | Q26: =MAX(Q10:Q13) -> 201 | R26: =MAX(R10:R13) -> 111 | S26: =MAX(S10:S13) -> 525 | T26: =MAX(T10:T13) -> 3 | U26: =MAX(U10:U13) -> 1 | V26: =MAX(V10:V13) -> 35 | W26: =MAX(W10:W13) -> 16 | X26: =MAX(X10:X13) -> 4 | ... AB26: =MAX(AB10:AB13) -> 2481
B27: 10.15 - 10.30 | C27: 34 | D27: 17 | E27: 93 | F27: 1 | G27: 2 | H27: 6 | I27: 2 | J27: 0 | K27: 0 | L27: 205 | M27: =SUM(C27:K27) -> 155 | N27: =SUM(C27:L27) -> 360 | P27: IP Peak Hr | Q27: =MAX(Q14:Q19) -> 299 | R27: =MAX(R14:R19) -> 144 | S27: =MAX(S14:S19) -> 314 | T27: =MAX(T14:T19) -> 3 | U27: =MAX(U14:U19) -> 3 | V27: =MAX(V14:V19) -> 43 | W27: =MAX(W14:W19) -> 14 | X27: =MAX(X14:X19) -> 6 | ... AB27: =MAX(AB14:AB19) -> 1656
B28: 10.30 - 10.45 | C28: 23 | D28: 27 | E28: 83 | F28: 0 | G28: 0 | H28: 7 | I28: 5 | J28: 0 | K28: 1 | L28: 180 | M28: =SUM(C28:K28) -> 146 | N28: =SUM(C28:L28) -> 326 | P28: PM Peak Hr | Q28: =MAX(Q20:Q22) -> 183 | R28: =MAX(R20:R22) -> 111 | S28: =MAX(S20:S22) -> 134 | T28: =MAX(T20:T22) -> 2 | U28: =MAX(U20:U22) -> 2 | V28: =MAX(V20:V22) -> 18 | W28: =MAX(W20:W22) -> 18 | X28: =MAX(X20:X22) -> 5 | ... AB28: =MAX(AB20:AB22) -> 1633
B29: 10.45 - 11.00 | C29: 51 | D29: 38 | E29: 29 | F29: 0 | G29: 0 | H29: 8 | I29: 3 | J29: 0 | K29: 0 | L29: 158 | M29: =SUM(C29:K29) -> 129 | N29: =SUM(C29:L29) -> 287 | P29: AM Period | Q29: =SUM(Q10:Q13) -> 622 | R29: =SUM(R10:R13) -> 349 | S29: =SUM(S10:S13) -> 1706 | T29: =SUM(T10:T13) -> 11 | U29: =SUM(U10:U13) -> 2 | V29: =SUM(V10:V13) -> 111 | W29: =SUM(W10:W13) -> 31 | X29: =SUM(X10:X13) -> 10 | ... AB29: =SUM(AB10:AB13) -> 7346
B30: 11.00 - 11.15 | C30: 52 | D30: 39 | E30: 32 | F30: 1 | G30: 0 | H30: 10 | I30: 3 | J30: 0 | K30: 0 | L30: 245 | M30: =SUM(C30:K30) -> 137 | N30: =SUM(C30:L30) -> 382 | P30: IP Period | Q30: =SUM(Q14:Q19) -> 1369 | R30: =SUM(R14:R19) -> 639 | S30: =SUM(S14:S19) -> 853 | T30: =SUM(T14:T19) -> 6 | U30: =SUM(U14:U19) -> 5 | V30: =SUM(V14:V19) -> 184 | W30: =SUM(W14:W19) -> 63 | X30: =SUM(X14:X19) -> 18 | ... AB30: =SUM(AB14:AB19) -> 9185
B31: 11.15 - 11.30 | C31: 62 | D31: 32 | E31: 27 | F31: 0 | G31: 1 | H31: 14 | I31: 3 | J31: 1 | K31: 0 | L31: 260 | M31: =SUM(C31:K31) -> 140 | N31: =SUM(C31:L31) -> 400 | P31: PM Period | Q31: =SUM(Q20:Q22) -> 505 | R31: =SUM(R20:R22) -> 268 | S31: =SUM(S20:S22) -> 342 | T31: =SUM(T20:T22) -> 5 | U31: =SUM(U20:U22) -> 4 | V31: =SUM(V20:V22) -> 47 | W31: =SUM(W20:W22) -> 32 | X31: =SUM(X20:X22) -> 9 | ... AB31: =SUM(AB20:AB22) -> 4672
B32: 11.30 - 11.45 | C32: 59 | D32: 48 | E32: 47 | F32: 0 | G32: 0 | H32: 12 | I32: 1 | J32: 1 | K32: 1 | L32: 272 | M32: =SUM(C32:K32) -> 169 | N32: =SUM(C32:L32) -> 441 | P32: 12 Hours | Q32: =SUM(Q11:Q22) -> 2381 | R32: =SUM(R11:R22) -> 1194 | S32: =SUM(S11:S22) -> 2642 | T32: =SUM(T11:T22) -> 19 | U32: =SUM(U11:U22) -> 10 | V32: =SUM(V11:V22) -> 307 | W32: =SUM(W11:W22) -> 110 | X32: =SUM(X11:X22) -> 35 | ... AB32: =SUM(AB11:AB22) -> 20076
B33: 11.45 - 12.00 | C33: 59 | D33: 25 | E33: 26 | F33: 1 | G33: 0 | H33: 7 | I33: 2 | J33: 4 | K33: 0 | L33: 307 | M33: =SUM(C33:K33) -> 124 | N33: =SUM(C33:L33) -> 431 | P33: 16 Hrs/ADT | Q33: =SUM(Q10:Q25) -> 2844 | R33: =SUM(R10:R25) -> 1446 | S33: =SUM(S10:S25) -> 3192 | T33: =SUM(T10:T25) -> 30 | U33: =SUM(U10:U25) -> 13 | V33: =SUM(V10:V25) -> 371 | W33: =SUM(W10:W25) -> 144 | X33: =SUM(X10:X25) -> 46 | ... AB33: =SUM(AB10:AB25) -> 25201
B34: 12.00 - 12.15 | C34: 81 | D34: 40 | E34: 43 | F34: 1 | G34: 0 | H34: 12 | I34: 3 | J34: 1 | K34: 0 | L34: 280 | M34: =SUM(C34:K34) -> 181 | N34: =SUM(C34:L34) -> 461 | P34: NEF | Q34: =Q33/Q32 -> 1.1944561 | R34: =R33/R32 -> 1.2110553 | S34: =S33/S32 -> 1.2081756 | T34: =T33/T32 -> 1.5789474 | U34: =U33/U32 -> 1.3 | V34: =V33/V32 -> 1.2084691 | W34: =W33/W32 -> 1.3090909 | X34: =X33/X32 -> 1.3142857 | ... AB34: =AB33/AB32 -> 1.2552799
B35: 12.15 - 12.30 | C35: 73 | D35: 18 | E35: 29 | F35: 0 | G35: 0 | H35: 3 | I35: 2 | J35: 0 | K35: 0 | L35: 280 | M35: =SUM(C35:K35) -> 125 | N35: =SUM(C35:L35) -> 405
B36: 12.30 - 12.45 | C36: 64 | D36: 41 | E36: 34 | F36: 0 | G36: 0 | H36: 10 | I36: 4 | J36: 1 | K36: 0 | L36: 315 | M36: =SUM(C36:K36) -> 154 | N36: =SUM(C36:L36) -> 469
B37: 12.45 - 13.00 | C37: 81 | D37: 44 | E37: 35 | F37: 0 | G37: 0 | H37: 7 | I37: 1 | J37: 1 | K37: 0 | L37: 152 | M37: =SUM(C37:K37) -> 169 | N37: =SUM(C37:L37) -> 321
B38: 13.00 - 13.15 | C38: 50 | D38: 24 | E38: 18 | F38: 0 | G38: 0 | H38: 4 | I38: 1 | J38: 0 | K38: 0 | L38: 175 | M38: =SUM(C38:K38) -> 97 | N38: =SUM(C38:L38) -> 272
B39: 13.15 - 13.30 | C39: 88 | D39: 31 | E39: 34 | F39: 0 | G39: 0 | H39: 12 | I39: 2 | J39: 0 | K39: 0 | L39: 216 | M39: =SUM(C39:K39) -> 167 | N39: =SUM(C39:L39) -> 383
B40: 13.30 - 13.45 | C40: 73 | D40: 50 | E40: 33 | F40: 0 | G40: 0 | H40: 8 | I40: 3 | J40: 1 | K40: 0 | L40: 305 | M40: =SUM(C40:K40) -> 168 | N40: =SUM(C40:L40) -> 473
B41: 13.45 - 14.00 | C41: 53 | D41: 20 | E41: 25 | F41: 0 | G41: 0 | H41: 8 | I41: 2 | J41: 0 | K41: 0 | L41: 265 | M41: =SUM(C41:K41) -> 108 | N41: =SUM(C41:L41) -> 373
B42: 14.00 - 14.15 | C42: 21 | D42: 3 | E42: 11 | F42: 0 | G42: 0 | H42: 4 | I42: 1 | J42: 1 | K42: 1 | L42: 130 | M42: =SUM(C42:K42) -> 42 | N42: =SUM(C42:L42) -> 172
B43: 14.15 - 14.30 | C43: 70 | D43: 23 | E43: 22 | F43: 0 | G43: 0 | H43: 12 | I43: 4 | J43: 2 | K43: 0 | L43: 290 | M43: =SUM(C43:K43) -> 133 | N43: =SUM(C43:L43) -> 423
B44: 14.30 - 14.45 | C44: 51 | D44: 15 | E44: 15 | F44: 0 | G44: 0 | H44: 7 | I44: 1 | J44: 0 | K44: 0 | L44: 263 | M44: =SUM(C44:K44) -> 89 | N44: =SUM(C44:L44) -> 352
B45: 14.45 - 15.00 | C45: 63 | D45: 11 | E45: 12 | F45: 0 | G45: 0 | H45: 5 | I45: 3 | J45: 0 | K45: 1 | L45: 290 | M45: =SUM(C45:K45) -> 95 | N45: =SUM(C45:L45) -> 385
B46: 15.00 - 15.15 | C46: 60 | D46: 14 | E46: 29 | F46: 0 | G46: 0 | H46: 6 | I46: 6 | J46: 0 | K46: 0 | L46: 300 | M46: =SUM(C46:K46) -> 115 | N46: =SUM(C46:L46) -> 415
... B73: 21.45 - 22.00 | C73: 26 | D73: 6 | E73: 9 | F73: 0 | G73: 0 | H73: 2 | I73: 2 | J73: 0 | K73: 0 | L73: 193 | M73: =SUM(C73:K73) -> 45 | N73: =SUM(C73:L73) -> 238
B74: Totals | C74: =SUM(C10:C73) -> 2844 | D74: =SUM(D10:D73) -> 1446 | E74: =SUM(E10:E73) -> 3192 | F74: =SUM(F10:F73) -> 30 | G74: =SUM(G10:G73) -> 13 | H74: =SUM(H10:H73) -> 371 | I74: =SUM(I10:I73) -> 144 | J74: =SUM(J10:J73) -> 46 | ... N74: =SUM(N10:N73) -> 25201
B75: %ges + MCs | C75: =C74/$N$74 -> 0.11285266 | D75: =D74/$N$74 -> 0.057378675 | E75: =E74/$N$74 -> 0.12666164 | F75: =F74/$N$74 -> 0.001190429 | G75: =G74/$N$74 -> 0.00051585255 | H75: =H74/$N$74 -> 0.014721638 | I75: =I74/$N$74 -> 0.005714059 | J75: =J74/$N$74 -> 0.0018253244 | ... L75: =L74/$N$74 -> 0.6785445
B76: %ges w/o MCs | C76: =C74/$M$74 -> 0.35106777 | D76: =D74/$M$74 -> 0.17849648 | E76: =E74/$M$74 -> 0.39402543 | F76: =F74/$M$74 -> 0.0037032465 | G76: =G74/$M$74 -> 0.0016047402 | H76: =H74/$M$74 -> 0.045796815 | I76: =I74/$M$74 -> 0.017775583 | J76: =J74/$M$74 -> 0.0056783113 | K76: =K74/$M$74 -> 0.0018516233

Sheet 1.10. Nakivubo-ShopriteC1 L2
B1: Traffic Impact Assessment for Kikapu project
B2: MANUAL CLASSIFIED COUNT (MCC)
B3: ROAD NAME: | C3: SHOPRITE-QUEENSWAY
C5: Date | D5: 1.10.19 | E5: Location | F5: CLOCK TOWER JUNCTION | I5: Surveyor | J5: Babirye P,Muganga S,
C6: Dir. From | D6: NAKIVUBO | E6: Dir. To | F6: SHOPRITE | I6: Supervisor | J6: Lawrence
B8: Time / Veh Type | P8: SUMMARY TRAFFIC VOLUMES
C9: 1. Private Car | D9: 3. Pickups/four wheel drive | E9: 4. Minibus, matatu | F9: 5. Medium bus/ coaster | G9: 6. Large Bus/coach | H9: 7. Light Truck | I9: 8. Medium Truck | J9: 9. Heavy truck | K9: 10. Truck Trailer | L9: 11. Motor cycles | M9: Total Excl M/Cycles | N9: Total All | P9: Time | Q9: 1. Car | R9: 3. Pickups | S9: 4. Minibus, matatu | T9: 5. Medium bus | U9: 6. Large Bus | V9: 7. Light Truck | W9: 8. Medium Truck | X9: 9. Heavy truck | Y9: 10. Truck Trailer | Z9: 11. Motorcycles | AA9: Total Excl M/ Cycles | AB9: Total All
B10: 06.00 - 06.15 | C10: 16 | D10: 10 | E10: 50 | F10: 1 | G10: 1 | H10: 2 | I10: 3 | J10: 0 | K10: 0 | L10: 107 | M10: 305 | N10: =SUM(C10:L10) -> 190 | P10: 06.00 - 06.15 | Q10: =SUM(C10:C13) -> 125 | R10: =SUM(D10:D13) -> 75 | S10: =SUM(E10:E13) -> 238 | T10: =SUM(F10:F13) -> 4 | U10: =SUM(G10:G13) -> 4 | V10: =SUM(H10:H13) -> 13 | W10: =SUM(I10:I13) -> 8 | X10: =SUM(J10:J13) -> 0 | ... AB10: =SUM(N10:N13) -> 1193
B11: 06.15 - 06.30 | C11: 20 | D11: 15 | E11: 40 | F11: 1 | G11: 1 | H11: 3 | I11: 2 | J11: 0 | K11: 0 | L11: 152 | M11: =SUM(C11:K11) -> 82 | N11: =SUM(C11:L11) -> 234 | P11: 0700-0800 | Q11: =SUM(C14:C17) -> 216 | R11: =SUM(D14:D17) -> 104 | S11: =SUM(E14:E17) -> 272 | T11: =SUM(F14:F17) -> 6 | U11: =SUM(G14:G17) -> 2 | V11: =SUM(H14:H17) -> 14 | W11: =SUM(I14:I17) -> 5 | X11: =SUM(J14:J17) -> 4 | ... AB11: =SUM(N14:N17) -> 1648
B12: 06.30 - 06.45 | C12: 27 | D12: 17 | E12: 73 | F12: 1 | G12: 2 | H12: 2 | I12: 1 | J12: 0 | K12: 0 | L12: 212 | M12: =SUM(C12:K12) -> 123 | N12: =SUM(C12:L12) -> 335 | P12: 0800-0900 | Q12: =SUM(C18:C21) -> 128 | R12: =SUM(D18:D21) -> 101 | S12: =SUM(E18:E21) -> 350 | T12: =SUM(F18:F21) -> 5 | U12: =SUM(G18:G21) -> 1 | V12: =SUM(H18:H21) -> 20 | W12: =SUM(I18:I21) -> 8 | X12: =SUM(J18:J21) -> 7 | ... AB12: =SUM(N18:N21) -> 1840
B13: 06.45 - 07.00 | C13: 62 | D13: 33 | E13: 75 | F13: 1 | G13: 0 | H13: 6 | I13: 2 | J13: 0 | K13: 0 | L13: 255 | M13: =SUM(C13:K13) -> 179 | N13: =SUM(C13:L13) -> 434 | P13: 0900-1000 | Q13: =SUM(C22:C25) -> 117 | R13: =SUM(D22:D25) -> 103 | S13: =SUM(E22:E25) -> 316 | T13: =SUM(F22:F25) -> 2 | U13: =SUM(G22:G25) -> 2 | V13: =SUM(H22:H25) -> 16 | W13: =SUM(I22:I25) -> 10 | X13: =SUM(J22:J25) -> 10 | ... AB13: =SUM(N22:N25) -> 1735
B14: 07.00 - 07.15 | C14: 50 | D14: 36 | E14: 68 | F14: 0 | G14: 1 | H14: 4 | I14: 2 | J14: 0 | K14: 0 | L14: 230 | M14: =SUM(C14:K14) -> 161 | N14: =SUM(C14:L14) -> 391 | P14: 1000-1100 | Q14: =SUM(C26:C29) -> 100 | R14: =SUM(D26:D29) -> 73 | S14: =SUM(E26:E29) -> 357 | T14: =SUM(F26:F29) -> 2 | U14: =SUM(G26:G29) -> 1 | V14: =SUM(H26:H29) -> 22 | W14: =SUM(I26:I29) -> 11 | X14: =SUM(J26:J29) -> 11 | ... AB14: =SUM(N26:N29) -> 1614
B15: 07.15 - 07.30 | C15: 52 | D15: 32 | E15: 84 | F15: 3 | G15: 0 | H15: 5 | I15: 1 | J15: 3 | K15: 0 | L15: 247 | M15: =SUM(C15:K15) -> 180 | N15: =SUM(C15:L15) -> 427 | P15: 1100-1200 | Q15: =SUM(C30:C33) -> 50 | R15: =SUM(D30:D33) -> 48 | S15: =SUM(E30:E33) -> 383 | T15: =SUM(F30:F33) -> 1 | U15: =SUM(G30:G33) -> 1 | V15: =SUM(H30:H33) -> 79 | W15: =SUM(I30:I33) -> 10 | X15: =SUM(J30:J33) -> 5 | ... AB15: =SUM(N30:N33) -> 1508
B16: 07.30 - 07.45 | C16: 55 | D16: 16 | E16: 75 | F16: 1 | G16: 1 | H16: 3 | I16: 1 | J16: 0 | K16: 0 | L16: 275 | M16: =SUM(C16:K16) -> 152 | N16: =SUM(C16:L16) -> 427 | P16: 1200-1300 | Q16: =SUM(C34:C37) -> 53 | R16: =SUM(D34:D37) -> 33 | S16: =SUM(E34:E37) -> 342 | T16: =SUM(F34:F37) -> 1 | U16: =SUM(G34:G37) -> 1 | V16: =SUM(H34:H37) -> 12 | W16: =SUM(I34:I37) -> 12 | X16: =SUM(J34:J37) -> 15 | ... AB16: =SUM(N34:N37) -> 1338
B17: 07.45 - 08.00 | C17: 59 | D17: 20 | E17: 45 | F17: 2 | G17: 0 | H17: 2 | I17: 1 | J17: 1 | K17: 0 | L17: 273 | M17: =SUM(C17:K17) -> 130 | N17: =SUM(C17:L17) -> 403 | P17: 1300-1400 | Q17: =SUM(C38:C41) -> 49 | R17: =SUM(D38:D41) -> 37 | S17: =SUM(E38:E41) -> 331 | T17: =SUM(F38:F41) -> 1 | U17: =SUM(G38:G41) -> 0 | V17: =SUM(H38:H41) -> 15 | W17: =SUM(I38:I41) -> 12 | X17: =SUM(J38:J41) -> 10 | ... AB17: =SUM(N38:N41) -> 1319
B18: 08.00 - 08.15 | C18: 43 | D18: 28 | E18: 96 | F18: 0 | G18: 0 | H18: 4 | I18: 1 | J18: 1 | K18: 0 | L18: 298 | M18: =SUM(C18:K18) -> 173 | N18: =SUM(C18:L18) -> 471 | P18: 1400-1500 | Q18: =SUM(C42:C45) -> 69 | R18: =SUM(D42:D45) -> 56 | S18: =SUM(E42:E45) -> 269 | T18: =SUM(F42:F45) -> 1 | U18: =SUM(G42:G45) -> 0 | V18: =SUM(H42:H45) -> 20 | W18: =SUM(I42:I45) -> 8 | X18: =SUM(J42:J45) -> 4 | ... AB18: =SUM(N42:N45) -> 1333
B19: 08.15 - 08.30 | C19: 30 | D19: 22 | E19: 80 | F19: 2 | G19: 0 | H19: 4 | I19: 1 | J19: 2 | K19: 0 | L19: 310 | M19: =SUM(C19:K19) -> 141 | N19: =SUM(C19:L19) -> 451 | P19: 1500-1600 | Q19: =SUM(C46:C49) -> 40 | R19: =SUM(D46:D49) -> 54 | S19: =SUM(E46:E49) -> 218 | T19: =SUM(F46:F49) -> 0 | U19: =SUM(G46:G49) -> 0 | V19: =SUM(H46:H49) -> 12 | W19: =SUM(I46:I49) -> 6 | X19: =SUM(J46:J49) -> 1 | ... AB19: =SUM(N46:N49) -> 817
B20: 08.30 - 08.45 | C20: 28 | D20: 28 | E20: 71 | F20: 2 | G20: 1 | H20: 5 | I20: 4 | J20: 1 | K20: 0 | L20: 285 | M20: =SUM(C20:K20) -> 140 | N20: =SUM(C20:L20) -> 425 | P20: 1600-1700 | Q20: =SUM(C50:C53) -> 77 | R20: =SUM(D50:D53) -> 58 | S20: =SUM(E50:E53) -> 267 | T20: =SUM(F50:F53) -> 3 | U20: =SUM(G50:G53) -> 2 | V20: =SUM(H50:H53) -> 17 | W20: =SUM(I50:I53) -> 6 | X20: =SUM(J50:J53) -> 3 | ... AB20: =SUM(N50:N53) -> 1393
B21: 08.45 - 9.00 | C21: 27 | D21: 23 | E21: 103 | F21: 1 | G21: 0 | H21: 7 | I21: 2 | J21: 3 | K21: 0 | L21: 327 | M21: =SUM(C21:K21) -> 166 | N21: =SUM(C21:L21) -> 493 | P21: 1700-1800 | Q21: =SUM(C54:C57) -> 43 | R21: =SUM(D54:D57) -> 37 | S21: =SUM(E54:E57) -> 262 | T21: =SUM(F54:F57) -> 2 | U21: =SUM(G54:G57) -> 0 | V21: =SUM(H54:H57) -> 12 | W21: =SUM(I54:I57) -> 1 | X21: =SUM(J54:J57) -> 0 | ... AB21: =SUM(N54:N57) -> 1421
B22: 09.00 - 09.15 | C22: 18 | D22: 30 | E22: 60 | F22: 1 | G22: 0 | H22: 6 | I22: 4 | J22: 0 | K22: 0 | L22: 232 | M22: =SUM(C22:K22) -> 119 | N22: =SUM(C22:L22) -> 351 | P22: 1800-1900 | Q22: =SUM(C58:C61) -> 1922 | R22: =SUM(D58:D61) -> 21 | S22: =SUM(E58:E61) -> 192 | T22: =SUM(F58:F61) -> 2 | U22: =SUM(G58:G61) -> 0 | V22: =SUM(H58:H61) -> 7 | W22: =SUM(I58:I61) -> 2 | X22: =SUM(J58:J61) -> 2 | ... AB22: =SUM(N58:N61) -> 3090
B23: 09.15 - 09.30 | C23: 30 | D23: 28 | E23: 77 | F23: 1 | G23: 0 | H23: 3 | I23: 3 | J23: 2 | K23: 0 | L23: 310 | M23: =SUM(C23:K23) -> 144 | N23: =SUM(C23:L23) -> 454 | P23: 1900-2000 | Q23: =SUM(C62:C65) -> 40 | R23: =SUM(D62:D65) -> 36 | S23: =SUM(E62:E65) -> 310 | T23: =SUM(F62:F65) -> 2 | U23: =SUM(G62:G65) -> 2 | V23: =SUM(H62:H65) -> 9 | W23: =SUM(I62:I65) -> 6 | X23: =SUM(J62:J65) -> 0 | ... AB23: =SUM(N62:N65) -> 1462
B24: 09.30 - 09.45 | C24: 29 | D24: 25 | E24: 86 | F24: 0 | G24: 2 | H24: 3 | I24: 2 | J24: 5 | K24: 0 | L24: 337 | M24: =SUM(C24:K24) -> 152 | N24: =SUM(C24:L24) -> 489 | P24: 2000-2100 | Q24: =SUM(C66:C69) -> 58 | R24: =SUM(D66:D69) -> 36 | S24: =SUM(E66:E69) -> 396 | T24: =SUM(F66:F69) -> 5 | U24: =SUM(G66:G69) -> 1 | V24: =SUM(H66:H69) -> 13 | W24: =SUM(I66:I69) -> 4 | X24: =SUM(J66:J69) -> 2 | ... AB24: =SUM(N66:N69) -> 1396
B25: 09.45 - 10.00 | C25: 40 | D25: 20 | E25: 93 | F25: 0 | G25: 0 | H25: 4 | I25: 1 | J25: 3 | K25: 0 | L25: 280 | M25: =SUM(C25:K25) -> 161 | N25: =SUM(C25:L25) -> 441 | P25: 2100-2200 | Q25: =SUM(C70:C73) -> 80 | R25: =SUM(D70:D73) -> 63 | S25: =SUM(E70:E73) -> 323 | T25: =SUM(F70:F73) -> 2 | U25: =SUM(G70:G73) -> 1 | V25: =SUM(H70:H73) -> 15 | W25: =SUM(I70:I73) -> 1 | X25: =SUM(J70:J73) -> 0 | ... AB25: =SUM(N70:N73) -> 990
B26: 10.00 - 10.15 | C26: 21 | D26: 18 | E26: 75 | F26: 1 | G26: 0 | H26: 3 | I26: 3 | J26: 1 | K26: 0 | L26: 252 | M26: =SUM(C26:K26) -> 122 | N26: =SUM(C26:L26) -> 374 | P26: AM Peak Hr | Q26: =MAX(Q10:Q13) -> 216 | R26: =MAX(R10:R13) -> 104 | S26: =MAX(S10:S13) -> 350 | T26: =MAX(T10:T13) -> 6 | U26: =MAX(U10:U13) -> 4 | V26: =MAX(V10:V13) -> 20 | W26: =MAX(W10:W13) -> 10 | X26: =MAX(X10:X13) -> 10 | ... AB26: =MAX(AB10:AB13) -> 1840
B27: 10.15 - 10.30 | C27: 28 | D27: 16 | E27: 90 | F27: 1 | G27: 1 | H27: 6 | I27: 3 | J27: 6 | K27: 0 | L27: 250 | M27: =SUM(C27:K27) -> 151 | N27: =SUM(C27:L27) -> 401 | P27: IP Peak Hr | Q27: =MAX(Q14:Q19) -> 100 | R27: =MAX(R14:R19) -> 73 | S27: =MAX(S14:S19) -> 383 | T27: =MAX(T14:T19) -> 2 | U27: =MAX(U14:U19) -> 1 | V27: =MAX(V14:V19) -> 79 | W27: =MAX(W14:W19) -> 12 | X27: =MAX(X14:X19) -> 15 | ... AB27: =MAX(AB14:AB19) -> 1614
B28: 10.30 - 10.45 | C28: 28 | D28: 14 | E28: 100 | F28: 0 | G28: 0 | H28: 10 | I28: 3 | J28: 4 | K28: 0 | L28: 250 | M28: =SUM(C28:K28) -> 159 | N28: =SUM(C28:L28) -> 409 | P28: PM Peak Hr | Q28: =MAX(Q20:Q22) -> 1922 | R28: =MAX(R20:R22) -> 58 | S28: =MAX(S20:S22) -> 267 | T28: =MAX(T20:T22) -> 3 | U28: =MAX(U20:U22) -> 2 | V28: =MAX(V20:V22) -> 17 | W28: =MAX(W20:W22) -> 6 | X28: =MAX(X20:X22) -> 3 | ... AB28: =MAX(AB20:AB22) -> 3090
B29: 10.45 - 11.00 | C29: 23 | D29: 25 | E29: 92 | F29: 0 | G29: 0 | H29: 3 | I29: 2 | J29: 0 | K29: 0 | L29: 285 | M29: =SUM(C29:K29) -> 145 | N29: =SUM(C29:L29) -> 430 | P29: AM Period | Q29: =SUM(Q10:Q13) -> 586 | R29: =SUM(R10:R13) -> 383 | S29: =SUM(S10:S13) -> 1176 | T29: =SUM(T10:T13) -> 17 | U29: =SUM(U10:U13) -> 9 | V29: =SUM(V10:V13) -> 63 | W29: =SUM(W10:W13) -> 31 | X29: =SUM(X10:X13) -> 21 | ... AB29: =SUM(AB10:AB13) -> 6416
B30: 11.00 - 11.15 | C30: 12 | D30: 14 | E30: 165 | F30: 0 | G30: 0 | H30: 66 | I30: 0 | J30: 0 | K30: 0 | L30: 252 | M30: =SUM(C30:K30) -> 257 | N30: =SUM(C30:L30) -> 509 | P30: IP Period | Q30: =SUM(Q14:Q19) -> 361 | R30: =SUM(R14:R19) -> 301 | S30: =SUM(S14:S19) -> 1900 | T30: =SUM(T14:T19) -> 6 | U30: =SUM(U14:U19) -> 3 | V30: =SUM(V14:V19) -> 160 | W30: =SUM(W14:W19) -> 59 | X30: =SUM(X14:X19) -> 46 | ... AB30: =SUM(AB14:AB19) -> 7929
B31: 11.15 - 11.30 | C31: 13 | D31: 20 | E31: 110 | F31: 0 | G31: 0 | H31: 6 | I31: 5 | J31: 2 | K31: 0 | L31: 247 | M31: =SUM(C31:K31) -> 156 | N31: =SUM(C31:L31) -> 403 | P31: PM Period | Q31: =SUM(Q20:Q22) -> 2042 | R31: =SUM(R20:R22) -> 116 | S31: =SUM(S20:S22) -> 721 | T31: =SUM(T20:T22) -> 7 | U31: =SUM(U20:U22) -> 2 | V31: =SUM(V20:V22) -> 36 | W31: =SUM(W20:W22) -> 9 | X31: =SUM(X20:X22) -> 5 | ... AB31: =SUM(AB20:AB22) -> 5904
B32: 11.30 - 11.45 | C32: 17 | D32: 9 | E32: 50 | F32: 0 | G32: 0 | H32: 5 | I32: 3 | J32: 2 | K32: 0 | L32: 185 | M32: =SUM(C32:K32) -> 86 | N32: =SUM(C32:L32) -> 271 | P32: 12 Hours | Q32: =SUM(Q11:Q22) -> 2864 | R32: =SUM(R11:R22) -> 725 | S32: =SUM(S11:S22) -> 3559 | T32: =SUM(T11:T22) -> 26 | U32: =SUM(U11:U22) -> 10 | V32: =SUM(V11:V22) -> 246 | W32: =SUM(W11:W22) -> 91 | X32: =SUM(X11:X22) -> 72 | ... AB32: =SUM(AB11:AB22) -> 19056
B33: 11.45 - 12.00 | C33: 8 | D33: 5 | E33: 58 | F33: 1 | G33: 1 | H33: 2 | I33: 2 | J33: 1 | K33: 0 | L33: 247 | M33: =SUM(C33:K33) -> 78 | N33: =SUM(C33:L33) -> 325 | P33: 16 Hrs/ADT | Q33: =SUM(Q10:Q25) -> 3167 | R33: =SUM(R10:R25) -> 935 | S33: =SUM(S10:S25) -> 4826 | T33: =SUM(T10:T25) -> 39 | U33: =SUM(U10:U25) -> 18 | V33: =SUM(V10:V25) -> 296 | W33: =SUM(W10:W25) -> 110 | X33: =SUM(X10:X25) -> 74 | ... AB33: =SUM(AB10:AB25) -> 24097
B34: 12.00 - 12.15 | C34: 9 | D34: 7 | E34: 76 | F34: 1 | G34: 1 | H34: 1 | I34: 1 | J34: 0 | K34: 0 | L34: 250 | M34: =SUM(C34:K34) -> 96 | N34: =SUM(C34:L34) -> 346 | P34: NEF | Q34: =Q33/Q32 -> 1.1057961 | R34: =R33/R32 -> 1.2896552 | S34: =S33/S32 -> 1.3559989 | T34: =T33/T32 -> 1.5 | U34: =U33/U32 -> 1.8 | V34: =V33/V32 -> 1.203252 | W34: =W33/W32 -> 1.2087912 | X34: =X33/X32 -> 1.0277778 | ... AB34: =AB33/AB32 -> 1.2645361
B35: 12.15 - 12.30 | C35: 20 | D35: 9 | E35: 91 | F35: 0 | G35: 0 | H35: 4 | I35: 2 | J35: 6 | K35: 0 | L35: 210 | M35: =SUM(C35:K35) -> 132 | N35: =SUM(C35:L35) -> 342
B36: 12.30 - 12.45 | C36: 9 | D36: 7 | E36: 75 | F36: 0 | G36: 0 | H36: 4 | I36: 4 | J36: 4 | K36: 2 | L36: 205 | M36: =SUM(C36:K36) -> 105 | N36: =SUM(C36:L36) -> 310
B37: 12.45 - 13.00 | C37: 15 | D37: 10 | E37: 100 | F37: 0 | G37: 0 | H37: 3 | I37: 5 | J37: 5 | K37: 0 | L37: 202 | M37: =SUM(C37:K37) -> 138 | N37: =SUM(C37:L37) -> 340
B38: 13.00 - 13.15 | C38: 13 | D38: 9 | E38: 77 | F38: 1 | G38: 0 | H38: 2 | I38: 2 | J38: 1 | K38: 0 | L38: 185 | M38: =SUM(C38:K38) -> 105 | N38: =SUM(C38:L38) -> 290
B39: 13.15 - 13.30 | C39: 20 | D39: 11 | E39: 100 | F39: 0 | G39: 0 | H39: 8 | I39: 2 | J39: 4 | K39: 1 | L39: 217 | M39: =SUM(C39:K39) -> 146 | N39: =SUM(C39:L39) -> 363
B40: 13.30 - 13.45 | C40: 10 | D40: 10 | E40: 73 | F40: 0 | G40: 0 | H40: 4 | I40: 5 | J40: 1 | K40: 1 | L40: 240 | M40: =SUM(C40:K40) -> 104 | N40: =SUM(C40:L40) -> 344
B41: 13.45 - 14.00 | C41: 6 | D41: 7 | E41: 81 | F41: 0 | G41: 0 | H41: 1 | I41: 3 | J41: 4 | K41: 0 | L41: 220 | M41: =SUM(C41:K41) -> 102 | N41: =SUM(C41:L41) -> 322
B42: 14.00 - 14.15 | C42: 20 | D42: 10 | E42: 60 | F42: 0 | G42: 0 | H42: 3 | I42: 3 | J42: 2 | K42: 0 | L42: 110 | M42: =SUM(C42:K42) -> 98 | N42: =SUM(C42:L42) -> 208
B43: 14.15 - 14.30 | C43: 21 | D43: 21 | E43: 83 | F43: 0 | G43: 0 | H43: 11 | I43: 2 | J43: 1 | K43: 0 | L43: 285 | M43: =SUM(C43:K43) -> 139 | N43: =SUM(C43:L43) -> 424
B44: 14.30 - 14.45 | C44: 18 | D44: 15 | E44: 71 | F44: 0 | G44: 0 | H44: 3 | I44: 2 | J44: 1 | K44: 1 | L44: 271 | M44: =SUM(C44:K44) -> 111 | N44: =SUM(C44:L44) -> 382
B45: 14.45 - 15.00 | C45: 10 | D45: 10 | E45: 55 | F45: 1 | G45: 0 | H45: 3 | I45: 1 | J45: 0 | K45: 1 | L45: 238 | M45: =SUM(C45:K45) -> 81 | N45: =SUM(C45:L45) -> 319
B46: 15.00 - 15.15 | C46: 10 | D46: 27 | E46: 90 | F46: 0 | G46: 0 | H46: 3 | I46: 4 | J46: 0 | K46: 0 | L46: 228 | M46: =SUM(C46:K46) -> 134 | N46: =SUM(C46:L46) -> 362
... B73: 21.45 - 22.00 | C73: 18 | D73: 20 | E73: 77 | F73: 1 | G73: 1 | H73: 3 | I73: 1 | J73: 0 | K73: 0 | L73: 105 | M73: =SUM(C73:K73) -> 121 | N73: =SUM(C73:L73) -> 226
B74: Totals | C74: =SUM(C10:C73) -> 3167 | D74: =SUM(D10:D73) -> 935 | E74: =SUM(E10:E73) -> 4826 | F74: =SUM(F10:F73) -> 39 | G74: =SUM(G10:G73) -> 18 | H74: =SUM(H10:H73) -> 296 | I74: =SUM(I10:I73) -> 110 | J74: =SUM(J10:J73) -> 74 | K74: =SUM(K10:K73) -> 10 | L74: 0 | M74: =SUM(M10:M73) -> 9697 | N74: =SUM(N10:N73) -> 24097
B75: %ges + MCs | C75: =C74/$N$74 -> 0.13142715 | D75: =D74/$N$74 -> 0.038801511 | E75: =E74/$N$74 -> 0.20027389 | F75: =F74/$N$74 -> 0.0016184587 | G75: =G74/$N$74 -> 0.00074698095 | H75: =H74/$N$74 -> 0.012283687 | I75: =I74/$N$74 -> 0.0045648836 | J75: =J74/$N$74 -> 0.0030709217 | ... L75: =L74/$N$74 -> 0
B76: %ges w/o MCs | C76: =C74/$M$74 -> 0.32659585 | D76: =D74/$M$74 -> 0.096421574 | E76: =E74/$M$74 -> 0.49767969 | F76: =F74/$M$74 -> 0.0040218624 | G76: =G74/$M$74 -> 0.0018562442 | H76: =H74/$M$74 -> 0.030524905 | I76: =I74/$M$74 -> 0.011343715 | J76: =J74/$M$74 -> 0.0076312262 | K76: =K74/$M$74 -> 0.0010312468

Sheet 2.10. Nakivubo-ShopriteC1 L2
B1: Traffic Impact Assessment for Kikapu project
B2: MANUAL CLASSIFIED COUNT (MCC)
B3: ROAD NAME: | C3: SHOPRITE-QUEENSWAY
C5: Date | D5: 2.10.19 | E5: Location | F5: CLOCK TOWER JUNCTION | I5: Surveyor | J5: XX
C6: Dir. From | D6: NAKIVUBO | E6: Dir. To | F6: SHOPRITE | I6: Supervisor | J6: Lawrence
B8: Time / Veh Type | P8: SUMMARY TRAFFIC VOLUMES
C9: 1. Private Car | D9: 3. Pickups/four wheel drive | E9: 4. Minibus, matatu | F9: 5. Medium bus/ coaster | G9: 6. Large Bus/coach | H9: 7. Light Truck | I9: 8. Medium Truck | J9: 9. Heavy truck | K9: 10. Truck Trailer | L9: 11. Motor cycles | M9: Total Excl M/Cycles | N9: Total All | P9: Time | Q9: 1. Car | R9: 3. Pickups | S9: 4. Minibus, matatu | T9: 5. Medium bus | U9: 6. Large Bus | V9: 7. Light Truck | W9: 8. Medium Truck | X9: 9. Heavy truck | Y9: 10. Truck Trailer | Z9: 11. Motorcycles | AA9: Total Excl M/ Cycles | AB9: Total All
B10: 06.00 - 06.15 | C10: 10 | D10: 10 | E10: 3 | F10: 1 | G10: 0 | H10: 3 | I10: 0 | J10: 0 | K10: 0 | L10: 35 | M10: =SUM(C10:K10) -> 27 | N10: =SUM(C10:L10) -> 62 | P10: 06.00 - 06.15 | Q10: =SUM(C10:C13) -> 351 | R10: =SUM(D10:D13) -> 81 | S10: =SUM(E10:E13) -> 99 | T10: =SUM(F10:F13) -> 2 | U10: =SUM(G10:G13) -> 0 | V10: =SUM(H10:H13) -> 17 | W10: =SUM(I10:I13) -> 7 | X10: =SUM(J10:J13) -> 1 | ... AB10: =SUM(N10:N13) -> 1057
B11: 06.15 - 06.30 | C11: 60 | D11: 7 | E11: 16 | F11: 0 | G11: 0 | H11: 2 | I11: 2 | J11: 0 | K11: 0 | L11: 89 | M11: =SUM(C11:K11) -> 87 | N11: =SUM(C11:L11) -> 176 | P11: 0700-0800 | Q11: =SUM(C14:C17) -> 481 | R11: =SUM(D14:D17) -> 207 | S11: =SUM(E14:E17) -> 100 | T11: =SUM(F14:F17) -> 1 | U11: =SUM(G14:G17) -> 0 | V11: =SUM(H14:H17) -> 17 | W11: =SUM(I14:I17) -> 4 | X11: =SUM(J14:J17) -> 1 | ... AB11: =SUM(N14:N17) -> 2015
B12: 06.30 - 06.45 | C12: 130 | D12: 27 | E12: 47 | F12: 0 | G12: 0 | H12: 6 | I12: 3 | J12: 0 | K12: 0 | L12: 150 | M12: =SUM(C12:K12) -> 213 | N12: =SUM(C12:L12) -> 363 | P12: 0800-0900 | Q12: =SUM(C18:C21) -> 418 | R12: =SUM(D18:D21) -> 218 | S12: =SUM(E18:E21) -> 114 | T12: =SUM(F18:F21) -> 4 | U12: =SUM(G18:G21) -> 0 | V12: =SUM(H18:H21) -> 18 | W12: =SUM(I18:I21) -> 6 | X12: =SUM(J18:J21) -> 0 | ... AB12: =SUM(N18:N21) -> 2226
B13: 06.45 - 07.00 | C13: 151 | D13: 37 | E13: 33 | F13: 1 | G13: 0 | H13: 6 | I13: 2 | J13: 1 | K13: 0 | L13: 225 | M13: =SUM(C13:K13) -> 231 | N13: =SUM(C13:L13) -> 456 | P13: 0900-1000 | Q13: =SUM(C22:C25) -> 326 | R13: =SUM(D22:D25) -> 136 | S13: =SUM(E22:E25) -> 82 | T13: =SUM(F22:F25) -> 3 | U13: =SUM(G22:G25) -> 0 | V13: =SUM(H22:H25) -> 12 | W13: =SUM(I22:I25) -> 5 | X13: =SUM(J22:J25) -> 2 | ... AB13: =SUM(N22:N25) -> 1746
B14: 07.00 - 07.15 | C14: 142 | D14: 26 | E14: 22 | F14: 0 | G14: 0 | H14: 3 | I14: 1 | J14: 0 | K14: 0 | L14: 205 | M14: =SUM(C14:K14) -> 194 | N14: =SUM(C14:L14) -> 399 | P14: 1000-1100 | Q14: =SUM(C26:C29) -> 285 | R14: =SUM(D26:D29) -> 95 | S14: =SUM(E26:E29) -> 130 | T14: =SUM(F26:F29) -> 0 | U14: =SUM(G26:G29) -> 2 | V14: =SUM(H26:H29) -> 17 | W14: =SUM(I26:I29) -> 8 | X14: =SUM(J26:J29) -> 1 | ... AB14: =SUM(N26:N29) -> 1722
B15: 07.15 - 07.30 | C15: 165 | D15: 25 | E15: 20 | F15: 0 | G15: 0 | H15: 1 | I15: 1 | J15: 1 | K15: 0 | L15: 275 | M15: =SUM(C15:K15) -> 213 | N15: =SUM(C15:L15) -> 488 | P15: 1100-1200 | Q15: =SUM(C30:C33) -> 247 | R15: =SUM(D30:D33) -> 111 | S15: =SUM(E30:E33) -> 103 | T15: =SUM(F30:F33) -> 0 | U15: =SUM(G30:G33) -> 1 | V15: =SUM(H30:H33) -> 25 | W15: =SUM(I30:I33) -> 8 | X15: =SUM(J30:J33) -> 4 | ... AB15: =SUM(N30:N33) -> 1676
B16: 07.30 - 07.45 | C16: 90 | D16: 59 | E16: 33 | F16: 0 | G16: 0 | H16: 4 | I16: 2 | J16: 0 | K16: 1 | L16: 348 | M16: =SUM(C16:K16) -> 189 | N16: =SUM(C16:L16) -> 537 | P16: 1200-1300 | Q16: =SUM(C34:C37) -> 260 | R16: =SUM(D34:D37) -> 74 | S16: =SUM(E34:E37) -> 63 | T16: =SUM(F34:F37) -> 0 | U16: =SUM(G34:G37) -> 0 | V16: =SUM(H34:H37) -> 25 | W16: =SUM(I34:I37) -> 7 | X16: =SUM(J34:J37) -> 4 | ... AB16: =SUM(N34:N37) -> 1848
B17: 07.45 - 08.00 | C17: 84 | D17: 97 | E17: 25 | F17: 1 | G17: 0 | H17: 9 | I17: 0 | J17: 0 | K17: 0 | L17: 375 | M17: =SUM(C17:K17) -> 216 | N17: =SUM(C17:L17) -> 591 | P17: 1300-1400 | Q17: =SUM(C38:C41) -> 313 | R17: =SUM(D38:D41) -> 94 | S17: =SUM(E38:E41) -> 106 | T17: =SUM(F38:F41) -> 0 | U17: =SUM(G38:G41) -> 0 | V17: =SUM(H38:H41) -> 25 | W17: =SUM(I38:I41) -> 9 | X17: =SUM(J38:J41) -> 3 | ... AB17: =SUM(N38:N41) -> 1891
B18: 08.00 - 08.15 | C18: 117 | D18: 60 | E18: 19 | F18: 2 | G18: 0 | H18: 4 | I18: 0 | J18: 0 | K18: 0 | L18: 325 | M18: =SUM(C18:K18) -> 202 | N18: =SUM(C18:L18) -> 527 | P18: 1400-1500 | Q18: =SUM(C42:C45) -> 203 | R18: =SUM(D42:D45) -> 54 | S18: =SUM(E42:E45) -> 170 | T18: =SUM(F42:F45) -> 1 | U18: =SUM(G42:G45) -> 1 | V18: =SUM(H42:H45) -> 16 | W18: =SUM(I42:I45) -> 6 | X18: =SUM(J42:J45) -> 3 | ... AB18: =SUM(N42:N45) -> 1813
B19: 08.15 - 08.30 | C19: 88 | D19: 47 | E19: 30 | F19: 1 | G19: 0 | H19: 7 | I19: 0 | J19: 0 | K19: 0 | L19: 360 | M19: =SUM(C19:K19) -> 173 | N19: =SUM(C19:L19) -> 533 | P19: 1500-1600 | Q19: =SUM(C46:C49) -> 180 | R19: =SUM(D46:D49) -> 149 | S19: =SUM(E46:E49) -> 88 | T19: =SUM(F46:F49) -> 0 | U19: =SUM(G46:G49) -> 1 | V19: =SUM(H46:H49) -> 18 | W19: =SUM(I46:I49) -> 14 | X19: =SUM(J46:J49) -> 6 | ... AB19: =SUM(N46:N49) -> 1907
B20: 08.30 - 08.45 | C20: 93 | D20: 63 | E20: 35 | F20: 1 | G20: 0 | H20: 2 | I20: 2 | J20: 0 | K20: 0 | L20: 380 | M20: =SUM(C20:K20) -> 196 | N20: =SUM(C20:L20) -> 576 | P20: 1600-1700 | Q20: =SUM(C50:C53) -> 148 | R20: =SUM(D50:D53) -> 121 | S20: =SUM(E50:E53) -> 83 | T20: =SUM(F50:F53) -> 0 | U20: =SUM(G50:G53) -> 2 | V20: =SUM(H50:H53) -> 31 | W20: =SUM(I50:I53) -> 2 | X20: =SUM(J50:J53) -> 0 | ... AB20: =SUM(N50:N53) -> 1690
B21: 08.45 - 9.00 | C21: 120 | D21: 48 | E21: 30 | F21: 0 | G21: 0 | H21: 5 | I21: 4 | J21: 0 | K21: 0 | L21: 383 | M21: =SUM(C21:K21) -> 207 | N21: =SUM(C21:L21) -> 590 | P21: 1700-1800 | Q21: =SUM(C54:C57) -> 98 | R21: =SUM(D54:D57) -> 105 | S21: =SUM(E54:E57) -> 86 | T21: =SUM(F54:F57) -> 0 | U21: =SUM(G54:G57) -> 1 | V21: =SUM(H54:H57) -> 23 | W21: =SUM(I54:I57) -> 11 | X21: =SUM(J54:J57) -> 1 | ... AB21: =SUM(N54:N57) -> 1529
B22: 09.00 - 09.15 | C22: 64 | D22: 20 | E22: 10 | F22: 2 | G22: 0 | H22: 2 | I22: 0 | J22: 0 | K22: 0 | L22: 310 | M22: =SUM(C22:K22) -> 98 | N22: =SUM(C22:L22) -> 408 | P22: 1800-1900 | Q22: =SUM(C58:C61) -> 71 | R22: =SUM(D58:D61) -> 66 | S22: =SUM(E58:E61) -> 125 | T22: =SUM(F58:F61) -> 1 | U22: =SUM(G58:G61) -> 5 | V22: =SUM(H58:H61) -> 24 | W22: =SUM(I58:I61) -> 2 | X22: =SUM(J58:J61) -> 2 | ... AB22: =SUM(N58:N61) -> 1565
B23: 09.15 - 09.30 | C23: 96 | D23: 55 | E23: 47 | F23: 0 | G23: 0 | H23: 3 | I23: 2 | J23: 1 | K23: 0 | L23: 353 | M23: =SUM(C23:K23) -> 204 | N23: =SUM(C23:L23) -> 557 | P23: 1900-2000 | Q23: =SUM(C62:C65) -> 46 | R23: =SUM(D62:D65) -> 40 | S23: =SUM(E62:E65) -> 57 | T23: =SUM(F62:F65) -> 3 | U23: =SUM(G62:G65) -> 1 | V23: =SUM(H62:H65) -> 8 | W23: =SUM(I62:I65) -> 6 | X23: =SUM(J62:J65) -> 2 | ... AB23: =SUM(N62:N65) -> 1591
B24: 09.30 - 09.45 | C24: 103 | D24: 34 | E24: 11 | F24: 0 | G24: 0 | H24: 6 | I24: 2 | J24: 0 | K24: 0 | L24: 268 | M24: =SUM(C24:K24) -> 156 | N24: =SUM(C24:L24) -> 424 | P24: 2000-2100 | Q24: =SUM(C66:C69) -> 56 | R24: =SUM(D66:D69) -> 60 | S24: =SUM(E66:E69) -> 111 | T24: =SUM(F66:F69) -> 1 | U24: =SUM(G66:G69) -> 3 | V24: =SUM(H66:H69) -> 10 | W24: =SUM(I66:I69) -> 4 | X24: =SUM(J66:J69) -> 0 | ... AB24: =SUM(N66:N69) -> 1571
B25: 09.45 - 10.00 | C25: 63 | D25: 27 | E25: 14 | F25: 1 | G25: 0 | H25: 1 | I25: 1 | J25: 1 | K25: 1 | L25: 248 | M25: =SUM(C25:K25) -> 109 | N25: =SUM(C25:L25) -> 357 | P25: 2100-2200 | Q25: =SUM(C70:C73) -> 75 | R25: =SUM(D70:D73) -> 65 | S25: =SUM(E70:E73) -> 75 | T25: =SUM(F70:F73) -> 3 | U25: =SUM(G70:G73) -> 0 | V25: =SUM(H70:H73) -> 2 | W25: =SUM(I70:I73) -> 1 | X25: =SUM(J70:J73) -> 0 | ... AB25: =SUM(N70:N73) -> 720
B26: 10.00 - 10.15 | C26: 53 | D26: 14 | E26: 18 | F26: 0 | G26: 1 | H26: 4 | I26: 3 | J26: 1 | K26: 0 | L26: 263 | M26: =SUM(C26:K26) -> 94 | N26: =SUM(C26:L26) -> 357 | P26: AM Peak Hr | Q26: =MAX(Q10:Q13) -> 481 | R26: =MAX(R10:R13) -> 218 | S26: =MAX(S10:S13) -> 114 | T26: =MAX(T10:T13) -> 4 | U26: =MAX(U10:U13) -> 0 | V26: =MAX(V10:V13) -> 18 | W26: =MAX(W10:W13) -> 7 | X26: =MAX(X10:X13) -> 2 | ... AB26: =MAX(AB10:AB13) -> 2226
B27: 10.15 - 10.30 | C27: 100 | D27: 25 | E27: 48 | F27: 0 | G27: 0 | H27: 7 | I27: 2 | J27: 0 | K27: 0 | L27: 308 | M27: =SUM(C27:K27) -> 182 | N27: =SUM(C27:L27) -> 490 | P27: IP Peak Hr | Q27: =MAX(Q14:Q19) -> 313 | R27: =MAX(R14:R19) -> 149 | S27: =MAX(S14:S19) -> 170 | T27: =MAX(T14:T19) -> 1 | U27: =MAX(U14:U19) -> 2 | V27: =MAX(V14:V19) -> 25 | W27: =MAX(W14:W19) -> 14 | X27: =MAX(X14:X19) -> 6 | ... AB27: =MAX(AB14:AB19) -> 1907
B28: 10.30 - 10.45 | C28: 84 | D28: 26 | E28: 23 | F28: 0 | G28: 1 | H28: 4 | I28: 1 | J28: 0 | K28: 0 | L28: 318 | M28: =SUM(C28:K28) -> 139 | N28: =SUM(C28:L28) -> 457 | P28: PM Peak Hr | Q28: =MAX(Q20:Q22) -> 148 | R28: =MAX(R20:R22) -> 121 | S28: =MAX(S20:S22) -> 125 | T28: =MAX(T20:T22) -> 1 | U28: =MAX(U20:U22) -> 5 | V28: =MAX(V20:V22) -> 31 | W28: =MAX(W20:W22) -> 11 | X28: =MAX(X20:X22) -> 2 | ... AB28: =MAX(AB20:AB22) -> 1690
B29: 10.45 - 11.00 | C29: 48 | D29: 30 | E29: 41 | F29: 0 | G29: 0 | H29: 2 | I29: 2 | J29: 0 | K29: 0 | L29: 295 | M29: =SUM(C29:K29) -> 123 | N29: =SUM(C29:L29) -> 418 | P29: AM Period | Q29: =SUM(Q10:Q13) -> 1576 | R29: =SUM(R10:R13) -> 642 | S29: =SUM(S10:S13) -> 395 | T29: =SUM(T10:T13) -> 10 | U29: =SUM(U10:U13) -> 0 | V29: =SUM(V10:V13) -> 64 | W29: =SUM(W10:W13) -> 22 | X29: =SUM(X10:X13) -> 4 | ... AB29: =SUM(AB10:AB13) -> 7044
B30: 11.00 - 11.15 | C30: 85 | D30: 57 | E30: 25 | F30: 0 | G30: 0 | H30: 3 | I30: 4 | J30: 1 | K30: 2 | L30: 250 | M30: =SUM(C30:K30) -> 177 | N30: =SUM(C30:L30) -> 427 | P30: IP Period | Q30: =SUM(Q14:Q19) -> 1488 | R30: =SUM(R14:R19) -> 577 | S30: =SUM(S14:S19) -> 660 | T30: =SUM(T14:T19) -> 1 | U30: =SUM(U14:U19) -> 5 | V30: =SUM(V14:V19) -> 126 | W30: =SUM(W14:W19) -> 52 | X30: =SUM(X14:X19) -> 21 | ... AB30: =SUM(AB14:AB19) -> 10857
B31: 11.15 - 11.30 | C31: 46 | D31: 10 | E31: 16 | F31: 0 | G31: 1 | H31: 4 | I31: 0 | J31: 2 | K31: 0 | L31: 315 | M31: =SUM(C31:K31) -> 79 | N31: =SUM(C31:L31) -> 394 | P31: PM Period | Q31: =SUM(Q20:Q22) -> 317 | R31: =SUM(R20:R22) -> 292 | S31: =SUM(S20:S22) -> 294 | T31: =SUM(T20:T22) -> 1 | U31: =SUM(U20:U22) -> 8 | V31: =SUM(V20:V22) -> 78 | W31: =SUM(W20:W22) -> 15 | X31: =SUM(X20:X22) -> 3 | ... AB31: =SUM(AB20:AB22) -> 4784
B32: 11.30 - 11.45 | C32: 58 | D32: 26 | E32: 26 | F32: 0 | G32: 0 | H32: 8 | I32: 1 | J32: 1 | K32: 1 | L32: 303 | M32: =SUM(C32:K32) -> 121 | N32: =SUM(C32:L32) -> 424 | P32: 12 Hours | Q32: =SUM(Q11:Q22) -> 3030 | R32: =SUM(R11:R22) -> 1430 | S32: =SUM(S11:S22) -> 1250 | T32: =SUM(T11:T22) -> 10 | U32: =SUM(U11:U22) -> 13 | V32: =SUM(V11:V22) -> 251 | W32: =SUM(W11:W22) -> 82 | X32: =SUM(X11:X22) -> 27 | ... AB32: =SUM(AB11:AB22) -> 21628
B33: 11.45 - 12.00 | C33: 58 | D33: 18 | E33: 36 | F33: 0 | G33: 0 | H33: 10 | I33: 3 | J33: 0 | K33: 1 | L33: 305 | M33: =SUM(C33:K33) -> 126 | N33: =SUM(C33:L33) -> 431 | P33: 16 Hrs/ADT | Q33: =SUM(Q10:Q25) -> 3558 | R33: =SUM(R10:R25) -> 1676 | S33: =SUM(S10:S25) -> 1592 | T33: =SUM(T10:T25) -> 19 | U33: =SUM(U10:U25) -> 17 | V33: =SUM(V10:V25) -> 288 | W33: =SUM(W10:W25) -> 100 | X33: =SUM(X10:X25) -> 30 | ... AB33: =SUM(AB10:AB25) -> 26567
B34: 12.00 - 12.15 | C34: 70 | D34: 18 | E34: 6 | F34: 0 | G34: 0 | H34: 9 | I34: 1 | J34: 1 | K34: 1 | L34: 323 | M34: =SUM(C34:K34) -> 106 | N34: =SUM(C34:L34) -> 429 | P34: NEF | Q34: =Q33/Q32 -> 1.1742574 | R34: =R33/R32 -> 1.172028 | S34: =S33/S32 -> 1.2736 | T34: =T33/T32 -> 1.9 | U34: =U33/U32 -> 1.3076923 | V34: =V33/V32 -> 1.1474104 | W34: =W33/W32 -> 1.2195122 | X34: =X33/X32 -> 1.1111111 | ... AB34: =AB33/AB32 -> 1.2283614
B35: 12.15 - 12.30 | C35: 92 | D35: 21 | E35: 24 | F35: 0 | G35: 0 | H35: 10 | I35: 2 | J35: 2 | K35: 0 | L35: 335 | M35: =SUM(C35:K35) -> 151 | N35: =SUM(C35:L35) -> 486
B36: 12.30 - 12.45 | C36: 94 | D36: 35 | E36: 32 | F36: 0 | G36: 0 | H36: 6 | I36: 3 | J36: 1 | K36: 0 | L36: 383 | M36: =SUM(C36:K36) -> 171 | N36: =SUM(C36:L36) -> 554
B37: 12.45 - 13.00 | C37: 4 | D37: 0 | E37: 1 | F37: 0 | G37: 0 | H37: 0 | I37: 1 | J37: 0 | K37: 0 | L37: 373 | M37: =SUM(C37:K37) -> 6 | N37: =SUM(C37:L37) -> 379
B38: 13.00 - 13.15 | C38: 70 | D38: 23 | E38: 23 | F38: 0 | G38: 0 | H38: 5 | I38: 5 | J38: 0 | K38: 0 | L38: 410 | M38: =SUM(C38:K38) -> 126 | N38: =SUM(C38:L38) -> 536
B39: 13.15 - 13.30 | C39: 50 | D39: 19 | E39: 19 | F39: 0 | G39: 0 | H39: 5 | I39: 1 | J39: 1 | K39: 1 | L39: 300 | M39: =SUM(C39:K39) -> 96 | N39: =SUM(C39:L39) -> 396
B40: 13.30 - 13.45 | C40: 135 | D40: 32 | E40: 32 | F40: 0 | G40: 0 | H40: 9 | I40: 1 | J40: 1 | K40: 0 | L40: 315 | M40: =SUM(C40:K40) -> 210 | N40: =SUM(C40:L40) -> 525
B41: 13.45 - 14.00 | C41: 58 | D41: 20 | E41: 32 | F41: 0 | G41: 0 | H41: 6 | I41: 2 | J41: 1 | K41: 0 | L41: 315 | M41: =SUM(C41:K41) -> 119 | N41: =SUM(C41:L41) -> 434
B42: 14.00 - 14.15 | C42: 60 | D42: 28 | E42: 33 | F42: 0 | G42: 0 | H42: 4 | I42: 3 | J42: 0 | K42: 0 | L42: 348 | M42: =SUM(C42:K42) -> 128 | N42: =SUM(C42:L42) -> 476
B43: 14.15 - 14.30 | C43: 41 | D43: 4 | E43: 73 | F43: 0 | G43: 0 | H43: 7 | I43: 1 | J43: 1 | K43: 0 | L43: 328 | M43: =SUM(C43:K43) -> 127 | N43: =SUM(C43:L43) -> 455
B44: 14.30 - 14.45 | C44: 67 | D44: 12 | E44: 41 | F44: 0 | G44: 0 | H44: 1 | I44: 1 | J44: 1 | K44: 0 | L44: 345 | M44: =SUM(C44:K44) -> 123 | N44: =SUM(C44:L44) -> 468
B45: 14.45 - 15.00 | C45: 35 | D45: 10 | E45: 23 | F45: 1 | G45: 1 | H45: 4 | I45: 1 | J45: 1 | K45: 0 | L45: 338 | M45: =SUM(C45:K45) -> 76 | N45: =SUM(C45:L45) -> 414
B46: 15.00 - 15.15 | C46: 42 | D46: 36 | E46: 21 | F46: 0 | G46: 1 | H46: 9 | I46: 2 | J46: 0 | K46: 1 | L46: 385 | M46: =SUM(C46:K46) -> 112 | N46: =SUM(C46:L46) -> 497
... B73: 21.45 - 22.00 | C73: 27 | D73: 18 | E73: 23 | F73: 0 | G73: 0 | H73: 0 | I73: 0 | J73: 0 | K73: 0 | L73: 239 | M73: =SUM(C73:K73) -> 68 | N73: =SUM(C73:L73) -> 307
B74: Totals | C74: =SUM(C10:C73) -> 3558 | D74: =SUM(D10:D73) -> 1676 | E74: =SUM(E10:E73) -> 1592 | F74: =SUM(F10:F73) -> 19 | G74: =SUM(G10:G73) -> 17 | H74: =SUM(H10:H73) -> 288 | I74: =SUM(I10:I73) -> 100 | J74: =SUM(J10:J73) -> 30 | ... N74: =SUM(N10:N73) -> 26567
B75: %ges + MCs | C75: =C74/$N$74 -> 0.13392555 | D75: =D74/$N$74 -> 0.063085783 | E75: =E74/$N$74 -> 0.059923966 | F75: =F74/$N$74 -> 0.00071517296 | G75: =G74/$N$74 -> 0.00063989159 | H75: =H74/$N$74 -> 0.010840516 | I75: =I74/$N$74 -> 0.0037640682 | J75: =J74/$N$74 -> 0.0011292205 | ... L75: =L74/$N$74 -> 0.72556179
B76: %ges w/o MCs | C76: =C74/$M$74 -> 0.4879989 | D76: =D74/$M$74 -> 0.22987245 | E76: =E74/$M$74 -> 0.21835139 | F76: =F74/$M$74 -> 0.0026059525 | G76: =G74/$M$74 -> 0.0023316418 | H76: =H74/$M$74 -> 0.039500754 | I76: =I74/$M$74 -> 0.01371554 | J76: =J74/$M$74 -> 0.0041146619 | K76: =K74/$M$74 -> 0.0015087094

Sheet 5.10. Nakivubo-ShopriteC1 L2
B1: Traffic Impact Assessment for Kikapu project
B2: MANUAL CLASSIFIED COUNT (MCC)
B3: ROAD NAME: | C3: SHOPRITE-QUEENSWAY
C5: Date | D5: 5.10.19 | E5: Location | F5: CLOCK TOWER JUNCTION | I5: Surveyor | J5: Namuddu M, Mbere I, Brenda, Mirembe R,
C6: Dir. From | D6: NAKIVUBO | E6: Dir. To | F6: SHOPRITE | I6: Supervisor | J6: Lawrence, Felix
B8: Time / Veh Type | P8: SUMMARY TRAFFIC VOLUMES
C9: 1. Private Car | D9: 3. Pickups/four wheel drive | E9: 4. Minibus, matatu | F9: 5. Medium bus/ coaster | G9: 6. Large Bus/coach | H9: 7. Light Truck | I9: 8. Medium Truck | J9: 9. Heavy truck | K9: 10. Truck Trailer | L9: 11. Motor cycles | M9: Total Excl M/Cycles | N9: Total All | P9: Time | Q9: 1. Car | R9: 3. Pickups | S9: 4. Minibus, matatu | T9: 5. Medium bus | U9: 6. Large Bus | V9: 7. Light Truck | W9: 8. Medium Truck | X9: 9. Heavy truck | Y9: 10. Truck Trailer | Z9: 11. Motorcycles | AA9: Total Excl M/ Cycles | AB9: Total All
B10: 06.00 - 06.15 | C10: 2 | D10: 1 | E10: 3 | F10: 0 | G10: 0 | H10: 0 | I10: 0 | J10: 0 | K10: 0 | L10: 117 | M10: =SUM(C10:K10) -> 6 | N10: =SUM(C10:L10) -> 123 | P10: 06.00 - 06.15 | Q10: =SUM(C10:C13) -> 80 | R10: =SUM(D10:D13) -> 21 | S10: =SUM(E10:E13) -> 92 | T10: =SUM(F10:F13) -> 2 | U10: =SUM(G10:G13) -> 2 | V10: =SUM(H10:H13) -> 11 | W10: =SUM(I10:I13) -> 7 | X10: =SUM(J10:J13) -> 5 | ... AB10: =SUM(N10:N13) -> 849
B11: 06.15 - 06.30 | C11: 24 | D11: 10 | E11: 37 | F11: 2 | G11: 0 | H11: 5 | I11: 3 | J11: 0 | K11: 0 | L11: 218 | M11: =SUM(C11:K11) -> 81 | N11: =SUM(C11:L11) -> 299 | P11: 0700-0800 | Q11: =SUM(C14:C17) -> 276 | R11: =SUM(D14:D17) -> 71 | S11: =SUM(E14:E17) -> 240 | T11: =SUM(F14:F17) -> 1 | U11: =SUM(G14:G17) -> 2 | V11: =SUM(H14:H17) -> 27 | W11: =SUM(I14:I17) -> 8 | X11: =SUM(J14:J17) -> 1 | ... AB11: =SUM(N14:N17) -> 1801
B12: 06.30 - 06.45 | C12: 34 | D12: 5 | E12: 40 | F12: 0 | G12: 2 | H12: 5 | I12: 4 | J12: 4 | K12: 0 | L12: 202 | M12: =SUM(C12:K12) -> 94 | N12: =SUM(C12:L12) -> 296 | P12: 0800-0900 | Q12: =SUM(C18:C21) -> 500 | R12: =SUM(D18:D21) -> 78 | S12: =SUM(E18:E21) -> 287 | T12: =SUM(F18:F21) -> 5 | U12: =SUM(G18:G21) -> 1 | V12: =SUM(H18:H21) -> 29 | W12: =SUM(I18:I21) -> 4 | X12: =SUM(J18:J21) -> 3 | ... AB12: =SUM(N18:N21) -> 2593
B13: 06.45 - 07.00 | C13: 20 | D13: 5 | E13: 12 | F13: 0 | G13: 0 | H13: 1 | I13: 0 | J13: 1 | K13: 0 | L13: 92 | M13: =SUM(C13:K13) -> 39 | N13: =SUM(C13:L13) -> 131 | P13: 0900-1000 | Q13: =SUM(C22:C25) -> 310 | R13: =SUM(D22:D25) -> 63 | S13: =SUM(E22:E25) -> 125 | T13: =SUM(F22:F25) -> 2 | U13: =SUM(G22:G25) -> 0 | V13: =SUM(H22:H25) -> 28 | W13: =SUM(I22:I25) -> 6 | X13: =SUM(J22:J25) -> 0 | ... AB13: =SUM(N22:N25) -> 1540
B14: 07.00 - 07.15 | C14: 40 | D14: 13 | E14: 36 | F14: 0 | G14: 1 | H14: 8 | I14: 4 | J14: 1 | K14: 0 | L14: 222 | M14: =SUM(C14:K14) -> 103 | N14: =SUM(C14:L14) -> 325 | P14: 1000-1100 | Q14: =SUM(C26:C29) -> 275 | R14: =SUM(D26:D29) -> 45 | S14: =SUM(E26:E29) -> 173 | T14: =SUM(F26:F29) -> 1 | U14: =SUM(G26:G29) -> 3 | V14: =SUM(H26:H29) -> 35 | W14: =SUM(I26:I29) -> 9 | X14: =SUM(J26:J29) -> 0 | ... AB14: =SUM(N26:N29) -> 1382
B15: 07.15 - 07.30 | C15: 79 | D15: 16 | E15: 67 | F15: 1 | G15: 1 | H15: 8 | I15: 2 | J15: 0 | K15: 1 | L15: 264 | M15: =SUM(C15:K15) -> 175 | N15: =SUM(C15:L15) -> 439 | P15: 1100-1200 | Q15: =SUM(C30:C33) -> 198 | R15: =SUM(D30:D33) -> 33 | S15: =SUM(E30:E33) -> 408 | T15: =SUM(F30:F33) -> 8 | U15: =SUM(G30:G33) -> 0 | V15: =SUM(H30:H33) -> 48 | W15: =SUM(I30:I33) -> 7 | X15: =SUM(J30:J33) -> 2 | ... AB15: =SUM(N30:N33) -> 1788
B16: 07.30 - 07.45 | C16: 67 | D16: 20 | E16: 58 | F16: 0 | G16: 0 | H16: 7 | I16: 1 | J16: 0 | K16: 1 | L16: 375 | M16: =SUM(C16:K16) -> 154 | N16: =SUM(C16:L16) -> 529 | P16: 1200-1300 | Q16: =SUM(C34:C37) -> 231 | R16: =SUM(D34:D37) -> 46 | S16: =SUM(E34:E37) -> 443 | T16: =SUM(F34:F37) -> 3 | U16: =SUM(G34:G37) -> 1 | V16: =SUM(H34:H37) -> 45 | W16: =SUM(I34:I37) -> 9 | X16: =SUM(J34:J37) -> 2 | ... AB16: =SUM(N34:N37) -> 1808
B17: 07.45 - 08.00 | C17: 90 | D17: 22 | E17: 79 | F17: 0 | G17: 0 | H17: 4 | I17: 1 | J17: 0 | K17: 0 | L17: 312 | M17: =SUM(C17:K17) -> 196 | N17: =SUM(C17:L17) -> 508 | P17: 1300-1400 | Q17: =SUM(C38:C41) -> 228 | R17: =SUM(D38:D41) -> 36 | S17: =SUM(E38:E41) -> 317 | T17: =SUM(F38:F41) -> 1 | U17: =SUM(G38:G41) -> 1 | V17: =SUM(H38:H41) -> 32 | W17: =SUM(I38:I41) -> 9 | X17: =SUM(J38:J41) -> 0 | ... AB17: =SUM(N38:N41) -> 1585
B18: 08.00 - 08.15 | C18: 117 | D18: 8 | E18: 95 | F18: 3 | G18: 0 | H18: 9 | I18: 1 | J18: 1 | K18: 0 | L18: 417 | M18: =SUM(C18:K18) -> 234 | N18: =SUM(C18:L18) -> 651 | P18: 1400-1500 | Q18: =SUM(C42:C45) -> 180 | R18: =SUM(D42:D45) -> 141 | S18: =SUM(E42:E45) -> 373 | T18: =SUM(F42:F45) -> 0 | U18: =SUM(G42:G45) -> 0 | V18: =SUM(H42:H45) -> 32 | W18: =SUM(I42:I45) -> 8 | X18: =SUM(J42:J45) -> 3 | ... AB18: =SUM(N42:N45) -> 1710
B19: 08.15 - 08.30 | C19: 188 | D19: 26 | E19: 97 | F19: 2 | G19: 0 | H19: 5 | I19: 2 | J19: 2 | K19: 1 | L19: 504 | M19: =SUM(C19:K19) -> 323 | N19: =SUM(C19:L19) -> 827 | P19: 1500-1600 | Q19: =SUM(C46:C49) -> 156 | R19: =SUM(D46:D49) -> 171 | S19: =SUM(E46:E49) -> 411 | T19: =SUM(F46:F49) -> 1 | U19: =SUM(G46:G49) -> 0 | V19: =SUM(H46:H49) -> 40 | W19: =SUM(I46:I49) -> 6 | X19: =SUM(J46:J49) -> 1 | ... AB19: =SUM(N46:N49) -> 1952
B20: 08.30 - 08.45 | C20: 115 | D20: 21 | E20: 43 | F20: 0 | G20: 1 | H20: 8 | I20: 0 | J20: 0 | K20: 0 | L20: 493 | M20: =SUM(C20:K20) -> 188 | N20: =SUM(C20:L20) -> 681 | P20: 1600-1700 | Q20: =SUM(C50:C53) -> 134 | R20: =SUM(D50:D53) -> 142 | S20: =SUM(E50:E53) -> 436 | T20: =SUM(F50:F53) -> 2 | U20: =SUM(G50:G53) -> 1 | V20: =SUM(H50:H53) -> 37 | W20: =SUM(I50:I53) -> 7 | X20: =SUM(J50:J53) -> 2 | ... AB20: =SUM(N50:N53) -> 1969
B21: 08.45 - 9.00 | C21: 80 | D21: 23 | E21: 52 | F21: 0 | G21: 0 | H21: 7 | I21: 1 | J21: 0 | K21: 0 | L21: 271 | M21: =SUM(C21:K21) -> 163 | N21: =SUM(C21:L21) -> 434 | P21: 1700-1800 | Q21: =SUM(C54:C57) -> 130 | R21: =SUM(D54:D57) -> 183 | S21: =SUM(E54:E57) -> 444 | T21: =SUM(F54:F57) -> 3 | U21: =SUM(G54:G57) -> 1 | V21: =SUM(H54:H57) -> 19 | W21: =SUM(I54:I57) -> 7 | X21: =SUM(J54:J57) -> 0 | ... AB21: =SUM(N54:N57) -> 1866
B22: 09.00 - 09.15 | C22: 49 | D22: 18 | E22: 16 | F22: 2 | G22: 0 | H22: 5 | I22: 2 | J22: 0 | K22: 0 | L22: 221 | M22: =SUM(C22:K22) -> 92 | N22: =SUM(C22:L22) -> 313 | P22: 1800-1900 | Q22: =SUM(C58:C61) -> 124 | R22: =SUM(D58:D61) -> 121 | S22: =SUM(E58:E61) -> 405 | T22: =SUM(F58:F61) -> 6 | U22: =SUM(G58:G61) -> 3 | V22: =SUM(H58:H61) -> 18 | W22: =SUM(I58:I61) -> 5 | X22: =SUM(J58:J61) -> 1 | ... AB22: =SUM(N58:N61) -> 1856
B23: 09.15 - 09.30 | C23: 95 | D23: 19 | E23: 50 | F23: 0 | G23: 0 | H23: 9 | I23: 2 | J23: 0 | K23: 0 | L23: 214 | M23: =SUM(C23:K23) -> 175 | N23: =SUM(C23:L23) -> 389 | P23: 1900-2000 | Q23: =SUM(C62:C65) -> 78 | R23: =SUM(D62:D65) -> 95 | S23: =SUM(E62:E65) -> 283 | T23: =SUM(F62:F65) -> 5 | U23: =SUM(G62:G65) -> 0 | V23: =SUM(H62:H65) -> 9 | W23: =SUM(I62:I65) -> 2 | X23: =SUM(J62:J65) -> 2 | ... AB23: =SUM(N62:N65) -> 1630
B24: 09.30 - 09.45 | C24: 64 | D24: 8 | E24: 25 | F24: 0 | G24: 0 | H24: 8 | I24: 2 | J24: 0 | K24: 0 | L24: 260 | M24: =SUM(C24:K24) -> 107 | N24: =SUM(C24:L24) -> 367 | P24: 2000-2100 | Q24: =SUM(C66:C69) -> 136 | R24: =SUM(D66:D69) -> 92 | S24: =SUM(E66:E69) -> 401 | T24: =SUM(F66:F69) -> 3 | U24: =SUM(G66:G69) -> 0 | V24: =SUM(H66:H69) -> 12 | W24: =SUM(I66:I69) -> 6 | X24: =SUM(J66:J69) -> 1 | ... AB24: =SUM(N66:N69) -> 1798
B25: 09.45 - 10.00 | C25: 102 | D25: 18 | E25: 34 | F25: 0 | G25: 0 | H25: 6 | I25: 0 | J25: 0 | K25: 0 | L25: 311 | M25: =SUM(C25:K25) -> 160 | N25: =SUM(C25:L25) -> 471 | P25: 2100-2200 | Q25: =SUM(C70:C73) -> 113 | R25: =SUM(D70:D73) -> 98 | S25: =SUM(E70:E73) -> 362 | T25: =SUM(F70:F73) -> 1 | U25: =SUM(G70:G73) -> 1 | V25: =SUM(H70:H73) -> 12 | W25: =SUM(I70:I73) -> 7 | X25: =SUM(J70:J73) -> 2 | ... AB25: =SUM(N70:N73) -> 1395
B26: 10.00 - 10.15 | C26: 52 | D26: 5 | E26: 18 | F26: 0 | G26: 0 | H26: 2 | I26: 1 | J26: 0 | K26: 0 | L26: 295 | M26: =SUM(C26:K26) -> 78 | N26: =SUM(C26:L26) -> 373 | P26: AM Peak Hr | Q26: =MAX(Q10:Q13) -> 500 | R26: =MAX(R10:R13) -> 78 | S26: =MAX(S10:S13) -> 287 | T26: =MAX(T10:T13) -> 5 | U26: =MAX(U10:U13) -> 2 | V26: =MAX(V10:V13) -> 29 | W26: =MAX(W10:W13) -> 8 | X26: =MAX(X10:X13) -> 5 | ... AB26: =MAX(AB10:AB13) -> 2593
B27: 10.15 - 10.30 | C27: 93 | D27: 11 | E27: 45 | F27: 0 | G27: 3 | H27: 7 | I27: 2 | J27: 0 | K27: 0 | L27: 205 | M27: =SUM(C27:K27) -> 161 | N27: =SUM(C27:L27) -> 366 | P27: IP Peak Hr | Q27: =MAX(Q14:Q19) -> 275 | R27: =MAX(R14:R19) -> 171 | S27: =MAX(S14:S19) -> 443 | T27: =MAX(T14:T19) -> 8 | U27: =MAX(U14:U19) -> 3 | V27: =MAX(V14:V19) -> 48 | W27: =MAX(W14:W19) -> 9 | X27: =MAX(X14:X19) -> 3 | ... AB27: =MAX(AB14:AB19) -> 1952
B28: 10.30 - 10.45 | C28: 82 | D28: 19 | E28: 37 | F28: 1 | G28: 0 | H28: 15 | I28: 3 | J28: 0 | K28: 3 | L28: 180 | M28: =SUM(C28:K28) -> 160 | N28: =SUM(C28:L28) -> 340 | P28: PM Peak Hr | Q28: =MAX(Q20:Q22) -> 134 | R28: =MAX(R20:R22) -> 183 | S28: =MAX(S20:S22) -> 444 | T28: =MAX(T20:T22) -> 6 | U28: =MAX(U20:U22) -> 3 | V28: =MAX(V20:V22) -> 37 | W28: =MAX(W20:W22) -> 7 | X28: =MAX(X20:X22) -> 2 | ... AB28: =MAX(AB20:AB22) -> 1969
B29: 10.45 - 11.00 | C29: 48 | D29: 10 | E29: 73 | F29: 0 | G29: 0 | H29: 11 | I29: 3 | J29: 0 | K29: 0 | L29: 158 | M29: =SUM(C29:K29) -> 145 | N29: =SUM(C29:L29) -> 303 | P29: AM Period | Q29: =SUM(Q10:Q13) -> 1166 | R29: =SUM(R10:R13) -> 233 | S29: =SUM(S10:S13) -> 744 | T29: =SUM(T10:T13) -> 10 | U29: =SUM(U10:U13) -> 5 | V29: =SUM(V10:V13) -> 95 | W29: =SUM(W10:W13) -> 25 | X29: =SUM(X10:X13) -> 9 | ... AB29: =SUM(AB10:AB13) -> 6783
B30: 11.00 - 11.15 | C30: 52 | D30: 5 | E30: 102 | F30: 0 | G30: 0 | H30: 12 | I30: 1 | J30: 0 | K30: 0 | L30: 245 | M30: =SUM(C30:K30) -> 172 | N30: =SUM(C30:L30) -> 417 | P30: IP Period | Q30: =SUM(Q14:Q19) -> 1268 | R30: =SUM(R14:R19) -> 472 | S30: =SUM(S14:S19) -> 2125 | T30: =SUM(T14:T19) -> 14 | U30: =SUM(U14:U19) -> 5 | V30: =SUM(V14:V19) -> 232 | W30: =SUM(W14:W19) -> 48 | X30: =SUM(X14:X19) -> 8 | ... AB30: =SUM(AB14:AB19) -> 10225
B31: 11.15 - 11.30 | C31: 67 | D31: 8 | E31: 109 | F31: 3 | G31: 0 | H31: 9 | I31: 3 | J31: 1 | K31: 0 | L31: 260 | M31: =SUM(C31:K31) -> 200 | N31: =SUM(C31:L31) -> 460 | P31: PM Period | Q31: =SUM(Q20:Q22) -> 388 | R31: =SUM(R20:R22) -> 446 | S31: =SUM(S20:S22) -> 1285 | T31: =SUM(T20:T22) -> 11 | U31: =SUM(U20:U22) -> 5 | V31: =SUM(V20:V22) -> 74 | W31: =SUM(W20:W22) -> 19 | X31: =SUM(X20:X22) -> 3 | ... AB31: =SUM(AB20:AB22) -> 5691
B32: 11.30 - 11.45 | C32: 43 | D32: 8 | E32: 92 | F32: 5 | G32: 0 | H32: 16 | I32: 1 | J32: 1 | K32: 0 | L32: 272 | M32: =SUM(C32:K32) -> 166 | N32: =SUM(C32:L32) -> 438 | P32: 12 Hours | Q32: =SUM(Q11:Q22) -> 2742 | R32: =SUM(R11:R22) -> 1130 | S32: =SUM(S11:S22) -> 4062 | T32: =SUM(T11:T22) -> 33 | U32: =SUM(U11:U22) -> 13 | V32: =SUM(V11:V22) -> 390 | W32: =SUM(W11:W22) -> 85 | X32: =SUM(X11:X22) -> 15 | ... AB32: =SUM(AB11:AB22) -> 21850
B33: 11.45 - 12.00 | C33: 36 | D33: 12 | E33: 105 | F33: 0 | G33: 0 | H33: 11 | I33: 2 | J33: 0 | K33: 0 | L33: 307 | M33: =SUM(C33:K33) -> 166 | N33: =SUM(C33:L33) -> 473 | P33: 16 Hrs/ADT | Q33: =SUM(Q10:Q25) -> 3149 | R33: =SUM(R10:R25) -> 1436 | S33: =SUM(S10:S25) -> 5200 | T33: =SUM(T10:T25) -> 44 | U33: =SUM(U10:U25) -> 16 | V33: =SUM(V10:V25) -> 434 | W33: =SUM(W10:W25) -> 107 | X33: =SUM(X10:X25) -> 25 | ... AB33: =SUM(AB10:AB25) -> 27522
B34: 12.00 - 12.15 | C34: 54 | D34: 7 | E34: 87 | F34: 1 | G34: 0 | H34: 14 | I34: 5 | J34: 1 | K34: 0 | L34: 280 | M34: =SUM(C34:K34) -> 169 | N34: =SUM(C34:L34) -> 449 | P34: NEF | Q34: =Q33/Q32 -> 1.1484318 | R34: =R33/R32 -> 1.2707965 | S34: =S33/S32 -> 1.2801576 | T34: =T33/T32 -> 1.3333333 | U34: =U33/U32 -> 1.2307692 | V34: =V33/V32 -> 1.1128205 | W34: =W33/W32 -> 1.2588235 | X34: =X33/X32 -> 1.6666667 | ... AB34: =AB33/AB32 -> 1.2595881
B35: 12.15 - 12.30 | C35: 48 | D35: 6 | E35: 92 | F35: 0 | G35: 0 | H35: 13 | I35: 1 | J35: 0 | K35: 0 | L35: 280 | M35: =SUM(C35:K35) -> 160 | N35: =SUM(C35:L35) -> 440
B36: 12.30 - 12.45 | C36: 49 | D36: 22 | E36: 117 | F36: 1 | G36: 1 | H36: 11 | I36: 2 | J36: 1 | K36: 0 | L36: 315 | M36: =SUM(C36:K36) -> 204 | N36: =SUM(C36:L36) -> 519
B37: 12.45 - 13.00 | C37: 80 | D37: 11 | E37: 147 | F37: 1 | G37: 0 | H37: 7 | I37: 1 | J37: 0 | K37: 1 | L37: 152 | M37: =SUM(C37:K37) -> 248 | N37: =SUM(C37:L37) -> 400
B38: 13.00 - 13.15 | C38: 25 | D38: 5 | E38: 65 | F38: 0 | G38: 0 | H38: 0 | I38: 0 | J38: 0 | K38: 0 | L38: 175 | M38: =SUM(C38:K38) -> 95 | N38: =SUM(C38:L38) -> 270
B39: 13.15 - 13.30 | C39: 93 | D39: 15 | E39: 70 | F39: 1 | G39: 1 | H39: 18 | I39: 5 | J39: 0 | K39: 0 | L39: 216 | M39: =SUM(C39:K39) -> 203 | N39: =SUM(C39:L39) -> 419
B40: 13.30 - 13.45 | C40: 46 | D40: 6 | E40: 87 | F40: 0 | G40: 0 | H40: 3 | I40: 0 | J40: 0 | K40: 0 | L40: 305 | M40: =SUM(C40:K40) -> 142 | N40: =SUM(C40:L40) -> 447
B41: 13.45 - 14.00 | C41: 64 | D41: 10 | E41: 95 | F41: 0 | G41: 0 | H41: 11 | I41: 4 | J41: 0 | K41: 0 | L41: 265 | M41: =SUM(C41:K41) -> 184 | N41: =SUM(C41:L41) -> 449
B42: 14.00 - 14.15 | C42: 51 | D42: 16 | E42: 76 | F42: 0 | G42: 0 | H42: 9 | I42: 2 | J42: 0 | K42: 0 | L42: 130 | M42: =SUM(C42:K42) -> 154 | N42: =SUM(C42:L42) -> 284
B43: 14.15 - 14.30 | C43: 41 | D43: 35 | E43: 106 | F43: 0 | G43: 0 | H43: 10 | I43: 5 | J43: 0 | K43: 0 | L43: 290 | M43: =SUM(C43:K43) -> 197 | N43: =SUM(C43:L43) -> 487
B44: 14.30 - 14.45 | C44: 44 | D44: 41 | E44: 99 | F44: 0 | G44: 0 | H44: 7 | I44: 0 | J44: 1 | K44: 0 | L44: 263 | M44: =SUM(C44:K44) -> 192 | N44: =SUM(C44:L44) -> 455
B45: 14.45 - 15.00 | C45: 44 | D45: 49 | E45: 92 | F45: 0 | G45: 0 | H45: 6 | I45: 1 | J45: 2 | K45: 0 | L45: 290 | M45: =SUM(C45:K45) -> 194 | N45: =SUM(C45:L45) -> 484
B46: 15.00 - 15.15 | C46: 34 | D46: 55 | E46: 135 | F46: 0 | G46: 0 | H46: 4 | I46: 2 | J46: 0 | K46: 0 | L46: 300 | M46: =SUM(C46:K46) -> 230 | N46: =SUM(C46:L46) -> 530
... B73: 21.45 - 22.00 | C73: 42 | D73: 27 | E73: 83 | F73: 1 | G73: 0 | H73: 6 | I73: 3 | J73: 0 | K73: 0 | L73: 193 | M73: =SUM(C73:K73) -> 162 | N73: =SUM(C73:L73) -> 355
B74: Totals | C74: =SUM(C10:C73) -> 3149 | D74: =SUM(D10:D73) -> 1436 | E74: =SUM(E10:E73) -> 5200 | F74: =SUM(F10:F73) -> 44 | G74: =SUM(G10:G73) -> 16 | H74: =SUM(H10:H73) -> 434 | I74: =SUM(I10:I73) -> 107 | J74: =SUM(J10:J73) -> 25 | ... N74: =SUM(N10:N73) -> 27522
B75: %ges + MCs | C75: =C74/$N$74 -> 0.11441756 | D75: =D74/$N$74 -> 0.052176441 | E75: =E74/$N$74 -> 0.18893976 | F75: =F74/$N$74 -> 0.001598721 | G75: =G74/$N$74 -> 0.0005813531 | H75: =H74/$N$74 -> 0.015769203 | I75: =I74/$N$74 -> 0.0038877989 | J75: =J74/$N$74 -> 0.00090836422 | ... L75: =L74/$N$74 -> 0.62121212
B76: %ges w/o MCs | C76: =C74/$M$74 -> 0.30206235 | D76: =D74/$M$74 -> 0.1377458 | E76: =E74/$M$74 -> 0.49880096 | F76: =F74/$M$74 -> 0.0042206235 | G76: =G74/$M$74 -> 0.0015347722 | H76: =H74/$M$74 -> 0.041630695 | I76: =I74/$M$74 -> 0.010263789 | J76: =J74/$M$74 -> 0.0023980815 | K76: =K74/$M$74 -> 0.0013429257

Sheet 1.10. Nakivubo-NsambyaC2 L1
B1: Traffic Impact Assessment for Kikapu project
B2: MANUAL CLASSIFIED COUNT (MCC)
B3: ROAD NAME: | C3: SHOPRITE-QUEENSWAY
C5: Date | D5: 1.10.19 | E5: Location | F5: CLOCK TOWER JUNCTION | I5: Surveyor | J5: Babirye P,Muganga S,
C6: Dir. From | D6: NAKIVUBO | E6: Dir. To | F6: NSAMBYA | I6: Supervisor | J6: Lawrence
B8: Time / Veh Type | P8: SUMMARY TRAFFIC VOLUMES
C9: 1. Private Car | D9: 3. Pickups/four wheel drive | E9: 4. Minibus, matatu | F9: 5. Medium bus/ coaster | G9: 6. Large Bus/coach | H9: 7. Light Truck | I9: 8. Medium Truck | J9: 9. Heavy truck | K9: 10. Truck Trailer | L9: 11. Motor cycles | M9: Total Excl M/Cycles | N9: Total All | P9: Time | Q9: 1. Car | R9: 3. Pickups | S9: 4. Minibus, matatu | T9: 5. Medium bus | U9: 6. Large Bus | V9: 7. Light Truck | W9: 8. Medium Truck | X9: 9. Heavy truck | Y9: 10. Truck Trailer | Z9: 11. Motorcycles | AA9: Total Excl M/ Cycles | AB9: Total All
B10: 06.00 - 06.15 | C10: 11 | D10: 8 | E10: 1 | F10: 0 | G10: 0 | H10: 2 | I10: 1 | J10: 2 | K10: 1 | L10: 14 | M10: =SUM(C10:K10) -> 26 | N10: =SUM(C10:L10) -> 40 | P10: 06.00 - 06.15 | Q10: =SUM(C10:C13) -> 94 | R10: =SUM(D10:D13) -> 59 | S10: =SUM(E10:E13) -> 3 | T10: =SUM(F10:F13) -> 5 | U10: =SUM(G10:G13) -> 0 | V10: =SUM(H10:H13) -> 4 | W10: =SUM(I10:I13) -> 6 | X10: =SUM(J10:J13) -> 3 | ... AB10: =SUM(N10:N13) -> 284
B11: 06.15 - 06.30 | C11: 26 | D11: 9 | E11: 0 | F11: 3 | G11: 0 | H11: 0 | I11: 2 | J11: 1 | K11: 0 | L11: 21 | M11: =SUM(C11:K11) -> 41 | N11: =SUM(C11:L11) -> 62 | P11: 0700-0800 | Q11: =SUM(C14:C17) -> 63 | R11: =SUM(D14:D17) -> 27 | S11: =SUM(E14:E17) -> 3 | T11: =SUM(F14:F17) -> 1 | U11: =SUM(G14:G17) -> 1 | V11: =SUM(H14:H17) -> 4 | W11: =SUM(I14:I17) -> 7 | X11: =SUM(J14:J17) -> 1 | ... AB11: =SUM(N14:N17) -> 390
B12: 06.30 - 06.45 | C12: 30 | D12: 26 | E12: 0 | F12: 2 | G12: 0 | H12: 0 | I12: 2 | J12: 0 | K12: 1 | L12: 25 | M12: =SUM(C12:K12) -> 61 | N12: =SUM(C12:L12) -> 86 | P12: 0800-0900 | Q12: =SUM(C18:C21) -> 45 | R12: =SUM(D18:D21) -> 30 | S12: =SUM(E18:E21) -> 7 | T12: =SUM(F18:F21) -> 1 | U12: =SUM(G18:G21) -> 0 | V12: =SUM(H18:H21) -> 6 | W12: =SUM(I18:I21) -> 8 | X12: =SUM(J18:J21) -> 3 | ... AB12: =SUM(N18:N21) -> 291
B13: 06.45 - 07.00 | C13: 27 | D13: 16 | E13: 2 | F13: 0 | G13: 0 | H13: 2 | I13: 1 | J13: 0 | K13: 0 | L13: 48 | M13: =SUM(C13:K13) -> 48 | N13: =SUM(C13:L13) -> 96 | P13: 0900-1000 | Q13: =SUM(C22:C25) -> 51 | R13: =SUM(D22:D25) -> 24 | S13: =SUM(E22:E25) -> 11 | T13: =SUM(F22:F25) -> 2 | U13: =SUM(G22:G25) -> 0 | V13: =SUM(H22:H25) -> 14 | W13: =SUM(I22:I25) -> 8 | X13: =SUM(J22:J25) -> 3 | ... AB13: =SUM(N22:N25) -> 295
B14: 07.00 - 07.15 | C14: 19 | D14: 9 | E14: 0 | F14: 0 | G14: 1 | H14: 2 | I14: 1 | J14: 0 | K14: 3 | L14: 36 | M14: =SUM(C14:K14) -> 35 | N14: =SUM(C14:L14) -> 71 | P14: 1000-1100 | Q14: =SUM(C26:C29) -> 89 | R14: =SUM(D26:D29) -> 29 | S14: =SUM(E26:E29) -> 6 | T14: =SUM(F26:F29) -> 3 | U14: =SUM(G26:G29) -> 0 | V14: =SUM(H26:H29) -> 13 | W14: =SUM(I26:I29) -> 14 | X14: =SUM(J26:J29) -> 6 | ... AB14: =SUM(N26:N29) -> 333
B15: 07.15 - 07.30 | C15: 21 | D15: 4 | E15: 1 | F15: 0 | G15: 0 | H15: 0 | I15: 1 | J15: 0 | K15: 0 | L15: 85 | M15: =SUM(C15:K15) -> 27 | N15: =SUM(C15:L15) -> 112 | P15: 1100-1200 | Q15: =SUM(C30:C33) -> 57 | R15: =SUM(D30:D33) -> 42 | S15: =SUM(E30:E33) -> 12 | T15: =SUM(F30:F33) -> 2 | U15: =SUM(G30:G33) -> 0 | V15: =SUM(H30:H33) -> 7 | W15: =SUM(I30:I33) -> 11 | X15: =SUM(J30:J33) -> 6 | ... AB15: =SUM(N30:N33) -> 258
B16: 07.30 - 07.45 | C16: 6 | D16: 11 | E16: 2 | F16: 1 | G16: 0 | H16: 0 | I16: 2 | J16: 0 | K16: 1 | L16: 103 | M16: =SUM(C16:K16) -> 23 | N16: =SUM(C16:L16) -> 126 | P16: 1200-1300 | Q16: =SUM(C34:C37) -> 79 | R16: =SUM(D34:D37) -> 32 | S16: =SUM(E34:E37) -> 6 | T16: =SUM(F34:F37) -> 0 | U16: =SUM(G34:G37) -> 0 | V16: =SUM(H34:H37) -> 17 | W16: =SUM(I34:I37) -> 18 | X16: =SUM(J34:J37) -> 7 | ... AB16: =SUM(N34:N37) -> 270
B17: 07.45 - 08.00 | C17: 17 | D17: 3 | E17: 0 | F17: 0 | G17: 0 | H17: 2 | I17: 3 | J17: 1 | K17: 0 | L17: 55 | M17: =SUM(C17:K17) -> 26 | N17: =SUM(C17:L17) -> 81 | P17: 1300-1400 | Q17: =SUM(C38:C41) -> 46 | R17: =SUM(D38:D41) -> 22 | S17: =SUM(E38:E41) -> 15 | T17: =SUM(F38:F41) -> 1 | U17: =SUM(G38:G41) -> 0 | V17: =SUM(H38:H41) -> 12 | W17: =SUM(I38:I41) -> 14 | X17: =SUM(J38:J41) -> 3 | ... AB17: =SUM(N38:N41) -> 242
B18: 08.00 - 08.15 | C18: 17 | D18: 10 | E18: 1 | F18: 0 | G18: 0 | H18: 1 | I18: 3 | J18: 1 | K18: 0 | L18: 44 | M18: =SUM(C18:K18) -> 33 | N18: =SUM(C18:L18) -> 77 | P18: 1400-1500 | Q18: =SUM(C42:C45) -> 86 | R18: =SUM(D42:D45) -> 25 | S18: =SUM(E42:E45) -> 7 | T18: =SUM(F42:F45) -> 0 | U18: =SUM(G42:G45) -> 0 | V18: =SUM(H42:H45) -> 16 | W18: =SUM(I42:I45) -> 10 | X18: =SUM(J42:J45) -> 3 | ... AB18: =SUM(N42:N45) -> 226
B19: 08.15 - 08.30 | C19: 11 | D19: 6 | E19: 2 | F19: 0 | G19: 0 | H19: 3 | I19: 4 | J19: 2 | K19: 0 | L19: 33 | M19: =SUM(C19:K19) -> 28 | N19: =SUM(C19:L19) -> 61 | P19: 1500-1600 | Q19: =SUM(C46:C49) -> 89 | R19: =SUM(D46:D49) -> 36 | S19: =SUM(E46:E49) -> 4 | T19: =SUM(F46:F49) -> 1 | U19: =SUM(G46:G49) -> 0 | V19: =SUM(H46:H49) -> 31 | W19: =SUM(I46:I49) -> 8 | X19: =SUM(J46:J49) -> 2 | ... AB19: =SUM(N46:N49) -> 241
B20: 08.30 - 08.45 | C20: 7 | D20: 5 | E20: 1 | F20: 1 | G20: 0 | H20: 0 | I20: 1 | J20: 0 | K20: 1 | L20: 65 | M20: =SUM(C20:K20) -> 16 | N20: =SUM(C20:L20) -> 81 | P20: 1600-1700 | Q20: =SUM(C50:C53) -> 110 | R20: =SUM(D50:D53) -> 30 | S20: =SUM(E50:E53) -> 9 | T20: =SUM(F50:F53) -> 1 | U20: =SUM(G50:G53) -> 1 | V20: =SUM(H50:H53) -> 15 | W20: =SUM(I50:I53) -> 9 | X20: =SUM(J50:J53) -> 4 | ... AB20: =SUM(N50:N53) -> 275
B21: 08.45 - 9.00 | C21: 10 | D21: 9 | E21: 3 | F21: 0 | G21: 0 | H21: 2 | I21: 0 | J21: 0 | K21: 0 | L21: 48 | M21: =SUM(C21:K21) -> 24 | N21: =SUM(C21:L21) -> 72 | P21: 1700-1800 | Q21: =SUM(C54:C57) -> 86 | R21: =SUM(D54:D57) -> 12 | S21: =SUM(E54:E57) -> 5 | T21: =SUM(F54:F57) -> 1 | U21: =SUM(G54:G57) -> 0 | V21: =SUM(H54:H57) -> 12 | W21: =SUM(I54:I57) -> 6 | X21: =SUM(J54:J57) -> 6 | ... AB21: =SUM(N54:N57) -> 243
B22: 09.00 - 09.15 | C22: 10 | D22: 7 | E22: 0 | F22: 0 | G22: 0 | H22: 3 | I22: 3 | J22: 0 | K22: 0 | L22: 50 | M22: =SUM(C22:K22) -> 23 | N22: =SUM(C22:L22) -> 73 | P22: 1800-1900 | Q22: =SUM(C58:C61) -> 25 | R22: =SUM(D58:D61) -> 8 | S22: =SUM(E58:E61) -> 0 | T22: =SUM(F58:F61) -> 0 | U22: =SUM(G58:G61) -> 2 | V22: =SUM(H58:H61) -> 8 | W22: =SUM(I58:I61) -> 9 | X22: =SUM(J58:J61) -> 2 | ... AB22: =SUM(N58:N61) -> 136
B23: 09.15 - 09.30 | C23: 13 | D23: 6 | E23: 6 | F23: 2 | G23: 0 | H23: 4 | I23: 1 | J23: 0 | K23: 0 | L23: 27 | M23: =SUM(C23:K23) -> 32 | N23: =SUM(C23:L23) -> 59 | P23: 1900-2000 | Q23: =SUM(C62:C65) -> 63 | R23: =SUM(D62:D65) -> 27 | S23: =SUM(E62:E65) -> 5 | T23: =SUM(F62:F65) -> 1 | U23: =SUM(G62:G65) -> 1 | V23: =SUM(H62:H65) -> 29 | W23: =SUM(I62:I65) -> 2 | X23: =SUM(J62:J65) -> 2 | ... AB23: =SUM(N62:N65) -> 174
B24: 09.30 - 09.45 | C24: 10 | D24: 5 | E24: 4 | F24: 0 | G24: 0 | H24: 4 | I24: 2 | J24: 1 | K24: 0 | L24: 53 | M24: =SUM(C24:K24) -> 26 | N24: =SUM(C24:L24) -> 79 | P24: 2000-2100 | Q24: =SUM(C66:C69) -> 76 | R24: =SUM(D66:D69) -> 21 | S24: =SUM(E66:E69) -> 9 | T24: =SUM(F66:F69) -> 1 | U24: =SUM(G66:G69) -> 0 | V24: =SUM(H66:H69) -> 10 | W24: =SUM(I66:I69) -> 5 | X24: =SUM(J66:J69) -> 2 | ... AB24: =SUM(N66:N69) -> 187
B25: 09.45 - 10.00 | C25: 18 | D25: 6 | E25: 1 | F25: 0 | G25: 0 | H25: 3 | I25: 2 | J25: 2 | K25: 0 | L25: 52 | M25: =SUM(C25:K25) -> 32 | N25: =SUM(C25:L25) -> 84 | P25: 2100-2200 | Q25: =SUM(C70:C73) -> 60 | R25: =SUM(D70:D73) -> 15 | S25: =SUM(E70:E73) -> 8 | T25: =SUM(F70:F73) -> 2 | U25: =SUM(G70:G73) -> 0 | V25: =SUM(H70:H73) -> 5 | W25: =SUM(I70:I73) -> 8 | X25: =SUM(J70:J73) -> 1 | ... AB25: =SUM(N70:N73) -> 169
B26: 10.00 - 10.15 | C26: 16 | D26: 5 | E26: 1 | F26: 0 | G26: 0 | H26: 4 | I26: 2 | J26: 1 | K26: 3 | L26: 40 | M26: =SUM(C26:K26) -> 32 | N26: =SUM(C26:L26) -> 72 | P26: AM Peak Hr | Q26: =MAX(Q10:Q13) -> 94 | R26: =MAX(R10:R13) -> 59 | S26: =MAX(S10:S13) -> 11 | T26: =MAX(T10:T13) -> 5 | U26: =MAX(U10:U13) -> 1 | V26: =MAX(V10:V13) -> 14 | W26: =MAX(W10:W13) -> 8 | X26: =MAX(X10:X13) -> 3 | ... AB26: =MAX(AB10:AB13) -> 390
B27: 10.15 - 10.30 | C27: 14 | D27: 11 | E27: 0 | F27: 2 | G27: 0 | H27: 4 | I27: 6 | J27: 2 | K27: 2 | L27: 55 | M27: =SUM(C27:K27) -> 41 | N27: =SUM(C27:L27) -> 96 | P27: IP Peak Hr | Q27: =MAX(Q14:Q19) -> 89 | R27: =MAX(R14:R19) -> 42 | S27: =MAX(S14:S19) -> 15 | T27: =MAX(T14:T19) -> 3 | U27: =MAX(U14:U19) -> 0 | V27: =MAX(V14:V19) -> 31 | W27: =MAX(W14:W19) -> 18 | X27: =MAX(X14:X19) -> 7 | ... AB27: =MAX(AB14:AB19) -> 333
B28: 10.30 - 10.45 | C28: 22 | D28: 7 | E28: 2 | F28: 0 | G28: 0 | H28: 3 | I28: 4 | J28: 1 | K28: 0 | L28: 25 | M28: =SUM(C28:K28) -> 39 | N28: =SUM(C28:L28) -> 64 | P28: PM Peak Hr | Q28: =MAX(Q20:Q22) -> 110 | R28: =MAX(R20:R22) -> 30 | S28: =MAX(S20:S22) -> 9 | T28: =MAX(T20:T22) -> 1 | U28: =MAX(U20:U22) -> 2 | V28: =MAX(V20:V22) -> 15 | W28: =MAX(W20:W22) -> 9 | X28: =MAX(X20:X22) -> 6 | ... AB28: =MAX(AB20:AB22) -> 275
B29: 10.45 - 11.00 | C29: 37 | D29: 6 | E29: 3 | F29: 1 | G29: 0 | H29: 2 | I29: 2 | J29: 2 | K29: 0 | L29: 48 | M29: =SUM(C29:K29) -> 53 | N29: =SUM(C29:L29) -> 101 | P29: AM Period | Q29: =SUM(Q10:Q13) -> 253 | R29: =SUM(R10:R13) -> 140 | S29: =SUM(S10:S13) -> 24 | T29: =SUM(T10:T13) -> 9 | U29: =SUM(U10:U13) -> 1 | V29: =SUM(V10:V13) -> 28 | W29: =SUM(W10:W13) -> 29 | X29: =SUM(X10:X13) -> 10 | ... AB29: =SUM(AB10:AB13) -> 1260
B30: 11.00 - 11.15 | C30: 15 | D30: 12 | E30: 4 | F30: 2 | G30: 0 | H30: 2 | I30: 1 | J30: 1 | K30: 2 | L30: 25 | M30: =SUM(C30:K30) -> 39 | N30: =SUM(C30:L30) -> 64 | P30: IP Period | Q30: =SUM(Q14:Q19) -> 446 | R30: =SUM(R14:R19) -> 186 | S30: =SUM(S14:S19) -> 50 | T30: =SUM(T14:T19) -> 7 | U30: =SUM(U14:U19) -> 0 | V30: =SUM(V14:V19) -> 96 | W30: =SUM(W14:W19) -> 75 | X30: =SUM(X14:X19) -> 27 | ... AB30: =SUM(AB14:AB19) -> 1570
B31: 11.15 - 11.30 | C31: 15 | D31: 17 | E31: 6 | F31: 0 | G31: 0 | H31: 3 | I31: 6 | J31: 5 | K31: 3 | L31: 41 | M31: =SUM(C31:K31) -> 55 | N31: =SUM(C31:L31) -> 96 | P31: PM Period | Q31: =SUM(Q20:Q22) -> 221 | R31: =SUM(R20:R22) -> 50 | S31: =SUM(S20:S22) -> 14 | T31: =SUM(T20:T22) -> 2 | U31: =SUM(U20:U22) -> 3 | V31: =SUM(V20:V22) -> 35 | W31: =SUM(W20:W22) -> 24 | X31: =SUM(X20:X22) -> 12 | ... AB31: =SUM(AB20:AB22) -> 654
B32: 11.30 - 11.45 | C32: 7 | D32: 3 | E32: 0 | F32: 0 | G32: 0 | H32: 1 | I32: 1 | J32: 0 | K32: 0 | L32: 31 | M32: =SUM(C32:K32) -> 12 | N32: =SUM(C32:L32) -> 43 | P32: 12 Hours | Q32: =SUM(Q11:Q22) -> 826 | R32: =SUM(R11:R22) -> 317 | S32: =SUM(S11:S22) -> 85 | T32: =SUM(T11:T22) -> 13 | U32: =SUM(U11:U22) -> 4 | V32: =SUM(V11:V22) -> 155 | W32: =SUM(W11:W22) -> 122 | X32: =SUM(X11:X22) -> 46 | ... AB32: =SUM(AB11:AB22) -> 3200
B33: 11.45 - 12.00 | C33: 20 | D33: 10 | E33: 2 | F33: 0 | G33: 0 | H33: 1 | I33: 3 | J33: 0 | K33: 1 | L33: 18 | M33: =SUM(C33:K33) -> 37 | N33: =SUM(C33:L33) -> 55 | P33: 16 Hrs/ADT | Q33: =SUM(Q10:Q25) -> 1119 | R33: =SUM(R10:R25) -> 439 | S33: =SUM(S10:S25) -> 110 | T33: =SUM(T10:T25) -> 22 | U33: =SUM(U10:U25) -> 5 | V33: =SUM(V10:V25) -> 203 | W33: =SUM(W10:W25) -> 143 | X33: =SUM(X10:X25) -> 54 | ... AB33: =SUM(AB10:AB25) -> 4014
B34: 12.00 - 12.15 | C34: 23 | D34: 10 | E34: 1 | F34: 0 | G34: 0 | H34: 7 | I34: 2 | J34: 5 | K34: 2 | L34: 25 | M34: =SUM(C34:K34) -> 50 | N34: =SUM(C34:L34) -> 75 | P34: NEF | Q34: =Q33/Q32 -> 1.3547215 | R34: =R33/R32 -> 1.384858 | S34: =S33/S32 -> 1.2941176 | T34: =T33/T32 -> 1.6923077 | U34: =U33/U32 -> 1.25 | V34: =V33/V32 -> 1.3096774 | W34: =W33/W32 -> 1.1721311 | X34: =X33/X32 -> 1.173913 | ... AB34: =AB33/AB32 -> 1.254375
B35: 12.15 - 12.30 | C35: 25 | D35: 8 | E35: 4 | F35: 0 | G35: 0 | H35: 1 | I35: 6 | J35: 0 | K35: 1 | L35: 33 | M35: =SUM(C35:K35) -> 45 | N35: =SUM(C35:L35) -> 78
B36: 12.30 - 12.45 | C36: 16 | D36: 7 | E36: 1 | F36: 0 | G36: 0 | H36: 4 | I36: 6 | J36: 1 | K36: 2 | L36: 28 | M36: =SUM(C36:K36) -> 37 | N36: =SUM(C36:L36) -> 65
B37: 12.45 - 13.00 | C37: 15 | D37: 7 | E37: 0 | F37: 0 | G37: 0 | H37: 5 | I37: 4 | J37: 1 | K37: 0 | L37: 20 | M37: =SUM(C37:K37) -> 32 | N37: =SUM(C37:L37) -> 52
B38: 13.00 - 13.15 | C38: 10 | D38: 5 | E38: 2 | F38: 1 | G38: 0 | H38: 3 | I38: 2 | J38: 1 | K38: 0 | L38: 27 | M38: =SUM(C38:K38) -> 24 | N38: =SUM(C38:L38) -> 51
B39: 13.15 - 13.30 | C39: 7 | D39: 7 | E39: 3 | F39: 0 | G39: 0 | H39: 2 | I39: 5 | J39: 0 | K39: 1 | L39: 25 | M39: =SUM(C39:K39) -> 25 | N39: =SUM(C39:L39) -> 50
B40: 13.30 - 13.45 | C40: 14 | D40: 5 | E40: 5 | F40: 0 | G40: 0 | H40: 5 | I40: 2 | J40: 1 | K40: 0 | L40: 38 | M40: =SUM(C40:K40) -> 32 | N40: =SUM(C40:L40) -> 70
B41: 13.45 - 14.00 | C41: 15 | D41: 5 | E41: 5 | F41: 0 | G41: 0 | H41: 2 | I41: 5 | J41: 1 | K41: 1 | L41: 37 | M41: =SUM(C41:K41) -> 34 | N41: =SUM(C41:L41) -> 71
B42: 14.00 - 14.15 | C42: 23 | D42: 3 | E42: 2 | F42: 0 | G42: 0 | H42: 2 | I42: 4 | J42: 1 | K42: 4 | L42: 10 | M42: =SUM(C42:K42) -> 39 | N42: =SUM(C42:L42) -> 49
B43: 14.15 - 14.30 | C43: 24 | D43: 6 | E43: 3 | F43: 0 | G43: 0 | H43: 6 | I43: 4 | J43: 1 | K43: 5 | L43: 9 | M43: =SUM(C43:K43) -> 49 | N43: =SUM(C43:L43) -> 58
B44: 14.30 - 14.45 | C44: 20 | D44: 7 | E44: 2 | F44: 0 | G44: 0 | H44: 5 | I44: 2 | J44: 1 | K44: 0 | L44: 32 | M44: =SUM(C44:K44) -> 37 | N44: =SUM(C44:L44) -> 69
B45: 14.45 - 15.00 | C45: 19 | D45: 9 | E45: 0 | F45: 0 | G45: 0 | H45: 3 | I45: 0 | J45: 0 | K45: 2 | L45: 17 | M45: =SUM(C45:K45) -> 33 | N45: =SUM(C45:L45) -> 50
B46: 15.00 - 15.15 | C46: 20 | D46: 11 | E46: 0 | F46: 0 | G46: 0 | H46: 8 | I46: 2 | J46: 0 | K46: 1 | L46: 19 | M46: =SUM(C46:K46) -> 42 | N46: =SUM(C46:L46) -> 61
... B73: 21.45 - 22.00 | C73: 15 | D73: 3 | E73: 2 | F73: 0 | G73: 0 | H73: 1 | I73: 2 | J73: 1 | K73: 1 | L73: 11 | M73: =SUM(C73:K73) -> 25 | N73: =SUM(C73:L73) -> 36
B74: Totals | C74: =SUM(C10:C73) -> 1119 | D74: =SUM(D10:D73) -> 439 | E74: =SUM(E10:E73) -> 110 | F74: =SUM(F10:F73) -> 22 | G74: =SUM(G10:G73) -> 5 | H74: =SUM(H10:H73) -> 203 | I74: =SUM(I10:I73) -> 143 | J74: =SUM(J10:J73) -> 54 | ... N74: =SUM(N10:N73) -> 4014
B75: %ges + MCs | C75: =C74/$N$74 -> 0.27877429 | D75: =D74/$N$74 -> 0.10936721 | E75: =E74/$N$74 -> 0.027404086 | F75: =F74/$N$74 -> 0.0054808171 | G75: =G74/$N$74 -> 0.0012456403 | H75: =H74/$N$74 -> 0.050572995 | I75: =I74/$N$74 -> 0.035625311 | J75: =J74/$N$74 -> 0.013452915 | ... L75: =L74/$N$74 -> 0.4573991
B76: %ges w/o MCs | C76: =C74/$M$74 -> 0.5137741 | D76: =D74/$M$74 -> 0.20156107 | E76: =E74/$M$74 -> 0.050505051 | F76: =F74/$M$74 -> 0.01010101 | G76: =G74/$M$74 -> 0.0022956841 | H76: =H74/$M$74 -> 0.093204775 | I76: =I74/$M$74 -> 0.065656566 | J76: =J74/$M$74 -> 0.024793388 | K76: =K74/$M$74 -> 0.038108356

Sheet 2.10. Nakivubo-NsambyaC2 L1
B1: Traffic Impact Assessment for Kikapu project
B2: MANUAL CLASSIFIED COUNT (MCC)
B3: ROAD NAME: | C3: SHOPRITE-QUEENSWAY
C5: Date | D5: 2.10.19 | E5: Location | F5: CLOCK TOWER JUNCTION | I5: Surveyor | J5: Nabatunga Rashida
C6: Dir. From | D6: NAKIVUBO | E6: Dir. To | F6: NSAMBYA | I6: Supervisor | J6: Felix & Lawrence
B8: Time / Veh Type | P8: SUMMARY TRAFFIC VOLUMES
C9: 1. Private Car | D9: 3. Pickups/four wheel drive | E9: 4. Minibus, matatu | F9: 5. Medium bus/ coaster | G9: 6. Large Bus/coach | H9: 7. Light Truck | I9: 8. Medium Truck | J9: 9. Heavy truck | K9: 10. Truck Trailer | L9: 11. Motor cycles | M9: Total Excl M/Cycles | N9: Total All | P9: Time | Q9: 1. Car | R9: 3. Pickups | S9: 4. Minibus, matatu | T9: 5. Medium bus | U9: 6. Large Bus | V9: 7. Light Truck | W9: 8. Medium Truck | X9: 9. Heavy truck | Y9: 10. Truck Trailer | Z9: 11. Motorcycles | AA9: Total Excl M/ Cycles | AB9: Total All
B10: 06.00 - 06.15 | C10: 9 | D10: 2 | E10: 3 | F10: 0 | G10: 0 | H10: 0 | I10: 1 | J10: 0 | K10: 1 | L10: 6 | M10: =SUM(C10:K10) -> 16 | N10: =SUM(C10:L10) -> 22 | P10: 06.00 - 06.15 | Q10: =SUM(C10:C13) -> 79 | R10: =SUM(D10:D13) -> 50 | S10: =SUM(E10:E13) -> 9 | T10: =SUM(F10:F13) -> 0 | U10: =SUM(G10:G13) -> 1 | V10: =SUM(H10:H13) -> 1 | W10: =SUM(I10:I13) -> 10 | X10: =SUM(J10:J13) -> 4 | ... AB10: =SUM(N10:N13) -> 196
B11: 06.15 - 06.30 | C11: 18 | D11: 13 | E11: 1 | F11: 0 | G11: 0 | H11: 0 | I11: 3 | J11: 2 | K11: 0 | L11: 7 | M11: =SUM(C11:K11) -> 37 | N11: =SUM(C11:L11) -> 44 | P11: 0700-0800 | Q11: =SUM(C14:C17) -> 57 | R11: =SUM(D14:D17) -> 30 | S11: =SUM(E14:E17) -> 6 | T11: =SUM(F14:F17) -> 1 | U11: =SUM(G14:G17) -> 0 | V11: =SUM(H14:H17) -> 2 | W11: =SUM(I14:I17) -> 3 | X11: =SUM(J14:J17) -> 3 | ... AB11: =SUM(N14:N17) -> 201
B12: 06.30 - 06.45 | C12: 25 | D12: 21 | E12: 2 | F12: 0 | G12: 0 | H12: 1 | I12: 4 | J12: 2 | K12: 1 | L12: 8 | M12: =SUM(C12:K12) -> 56 | N12: =SUM(C12:L12) -> 64 | P12: 0800-0900 | Q12: =SUM(C18:C21) -> 37 | R12: =SUM(D18:D21) -> 14 | S12: =SUM(E18:E21) -> 4 | T12: =SUM(F18:F21) -> 0 | U12: =SUM(G18:G21) -> 0 | V12: =SUM(H18:H21) -> 4 | W12: =SUM(I18:I21) -> 8 | X12: =SUM(J18:J21) -> 4 | ... AB12: =SUM(N18:N21) -> 156
B13: 06.45 - 07.00 | C13: 27 | D13: 14 | E13: 3 | F13: 0 | G13: 1 | H13: 0 | I13: 2 | J13: 0 | K13: 2 | L13: 17 | M13: =SUM(C13:K13) -> 49 | N13: =SUM(C13:L13) -> 66 | P13: 0900-1000 | Q13: =SUM(C22:C25) -> 50 | R13: =SUM(D22:D25) -> 20 | S13: =SUM(E22:E25) -> 5 | T13: =SUM(F22:F25) -> 0 | U13: =SUM(G22:G25) -> 0 | V13: =SUM(H22:H25) -> 9 | W13: =SUM(I22:I25) -> 14 | X13: =SUM(J22:J25) -> 9 | ... AB13: =SUM(N22:N25) -> 193
B14: 07.00 - 07.15 | C14: 16 | D14: 8 | E14: 1 | F14: 0 | G14: 0 | H14: 0 | I14: 1 | J14: 0 | K14: 0 | L14: 14 | M14: =SUM(C14:K14) -> 26 | N14: =SUM(C14:L14) -> 40 | P14: 1000-1100 | Q14: =SUM(C26:C29) -> 53 | R14: =SUM(D26:D29) -> 21 | S14: =SUM(E26:E29) -> 7 | T14: =SUM(F26:F29) -> 0 | U14: =SUM(G26:G29) -> 0 | V14: =SUM(H26:H29) -> 8 | W14: =SUM(I26:I29) -> 12 | X14: =SUM(J26:J29) -> 2 | ... AB14: =SUM(N26:N29) -> 184
B15: 07.15 - 07.30 | C15: 20 | D15: 9 | E15: 2 | F15: 0 | G15: 0 | H15: 2 | I15: 0 | J15: 2 | K15: 0 | L15: 27 | M15: =SUM(C15:K15) -> 35 | N15: =SUM(C15:L15) -> 62 | P15: 1100-1200 | Q15: =SUM(C30:C33) -> 47 | R15: =SUM(D30:D33) -> 18 | S15: =SUM(E30:E33) -> 3 | T15: =SUM(F30:F33) -> 1 | U15: =SUM(G30:G33) -> 1 | V15: =SUM(H30:H33) -> 8 | W15: =SUM(I30:I33) -> 11 | X15: =SUM(J30:J33) -> 5 | ... AB15: =SUM(N30:N33) -> 158
B16: 07.30 - 07.45 | C16: 13 | D16: 5 | E16: 3 | F16: 0 | G16: 0 | H16: 0 | I16: 0 | J16: 1 | K16: 0 | L16: 27 | M16: =SUM(C16:K16) -> 22 | N16: =SUM(C16:L16) -> 49 | P16: 1200-1300 | Q16: =SUM(C34:C37) -> 58 | R16: =SUM(D34:D37) -> 41 | S16: =SUM(E34:E37) -> 10 | T16: =SUM(F34:F37) -> 0 | U16: =SUM(G34:G37) -> 0 | V16: =SUM(H34:H37) -> 11 | W16: =SUM(I34:I37) -> 13 | X16: =SUM(J34:J37) -> 10 | ... AB16: =SUM(N34:N37) -> 257
B17: 07.45 - 08.00 | C17: 8 | D17: 8 | E17: 0 | F17: 1 | G17: 0 | H17: 0 | I17: 2 | J17: 0 | K17: 1 | L17: 30 | M17: =SUM(C17:K17) -> 20 | N17: =SUM(C17:L17) -> 50 | P17: 1300-1400 | Q17: =SUM(C38:C41) -> 50 | R17: =SUM(D38:D41) -> 31 | S17: =SUM(E38:E41) -> 6 | T17: =SUM(F38:F41) -> 1 | U17: =SUM(G38:G41) -> 0 | V17: =SUM(H38:H41) -> 12 | W17: =SUM(I38:I41) -> 12 | X17: =SUM(J38:J41) -> 5 | ... AB17: =SUM(N38:N41) -> 181
B18: 08.00 - 08.15 | C18: 10 | D18: 0 | E18: 0 | F18: 0 | G18: 0 | H18: 2 | I18: 6 | J18: 2 | K18: 0 | L18: 19 | M18: =SUM(C18:K18) -> 20 | N18: =SUM(C18:L18) -> 39 | P18: 1400-1500 | Q18: =SUM(C42:C45) -> 48 | R18: =SUM(D42:D45) -> 26 | S18: =SUM(E42:E45) -> 2 | T18: =SUM(F42:F45) -> 0 | U18: =SUM(G42:G45) -> 0 | V18: =SUM(H42:H45) -> 19 | W18: =SUM(I42:I45) -> 12 | X18: =SUM(J42:J45) -> 7 | ... AB18: =SUM(N42:N45) -> 192
B19: 08.15 - 08.30 | C19: 9 | D19: 8 | E19: 1 | F19: 0 | G19: 0 | H19: 1 | I19: 0 | J19: 0 | K19: 1 | L19: 18 | M19: =SUM(C19:K19) -> 20 | N19: =SUM(C19:L19) -> 38 | P19: 1500-1600 | Q19: =SUM(C46:C49) -> 66 | R19: =SUM(D46:D49) -> 39 | S19: =SUM(E46:E49) -> 14 | T19: =SUM(F46:F49) -> 0 | U19: =SUM(G46:G49) -> 2 | V19: =SUM(H46:H49) -> 9 | W19: =SUM(I46:I49) -> 13 | X19: =SUM(J46:J49) -> 6 | ... AB19: =SUM(N46:N49) -> 213
B20: 08.30 - 08.45 | C20: 11 | D20: 4 | E20: 1 | F20: 0 | G20: 0 | H20: 1 | I20: 2 | J20: 1 | K20: 0 | L20: 22 | M20: =SUM(C20:K20) -> 20 | N20: =SUM(C20:L20) -> 42 | P20: 1600-1700 | Q20: =SUM(C50:C53) -> 59 | R20: =SUM(D50:D53) -> 35 | S20: =SUM(E50:E53) -> 11 | T20: =SUM(F50:F53) -> 0 | U20: =SUM(G50:G53) -> 0 | V20: =SUM(H50:H53) -> 12 | W20: =SUM(I50:I53) -> 15 | X20: =SUM(J50:J53) -> 9 | ... AB20: =SUM(N50:N53) -> 199
B21: 08.45 - 9.00 | C21: 7 | D21: 2 | E21: 2 | F21: 0 | G21: 0 | H21: 0 | I21: 0 | J21: 1 | K21: 2 | L21: 23 | M21: =SUM(C21:K21) -> 14 | N21: =SUM(C21:L21) -> 37 | P21: 1700-1800 | Q21: =SUM(C54:C57) -> 69 | R21: =SUM(D54:D57) -> 24 | S21: =SUM(E54:E57) -> 7 | T21: =SUM(F54:F57) -> 1 | U21: =SUM(G54:G57) -> 1 | V21: =SUM(H54:H57) -> 12 | W21: =SUM(I54:I57) -> 6 | X21: =SUM(J54:J57) -> 6 | ... AB21: =SUM(N54:N57) -> 198
B22: 09.00 - 09.15 | C22: 6 | D22: 6 | E22: 0 | F22: 0 | G22: 0 | H22: 3 | I22: 4 | J22: 3 | K22: 2 | L22: 17 | M22: =SUM(C22:K22) -> 24 | N22: =SUM(C22:L22) -> 41 | P22: 1800-1900 | Q22: =SUM(C58:C61) -> 96 | R22: =SUM(D58:D61) -> 33 | S22: =SUM(E58:E61) -> 13 | T22: =SUM(F58:F61) -> 1 | U22: =SUM(G58:G61) -> 0 | V22: =SUM(H58:H61) -> 16 | W22: =SUM(I58:I61) -> 4 | X22: =SUM(J58:J61) -> 5 | ... AB22: =SUM(N58:N61) -> 246
B23: 09.15 - 09.30 | C23: 11 | D23: 4 | E23: 2 | F23: 0 | G23: 0 | H23: 0 | I23: 5 | J23: 3 | K23: 3 | L23: 23 | M23: =SUM(C23:K23) -> 28 | N23: =SUM(C23:L23) -> 51 | P23: 1900-2000 | Q23: =SUM(C62:C65) -> 75 | R23: =SUM(D62:D65) -> 46 | S23: =SUM(E62:E65) -> 12 | T23: =SUM(F62:F65) -> 0 | U23: =SUM(G62:G65) -> 1 | V23: =SUM(H62:H65) -> 9 | W23: =SUM(I62:I65) -> 4 | X23: =SUM(J62:J65) -> 8 | ... AB23: =SUM(N62:N65) -> 213
B24: 09.30 - 09.45 | C24: 23 | D24: 6 | E24: 3 | F24: 0 | G24: 0 | H24: 5 | I24: 3 | J24: 2 | K24: 1 | L24: 15 | M24: =SUM(C24:K24) -> 43 | N24: =SUM(C24:L24) -> 58 | P24: 2000-2100 | Q24: =SUM(C66:C69) -> 71 | R24: =SUM(D66:D69) -> 29 | S24: =SUM(E66:E69) -> 6 | T24: =SUM(F66:F69) -> 0 | U24: =SUM(G66:G69) -> 0 | V24: =SUM(H66:H69) -> 0 | W24: =SUM(I66:I69) -> 3 | X24: =SUM(J66:J69) -> 3 | ... AB24: =SUM(N66:N69) -> 176
B25: 09.45 - 10.00 | C25: 10 | D25: 4 | E25: 0 | F25: 0 | G25: 0 | H25: 1 | I25: 2 | J25: 1 | K25: 0 | L25: 25 | M25: =SUM(C25:K25) -> 18 | N25: =SUM(C25:L25) -> 43 | P25: 2100-2200 | Q25: =SUM(C70:C73) -> 59 | R25: =SUM(D70:D73) -> 20 | S25: =SUM(E70:E73) -> 2 | T25: =SUM(F70:F73) -> 1 | U25: =SUM(G70:G73) -> 0 | V25: =SUM(H70:H73) -> 7 | W25: =SUM(I70:I73) -> 5 | X25: =SUM(J70:J73) -> 3 | ... AB25: =SUM(N70:N73) -> 135
B26: 10.00 - 10.15 | C26: 11 | D26: 3 | E26: 2 | F26: 0 | G26: 0 | H26: 3 | I26: 2 | J26: 1 | K26: 0 | L26: 15 | M26: =SUM(C26:K26) -> 22 | N26: =SUM(C26:L26) -> 37 | P26: AM Peak Hr | Q26: =MAX(Q10:Q13) -> 79 | R26: =MAX(R10:R13) -> 50 | S26: =MAX(S10:S13) -> 9 | T26: =MAX(T10:T13) -> 1 | U26: =MAX(U10:U13) -> 1 | V26: =MAX(V10:V13) -> 9 | W26: =MAX(W10:W13) -> 14 | X26: =MAX(X10:X13) -> 9 | ... AB26: =MAX(AB10:AB13) -> 201
B27: 10.15 - 10.30 | C27: 15 | D27: 9 | E27: 2 | F27: 0 | G27: 0 | H27: 2 | I27: 4 | J27: 0 | K27: 1 | L27: 24 | M27: =SUM(C27:K27) -> 33 | N27: =SUM(C27:L27) -> 57 | P27: IP Peak Hr | Q27: =MAX(Q14:Q19) -> 66 | R27: =MAX(R14:R19) -> 41 | S27: =MAX(S14:S19) -> 14 | T27: =MAX(T14:T19) -> 1 | U27: =MAX(U14:U19) -> 2 | V27: =MAX(V14:V19) -> 19 | W27: =MAX(W14:W19) -> 13 | X27: =MAX(X14:X19) -> 10 | ... AB27: =MAX(AB14:AB19) -> 257
B28: 10.30 - 10.45 | C28: 17 | D28: 6 | E28: 1 | F28: 0 | G28: 0 | H28: 1 | I28: 0 | J28: 0 | K28: 2 | L28: 16 | M28: =SUM(C28:K28) -> 27 | N28: =SUM(C28:L28) -> 43 | P28: PM Peak Hr | Q28: =MAX(Q20:Q22) -> 96 | R28: =MAX(R20:R22) -> 35 | S28: =MAX(S20:S22) -> 13 | T28: =MAX(T20:T22) -> 1 | U28: =MAX(U20:U22) -> 1 | V28: =MAX(V20:V22) -> 16 | W28: =MAX(W20:W22) -> 15 | X28: =MAX(X20:X22) -> 9 | ... AB28: =MAX(AB20:AB22) -> 246
B29: 10.45 - 11.00 | C29: 10 | D29: 3 | E29: 2 | F29: 0 | G29: 0 | H29: 2 | I29: 6 | J29: 1 | K29: 3 | L29: 20 | M29: =SUM(C29:K29) -> 27 | N29: =SUM(C29:L29) -> 47 | P29: AM Period | Q29: =SUM(Q10:Q13) -> 223 | R29: =SUM(R10:R13) -> 114 | S29: =SUM(S10:S13) -> 24 | T29: =SUM(T10:T13) -> 1 | U29: =SUM(U10:U13) -> 1 | V29: =SUM(V10:V13) -> 16 | W29: =SUM(W10:W13) -> 35 | X29: =SUM(X10:X13) -> 20 | ... AB29: =SUM(AB10:AB13) -> 746
B30: 11.00 - 11.15 | C30: 14 | D30: 5 | E30: 0 | F30: 1 | G30: 0 | H30: 4 | I30: 1 | J30: 2 | K30: 2 | L30: 26 | M30: =SUM(C30:K30) -> 29 | N30: =SUM(C30:L30) -> 55 | P30: IP Period | Q30: =SUM(Q14:Q19) -> 322 | R30: =SUM(R14:R19) -> 176 | S30: =SUM(S14:S19) -> 42 | T30: =SUM(T14:T19) -> 2 | U30: =SUM(U14:U19) -> 3 | V30: =SUM(V14:V19) -> 67 | W30: =SUM(W14:W19) -> 73 | X30: =SUM(X14:X19) -> 35 | ... AB30: =SUM(AB14:AB19) -> 1185
B31: 11.15 - 11.30 | C31: 15 | D31: 5 | E31: 0 | F31: 0 | G31: 1 | H31: 0 | I31: 3 | J31: 1 | K31: 0 | L31: 13 | M31: =SUM(C31:K31) -> 25 | N31: =SUM(C31:L31) -> 38 | P31: PM Period | Q31: =SUM(Q20:Q22) -> 224 | R31: =SUM(R20:R22) -> 92 | S31: =SUM(S20:S22) -> 31 | T31: =SUM(T20:T22) -> 2 | U31: =SUM(U20:U22) -> 1 | V31: =SUM(V20:V22) -> 40 | W31: =SUM(W20:W22) -> 25 | X31: =SUM(X20:X22) -> 20 | ... AB31: =SUM(AB20:AB22) -> 643
B32: 11.30 - 11.45 | C32: 8 | D32: 3 | E32: 0 | F32: 0 | G32: 0 | H32: 1 | I32: 4 | J32: 1 | K32: 0 | L32: 11 | M32: =SUM(C32:K32) -> 17 | N32: =SUM(C32:L32) -> 28 | P32: 12 Hours | Q32: =SUM(Q11:Q22) -> 690 | R32: =SUM(R11:R22) -> 332 | S32: =SUM(S11:S22) -> 88 | T32: =SUM(T11:T22) -> 5 | U32: =SUM(U11:U22) -> 4 | V32: =SUM(V11:V22) -> 122 | W32: =SUM(W11:W22) -> 123 | X32: =SUM(X11:X22) -> 71 | ... AB32: =SUM(AB11:AB22) -> 2378
B33: 11.45 - 12.00 | C33: 10 | D33: 5 | E33: 3 | F33: 0 | G33: 0 | H33: 3 | I33: 3 | J33: 1 | K33: 1 | L33: 11 | M33: =SUM(C33:K33) -> 26 | N33: =SUM(C33:L33) -> 37 | P33: 16 Hrs/ADT | Q33: =SUM(Q10:Q25) -> 974 | R33: =SUM(R10:R25) -> 477 | S33: =SUM(S10:S25) -> 117 | T33: =SUM(T10:T25) -> 6 | U33: =SUM(U10:U25) -> 6 | V33: =SUM(V10:V25) -> 139 | W33: =SUM(W10:W25) -> 145 | X33: =SUM(X10:X25) -> 89 | ... AB33: =SUM(AB10:AB25) -> 3098
B34: 12.00 - 12.15 | C34: 12 | D34: 8 | E34: 3 | F34: 0 | G34: 0 | H34: 0 | I34: 0 | J34: 3 | K34: 2 | L34: 27 | M34: =SUM(C34:K34) -> 28 | N34: =SUM(C34:L34) -> 55 | P34: NEF | Q34: =Q33/Q32 -> 1.4115942 | R34: =R33/R32 -> 1.436747 | S34: =S33/S32 -> 1.3295455 | T34: =T33/T32 -> 1.2 | U34: =U33/U32 -> 1.5 | V34: =V33/V32 -> 1.1393443 | W34: =W33/W32 -> 1.1788618 | X34: =X33/X32 -> 1.2535211 | ... AB34: =AB33/AB32 -> 1.3027754
B35: 12.15 - 12.30 | C35: 17 | D35: 15 | E35: 4 | F35: 0 | G35: 0 | H35: 3 | I35: 8 | J35: 2 | K35: 0 | L35: 23 | M35: =SUM(C35:K35) -> 49 | N35: =SUM(C35:L35) -> 72
B36: 12.30 - 12.45 | C36: 24 | D36: 15 | E36: 2 | F36: 0 | G36: 0 | H36: 8 | I36: 4 | J36: 3 | K36: 5 | L36: 39 | M36: =SUM(C36:K36) -> 61 | N36: =SUM(C36:L36) -> 100
B37: 12.45 - 13.00 | C37: 5 | D37: 3 | E37: 1 | F37: 0 | G37: 0 | H37: 0 | I37: 1 | J37: 2 | K37: 0 | L37: 18 | M37: =SUM(C37:K37) -> 12 | N37: =SUM(C37:L37) -> 30
B38: 13.00 - 13.15 | C38: 14 | D38: 11 | E38: 2 | F38: 0 | G38: 0 | H38: 4 | I38: 2 | J38: 2 | K38: 2 | L38: 13 | M38: =SUM(C38:K38) -> 37 | N38: =SUM(C38:L38) -> 50
B39: 13.15 - 13.30 | C39: 15 | D39: 2 | E39: 3 | F39: 0 | G39: 0 | H39: 2 | I39: 3 | J39: 1 | K39: 6 | L39: 12 | M39: =SUM(C39:K39) -> 32 | N39: =SUM(C39:L39) -> 44
B40: 13.30 - 13.45 | C40: 10 | D40: 7 | E40: 1 | F40: 1 | G40: 0 | H40: 5 | I40: 5 | J40: 2 | K40: 1 | L40: 7 | M40: =SUM(C40:K40) -> 32 | N40: =SUM(C40:L40) -> 39
B41: 13.45 - 14.00 | C41: 11 | D41: 11 | E41: 0 | F41: 0 | G41: 0 | H41: 1 | I41: 2 | J41: 0 | K41: 1 | L41: 22 | M41: =SUM(C41:K41) -> 26 | N41: =SUM(C41:L41) -> 48
B42: 14.00 - 14.15 | C42: 10 | D42: 6 | E42: 1 | F42: 0 | G42: 0 | H42: 4 | I42: 2 | J42: 1 | K42: 1 | L42: 11 | M42: =SUM(C42:K42) -> 25 | N42: =SUM(C42:L42) -> 36
B43: 14.15 - 14.30 | C43: 14 | D43: 6 | E43: 0 | F43: 0 | G43: 0 | H43: 10 | I43: 3 | J43: 1 | K43: 1 | L43: 24 | M43: =SUM(C43:K43) -> 35 | N43: =SUM(C43:L43) -> 59
B44: 14.30 - 14.45 | C44: 9 | D44: 6 | E44: 1 | F44: 0 | G44: 0 | H44: 2 | I44: 5 | J44: 2 | K44: 0 | L44: 16 | M44: =SUM(C44:K44) -> 25 | N44: =SUM(C44:L44) -> 41
B45: 14.45 - 15.00 | C45: 15 | D45: 8 | E45: 0 | F45: 0 | G45: 0 | H45: 3 | I45: 2 | J45: 3 | K45: 7 | L45: 18 | M45: =SUM(C45:K45) -> 38 | N45: =SUM(C45:L45) -> 56
B46: 15.00 - 15.15 | C46: 14 | D46: 6 | E46: 3 | F46: 0 | G46: 1 | H46: 4 | I46: 3 | J46: 2 | K46: 0 | L46: 9 | M46: =SUM(C46:K46) -> 33 | N46: =SUM(C46:L46) -> 42
... B73: 21.45 - 22.00 | C73: 22 | D73: 10 | E73: 0 | F73: 0 | G73: 0 | H73: 4 | I73: 2 | J73: 1 | K73: 2 | L73: 18 | M73: =SUM(C73:K73) -> 41 | N73: =SUM(C73:L73) -> 59
B74: Totals | C74: =SUM(C10:C73) -> 974 | D74: =SUM(D10:D73) -> 477 | E74: =SUM(E10:E73) -> 117 | F74: =SUM(F10:F73) -> 6 | G74: =SUM(G10:G73) -> 6 | H74: =SUM(H10:H73) -> 139 | I74: =SUM(I10:I73) -> 145 | J74: =SUM(J10:J73) -> 89 | ... N74: =SUM(N10:N73) -> 3098
B75: %ges + MCs | C75: =C74/$N$74 -> 0.31439638 | D75: =D74/$N$74 -> 0.1539703 | E75: =E74/$N$74 -> 0.037766301 | F75: =F74/$N$74 -> 0.0019367334 | G75: =G74/$N$74 -> 0.0019367334 | H75: =H74/$N$74 -> 0.044867657 | I75: =I74/$N$74 -> 0.04680439 | J75: =J74/$N$74 -> 0.028728212 | ... L75: =L74/$N$74 -> 0.34861201
B76: %ges w/o MCs | C76: =C74/$M$74 -> 0.4826561 | D76: =D74/$M$74 -> 0.23637265 | E76: =E74/$M$74 -> 0.057978196 | F76: =F74/$M$74 -> 0.0029732408 | G76: =G74/$M$74 -> 0.0029732408 | H76: =H74/$M$74 -> 0.068880079 | I76: =I74/$M$74 -> 0.07185332 | J76: =J74/$M$74 -> 0.044103072 | K76: =K74/$M$74 -> 0.032210109

Sheet 5.10. Nakivubo-NsambyaC2 L1
B1: Traffic Impact Assessment for Kikapu project
B2: MANUAL CLASSIFIED COUNT (MCC)
B3: ROAD NAME: | C3: SHOPRITE-QUEENSWAY
C5: Date | D5: 5.10.19 | E5: Location | F5: CLOCK TOWER JUNCTION | I5: Surveyor | J5: Nabayunga R,
C6: Dir. From | D6: NAKIVUBO | E6: Dir. To | F6: NSAMBYA | I6: Supervisor | J6: Lawrence
B8: Time / Veh Type | P8: SUMMARY TRAFFIC VOLUMES
C9: 1. Private Car | D9: 3. Pickups/four wheel drive | E9: 4. Minibus, matatu | F9: 5. Medium bus/ coaster | G9: 6. Large Bus/coach | H9: 7. Light Truck | I9: 8. Medium Truck | J9: 9. Heavy truck | K9: 10. Truck Trailer | L9: 11. Motor cycles | M9: Total Excl M/Cycles | N9: Total All | P9: Time | Q9: 1. Car | R9: 3. Pickups | S9: 4. Minibus, matatu | T9: 5. Medium bus | U9: 6. Large Bus | V9: 7. Light Truck | W9: 8. Medium Truck | X9: 9. Heavy truck | Y9: 10. Truck Trailer | Z9: 11. Motorcycles | AA9: Total Excl M/ Cycles | AB9: Total All
B10: 06.00 - 06.15 | C10: 4 | D10: 3 | E10: 1 | F10: 0 | G10: 0 | H10: 1 | I10: 1 | J10: 0 | K10: 0 | L10: 5 | M10: =SUM(C10:K10) -> 10 | N10: =SUM(C10:L10) -> 15 | P10: 06.00 - 06.15 | Q10: =SUM(C10:C13) -> 20 | R10: =SUM(D10:D13) -> 17 | S10: =SUM(E10:E13) -> 4 | T10: =SUM(F10:F13) -> 0 | U10: =SUM(G10:G13) -> 0 | V10: =SUM(H10:H13) -> 8 | W10: =SUM(I10:I13) -> 7 | X10: =SUM(J10:J13) -> 5 | ... AB10: =SUM(N10:N13) -> 114
B11: 06.15 - 06.30 | C11: 5 | D11: 3 | E11: 1 | F11: 0 | G11: 0 | H11: 2 | I11: 3 | J11: 1 | K11: 4 | L11: 13 | M11: =SUM(C11:K11) -> 19 | N11: =SUM(C11:L11) -> 32 | P11: 0700-0800 | Q11: =SUM(C14:C17) -> 60 | R11: =SUM(D14:D17) -> 28 | S11: =SUM(E14:E17) -> 5 | T11: =SUM(F14:F17) -> 0 | U11: =SUM(G14:G17) -> 0 | V11: =SUM(H14:H17) -> 10 | W11: =SUM(I14:I17) -> 4 | X11: =SUM(J14:J17) -> 5 | ... AB11: =SUM(N14:N17) -> 202
B12: 06.30 - 06.45 | C12: 8 | D12: 2 | E12: 1 | F12: 0 | G12: 0 | H12: 3 | I12: 2 | J12: 1 | K12: 0 | L12: 18 | M12: =SUM(C12:K12) -> 17 | N12: =SUM(C12:L12) -> 35 | P12: 0800-0900 | Q12: =SUM(C18:C21) -> 60 | R12: =SUM(D18:D21) -> 27 | S12: =SUM(E18:E21) -> 8 | T12: =SUM(F18:F21) -> 4 | U12: =SUM(G18:G21) -> 0 | V12: =SUM(H18:H21) -> 12 | W12: =SUM(I18:I21) -> 12 | X12: =SUM(J18:J21) -> 2 | ... AB12: =SUM(N18:N21) -> 209
B13: 06.45 - 07.00 | C13: 3 | D13: 9 | E13: 1 | F13: 0 | G13: 0 | H13: 2 | I13: 1 | J13: 3 | K13: 2 | L13: 11 | M13: =SUM(C13:K13) -> 21 | N13: =SUM(C13:L13) -> 32 | P13: 0900-1000 | Q13: =SUM(C22:C25) -> 48 | R13: =SUM(D22:D25) -> 33 | S13: =SUM(E22:E25) -> 11 | T13: =SUM(F22:F25) -> 1 | U13: =SUM(G22:G25) -> 0 | V13: =SUM(H22:H25) -> 5 | W13: =SUM(I22:I25) -> 8 | X13: =SUM(J22:J25) -> 2 | ... AB13: =SUM(N22:N25) -> 188
B14: 07.00 - 07.15 | C14: 13 | D14: 8 | E14: 3 | F14: 0 | G14: 0 | H14: 2 | I14: 2 | J14: 2 | K14: 1 | L14: 13 | M14: =SUM(C14:K14) -> 31 | N14: =SUM(C14:L14) -> 44 | P14: 1000-1100 | Q14: =SUM(C26:C29) -> 49 | R14: =SUM(D26:D29) -> 35 | S14: =SUM(E26:E29) -> 7 | T14: =SUM(F26:F29) -> 0 | U14: =SUM(G26:G29) -> 0 | V14: =SUM(H26:H29) -> 17 | W14: =SUM(I26:I29) -> 15 | X14: =SUM(J26:J29) -> 5 | ... AB14: =SUM(N26:N29) -> 210
B15: 07.15 - 07.30 | C15: 12 | D15: 3 | E15: 2 | F15: 0 | G15: 0 | H15: 3 | I15: 0 | J15: 1 | K15: 0 | L15: 18 | M15: =SUM(C15:K15) -> 21 | N15: =SUM(C15:L15) -> 39 | P15: 1100-1200 | Q15: =SUM(C30:C33) -> 92 | R15: =SUM(D30:D33) -> 46 | S15: =SUM(E30:E33) -> 10 | T15: =SUM(F30:F33) -> 1 | U15: =SUM(G30:G33) -> 1 | V15: =SUM(H30:H33) -> 16 | W15: =SUM(I30:I33) -> 16 | X15: =SUM(J30:J33) -> 5 | ... AB15: =SUM(N30:N33) -> 279
B16: 07.30 - 07.45 | C16: 16 | D16: 8 | E16: 0 | F16: 0 | G16: 0 | H16: 2 | I16: 1 | J16: 1 | K16: 1 | L16: 29 | M16: =SUM(C16:K16) -> 29 | N16: =SUM(C16:L16) -> 58 | P16: 1200-1300 | Q16: =SUM(C34:C37) -> 82 | R16: =SUM(D34:D37) -> 46 | S16: =SUM(E34:E37) -> 13 | T16: =SUM(F34:F37) -> 3 | U16: =SUM(G34:G37) -> 0 | V16: =SUM(H34:H37) -> 19 | W16: =SUM(I34:I37) -> 13 | X16: =SUM(J34:J37) -> 4 | ... AB16: =SUM(N34:N37) -> 320
B17: 07.45 - 08.00 | C17: 19 | D17: 9 | E17: 0 | F17: 0 | G17: 0 | H17: 3 | I17: 1 | J17: 1 | K17: 1 | L17: 27 | M17: =SUM(C17:K17) -> 34 | N17: =SUM(C17:L17) -> 61 | P17: 1300-1400 | Q17: =SUM(C38:C41) -> 101 | R17: =SUM(D38:D41) -> 43 | S17: =SUM(E38:E41) -> 12 | T17: =SUM(F38:F41) -> 0 | U17: =SUM(G38:G41) -> 1 | V17: =SUM(H38:H41) -> 14 | W17: =SUM(I38:I41) -> 14 | X17: =SUM(J38:J41) -> 11 | ... AB17: =SUM(N38:N41) -> 326
B18: 08.00 - 08.15 | C18: 13 | D18: 7 | E18: 3 | F18: 0 | G18: 0 | H18: 2 | I18: 2 | J18: 0 | K18: 0 | L18: 14 | M18: =SUM(C18:K18) -> 27 | N18: =SUM(C18:L18) -> 41 | P18: 1400-1500 | Q18: =SUM(C42:C45) -> 71 | R18: =SUM(D42:D45) -> 46 | S18: =SUM(E42:E45) -> 7 | T18: =SUM(F42:F45) -> 1 | U18: =SUM(G42:G45) -> 0 | V18: =SUM(H42:H45) -> 8 | W18: =SUM(I42:I45) -> 9 | X18: =SUM(J42:J45) -> 6 | ... AB18: =SUM(N42:N45) -> 255
B19: 08.15 - 08.30 | C19: 17 | D19: 1 | E19: 4 | F19: 1 | G19: 0 | H19: 4 | I19: 5 | J19: 0 | K19: 0 | L19: 17 | M19: =SUM(C19:K19) -> 32 | N19: =SUM(C19:L19) -> 49 | P19: 1500-1600 | Q19: =SUM(C46:C49) -> 74 | R19: =SUM(D46:D49) -> 47 | S19: =SUM(E46:E49) -> 7 | T19: =SUM(F46:F49) -> 0 | U19: =SUM(G46:G49) -> 0 | V19: =SUM(H46:H49) -> 20 | W19: =SUM(I46:I49) -> 11 | X19: =SUM(J46:J49) -> 8 | ... AB19: =SUM(N46:N49) -> 266
B20: 08.30 - 08.45 | C20: 19 | D20: 10 | E20: 1 | F20: 1 | G20: 0 | H20: 3 | I20: 2 | J20: 2 | K20: 0 | L20: 31 | M20: =SUM(C20:K20) -> 38 | N20: =SUM(C20:L20) -> 69 | P20: 1600-1700 | Q20: =SUM(C50:C53) -> 61 | R20: =SUM(D50:D53) -> 41 | S20: =SUM(E50:E53) -> 11 | T20: =SUM(F50:F53) -> 2 | U20: =SUM(G50:G53) -> 1 | V20: =SUM(H50:H53) -> 14 | W20: =SUM(I50:I53) -> 8 | X20: =SUM(J50:J53) -> 7 | ... AB20: =SUM(N50:N53) -> 246
B21: 08.45 - 9.00 | C21: 11 | D21: 9 | E21: 0 | F21: 2 | G21: 0 | H21: 3 | I21: 3 | J21: 0 | K21: 1 | L21: 21 | M21: =SUM(C21:K21) -> 29 | N21: =SUM(C21:L21) -> 50 | P21: 1700-1800 | Q21: =SUM(C54:C57) -> 56 | R21: =SUM(D54:D57) -> 31 | S21: =SUM(E54:E57) -> 18 | T21: =SUM(F54:F57) -> 1 | U21: =SUM(G54:G57) -> 0 | V21: =SUM(H54:H57) -> 13 | W21: =SUM(I54:I57) -> 15 | X21: =SUM(J54:J57) -> 4 | ... AB21: =SUM(N54:N57) -> 243
B22: 09.00 - 09.15 | C22: 18 | D22: 9 | E22: 1 | F22: 0 | G22: 0 | H22: 1 | I22: 1 | J22: 0 | K22: 0 | L22: 23 | M22: =SUM(C22:K22) -> 30 | N22: =SUM(C22:L22) -> 53 | P22: 1800-1900 | Q22: =SUM(C58:C61) -> 76 | R22: =SUM(D58:D61) -> 48 | S22: =SUM(E58:E61) -> 12 | T22: =SUM(F58:F61) -> 1 | U22: =SUM(G58:G61) -> 0 | V22: =SUM(H58:H61) -> 8 | W22: =SUM(I58:I61) -> 13 | X22: =SUM(J58:J61) -> 3 | ... AB22: =SUM(N58:N61) -> 236
B23: 09.15 - 09.30 | C23: 13 | D23: 8 | E23: 2 | F23: 0 | G23: 0 | H23: 3 | I23: 2 | J23: 1 | K23: 0 | L23: 25 | M23: =SUM(C23:K23) -> 29 | N23: =SUM(C23:L23) -> 54 | P23: 1900-2000 | Q23: =SUM(C62:C65) -> 47 | R23: =SUM(D62:D65) -> 29 | S23: =SUM(E62:E65) -> 10 | T23: =SUM(F62:F65) -> 0 | U23: =SUM(G62:G65) -> 1 | V23: =SUM(H62:H65) -> 3 | W23: =SUM(I62:I65) -> 3 | X23: =SUM(J62:J65) -> 3 | ... AB23: =SUM(N62:N65) -> 153
B24: 09.30 - 09.45 | C24: 9 | D24: 10 | E24: 5 | F24: 1 | G24: 0 | H24: 1 | I24: 1 | J24: 1 | K24: 0 | L24: 17 | M24: =SUM(C24:K24) -> 28 | N24: =SUM(C24:L24) -> 45 | P24: 2000-2100 | Q24: =SUM(C66:C69) -> 110 | R24: =SUM(D66:D69) -> 54 | S24: =SUM(E66:E69) -> 6 | T24: =SUM(F66:F69) -> 1 | U24: =SUM(G66:G69) -> 0 | V24: =SUM(H66:H69) -> 11 | W24: =SUM(I66:I69) -> 9 | X24: =SUM(J66:J69) -> 5 | ... AB24: =SUM(N66:N69) -> 268
B25: 09.45 - 10.00 | C25: 8 | D25: 6 | E25: 3 | F25: 0 | G25: 0 | H25: 0 | I25: 4 | J25: 0 | K25: 0 | L25: 15 | M25: =SUM(C25:K25) -> 21 | N25: =SUM(C25:L25) -> 36 | P25: 2100-2200 | Q25: =SUM(C70:C73) -> 69 | R25: =SUM(D70:D73) -> 36 | S25: =SUM(E70:E73) -> 10 | T25: =SUM(F70:F73) -> 0 | U25: =SUM(G70:G73) -> 0 | V25: =SUM(H70:H73) -> 9 | W25: =SUM(I70:I73) -> 8 | X25: =SUM(J70:J73) -> 2 | ... AB25: =SUM(N70:N73) -> 169
B26: 10.00 - 10.15 | C26: 9 | D26: 10 | E26: 1 | F26: 0 | G26: 0 | H26: 6 | I26: 3 | J26: 1 | K26: 2 | L26: 20 | M26: =SUM(C26:K26) -> 32 | N26: =SUM(C26:L26) -> 52 | P26: AM Peak Hr | Q26: =MAX(Q10:Q13) -> 60 | R26: =MAX(R10:R13) -> 33 | S26: =MAX(S10:S13) -> 11 | T26: =MAX(T10:T13) -> 4 | U26: =MAX(U10:U13) -> 0 | V26: =MAX(V10:V13) -> 12 | W26: =MAX(W10:W13) -> 12 | X26: =MAX(X10:X13) -> 5 | ... AB26: =MAX(AB10:AB13) -> 209
B27: 10.15 - 10.30 | C27: 12 | D27: 6 | E27: 1 | F27: 0 | G27: 0 | H27: 3 | I27: 5 | J27: 2 | K27: 4 | L27: 13 | M27: =SUM(C27:K27) -> 33 | N27: =SUM(C27:L27) -> 46 | P27: IP Peak Hr | Q27: =MAX(Q14:Q19) -> 101 | R27: =MAX(R14:R19) -> 47 | S27: =MAX(S14:S19) -> 13 | T27: =MAX(T14:T19) -> 3 | U27: =MAX(U14:U19) -> 1 | V27: =MAX(V14:V19) -> 20 | W27: =MAX(W14:W19) -> 16 | X27: =MAX(X14:X19) -> 11 | ... AB27: =MAX(AB14:AB19) -> 326
B28: 10.30 - 10.45 | C28: 13 | D28: 11 | E28: 1 | F28: 0 | G28: 0 | H28: 6 | I28: 4 | J28: 1 | K28: 0 | L28: 22 | M28: =SUM(C28:K28) -> 36 | N28: =SUM(C28:L28) -> 58 | P28: PM Peak Hr | Q28: =MAX(Q20:Q22) -> 76 | R28: =MAX(R20:R22) -> 48 | S28: =MAX(S20:S22) -> 18 | T28: =MAX(T20:T22) -> 2 | U28: =MAX(U20:U22) -> 1 | V28: =MAX(V20:V22) -> 14 | W28: =MAX(W20:W22) -> 15 | X28: =MAX(X20:X22) -> 7 | ... AB28: =MAX(AB20:AB22) -> 246
B29: 10.45 - 11.00 | C29: 15 | D29: 8 | E29: 4 | F29: 0 | G29: 0 | H29: 2 | I29: 3 | J29: 1 | K29: 1 | L29: 20 | M29: =SUM(C29:K29) -> 34 | N29: =SUM(C29:L29) -> 54 | P29: AM Period | Q29: =SUM(Q10:Q13) -> 188 | R29: =SUM(R10:R13) -> 105 | S29: =SUM(S10:S13) -> 28 | T29: =SUM(T10:T13) -> 5 | U29: =SUM(U10:U13) -> 0 | V29: =SUM(V10:V13) -> 35 | W29: =SUM(W10:W13) -> 31 | X29: =SUM(X10:X13) -> 14 | ... AB29: =SUM(AB10:AB13) -> 713
B30: 11.00 - 11.15 | C30: 22 | D30: 11 | E30: 5 | F30: 0 | G30: 0 | H30: 4 | I30: 3 | J30: 0 | K30: 1 | L30: 19 | M30: =SUM(C30:K30) -> 46 | N30: =SUM(C30:L30) -> 65 | P30: IP Period | Q30: =SUM(Q14:Q19) -> 469 | R30: =SUM(R14:R19) -> 263 | S30: =SUM(S14:S19) -> 56 | T30: =SUM(T14:T19) -> 5 | U30: =SUM(U14:U19) -> 2 | V30: =SUM(V14:V19) -> 94 | W30: =SUM(W14:W19) -> 78 | X30: =SUM(X14:X19) -> 39 | ... AB30: =SUM(AB14:AB19) -> 1656
B31: 11.15 - 11.30 | C31: 15 | D31: 3 | E31: 1 | F31: 0 | G31: 0 | H31: 5 | I31: 3 | J31: 2 | K31: 0 | L31: 14 | M31: =SUM(C31:K31) -> 29 | N31: =SUM(C31:L31) -> 43 | P31: PM Period | Q31: =SUM(Q20:Q22) -> 193 | R31: =SUM(R20:R22) -> 120 | S31: =SUM(S20:S22) -> 41 | T31: =SUM(T20:T22) -> 4 | U31: =SUM(U20:U22) -> 1 | V31: =SUM(V20:V22) -> 35 | W31: =SUM(W20:W22) -> 36 | X31: =SUM(X20:X22) -> 14 | ... AB31: =SUM(AB20:AB22) -> 725
B32: 11.30 - 11.45 | C32: 34 | D32: 21 | E32: 0 | F32: 1 | G32: 0 | H32: 4 | I32: 3 | J32: 2 | K32: 0 | L32: 31 | M32: =SUM(C32:K32) -> 65 | N32: =SUM(C32:L32) -> 96 | P32: 12 Hours | Q32: =SUM(Q11:Q22) -> 830 | R32: =SUM(R11:R22) -> 471 | S32: =SUM(S11:S22) -> 121 | T32: =SUM(T11:T22) -> 14 | U32: =SUM(U11:U22) -> 3 | V32: =SUM(V11:V22) -> 156 | W32: =SUM(W11:W22) -> 138 | X32: =SUM(X11:X22) -> 62 | ... AB32: =SUM(AB11:AB22) -> 2980
B33: 11.45 - 12.00 | C33: 21 | D33: 11 | E33: 4 | F33: 0 | G33: 1 | H33: 3 | I33: 7 | J33: 1 | K33: 2 | L33: 25 | M33: =SUM(C33:K33) -> 50 | N33: =SUM(C33:L33) -> 75 | P33: 16 Hrs/ADT | Q33: =SUM(Q10:Q25) -> 1076 | R33: =SUM(R10:R25) -> 607 | S33: =SUM(S10:S25) -> 151 | T33: =SUM(T10:T25) -> 15 | U33: =SUM(U10:U25) -> 4 | V33: =SUM(V10:V25) -> 187 | W33: =SUM(W10:W25) -> 165 | X33: =SUM(X10:X25) -> 77 | ... AB33: =SUM(AB10:AB25) -> 3684
B34: 12.00 - 12.15 | C34: 17 | D34: 5 | E34: 3 | F34: 0 | G34: 0 | H34: 4 | I34: 2 | J34: 1 | K34: 2 | L34: 25 | M34: =SUM(C34:K34) -> 34 | N34: =SUM(C34:L34) -> 59 | P34: NEF | Q34: =Q33/Q32 -> 1.2963855 | R34: =R33/R32 -> 1.2887473 | S34: =S33/S32 -> 1.2479339 | T34: =T33/T32 -> 1.0714286 | U34: =U33/U32 -> 1.3333333 | V34: =V33/V32 -> 1.1987179 | W34: =W33/W32 -> 1.1956522 | X34: =X33/X32 -> 1.2419355 | ... AB34: =AB33/AB32 -> 1.2362416
B35: 12.15 - 12.30 | C35: 20 | D35: 13 | E35: 5 | F35: 1 | G35: 0 | H35: 3 | I35: 5 | J35: 1 | K35: 1 | L35: 30 | M35: =SUM(C35:K35) -> 49 | N35: =SUM(C35:L35) -> 79
B36: 12.30 - 12.45 | C36: 19 | D36: 17 | E36: 1 | F36: 2 | G36: 0 | H36: 5 | I36: 4 | J36: 0 | K36: 2 | L36: 55 | M36: =SUM(C36:K36) -> 50 | N36: =SUM(C36:L36) -> 105
B37: 12.45 - 13.00 | C37: 26 | D37: 11 | E37: 4 | F37: 0 | G37: 0 | H37: 7 | I37: 2 | J37: 2 | K37: 3 | L37: 22 | M37: =SUM(C37:K37) -> 55 | N37: =SUM(C37:L37) -> 77
B38: 13.00 - 13.15 | C38: 14 | D38: 5 | E38: 1 | F38: 0 | G38: 0 | H38: 2 | I38: 2 | J38: 1 | K38: 0 | L38: 40 | M38: =SUM(C38:K38) -> 25 | N38: =SUM(C38:L38) -> 65
B39: 13.15 - 13.30 | C39: 31 | D39: 14 | E39: 5 | F39: 0 | G39: 1 | H39: 3 | I39: 5 | J39: 4 | K39: 3 | L39: 26 | M39: =SUM(C39:K39) -> 66 | N39: =SUM(C39:L39) -> 92
B40: 13.30 - 13.45 | C40: 20 | D40: 16 | E40: 1 | F40: 0 | G40: 0 | H40: 8 | I40: 2 | J40: 2 | K40: 2 | L40: 27 | M40: =SUM(C40:K40) -> 51 | N40: =SUM(C40:L40) -> 78
B41: 13.45 - 14.00 | C41: 36 | D41: 8 | E41: 5 | F41: 0 | G41: 0 | H41: 1 | I41: 5 | J41: 4 | K41: 2 | L41: 30 | M41: =SUM(C41:K41) -> 61 | N41: =SUM(C41:L41) -> 91
B42: 14.00 - 14.15 | C42: 14 | D42: 13 | E42: 3 | F42: 0 | G42: 0 | H42: 3 | I42: 1 | J42: 1 | K42: 1 | L42: 27 | M42: =SUM(C42:K42) -> 36 | N42: =SUM(C42:L42) -> 63
B43: 14.15 - 14.30 | C43: 20 | D43: 11 | E43: 2 | F43: 1 | G43: 0 | H43: 1 | I43: 3 | J43: 1 | K43: 2 | L43: 35 | M43: =SUM(C43:K43) -> 41 | N43: =SUM(C43:L43) -> 76
B44: 14.30 - 14.45 | C44: 30 | D44: 17 | E44: 1 | F44: 0 | G44: 0 | H44: 4 | I44: 5 | J44: 3 | K44: 3 | L44: 31 | M44: =SUM(C44:K44) -> 63 | N44: =SUM(C44:L44) -> 94
B45: 14.45 - 15.00 | C45: 7 | D45: 5 | E45: 1 | F45: 0 | G45: 0 | H45: 0 | I45: 0 | J45: 1 | K45: 2 | L45: 6 | M45: =SUM(C45:K45) -> 16 | N45: =SUM(C45:L45) -> 22
B46: 15.00 - 15.15 | C46: 20 | D46: 12 | E46: 3 | F46: 0 | G46: 0 | H46: 6 | I46: 2 | J46: 2 | K46: 1 | L46: 23 | M46: =SUM(C46:K46) -> 46 | N46: =SUM(C46:L46) -> 69
... B73: 21.45 - 22.00 | C73: 9 | D73: 7 | E73: 2 | F73: 0 | G73: 0 | H73: 2 | I73: 0 | J73: 0 | K73: 0 | L73: 11 | M73: =SUM(C73:K73) -> 20 | N73: =SUM(C73:L73) -> 31
B74: Totals | C74: =SUM(C10:C73) -> 1076 | D74: =SUM(D10:D73) -> 607 | E74: =SUM(E10:E73) -> 151 | F74: =SUM(F10:F73) -> 15 | G74: =SUM(G10:G73) -> 4 | H74: =SUM(H10:H73) -> 187 | I74: =SUM(I10:I73) -> 165 | J74: =SUM(J10:J73) -> 77 | ... N74: =SUM(N10:N73) -> 3684
B75: %ges + MCs | C75: =C74/$N$74 -> 0.29207383 | D75: =D74/$N$74 -> 0.16476656 | E75: =E74/$N$74 -> 0.040988056 | F75: =F74/$N$74 -> 0.0040716612 | G75: =G74/$N$74 -> 0.0010857763 | H75: =H74/$N$74 -> 0.050760043 | I75: =I74/$N$74 -> 0.044788274 | J75: =J74/$N$74 -> 0.020901194 | ... L75: =L74/$N$74 -> 0.36400651
B76: %ges w/o MCs | C76: =C74/$M$74 -> 0.45924029 | D76: =D74/$M$74 -> 0.25906957 | E76: =E74/$M$74 -> 0.06444729 | F76: =F74/$M$74 -> 0.0064020487 | G76: =G74/$M$74 -> 0.001707213 | H76: =H74/$M$74 -> 0.079812207 | I76: =I74/$M$74 -> 0.070422535 | J76: =J74/$M$74 -> 0.03286385 | K76: =K74/$M$74 -> 0.026034998

Sheet 1.10.Nakivubo-ShopriteC2 L2
B1: Traffic Impact Assessment for Kikapu project
B2: MANUAL CLASSIFIED COUNT (MCC)
B3: ROAD NAME: | C3: SHOPRITE-QUEENSWAY
C5: Date | D5: 1.10.19 | E5: Location | F5: CLOCK TOWER JUNCTION | I5: Surveyor | J5: Babirye P,Muganga S,
C6: Dir. From | D6: NAKIVUBO | E6: Dir. To | F6: NSAMBYA | I6: Supervisor | J6: Lawrence
B8: Time / Veh Type | P8: SUMMARY TRAFFIC VOLUMES
C9: 1. Private Car | D9: 3. Pickups/four wheel drive | E9: 4. Minibus, matatu | F9: 5. Medium bus/ coaster | G9: 6. Large Bus/coach | H9: 7. Light Truck | I9: 8. Medium Truck | J9: 9. Heavy truck | K9: 10. Truck Trailer | L9: 11. Motor cycles | M9: Total Excl M/Cycles | N9: Total All | P9: Time | Q9: 1. Car | R9: 3. Pickups | S9: 4. Minibus, matatu | T9: 5. Medium bus | U9: 6. Large Bus | V9: 7. Light Truck | W9: 8. Medium Truck | X9: 9. Heavy truck | Y9: 10. Truck Trailer | Z9: 11. Motorcycles | AA9: Total Excl M/ Cycles | AB9: Total All
B10: 06.00 - 06.15 | C10: 19 | D10: 5 | E10: 2 | F10: 0 | G10: 0 | H10: 2 | I10: 1 | J10: 0 | K10: 0 | L10: 26 | M10: =SUM(C10:K10) -> 29 | N10: =SUM(C10:L10) -> 55 | P10: 06.00 - 06.15 | Q10: =SUM(C10:C13) -> 81 | R10: =SUM(D10:D13) -> 20 | S10: =SUM(E10:E13) -> 6 | T10: =SUM(F10:F13) -> 1 | U10: =SUM(G10:G13) -> 0 | V10: =SUM(H10:H13) -> 12 | W10: =SUM(I10:I13) -> 4 | X10: =SUM(J10:J13) -> 0 | ... AB10: =SUM(N10:N13) -> 282
B11: 06.15 - 06.30 | C11: 13 | D11: 6 | E11: 2 | F11: 0 | G11: 0 | H11: 3 | I11: 1 | J11: 0 | K11: 0 | L11: 38 | M11: =SUM(C11:K11) -> 25 | N11: =SUM(C11:L11) -> 63 | P11: 0700-0800 | Q11: =SUM(C14:C17) -> 23 | R11: =SUM(D14:D17) -> 11 | S11: =SUM(E14:E17) -> 4 | T11: =SUM(F14:F17) -> 0 | U11: =SUM(G14:G17) -> 0 | V11: =SUM(H14:H17) -> 2 | W11: =SUM(I14:I17) -> 2 | X11: =SUM(J14:J17) -> 0 | ... AB11: =SUM(N14:N17) -> 337
B12: 06.30 - 06.45 | C12: 25 | D12: 2 | E12: 1 | F12: 1 | G12: 0 | H12: 3 | I12: 2 | J12: 0 | K12: 1 | L12: 35 | M12: =SUM(C12:K12) -> 35 | N12: =SUM(C12:L12) -> 70 | P12: 0800-0900 | Q12: =SUM(C18:C21) -> 31 | R12: =SUM(D18:D21) -> 13 | S12: =SUM(E18:E21) -> 3 | T12: =SUM(F18:F21) -> 1 | U12: =SUM(G18:G21) -> 0 | V12: =SUM(H18:H21) -> 6 | W12: =SUM(I18:I21) -> 2 | X12: =SUM(J18:J21) -> 0 | ... AB12: =SUM(N18:N21) -> 540
B13: 06.45 - 07.00 | C13: 24 | D13: 7 | E13: 1 | F13: 0 | G13: 0 | H13: 4 | I13: 0 | J13: 0 | K13: 1 | L13: 57 | M13: =SUM(C13:K13) -> 37 | N13: =SUM(C13:L13) -> 94 | P13: 0900-1000 | Q13: =SUM(C22:C25) -> 31 | R13: =SUM(D22:D25) -> 12 | S13: =SUM(E22:E25) -> 5 | T13: =SUM(F22:F25) -> 0 | U13: =SUM(G22:G25) -> 0 | V13: =SUM(H22:H25) -> 6 | W13: =SUM(I22:I25) -> 7 | X13: =SUM(J22:J25) -> 3 | ... AB13: =SUM(N22:N25) -> 519
B14: 07.00 - 07.15 | C14: 7 | D14: 5 | E14: 2 | F14: 0 | G14: 0 | H14: 1 | I14: 1 | J14: 0 | K14: 0 | L14: 18 | M14: =SUM(C14:K14) -> 16 | N14: =SUM(C14:L14) -> 34 | P14: 1000-1100 | Q14: =SUM(C26:C29) -> 30 | R14: =SUM(D26:D29) -> 19 | S14: =SUM(E26:E29) -> 5 | T14: =SUM(F26:F29) -> 0 | U14: =SUM(G26:G29) -> 0 | V14: =SUM(H26:H29) -> 9 | W14: =SUM(I26:I29) -> 6 | X14: =SUM(J26:J29) -> 3 | ... AB14: =SUM(N26:N29) -> 471
B15: 07.15 - 07.30 | C15: 10 | D15: 1 | E15: 0 | F15: 0 | G15: 0 | H15: 1 | I15: 0 | J15: 0 | K15: 0 | L15: 76 | M15: =SUM(C15:K15) -> 12 | N15: =SUM(C15:L15) -> 88 | P15: 1100-1200 | Q15: =SUM(C30:C33) -> 41 | R15: =SUM(D30:D33) -> 17 | S15: =SUM(E30:E33) -> 8 | T15: =SUM(F30:F33) -> 0 | U15: =SUM(G30:G33) -> 0 | V15: =SUM(H30:H33) -> 10 | W15: =SUM(I30:I33) -> 5 | X15: =SUM(J30:J33) -> 0 | ... AB15: =SUM(N30:N33) -> 367
B16: 07.30 - 07.45 | C16: 3 | D16: 3 | E16: 2 | F16: 0 | G16: 0 | H16: 0 | I16: 1 | J16: 0 | K16: 0 | L16: 105 | M16: =SUM(C16:K16) -> 9 | N16: =SUM(C16:L16) -> 114 | P16: 1200-1300 | Q16: =SUM(C34:C37) -> 49 | R16: =SUM(D34:D37) -> 30 | S16: =SUM(E34:E37) -> 9 | T16: =SUM(F34:F37) -> 1 | U16: =SUM(G34:G37) -> 0 | V16: =SUM(H34:H37) -> 15 | W16: =SUM(I34:I37) -> 11 | X16: =SUM(J34:J37) -> 1 | ... AB16: =SUM(N34:N37) -> 382
B17: 07.45 - 08.00 | C17: 3 | D17: 2 | E17: 0 | F17: 0 | G17: 0 | H17: 0 | I17: 0 | J17: 0 | K17: 0 | L17: 96 | M17: =SUM(C17:K17) -> 5 | N17: =SUM(C17:L17) -> 101 | P17: 1300-1400 | Q17: =SUM(C38:C41) -> 54 | R17: =SUM(D38:D41) -> 21 | S17: =SUM(E38:E41) -> 6 | T17: =SUM(F38:F41) -> 0 | U17: =SUM(G38:G41) -> 0 | V17: =SUM(H38:H41) -> 22 | W17: =SUM(I38:I41) -> 8 | X17: =SUM(J38:J41) -> 0 | ... AB17: =SUM(N38:N41) -> 376
B18: 08.00 - 08.15 | C18: 9 | D18: 4 | E18: 1 | F18: 0 | G18: 0 | H18: 1 | I18: 1 | J18: 0 | K18: 0 | L18: 144 | M18: =SUM(C18:K18) -> 16 | N18: =SUM(C18:L18) -> 160 | P18: 1400-1500 | Q18: =SUM(C42:C45) -> 48 | R18: =SUM(D42:D45) -> 46 | S18: =SUM(E42:E45) -> 15 | T18: =SUM(F42:F45) -> 0 | U18: =SUM(G42:G45) -> 0 | V18: =SUM(H42:H45) -> 19 | W18: =SUM(I42:I45) -> 11 | X18: =SUM(J42:J45) -> 2 | ... AB18: =SUM(N42:N45) -> 619
B19: 08.15 - 08.30 | C19: 7 | D19: 1 | E19: 0 | F19: 0 | G19: 0 | H19: 1 | I19: 1 | J19: 0 | K19: 0 | L19: 76 | M19: =SUM(C19:K19) -> 10 | N19: =SUM(C19:L19) -> 86 | P19: 1500-1600 | Q19: =SUM(C46:C49) -> 43 | R19: =SUM(D46:D49) -> 36 | S19: =SUM(E46:E49) -> 15 | T19: =SUM(F46:F49) -> 0 | U19: =SUM(G46:G49) -> 1 | V19: =SUM(H46:H49) -> 11 | W19: =SUM(I46:I49) -> 2 | X19: =SUM(J46:J49) -> 1 | ... AB19: =SUM(N46:N49) -> 399
B20: 08.30 - 08.45 | C20: 11 | D20: 6 | E20: 0 | F20: 1 | G20: 0 | H20: 1 | I20: 0 | J20: 0 | K20: 0 | L20: 106 | M20: =SUM(C20:K20) -> 19 | N20: =SUM(C20:L20) -> 125 | P20: 1600-1700 | Q20: =SUM(C50:C53) -> 55 | R20: =SUM(D50:D53) -> 49 | S20: =SUM(E50:E53) -> 18 | T20: =SUM(F50:F53) -> 3 | U20: =SUM(G50:G53) -> 0 | V20: =SUM(H50:H53) -> 12 | W20: =SUM(I50:I53) -> 9 | X20: =SUM(J50:J53) -> 2 | ... AB20: =SUM(N50:N53) -> 658
B21: 08.45 - 9.00 | C21: 4 | D21: 2 | E21: 2 | F21: 0 | G21: 0 | H21: 3 | I21: 0 | J21: 0 | K21: 0 | L21: 158 | M21: =SUM(C21:K21) -> 11 | N21: =SUM(C21:L21) -> 169 | P21: 1700-1800 | Q21: =SUM(C54:C57) -> 36 | R21: =SUM(D54:D57) -> 29 | S21: =SUM(E54:E57) -> 27 | T21: =SUM(F54:F57) -> 2 | U21: =SUM(G54:G57) -> 0 | V21: =SUM(H54:H57) -> 16 | W21: =SUM(I54:I57) -> 4 | X21: =SUM(J54:J57) -> 1 | ... AB21: =SUM(N54:N57) -> 406
B22: 09.00 - 09.15 | C22: 6 | D22: 3 | E22: 1 | F22: 0 | G22: 0 | H22: 1 | I22: 0 | J22: 0 | K22: 0 | L22: 126 | M22: =SUM(C22:K22) -> 11 | N22: =SUM(C22:L22) -> 137 | P22: 1800-1900 | Q22: =SUM(C58:C61) -> 18 | R22: =SUM(D58:D61) -> 22 | S22: =SUM(E58:E61) -> 10 | T22: =SUM(F58:F61) -> 0 | U22: =SUM(G58:G61) -> 0 | V22: =SUM(H58:H61) -> 9 | W22: =SUM(I58:I61) -> 4 | X22: =SUM(J58:J61) -> 3 | ... AB22: =SUM(N58:N61) -> 307
B23: 09.15 - 09.30 | C23: 7 | D23: 6 | E23: 0 | F23: 0 | G23: 0 | H23: 2 | I23: 3 | J23: 0 | K23: 0 | L23: 112 | M23: =SUM(C23:K23) -> 18 | N23: =SUM(C23:L23) -> 130 | P23: 1900-2000 | Q23: =SUM(C62:C65) -> 32 | R23: =SUM(D62:D65) -> 26 | S23: =SUM(E62:E65) -> 14 | T23: =SUM(F62:F65) -> 0 | U23: =SUM(G62:G65) -> 0 | V23: =SUM(H62:H65) -> 24 | W23: =SUM(I62:I65) -> 9 | X23: =SUM(J62:J65) -> 0 | ... AB23: =SUM(N62:N65) -> 323
B24: 09.30 - 09.45 | C24: 12 | D24: 2 | E24: 1 | F24: 0 | G24: 0 | H24: 2 | I24: 4 | J24: 0 | K24: 2 | L24: 115 | M24: =SUM(C24:K24) -> 23 | N24: =SUM(C24:L24) -> 138 | P24: 2000-2100 | Q24: =SUM(C66:C69) -> 46 | R24: =SUM(D66:D69) -> 38 | S24: =SUM(E66:E69) -> 20 | T24: =SUM(F66:F69) -> 0 | U24: =SUM(G66:G69) -> 0 | V24: =SUM(H66:H69) -> 19 | W24: =SUM(I66:I69) -> 7 | X24: =SUM(J66:J69) -> 5 | ... AB24: =SUM(N66:N69) -> 534
B25: 09.45 - 10.00 | C25: 6 | D25: 1 | E25: 3 | F25: 0 | G25: 0 | H25: 1 | I25: 0 | J25: 3 | K25: 0 | L25: 100 | M25: =SUM(C25:K25) -> 14 | N25: =SUM(C25:L25) -> 114 | P25: 2100-2200 | Q25: =SUM(C70:C73) -> 46 | R25: =SUM(D70:D73) -> 30 | S25: =SUM(E70:E73) -> 11 | T25: =SUM(F70:F73) -> 0 | U25: =SUM(G70:G73) -> 0 | V25: =SUM(H70:H73) -> 3 | W25: =SUM(I70:I73) -> 4 | X25: =SUM(J70:J73) -> 1 | ... AB25: =SUM(N70:N73) -> 295
B26: 10.00 - 10.15 | C26: 3 | D26: 3 | E26: 2 | F26: 0 | G26: 0 | H26: 2 | I26: 3 | J26: 2 | K26: 0 | L26: 147 | M26: =SUM(C26:K26) -> 15 | N26: =SUM(C26:L26) -> 162 | P26: AM Peak Hr | Q26: =MAX(Q10:Q13) -> 81 | R26: =MAX(R10:R13) -> 20 | S26: =MAX(S10:S13) -> 6 | T26: =MAX(T10:T13) -> 1 | U26: =MAX(U10:U13) -> 0 | V26: =MAX(V10:V13) -> 12 | W26: =MAX(W10:W13) -> 7 | X26: =MAX(X10:X13) -> 3 | ... AB26: =MAX(AB10:AB13) -> 540
B27: 10.15 - 10.30 | C27: 5 | D27: 8 | E27: 0 | F27: 0 | G27: 0 | H27: 0 | I27: 2 | J27: 0 | K27: 1 | L27: 85 | M27: =SUM(C27:K27) -> 16 | N27: =SUM(C27:L27) -> 101 | P27: IP Peak Hr | Q27: =MAX(Q14:Q19) -> 54 | R27: =MAX(R14:R19) -> 46 | S27: =MAX(S14:S19) -> 15 | T27: =MAX(T14:T19) -> 1 | U27: =MAX(U14:U19) -> 1 | V27: =MAX(V14:V19) -> 22 | W27: =MAX(W14:W19) -> 11 | X27: =MAX(X14:X19) -> 3 | ... AB27: =MAX(AB14:AB19) -> 619
B28: 10.30 - 10.45 | C28: 5 | D28: 5 | E28: 2 | F28: 0 | G28: 0 | H28: 3 | I28: 0 | J28: 1 | K28: 1 | L28: 80 | M28: =SUM(C28:K28) -> 17 | N28: =SUM(C28:L28) -> 97 | P28: PM Peak Hr | Q28: =MAX(Q20:Q22) -> 55 | R28: =MAX(R20:R22) -> 49 | S28: =MAX(S20:S22) -> 27 | T28: =MAX(T20:T22) -> 3 | U28: =MAX(U20:U22) -> 0 | V28: =MAX(V20:V22) -> 16 | W28: =MAX(W20:W22) -> 9 | X28: =MAX(X20:X22) -> 3 | ... AB28: =MAX(AB20:AB22) -> 658
B29: 10.45 - 11.00 | C29: 17 | D29: 3 | E29: 1 | F29: 0 | G29: 0 | H29: 4 | I29: 1 | J29: 0 | K29: 0 | L29: 85 | M29: =SUM(C29:K29) -> 26 | N29: =SUM(C29:L29) -> 111 | P29: AM Period | Q29: =SUM(Q10:Q13) -> 166 | R29: =SUM(R10:R13) -> 56 | S29: =SUM(S10:S13) -> 18 | T29: =SUM(T10:T13) -> 2 | U29: =SUM(U10:U13) -> 0 | V29: =SUM(V10:V13) -> 26 | W29: =SUM(W10:W13) -> 15 | X29: =SUM(X10:X13) -> 3 | ... AB29: =SUM(AB10:AB13) -> 1678
B30: 11.00 - 11.15 | C30: 13 | D30: 7 | E30: 0 | F30: 0 | G30: 0 | H30: 1 | I30: 1 | J30: 0 | K30: 0 | L30: 85 | M30: =SUM(C30:K30) -> 22 | N30: =SUM(C30:L30) -> 107 | P30: IP Period | Q30: =SUM(Q14:Q19) -> 265 | R30: =SUM(R14:R19) -> 169 | S30: =SUM(S14:S19) -> 58 | T30: =SUM(T14:T19) -> 1 | U30: =SUM(U14:U19) -> 1 | V30: =SUM(V14:V19) -> 86 | W30: =SUM(W14:W19) -> 43 | X30: =SUM(X14:X19) -> 7 | ... AB30: =SUM(AB14:AB19) -> 2614
B31: 11.15 - 11.30 | C31: 7 | D31: 3 | E31: 2 | F31: 0 | G31: 0 | H31: 2 | I31: 1 | J31: 0 | K31: 0 | L31: 58 | M31: =SUM(C31:K31) -> 15 | N31: =SUM(C31:L31) -> 73 | P31: PM Period | Q31: =SUM(Q20:Q22) -> 109 | R31: =SUM(R20:R22) -> 100 | S31: =SUM(S20:S22) -> 55 | T31: =SUM(T20:T22) -> 5 | U31: =SUM(U20:U22) -> 0 | V31: =SUM(V20:V22) -> 37 | W31: =SUM(W20:W22) -> 17 | X31: =SUM(X20:X22) -> 6 | ... AB31: =SUM(AB20:AB22) -> 1371
B32: 11.30 - 11.45 | C32: 12 | D32: 2 | E32: 4 | F32: 0 | G32: 0 | H32: 4 | I32: 0 | J32: 0 | K32: 2 | L32: 72 | M32: =SUM(C32:K32) -> 24 | N32: =SUM(C32:L32) -> 96 | P32: 12 Hours | Q32: =SUM(Q11:Q22) -> 459 | R32: =SUM(R11:R22) -> 305 | S32: =SUM(S11:S22) -> 125 | T32: =SUM(T11:T22) -> 7 | U32: =SUM(U11:U22) -> 1 | V32: =SUM(V11:V22) -> 137 | W32: =SUM(W11:W22) -> 71 | X32: =SUM(X11:X22) -> 16 | ... AB32: =SUM(AB11:AB22) -> 5381
B33: 11.45 - 12.00 | C33: 9 | D33: 5 | E33: 2 | F33: 0 | G33: 0 | H33: 3 | I33: 3 | J33: 0 | K33: 0 | L33: 69 | M33: =SUM(C33:K33) -> 22 | N33: =SUM(C33:L33) -> 91 | P33: 16 Hrs/ADT | Q33: =SUM(Q10:Q25) -> 664 | R33: =SUM(R10:R25) -> 419 | S33: =SUM(S10:S25) -> 176 | T33: =SUM(T10:T25) -> 8 | U33: =SUM(U10:U25) -> 1 | V33: =SUM(V10:V25) -> 195 | W33: =SUM(W10:W25) -> 95 | X33: =SUM(X10:X25) -> 22 | ... AB33: =SUM(AB10:AB25) -> 6815
B34: 12.00 - 12.15 | C34: 12 | D34: 11 | E34: 5 | F34: 0 | G34: 0 | H34: 4 | I34: 6 | J34: 0 | K34: 0 | L34: 65 | M34: =SUM(C34:K34) -> 38 | N34: =SUM(C34:L34) -> 103 | P34: NEF | Q34: =Q33/Q32 -> 1.4466231 | R34: =R33/R32 -> 1.3737705 | S34: =S33/S32 -> 1.408 | T34: =T33/T32 -> 1.1428571 | U34: =U33/U32 -> 1 | V34: =V33/V32 -> 1.4233577 | W34: =W33/W32 -> 1.3380282 | X34: =X33/X32 -> 1.375 | ... AB34: =AB33/AB32 -> 1.2664932
B35: 12.15 - 12.30 | C35: 13 | D35: 6 | E35: 1 | F35: 1 | G35: 0 | H35: 3 | I35: 0 | J35: 1 | K35: 0 | L35: 48 | M35: =SUM(C35:K35) -> 25 | N35: =SUM(C35:L35) -> 73
B36: 12.30 - 12.45 | C36: 6 | D36: 7 | E36: 1 | F36: 0 | G36: 0 | H36: 5 | I36: 3 | J36: 0 | K36: 2 | L36: 71 | M36: =SUM(C36:K36) -> 24 | N36: =SUM(C36:L36) -> 95
B37: 12.45 - 13.00 | C37: 18 | D37: 6 | E37: 2 | F37: 0 | G37: 0 | H37: 3 | I37: 2 | J37: 0 | K37: 2 | L37: 78 | M37: =SUM(C37:K37) -> 33 | N37: =SUM(C37:L37) -> 111
B38: 13.00 - 13.15 | C38: 16 | D38: 7 | E38: 2 | F38: 0 | G38: 0 | H38: 7 | I38: 1 | J38: 0 | K38: 0 | L38: 72 | M38: =SUM(C38:K38) -> 33 | N38: =SUM(C38:L38) -> 105
B39: 13.15 - 13.30 | C39: 12 | D39: 3 | E39: 1 | F39: 0 | G39: 0 | H39: 9 | I39: 1 | J39: 0 | K39: 1 | L39: 54 | M39: =SUM(C39:K39) -> 27 | N39: =SUM(C39:L39) -> 81
B40: 13.30 - 13.45 | C40: 16 | D40: 3 | E40: 0 | F40: 0 | G40: 0 | H40: 4 | I40: 4 | J40: 0 | K40: 1 | L40: 73 | M40: =SUM(C40:K40) -> 28 | N40: =SUM(C40:L40) -> 101
B41: 13.45 - 14.00 | C41: 10 | D41: 8 | E41: 3 | F41: 0 | G41: 0 | H41: 2 | I41: 2 | J41: 0 | K41: 0 | L41: 64 | M41: =SUM(C41:K41) -> 25 | N41: =SUM(C41:L41) -> 89
B42: 14.00 - 14.15 | C42: 29 | D42: 15 | E42: 2 | F42: 0 | G42: 0 | H42: 9 | I42: 5 | J42: 1 | K42: 1 | L42: 120 | M42: =SUM(C42:K42) -> 62 | N42: =SUM(C42:L42) -> 182
B43: 14.15 - 14.30 | C43: 6 | D43: 6 | E43: 2 | F43: 0 | G43: 0 | H43: 4 | I43: 4 | J43: 0 | K43: 1 | L43: 110 | M43: =SUM(C43:K43) -> 23 | N43: =SUM(C43:L43) -> 133
B44: 14.30 - 14.45 | C44: 7 | D44: 11 | E44: 3 | F44: 0 | G44: 0 | H44: 5 | I44: 2 | J44: 0 | K44: 1 | L44: 115 | M44: =SUM(C44:K44) -> 29 | N44: =SUM(C44:L44) -> 144
B45: 14.45 - 15.00 | C45: 6 | D45: 14 | E45: 8 | F45: 0 | G45: 0 | H45: 1 | I45: 0 | J45: 1 | K45: 0 | L45: 130 | M45: =SUM(C45:K45) -> 30 | N45: =SUM(C45:L45) -> 160
B46: 15.00 - 15.15 | C46: 11 | D46: 15 | E46: 5 | F46: 0 | G46: 0 | H46: 2 | I46: 2 | J46: 1 | K46: 0 | L46: 100 | M46: =SUM(C46:K46) -> 36 | N46: =SUM(C46:L46) -> 136
... B73: 21.45 - 22.00 | C73: 10 | D73: 8 | E73: 2 | F73: 0 | G73: 0 | H73: 0 | I73: 1 | J73: 1 | K73: 2 | L73: 47 | M73: =SUM(C73:K73) -> 24 | N73: =SUM(C73:L73) -> 71
B74: Totals | C74: =SUM(C10:C73) -> 664 | D74: =SUM(D10:D73) -> 419 | E74: =SUM(E10:E73) -> 176 | F74: =SUM(F10:F73) -> 8 | G74: =SUM(G10:G73) -> 1 | H74: =SUM(H10:H73) -> 195 | I74: =SUM(I10:I73) -> 95 | J74: =SUM(J10:J73) -> 22 | ... N74: =SUM(N10:N73) -> 6815
B75: %ges + MCs | C75: =C74/$N$74 -> 0.097432135 | D75: =D74/$N$74 -> 0.061482025 | E75: =E74/$N$74 -> 0.025825385 | F75: =F74/$N$74 -> 0.0011738811 | G75: =G74/$N$74 -> 0.00014673514 | H75: =H74/$N$74 -> 0.028613353 | I75: =I74/$N$74 -> 0.013939839 | J75: =J74/$N$74 -> 0.0032281731 | ... L75: =L74/$N$74 -> 0.7624358
B76: %ges w/o MCs | C76: =C74/$M$74 -> 0.41012971 | D76: =D74/$M$74 -> 0.25880173 | E76: =E74/$M$74 -> 0.10870908 | F76: =F74/$M$74 -> 0.0049413218 | G76: =G74/$M$74 -> 0.00061766523 | H76: =H74/$M$74 -> 0.12044472 | I76: =I74/$M$74 -> 0.058678196 | J76: =J74/$M$74 -> 0.013588635 | K76: =K74/$M$74 -> 0.024088944

Sheet 2.10. Nakivubo-ShopriteC2 L2
B1: Traffic Impact Assessment for Kikapu project
B2: MANUAL CLASSIFIED COUNT (MCC)
B3: ROAD NAME: | C3: SHOPRITE-QUEENSWAY
C5: Date | D5: 2.10.19 | E5: Location | F5: CLOCK TOWER JUNCTION | I5: Surveyor | J5: Kasoma John paul
C6: Dir. From | D6: NAKIVUBO | E6: Dir. To | F6: NSAMBYA | I6: Supervisor | J6: Felix
B8: Time / Veh Type | P8: SUMMARY TRAFFIC VOLUMES
C9: 1. Private Car | D9: 3. Pickups/four wheel drive | E9: 4. Minibus, matatu | F9: 5. Medium bus/ coaster | G9: 6. Large Bus/coach | H9: 7. Light Truck | I9: 8. Medium Truck | J9: 9. Heavy truck | K9: 10. Truck Trailer | L9: 11. Motor cycles | M9: Total Excl M/Cycles | N9: Total All | P9: Time | Q9: 1. Car | R9: 3. Pickups | S9: 4. Minibus, matatu | T9: 5. Medium bus | U9: 6. Large Bus | V9: 7. Light Truck | W9: 8. Medium Truck | X9: 9. Heavy truck | Y9: 10. Truck Trailer | Z9: 11. Motorcycles | AA9: Total Excl M/ Cycles | AB9: Total All
B10: 06.00 - 06.15 | C10: 11 | D10: 6 | E10: 0 | F10: 0 | G10: 0 | H10: 1 | I10: 2 | J10: 0 | K10: 0 | L10: 8 | M10: =SUM(C10:K10) -> 20 | N10: =SUM(C10:L10) -> 28 | P10: 06.00 - 06.15 | Q10: =SUM(C10:C13) -> 75 | R10: =SUM(D10:D13) -> 30 | S10: =SUM(E10:E13) -> 4 | T10: =SUM(F10:F13) -> 1 | U10: =SUM(G10:G13) -> 0 | V10: =SUM(H10:H13) -> 3 | W10: =SUM(I10:I13) -> 4 | X10: =SUM(J10:J13) -> 0 | ... AB10: =SUM(N10:N13) -> 254
B11: 06.15 - 06.30 | C11: 25 | D11: 10 | E11: 1 | F11: 0 | G11: 0 | H11: 0 | I11: 0 | J11: 0 | K11: 0 | L11: 31 | M11: =SUM(C11:K11) -> 36 | N11: =SUM(C11:L11) -> 67 | P11: 0700-0800 | Q11: =SUM(C14:C17) -> 51 | R11: =SUM(D14:D17) -> 16 | S11: =SUM(E14:E17) -> 7 | T11: =SUM(F14:F17) -> 0 | U11: =SUM(G14:G17) -> 0 | V11: =SUM(H14:H17) -> 11 | W11: =SUM(I14:I17) -> 0 | X11: =SUM(J14:J17) -> 0 | ... AB11: =SUM(N14:N17) -> 325
B12: 06.30 - 06.45 | C12: 29 | D12: 11 | E12: 2 | F12: 0 | G12: 0 | H12: 1 | I12: 1 | J12: 0 | K12: 1 | L12: 51 | M12: =SUM(C12:K12) -> 45 | N12: =SUM(C12:L12) -> 96 | P12: 0800-0900 | Q12: =SUM(C18:C21) -> 23 | R12: =SUM(D18:D21) -> 4 | S12: =SUM(E18:E21) -> 1 | T12: =SUM(F18:F21) -> 1 | U12: =SUM(G18:G21) -> 0 | V12: =SUM(H18:H21) -> 6 | W12: =SUM(I18:I21) -> 2 | X12: =SUM(J18:J21) -> 1 | ... AB12: =SUM(N18:N21) -> 322
B13: 06.45 - 07.00 | C13: 10 | D13: 3 | E13: 1 | F13: 1 | G13: 0 | H13: 1 | I13: 1 | J13: 0 | K13: 0 | L13: 46 | M13: =SUM(C13:K13) -> 17 | N13: =SUM(C13:L13) -> 63 | P13: 0900-1000 | Q13: =SUM(C22:C25) -> 24 | R13: =SUM(D22:D25) -> 12 | S13: =SUM(E22:E25) -> 2 | T13: =SUM(F22:F25) -> 0 | U13: =SUM(G22:G25) -> 0 | V13: =SUM(H22:H25) -> 6 | W13: =SUM(I22:I25) -> 2 | X13: =SUM(J22:J25) -> 2 | ... AB13: =SUM(N22:N25) -> 326
B14: 07.00 - 07.15 | C14: 14 | D14: 6 | E14: 2 | F14: 0 | G14: 0 | H14: 2 | I14: 0 | J14: 0 | K14: 0 | L14: 57 | M14: =SUM(C14:K14) -> 24 | N14: =SUM(C14:L14) -> 81 | P14: 1000-1100 | Q14: =SUM(C26:C29) -> 33 | R14: =SUM(D26:D29) -> 13 | S14: =SUM(E26:E29) -> 4 | T14: =SUM(F26:F29) -> 1 | U14: =SUM(G26:G29) -> 0 | V14: =SUM(H26:H29) -> 4 | W14: =SUM(I26:I29) -> 4 | X14: =SUM(J26:J29) -> 0 | ... AB14: =SUM(N26:N29) -> 381
B15: 07.15 - 07.30 | C15: 15 | D15: 2 | E15: 3 | F15: 0 | G15: 0 | H15: 2 | I15: 0 | J15: 0 | K15: 1 | L15: 56 | M15: =SUM(C15:K15) -> 23 | N15: =SUM(C15:L15) -> 79 | P15: 1100-1200 | Q15: =SUM(C30:C33) -> 24 | R15: =SUM(D30:D33) -> 14 | S15: =SUM(E30:E33) -> 4 | T15: =SUM(F30:F33) -> 0 | U15: =SUM(G30:G33) -> 1 | V15: =SUM(H30:H33) -> 17 | W15: =SUM(I30:I33) -> 6 | X15: =SUM(J30:J33) -> 0 | ... AB15: =SUM(N30:N33) -> 338
B16: 07.30 - 07.45 | C16: 12 | D16: 5 | E16: 0 | F16: 0 | G16: 0 | H16: 3 | I16: 0 | J16: 0 | K16: 0 | L16: 60 | M16: =SUM(C16:K16) -> 20 | N16: =SUM(C16:L16) -> 80 | P16: 1200-1300 | Q16: =SUM(C34:C37) -> 29 | R16: =SUM(D34:D37) -> 17 | S16: =SUM(E34:E37) -> 8 | T16: =SUM(F34:F37) -> 0 | U16: =SUM(G34:G37) -> 0 | V16: =SUM(H34:H37) -> 13 | W16: =SUM(I34:I37) -> 3 | X16: =SUM(J34:J37) -> 1 | ... AB16: =SUM(N34:N37) -> 344
B17: 07.45 - 08.00 | C17: 10 | D17: 3 | E17: 2 | F17: 0 | G17: 0 | H17: 4 | I17: 0 | J17: 0 | K17: 0 | L17: 66 | M17: =SUM(C17:K17) -> 19 | N17: =SUM(C17:L17) -> 85 | P17: 1300-1400 | Q17: =SUM(C38:C41) -> 32 | R17: =SUM(D38:D41) -> 18 | S17: =SUM(E38:E41) -> 9 | T17: =SUM(F38:F41) -> 0 | U17: =SUM(G38:G41) -> 0 | V17: =SUM(H38:H41) -> 4 | W17: =SUM(I38:I41) -> 11 | X17: =SUM(J38:J41) -> 3 | ... AB17: =SUM(N38:N41) -> 326
B18: 08.00 - 08.15 | C18: 9 | D18: 2 | E18: 0 | F18: 0 | G18: 0 | H18: 2 | I18: 1 | J18: 0 | K18: 0 | L18: 62 | M18: =SUM(C18:K18) -> 14 | N18: =SUM(C18:L18) -> 76 | P18: 1400-1500 | Q18: =SUM(C42:C45) -> 57 | R18: =SUM(D42:D45) -> 18 | S18: =SUM(E42:E45) -> 20 | T18: =SUM(F42:F45) -> 0 | U18: =SUM(G42:G45) -> 0 | V18: =SUM(H42:H45) -> 23 | W18: =SUM(I42:I45) -> 4 | X18: =SUM(J42:J45) -> 0 | ... AB18: =SUM(N42:N45) -> 558
B19: 08.15 - 08.30 | C19: 8 | D19: 2 | E19: 0 | F19: 0 | G19: 0 | H19: 2 | I19: 0 | J19: 0 | K19: 0 | L19: 85 | M19: =SUM(C19:K19) -> 12 | N19: =SUM(C19:L19) -> 97 | P19: 1500-1600 | Q19: =SUM(C46:C49) -> 82 | R19: =SUM(D46:D49) -> 24 | S19: =SUM(E46:E49) -> 11 | T19: =SUM(F46:F49) -> 0 | U19: =SUM(G46:G49) -> 0 | V19: =SUM(H46:H49) -> 19 | W19: =SUM(I46:I49) -> 7 | X19: =SUM(J46:J49) -> 3 | ... AB19: =SUM(N46:N49) -> 599
B20: 08.30 - 08.45 | C20: 4 | D20: 0 | E20: 0 | F20: 0 | G20: 0 | H20: 2 | I20: 1 | J20: 0 | K20: 0 | L20: 75 | M20: =SUM(C20:K20) -> 7 | N20: =SUM(C20:L20) -> 82 | P20: 1600-1700 | Q20: =SUM(C50:C53) -> 63 | R20: =SUM(D50:D53) -> 23 | S20: =SUM(E50:E53) -> 15 | T20: =SUM(F50:F53) -> 0 | U20: =SUM(G50:G53) -> 0 | V20: =SUM(H50:H53) -> 15 | W20: =SUM(I50:I53) -> 5 | X20: =SUM(J50:J53) -> 1 | ... AB20: =SUM(N50:N53) -> 465
B21: 08.45 - 9.00 | C21: 2 | D21: 0 | E21: 1 | F21: 1 | G21: 0 | H21: 0 | I21: 0 | J21: 1 | K21: 0 | L21: 62 | M21: =SUM(C21:K21) -> 5 | N21: =SUM(C21:L21) -> 67 | P21: 1700-1800 | Q21: =SUM(C54:C57) -> 36 | R21: =SUM(D54:D57) -> 8 | S21: =SUM(E54:E57) -> 6 | T21: =SUM(F54:F57) -> 0 | U21: =SUM(G54:G57) -> 0 | V21: =SUM(H54:H57) -> 3 | W21: =SUM(I54:I57) -> 2 | X21: =SUM(J54:J57) -> 4 | ... AB21: =SUM(N54:N57) -> 250
B22: 09.00 - 09.15 | C22: 4 | D22: 2 | E22: 0 | F22: 0 | G22: 0 | H22: 2 | I22: 0 | J22: 1 | K22: 0 | L22: 63 | M22: =SUM(C22:K22) -> 9 | N22: =SUM(C22:L22) -> 72 | P22: 1800-1900 | Q22: =SUM(C58:C61) -> 46 | R22: =SUM(D58:D61) -> 11 | S22: =SUM(E58:E61) -> 9 | T22: =SUM(F58:F61) -> 1 | U22: =SUM(G58:G61) -> 0 | V22: =SUM(H58:H61) -> 10 | W22: =SUM(I58:I61) -> 3 | X22: =SUM(J58:J61) -> 1 | ... AB22: =SUM(N58:N61) -> 462
B23: 09.15 - 09.30 | C23: 4 | D23: 3 | E23: 1 | F23: 0 | G23: 0 | H23: 0 | I23: 1 | J23: 0 | K23: 0 | L23: 76 | M23: =SUM(C23:K23) -> 9 | N23: =SUM(C23:L23) -> 85 | P23: 1900-2000 | Q23: =SUM(C62:C65) -> 33 | R23: =SUM(D62:D65) -> 11 | S23: =SUM(E62:E65) -> 14 | T23: =SUM(F62:F65) -> 0 | U23: =SUM(G62:G65) -> 0 | V23: =SUM(H62:H65) -> 11 | W23: =SUM(I62:I65) -> 2 | X23: =SUM(J62:J65) -> 1 | ... AB23: =SUM(N62:N65) -> 534
B24: 09.30 - 09.45 | C24: 9 | D24: 3 | E24: 1 | F24: 0 | G24: 0 | H24: 4 | I24: 1 | J24: 1 | K24: 1 | L24: 82 | M24: =SUM(C24:K24) -> 20 | N24: =SUM(C24:L24) -> 102 | P24: 2000-2100 | Q24: =SUM(C66:C69) -> 53 | R24: =SUM(D66:D69) -> 8 | S24: =SUM(E66:E69) -> 5 | T24: =SUM(F66:F69) -> 0 | U24: =SUM(G66:G69) -> 0 | V24: =SUM(H66:H69) -> 5 | W24: =SUM(I66:I69) -> 0 | X24: =SUM(J66:J69) -> 1 | ... AB24: =SUM(N66:N69) -> 323
B25: 09.45 - 10.00 | C25: 7 | D25: 4 | E25: 0 | F25: 0 | G25: 0 | H25: 0 | I25: 0 | J25: 0 | K25: 1 | L25: 55 | M25: =SUM(C25:K25) -> 12 | N25: =SUM(C25:L25) -> 67 | P25: 2100-2200 | Q25: =SUM(C70:C73) -> 49 | R25: =SUM(D70:D73) -> 15 | S25: =SUM(E70:E73) -> 4 | T25: =SUM(F70:F73) -> 1 | U25: =SUM(G70:G73) -> 0 | V25: =SUM(H70:H73) -> 4 | W25: =SUM(I70:I73) -> 2 | X25: =SUM(J70:J73) -> 1 | ... AB25: =SUM(N70:N73) -> 193
B26: 10.00 - 10.15 | C26: 11 | D26: 4 | E26: 1 | F26: 1 | G26: 0 | H26: 1 | I26: 1 | J26: 0 | K26: 0 | L26: 73 | M26: =SUM(C26:K26) -> 19 | N26: =SUM(C26:L26) -> 92 | P26: AM Peak Hr | Q26: =MAX(Q10:Q13) -> 75 | R26: =MAX(R10:R13) -> 30 | S26: =MAX(S10:S13) -> 7 | T26: =MAX(T10:T13) -> 1 | U26: =MAX(U10:U13) -> 0 | V26: =MAX(V10:V13) -> 11 | W26: =MAX(W10:W13) -> 4 | X26: =MAX(X10:X13) -> 2 | ... AB26: =MAX(AB10:AB13) -> 326
B27: 10.15 - 10.30 | C27: 11 | D27: 3 | E27: 1 | F27: 0 | G27: 0 | H27: 1 | I27: 1 | J27: 0 | K27: 1 | L27: 87 | M27: =SUM(C27:K27) -> 18 | N27: =SUM(C27:L27) -> 105 | P27: IP Peak Hr | Q27: =MAX(Q14:Q19) -> 82 | R27: =MAX(R14:R19) -> 24 | S27: =MAX(S14:S19) -> 20 | T27: =MAX(T14:T19) -> 1 | U27: =MAX(U14:U19) -> 1 | V27: =MAX(V14:V19) -> 23 | W27: =MAX(W14:W19) -> 11 | X27: =MAX(X14:X19) -> 3 | ... AB27: =MAX(AB14:AB19) -> 599
B28: 10.30 - 10.45 | C28: 4 | D28: 3 | E28: 0 | F28: 0 | G28: 0 | H28: 0 | I28: 1 | J28: 0 | K28: 0 | L28: 109 | M28: =SUM(C28:K28) -> 8 | N28: =SUM(C28:L28) -> 117 | P28: PM Peak Hr | Q28: =MAX(Q20:Q22) -> 63 | R28: =MAX(R20:R22) -> 23 | S28: =MAX(S20:S22) -> 15 | T28: =MAX(T20:T22) -> 1 | U28: =MAX(U20:U22) -> 0 | V28: =MAX(V20:V22) -> 15 | W28: =MAX(W20:W22) -> 5 | X28: =MAX(X20:X22) -> 4 | ... AB28: =MAX(AB20:AB22) -> 465
B29: 10.45 - 11.00 | C29: 7 | D29: 3 | E29: 2 | F29: 0 | G29: 0 | H29: 2 | I29: 1 | J29: 0 | K29: 1 | L29: 51 | M29: =SUM(C29:K29) -> 16 | N29: =SUM(C29:L29) -> 67 | P29: AM Period | Q29: =SUM(Q10:Q13) -> 173 | R29: =SUM(R10:R13) -> 62 | S29: =SUM(S10:S13) -> 14 | T29: =SUM(T10:T13) -> 2 | U29: =SUM(U10:U13) -> 0 | V29: =SUM(V10:V13) -> 26 | W29: =SUM(W10:W13) -> 8 | X29: =SUM(X10:X13) -> 3 | ... AB29: =SUM(AB10:AB13) -> 1227
B30: 11.00 - 11.15 | C30: 7 | D30: 3 | E30: 1 | F30: 0 | G30: 0 | H30: 9 | I30: 1 | J30: 0 | K30: 0 | L30: 71 | M30: =SUM(C30:K30) -> 21 | N30: =SUM(C30:L30) -> 92 | P30: IP Period | Q30: =SUM(Q14:Q19) -> 257 | R30: =SUM(R14:R19) -> 104 | S30: =SUM(S14:S19) -> 56 | T30: =SUM(T14:T19) -> 1 | U30: =SUM(U14:U19) -> 1 | V30: =SUM(V14:V19) -> 80 | W30: =SUM(W14:W19) -> 35 | X30: =SUM(X14:X19) -> 7 | ... AB30: =SUM(AB14:AB19) -> 2546
B31: 11.15 - 11.30 | C31: 5 | D31: 5 | E31: 1 | F31: 0 | G31: 0 | H31: 3 | I31: 2 | J31: 0 | K31: 0 | L31: 53 | M31: =SUM(C31:K31) -> 16 | N31: =SUM(C31:L31) -> 69 | P31: PM Period | Q31: =SUM(Q20:Q22) -> 145 | R31: =SUM(R20:R22) -> 42 | S31: =SUM(S20:S22) -> 30 | T31: =SUM(T20:T22) -> 1 | U31: =SUM(U20:U22) -> 0 | V31: =SUM(V20:V22) -> 28 | W31: =SUM(W20:W22) -> 10 | X31: =SUM(X20:X22) -> 6 | ... AB31: =SUM(AB20:AB22) -> 1177
B32: 11.30 - 11.45 | C32: 4 | D32: 5 | E32: 1 | F32: 0 | G32: 1 | H32: 2 | I32: 1 | J32: 0 | K32: 0 | L32: 57 | M32: =SUM(C32:K32) -> 14 | N32: =SUM(C32:L32) -> 71 | P32: 12 Hours | Q32: =SUM(Q11:Q22) -> 500 | R32: =SUM(R11:R22) -> 178 | S32: =SUM(S11:S22) -> 96 | T32: =SUM(T11:T22) -> 3 | U32: =SUM(U11:U22) -> 1 | V32: =SUM(V11:V22) -> 131 | W32: =SUM(W11:W22) -> 49 | X32: =SUM(X11:X22) -> 16 | ... AB32: =SUM(AB11:AB22) -> 4696
B33: 11.45 - 12.00 | C33: 8 | D33: 1 | E33: 1 | F33: 0 | G33: 0 | H33: 3 | I33: 2 | J33: 0 | K33: 0 | L33: 91 | M33: =SUM(C33:K33) -> 15 | N33: =SUM(C33:L33) -> 106 | P33: 16 Hrs/ADT | Q33: =SUM(Q10:Q25) -> 710 | R33: =SUM(R10:R25) -> 242 | S33: =SUM(S10:S25) -> 123 | T33: =SUM(T10:T25) -> 5 | U33: =SUM(U10:U25) -> 1 | V33: =SUM(V10:V25) -> 154 | W33: =SUM(W10:W25) -> 57 | X33: =SUM(X10:X25) -> 19 | ... AB33: =SUM(AB10:AB25) -> 6000
B34: 12.00 - 12.15 | C34: 5 | D34: 5 | E34: 0 | F34: 0 | G34: 0 | H34: 3 | I34: 0 | J34: 0 | K34: 0 | L34: 77 | M34: =SUM(C34:K34) -> 13 | N34: =SUM(C34:L34) -> 90 | P34: NEF | Q34: =Q33/Q32 -> 1.42 | R34: =R33/R32 -> 1.3595506 | S34: =S33/S32 -> 1.28125 | T34: =T33/T32 -> 1.6666667 | U34: =U33/U32 -> 1 | V34: =V33/V32 -> 1.1755725 | W34: =W33/W32 -> 1.1632653 | X34: =X33/X32 -> 1.1875 | ... AB34: =AB33/AB32 -> 1.2776831
B35: 12.15 - 12.30 | C35: 11 | D35: 3 | E35: 7 | F35: 0 | G35: 0 | H35: 5 | I35: 2 | J35: 1 | K35: 1 | L35: 67 | M35: =SUM(C35:K35) -> 30 | N35: =SUM(C35:L35) -> 97
B36: 12.30 - 12.45 | C36: 11 | D36: 8 | E36: 0 | F36: 0 | G36: 0 | H36: 5 | I36: 1 | J36: 0 | K36: 3 | L36: 75 | M36: =SUM(C36:K36) -> 28 | N36: =SUM(C36:L36) -> 103
B37: 12.45 - 13.00 | C37: 2 | D37: 1 | E37: 1 | F37: 0 | G37: 0 | H37: 0 | I37: 0 | J37: 0 | K37: 0 | L37: 50 | M37: =SUM(C37:K37) -> 4 | N37: =SUM(C37:L37) -> 54
B38: 13.00 - 13.15 | C38: 6 | D38: 3 | E38: 4 | F38: 0 | G38: 0 | H38: 3 | I38: 1 | J38: 0 | K38: 0 | L38: 96 | M38: =SUM(C38:K38) -> 17 | N38: =SUM(C38:L38) -> 113
B39: 13.15 - 13.30 | C39: 6 | D39: 3 | E39: 1 | F39: 0 | G39: 0 | H39: 1 | I39: 0 | J39: 0 | K39: 0 | L39: 58 | M39: =SUM(C39:K39) -> 11 | N39: =SUM(C39:L39) -> 69
B40: 13.30 - 13.45 | C40: 12 | D40: 6 | E40: 1 | F40: 0 | G40: 0 | H40: 0 | I40: 6 | J40: 2 | K40: 0 | L40: 47 | M40: =SUM(C40:K40) -> 27 | N40: =SUM(C40:L40) -> 74
B41: 13.45 - 14.00 | C41: 8 | D41: 6 | E41: 3 | F41: 0 | G41: 0 | H41: 0 | I41: 4 | J41: 1 | K41: 1 | L41: 47 | M41: =SUM(C41:K41) -> 23 | N41: =SUM(C41:L41) -> 70
B42: 14.00 - 14.15 | C42: 13 | D42: 5 | E42: 2 | F42: 0 | G42: 0 | H42: 6 | I42: 0 | J42: 0 | K42: 0 | L42: 98 | M42: =SUM(C42:K42) -> 26 | N42: =SUM(C42:L42) -> 124
B43: 14.15 - 14.30 | C43: 14 | D43: 2 | E43: 9 | F43: 0 | G43: 0 | H43: 9 | I43: 0 | J43: 0 | K43: 0 | L43: 162 | M43: =SUM(C43:K43) -> 34 | N43: =SUM(C43:L43) -> 196
B44: 14.30 - 14.45 | C44: 13 | D44: 4 | E44: 6 | F44: 0 | G44: 0 | H44: 7 | I44: 4 | J44: 0 | K44: 0 | L44: 103 | M44: =SUM(C44:K44) -> 34 | N44: =SUM(C44:L44) -> 137
B45: 14.45 - 15.00 | C45: 17 | D45: 7 | E45: 3 | F45: 0 | G45: 0 | H45: 1 | I45: 0 | J45: 0 | K45: 1 | L45: 72 | M45: =SUM(C45:K45) -> 29 | N45: =SUM(C45:L45) -> 101
B46: 15.00 - 15.15 | C46: 18 | D46: 8 | E46: 3 | F46: 0 | G46: 0 | H46: 4 | I46: 2 | J46: 1 | K46: 1 | L46: 130 | M46: =SUM(C46:K46) -> 37 | N46: =SUM(C46:L46) -> 167
... B73: 21.45 - 22.00 | C73: 19 | D73: 9 | E73: 2 | F73: 1 | G73: 0 | H73: 2 | I73: 2 | J73: 1 | K73: 0 | L73: 36 | M73: =SUM(C73:K73) -> 36 | N73: =SUM(C73:L73) -> 72
B74: Totals | C74: =SUM(C10:C73) -> 710 | D74: =SUM(D10:D73) -> 242 | E74: =SUM(E10:E73) -> 123 | F74: =SUM(F10:F73) -> 5 | G74: =SUM(G10:G73) -> 1 | H74: =SUM(H10:H73) -> 154 | I74: =SUM(I10:I73) -> 57 | J74: =SUM(J10:J73) -> 19 | ... N74: =SUM(N10:N73) -> 6000
B75: %ges + MCs | C75: =C74/$N$74 -> 0.11833333 | D75: =D74/$N$74 -> 0.040333333 | E75: =E74/$N$74 -> 0.0205 | F75: =F74/$N$74 -> 0.00083333333 | G75: =G74/$N$74 -> 0.00016666667 | H75: =H74/$N$74 -> 0.025666667 | I75: =I74/$N$74 -> 0.0095 | J75: =J74/$N$74 -> 0.0031666667 | ... L75: =L74/$N$74 -> 0.77716667
B76: %ges w/o MCs | C76: =C74/$M$74 -> 0.53103964 | D76: =D74/$M$74 -> 0.18100224 | E76: =E74/$M$74 -> 0.091997008 | F76: =F74/$M$74 -> 0.0037397158 | G76: =G74/$M$74 -> 0.00074794316 | H76: =H74/$M$74 -> 0.11518325 | I76: =I74/$M$74 -> 0.04263276 | J76: =J74/$M$74 -> 0.01421092 | K76: =K74/$M$74 -> 0.019446522

Sheet 5.10.Nakivubo-ShopriteC2 L2
B1: Traffic Impact Assessment for Kikapu project
B2: MANUAL CLASSIFIED COUNT (MCC)
B3: ROAD NAME: | C3: SHOPRITE-QUEENSWAY
C5: Date | D5: 5.10.19 | E5: Location | F5: CLOCK TOWER JUNCTION | I5: Surveyor | J5: Kasoma JP, Nansamba C
C6: Dir. From | D6: NAKIVUBO | E6: Dir. To | F6: NSAMBYA | I6: Supervisor | J6: Lawrence, Felix
B8: Time / Veh Type | P8: SUMMARY TRAFFIC VOLUMES
C9: 1. Private Car | D9: 3. Pickups/four wheel drive | E9: 4. Minibus, matatu | F9: 5. Medium bus/ coaster | G9: 6. Large Bus/coach | H9: 7. Light Truck | I9: 8. Medium Truck | J9: 9. Heavy truck | K9: 10. Truck Trailer | L9: 11. Motor cycles | M9: Total Excl M/Cycles | N9: Total All | P9: Time | Q9: 1. Car | R9: 3. Pickups | S9: 4. Minibus, matatu | T9: 5. Medium bus | U9: 6. Large Bus | V9: 7. Light Truck | W9: 8. Medium Truck | X9: 9. Heavy truck | Y9: 10. Truck Trailer | Z9: 11. Motorcycles | AA9: Total Excl M/ Cycles | AB9: Total All
B10: 06.00 - 06.15 | C10: 5 | D10: 1 | E10: 2 | F10: 1 | G10: 0 | H10: 3 | I10: 0 | J10: 0 | K10: 0 | L10: 14 | M10: =SUM(C10:K10) -> 12 | N10: =SUM(C10:L10) -> 26 | P10: 06.00 - 06.15 | Q10: =SUM(C10:C13) -> 27 | R10: =SUM(D10:D13) -> 11 | S10: =SUM(E10:E13) -> 7 | T10: =SUM(F10:F13) -> 1 | U10: =SUM(G10:G13) -> 0 | V10: =SUM(H10:H13) -> 9 | W10: =SUM(I10:I13) -> 3 | X10: =SUM(J10:J13) -> 3 | ... AB10: =SUM(N10:N13) -> 231
B11: 06.15 - 06.30 | C11: 8 | D11: 2 | E11: 2 | F11: 0 | G11: 0 | H11: 3 | I11: 0 | J11: 3 | K11: 3 | L11: 35 | M11: =SUM(C11:K11) -> 21 | N11: =SUM(C11:L11) -> 56 | P11: 0700-0800 | Q11: =SUM(C14:C17) -> 44 | R11: =SUM(D14:D17) -> 13 | S11: =SUM(E14:E17) -> 9 | T11: =SUM(F14:F17) -> 0 | U11: =SUM(G14:G17) -> 0 | V11: =SUM(H14:H17) -> 8 | W11: =SUM(I14:I17) -> 3 | X11: =SUM(J14:J17) -> 0 | ... AB11: =SUM(N14:N17) -> 388
B12: 06.30 - 06.45 | C12: 5 | D12: 5 | E12: 2 | F12: 0 | G12: 0 | H12: 0 | I12: 1 | J12: 0 | K12: 0 | L12: 71 | M12: =SUM(C12:K12) -> 13 | N12: =SUM(C12:L12) -> 84 | P12: 0800-0900 | Q12: =SUM(C18:C21) -> 37 | R12: =SUM(D18:D21) -> 18 | S12: =SUM(E18:E21) -> 7 | T12: =SUM(F18:F21) -> 1 | U12: =SUM(G18:G21) -> 1 | V12: =SUM(H18:H21) -> 9 | W12: =SUM(I18:I21) -> 1 | X12: =SUM(J18:J21) -> 0 | ... AB12: =SUM(N18:N21) -> 401
B13: 06.45 - 07.00 | C13: 9 | D13: 3 | E13: 1 | F13: 0 | G13: 0 | H13: 3 | I13: 2 | J13: 0 | K13: 1 | L13: 46 | M13: =SUM(C13:K13) -> 19 | N13: =SUM(C13:L13) -> 65 | P13: 0900-1000 | Q13: =SUM(C22:C25) -> 33 | R13: =SUM(D22:D25) -> 14 | S13: =SUM(E22:E25) -> 15 | T13: =SUM(F22:F25) -> 3 | U13: =SUM(G22:G25) -> 0 | V13: =SUM(H22:H25) -> 8 | W13: =SUM(I22:I25) -> 3 | X13: =SUM(J22:J25) -> 3 | ... AB13: =SUM(N22:N25) -> 512
B14: 07.00 - 07.15 | C14: 12 | D14: 3 | E14: 1 | F14: 0 | G14: 0 | H14: 2 | I14: 1 | J14: 0 | K14: 0 | L14: 64 | M14: =SUM(C14:K14) -> 19 | N14: =SUM(C14:L14) -> 83 | P14: 1000-1100 | Q14: =SUM(C26:C29) -> 46 | R14: =SUM(D26:D29) -> 22 | S14: =SUM(E26:E29) -> 6 | T14: =SUM(F26:F29) -> 1 | U14: =SUM(G26:G29) -> 0 | V14: =SUM(H26:H29) -> 12 | W14: =SUM(I26:I29) -> 6 | X14: =SUM(J26:J29) -> 4 | ... AB14: =SUM(N26:N29) -> 434
B15: 07.15 - 07.30 | C15: 11 | D15: 3 | E15: 4 | F15: 0 | G15: 0 | H15: 4 | I15: 0 | J15: 0 | K15: 0 | L15: 76 | M15: =SUM(C15:K15) -> 22 | N15: =SUM(C15:L15) -> 98 | P15: 1100-1200 | Q15: =SUM(C30:C33) -> 120 | R15: =SUM(D30:D33) -> 24 | S15: =SUM(E30:E33) -> 8 | T15: =SUM(F30:F33) -> 1 | U15: =SUM(G30:G33) -> 0 | V15: =SUM(H30:H33) -> 9 | W15: =SUM(I30:I33) -> 4 | X15: =SUM(J30:J33) -> 3 | ... AB15: =SUM(N30:N33) -> 617
B16: 07.30 - 07.45 | C16: 11 | D16: 5 | E16: 3 | F16: 0 | G16: 0 | H16: 1 | I16: 2 | J16: 0 | K16: 0 | L16: 84 | M16: =SUM(C16:K16) -> 22 | N16: =SUM(C16:L16) -> 106 | P16: 1200-1300 | Q16: =SUM(C34:C37) -> 67 | R16: =SUM(D34:D37) -> 22 | S16: =SUM(E34:E37) -> 7 | T16: =SUM(F34:F37) -> 2 | U16: =SUM(G34:G37) -> 0 | V16: =SUM(H34:H37) -> 15 | W16: =SUM(I34:I37) -> 7 | X16: =SUM(J34:J37) -> 0 | ... AB16: =SUM(N34:N37) -> 507
B17: 07.45 - 08.00 | C17: 10 | D17: 2 | E17: 1 | F17: 0 | G17: 0 | H17: 1 | I17: 0 | J17: 0 | K17: 0 | L17: 87 | M17: =SUM(C17:K17) -> 14 | N17: =SUM(C17:L17) -> 101 | P17: 1300-1400 | Q17: =SUM(C38:C41) -> 61 | R17: =SUM(D38:D41) -> 22 | S17: =SUM(E38:E41) -> 11 | T17: =SUM(F38:F41) -> 1 | U17: =SUM(G38:G41) -> 0 | V17: =SUM(H38:H41) -> 30 | W17: =SUM(I38:I41) -> 8 | X17: =SUM(J38:J41) -> 0 | ... AB17: =SUM(N38:N41) -> 506
B18: 08.00 - 08.15 | C18: 12 | D18: 4 | E18: 2 | F18: 0 | G18: 0 | H18: 4 | I18: 0 | J18: 0 | K18: 0 | L18: 67 | M18: =SUM(C18:K18) -> 22 | N18: =SUM(C18:L18) -> 89 | P18: 1400-1500 | Q18: =SUM(C42:C45) -> 71 | R18: =SUM(D42:D45) -> 22 | S18: =SUM(E42:E45) -> 8 | T18: =SUM(F42:F45) -> 1 | U18: =SUM(G42:G45) -> 0 | V18: =SUM(H42:H45) -> 18 | W18: =SUM(I42:I45) -> 5 | X18: =SUM(J42:J45) -> 3 | ... AB18: =SUM(N42:N45) -> 443
B19: 08.15 - 08.30 | C19: 6 | D19: 4 | E19: 1 | F19: 0 | G19: 1 | H19: 1 | I19: 0 | J19: 0 | K19: 0 | L19: 78 | M19: =SUM(C19:K19) -> 13 | N19: =SUM(C19:L19) -> 91 | P19: 1500-1600 | Q19: =SUM(C46:C49) -> 58 | R19: =SUM(D46:D49) -> 26 | S19: =SUM(E46:E49) -> 6 | T19: =SUM(F46:F49) -> 0 | U19: =SUM(G46:G49) -> 0 | V19: =SUM(H46:H49) -> 21 | W19: =SUM(I46:I49) -> 7 | X19: =SUM(J46:J49) -> 0 | ... AB19: =SUM(N46:N49) -> 509
B20: 08.30 - 08.45 | C20: 14 | D20: 7 | E20: 3 | F20: 1 | G20: 0 | H20: 2 | I20: 0 | J20: 0 | K20: 0 | L20: 98 | M20: =SUM(C20:K20) -> 27 | N20: =SUM(C20:L20) -> 125 | P20: 1600-1700 | Q20: =SUM(C50:C53) -> 62 | R20: =SUM(D50:D53) -> 27 | S20: =SUM(E50:E53) -> 12 | T20: =SUM(F50:F53) -> 0 | U20: =SUM(G50:G53) -> 0 | V20: =SUM(H50:H53) -> 14 | W20: =SUM(I50:I53) -> 4 | X20: =SUM(J50:J53) -> 1 | ... AB20: =SUM(N50:N53) -> 494
B21: 08.45 - 9.00 | C21: 5 | D21: 3 | E21: 1 | F21: 0 | G21: 0 | H21: 2 | I21: 1 | J21: 0 | K21: 0 | L21: 84 | M21: =SUM(C21:K21) -> 12 | N21: =SUM(C21:L21) -> 96 | P21: 1700-1800 | Q21: =SUM(C54:C57) -> 34 | R21: =SUM(D54:D57) -> 34 | S21: =SUM(E54:E57) -> 6 | T21: =SUM(F54:F57) -> 0 | U21: =SUM(G54:G57) -> 1 | V21: =SUM(H54:H57) -> 11 | W21: =SUM(I54:I57) -> 6 | X21: =SUM(J54:J57) -> 2 | ... AB21: =SUM(N54:N57) -> 354
B22: 09.00 - 09.15 | C22: 12 | D22: 4 | E22: 2 | F22: 0 | G22: 0 | H22: 5 | I22: 2 | J22: 1 | K22: 0 | L22: 114 | M22: =SUM(C22:K22) -> 26 | N22: =SUM(C22:L22) -> 140 | P22: 1800-1900 | Q22: =SUM(C58:C61) -> 38 | R22: =SUM(D58:D61) -> 29 | S22: =SUM(E58:E61) -> 8 | T22: =SUM(F58:F61) -> 0 | U22: =SUM(G58:G61) -> 0 | V22: =SUM(H58:H61) -> 8 | W22: =SUM(I58:I61) -> 4 | X22: =SUM(J58:J61) -> 4 | ... AB22: =SUM(N58:N61) -> 298
B23: 09.15 - 09.30 | C23: 6 | D23: 5 | E23: 3 | F23: 1 | G23: 0 | H23: 1 | I23: 0 | J23: 1 | K23: 0 | L23: 123 | M23: =SUM(C23:K23) -> 17 | N23: =SUM(C23:L23) -> 140 | P23: 1900-2000 | Q23: =SUM(C62:C65) -> 22 | R23: =SUM(D62:D65) -> 23 | S23: =SUM(E62:E65) -> 5 | T23: =SUM(F62:F65) -> 1 | U23: =SUM(G62:G65) -> 1 | V23: =SUM(H62:H65) -> 5 | W23: =SUM(I62:I65) -> 3 | X23: =SUM(J62:J65) -> 0 | ... AB23: =SUM(N62:N65) -> 325
B24: 09.30 - 09.45 | C24: 10 | D24: 2 | E24: 5 | F24: 2 | G24: 0 | H24: 2 | I24: 0 | J24: 0 | K24: 2 | L24: 111 | M24: =SUM(C24:K24) -> 23 | N24: =SUM(C24:L24) -> 134 | P24: 2000-2100 | Q24: =SUM(C66:C69) -> 51 | R24: =SUM(D66:D69) -> 33 | S24: =SUM(E66:E69) -> 4 | T24: =SUM(F66:F69) -> 1 | U24: =SUM(G66:G69) -> 0 | V24: =SUM(H66:H69) -> 6 | W24: =SUM(I66:I69) -> 3 | X24: =SUM(J66:J69) -> 3 | ... AB24: =SUM(N66:N69) -> 366
B25: 09.45 - 10.00 | C25: 5 | D25: 3 | E25: 5 | F25: 0 | G25: 0 | H25: 0 | I25: 1 | J25: 1 | K25: 1 | L25: 82 | M25: =SUM(C25:K25) -> 16 | N25: =SUM(C25:L25) -> 98 | P25: 2100-2200 | Q25: =SUM(C70:C73) -> 69 | R25: =SUM(D70:D73) -> 20 | S25: =SUM(E70:E73) -> 3 | T25: =SUM(F70:F73) -> 0 | U25: =SUM(G70:G73) -> 0 | V25: =SUM(H70:H73) -> 9 | W25: =SUM(I70:I73) -> 2 | X25: =SUM(J70:J73) -> 3 | ... AB25: =SUM(N70:N73) -> 206
B26: 10.00 - 10.15 | C26: 9 | D26: 9 | E26: 1 | F26: 0 | G26: 0 | H26: 5 | I26: 0 | J26: 1 | K26: 0 | L26: 108 | M26: =SUM(C26:K26) -> 25 | N26: =SUM(C26:L26) -> 133 | P26: AM Peak Hr | Q26: =MAX(Q10:Q13) -> 44 | R26: =MAX(R10:R13) -> 18 | S26: =MAX(S10:S13) -> 15 | T26: =MAX(T10:T13) -> 3 | U26: =MAX(U10:U13) -> 1 | V26: =MAX(V10:V13) -> 9 | W26: =MAX(W10:W13) -> 3 | X26: =MAX(X10:X13) -> 3 | ... AB26: =MAX(AB10:AB13) -> 512
B27: 10.15 - 10.30 | C27: 9 | D27: 5 | E27: 1 | F27: 0 | G27: 0 | H27: 1 | I27: 3 | J27: 2 | K27: 0 | L27: 91 | M27: =SUM(C27:K27) -> 21 | N27: =SUM(C27:L27) -> 112 | P27: IP Peak Hr | Q27: =MAX(Q14:Q19) -> 120 | R27: =MAX(R14:R19) -> 26 | S27: =MAX(S14:S19) -> 11 | T27: =MAX(T14:T19) -> 2 | U27: =MAX(U14:U19) -> 0 | V27: =MAX(V14:V19) -> 30 | W27: =MAX(W14:W19) -> 8 | X27: =MAX(X14:X19) -> 4 | ... AB27: =MAX(AB14:AB19) -> 617
B28: 10.30 - 10.45 | C28: 17 | D28: 7 | E28: 1 | F28: 1 | G28: 0 | H28: 3 | I28: 1 | J28: 1 | K28: 1 | L28: 71 | M28: =SUM(C28:K28) -> 32 | N28: =SUM(C28:L28) -> 103 | P28: PM Peak Hr | Q28: =MAX(Q20:Q22) -> 62 | R28: =MAX(R20:R22) -> 34 | S28: =MAX(S20:S22) -> 12 | T28: =MAX(T20:T22) -> 0 | U28: =MAX(U20:U22) -> 1 | V28: =MAX(V20:V22) -> 14 | W28: =MAX(W20:W22) -> 6 | X28: =MAX(X20:X22) -> 4 | ... AB28: =MAX(AB20:AB22) -> 494
B29: 10.45 - 11.00 | C29: 11 | D29: 1 | E29: 3 | F29: 0 | G29: 0 | H29: 3 | I29: 2 | J29: 0 | K29: 1 | L29: 65 | M29: =SUM(C29:K29) -> 21 | N29: =SUM(C29:L29) -> 86 | P29: AM Period | Q29: =SUM(Q10:Q13) -> 141 | R29: =SUM(R10:R13) -> 56 | S29: =SUM(S10:S13) -> 38 | T29: =SUM(T10:T13) -> 5 | U29: =SUM(U10:U13) -> 1 | V29: =SUM(V10:V13) -> 34 | W29: =SUM(W10:W13) -> 10 | X29: =SUM(X10:X13) -> 6 | ... AB29: =SUM(AB10:AB13) -> 1532
B30: 11.00 - 11.15 | C30: 77 | D30: 4 | E30: 1 | F30: 1 | G30: 0 | H30: 2 | I30: 0 | J30: 1 | K30: 0 | L30: 106 | M30: =SUM(C30:K30) -> 86 | N30: =SUM(C30:L30) -> 192 | P30: IP Period | Q30: =SUM(Q14:Q19) -> 423 | R30: =SUM(R14:R19) -> 138 | S30: =SUM(S14:S19) -> 46 | T30: =SUM(T14:T19) -> 6 | U30: =SUM(U14:U19) -> 0 | V30: =SUM(V14:V19) -> 105 | W30: =SUM(W14:W19) -> 37 | X30: =SUM(X14:X19) -> 10 | ... AB30: =SUM(AB14:AB19) -> 3016
B31: 11.15 - 11.30 | C31: 11 | D31: 5 | E31: 4 | F31: 0 | G31: 0 | H31: 4 | I31: 0 | J31: 1 | K31: 0 | L31: 107 | M31: =SUM(C31:K31) -> 25 | N31: =SUM(C31:L31) -> 132 | P31: PM Period | Q31: =SUM(Q20:Q22) -> 134 | R31: =SUM(R20:R22) -> 90 | S31: =SUM(S20:S22) -> 26 | T31: =SUM(T20:T22) -> 0 | U31: =SUM(U20:U22) -> 1 | V31: =SUM(V20:V22) -> 33 | W31: =SUM(W20:W22) -> 14 | X31: =SUM(X20:X22) -> 7 | ... AB31: =SUM(AB20:AB22) -> 1146
B32: 11.30 - 11.45 | C32: 12 | D32: 7 | E32: 1 | F32: 0 | G32: 0 | H32: 0 | I32: 4 | J32: 0 | K32: 0 | L32: 107 | M32: =SUM(C32:K32) -> 24 | N32: =SUM(C32:L32) -> 131 | P32: 12 Hours | Q32: =SUM(Q11:Q22) -> 671 | R32: =SUM(R11:R22) -> 273 | S32: =SUM(S11:S22) -> 103 | T32: =SUM(T11:T22) -> 10 | U32: =SUM(U11:U22) -> 2 | V32: =SUM(V11:V22) -> 163 | W32: =SUM(W11:W22) -> 58 | X32: =SUM(X11:X22) -> 20 | ... AB32: =SUM(AB11:AB22) -> 5463
B33: 11.45 - 12.00 | C33: 20 | D33: 8 | E33: 2 | F33: 0 | G33: 0 | H33: 3 | I33: 0 | J33: 1 | K33: 1 | L33: 127 | M33: =SUM(C33:K33) -> 35 | N33: =SUM(C33:L33) -> 162 | P33: 16 Hrs/ADT | Q33: =SUM(Q10:Q25) -> 840 | R33: =SUM(R10:R25) -> 360 | S33: =SUM(S10:S25) -> 122 | T33: =SUM(T10:T25) -> 13 | U33: =SUM(U10:U25) -> 3 | V33: =SUM(V10:V25) -> 192 | W33: =SUM(W10:W25) -> 69 | X33: =SUM(X10:X25) -> 29 | ... AB33: =SUM(AB10:AB25) -> 6591
B34: 12.00 - 12.15 | C34: 9 | D34: 5 | E34: 1 | F34: 1 | G34: 0 | H34: 1 | I34: 1 | J34: 0 | K34: 0 | L34: 73 | M34: =SUM(C34:K34) -> 18 | N34: =SUM(C34:L34) -> 91 | P34: NEF | Q34: =Q33/Q32 -> 1.2518629 | R34: =R33/R32 -> 1.3186813 | S34: =S33/S32 -> 1.184466 | T34: =T33/T32 -> 1.3 | U34: =U33/U32 -> 1.5 | V34: =V33/V32 -> 1.1779141 | W34: =W33/W32 -> 1.1896552 | X34: =X33/X32 -> 1.45 | ... AB34: =AB33/AB32 -> 1.20648
B35: 12.15 - 12.30 | C35: 28 | D35: 7 | E35: 2 | F35: 1 | G35: 0 | H35: 4 | I35: 0 | J35: 0 | K35: 0 | L35: 103 | M35: =SUM(C35:K35) -> 42 | N35: =SUM(C35:L35) -> 145
B36: 12.30 - 12.45 | C36: 15 | D36: 3 | E36: 3 | F36: 0 | G36: 0 | H36: 1 | I36: 4 | J36: 0 | K36: 0 | L36: 97 | M36: =SUM(C36:K36) -> 26 | N36: =SUM(C36:L36) -> 123
B37: 12.45 - 13.00 | C37: 15 | D37: 7 | E37: 1 | F37: 0 | G37: 0 | H37: 9 | I37: 2 | J37: 0 | K37: 1 | L37: 113 | M37: =SUM(C37:K37) -> 35 | N37: =SUM(C37:L37) -> 148
B38: 13.00 - 13.15 | C38: 10 | D38: 2 | E38: 1 | F38: 0 | G38: 0 | H38: 4 | I38: 1 | J38: 0 | K38: 0 | L38: 64 | M38: =SUM(C38:K38) -> 18 | N38: =SUM(C38:L38) -> 82
B39: 13.15 - 13.30 | C39: 25 | D39: 8 | E39: 4 | F39: 0 | G39: 0 | H39: 8 | I39: 3 | J39: 0 | K39: 0 | L39: 115 | M39: =SUM(C39:K39) -> 48 | N39: =SUM(C39:L39) -> 163
B40: 13.30 - 13.45 | C40: 15 | D40: 5 | E40: 3 | F40: 0 | G40: 0 | H40: 7 | I40: 0 | J40: 0 | K40: 0 | L40: 116 | M40: =SUM(C40:K40) -> 30 | N40: =SUM(C40:L40) -> 146
B41: 13.45 - 14.00 | C41: 11 | D41: 7 | E41: 3 | F41: 1 | G41: 0 | H41: 11 | I41: 4 | J41: 0 | K41: 0 | L41: 78 | M41: =SUM(C41:K41) -> 37 | N41: =SUM(C41:L41) -> 115
B42: 14.00 - 14.15 | C42: 11 | D42: 8 | E42: 0 | F42: 1 | G42: 0 | H42: 5 | I42: 1 | J42: 0 | K42: 0 | L42: 48 | M42: =SUM(C42:K42) -> 26 | N42: =SUM(C42:L42) -> 74
B43: 14.15 - 14.30 | C43: 22 | D43: 4 | E43: 4 | F43: 0 | G43: 0 | H43: 9 | I43: 0 | J43: 1 | K43: 1 | L43: 105 | M43: =SUM(C43:K43) -> 41 | N43: =SUM(C43:L43) -> 146
B44: 14.30 - 14.45 | C44: 10 | D44: 6 | E44: 1 | F44: 0 | G44: 0 | H44: 2 | I44: 2 | J44: 1 | K44: 1 | L44: 55 | M44: =SUM(C44:K44) -> 23 | N44: =SUM(C44:L44) -> 78
B45: 14.45 - 15.00 | C45: 28 | D45: 4 | E45: 3 | F45: 0 | G45: 0 | H45: 2 | I45: 2 | J45: 1 | K45: 0 | L45: 105 | M45: =SUM(C45:K45) -> 40 | N45: =SUM(C45:L45) -> 145
B46: 15.00 - 15.15 | C46: 20 | D46: 6 | E46: 2 | F46: 0 | G46: 0 | H46: 6 | I46: 1 | J46: 0 | K46: 2 | L46: 120 | M46: =SUM(C46:K46) -> 37 | N46: =SUM(C46:L46) -> 157
... B73: 21.45 - 22.00 | C73: 22 | D73: 6 | E73: 1 | F73: 0 | G73: 0 | H73: 1 | I73: 0 | J73: 0 | K73: 0 | L73: 16 | M73: =SUM(C73:K73) -> 30 | N73: =SUM(C73:L73) -> 46
B74: Totals | C74: =SUM(C10:C73) -> 840 | D74: =SUM(D10:D73) -> 360 | E74: =SUM(E10:E73) -> 122 | F74: =SUM(F10:F73) -> 13 | G74: =SUM(G10:G73) -> 3 | H74: =SUM(H10:H73) -> 192 | I74: =SUM(I10:I73) -> 69 | J74: =SUM(J10:J73) -> 29 | ... N74: =SUM(N10:N73) -> 6591
B75: %ges + MCs | C75: =C74/$N$74 -> 0.12744652 | D75: =D74/$N$74 -> 0.054619936 | E75: =E74/$N$74 -> 0.01851009 | F75: =F74/$N$74 -> 0.0019723866 | G75: =G74/$N$74 -> 0.00045516614 | H75: =H74/$N$74 -> 0.029130633 | I75: =I74/$N$74 -> 0.010468821 | J75: =J74/$N$74 -> 0.0043999393 | ... L75: =L74/$N$74 -> 0.74844485
B76: %ges w/o MCs | C76: =C74/$M$74 -> 0.5066345 | D76: =D74/$M$74 -> 0.21712907 | E76: =E74/$M$74 -> 0.07358263 | F76: =F74/$M$74 -> 0.007840772 | G76: =G74/$M$74 -> 0.0018094089 | H76: =H74/$M$74 -> 0.11580217 | I76: =I74/$M$74 -> 0.041616405 | J76: =J74/$M$74 -> 0.017490953 | K76: =K74/$M$74 -> 0.018094089

Sheet 1.10.Nakivubo-ShopriteC3
B1: Traffic Impact Assessment for Kikapu project
B2: MANUAL CLASSIFIED COUNT (MCC)
B3: ROAD NAME: | C3: SHOPRITE-QUEENSWAY
C5: Date | D5: 1.10.19 | E5: Location | F5: CLOCK TOWER JUNCTION | I5: Surveyor | J5: Babirye P,Muganga S,
C6: Dir. From | D6: NAKIVUBO | E6: Dir. To | F6: QUEENSWAY | I6: Supervisor | J6: Lawrence
B8: Time / Veh Type | P8: SUMMARY TRAFFIC VOLUMES
C9: 1. Private Car | D9: 3. Pickups/four wheel drive | E9: 4. Minibus, matatu | F9: 5. Medium bus/ coaster | G9: 6. Large Bus/coach | H9: 7. Light Truck | I9: 8. Medium Truck | J9: 9. Heavy truck | K9: 10. Truck Trailer | L9: 11. Motor cycles | M9: Total Excl M/Cycles | N9: Total All | P9: Time | Q9: 1. Car | R9: 3. Pickups | S9: 4. Minibus, matatu | T9: 5. Medium bus | U9: 6. Large Bus | V9: 7. Light Truck | W9: 8. Medium Truck | X9: 9. Heavy truck | Y9: 10. Truck Trailer | Z9: 11. Motorcycles | AA9: Total Excl M/ Cycles | AB9: Total All
B10: 06.00 - 06.15 | C10: 1 | D10: 0 | E10: 0 | F10: 0 | G10: 0 | H10: 0 | I10: 1 | J10: 0 | K10: 0 | L10: 15 | M10: =SUM(C10:K10) -> 2 | N10: =SUM(C10:L10) -> 17 | P10: 06.00 - 06.15 | Q10: =SUM(C10:C13) -> 9 | R10: =SUM(D10:D13) -> 1 | S10: =SUM(E10:E13) -> 4 | T10: =SUM(F10:F13) -> 0 | U10: =SUM(G10:G13) -> 0 | V10: =SUM(H10:H13) -> 1 | W10: =SUM(I10:I13) -> 1 | X10: =SUM(J10:J13) -> 0 | ... AB10: =SUM(N10:N13) -> 247
B11: 06.15 - 06.30 | C11: 2 | D11: 0 | E11: 2 | F11: 0 | G11: 0 | H11: 0 | I11: 0 | J11: 0 | K11: 0 | L11: 77 | M11: =SUM(C11:K11) -> 4 | N11: =SUM(C11:L11) -> 81 | P11: 0700-0800 | Q11: =SUM(C14:C17) -> 6 | R11: =SUM(D14:D17) -> 0 | S11: =SUM(E14:E17) -> 5 | T11: =SUM(F14:F17) -> 0 | U11: =SUM(G14:G17) -> 0 | V11: =SUM(H14:H17) -> 0 | W11: =SUM(I14:I17) -> 4 | X11: =SUM(J14:J17) -> 0 | ... AB11: =SUM(N14:N17) -> 96
B12: 06.30 - 06.45 | C12: 4 | D12: 1 | E12: 1 | F12: 0 | G12: 0 | H12: 1 | I12: 0 | J12: 0 | K12: 0 | L12: 92 | M12: =SUM(C12:K12) -> 7 | N12: =SUM(C12:L12) -> 99 | P12: 0800-0900 | Q12: =SUM(C18:C21) -> 7 | R12: =SUM(D18:D21) -> 1 | S12: =SUM(E18:E21) -> 7 | T12: =SUM(F18:F21) -> 0 | U12: =SUM(G18:G21) -> 0 | V12: =SUM(H18:H21) -> 2 | W12: =SUM(I18:I21) -> 1 | X12: =SUM(J18:J21) -> 0 | ... AB12: =SUM(N18:N21) -> 131
B13: 06.45 - 07.00 | C13: 2 | D13: 0 | E13: 1 | F13: 0 | G13: 0 | H13: 0 | I13: 0 | J13: 0 | K13: 0 | L13: 47 | M13: =SUM(C13:K13) -> 3 | N13: =SUM(C13:L13) -> 50 | P13: 0900-1000 | Q13: =SUM(C22:C25) -> 3 | R13: =SUM(D22:D25) -> 1 | S13: =SUM(E22:E25) -> 13 | T13: =SUM(F22:F25) -> 3 | U13: =SUM(G22:G25) -> 0 | V13: =SUM(H22:H25) -> 2 | W13: =SUM(I22:I25) -> 6 | X13: =SUM(J22:J25) -> 0 | ... AB13: =SUM(N22:N25) -> 193
B14: 07.00 - 07.15 | C14: 2 | D14: 0 | E14: 0 | F14: 0 | G14: 0 | H14: 0 | I14: 2 | J14: 0 | K14: 0 | L14: 30 | M14: =SUM(C14:K14) -> 4 | N14: =SUM(C14:L14) -> 34 | P14: 1000-1100 | Q14: =SUM(C26:C29) -> 11 | R14: =SUM(D26:D29) -> 3 | S14: =SUM(E26:E29) -> 24 | T14: =SUM(F26:F29) -> 0 | U14: =SUM(G26:G29) -> 0 | V14: =SUM(H26:H29) -> 4 | W14: =SUM(I26:I29) -> 4 | X14: =SUM(J26:J29) -> 1 | ... AB14: =SUM(N26:N29) -> 232
B15: 07.15 - 07.30 | C15: 1 | D15: 0 | E15: 1 | F15: 0 | G15: 0 | H15: 0 | I15: 1 | J15: 0 | K15: 0 | L15: 25 | M15: =SUM(C15:K15) -> 3 | N15: =SUM(C15:L15) -> 28 | P15: 1100-1200 | Q15: =SUM(C30:C33) -> 14 | R15: =SUM(D30:D33) -> 5 | S15: =SUM(E30:E33) -> 38 | T15: =SUM(F30:F33) -> 0 | U15: =SUM(G30:G33) -> 1 | V15: =SUM(H30:H33) -> 6 | W15: =SUM(I30:I33) -> 4 | X15: =SUM(J30:J33) -> 0 | ... AB15: =SUM(N30:N33) -> 313
B16: 07.30 - 07.45 | C16: 3 | D16: 0 | E16: 3 | F16: 0 | G16: 0 | H16: 0 | I16: 1 | J16: 0 | K16: 0 | L16: 18 | M16: =SUM(C16:K16) -> 7 | N16: =SUM(C16:L16) -> 25 | P16: 1200-1300 | Q16: =SUM(C34:C37) -> 10 | R16: =SUM(D34:D37) -> 6 | S16: =SUM(E34:E37) -> 29 | T16: =SUM(F34:F37) -> 1 | U16: =SUM(G34:G37) -> 0 | V16: =SUM(H34:H37) -> 3 | W16: =SUM(I34:I37) -> 3 | X16: =SUM(J34:J37) -> 0 | ... AB16: =SUM(N34:N37) -> 283
B17: 07.45 - 08.00 | C17: 0 | D17: 0 | E17: 1 | F17: 0 | G17: 0 | H17: 0 | I17: 0 | J17: 0 | K17: 0 | L17: 8 | M17: =SUM(C17:K17) -> 1 | N17: =SUM(C17:L17) -> 9 | P17: 1300-1400 | Q17: =SUM(C38:C41) -> 13 | R17: =SUM(D38:D41) -> 6 | S17: =SUM(E38:E41) -> 24 | T17: =SUM(F38:F41) -> 1 | U17: =SUM(G38:G41) -> 0 | V17: =SUM(H38:H41) -> 3 | W17: =SUM(I38:I41) -> 4 | X17: =SUM(J38:J41) -> 0 | ... AB17: =SUM(N38:N41) -> 258
B18: 08.00 - 08.15 | C18: 1 | D18: 0 | E18: 1 | F18: 0 | G18: 0 | H18: 1 | I18: 0 | J18: 0 | K18: 0 | L18: 14 | M18: =SUM(C18:K18) -> 3 | N18: =SUM(C18:L18) -> 17 | P18: 1400-1500 | Q18: =SUM(C42:C45) -> 8 | R18: =SUM(D42:D45) -> 3 | S18: =SUM(E42:E45) -> 23 | T18: =SUM(F42:F45) -> 0 | U18: =SUM(G42:G45) -> 0 | V18: =SUM(H42:H45) -> 4 | W18: =SUM(I42:I45) -> 3 | X18: =SUM(J42:J45) -> 0 | ... AB18: =SUM(N42:N45) -> 225
B19: 08.15 - 08.30 | C19: 1 | D19: 1 | E19: 1 | F19: 0 | G19: 0 | H19: 0 | I19: 1 | J19: 0 | K19: 0 | L19: 24 | M19: =SUM(C19:K19) -> 4 | N19: =SUM(C19:L19) -> 28 | P19: 1500-1600 | Q19: =SUM(C46:C49) -> 11 | R19: =SUM(D46:D49) -> 11 | S19: =SUM(E46:E49) -> 21 | T19: =SUM(F46:F49) -> 0 | U19: =SUM(G46:G49) -> 0 | V19: =SUM(H46:H49) -> 1 | W19: =SUM(I46:I49) -> 1 | X19: =SUM(J46:J49) -> 0 | ... AB19: =SUM(N46:N49) -> 225
B20: 08.30 - 08.45 | C20: 2 | D20: 0 | E20: 4 | F20: 0 | G20: 0 | H20: 0 | I20: 0 | J20: 0 | K20: 0 | L20: 28 | M20: =SUM(C20:K20) -> 6 | N20: =SUM(C20:L20) -> 34 | P20: 1600-1700 | Q20: =SUM(C50:C53) -> 12 | R20: =SUM(D50:D53) -> 7 | S20: =SUM(E50:E53) -> 26 | T20: =SUM(F50:F53) -> 2 | U20: =SUM(G50:G53) -> 1 | V20: =SUM(H50:H53) -> 1 | W20: =SUM(I50:I53) -> 1 | X20: =SUM(J50:J53) -> 0 | ... AB20: =SUM(N50:N53) -> 252
B21: 08.45 - 9.00 | C21: 3 | D21: 0 | E21: 1 | F21: 0 | G21: 0 | H21: 1 | I21: 0 | J21: 0 | K21: 0 | L21: 47 | M21: =SUM(C21:K21) -> 5 | N21: =SUM(C21:L21) -> 52 | P21: 1700-1800 | Q21: =SUM(C54:C57) -> 16 | R21: =SUM(D54:D57) -> 3 | S21: =SUM(E54:E57) -> 71 | T21: =SUM(F54:F57) -> 0 | U21: =SUM(G54:G57) -> 2 | V21: =SUM(H54:H57) -> 2 | W21: =SUM(I54:I57) -> 0 | X21: =SUM(J54:J57) -> 1 | ... AB21: =SUM(N54:N57) -> 321
B22: 09.00 - 09.15 | C22: 1 | D22: 1 | E22: 1 | F22: 0 | G22: 0 | H22: 0 | I22: 2 | J22: 0 | K22: 0 | L22: 31 | M22: =SUM(C22:K22) -> 5 | N22: =SUM(C22:L22) -> 36 | P22: 1800-1900 | Q22: =SUM(C58:C61) -> 13 | R22: =SUM(D58:D61) -> 3 | S22: =SUM(E58:E61) -> 39 | T22: =SUM(F58:F61) -> 0 | U22: =SUM(G58:G61) -> 0 | V22: =SUM(H58:H61) -> 0 | W22: =SUM(I58:I61) -> 2 | X22: =SUM(J58:J61) -> 1 | ... AB22: =SUM(N58:N61) -> 252
B23: 09.15 - 09.30 | C23: 1 | D23: 0 | E23: 2 | F23: 2 | G23: 0 | H23: 2 | I23: 1 | J23: 0 | K23: 0 | L23: 34 | M23: =SUM(C23:K23) -> 8 | N23: =SUM(C23:L23) -> 42 | P23: 1900-2000 | Q23: =SUM(C62:C65) -> 61 | R23: =SUM(D62:D65) -> 21 | S23: =SUM(E62:E65) -> 124 | T23: =SUM(F62:F65) -> 9 | U23: =SUM(G62:G65) -> 5 | V23: =SUM(H62:H65) -> 6 | W23: =SUM(I62:I65) -> 1 | X23: =SUM(J62:J65) -> 1 | ... AB23: =SUM(N62:N65) -> 959
B24: 09.30 - 09.45 | C24: 1 | D24: 0 | E24: 4 | F24: 1 | G24: 0 | H24: 0 | I24: 1 | J24: 0 | K24: 0 | L24: 52 | M24: =SUM(C24:K24) -> 7 | N24: =SUM(C24:L24) -> 59 | P24: 2000-2100 | Q24: =SUM(C66:C69) -> 104 | R24: =SUM(D66:D69) -> 38 | S24: =SUM(E66:E69) -> 75 | T24: =SUM(F66:F69) -> 8 | U24: =SUM(G66:G69) -> 2 | V24: =SUM(H66:H69) -> 10 | W24: =SUM(I66:I69) -> 3 | X24: =SUM(J66:J69) -> 1 | ... AB24: =SUM(N66:N69) -> 1115
B25: 09.45 - 10.00 | C25: 0 | D25: 0 | E25: 6 | F25: 0 | G25: 0 | H25: 0 | I25: 2 | J25: 0 | K25: 0 | L25: 48 | M25: =SUM(C25:K25) -> 8 | N25: =SUM(C25:L25) -> 56 | P25: 2100-2200 | Q25: =SUM(C70:C73) -> 37 | R25: =SUM(D70:D73) -> 14 | S25: =SUM(E70:E73) -> 47 | T25: =SUM(F70:F73) -> 1 | U25: =SUM(G70:G73) -> 0 | V25: =SUM(H70:H73) -> 1 | W25: =SUM(I70:I73) -> 0 | X25: =SUM(J70:J73) -> 0 | ... AB25: =SUM(N70:N73) -> 371
B26: 10.00 - 10.15 | C26: 2 | D26: 1 | E26: 1 | F26: 0 | G26: 0 | H26: 0 | I26: 1 | J26: 0 | K26: 0 | L26: 34 | M26: =SUM(C26:K26) -> 5 | N26: =SUM(C26:L26) -> 39 | P26: AM Peak Hr | Q26: =MAX(Q10:Q13) -> 9 | R26: =MAX(R10:R13) -> 1 | S26: =MAX(S10:S13) -> 13 | T26: =MAX(T10:T13) -> 3 | U26: =MAX(U10:U13) -> 0 | V26: =MAX(V10:V13) -> 2 | W26: =MAX(W10:W13) -> 6 | X26: =MAX(X10:X13) -> 0 | ... AB26: =MAX(AB10:AB13) -> 247
B27: 10.15 - 10.30 | C27: 2 | D27: 0 | E27: 11 | F27: 0 | G27: 0 | H27: 2 | I27: 1 | J27: 0 | K27: 0 | L27: 48 | M27: =SUM(C27:K27) -> 16 | N27: =SUM(C27:L27) -> 64 | P27: IP Peak Hr | Q27: =MAX(Q14:Q19) -> 14 | R27: =MAX(R14:R19) -> 11 | S27: =MAX(S14:S19) -> 38 | T27: =MAX(T14:T19) -> 1 | U27: =MAX(U14:U19) -> 1 | V27: =MAX(V14:V19) -> 6 | W27: =MAX(W14:W19) -> 4 | X27: =MAX(X14:X19) -> 1 | ... AB27: =MAX(AB14:AB19) -> 313
B28: 10.30 - 10.45 | C28: 5 | D28: 2 | E28: 6 | F28: 0 | G28: 0 | H28: 1 | I28: 1 | J28: 1 | K28: 0 | L28: 42 | M28: =SUM(C28:K28) -> 16 | N28: =SUM(C28:L28) -> 58 | P28: PM Peak Hr | Q28: =MAX(Q20:Q22) -> 16 | R28: =MAX(R20:R22) -> 7 | S28: =MAX(S20:S22) -> 71 | T28: =MAX(T20:T22) -> 2 | U28: =MAX(U20:U22) -> 2 | V28: =MAX(V20:V22) -> 2 | W28: =MAX(W20:W22) -> 2 | X28: =MAX(X20:X22) -> 1 | ... AB28: =MAX(AB20:AB22) -> 321
B29: 10.45 - 11.00 | C29: 2 | D29: 0 | E29: 6 | F29: 0 | G29: 0 | H29: 1 | I29: 1 | J29: 0 | K29: 0 | L29: 61 | M29: =SUM(C29:K29) -> 10 | N29: =SUM(C29:L29) -> 71 | P29: AM Period | Q29: =SUM(Q10:Q13) -> 25 | R29: =SUM(R10:R13) -> 3 | S29: =SUM(S10:S13) -> 29 | T29: =SUM(T10:T13) -> 3 | U29: =SUM(U10:U13) -> 0 | V29: =SUM(V10:V13) -> 5 | W29: =SUM(W10:W13) -> 12 | X29: =SUM(X10:X13) -> 0 | ... AB29: =SUM(AB10:AB13) -> 667
B30: 11.00 - 11.15 | C30: 0 | D30: 0 | E30: 8 | F30: 0 | G30: 0 | H30: 2 | I30: 1 | J30: 0 | K30: 0 | L30: 61 | M30: =SUM(C30:K30) -> 11 | N30: =SUM(C30:L30) -> 72 | P30: IP Period | Q30: =SUM(Q14:Q19) -> 67 | R30: =SUM(R14:R19) -> 34 | S30: =SUM(S14:S19) -> 159 | T30: =SUM(T14:T19) -> 2 | U30: =SUM(U14:U19) -> 1 | V30: =SUM(V14:V19) -> 21 | W30: =SUM(W14:W19) -> 19 | X30: =SUM(X14:X19) -> 1 | ... AB30: =SUM(AB14:AB19) -> 1536
B31: 11.15 - 11.30 | C31: 2 | D31: 1 | E31: 13 | F31: 0 | G31: 0 | H31: 4 | I31: 2 | J31: 0 | K31: 0 | L31: 66 | M31: =SUM(C31:K31) -> 22 | N31: =SUM(C31:L31) -> 88 | P31: PM Period | Q31: =SUM(Q20:Q22) -> 41 | R31: =SUM(R20:R22) -> 13 | S31: =SUM(S20:S22) -> 136 | T31: =SUM(T20:T22) -> 2 | U31: =SUM(U20:U22) -> 3 | V31: =SUM(V20:V22) -> 3 | W31: =SUM(W20:W22) -> 3 | X31: =SUM(X20:X22) -> 2 | ... AB31: =SUM(AB20:AB22) -> 825
B32: 11.30 - 11.45 | C32: 2 | D32: 2 | E32: 5 | F32: 0 | G32: 1 | H32: 0 | I32: 0 | J32: 0 | K32: 0 | L32: 57 | M32: =SUM(C32:K32) -> 10 | N32: =SUM(C32:L32) -> 67 | P32: 12 Hours | Q32: =SUM(Q11:Q22) -> 124 | R32: =SUM(R11:R22) -> 49 | S32: =SUM(S11:S22) -> 320 | T32: =SUM(T11:T22) -> 7 | U32: =SUM(U11:U22) -> 4 | V32: =SUM(V11:V22) -> 28 | W32: =SUM(W11:W22) -> 33 | X32: =SUM(X11:X22) -> 3 | ... AB32: =SUM(AB11:AB22) -> 2781
B33: 11.45 - 12.00 | C33: 10 | D33: 2 | E33: 12 | F33: 0 | G33: 0 | H33: 0 | I33: 1 | J33: 0 | K33: 0 | L33: 61 | M33: =SUM(C33:K33) -> 25 | N33: =SUM(C33:L33) -> 86 | P33: 16 Hrs/ADT | Q33: =SUM(Q10:Q25) -> 335 | R33: =SUM(R10:R25) -> 123 | S33: =SUM(S10:S25) -> 570 | T33: =SUM(T10:T25) -> 25 | U33: =SUM(U10:U25) -> 11 | V33: =SUM(V10:V25) -> 46 | W33: =SUM(W10:W25) -> 38 | X33: =SUM(X10:X25) -> 5 | ... AB33: =SUM(AB10:AB25) -> 5473
B34: 12.00 - 12.15 | C34: 3 | D34: 0 | E34: 11 | F34: 0 | G34: 0 | H34: 2 | I34: 0 | J34: 0 | K34: 0 | L34: 75 | M34: =SUM(C34:K34) -> 16 | N34: =SUM(C34:L34) -> 91 | P34: NEF | Q34: =Q33/Q32 -> 2.7016129 | R34: =R33/R32 -> 2.5102041 | S34: =S33/S32 -> 1.78125 | T34: =T33/T32 -> 3.5714286 | U34: =U33/U32 -> 2.75 | V34: =V33/V32 -> 1.6428571 | W34: =W33/W32 -> 1.1515152 | X34: =X33/X32 -> 1.6666667 | ... AB34: =AB33/AB32 -> 1.9679971
B35: 12.15 - 12.30 | C35: 2 | D35: 2 | E35: 8 | F35: 0 | G35: 0 | H35: 1 | I35: 1 | J35: 0 | K35: 0 | L35: 69 | M35: =SUM(C35:K35) -> 14 | N35: =SUM(C35:L35) -> 83
B36: 12.30 - 12.45 | C36: 2 | D36: 3 | E36: 2 | F36: 0 | G36: 0 | H36: 0 | I36: 1 | J36: 0 | K36: 0 | L36: 43 | M36: =SUM(C36:K36) -> 8 | N36: =SUM(C36:L36) -> 51
B37: 12.45 - 13.00 | C37: 3 | D37: 1 | E37: 8 | F37: 1 | G37: 0 | H37: 0 | I37: 1 | J37: 0 | K37: 0 | L37: 44 | M37: =SUM(C37:K37) -> 14 | N37: =SUM(C37:L37) -> 58
B38: 13.00 - 13.15 | C38: 3 | D38: 0 | E38: 4 | F38: 1 | G38: 0 | H38: 1 | I38: 0 | J38: 0 | K38: 0 | L38: 53 | M38: =SUM(C38:K38) -> 9 | N38: =SUM(C38:L38) -> 62
B39: 13.15 - 13.30 | C39: 3 | D39: 2 | E39: 10 | F39: 0 | G39: 0 | H39: 0 | I39: 0 | J39: 0 | K39: 0 | L39: 55 | M39: =SUM(C39:K39) -> 15 | N39: =SUM(C39:L39) -> 70
B40: 13.30 - 13.45 | C40: 6 | D40: 1 | E40: 4 | F40: 0 | G40: 0 | H40: 0 | I40: 4 | J40: 0 | K40: 0 | L40: 56 | M40: =SUM(C40:K40) -> 15 | N40: =SUM(C40:L40) -> 71
B41: 13.45 - 14.00 | C41: 1 | D41: 3 | E41: 6 | F41: 0 | G41: 0 | H41: 2 | I41: 0 | J41: 0 | K41: 0 | L41: 43 | M41: =SUM(C41:K41) -> 12 | N41: =SUM(C41:L41) -> 55
B42: 14.00 - 14.15 | C42: 2 | D42: 1 | E42: 4 | F42: 0 | G42: 0 | H42: 1 | I42: 0 | J42: 0 | K42: 0 | L42: 43 | M42: =SUM(C42:K42) -> 8 | N42: =SUM(C42:L42) -> 51
B43: 14.15 - 14.30 | C43: 1 | D43: 0 | E43: 7 | F43: 0 | G43: 0 | H43: 0 | I43: 2 | J43: 0 | K43: 0 | L43: 54 | M43: =SUM(C43:K43) -> 10 | N43: =SUM(C43:L43) -> 64
B44: 14.30 - 14.45 | C44: 4 | D44: 2 | E44: 5 | F44: 0 | G44: 0 | H44: 1 | I44: 0 | J44: 0 | K44: 0 | L44: 46 | M44: =SUM(C44:K44) -> 12 | N44: =SUM(C44:L44) -> 58
B45: 14.45 - 15.00 | C45: 1 | D45: 0 | E45: 7 | F45: 0 | G45: 0 | H45: 2 | I45: 1 | J45: 0 | K45: 0 | L45: 41 | M45: =SUM(C45:K45) -> 11 | N45: =SUM(C45:L45) -> 52
B46: 15.00 - 15.15 | C46: 3 | D46: 2 | E46: 7 | F46: 0 | G46: 0 | H46: 1 | I46: 0 | J46: 0 | K46: 0 | L46: 60 | M46: =SUM(C46:K46) -> 13 | N46: =SUM(C46:L46) -> 73
... B73: 21.45 - 22.00 | C73: 6 | D73: 2 | E73: 8 | F73: 0 | G73: 0 | H73: 0 | I73: 0 | J73: 0 | K73: 0 | L73: 67 | M73: =SUM(C73:K73) -> 16 | N73: =SUM(C73:L73) -> 83
B74: Totals | C74: =SUM(C10:C73) -> 335 | D74: =SUM(D10:D73) -> 123 | E74: =SUM(E10:E73) -> 570 | F74: =SUM(F10:F73) -> 25 | G74: =SUM(G10:G73) -> 11 | H74: =SUM(H10:H73) -> 46 | I74: =SUM(I10:I73) -> 38 | J74: =SUM(J10:J73) -> 5 | ... N74: =SUM(N10:N73) -> 5473
B75: %ges + MCs | C75: =C74/$N$74 -> 0.061209574 | D75: =D74/$N$74 -> 0.022473963 | E75: =E74/$N$74 -> 0.10414763 | F75: =F74/$N$74 -> 0.0045678787 | G75: =G74/$N$74 -> 0.0020098666 | H75: =H74/$N$74 -> 0.0084048968 | I75: =I74/$N$74 -> 0.0069431756 | J75: =J74/$N$74 -> 0.00091357574 | ... L75: =L74/$N$74 -> 0.78914672
B76: %ges w/o MCs | C76: =C74/$M$74 -> 0.29029463 | D76: =D74/$M$74 -> 0.10658579 | E76: =E74/$M$74 -> 0.49393414 | F76: =F74/$M$74 -> 0.021663778 | G76: =G74/$M$74 -> 0.0095320624 | H76: =H74/$M$74 -> 0.039861352 | I76: =I74/$M$74 -> 0.032928943 | J76: =J74/$M$74 -> 0.0043327556 | K76: =K74/$M$74 -> 0.00086655113

Sheet 2.10.Nakivubo-ShopriteC3
B1: Traffic Impact Assessment for Kikapu project
B2: MANUAL CLASSIFIED COUNT (MCC)
B3: ROAD NAME: | C3: SHOPRITE-QUEENSWAY
C5: Date | D5: 2.10.19 | E5: Location | F5: CLOCK TOWER JUNCTION | I5: Surveyor | J5: Babirye Phiona
C6: Dir. From | D6: NAKIVUBO | E6: Dir. To | F6: QUEENSWAY | I6: Supervisor | J6: Lawrence
B8: Time / Veh Type | P8: SUMMARY TRAFFIC VOLUMES
C9: 1. Private Car | D9: 3. Pickups/four wheel drive | E9: 4. Minibus, matatu | F9: 5. Medium bus/ coaster | G9: 6. Large Bus/coach | H9: 7. Light Truck | I9: 8. Medium Truck | J9: 9. Heavy truck | K9: 10. Truck Trailer | L9: 11. Motor cycles | M9: Total Excl M/Cycles | N9: Total All | P9: Time | Q9: 1. Car | R9: 3. Pickups | S9: 4. Minibus, matatu | T9: 5. Medium bus | U9: 6. Large Bus | V9: 7. Light Truck | W9: 8. Medium Truck | X9: 9. Heavy truck | Y9: 10. Truck Trailer | Z9: 11. Motorcycles | AA9: Total Excl M/ Cycles | AB9: Total All
B10: 06.00 - 06.15 | C10: 6 | D10: 7 | E10: 11 | F10: 0 | G10: 0 | H10: 5 | I10: 0 | J10: 2 | K10: 0 | L10: 32 | M10: =SUM(C10:K10) -> 31 | N10: =SUM(C10:L10) -> 63 | P10: 06.00 - 06.15 | Q10: =SUM(C10:C13) -> 11 | R10: =SUM(D10:D13) -> 19 | S10: =SUM(E10:E13) -> 27 | T10: =SUM(F10:F13) -> 0 | U10: =SUM(G10:G13) -> 0 | V10: =SUM(H10:H13) -> 5 | W10: =SUM(I10:I13) -> 1 | X10: =SUM(J10:J13) -> 2 | ... AB10: =SUM(N10:N13) -> 214
B11: 06.15 - 06.30 | C11: 0 | D11: 4 | E11: 14 | F11: 0 | G11: 0 | H11: 0 | I11: 0 | J11: 0 | K11: 0 | L11: 25 | M11: =SUM(C11:K11) -> 18 | N11: =SUM(C11:L11) -> 43 | P11: 0700-0800 | Q11: =SUM(C14:C17) -> 4 | R11: =SUM(D14:D17) -> 1 | S11: =SUM(E14:E17) -> 9 | T11: =SUM(F14:F17) -> 0 | U11: =SUM(G14:G17) -> 0 | V11: =SUM(H14:H17) -> 0 | W11: =SUM(I14:I17) -> 0 | X11: =SUM(J14:J17) -> 2 | ... AB11: =SUM(N14:N17) -> 131
B12: 06.30 - 06.45 | C12: 4 | D12: 6 | E12: 2 | F12: 0 | G12: 0 | H12: 0 | I12: 0 | J12: 0 | K12: 0 | L12: 34 | M12: =SUM(C12:K12) -> 12 | N12: =SUM(C12:L12) -> 46 | P12: 0800-0900 | Q12: =SUM(C18:C21) -> 5 | R12: =SUM(D18:D21) -> 0 | S12: =SUM(E18:E21) -> 4 | T12: =SUM(F18:F21) -> 0 | U12: =SUM(G18:G21) -> 0 | V12: =SUM(H18:H21) -> 1 | W12: =SUM(I18:I21) -> 0 | X12: =SUM(J18:J21) -> 0 | ... AB12: =SUM(N18:N21) -> 119
B13: 06.45 - 07.00 | C13: 1 | D13: 2 | E13: 0 | F13: 0 | G13: 0 | H13: 0 | I13: 1 | J13: 0 | K13: 0 | L13: 58 | M13: =SUM(C13:K13) -> 4 | N13: =SUM(C13:L13) -> 62 | P13: 0900-1000 | Q13: =SUM(C22:C25) -> 3 | R13: =SUM(D22:D25) -> 8 | S13: =SUM(E22:E25) -> 17 | T13: =SUM(F22:F25) -> 0 | U13: =SUM(G22:G25) -> 1 | V13: =SUM(H22:H25) -> 3 | W13: =SUM(I22:I25) -> 1 | X13: =SUM(J22:J25) -> 0 | ... AB13: =SUM(N22:N25) -> 213
B14: 07.00 - 07.15 | C14: 1 | D14: 0 | E14: 5 | F14: 0 | G14: 0 | H14: 0 | I14: 0 | J14: 1 | K14: 0 | L14: 37 | M14: =SUM(C14:K14) -> 7 | N14: =SUM(C14:L14) -> 44 | P14: 1000-1100 | Q14: =SUM(C26:C29) -> 8 | R14: =SUM(D26:D29) -> 10 | S14: =SUM(E26:E29) -> 32 | T14: =SUM(F26:F29) -> 0 | U14: =SUM(G26:G29) -> 1 | V14: =SUM(H26:H29) -> 6 | W14: =SUM(I26:I29) -> 5 | X14: =SUM(J26:J29) -> 3 | ... AB14: =SUM(N26:N29) -> 265
B15: 07.15 - 07.30 | C15: 0 | D15: 0 | E15: 2 | F15: 0 | G15: 0 | H15: 0 | I15: 0 | J15: 0 | K15: 0 | L15: 23 | M15: =SUM(C15:K15) -> 2 | N15: =SUM(C15:L15) -> 25 | P15: 1100-1200 | Q15: =SUM(C30:C33) -> 3 | R15: =SUM(D30:D33) -> 4 | S15: =SUM(E30:E33) -> 10 | T15: =SUM(F30:F33) -> 3 | U15: =SUM(G30:G33) -> 2 | V15: =SUM(H30:H33) -> 5 | W15: =SUM(I30:I33) -> 1 | X15: =SUM(J30:J33) -> 0 | ... AB15: =SUM(N30:N33) -> 163
B16: 07.30 - 07.45 | C16: 2 | D16: 1 | E16: 0 | F16: 0 | G16: 0 | H16: 0 | I16: 0 | J16: 0 | K16: 0 | L16: 30 | M16: =SUM(C16:K16) -> 3 | N16: =SUM(C16:L16) -> 33 | P16: 1200-1300 | Q16: =SUM(C34:C37) -> 6 | R16: =SUM(D34:D37) -> 5 | S16: =SUM(E34:E37) -> 24 | T16: =SUM(F34:F37) -> 1 | U16: =SUM(G34:G37) -> 1 | V16: =SUM(H34:H37) -> 1 | W16: =SUM(I34:I37) -> 1 | X16: =SUM(J34:J37) -> 0 | ... AB16: =SUM(N34:N37) -> 168
B17: 07.45 - 08.00 | C17: 1 | D17: 0 | E17: 2 | F17: 0 | G17: 0 | H17: 0 | I17: 0 | J17: 1 | K17: 0 | L17: 25 | M17: =SUM(C17:K17) -> 4 | N17: =SUM(C17:L17) -> 29 | P17: 1300-1400 | Q17: =SUM(C38:C41) -> 8 | R17: =SUM(D38:D41) -> 7 | S17: =SUM(E38:E41) -> 54 | T17: =SUM(F38:F41) -> 0 | U17: =SUM(G38:G41) -> 1 | V17: =SUM(H38:H41) -> 6 | W17: =SUM(I38:I41) -> 2 | X17: =SUM(J38:J41) -> 2 | ... AB17: =SUM(N38:N41) -> 177
B18: 08.00 - 08.15 | C18: 0 | D18: 0 | E18: 1 | F18: 0 | G18: 0 | H18: 0 | I18: 0 | J18: 0 | K18: 0 | L18: 22 | M18: =SUM(C18:K18) -> 1 | N18: =SUM(C18:L18) -> 23 | P18: 1400-1500 | Q18: =SUM(C42:C45) -> 13 | R18: =SUM(D42:D45) -> 9 | S18: =SUM(E42:E45) -> 17 | T18: =SUM(F42:F45) -> 1 | U18: =SUM(G42:G45) -> 0 | V18: =SUM(H42:H45) -> 7 | W18: =SUM(I42:I45) -> 0 | X18: =SUM(J42:J45) -> 2 | ... AB18: =SUM(N42:N45) -> 253
B19: 08.15 - 08.30 | C19: 1 | D19: 0 | E19: 0 | F19: 0 | G19: 0 | H19: 0 | I19: 0 | J19: 0 | K19: 0 | L19: 26 | M19: =SUM(C19:K19) -> 1 | N19: =SUM(C19:L19) -> 27 | P19: 1500-1600 | Q19: =SUM(C46:C49) -> 23 | R19: =SUM(D46:D49) -> 10 | S19: =SUM(E46:E49) -> 28 | T19: =SUM(F46:F49) -> 0 | U19: =SUM(G46:G49) -> 0 | V19: =SUM(H46:H49) -> 9 | W19: =SUM(I46:I49) -> 3 | X19: =SUM(J46:J49) -> 2 | ... AB19: =SUM(N46:N49) -> 293
B20: 08.30 - 08.45 | C20: 1 | D20: 0 | E20: 1 | F20: 0 | G20: 0 | H20: 1 | I20: 0 | J20: 0 | K20: 0 | L20: 18 | M20: =SUM(C20:K20) -> 3 | N20: =SUM(C20:L20) -> 21 | P20: 1600-1700 | Q20: =SUM(C50:C53) -> 13 | R20: =SUM(D50:D53) -> 7 | S20: =SUM(E50:E53) -> 30 | T20: =SUM(F50:F53) -> 1 | U20: =SUM(G50:G53) -> 0 | V20: =SUM(H50:H53) -> 5 | W20: =SUM(I50:I53) -> 2 | X20: =SUM(J50:J53) -> 3 | ... AB20: =SUM(N50:N53) -> 248
B21: 08.45 - 9.00 | C21: 3 | D21: 0 | E21: 2 | F21: 0 | G21: 0 | H21: 0 | I21: 0 | J21: 0 | K21: 0 | L21: 43 | M21: =SUM(C21:K21) -> 5 | N21: =SUM(C21:L21) -> 48 | P21: 1700-1800 | Q21: =SUM(C54:C57) -> 23 | R21: =SUM(D54:D57) -> 4 | S21: =SUM(E54:E57) -> 41 | T21: =SUM(F54:F57) -> 0 | U21: =SUM(G54:G57) -> 0 | V21: =SUM(H54:H57) -> 5 | W21: =SUM(I54:I57) -> 3 | X21: =SUM(J54:J57) -> 1 | ... AB21: =SUM(N54:N57) -> 263
B22: 09.00 - 09.15 | C22: 1 | D22: 3 | E22: 0 | F22: 0 | G22: 0 | H22: 1 | I22: 0 | J22: 0 | K22: 0 | L22: 36 | M22: =SUM(C22:K22) -> 5 | N22: =SUM(C22:L22) -> 41 | P22: 1800-1900 | Q22: =SUM(C58:C61) -> 19 | R22: =SUM(D58:D61) -> 11 | S22: =SUM(E58:E61) -> 68 | T22: =SUM(F58:F61) -> 1 | U22: =SUM(G58:G61) -> 2 | V22: =SUM(H58:H61) -> 2 | W22: =SUM(I58:I61) -> 0 | X22: =SUM(J58:J61) -> 1 | ... AB22: =SUM(N58:N61) -> 326
B23: 09.15 - 09.30 | C23: 0 | D23: 2 | E23: 2 | F23: 0 | G23: 0 | H23: 1 | I23: 1 | J23: 0 | K23: 0 | L23: 26 | M23: =SUM(C23:K23) -> 6 | N23: =SUM(C23:L23) -> 32 | P23: 1900-2000 | Q23: =SUM(C62:C65) -> 34 | R23: =SUM(D62:D65) -> 6 | S23: =SUM(E62:E65) -> 50 | T23: =SUM(F62:F65) -> 4 | U23: =SUM(G62:G65) -> 0 | V23: =SUM(H62:H65) -> 4 | W23: =SUM(I62:I65) -> 3 | X23: =SUM(J62:J65) -> 1 | ... AB23: =SUM(N62:N65) -> 368
