Workbook

Sheet 23.09.19 Bweya- Kajansi
B1: Consultancy services for Preparation of Expressway Development Master Plan (EDMP) for Uganda
B2: MANUAL CLASSIFIED COUNT (MCC)
B3: ROAD NAME: | C3: MCC-C2-STNO 56 -Munyonyo spur
C5: Date | D5: 23.09.19 | F5: Location | G5: Munyonyo Spur RD | J5: Surveyor | K5: Kasoma John Paul
C6: Dir. From | D6: BWEYA | F6: Dir. To | G6: KAJANSI | J6: Supervisor | K6: Beatrice
B8: Time / Veh Type | R8: SUMMARY TRAFFIC VOLUMES
C9: 1. Car | D9: 2. Station Wagon | E9: 3. Pickups | F9: 4. Minibus, matatu | G9: 5. Medium bus | H9: 6. Large Bus | I9: 7. Light Truck | J9: 8. Medium Truck | K9: 9. Heavy truck | L9: 10. Truck Trailer | M9: 11. Motor cycles | N9: 12. Tractors | O9: Total Excl M/Cycles | P9: Total All | R9: Time | S9: 1. Car | T9: 2. Station Wagon | U9: 3. Pickups | V9: 4. Minibus, matatu | W9: 5. Medium bus | X9: 6. Large Bus | Y9: 7. Light Truck | Z9: 8. Medium Truck | AA9: 9. Heavy truck | AB9: 10. Truck Trailer | AC9: 11. Motorcycles | AD9: 12. Tractors, Graders | AE9: Total Excl M/ Cycles | AF9: Total All
B10: 07.00 - 07.15 | C10: 11 | D10: 3 | E10: 0 | F10: 2 | G10: 0 | H10: 0 | I10: 3 | J10: 0 | K10: 0 | L10: 0 | M10: 22 | N10: 0 | O10: =SUM(C10:L10,N10) -> 19 | P10: =SUM(C10:N10) -> 41 | R10: 0700-0800 | S10: =SUM(C10:C13) -> 34 | T10: =SUM(D10:D13) -> 7 | U10: =SUM(E10:E13) -> 3 | V10: =SUM(F10:F13) -> 5 | W10: =SUM(G10:G13) -> 1 | X10: =SUM(H10:H13) -> 0 | Y10: =SUM(I10:I13) -> 11 | Z10: =SUM(J10:J13) -> 0 | ... AF10: =SUM(P10:P13) -> 158
B11: 07.15 - 07.30 | C11: 9 | D11: 1 | E11: 2 | F11: 3 | G11: 0 | H11: 0 | I11: 2 | J11: 0 | K11: 0 | L11: 0 | M11: 29 | N11: 0 | O11: =SUM(C11:L11,N11) -> 17 | P11: =SUM(C11:N11) -> 46 | R11: 0800-0900 | S11: =SUM(C14:C17) -> 29 | T11: =SUM(D14:D17) -> 4 | U11: =SUM(E14:E17) -> 3 | V11: =SUM(F14:F17) -> 2 | W11: =SUM(G14:G17) -> 0 | X11: =SUM(H14:H17) -> 0 | Y11: =SUM(I14:I17) -> 9 | Z11: =SUM(J14:J17) -> 4 | ... AF11: =SUM(P14:P17) -> 240
B12: 07.30 - 07.45 | C12: 8 | D12: 2 | E12: 0 | F12: 0 | G12: 1 | H12: 0 | I12: 5 | J12: 0 | K12: 0 | L12: 0 | M12: 22 | N12: 0 | O12: =SUM(C12:L12,N12) -> 16 | P12: =SUM(C12:N12) -> 38 | R12: 0900-1000 | S12: =SUM(C18:C21) -> 23 | T12: =SUM(D18:D21) -> 7 | U12: =SUM(E18:E21) -> 3 | V12: =SUM(F18:F21) -> 5 | W12: =SUM(G18:G21) -> 0 | X12: =SUM(H18:H21) -> 0 | Y12: =SUM(I18:I21) -> 11 | Z12: =SUM(J18:J21) -> 2 | ... AF12: =SUM(P18:P21) -> 206
B13: 07.45 - 08.00 | C13: 6 | D13: 1 | E13: 1 | F13: 0 | G13: 0 | H13: 0 | I13: 1 | J13: 0 | K13: 0 | L13: 0 | M13: 24 | N13: 0 | O13: =SUM(C13:L13,N13) -> 9 | P13: =SUM(C13:N13) -> 33 | R13: 1000-1100 | S13: =SUM(C22:C25) -> 21 | T13: =SUM(D22:D25) -> 10 | U13: =SUM(E22:E25) -> 4 | V13: =SUM(F22:F25) -> 4 | W13: =SUM(G22:G25) -> 0 | X13: =SUM(H22:H25) -> 0 | Y13: =SUM(I22:I25) -> 11 | Z13: =SUM(J22:J25) -> 1 | ... AF13: =SUM(P22:P25) -> 216
B14: 08.00 - 08.15 | C14: 7 | D14: 0 | E14: 1 | F14: 0 | G14: 0 | H14: 0 | I14: 5 | J14: 2 | K14: 0 | L14: 0 | M14: 50 | N14: 0 | O14: =SUM(C14:L14,N14) -> 15 | P14: =SUM(C14:N14) -> 65 | R14: 1100-1200 | S14: =SUM(C26:C29) -> 23 | T14: =SUM(D26:D29) -> 5 | U14: =SUM(E26:E29) -> 2 | V14: =SUM(F26:F29) -> 2 | W14: =SUM(G26:G29) -> 0 | X14: =SUM(H26:H29) -> 0 | Y14: =SUM(I26:I29) -> 14 | Z14: =SUM(J26:J29) -> 0 | ... AF14: =SUM(P26:P29) -> 176
B15: 08.15 - 08.30 | C15: 14 | D15: 2 | E15: 1 | F15: 1 | G15: 0 | H15: 0 | I15: 2 | J15: 0 | K15: 0 | L15: 0 | M15: 42 | N15: 0 | O15: =SUM(C15:L15,N15) -> 20 | P15: =SUM(C15:N15) -> 62 | R15: 1200-1300 | S15: =SUM(C30:C33) -> 24 | T15: =SUM(D30:D33) -> 9 | U15: =SUM(E30:E33) -> 2 | V15: =SUM(F30:F33) -> 2 | W15: =SUM(G30:G33) -> 0 | X15: =SUM(H30:H33) -> 0 | Y15: =SUM(I30:I33) -> 10 | Z15: =SUM(J30:J33) -> 2 | ... AF15: =SUM(P30:P33) -> 169
B16: 08.30 - 08.45 | C16: 0 | D16: 1 | E16: 0 | F16: 1 | G16: 0 | H16: 0 | I16: 2 | J16: 2 | K16: 0 | L16: 0 | M16: 59 | N16: 0 | O16: =SUM(C16:L16,N16) -> 6 | P16: =SUM(C16:N16) -> 65 | R16: 1300-1400 | S16: =SUM(C34:C37) -> 19 | T16: =SUM(D34:D37) -> 14 | U16: =SUM(E34:E37) -> 3 | V16: =SUM(F34:F37) -> 2 | W16: =SUM(G34:G37) -> 0 | X16: =SUM(H34:H37) -> 0 | Y16: =SUM(I34:I37) -> 13 | Z16: =SUM(J34:J37) -> 1 | ... AF16: =SUM(P34:P37) -> 134
B17: 08.45 - 9.00 | C17: 8 | D17: 1 | E17: 1 | F17: 0 | G17: 0 | H17: 0 | I17: 0 | J17: 0 | K17: 0 | L17: 0 | M17: 38 | N17: 0 | O17: =SUM(C17:L17,N17) -> 10 | P17: =SUM(C17:N17) -> 48 | R17: 1400-1500 | S17: =SUM(C38:C41) -> 17 | T17: =SUM(D38:D41) -> 6 | U17: =SUM(E38:E41) -> 3 | V17: =SUM(F38:F41) -> 0 | W17: =SUM(G38:G41) -> 0 | X17: =SUM(H38:H41) -> 0 | Y17: =SUM(I38:I41) -> 9 | Z17: =SUM(J38:J41) -> 0 | ... AF17: =SUM(P38:P41) -> 104
B18: 09.00 - 09.15 | C18: 9 | D18: 3 | E18: 1 | F18: 1 | G18: 0 | H18: 0 | I18: 5 | J18: 0 | K18: 0 | L18: 0 | M18: 36 | N18: 0 | O18: =SUM(C18:L18,N18) -> 19 | P18: =SUM(C18:N18) -> 55 | R18: 1500-1600 | S18: =SUM(C42:C45) -> 18 | T18: =SUM(D42:D45) -> 5 | U18: =SUM(E42:E45) -> 3 | V18: =SUM(F42:F45) -> 3 | W18: =SUM(G42:G45) -> 0 | X18: =SUM(H42:H45) -> 0 | Y18: =SUM(I42:I45) -> 6 | Z18: =SUM(J42:J45) -> 0 | ... AF18: =SUM(P42:P45) -> 133
B19: 09.15 - 09.30 | C19: 4 | D19: 2 | E19: 0 | F19: 0 | G19: 0 | H19: 0 | I19: 3 | J19: 0 | K19: 0 | L19: 0 | M19: 42 | N19: 0 | O19: =SUM(C19:L19,N19) -> 9 | P19: =SUM(C19:N19) -> 51 | R19: 1600-1700 | S19: =SUM(C46:C49) -> 19 | T19: =SUM(D46:D49) -> 5 | U19: =SUM(E46:E49) -> 1 | V19: =SUM(F46:F49) -> 10 | W19: =SUM(G46:G49) -> 1 | X19: =SUM(H46:H49) -> 0 | Y19: =SUM(I46:I49) -> 12 | Z19: =SUM(J46:J49) -> 0 | ... AF19: =SUM(P46:P49) -> 105
B20: 09.30 - 09.45 | C20: 5 | D20: 0 | E20: 2 | F20: 2 | G20: 0 | H20: 0 | I20: 1 | J20: 0 | K20: 0 | L20: 0 | M20: 42 | N20: 0 | O20: =SUM(C20:L20,N20) -> 10 | P20: =SUM(C20:N20) -> 52 | R20: 1700-1800 | S20: =SUM(C50:C53) -> 8 | T20: =SUM(D50:D53) -> 9 | U20: =SUM(E50:E53) -> 1 | V20: =SUM(F50:F53) -> 4 | W20: =SUM(G50:G53) -> 1 | X20: =SUM(H50:H53) -> 0 | Y20: =SUM(I50:I53) -> 7 | Z20: =SUM(J50:J53) -> 2 | ... AF20: =SUM(P50:P53) -> 130
B21: 09.45 - 10.00 | C21: 5 | D21: 2 | E21: 0 | F21: 2 | G21: 0 | H21: 0 | I21: 2 | J21: 2 | K21: 0 | L21: 0 | M21: 35 | N21: 0 | O21: =SUM(C21:L21,N21) -> 13 | P21: =SUM(C21:N21) -> 48 | R21: 1800-1900 | S21: =SUM(C54:C57) -> 25 | T21: =SUM(D54:D57) -> 3 | U21: =SUM(E54:E57) -> 0 | V21: =SUM(F54:F57) -> 2 | W21: =SUM(G54:G57) -> 1 | X21: =SUM(H54:H57) -> 1 | Y21: =SUM(I54:I57) -> 8 | Z21: =SUM(J54:J57) -> 1 | ... AF21: =SUM(P54:P57) -> 166
B22: 10.00 - 10.15 | C22: 5 | D22: 2 | E22: 0 | F22: 1 | G22: 0 | H22: 0 | I22: 2 | J22: 1 | K22: 0 | L22: 0 | M22: 36 | N22: 0 | O22: =SUM(C22:L22,N22) -> 11 | P22: =SUM(C22:N22) -> 47 | R22: AM Peak Hr | S22: =MAX(S10:S12) -> 34 | T22: =MAX(T10:T12) -> 7 | U22: =MAX(U10:U12) -> 3 | V22: =MAX(V10:V12) -> 5 | W22: =MAX(W10:W12) -> 1 | X22: =MAX(X10:X12) -> 0 | Y22: =MAX(Y10:Y12) -> 11 | Z22: =MAX(Z10:Z12) -> 4 | ... AF22: =MAX(AF10:AF12) -> 240
B23: 10.15 - 10.30 | C23: 6 | D23: 3 | E23: 2 | F23: 1 | G23: 0 | H23: 0 | I23: 1 | J23: 0 | K23: 0 | L23: 0 | M23: 33 | N23: 0 | O23: =SUM(C23:L23,N23) -> 13 | P23: =SUM(C23:N23) -> 46 | R23: IP Peak Hr | S23: =MAX(S13:S18) -> 24 | T23: =MAX(T13:T18) -> 14 | U23: =MAX(U13:U18) -> 4 | V23: =MAX(V13:V18) -> 4 | W23: =MAX(W13:W18) -> 0 | X23: =MAX(X13:X18) -> 0 | Y23: =MAX(Y13:Y18) -> 14 | Z23: =MAX(Z13:Z18) -> 2 | ... AF23: =MAX(AF13:AF18) -> 216
B24: 10.30 - 10.45 | C24: 4 | D24: 5 | E24: 1 | F24: 1 | G24: 0 | H24: 0 | I24: 1 | J24: 0 | K24: 0 | L24: 0 | M24: 41 | N24: 0 | O24: =SUM(C24:L24,N24) -> 12 | P24: =SUM(C24:N24) -> 53 | R24: PM Peak Hr | S24: =MAX(S19:S21) -> 25 | T24: =MAX(T19:T21) -> 9 | U24: =MAX(U19:U21) -> 1 | V24: =MAX(V19:V21) -> 10 | W24: =MAX(W19:W21) -> 1 | X24: =MAX(X19:X21) -> 1 | Y24: =MAX(Y19:Y21) -> 12 | Z24: =MAX(Z19:Z21) -> 2 | ... AF24: =MAX(AF19:AF21) -> 166
B25: 10.45 - 11.00 | C25: 6 | D25: 0 | E25: 1 | F25: 1 | G25: 0 | H25: 0 | I25: 7 | J25: 0 | K25: 0 | L25: 0 | M25: 55 | N25: 0 | O25: =SUM(C25:L25,N25) -> 15 | P25: =SUM(C25:N25) -> 70 | R25: AM Period | S25: =SUM(S10:S12) -> 86 | T25: =SUM(T10:T12) -> 18 | U25: =SUM(U10:U12) -> 9 | V25: =SUM(V10:V12) -> 12 | W25: =SUM(W10:W12) -> 1 | X25: =SUM(X10:X12) -> 0 | Y25: =SUM(Y10:Y12) -> 31 | Z25: =SUM(Z10:Z12) -> 6 | ... AF25: =SUM(AF10:AF12) -> 604
B26: 11.00 - 11.15 | C26: 4 | D26: 1 | E26: 1 | F26: 0 | G26: 0 | H26: 0 | I26: 2 | J26: 0 | K26: 1 | L26: 0 | M26: 35 | N26: 0 | O26: =SUM(C26:L26,N26) -> 9 | P26: =SUM(C26:N26) -> 44 | R26: IP Period | S26: =SUM(S13:S18) -> 122 | T26: =SUM(T13:T18) -> 49 | U26: =SUM(U13:U18) -> 17 | V26: =SUM(V13:V18) -> 13 | W26: =SUM(W13:W18) -> 0 | X26: =SUM(X13:X18) -> 0 | Y26: =SUM(Y13:Y18) -> 63 | Z26: =SUM(Z13:Z18) -> 4 | ... AF26: =SUM(AF13:AF18) -> 932
B27: 11.15 - 11.30 | C27: 8 | D27: 2 | E27: 0 | F27: 0 | G27: 0 | H27: 0 | I27: 2 | J27: 0 | K27: 0 | L27: 0 | M27: 24 | N27: 0 | O27: =SUM(C27:L27,N27) -> 12 | P27: =SUM(C27:N27) -> 36 | R27: PM Period | S27: =SUM(S19:S21) -> 52 | T27: =SUM(T19:T21) -> 17 | U27: =SUM(U19:U21) -> 2 | V27: =SUM(V19:V21) -> 16 | W27: =SUM(W19:W21) -> 3 | X27: =SUM(X19:X21) -> 1 | Y27: =SUM(Y19:Y21) -> 27 | Z27: =SUM(Z19:Z21) -> 3 | ... AF27: =SUM(AF19:AF21) -> 401
B28: 11.30 - 11.45 | C28: 6 | D28: 2 | E28: 1 | F28: 1 | G28: 0 | H28: 0 | I28: 5 | J28: 0 | K28: 0 | L28: 0 | M28: 42 | N28: 0 | O28: =SUM(C28:L28,N28) -> 15 | P28: =SUM(C28:N28) -> 57 | R28: 12 Hours | S28: =SUM(S10:S21) -> 260 | T28: =SUM(T10:T21) -> 84 | U28: =SUM(U10:U21) -> 28 | V28: =SUM(V10:V21) -> 41 | W28: =SUM(W10:W21) -> 4 | X28: =SUM(X10:X21) -> 1 | Y28: =SUM(Y10:Y21) -> 121 | Z28: =SUM(Z10:Z21) -> 13 | ... AF28: =SUM(AF10:AF21) -> 1937
B29: 11.45 - 12.00 | C29: 5 | D29: 0 | E29: 0 | F29: 1 | G29: 0 | H29: 0 | I29: 5 | J29: 0 | K29: 0 | L29: 0 | M29: 28 | N29: 0 | O29: =SUM(C29:L29,N29) -> 11 | P29: =SUM(C29:N29) -> 39
B30: 12.00 - 12.15 | C30: 8 | D30: 1 | E30: 0 | F30: 1 | G30: 0 | H30: 0 | I30: 3 | J30: 0 | K30: 0 | L30: 0 | M30: 25 | N30: 0 | O30: =SUM(C30:L30,N30) -> 13 | P30: =SUM(C30:N30) -> 38
B31: 12.15 - 12.30 | C31: 5 | D31: 2 | E31: 0 | F31: 0 | G31: 0 | H31: 0 | I31: 1 | J31: 0 | K31: 0 | L31: 0 | M31: 37 | N31: 0 | O31: =SUM(C31:L31,N31) -> 8 | P31: =SUM(C31:N31) -> 45
B32: 12.30 - 12.45 | C32: 5 | D32: 4 | E32: 0 | F32: 0 | G32: 0 | H32: 0 | I32: 2 | J32: 1 | K32: 0 | L32: 0 | M32: 27 | N32: 0 | O32: =SUM(C32:L32,N32) -> 12 | P32: =SUM(C32:N32) -> 39
B33: 12.45 - 13.00 | C33: 6 | D33: 2 | E33: 2 | F33: 1 | G33: 0 | H33: 0 | I33: 4 | J33: 1 | K33: 0 | L33: 0 | M33: 31 | N33: 0 | O33: =SUM(C33:L33,N33) -> 16 | P33: =SUM(C33:N33) -> 47
B34: 13.00 - 13.15 | C34: 8 | D34: 8 | E34: 0 | F34: 0 | G34: 0 | H34: 0 | I34: 8 | J34: 0 | K34: 0 | L34: 0 | M34: 21 | N34: 0 | O34: =SUM(C34:L34,N34) -> 24 | P34: =SUM(C34:N34) -> 45
B35: 13.15 - 13.30 | C35: 4 | D35: 1 | E35: 0 | F35: 0 | G35: 0 | H35: 0 | I35: 0 | J35: 0 | K35: 0 | L35: 0 | M35: 14 | N35: 0 | O35: =SUM(C35:L35,N35) -> 5 | P35: =SUM(C35:N35) -> 19
B36: 13.30 - 13.45 | C36: 2 | D36: 0 | E36: 2 | F36: 2 | G36: 0 | H36: 0 | I36: 2 | J36: 1 | K36: 0 | L36: 0 | M36: 33 | N36: 0 | O36: =SUM(C36:L36,N36) -> 9 | P36: =SUM(C36:N36) -> 42
B37: 13.45 - 14.00 | C37: 5 | D37: 5 | E37: 1 | F37: 0 | G37: 0 | H37: 0 | I37: 3 | J37: 0 | K37: 0 | L37: 0 | M37: 14 | N37: 0 | O37: =SUM(C37:L37,N37) -> 14 | P37: =SUM(C37:N37) -> 28
B38: 14.00 - 14.15 | C38: 1 | D38: 0 | E38: 2 | F38: 0 | G38: 0 | H38: 0 | I38: 2 | J38: 0 | K38: 0 | L38: 0 | M38: 16 | N38: 0 | O38: =SUM(C38:L38,N38) -> 5 | P38: =SUM(C38:N38) -> 21
B39: 14.15 - 14.30 | C39: 2 | D39: 5 | E39: 1 | F39: 0 | G39: 0 | H39: 0 | I39: 2 | J39: 0 | K39: 0 | L39: 0 | M39: 15 | N39: 0 | O39: =SUM(C39:L39,N39) -> 10 | P39: =SUM(C39:N39) -> 25
B40: 14.30 - 14.45 | C40: 8 | D40: 1 | E40: 0 | F40: 0 | G40: 0 | H40: 0 | I40: 1 | J40: 0 | K40: 0 | L40: 0 | M40: 16 | N40: 0 | O40: =SUM(C40:L40,N40) -> 10 | P40: =SUM(C40:N40) -> 26
... B57: 18.45 - 19.00 | C57: 4 | D57: 0 | E57: 0 | F57: 0 | G57: 0 | H57: 0 | I57: 3 | J57: 0 | K57: 0 | L57: 0 | M57: 17 | N57: 0 | O57: =SUM(C57:L57,N57) -> 7 | P57: =SUM(C57:N57) -> 24
B58: Totals | C58: =SUM(C10:C57) -> 260 | D58: =SUM(D10:D57) -> 84 | E58: =SUM(E10:E57) -> 28 | F58: =SUM(F10:F57) -> 41 | G58: =SUM(G10:G57) -> 4 | H58: =SUM(H10:H57) -> 1 | I58: =SUM(I10:I57) -> 121 | J58: =SUM(J10:J57) -> 13 | ... P58: =SUM(P10:P57) -> 1937
B59: %ges + MCs | C59: =C58/$P$58 -> 0.13422819 | D59: =D58/$P$58 -> 0.04336603 | E59: =E58/$P$58 -> 0.014455343 | F59: =F58/$P$58 -> 0.021166753 | G59: =G58/$P$58 -> 0.002065049 | H59: =H58/$P$58 -> 0.00051626226 | I59: =I58/$P$58 -> 0.062467734 | J59: =J58/$P$58 -> 0.0067114094 | ... N59: =N58/$P$58 -> 0
B60: %ges w/o MCs | C60: =C58/$O$58 -> 0.46931408 | D60: =D58/$O$58 -> 0.15162455 | E60: =E58/$O$58 -> 0.050541516 | F60: =F58/$O$58 -> 0.07400722 | G60: =G58/$O$58 -> 0.0072202166 | H60: =H58/$O$58 -> 0.0018050542 | I60: =I58/$O$58 -> 0.21841155 | J60: =J58/$O$58 -> 0.023465704 | ... L60: =L58/$O$58 -> 0.0018050542 | N60: =N58/$O$58 -> 0

Sheet 23.09.19 Kajansi -Bweya
B1: Consultancy services for Preparation of Expressway Development Master Plan (EDMP) for Uganda
B2: MANUAL CLASSIFIED COUNT (MCC)
B3: ROAD NAME: | C3: ='23.09.19 Bweya- Kajansi'!C3:G3 -> MCC-C2-STNO 56 -Munyonyo spur
C5: Date | D5: ='23.09.19 Bweya- Kajansi'!D5 -> 23.09.19 | F5: Location | G5: ='23.09.19 Bweya- Kajansi'!G5:H5 -> Munyonyo Spur RD | J5: Surveyor | K5: Kasajja Laston
C6: Dir. From | D6: KAJANSI | F6: Dir. To | G6: BWEYA | J6: Supervisor | K6: ='23.09.19 Bweya- Kajansi'!K6:L6 -> Beatrice
B8: Time / Veh Type | R8: SUMMARY TRAFFIC VOLUMES
C9: 1. Car | D9: 2. Station Wagon | E9: 3. Pickups | F9: 4. Minibus, matatu | G9: 5. Medium bus | H9: 6. Large Bus | I9: 7. Light Truck | J9: 8. Medium Truck | K9: 9. Heavy truck | L9: 10. Truck Trailer | M9: 11. Motor cycles | N9: 12. Tractors | O9: Total Excl M/Cycles | P9: Total All | R9: Time | S9: 1. Car | T9: 2. Station Wagon | U9: 3. Pickups | V9: 4. Minibus, matatu | W9: 5. Medium bus | X9: 6. Large Bus | Y9: 7. Light Truck | Z9: 8. Medium Truck | AA9: 9. Heavy truck | AB9: 10. Truck Trailer | AC9: 11. Motorcycles | AD9: 12. Tractors, Graders | AE9: Total Excl M/ Cycles | AF9: Total All
B10: 07.00 - 07.15 | C10: 4 | D10: 1 | E10: 0 | F10: 1 | G10: 0 | H10: 0 | I10: 0 | J10: 0 | K10: 0 | L10: 0 | M10: 11 | N10: 0 | O10: =SUM(C10:L10,N10) -> 6 | P10: =SUM(C10:N10) -> 17 | R10: 0700-0800 | S10: =SUM(C10:C13) -> 18 | T10: =SUM(D10:D13) -> 5 | U10: =SUM(E10:E13) -> 1 | V10: =SUM(F10:F13) -> 1 | W10: =SUM(G10:G13) -> 0 | X10: =SUM(H10:H13) -> 0 | Y10: =SUM(I10:I13) -> 0 | Z10: =SUM(J10:J13) -> 0 | ... AF10: =SUM(P10:P13) -> 93
B11: 07.15 - 07.30 | C11: 3 | D11: 2 | E11: 0 | F11: 0 | G11: 0 | H11: 0 | I11: 0 | J11: 0 | K11: 0 | L11: 0 | M11: 16 | N11: 0 | O11: =SUM(C11:L11,N11) -> 5 | P11: =SUM(C11:N11) -> 21 | R11: 0800-0900 | S11: =SUM(C14:C17) -> 10 | T11: =SUM(D14:D17) -> 3 | U11: =SUM(E14:E17) -> 3 | V11: =SUM(F14:F17) -> 0 | W11: =SUM(G14:G17) -> 0 | X11: =SUM(H14:H17) -> 0 | Y11: =SUM(I14:I17) -> 10 | Z11: =SUM(J14:J17) -> 2 | ... AF11: =SUM(P14:P17) -> 180
B12: 07.30 - 07.45 | C12: 6 | D12: 1 | E12: 1 | F12: 0 | G12: 0 | H12: 0 | I12: 0 | J12: 0 | K12: 0 | L12: 0 | M12: 14 | N12: 0 | O12: =SUM(C12:L12,N12) -> 8 | P12: =SUM(C12:N12) -> 22 | R12: 0900-1000 | S12: =SUM(C18:C21) -> 8 | T12: =SUM(D18:D21) -> 5 | U12: =SUM(E18:E21) -> 3 | V12: =SUM(F18:F21) -> 0 | W12: =SUM(G18:G21) -> 0 | X12: =SUM(H18:H21) -> 0 | Y12: =SUM(I18:I21) -> 4 | Z12: =SUM(J18:J21) -> 1 | ... AF12: =SUM(P18:P21) -> 150
B13: 07.45 - 08.00 | C13: 5 | D13: 1 | E13: 0 | F13: 0 | G13: 0 | H13: 0 | I13: 0 | J13: 0 | K13: 0 | L13: 0 | M13: 27 | N13: 0 | O13: =SUM(C13:L13,N13) -> 6 | P13: =SUM(C13:N13) -> 33 | R13: 1000-1100 | S13: =SUM(C22:C25) -> 11 | T13: =SUM(D22:D25) -> 2 | U13: =SUM(E22:E25) -> 2 | V13: =SUM(F22:F25) -> 3 | W13: =SUM(G22:G25) -> 0 | X13: =SUM(H22:H25) -> 0 | Y13: =SUM(I22:I25) -> 8 | Z13: =SUM(J22:J25) -> 0 | ... AF13: =SUM(P22:P25) -> 148
B14: 08.00 - 08.15 | C14: 2 | D14: 1 | E14: 2 | F14: 0 | G14: 0 | H14: 0 | I14: 3 | J14: 0 | K14: 0 | L14: 0 | M14: 38 | N14: 0 | O14: =SUM(C14:L14,N14) -> 8 | P14: =SUM(C14:N14) -> 46 | R14: 1100-1200 | S14: =SUM(C26:C29) -> 14 | T14: =SUM(D26:D29) -> 6 | U14: =SUM(E26:E29) -> 2 | V14: =SUM(F26:F29) -> 2 | W14: =SUM(G26:G29) -> 0 | X14: =SUM(H26:H29) -> 0 | Y14: =SUM(I26:I29) -> 18 | Z14: =SUM(J26:J29) -> 0 | ... AF14: =SUM(P26:P29) -> 182
B15: 08.15 - 08.30 | C15: 5 | D15: 1 | E15: 0 | F15: 0 | G15: 0 | H15: 0 | I15: 0 | J15: 1 | K15: 0 | L15: 0 | M15: 36 | N15: 0 | O15: =SUM(C15:L15,N15) -> 7 | P15: =SUM(C15:N15) -> 43 | R15: 1200-1300 | S15: =SUM(C30:C33) -> 16 | T15: =SUM(D30:D33) -> 3 | U15: =SUM(E30:E33) -> 1 | V15: =SUM(F30:F33) -> 1 | W15: =SUM(G30:G33) -> 0 | X15: =SUM(H30:H33) -> 0 | Y15: =SUM(I30:I33) -> 10 | Z15: =SUM(J30:J33) -> 3 | ... AF15: =SUM(P30:P33) -> 153
B16: 08.30 - 08.45 | C16: 1 | D16: 1 | E16: 0 | F16: 0 | G16: 0 | H16: 0 | I16: 5 | J16: 1 | K16: 0 | L16: 0 | M16: 53 | N16: 0 | O16: =SUM(C16:L16,N16) -> 8 | P16: =SUM(C16:N16) -> 61 | R16: 1300-1400 | S16: =SUM(C34:C37) -> 23 | T16: =SUM(D34:D37) -> 2 | U16: =SUM(E34:E37) -> 1 | V16: =SUM(F34:F37) -> 1 | W16: =SUM(G34:G37) -> 1 | X16: =SUM(H34:H37) -> 0 | Y16: =SUM(I34:I37) -> 10 | Z16: =SUM(J34:J37) -> 1 | ... AF16: =SUM(P34:P37) -> 139
B17: 08.45 - 9.00 | C17: 2 | D17: 0 | E17: 1 | F17: 0 | G17: 0 | H17: 0 | I17: 2 | J17: 0 | K17: 0 | L17: 0 | M17: 25 | N17: 0 | O17: =SUM(C17:L17,N17) -> 5 | P17: =SUM(C17:N17) -> 30 | R17: 1400-1500 | S17: =SUM(C38:C41) -> 23 | T17: =SUM(D38:D41) -> 2 | U17: =SUM(E38:E41) -> 2 | V17: =SUM(F38:F41) -> 1 | W17: =SUM(G38:G41) -> 0 | X17: =SUM(H38:H41) -> 0 | Y17: =SUM(I38:I41) -> 11 | Z17: =SUM(J38:J41) -> 3 | ... AF17: =SUM(P38:P41) -> 176
B18: 09.00 - 09.15 | C18: 0 | D18: 0 | E18: 1 | F18: 0 | G18: 0 | H18: 0 | I18: 3 | J18: 0 | K18: 0 | L18: 0 | M18: 42 | N18: 0 | O18: =SUM(C18:L18,N18) -> 4 | P18: =SUM(C18:N18) -> 46 | R18: 1500-1600 | S18: =SUM(C42:C45) -> 15 | T18: =SUM(D42:D45) -> 1 | U18: =SUM(E42:E45) -> 0 | V18: =SUM(F42:F45) -> 0 | W18: =SUM(G42:G45) -> 0 | X18: =SUM(H42:H45) -> 0 | Y18: =SUM(I42:I45) -> 7 | Z18: =SUM(J42:J45) -> 3 | ... AF18: =SUM(P42:P45) -> 154
B19: 09.15 - 09.30 | C19: 3 | D19: 1 | E19: 1 | F19: 0 | G19: 0 | H19: 0 | I19: 1 | J19: 1 | K19: 0 | L19: 0 | M19: 34 | N19: 0 | O19: =SUM(C19:L19,N19) -> 7 | P19: =SUM(C19:N19) -> 41 | R19: 1600-1700 | S19: =SUM(C46:C49) -> 30 | T19: =SUM(D46:D49) -> 1 | U19: =SUM(E46:E49) -> 0 | V19: =SUM(F46:F49) -> 1 | W19: =SUM(G46:G49) -> 0 | X19: =SUM(H46:H49) -> 0 | Y19: =SUM(I46:I49) -> 5 | Z19: =SUM(J46:J49) -> 1 | ... AF19: =SUM(P46:P49) -> 126
B20: 09.30 - 09.45 | C20: 1 | D20: 4 | E20: 0 | F20: 0 | G20: 0 | H20: 0 | I20: 0 | J20: 0 | K20: 0 | L20: 0 | M20: 44 | N20: 0 | O20: =SUM(C20:L20,N20) -> 5 | P20: =SUM(C20:N20) -> 49 | R20: 1700-1800 | S20: =SUM(C50:C53) -> 20 | T20: =SUM(D50:D53) -> 0 | U20: =SUM(E50:E53) -> 0 | V20: =SUM(F50:F53) -> 0 | W20: =SUM(G50:G53) -> 0 | X20: =SUM(H50:H53) -> 0 | Y20: =SUM(I50:I53) -> 4 | Z20: =SUM(J50:J53) -> 1 | ... AF20: =SUM(P50:P53) -> 98
B21: 09.45 - 10.00 | C21: 4 | D21: 0 | E21: 1 | F21: 0 | G21: 0 | H21: 0 | I21: 0 | J21: 0 | K21: 0 | L21: 0 | M21: 9 | N21: 0 | O21: =SUM(C21:L21,N21) -> 5 | P21: =SUM(C21:N21) -> 14 | R21: 1800-1900 | S21: =SUM(C54:C57) -> 19 | T21: =SUM(D54:D57) -> 0 | U21: =SUM(E54:E57) -> 1 | V21: =SUM(F54:F57) -> 1 | W21: =SUM(G54:G57) -> 1 | X21: =SUM(H54:H57) -> 0 | Y21: =SUM(I54:I57) -> 4 | Z21: =SUM(J54:J57) -> 3 | ... AF21: =SUM(P54:P57) -> 143
B22: 10.00 - 10.15 | C22: 3 | D22: 1 | E22: 0 | F22: 1 | G22: 0 | H22: 0 | I22: 4 | J22: 0 | K22: 0 | L22: 0 | M22: 40 | N22: 0 | O22: =SUM(C22:L22,N22) -> 9 | P22: =SUM(C22:N22) -> 49 | R22: AM Peak Hr | S22: =MAX(S10:S12) -> 18 | T22: =MAX(T10:T12) -> 5 | U22: =MAX(U10:U12) -> 3 | V22: =MAX(V10:V12) -> 1 | W22: =MAX(W10:W12) -> 0 | X22: =MAX(X10:X12) -> 0 | Y22: =MAX(Y10:Y12) -> 10 | Z22: =MAX(Z10:Z12) -> 2 | ... AF22: =MAX(AF10:AF12) -> 180
B23: 10.15 - 10.30 | C23: 2 | D23: 0 | E23: 1 | F23: 2 | G23: 0 | H23: 0 | I23: 2 | J23: 0 | K23: 0 | L23: 0 | M23: 16 | N23: 0 | O23: =SUM(C23:L23,N23) -> 7 | P23: =SUM(C23:N23) -> 23 | R23: IP Peak Hr | S23: =MAX(S13:S18) -> 23 | T23: =MAX(T13:T18) -> 6 | U23: =MAX(U13:U18) -> 2 | V23: =MAX(V13:V18) -> 3 | W23: =MAX(W13:W18) -> 1 | X23: =MAX(X13:X18) -> 0 | Y23: =MAX(Y13:Y18) -> 18 | Z23: =MAX(Z13:Z18) -> 3 | ... AF23: =MAX(AF13:AF18) -> 182
B24: 10.30 - 10.45 | C24: 3 | D24: 1 | E24: 1 | F24: 0 | G24: 0 | H24: 0 | I24: 2 | J24: 0 | K24: 0 | L24: 0 | M24: 27 | N24: 0 | O24: =SUM(C24:L24,N24) -> 7 | P24: =SUM(C24:N24) -> 34 | R24: PM Peak Hr | S24: =MAX(S19:S21) -> 30 | T24: =MAX(T19:T21) -> 1 | U24: =MAX(U19:U21) -> 1 | V24: =MAX(V19:V21) -> 1 | W24: =MAX(W19:W21) -> 1 | X24: =MAX(X19:X21) -> 0 | Y24: =MAX(Y19:Y21) -> 5 | Z24: =MAX(Z19:Z21) -> 3 | ... AF24: =MAX(AF19:AF21) -> 143
B25: 10.45 - 11.00 | C25: 3 | D25: 0 | E25: 0 | F25: 0 | G25: 0 | H25: 0 | I25: 0 | J25: 0 | K25: 0 | L25: 0 | M25: 39 | N25: 0 | O25: =SUM(C25:L25,N25) -> 3 | P25: =SUM(C25:N25) -> 42 | R25: AM Period | S25: =SUM(S10:S12) -> 36 | T25: =SUM(T10:T12) -> 13 | U25: =SUM(U10:U12) -> 7 | V25: =SUM(V10:V12) -> 1 | W25: =SUM(W10:W12) -> 0 | X25: =SUM(X10:X12) -> 0 | Y25: =SUM(Y10:Y12) -> 14 | Z25: =SUM(Z10:Z12) -> 3 | ... AF25: =SUM(AF10:AF12) -> 423
B26: 11.00 - 11.15 | C26: 1 | D26: 0 | E26: 0 | F26: 0 | G26: 0 | H26: 0 | I26: 3 | J26: 0 | K26: 0 | L26: 0 | M26: 27 | N26: 0 | O26: =SUM(C26:L26,N26) -> 4 | P26: =SUM(C26:N26) -> 31 | R26: IP Period | S26: =SUM(S13:S18) -> 102 | T26: =SUM(T13:T18) -> 16 | U26: =SUM(U13:U18) -> 8 | V26: =SUM(V13:V18) -> 8 | W26: =SUM(W13:W18) -> 1 | X26: =SUM(X13:X18) -> 0 | Y26: =SUM(Y13:Y18) -> 64 | Z26: =SUM(Z13:Z18) -> 10 | ... AF26: =SUM(AF13:AF18) -> 952
B27: 11.15 - 11.30 | C27: 6 | D27: 1 | E27: 0 | F27: 2 | G27: 0 | H27: 0 | I27: 6 | J27: 0 | K27: 0 | L27: 0 | M27: 40 | N27: 0 | O27: =SUM(C27:L27,N27) -> 15 | P27: =SUM(C27:N27) -> 55 | R27: PM Period | S27: =SUM(S19:S21) -> 69 | T27: =SUM(T19:T21) -> 1 | U27: =SUM(U19:U21) -> 1 | V27: =SUM(V19:V21) -> 2 | W27: =SUM(W19:W21) -> 1 | X27: =SUM(X19:X21) -> 0 | Y27: =SUM(Y19:Y21) -> 13 | Z27: =SUM(Z19:Z21) -> 5 | ... AF27: =SUM(AF19:AF21) -> 367
B28: 11.30 - 11.45 | C28: 5 | D28: 2 | E28: 0 | F28: 0 | G28: 0 | H28: 0 | I28: 4 | J28: 0 | K28: 0 | L28: 0 | M28: 37 | N28: 0 | O28: =SUM(C28:L28,N28) -> 11 | P28: =SUM(C28:N28) -> 48 | R28: 12 Hours | S28: =SUM(S10:S21) -> 207 | T28: =SUM(T10:T21) -> 30 | U28: =SUM(U10:U21) -> 16 | V28: =SUM(V10:V21) -> 11 | W28: =SUM(W10:W21) -> 2 | X28: =SUM(X10:X21) -> 0 | Y28: =SUM(Y10:Y21) -> 91 | Z28: =SUM(Z10:Z21) -> 18 | ... AF28: =SUM(AF10:AF21) -> 1742
B29: 11.45 - 12.00 | C29: 2 | D29: 3 | E29: 2 | F29: 0 | G29: 0 | H29: 0 | I29: 5 | J29: 0 | K29: 0 | L29: 0 | M29: 36 | N29: 0 | O29: =SUM(C29:L29,N29) -> 12 | P29: =SUM(C29:N29) -> 48
B30: 12.00 - 12.15 | C30: 6 | D30: 1 | E30: 0 | F30: 0 | G30: 0 | H30: 0 | I30: 1 | J30: 0 | K30: 0 | L30: 0 | M30: 25 | N30: 0 | O30: =SUM(C30:L30,N30) -> 8 | P30: =SUM(C30:N30) -> 33
B31: 12.15 - 12.30 | C31: 4 | D31: 0 | E31: 0 | F31: 0 | G31: 0 | H31: 0 | I31: 2 | J31: 0 | K31: 1 | L31: 1 | M31: 37 | N31: 0 | O31: =SUM(C31:L31,N31) -> 8 | P31: =SUM(C31:N31) -> 45
B32: 12.30 - 12.45 | C32: 2 | D32: 0 | E32: 1 | F32: 0 | G32: 0 | H32: 0 | I32: 2 | J32: 3 | K32: 0 | L32: 0 | M32: 25 | N32: 0 | O32: =SUM(C32:L32,N32) -> 8 | P32: =SUM(C32:N32) -> 33
B33: 12.45 - 13.00 | C33: 4 | D33: 2 | E33: 0 | F33: 1 | G33: 0 | H33: 0 | I33: 5 | J33: 0 | K33: 0 | L33: 0 | M33: 30 | N33: 0 | O33: =SUM(C33:L33,N33) -> 12 | P33: =SUM(C33:N33) -> 42
B34: 13.00 - 13.15 | C34: 3 | D34: 0 | E34: 0 | F34: 1 | G34: 0 | H34: 0 | I34: 5 | J34: 0 | K34: 0 | L34: 0 | M34: 24 | N34: 0 | O34: =SUM(C34:L34,N34) -> 9 | P34: =SUM(C34:N34) -> 33
B35: 13.15 - 13.30 | C35: 9 | D35: 0 | E35: 1 | F35: 0 | G35: 1 | H35: 0 | I35: 1 | J35: 1 | K35: 0 | L35: 0 | M35: 14 | N35: 0 | O35: =SUM(C35:L35,N35) -> 13 | P35: =SUM(C35:N35) -> 27
B36: 13.30 - 13.45 | C36: 6 | D36: 1 | E36: 0 | F36: 0 | G36: 0 | H36: 0 | I36: 2 | J36: 0 | K36: 0 | L36: 0 | M36: 29 | N36: 0 | O36: =SUM(C36:L36,N36) -> 9 | P36: =SUM(C36:N36) -> 38
B37: 13.45 - 14.00 | C37: 5 | D37: 1 | E37: 0 | F37: 0 | G37: 0 | H37: 0 | I37: 2 | J37: 0 | K37: 0 | L37: 0 | M37: 33 | N37: 0 | O37: =SUM(C37:L37,N37) -> 8 | P37: =SUM(C37:N37) -> 41
B38: 14.00 - 14.15 | C38: 3 | D38: 1 | E38: 0 | F38: 0 | G38: 0 | H38: 0 | I38: 4 | J38: 0 | K38: 0 | L38: 0 | M38: 30 | N38: 0 | O38: =SUM(C38:L38,N38) -> 8 | P38: =SUM(C38:N38) -> 38
B39: 14.15 - 14.30 | C39: 7 | D39: 0 | E39: 0 | F39: 1 | G39: 0 | H39: 0 | I39: 2 | J39: 0 | K39: 0 | L39: 0 | M39: 37 | N39: 0 | O39: =SUM(C39:L39,N39) -> 10 | P39: =SUM(C39:N39) -> 47
B40: 14.30 - 14.45 | C40: 5 | D40: 1 | E40: 1 | F40: 0 | G40: 0 | H40: 0 | I40: 1 | J40: 2 | K40: 0 | L40: 0 | M40: 40 | N40: 0 | O40: =SUM(C40:L40,N40) -> 10 | P40: =SUM(C40:N40) -> 50
... B57: 18.45 - 19.00 | C57: 3 | D57: 0 | E57: 0 | F57: 0 | G57: 0 | H57: 0 | I57: 1 | J57: 0 | K57: 1 | L57: 0 | M57: 40 | N57: 0 | O57: =SUM(C57:L57,N57) -> 5 | P57: =SUM(C57:N57) -> 45
B58: Totals | C58: =SUM(C10:C57) -> 207 | D58: =SUM(D10:D57) -> 30 | E58: =SUM(E10:E57) -> 16 | F58: =SUM(F10:F57) -> 11 | G58: =SUM(G10:G57) -> 2 | H58: =SUM(H10:H57) -> 0 | I58: =SUM(I10:I57) -> 91 | J58: =SUM(J10:J57) -> 18 | ... P58: =SUM(P10:P57) -> 1742
B59: %ges + MCs | C59: =C58/$P$58 -> 0.11882893 | D59: =D58/$P$58 -> 0.017221584 | E59: =E58/$P$58 -> 0.009184845 | F59: =F58/$P$58 -> 0.0063145809 | G59: =G58/$P$58 -> 0.0011481056 | H59: =H58/$P$58 -> 0 | I59: =I58/$P$58 -> 0.052238806 | J59: =J58/$P$58 -> 0.010332951 | ... N59: =N58/$P$58 -> 0
B60: %ges w/o MCs | C60: =C58/$O$58 -> 0.54617414 | D60: =D58/$O$58 -> 0.079155673 | E60: =E58/$O$58 -> 0.042216359 | F60: =F58/$O$58 -> 0.029023747 | G60: =G58/$O$58 -> 0.0052770449 | H60: =H58/$O$58 -> 0 | I60: =I58/$O$58 -> 0.24010554 | J60: =J58/$O$58 -> 0.047493404 | ... L60: =L58/$O$58 -> 0.0026385224 | N60: =N58/$O$58 -> 0

Sheet 24.09 Bweya-Kajansi
B1: Consultancy services for Preparation of Expressway Development Master Plan (EDMP) for Uganda
B2: MANUAL CLASSIFIED COUNT (MCC)
B3: ROAD NAME: | C3: MCC - C2- STN56- MUNYONYO SPUR
C5: Date | D5: 24.09.19 | F5: Location | G5: KAWALI (56) | J5: Surveyor | K5: KASOMA JOHN
C6: Dir. From | D6: MUNYONYO | F6: Dir. To | G6: KAJJANSI | J6: Supervisor | K6: BEATRICE
B8: Time / Veh Type | R8: SUMMARY TRAFFIC VOLUMES
C9: 1. Car | D9: 2. Station Wagon | E9: 3. Pickups | F9: 4. Minibus, matatu | G9: 5. Medium bus | H9: 6. Large Bus | I9: 7. Light Truck | J9: 8. Medium Truck | K9: 9. Heavy truck | L9: 10. Truck Trailer | M9: 11. Motor cycles | N9: 12. Tractors | O9: Total Excl M/Cycles | P9: Total All | R9: Time | S9: 1. Car | T9: 2. Station Wagon | U9: 3. Pickups | V9: 4. Minibus, matatu | W9: 5. Medium bus | X9: 6. Large Bus | Y9: 7. Light Truck | Z9: 8. Medium Truck | AA9: 9. Heavy truck | AB9: 10. Truck Trailer | AC9: 11. Motorcycles | AD9: 12. Tractors, Graders | AE9: Total Excl M/ Cycles | AF9: Total All
B10: 07.00 - 07.15 | C10: 36 | D10: 7 | E10: 4 | F10: 3 | G10: 0 | H10: 0 | I10: 2 | J10: 0 | K10: 0 | L10: 0 | M10: 41 | N10: 0 | O10: =SUM(C10:L10,N10) -> 52 | P10: =SUM(C10:N10) -> 93 | R10: 0700-0800 | S10: =SUM(C10:C13) -> 138 | T10: =SUM(D10:D13) -> 37 | U10: =SUM(E10:E13) -> 10 | V10: =SUM(F10:F13) -> 13 | W10: =SUM(G10:G13) -> 0 | X10: =SUM(H10:H13) -> 1 | Y10: =SUM(I10:I13) -> 6 | Z10: =SUM(J10:J13) -> 0 | ... AF10: =SUM(P10:P13) -> 382
B11: 07.15 - 07.30 | C11: 36 | D11: 11 | E11: 1 | F11: 4 | G11: 0 | H11: 0 | I11: 2 | J11: 0 | K11: 0 | L11: 0 | M11: 44 | N11: 0 | O11: =SUM(C11:L11,N11) -> 54 | P11: =SUM(C11:N11) -> 98 | R11: 0800-0900 | S11: =SUM(C14:C17) -> 124 | T11: =SUM(D14:D17) -> 29 | U11: =SUM(E14:E17) -> 17 | V11: =SUM(F14:F17) -> 6 | W11: =SUM(G14:G17) -> 1 | X11: =SUM(H14:H17) -> 2 | Y11: =SUM(I14:I17) -> 4 | Z11: =SUM(J14:J17) -> 1 | ... AF11: =SUM(P14:P17) -> 367
B12: 07.30 - 07.45 | C12: 26 | D12: 11 | E12: 2 | F12: 1 | G12: 0 | H12: 0 | I12: 0 | J12: 0 | K12: 0 | L12: 0 | M12: 40 | N12: 0 | O12: =SUM(C12:L12,N12) -> 40 | P12: =SUM(C12:N12) -> 80 | R12: 0900-1000 | S12: =SUM(C18:C21) -> 95 | T12: =SUM(D18:D21) -> 44 | U12: =SUM(E18:E21) -> 25 | V12: =SUM(F18:F21) -> 6 | W12: =SUM(G18:G21) -> 3 | X12: =SUM(H18:H21) -> 1 | Y12: =SUM(I18:I21) -> 13 | Z12: =SUM(J18:J21) -> 1 | ... AF12: =SUM(P18:P21) -> 318
B13: 07.45 - 08.00 | C13: 40 | D13: 8 | E13: 3 | F13: 5 | G13: 0 | H13: 1 | I13: 2 | J13: 0 | K13: 0 | L13: 0 | M13: 52 | N13: 0 | O13: =SUM(C13:L13,N13) -> 59 | P13: =SUM(C13:N13) -> 111 | R13: 1000-1100 | S13: =SUM(C22:C25) -> 91 | T13: =SUM(D22:D25) -> 39 | U13: =SUM(E22:E25) -> 21 | V13: =SUM(F22:F25) -> 10 | W13: =SUM(G22:G25) -> 1 | X13: =SUM(H22:H25) -> 0 | Y13: =SUM(I22:I25) -> 19 | Z13: =SUM(J22:J25) -> 1 | ... AF13: =SUM(P22:P25) -> 305
B14: 08.00 - 08.15 | C14: 33 | D14: 5 | E14: 3 | F14: 1 | G14: 1 | H14: 0 | I14: 0 | J14: 0 | K14: 0 | L14: 0 | M14: 52 | N14: 0 | O14: =SUM(C14:L14,N14) -> 43 | P14: =SUM(C14:N14) -> 95 | R14: 1100-1200 | S14: =SUM(C26:C29) -> 92 | T14: =SUM(D26:D29) -> 22 | U14: =SUM(E26:E29) -> 13 | V14: =SUM(F26:F29) -> 5 | W14: =SUM(G26:G29) -> 2 | X14: =SUM(H26:H29) -> 0 | Y14: =SUM(I26:I29) -> 17 | Z14: =SUM(J26:J29) -> 4 | ... AF14: =SUM(P26:P29) -> 265
B15: 08.15 - 08.30 | C15: 38 | D15: 6 | E15: 6 | F15: 3 | G15: 0 | H15: 1 | I15: 0 | J15: 0 | K15: 0 | L15: 0 | M15: 41 | N15: 0 | O15: =SUM(C15:L15,N15) -> 54 | P15: =SUM(C15:N15) -> 95 | R15: 1200-1300 | S15: =SUM(C30:C33) -> 104 | T15: =SUM(D30:D33) -> 16 | U15: =SUM(E30:E33) -> 15 | V15: =SUM(F30:F33) -> 2 | W15: =SUM(G30:G33) -> 0 | X15: =SUM(H30:H33) -> 0 | Y15: =SUM(I30:I33) -> 8 | Z15: =SUM(J30:J33) -> 10 | ... AF15: =SUM(P30:P33) -> 269
B16: 08.30 - 08.45 | C16: 20 | D16: 12 | E16: 3 | F16: 1 | G16: 0 | H16: 1 | I16: 2 | J16: 1 | K16: 0 | L16: 0 | M16: 51 | N16: 0 | O16: =SUM(C16:L16,N16) -> 40 | P16: =SUM(C16:N16) -> 91 | R16: 1300-1400 | S16: =SUM(C34:C37) -> 102 | T16: =SUM(D34:D37) -> 38 | U16: =SUM(E34:E37) -> 11 | V16: =SUM(F34:F37) -> 5 | W16: =SUM(G34:G37) -> 3 | X16: =SUM(H34:H37) -> 0 | Y16: =SUM(I34:I37) -> 33 | Z16: =SUM(J34:J37) -> 2 | ... AF16: =SUM(P34:P37) -> 323
B17: 08.45 - 9.00 | C17: 33 | D17: 6 | E17: 5 | F17: 1 | G17: 0 | H17: 0 | I17: 2 | J17: 0 | K17: 0 | L17: 0 | M17: 39 | N17: 0 | O17: =SUM(C17:L17,N17) -> 47 | P17: =SUM(C17:N17) -> 86 | R17: 1400-1500 | S17: =SUM(C38:C41) -> 67 | T17: =SUM(D38:D41) -> 22 | U17: =SUM(E38:E41) -> 16 | V17: =SUM(F38:F41) -> 3 | W17: =SUM(G38:G41) -> 1 | X17: =SUM(H38:H41) -> 1 | Y17: =SUM(I38:I41) -> 19 | Z17: =SUM(J38:J41) -> 0 | ... AF17: =SUM(P38:P41) -> 246
B18: 09.00 - 09.15 | C18: 20 | D18: 15 | E18: 9 | F18: 3 | G18: 0 | H18: 0 | I18: 4 | J18: 0 | K18: 0 | L18: 0 | M18: 36 | N18: 0 | O18: =SUM(C18:L18,N18) -> 51 | P18: =SUM(C18:N18) -> 87 | R18: 1500-1600 | S18: =SUM(C42:C45) -> 75 | T18: =SUM(D42:D45) -> 22 | U18: =SUM(E42:E45) -> 9 | V18: =SUM(F42:F45) -> 15 | W18: =SUM(G42:G45) -> 1 | X18: =SUM(H42:H45) -> 0 | Y18: =SUM(I42:I45) -> 24 | Z18: =SUM(J42:J45) -> 2 | ... AF18: =SUM(P42:P45) -> 283
B19: 09.15 - 09.30 | C19: 24 | D19: 10 | E19: 10 | F19: 1 | G19: 2 | H19: 0 | I19: 2 | J19: 1 | K19: 0 | L19: 0 | M19: 32 | N19: 0 | O19: =SUM(C19:L19,N19) -> 50 | P19: =SUM(C19:N19) -> 82 | R19: 1600-1700 | S19: =SUM(C46:C49) -> 93 | T19: =SUM(D46:D49) -> 33 | U19: =SUM(E46:E49) -> 8 | V19: =SUM(F46:F49) -> 10 | W19: =SUM(G46:G49) -> 3 | X19: =SUM(H46:H49) -> 0 | Y19: =SUM(I46:I49) -> 21 | Z19: =SUM(J46:J49) -> 6 | ... AF19: =SUM(P46:P49) -> 294
B20: 09.30 - 09.45 | C20: 30 | D20: 11 | E20: 4 | F20: 1 | G20: 1 | H20: 0 | I20: 4 | J20: 0 | K20: 0 | L20: 0 | M20: 30 | N20: 0 | O20: =SUM(C20:L20,N20) -> 51 | P20: =SUM(C20:N20) -> 81 | R20: 1700-1800 | S20: =SUM(C50:C53) -> 194 | T20: =SUM(D50:D53) -> 20 | U20: =SUM(E50:E53) -> 20 | V20: =SUM(F50:F53) -> 8 | W20: =SUM(G50:G53) -> 8 | X20: =SUM(H50:H53) -> 7 | Y20: =SUM(I50:I53) -> 17 | Z20: =SUM(J50:J53) -> 10 | ... AF20: =SUM(P50:P53) -> 491
B21: 09.45 - 10.00 | C21: 21 | D21: 8 | E21: 2 | F21: 1 | G21: 0 | H21: 1 | I21: 3 | J21: 0 | K21: 0 | L21: 0 | M21: 32 | N21: 0 | O21: =SUM(C21:L21,N21) -> 36 | P21: =SUM(C21:N21) -> 68 | R21: 1800-1900 | S21: =SUM(C54:C57) -> 123 | T21: =SUM(D54:D57) -> 24 | U21: =SUM(E54:E57) -> 22 | V21: =SUM(F54:F57) -> 13 | W21: =SUM(G54:G57) -> 1 | X21: =SUM(H54:H57) -> 0 | Y21: =SUM(I54:I57) -> 10 | Z21: =SUM(J54:J57) -> 1 | ... AF21: =SUM(P54:P57) -> 292
B22: 10.00 - 10.15 | C22: 22 | D22: 12 | E22: 3 | F22: 2 | G22: 1 | H22: 0 | I22: 6 | J22: 0 | K22: 0 | L22: 0 | M22: 40 | N22: 0 | O22: =SUM(C22:L22,N22) -> 46 | P22: =SUM(C22:N22) -> 86 | R22: AM Peak Hr | S22: =MAX(S10:S12) -> 138 | T22: =MAX(T10:T12) -> 44 | U22: =MAX(U10:U12) -> 25 | V22: =MAX(V10:V12) -> 13 | W22: =MAX(W10:W12) -> 3 | X22: =MAX(X10:X12) -> 2 | Y22: =MAX(Y10:Y12) -> 13 | Z22: =MAX(Z10:Z12) -> 1 | ... AF22: =MAX(AF10:AF12) -> 382
B23: 10.15 - 10.30 | C23: 27 | D23: 14 | E23: 5 | F23: 3 | G23: 0 | H23: 0 | I23: 1 | J23: 1 | K23: 0 | L23: 0 | M23: 37 | N23: 0 | O23: =SUM(C23:L23,N23) -> 51 | P23: =SUM(C23:N23) -> 88 | R23: IP Peak Hr | S23: =MAX(S13:S18) -> 104 | T23: =MAX(T13:T18) -> 39 | U23: =MAX(U13:U18) -> 21 | V23: =MAX(V13:V18) -> 15 | W23: =MAX(W13:W18) -> 3 | X23: =MAX(X13:X18) -> 1 | Y23: =MAX(Y13:Y18) -> 33 | Z23: =MAX(Z13:Z18) -> 10 | ... AF23: =MAX(AF13:AF18) -> 323
B24: 10.30 - 10.45 | C24: 13 | D24: 7 | E24: 8 | F24: 0 | G24: 0 | H24: 0 | I24: 5 | J24: 0 | K24: 0 | L24: 0 | M24: 28 | N24: 0 | O24: =SUM(C24:L24,N24) -> 33 | P24: =SUM(C24:N24) -> 61 | R24: PM Peak Hr | S24: =MAX(S19:S21) -> 194 | T24: =MAX(T19:T21) -> 33 | U24: =MAX(U19:U21) -> 22 | V24: =MAX(V19:V21) -> 13 | W24: =MAX(W19:W21) -> 8 | X24: =MAX(X19:X21) -> 7 | Y24: =MAX(Y19:Y21) -> 21 | Z24: =MAX(Z19:Z21) -> 10 | ... AF24: =MAX(AF19:AF21) -> 491
B25: 10.45 - 11.00 | C25: 29 | D25: 6 | E25: 5 | F25: 5 | G25: 0 | H25: 0 | I25: 7 | J25: 0 | K25: 0 | L25: 0 | M25: 18 | N25: 0 | O25: =SUM(C25:L25,N25) -> 52 | P25: =SUM(C25:N25) -> 70 | R25: AM Period | S25: =SUM(S10:S12) -> 357 | T25: =SUM(T10:T12) -> 110 | U25: =SUM(U10:U12) -> 52 | V25: =SUM(V10:V12) -> 25 | W25: =SUM(W10:W12) -> 4 | X25: =SUM(X10:X12) -> 4 | Y25: =SUM(Y10:Y12) -> 23 | Z25: =SUM(Z10:Z12) -> 2 | ... AF25: =SUM(AF10:AF12) -> 1067
B26: 11.00 - 11.15 | C26: 14 | D26: 4 | E26: 4 | F26: 1 | G26: 0 | H26: 0 | I26: 6 | J26: 1 | K26: 0 | L26: 0 | M26: 28 | N26: 0 | O26: =SUM(C26:L26,N26) -> 30 | P26: =SUM(C26:N26) -> 58 | R26: IP Period | S26: =SUM(S13:S18) -> 531 | T26: =SUM(T13:T18) -> 159 | U26: =SUM(U13:U18) -> 85 | V26: =SUM(V13:V18) -> 40 | W26: =SUM(W13:W18) -> 8 | X26: =SUM(X13:X18) -> 1 | Y26: =SUM(Y13:Y18) -> 120 | Z26: =SUM(Z13:Z18) -> 19 | ... AF26: =SUM(AF13:AF18) -> 1691
B27: 11.15 - 11.30 | C27: 32 | D27: 2 | E27: 1 | F27: 2 | G27: 0 | H27: 0 | I27: 6 | J27: 0 | K27: 0 | L27: 0 | M27: 30 | N27: 0 | O27: =SUM(C27:L27,N27) -> 43 | P27: =SUM(C27:N27) -> 73 | R27: PM Period | S27: =SUM(S19:S21) -> 410 | T27: =SUM(T19:T21) -> 77 | U27: =SUM(U19:U21) -> 50 | V27: =SUM(V19:V21) -> 31 | W27: =SUM(W19:W21) -> 12 | X27: =SUM(X19:X21) -> 7 | Y27: =SUM(Y19:Y21) -> 48 | Z27: =SUM(Z19:Z21) -> 17 | ... AF27: =SUM(AF19:AF21) -> 1077
B28: 11.30 - 11.45 | C28: 25 | D28: 13 | E28: 1 | F28: 0 | G28: 0 | H28: 0 | I28: 2 | J28: 1 | K28: 0 | L28: 0 | M28: 31 | N28: 0 | O28: =SUM(C28:L28,N28) -> 42 | P28: =SUM(C28:N28) -> 73 | R28: 12 Hours | S28: =SUM(S10:S21) -> 1298 | T28: =SUM(T10:T21) -> 346 | U28: =SUM(U10:U21) -> 187 | V28: =SUM(V10:V21) -> 96 | W28: =SUM(W10:W21) -> 24 | X28: =SUM(X10:X21) -> 12 | Y28: =SUM(Y10:Y21) -> 191 | Z28: =SUM(Z10:Z21) -> 38 | ... AF28: =SUM(AF10:AF21) -> 3835
B29: 11.45 - 12.00 | C29: 21 | D29: 3 | E29: 7 | F29: 2 | G29: 2 | H29: 0 | I29: 3 | J29: 2 | K29: 0 | L29: 0 | M29: 21 | N29: 0 | O29: =SUM(C29:L29,N29) -> 40 | P29: =SUM(C29:N29) -> 61
B30: 12.00 - 12.15 | C30: 29 | D30: 2 | E30: 6 | F30: 0 | G30: 0 | H30: 0 | I30: 2 | J30: 4 | K30: 1 | L30: 1 | M30: 33 | N30: 0 | O30: =SUM(C30:L30,N30) -> 45 | P30: =SUM(C30:N30) -> 78
B31: 12.15 - 12.30 | C31: 33 | D31: 2 | E31: 2 | F31: 0 | G31: 0 | H31: 0 | I31: 3 | J31: 3 | K31: 0 | L31: 0 | M31: 27 | N31: 0 | O31: =SUM(C31:L31,N31) -> 43 | P31: =SUM(C31:N31) -> 70
B32: 12.30 - 12.45 | C32: 13 | D32: 1 | E32: 6 | F32: 0 | G32: 0 | H32: 0 | I32: 1 | J32: 2 | K32: 0 | L32: 0 | M32: 22 | N32: 0 | O32: =SUM(C32:L32,N32) -> 23 | P32: =SUM(C32:N32) -> 45
B33: 12.45 - 13.00 | C33: 29 | D33: 11 | E33: 1 | F33: 2 | G33: 0 | H33: 0 | I33: 2 | J33: 1 | K33: 0 | L33: 0 | M33: 30 | N33: 0 | O33: =SUM(C33:L33,N33) -> 46 | P33: =SUM(C33:N33) -> 76
B34: 13.00 - 13.15 | C34: 31 | D34: 12 | E34: 4 | F34: 1 | G34: 2 | H34: 0 | I34: 6 | J34: 1 | K34: 0 | L34: 0 | M34: 34 | N34: 0 | O34: =SUM(C34:L34,N34) -> 57 | P34: =SUM(C34:N34) -> 91
B35: 13.15 - 13.30 | C35: 25 | D35: 10 | E35: 3 | F35: 1 | G35: 0 | H35: 0 | I35: 7 | J35: 1 | K35: 0 | L35: 0 | M35: 35 | N35: 0 | O35: =SUM(C35:L35,N35) -> 47 | P35: =SUM(C35:N35) -> 82
B36: 13.30 - 13.45 | C36: 22 | D36: 6 | E36: 2 | F36: 3 | G36: 1 | H36: 0 | I36: 5 | J36: 0 | K36: 0 | L36: 0 | M36: 21 | N36: 0 | O36: =SUM(C36:L36,N36) -> 39 | P36: =SUM(C36:N36) -> 60
B37: 13.45 - 14.00 | C37: 24 | D37: 10 | E37: 2 | F37: 0 | G37: 0 | H37: 0 | I37: 15 | J37: 0 | K37: 0 | L37: 0 | M37: 39 | N37: 0 | O37: =SUM(C37:L37,N37) -> 51 | P37: =SUM(C37:N37) -> 90
B38: 14.00 - 14.15 | C38: 24 | D38: 8 | E38: 4 | F38: 0 | G38: 1 | H38: 0 | I38: 4 | J38: 0 | K38: 0 | L38: 0 | M38: 23 | N38: 0 | O38: =SUM(C38:L38,N38) -> 41 | P38: =SUM(C38:N38) -> 64
B39: 14.15 - 14.30 | C39: 11 | D39: 1 | E39: 1 | F39: 1 | G39: 0 | H39: 1 | I39: 5 | J39: 0 | K39: 0 | L39: 0 | M39: 31 | N39: 0 | O39: =SUM(C39:L39,N39) -> 20 | P39: =SUM(C39:N39) -> 51
B40: 14.30 - 14.45 | C40: 17 | D40: 5 | E40: 7 | F40: 0 | G40: 0 | H40: 0 | I40: 5 | J40: 0 | K40: 0 | L40: 0 | M40: 31 | N40: 0 | O40: =SUM(C40:L40,N40) -> 34 | P40: =SUM(C40:N40) -> 65
... B57: 18.45 - 19.00 | C57: 42 | D57: 10 | E57: 5 | F57: 2 | G57: 1 | H57: 0 | I57: 4 | J57: 0 | K57: 0 | L57: 0 | M57: 31 | N57: 0 | O57: =SUM(C57:L57,N57) -> 64 | P57: =SUM(C57:N57) -> 95
B58: Totals | C58: =SUM(C10:C57) -> 1298 | D58: =SUM(D10:D57) -> 346 | E58: =SUM(E10:E57) -> 187 | F58: =SUM(F10:F57) -> 96 | G58: =SUM(G10:G57) -> 24 | H58: =SUM(H10:H57) -> 12 | I58: =SUM(I10:I57) -> 191 | J58: =SUM(J10:J57) -> 38 | ... P58: =SUM(P10:P57) -> 3835
B59: %ges + MCs | C59: =C58/$P$58 -> 0.33846154 | D59: =D58/$P$58 -> 0.090221643 | E59: =E58/$P$58 -> 0.048761408 | F59: =F58/$P$58 -> 0.025032595 | G59: =G58/$P$58 -> 0.0062581486 | H59: =H58/$P$58 -> 0.0031290743 | I59: =I58/$P$58 -> 0.049804433 | J59: =J58/$P$58 -> 0.0099087353 | ... N59: =N58/$P$58 -> 0
B60: %ges w/o MCs | C60: =C58/$O$58 -> 0.59107468 | D60: =D58/$O$58 -> 0.1575592 | E60: =E58/$O$58 -> 0.085154827 | F60: =F58/$O$58 -> 0.043715847 | G60: =G58/$O$58 -> 0.010928962 | H60: =H58/$O$58 -> 0.0054644809 | I60: =I58/$O$58 -> 0.086976321 | J60: =J58/$O$58 -> 0.017304189 | ... L60: =L58/$O$58 -> 0.00045537341 | N60: =N58/$O$58 -> 0

Sheet 24.09 Kajansi-Bweya
B1: Consultancy services for Preparation of Expressway Development Master Plan (EDMP) for Uganda
B2: MANUAL CLASSIFIED COUNT (MCC)
B3: ROAD NAME: | C3: ='[1]24.09.2019 MUNYONYO-KAJJANSI'!C3:G3 -> MCC - C2- STN56- MUNYONYO SPUR
C5: Date | D5: ='[1]24.09.2019 MUNYONYO-KAJJANSI'!D5 -> 24.09.19 | F5: Location | G5: ='[1]24.09.2019 MUNYONYO-KAJJANSI'!G5:H5 -> KAWALI (56) | J5: Surveyor | K5: ='[1]24.09.2019 MUNYONYO-KAJJANSI'!K5:L5 -> KASOMA JOHN
C6: Dir. From | D6: KAJJANSI | F6: Dir. To | G6: MUNYONYO | J6: Supervisor | K6: ='[1]24.09.2019 MUNYONYO-KAJJANSI'!K6:L6 -> BEATRICE
B8: Time / Veh Type | R8: SUMMARY TRAFFIC VOLUMES
C9: 1. Car | D9: 2. Station Wagon | E9: 3. Pickups | F9: 4. Minibus, matatu | G9: 5. Medium bus | H9: 6. Large Bus | I9: 7. Light Truck | J9: 8. Medium Truck | K9: 9. Heavy truck | L9: 10. Truck Trailer | M9: 11. Motor cycles | N9: 12. Tractors | O9: Total Excl M/Cycles | P9: Total All | R9: Time | S9: 1. Car | T9: 2. Station Wagon | U9: 3. Pickups | V9: 4. Minibus, matatu | W9: 5. Medium bus | X9: 6. Large Bus | Y9: 7. Light Truck | Z9: 8. Medium Truck | AA9: 9. Heavy truck | AB9: 10. Truck Trailer | AC9: 11. Motorcycles | AD9: 12. Tractors, Graders | AE9: Total Excl M/ Cycles | AF9: Total All
B10: 07.00 - 07.15 | C10: 35 | D10: 9 | E10: 4 | F10: 1 | G10: 0 | H10: 0 | I10: 4 | J10: 0 | K10: 0 | L10: 0 | M10: 25 | N10: 0 | O10: =SUM(C10:L10,N10) -> 53 | P10: =SUM(C10:N10) -> 78 | R10: 0700-0800 | S10: =SUM(C10:C13) -> 179 | T10: =SUM(D10:D13) -> 47 | U10: =SUM(E10:E13) -> 23 | V10: =SUM(F10:F13) -> 11 | W10: =SUM(G10:G13) -> 1 | X10: =SUM(H10:H13) -> 0 | Y10: =SUM(I10:I13) -> 14 | Z10: =SUM(J10:J13) -> 0 | ... AF10: =SUM(P10:P13) -> 414
B11: 07.15 - 07.30 | C11: 47 | D11: 14 | E11: 9 | F11: 4 | G11: 0 | H11: 0 | I11: 5 | J11: 0 | K11: 0 | L11: 0 | M11: 38 | N11: 0 | O11: =SUM(C11:L11,N11) -> 79 | P11: =SUM(C11:N11) -> 117 | R11: 0800-0900 | S11: =SUM(C14:C17) -> 116 | T11: =SUM(D14:D17) -> 17 | U11: =SUM(E14:E17) -> 23 | V11: =SUM(F14:F17) -> 5 | W11: =SUM(G14:G17) -> 0 | X11: =SUM(H14:H17) -> 0 | Y11: =SUM(I14:I17) -> 13 | Z11: =SUM(J14:J17) -> 3 | ... AF11: =SUM(P14:P17) -> 283
B12: 07.30 - 07.45 | C12: 53 | D12: 14 | E12: 3 | F12: 5 | G12: 1 | H12: 0 | I12: 1 | J12: 0 | K12: 0 | L12: 0 | M12: 39 | N12: 0 | O12: =SUM(C12:L12,N12) -> 77 | P12: =SUM(C12:N12) -> 116 | R12: 0900-1000 | S12: =SUM(C18:C21) -> 93 | T12: =SUM(D18:D21) -> 8 | U12: =SUM(E18:E21) -> 12 | V12: =SUM(F18:F21) -> 4 | W12: =SUM(G18:G21) -> 0 | X12: =SUM(H18:H21) -> 0 | Y12: =SUM(I18:I21) -> 12 | Z12: =SUM(J18:J21) -> 2 | ... AF12: =SUM(P18:P21) -> 245
B13: 07.45 - 08.00 | C13: 44 | D13: 10 | E13: 7 | F13: 1 | G13: 0 | H13: 0 | I13: 4 | J13: 0 | K13: 0 | L13: 0 | M13: 37 | N13: 0 | O13: =SUM(C13:L13,N13) -> 66 | P13: =SUM(C13:N13) -> 103 | R13: 1000-1100 | S13: =SUM(C22:C25) -> 117 | T13: =SUM(D22:D25) -> 7 | U13: =SUM(E22:E25) -> 19 | V13: =SUM(F22:F25) -> 1 | W13: =SUM(G22:G25) -> 1 | X13: =SUM(H22:H25) -> 0 | Y13: =SUM(I22:I25) -> 13 | Z13: =SUM(J22:J25) -> 8 | ... AF13: =SUM(P22:P25) -> 259
B14: 08.00 - 08.15 | C14: 41 | D14: 13 | E14: 9 | F14: 2 | G14: 0 | H14: 0 | I14: 4 | J14: 0 | K14: 0 | L14: 0 | M14: 47 | N14: 0 | O14: =SUM(C14:L14,N14) -> 69 | P14: =SUM(C14:N14) -> 116 | R14: 1100-1200 | S14: =SUM(C26:C29) -> 110 | T14: =SUM(D26:D29) -> 8 | U14: =SUM(E26:E29) -> 13 | V14: =SUM(F26:F29) -> 1 | W14: =SUM(G26:G29) -> 0 | X14: =SUM(H26:H29) -> 0 | Y14: =SUM(I26:I29) -> 13 | Z14: =SUM(J26:J29) -> 13 | ... AF14: =SUM(P26:P29) -> 278
B15: 08.15 - 08.30 | C15: 25 | D15: 2 | E15: 4 | F15: 1 | G15: 0 | H15: 0 | I15: 5 | J15: 0 | K15: 0 | L15: 0 | M15: 21 | N15: 0 | O15: =SUM(C15:L15,N15) -> 37 | P15: =SUM(C15:N15) -> 58 | R15: 1200-1300 | S15: =SUM(C30:C33) -> 79 | T15: =SUM(D30:D33) -> 8 | U15: =SUM(E30:E33) -> 9 | V15: =SUM(F30:F33) -> 1 | W15: =SUM(G30:G33) -> 0 | X15: =SUM(H30:H33) -> 0 | Y15: =SUM(I30:I33) -> 11 | Z15: =SUM(J30:J33) -> 9 | ... AF15: =SUM(P30:P33) -> 190
B16: 08.30 - 08.45 | C16: 22 | D16: 2 | E16: 6 | F16: 2 | G16: 0 | H16: 0 | I16: 2 | J16: 0 | K16: 0 | L16: 0 | M16: 19 | N16: 0 | O16: =SUM(C16:L16,N16) -> 34 | P16: =SUM(C16:N16) -> 53 | R16: 1300-1400 | S16: =SUM(C34:C37) -> 119 | T16: =SUM(D34:D37) -> 10 | U16: =SUM(E34:E37) -> 14 | V16: =SUM(F34:F37) -> 2 | W16: =SUM(G34:G37) -> 1 | X16: =SUM(H34:H37) -> 0 | Y16: =SUM(I34:I37) -> 19 | Z16: =SUM(J34:J37) -> 4 | ... AF16: =SUM(P34:P37) -> 268
B17: 08.45 - 9.00 | C17: 28 | D17: 0 | E17: 4 | F17: 0 | G17: 0 | H17: 0 | I17: 2 | J17: 3 | K17: 0 | L17: 0 | M17: 19 | N17: 0 | O17: =SUM(C17:L17,N17) -> 37 | P17: =SUM(C17:N17) -> 56 | R17: 1400-1500 | S17: =SUM(C38:C41) -> 79 | T17: =SUM(D38:D41) -> 24 | U17: =SUM(E38:E41) -> 15 | V17: =SUM(F38:F41) -> 4 | W17: =SUM(G38:G41) -> 3 | X17: =SUM(H38:H41) -> 0 | Y17: =SUM(I38:I41) -> 15 | Z17: =SUM(J38:J41) -> 5 | ... AF17: =SUM(P38:P41) -> 236
B18: 09.00 - 09.15 | C18: 26 | D18: 3 | E18: 4 | F18: 0 | G18: 0 | H18: 0 | I18: 3 | J18: 0 | K18: 1 | L18: 0 | M18: 36 | N18: 0 | O18: =SUM(C18:L18,N18) -> 37 | P18: =SUM(C18:N18) -> 73 | R18: 1500-1600 | S18: =SUM(C42:C45) -> 179 | T18: =SUM(D42:D45) -> 18 | U18: =SUM(E42:E45) -> 24 | V18: =SUM(F42:F45) -> 2 | W18: =SUM(G42:G45) -> 4 | X18: =SUM(H42:H45) -> 0 | Y18: =SUM(I42:I45) -> 11 | Z18: =SUM(J42:J45) -> 20 | ... AF18: =SUM(P42:P45) -> 447
B19: 09.15 - 09.30 | C19: 22 | D19: 4 | E19: 3 | F19: 4 | G19: 0 | H19: 0 | I19: 6 | J19: 1 | K19: 0 | L19: 0 | M19: 19 | N19: 0 | O19: =SUM(C19:L19,N19) -> 40 | P19: =SUM(C19:N19) -> 59 | R19: 1600-1700 | S19: =SUM(C46:C49) -> 169 | T19: =SUM(D46:D49) -> 4 | U19: =SUM(E46:E49) -> 21 | V19: =SUM(F46:F49) -> 2 | W19: =SUM(G46:G49) -> 1 | X19: =SUM(H46:H49) -> 0 | Y19: =SUM(I46:I49) -> 13 | Z19: =SUM(J46:J49) -> 8 | ... AF19: =SUM(P46:P49) -> 357
B20: 09.30 - 09.45 | C20: 23 | D20: 0 | E20: 4 | F20: 0 | G20: 0 | H20: 0 | I20: 1 | J20: 1 | K20: 0 | L20: 0 | M20: 27 | N20: 0 | O20: =SUM(C20:L20,N20) -> 29 | P20: =SUM(C20:N20) -> 56 | R20: 1700-1800 | S20: =SUM(C50:C53) -> 193 | T20: =SUM(D50:D53) -> 13 | U20: =SUM(E50:E53) -> 20 | V20: =SUM(F50:F53) -> 2 | W20: =SUM(G50:G53) -> 4 | X20: =SUM(H50:H53) -> 0 | Y20: =SUM(I50:I53) -> 7 | Z20: =SUM(J50:J53) -> 6 | ... AF20: =SUM(P50:P53) -> 398
B21: 09.45 - 10.00 | C21: 22 | D21: 1 | E21: 1 | F21: 0 | G21: 0 | H21: 0 | I21: 2 | J21: 0 | K21: 0 | L21: 0 | M21: 31 | N21: 0 | O21: =SUM(C21:L21,N21) -> 26 | P21: =SUM(C21:N21) -> 57 | R21: 1800-1900 | S21: =SUM(C54:C57) -> 164 | T21: =SUM(D54:D57) -> 3 | U21: =SUM(E54:E57) -> 12 | V21: =SUM(F54:F57) -> 1 | W21: =SUM(G54:G57) -> 1 | X21: =SUM(H54:H57) -> 0 | Y21: =SUM(I54:I57) -> 9 | Z21: =SUM(J54:J57) -> 3 | ... AF21: =SUM(P54:P57) -> 276
B22: 10.00 - 10.15 | C22: 35 | D22: 0 | E22: 7 | F22: 0 | G22: 1 | H22: 0 | I22: 2 | J22: 2 | K22: 0 | L22: 0 | M22: 30 | N22: 0 | O22: =SUM(C22:L22,N22) -> 47 | P22: =SUM(C22:N22) -> 77 | R22: AM Peak Hr | S22: =MAX(S10:S12) -> 179 | T22: =MAX(T10:T12) -> 47 | U22: =MAX(U10:U12) -> 23 | V22: =MAX(V10:V12) -> 11 | W22: =MAX(W10:W12) -> 1 | X22: =MAX(X10:X12) -> 0 | Y22: =MAX(Y10:Y12) -> 14 | Z22: =MAX(Z10:Z12) -> 3 | ... AF22: =MAX(AF10:AF12) -> 414
B23: 10.15 - 10.30 | C23: 33 | D23: 1 | E23: 4 | F23: 1 | G23: 0 | H23: 0 | I23: 4 | J23: 1 | K23: 0 | L23: 0 | M23: 23 | N23: 0 | O23: =SUM(C23:L23,N23) -> 44 | P23: =SUM(C23:N23) -> 67 | R23: IP Peak Hr | S23: =MAX(S13:S18) -> 179 | T23: =MAX(T13:T18) -> 24 | U23: =MAX(U13:U18) -> 24 | V23: =MAX(V13:V18) -> 4 | W23: =MAX(W13:W18) -> 4 | X23: =MAX(X13:X18) -> 0 | Y23: =MAX(Y13:Y18) -> 19 | Z23: =MAX(Z13:Z18) -> 20 | ... AF23: =MAX(AF13:AF18) -> 447
B24: 10.30 - 10.45 | C24: 25 | D24: 5 | E24: 6 | F24: 0 | G24: 0 | H24: 0 | I24: 3 | J24: 5 | K24: 0 | L24: 0 | M24: 24 | N24: 0 | O24: =SUM(C24:L24,N24) -> 44 | P24: =SUM(C24:N24) -> 68 | R24: PM Peak Hr | S24: =MAX(S19:S21) -> 193 | T24: =MAX(T19:T21) -> 13 | U24: =MAX(U19:U21) -> 21 | V24: =MAX(V19:V21) -> 2 | W24: =MAX(W19:W21) -> 4 | X24: =MAX(X19:X21) -> 0 | Y24: =MAX(Y19:Y21) -> 13 | Z24: =MAX(Z19:Z21) -> 8 | ... AF24: =MAX(AF19:AF21) -> 398
B25: 10.45 - 11.00 | C25: 24 | D25: 1 | E25: 2 | F25: 0 | G25: 0 | H25: 0 | I25: 4 | J25: 0 | K25: 0 | L25: 0 | M25: 16 | N25: 0 | O25: =SUM(C25:L25,N25) -> 31 | P25: =SUM(C25:N25) -> 47 | R25: AM Period | S25: =SUM(S10:S12) -> 388 | T25: =SUM(T10:T12) -> 72 | U25: =SUM(U10:U12) -> 58 | V25: =SUM(V10:V12) -> 20 | W25: =SUM(W10:W12) -> 1 | X25: =SUM(X10:X12) -> 0 | Y25: =SUM(Y10:Y12) -> 39 | Z25: =SUM(Z10:Z12) -> 5 | ... AF25: =SUM(AF10:AF12) -> 942
B26: 11.00 - 11.15 | C26: 31 | D26: 0 | E26: 1 | F26: 0 | G26: 0 | H26: 0 | I26: 6 | J26: 3 | K26: 0 | L26: 0 | M26: 30 | N26: 0 | O26: =SUM(C26:L26,N26) -> 41 | P26: =SUM(C26:N26) -> 71 | R26: IP Period | S26: =SUM(S13:S18) -> 683 | T26: =SUM(T13:T18) -> 75 | U26: =SUM(U13:U18) -> 94 | V26: =SUM(V13:V18) -> 11 | W26: =SUM(W13:W18) -> 9 | X26: =SUM(X13:X18) -> 0 | Y26: =SUM(Y13:Y18) -> 82 | Z26: =SUM(Z13:Z18) -> 59 | ... AF26: =SUM(AF13:AF18) -> 1678
B27: 11.15 - 11.30 | C27: 25 | D27: 0 | E27: 2 | F27: 0 | G27: 0 | H27: 0 | I27: 1 | J27: 4 | K27: 1 | L27: 0 | M27: 38 | N27: 0 | O27: =SUM(C27:L27,N27) -> 33 | P27: =SUM(C27:N27) -> 71 | R27: PM Period | S27: =SUM(S19:S21) -> 526 | T27: =SUM(T19:T21) -> 20 | U27: =SUM(U19:U21) -> 53 | V27: =SUM(V19:V21) -> 5 | W27: =SUM(W19:W21) -> 6 | X27: =SUM(X19:X21) -> 0 | Y27: =SUM(Y19:Y21) -> 29 | Z27: =SUM(Z19:Z21) -> 17 | ... AF27: =SUM(AF19:AF21) -> 1031
B28: 11.30 - 11.45 | C28: 33 | D28: 2 | E28: 6 | F28: 0 | G28: 0 | H28: 0 | I28: 4 | J28: 2 | K28: 0 | L28: 0 | M28: 31 | N28: 0 | O28: =SUM(C28:L28,N28) -> 47 | P28: =SUM(C28:N28) -> 78 | R28: 12 Hours | S28: =SUM(S10:S21) -> 1597 | T28: =SUM(T10:T21) -> 167 | U28: =SUM(U10:U21) -> 205 | V28: =SUM(V10:V21) -> 36 | W28: =SUM(W10:W21) -> 16 | X28: =SUM(X10:X21) -> 0 | Y28: =SUM(Y10:Y21) -> 150 | Z28: =SUM(Z10:Z21) -> 81 | ... AF28: =SUM(AF10:AF21) -> 3651
B29: 11.45 - 12.00 | C29: 21 | D29: 6 | E29: 4 | F29: 1 | G29: 0 | H29: 0 | I29: 2 | J29: 4 | K29: 0 | L29: 1 | M29: 19 | N29: 0 | O29: =SUM(C29:L29,N29) -> 39 | P29: =SUM(C29:N29) -> 58
B30: 12.00 - 12.15 | C30: 17 | D30: 1 | E30: 4 | F30: 0 | G30: 0 | H30: 0 | I30: 2 | J30: 2 | K30: 0 | L30: 0 | M30: 25 | N30: 0 | O30: =SUM(C30:L30,N30) -> 26 | P30: =SUM(C30:N30) -> 51
B31: 12.15 - 12.30 | C31: 20 | D31: 0 | E31: 0 | F31: 0 | G31: 0 | H31: 0 | I31: 3 | J31: 4 | K31: 0 | L31: 0 | M31: 17 | N31: 0 | O31: =SUM(C31:L31,N31) -> 27 | P31: =SUM(C31:N31) -> 44
B32: 12.30 - 12.45 | C32: 20 | D32: 0 | E32: 0 | F32: 0 | G32: 0 | H32: 0 | I32: 2 | J32: 1 | K32: 0 | L32: 0 | M32: 12 | N32: 0 | O32: =SUM(C32:L32,N32) -> 23 | P32: =SUM(C32:N32) -> 35
B33: 12.45 - 13.00 | C33: 22 | D33: 7 | E33: 5 | F33: 1 | G33: 0 | H33: 0 | I33: 4 | J33: 2 | K33: 0 | L33: 0 | M33: 19 | N33: 0 | O33: =SUM(C33:L33,N33) -> 41 | P33: =SUM(C33:N33) -> 60
B34: 13.00 - 13.15 | C34: 24 | D34: 4 | E34: 5 | F34: 1 | G34: 0 | H34: 0 | I34: 3 | J34: 1 | K34: 0 | L34: 0 | M34: 43 | N34: 0 | O34: =SUM(C34:L34,N34) -> 38 | P34: =SUM(C34:N34) -> 81
B35: 13.15 - 13.30 | C35: 24 | D35: 3 | E35: 1 | F35: 1 | G35: 0 | H35: 0 | I35: 5 | J35: 0 | K35: 0 | L35: 0 | M35: 20 | N35: 0 | O35: =SUM(C35:L35,N35) -> 34 | P35: =SUM(C35:N35) -> 54
B36: 13.30 - 13.45 | C36: 37 | D36: 1 | E36: 6 | F36: 0 | G36: 0 | H36: 0 | I36: 8 | J36: 2 | K36: 0 | L36: 0 | M36: 19 | N36: 0 | O36: =SUM(C36:L36,N36) -> 54 | P36: =SUM(C36:N36) -> 73
B37: 13.45 - 14.00 | C37: 34 | D37: 2 | E37: 2 | F37: 0 | G37: 1 | H37: 0 | I37: 3 | J37: 1 | K37: 0 | L37: 0 | M37: 17 | N37: 0 | O37: =SUM(C37:L37,N37) -> 43 | P37: =SUM(C37:N37) -> 60
B38: 14.00 - 14.15 | C38: 25 | D38: 3 | E38: 2 | F38: 0 | G38: 0 | H38: 0 | I38: 3 | J38: 2 | K38: 0 | L38: 0 | M38: 18 | N38: 0 | O38: =SUM(C38:L38,N38) -> 35 | P38: =SUM(C38:N38) -> 53
B39: 14.15 - 14.30 | C39: 13 | D39: 1 | E39: 2 | F39: 0 | G39: 0 | H39: 0 | I39: 1 | J39: 2 | K39: 0 | L39: 0 | M39: 15 | N39: 0 | O39: =SUM(C39:L39,N39) -> 19 | P39: =SUM(C39:N39) -> 34
B40: 14.30 - 14.45 | C40: 12 | D40: 13 | E40: 6 | F40: 4 | G40: 2 | H40: 0 | I40: 5 | J40: 0 | K40: 1 | L40: 0 | M40: 30 | N40: 0 | O40: =SUM(C40:L40,N40) -> 43 | P40: =SUM(C40:N40) -> 73
... B57: 18.45 - 19.00 | C57: 55 | D57: 1 | E57: 5 | F57: 1 | G57: 1 | H57: 0 | I57: 4 | J57: 1 | K57: 0 | L57: 0 | M57: 26 | N57: 0 | O57: =SUM(C57:L57,N57) -> 68 | P57: =SUM(C57:N57) -> 94
B58: Totals | C58: =SUM(C10:C57) -> 1597 | D58: =SUM(D10:D57) -> 167 | E58: =SUM(E10:E57) -> 205 | F58: =SUM(F10:F57) -> 36 | G58: =SUM(G10:G57) -> 16 | H58: =SUM(H10:H57) -> 0 | I58: =SUM(I10:I57) -> 150 | J58: =SUM(J10:J57) -> 81 | ... P58: =SUM(P10:P57) -> 3651
B59: %ges + MCs | C59: =C58/$P$58 -> 0.43741441 | D59: =D58/$P$58 -> 0.045740893 | E59: =E58/$P$58 -> 0.056149 | F59: =F58/$P$58 -> 0.0098603122 | G59: =G58/$P$58 -> 0.004382361 | H59: =H58/$P$58 -> 0 | I59: =I58/$P$58 -> 0.041084634 | J59: =J58/$P$58 -> 0.022185703 | ... N59: =N58/$P$58 -> 0
B60: %ges w/o MCs | C60: =C58/$O$58 -> 0.70507726 | D60: =D58/$O$58 -> 0.073730684 | E60: =E58/$O$58 -> 0.090507726 | F60: =F58/$O$58 -> 0.01589404 | G60: =G58/$O$58 -> 0.0070640177 | H60: =H58/$O$58 -> 0 | I60: =I58/$O$58 -> 0.066225166 | J60: =J58/$O$58 -> 0.035761589 | ... L60: =L58/$O$58 -> 0.00088300221 | N60: =N58/$O$58 -> 0

Sheet 25.09 Bweya-Kajansi
B1: Consultancy services for Preparation of Expressway Development Master Plan (EDMP) for Uganda
B2: MANUAL CLASSIFIED COUNT (MCC)
B3: ROAD NAME: | C3: ='23.09.19 Bweya- Kajansi'!C3:G3 -> MCC-C2-STNO 56 -Munyonyo spur
C5: Date | D5: 25.09.19 | F5: Location | G5: ='23.09.19 Bweya- Kajansi'!G5:H5 -> Munyonyo Spur RD | J5: Surveyor | K5: ='23.09.19 Bweya- Kajansi'!K5:L5 -> Kasoma John Paul
C6: Dir. From | D6: ='23.09.19 Bweya- Kajansi'!D6:E6 -> BWEYA | F6: Dir. To | G6: ='23.09.19 Bweya- Kajansi'!G6:H6 -> KAJANSI | J6: Supervisor | K6: ='23.09.19 Bweya- Kajansi'!K6:L6 -> Beatrice
B8: Time / Veh Type | R8: SUMMARY TRAFFIC VOLUMES
C9: 1. Car | D9: 2. Station Wagon | E9: 3. Pickups | F9: 4. Minibus, matatu | G9: 5. Medium bus | H9: 6. Large Bus | I9: 7. Light Truck | J9: 8. Medium Truck | K9: 9. Heavy truck | L9: 10. Truck Trailer | M9: 11. Motor cycles | N9: 12. Tractors | O9: Total Excl M/Cycles | P9: Total All | R9: Time | S9: 1. Car | T9: 2. Station Wagon | U9: 3. Pickups | V9: 4. Minibus, matatu | W9: 5. Medium bus | X9: 6. Large Bus | Y9: 7. Light Truck | Z9: 8. Medium Truck | AA9: 9. Heavy truck | AB9: 10. Truck Trailer | AC9: 11. Motorcycles | AD9: 12. Tractors, Graders | AE9: Total Excl M/ Cycles | AF9: Total All
B10: 07.00 - 07.15 | C10: 42 | D10: 12 | E10: 2 | F10: 2 | G10: 0 | H10: 0 | I10: 2 | J10: 0 | K10: 0 | L10: 0 | M10: 39 | N10: 0 | O10: =SUM(C10:L10,N10) -> 60 | P10: =SUM(C10:N10) -> 99 | R10: 0700-0800 | S10: =SUM(C10:C13) -> 133 | T10: =SUM(D10:D13) -> 39 | U10: =SUM(E10:E13) -> 7 | V10: =SUM(F10:F13) -> 14 | W10: =SUM(G10:G13) -> 0 | X10: =SUM(H10:H13) -> 0 | Y10: =SUM(I10:I13) -> 9 | Z10: =SUM(J10:J13) -> 1 | ... AF10: =SUM(P10:P13) -> 384
B11: 07.15 - 07.30 | C11: 32 | D11: 8 | E11: 3 | F11: 2 | G11: 0 | H11: 0 | I11: 2 | J11: 0 | K11: 0 | L11: 0 | M11: 35 | N11: 0 | O11: =SUM(C11:L11,N11) -> 47 | P11: =SUM(C11:N11) -> 82 | R11: 0800-0900 | S11: =SUM(C14:C17) -> 114 | T11: =SUM(D14:D17) -> 35 | U11: =SUM(E14:E17) -> 15 | V11: =SUM(F14:F17) -> 7 | W11: =SUM(G14:G17) -> 1 | X11: =SUM(H14:H17) -> 2 | Y11: =SUM(I14:I17) -> 14 | Z11: =SUM(J14:J17) -> 2 | ... AF11: =SUM(P14:P17) -> 393
B12: 07.30 - 07.45 | C12: 28 | D12: 14 | E12: 1 | F12: 5 | G12: 0 | H12: 0 | I12: 2 | J12: 0 | K12: 0 | L12: 0 | M12: 60 | N12: 0 | O12: =SUM(C12:L12,N12) -> 50 | P12: =SUM(C12:N12) -> 110 | R12: 0900-1000 | S12: =SUM(C18:C21) -> 94 | T12: =SUM(D18:D21) -> 27 | U12: =SUM(E18:E21) -> 17 | V12: =SUM(F18:F21) -> 4 | W12: =SUM(G18:G21) -> 0 | X12: =SUM(H18:H21) -> 0 | Y12: =SUM(I18:I21) -> 14 | Z12: =SUM(J18:J21) -> 2 | ... AF12: =SUM(P18:P21) -> 278
B13: 07.45 - 08.00 | C13: 31 | D13: 5 | E13: 1 | F13: 5 | G13: 0 | H13: 0 | I13: 3 | J13: 1 | K13: 0 | L13: 0 | M13: 47 | N13: 0 | O13: =SUM(C13:L13,N13) -> 46 | P13: =SUM(C13:N13) -> 93 | R13: 1000-1100 | S13: =SUM(C22:C25) -> 82 | T13: =SUM(D22:D25) -> 29 | U13: =SUM(E22:E25) -> 17 | V13: =SUM(F22:F25) -> 6 | W13: =SUM(G22:G25) -> 0 | X13: =SUM(H22:H25) -> 0 | Y13: =SUM(I22:I25) -> 15 | Z13: =SUM(J22:J25) -> 3 | ... AF13: =SUM(P22:P25) -> 292
B14: 08.00 - 08.15 | C14: 27 | D14: 6 | E14: 2 | F14: 5 | G14: 0 | H14: 2 | I14: 8 | J14: 1 | K14: 0 | L14: 0 | M14: 47 | N14: 0 | O14: =SUM(C14:L14,N14) -> 51 | P14: =SUM(C14:N14) -> 98 | R14: 1100-1200 | S14: =SUM(C26:C29) -> 89 | T14: =SUM(D26:D29) -> 16 | U14: =SUM(E26:E29) -> 19 | V14: =SUM(F26:F29) -> 6 | W14: =SUM(G26:G29) -> 2 | X14: =SUM(H26:H29) -> 0 | Y14: =SUM(I26:I29) -> 15 | Z14: =SUM(J26:J29) -> 3 | ... AF14: =SUM(P26:P29) -> 280
B15: 08.15 - 08.30 | C15: 25 | D15: 13 | E15: 5 | F15: 0 | G15: 0 | H15: 0 | I15: 2 | J15: 0 | K15: 0 | L15: 0 | M15: 48 | N15: 0 | O15: =SUM(C15:L15,N15) -> 45 | P15: =SUM(C15:N15) -> 93 | R15: 1200-1300 | S15: =SUM(C30:C33) -> 86 | T15: =SUM(D30:D33) -> 33 | U15: =SUM(E30:E33) -> 15 | V15: =SUM(F30:F33) -> 4 | W15: =SUM(G30:G33) -> 0 | X15: =SUM(H30:H33) -> 0 | Y15: =SUM(I30:I33) -> 28 | Z15: =SUM(J30:J33) -> 2 | ... AF15: =SUM(P30:P33) -> 284
B16: 08.30 - 08.45 | C16: 30 | D16: 11 | E16: 6 | F16: 2 | G16: 1 | H16: 0 | I16: 3 | J16: 1 | K16: 0 | L16: 0 | M16: 56 | N16: 0 | O16: =SUM(C16:L16,N16) -> 54 | P16: =SUM(C16:N16) -> 110 | R16: 1300-1400 | S16: =SUM(C34:C37) -> 95 | T16: =SUM(D34:D37) -> 46 | U16: =SUM(E34:E37) -> 18 | V16: =SUM(F34:F37) -> 7 | W16: =SUM(G34:G37) -> 3 | X16: =SUM(H34:H37) -> 0 | Y16: =SUM(I34:I37) -> 28 | Z16: =SUM(J34:J37) -> 4 | ... AF16: =SUM(P34:P37) -> 308
B17: 08.45 - 9.00 | C17: 32 | D17: 5 | E17: 2 | F17: 0 | G17: 0 | H17: 0 | I17: 1 | J17: 0 | K17: 1 | L17: 0 | M17: 51 | N17: 0 | O17: =SUM(C17:L17,N17) -> 41 | P17: =SUM(C17:N17) -> 92 | R17: 1400-1500 | S17: =SUM(C38:C41) -> 105 | T17: =SUM(D38:D41) -> 29 | U17: =SUM(E38:E41) -> 12 | V17: =SUM(F38:F41) -> 2 | W17: =SUM(G38:G41) -> 0 | X17: =SUM(H38:H41) -> 0 | Y17: =SUM(I38:I41) -> 21 | Z17: =SUM(J38:J41) -> 1 | ... AF17: =SUM(P38:P41) -> 280
B18: 09.00 - 09.15 | C18: 20 | D18: 5 | E18: 6 | F18: 2 | G18: 0 | H18: 0 | I18: 3 | J18: 0 | K18: 0 | L18: 0 | M18: 27 | N18: 0 | O18: =SUM(C18:L18,N18) -> 36 | P18: =SUM(C18:N18) -> 63 | R18: 1500-1600 | S18: =SUM(C42:C45) -> 96 | T18: =SUM(D42:D45) -> 30 | U18: =SUM(E42:E45) -> 13 | V18: =SUM(F42:F45) -> 10 | W18: =SUM(G42:G45) -> 0 | X18: =SUM(H42:H45) -> 0 | Y18: =SUM(I42:I45) -> 13 | Z18: =SUM(J42:J45) -> 2 | ... AF18: =SUM(P42:P45) -> 272
B19: 09.15 - 09.30 | C19: 13 | D19: 6 | E19: 4 | F19: 0 | G19: 0 | H19: 0 | I19: 2 | J19: 0 | K19: 0 | L19: 0 | M19: 33 | N19: 0 | O19: =SUM(C19:L19,N19) -> 25 | P19: =SUM(C19:N19) -> 58 | R19: 1600-1700 | S19: =SUM(C46:C49) -> 116 | T19: =SUM(D46:D49) -> 35 | U19: =SUM(E46:E49) -> 16 | V19: =SUM(F46:F49) -> 11 | W19: =SUM(G46:G49) -> 1 | X19: =SUM(H46:H49) -> 1 | Y19: =SUM(I46:I49) -> 18 | Z19: =SUM(J46:J49) -> 4 | ... AF19: =SUM(P46:P49) -> 340
B20: 09.30 - 09.45 | C20: 32 | D20: 7 | E20: 4 | F20: 0 | G20: 0 | H20: 0 | I20: 5 | J20: 0 | K20: 0 | L20: 0 | M20: 29 | N20: 0 | O20: =SUM(C20:L20,N20) -> 48 | P20: =SUM(C20:N20) -> 77 | R20: 1700-1800 | S20: =SUM(C50:C53) -> 123 | T20: =SUM(D50:D53) -> 52 | U20: =SUM(E50:E53) -> 15 | V20: =SUM(F50:F53) -> 11 | W20: =SUM(G50:G53) -> 3 | X20: =SUM(H50:H53) -> 2 | Y20: =SUM(I50:I53) -> 17 | Z20: =SUM(J50:J53) -> 0 | ... AF20: =SUM(P50:P53) -> 375
B21: 09.45 - 10.00 | C21: 29 | D21: 9 | E21: 3 | F21: 2 | G21: 0 | H21: 0 | I21: 4 | J21: 2 | K21: 0 | L21: 0 | M21: 31 | N21: 0 | O21: =SUM(C21:L21,N21) -> 49 | P21: =SUM(C21:N21) -> 80 | R21: 1800-1900 | S21: =SUM(C54:C57) -> 178 | T21: =SUM(D54:D57) -> 42 | U21: =SUM(E54:E57) -> 22 | V21: =SUM(F54:F57) -> 12 | W21: =SUM(G54:G57) -> 3 | X21: =SUM(H54:H57) -> 0 | Y21: =SUM(I54:I57) -> 18 | Z21: =SUM(J54:J57) -> 1 | ... AF21: =SUM(P54:P57) -> 473
B22: 10.00 - 10.15 | C22: 22 | D22: 3 | E22: 3 | F22: 4 | G22: 0 | H22: 0 | I22: 6 | J22: 1 | K22: 0 | L22: 0 | M22: 28 | N22: 0 | O22: =SUM(C22:L22,N22) -> 39 | P22: =SUM(C22:N22) -> 67 | R22: AM Peak Hr | S22: =MAX(S10:S12) -> 133 | T22: =MAX(T10:T12) -> 39 | U22: =MAX(U10:U12) -> 17 | V22: =MAX(V10:V12) -> 14 | W22: =MAX(W10:W12) -> 1 | X22: =MAX(X10:X12) -> 2 | Y22: =MAX(Y10:Y12) -> 14 | Z22: =MAX(Z10:Z12) -> 2 | ... AF22: =MAX(AF10:AF12) -> 393
B23: 10.15 - 10.30 | C23: 18 | D23: 14 | E23: 4 | F23: 1 | G23: 0 | H23: 0 | I23: 1 | J23: 0 | K23: 0 | L23: 0 | M23: 41 | N23: 0 | O23: =SUM(C23:L23,N23) -> 38 | P23: =SUM(C23:N23) -> 79 | R23: IP Peak Hr | S23: =MAX(S13:S18) -> 105 | T23: =MAX(T13:T18) -> 46 | U23: =MAX(U13:U18) -> 19 | V23: =MAX(V13:V18) -> 10 | W23: =MAX(W13:W18) -> 3 | X23: =MAX(X13:X18) -> 0 | Y23: =MAX(Y13:Y18) -> 28 | Z23: =MAX(Z13:Z18) -> 4 | ... AF23: =MAX(AF13:AF18) -> 308
B24: 10.30 - 10.45 | C24: 24 | D24: 5 | E24: 9 | F24: 1 | G24: 0 | H24: 0 | I24: 4 | J24: 1 | K24: 0 | L24: 0 | M24: 41 | N24: 0 | O24: =SUM(C24:L24,N24) -> 44 | P24: =SUM(C24:N24) -> 85 | R24: PM Peak Hr | S24: =MAX(S19:S21) -> 178 | T24: =MAX(T19:T21) -> 52 | U24: =MAX(U19:U21) -> 22 | V24: =MAX(V19:V21) -> 12 | W24: =MAX(W19:W21) -> 3 | X24: =MAX(X19:X21) -> 2 | Y24: =MAX(Y19:Y21) -> 18 | Z24: =MAX(Z19:Z21) -> 4 | ... AF24: =MAX(AF19:AF21) -> 473
B25: 10.45 - 11.00 | C25: 18 | D25: 7 | E25: 1 | F25: 0 | G25: 0 | H25: 0 | I25: 4 | J25: 1 | K25: 0 | L25: 0 | M25: 30 | N25: 0 | O25: =SUM(C25:L25,N25) -> 31 | P25: =SUM(C25:N25) -> 61 | R25: AM Period | S25: =SUM(S10:S12) -> 341 | T25: =SUM(T10:T12) -> 101 | U25: =SUM(U10:U12) -> 39 | V25: =SUM(V10:V12) -> 25 | W25: =SUM(W10:W12) -> 1 | X25: =SUM(X10:X12) -> 2 | Y25: =SUM(Y10:Y12) -> 37 | Z25: =SUM(Z10:Z12) -> 5 | ... AF25: =SUM(AF10:AF12) -> 1055
B26: 11.00 - 11.15 | C26: 19 | D26: 4 | E26: 5 | F26: 1 | G26: 2 | H26: 0 | I26: 1 | J26: 0 | K26: 0 | L26: 0 | M26: 30 | N26: 0 | O26: =SUM(C26:L26,N26) -> 32 | P26: =SUM(C26:N26) -> 62 | R26: IP Period | S26: =SUM(S13:S18) -> 553 | T26: =SUM(T13:T18) -> 183 | U26: =SUM(U13:U18) -> 94 | V26: =SUM(V13:V18) -> 35 | W26: =SUM(W13:W18) -> 5 | X26: =SUM(X13:X18) -> 0 | Y26: =SUM(Y13:Y18) -> 120 | Z26: =SUM(Z13:Z18) -> 15 | ... AF26: =SUM(AF13:AF18) -> 1716
B27: 11.15 - 11.30 | C27: 36 | D27: 7 | E27: 4 | F27: 0 | G27: 0 | H27: 0 | I27: 3 | J27: 1 | K27: 0 | L27: 0 | M27: 45 | N27: 0 | O27: =SUM(C27:L27,N27) -> 51 | P27: =SUM(C27:N27) -> 96 | R27: PM Period | S27: =SUM(S19:S21) -> 417 | T27: =SUM(T19:T21) -> 129 | U27: =SUM(U19:U21) -> 53 | V27: =SUM(V19:V21) -> 34 | W27: =SUM(W19:W21) -> 7 | X27: =SUM(X19:X21) -> 3 | Y27: =SUM(Y19:Y21) -> 53 | Z27: =SUM(Z19:Z21) -> 5 | ... AF27: =SUM(AF19:AF21) -> 1188
B28: 11.30 - 11.45 | C28: 9 | D28: 2 | E28: 4 | F28: 1 | G28: 0 | H28: 0 | I28: 1 | J28: 2 | K28: 0 | L28: 0 | M28: 33 | N28: 0 | O28: =SUM(C28:L28,N28) -> 19 | P28: =SUM(C28:N28) -> 52 | R28: 12 Hours | S28: =SUM(S10:S21) -> 1311 | T28: =SUM(T10:T21) -> 413 | U28: =SUM(U10:U21) -> 186 | V28: =SUM(V10:V21) -> 94 | W28: =SUM(W10:W21) -> 13 | X28: =SUM(X10:X21) -> 5 | Y28: =SUM(Y10:Y21) -> 210 | Z28: =SUM(Z10:Z21) -> 25 | ... AF28: =SUM(AF10:AF21) -> 3959
B29: 11.45 - 12.00 | C29: 25 | D29: 3 | E29: 6 | F29: 4 | G29: 0 | H29: 0 | I29: 10 | J29: 0 | K29: 0 | L29: 0 | M29: 22 | N29: 0 | O29: =SUM(C29:L29,N29) -> 48 | P29: =SUM(C29:N29) -> 70
B30: 12.00 - 12.15 | C30: 22 | D30: 10 | E30: 5 | F30: 1 | G30: 0 | H30: 0 | I30: 6 | J30: 0 | K30: 0 | L30: 0 | M30: 38 | N30: 0 | O30: =SUM(C30:L30,N30) -> 44 | P30: =SUM(C30:N30) -> 82
B31: 12.15 - 12.30 | C31: 15 | D31: 3 | E31: 2 | F31: 0 | G31: 0 | H31: 0 | I31: 5 | J31: 0 | K31: 0 | L31: 0 | M31: 17 | N31: 0 | O31: =SUM(C31:L31,N31) -> 25 | P31: =SUM(C31:N31) -> 42
B32: 12.30 - 12.45 | C32: 29 | D32: 9 | E32: 3 | F32: 1 | G32: 0 | H32: 0 | I32: 12 | J32: 2 | K32: 0 | L32: 0 | M32: 35 | N32: 0 | O32: =SUM(C32:L32,N32) -> 56 | P32: =SUM(C32:N32) -> 91
B33: 12.45 - 13.00 | C33: 20 | D33: 11 | E33: 5 | F33: 2 | G33: 0 | H33: 0 | I33: 5 | J33: 0 | K33: 0 | L33: 0 | M33: 26 | N33: 0 | O33: =SUM(C33:L33,N33) -> 43 | P33: =SUM(C33:N33) -> 69
B34: 13.00 - 13.15 | C34: 29 | D34: 11 | E34: 1 | F34: 1 | G34: 2 | H34: 0 | I34: 3 | J34: 0 | K34: 0 | L34: 0 | M34: 24 | N34: 0 | O34: =SUM(C34:L34,N34) -> 47 | P34: =SUM(C34:N34) -> 71
B35: 13.15 - 13.30 | C35: 16 | D35: 11 | E35: 6 | F35: 2 | G35: 0 | H35: 0 | I35: 9 | J35: 1 | K35: 0 | L35: 0 | M35: 22 | N35: 0 | O35: =SUM(C35:L35,N35) -> 45 | P35: =SUM(C35:N35) -> 67
B36: 13.30 - 13.45 | C36: 20 | D36: 13 | E36: 6 | F36: 2 | G36: 0 | H36: 0 | I36: 9 | J36: 1 | K36: 0 | L36: 0 | M36: 33 | N36: 0 | O36: =SUM(C36:L36,N36) -> 51 | P36: =SUM(C36:N36) -> 84
B37: 13.45 - 14.00 | C37: 30 | D37: 11 | E37: 5 | F37: 2 | G37: 1 | H37: 0 | I37: 7 | J37: 2 | K37: 0 | L37: 0 | M37: 28 | N37: 0 | O37: =SUM(C37:L37,N37) -> 58 | P37: =SUM(C37:N37) -> 86
B38: 14.00 - 14.15 | C38: 27 | D38: 10 | E38: 4 | F38: 1 | G38: 0 | H38: 0 | I38: 3 | J38: 1 | K38: 0 | L38: 0 | M38: 26 | N38: 0 | O38: =SUM(C38:L38,N38) -> 46 | P38: =SUM(C38:N38) -> 72
B39: 14.15 - 14.30 | C39: 30 | D39: 4 | E39: 3 | F39: 0 | G39: 0 | H39: 0 | I39: 4 | J39: 0 | K39: 0 | L39: 0 | M39: 20 | N39: 0 | O39: =SUM(C39:L39,N39) -> 41 | P39: =SUM(C39:N39) -> 61
B40: 14.30 - 14.45 | C40: 25 | D40: 6 | E40: 2 | F40: 1 | G40: 0 | H40: 0 | I40: 7 | J40: 0 | K40: 0 | L40: 0 | M40: 25 | N40: 0 | O40: =SUM(C40:L40,N40) -> 41 | P40: =SUM(C40:N40) -> 66
... B57: 18.45 - 19.00 | C57: 34 | D57: 9 | E57: 3 | F57: 2 | G57: 2 | H57: 0 | I57: 5 | J57: 1 | K57: 0 | L57: 0 | M57: 53 | N57: 0 | O57: =SUM(C57:L57,N57) -> 56 | P57: =SUM(C57:N57) -> 109
B58: Totals | C58: =SUM(C10:C57) -> 1311 | D58: =SUM(D10:D57) -> 413 | E58: =SUM(E10:E57) -> 186 | F58: =SUM(F10:F57) -> 94 | G58: =SUM(G10:G57) -> 13 | H58: =SUM(H10:H57) -> 5 | I58: =SUM(I10:I57) -> 210 | J58: =SUM(J10:J57) -> 25 | ... P58: =SUM(P10:P57) -> 3959
B59: %ges + MCs | C59: =C58/$P$58 -> 0.33114423 | D59: =D58/$P$58 -> 0.10431927 | E59: =E58/$P$58 -> 0.046981561 | F59: =F58/$P$58 -> 0.02374337 | G59: =G58/$P$58 -> 0.0032836575 | H59: =H58/$P$58 -> 0.0012629452 | I59: =I58/$P$58 -> 0.053043698 | J59: =J58/$P$58 -> 0.0063147259 | ... N59: =N58/$P$58 -> 0
B60: %ges w/o MCs | C60: =C58/$O$58 -> 0.5800885 | D60: =D58/$O$58 -> 0.18274336 | E60: =E58/$O$58 -> 0.082300885 | F60: =F58/$O$58 -> 0.04159292 | G60: =G58/$O$58 -> 0.0057522124 | H60: =H58/$O$58 -> 0.0022123894 | I60: =I58/$O$58 -> 0.092920354 | J60: =J58/$O$58 -> 0.011061947 | ... L60: =L58/$O$58 -> 0.00088495575 | N60: =N58/$O$58 -> 0

Sheet 25.09 Kajansi-Bweya
B1: Consultancy services for Preparation of Expressway Development Master Plan (EDMP) for Uganda
B2: MANUAL CLASSIFIED COUNT (MCC)
B3: ROAD NAME: | C3: ='23.09.19 Kajansi -Bweya'!C3:G3 -> MCC-C2-STNO 56 -Munyonyo spur
C5: Date | D5: ='25.09 Bweya-Kajansi'!D5 -> 25.09.19 | F5: Location | G5: ='23.09.19 Bweya- Kajansi'!G5:H5 -> Munyonyo Spur RD | J5: Surveyor | K5: Akello Rosette
C6: Dir. From | D6: ='23.09.19 Kajansi -Bweya'!D6:E6 -> KAJANSI | F6: Dir. To | G6: ='23.09.19 Kajansi -Bweya'!G6:H6 -> BWEYA | J6: Supervisor | K6: ='23.09.19 Bweya- Kajansi'!K6:L6 -> Beatrice
B8: Time / Veh Type | R8: SUMMARY TRAFFIC VOLUMES
C9: 1. Car | D9: 2. Station Wagon | E9: 3. Pickups | F9: 4. Minibus, matatu | G9: 5. Medium bus | H9: 6. Large Bus | I9: 7. Light Truck | J9: 8. Medium Truck | K9: 9. Heavy truck | L9: 10. Truck Trailer | M9: 11. Motor cycles | N9: 12. Tractors | O9: Total Excl M/Cycles | P9: Total All | R9: Time | S9: 1. Car | T9: 2. Station Wagon | U9: 3. Pickups | V9: 4. Minibus, matatu | W9: 5. Medium bus | X9: 6. Large Bus | Y9: 7. Light Truck | Z9: 8. Medium Truck | AA9: 9. Heavy truck | AB9: 10. Truck Trailer | AC9: 11. Motorcycles | AD9: 12. Tractors, Graders | AE9: Total Excl M/ Cycles | AF9: Total All
B10: 07.00 - 07.15 | C10: 27 | D10: 2 | E10: 4 | F10: 0 | G10: 0 | H10: 0 | I10: 0 | J10: 1 | K10: 0 | L10: 0 | M10: 17 | N10: 0 | O10: =SUM(C10:L10,N10) -> 34 | P10: =SUM(C10:N10) -> 51 | R10: 0700-0800 | S10: =SUM(C10:C13) -> 174 | T10: =SUM(D10:D13) -> 7 | U10: =SUM(E10:E13) -> 19 | V10: =SUM(F10:F13) -> 5 | W10: =SUM(G10:G13) -> 1 | X10: =SUM(H10:H13) -> 0 | Y10: =SUM(I10:I13) -> 6 | Z10: =SUM(J10:J13) -> 10 | ... AF10: =SUM(P10:P13) -> 340
B11: 07.15 - 07.30 | C11: 44 | D11: 1 | E11: 4 | F11: 1 | G11: 0 | H11: 0 | I11: 2 | J11: 3 | K11: 0 | L11: 0 | M11: 36 | N11: 0 | O11: =SUM(C11:L11,N11) -> 55 | P11: =SUM(C11:N11) -> 91 | R11: 0800-0900 | S11: =SUM(C14:C17) -> 162 | T11: =SUM(D14:D17) -> 6 | U11: =SUM(E14:E17) -> 15 | V11: =SUM(F14:F17) -> 3 | W11: =SUM(G14:G17) -> 0 | X11: =SUM(H14:H17) -> 0 | Y11: =SUM(I14:I17) -> 4 | Z11: =SUM(J14:J17) -> 3 | ... AF11: =SUM(P14:P17) -> 335
B12: 07.30 - 07.45 | C12: 54 | D12: 2 | E12: 8 | F12: 0 | G12: 1 | H12: 0 | I12: 1 | J12: 2 | K12: 0 | L12: 0 | M12: 27 | N12: 0 | O12: =SUM(C12:L12,N12) -> 68 | P12: =SUM(C12:N12) -> 95 | R12: 0900-1000 | S12: =SUM(C18:C21) -> 120 | T12: =SUM(D18:D21) -> 16 | U12: =SUM(E18:E21) -> 9 | V12: =SUM(F18:F21) -> 1 | W12: =SUM(G18:G21) -> 0 | X12: =SUM(H18:H21) -> 0 | Y12: =SUM(I18:I21) -> 12 | Z12: =SUM(J18:J21) -> 6 | ... AF12: =SUM(P18:P21) -> 287
B13: 07.45 - 08.00 | C13: 49 | D13: 2 | E13: 3 | F13: 4 | G13: 0 | H13: 0 | I13: 3 | J13: 4 | K13: 0 | L13: 0 | M13: 38 | N13: 0 | O13: =SUM(C13:L13,N13) -> 65 | P13: =SUM(C13:N13) -> 103 | R13: 1000-1100 | S13: =SUM(C22:C25) -> 87 | T13: =SUM(D22:D25) -> 14 | U13: =SUM(E22:E25) -> 10 | V13: =SUM(F22:F25) -> 3 | W13: =SUM(G22:G25) -> 0 | X13: =SUM(H22:H25) -> 0 | Y13: =SUM(I22:I25) -> 11 | Z13: =SUM(J22:J25) -> 6 | ... AF13: =SUM(P22:P25) -> 249
B14: 08.00 - 08.15 | C14: 65 | D14: 0 | E14: 0 | F14: 0 | G14: 0 | H14: 0 | I14: 1 | J14: 0 | K14: 0 | L14: 0 | M14: 31 | N14: 0 | O14: =SUM(C14:L14,N14) -> 66 | P14: =SUM(C14:N14) -> 97 | R14: 1100-1200 | S14: =SUM(C26:C29) -> 94 | T14: =SUM(D26:D29) -> 8 | U14: =SUM(E26:E29) -> 11 | V14: =SUM(F26:F29) -> 0 | W14: =SUM(G26:G29) -> 1 | X14: =SUM(H26:H29) -> 0 | Y14: =SUM(I26:I29) -> 11 | Z14: =SUM(J26:J29) -> 7 | ... AF14: =SUM(P26:P29) -> 238
B15: 08.15 - 08.30 | C15: 38 | D15: 2 | E15: 9 | F15: 2 | G15: 0 | H15: 0 | I15: 0 | J15: 0 | K15: 0 | L15: 0 | M15: 30 | N15: 0 | O15: =SUM(C15:L15,N15) -> 51 | P15: =SUM(C15:N15) -> 81 | R15: 1200-1300 | S15: =SUM(C30:C33) -> 71 | T15: =SUM(D30:D33) -> 15 | U15: =SUM(E30:E33) -> 6 | V15: =SUM(F30:F33) -> 0 | W15: =SUM(G30:G33) -> 0 | X15: =SUM(H30:H33) -> 0 | Y15: =SUM(I30:I33) -> 8 | Z15: =SUM(J30:J33) -> 4 | ... AF15: =SUM(P30:P33) -> 204
B16: 08.30 - 08.45 | C16: 33 | D16: 0 | E16: 2 | F16: 0 | G16: 0 | H16: 0 | I16: 1 | J16: 1 | K16: 0 | L16: 0 | M16: 45 | N16: 0 | O16: =SUM(C16:L16,N16) -> 37 | P16: =SUM(C16:N16) -> 82 | R16: 1300-1400 | S16: =SUM(C34:C37) -> 89 | T16: =SUM(D34:D37) -> 11 | U16: =SUM(E34:E37) -> 8 | V16: =SUM(F34:F37) -> 1 | W16: =SUM(G34:G37) -> 0 | X16: =SUM(H34:H37) -> 0 | Y16: =SUM(I34:I37) -> 13 | Z16: =SUM(J34:J37) -> 0 | ... AF16: =SUM(P34:P37) -> 219
B17: 08.45 - 9.00 | C17: 26 | D17: 4 | E17: 4 | F17: 1 | G17: 0 | H17: 0 | I17: 2 | J17: 2 | K17: 0 | L17: 0 | M17: 36 | N17: 0 | O17: =SUM(C17:L17,N17) -> 39 | P17: =SUM(C17:N17) -> 75 | R17: 1400-1500 | S17: =SUM(C38:C41) -> 81 | T17: =SUM(D38:D41) -> 16 | U17: =SUM(E38:E41) -> 14 | V17: =SUM(F38:F41) -> 0 | W17: =SUM(G38:G41) -> 1 | X17: =SUM(H38:H41) -> 0 | Y17: =SUM(I38:I41) -> 12 | Z17: =SUM(J38:J41) -> 9 | ... AF17: =SUM(P38:P41) -> 236
B18: 09.00 - 09.15 | C18: 26 | D18: 4 | E18: 2 | F18: 1 | G18: 0 | H18: 0 | I18: 3 | J18: 0 | K18: 0 | L18: 0 | M18: 36 | N18: 0 | O18: =SUM(C18:L18,N18) -> 36 | P18: =SUM(C18:N18) -> 72 | R18: 1500-1600 | S18: =SUM(C42:C45) -> 132 | T18: =SUM(D42:D45) -> 42 | U18: =SUM(E42:E45) -> 15 | V18: =SUM(F42:F45) -> 2 | W18: =SUM(G42:G45) -> 0 | X18: =SUM(H42:H45) -> 0 | Y18: =SUM(I42:I45) -> 12 | Z18: =SUM(J42:J45) -> 4 | ... AF18: =SUM(P42:P45) -> 294
B19: 09.15 - 09.30 | C19: 31 | D19: 1 | E19: 1 | F19: 0 | G19: 0 | H19: 0 | I19: 5 | J19: 2 | K19: 0 | L19: 0 | M19: 25 | N19: 0 | O19: =SUM(C19:L19,N19) -> 40 | P19: =SUM(C19:N19) -> 65 | R19: 1600-1700 | S19: =SUM(C46:C49) -> 160 | T19: =SUM(D46:D49) -> 36 | U19: =SUM(E46:E49) -> 15 | V19: =SUM(F46:F49) -> 1 | W19: =SUM(G46:G49) -> 2 | X19: =SUM(H46:H49) -> 0 | Y19: =SUM(I46:I49) -> 17 | Z19: =SUM(J46:J49) -> 12 | ... AF19: =SUM(P46:P49) -> 379
B20: 09.30 - 09.45 | C20: 31 | D20: 4 | E20: 3 | F20: 0 | G20: 0 | H20: 0 | I20: 2 | J20: 3 | K20: 0 | L20: 0 | M20: 26 | N20: 0 | O20: =SUM(C20:L20,N20) -> 43 | P20: =SUM(C20:N20) -> 69 | R20: 1700-1800 | S20: =SUM(C50:C53) -> 139 | T20: =SUM(D50:D53) -> 21 | U20: =SUM(E50:E53) -> 18 | V20: =SUM(F50:F53) -> 5 | W20: =SUM(G50:G53) -> 1 | X20: =SUM(H50:H53) -> 0 | Y20: =SUM(I50:I53) -> 3 | Z20: =SUM(J50:J53) -> 14 | ... AF20: =SUM(P50:P53) -> 326
B21: 09.45 - 10.00 | C21: 32 | D21: 7 | E21: 3 | F21: 0 | G21: 0 | H21: 0 | I21: 2 | J21: 1 | K21: 0 | L21: 0 | M21: 36 | N21: 0 | O21: =SUM(C21:L21,N21) -> 45 | P21: =SUM(C21:N21) -> 81 | R21: 1800-1900 | S21: =SUM(C54:C57) -> 147 | T21: =SUM(D54:D57) -> 19 | U21: =SUM(E54:E57) -> 13 | V21: =SUM(F54:F57) -> 4 | W21: =SUM(G54:G57) -> 1 | X21: =SUM(H54:H57) -> 0 | Y21: =SUM(I54:I57) -> 9 | Z21: =SUM(J54:J57) -> 8 | ... AF21: =SUM(P54:P57) -> 322
B22: 10.00 - 10.15 | C22: 23 | D22: 6 | E22: 3 | F22: 0 | G22: 0 | H22: 0 | I22: 3 | J22: 0 | K22: 0 | L22: 0 | M22: 23 | N22: 0 | O22: =SUM(C22:L22,N22) -> 35 | P22: =SUM(C22:N22) -> 58 | R22: AM Peak Hr | S22: =MAX(S10:S12) -> 174 | T22: =MAX(T10:T12) -> 16 | U22: =MAX(U10:U12) -> 19 | V22: =MAX(V10:V12) -> 5 | W22: =MAX(W10:W12) -> 1 | X22: =MAX(X10:X12) -> 0 | Y22: =MAX(Y10:Y12) -> 12 | Z22: =MAX(Z10:Z12) -> 10 | ... AF22: =MAX(AF10:AF12) -> 340
B23: 10.15 - 10.30 | C23: 18 | D23: 4 | E23: 4 | F23: 1 | G23: 0 | H23: 0 | I23: 7 | J23: 1 | K23: 0 | L23: 0 | M23: 35 | N23: 0 | O23: =SUM(C23:L23,N23) -> 35 | P23: =SUM(C23:N23) -> 70 | R23: IP Peak Hr | S23: =MAX(S13:S18) -> 132 | T23: =MAX(T13:T18) -> 42 | U23: =MAX(U13:U18) -> 15 | V23: =MAX(V13:V18) -> 3 | W23: =MAX(W13:W18) -> 1 | X23: =MAX(X13:X18) -> 0 | Y23: =MAX(Y13:Y18) -> 13 | Z23: =MAX(Z13:Z18) -> 9 | ... AF23: =MAX(AF13:AF18) -> 294
B24: 10.30 - 10.45 | C24: 17 | D24: 1 | E24: 1 | F24: 2 | G24: 0 | H24: 0 | I24: 1 | J24: 1 | K24: 0 | L24: 0 | M24: 32 | N24: 0 | O24: =SUM(C24:L24,N24) -> 23 | P24: =SUM(C24:N24) -> 55 | R24: PM Peak Hr | S24: =MAX(S19:S21) -> 160 | T24: =MAX(T19:T21) -> 36 | U24: =MAX(U19:U21) -> 18 | V24: =MAX(V19:V21) -> 5 | W24: =MAX(W19:W21) -> 2 | X24: =MAX(X19:X21) -> 0 | Y24: =MAX(Y19:Y21) -> 17 | Z24: =MAX(Z19:Z21) -> 14 | ... AF24: =MAX(AF19:AF21) -> 379
B25: 10.45 - 11.00 | C25: 29 | D25: 3 | E25: 2 | F25: 0 | G25: 0 | H25: 0 | I25: 0 | J25: 4 | K25: 1 | L25: 0 | M25: 27 | N25: 0 | O25: =SUM(C25:L25,N25) -> 39 | P25: =SUM(C25:N25) -> 66 | R25: AM Period | S25: =SUM(S10:S12) -> 456 | T25: =SUM(T10:T12) -> 29 | U25: =SUM(U10:U12) -> 43 | V25: =SUM(V10:V12) -> 9 | W25: =SUM(W10:W12) -> 1 | X25: =SUM(X10:X12) -> 0 | Y25: =SUM(Y10:Y12) -> 22 | Z25: =SUM(Z10:Z12) -> 19 | ... AF25: =SUM(AF10:AF12) -> 962
B26: 11.00 - 11.15 | C26: 22 | D26: 1 | E26: 1 | F26: 0 | G26: 1 | H26: 0 | I26: 4 | J26: 1 | K26: 0 | L26: 0 | M26: 25 | N26: 0 | O26: =SUM(C26:L26,N26) -> 30 | P26: =SUM(C26:N26) -> 55 | R26: IP Period | S26: =SUM(S13:S18) -> 554 | T26: =SUM(T13:T18) -> 106 | U26: =SUM(U13:U18) -> 64 | V26: =SUM(V13:V18) -> 6 | W26: =SUM(W13:W18) -> 2 | X26: =SUM(X13:X18) -> 0 | Y26: =SUM(Y13:Y18) -> 67 | Z26: =SUM(Z13:Z18) -> 30 | ... AF26: =SUM(AF13:AF18) -> 1440
B27: 11.15 - 11.30 | C27: 27 | D27: 3 | E27: 3 | F27: 0 | G27: 0 | H27: 0 | I27: 3 | J27: 2 | K27: 0 | L27: 0 | M27: 35 | N27: 0 | O27: =SUM(C27:L27,N27) -> 38 | P27: =SUM(C27:N27) -> 73 | R27: PM Period | S27: =SUM(S19:S21) -> 446 | T27: =SUM(T19:T21) -> 76 | U27: =SUM(U19:U21) -> 46 | V27: =SUM(V19:V21) -> 10 | W27: =SUM(W19:W21) -> 4 | X27: =SUM(X19:X21) -> 0 | Y27: =SUM(Y19:Y21) -> 29 | Z27: =SUM(Z19:Z21) -> 34 | ... AF27: =SUM(AF19:AF21) -> 1027
B28: 11.30 - 11.45 | C28: 23 | D28: 3 | E28: 2 | F28: 0 | G28: 0 | H28: 0 | I28: 2 | J28: 1 | K28: 0 | L28: 0 | M28: 21 | N28: 0 | O28: =SUM(C28:L28,N28) -> 31 | P28: =SUM(C28:N28) -> 52 | R28: 12 Hours | S28: =SUM(S10:S21) -> 1456 | T28: =SUM(T10:T21) -> 211 | U28: =SUM(U10:U21) -> 153 | V28: =SUM(V10:V21) -> 25 | W28: =SUM(W10:W21) -> 7 | X28: =SUM(X10:X21) -> 0 | Y28: =SUM(Y10:Y21) -> 118 | Z28: =SUM(Z10:Z21) -> 83 | ... AF28: =SUM(AF10:AF21) -> 3429
B29: 11.45 - 12.00 | C29: 22 | D29: 1 | E29: 5 | F29: 0 | G29: 0 | H29: 0 | I29: 2 | J29: 3 | K29: 0 | L29: 0 | M29: 25 | N29: 0 | O29: =SUM(C29:L29,N29) -> 33 | P29: =SUM(C29:N29) -> 58
B30: 12.00 - 12.15 | C30: 14 | D30: 3 | E30: 4 | F30: 0 | G30: 0 | H30: 0 | I30: 2 | J30: 0 | K30: 1 | L30: 0 | M30: 36 | N30: 0 | O30: =SUM(C30:L30,N30) -> 24 | P30: =SUM(C30:N30) -> 60
B31: 12.15 - 12.30 | C31: 16 | D31: 3 | E31: 0 | F31: 0 | G31: 0 | H31: 0 | I31: 1 | J31: 1 | K31: 0 | L31: 0 | M31: 18 | N31: 0 | O31: =SUM(C31:L31,N31) -> 21 | P31: =SUM(C31:N31) -> 39
B32: 12.30 - 12.45 | C32: 20 | D32: 3 | E32: 1 | F32: 0 | G32: 0 | H32: 0 | I32: 3 | J32: 2 | K32: 0 | L32: 0 | M32: 20 | N32: 0 | O32: =SUM(C32:L32,N32) -> 29 | P32: =SUM(C32:N32) -> 49
B33: 12.45 - 13.00 | C33: 21 | D33: 6 | E33: 1 | F33: 0 | G33: 0 | H33: 0 | I33: 2 | J33: 1 | K33: 0 | L33: 0 | M33: 25 | N33: 0 | O33: =SUM(C33:L33,N33) -> 31 | P33: =SUM(C33:N33) -> 56
B34: 13.00 - 13.15 | C34: 30 | D34: 4 | E34: 3 | F34: 0 | G34: 0 | H34: 0 | I34: 4 | J34: 0 | K34: 0 | L34: 0 | M34: 26 | N34: 0 | O34: =SUM(C34:L34,N34) -> 41 | P34: =SUM(C34:N34) -> 67
B35: 13.15 - 13.30 | C35: 11 | D35: 2 | E35: 2 | F35: 1 | G35: 0 | H35: 0 | I35: 1 | J35: 0 | K35: 0 | L35: 0 | M35: 13 | N35: 0 | O35: =SUM(C35:L35,N35) -> 17 | P35: =SUM(C35:N35) -> 30
B36: 13.30 - 13.45 | C36: 29 | D36: 3 | E36: 1 | F36: 0 | G36: 0 | H36: 0 | I36: 4 | J36: 0 | K36: 0 | L36: 0 | M36: 37 | N36: 0 | O36: =SUM(C36:L36,N36) -> 37 | P36: =SUM(C36:N36) -> 74
B37: 13.45 - 14.00 | C37: 19 | D37: 2 | E37: 2 | F37: 0 | G37: 0 | H37: 0 | I37: 4 | J37: 0 | K37: 0 | L37: 0 | M37: 21 | N37: 0 | O37: =SUM(C37:L37,N37) -> 27 | P37: =SUM(C37:N37) -> 48
B38: 14.00 - 14.15 | C38: 13 | D38: 1 | E38: 1 | F38: 0 | G38: 0 | H38: 0 | I38: 3 | J38: 0 | K38: 0 | L38: 0 | M38: 29 | N38: 0 | O38: =SUM(C38:L38,N38) -> 18 | P38: =SUM(C38:N38) -> 47
B39: 14.15 - 14.30 | C39: 20 | D39: 3 | E39: 1 | F39: 0 | G39: 0 | H39: 0 | I39: 1 | J39: 3 | K39: 0 | L39: 0 | M39: 20 | N39: 0 | O39: =SUM(C39:L39,N39) -> 28 | P39: =SUM(C39:N39) -> 48
B40: 14.30 - 14.45 | C40: 25 | D40: 3 | E40: 4 | F40: 0 | G40: 1 | H40: 0 | I40: 2 | J40: 4 | K40: 2 | L40: 0 | M40: 31 | N40: 0 | O40: =SUM(C40:L40,N40) -> 41 | P40: =SUM(C40:N40) -> 72
... B57: 18.45 - 19.00 | C57: 28 | D57: 7 | E57: 2 | F57: 1 | G57: 0 | H57: 0 | I57: 4 | J57: 2 | K57: 0 | L57: 0 | M57: 28 | N57: 0 | O57: =SUM(C57:L57,N57) -> 44 | P57: =SUM(C57:N57) -> 72
B58: Totals | C58: =SUM(C10:C57) -> 1456 | D58: =SUM(D10:D57) -> 211 | E58: =SUM(E10:E57) -> 153 | F58: =SUM(F10:F57) -> 25 | G58: =SUM(G10:G57) -> 7 | H58: =SUM(H10:H57) -> 0 | I58: =SUM(I10:I57) -> 118 | J58: =SUM(J10:J57) -> 83 | ... P58: =SUM(P10:P57) -> 3429
B59: %ges + MCs | C59: =C58/$P$58 -> 0.42461359 | D59: =D58/$P$58 -> 0.061533975 | E59: =E58/$P$58 -> 0.044619423 | F59: =F58/$P$58 -> 0.0072907553 | G59: =G58/$P$58 -> 0.0020414115 | H59: =H58/$P$58 -> 0 | I59: =I58/$P$58 -> 0.034412365 | J59: =J58/$P$58 -> 0.024205308 | ... N59: =N58/$P$58 -> 0
B60: %ges w/o MCs | C60: =C58/$O$58 -> 0.70542636 | D60: =D58/$O$58 -> 0.10222868 | E60: =E58/$O$58 -> 0.074127907 | F60: =F58/$O$58 -> 0.012112403 | G60: =G58/$O$58 -> 0.0033914729 | H60: =H58/$O$58 -> 0 | I60: =I58/$O$58 -> 0.057170543 | J60: =J58/$O$58 -> 0.040213178 | ... L60: =L58/$O$58 -> 0.00048449612 | N60: =N58/$O$58 -> 0

Sheet 26.09 Munyonyo-Kajansi-24h
B1: Consultancy services for Preparation of Expressway Development Master Plan (EDMP) for Uganda
B2: MANUAL CLASSIFIED COUNT (MCC)
B3: ROAD NAME: | C3: ='23.09.19 Bweya- Kajansi'!C3:G3 -> MCC-C2-STNO 56 -Munyonyo spur
C5: Date | D5: 26.09.19 | F5: Location | G5: ='27.09Kasjansi-Munyonyo'!G5:H5 -> Munyonyo Spur RD | J5: Surveyor | K5: ='27.09Kasjansi-Munyonyo'!K5:L5 -> Akello Rosette
C6: Dir. From | D6: MUNYONYO | F6: Dir. To | G6: ='23.09.19 Bweya- Kajansi'!G6:H6 -> KAJANSI | J6: Supervisor | K6: ='27.09Kasjansi-Munyonyo'!K6:L6 -> Beatrice
B8: Time / Veh Type | R8: SUMMARY TRAFFIC VOLUMES
C9: 1. Car | D9: 2. Station Wagon | E9: 3. Pickups | F9: 4. Minibus, matatu | G9: 5. Medium bus | H9: 6. Large Bus | I9: 7. Light Truck | J9: 8. Medium Truck | K9: 9. Heavy truck | L9: 10. Truck Trailer | M9: 11. Motor cycles | N9: 12. Tractors | O9: Total Excl M/Cycles | P9: Total All | R9: Time | S9: 1. Car | T9: 2. Station Wagon | U9: 3. Pickups | V9: 4. Minibus, matatu | W9: 5. Medium bus | X9: 6. Large Bus | Y9: 7. Light Truck | Z9: 8. Medium Truck | AA9: 9. Heavy truck | AB9: 10. Truck Trailer | AC9: 11. Motorcycles | AD9: 12. Tractors, Graders | AE9: Total Excl M/ Cycles | AF9: Total All
B10: 07.00 - 07.15 | C10: 28 | D10: 7 | E10: 1 | F10: 1 | G10: 0 | H10: 0 | I10: 3 | J10: 0 | K10: 0 | L10: 0 | M10: 37 | N10: 0 | O10: =SUM(C10:L10,N10) -> 40 | P10: =SUM(C10:N10) -> 77 | R10: 0700-0800 | S10: =SUM(C10:C13) -> 118 | T10: =SUM(D10:D13) -> 41 | U10: =SUM(E10:E13) -> 9 | V10: =SUM(F10:F13) -> 8 | W10: =SUM(G10:G13) -> 0 | X10: =SUM(H10:H13) -> 0 | Y10: =SUM(I10:I13) -> 6 | Z10: =SUM(J10:J13) -> 0 | ... AF10: =SUM(P10:P13) -> 377
B11: 07.15 - 07.30 | C11: 31 | D11: 11 | E11: 2 | F11: 2 | G11: 0 | H11: 0 | I11: 2 | J11: 0 | K11: 0 | L11: 0 | M11: 42 | N11: 0 | O11: =SUM(C11:L11,N11) -> 48 | P11: =SUM(C11:N11) -> 90 | R11: 0800-0900 | S11: =SUM(C14:C17) -> 139 | T11: =SUM(D14:D17) -> 40 | U11: =SUM(E14:E17) -> 13 | V11: =SUM(F14:F17) -> 7 | W11: =SUM(G14:G17) -> 1 | X11: =SUM(H14:H17) -> 1 | Y11: =SUM(I14:I17) -> 13 | Z11: =SUM(J14:J17) -> 0 | ... AF11: =SUM(P14:P17) -> 340
B12: 07.30 - 07.45 | C12: 26 | D12: 7 | E12: 3 | F12: 3 | G12: 0 | H12: 0 | I12: 0 | J12: 0 | K12: 0 | L12: 0 | M12: 63 | N12: 0 | O12: =SUM(C12:L12,N12) -> 39 | P12: =SUM(C12:N12) -> 102 | R12: 0900-1000 | S12: =SUM(C18:C21) -> 86 | T12: =SUM(D18:D21) -> 27 | U12: =SUM(E18:E21) -> 10 | V12: =SUM(F18:F21) -> 9 | W12: =SUM(G18:G21) -> 0 | X12: =SUM(H18:H21) -> 0 | Y12: =SUM(I18:I21) -> 9 | Z12: =SUM(J18:J21) -> 1 | ... AF12: =SUM(P18:P21) -> 271
B13: 07.45 - 08.00 | C13: 33 | D13: 16 | E13: 3 | F13: 2 | G13: 0 | H13: 0 | I13: 1 | J13: 0 | K13: 0 | L13: 0 | M13: 53 | N13: 0 | O13: =SUM(C13:L13,N13) -> 55 | P13: =SUM(C13:N13) -> 108 | R13: 1000-1100 | S13: =SUM(C22:C25) -> 107 | T13: =SUM(D22:D25) -> 39 | U13: =SUM(E22:E25) -> 13 | V13: =SUM(F22:F25) -> 6 | W13: =SUM(G22:G25) -> 4 | X13: =SUM(H22:H25) -> 0 | Y13: =SUM(I22:I25) -> 13 | Z13: =SUM(J22:J25) -> 1 | ... AF13: =SUM(P22:P25) -> 319
B14: 08.00 - 08.15 | C14: 35 | D14: 6 | E14: 1 | F14: 2 | G14: 0 | H14: 0 | I14: 1 | J14: 0 | K14: 0 | L14: 0 | M14: 13 | N14: 0 | O14: =SUM(C14:L14,N14) -> 45 | P14: =SUM(C14:N14) -> 58 | R14: 1100-1200 | S14: =SUM(C26:C29) -> 93 | T14: =SUM(D26:D29) -> 28 | U14: =SUM(E26:E29) -> 26 | V14: =SUM(F26:F29) -> 15 | W14: =SUM(G26:G29) -> 0 | X14: =SUM(H26:H29) -> 4 | Y14: =SUM(I26:I29) -> 8 | Z14: =SUM(J26:J29) -> 2 | ... AF14: =SUM(P26:P29) -> 289
B15: 08.15 - 08.30 | C15: 31 | D15: 9 | E15: 2 | F15: 1 | G15: 0 | H15: 0 | I15: 5 | J15: 0 | K15: 0 | L15: 0 | M15: 33 | N15: 0 | O15: =SUM(C15:L15,N15) -> 48 | P15: =SUM(C15:N15) -> 81 | R15: 1200-1300 | S15: =SUM(C30:C33) -> 116 | T15: =SUM(D30:D33) -> 31 | U15: =SUM(E30:E33) -> 22 | V15: =SUM(F30:F33) -> 10 | W15: =SUM(G30:G33) -> 0 | X15: =SUM(H30:H33) -> 0 | Y15: =SUM(I30:I33) -> 16 | Z15: =SUM(J30:J33) -> 4 | ... AF15: =SUM(P30:P33) -> 302
B16: 08.30 - 08.45 | C16: 37 | D16: 16 | E16: 2 | F16: 1 | G16: 1 | H16: 0 | I16: 3 | J16: 0 | K16: 0 | L16: 0 | M16: 40 | N16: 0 | O16: =SUM(C16:L16,N16) -> 60 | P16: =SUM(C16:N16) -> 100 | R16: 1300-1400 | S16: =SUM(C34:C37) -> 98 | T16: =SUM(D34:D37) -> 41 | U16: =SUM(E34:E37) -> 16 | V16: =SUM(F34:F37) -> 5 | W16: =SUM(G34:G37) -> 2 | X16: =SUM(H34:H37) -> 0 | Y16: =SUM(I34:I37) -> 15 | Z16: =SUM(J34:J37) -> 0 | ... AF16: =SUM(P34:P37) -> 289
B17: 08.45 - 9.00 | C17: 36 | D17: 9 | E17: 8 | F17: 3 | G17: 0 | H17: 1 | I17: 4 | J17: 0 | K17: 0 | L17: 0 | M17: 40 | N17: 0 | O17: =SUM(C17:L17,N17) -> 61 | P17: =SUM(C17:N17) -> 101 | R17: 1400-1500 | S17: =SUM(C38:C41) -> 90 | T17: =SUM(D38:D41) -> 37 | U17: =SUM(E38:E41) -> 8 | V17: =SUM(F38:F41) -> 4 | W17: =SUM(G38:G41) -> 0 | X17: =SUM(H38:H41) -> 0 | Y17: =SUM(I38:I41) -> 15 | Z17: =SUM(J38:J41) -> 3 | ... AF17: =SUM(P38:P41) -> 280
B18: 09.00 - 09.15 | C18: 21 | D18: 6 | E18: 3 | F18: 3 | G18: 0 | H18: 0 | I18: 3 | J18: 0 | K18: 0 | L18: 0 | M18: 32 | N18: 0 | O18: =SUM(C18:L18,N18) -> 36 | P18: =SUM(C18:N18) -> 68 | R18: 1500-1600 | S18: =SUM(C42:C45) -> 101 | T18: =SUM(D42:D45) -> 34 | U18: =SUM(E42:E45) -> 12 | V18: =SUM(F42:F45) -> 5 | W18: =SUM(G42:G45) -> 0 | X18: =SUM(H42:H45) -> 0 | Y18: =SUM(I42:I45) -> 18 | Z18: =SUM(J42:J45) -> 0 | ... AF18: =SUM(P42:P45) -> 294
B19: 09.15 - 09.30 | C19: 18 | D19: 5 | E19: 2 | F19: 3 | G19: 0 | H19: 0 | I19: 1 | J19: 0 | K19: 0 | L19: 0 | M19: 34 | N19: 0 | O19: =SUM(C19:L19,N19) -> 29 | P19: =SUM(C19:N19) -> 63 | R19: 1600-1700 | S19: =SUM(C46:C49) -> 134 | T19: =SUM(D46:D49) -> 26 | U19: =SUM(E46:E49) -> 18 | V19: =SUM(F46:F49) -> 5 | W19: =SUM(G46:G49) -> 1 | X19: =SUM(H46:H49) -> 0 | Y19: =SUM(I46:I49) -> 21 | Z19: =SUM(J46:J49) -> 2 | ... AF19: =SUM(P46:P49) -> 349
B20: 09.30 - 09.45 | C20: 22 | D20: 8 | E20: 3 | F20: 2 | G20: 0 | H20: 0 | I20: 1 | J20: 0 | K20: 2 | L20: 1 | M20: 21 | N20: 0 | O20: =SUM(C20:L20,N20) -> 39 | P20: =SUM(C20:N20) -> 60 | R20: 1700-1800 | S20: =SUM(C50:C53) -> 145 | T20: =SUM(D50:D53) -> 34 | U20: =SUM(E50:E53) -> 21 | V20: =SUM(F50:F53) -> 8 | W20: =SUM(G50:G53) -> 3 | X20: =SUM(H50:H53) -> 0 | Y20: =SUM(I50:I53) -> 14 | Z20: =SUM(J50:J53) -> 3 | ... AF20: =SUM(P50:P53) -> 380
B21: 09.45 - 10.00 | C21: 25 | D21: 8 | E21: 2 | F21: 1 | G21: 0 | H21: 0 | I21: 4 | J21: 1 | K21: 0 | L21: 0 | M21: 39 | N21: 0 | O21: =SUM(C21:L21,N21) -> 41 | P21: =SUM(C21:N21) -> 80 | R21: 1800-1900 | S21: =SUM(C54:C57) -> 141 | T21: =SUM(D54:D57) -> 42 | U21: =SUM(E54:E57) -> 21 | V21: =SUM(F54:F57) -> 14 | W21: =SUM(G54:G57) -> 2 | X21: =SUM(H54:H57) -> 0 | Y21: =SUM(I54:I57) -> 15 | Z21: =SUM(J54:J57) -> 0 | ... AF21: =SUM(P54:P57) -> 434
B22: 10.00 - 10.15 | C22: 21 | D22: 7 | E22: 6 | F22: 0 | G22: 0 | H22: 0 | I22: 2 | J22: 0 | K22: 0 | L22: 0 | M22: 36 | N22: 0 | O22: =SUM(C22:L22,N22) -> 36 | P22: =SUM(C22:N22) -> 72 | R22: 1900-2000 | S22: =SUM(C58:C61) -> 123 | T22: =SUM(D58:D61) -> 53 | U22: =SUM(E58:E61) -> 21 | V22: =SUM(F58:F61) -> 11 | W22: =SUM(G58:G61) -> 0 | X22: =SUM(H58:H61) -> 0 | Y22: =SUM(I58:I61) -> 19 | Z22: =SUM(J58:J61) -> 4 | ... AF22: =SUM(P58:P61) -> 388
B23: 10.15 - 10.30 | C23: 42 | D23: 10 | E23: 3 | F23: 3 | G23: 3 | H23: 0 | I23: 1 | J23: 0 | K23: 0 | L23: 0 | M23: 36 | N23: 0 | O23: =SUM(C23:L23,N23) -> 62 | P23: =SUM(C23:N23) -> 98 | R23: 2000-2100 | S23: =SUM(C62:C65) -> 111 | T23: =SUM(D62:D65) -> 32 | U23: =SUM(E62:E65) -> 19 | V23: =SUM(F62:F65) -> 10 | W23: =SUM(G62:G65) -> 0 | X23: =SUM(H62:H65) -> 0 | Y23: =SUM(I62:I65) -> 10 | Z23: =SUM(J62:J65) -> 3 | ... AF23: =SUM(P62:P65) -> 329
B24: 10.30 - 10.45 | C24: 18 | D24: 8 | E24: 0 | F24: 1 | G24: 0 | H24: 0 | I24: 5 | J24: 1 | K24: 0 | L24: 0 | M24: 32 | N24: 0 | O24: =SUM(C24:L24,N24) -> 33 | P24: =SUM(C24:N24) -> 65 | R24: 2100-2200 | S24: =SUM(C66:C69) -> 125 | T24: =SUM(D66:D69) -> 40 | U24: =SUM(E66:E69) -> 10 | V24: =SUM(F66:F69) -> 2 | W24: =SUM(G66:G69) -> 1 | X24: =SUM(H66:H69) -> 0 | Y24: =SUM(I66:I69) -> 1 | Z24: =SUM(J66:J69) -> 3 | ... AF24: =SUM(P66:P69) -> 260
B25: 10.45 - 11.00 | C25: 26 | D25: 14 | E25: 4 | F25: 2 | G25: 1 | H25: 0 | I25: 5 | J25: 0 | K25: 0 | L25: 0 | M25: 32 | N25: 0 | O25: =SUM(C25:L25,N25) -> 52 | P25: =SUM(C25:N25) -> 84 | R25: 2200-2300 | S25: =SUM(C70:C73) -> 84 | T25: =SUM(D70:D73) -> 31 | U25: =SUM(E70:E73) -> 11 | V25: =SUM(F70:F73) -> 6 | W25: =SUM(G70:G73) -> 1 | X25: =SUM(H70:H73) -> 0 | Y25: =SUM(I70:I73) -> 3 | Z25: =SUM(J70:J73) -> 0 | ... AF25: =SUM(P70:P73) -> 182
B26: 11.00 - 11.15 | C26: 25 | D26: 13 | E26: 9 | F26: 1 | G26: 0 | H26: 0 | I26: 4 | J26: 0 | K26: 0 | L26: 1 | M26: 22 | N26: 0 | O26: =SUM(C26:L26,N26) -> 53 | P26: =SUM(C26:N26) -> 75 | R26: 2300-0000 | S26: =SUM(C74:C77) -> 39 | T26: =SUM(D74:D77) -> 17 | U26: =SUM(E74:E77) -> 0 | V26: =SUM(F74:F77) -> 3 | W26: =SUM(G74:G77) -> 0 | X26: =SUM(H74:H77) -> 0 | Y26: =SUM(I74:I77) -> 2 | Z26: =SUM(J74:J77) -> 1 | ... AF26: =SUM(P74:P77) -> 89
B27: 11.15 - 11.30 | C27: 27 | D27: 7 | E27: 12 | F27: 8 | G27: 0 | H27: 4 | I27: 0 | J27: 0 | K27: 0 | L27: 0 | M27: 41 | N27: 0 | O27: =SUM(C27:L27,N27) -> 58 | P27: =SUM(C27:N27) -> 99 | R27: 0000-0100 | S27: =SUM(C78:C81) -> 12 | T27: =SUM(D78:D81) -> 9 | U27: =SUM(E78:E81) -> 2 | V27: =SUM(F78:F81) -> 2 | W27: =SUM(G78:G81) -> 0 | X27: =SUM(H78:H81) -> 0 | Y27: =SUM(I78:I81) -> 1 | Z27: =SUM(J78:J81) -> 0 | ... AF27: =SUM(P78:P81) -> 38
B28: 11.30 - 11.45 | C28: 23 | D28: 4 | E28: 4 | F28: 6 | G28: 0 | H28: 0 | I28: 3 | J28: 0 | K28: 0 | L28: 0 | M28: 23 | N28: 0 | O28: =SUM(C28:L28,N28) -> 40 | P28: =SUM(C28:N28) -> 63 | R28: 0100-0200 | S28: =SUM(C82:C85) -> 6 | T28: =SUM(D82:D85) -> 10 | U28: =SUM(E82:E85) -> 2 | V28: =SUM(F82:F85) -> 1 | W28: =SUM(G82:G85) -> 0 | X28: =SUM(H82:H85) -> 0 | Y28: =SUM(I82:I85) -> 0 | Z28: =SUM(J82:J85) -> 0 | ... AF28: =SUM(P82:P85) -> 29
B29: 11.45 - 12.00 | C29: 18 | D29: 4 | E29: 1 | F29: 0 | G29: 0 | H29: 0 | I29: 1 | J29: 2 | K29: 0 | L29: 0 | M29: 26 | N29: 0 | O29: =SUM(C29:L29,N29) -> 26 | P29: =SUM(C29:N29) -> 52 | R29: 0200-0300 | S29: =SUM(C86:C89) -> 11 | T29: =SUM(D86:D89) -> 1 | U29: =SUM(E86:E89) -> 0 | V29: =SUM(F86:F89) -> 4 | W29: =SUM(G86:G89) -> 0 | X29: =SUM(H86:H89) -> 1 | Y29: =SUM(I86:I89) -> 1 | Z29: =SUM(J86:J89) -> 0 | ... AF29: =SUM(P86:P89) -> 25
B30: 12.00 - 12.15 | C30: 36 | D30: 6 | E30: 5 | F30: 4 | G30: 0 | H30: 0 | I30: 8 | J30: 0 | K30: 0 | L30: 0 | M30: 23 | N30: 0 | O30: =SUM(C30:L30,N30) -> 59 | P30: =SUM(C30:N30) -> 82 | R30: 0300-0400 | S30: =SUM(C90:C93) -> 8 | T30: =SUM(D90:D93) -> 1 | U30: =SUM(E90:E93) -> 1 | V30: =SUM(F90:F93) -> 1 | W30: =SUM(G90:G93) -> 0 | X30: =SUM(H90:H93) -> 0 | Y30: =SUM(I90:I93) -> 0 | Z30: =SUM(J90:J93) -> 0 | ... AF30: =SUM(P90:P93) -> 15
B31: 12.15 - 12.30 | C31: 26 | D31: 6 | E31: 1 | F31: 2 | G31: 0 | H31: 0 | I31: 4 | J31: 0 | K31: 0 | L31: 0 | M31: 31 | N31: 0 | O31: =SUM(C31:L31,N31) -> 39 | P31: =SUM(C31:N31) -> 70 | R31: 0400-0500 | S31: =SUM(C94:C97) -> 9 | T31: =SUM(D94:D97) -> 3 | U31: =SUM(E94:E97) -> 2 | V31: =SUM(F94:F97) -> 0 | W31: =SUM(G94:G97) -> 1 | X31: =SUM(H94:H97) -> 0 | Y31: =SUM(I94:I97) -> 1 | Z31: =SUM(J94:J97) -> 1 | ... AF31: =SUM(P94:P97) -> 20
B32: 12.30 - 12.45 | C32: 29 | D32: 8 | E32: 12 | F32: 3 | G32: 0 | H32: 0 | I32: 4 | J32: 2 | K32: 0 | L32: 0 | M32: 26 | N32: 0 | O32: =SUM(C32:L32,N32) -> 58 | P32: =SUM(C32:N32) -> 84 | R32: 0500-0600 | S32: =SUM(C98:C101) -> 18 | T32: =SUM(D98:D101) -> 5 | U32: =SUM(E98:E101) -> 2 | V32: =SUM(F98:F101) -> 3 | W32: =SUM(G98:G101) -> 1 | X32: =SUM(H98:H101) -> 0 | Y32: =SUM(I98:I101) -> 2 | Z32: =SUM(J98:J101) -> 2 | ... AF32: =SUM(P98:P101) -> 40
B33: 12.45 - 13.00 | C33: 25 | D33: 11 | E33: 4 | F33: 1 | G33: 0 | H33: 0 | I33: 0 | J33: 2 | K33: 0 | L33: 0 | M33: 23 | N33: 0 | O33: =SUM(C33:L33,N33) -> 43 | P33: =SUM(C33:N33) -> 66 | R33: 0600-0700 | S33: =SUM(C102:C105) -> 94 | T33: =SUM(D102:D105) -> 11 | U33: =SUM(E102:E105) -> 8 | V33: =SUM(F102:F105) -> 7 | W33: =SUM(G102:G105) -> 2 | X33: =SUM(H102:H105) -> 2 | Y33: =SUM(I102:I105) -> 5 | Z33: =SUM(J102:J105) -> 2 | ... AF33: =SUM(P102:P105) -> 202
B34: 13.00 - 13.15 | C34: 26 | D34: 5 | E34: 3 | F34: 2 | G34: 0 | H34: 0 | I34: 3 | J34: 0 | K34: 0 | L34: 0 | M34: 17 | N34: 0 | O34: =SUM(C34:L34,N34) -> 39 | P34: =SUM(C34:N34) -> 56 | R34: AM Peak Hr | S34: =MAX(S10:S12) -> 139 | T34: =MAX(T10:T12) -> 41 | U34: =MAX(U10:U12) -> 13 | V34: =MAX(V10:V12) -> 9 | W34: =MAX(W10:W12) -> 1 | X34: =MAX(X10:X12) -> 1 | Y34: =MAX(Y10:Y12) -> 13 | Z34: =MAX(Z10:Z12) -> 1 | ... AF34: =MAX(AF10:AF12) -> 377
B35: 13.15 - 13.30 | C35: 29 | D35: 6 | E35: 3 | F35: 2 | G35: 0 | H35: 0 | I35: 5 | J35: 0 | K35: 0 | L35: 0 | M35: 25 | N35: 0 | O35: =SUM(C35:L35,N35) -> 45 | P35: =SUM(C35:N35) -> 70 | R35: IP Peak Hr | S35: =MAX(S13:S18) -> 116 | T35: =MAX(T13:T18) -> 41 | U35: =MAX(U13:U18) -> 26 | V35: =MAX(V13:V18) -> 15 | W35: =MAX(W13:W18) -> 4 | X35: =MAX(X13:X18) -> 4 | Y35: =MAX(Y13:Y18) -> 18 | Z35: =MAX(Z13:Z18) -> 4 | ... AF35: =MAX(AF13:AF18) -> 319
B36: 13.30 - 13.45 | C36: 20 | D36: 18 | E36: 6 | F36: 0 | G36: 1 | H36: 0 | I36: 1 | J36: 0 | K36: 0 | L36: 0 | M36: 33 | N36: 0 | O36: =SUM(C36:L36,N36) -> 46 | P36: =SUM(C36:N36) -> 79 | R36: PM Peak Hr | S36: =MAX(S19:S21) -> 145 | T36: =MAX(T19:T21) -> 42 | U36: =MAX(U19:U21) -> 21 | V36: =MAX(V19:V21) -> 14 | W36: =MAX(W19:W21) -> 3 | X36: =MAX(X19:X21) -> 0 | Y36: =MAX(Y19:Y21) -> 21 | Z36: =MAX(Z19:Z21) -> 3 | ... AF36: =MAX(AF19:AF21) -> 434
B37: 13.45 - 14.00 | C37: 23 | D37: 12 | E37: 4 | F37: 1 | G37: 1 | H37: 0 | I37: 6 | J37: 0 | K37: 0 | L37: 0 | M37: 37 | N37: 0 | O37: =SUM(C37:L37,N37) -> 47 | P37: =SUM(C37:N37) -> 84 | R37: AM Period | S37: =SUM(S10:S12) -> 343 | T37: =SUM(T10:T12) -> 108 | U37: =SUM(U10:U12) -> 32 | V37: =SUM(V10:V12) -> 24 | W37: =SUM(W10:W12) -> 1 | X37: =SUM(X10:X12) -> 1 | Y37: =SUM(Y10:Y12) -> 28 | Z37: =SUM(Z10:Z12) -> 1 | ... AF37: =SUM(AF10:AF12) -> 988
B38: 14.00 - 14.15 | C38: 30 | D38: 12 | E38: 1 | F38: 0 | G38: 0 | H38: 0 | I38: 4 | J38: 0 | K38: 0 | L38: 0 | M38: 22 | N38: 0 | O38: =SUM(C38:L38,N38) -> 47 | P38: =SUM(C38:N38) -> 69 | R38: IP Period | S38: =SUM(S13:S18) -> 605 | T38: =SUM(T13:T18) -> 210 | U38: =SUM(U13:U18) -> 97 | V38: =SUM(V13:V18) -> 45 | W38: =SUM(W13:W18) -> 6 | X38: =SUM(X13:X18) -> 4 | Y38: =SUM(Y13:Y18) -> 85 | Z38: =SUM(Z13:Z18) -> 10 | ... AF38: =SUM(AF13:AF18) -> 1773
B39: 14.15 - 14.30 | C39: 24 | D39: 9 | E39: 3 | F39: 0 | G39: 0 | H39: 0 | I39: 4 | J39: 1 | K39: 0 | L39: 1 | M39: 33 | N39: 0 | O39: =SUM(C39:L39,N39) -> 42 | P39: =SUM(C39:N39) -> 75 | R39: PM Period | S39: =SUM(S19:S21) -> 420 | T39: =SUM(T19:T21) -> 102 | U39: =SUM(U19:U21) -> 60 | V39: =SUM(V19:V21) -> 27 | W39: =SUM(W19:W21) -> 6 | X39: =SUM(X19:X21) -> 0 | Y39: =SUM(Y19:Y21) -> 50 | Z39: =SUM(Z19:Z21) -> 5 | ... AF39: =SUM(AF19:AF21) -> 1163
B40: 14.30 - 14.45 | C40: 14 | D40: 6 | E40: 4 | F40: 2 | G40: 0 | H40: 0 | I40: 3 | J40: 2 | K40: 0 | L40: 0 | M40: 37 | N40: 0 | O40: =SUM(C40:L40,N40) -> 31 | P40: =SUM(C40:N40) -> 68 | R40: 12 Hours | S40: =SUM(S10:S21) -> 1368 | T40: =SUM(T10:T21) -> 420 | U40: =SUM(U10:U21) -> 189 | V40: =SUM(V10:V21) -> 96 | W40: =SUM(W10:W21) -> 13 | X40: =SUM(X10:X21) -> 5 | Y40: =SUM(Y10:Y21) -> 163 | Z40: =SUM(Z10:Z21) -> 16 | ... AF40: =SUM(AF10:AF21) -> 3924
B41: 14.45 - 15.00 | C41: 22 | D41: 10 | E41: 0 | F41: 2 | G41: 0 | H41: 0 | I41: 4 | J41: 0 | K41: 0 | L41: 0 | M41: 30 | N41: 0 | O41: =SUM(C41:L41,N41) -> 38 | P41: =SUM(C41:N41) -> 68 | R41: 24 Hrs/ADT | S41: =SUM(S10:S33) -> 2008 | T41: =SUM(T10:T33) -> 633 | U41: =SUM(U10:U33) -> 267 | V41: =SUM(V10:V33) -> 146 | W41: =SUM(W10:W33) -> 19 | X41: =SUM(X10:X33) -> 8 | Y41: =SUM(Y10:Y33) -> 208 | Z41: =SUM(Z10:Z33) -> 32 | ... AF41: =SUM(AF10:AF33) -> 5541
B42: 15.00 - 15.15 | C42: 21 | D42: 9 | E42: 5 | F42: 1 | G42: 0 | H42: 0 | I42: 5 | J42: 0 | K42: 0 | L42: 0 | M42: 22 | N42: 0 | O42: =SUM(C42:L42,N42) -> 41 | P42: =SUM(C42:N42) -> 63 | R42: NEF | S42: =S41/S40 -> 1.4678363 | T42: =T41/T40 -> 1.5071429 | U42: =U41/U40 -> 1.4126984 | V42: =V41/V40 -> 1.5208333 | W42: =W41/W40 -> 1.4615385 | X42: =X41/X40 -> 1.6 | Y42: =Y41/Y40 -> 1.2760736 | Z42: =Z41/Z40 -> 2 | ... AF42: =AF41/AF40 -> 1.4120795
B43: 15.15 - 15.30 | C43: 20 | D43: 5 | E43: 2 | F43: 1 | G43: 0 | H43: 0 | I43: 6 | J43: 0 | K43: 0 | L43: 0 | M43: 31 | N43: 0 | O43: =SUM(C43:L43,N43) -> 34 | P43: =SUM(C43:N43) -> 65
B44: 15.30 - 15.45 | C44: 23 | D44: 11 | E44: 5 | F44: 1 | G44: 0 | H44: 0 | I44: 5 | J44: 0 | K44: 0 | L44: 0 | M44: 35 | N44: 0 | O44: =SUM(C44:L44,N44) -> 45 | P44: =SUM(C44:N44) -> 80
B45: 15.45 - 16.00 | C45: 37 | D45: 9 | E45: 0 | F45: 2 | G45: 0 | H45: 0 | I45: 2 | J45: 0 | K45: 0 | L45: 0 | M45: 36 | N45: 0 | O45: =SUM(C45:L45,N45) -> 50 | P45: =SUM(C45:N45) -> 86
B46: 16.00 - 16.15 | C46: 32 | D46: 5 | E46: 5 | F46: 0 | G46: 1 | H46: 0 | I46: 5 | J46: 0 | K46: 0 | L46: 0 | M46: 45 | N46: 0 | O46: =SUM(C46:L46,N46) -> 48 | P46: =SUM(C46:N46) -> 93
B47: 16.15 -16.30 | C47: 35 | D47: 6 | E47: 2 | F47: 2 | G47: 0 | H47: 0 | I47: 7 | J47: 0 | K47: 0 | L47: 0 | M47: 35 | N47: 0 | O47: =SUM(C47:L47,N47) -> 52 | P47: =SUM(C47:N47) -> 87
B48: 16.30 -16.45 | C48: 41 | D48: 10 | E48: 7 | F48: 2 | G48: 0 | H48: 0 | I48: 6 | J48: 2 | K48: 0 | L48: 0 | M48: 32 | N48: 0 | O48: =SUM(C48:L48,N48) -> 68 | P48: =SUM(C48:N48) -> 100
B49: 16.45 -17.00 | C49: 26 | D49: 5 | E49: 4 | F49: 1 | G49: 0 | H49: 0 | I49: 3 | J49: 0 | K49: 0 | L49: 0 | M49: 30 | N49: 0 | O49: =SUM(C49:L49,N49) -> 39 | P49: =SUM(C49:N49) -> 69
B50: 17.00 -17.15 | C50: 35 | D50: 10 | E50: 4 | F50: 1 | G50: 1 | H50: 0 | I50: 1 | J50: 1 | K50: 0 | L50: 0 | M50: 41 | N50: 0 | O50: =SUM(C50:L50,N50) -> 53 | P50: =SUM(C50:N50) -> 94
B51: 17.15 -17.30 | C51: 33 | D51: 7 | E51: 8 | F51: 5 | G51: 0 | H51: 0 | I51: 8 | J51: 1 | K51: 0 | L51: 0 | M51: 41 | N51: 0 | O51: =SUM(C51:L51,N51) -> 62 | P51: =SUM(C51:N51) -> 103
B52: 17.30 -17.45 | C52: 31 | D52: 12 | E52: 8 | F52: 0 | G52: 0 | H52: 0 | I52: 2 | J52: 0 | K52: 0 | L52: 0 | M52: 31 | N52: 0 | O52: =SUM(C52:L52,N52) -> 53 | P52: =SUM(C52:N52) -> 84
B53: 17.45 -18.00 | C53: 46 | D53: 5 | E53: 1 | F53: 2 | G53: 2 | H53: 0 | I53: 3 | J53: 1 | K53: 0 | L53: 0 | M53: 39 | N53: 0 | O53: =SUM(C53:L53,N53) -> 60 | P53: =SUM(C53:N53) -> 99
B54: 18.00 - 18.15 | C54: 35 | D54: 12 | E54: 4 | F54: 4 | G54: 0 | H54: 0 | I54: 3 | J54: 0 | K54: 0 | L54: 0 | M54: 46 | N54: 0 | O54: =SUM(C54:L54,N54) -> 58 | P54: =SUM(C54:N54) -> 104
... B105: 06.45 - 07.00 | C105: 28 | D105: 4 | E105: 3 | F105: 2 | G105: 1 | H105: 1 | I105: 0 | J105: 1 | K105: 0 | L105: 0 | M105: 23 | N105: 0 | O105: =SUM(C105:L105,N105) -> 40 | P105: =SUM(C105:N105) -> 63
B106: Totals | C106: =SUM(C10:C105) -> 2008 | D106: =SUM(D10:D105) -> 633 | E106: =SUM(E10:E105) -> 267 | F106: =SUM(F10:F105) -> 146 | G106: =SUM(G10:G105) -> 19 | H106: =SUM(H10:H105) -> 8 | I106: =SUM(I10:I105) -> 208 | J106: =SUM(J10:J105) -> 32 | ... P106: =SUM(P10:P105) -> 5541
B107: %ges + MCs | C107: =C106/$P$106 -> 0.36238946 | D107: =D106/$P$106 -> 0.11423931 | E107: =E106/$P$106 -> 0.048186248 | F107: =F106/$P$106 -> 0.026349034 | G107: =G106/$P$106 -> 0.0034289839 | H107: =H106/$P$106 -> 0.0014437827 | I107: =I106/$P$106 -> 0.03753835 | J107: =J106/$P$106 -> 0.0057751308 | ... N107: =N106/$P$106 -> 0
B108: %ges w/o MCs | C108: =C106/$O$106 -> 0.60282198 | D108: =D106/$O$106 -> 0.19003302 | E108: =E106/$O$106 -> 0.080156109 | F108: =F106/$O$106 -> 0.043830681 | G108: =G106/$O$106 -> 0.0057039928 | H108: =H106/$O$106 -> 0.0024016812 | I108: =I106/$O$106 -> 0.062443711 | J108: =J106/$O$106 -> 0.0096067247 | ... L108: =L106/$O$106 -> 0.0012008406 | N108: =N106/$O$106 -> 0

Sheet 26.09 Kajansi-Bweya-24h
B1: Consultancy services for Preparation of Expressway Development Master Plan (EDMP) for Uganda
B2: MANUAL CLASSIFIED COUNT (MCC)
B3: ROAD NAME: | C3: ='23.09.19 Bweya- Kajansi'!C3:G3 -> MCC-C2-STNO 56 -Munyonyo spur
C5: Date | D5: ='26.09 Munyonyo-Kajansi-24h'!D5 -> 26.09.19 | F5: Location | G5: ='26.09 Munyonyo-Kajansi-24h'!G5:H5 -> Munyonyo Spur RD | J5: Surveyor | K5: ='26.09 Munyonyo-Kajansi-24h'!K5:L5 -> Akello Rosette
C6: Dir. From | D6: ='23.09.19 Kajansi -Bweya'!D6:E6 -> KAJANSI | F6: Dir. To | G6: ='24.09 Kajansi-Bweya'!G6:H6 -> MUNYONYO | J6: Supervisor | K6: ='26.09 Munyonyo-Kajansi-24h'!K6:L6 -> Beatrice
B8: Time / Veh Type | R8: SUMMARY TRAFFIC VOLUMES
C9: 1. Car | D9: 2. Station Wagon | E9: 3. Pickups | F9: 4. Minibus, matatu | G9: 5. Medium bus | H9: 6. Large Bus | I9: 7. Light Truck | J9: 8. Medium Truck | K9: 9. Heavy truck | L9: 10. Truck Trailer | M9: 11. Motor cycles | N9: 12. Tractors | O9: Total Excl M/Cycles | P9: Total All | R9: Time | S9: 1. Car | T9: 2. Station Wagon | U9: 3. Pickups | V9: 4. Minibus, matatu | W9: 5. Medium bus | X9: 6. Large Bus | Y9: 7. Light Truck | Z9: 8. Medium Truck | AA9: 9. Heavy truck | AB9: 10. Truck Trailer | AC9: 11. Motorcycles | AD9: 12. Tractors, Graders | AE9: Total Excl M/ Cycles | AF9: Total All
B10: 07.00 - 07.15 | C10: 22 | D10: 7 | E10: 5 | F10: 2 | G10: 0 | H10: 0 | I10: 2 | J10: 1 | K10: 0 | L10: 0 | M10: 21 | N10: 0 | O10: =SUM(C10:L10,N10) -> 39 | P10: =SUM(C10:N10) -> 60 | R10: 0700-0800 | S10: =SUM(C10:C13) -> 156 | T10: =SUM(D10:D13) -> 30 | U10: =SUM(E10:E13) -> 23 | V10: =SUM(F10:F13) -> 9 | W10: =SUM(G10:G13) -> 1 | X10: =SUM(H10:H13) -> 0 | Y10: =SUM(I10:I13) -> 16 | Z10: =SUM(J10:J13) -> 2 | ... AF10: =SUM(P10:P13) -> 378
B11: 07.15 - 07.30 | C11: 42 | D11: 12 | E11: 6 | F11: 2 | G11: 0 | H11: 0 | I11: 2 | J11: 1 | K11: 0 | L11: 0 | M11: 42 | N11: 0 | O11: =SUM(C11:L11,N11) -> 65 | P11: =SUM(C11:N11) -> 107 | R11: 0800-0900 | S11: =SUM(C14:C17) -> 138 | T11: =SUM(D14:D17) -> 14 | U11: =SUM(E14:E17) -> 13 | V11: =SUM(F14:F17) -> 2 | W11: =SUM(G14:G17) -> 0 | X11: =SUM(H14:H17) -> 0 | Y11: =SUM(I14:I17) -> 11 | Z11: =SUM(J14:J17) -> 5 | ... AF11: =SUM(P14:P17) -> 295
B12: 07.30 - 07.45 | C12: 48 | D12: 8 | E12: 9 | F12: 4 | G12: 1 | H12: 0 | I12: 6 | J12: 0 | K12: 0 | L12: 0 | M12: 50 | N12: 0 | O12: =SUM(C12:L12,N12) -> 76 | P12: =SUM(C12:N12) -> 126 | R12: 0900-1000 | S12: =SUM(C18:C21) -> 93 | T12: =SUM(D18:D21) -> 25 | U12: =SUM(E18:E21) -> 8 | V12: =SUM(F18:F21) -> 0 | W12: =SUM(G18:G21) -> 0 | X12: =SUM(H18:H21) -> 0 | Y12: =SUM(I18:I21) -> 8 | Z12: =SUM(J18:J21) -> 5 | ... AF12: =SUM(P18:P21) -> 238
B13: 07.45 - 08.00 | C13: 44 | D13: 3 | E13: 3 | F13: 1 | G13: 0 | H13: 0 | I13: 6 | J13: 0 | K13: 0 | L13: 0 | M13: 28 | N13: 0 | O13: =SUM(C13:L13,N13) -> 57 | P13: =SUM(C13:N13) -> 85 | R13: 1000-1100 | S13: =SUM(C22:C25) -> 90 | T13: =SUM(D22:D25) -> 20 | U13: =SUM(E22:E25) -> 12 | V13: =SUM(F22:F25) -> 6 | W13: =SUM(G22:G25) -> 0 | X13: =SUM(H22:H25) -> 0 | Y13: =SUM(I22:I25) -> 7 | Z13: =SUM(J22:J25) -> 1 | ... AF13: =SUM(P22:P25) -> 271
B14: 08.00 - 08.15 | C14: 13 | D14: 2 | E14: 3 | F14: 0 | G14: 0 | H14: 0 | I14: 0 | J14: 0 | K14: 0 | L14: 0 | M14: 20 | N14: 0 | O14: =SUM(C14:L14,N14) -> 18 | P14: =SUM(C14:N14) -> 38 | R14: 1100-1200 | S14: =SUM(C26:C29) -> 75 | T14: =SUM(D26:D29) -> 11 | U14: =SUM(E26:E29) -> 10 | V14: =SUM(F26:F29) -> 0 | W14: =SUM(G26:G29) -> 0 | X14: =SUM(H26:H29) -> 0 | Y14: =SUM(I26:I29) -> 4 | Z14: =SUM(J26:J29) -> 8 | ... AF14: =SUM(P26:P29) -> 176
B15: 08.15 - 08.30 | C15: 43 | D15: 5 | E15: 3 | F15: 0 | G15: 0 | H15: 0 | I15: 3 | J15: 2 | K15: 0 | L15: 0 | M15: 19 | N15: 0 | O15: =SUM(C15:L15,N15) -> 56 | P15: =SUM(C15:N15) -> 75 | R15: 1200-1300 | S15: =SUM(C30:C33) -> 86 | T15: =SUM(D30:D33) -> 21 | U15: =SUM(E30:E33) -> 12 | V15: =SUM(F30:F33) -> 3 | W15: =SUM(G30:G33) -> 1 | X15: =SUM(H30:H33) -> 0 | Y15: =SUM(I30:I33) -> 5 | Z15: =SUM(J30:J33) -> 9 | ... AF15: =SUM(P30:P33) -> 216
B16: 08.30 - 08.45 | C16: 36 | D16: 3 | E16: 2 | F16: 0 | G16: 0 | H16: 0 | I16: 4 | J16: 0 | K16: 0 | L16: 0 | M16: 31 | N16: 0 | O16: =SUM(C16:L16,N16) -> 45 | P16: =SUM(C16:N16) -> 76 | R16: 1300-1400 | S16: =SUM(C34:C37) -> 82 | T16: =SUM(D34:D37) -> 24 | U16: =SUM(E34:E37) -> 7 | V16: =SUM(F34:F37) -> 2 | W16: =SUM(G34:G37) -> 0 | X16: =SUM(H34:H37) -> 0 | Y16: =SUM(I34:I37) -> 7 | Z16: =SUM(J34:J37) -> 9 | ... AF16: =SUM(P34:P37) -> 222
B17: 08.45 - 9.00 | C17: 46 | D17: 4 | E17: 5 | F17: 2 | G17: 0 | H17: 0 | I17: 4 | J17: 3 | K17: 1 | L17: 0 | M17: 41 | N17: 0 | O17: =SUM(C17:L17,N17) -> 65 | P17: =SUM(C17:N17) -> 106 | R17: 1400-1500 | S17: =SUM(C38:C41) -> 114 | T17: =SUM(D38:D41) -> 31 | U17: =SUM(E38:E41) -> 9 | V17: =SUM(F38:F41) -> 1 | W17: =SUM(G38:G41) -> 1 | X17: =SUM(H38:H41) -> 0 | Y17: =SUM(I38:I41) -> 10 | Z17: =SUM(J38:J41) -> 9 | ... AF17: =SUM(P38:P41) -> 280
B18: 09.00 - 09.15 | C18: 27 | D18: 3 | E18: 3 | F18: 0 | G18: 0 | H18: 0 | I18: 2 | J18: 0 | K18: 0 | L18: 0 | M18: 23 | N18: 0 | O18: =SUM(C18:L18,N18) -> 35 | P18: =SUM(C18:N18) -> 58 | R18: 1500-1600 | S18: =SUM(C42:C45) -> 121 | T18: =SUM(D42:D45) -> 12 | U18: =SUM(E42:E45) -> 64 | V18: =SUM(F42:F45) -> 4 | W18: =SUM(G42:G45) -> 1 | X18: =SUM(H42:H45) -> 0 | Y18: =SUM(I42:I45) -> 2 | Z18: =SUM(J42:J45) -> 7 | ... AF18: =SUM(P42:P45) -> 274
B19: 09.15 - 09.30 | C19: 22 | D19: 6 | E19: 2 | F19: 0 | G19: 0 | H19: 0 | I19: 1 | J19: 4 | K19: 0 | L19: 0 | M19: 32 | N19: 0 | O19: =SUM(C19:L19,N19) -> 35 | P19: =SUM(C19:N19) -> 67 | R19: 1600-1700 | S19: =SUM(C46:C49) -> 207 | T19: =SUM(D46:D49) -> 21 | U19: =SUM(E46:E49) -> 20 | V19: =SUM(F46:F49) -> 4 | W19: =SUM(G46:G49) -> 1 | X19: =SUM(H46:H49) -> 0 | Y19: =SUM(I46:I49) -> 10 | Z19: =SUM(J46:J49) -> 12 | ... AF19: =SUM(P46:P49) -> 388
B20: 09.30 - 09.45 | C20: 11 | D20: 5 | E20: 0 | F20: 0 | G20: 0 | H20: 0 | I20: 2 | J20: 1 | K20: 0 | L20: 0 | M20: 13 | N20: 0 | O20: =SUM(C20:L20,N20) -> 19 | P20: =SUM(C20:N20) -> 32 | R20: 1700-1800 | S20: =SUM(C50:C53) -> 228 | T20: =SUM(D50:D53) -> 8 | U20: =SUM(E50:E53) -> 16 | V20: =SUM(F50:F53) -> 1 | W20: =SUM(G50:G53) -> 3 | X20: =SUM(H50:H53) -> 0 | Y20: =SUM(I50:I53) -> 11 | Z20: =SUM(J50:J53) -> 7 | ... AF20: =SUM(P50:P53) -> 409
B21: 09.45 - 10.00 | C21: 33 | D21: 11 | E21: 3 | F21: 0 | G21: 0 | H21: 0 | I21: 3 | J21: 0 | K21: 0 | L21: 0 | M21: 31 | N21: 0 | O21: =SUM(C21:L21,N21) -> 50 | P21: =SUM(C21:N21) -> 81 | R21: 1800-1900 | S21: =SUM(C54:C57) -> 147 | T21: =SUM(D54:D57) -> 12 | U21: =SUM(E54:E57) -> 21 | V21: =SUM(F54:F57) -> 5 | W21: =SUM(G54:G57) -> 0 | X21: =SUM(H54:H57) -> 0 | Y21: =SUM(I54:I57) -> 9 | Z21: =SUM(J54:J57) -> 10 | ... AF21: =SUM(P54:P57) -> 366
B22: 10.00 - 10.15 | C22: 25 | D22: 4 | E22: 2 | F22: 3 | G22: 0 | H22: 0 | I22: 2 | J22: 0 | K22: 0 | L22: 0 | M22: 46 | N22: 0 | O22: =SUM(C22:L22,N22) -> 36 | P22: =SUM(C22:N22) -> 82 | R22: 1900-2000 | S22: =SUM(C58:C61) -> 128 | T22: =SUM(D58:D61) -> 27 | U22: =SUM(E58:E61) -> 22 | V22: =SUM(F58:F61) -> 4 | W22: =SUM(G58:G61) -> 1 | X22: =SUM(H58:H61) -> 2 | Y22: =SUM(I58:I61) -> 7 | Z22: =SUM(J58:J61) -> 3 | ... AF22: =SUM(P58:P61) -> 281
B23: 10.15 - 10.30 | C23: 21 | D23: 9 | E23: 3 | F23: 0 | G23: 0 | H23: 0 | I23: 2 | J23: 0 | K23: 0 | L23: 0 | M23: 34 | N23: 0 | O23: =SUM(C23:L23,N23) -> 35 | P23: =SUM(C23:N23) -> 69 | R23: 2000-2100 | S23: =SUM(C62:C65) -> 78 | T23: =SUM(D62:D65) -> 24 | U23: =SUM(E62:E65) -> 14 | V23: =SUM(F62:F65) -> 10 | W23: =SUM(G62:G65) -> 3 | X23: =SUM(H62:H65) -> 0 | Y23: =SUM(I62:I65) -> 10 | Z23: =SUM(J62:J65) -> 1 | ... AF23: =SUM(P62:P65) -> 213
B24: 10.30 - 10.45 | C24: 25 | D24: 4 | E24: 3 | F24: 2 | G24: 0 | H24: 0 | I24: 1 | J24: 1 | K24: 0 | L24: 0 | M24: 31 | N24: 0 | O24: =SUM(C24:L24,N24) -> 36 | P24: =SUM(C24:N24) -> 67 | R24: 2100-2200 | S24: =SUM(C66:C69) -> 91 | T24: =SUM(D66:D69) -> 11 | U24: =SUM(E66:E69) -> 11 | V24: =SUM(F66:F69) -> 3 | W24: =SUM(G66:G69) -> 1 | X24: =SUM(H66:H69) -> 0 | Y24: =SUM(I66:I69) -> 7 | Z24: =SUM(J66:J69) -> 3 | ... AF24: =SUM(P66:P69) -> 164
B25: 10.45 - 11.00 | C25: 19 | D25: 3 | E25: 4 | F25: 1 | G25: 0 | H25: 0 | I25: 2 | J25: 0 | K25: 0 | L25: 0 | M25: 24 | N25: 0 | O25: =SUM(C25:L25,N25) -> 29 | P25: =SUM(C25:N25) -> 53 | R25: 2200-2300 | S25: =SUM(C70:C73) -> 52 | T25: =SUM(D70:D73) -> 16 | U25: =SUM(E70:E73) -> 2 | V25: =SUM(F70:F73) -> 7 | W25: =SUM(G70:G73) -> 1 | X25: =SUM(H70:H73) -> 0 | Y25: =SUM(I70:I73) -> 7 | Z25: =SUM(J70:J73) -> 0 | ... AF25: =SUM(P70:P73) -> 116
B26: 11.00 - 11.15 | C26: 15 | D26: 2 | E26: 5 | F26: 0 | G26: 0 | H26: 0 | I26: 0 | J26: 0 | K26: 0 | L26: 0 | M26: 12 | N26: 0 | O26: =SUM(C26:L26,N26) -> 22 | P26: =SUM(C26:N26) -> 34 | R26: 2300-0000 | S26: =SUM(C74:C77) -> 19 | T26: =SUM(D74:D77) -> 12 | U26: =SUM(E74:E77) -> 4 | V26: =SUM(F74:F77) -> 3 | W26: =SUM(G74:G77) -> 2 | X26: =SUM(H74:H77) -> 0 | Y26: =SUM(I74:I77) -> 1 | Z26: =SUM(J74:J77) -> 0 | ... AF26: =SUM(P74:P77) -> 52
B27: 11.15 - 11.30 | C27: 13 | D27: 2 | E27: 0 | F27: 0 | G27: 0 | H27: 0 | I27: 0 | J27: 1 | K27: 1 | L27: 0 | M27: 13 | N27: 0 | O27: =SUM(C27:L27,N27) -> 17 | P27: =SUM(C27:N27) -> 30 | R27: 0000-0100 | S27: =SUM(C78:C81) -> 17 | T27: =SUM(D78:D81) -> 6 | U27: =SUM(E78:E81) -> 1 | V27: =SUM(F78:F81) -> 1 | W27: =SUM(G78:G81) -> 0 | X27: =SUM(H78:H81) -> 0 | Y27: =SUM(I78:I81) -> 2 | Z27: =SUM(J78:J81) -> 0 | ... AF27: =SUM(P78:P81) -> 39
B28: 11.30 - 11.45 | C28: 29 | D28: 5 | E28: 3 | F28: 0 | G28: 0 | H28: 0 | I28: 4 | J28: 1 | K28: 1 | L28: 0 | M28: 30 | N28: 0 | O28: =SUM(C28:L28,N28) -> 43 | P28: =SUM(C28:N28) -> 73 | R28: 0100-0200 | S28: =SUM(C82:C85) -> 10 | T28: =SUM(D82:D85) -> 3 | U28: =SUM(E82:E85) -> 1 | V28: =SUM(F82:F85) -> 0 | W28: =SUM(G82:G85) -> 0 | X28: =SUM(H82:H85) -> 0 | Y28: =SUM(I82:I85) -> 2 | Z28: =SUM(J82:J85) -> 0 | ... AF28: =SUM(P82:P85) -> 29
B29: 11.45 - 12.00 | C29: 18 | D29: 2 | E29: 2 | F29: 0 | G29: 0 | H29: 0 | I29: 0 | J29: 6 | K29: 0 | L29: 0 | M29: 11 | N29: 0 | O29: =SUM(C29:L29,N29) -> 28 | P29: =SUM(C29:N29) -> 39 | R29: 0200-0300 | S29: =SUM(C86:C89) -> 21 | T29: =SUM(D86:D89) -> 8 | U29: =SUM(E86:E89) -> 2 | V29: =SUM(F86:F89) -> 0 | W29: =SUM(G86:G89) -> 0 | X29: =SUM(H86:H89) -> 0 | Y29: =SUM(I86:I89) -> 0 | Z29: =SUM(J86:J89) -> 0 | ... AF29: =SUM(P86:P89) -> 41
B30: 12.00 - 12.15 | C30: 29 | D30: 10 | E30: 8 | F30: 2 | G30: 1 | H30: 0 | I30: 1 | J30: 4 | K30: 0 | L30: 0 | M30: 36 | N30: 0 | O30: =SUM(C30:L30,N30) -> 55 | P30: =SUM(C30:N30) -> 91 | R30: 0300-0400 | S30: =SUM(C90:C93) -> 12 | T30: =SUM(D90:D93) -> 3 | U30: =SUM(E90:E93) -> 1 | V30: =SUM(F90:F93) -> 2 | W30: =SUM(G90:G93) -> 0 | X30: =SUM(H90:H93) -> 0 | Y30: =SUM(I90:I93) -> 0 | Z30: =SUM(J90:J93) -> 3 | ... AF30: =SUM(P90:P93) -> 27
B31: 12.15 - 12.30 | C31: 20 | D31: 5 | E31: 2 | F31: 0 | G31: 0 | H31: 0 | I31: 2 | J31: 2 | K31: 0 | L31: 0 | M31: 23 | N31: 0 | O31: =SUM(C31:L31,N31) -> 31 | P31: =SUM(C31:N31) -> 54 | R31: 0400-0500 | S31: =SUM(C94:C97) -> 16 | T31: =SUM(D94:D97) -> 4 | U31: =SUM(E94:E97) -> 0 | V31: =SUM(F94:F97) -> 0 | W31: =SUM(G94:G97) -> 0 | X31: =SUM(H94:H97) -> 0 | Y31: =SUM(I94:I97) -> 1 | Z31: =SUM(J94:J97) -> 0 | ... AF31: =SUM(P94:P97) -> 29
B32: 12.30 - 12.45 | C32: 22 | D32: 2 | E32: 1 | F32: 0 | G32: 0 | H32: 0 | I32: 1 | J32: 2 | K32: 0 | L32: 0 | M32: 8 | N32: 0 | O32: =SUM(C32:L32,N32) -> 28 | P32: =SUM(C32:N32) -> 36 | R32: 0500-0600 | S32: =SUM(C98:C101) -> 17 | T32: =SUM(D98:D101) -> 2 | U32: =SUM(E98:E101) -> 4 | V32: =SUM(F98:F101) -> 2 | W32: =SUM(G98:G101) -> 2 | X32: =SUM(H98:H101) -> 0 | Y32: =SUM(I98:I101) -> 2 | Z32: =SUM(J98:J101) -> 0 | ... AF32: =SUM(P98:P101) -> 41
B33: 12.45 - 13.00 | C33: 15 | D33: 4 | E33: 1 | F33: 1 | G33: 0 | H33: 0 | I33: 1 | J33: 1 | K33: 0 | L33: 0 | M33: 12 | N33: 0 | O33: =SUM(C33:L33,N33) -> 23 | P33: =SUM(C33:N33) -> 35 | R33: 0600-0700 | S33: =SUM(C102:C105) -> 85 | T33: =SUM(D102:D105) -> 12 | U33: =SUM(E102:E105) -> 6 | V33: =SUM(F102:F105) -> 7 | W33: =SUM(G102:G105) -> 2 | X33: =SUM(H102:H105) -> 0 | Y33: =SUM(I102:I105) -> 2 | Z33: =SUM(J102:J105) -> 0 | ... AF33: =SUM(P102:P105) -> 131
B34: 13.00 - 13.15 | C34: 17 | D34: 3 | E34: 1 | F34: 0 | G34: 0 | H34: 0 | I34: 2 | J34: 1 | K34: 0 | L34: 0 | M34: 19 | N34: 0 | O34: =SUM(C34:L34,N34) -> 24 | P34: =SUM(C34:N34) -> 43 | R34: AM Peak Hr | S34: =MAX(S10:S12) -> 156 | T34: =MAX(T10:T12) -> 30 | U34: =MAX(U10:U12) -> 23 | V34: =MAX(V10:V12) -> 9 | W34: =MAX(W10:W12) -> 1 | X34: =MAX(X10:X12) -> 0 | Y34: =MAX(Y10:Y12) -> 16 | Z34: =MAX(Z10:Z12) -> 5 | ... AF34: =MAX(AF10:AF12) -> 378
B35: 13.15 - 13.30 | C35: 28 | D35: 9 | E35: 2 | F35: 2 | G35: 0 | H35: 0 | I35: 2 | J35: 5 | K35: 0 | L35: 0 | M35: 25 | N35: 0 | O35: =SUM(C35:L35,N35) -> 48 | P35: =SUM(C35:N35) -> 73 | R35: IP Peak Hr | S35: =MAX(S13:S18) -> 121 | T35: =MAX(T13:T18) -> 31 | U35: =MAX(U13:U18) -> 64 | V35: =MAX(V13:V18) -> 6 | W35: =MAX(W13:W18) -> 1 | X35: =MAX(X13:X18) -> 0 | Y35: =MAX(Y13:Y18) -> 10 | Z35: =MAX(Z13:Z18) -> 9 | ... AF35: =MAX(AF13:AF18) -> 280
B36: 13.30 - 13.45 | C36: 21 | D36: 3 | E36: 1 | F36: 0 | G36: 0 | H36: 0 | I36: 2 | J36: 0 | K36: 0 | L36: 0 | M36: 21 | N36: 0 | O36: =SUM(C36:L36,N36) -> 27 | P36: =SUM(C36:N36) -> 48 | R36: PM Peak Hr | S36: =MAX(S19:S21) -> 228 | T36: =MAX(T19:T21) -> 21 | U36: =MAX(U19:U21) -> 21 | V36: =MAX(V19:V21) -> 5 | W36: =MAX(W19:W21) -> 3 | X36: =MAX(X19:X21) -> 0 | Y36: =MAX(Y19:Y21) -> 11 | Z36: =MAX(Z19:Z21) -> 12 | ... AF36: =MAX(AF19:AF21) -> 409
B37: 13.45 - 14.00 | C37: 16 | D37: 9 | E37: 3 | F37: 0 | G37: 0 | H37: 0 | I37: 1 | J37: 3 | K37: 0 | L37: 0 | M37: 26 | N37: 0 | O37: =SUM(C37:L37,N37) -> 32 | P37: =SUM(C37:N37) -> 58 | R37: AM Period | S37: =SUM(S10:S12) -> 387 | T37: =SUM(T10:T12) -> 69 | U37: =SUM(U10:U12) -> 44 | V37: =SUM(V10:V12) -> 11 | W37: =SUM(W10:W12) -> 1 | X37: =SUM(X10:X12) -> 0 | Y37: =SUM(Y10:Y12) -> 35 | Z37: =SUM(Z10:Z12) -> 12 | ... AF37: =SUM(AF10:AF12) -> 911
B38: 14.00 - 14.15 | C38: 29 | D38: 1 | E38: 4 | F38: 0 | G38: 0 | H38: 0 | I38: 4 | J38: 2 | K38: 0 | L38: 0 | M38: 31 | N38: 0 | O38: =SUM(C38:L38,N38) -> 40 | P38: =SUM(C38:N38) -> 71 | R38: IP Period | S38: =SUM(S13:S18) -> 568 | T38: =SUM(T13:T18) -> 119 | U38: =SUM(U13:U18) -> 114 | V38: =SUM(V13:V18) -> 16 | W38: =SUM(W13:W18) -> 3 | X38: =SUM(X13:X18) -> 0 | Y38: =SUM(Y13:Y18) -> 35 | Z38: =SUM(Z13:Z18) -> 43 | ... AF38: =SUM(AF13:AF18) -> 1439
B39: 14.15 - 14.30 | C39: 27 | D39: 17 | E39: 2 | F39: 0 | G39: 0 | H39: 0 | I39: 4 | J39: 3 | K39: 0 | L39: 0 | M39: 31 | N39: 0 | O39: =SUM(C39:L39,N39) -> 53 | P39: =SUM(C39:N39) -> 84 | R39: PM Period | S39: =SUM(S19:S21) -> 582 | T39: =SUM(T19:T21) -> 41 | U39: =SUM(U19:U21) -> 57 | V39: =SUM(V19:V21) -> 10 | W39: =SUM(W19:W21) -> 4 | X39: =SUM(X19:X21) -> 0 | Y39: =SUM(Y19:Y21) -> 30 | Z39: =SUM(Z19:Z21) -> 29 | ... AF39: =SUM(AF19:AF21) -> 1163
B40: 14.30 - 14.45 | C40: 29 | D40: 5 | E40: 1 | F40: 0 | G40: 1 | H40: 0 | I40: 1 | J40: 3 | K40: 0 | L40: 0 | M40: 23 | N40: 0 | O40: =SUM(C40:L40,N40) -> 40 | P40: =SUM(C40:N40) -> 63 | R40: 12 Hours | S40: =SUM(S10:S21) -> 1537 | T40: =SUM(T10:T21) -> 229 | U40: =SUM(U10:U21) -> 215 | V40: =SUM(V10:V21) -> 37 | W40: =SUM(W10:W21) -> 8 | X40: =SUM(X10:X21) -> 0 | Y40: =SUM(Y10:Y21) -> 100 | Z40: =SUM(Z10:Z21) -> 84 | ... AF40: =SUM(AF10:AF21) -> 3513
B41: 14.45 - 15.00 | C41: 29 | D41: 8 | E41: 2 | F41: 1 | G41: 0 | H41: 0 | I41: 1 | J41: 1 | K41: 0 | L41: 0 | M41: 20 | N41: 0 | O41: =SUM(C41:L41,N41) -> 42 | P41: =SUM(C41:N41) -> 62 | R41: 24 Hrs/ADT | S41: =SUM(S10:S33) -> 2083 | T41: =SUM(T10:T33) -> 357 | U41: =SUM(U10:U33) -> 283 | V41: =SUM(V10:V33) -> 76 | W41: =SUM(W10:W33) -> 20 | X41: =SUM(X10:X33) -> 2 | Y41: =SUM(Y10:Y33) -> 141 | Z41: =SUM(Z10:Z33) -> 94 | ... AF41: =SUM(AF10:AF33) -> 4676
B42: 15.00 - 15.15 | C42: 34 | D42: 6 | E42: 1 | F42: 4 | G42: 0 | H42: 0 | I42: 1 | J42: 2 | K42: 0 | L42: 0 | M42: 22 | N42: 0 | O42: =SUM(C42:L42,N42) -> 48 | P42: =SUM(C42:N42) -> 70 | R42: NEF | S42: =S41/S40 -> 1.3552375 | T42: =T41/T40 -> 1.558952 | U42: =U41/U40 -> 1.3162791 | V42: =V41/V40 -> 2.0540541 | W42: =W41/W40 -> 2.5 | X42: =X41/X40 -> #DIV/0! | Y42: =Y41/Y40 -> 1.41 | Z42: =Z41/Z40 -> 1.1190476 | ... AF42: =AF41/AF40 -> 1.3310561
B43: 15.15 - 15.30 | C43: 32 | D43: 1 | E43: 2 | F43: 0 | G43: 0 | H43: 0 | I43: 1 | J43: 2 | K43: 0 | L43: 0 | M43: 15 | N43: 0 | O43: =SUM(C43:L43,N43) -> 38 | P43: =SUM(C43:N43) -> 53
B44: 15.30 - 15.45 | C44: 24 | D44: 3 | E44: 3 | F44: 0 | G44: 1 | H44: 0 | I44: 0 | J44: 2 | K44: 0 | L44: 0 | M44: 9 | N44: 0 | O44: =SUM(C44:L44,N44) -> 33 | P44: =SUM(C44:N44) -> 42
B45: 15.45 - 16.00 | C45: 31 | D45: 2 | E45: 58 | F45: 0 | G45: 0 | H45: 0 | I45: 0 | J45: 1 | K45: 0 | L45: 0 | M45: 17 | N45: 0 | O45: =SUM(C45:L45,N45) -> 92 | P45: =SUM(C45:N45) -> 109
B46: 16.00 - 16.15 | C46: 35 | D46: 5 | E46: 2 | F46: 1 | G46: 0 | H46: 0 | I46: 3 | J46: 2 | K46: 0 | L46: 0 | M46: 27 | N46: 0 | O46: =SUM(C46:L46,N46) -> 48 | P46: =SUM(C46:N46) -> 75
B47: 16.15 -16.30 | C47: 50 | D47: 7 | E47: 6 | F47: 3 | G47: 1 | H47: 0 | I47: 1 | J47: 3 | K47: 0 | L47: 0 | M47: 26 | N47: 0 | O47: =SUM(C47:L47,N47) -> 71 | P47: =SUM(C47:N47) -> 97
B48: 16.30 -16.45 | C48: 66 | D48: 1 | E48: 5 | F48: 0 | G48: 0 | H48: 0 | I48: 5 | J48: 3 | K48: 0 | L48: 0 | M48: 29 | N48: 0 | O48: =SUM(C48:L48,N48) -> 80 | P48: =SUM(C48:N48) -> 109
B49: 16.45 -17.00 | C49: 56 | D49: 8 | E49: 7 | F49: 0 | G49: 0 | H49: 0 | I49: 1 | J49: 4 | K49: 0 | L49: 0 | M49: 31 | N49: 0 | O49: =SUM(C49:L49,N49) -> 76 | P49: =SUM(C49:N49) -> 107
B50: 17.00 -17.15 | C50: 65 | D50: 0 | E50: 5 | F50: 1 | G50: 0 | H50: 0 | I50: 2 | J50: 3 | K50: 0 | L50: 0 | M50: 36 | N50: 0 | O50: =SUM(C50:L50,N50) -> 76 | P50: =SUM(C50:N50) -> 112
B51: 17.15 -17.30 | C51: 43 | D51: 3 | E51: 4 | F51: 0 | G51: 3 | H51: 0 | I51: 1 | J51: 0 | K51: 0 | L51: 0 | M51: 39 | N51: 0 | O51: =SUM(C51:L51,N51) -> 54 | P51: =SUM(C51:N51) -> 93
B52: 17.30 -17.45 | C52: 55 | D52: 2 | E52: 4 | F52: 0 | G52: 0 | H52: 0 | I52: 4 | J52: 1 | K52: 0 | L52: 0 | M52: 22 | N52: 0 | O52: =SUM(C52:L52,N52) -> 66 | P52: =SUM(C52:N52) -> 88
B53: 17.45 -18.00 | C53: 65 | D53: 3 | E53: 3 | F53: 0 | G53: 0 | H53: 0 | I53: 4 | J53: 3 | K53: 1 | L53: 0 | M53: 37 | N53: 0 | O53: =SUM(C53:L53,N53) -> 79 | P53: =SUM(C53:N53) -> 116
B54: 18.00 - 18.15 | C54: 42 | D54: 1 | E54: 6 | F54: 1 | G54: 0 | H54: 0 | I54: 3 | J54: 2 | K54: 0 | L54: 0 | M54: 37 | N54: 0 | O54: =SUM(C54:L54,N54) -> 55 | P54: =SUM(C54:N54) -> 92
... B105: 06.45 - 07.00 | C105: 33 | D105: 3 | E105: 5 | F105: 2 | G105: 0 | H105: 0 | I105: 2 | J105: 0 | K105: 0 | L105: 0 | M105: 5 | N105: 0 | O105: =SUM(C105:L105,N105) -> 45 | P105: =SUM(C105:N105) -> 50
B106: Totals | C106: =SUM(C10:C105) -> 2083 | D106: =SUM(D10:D105) -> 357 | E106: =SUM(E10:E105) -> 283 | F106: =SUM(F10:F105) -> 76 | G106: =SUM(G10:G105) -> 20 | H106: =SUM(H10:H105) -> 2 | I106: =SUM(I10:I105) -> 141 | J106: =SUM(J10:J105) -> 94 | ... P106: =SUM(P10:P105) -> 4676
B107: %ges + MCs | C107: =C106/$P$106 -> 0.44546621 | D107: =D106/$P$106 -> 0.076347305 | E107: =E106/$P$106 -> 0.060521814 | F107: =F106/$P$106 -> 0.016253208 | G107: =G106/$P$106 -> 0.00427716 | H107: =H106/$P$106 -> 0.000427716 | I107: =I106/$P$106 -> 0.030153978 | J107: =J106/$P$106 -> 0.020102652 | ... N107: =N106/$P$106 -> 0
B108: %ges w/o MCs | C108: =C106/$O$106 -> 0.67960848 | D108: =D106/$O$106 -> 0.11647635 | E108: =E106/$O$106 -> 0.09233279 | F108: =F106/$O$106 -> 0.024796085 | G108: =G106/$O$106 -> 0.0065252855 | H108: =H106/$O$106 -> 0.00065252855 | I108: =I106/$O$106 -> 0.046003263 | J108: =J106/$O$106 -> 0.030668842 | ... L108: =L106/$O$106 -> 0 | N108: =N106/$O$106 -> 0

Sheet 27.09 Munyonyo-Kajansi
B1: Consultancy services for Preparation of Expressway Development Master Plan (EDMP) for Uganda
B2: MANUAL CLASSIFIED COUNT (MCC)
B3: ROAD NAME: | C3: ='23.09.19 Bweya- Kajansi'!C3:G3 -> MCC-C2-STNO 56 -Munyonyo spur
C5: Date | D5: 27.09.19 | F5: Location | G5: ='25.09 Kajansi-Bweya'!G5:H5 -> Munyonyo Spur RD | J5: Surveyor | K5: ='25.09 Kajansi-Bweya'!K5:L5 -> Akello Rosette
C6: Dir. From | D6: MUNYONYO | F6: Dir. To | G6: ='23.09.19 Bweya- Kajansi'!G6:H6 -> KAJANSI | J6: Supervisor | K6: ='25.09 Kajansi-Bweya'!K6:L6 -> Beatrice
B8: Time / Veh Type | R8: SUMMARY TRAFFIC VOLUMES
C9: 1. Car | D9: 2. Station Wagon | E9: 3. Pickups | F9: 4. Minibus, matatu | G9: 5. Medium bus | H9: 6. Large Bus | I9: 7. Light Truck | J9: 8. Medium Truck | K9: 9. Heavy truck | L9: 10. Truck Trailer | M9: 11. Motor cycles | N9: 12. Tractors | O9: Total Excl M/Cycles | P9: Total All | R9: Time | S9: 1. Car | T9: 2. Station Wagon | U9: 3. Pickups | V9: 4. Minibus, matatu | W9: 5. Medium bus | X9: 6. Large Bus | Y9: 7. Light Truck | Z9: 8. Medium Truck | AA9: 9. Heavy truck | AB9: 10. Truck Trailer | AC9: 11. Motorcycles | AD9: 12. Tractors, Graders | AE9: Total Excl M/ Cycles | AF9: Total All
B10: 07.00 - 07.15 | C10: 39 | D10: 3 | E10: 4 | F10: 1 | G10: 1 | H10: 0 | I10: 0 | J10: 0 | K10: 0 | L10: 0 | M10: 33 | N10: 0 | O10: =SUM(C10:L10,N10) -> 48 | P10: =SUM(C10:N10) -> 81 | R10: 0700-0800 | S10: =SUM(C10:C13) -> 131 | T10: =SUM(D10:D13) -> 28 | U10: =SUM(E10:E13) -> 6 | V10: =SUM(F10:F13) -> 12 | W10: =SUM(G10:G13) -> 1 | X10: =SUM(H10:H13) -> 1 | Y10: =SUM(I10:I13) -> 9 | Z10: =SUM(J10:J13) -> 0 | ... AF10: =SUM(P10:P13) -> 343
B11: 07.15 - 07.30 | C11: 27 | D11: 13 | E11: 0 | F11: 5 | G11: 0 | H11: 0 | I11: 5 | J11: 0 | K11: 0 | L11: 0 | M11: 43 | N11: 0 | O11: =SUM(C11:L11,N11) -> 50 | P11: =SUM(C11:N11) -> 93 | R11: 0800-0900 | S11: =SUM(C14:C17) -> 124 | T11: =SUM(D14:D17) -> 48 | U11: =SUM(E14:E17) -> 21 | V11: =SUM(F14:F17) -> 6 | W11: =SUM(G14:G17) -> 2 | X11: =SUM(H14:H17) -> 1 | Y11: =SUM(I14:I17) -> 12 | Z11: =SUM(J14:J17) -> 2 | ... AF11: =SUM(P14:P17) -> 375
B12: 07.30 - 07.45 | C12: 38 | D12: 6 | E12: 0 | F12: 2 | G12: 0 | H12: 0 | I12: 2 | J12: 0 | K12: 0 | L12: 0 | M12: 28 | N12: 0 | O12: =SUM(C12:L12,N12) -> 48 | P12: =SUM(C12:N12) -> 76 | R12: 0900-1000 | S12: =SUM(C18:C21) -> 87 | T12: =SUM(D18:D21) -> 36 | U12: =SUM(E18:E21) -> 25 | V12: =SUM(F18:F21) -> 4 | W12: =SUM(G18:G21) -> 2 | X12: =SUM(H18:H21) -> 0 | Y12: =SUM(I18:I21) -> 26 | Z12: =SUM(J18:J21) -> 0 | ... AF12: =SUM(P18:P21) -> 326
B13: 07.45 - 08.00 | C13: 27 | D13: 6 | E13: 2 | F13: 4 | G13: 0 | H13: 1 | I13: 2 | J13: 0 | K13: 0 | L13: 0 | M13: 51 | N13: 0 | O13: =SUM(C13:L13,N13) -> 42 | P13: =SUM(C13:N13) -> 93 | R13: 1000-1100 | S13: =SUM(C22:C25) -> 95 | T13: =SUM(D22:D25) -> 32 | U13: =SUM(E22:E25) -> 16 | V13: =SUM(F22:F25) -> 9 | W13: =SUM(G22:G25) -> 0 | X13: =SUM(H22:H25) -> 4 | Y13: =SUM(I22:I25) -> 19 | Z13: =SUM(J22:J25) -> 2 | ... AF13: =SUM(P22:P25) -> 331
B14: 08.00 - 08.15 | C14: 23 | D14: 5 | E14: 5 | F14: 3 | G14: 0 | H14: 0 | I14: 4 | J14: 1 | K14: 0 | L14: 0 | M14: 40 | N14: 0 | O14: =SUM(C14:L14,N14) -> 41 | P14: =SUM(C14:N14) -> 81 | R14: 1100-1200 | S14: =SUM(C26:C29) -> 107 | T14: =SUM(D26:D29) -> 24 | U14: =SUM(E26:E29) -> 17 | V14: =SUM(F26:F29) -> 9 | W14: =SUM(G26:G29) -> 1 | X14: =SUM(H26:H29) -> 0 | Y14: =SUM(I26:I29) -> 20 | Z14: =SUM(J26:J29) -> 1 | ... AF14: =SUM(P26:P29) -> 328
B15: 08.15 - 08.30 | C15: 23 | D15: 15 | E15: 4 | F15: 2 | G15: 1 | H15: 0 | I15: 3 | J15: 1 | K15: 0 | L15: 0 | M15: 29 | N15: 0 | O15: =SUM(C15:L15,N15) -> 49 | P15: =SUM(C15:N15) -> 78 | R15: 1200-1300 | S15: =SUM(C30:C33) -> 126 | T15: =SUM(D30:D33) -> 36 | U15: =SUM(E30:E33) -> 18 | V15: =SUM(F30:F33) -> 13 | W15: =SUM(G30:G33) -> 1 | X15: =SUM(H30:H33) -> 0 | Y15: =SUM(I30:I33) -> 13 | Z15: =SUM(J30:J33) -> 7 | ... AF15: =SUM(P30:P33) -> 355
B16: 08.30 - 08.45 | C16: 51 | D16: 17 | E16: 7 | F16: 1 | G16: 0 | H16: 1 | I16: 4 | J16: 0 | K16: 0 | L16: 0 | M16: 42 | N16: 0 | O16: =SUM(C16:L16,N16) -> 81 | P16: =SUM(C16:N16) -> 123 | R16: 1300-1400 | S16: =SUM(C34:C37) -> 136 | T16: =SUM(D34:D37) -> 34 | U16: =SUM(E34:E37) -> 27 | V16: =SUM(F34:F37) -> 5 | W16: =SUM(G34:G37) -> 4 | X16: =SUM(H34:H37) -> 0 | Y16: =SUM(I34:I37) -> 17 | Z16: =SUM(J34:J37) -> 3 | ... AF16: =SUM(P34:P37) -> 328
B17: 08.45 - 9.00 | C17: 27 | D17: 11 | E17: 5 | F17: 0 | G17: 1 | H17: 0 | I17: 1 | J17: 0 | K17: 0 | L17: 0 | M17: 48 | N17: 0 | O17: =SUM(C17:L17,N17) -> 45 | P17: =SUM(C17:N17) -> 93 | R17: 1400-1500 | S17: =SUM(C38:C41) -> 141 | T17: =SUM(D38:D41) -> 431 | U17: =SUM(E38:E41) -> 16 | V17: =SUM(F38:F41) -> 19 | W17: =SUM(G38:G41) -> 0 | X17: =SUM(H38:H41) -> 1 | Y17: =SUM(I38:I41) -> 22 | Z17: =SUM(J38:J41) -> 1 | ... AF17: =SUM(P38:P41) -> 753
B18: 09.00 - 09.15 | C18: 20 | D18: 10 | E18: 11 | F18: 1 | G18: 0 | H18: 0 | I18: 8 | J18: 0 | K18: 0 | L18: 0 | M18: 32 | N18: 0 | O18: =SUM(C18:L18,N18) -> 50 | P18: =SUM(C18:N18) -> 82 | R18: 1500-1600 | S18: =SUM(C42:C45) -> 101 | T18: =SUM(D42:D45) -> 33 | U18: =SUM(E42:E45) -> 17 | V18: =SUM(F42:F45) -> 8 | W18: =SUM(G42:G45) -> 0 | X18: =SUM(H42:H45) -> 0 | Y18: =SUM(I42:I45) -> 16 | Z18: =SUM(J42:J45) -> 1 | ... AF18: =SUM(P42:P45) -> 274
B19: 09.15 - 09.30 | C19: 21 | D19: 14 | E19: 9 | F19: 0 | G19: 2 | H19: 0 | I19: 7 | J19: 0 | K19: 0 | L19: 0 | M19: 40 | N19: 0 | O19: =SUM(C19:L19,N19) -> 53 | P19: =SUM(C19:N19) -> 93 | R19: 1600-1700 | S19: =SUM(C46:C49) -> 140 | T19: =SUM(D46:D49) -> 41 | U19: =SUM(E46:E49) -> 16 | V19: =SUM(F46:F49) -> 11 | W19: =SUM(G46:G49) -> 0 | X19: =SUM(H46:H49) -> 2 | Y19: =SUM(I46:I49) -> 12 | Z19: =SUM(J46:J49) -> 2 | ... AF19: =SUM(P46:P49) -> 346
B20: 09.30 - 09.45 | C20: 27 | D20: 6 | E20: 2 | F20: 2 | G20: 0 | H20: 0 | I20: 6 | J20: 0 | K20: 0 | L20: 1 | M20: 36 | N20: 0 | O20: =SUM(C20:L20,N20) -> 44 | P20: =SUM(C20:N20) -> 80 | R20: 1700-1800 | S20: =SUM(C50:C53) -> 155 | T20: =SUM(D50:D53) -> 70 | U20: =SUM(E50:E53) -> 29 | V20: =SUM(F50:F53) -> 18 | W20: =SUM(G50:G53) -> 0 | X20: =SUM(H50:H53) -> 1 | Y20: =SUM(I50:I53) -> 29 | Z20: =SUM(J50:J53) -> 3 | ... AF20: =SUM(P50:P53) -> 456
B21: 09.45 - 10.00 | C21: 19 | D21: 6 | E21: 3 | F21: 1 | G21: 0 | H21: 0 | I21: 5 | J21: 0 | K21: 0 | L21: 0 | M21: 37 | N21: 0 | O21: =SUM(C21:L21,N21) -> 34 | P21: =SUM(C21:N21) -> 71 | R21: 1800-1900 | S21: =SUM(C54:C57) -> 167 | T21: =SUM(D54:D57) -> 68 | U21: =SUM(E54:E57) -> 26 | V21: =SUM(F54:F57) -> 14 | W21: =SUM(G54:G57) -> 5 | X21: =SUM(H54:H57) -> 1 | Y21: =SUM(I54:I57) -> 16 | Z21: =SUM(J54:J57) -> 3 | ... AF21: =SUM(P54:P57) -> 466
B22: 10.00 - 10.15 | C22: 27 | D22: 7 | E22: 6 | F22: 4 | G22: 0 | H22: 3 | I22: 4 | J22: 0 | K22: 0 | L22: 0 | M22: 44 | N22: 0 | O22: =SUM(C22:L22,N22) -> 51 | P22: =SUM(C22:N22) -> 95 | R22: AM Peak Hr | S22: =MAX(S10:S12) -> 131 | T22: =MAX(T10:T12) -> 48 | U22: =MAX(U10:U12) -> 25 | V22: =MAX(V10:V12) -> 12 | W22: =MAX(W10:W12) -> 2 | X22: =MAX(X10:X12) -> 1 | Y22: =MAX(Y10:Y12) -> 26 | Z22: =MAX(Z10:Z12) -> 2 | ... AF22: =MAX(AF10:AF12) -> 375
B23: 10.15 - 10.30 | C23: 25 | D23: 11 | E23: 2 | F23: 4 | G23: 0 | H23: 1 | I23: 4 | J23: 0 | K23: 0 | L23: 0 | M23: 34 | N23: 0 | O23: =SUM(C23:L23,N23) -> 47 | P23: =SUM(C23:N23) -> 81 | R23: IP Peak Hr | S23: =MAX(S13:S18) -> 141 | T23: =MAX(T13:T18) -> 431 | U23: =MAX(U13:U18) -> 27 | V23: =MAX(V13:V18) -> 19 | W23: =MAX(W13:W18) -> 4 | X23: =MAX(X13:X18) -> 4 | Y23: =MAX(Y13:Y18) -> 22 | Z23: =MAX(Z13:Z18) -> 7 | ... AF23: =MAX(AF13:AF18) -> 753
B24: 10.30 - 10.45 | C24: 25 | D24: 7 | E24: 6 | F24: 1 | G24: 0 | H24: 0 | I24: 8 | J24: 0 | K24: 0 | L24: 0 | M24: 44 | N24: 0 | O24: =SUM(C24:L24,N24) -> 47 | P24: =SUM(C24:N24) -> 91 | R24: PM Peak Hr | S24: =MAX(S19:S21) -> 167 | T24: =MAX(T19:T21) -> 70 | U24: =MAX(U19:U21) -> 29 | V24: =MAX(V19:V21) -> 18 | W24: =MAX(W19:W21) -> 5 | X24: =MAX(X19:X21) -> 2 | Y24: =MAX(Y19:Y21) -> 29 | Z24: =MAX(Z19:Z21) -> 3 | ... AF24: =MAX(AF19:AF21) -> 466
B25: 10.45 - 11.00 | C25: 18 | D25: 7 | E25: 2 | F25: 0 | G25: 0 | H25: 0 | I25: 3 | J25: 2 | K25: 0 | L25: 0 | M25: 32 | N25: 0 | O25: =SUM(C25:L25,N25) -> 32 | P25: =SUM(C25:N25) -> 64 | R25: AM Period | S25: =SUM(S10:S12) -> 342 | T25: =SUM(T10:T12) -> 112 | U25: =SUM(U10:U12) -> 52 | V25: =SUM(V10:V12) -> 22 | W25: =SUM(W10:W12) -> 5 | X25: =SUM(X10:X12) -> 2 | Y25: =SUM(Y10:Y12) -> 47 | Z25: =SUM(Z10:Z12) -> 2 | ... AF25: =SUM(AF10:AF12) -> 1044
B26: 11.00 - 11.15 | C26: 26 | D26: 5 | E26: 7 | F26: 2 | G26: 0 | H26: 0 | I26: 4 | J26: 0 | K26: 0 | L26: 0 | M26: 45 | N26: 0 | O26: =SUM(C26:L26,N26) -> 44 | P26: =SUM(C26:N26) -> 89 | R26: IP Period | S26: =SUM(S13:S18) -> 706 | T26: =SUM(T13:T18) -> 590 | U26: =SUM(U13:U18) -> 111 | V26: =SUM(V13:V18) -> 63 | W26: =SUM(W13:W18) -> 6 | X26: =SUM(X13:X18) -> 5 | Y26: =SUM(Y13:Y18) -> 107 | Z26: =SUM(Z13:Z18) -> 15 | ... AF26: =SUM(AF13:AF18) -> 2369
B27: 11.15 - 11.30 | C27: 28 | D27: 7 | E27: 5 | F27: 1 | G27: 0 | H27: 0 | I27: 5 | J27: 0 | K27: 0 | L27: 0 | M27: 25 | N27: 0 | O27: =SUM(C27:L27,N27) -> 46 | P27: =SUM(C27:N27) -> 71 | R27: PM Period | S27: =SUM(S19:S21) -> 462 | T27: =SUM(T19:T21) -> 179 | U27: =SUM(U19:U21) -> 71 | V27: =SUM(V19:V21) -> 43 | W27: =SUM(W19:W21) -> 5 | X27: =SUM(X19:X21) -> 4 | Y27: =SUM(Y19:Y21) -> 57 | Z27: =SUM(Z19:Z21) -> 8 | ... AF27: =SUM(AF19:AF21) -> 1268
B28: 11.30 - 11.45 | C28: 20 | D28: 5 | E28: 4 | F28: 3 | G28: 1 | H28: 0 | I28: 6 | J28: 0 | K28: 0 | L28: 0 | M28: 45 | N28: 0 | O28: =SUM(C28:L28,N28) -> 39 | P28: =SUM(C28:N28) -> 84 | R28: 12 Hours | S28: =SUM(S10:S21) -> 1510 | T28: =SUM(T10:T21) -> 881 | U28: =SUM(U10:U21) -> 234 | V28: =SUM(V10:V21) -> 128 | W28: =SUM(W10:W21) -> 16 | X28: =SUM(X10:X21) -> 11 | Y28: =SUM(Y10:Y21) -> 211 | Z28: =SUM(Z10:Z21) -> 25 | ... AF28: =SUM(AF10:AF21) -> 4681
B29: 11.45 - 12.00 | C29: 33 | D29: 7 | E29: 1 | F29: 3 | G29: 0 | H29: 0 | I29: 5 | J29: 1 | K29: 1 | L29: 0 | M29: 33 | N29: 0 | O29: =SUM(C29:L29,N29) -> 51 | P29: =SUM(C29:N29) -> 84
B30: 12.00 - 12.15 | C30: 32 | D30: 10 | E30: 8 | F30: 6 | G30: 1 | H30: 0 | I30: 3 | J30: 1 | K30: 0 | L30: 2 | M30: 42 | N30: 0 | O30: =SUM(C30:L30,N30) -> 63 | P30: =SUM(C30:N30) -> 105
B31: 12.15 - 12.30 | C31: 22 | D31: 8 | E31: 5 | F31: 4 | G31: 0 | H31: 0 | I31: 1 | J31: 1 | K31: 1 | L31: 0 | M31: 32 | N31: 0 | O31: =SUM(C31:L31,N31) -> 42 | P31: =SUM(C31:N31) -> 74
B32: 12.30 - 12.45 | C32: 47 | D32: 10 | E32: 2 | F32: 2 | G32: 0 | H32: 0 | I32: 7 | J32: 3 | K32: 0 | L32: 0 | M32: 39 | N32: 0 | O32: =SUM(C32:L32,N32) -> 71 | P32: =SUM(C32:N32) -> 110
B33: 12.45 - 13.00 | C33: 25 | D33: 8 | E33: 3 | F33: 1 | G33: 0 | H33: 0 | I33: 2 | J33: 2 | K33: 0 | L33: 0 | M33: 25 | N33: 0 | O33: =SUM(C33:L33,N33) -> 41 | P33: =SUM(C33:N33) -> 66
B34: 13.00 - 13.15 | C34: 40 | D34: 12 | E34: 10 | F34: 1 | G34: 1 | H34: 0 | I34: 2 | J34: 1 | K34: 0 | L34: 0 | M34: 25 | N34: 0 | O34: =SUM(C34:L34,N34) -> 67 | P34: =SUM(C34:N34) -> 92
B35: 13.15 - 13.30 | C35: 33 | D35: 6 | E35: 8 | F35: 2 | G35: 2 | H35: 0 | I35: 3 | J35: 2 | K35: 0 | L35: 0 | M35: 22 | N35: 0 | O35: =SUM(C35:L35,N35) -> 56 | P35: =SUM(C35:N35) -> 78
B36: 13.30 - 13.45 | C36: 31 | D36: 5 | E36: 3 | F36: 1 | G36: 1 | H36: 0 | I36: 11 | J36: 0 | K36: 0 | L36: 0 | M36: 36 | N36: 0 | O36: =SUM(C36:L36,N36) -> 52 | P36: =SUM(C36:N36) -> 88
B37: 13.45 - 14.00 | C37: 32 | D37: 11 | E37: 6 | F37: 1 | G37: 0 | H37: 0 | I37: 1 | J37: 0 | K37: 0 | L37: 0 | M37: 19 | N37: 0 | O37: =SUM(C37:L37,N37) -> 51 | P37: =SUM(C37:N37) -> 70
B38: 14.00 - 14.15 | C38: 34 | D38: 8 | E38: 2 | F38: 5 | G38: 0 | H38: 1 | I38: 2 | J38: 1 | K38: 0 | L38: 0 | M38: 40 | N38: 0 | O38: =SUM(C38:L38,N38) -> 53 | P38: =SUM(C38:N38) -> 93
B39: 14.15 - 14.30 | C39: 38 | D39: 6 | E39: 2 | F39: 8 | G39: 0 | H39: 0 | I39: 5 | J39: 0 | K39: 0 | L39: 0 | M39: 35 | N39: 0 | O39: =SUM(C39:L39,N39) -> 59 | P39: =SUM(C39:N39) -> 94
B40: 14.30 - 14.45 | C40: 37 | D40: 410 | E40: 4 | F40: 2 | G40: 0 | H40: 0 | I40: 5 | J40: 0 | K40: 0 | L40: 0 | M40: 20 | N40: 0 | O40: =SUM(C40:L40,N40) -> 458 | P40: =SUM(C40:N40) -> 478
... B57: 18.45 - 19.00 | C57: 43 | D57: 21 | E57: 10 | F57: 0 | G57: 2 | H57: 0 | I57: 4 | J57: 0 | K57: 1 | L57: 0 | M57: 47 | N57: 0 | O57: =SUM(C57:L57,N57) -> 81 | P57: =SUM(C57:N57) -> 128
B58: Totals | C58: =SUM(C10:C57) -> 1510 | D58: =SUM(D10:D57) -> 881 | E58: =SUM(E10:E57) -> 234 | F58: =SUM(F10:F57) -> 128 | G58: =SUM(G10:G57) -> 16 | H58: =SUM(H10:H57) -> 11 | I58: =SUM(I10:I57) -> 211 | J58: =SUM(J10:J57) -> 25 | ... P58: =SUM(P10:P57) -> 4681
B59: %ges + MCs | C59: =C58/$P$58 -> 0.32258065 | D59: =D58/$P$58 -> 0.18820765 | E59: =E58/$P$58 -> 0.049989319 | F59: =F58/$P$58 -> 0.027344584 | G59: =G58/$P$58 -> 0.0034180731 | H59: =H58/$P$58 -> 0.0023499252 | I59: =I58/$P$58 -> 0.045075838 | J59: =J58/$P$58 -> 0.0053407392 | ... N59: =N58/$P$58 -> 0
B60: %ges w/o MCs | C60: =C58/$O$58 -> 0.49802111 | D60: =D58/$O$58 -> 0.29056728 | E60: =E58/$O$58 -> 0.077176781 | F60: =F58/$O$58 -> 0.042216359 | G60: =G58/$O$58 -> 0.0052770449 | H60: =H58/$O$58 -> 0.0036279683 | I60: =I58/$O$58 -> 0.069591029 | J60: =J58/$O$58 -> 0.0082453826 | ... L60: =L58/$O$58 -> 0.0023087071 | N60: =N58/$O$58 -> 0

Sheet 27.09Kasjansi-Munyonyo
B1: Consultancy services for Preparation of Expressway Development Master Plan (EDMP) for Uganda
B2: MANUAL CLASSIFIED COUNT (MCC)
B3: ROAD NAME: | C3: ='23.09.19 Kajansi -Bweya'!C3:G3 -> MCC-C2-STNO 56 -Munyonyo spur
C5: Date | D5: ='27.09 Munyonyo-Kajansi'!D5 -> 27.09.19 | F5: Location | G5: ='27.09 Munyonyo-Kajansi'!G5:H5 -> Munyonyo Spur RD | J5: Surveyor | K5: ='27.09 Munyonyo-Kajansi'!K5:L5 -> Akello Rosette
C6: Dir. From | D6: ='23.09.19 Kajansi -Bweya'!D6:E6 -> KAJANSI | F6: Dir. To | G6: MUNYONYO | J6: Supervisor | K6: ='27.09 Munyonyo-Kajansi'!K6:L6 -> Beatrice
B8: Time / Veh Type | R8: SUMMARY TRAFFIC VOLUMES
C9: 1. Car | D9: 2. Station Wagon | E9: 3. Pickups | F9: 4. Minibus, matatu | G9: 5. Medium bus | H9: 6. Large Bus | I9: 7. Light Truck | J9: 8. Medium Truck | K9: 9. Heavy truck | L9: 10. Truck Trailer | M9: 11. Motor cycles | N9: 12. Tractors | O9: Total Excl M/Cycles | P9: Total All | R9: Time | S9: 1. Car | T9: 2. Station Wagon | U9: 3. Pickups | V9: 4. Minibus, matatu | W9: 5. Medium bus | X9: 6. Large Bus | Y9: 7. Light Truck | Z9: 8. Medium Truck | AA9: 9. Heavy truck | AB9: 10. Truck Trailer | AC9: 11. Motorcycles | AD9: 12. Tractors, Graders | AE9: Total Excl M/ Cycles | AF9: Total All
B10: 07.00 - 07.15 | C10: 66 | D10: 3 | E10: 4 | F10: 1 | G10: 0 | H10: 0 | I10: 4 | J10: 3 | K10: 0 | L10: 0 | M10: 22 | N10: 0 | O10: =SUM(C10:L10,N10) -> 81 | P10: =SUM(C10:N10) -> 103 | R10: 0700-0800 | S10: =SUM(C10:C13) -> 217 | T10: =SUM(D10:D13) -> 16 | U10: =SUM(E10:E13) -> 20 | V10: =SUM(F10:F13) -> 6 | W10: =SUM(G10:G13) -> 1 | X10: =SUM(H10:H13) -> 0 | Y10: =SUM(I10:I13) -> 15 | Z10: =SUM(J10:J13) -> 6 | ... AF10: =SUM(P10:P13) -> 406
B11: 07.15 - 07.30 | C11: 41 | D11: 5 | E11: 4 | F11: 0 | G11: 0 | H11: 0 | I11: 4 | J11: 1 | K11: 0 | L11: 0 | M11: 33 | N11: 0 | O11: =SUM(C11:L11,N11) -> 55 | P11: =SUM(C11:N11) -> 88 | R11: 0800-0900 | S11: =SUM(C14:C17) -> 145 | T11: =SUM(D14:D17) -> 23 | U11: =SUM(E14:E17) -> 23 | V11: =SUM(F14:F17) -> 2 | W11: =SUM(G14:G17) -> 0 | X11: =SUM(H14:H17) -> 0 | Y11: =SUM(I14:I17) -> 7 | Z11: =SUM(J14:J17) -> 6 | ... AF11: =SUM(P14:P17) -> 369
B12: 07.30 - 07.45 | C12: 65 | D12: 7 | E12: 8 | F12: 2 | G12: 1 | H12: 0 | I12: 4 | J12: 2 | K12: 1 | L12: 0 | M12: 37 | N12: 0 | O12: =SUM(C12:L12,N12) -> 90 | P12: =SUM(C12:N12) -> 127 | R12: 0900-1000 | S12: =SUM(C18:C21) -> 97 | T12: =SUM(D18:D21) -> 12 | U12: =SUM(E18:E21) -> 16 | V12: =SUM(F18:F21) -> 2 | W12: =SUM(G18:G21) -> 1 | X12: =SUM(H18:H21) -> 0 | Y12: =SUM(I18:I21) -> 7 | Z12: =SUM(J18:J21) -> 6 | ... AF12: =SUM(P18:P21) -> 256
B13: 07.45 - 08.00 | C13: 45 | D13: 1 | E13: 4 | F13: 3 | G13: 0 | H13: 0 | I13: 3 | J13: 0 | K13: 0 | L13: 0 | M13: 32 | N13: 0 | O13: =SUM(C13:L13,N13) -> 56 | P13: =SUM(C13:N13) -> 88 | R13: 1000-1100 | S13: =SUM(C22:C25) -> 98 | T13: =SUM(D22:D25) -> 15 | U13: =SUM(E22:E25) -> 15 | V13: =SUM(F22:F25) -> 2 | W13: =SUM(G22:G25) -> 0 | X13: =SUM(H22:H25) -> 0 | Y13: =SUM(I22:I25) -> 11 | Z13: =SUM(J22:J25) -> 4 | ... AF13: =SUM(P22:P25) -> 253
B14: 08.00 - 08.15 | C14: 43 | D14: 5 | E14: 8 | F14: 1 | G14: 0 | H14: 0 | I14: 1 | J14: 4 | K14: 1 | L14: 0 | M14: 52 | N14: 0 | O14: =SUM(C14:L14,N14) -> 63 | P14: =SUM(C14:N14) -> 115 | R14: 1100-1200 | S14: =SUM(C26:C29) -> 126 | T14: =SUM(D26:D29) -> 8 | U14: =SUM(E26:E29) -> 21 | V14: =SUM(F26:F29) -> 2 | W14: =SUM(G26:G29) -> 0 | X14: =SUM(H26:H29) -> 0 | Y14: =SUM(I26:I29) -> 9 | Z14: =SUM(J26:J29) -> 8 | ... AF14: =SUM(P26:P29) -> 309
B15: 08.15 - 08.30 | C15: 38 | D15: 6 | E15: 5 | F15: 1 | G15: 0 | H15: 0 | I15: 1 | J15: 1 | K15: 2 | L15: 0 | M15: 48 | N15: 0 | O15: =SUM(C15:L15,N15) -> 54 | P15: =SUM(C15:N15) -> 102 | R15: 1200-1300 | S15: =SUM(C30:C33) -> 106 | T15: =SUM(D30:D33) -> 5 | U15: =SUM(E30:E33) -> 11 | V15: =SUM(F30:F33) -> 1 | W15: =SUM(G30:G33) -> 0 | X15: =SUM(H30:H33) -> 0 | Y15: =SUM(I30:I33) -> 6 | Z15: =SUM(J30:J33) -> 18 | ... AF15: =SUM(P30:P33) -> 256
B16: 08.30 - 08.45 | C16: 39 | D16: 5 | E16: 6 | F16: 0 | G16: 0 | H16: 0 | I16: 5 | J16: 0 | K16: 0 | L16: 0 | M16: 30 | N16: 0 | O16: =SUM(C16:L16,N16) -> 55 | P16: =SUM(C16:N16) -> 85 | R16: 1300-1400 | S16: =SUM(C34:C37) -> 117 | T16: =SUM(D34:D37) -> 9 | U16: =SUM(E34:E37) -> 16 | V16: =SUM(F34:F37) -> 4 | W16: =SUM(G34:G37) -> 1 | X16: =SUM(H34:H37) -> 0 | Y16: =SUM(I34:I37) -> 13 | Z16: =SUM(J34:J37) -> 13 | ... AF16: =SUM(P34:P37) -> 279
B17: 08.45 - 9.00 | C17: 25 | D17: 7 | E17: 4 | F17: 0 | G17: 0 | H17: 0 | I17: 0 | J17: 1 | K17: 0 | L17: 0 | M17: 30 | N17: 0 | O17: =SUM(C17:L17,N17) -> 37 | P17: =SUM(C17:N17) -> 67 | R17: 1400-1500 | S17: =SUM(C38:C41) -> 156 | T17: =SUM(D38:D41) -> 25 | U17: =SUM(E38:E41) -> 15 | V17: =SUM(F38:F41) -> 5 | W17: =SUM(G38:G41) -> 4 | X17: =SUM(H38:H41) -> 0 | Y17: =SUM(I38:I41) -> 8 | Z17: =SUM(J38:J41) -> 5 | ... AF17: =SUM(P38:P41) -> 318
B18: 09.00 - 09.15 | C18: 23 | D18: 3 | E18: 6 | F18: 0 | G18: 0 | H18: 0 | I18: 4 | J18: 2 | K18: 4 | L18: 0 | M18: 28 | N18: 0 | O18: =SUM(C18:L18,N18) -> 42 | P18: =SUM(C18:N18) -> 70 | R18: 1500-1600 | S18: =SUM(C42:C45) -> 168 | T18: =SUM(D42:D45) -> 6 | U18: =SUM(E42:E45) -> 19 | V18: =SUM(F42:F45) -> 4 | W18: =SUM(G42:G45) -> 0 | X18: =SUM(H42:H45) -> 0 | Y18: =SUM(I42:I45) -> 13 | Z18: =SUM(J42:J45) -> 17 | ... AF18: =SUM(P42:P45) -> 305
B19: 09.15 - 09.30 | C19: 28 | D19: 3 | E19: 3 | F19: 1 | G19: 0 | H19: 0 | I19: 2 | J19: 0 | K19: 0 | L19: 0 | M19: 35 | N19: 0 | O19: =SUM(C19:L19,N19) -> 37 | P19: =SUM(C19:N19) -> 72 | R19: 1600-1700 | S19: =SUM(C46:C49) -> 195 | T19: =SUM(D46:D49) -> 14 | U19: =SUM(E46:E49) -> 25 | V19: =SUM(F46:F49) -> 4 | W19: =SUM(G46:G49) -> 1 | X19: =SUM(H46:H49) -> 0 | Y19: =SUM(I46:I49) -> 15 | Z19: =SUM(J46:J49) -> 13 | ... AF19: =SUM(P46:P49) -> 368
B20: 09.30 - 09.45 | C20: 21 | D20: 2 | E20: 5 | F20: 0 | G20: 0 | H20: 0 | I20: 1 | J20: 3 | K20: 1 | L20: 0 | M20: 20 | N20: 0 | O20: =SUM(C20:L20,N20) -> 33 | P20: =SUM(C20:N20) -> 53 | R20: 1700-1800 | S20: =SUM(C50:C53) -> 190 | T20: =SUM(D50:D53) -> 9 | U20: =SUM(E50:E53) -> 15 | V20: =SUM(F50:F53) -> 5 | W20: =SUM(G50:G53) -> 2 | X20: =SUM(H50:H53) -> 4 | Y20: =SUM(I50:I53) -> 12 | Z20: =SUM(J50:J53) -> 11 | ... AF20: =SUM(P50:P53) -> 356
B21: 09.45 - 10.00 | C21: 25 | D21: 4 | E21: 2 | F21: 1 | G21: 1 | H21: 0 | I21: 0 | J21: 1 | K21: 0 | L21: 0 | M21: 27 | N21: 0 | O21: =SUM(C21:L21,N21) -> 34 | P21: =SUM(C21:N21) -> 61 | R21: 1800-1900 | S21: =SUM(C54:C57) -> 200 | T21: =SUM(D54:D57) -> 10 | U21: =SUM(E54:E57) -> 30 | V21: =SUM(F54:F57) -> 4 | W21: =SUM(G54:G57) -> 0 | X21: =SUM(H54:H57) -> 0 | Y21: =SUM(I54:I57) -> 8 | Z21: =SUM(J54:J57) -> 8 | ... AF21: =SUM(P54:P57) -> 401
B22: 10.00 - 10.15 | C22: 23 | D22: 1 | E22: 5 | F22: 0 | G22: 0 | H22: 0 | I22: 1 | J22: 1 | K22: 0 | L22: 0 | M22: 31 | N22: 0 | O22: =SUM(C22:L22,N22) -> 31 | P22: =SUM(C22:N22) -> 62 | R22: AM Peak Hr | S22: =MAX(S10:S12) -> 217 | T22: =MAX(T10:T12) -> 23 | U22: =MAX(U10:U12) -> 23 | V22: =MAX(V10:V12) -> 6 | W22: =MAX(W10:W12) -> 1 | X22: =MAX(X10:X12) -> 0 | Y22: =MAX(Y10:Y12) -> 15 | Z22: =MAX(Z10:Z12) -> 6 | ... AF22: =MAX(AF10:AF12) -> 406
B23: 10.15 - 10.30 | C23: 22 | D23: 7 | E23: 0 | F23: 0 | G23: 0 | H23: 0 | I23: 3 | J23: 0 | K23: 0 | L23: 0 | M23: 25 | N23: 0 | O23: =SUM(C23:L23,N23) -> 32 | P23: =SUM(C23:N23) -> 57 | R23: IP Peak Hr | S23: =MAX(S13:S18) -> 168 | T23: =MAX(T13:T18) -> 25 | U23: =MAX(U13:U18) -> 21 | V23: =MAX(V13:V18) -> 5 | W23: =MAX(W13:W18) -> 4 | X23: =MAX(X13:X18) -> 0 | Y23: =MAX(Y13:Y18) -> 13 | Z23: =MAX(Z13:Z18) -> 18 | ... AF23: =MAX(AF13:AF18) -> 318
B24: 10.30 - 10.45 | C24: 18 | D24: 5 | E24: 6 | F24: 2 | G24: 0 | H24: 0 | I24: 4 | J24: 1 | K24: 0 | L24: 0 | M24: 24 | N24: 0 | O24: =SUM(C24:L24,N24) -> 36 | P24: =SUM(C24:N24) -> 60 | R24: PM Peak Hr | S24: =MAX(S19:S21) -> 200 | T24: =MAX(T19:T21) -> 14 | U24: =MAX(U19:U21) -> 30 | V24: =MAX(V19:V21) -> 5 | W24: =MAX(W19:W21) -> 2 | X24: =MAX(X19:X21) -> 4 | Y24: =MAX(Y19:Y21) -> 15 | Z24: =MAX(Z19:Z21) -> 13 | ... AF24: =MAX(AF19:AF21) -> 401
B25: 10.45 - 11.00 | C25: 35 | D25: 2 | E25: 4 | F25: 0 | G25: 0 | H25: 0 | I25: 3 | J25: 2 | K25: 0 | L25: 0 | M25: 28 | N25: 0 | O25: =SUM(C25:L25,N25) -> 46 | P25: =SUM(C25:N25) -> 74 | R25: AM Period | S25: =SUM(S10:S12) -> 459 | T25: =SUM(T10:T12) -> 51 | U25: =SUM(U10:U12) -> 59 | V25: =SUM(V10:V12) -> 10 | W25: =SUM(W10:W12) -> 2 | X25: =SUM(X10:X12) -> 0 | Y25: =SUM(Y10:Y12) -> 29 | Z25: =SUM(Z10:Z12) -> 18 | ... AF25: =SUM(AF10:AF12) -> 1031
B26: 11.00 - 11.15 | C26: 33 | D26: 0 | E26: 5 | F26: 0 | G26: 0 | H26: 0 | I26: 4 | J26: 4 | K26: 0 | L26: 1 | M26: 31 | N26: 0 | O26: =SUM(C26:L26,N26) -> 47 | P26: =SUM(C26:N26) -> 78 | R26: IP Period | S26: =SUM(S13:S18) -> 771 | T26: =SUM(T13:T18) -> 68 | U26: =SUM(U13:U18) -> 97 | V26: =SUM(V13:V18) -> 18 | W26: =SUM(W13:W18) -> 5 | X26: =SUM(X13:X18) -> 0 | Y26: =SUM(Y13:Y18) -> 60 | Z26: =SUM(Z13:Z18) -> 65 | ... AF26: =SUM(AF13:AF18) -> 1720
B27: 11.15 - 11.30 | C27: 30 | D27: 4 | E27: 6 | F27: 0 | G27: 0 | H27: 0 | I27: 2 | J27: 2 | K27: 1 | L27: 0 | M27: 49 | N27: 0 | O27: =SUM(C27:L27,N27) -> 45 | P27: =SUM(C27:N27) -> 94 | R27: PM Period | S27: =SUM(S19:S21) -> 585 | T27: =SUM(T19:T21) -> 33 | U27: =SUM(U19:U21) -> 70 | V27: =SUM(V19:V21) -> 13 | W27: =SUM(W19:W21) -> 3 | X27: =SUM(X19:X21) -> 4 | Y27: =SUM(Y19:Y21) -> 35 | Z27: =SUM(Z19:Z21) -> 32 | ... AF27: =SUM(AF19:AF21) -> 1125
B28: 11.30 - 11.45 | C28: 30 | D28: 3 | E28: 4 | F28: 2 | G28: 0 | H28: 0 | I28: 2 | J28: 1 | K28: 2 | L28: 0 | M28: 29 | N28: 0 | O28: =SUM(C28:L28,N28) -> 44 | P28: =SUM(C28:N28) -> 73 | R28: 12 Hours | S28: =SUM(S10:S21) -> 1815 | T28: =SUM(T10:T21) -> 152 | U28: =SUM(U10:U21) -> 226 | V28: =SUM(V10:V21) -> 41 | W28: =SUM(W10:W21) -> 10 | X28: =SUM(X10:X21) -> 4 | Y28: =SUM(Y10:Y21) -> 124 | Z28: =SUM(Z10:Z21) -> 115 | ... AF28: =SUM(AF10:AF21) -> 3876
B29: 11.45 - 12.00 | C29: 33 | D29: 1 | E29: 6 | F29: 0 | G29: 0 | H29: 0 | I29: 1 | J29: 1 | K29: 0 | L29: 0 | M29: 22 | N29: 0 | O29: =SUM(C29:L29,N29) -> 42 | P29: =SUM(C29:N29) -> 64
B30: 12.00 - 12.15 | C30: 20 | D30: 2 | E30: 1 | F30: 0 | G30: 0 | H30: 0 | I30: 0 | J30: 1 | K30: 0 | L30: 0 | M30: 25 | N30: 0 | O30: =SUM(C30:L30,N30) -> 24 | P30: =SUM(C30:N30) -> 49
B31: 12.15 - 12.30 | C31: 22 | D31: 1 | E31: 2 | F31: 0 | G31: 0 | H31: 0 | I31: 0 | J31: 4 | K31: 0 | L31: 0 | M31: 34 | N31: 0 | O31: =SUM(C31:L31,N31) -> 29 | P31: =SUM(C31:N31) -> 63
B32: 12.30 - 12.45 | C32: 36 | D32: 0 | E32: 6 | F32: 1 | G32: 0 | H32: 0 | I32: 3 | J32: 5 | K32: 1 | L32: 0 | M32: 29 | N32: 0 | O32: =SUM(C32:L32,N32) -> 52 | P32: =SUM(C32:N32) -> 81
B33: 12.45 - 13.00 | C33: 28 | D33: 2 | E33: 2 | F33: 0 | G33: 0 | H33: 0 | I33: 3 | J33: 8 | K33: 0 | L33: 0 | M33: 20 | N33: 0 | O33: =SUM(C33:L33,N33) -> 43 | P33: =SUM(C33:N33) -> 63
B34: 13.00 - 13.15 | C34: 37 | D34: 5 | E34: 2 | F34: 2 | G34: 0 | H34: 0 | I34: 4 | J34: 3 | K34: 0 | L34: 0 | M34: 18 | N34: 0 | O34: =SUM(C34:L34,N34) -> 53 | P34: =SUM(C34:N34) -> 71
B35: 13.15 - 13.30 | C35: 27 | D35: 1 | E35: 8 | F35: 1 | G35: 1 | H35: 0 | I35: 3 | J35: 3 | K35: 0 | L35: 0 | M35: 36 | N35: 0 | O35: =SUM(C35:L35,N35) -> 44 | P35: =SUM(C35:N35) -> 80
B36: 13.30 - 13.45 | C36: 32 | D36: 2 | E36: 5 | F36: 0 | G36: 0 | H36: 0 | I36: 4 | J36: 4 | K36: 0 | L36: 0 | M36: 29 | N36: 0 | O36: =SUM(C36:L36,N36) -> 47 | P36: =SUM(C36:N36) -> 76
B37: 13.45 - 14.00 | C37: 21 | D37: 1 | E37: 1 | F37: 1 | G37: 0 | H37: 0 | I37: 2 | J37: 3 | K37: 0 | L37: 0 | M37: 23 | N37: 0 | O37: =SUM(C37:L37,N37) -> 29 | P37: =SUM(C37:N37) -> 52
B38: 14.00 - 14.15 | C38: 35 | D38: 15 | E38: 4 | F38: 3 | G38: 0 | H38: 0 | I38: 2 | J38: 0 | K38: 0 | L38: 0 | M38: 20 | N38: 0 | O38: =SUM(C38:L38,N38) -> 59 | P38: =SUM(C38:N38) -> 79
B39: 14.15 - 14.30 | C39: 46 | D39: 2 | E39: 4 | F39: 0 | G39: 1 | H39: 0 | I39: 1 | J39: 1 | K39: 1 | L39: 0 | M39: 30 | N39: 0 | O39: =SUM(C39:L39,N39) -> 56 | P39: =SUM(C39:N39) -> 86
B40: 14.30 - 14.45 | C40: 32 | D40: 3 | E40: 5 | F40: 1 | G40: 1 | H40: 0 | I40: 4 | J40: 1 | K40: 0 | L40: 0 | M40: 22 | N40: 0 | O40: =SUM(C40:L40,N40) -> 47 | P40: =SUM(C40:N40) -> 69
... B56: 18.30 - 18.45 | C56: 55 | D56: 4 | E56: 11 | F56: 1 | G56: 0 | H56: 0 | I56: 2 | J56: 3 | K56: 1 | L56: 0 | M56: 50 | N56: 0 | O56: =SUM(C56:L56,N56) -> 77 | P56: =SUM(C56:N56) -> 127
B57: 18.45 - 19.00 | C57: 51 | D57: 0 | E57: 5 | F57: 1 | G57: 0 | H57: 0 | I57: 1 | J57: 1 | K57: 1 | L57: 0 | N57: 0 | O57: =SUM(C57:L57,N57) -> 60 | P57: =SUM(C57:N57) -> 60
B58: Totals | C58: =SUM(C10:C57) -> 1815 | D58: =SUM(D10:D57) -> 152 | E58: =SUM(E10:E57) -> 226 | F58: =SUM(F10:F57) -> 41 | G58: =SUM(G10:G57) -> 10 | H58: =SUM(H10:H57) -> 4 | I58: =SUM(I10:I57) -> 124 | J58: =SUM(J10:J57) -> 115 | ... P58: =SUM(P10:P57) -> 3876
B59: %ges + MCs | C59: =C58/$P$58 -> 0.46826625 | D59: =D58/$P$58 -> 0.039215686 | E59: =E58/$P$58 -> 0.058307534 | F59: =F58/$P$58 -> 0.010577915 | G59: =G58/$P$58 -> 0.0025799794 | H59: =H58/$P$58 -> 0.0010319917 | I59: =I58/$P$58 -> 0.031991744 | J59: =J58/$P$58 -> 0.029669763 | ... N59: =N58/$P$58 -> 0
B60: %ges w/o MCs | C60: =C58/$O$58 -> 0.72310757 | D60: =D58/$O$58 -> 0.060557769 | E60: =E58/$O$58 -> 0.090039841 | F60: =F58/$O$58 -> 0.016334661 | G60: =G58/$O$58 -> 0.0039840637 | H60: =H58/$O$58 -> 0.0015936255 | I60: =I58/$O$58 -> 0.04940239 | J60: =J58/$O$58 -> 0.045816733 | ... L60: =L58/$O$58 -> 0.00039840637 | N60: =N58/$O$58 -> 0

Sheet 28.09 Kajansi-Bweya-24h
B1: Consultancy services for Preparation of Expressway Development Master Plan (EDMP) for Uganda
B2: MANUAL CLASSIFIED COUNT (MCC)
B3: ROAD NAME: | C3: ='[2]23.09.19 Bweya- Kajansi'!C3:G3 -> MCC-C2-STNO 56 -Munyonyo spur
C5: Date | D5: ='[2]28.09 Bweya-Kajansi-24h'!D5 -> 28.09.19 | F5: Location | G5: ='[2]28.09 Bweya-Kajansi-24h'!G5:H5 -> Munyonyo Spur RD | J5: Surveyor | K5: ='[2]28.09 Bweya-Kajansi-24h'!K5:L5 -> Akello Rosette / Kasoma John Paul
C6: Dir. From | D6: ='[2]23.09.19 Kajansi -Bweya'!D6:E6 -> KAJANSI | F6: Dir. To | G6: ='[2]23.09.19 Kajansi -Bweya'!G6:H6 -> BWEYA | J6: Supervisor | K6: ='[2]28.09 Bweya-Kajansi-24h'!K6:L6 -> Beatrice
B8: Time / Veh Type | R8: SUMMARY TRAFFIC VOLUMES
C9: 1. Car | D9: 2. Station Wagon | E9: 3. Pickups | F9: 4. Minibus, matatu | G9: 5. Medium bus | H9: 6. Large Bus | I9: 7. Light Truck | J9: 8. Medium Truck | K9: 9. Heavy truck | L9: 10. Truck Trailer | M9: 11. Motor cycles | N9: 12. Tractors | O9: Total Excl M/Cycles | P9: Total All | R9: Time | S9: 1. Car | T9: 2. Station Wagon | U9: 3. Pickups | V9: 4. Minibus, matatu | W9: 5. Medium bus | X9: 6. Large Bus | Y9: 7. Light Truck | Z9: 8. Medium Truck | AA9: 9. Heavy truck | AB9: 10. Truck Trailer | AC9: 11. Motorcycles | AD9: 12. Tractors, Graders | AE9: Total Excl M/ Cycles | AF9: Total All
B10: 07.00 - 07.15 | C10: 22 | D10: 1 | E10: 3 | F10: 2 | G10: 0 | H10: 0 | I10: 2 | J10: 1 | K10: 0 | L10: 0 | M10: 30 | N10: 0 | O10: =SUM(C10:L10,N10) -> 31 | P10: =SUM(C10:N10) -> 61 | R10: 0700-0800 | S10: =SUM(C10:C13) -> 87 | T10: =SUM(D10:D13) -> 6 | U10: =SUM(E10:E13) -> 14 | V10: =SUM(F10:F13) -> 9 | W10: =SUM(G10:G13) -> 2 | X10: =SUM(H10:H13) -> 0 | Y10: =SUM(I10:I13) -> 4 | Z10: =SUM(J10:J13) -> 1 | ... AF10: =SUM(P10:P13) -> 235
B11: 07.15 - 07.30 | C11: 16 | D11: 3 | E11: 4 | F11: 2 | G11: 0 | H11: 0 | I11: 2 | J11: 0 | K11: 0 | L11: 0 | M11: 27 | N11: 0 | O11: =SUM(C11:L11,N11) -> 27 | P11: =SUM(C11:N11) -> 54 | R11: 0800-0900 | S11: =SUM(C14:C17) -> 138 | T11: =SUM(D14:D17) -> 2 | U11: =SUM(E14:E17) -> 12 | V11: =SUM(F14:F17) -> 4 | W11: =SUM(G14:G17) -> 1 | X11: =SUM(H14:H17) -> 0 | Y11: =SUM(I14:I17) -> 11 | Z11: =SUM(J14:J17) -> 7 | ... AF11: =SUM(P14:P17) -> 344
B12: 07.30 - 07.45 | C12: 30 | D12: 1 | E12: 3 | F12: 2 | G12: 1 | H12: 0 | I12: 0 | J12: 0 | K12: 0 | L12: 0 | M12: 30 | N12: 0 | O12: =SUM(C12:L12,N12) -> 37 | P12: =SUM(C12:N12) -> 67 | R12: 0900-1000 | S12: =SUM(C18:C21) -> 157 | T12: =SUM(D18:D21) -> 8 | U12: =SUM(E18:E21) -> 17 | V12: =SUM(F18:F21) -> 5 | W12: =SUM(G18:G21) -> 1 | X12: =SUM(H18:H21) -> 1 | Y12: =SUM(I18:I21) -> 12 | Z12: =SUM(J18:J21) -> 8 | ... AF12: =SUM(P18:P21) -> 367
B13: 07.45 - 08.00 | C13: 19 | D13: 1 | E13: 4 | F13: 3 | G13: 1 | H13: 0 | I13: 0 | J13: 0 | K13: 0 | L13: 0 | M13: 25 | N13: 0 | O13: =SUM(C13:L13,N13) -> 28 | P13: =SUM(C13:N13) -> 53 | R13: 1000-1100 | S13: =SUM(C22:C25) -> 157 | T13: =SUM(D22:D25) -> 3 | U13: =SUM(E22:E25) -> 9 | V13: =SUM(F22:F25) -> 5 | W13: =SUM(G22:G25) -> 1 | X13: =SUM(H22:H25) -> 0 | Y13: =SUM(I22:I25) -> 5 | Z13: =SUM(J22:J25) -> 6 | ... AF13: =SUM(P22:P25) -> 309
B14: 08.00 - 08.15 | C14: 41 | D14: 0 | E14: 4 | F14: 0 | G14: 0 | H14: 0 | I14: 4 | J14: 0 | K14: 0 | L14: 0 | M14: 51 | N14: 0 | O14: =SUM(C14:L14,N14) -> 49 | P14: =SUM(C14:N14) -> 100 | R14: 1100-1200 | S14: =SUM(C26:C29) -> 189 | T14: =SUM(D26:D29) -> 13 | U14: =SUM(E26:E29) -> 10 | V14: =SUM(F26:F29) -> 7 | W14: =SUM(G26:G29) -> 0 | X14: =SUM(H26:H29) -> 0 | Y14: =SUM(I26:I29) -> 11 | Z14: =SUM(J26:J29) -> 7 | ... AF14: =SUM(P26:P29) -> 359
B15: 08.15 - 08.30 | C15: 21 | D15: 0 | E15: 6 | F15: 1 | G15: 1 | H15: 0 | I15: 2 | J15: 1 | K15: 0 | L15: 0 | M15: 40 | N15: 0 | O15: =SUM(C15:L15,N15) -> 32 | P15: =SUM(C15:N15) -> 72 | R15: 1200-1300 | S15: =SUM(C30:C33) -> 183 | T15: =SUM(D30:D33) -> 23 | U15: =SUM(E30:E33) -> 9 | V15: =SUM(F30:F33) -> 4 | W15: =SUM(G30:G33) -> 1 | X15: =SUM(H30:H33) -> 0 | Y15: =SUM(I30:I33) -> 13 | Z15: =SUM(J30:J33) -> 8 | ... AF15: =SUM(P30:P33) -> 350
B16: 08.30 - 08.45 | C16: 35 | D16: 1 | E16: 2 | F16: 1 | G16: 0 | H16: 0 | I16: 3 | J16: 3 | K16: 0 | L16: 0 | M16: 36 | N16: 0 | O16: =SUM(C16:L16,N16) -> 45 | P16: =SUM(C16:N16) -> 81 | R16: 1300-1400 | S16: =SUM(C34:C37) -> 218 | T16: =SUM(D34:D37) -> 19 | U16: =SUM(E34:E37) -> 31 | V16: =SUM(F34:F37) -> 5 | W16: =SUM(G34:G37) -> 1 | X16: =SUM(H34:H37) -> 0 | Y16: =SUM(I34:I37) -> 11 | Z16: =SUM(J34:J37) -> 8 | ... AF16: =SUM(P34:P37) -> 418
B17: 08.45 - 9.00 | C17: 41 | D17: 1 | E17: 0 | F17: 2 | G17: 0 | H17: 0 | I17: 2 | J17: 3 | K17: 1 | L17: 0 | M17: 41 | N17: 0 | O17: =SUM(C17:L17,N17) -> 50 | P17: =SUM(C17:N17) -> 91 | R17: 1400-1500 | S17: =SUM(C38:C41) -> 248 | T17: =SUM(D38:D41) -> 23 | U17: =SUM(E38:E41) -> 24 | V17: =SUM(F38:F41) -> 4 | W17: =SUM(G38:G41) -> 5 | X17: =SUM(H38:H41) -> 1 | Y17: =SUM(I38:I41) -> 21 | Z17: =SUM(J38:J41) -> 6 | ... AF17: =SUM(P38:P41) -> 495
B18: 09.00 - 09.15 | C18: 38 | D18: 2 | E18: 3 | F18: 4 | G18: 0 | H18: 1 | I18: 3 | J18: 1 | K18: 0 | L18: 0 | M18: 46 | N18: 0 | O18: =SUM(C18:L18,N18) -> 52 | P18: =SUM(C18:N18) -> 98 | R18: 1500-1600 | S18: =SUM(C42:C45) -> 291 | T18: =SUM(D42:D45) -> 8 | U18: =SUM(E42:E45) -> 17 | V18: =SUM(F42:F45) -> 1 | W18: =SUM(G42:G45) -> 2 | X18: =SUM(H42:H45) -> 0 | Y18: =SUM(I42:I45) -> 9 | Z18: =SUM(J42:J45) -> 3 | ... AF18: =SUM(P42:P45) -> 423
B19: 09.15 - 09.30 | C19: 39 | D19: 2 | E19: 5 | F19: 0 | G19: 0 | H19: 0 | I19: 4 | J19: 3 | K19: 0 | L19: 0 | M19: 30 | N19: 0 | O19: =SUM(C19:L19,N19) -> 53 | P19: =SUM(C19:N19) -> 83 | R19: 1600-1700 | S19: =SUM(C46:C49) -> 300 | T19: =SUM(D46:D49) -> 9 | U19: =SUM(E46:E49) -> 23 | V19: =SUM(F46:F49) -> 2 | W19: =SUM(G46:G49) -> 0 | X19: =SUM(H46:H49) -> 0 | Y19: =SUM(I46:I49) -> 13 | Z19: =SUM(J46:J49) -> 4 | ... AF19: =SUM(P46:P49) -> 467
B20: 09.30 - 09.45 | C20: 39 | D20: 3 | E20: 3 | F20: 1 | G20: 1 | H20: 0 | I20: 5 | J20: 1 | K20: 0 | L20: 0 | M20: 40 | N20: 0 | O20: =SUM(C20:L20,N20) -> 53 | P20: =SUM(C20:N20) -> 93 | R20: 1700-1800 | S20: =SUM(C50:C53) -> 251 | T20: =SUM(D50:D53) -> 40 | U20: =SUM(E50:E53) -> 30 | V20: =SUM(F50:F53) -> 4 | W20: =SUM(G50:G53) -> 4 | X20: =SUM(H50:H53) -> 1 | Y20: =SUM(I50:I53) -> 18 | Z20: =SUM(J50:J53) -> 6 | ... AF20: =SUM(P50:P53) -> 470
B21: 09.45 - 10.00 | C21: 41 | D21: 1 | E21: 6 | F21: 0 | G21: 0 | H21: 0 | I21: 0 | J21: 3 | K21: 0 | L21: 0 | M21: 42 | N21: 0 | O21: =SUM(C21:L21,N21) -> 51 | P21: =SUM(C21:N21) -> 93 | R21: 1800-1900 | S21: =SUM(C54:C57) -> 263 | T21: =SUM(D54:D57) -> 8 | U21: =SUM(E54:E57) -> 33 | V21: =SUM(F54:F57) -> 6 | W21: =SUM(G54:G57) -> 1 | X21: =SUM(H54:H57) -> 0 | Y21: =SUM(I54:I57) -> 16 | Z21: =SUM(J54:J57) -> 2 | ... AF21: =SUM(P54:P57) -> 493
B22: 10.00 - 10.15 | C22: 39 | D22: 3 | E22: 1 | F22: 1 | G22: 0 | H22: 0 | I22: 2 | J22: 1 | K22: 0 | L22: 0 | M22: 22 | N22: 0 | O22: =SUM(C22:L22,N22) -> 47 | P22: =SUM(C22:N22) -> 69 | R22: 1900-2000 | S22: =SUM(C58:C61) -> 173 | T22: =SUM(D58:D61) -> 46 | U22: =SUM(E58:E61) -> 19 | V22: =SUM(F58:F61) -> 8 | W22: =SUM(G58:G61) -> 1 | X22: =SUM(H58:H61) -> 0 | Y22: =SUM(I58:I61) -> 12 | Z22: =SUM(J58:J61) -> 3 | ... AF22: =SUM(P58:P61) -> 376
B23: 10.15 - 10.30 | C23: 36 | D23: 0 | E23: 4 | F23: 2 | G23: 1 | H23: 0 | I23: 1 | J23: 0 | K23: 0 | L23: 0 | M23: 42 | N23: 0 | O23: =SUM(C23:L23,N23) -> 44 | P23: =SUM(C23:N23) -> 86 | R23: 2000-2100 | S23: =SUM(C62:C65) -> 175 | T23: =SUM(D62:D65) -> 38 | U23: =SUM(E62:E65) -> 13 | V23: =SUM(F62:F65) -> 7 | W23: =SUM(G62:G65) -> 3 | X23: =SUM(H62:H65) -> 0 | Y23: =SUM(I62:I65) -> 7 | Z23: =SUM(J62:J65) -> 3 | ... AF23: =SUM(P62:P65) -> 378
B24: 10.30 - 10.45 | C24: 43 | D24: 0 | E24: 3 | F24: 1 | G24: 0 | H24: 0 | I24: 1 | J24: 1 | K24: 0 | L24: 0 | M24: 24 | N24: 0 | O24: =SUM(C24:L24,N24) -> 49 | P24: =SUM(C24:N24) -> 73 | R24: 2100-2200 | S24: =SUM(C66:C69) -> 103 | T24: =SUM(D66:D69) -> 29 | U24: =SUM(E66:E69) -> 10 | V24: =SUM(F66:F69) -> 3 | W24: =SUM(G66:G69) -> 1 | X24: =SUM(H66:H69) -> 0 | Y24: =SUM(I66:I69) -> 7 | Z24: =SUM(J66:J69) -> 4 | ... AF24: =SUM(P66:P69) -> 211
B25: 10.45 - 11.00 | C25: 39 | D25: 0 | E25: 1 | F25: 1 | G25: 0 | H25: 0 | I25: 1 | J25: 4 | K25: 1 | L25: 0 | M25: 34 | N25: 0 | O25: =SUM(C25:L25,N25) -> 47 | P25: =SUM(C25:N25) -> 81 | R25: 2200-2300 | S25: =SUM(C70:C73) -> 103 | T25: =SUM(D70:D73) -> 25 | U25: =SUM(E70:E73) -> 11 | V25: =SUM(F70:F73) -> 5 | W25: =SUM(G70:G73) -> 2 | X25: =SUM(H70:H73) -> 0 | Y25: =SUM(I70:I73) -> 2 | Z25: =SUM(J70:J73) -> 2 | ... AF25: =SUM(P70:P73) -> 210
B26: 11.00 - 11.15 | C26: 36 | D26: 2 | E26: 4 | F26: 1 | G26: 0 | H26: 0 | I26: 0 | J26: 1 | K26: 0 | L26: 0 | M26: 31 | N26: 1 | O26: =SUM(C26:L26,N26) -> 45 | P26: =SUM(C26:N26) -> 76 | R26: 2300-0000 | S26: =SUM(C74:C77) -> 68 | T26: =SUM(D74:D77) -> 19 | U26: =SUM(E74:E77) -> 4 | V26: =SUM(F74:F77) -> 3 | W26: =SUM(G74:G77) -> 0 | X26: =SUM(H74:H77) -> 1 | Y26: =SUM(I74:I77) -> 1 | Z26: =SUM(J74:J77) -> 1 | ... AF26: =SUM(P74:P77) -> 138
B27: 11.15 - 11.30 | C27: 41 | D27: 3 | E27: 2 | F27: 1 | G27: 0 | H27: 0 | I27: 3 | J27: 3 | K27: 1 | L27: 0 | M27: 29 | N27: 0 | O27: =SUM(C27:L27,N27) -> 54 | P27: =SUM(C27:N27) -> 83 | R27: 0000-0100 | S27: =SUM(C78:C81) -> 42 | T27: =SUM(D78:D81) -> 12 | U27: =SUM(E78:E81) -> 1 | V27: =SUM(F78:F81) -> 2 | W27: =SUM(G78:G81) -> 0 | X27: =SUM(H78:H81) -> 0 | Y27: =SUM(I78:I81) -> 4 | Z27: =SUM(J78:J81) -> 0 | ... AF27: =SUM(P78:P81) -> 91
B28: 11.30 - 11.45 | C28: 59 | D28: 5 | E28: 2 | F28: 3 | G28: 0 | H28: 0 | I28: 4 | J28: 2 | K28: 1 | L28: 0 | M28: 26 | N28: 0 | O28: =SUM(C28:L28,N28) -> 76 | P28: =SUM(C28:N28) -> 102 | R28: 0100-0200 | S28: =SUM(C82:C85) -> 17 | T28: =SUM(D82:D85) -> 5 | U28: =SUM(E82:E85) -> 2 | V28: =SUM(F82:F85) -> 3 | W28: =SUM(G82:G85) -> 0 | X28: =SUM(H82:H85) -> 0 | Y28: =SUM(I82:I85) -> 0 | Z28: =SUM(J82:J85) -> 1 | ... AF28: =SUM(P82:P85) -> 41
B29: 11.45 - 12.00 | C29: 53 | D29: 3 | E29: 2 | F29: 2 | G29: 0 | H29: 0 | I29: 4 | J29: 1 | K29: 0 | L29: 0 | M29: 33 | N29: 0 | O29: =SUM(C29:L29,N29) -> 65 | P29: =SUM(C29:N29) -> 98 | R29: 0200-0300 | S29: =SUM(C86:C89) -> 22 | T29: =SUM(D86:D89) -> 8 | U29: =SUM(E86:E89) -> 4 | V29: =SUM(F86:F89) -> 1 | W29: =SUM(G86:G89) -> 0 | X29: =SUM(H86:H89) -> 0 | Y29: =SUM(I86:I89) -> 0 | Z29: =SUM(J86:J89) -> 0 | ... AF29: =SUM(P86:P89) -> 46
B30: 12.00 - 12.15 | C30: 24 | D30: 1 | E30: 1 | F30: 1 | G30: 0 | H30: 0 | I30: 2 | J30: 2 | K30: 0 | L30: 0 | M30: 13 | N30: 0 | O30: =SUM(C30:L30,N30) -> 31 | P30: =SUM(C30:N30) -> 44 | R30: 0300-0400 | S30: =SUM(C90:C93) -> 4 | T30: =SUM(D90:D93) -> 4 | U30: =SUM(E90:E93) -> 0 | V30: =SUM(F90:F93) -> 2 | W30: =SUM(G90:G93) -> 2 | X30: =SUM(H90:H93) -> 1 | Y30: =SUM(I90:I93) -> 0 | Z30: =SUM(J90:J93) -> 2 | ... AF30: =SUM(P90:P93) -> 24
B31: 12.15 - 12.30 | C31: 56 | D31: 15 | E31: 4 | F31: 2 | G31: 0 | H31: 0 | I31: 6 | J31: 2 | K31: 0 | L31: 0 | M31: 28 | N31: 0 | O31: =SUM(C31:L31,N31) -> 85 | P31: =SUM(C31:N31) -> 113 | R31: 0400-0500 | S31: =SUM(C94:C97) -> 10 | T31: =SUM(D94:D97) -> 4 | U31: =SUM(E94:E97) -> 2 | V31: =SUM(F94:F97) -> 0 | W31: =SUM(G94:G97) -> 0 | X31: =SUM(H94:H97) -> 0 | Y31: =SUM(I94:I97) -> 1 | Z31: =SUM(J94:J97) -> 0 | ... AF31: =SUM(P94:P97) -> 22
B32: 12.30 - 12.45 | C32: 54 | D32: 3 | E32: 2 | F32: 1 | G32: 1 | H32: 0 | I32: 4 | J32: 3 | K32: 1 | L32: 0 | M32: 29 | N32: 0 | O32: =SUM(C32:L32,N32) -> 69 | P32: =SUM(C32:N32) -> 98 | R32: 0500-0600 | S32: =SUM(C98:C101) -> 5 | T32: =SUM(D98:D101) -> 1 | U32: =SUM(E98:E101) -> 1 | V32: =SUM(F98:F101) -> 0 | W32: =SUM(G98:G101) -> 0 | X32: =SUM(H98:H101) -> 0 | Y32: =SUM(I98:I101) -> 0 | Z32: =SUM(J98:J101) -> 0 | ... AF32: =SUM(P98:P101) -> 12
B33: 12.45 - 13.00 | C33: 49 | D33: 4 | E33: 2 | F33: 0 | G33: 0 | H33: 0 | I33: 1 | J33: 1 | K33: 1 | L33: 0 | M33: 37 | N33: 0 | O33: =SUM(C33:L33,N33) -> 58 | P33: =SUM(C33:N33) -> 95 | R33: 0600-0700 | S33: =SUM(C102:C105) -> 29 | T33: =SUM(D102:D105) -> 6 | U33: =SUM(E102:E105) -> 5 | V33: =SUM(F102:F105) -> 3 | W33: =SUM(G102:G105) -> 0 | X33: =SUM(H102:H105) -> 1 | Y33: =SUM(I102:I105) -> 0 | Z33: =SUM(J102:J105) -> 0 | ... AF33: =SUM(P102:P105) -> 68
B34: 13.00 - 13.15 | C34: 45 | D34: 3 | E34: 6 | F34: 1 | G34: 0 | H34: 0 | I34: 4 | J34: 2 | K34: 0 | L34: 0 | M34: 25 | N34: 0 | O34: =SUM(C34:L34,N34) -> 61 | P34: =SUM(C34:N34) -> 86 | R34: AM Peak Hr | S34: =MAX(S10:S12) -> 157 | T34: =MAX(T10:T12) -> 8 | U34: =MAX(U10:U12) -> 17 | V34: =MAX(V10:V12) -> 9 | W34: =MAX(W10:W12) -> 2 | X34: =MAX(X10:X12) -> 1 | Y34: =MAX(Y10:Y12) -> 12 | Z34: =MAX(Z10:Z12) -> 8 | ... AF34: =MAX(AF10:AF12) -> 367
B35: 13.15 - 13.30 | C35: 41 | D35: 7 | E35: 5 | F35: 2 | G35: 0 | H35: 0 | I35: 2 | J35: 0 | K35: 0 | L35: 0 | M35: 32 | N35: 0 | O35: =SUM(C35:L35,N35) -> 57 | P35: =SUM(C35:N35) -> 89 | R35: IP Peak Hr | S35: =MAX(S13:S18) -> 291 | T35: =MAX(T13:T18) -> 23 | U35: =MAX(U13:U18) -> 31 | V35: =MAX(V13:V18) -> 7 | W35: =MAX(W13:W18) -> 5 | X35: =MAX(X13:X18) -> 1 | Y35: =MAX(Y13:Y18) -> 21 | Z35: =MAX(Z13:Z18) -> 8 | ... AF35: =MAX(AF13:AF18) -> 495
B36: 13.30 - 13.45 | C36: 61 | D36: 3 | E36: 6 | F36: 2 | G36: 0 | H36: 0 | I36: 2 | J36: 3 | K36: 2 | L36: 0 | M36: 41 | N36: 0 | O36: =SUM(C36:L36,N36) -> 79 | P36: =SUM(C36:N36) -> 120 | R36: PM Peak Hr | S36: =MAX(S19:S21) -> 300 | T36: =MAX(T19:T21) -> 40 | U36: =MAX(U19:U21) -> 33 | V36: =MAX(V19:V21) -> 6 | W36: =MAX(W19:W21) -> 4 | X36: =MAX(X19:X21) -> 1 | Y36: =MAX(Y19:Y21) -> 18 | Z36: =MAX(Z19:Z21) -> 6 | ... AF36: =MAX(AF19:AF21) -> 493
B37: 13.45 - 14.00 | C37: 71 | D37: 6 | E37: 14 | F37: 0 | G37: 1 | H37: 0 | I37: 3 | J37: 3 | K37: 1 | L37: 0 | M37: 24 | N37: 0 | O37: =SUM(C37:L37,N37) -> 99 | P37: =SUM(C37:N37) -> 123 | R37: AM Period | S37: =SUM(S10:S12) -> 382 | T37: =SUM(T10:T12) -> 16 | U37: =SUM(U10:U12) -> 43 | V37: =SUM(V10:V12) -> 18 | W37: =SUM(W10:W12) -> 4 | X37: =SUM(X10:X12) -> 1 | Y37: =SUM(Y10:Y12) -> 27 | Z37: =SUM(Z10:Z12) -> 16 | ... AF37: =SUM(AF10:AF12) -> 946
B38: 14.00 - 14.15 | C38: 60 | D38: 8 | E38: 3 | F38: 1 | G38: 0 | H38: 0 | I38: 7 | J38: 1 | K38: 4 | L38: 0 | M38: 45 | N38: 0 | O38: =SUM(C38:L38,N38) -> 84 | P38: =SUM(C38:N38) -> 129 | R38: IP Period | S38: =SUM(S13:S18) -> 1286 | T38: =SUM(T13:T18) -> 89 | U38: =SUM(U13:U18) -> 100 | V38: =SUM(V13:V18) -> 26 | W38: =SUM(W13:W18) -> 10 | X38: =SUM(X13:X18) -> 1 | Y38: =SUM(Y13:Y18) -> 70 | Z38: =SUM(Z13:Z18) -> 38 | ... AF38: =SUM(AF13:AF18) -> 2354
B39: 14.15 - 14.30 | C39: 45 | D39: 3 | E39: 6 | F39: 1 | G39: 0 | H39: 0 | I39: 2 | J39: 1 | K39: 0 | L39: 0 | M39: 53 | N39: 0 | O39: =SUM(C39:L39,N39) -> 58 | P39: =SUM(C39:N39) -> 111 | R39: PM Period | S39: =SUM(S19:S21) -> 814 | T39: =SUM(T19:T21) -> 57 | U39: =SUM(U19:U21) -> 86 | V39: =SUM(V19:V21) -> 12 | W39: =SUM(W19:W21) -> 5 | X39: =SUM(X19:X21) -> 1 | Y39: =SUM(Y19:Y21) -> 47 | Z39: =SUM(Z19:Z21) -> 12 | ... AF39: =SUM(AF19:AF21) -> 1430
B40: 14.30 - 14.45 | C40: 68 | D40: 5 | E40: 9 | F40: 0 | G40: 3 | H40: 0 | I40: 7 | J40: 3 | K40: 0 | L40: 0 | M40: 33 | N40: 0 | O40: =SUM(C40:L40,N40) -> 95 | P40: =SUM(C40:N40) -> 128 | R40: 12 Hours | S40: =SUM(S10:S21) -> 2482 | T40: =SUM(T10:T21) -> 162 | U40: =SUM(U10:U21) -> 229 | V40: =SUM(V10:V21) -> 56 | W40: =SUM(W10:W21) -> 19 | X40: =SUM(X10:X21) -> 3 | Y40: =SUM(Y10:Y21) -> 144 | Z40: =SUM(Z10:Z21) -> 66 | ... AF40: =SUM(AF10:AF21) -> 4730
B41: 14.45 - 15.00 | C41: 75 | D41: 7 | E41: 6 | F41: 2 | G41: 2 | H41: 1 | I41: 5 | J41: 1 | K41: 0 | L41: 0 | M41: 28 | N41: 0 | O41: =SUM(C41:L41,N41) -> 99 | P41: =SUM(C41:N41) -> 127 | R41: 24 Hrs/ADT | S41: =SUM(S10:S33) -> 3233 | T41: =SUM(T10:T33) -> 359 | U41: =SUM(U10:U33) -> 301 | V41: =SUM(V10:V33) -> 93 | W41: =SUM(W10:W33) -> 28 | X41: =SUM(X10:X33) -> 6 | Y41: =SUM(Y10:Y33) -> 178 | Z41: =SUM(Z10:Z33) -> 82 | ... AF41: =SUM(AF10:AF33) -> 6347
B42: 15.00 - 15.15 | C42: 78 | D42: 6 | E42: 4 | F42: 1 | G42: 0 | H42: 0 | I42: 2 | J42: 0 | K42: 0 | L42: 0 | M42: 34 | N42: 0 | O42: =SUM(C42:L42,N42) -> 91 | P42: =SUM(C42:N42) -> 125 | R42: NEF | S42: =S41/S40 -> 1.3025786 | T42: =T41/T40 -> 2.2160494 | U42: =U41/U40 -> 1.3144105 | V42: =V41/V40 -> 1.6607143 | W42: =W41/W40 -> 1.4736842 | X42: =X41/X40 -> 2 | Y42: =Y41/Y40 -> 1.2361111 | Z42: =Z41/Z40 -> 1.2424242 | ... AF42: =AF41/AF40 -> 1.3418605
B43: 15.15 - 15.30 | C43: 74 | D43: 2 | E43: 5 | F43: 0 | G43: 0 | H43: 0 | I43: 2 | J43: 1 | K43: 1 | L43: 0 | M43: 29 | N43: 0 | O43: =SUM(C43:L43,N43) -> 85 | P43: =SUM(C43:N43) -> 114
B44: 15.30 - 15.45 | C44: 45 | D44: 0 | E44: 3 | F44: 0 | G44: 0 | H44: 0 | I44: 4 | J44: 2 | K44: 0 | L44: 0 | M44: 13 | N44: 0 | O44: =SUM(C44:L44,N44) -> 54 | P44: =SUM(C44:N44) -> 67
B45: 15.45 - 16.00 | C45: 94 | D45: 0 | E45: 5 | F45: 0 | G45: 2 | H45: 0 | I45: 1 | J45: 0 | K45: 0 | L45: 0 | M45: 15 | N45: 0 | O45: =SUM(C45:L45,N45) -> 102 | P45: =SUM(C45:N45) -> 117
B46: 16.00 - 16.15 | C46: 93 | D46: 1 | E46: 5 | F46: 0 | G46: 0 | H46: 0 | I46: 3 | J46: 0 | K46: 0 | L46: 0 | M46: 20 | N46: 0 | O46: =SUM(C46:L46,N46) -> 102 | P46: =SUM(C46:N46) -> 122
B47: 16.15 -16.30 | C47: 59 | D47: 1 | E47: 4 | F47: 1 | G47: 0 | H47: 0 | I47: 4 | J47: 2 | K47: 0 | L47: 0 | M47: 17 | N47: 0 | O47: =SUM(C47:L47,N47) -> 71 | P47: =SUM(C47:N47) -> 88
B48: 16.30 -16.45 | C48: 83 | D48: 4 | E48: 11 | F48: 1 | G48: 0 | H48: 0 | I48: 3 | J48: 2 | K48: 0 | L48: 0 | M48: 43 | N48: 0 | O48: =SUM(C48:L48,N48) -> 104 | P48: =SUM(C48:N48) -> 147
B49: 16.45 -17.00 | C49: 65 | D49: 3 | E49: 3 | F49: 0 | G49: 0 | H49: 0 | I49: 3 | J49: 0 | K49: 3 | L49: 0 | M49: 33 | N49: 0 | O49: =SUM(C49:L49,N49) -> 77 | P49: =SUM(C49:N49) -> 110
B50: 17.00 -17.15 | C50: 70 | D50: 11 | E50: 6 | F50: 0 | G50: 1 | H50: 0 | I50: 8 | J50: 3 | K50: 0 | L50: 0 | M50: 32 | N50: 0 | O50: =SUM(C50:L50,N50) -> 99 | P50: =SUM(C50:N50) -> 131
B51: 17.15 -17.30 | C51: 60 | D51: 3 | E51: 4 | F51: 1 | G51: 2 | H51: 0 | I51: 2 | J51: 0 | K51: 0 | L51: 0 | M51: 27 | N51: 0 | O51: =SUM(C51:L51,N51) -> 72 | P51: =SUM(C51:N51) -> 99
B52: 17.30 -17.45 | C52: 61 | D52: 12 | E52: 8 | F52: 2 | G52: 1 | H52: 0 | I52: 4 | J52: 3 | K52: 0 | L52: 0 | M52: 28 | N52: 0 | O52: =SUM(C52:L52,N52) -> 91 | P52: =SUM(C52:N52) -> 119
B53: 17.45 -18.00 | C53: 60 | D53: 14 | E53: 12 | F53: 1 | G53: 0 | H53: 1 | I53: 4 | J53: 0 | K53: 0 | L53: 0 | M53: 29 | N53: 0 | O53: =SUM(C53:L53,N53) -> 92 | P53: =SUM(C53:N53) -> 121
B54: 18.00 - 18.15 | C54: 68 | D54: 1 | E54: 5 | F54: 0 | G54: 0 | H54: 0 | I54: 9 | J54: 0 | K54: 0 | L54: 0 | M54: 30 | N54: 0 | O54: =SUM(C54:L54,N54) -> 83 | P54: =SUM(C54:N54) -> 113
... B105: 06.45 - 07.00 | C105: 14 | D105: 1 | E105: 1 | F105: 2 | G105: 0 | H105: 0 | I105: 0 | J105: 0 | K105: 0 | L105: 0 | M105: 9 | N105: 0 | O105: =SUM(C105:L105,N105) -> 18 | P105: =SUM(C105:N105) -> 27
B106: Totals | C106: =SUM(C10:C105) -> 3233 | D106: =SUM(D10:D105) -> 359 | E106: =SUM(E10:E105) -> 301 | F106: =SUM(F10:F105) -> 93 | G106: =SUM(G10:G105) -> 28 | H106: =SUM(H10:H105) -> 6 | I106: =SUM(I10:I105) -> 178 | J106: =SUM(J10:J105) -> 82 | ... P106: =SUM(P10:P105) -> 6347
B107: %ges + MCs | C107: =C106/$P$106 -> 0.50937451 | D107: =D106/$P$106 -> 0.056562155 | E107: =E106/$P$106 -> 0.04742398 | F107: =F106/$P$106 -> 0.014652592 | G107: =G106/$P$106 -> 0.004411533 | H107: =H106/$P$106 -> 0.0009453285 | I107: =I106/$P$106 -> 0.028044746 | J107: =J106/$P$106 -> 0.01291949 | ... N107: =N106/$P$106 -> 0.00015755475
B108: %ges w/o MCs | C108: =C106/$O$106 -> 0.75081282 | D108: =D106/$O$106 -> 0.083372039 | E108: =E106/$O$106 -> 0.069902462 | F108: =F106/$O$106 -> 0.021597771 | G108: =G106/$O$106 -> 0.0065025546 | H108: =H106/$O$106 -> 0.0013934046 | I108: =I106/$O$106 -> 0.041337668 | J108: =J106/$O$106 -> 0.019043196 | ... L108: =L106/$O$106 -> 0 | N108: =N106/$O$106 -> 0.00023223409

Sheet 28.09 Bweya-Kajansi-24h
B1: Consultancy services for Preparation of Expressway Development Master Plan (EDMP) for Uganda
B2: MANUAL CLASSIFIED COUNT (MCC)
B3: ROAD NAME: | C3: ='[2]23.09.19 Bweya- Kajansi'!C3:G3 -> MCC-C2-STNO 56 -Munyonyo spur
C5: Date | D5: 28.09.19 | F5: Location | G5: ='[2]27.09 Kajansi-Bweya-24h'!G5:H5 -> Munyonyo Spur RD | J5: Surveyor | K5: ='[2]27.09 Kajansi-Bweya-24h'!K5:L5 -> Akello Rosette / Kasoma John Paul
C6: Dir. From | D6: ='[2]23.09.19 Bweya- Kajansi'!D6:E6 -> BWEYA | F6: Dir. To | G6: ='[2]23.09.19 Bweya- Kajansi'!G6:H6 -> KAJANSI | J6: Supervisor | K6: ='[2]27.09 Kajansi-Bweya-24h'!K6:L6 -> Beatrice
B8: Time / Veh Type | R8: SUMMARY TRAFFIC VOLUMES
C9: 1. Car | D9: 2. Station Wagon | E9: 3. Pickups | F9: 4. Minibus, matatu | G9: 5. Medium bus | H9: 6. Large Bus | I9: 7. Light Truck | J9: 8. Medium Truck | K9: 9. Heavy truck | L9: 10. Truck Trailer | M9: 11. Motor cycles | N9: 12. Tractors | O9: Total Excl M/Cycles | P9: Total All | R9: Time | S9: 1. Car | T9: 2. Station Wagon | U9: 3. Pickups | V9: 4. Minibus, matatu | W9: 5. Medium bus | X9: 6. Large Bus | Y9: 7. Light Truck | Z9: 8. Medium Truck | AA9: 9. Heavy truck | AB9: 10. Truck Trailer | AC9: 11. Motorcycles | AD9: 12. Tractors, Graders | AE9: Total Excl M/ Cycles | AF9: Total All
B10: 07.00 - 07.15 | C10: 17 | D10: 2 | E10: 1 | F10: 4 | G10: 0 | H10: 0 | I10: 1 | J10: 0 | K10: 0 | L10: 0 | M10: 26 | N10: 0 | O10: =SUM(C10:L10,N10) -> 25 | P10: =SUM(C10:N10) -> 51 | R10: 0700-0800 | S10: =SUM(C10:C13) -> 83 | T10: =SUM(D10:D13) -> 21 | U10: =SUM(E10:E13) -> 6 | V10: =SUM(F10:F13) -> 7 | W10: =SUM(G10:G13) -> 0 | X10: =SUM(H10:H13) -> 1 | Y10: =SUM(I10:I13) -> 6 | Z10: =SUM(J10:J13) -> 1 | ... AF10: =SUM(P10:P13) -> 249
B11: 07.15 - 07.30 | C11: 25 | D11: 7 | E11: 1 | F11: 1 | G11: 0 | H11: 0 | I11: 3 | J11: 1 | K11: 0 | L11: 0 | M11: 33 | N11: 0 | O11: =SUM(C11:L11,N11) -> 38 | P11: =SUM(C11:N11) -> 71 | R11: 0800-0900 | S11: =SUM(C14:C17) -> 107 | T11: =SUM(D14:D17) -> 40 | U11: =SUM(E14:E17) -> 10 | V11: =SUM(F14:F17) -> 7 | W11: =SUM(G14:G17) -> 2 | X11: =SUM(H14:H17) -> 0 | Y11: =SUM(I14:I17) -> 8 | Z11: =SUM(J14:J17) -> 2 | ... AF11: =SUM(P14:P17) -> 370
B12: 07.30 - 07.45 | C12: 20 | D12: 5 | E12: 1 | F12: 2 | G12: 0 | H12: 0 | I12: 1 | J12: 0 | K12: 0 | L12: 0 | M12: 36 | N12: 0 | O12: =SUM(C12:L12,N12) -> 29 | P12: =SUM(C12:N12) -> 65 | R12: 0900-1000 | S12: =SUM(C18:C21) -> 101 | T12: =SUM(D18:D21) -> 35 | U12: =SUM(E18:E21) -> 16 | V12: =SUM(F18:F21) -> 8 | W12: =SUM(G18:G21) -> 2 | X12: =SUM(H18:H21) -> 0 | Y12: =SUM(I18:I21) -> 18 | Z12: =SUM(J18:J21) -> 1 | ... AF12: =SUM(P18:P21) -> 351
B13: 07.45 - 08.00 | C13: 21 | D13: 7 | E13: 3 | F13: 0 | G13: 0 | H13: 1 | I13: 1 | J13: 0 | K13: 0 | L13: 0 | M13: 29 | N13: 0 | O13: =SUM(C13:L13,N13) -> 33 | P13: =SUM(C13:N13) -> 62 | R13: 1000-1100 | S13: =SUM(C22:C25) -> 133 | T13: =SUM(D22:D25) -> 60 | U13: =SUM(E22:E25) -> 14 | V13: =SUM(F22:F25) -> 7 | W13: =SUM(G22:G25) -> 1 | X13: =SUM(H22:H25) -> 0 | Y13: =SUM(I22:I25) -> 18 | Z13: =SUM(J22:J25) -> 1 | ... AF13: =SUM(P22:P25) -> 392
B14: 08.00 - 08.15 | C14: 30 | D14: 12 | E14: 3 | F14: 3 | G14: 1 | H14: 0 | I14: 3 | J14: 0 | K14: 1 | L14: 0 | M14: 40 | N14: 0 | O14: =SUM(C14:L14,N14) -> 53 | P14: =SUM(C14:N14) -> 93 | R14: 1100-1200 | S14: =SUM(C26:C29) -> 172 | T14: =SUM(D26:D29) -> 67 | U14: =SUM(E26:E29) -> 14 | V14: =SUM(F26:F29) -> 13 | W14: =SUM(G26:G29) -> 0 | X14: =SUM(H26:H29) -> 1 | Y14: =SUM(I26:I29) -> 15 | Z14: =SUM(J26:J29) -> 1 | ... AF14: =SUM(P26:P29) -> 431
B15: 08.15 - 08.30 | C15: 25 | D15: 7 | E15: 3 | F15: 1 | G15: 0 | H15: 0 | I15: 3 | J15: 1 | K15: 1 | L15: 0 | M15: 61 | N15: 0 | O15: =SUM(C15:L15,N15) -> 41 | P15: =SUM(C15:N15) -> 102 | R15: 1200-1300 | S15: =SUM(C30:C33) -> 144 | T15: =SUM(D30:D33) -> 59 | U15: =SUM(E30:E33) -> 16 | V15: =SUM(F30:F33) -> 10 | W15: =SUM(G30:G33) -> 0 | X15: =SUM(H30:H33) -> 1 | Y15: =SUM(I30:I33) -> 15 | Z15: =SUM(J30:J33) -> 1 | ... AF15: =SUM(P30:P33) -> 389
B16: 08.30 - 08.45 | C16: 22 | D16: 11 | E16: 2 | F16: 1 | G16: 0 | H16: 0 | I16: 0 | J16: 0 | K16: 0 | L16: 0 | M16: 49 | N16: 0 | O16: =SUM(C16:L16,N16) -> 36 | P16: =SUM(C16:N16) -> 85 | R16: 1300-1400 | S16: =SUM(C34:C37) -> 165 | T16: =SUM(D34:D37) -> 50 | U16: =SUM(E34:E37) -> 22 | V16: =SUM(F34:F37) -> 10 | W16: =SUM(G34:G37) -> 1 | X16: =SUM(H34:H37) -> 3 | Y16: =SUM(I34:I37) -> 24 | Z16: =SUM(J34:J37) -> 1 | ... AF16: =SUM(P34:P37) -> 415
B17: 08.45 - 9.00 | C17: 30 | D17: 10 | E17: 2 | F17: 2 | G17: 1 | H17: 0 | I17: 2 | J17: 1 | K17: 0 | L17: 0 | M17: 42 | N17: 0 | O17: =SUM(C17:L17,N17) -> 48 | P17: =SUM(C17:N17) -> 90 | R17: 1400-1500 | S17: =SUM(C38:C41) -> 164 | T17: =SUM(D38:D41) -> 46 | U17: =SUM(E38:E41) -> 16 | V17: =SUM(F38:F41) -> 7 | W17: =SUM(G38:G41) -> 0 | X17: =SUM(H38:H41) -> 1 | Y17: =SUM(I38:I41) -> 22 | Z17: =SUM(J38:J41) -> 2 | ... AF17: =SUM(P38:P41) -> 397
B18: 09.00 - 09.15 | C18: 28 | D18: 10 | E18: 4 | F18: 2 | G18: 1 | H18: 0 | I18: 5 | J18: 0 | K18: 0 | L18: 0 | M18: 38 | N18: 0 | O18: =SUM(C18:L18,N18) -> 50 | P18: =SUM(C18:N18) -> 88 | R18: 1500-1600 | S18: =SUM(C42:C45) -> 147 | T18: =SUM(D42:D45) -> 44 | U18: =SUM(E42:E45) -> 20 | V18: =SUM(F42:F45) -> 9 | W18: =SUM(G42:G45) -> 1 | X18: =SUM(H42:H45) -> 1 | Y18: =SUM(I42:I45) -> 17 | Z18: =SUM(J42:J45) -> 1 | ... AF18: =SUM(P42:P45) -> 357
B19: 09.15 - 09.30 | C19: 17 | D19: 4 | E19: 5 | F19: 3 | G19: 0 | H19: 0 | I19: 5 | J19: 0 | K19: 0 | L19: 0 | M19: 54 | N19: 0 | O19: =SUM(C19:L19,N19) -> 34 | P19: =SUM(C19:N19) -> 88 | R19: 1600-1700 | S19: =SUM(C46:C49) -> 163 | T19: =SUM(D46:D49) -> 29 | U19: =SUM(E46:E49) -> 19 | V19: =SUM(F46:F49) -> 4 | W19: =SUM(G46:G49) -> 2 | X19: =SUM(H46:H49) -> 0 | Y19: =SUM(I46:I49) -> 23 | Z19: =SUM(J46:J49) -> 5 | ... AF19: =SUM(P46:P49) -> 412
B20: 09.30 - 09.45 | C20: 26 | D20: 10 | E20: 3 | F20: 0 | G20: 0 | H20: 0 | I20: 4 | J20: 0 | K20: 1 | L20: 0 | M20: 43 | N20: 0 | O20: =SUM(C20:L20,N20) -> 44 | P20: =SUM(C20:N20) -> 87 | R20: 1700-1800 | S20: =SUM(C50:C53) -> 167 | T20: =SUM(D50:D53) -> 33 | U20: =SUM(E50:E53) -> 11 | V20: =SUM(F50:F53) -> 4 | W20: =SUM(G50:G53) -> 2 | X20: =SUM(H50:H53) -> 1 | Y20: =SUM(I50:I53) -> 12 | Z20: =SUM(J50:J53) -> 6 | ... AF20: =SUM(P50:P53) -> 364
B21: 09.45 - 10.00 | C21: 30 | D21: 11 | E21: 4 | F21: 3 | G21: 1 | H21: 0 | I21: 4 | J21: 1 | K21: 0 | L21: 0 | M21: 34 | N21: 0 | O21: =SUM(C21:L21,N21) -> 54 | P21: =SUM(C21:N21) -> 88 | R21: 1800-1900 | S21: =SUM(C54:C57) -> 173 | T21: =SUM(D54:D57) -> 54 | U21: =SUM(E54:E57) -> 18 | V21: =SUM(F54:F57) -> 4 | W21: =SUM(G54:G57) -> 0 | X21: =SUM(H54:H57) -> 0 | Y21: =SUM(I54:I57) -> 13 | Z21: =SUM(J54:J57) -> 0 | ... AF21: =SUM(P54:P57) -> 417
B22: 10.00 - 10.15 | C22: 27 | D22: 15 | E22: 1 | F22: 1 | G22: 0 | H22: 0 | I22: 5 | J22: 0 | K22: 0 | L22: 0 | M22: 36 | N22: 0 | O22: =SUM(C22:L22,N22) -> 49 | P22: =SUM(C22:N22) -> 85 | R22: 1900-2000 | S22: =SUM(C58:C61) -> 182 | T22: =SUM(D58:D61) -> 46 | U22: =SUM(E58:E61) -> 16 | V22: =SUM(F58:F61) -> 4 | W22: =SUM(G58:G61) -> 1 | X22: =SUM(H58:H61) -> 1 | Y22: =SUM(I58:I61) -> 18 | Z22: =SUM(J58:J61) -> 0 | ... AF22: =SUM(P58:P61) -> 403
B23: 10.15 - 10.30 | C23: 42 | D23: 17 | E23: 5 | F23: 0 | G23: 1 | H23: 0 | I23: 6 | J23: 0 | K23: 0 | L23: 0 | M23: 34 | N23: 0 | O23: =SUM(C23:L23,N23) -> 71 | P23: =SUM(C23:N23) -> 105 | R23: 2000-2100 | S23: =SUM(C62:C65) -> 169 | T23: =SUM(D62:D65) -> 40 | U23: =SUM(E62:E65) -> 15 | V23: =SUM(F62:F65) -> 8 | W23: =SUM(G62:G65) -> 0 | X23: =SUM(H62:H65) -> 0 | Y23: =SUM(I62:I65) -> 7 | Z23: =SUM(J62:J65) -> 0 | ... AF23: =SUM(P62:P65) -> 383
B24: 10.30 - 10.45 | C24: 25 | D24: 9 | E24: 4 | F24: 4 | G24: 0 | H24: 0 | I24: 3 | J24: 1 | K24: 0 | L24: 0 | M24: 45 | N24: 0 | O24: =SUM(C24:L24,N24) -> 46 | P24: =SUM(C24:N24) -> 91 | R24: 2100-2200 | S24: =SUM(C66:C69) -> 191 | T24: =SUM(D66:D69) -> 40 | U24: =SUM(E66:E69) -> 20 | V24: =SUM(F66:F69) -> 7 | W24: =SUM(G66:G69) -> 2 | X24: =SUM(H66:H69) -> 1 | Y24: =SUM(I66:I69) -> 9 | Z24: =SUM(J66:J69) -> 1 | ... AF24: =SUM(P66:P69) -> 352
B25: 10.45 - 11.00 | C25: 39 | D25: 19 | E25: 4 | F25: 2 | G25: 0 | H25: 0 | I25: 4 | J25: 0 | K25: 1 | L25: 0 | M25: 42 | N25: 0 | O25: =SUM(C25:L25,N25) -> 69 | P25: =SUM(C25:N25) -> 111 | R25: 2200-2300 | S25: =SUM(C70:C73) -> 141 | T25: =SUM(D70:D73) -> 44 | U25: =SUM(E70:E73) -> 10 | V25: =SUM(F70:F73) -> 9 | W25: =SUM(G70:G73) -> 1 | X25: =SUM(H70:H73) -> 0 | Y25: =SUM(I70:I73) -> 5 | Z25: =SUM(J70:J73) -> 0 | ... AF25: =SUM(P70:P73) -> 261
B26: 11.00 - 11.15 | C26: 42 | D26: 11 | E26: 5 | F26: 2 | G26: 0 | H26: 0 | I26: 4 | J26: 0 | K26: 0 | L26: 1 | M26: 41 | N26: 0 | O26: =SUM(C26:L26,N26) -> 65 | P26: =SUM(C26:N26) -> 106 | R26: 2300-0000 | S26: =SUM(C74:C77) -> 108 | T26: =SUM(D74:D77) -> 40 | U26: =SUM(E74:E77) -> 17 | V26: =SUM(F74:F77) -> 9 | W26: =SUM(G74:G77) -> 0 | X26: =SUM(H74:H77) -> 2 | Y26: =SUM(I74:I77) -> 6 | Z26: =SUM(J74:J77) -> 0 | ... AF26: =SUM(P74:P77) -> 225
B27: 11.15 - 11.30 | C27: 34 | D27: 17 | E27: 0 | F27: 2 | G27: 0 | H27: 1 | I27: 4 | J27: 0 | K27: 0 | L27: 0 | M27: 31 | N27: 0 | O27: =SUM(C27:L27,N27) -> 58 | P27: =SUM(C27:N27) -> 89 | R27: 0000-0100 | S27: =SUM(C78:C81) -> 61 | T27: =SUM(D78:D81) -> 20 | U27: =SUM(E78:E81) -> 8 | V27: =SUM(F78:F81) -> 3 | W27: =SUM(G78:G81) -> 0 | X27: =SUM(H78:H81) -> 0 | Y27: =SUM(I78:I81) -> 1 | Z27: =SUM(J78:J81) -> 0 | ... AF27: =SUM(P78:P81) -> 117
B28: 11.30 - 11.45 | C28: 55 | D28: 26 | E28: 3 | F28: 5 | G28: 0 | H28: 0 | I28: 4 | J28: 0 | K28: 0 | L28: 0 | M28: 35 | N28: 0 | O28: =SUM(C28:L28,N28) -> 93 | P28: =SUM(C28:N28) -> 128 | R28: 0100-0200 | S28: =SUM(C82:C85) -> 31 | T28: =SUM(D82:D85) -> 11 | U28: =SUM(E82:E85) -> 4 | V28: =SUM(F82:F85) -> 1 | W28: =SUM(G82:G85) -> 0 | X28: =SUM(H82:H85) -> 0 | Y28: =SUM(I82:I85) -> 4 | Z28: =SUM(J82:J85) -> 0 | ... AF28: =SUM(P82:P85) -> 65
B29: 11.45 - 12.00 | C29: 41 | D29: 13 | E29: 6 | F29: 4 | G29: 0 | H29: 0 | I29: 3 | J29: 1 | K29: 1 | L29: 0 | M29: 39 | N29: 0 | O29: =SUM(C29:L29,N29) -> 69 | P29: =SUM(C29:N29) -> 108 | R29: 0200-0300 | S29: =SUM(C86:C89) -> 13 | T29: =SUM(D86:D89) -> 10 | U29: =SUM(E86:E89) -> 2 | V29: =SUM(F86:F89) -> 1 | W29: =SUM(G86:G89) -> 1 | X29: =SUM(H86:H89) -> 1 | Y29: =SUM(I86:I89) -> 1 | Z29: =SUM(J86:J89) -> 0 | ... AF29: =SUM(P86:P89) -> 42
B30: 12.00 - 12.15 | C30: 32 | D30: 16 | E30: 3 | F30: 1 | G30: 0 | H30: 0 | I30: 4 | J30: 0 | K30: 0 | L30: 0 | M30: 32 | N30: 0 | O30: =SUM(C30:L30,N30) -> 56 | P30: =SUM(C30:N30) -> 88 | R30: 0300-0400 | S30: =SUM(C90:C93) -> 6 | T30: =SUM(D90:D93) -> 3 | U30: =SUM(E90:E93) -> 1 | V30: =SUM(F90:F93) -> 0 | W30: =SUM(G90:G93) -> 0 | X30: =SUM(H90:H93) -> 0 | Y30: =SUM(I90:I93) -> 1 | Z30: =SUM(J90:J93) -> 0 | ... AF30: =SUM(P90:P93) -> 16
B31: 12.15 - 12.30 | C31: 50 | D31: 14 | E31: 5 | F31: 4 | G31: 0 | H31: 1 | I31: 3 | J31: 0 | K31: 2 | L31: 0 | M31: 36 | N31: 0 | O31: =SUM(C31:L31,N31) -> 79 | P31: =SUM(C31:N31) -> 115 | R31: 0400-0500 | S31: =SUM(C94:C97) -> 12 | T31: =SUM(D94:D97) -> 9 | U31: =SUM(E94:E97) -> 3 | V31: =SUM(F94:F97) -> 1 | W31: =SUM(G94:G97) -> 0 | X31: =SUM(H94:H97) -> 0 | Y31: =SUM(I94:I97) -> 2 | Z31: =SUM(J94:J97) -> 0 | ... AF31: =SUM(P94:P97) -> 34
B32: 12.30 - 12.45 | C32: 28 | D32: 14 | E32: 2 | F32: 1 | G32: 0 | H32: 0 | I32: 5 | J32: 1 | K32: 0 | L32: 0 | M32: 42 | N32: 0 | O32: =SUM(C32:L32,N32) -> 51 | P32: =SUM(C32:N32) -> 93 | R32: 0500-0600 | S32: =SUM(C98:C101) -> 7 | T32: =SUM(D98:D101) -> 1 | U32: =SUM(E98:E101) -> 0 | V32: =SUM(F98:F101) -> 2 | W32: =SUM(G98:G101) -> 1 | X32: =SUM(H98:H101) -> 0 | Y32: =SUM(I98:I101) -> 5 | Z32: =SUM(J98:J101) -> 0 | ... AF32: =SUM(P98:P101) -> 28
B33: 12.45 - 13.00 | C33: 34 | D33: 15 | E33: 6 | F33: 4 | G33: 0 | H33: 0 | I33: 3 | J33: 0 | K33: 0 | L33: 0 | M33: 31 | N33: 0 | O33: =SUM(C33:L33,N33) -> 62 | P33: =SUM(C33:N33) -> 93 | R33: 0600-0700 | S33: =SUM(C102:C105) -> 18 | T33: =SUM(D102:D105) -> 7 | U33: =SUM(E102:E105) -> 2 | V33: =SUM(F102:F105) -> 4 | W33: =SUM(G102:G105) -> 1 | X33: =SUM(H102:H105) -> 2 | Y33: =SUM(I102:I105) -> 4 | Z33: =SUM(J102:J105) -> 1 | ... AF33: =SUM(P102:P105) -> 97
B34: 13.00 - 13.15 | C34: 33 | D34: 8 | E34: 7 | F34: 2 | G34: 0 | H34: 0 | I34: 10 | J34: 0 | K34: 0 | L34: 0 | M34: 35 | N34: 0 | O34: =SUM(C34:L34,N34) -> 60 | P34: =SUM(C34:N34) -> 95 | R34: AM Peak Hr | S34: =MAX(S10:S12) -> 107 | T34: =MAX(T10:T12) -> 40 | U34: =MAX(U10:U12) -> 16 | V34: =MAX(V10:V12) -> 8 | W34: =MAX(W10:W12) -> 2 | X34: =MAX(X10:X12) -> 1 | Y34: =MAX(Y10:Y12) -> 18 | Z34: =MAX(Z10:Z12) -> 2 | ... AF34: =MAX(AF10:AF12) -> 370
B35: 13.15 - 13.30 | C35: 48 | D35: 19 | E35: 6 | F35: 4 | G35: 1 | H35: 2 | I35: 5 | J35: 1 | K35: 1 | L35: 0 | M35: 29 | N35: 0 | O35: =SUM(C35:L35,N35) -> 87 | P35: =SUM(C35:N35) -> 116 | R35: IP Peak Hr | S35: =MAX(S13:S18) -> 172 | T35: =MAX(T13:T18) -> 67 | U35: =MAX(U13:U18) -> 22 | V35: =MAX(V13:V18) -> 13 | W35: =MAX(W13:W18) -> 1 | X35: =MAX(X13:X18) -> 3 | Y35: =MAX(Y13:Y18) -> 24 | Z35: =MAX(Z13:Z18) -> 2 | ... AF35: =MAX(AF13:AF18) -> 431
B36: 13.30 - 13.45 | C36: 45 | D36: 13 | E36: 5 | F36: 1 | G36: 0 | H36: 1 | I36: 3 | J36: 0 | K36: 0 | L36: 0 | M36: 39 | N36: 0 | O36: =SUM(C36:L36,N36) -> 68 | P36: =SUM(C36:N36) -> 107 | R36: PM Peak Hr | S36: =MAX(S19:S21) -> 173 | T36: =MAX(T19:T21) -> 54 | U36: =MAX(U19:U21) -> 19 | V36: =MAX(V19:V21) -> 4 | W36: =MAX(W19:W21) -> 2 | X36: =MAX(X19:X21) -> 1 | Y36: =MAX(Y19:Y21) -> 23 | Z36: =MAX(Z19:Z21) -> 6 | ... AF36: =MAX(AF19:AF21) -> 417
B37: 13.45 - 14.00 | C37: 39 | D37: 10 | E37: 4 | F37: 3 | G37: 0 | H37: 0 | I37: 6 | J37: 0 | K37: 1 | L37: 0 | M37: 34 | N37: 0 | O37: =SUM(C37:L37,N37) -> 63 | P37: =SUM(C37:N37) -> 97 | R37: AM Period | S37: =SUM(S10:S12) -> 291 | T37: =SUM(T10:T12) -> 96 | U37: =SUM(U10:U12) -> 32 | V37: =SUM(V10:V12) -> 22 | W37: =SUM(W10:W12) -> 4 | X37: =SUM(X10:X12) -> 1 | Y37: =SUM(Y10:Y12) -> 32 | Z37: =SUM(Z10:Z12) -> 4 | ... AF37: =SUM(AF10:AF12) -> 970
B38: 14.00 - 14.15 | C38: 49 | D38: 14 | E38: 2 | F38: 1 | G38: 0 | H38: 1 | I38: 5 | J38: 0 | K38: 1 | L38: 0 | M38: 39 | N38: 0 | O38: =SUM(C38:L38,N38) -> 73 | P38: =SUM(C38:N38) -> 112 | R38: IP Period | S38: =SUM(S13:S18) -> 925 | T38: =SUM(T13:T18) -> 326 | U38: =SUM(U13:U18) -> 102 | V38: =SUM(V13:V18) -> 56 | W38: =SUM(W13:W18) -> 3 | X38: =SUM(X13:X18) -> 7 | Y38: =SUM(Y13:Y18) -> 111 | Z38: =SUM(Z13:Z18) -> 7 | ... AF38: =SUM(AF13:AF18) -> 2381
B39: 14.15 - 14.30 | C39: 39 | D39: 11 | E39: 8 | F39: 2 | G39: 0 | H39: 0 | I39: 3 | J39: 1 | K39: 0 | L39: 0 | M39: 37 | N39: 0 | O39: =SUM(C39:L39,N39) -> 64 | P39: =SUM(C39:N39) -> 101 | R39: PM Period | S39: =SUM(S19:S21) -> 503 | T39: =SUM(T19:T21) -> 116 | U39: =SUM(U19:U21) -> 48 | V39: =SUM(V19:V21) -> 12 | W39: =SUM(W19:W21) -> 4 | X39: =SUM(X19:X21) -> 1 | Y39: =SUM(Y19:Y21) -> 48 | Z39: =SUM(Z19:Z21) -> 11 | ... AF39: =SUM(AF19:AF21) -> 1193
B40: 14.30 - 14.45 | C40: 45 | D40: 14 | E40: 2 | F40: 3 | G40: 0 | H40: 0 | I40: 7 | J40: 0 | K40: 0 | L40: 0 | M40: 29 | N40: 0 | O40: =SUM(C40:L40,N40) -> 71 | P40: =SUM(C40:N40) -> 100 | R40: 12 Hours | S40: =SUM(S10:S21) -> 1719 | T40: =SUM(T10:T21) -> 538 | U40: =SUM(U10:U21) -> 182 | V40: =SUM(V10:V21) -> 90 | W40: =SUM(W10:W21) -> 11 | X40: =SUM(X10:X21) -> 9 | Y40: =SUM(Y10:Y21) -> 191 | Z40: =SUM(Z10:Z21) -> 22 | ... AF40: =SUM(AF10:AF21) -> 4544
B41: 14.45 - 15.00 | C41: 31 | D41: 7 | E41: 4 | F41: 1 | G41: 0 | H41: 0 | I41: 7 | J41: 1 | K41: 1 | L41: 0 | M41: 32 | N41: 0 | O41: =SUM(C41:L41,N41) -> 52 | P41: =SUM(C41:N41) -> 84 | R41: 24 Hrs/ADT | S41: =SUM(S10:S33) -> 2658 | T41: =SUM(T10:T33) -> 809 | U41: =SUM(U10:U33) -> 280 | V41: =SUM(V10:V33) -> 139 | W41: =SUM(W10:W33) -> 18 | X41: =SUM(X10:X33) -> 16 | Y41: =SUM(Y10:Y33) -> 254 | Z41: =SUM(Z10:Z33) -> 24 | ... AF41: =SUM(AF10:AF33) -> 6567
B42: 15.00 - 15.15 | C42: 33 | D42: 12 | E42: 3 | F42: 2 | G42: 0 | H42: 0 | I42: 1 | J42: 0 | K42: 0 | L42: 0 | M42: 36 | N42: 0 | O42: =SUM(C42:L42,N42) -> 51 | P42: =SUM(C42:N42) -> 87 | R42: NEF | S42: =S41/S40 -> 1.5462478 | T42: =T41/T40 -> 1.5037175 | U42: =U41/U40 -> 1.5384615 | V42: =V41/V40 -> 1.5444444 | W42: =W41/W40 -> 1.6363636 | X42: =X41/X40 -> 1.7777778 | Y42: =Y41/Y40 -> 1.3298429 | Z42: =Z41/Z40 -> 1.0909091 | ... AF42: =AF41/AF40 -> 1.4452025
B43: 15.15 - 15.30 | C43: 38 | D43: 9 | E43: 2 | F43: 6 | G43: 1 | H43: 0 | I43: 4 | J43: 0 | K43: 0 | L43: 0 | M43: 26 | N43: 0 | O43: =SUM(C43:L43,N43) -> 60 | P43: =SUM(C43:N43) -> 86
B44: 15.30 - 15.45 | C44: 21 | D44: 10 | E44: 2 | F44: 0 | G44: 0 | H44: 0 | I44: 3 | J44: 0 | K44: 0 | L44: 0 | M44: 23 | N44: 0 | O44: =SUM(C44:L44,N44) -> 36 | P44: =SUM(C44:N44) -> 59
B45: 15.45 - 16.00 | C45: 55 | D45: 13 | E45: 13 | F45: 1 | G45: 0 | H45: 1 | I45: 9 | J45: 1 | K45: 0 | L45: 0 | M45: 32 | N45: 0 | O45: =SUM(C45:L45,N45) -> 93 | P45: =SUM(C45:N45) -> 125
B46: 16.00 - 16.15 | C46: 45 | D46: 4 | E46: 5 | F46: 1 | G46: 1 | H46: 0 | I46: 7 | J46: 1 | K46: 1 | L46: 0 | M46: 38 | N46: 0 | O46: =SUM(C46:L46,N46) -> 65 | P46: =SUM(C46:N46) -> 103
B47: 16.15 -16.30 | C47: 33 | D47: 8 | E47: 4 | F47: 0 | G47: 0 | H47: 0 | I47: 3 | J47: 1 | K47: 1 | L47: 0 | M47: 46 | N47: 0 | O47: =SUM(C47:L47,N47) -> 50 | P47: =SUM(C47:N47) -> 96
B48: 16.30 -16.45 | C48: 42 | D48: 7 | E48: 6 | F48: 1 | G48: 0 | H48: 0 | I48: 3 | J48: 1 | K48: 0 | L48: 0 | M48: 34 | N48: 0 | O48: =SUM(C48:L48,N48) -> 60 | P48: =SUM(C48:N48) -> 94
B49: 16.45 -17.00 | C49: 43 | D49: 10 | E49: 4 | F49: 2 | G49: 1 | H49: 0 | I49: 10 | J49: 2 | K49: 0 | L49: 0 | M49: 47 | N49: 0 | O49: =SUM(C49:L49,N49) -> 72 | P49: =SUM(C49:N49) -> 119
B50: 17.00 -17.15 | C50: 58 | D50: 7 | E50: 3 | F50: 1 | G50: 0 | H50: 1 | I50: 1 | J50: 4 | K50: 0 | L50: 0 | M50: 32 | N50: 0 | O50: =SUM(C50:L50,N50) -> 75 | P50: =SUM(C50:N50) -> 107
B51: 17.15 -17.30 | C51: 41 | D51: 10 | E51: 5 | F51: 2 | G51: 0 | H51: 0 | I51: 6 | J51: 1 | K51: 1 | L51: 0 | M51: 33 | N51: 0 | O51: =SUM(C51:L51,N51) -> 66 | P51: =SUM(C51:N51) -> 99
B52: 17.30 -17.45 | C52: 30 | D52: 7 | E52: 0 | F52: 1 | G52: 1 | H52: 0 | I52: 0 | J52: 0 | K52: 0 | L52: 1 | M52: 27 | N52: 0 | O52: =SUM(C52:L52,N52) -> 40 | P52: =SUM(C52:N52) -> 67
B53: 17.45 -18.00 | C53: 38 | D53: 9 | E53: 3 | F53: 0 | G53: 1 | H53: 0 | I53: 5 | J53: 1 | K53: 0 | L53: 0 | M53: 34 | N53: 0 | O53: =SUM(C53:L53,N53) -> 57 | P53: =SUM(C53:N53) -> 91
B54: 18.00 - 18.15 | C54: 47 | D54: 27 | E54: 4 | F54: 3 | G54: 0 | H54: 0 | I54: 5 | J54: 0 | K54: 0 | L54: 0 | M54: 41 | N54: 0 | O54: =SUM(C54:L54,N54) -> 86 | P54: =SUM(C54:N54) -> 127
... B105: 06.45 - 07.00 | C105: 6 | D105: 2 | E105: 0 | F105: 1 | G105: 0 | H105: 1 | I105: 0 | J105: 1 | K105: 0 | L105: 0 | M105: 18 | N105: 0 | O105: =SUM(C105:L105,N105) -> 11 | P105: =SUM(C105:N105) -> 29
B106: Totals | C106: =SUM(C10:C105) -> 2658 | D106: =SUM(D10:D105) -> 809 | E106: =SUM(E10:E105) -> 280 | F106: =SUM(F10:F105) -> 139 | G106: =SUM(G10:G105) -> 18 | H106: =SUM(H10:H105) -> 16 | I106: =SUM(I10:I105) -> 254 | J106: =SUM(J10:J105) -> 24 | ... P106: =SUM(P10:P105) -> 6567
B107: %ges + MCs | C107: =C106/$P$106 -> 0.40475103 | D107: =D106/$P$106 -> 0.12319172 | E107: =E106/$P$106 -> 0.04263743 | F107: =F106/$P$106 -> 0.021166438 | G107: =G106/$P$106 -> 0.0027409776 | H107: =H106/$P$106 -> 0.0024364245 | I107: =I106/$P$106 -> 0.03867824 | J107: =J106/$P$106 -> 0.0036546368 | ... N107: =N106/$P$106 -> 0
B108: %ges w/o MCs | C108: =C106/$O$106 -> 0.63045541 | D108: =D106/$O$106 -> 0.19188805 | E108: =E106/$O$106 -> 0.066413662 | F108: =F106/$O$106 -> 0.032969639 | G108: =G106/$O$106 -> 0.0042694497 | H108: =H106/$O$106 -> 0.0037950664 | I108: =I106/$O$106 -> 0.060246679 | J108: =J106/$O$106 -> 0.0056925996 | ... L108: =L106/$O$106 -> 0.0004743833 | N108: =N106/$O$106 -> 0

Sheet 29.09 Kajansi-Bweya
B1: Consultancy services for Preparation of Expressway Development Master Plan (EDMP) for Uganda
B2: MANUAL CLASSIFIED COUNT (MCC)
B3: ROAD NAME: | C3: ='[2]23.09.19 Kajansi -Bweya'!C3:G3 -> MCC-C2-STNO 56 -Munyonyo spur
C5: Date | D5: ='[2]29.09 Bweya-Kajansi'!D5 -> 29.09.19 | F5: Location | G5: ='[2]29.09 Bweya-Kajansi'!G5:H5 -> Munyonyo Spur RD | J5: Surveyor | K5: ='[2]29.09 Bweya-Kajansi'!K5:L5 -> Akello Rosette / Kasoma John Paul
C6: Dir. From | D6: ='[2]23.09.19 Kajansi -Bweya'!D6:E6 -> KAJANSI | F6: Dir. To | G6: ='[2]23.09.19 Kajansi -Bweya'!G6:H6 -> BWEYA | J6: Supervisor | K6: ='[2]29.09 Bweya-Kajansi'!K6:L6 -> Beatrice
B8: Time / Veh Type | R8: SUMMARY TRAFFIC VOLUMES
C9: 1. Car | D9: 2. Station Wagon | E9: 3. Pickups | F9: 4. Minibus, matatu | G9: 5. Medium bus | H9: 6. Large Bus | I9: 7. Light Truck | J9: 8. Medium Truck | K9: 9. Heavy truck | L9: 10. Truck Trailer | M9: 11. Motor cycles | N9: 12. Tractors | O9: Total Excl M/Cycles | P9: Total All | R9: Time | S9: 1. Car | T9: 2. Station Wagon | U9: 3. Pickups | V9: 4. Minibus, matatu | W9: 5. Medium bus | X9: 6. Large Bus | Y9: 7. Light Truck | Z9: 8. Medium Truck | AA9: 9. Heavy truck | AB9: 10. Truck Trailer | AC9: 11. Motorcycles | AD9: 12. Tractors, Graders | AE9: Total Excl M/ Cycles | AF9: Total All
B10: 07.00 - 07.15 | C10: 5 | D10: 0 | E10: 0 | F10: 0 | G10: 0 | H10: 0 | I10: 0 | J10: 0 | K10: 0 | L10: 0 | M10: 9 | N10: 0 | O10: =SUM(C10:L10,N10) -> 5 | P10: =SUM(C10:N10) -> 14 | R10: 0700-0800 | S10: =SUM(C10:C13) -> 50 | T10: =SUM(D10:D13) -> 2 | U10: =SUM(E10:E13) -> 5 | V10: =SUM(F10:F13) -> 3 | W10: =SUM(G10:G13) -> 0 | X10: =SUM(H10:H13) -> 0 | Y10: =SUM(I10:I13) -> 5 | Z10: =SUM(J10:J13) -> 3 | ... AF10: =SUM(P10:P13) -> 162
B11: 07.15 - 07.30 | C11: 15 | D11: 0 | E11: 2 | F11: 0 | G11: 0 | H11: 0 | I11: 1 | J11: 1 | K11: 0 | L11: 0 | M11: 26 | N11: 0 | O11: =SUM(C11:L11,N11) -> 19 | P11: =SUM(C11:N11) -> 45 | R11: 0800-0900 | S11: =SUM(C14:C17) -> 49 | T11: =SUM(D14:D17) -> 3 | U11: =SUM(E14:E17) -> 11 | V11: =SUM(F14:F17) -> 6 | W11: =SUM(G14:G17) -> 1 | X11: =SUM(H14:H17) -> 0 | Y11: =SUM(I14:I17) -> 7 | Z11: =SUM(J14:J17) -> 2 | ... AF11: =SUM(P14:P17) -> 174
B12: 07.30 - 07.45 | C12: 6 | D12: 1 | E12: 2 | F12: 1 | G12: 0 | H12: 0 | I12: 3 | J12: 0 | K12: 0 | L12: 0 | M12: 25 | N12: 0 | O12: =SUM(C12:L12,N12) -> 13 | P12: =SUM(C12:N12) -> 38 | R12: 0900-1000 | S12: =SUM(C18:C21) -> 73 | T12: =SUM(D18:D21) -> 17 | U12: =SUM(E18:E21) -> 13 | V12: =SUM(F18:F21) -> 8 | W12: =SUM(G18:G21) -> 1 | X12: =SUM(H18:H21) -> 0 | Y12: =SUM(I18:I21) -> 12 | Z12: =SUM(J18:J21) -> 2 | ... AF12: =SUM(P18:P21) -> 257
B13: 07.45 - 08.00 | C13: 24 | D13: 1 | E13: 1 | F13: 2 | G13: 0 | H13: 0 | I13: 1 | J13: 2 | K13: 2 | L13: 0 | M13: 32 | N13: 0 | O13: =SUM(C13:L13,N13) -> 33 | P13: =SUM(C13:N13) -> 65 | R13: 1000-1100 | S13: =SUM(C22:C25) -> 91 | T13: =SUM(D22:D25) -> 20 | U13: =SUM(E22:E25) -> 8 | V13: =SUM(F22:F25) -> 4 | W13: =SUM(G22:G25) -> 1 | X13: =SUM(H22:H25) -> 0 | Y13: =SUM(I22:I25) -> 10 | Z13: =SUM(J22:J25) -> 5 | ... AF13: =SUM(P22:P25) -> 217
B14: 08.00 - 08.15 | C14: 8 | D14: 0 | E14: 3 | F14: 2 | G14: 1 | H14: 0 | I14: 1 | J14: 1 | K14: 0 | L14: 0 | M14: 20 | N14: 0 | O14: =SUM(C14:L14,N14) -> 16 | P14: =SUM(C14:N14) -> 36 | R14: 1100-1200 | S14: =SUM(C26:C29) -> 112 | T14: =SUM(D26:D29) -> 10 | U14: =SUM(E26:E29) -> 5 | V14: =SUM(F26:F29) -> 1 | W14: =SUM(G26:G29) -> 2 | X14: =SUM(H26:H29) -> 0 | Y14: =SUM(I26:I29) -> 11 | Z14: =SUM(J26:J29) -> 3 | ... AF14: =SUM(P26:P29) -> 277
B15: 08.15 - 08.30 | C15: 8 | D15: 1 | E15: 1 | F15: 2 | G15: 0 | H15: 0 | I15: 3 | J15: 0 | K15: 0 | L15: 0 | M15: 8 | N15: 0 | O15: =SUM(C15:L15,N15) -> 15 | P15: =SUM(C15:N15) -> 23 | R15: 1200-1300 | S15: =SUM(C30:C33) -> 153 | T15: =SUM(D30:D33) -> 10 | U15: =SUM(E30:E33) -> 6 | V15: =SUM(F30:F33) -> 1 | W15: =SUM(G30:G33) -> 2 | X15: =SUM(H30:H33) -> 0 | Y15: =SUM(I30:I33) -> 11 | Z15: =SUM(J30:J33) -> 4 | ... AF15: =SUM(P30:P33) -> 248
B16: 08.30 - 08.45 | C16: 14 | D16: 2 | E16: 4 | F16: 1 | G16: 0 | H16: 0 | I16: 1 | J16: 1 | K16: 0 | L16: 0 | M16: 35 | N16: 0 | O16: =SUM(C16:L16,N16) -> 23 | P16: =SUM(C16:N16) -> 58 | R16: 1300-1400 | S16: =SUM(C34:C37) -> 175 | T16: =SUM(D34:D37) -> 21 | U16: =SUM(E34:E37) -> 18 | V16: =SUM(F34:F37) -> 2 | W16: =SUM(G34:G37) -> 3 | X16: =SUM(H34:H37) -> 1 | Y16: =SUM(I34:I37) -> 15 | Z16: =SUM(J34:J37) -> 4 | ... AF16: =SUM(P34:P37) -> 325
B17: 08.45 - 9.00 | C17: 19 | D17: 0 | E17: 3 | F17: 1 | G17: 0 | H17: 0 | I17: 2 | J17: 0 | K17: 1 | L17: 0 | M17: 31 | N17: 0 | O17: =SUM(C17:L17,N17) -> 26 | P17: =SUM(C17:N17) -> 57 | R17: 1400-1500 | S17: =SUM(C38:C41) -> 224 | T17: =SUM(D38:D41) -> 28 | U17: =SUM(E38:E41) -> 16 | V17: =SUM(F38:F41) -> 9 | W17: =SUM(G38:G41) -> 2 | X17: =SUM(H38:H41) -> 0 | Y17: =SUM(I38:I41) -> 7 | Z17: =SUM(J38:J41) -> 6 | ... AF17: =SUM(P38:P41) -> 423
B18: 09.00 - 09.15 | C18: 11 | D18: 5 | E18: 1 | F18: 1 | G18: 0 | H18: 0 | I18: 4 | J18: 1 | K18: 0 | L18: 0 | M18: 32 | N18: 0 | O18: =SUM(C18:L18,N18) -> 23 | P18: =SUM(C18:N18) -> 55 | R18: 1500-1600 | S18: =SUM(C42:C45) -> 260 | T18: =SUM(D42:D45) -> 21 | U18: =SUM(E42:E45) -> 27 | V18: =SUM(F42:F45) -> 4 | W18: =SUM(G42:G45) -> 0 | X18: =SUM(H42:H45) -> 0 | Y18: =SUM(I42:I45) -> 8 | Z18: =SUM(J42:J45) -> 12 | ... AF18: =SUM(P42:P45) -> 482
B19: 09.15 - 09.30 | C19: 23 | D19: 5 | E19: 5 | F19: 3 | G19: 0 | H19: 0 | I19: 1 | J19: 0 | K19: 1 | L19: 0 | M19: 41 | N19: 0 | O19: =SUM(C19:L19,N19) -> 38 | P19: =SUM(C19:N19) -> 79 | R19: 1600-1700 | S19: =SUM(C46:C49) -> 239 | T19: =SUM(D46:D49) -> 35 | U19: =SUM(E46:E49) -> 26 | V19: =SUM(F46:F49) -> 12 | W19: =SUM(G46:G49) -> 1 | X19: =SUM(H46:H49) -> 0 | Y19: =SUM(I46:I49) -> 11 | Z19: =SUM(J46:J49) -> 13 | ... AF19: =SUM(P46:P49) -> 472
B20: 09.30 - 09.45 | C20: 22 | D20: 3 | E20: 4 | F20: 1 | G20: 0 | H20: 0 | I20: 2 | J20: 1 | K20: 0 | L20: 0 | M20: 27 | N20: 0 | O20: =SUM(C20:L20,N20) -> 33 | P20: =SUM(C20:N20) -> 60 | R20: 1700-1800 | S20: =SUM(C50:C53) -> 293 | T20: =SUM(D50:D53) -> 25 | U20: =SUM(E50:E53) -> 21 | V20: =SUM(F50:F53) -> 13 | W20: =SUM(G50:G53) -> 3 | X20: =SUM(H50:H53) -> 1 | Y20: =SUM(I50:I53) -> 14 | Z20: =SUM(J50:J53) -> 3 | ... AF20: =SUM(P50:P53) -> 552
B21: 09.45 - 10.00 | C21: 17 | D21: 4 | E21: 3 | F21: 3 | G21: 1 | H21: 0 | I21: 5 | J21: 0 | K21: 0 | L21: 0 | M21: 30 | N21: 0 | O21: =SUM(C21:L21,N21) -> 33 | P21: =SUM(C21:N21) -> 63 | R21: 1800-1900 | S21: =SUM(C54:C57) -> 373 | T21: =SUM(D54:D57) -> 23 | U21: =SUM(E54:E57) -> 25 | V21: =SUM(F54:F57) -> 7 | W21: =SUM(G54:G57) -> 2 | X21: =SUM(H54:H57) -> 0 | Y21: =SUM(I54:I57) -> 8 | Z21: =SUM(J54:J57) -> 8 | ... AF21: =SUM(P54:P57) -> 606
B22: 10.00 - 10.15 | C22: 22 | D22: 7 | E22: 1 | F22: 1 | G22: 0 | H22: 0 | I22: 2 | J22: 1 | K22: 1 | L22: 0 | M22: 23 | N22: 0 | O22: =SUM(C22:L22,N22) -> 35 | P22: =SUM(C22:N22) -> 58 | R22: AM Peak Hr | S22: =MAX(S10:S12) -> 73 | T22: =MAX(T10:T12) -> 17 | U22: =MAX(U10:U12) -> 13 | V22: =MAX(V10:V12) -> 8 | W22: =MAX(W10:W12) -> 1 | X22: =MAX(X10:X12) -> 0 | Y22: =MAX(Y10:Y12) -> 12 | Z22: =MAX(Z10:Z12) -> 3 | ... AF22: =MAX(AF10:AF12) -> 257
B23: 10.15 - 10.30 | C23: 18 | D23: 1 | E23: 1 | F23: 0 | G23: 0 | H23: 0 | I23: 0 | J23: 2 | K23: 0 | L23: 0 | M23: 9 | N23: 0 | O23: =SUM(C23:L23,N23) -> 22 | P23: =SUM(C23:N23) -> 31 | R23: IP Peak Hr | S23: =MAX(S13:S18) -> 260 | T23: =MAX(T13:T18) -> 28 | U23: =MAX(U13:U18) -> 27 | V23: =MAX(V13:V18) -> 9 | W23: =MAX(W13:W18) -> 3 | X23: =MAX(X13:X18) -> 1 | Y23: =MAX(Y13:Y18) -> 15 | Z23: =MAX(Z13:Z18) -> 12 | ... AF23: =MAX(AF13:AF18) -> 482
B24: 10.30 - 10.45 | C24: 21 | D24: 9 | E24: 5 | F24: 3 | G24: 0 | H24: 0 | I24: 5 | J24: 1 | K24: 0 | L24: 0 | M24: 27 | N24: 0 | O24: =SUM(C24:L24,N24) -> 44 | P24: =SUM(C24:N24) -> 71 | R24: PM Peak Hr | S24: =MAX(S19:S21) -> 373 | T24: =MAX(T19:T21) -> 35 | U24: =MAX(U19:U21) -> 26 | V24: =MAX(V19:V21) -> 13 | W24: =MAX(W19:W21) -> 3 | X24: =MAX(X19:X21) -> 1 | Y24: =MAX(Y19:Y21) -> 14 | Z24: =MAX(Z19:Z21) -> 13 | ... AF24: =MAX(AF19:AF21) -> 606
B25: 10.45 - 11.00 | C25: 30 | D25: 3 | E25: 1 | F25: 0 | G25: 1 | H25: 0 | I25: 3 | J25: 1 | K25: 0 | L25: 0 | M25: 18 | N25: 0 | O25: =SUM(C25:L25,N25) -> 39 | P25: =SUM(C25:N25) -> 57 | R25: AM Period | S25: =SUM(S10:S12) -> 172 | T25: =SUM(T10:T12) -> 22 | U25: =SUM(U10:U12) -> 29 | V25: =SUM(V10:V12) -> 17 | W25: =SUM(W10:W12) -> 2 | X25: =SUM(X10:X12) -> 0 | Y25: =SUM(Y10:Y12) -> 24 | Z25: =SUM(Z10:Z12) -> 7 | ... AF25: =SUM(AF10:AF12) -> 593
B26: 11.00 - 11.15 | C26: 20 | D26: 2 | E26: 1 | F26: 0 | G26: 0 | H26: 0 | I26: 4 | J26: 0 | K26: 0 | L26: 0 | M26: 19 | N26: 0 | O26: =SUM(C26:L26,N26) -> 27 | P26: =SUM(C26:N26) -> 46 | R26: IP Period | S26: =SUM(S13:S18) -> 1015 | T26: =SUM(T13:T18) -> 110 | U26: =SUM(U13:U18) -> 80 | V26: =SUM(V13:V18) -> 21 | W26: =SUM(W13:W18) -> 10 | X26: =SUM(X13:X18) -> 1 | Y26: =SUM(Y13:Y18) -> 62 | Z26: =SUM(Z13:Z18) -> 34 | ... AF26: =SUM(AF13:AF18) -> 1972
B27: 11.15 - 11.30 | C27: 27 | D27: 4 | E27: 4 | F27: 0 | G27: 1 | H27: 0 | I27: 1 | J27: 0 | K27: 0 | L27: 0 | M27: 33 | N27: 0 | O27: =SUM(C27:L27,N27) -> 37 | P27: =SUM(C27:N27) -> 70 | R27: PM Period | S27: =SUM(S19:S21) -> 905 | T27: =SUM(T19:T21) -> 83 | U27: =SUM(U19:U21) -> 72 | V27: =SUM(V19:V21) -> 32 | W27: =SUM(W19:W21) -> 6 | X27: =SUM(X19:X21) -> 1 | Y27: =SUM(Y19:Y21) -> 33 | Z27: =SUM(Z19:Z21) -> 24 | ... AF27: =SUM(AF19:AF21) -> 1630
B28: 11.30 - 11.45 | C28: 44 | D28: 3 | E28: 0 | F28: 0 | G28: 1 | H28: 0 | I28: 4 | J28: 2 | K28: 2 | L28: 0 | M28: 44 | N28: 0 | O28: =SUM(C28:L28,N28) -> 56 | P28: =SUM(C28:N28) -> 100 | R28: 12 Hours | S28: =SUM(S10:S21) -> 2092 | T28: =SUM(T10:T21) -> 215 | U28: =SUM(U10:U21) -> 181 | V28: =SUM(V10:V21) -> 70 | W28: =SUM(W10:W21) -> 18 | X28: =SUM(X10:X21) -> 2 | Y28: =SUM(Y10:Y21) -> 119 | Z28: =SUM(Z10:Z21) -> 65 | ... AF28: =SUM(AF10:AF21) -> 4195
B29: 11.45 - 12.00 | C29: 21 | D29: 1 | E29: 0 | F29: 1 | G29: 0 | H29: 0 | I29: 2 | J29: 1 | K29: 2 | L29: 0 | M29: 33 | N29: 0 | O29: =SUM(C29:L29,N29) -> 28 | P29: =SUM(C29:N29) -> 61
B30: 12.00 - 12.15 | C30: 34 | D30: 4 | E30: 2 | F30: 0 | G30: 0 | H30: 0 | I30: 5 | J30: 2 | K30: 0 | L30: 0 | M30: 33 | N30: 0 | O30: =SUM(C30:L30,N30) -> 47 | P30: =SUM(C30:N30) -> 80
B31: 12.15 - 12.30 | C31: 32 | D31: 3 | E31: 2 | F31: 0 | G31: 1 | H31: 0 | I31: 3 | J31: 0 | K31: 0 | L31: 0 | M31: 7 | N31: 0 | O31: =SUM(C31:L31,N31) -> 41 | P31: =SUM(C31:N31) -> 48
B32: 12.30 - 12.45 | C32: 41 | D32: 2 | E32: 2 | F32: 0 | G32: 1 | H32: 0 | I32: 2 | J32: 1 | K32: 0 | L32: 0 | M32: 11 | N32: 0 | O32: =SUM(C32:L32,N32) -> 49 | P32: =SUM(C32:N32) -> 60
B33: 12.45 - 13.00 | C33: 46 | D33: 1 | E33: 0 | F33: 1 | G33: 0 | H33: 0 | I33: 1 | J33: 1 | K33: 0 | L33: 0 | M33: 10 | N33: 0 | O33: =SUM(C33:L33,N33) -> 50 | P33: =SUM(C33:N33) -> 60
B34: 13.00 - 13.15 | C34: 40 | D34: 6 | E34: 1 | F34: 1 | G34: 2 | H34: 1 | I34: 2 | J34: 1 | K34: 0 | L34: 0 | M34: 7 | N34: 0 | O34: =SUM(C34:L34,N34) -> 54 | P34: =SUM(C34:N34) -> 61
B35: 13.15 - 13.30 | C35: 36 | D35: 4 | E35: 4 | F35: 0 | G35: 1 | H35: 0 | I35: 4 | J35: 1 | K35: 1 | L35: 0 | M35: 23 | N35: 0 | O35: =SUM(C35:L35,N35) -> 51 | P35: =SUM(C35:N35) -> 74
B36: 13.30 - 13.45 | C36: 47 | D36: 5 | E36: 8 | F36: 0 | G36: 0 | H36: 0 | I36: 5 | J36: 2 | K36: 0 | L36: 0 | M36: 30 | N36: 0 | O36: =SUM(C36:L36,N36) -> 67 | P36: =SUM(C36:N36) -> 97
B37: 13.45 - 14.00 | C37: 52 | D37: 6 | E37: 5 | F37: 1 | G37: 0 | H37: 0 | I37: 4 | J37: 0 | K37: 1 | L37: 0 | M37: 24 | N37: 0 | O37: =SUM(C37:L37,N37) -> 69 | P37: =SUM(C37:N37) -> 93
B38: 14.00 - 14.15 | C38: 56 | D38: 9 | E38: 4 | F38: 0 | G38: 1 | H38: 0 | I38: 1 | J38: 0 | K38: 0 | L38: 0 | M38: 30 | N38: 0 | O38: =SUM(C38:L38,N38) -> 71 | P38: =SUM(C38:N38) -> 101
B39: 14.15 - 14.30 | C39: 57 | D39: 5 | E39: 6 | F39: 2 | G39: 1 | H39: 0 | I39: 2 | J39: 2 | K39: 0 | L39: 0 | M39: 27 | N39: 0 | O39: =SUM(C39:L39,N39) -> 75 | P39: =SUM(C39:N39) -> 102
B40: 14.30 - 14.45 | C40: 53 | D40: 8 | E40: 3 | F40: 2 | G40: 0 | H40: 0 | I40: 1 | J40: 0 | K40: 0 | L40: 0 | M40: 35 | N40: 0 | O40: =SUM(C40:L40,N40) -> 67 | P40: =SUM(C40:N40) -> 102
... B57: 18.45 - 19.00 | C57: 105 | D57: 3 | E57: 5 | F57: 2 | G57: 0 | H57: 0 | I57: 6 | J57: 3 | K57: 1 | L57: 0 | M57: 41 | N57: 0 | O57: =SUM(C57:L57,N57) -> 125 | P57: =SUM(C57:N57) -> 166
B58: Totals | C58: =SUM(C10:C57) -> 2092 | D58: =SUM(D10:D57) -> 215 | E58: =SUM(E10:E57) -> 181 | F58: =SUM(F10:F57) -> 70 | G58: =SUM(G10:G57) -> 18 | H58: =SUM(H10:H57) -> 2 | I58: =SUM(I10:I57) -> 119 | J58: =SUM(J10:J57) -> 65 | ... P58: =SUM(P10:P57) -> 4195
B59: %ges + MCs | C59: =C58/$P$58 -> 0.49868892 | D59: =D58/$P$58 -> 0.05125149 | E59: =E58/$P$58 -> 0.043146603 | F59: =F58/$P$58 -> 0.016686532 | G59: =G58/$P$58 -> 0.0042908224 | H59: =H58/$P$58 -> 0.00047675805 | I59: =I58/$P$58 -> 0.028367104 | J59: =J58/$P$58 -> 0.015494636 | ... N59: =N58/$P$58 -> 0
B60: %ges w/o MCs | C60: =C58/$O$58 -> 0.75278877 | D60: =D58/$O$58 -> 0.077365959 | E60: =E58/$O$58 -> 0.065131342 | F60: =F58/$O$58 -> 0.025188917 | G60: =G58/$O$58 -> 0.0064771501 | H60: =H58/$O$58 -> 0.00071968334 | I60: =I58/$O$58 -> 0.042821159 | J60: =J58/$O$58 -> 0.023389709 | ... L60: =L58/$O$58 -> 0 | N60: =N58/$O$58 -> 0

Sheet 29.09 Bweya-Kajansi
B1: Consultancy services for Preparation of Expressway Development Master Plan (EDMP) for Uganda
B2: MANUAL CLASSIFIED COUNT (MCC)
B3: ROAD NAME: | C3: ='[2]23.09.19 Bweya- Kajansi'!C3:G3 -> MCC-C2-STNO 56 -Munyonyo spur
C5: Date | D5: 29.09.19 | F5: Location | G5: ='[2]28.09 Kajansi-Bweya-24h'!G5:H5 -> Munyonyo Spur RD | J5: Surveyor | K5: ='[2]28.09 Kajansi-Bweya-24h'!K5:L5 -> Akello Rosette / Kasoma John Paul
C6: Dir. From | D6: ='[2]23.09.19 Bweya- Kajansi'!D6:E6 -> BWEYA | F6: Dir. To | G6: ='[2]23.09.19 Bweya- Kajansi'!G6:H6 -> KAJANSI | J6: Supervisor | K6: ='[2]28.09 Kajansi-Bweya-24h'!K6:L6 -> Beatrice
B8: Time / Veh Type | R8: SUMMARY TRAFFIC VOLUMES
C9: 1. Car | D9: 2. Station Wagon | E9: 3. Pickups | F9: 4. Minibus, matatu | G9: 5. Medium bus | H9: 6. Large Bus | I9: 7. Light Truck | J9: 8. Medium Truck | K9: 9. Heavy truck | L9: 10. Truck Trailer | M9: 11. Motor cycles | N9: 12. Tractors | O9: Total Excl M/Cycles | P9: Total All | R9: Time | S9: 1. Car | T9: 2. Station Wagon | U9: 3. Pickups | V9: 4. Minibus, matatu | W9: 5. Medium bus | X9: 6. Large Bus | Y9: 7. Light Truck | Z9: 8. Medium Truck | AA9: 9. Heavy truck | AB9: 10. Truck Trailer | AC9: 11. Motorcycles | AD9: 12. Tractors, Graders | AE9: Total Excl M/ Cycles | AF9: Total All
B10: 07.00 - 07.15 | C10: 9 | D10: 3 | E10: 1 | F10: 1 | G10: 0 | H10: 1 | I10: 5 | J10: 0 | K10: 0 | L10: 0 | M10: 17 | N10: 0 | O10: =SUM(C10:L10,N10) -> 20 | P10: =SUM(C10:N10) -> 37 | R10: 0700-0800 | S10: =SUM(C10:C13) -> 70 | T10: =SUM(D10:D13) -> 6 | U10: =SUM(E10:E13) -> 9 | V10: =SUM(F10:F13) -> 9 | W10: =SUM(G10:G13) -> 0 | X10: =SUM(H10:H13) -> 2 | Y10: =SUM(I10:I13) -> 9 | Z10: =SUM(J10:J13) -> 4 | ... AF10: =SUM(P10:P13) -> 204
B11: 07.15 - 07.30 | C11: 8 | D11: 2 | E11: 2 | F11: 2 | G11: 0 | H11: 0 | I11: 1 | J11: 0 | K11: 0 | L11: 0 | M11: 18 | N11: 0 | O11: =SUM(C11:L11,N11) -> 15 | P11: =SUM(C11:N11) -> 33 | R11: 0800-0900 | S11: =SUM(C14:C17) -> 99 | T11: =SUM(D14:D17) -> 19 | U11: =SUM(E14:E17) -> 9 | V11: =SUM(F14:F17) -> 12 | W11: =SUM(G14:G17) -> 1 | X11: =SUM(H14:H17) -> 1 | Y11: =SUM(I14:I17) -> 8 | Z11: =SUM(J14:J17) -> 3 | ... AF11: =SUM(P14:P17) -> 269
B12: 07.30 - 07.45 | C12: 24 | D12: 0 | E12: 4 | F12: 2 | G12: 0 | H12: 0 | I12: 0 | J12: 1 | K12: 0 | L12: 0 | M12: 30 | N12: 0 | O12: =SUM(C12:L12,N12) -> 31 | P12: =SUM(C12:N12) -> 61 | R12: 0900-1000 | S12: =SUM(C18:C21) -> 118 | T12: =SUM(D18:D21) -> 46 | U12: =SUM(E18:E21) -> 20 | V12: =SUM(F18:F21) -> 11 | W12: =SUM(G18:G21) -> 2 | X12: =SUM(H18:H21) -> 1 | Y12: =SUM(I18:I21) -> 18 | Z12: =SUM(J18:J21) -> 1 | ... AF12: =SUM(P18:P21) -> 356
B13: 07.45 - 08.00 | C13: 29 | D13: 1 | E13: 2 | F13: 4 | G13: 0 | H13: 1 | I13: 3 | J13: 3 | K13: 0 | L13: 0 | M13: 30 | N13: 0 | O13: =SUM(C13:L13,N13) -> 43 | P13: =SUM(C13:N13) -> 73 | R13: 1000-1100 | S13: =SUM(C22:C25) -> 125 | T13: =SUM(D22:D25) -> 65 | U13: =SUM(E22:E25) -> 18 | V13: =SUM(F22:F25) -> 12 | W13: =SUM(G22:G25) -> 2 | X13: =SUM(H22:H25) -> 0 | Y13: =SUM(I22:I25) -> 10 | Z13: =SUM(J22:J25) -> 0 | ... AF13: =SUM(P22:P25) -> 367
