Workbook

Sheet 23.09-BULOBA- NSANGI
B1: Consultancy services for Preparation of Expressway Development Master Plan (EDMP) for Uganda
B2: MANUAL CLASSIFIED COUNT (MCC)
B3: ROAD NAME: | C3: MCC - C2 - STN-61-NSANGI-BULOBA ROAD
C5: Date | D5: 23.09.19 | F5: Location | G5: HANA international school | J5: Surveyor | K5: nakawala justine
C6: Dir. From | D6: BULOBA | F6: Dir. To | G6: NSANGI | J6: Supervisor | K6: Dennis
B8: Time / Veh Type | R8: SUMMARY TRAFFIC VOLUMES
C9: 1. Car | D9: 2. Station Wagon | E9: 3. Pickups | F9: 4. Minibus, matatu | G9: 5. Medium bus | H9: 6. Large Bus | I9: 7. Light Truck | J9: 8. Medium Truck | K9: 9. Heavy truck | L9: 10. Truck Trailer | M9: 11. Motor cycles | N9: 12. Tractors | O9: Total Excl M/Cycles | P9: Total All | R9: Time | S9: 1. Car | T9: 2. Station Wagon | U9: 3. Pickups | V9: 4. Minibus, matatu | W9: 5. Medium bus | X9: 6. Large Bus | Y9: 7. Light Truck | Z9: 8. Medium Truck | AA9: 9. Heavy truck | AB9: 10. Truck Trailer | AC9: 11. Motorcycles | AD9: 12. Tractors, Graders | AE9: Total Excl M/ Cycles | AF9: Total All
B10: 07.00 - 07.15 | C10: 3 | D10: 2 | E10: 0 | F10: 0 | G10: 0 | H10: 0 | I10: 2 | J10: 0 | K10: 0 | L10: 0 | M10: 28 | N10: 0 | O10: =SUM(C10:L10,N10) -> 7 | P10: =SUM(C10:N10) -> 35 | R10: 0700-0800 | S10: =SUM(C10:C13) -> 16 | T10: =SUM(D10:D13) -> 3 | U10: =SUM(E10:E13) -> 3 | V10: =SUM(F10:F13) -> 3 | W10: =SUM(G10:G13) -> 0 | X10: =SUM(H10:H13) -> 0 | Y10: =SUM(I10:I13) -> 4 | Z10: =SUM(J10:J13) -> 0 | ... AF10: =SUM(P10:P13) -> 141
B11: 07.15 - 07.30 | C11: 3 | D11: 1 | E11: 1 | F11: 0 | G11: 0 | H11: 0 | I11: 0 | J11: 0 | K11: 0 | L11: 0 | M11: 31 | N11: 0 | O11: =SUM(C11:L11,N11) -> 5 | P11: =SUM(C11:N11) -> 36 | R11: 0800-0900 | S11: =SUM(C14:C17) -> 17 | T11: =SUM(D14:D17) -> 1 | U11: =SUM(E14:E17) -> 4 | V11: =SUM(F14:F17) -> 0 | W11: =SUM(G14:G17) -> 0 | X11: =SUM(H14:H17) -> 0 | Y11: =SUM(I14:I17) -> 3 | Z11: =SUM(J14:J17) -> 0 | ... AF11: =SUM(P14:P17) -> 139
B12: 07.30 - 07.45 | C12: 4 | D12: 0 | E12: 1 | F12: 0 | G12: 0 | H12: 0 | I12: 0 | J12: 0 | K12: 0 | L12: 0 | M12: 27 | N12: 0 | O12: =SUM(C12:L12,N12) -> 5 | P12: =SUM(C12:N12) -> 32 | R12: 0900-1000 | S12: =SUM(C18:C21) -> 15 | T12: =SUM(D18:D21) -> 7 | U12: =SUM(E18:E21) -> 2 | V12: =SUM(F18:F21) -> 1 | W12: =SUM(G18:G21) -> 0 | X12: =SUM(H18:H21) -> 0 | Y12: =SUM(I18:I21) -> 6 | Z12: =SUM(J18:J21) -> 0 | ... AF12: =SUM(P18:P21) -> 126
B13: 07.45 - 08.00 | C13: 6 | D13: 0 | E13: 1 | F13: 3 | G13: 0 | H13: 0 | I13: 2 | J13: 0 | K13: 0 | L13: 0 | M13: 26 | N13: 0 | O13: =SUM(C13:L13,N13) -> 12 | P13: =SUM(C13:N13) -> 38 | R13: 1000-1100 | S13: =SUM(C22:C25) -> 16 | T13: =SUM(D22:D25) -> 5 | U13: =SUM(E22:E25) -> 3 | V13: =SUM(F22:F25) -> 0 | W13: =SUM(G22:G25) -> 0 | X13: =SUM(H22:H25) -> 0 | Y13: =SUM(I22:I25) -> 3 | Z13: =SUM(J22:J25) -> 1 | ... AF13: =SUM(P22:P25) -> 104
B14: 08.00 - 08.15 | C14: 8 | D14: 1 | E14: 0 | F14: 0 | G14: 0 | H14: 0 | I14: 0 | J14: 0 | K14: 0 | L14: 0 | M14: 34 | N14: 0 | O14: =SUM(C14:L14,N14) -> 9 | P14: =SUM(C14:N14) -> 43 | R14: 1100-1200 | S14: =SUM(C26:C29) -> 22 | T14: =SUM(D26:D29) -> 3 | U14: =SUM(E26:E29) -> 2 | V14: =SUM(F26:F29) -> 2 | W14: =SUM(G26:G29) -> 0 | X14: =SUM(H26:H29) -> 0 | Y14: =SUM(I26:I29) -> 7 | Z14: =SUM(J26:J29) -> 1 | ... AF14: =SUM(P26:P29) -> 107
B15: 08.15 - 08.30 | C15: 4 | D15: 0 | E15: 1 | F15: 0 | G15: 0 | H15: 0 | I15: 0 | J15: 0 | K15: 0 | L15: 0 | M15: 21 | N15: 0 | O15: =SUM(C15:L15,N15) -> 5 | P15: =SUM(C15:N15) -> 26 | R15: 1200-1300 | S15: =SUM(C30:C33) -> 11 | T15: =SUM(D30:D33) -> 1 | U15: =SUM(E30:E33) -> 3 | V15: =SUM(F30:F33) -> 3 | W15: =SUM(G30:G33) -> 4 | X15: =SUM(H30:H33) -> 0 | Y15: =SUM(I30:I33) -> 4 | Z15: =SUM(J30:J33) -> 2 | ... AF15: =SUM(P30:P33) -> 91
B16: 08.30 - 08.45 | C16: 3 | D16: 0 | E16: 3 | F16: 0 | G16: 0 | H16: 0 | I16: 2 | J16: 0 | K16: 0 | L16: 0 | M16: 30 | N16: 0 | O16: =SUM(C16:L16,N16) -> 8 | P16: =SUM(C16:N16) -> 38 | R16: 1300-1400 | S16: =SUM(C34:C37) -> 10 | T16: =SUM(D34:D37) -> 5 | U16: =SUM(E34:E37) -> 0 | V16: =SUM(F34:F37) -> 0 | W16: =SUM(G34:G37) -> 0 | X16: =SUM(H34:H37) -> 0 | Y16: =SUM(I34:I37) -> 4 | Z16: =SUM(J34:J37) -> 0 | ... AF16: =SUM(P34:P37) -> 92
B17: 08.45 - 9.00 | C17: 2 | D17: 0 | E17: 0 | F17: 0 | G17: 0 | H17: 0 | I17: 1 | J17: 0 | K17: 0 | L17: 0 | M17: 29 | N17: 0 | O17: =SUM(C17:L17,N17) -> 3 | P17: =SUM(C17:N17) -> 32 | R17: 1400-1500 | S17: =SUM(C38:C41) -> 15 | T17: =SUM(D38:D41) -> 2 | U17: =SUM(E38:E41) -> 2 | V17: =SUM(F38:F41) -> 3 | W17: =SUM(G38:G41) -> 0 | X17: =SUM(H38:H41) -> 0 | Y17: =SUM(I38:I41) -> 4 | Z17: =SUM(J38:J41) -> 2 | ... AF17: =SUM(P38:P41) -> 105
B18: 09.00 - 09.15 | C18: 4 | D18: 2 | E18: 1 | F18: 0 | G18: 0 | H18: 0 | I18: 1 | J18: 0 | K18: 0 | L18: 0 | M18: 25 | N18: 0 | O18: =SUM(C18:L18,N18) -> 8 | P18: =SUM(C18:N18) -> 33 | R18: 1500-1600 | S18: =SUM(C42:C45) -> 15 | T18: =SUM(D42:D45) -> 5 | U18: =SUM(E42:E45) -> 5 | V18: =SUM(F42:F45) -> 5 | W18: =SUM(G42:G45) -> 0 | X18: =SUM(H42:H45) -> 0 | Y18: =SUM(I42:I45) -> 6 | Z18: =SUM(J42:J45) -> 0 | ... AF18: =SUM(P42:P45) -> 97
B19: 09.15 - 09.30 | C19: 2 | D19: 2 | E19: 0 | F19: 1 | G19: 0 | H19: 0 | I19: 2 | J19: 0 | K19: 0 | L19: 0 | M19: 22 | N19: 0 | O19: =SUM(C19:L19,N19) -> 7 | P19: =SUM(C19:N19) -> 29 | R19: 1600-1700 | S19: =SUM(C46:C49) -> 10 | T19: =SUM(D46:D49) -> 4 | U19: =SUM(E46:E49) -> 6 | V19: =SUM(F46:F49) -> 5 | W19: =SUM(G46:G49) -> 1 | X19: =SUM(H46:H49) -> 0 | Y19: =SUM(I46:I49) -> 11 | Z19: =SUM(J46:J49) -> 1 | ... AF19: =SUM(P46:P49) -> 102
B20: 09.30 - 09.45 | C20: 6 | D20: 2 | E20: 0 | F20: 0 | G20: 0 | H20: 0 | I20: 1 | J20: 0 | K20: 0 | L20: 0 | M20: 27 | N20: 0 | O20: =SUM(C20:L20,N20) -> 9 | P20: =SUM(C20:N20) -> 36 | R20: 1700-1800 | S20: =SUM(C50:C53) -> 28 | T20: =SUM(D50:D53) -> 4 | U20: =SUM(E50:E53) -> 3 | V20: =SUM(F50:F53) -> 6 | W20: =SUM(G50:G53) -> 2 | X20: =SUM(H50:H53) -> 0 | Y20: =SUM(I50:I53) -> 7 | Z20: =SUM(J50:J53) -> 0 | ... AF20: =SUM(P50:P53) -> 136
B21: 09.45 - 10.00 | C21: 3 | D21: 1 | E21: 1 | F21: 0 | G21: 0 | H21: 0 | I21: 2 | J21: 0 | K21: 0 | L21: 0 | M21: 21 | N21: 0 | O21: =SUM(C21:L21,N21) -> 7 | P21: =SUM(C21:N21) -> 28 | R21: 1800-1900 | S21: =SUM(C54:C57) -> 24 | T21: =SUM(D54:D57) -> 4 | U21: =SUM(E54:E57) -> 7 | V21: =SUM(F54:F57) -> 4 | W21: =SUM(G54:G57) -> 1 | X21: =SUM(H54:H57) -> 2 | Y21: =SUM(I54:I57) -> 9 | Z21: =SUM(J54:J57) -> 2 | ... AF21: =SUM(P54:P57) -> 142
B22: 10.00 - 10.15 | C22: 3 | D22: 2 | E22: 1 | F22: 0 | G22: 0 | H22: 0 | I22: 2 | J22: 0 | K22: 0 | L22: 0 | M22: 20 | N22: 0 | O22: =SUM(C22:L22,N22) -> 8 | P22: =SUM(C22:N22) -> 28 | R22: AM Peak Hr | S22: =MAX(S10:S12) -> 17 | T22: =MAX(T10:T12) -> 7 | U22: =MAX(U10:U12) -> 4 | V22: =MAX(V10:V12) -> 3 | W22: =MAX(W10:W12) -> 0 | X22: =MAX(X10:X12) -> 0 | Y22: =MAX(Y10:Y12) -> 6 | Z22: =MAX(Z10:Z12) -> 0 | ... AF22: =MAX(AF10:AF12) -> 141
B23: 10.15 - 10.30 | C23: 1 | D23: 1 | E23: 0 | F23: 0 | G23: 0 | H23: 0 | I23: 0 | J23: 0 | K23: 1 | L23: 0 | M23: 17 | N23: 0 | O23: =SUM(C23:L23,N23) -> 3 | P23: =SUM(C23:N23) -> 20 | R23: IP Peak Hr | S23: =MAX(S13:S18) -> 22 | T23: =MAX(T13:T18) -> 5 | U23: =MAX(U13:U18) -> 5 | V23: =MAX(V13:V18) -> 5 | W23: =MAX(W13:W18) -> 4 | X23: =MAX(X13:X18) -> 0 | Y23: =MAX(Y13:Y18) -> 7 | Z23: =MAX(Z13:Z18) -> 2 | ... AF23: =MAX(AF13:AF18) -> 107
B24: 10.30 - 10.45 | C24: 8 | D24: 1 | E24: 1 | F24: 0 | G24: 0 | H24: 0 | I24: 0 | J24: 0 | K24: 0 | L24: 0 | M24: 20 | N24: 0 | O24: =SUM(C24:L24,N24) -> 10 | P24: =SUM(C24:N24) -> 30 | R24: PM Peak Hr | S24: =MAX(S19:S21) -> 28 | T24: =MAX(T19:T21) -> 4 | U24: =MAX(U19:U21) -> 7 | V24: =MAX(V19:V21) -> 6 | W24: =MAX(W19:W21) -> 2 | X24: =MAX(X19:X21) -> 2 | Y24: =MAX(Y19:Y21) -> 11 | Z24: =MAX(Z19:Z21) -> 2 | ... AF24: =MAX(AF19:AF21) -> 142
B25: 10.45 - 11.00 | C25: 4 | D25: 1 | E25: 1 | F25: 0 | G25: 0 | H25: 0 | I25: 1 | J25: 1 | K25: 0 | L25: 0 | M25: 18 | N25: 0 | O25: =SUM(C25:L25,N25) -> 8 | P25: =SUM(C25:N25) -> 26 | R25: AM Period | S25: =SUM(S10:S12) -> 48 | T25: =SUM(T10:T12) -> 11 | U25: =SUM(U10:U12) -> 9 | V25: =SUM(V10:V12) -> 4 | W25: =SUM(W10:W12) -> 0 | X25: =SUM(X10:X12) -> 0 | Y25: =SUM(Y10:Y12) -> 13 | Z25: =SUM(Z10:Z12) -> 0 | ... AF25: =SUM(AF10:AF12) -> 406
B26: 11.00 - 11.15 | C26: 7 | D26: 1 | E26: 0 | F26: 0 | G26: 0 | H26: 0 | I26: 2 | J26: 0 | K26: 0 | L26: 0 | M26: 20 | N26: 0 | O26: =SUM(C26:L26,N26) -> 10 | P26: =SUM(C26:N26) -> 30 | R26: IP Period | S26: =SUM(S13:S18) -> 89 | T26: =SUM(T13:T18) -> 21 | U26: =SUM(U13:U18) -> 15 | V26: =SUM(V13:V18) -> 13 | W26: =SUM(W13:W18) -> 4 | X26: =SUM(X13:X18) -> 0 | Y26: =SUM(Y13:Y18) -> 28 | Z26: =SUM(Z13:Z18) -> 6 | ... AF26: =SUM(AF13:AF18) -> 596
B27: 11.15 - 11.30 | C27: 5 | D27: 1 | E27: 1 | F27: 0 | G27: 0 | H27: 0 | I27: 0 | J27: 0 | K27: 0 | L27: 0 | M27: 14 | N27: 0 | O27: =SUM(C27:L27,N27) -> 7 | P27: =SUM(C27:N27) -> 21 | R27: PM Period | S27: =SUM(S19:S21) -> 62 | T27: =SUM(T19:T21) -> 12 | U27: =SUM(U19:U21) -> 16 | V27: =SUM(V19:V21) -> 15 | W27: =SUM(W19:W21) -> 4 | X27: =SUM(X19:X21) -> 2 | Y27: =SUM(Y19:Y21) -> 27 | Z27: =SUM(Z19:Z21) -> 3 | ... AF27: =SUM(AF19:AF21) -> 380
B28: 11.30 - 11.45 | C28: 6 | D28: 0 | E28: 0 | F28: 0 | G28: 0 | H28: 0 | I28: 1 | J28: 1 | K28: 0 | L28: 0 | M28: 16 | N28: 0 | O28: =SUM(C28:L28,N28) -> 8 | P28: =SUM(C28:N28) -> 24 | R28: 12 Hours | S28: =SUM(S10:S21) -> 199 | T28: =SUM(T10:T21) -> 44 | U28: =SUM(U10:U21) -> 40 | V28: =SUM(V10:V21) -> 32 | W28: =SUM(W10:W21) -> 8 | X28: =SUM(X10:X21) -> 2 | Y28: =SUM(Y10:Y21) -> 68 | Z28: =SUM(Z10:Z21) -> 9 | ... AF28: =SUM(AF10:AF21) -> 1382
B29: 11.45 - 12.00 | C29: 4 | D29: 1 | E29: 1 | F29: 2 | G29: 0 | H29: 0 | I29: 4 | J29: 0 | K29: 0 | L29: 0 | M29: 20 | N29: 0 | O29: =SUM(C29:L29,N29) -> 12 | P29: =SUM(C29:N29) -> 32
B30: 12.00 - 12.15 | C30: 3 | D30: 0 | E30: 1 | F30: 0 | G30: 2 | H30: 0 | I30: 2 | J30: 0 | K30: 0 | L30: 0 | M30: 13 | N30: 0 | O30: =SUM(C30:L30,N30) -> 8 | P30: =SUM(C30:N30) -> 21
B31: 12.15 - 12.30 | C31: 1 | D31: 0 | E31: 2 | F31: 1 | G31: 0 | H31: 0 | I31: 0 | J31: 2 | K31: 0 | L31: 0 | M31: 14 | N31: 0 | O31: =SUM(C31:L31,N31) -> 6 | P31: =SUM(C31:N31) -> 20
B32: 12.30 - 12.45 | C32: 5 | D32: 0 | E32: 0 | F32: 2 | G32: 0 | H32: 0 | I32: 0 | J32: 0 | K32: 0 | L32: 0 | M32: 20 | N32: 0 | O32: =SUM(C32:L32,N32) -> 7 | P32: =SUM(C32:N32) -> 27
B33: 12.45 - 13.00 | C33: 2 | D33: 1 | E33: 0 | F33: 0 | G33: 2 | H33: 0 | I33: 2 | J33: 0 | K33: 0 | L33: 0 | M33: 16 | N33: 0 | O33: =SUM(C33:L33,N33) -> 7 | P33: =SUM(C33:N33) -> 23
B34: 13.00 - 13.15 | C34: 3 | D34: 2 | E34: 0 | F34: 0 | G34: 0 | H34: 0 | I34: 0 | J34: 0 | K34: 0 | L34: 0 | M34: 18 | N34: 0 | O34: =SUM(C34:L34,N34) -> 5 | P34: =SUM(C34:N34) -> 23
B35: 13.15 - 13.30 | C35: 0 | D35: 0 | E35: 0 | F35: 0 | G35: 0 | H35: 0 | I35: 0 | J35: 0 | K35: 0 | L35: 0 | M35: 13 | N35: 0 | O35: =SUM(C35:L35,N35) -> 0 | P35: =SUM(C35:N35) -> 13
B36: 13.30 - 13.45 | C36: 3 | D36: 1 | E36: 0 | F36: 0 | G36: 0 | H36: 0 | I36: 1 | J36: 0 | K36: 0 | L36: 0 | M36: 22 | N36: 0 | O36: =SUM(C36:L36,N36) -> 5 | P36: =SUM(C36:N36) -> 27
B37: 13.45 - 14.00 | C37: 4 | D37: 2 | E37: 0 | F37: 0 | G37: 0 | H37: 0 | I37: 3 | J37: 0 | K37: 0 | L37: 0 | M37: 20 | N37: 0 | O37: =SUM(C37:L37,N37) -> 9 | P37: =SUM(C37:N37) -> 29
B38: 14.00 - 14.15 | C38: 7 | D38: 0 | E38: 0 | F38: 2 | G38: 0 | H38: 0 | I38: 0 | J38: 2 | K38: 0 | L38: 0 | M38: 24 | N38: 0 | O38: =SUM(C38:L38,N38) -> 11 | P38: =SUM(C38:N38) -> 35
B39: 14.15 - 14.30 | C39: 3 | D39: 2 | E39: 0 | F39: 0 | G39: 0 | H39: 0 | I39: 2 | J39: 0 | K39: 0 | L39: 0 | M39: 18 | N39: 0 | O39: =SUM(C39:L39,N39) -> 7 | P39: =SUM(C39:N39) -> 25
B40: 14.30 - 14.45 | C40: 4 | D40: 0 | E40: 2 | F40: 1 | G40: 0 | H40: 0 | I40: 1 | J40: 0 | K40: 0 | L40: 0 | M40: 21 | N40: 0 | O40: =SUM(C40:L40,N40) -> 8 | P40: =SUM(C40:N40) -> 29
... B57: 18.45 - 19.00 | C57: 2 | D57: 0 | E57: 1 | F57: 1 | G57: 0 | H57: 1 | I57: 0 | J57: 0 | K57: 0 | L57: 0 | M57: 19 | N57: 0 | O57: =SUM(C57:L57,N57) -> 5 | P57: =SUM(C57:N57) -> 24
B58: Totals | C58: =SUM(C10:C57) -> 199 | D58: =SUM(D10:D57) -> 44 | E58: =SUM(E10:E57) -> 40 | F58: =SUM(F10:F57) -> 32 | G58: =SUM(G10:G57) -> 8 | H58: =SUM(H10:H57) -> 2 | I58: =SUM(I10:I57) -> 68 | J58: =SUM(J10:J57) -> 9 | ... P58: =SUM(P10:P57) -> 1382
B59: %ges + MCs | C59: =C58/$P$58 -> 0.14399421 | D59: =D58/$P$58 -> 0.031837916 | E59: =E58/$P$58 -> 0.02894356 | F59: =F58/$P$58 -> 0.023154848 | G59: =G58/$P$58 -> 0.005788712 | H59: =H58/$P$58 -> 0.001447178 | I59: =I58/$P$58 -> 0.049204052 | J59: =J58/$P$58 -> 0.006512301 | ... N59: =N58/$P$58 -> 0
B60: %ges w/o MCs | C60: =C58/$O$58 -> 0.49014778 | D60: =D58/$O$58 -> 0.10837438 | E60: =E58/$O$58 -> 0.098522167 | F60: =F58/$O$58 -> 0.078817734 | G60: =G58/$O$58 -> 0.019704433 | H60: =H58/$O$58 -> 0.0049261084 | I60: =I58/$O$58 -> 0.16748768 | J60: =J58/$O$58 -> 0.022167488 | ... L60: =L58/$O$58 -> 0.0024630542 | N60: =N58/$O$58 -> 0

Sheet 23.09- NSANGI-BULOBA
B1: Consultancy services for Preparation of Expressway Development Master Plan (EDMP) for Uganda
B2: MANUAL CLASSIFIED COUNT (MCC)
B3: ROAD NAME: | C3: ='23.09-BULOBA- NSANGI'!C3:G3 -> MCC - C2 - STN-61-NSANGI-BULOBA ROAD
C5: Date | D5: ='23.09-BULOBA- NSANGI'!D5 -> 23.09.19 | F5: Location | G5: ='23.09-BULOBA- NSANGI'!G5:H5 -> HANA international school | J5: Surveyor | K5: MIREMBE-RUTH
C6: Dir. From | D6: NSANGI | F6: Dir. To | G6: BULOBA | J6: Supervisor | K6: ='23.09-BULOBA- NSANGI'!K6:L6 -> Dennis
B8: Time / Veh Type | R8: SUMMARY TRAFFIC VOLUMES
C9: 1. Car | D9: 2. Station Wagon | E9: 3. Pickups | F9: 4. Minibus, matatu | G9: 5. Medium bus | H9: 6. Large Bus | I9: 7. Light Truck | J9: 8. Medium Truck | K9: 9. Heavy truck | L9: 10. Truck Trailer | M9: 11. Motor cycles | N9: 12. Tractors | O9: Total Excl M/Cycles | P9: Total All | R9: Time | S9: 1. Car | T9: 2. Station Wagon | U9: 3. Pickups | V9: 4. Minibus, matatu | W9: 5. Medium bus | X9: 6. Large Bus | Y9: 7. Light Truck | Z9: 8. Medium Truck | AA9: 9. Heavy truck | AB9: 10. Truck Trailer | AC9: 11. Motorcycles | AD9: 12. Tractors, Graders | AE9: Total Excl M/ Cycles | AF9: Total All
B10: 07.00 - 07.15 | C10: 3 | D10: 0 | E10: 0 | F10: 1 | G10: 1 | H10: 0 | I10: 2 | J10: 0 | K10: 0 | L10: 0 | M10: 18 | N10: 0 | O10: =SUM(C10:L10,N10) -> 7 | P10: =SUM(C10:N10) -> 25 | R10: 0700-0800 | S10: =SUM(C10:C13) -> 14 | T10: =SUM(D10:D13) -> 2 | U10: =SUM(E10:E13) -> 3 | V10: =SUM(F10:F13) -> 3 | W10: =SUM(G10:G13) -> 1 | X10: =SUM(H10:H13) -> 0 | Y10: =SUM(I10:I13) -> 5 | Z10: =SUM(J10:J13) -> 0 | ... AF10: =SUM(P10:P13) -> 135
B11: 07.15 - 07.30 | C11: 3 | D11: 1 | E11: 1 | F11: 0 | G11: 0 | H11: 0 | I11: 0 | J11: 0 | K11: 0 | L11: 0 | M11: 26 | N11: 0 | O11: =SUM(C11:L11,N11) -> 5 | P11: =SUM(C11:N11) -> 31 | R11: 0800-0900 | S11: =SUM(C14:C17) -> 17 | T11: =SUM(D14:D17) -> 3 | U11: =SUM(E14:E17) -> 1 | V11: =SUM(F14:F17) -> 2 | W11: =SUM(G14:G17) -> 0 | X11: =SUM(H14:H17) -> 0 | Y11: =SUM(I14:I17) -> 2 | Z11: =SUM(J14:J17) -> 0 | ... AF11: =SUM(P14:P17) -> 123
B12: 07.30 - 07.45 | C12: 4 | D12: 1 | E12: 0 | F12: 1 | G12: 0 | H12: 0 | I12: 2 | J12: 0 | K12: 0 | L12: 0 | M12: 28 | N12: 0 | O12: =SUM(C12:L12,N12) -> 8 | P12: =SUM(C12:N12) -> 36 | R12: 0900-1000 | S12: =SUM(C18:C21) -> 11 | T12: =SUM(D18:D21) -> 5 | U12: =SUM(E18:E21) -> 3 | V12: =SUM(F18:F21) -> 0 | W12: =SUM(G18:G21) -> 0 | X12: =SUM(H18:H21) -> 0 | Y12: =SUM(I18:I21) -> 6 | Z12: =SUM(J18:J21) -> 1 | ... AF12: =SUM(P18:P21) -> 117
B13: 07.45 - 08.00 | C13: 4 | D13: 0 | E13: 2 | F13: 1 | G13: 0 | H13: 0 | I13: 1 | J13: 0 | K13: 0 | L13: 0 | M13: 35 | N13: 0 | O13: =SUM(C13:L13,N13) -> 8 | P13: =SUM(C13:N13) -> 43 | R13: 1000-1100 | S13: =SUM(C22:C25) -> 11 | T13: =SUM(D22:D25) -> 3 | U13: =SUM(E22:E25) -> 3 | V13: =SUM(F22:F25) -> 0 | W13: =SUM(G22:G25) -> 0 | X13: =SUM(H22:H25) -> 0 | Y13: =SUM(I22:I25) -> 6 | Z13: =SUM(J22:J25) -> 1 | ... AF13: =SUM(P22:P25) -> 103
B14: 08.00 - 08.15 | C14: 5 | D14: 2 | E14: 0 | F14: 1 | G14: 0 | H14: 0 | I14: 0 | J14: 0 | K14: 0 | L14: 0 | M14: 30 | N14: 0 | O14: =SUM(C14:L14,N14) -> 8 | P14: =SUM(C14:N14) -> 38 | R14: 1100-1200 | S14: =SUM(C26:C29) -> 13 | T14: =SUM(D26:D29) -> 0 | U14: =SUM(E26:E29) -> 4 | V14: =SUM(F26:F29) -> 1 | W14: =SUM(G26:G29) -> 0 | X14: =SUM(H26:H29) -> 0 | Y14: =SUM(I26:I29) -> 5 | Z14: =SUM(J26:J29) -> 0 | ... AF14: =SUM(P26:P29) -> 90
B15: 08.15 - 08.30 | C15: 5 | D15: 0 | E15: 0 | F15: 0 | G15: 0 | H15: 0 | I15: 1 | J15: 0 | K15: 0 | L15: 0 | M15: 24 | N15: 0 | O15: =SUM(C15:L15,N15) -> 6 | P15: =SUM(C15:N15) -> 30 | R15: 1200-1300 | S15: =SUM(C30:C33) -> 14 | T15: =SUM(D30:D33) -> 1 | U15: =SUM(E30:E33) -> 2 | V15: =SUM(F30:F33) -> 3 | W15: =SUM(G30:G33) -> 0 | X15: =SUM(H30:H33) -> 0 | Y15: =SUM(I30:I33) -> 1 | Z15: =SUM(J30:J33) -> 0 | ... AF15: =SUM(P30:P33) -> 93
B16: 08.30 - 08.45 | C16: 3 | D16: 0 | E16: 0 | F16: 1 | G16: 0 | H16: 0 | I16: 0 | J16: 0 | K16: 0 | L16: 0 | M16: 18 | N16: 0 | O16: =SUM(C16:L16,N16) -> 4 | P16: =SUM(C16:N16) -> 22 | R16: 1300-1400 | S16: =SUM(C34:C37) -> 15 | T16: =SUM(D34:D37) -> 2 | U16: =SUM(E34:E37) -> 2 | V16: =SUM(F34:F37) -> 0 | W16: =SUM(G34:G37) -> 0 | X16: =SUM(H34:H37) -> 1 | Y16: =SUM(I34:I37) -> 6 | Z16: =SUM(J34:J37) -> 1 | ... AF16: =SUM(P34:P37) -> 94
B17: 08.45 - 9.00 | C17: 4 | D17: 1 | E17: 1 | F17: 0 | G17: 0 | H17: 0 | I17: 1 | J17: 0 | K17: 0 | L17: 0 | M17: 26 | N17: 0 | O17: =SUM(C17:L17,N17) -> 7 | P17: =SUM(C17:N17) -> 33 | R17: 1400-1500 | S17: =SUM(C38:C41) -> 17 | T17: =SUM(D38:D41) -> 3 | U17: =SUM(E38:E41) -> 3 | V17: =SUM(F38:F41) -> 2 | W17: =SUM(G38:G41) -> 0 | X17: =SUM(H38:H41) -> 0 | Y17: =SUM(I38:I41) -> 4 | Z17: =SUM(J38:J41) -> 0 | ... AF17: =SUM(P38:P41) -> 99
B18: 09.00 - 09.15 | C18: 4 | D18: 0 | E18: 1 | F18: 0 | G18: 0 | H18: 0 | I18: 1 | J18: 1 | K18: 0 | L18: 0 | M18: 21 | N18: 0 | O18: =SUM(C18:L18,N18) -> 7 | P18: =SUM(C18:N18) -> 28 | R18: 1500-1600 | S18: =SUM(C42:C45) -> 14 | T18: =SUM(D42:D45) -> 6 | U18: =SUM(E42:E45) -> 2 | V18: =SUM(F42:F45) -> 1 | W18: =SUM(G42:G45) -> 0 | X18: =SUM(H42:H45) -> 0 | Y18: =SUM(I42:I45) -> 7 | Z18: =SUM(J42:J45) -> 0 | ... AF18: =SUM(P42:P45) -> 78
B19: 09.15 - 09.30 | C19: 4 | D19: 1 | E19: 1 | F19: 0 | G19: 0 | H19: 0 | I19: 1 | J19: 0 | K19: 0 | L19: 0 | M19: 23 | N19: 0 | O19: =SUM(C19:L19,N19) -> 7 | P19: =SUM(C19:N19) -> 30 | R19: 1600-1700 | S19: =SUM(C46:C49) -> 21 | T19: =SUM(D46:D49) -> 6 | U19: =SUM(E46:E49) -> 4 | V19: =SUM(F46:F49) -> 3 | W19: =SUM(G46:G49) -> 3 | X19: =SUM(H46:H49) -> 1 | Y19: =SUM(I46:I49) -> 4 | Z19: =SUM(J46:J49) -> 0 | ... AF19: =SUM(P46:P49) -> 110
B20: 09.30 - 09.45 | C20: 1 | D20: 4 | E20: 1 | F20: 0 | G20: 0 | H20: 0 | I20: 2 | J20: 0 | K20: 0 | L20: 0 | M20: 27 | N20: 0 | O20: =SUM(C20:L20,N20) -> 8 | P20: =SUM(C20:N20) -> 35 | R20: 1700-1800 | S20: =SUM(C50:C53) -> 41 | T20: =SUM(D50:D53) -> 3 | U20: =SUM(E50:E53) -> 5 | V20: =SUM(F50:F53) -> 1 | W20: =SUM(G50:G53) -> 3 | X20: =SUM(H50:H53) -> 0 | Y20: =SUM(I50:I53) -> 11 | Z20: =SUM(J50:J53) -> 0 | ... AF20: =SUM(P50:P53) -> 156
B21: 09.45 - 10.00 | C21: 2 | D21: 0 | E21: 0 | F21: 0 | G21: 0 | H21: 0 | I21: 2 | J21: 0 | K21: 0 | L21: 0 | M21: 20 | N21: 0 | O21: =SUM(C21:L21,N21) -> 4 | P21: =SUM(C21:N21) -> 24 | R21: 1800-1900 | S21: =SUM(C54:C57) -> 17 | T21: =SUM(D54:D57) -> 0 | U21: =SUM(E54:E57) -> 3 | V21: =SUM(F54:F57) -> 5 | W21: =SUM(G54:G57) -> 1 | X21: =SUM(H54:H57) -> 0 | Y21: =SUM(I54:I57) -> 5 | Z21: =SUM(J54:J57) -> 0 | ... AF21: =SUM(P54:P57) -> 93
B22: 10.00 - 10.15 | C22: 1 | D22: 1 | E22: 1 | F22: 0 | G22: 0 | H22: 0 | I22: 2 | J22: 1 | K22: 0 | L22: 0 | M22: 22 | N22: 0 | O22: =SUM(C22:L22,N22) -> 6 | P22: =SUM(C22:N22) -> 28 | R22: AM Peak Hr | S22: =MAX(S10:S12) -> 17 | T22: =MAX(T10:T12) -> 5 | U22: =MAX(U10:U12) -> 3 | V22: =MAX(V10:V12) -> 3 | W22: =MAX(W10:W12) -> 1 | X22: =MAX(X10:X12) -> 0 | Y22: =MAX(Y10:Y12) -> 6 | Z22: =MAX(Z10:Z12) -> 1 | ... AF22: =MAX(AF10:AF12) -> 135
B23: 10.15 - 10.30 | C23: 4 | D23: 1 | E23: 2 | F23: 0 | G23: 0 | H23: 0 | I23: 1 | J23: 0 | K23: 0 | L23: 0 | M23: 19 | N23: 0 | O23: =SUM(C23:L23,N23) -> 8 | P23: =SUM(C23:N23) -> 27 | R23: IP Peak Hr | S23: =MAX(S13:S18) -> 17 | T23: =MAX(T13:T18) -> 6 | U23: =MAX(U13:U18) -> 4 | V23: =MAX(V13:V18) -> 3 | W23: =MAX(W13:W18) -> 0 | X23: =MAX(X13:X18) -> 1 | Y23: =MAX(Y13:Y18) -> 7 | Z23: =MAX(Z13:Z18) -> 1 | ... AF23: =MAX(AF13:AF18) -> 103
B24: 10.30 - 10.45 | C24: 5 | D24: 1 | E24: 0 | F24: 0 | G24: 0 | H24: 0 | I24: 1 | J24: 0 | K24: 0 | L24: 0 | M24: 22 | N24: 0 | O24: =SUM(C24:L24,N24) -> 7 | P24: =SUM(C24:N24) -> 29 | R24: PM Peak Hr | S24: =MAX(S19:S21) -> 41 | T24: =MAX(T19:T21) -> 6 | U24: =MAX(U19:U21) -> 5 | V24: =MAX(V19:V21) -> 5 | W24: =MAX(W19:W21) -> 3 | X24: =MAX(X19:X21) -> 1 | Y24: =MAX(Y19:Y21) -> 11 | Z24: =MAX(Z19:Z21) -> 0 | ... AF24: =MAX(AF19:AF21) -> 156
B25: 10.45 - 11.00 | C25: 1 | D25: 0 | E25: 0 | F25: 0 | G25: 0 | H25: 0 | I25: 2 | J25: 0 | K25: 0 | L25: 0 | M25: 16 | N25: 0 | O25: =SUM(C25:L25,N25) -> 3 | P25: =SUM(C25:N25) -> 19 | R25: AM Period | S25: =SUM(S10:S12) -> 42 | T25: =SUM(T10:T12) -> 10 | U25: =SUM(U10:U12) -> 7 | V25: =SUM(V10:V12) -> 5 | W25: =SUM(W10:W12) -> 1 | X25: =SUM(X10:X12) -> 0 | Y25: =SUM(Y10:Y12) -> 13 | Z25: =SUM(Z10:Z12) -> 1 | ... AF25: =SUM(AF10:AF12) -> 375
B26: 11.00 - 11.15 | C26: 6 | D26: 0 | E26: 1 | F26: 0 | G26: 0 | H26: 0 | I26: 1 | J26: 0 | K26: 0 | L26: 0 | M26: 11 | N26: 0 | O26: =SUM(C26:L26,N26) -> 8 | P26: =SUM(C26:N26) -> 19 | R26: IP Period | S26: =SUM(S13:S18) -> 84 | T26: =SUM(T13:T18) -> 15 | U26: =SUM(U13:U18) -> 16 | V26: =SUM(V13:V18) -> 7 | W26: =SUM(W13:W18) -> 0 | X26: =SUM(X13:X18) -> 1 | Y26: =SUM(Y13:Y18) -> 29 | Z26: =SUM(Z13:Z18) -> 2 | ... AF26: =SUM(AF13:AF18) -> 557
B27: 11.15 - 11.30 | C27: 2 | D27: 0 | E27: 1 | F27: 1 | G27: 0 | H27: 0 | I27: 0 | J27: 0 | K27: 0 | L27: 0 | M27: 20 | N27: 0 | O27: =SUM(C27:L27,N27) -> 4 | P27: =SUM(C27:N27) -> 24 | R27: PM Period | S27: =SUM(S19:S21) -> 79 | T27: =SUM(T19:T21) -> 9 | U27: =SUM(U19:U21) -> 12 | V27: =SUM(V19:V21) -> 9 | W27: =SUM(W19:W21) -> 7 | X27: =SUM(X19:X21) -> 1 | Y27: =SUM(Y19:Y21) -> 20 | Z27: =SUM(Z19:Z21) -> 0 | ... AF27: =SUM(AF19:AF21) -> 359
B28: 11.30 - 11.45 | C28: 2 | D28: 0 | E28: 2 | F28: 0 | G28: 0 | H28: 0 | I28: 2 | J28: 0 | K28: 0 | L28: 0 | M28: 17 | N28: 0 | O28: =SUM(C28:L28,N28) -> 6 | P28: =SUM(C28:N28) -> 23 | R28: 12 Hours | S28: =SUM(S10:S21) -> 205 | T28: =SUM(T10:T21) -> 34 | U28: =SUM(U10:U21) -> 35 | V28: =SUM(V10:V21) -> 21 | W28: =SUM(W10:W21) -> 8 | X28: =SUM(X10:X21) -> 2 | Y28: =SUM(Y10:Y21) -> 62 | Z28: =SUM(Z10:Z21) -> 3 | ... AF28: =SUM(AF10:AF21) -> 1291
B29: 11.45 - 12.00 | C29: 3 | D29: 0 | E29: 0 | F29: 0 | G29: 0 | H29: 0 | I29: 2 | J29: 0 | K29: 0 | L29: 0 | M29: 19 | N29: 0 | O29: =SUM(C29:L29,N29) -> 5 | P29: =SUM(C29:N29) -> 24
B30: 12.00 - 12.15 | C30: 4 | D30: 0 | E30: 1 | F30: 1 | G30: 0 | H30: 0 | I30: 1 | J30: 0 | K30: 0 | L30: 0 | M30: 18 | N30: 0 | O30: =SUM(C30:L30,N30) -> 7 | P30: =SUM(C30:N30) -> 25
B31: 12.15 - 12.30 | C31: 1 | D31: 0 | E31: 0 | F31: 1 | G31: 0 | H31: 0 | I31: 0 | J31: 0 | K31: 1 | L31: 0 | M31: 18 | N31: 0 | O31: =SUM(C31:L31,N31) -> 3 | P31: =SUM(C31:N31) -> 21
B32: 12.30 - 12.45 | C32: 6 | D32: 0 | E32: 1 | F32: 0 | G32: 0 | H32: 0 | I32: 0 | J32: 0 | K32: 0 | L32: 0 | M32: 15 | N32: 0 | O32: =SUM(C32:L32,N32) -> 7 | P32: =SUM(C32:N32) -> 22
B33: 12.45 - 13.00 | C33: 3 | D33: 1 | E33: 0 | F33: 1 | G33: 0 | H33: 0 | I33: 0 | J33: 0 | K33: 0 | L33: 0 | M33: 20 | N33: 0 | O33: =SUM(C33:L33,N33) -> 5 | P33: =SUM(C33:N33) -> 25
B34: 13.00 - 13.15 | C34: 4 | D34: 0 | E34: 1 | F34: 0 | G34: 0 | H34: 0 | I34: 1 | J34: 1 | K34: 0 | L34: 0 | M34: 20 | N34: 0 | O34: =SUM(C34:L34,N34) -> 7 | P34: =SUM(C34:N34) -> 27
B35: 13.15 - 13.30 | C35: 6 | D35: 1 | E35: 0 | F35: 0 | G35: 0 | H35: 0 | I35: 5 | J35: 0 | K35: 0 | L35: 0 | M35: 15 | N35: 0 | O35: =SUM(C35:L35,N35) -> 12 | P35: =SUM(C35:N35) -> 27
B36: 13.30 - 13.45 | C36: 2 | D36: 0 | E36: 1 | F36: 0 | G36: 0 | H36: 1 | I36: 0 | J36: 0 | K36: 0 | L36: 0 | M36: 16 | N36: 0 | O36: =SUM(C36:L36,N36) -> 4 | P36: =SUM(C36:N36) -> 20
B37: 13.45 - 14.00 | C37: 3 | D37: 1 | E37: 0 | F37: 0 | G37: 0 | H37: 0 | I37: 0 | J37: 0 | K37: 0 | L37: 0 | M37: 16 | N37: 0 | O37: =SUM(C37:L37,N37) -> 4 | P37: =SUM(C37:N37) -> 20
B38: 14.00 - 14.15 | C38: 7 | D38: 1 | E38: 2 | F38: 0 | G38: 0 | H38: 0 | I38: 0 | J38: 0 | K38: 0 | L38: 0 | M38: 14 | N38: 0 | O38: =SUM(C38:L38,N38) -> 10 | P38: =SUM(C38:N38) -> 24
B39: 14.15 - 14.30 | C39: 4 | D39: 0 | E39: 0 | F39: 1 | G39: 0 | H39: 0 | I39: 2 | J39: 0 | K39: 0 | L39: 0 | M39: 19 | N39: 0 | O39: =SUM(C39:L39,N39) -> 7 | P39: =SUM(C39:N39) -> 26
B40: 14.30 - 14.45 | C40: 5 | D40: 1 | E40: 1 | F40: 1 | G40: 0 | H40: 0 | I40: 1 | J40: 0 | K40: 0 | L40: 0 | M40: 18 | N40: 0 | O40: =SUM(C40:L40,N40) -> 9 | P40: =SUM(C40:N40) -> 27
... B57: 18.45 - 19.00 | C57: 3 | D57: 0 | E57: 1 | F57: 0 | G57: 0 | H57: 0 | I57: 2 | J57: 0 | K57: 0 | L57: 0 | M57: 19 | N57: 0 | O57: =SUM(C57:L57,N57) -> 6 | P57: =SUM(C57:N57) -> 25
B58: Totals | C58: =SUM(C10:C57) -> 205 | D58: =SUM(D10:D57) -> 34 | E58: =SUM(E10:E57) -> 35 | F58: =SUM(F10:F57) -> 21 | G58: =SUM(G10:G57) -> 8 | H58: =SUM(H10:H57) -> 2 | I58: =SUM(I10:I57) -> 62 | J58: =SUM(J10:J57) -> 3 | ... P58: =SUM(P10:P57) -> 1291
B59: %ges + MCs | C59: =C58/$P$58 -> 0.15879163 | D59: =D58/$P$58 -> 0.026336174 | E59: =E58/$P$58 -> 0.027110767 | F59: =F58/$P$58 -> 0.01626646 | G59: =G58/$P$58 -> 0.0061967467 | H59: =H58/$P$58 -> 0.0015491867 | I59: =I58/$P$58 -> 0.048024787 | J59: =J58/$P$58 -> 0.00232378 | ... N59: =N58/$P$58 -> 0
B60: %ges w/o MCs | C60: =C58/$O$58 -> 0.55107527 | D60: =D58/$O$58 -> 0.091397849 | E60: =E58/$O$58 -> 0.094086022 | F60: =F58/$O$58 -> 0.056451613 | G60: =G58/$O$58 -> 0.021505376 | H60: =H58/$O$58 -> 0.0053763441 | I60: =I58/$O$58 -> 0.16666667 | J60: =J58/$O$58 -> 0.0080645161 | ... L60: =L58/$O$58 -> 0.002688172 | N60: =N58/$O$58 -> 0

Sheet 24.09 Buloba-Nsangi
B1: Consultancy services for Preparation of Expressway Development Master Plan (EDMP) for Uganda
B2: MANUAL CLASSIFIED COUNT (MCC)
B3: ROAD NAME: | C3: ='[1]24.09.2019 NSANGI-BULOBA'!C3:G3 -> MCC-C2-STN61-NSANGI-BULOBA
C5: Date | D5: ='[1]24.09.2019 NSANGI-BULOBA'!D5 -> 24.09.19 | F5: Location | G5: HANA INT. SCHOOL | J5: Surveyor | K5: NAKIWALA JUSTINE
C6: Dir. From | D6: BULOBA | F6: Dir. To | G6: NSANGI | J6: Supervisor | K6: DENIS
B8: Time / Veh Type | R8: SUMMARY TRAFFIC VOLUMES
C9: 1. Car | D9: 2. Station Wagon | E9: 3. Pickups | F9: 4. Minibus, matatu | G9: 5. Medium bus | H9: 6. Large Bus | I9: 7. Light Truck | J9: 8. Medium Truck | K9: 9. Heavy truck | L9: 10. Truck Trailer | M9: 11. Motor cycles | N9: 12. Tractors | O9: Total Excl M/Cycles | P9: Total All | R9: Time | S9: 1. Car | T9: 2. Station Wagon | U9: 3. Pickups | V9: 4. Minibus, matatu | W9: 5. Medium bus | X9: 6. Large Bus | Y9: 7. Light Truck | Z9: 8. Medium Truck | AA9: 9. Heavy truck | AB9: 10. Truck Trailer | AC9: 11. Motorcycles | AD9: 12. Tractors, Graders | AE9: Total Excl M/ Cycles | AF9: Total All
B10: 07.00 - 07.15 | C10: 8 | D10: 1 | E10: 0 | F10: 0 | G10: 0 | H10: 0 | I10: 0 | J10: 0 | K10: 0 | L10: 0 | M10: 21 | N10: 0 | O10: =SUM(C10:L10,N10) -> 9 | P10: =SUM(C10:N10) -> 30 | R10: 0700-0800 | S10: =SUM(C10:C13) -> 20 | T10: =SUM(D10:D13) -> 5 | U10: =SUM(E10:E13) -> 2 | V10: =SUM(F10:F13) -> 2 | W10: =SUM(G10:G13) -> 0 | X10: =SUM(H10:H13) -> 0 | Y10: =SUM(I10:I13) -> 1 | Z10: =SUM(J10:J13) -> 0 | ... AF10: =SUM(P10:P13) -> 136
B11: 07.15 - 07.30 | C11: 4 | D11: 0 | E11: 1 | F11: 1 | G11: 0 | H11: 0 | I11: 1 | J11: 0 | K11: 0 | L11: 0 | M11: 34 | N11: 0 | O11: =SUM(C11:L11,N11) -> 7 | P11: =SUM(C11:N11) -> 41 | R11: 0800-0900 | S11: =SUM(C14:C17) -> 14 | T11: =SUM(D14:D17) -> 3 | U11: =SUM(E14:E17) -> 2 | V11: =SUM(F14:F17) -> 2 | W11: =SUM(G14:G17) -> 0 | X11: =SUM(H14:H17) -> 0 | Y11: =SUM(I14:I17) -> 8 | Z11: =SUM(J14:J17) -> 0 | ... AF11: =SUM(P14:P17) -> 119
B12: 07.30 - 07.45 | C12: 5 | D12: 3 | E12: 1 | F12: 0 | G12: 0 | H12: 0 | I12: 0 | J12: 0 | K12: 0 | L12: 0 | M12: 26 | N12: 0 | O12: =SUM(C12:L12,N12) -> 9 | P12: =SUM(C12:N12) -> 35 | R12: 0900-1000 | S12: =SUM(C18:C21) -> 22 | T12: =SUM(D18:D21) -> 1 | U12: =SUM(E18:E21) -> 3 | V12: =SUM(F18:F21) -> 1 | W12: =SUM(G18:G21) -> 0 | X12: =SUM(H18:H21) -> 0 | Y12: =SUM(I18:I21) -> 9 | Z12: =SUM(J18:J21) -> 0 | ... AF12: =SUM(P18:P21) -> 131
B13: 07.45 - 08.00 | C13: 3 | D13: 1 | E13: 0 | F13: 1 | G13: 0 | H13: 0 | I13: 0 | J13: 0 | K13: 0 | L13: 0 | M13: 25 | N13: 0 | O13: =SUM(C13:L13,N13) -> 5 | P13: =SUM(C13:N13) -> 30 | R13: 1000-1100 | S13: =SUM(C22:C25) -> 18 | T13: =SUM(D22:D25) -> 4 | U13: =SUM(E22:E25) -> 0 | V13: =SUM(F22:F25) -> 0 | W13: =SUM(G22:G25) -> 0 | X13: =SUM(H22:H25) -> 0 | Y13: =SUM(I22:I25) -> 6 | Z13: =SUM(J22:J25) -> 1 | ... AF13: =SUM(P22:P25) -> 112
B14: 08.00 - 08.15 | C14: 5 | D14: 0 | E14: 1 | F14: 0 | G14: 0 | H14: 0 | I14: 1 | J14: 0 | K14: 0 | L14: 0 | M14: 20 | N14: 0 | O14: =SUM(C14:L14,N14) -> 7 | P14: =SUM(C14:N14) -> 27 | R14: 1100-1200 | S14: =SUM(C26:C29) -> 15 | T14: =SUM(D26:D29) -> 1 | U14: =SUM(E26:E29) -> 4 | V14: =SUM(F26:F29) -> 3 | W14: =SUM(G26:G29) -> 0 | X14: =SUM(H26:H29) -> 0 | Y14: =SUM(I26:I29) -> 6 | Z14: =SUM(J26:J29) -> 0 | ... AF14: =SUM(P26:P29) -> 111
B15: 08.15 - 08.30 | C15: 1 | D15: 0 | E15: 1 | F15: 1 | G15: 0 | H15: 0 | I15: 2 | J15: 0 | K15: 0 | L15: 0 | M15: 25 | N15: 0 | O15: =SUM(C15:L15,N15) -> 5 | P15: =SUM(C15:N15) -> 30 | R15: 1200-1300 | S15: =SUM(C30:C33) -> 14 | T15: =SUM(D30:D33) -> 3 | U15: =SUM(E30:E33) -> 2 | V15: =SUM(F30:F33) -> 1 | W15: =SUM(G30:G33) -> 0 | X15: =SUM(H30:H33) -> 0 | Y15: =SUM(I30:I33) -> 6 | Z15: =SUM(J30:J33) -> 0 | ... AF15: =SUM(P30:P33) -> 101
B16: 08.30 - 08.45 | C16: 2 | D16: 0 | E16: 0 | F16: 1 | G16: 0 | H16: 0 | I16: 3 | J16: 0 | K16: 0 | L16: 0 | M16: 20 | N16: 0 | O16: =SUM(C16:L16,N16) -> 6 | P16: =SUM(C16:N16) -> 26 | R16: 1300-1400 | S16: =SUM(C34:C38) -> 19 | T16: =SUM(D34:D38) -> 1 | U16: =SUM(E34:E38) -> 5 | V16: =SUM(F34:F38) -> 5 | W16: =SUM(G34:G38) -> 0 | X16: =SUM(H34:H38) -> 0 | Y16: =SUM(I34:I38) -> 8 | Z16: =SUM(J34:J38) -> 2 | ... AC16: =SUM(M34:M38) -> 91 | AD16: =SUM(N34:N37) -> 0 | AE16: =SUM(O34:O37) -> 32 | AF16: =SUM(P34:P37) -> 109
B17: 08.45 - 9.00 | C17: 6 | D17: 3 | E17: 0 | F17: 0 | G17: 0 | H17: 0 | I17: 2 | J17: 0 | K17: 0 | L17: 0 | M17: 25 | N17: 0 | O17: =SUM(C17:L17,N17) -> 11 | P17: =SUM(C17:N17) -> 36 | R17: 1400-1500 | S17: =SUM(C39:C42) -> 5 | T17: =SUM(D39:D42) -> 1 | U17: =SUM(E39:E42) -> 3 | V17: =SUM(F39:F42) -> 2 | W17: =SUM(G39:G42) -> 0 | X17: =SUM(H39:H42) -> 0 | Y17: =SUM(I39:I42) -> 3 | Z17: =SUM(J39:J42) -> 1 | ... AC17: =SUM(M39:M42) -> 67 | AD17: =SUM(N38:N41) -> 0 | AE17: =SUM(O38:O41) -> 20 | AF17: =SUM(P38:P41) -> 86
B18: 09.00 - 09.15 | C18: 1 | D18: 0 | E18: 0 | F18: 0 | G18: 0 | H18: 0 | I18: 1 | J18: 0 | K18: 0 | L18: 0 | M18: 26 | N18: 0 | O18: =SUM(C18:L18,N18) -> 2 | P18: =SUM(C18:N18) -> 28 | R18: 1500-1600 | S18: =SUM(C43:C46) -> 10 | T18: =SUM(D43:D46) -> 4 | U18: =SUM(E43:E46) -> 7 | V18: =SUM(F43:F46) -> 0 | W18: =SUM(G43:G46) -> 0 | X18: =SUM(H43:H46) -> 0 | Y18: =SUM(I43:I46) -> 3 | Z18: =SUM(J43:J46) -> 1 | ... AC18: =SUM(M43:M46) -> 51 | AD18: =SUM(N42:N45) -> 0 | AE18: =SUM(O42:O45) -> 24 | AF18: =SUM(P42:P45) -> 78
B19: 09.15 - 09.30 | C19: 6 | D19: 0 | E19: 1 | F19: 0 | G19: 0 | H19: 0 | I19: 3 | J19: 0 | K19: 0 | L19: 0 | M19: 19 | N19: 0 | O19: =SUM(C19:L19,N19) -> 10 | P19: =SUM(C19:N19) -> 29 | R19: 1600-1700 | S19: =SUM(C47:C50) -> 17 | T19: =SUM(D47:D50) -> 1 | U19: =SUM(E47:E50) -> 2 | V19: =SUM(F47:F50) -> 2 | W19: =SUM(G47:G50) -> 1 | X19: =SUM(H47:H50) -> 0 | Y19: =SUM(I47:I50) -> 7 | Z19: =SUM(J47:J50) -> 0 | ... AC19: =SUM(M47:M50) -> 73 | AD19: =SUM(N46:N49) -> 0 | AE19: =SUM(O46:O49) -> 28 | AF19: =SUM(P46:P49) -> 92
B20: 09.30 - 09.45 | C20: 8 | D20: 0 | E20: 2 | F20: 0 | G20: 0 | H20: 0 | I20: 3 | J20: 0 | K20: 0 | L20: 0 | M20: 26 | N20: 0 | O20: =SUM(C20:L20,N20) -> 13 | P20: =SUM(C20:N20) -> 39 | R20: 1700-1800 | S20: =SUM(C51:C53) -> 11 | T20: =SUM(D51:D53) -> 1 | U20: =SUM(E51:E53) -> 4 | V20: =SUM(F51:F53) -> 5 | W20: =SUM(G51:G53) -> 3 | X20: =SUM(H51:H53) -> 0 | Y20: =SUM(I51:I53) -> 4 | Z20: =SUM(J51:J53) -> 2 | ... AC20: =SUM(M51:M53) -> 67 | AD20: =SUM(N50:N53) -> 0 | AE20: =SUM(O50:O53) -> 38 | AF20: =SUM(P50:P53) -> 126
B21: 09.45 - 10.00 | C21: 7 | D21: 1 | E21: 0 | F21: 1 | G21: 0 | H21: 0 | I21: 2 | J21: 0 | K21: 0 | L21: 0 | M21: 24 | N21: 0 | O21: =SUM(C21:L21,N21) -> 11 | P21: =SUM(C21:N21) -> 35 | R21: 1800-1900 | S21: =SUM(C54:C57) -> 14 | T21: =SUM(D54:D57) -> 3 | U21: =SUM(E54:E57) -> 1 | V21: =SUM(F54:F57) -> 6 | W21: =SUM(G54:G57) -> 1 | X21: =SUM(H54:H57) -> 0 | Y21: =SUM(I54:I57) -> 8 | Z21: =SUM(J54:J57) -> 2 | ... AF21: =SUM(P54:P57) -> 131
B22: 10.00 - 10.15 | C22: 4 | D22: 1 | E22: 0 | F22: 0 | G22: 0 | H22: 0 | I22: 2 | J22: 1 | K22: 0 | L22: 0 | M22: 24 | N22: 0 | O22: =SUM(C22:L22,N22) -> 8 | P22: =SUM(C22:N22) -> 32 | R22: AM Peak Hr | S22: =MAX(S10:S12) -> 22 | T22: =MAX(T10:T12) -> 5 | U22: =MAX(U10:U12) -> 3 | V22: =MAX(V10:V12) -> 2 | W22: =MAX(W10:W12) -> 0 | X22: =MAX(X10:X12) -> 0 | Y22: =MAX(Y10:Y12) -> 9 | Z22: =MAX(Z10:Z12) -> 0 | ... AF22: =MAX(AF10:AF12) -> 136
B23: 10.15 - 10.30 | C23: 3 | D23: 0 | E23: 0 | F23: 0 | G23: 0 | H23: 0 | I23: 2 | J23: 0 | K23: 0 | L23: 0 | M23: 18 | N23: 0 | O23: =SUM(C23:L23,N23) -> 5 | P23: =SUM(C23:N23) -> 23 | R23: IP Peak Hr | S23: =MAX(S13:S18) -> 19 | T23: =MAX(T13:T18) -> 4 | U23: =MAX(U13:U18) -> 7 | V23: =MAX(V13:V18) -> 5 | W23: =MAX(W13:W18) -> 0 | X23: =MAX(X13:X18) -> 0 | Y23: =MAX(Y13:Y18) -> 8 | Z23: =MAX(Z13:Z18) -> 2 | ... AF23: =MAX(AF13:AF18) -> 112
B24: 10.30 - 10.45 | C24: 7 | D24: 3 | E24: 0 | F24: 0 | G24: 0 | H24: 0 | I24: 1 | J24: 0 | K24: 1 | L24: 0 | M24: 30 | N24: 0 | O24: =SUM(C24:L24,N24) -> 12 | P24: =SUM(C24:N24) -> 42 | R24: PM Peak Hr | S24: =MAX(S19:S21) -> 17 | T24: =MAX(T19:T21) -> 3 | U24: =MAX(U19:U21) -> 4 | V24: =MAX(V19:V21) -> 6 | W24: =MAX(W19:W21) -> 3 | X24: =MAX(X19:X21) -> 0 | Y24: =MAX(Y19:Y21) -> 8 | Z24: =MAX(Z19:Z21) -> 2 | ... AF24: =MAX(AF19:AF21) -> 131
B25: 10.45 - 11.00 | C25: 4 | D25: 0 | E25: 0 | F25: 0 | G25: 0 | H25: 0 | I25: 1 | J25: 0 | K25: 0 | L25: 0 | M25: 10 | N25: 0 | O25: =SUM(C25:L25,N25) -> 5 | P25: =SUM(C25:N25) -> 15 | R25: AM Period | S25: =SUM(S10:S12) -> 56 | T25: =SUM(T10:T12) -> 9 | U25: =SUM(U10:U12) -> 7 | V25: =SUM(V10:V12) -> 5 | W25: =SUM(W10:W12) -> 0 | X25: =SUM(X10:X12) -> 0 | Y25: =SUM(Y10:Y12) -> 18 | Z25: =SUM(Z10:Z12) -> 0 | ... AF25: =SUM(AF10:AF12) -> 386
B26: 11.00 - 11.15 | C26: 3 | D26: 0 | E26: 0 | F26: 0 | G26: 0 | H26: 0 | I26: 1 | J26: 0 | K26: 0 | L26: 0 | M26: 21 | N26: 0 | O26: =SUM(C26:L26,N26) -> 4 | P26: =SUM(C26:N26) -> 25 | R26: IP Period | S26: =SUM(S13:S18) -> 81 | T26: =SUM(T13:T18) -> 14 | U26: =SUM(U13:U18) -> 21 | V26: =SUM(V13:V18) -> 11 | W26: =SUM(W13:W18) -> 0 | X26: =SUM(X13:X18) -> 0 | Y26: =SUM(Y13:Y18) -> 32 | Z26: =SUM(Z13:Z18) -> 5 | ... AF26: =SUM(AF13:AF18) -> 597
B27: 11.15 - 11.30 | C27: 2 | D27: 1 | E27: 1 | F27: 1 | G27: 0 | H27: 0 | I27: 0 | J27: 0 | K27: 0 | L27: 0 | M27: 19 | N27: 0 | O27: =SUM(C27:L27,N27) -> 5 | P27: =SUM(C27:N27) -> 24 | R27: PM Period | S27: =SUM(S19:S21) -> 42 | T27: =SUM(T19:T21) -> 5 | U27: =SUM(U19:U21) -> 7 | V27: =SUM(V19:V21) -> 13 | W27: =SUM(W19:W21) -> 5 | X27: =SUM(X19:X21) -> 0 | Y27: =SUM(Y19:Y21) -> 19 | Z27: =SUM(Z19:Z21) -> 4 | ... AF27: =SUM(AF19:AF21) -> 349
B28: 11.30 - 11.45 | C28: 3 | D28: 0 | E28: 2 | F28: 0 | G28: 0 | H28: 0 | I28: 3 | J28: 0 | K28: 0 | L28: 0 | M28: 13 | N28: 0 | O28: =SUM(C28:L28,N28) -> 8 | P28: =SUM(C28:N28) -> 21 | R28: 12 Hours | S28: =SUM(S10:S21) -> 179 | T28: =SUM(T10:T21) -> 28 | U28: =SUM(U10:U21) -> 35 | V28: =SUM(V10:V21) -> 29 | W28: =SUM(W10:W21) -> 5 | X28: =SUM(X10:X21) -> 0 | Y28: =SUM(Y10:Y21) -> 69 | Z28: =SUM(Z10:Z21) -> 9 | ... AF28: =SUM(AF10:AF21) -> 1332
B29: 11.45 - 12.00 | C29: 7 | D29: 0 | E29: 1 | F29: 2 | G29: 0 | H29: 0 | I29: 2 | J29: 0 | K29: 0 | L29: 0 | M29: 29 | N29: 0 | O29: =SUM(C29:L29,N29) -> 12 | P29: =SUM(C29:N29) -> 41
B30: 12.00 - 12.15 | C30: 2 | D30: 1 | E30: 0 | F30: 0 | G30: 0 | H30: 0 | I30: 1 | J30: 0 | K30: 0 | L30: 0 | M30: 16 | N30: 0 | O30: =SUM(C30:L30,N30) -> 4 | P30: =SUM(C30:N30) -> 20
B31: 12.15 - 12.30 | C31: 4 | D31: 1 | E31: 0 | F31: 0 | G31: 0 | H31: 0 | I31: 3 | J31: 0 | K31: 0 | L31: 0 | M31: 22 | N31: 0 | O31: =SUM(C31:L31,N31) -> 8 | P31: =SUM(C31:N31) -> 30
B32: 12.30 - 12.45 | C32: 4 | D32: 1 | E32: 2 | F32: 0 | G32: 0 | H32: 0 | I32: 2 | J32: 0 | K32: 0 | L32: 0 | M32: 15 | N32: 0 | O32: =SUM(C32:L32,N32) -> 9 | P32: =SUM(C32:N32) -> 24
B33: 12.45 - 13.00 | C33: 4 | D33: 0 | E33: 0 | F33: 1 | G33: 0 | H33: 0 | I33: 0 | J33: 0 | K33: 0 | L33: 0 | M33: 22 | N33: 0 | O33: =SUM(C33:L33,N33) -> 5 | P33: =SUM(C33:N33) -> 27
B34: 13.00 - 13.15 | C34: 4 | D34: 0 | E34: 1 | F34: 2 | G34: 0 | H34: 0 | I34: 2 | J34: 0 | K34: 0 | L34: 0 | M34: 23 | N34: 0 | O34: =SUM(C34:L34,N34) -> 9 | P34: =SUM(C34:N34) -> 32
B35: 13.15 - 13.30 | C35: 2 | D35: 0 | E35: 1 | F35: 2 | G35: 0 | H35: 0 | I35: 1 | J35: 1 | K35: 0 | L35: 0 | M35: 19 | N35: 0 | O35: =SUM(C35:L35,N35) -> 7 | P35: =SUM(C35:N35) -> 26
B36: 13.30 - 13.45 | C36: 6 | D36: 0 | E36: 1 | F36: 0 | G36: 0 | H36: 0 | I36: 0 | J36: 0 | K36: 0 | L36: 0 | M36: 18 | N36: 0 | O36: =SUM(C36:L36,N36) -> 7 | P36: =SUM(C36:N36) -> 25
B37: 13.45 - 14.00 | C37: 3 | D37: 0 | E37: 1 | F37: 1 | G37: 0 | H37: 0 | I37: 3 | J37: 1 | K37: 0 | L37: 0 | M37: 17 | N37: 0 | O37: =SUM(C37:L37,N37) -> 9 | P37: =SUM(C37:N37) -> 26
B38: 14.00 - 14.15 | C38: 4 | D38: 1 | E38: 1 | F38: 0 | G38: 0 | H38: 0 | I38: 2 | J38: 0 | K38: 0 | L38: 0 | M38: 14 | N38: 0 | O38: =SUM(C38:L38,N38) -> 8 | P38: =SUM(C38:N38) -> 22
B39: 14.15 - 14.30 | C39: 1 | D39: 0 | E39: 1 | F39: 1 | G39: 0 | H39: 0 | I39: 2 | J39: 0 | K39: 0 | L39: 0 | M39: 16 | N39: 0 | O39: =SUM(C39:L39,N39) -> 5 | P39: =SUM(C39:N39) -> 21
B40: 14.30 - 14.45 | C40: 1 | D40: 0 | E40: 1 | F40: 0 | G40: 0 | H40: 0 | I40: 0 | J40: 0 | K40: 0 | L40: 0 | M40: 13 | N40: 0 | O40: =SUM(C40:L40,N40) -> 2 | P40: =SUM(C40:N40) -> 15
... B57: 18.45 - 19.00 | C57: 1 | D57: 1 | E57: 0 | F57: 1 | G57: 0 | H57: 0 | I57: 3 | J57: 1 | K57: 0 | L57: 0 | M57: 22 | N57: 0 | O57: =SUM(C57:L57,N57) -> 7 | P57: =SUM(C57:N57) -> 29
B58: Totals | C58: =SUM(C10:C57) -> 179 | D58: =SUM(D10:D57) -> 28 | E58: =SUM(E10:E57) -> 35 | F58: =SUM(F10:F57) -> 29 | G58: =SUM(G10:G57) -> 5 | H58: =SUM(H10:H57) -> 0 | I58: =SUM(I10:I57) -> 69 | J58: =SUM(J10:J57) -> 9 | ... N58: =SUM(N10:N57) -> 0 | O58: =SUM(C58:L58,N58) -> 357 | P58: =SUM(P10:P57) -> 1332
B59: %ges + MCs | C59: =C58/$P$58 -> 0.13438438 | D59: =D58/$P$58 -> 0.021021021 | E59: =E58/$P$58 -> 0.026276276 | F59: =F58/$P$58 -> 0.021771772 | G59: =G58/$P$58 -> 0.0037537538 | H59: =H58/$P$58 -> 0 | I59: =I58/$P$58 -> 0.051801802 | J59: =J58/$P$58 -> 0.0067567568 | ... N59: =N58/$P$58 -> 0
B60: %ges w/o MCs | C60: =C58/$O$58 -> 0.50140056 | D60: =D58/$O$58 -> 0.078431373 | E60: =E58/$O$58 -> 0.098039216 | F60: =F58/$O$58 -> 0.081232493 | G60: =G58/$O$58 -> 0.014005602 | H60: =H58/$O$58 -> 0 | I60: =I58/$O$58 -> 0.19327731 | J60: =J58/$O$58 -> 0.025210084 | ... L60: =L58/$O$58 -> 0 | N60: =N58/$O$58 -> 0

Sheet 24.09 Nsangi-Buloba
B1: Consultancy services for Preparation of Expressway Development Master Plan (EDMP) for Uganda
B2: MANUAL CLASSIFIED COUNT (MCC)
B3: ROAD NAME: | C3: MCC-C2-STN61-NSANGI-BULOBA
C5: Date | D5: 24.09.19 | F5: Location | G5: HANA INT. SCHOOL | J5: Surveyor | K5: MIREMBE RUTH
C6: Dir. From | D6: NSANGI | F6: Dir. To | G6: BULOBA | J6: Supervisor | K6: DENIS
B8: Time / Veh Type | R8: SUMMARY TRAFFIC VOLUMES
C9: 1. Car | D9: 2. Station Wagon | E9: 3. Pickups | F9: 4. Minibus, matatu | G9: 5. Medium bus | H9: 6. Large Bus | I9: 7. Light Truck | J9: 8. Medium Truck | K9: 9. Heavy truck | L9: 10. Truck Trailer | M9: 11. Motor cycles | N9: 12. Tractors | O9: Total Excl M/Cycles | P9: Total All | R9: Time | S9: 1. Car | T9: 2. Station Wagon | U9: 3. Pickups | V9: 4. Minibus, matatu | W9: 5. Medium bus | X9: 6. Large Bus | Y9: 7. Light Truck | Z9: 8. Medium Truck | AA9: 9. Heavy truck | AB9: 10. Truck Trailer | AC9: 11. Motorcycles | AD9: 12. Tractors, Graders | AE9: Total Excl M/ Cycles | AF9: Total All
B10: 07.00 - 07.15 | C10: 4 | D10: 0 | E10: 0 | F10: 0 | G10: 1 | H10: 0 | I10: 0 | J10: 0 | K10: 0 | L10: 0 | M10: 16 | N10: 0 | O10: =SUM(C10:L10,N10) -> 5 | P10: =SUM(C10:N10) -> 21 | R10: 0700-0800 | S10: =SUM(C10:C13) -> 19 | T10: =SUM(D10:D13) -> 1 | U10: =SUM(E10:E13) -> 0 | V10: =SUM(F10:F13) -> 3 | W10: =SUM(G10:G13) -> 2 | X10: =SUM(H10:H13) -> 0 | Y10: =SUM(I10:I13) -> 2 | Z10: =SUM(J10:J13) -> 1 | ... AF10: =SUM(P10:P13) -> 117
B11: 07.15 - 07.30 | C11: 8 | D11: 0 | E11: 0 | F11: 1 | G11: 1 | H11: 0 | I11: 2 | J11: 0 | K11: 0 | L11: 0 | M11: 31 | N11: 0 | O11: =SUM(C11:L11,N11) -> 12 | P11: =SUM(C11:N11) -> 43 | R11: 0800-0900 | S11: =SUM(C14:C17) -> 15 | T11: =SUM(D14:D17) -> 3 | U11: =SUM(E14:E17) -> 1 | V11: =SUM(F14:F17) -> 1 | W11: =SUM(G14:G17) -> 0 | X11: =SUM(H14:H17) -> 0 | Y11: =SUM(I14:I17) -> 4 | Z11: =SUM(J14:J17) -> 0 | ... AF11: =SUM(P14:P17) -> 110
B12: 07.30 - 07.45 | C12: 4 | D12: 0 | E12: 0 | F12: 0 | G12: 0 | H12: 0 | I12: 0 | J12: 1 | K12: 1 | L12: 0 | M12: 24 | N12: 0 | O12: =SUM(C12:L12,N12) -> 6 | P12: =SUM(C12:N12) -> 30 | R12: 0900-1000 | S12: =SUM(C18:C21) -> 15 | T12: =SUM(D18:D21) -> 0 | U12: =SUM(E18:E21) -> 1 | V12: =SUM(F18:F21) -> 0 | W12: =SUM(G18:G21) -> 0 | X12: =SUM(H18:H21) -> 0 | Y12: =SUM(I18:I21) -> 14 | Z12: =SUM(J18:J21) -> 0 | ... AF12: =SUM(P18:P21) -> 136
B13: 07.45 - 08.00 | C13: 3 | D13: 1 | E13: 0 | F13: 2 | G13: 0 | H13: 0 | I13: 0 | J13: 0 | K13: 1 | L13: 0 | M13: 16 | N13: 0 | O13: =SUM(C13:L13,N13) -> 7 | P13: =SUM(C13:N13) -> 23 | R13: 1000-1100 | S13: =SUM(C22:C25) -> 12 | T13: =SUM(D22:D25) -> 1 | U13: =SUM(E22:E25) -> 1 | V13: =SUM(F22:F25) -> 0 | W13: =SUM(G22:G25) -> 0 | X13: =SUM(H22:H25) -> 0 | Y13: =SUM(I22:I25) -> 6 | Z13: =SUM(J22:J25) -> 1 | ... AF13: =SUM(P22:P25) -> 96
B14: 08.00 - 08.15 | C14: 5 | D14: 1 | E14: 0 | F14: 1 | G14: 0 | H14: 0 | I14: 1 | J14: 0 | K14: 0 | L14: 0 | M14: 22 | N14: 0 | O14: =SUM(C14:L14,N14) -> 8 | P14: =SUM(C14:N14) -> 30 | R14: 1100-1200 | S14: =SUM(C26:C29) -> 15 | T14: =SUM(D26:D29) -> 2 | U14: =SUM(E26:E29) -> 4 | V14: =SUM(F26:F29) -> 1 | W14: =SUM(G26:G29) -> 0 | X14: =SUM(H26:H29) -> 0 | Y14: =SUM(I26:I29) -> 9 | Z14: =SUM(J26:J29) -> 1 | ... AF14: =SUM(P26:P29) -> 110
B15: 08.15 - 08.30 | C15: 3 | D15: 0 | E15: 0 | F15: 0 | G15: 0 | H15: 0 | I15: 1 | J15: 0 | K15: 0 | L15: 0 | M15: 28 | N15: 0 | O15: =SUM(C15:L15,N15) -> 4 | P15: =SUM(C15:N15) -> 32 | R15: 1200-1300 | S15: =SUM(C30:C33) -> 10 | T15: =SUM(D30:D33) -> 1 | U15: =SUM(E30:E33) -> 2 | V15: =SUM(F30:F33) -> 1 | W15: =SUM(G30:G33) -> 0 | X15: =SUM(H30:H33) -> 0 | Y15: =SUM(I30:I33) -> 3 | Z15: =SUM(J30:J33) -> 1 | ... AF15: =SUM(P30:P33) -> 89
B16: 08.30 - 08.45 | C16: 3 | D16: 1 | E16: 0 | F16: 0 | G16: 0 | H16: 0 | I16: 1 | J16: 0 | K16: 0 | L16: 0 | M16: 13 | N16: 0 | O16: =SUM(C16:L16,N16) -> 5 | P16: =SUM(C16:N16) -> 18 | R16: 1300-1400 | S16: =SUM(C34:C37) -> 12 | T16: =SUM(D34:D37) -> 2 | U16: =SUM(E34:E37) -> 5 | V16: =SUM(F34:F37) -> 4 | W16: =SUM(G34:G37) -> 0 | X16: =SUM(H34:H37) -> 0 | Y16: =SUM(I34:I37) -> 2 | Z16: =SUM(J34:J37) -> 1 | ... AF16: =SUM(P34:P37) -> 89
B17: 08.45 - 9.00 | C17: 4 | D17: 1 | E17: 1 | F17: 0 | G17: 0 | H17: 0 | I17: 1 | J17: 0 | K17: 0 | L17: 1 | M17: 22 | N17: 0 | O17: =SUM(C17:L17,N17) -> 8 | P17: =SUM(C17:N17) -> 30 | R17: 1400-1500 | S17: =SUM(C38:C41) -> 6 | T17: =SUM(D38:D41) -> 1 | U17: =SUM(E38:E41) -> 4 | V17: =SUM(F38:F41) -> 2 | W17: =SUM(G38:G41) -> 0 | X17: =SUM(H38:H41) -> 0 | Y17: =SUM(I38:I41) -> 6 | Z17: =SUM(J38:J41) -> 2 | ... AF17: =SUM(P38:P41) -> 82
B18: 09.00 - 09.15 | C18: 4 | D18: 0 | E18: 0 | F18: 0 | G18: 0 | H18: 0 | I18: 2 | J18: 0 | K18: 0 | L18: 0 | M18: 24 | N18: 0 | O18: =SUM(C18:L18,N18) -> 6 | P18: =SUM(C18:N18) -> 30 | R18: 1500-1600 | S18: =SUM(C42:C45) -> 10 | T18: =SUM(D42:D45) -> 0 | U18: =SUM(E42:E45) -> 3 | V18: =SUM(F42:F45) -> 1 | W18: =SUM(G42:G45) -> 0 | X18: =SUM(H42:H45) -> 0 | Y18: =SUM(I42:I45) -> 5 | Z18: =SUM(J42:J45) -> 1 | ... AF18: =SUM(P42:P45) -> 56
B19: 09.15 - 09.30 | C19: 2 | D19: 0 | E19: 0 | F19: 0 | G19: 0 | H19: 0 | I19: 3 | J19: 0 | K19: 0 | L19: 0 | M19: 27 | N19: 0 | O19: =SUM(C19:L19,N19) -> 5 | P19: =SUM(C19:N19) -> 32 | R19: 1600-1700 | S19: =SUM(C46:C49) -> 18 | T19: =SUM(D46:D49) -> 2 | U19: =SUM(E46:E49) -> 1 | V19: =SUM(F46:F49) -> 4 | W19: =SUM(G46:G49) -> 0 | X19: =SUM(H46:H49) -> 0 | Y19: =SUM(I46:I49) -> 6 | Z19: =SUM(J46:J49) -> 1 | ... AF19: =SUM(P46:P49) -> 96
B20: 09.30 - 09.45 | C20: 5 | D20: 0 | E20: 1 | F20: 0 | G20: 0 | H20: 0 | I20: 4 | J20: 0 | K20: 0 | L20: 0 | M20: 24 | N20: 0 | O20: =SUM(C20:L20,N20) -> 10 | P20: =SUM(C20:N20) -> 34 | R20: 1700-1800 | S20: =SUM(C50:C53) -> 17 | T20: =SUM(D50:D53) -> 2 | U20: =SUM(E50:E53) -> 4 | V20: =SUM(F50:F53) -> 1 | W20: =SUM(G50:G53) -> 5 | X20: =SUM(H50:H53) -> 0 | Y20: =SUM(I50:I53) -> 3 | Z20: =SUM(J50:J53) -> 1 | ... AF20: =SUM(P50:P53) -> 115
B21: 09.45 - 10.00 | C21: 4 | D21: 0 | E21: 0 | F21: 0 | G21: 0 | H21: 0 | I21: 5 | J21: 0 | K21: 0 | L21: 0 | M21: 31 | N21: 0 | O21: =SUM(C21:L21,N21) -> 9 | P21: =SUM(C21:N21) -> 40 | R21: 1800-1900 | S21: =SUM(C54:C57) -> 26 | T21: =SUM(D54:D57) -> 3 | U21: =SUM(E54:E57) -> 5 | V21: =SUM(F54:F57) -> 6 | W21: =SUM(G54:G57) -> 0 | X21: =SUM(H54:H57) -> 0 | Y21: =SUM(I54:I57) -> 7 | Z21: =SUM(J54:J57) -> 0 | ... AF21: =SUM(P54:P57) -> 146
B22: 10.00 - 10.15 | C22: 3 | D22: 0 | E22: 1 | F22: 0 | G22: 0 | H22: 0 | I22: 0 | J22: 0 | K22: 0 | L22: 0 | M22: 19 | N22: 0 | O22: =SUM(C22:L22,N22) -> 4 | P22: =SUM(C22:N22) -> 23 | R22: AM Peak Hr | S22: =MAX(S10:S12) -> 19 | T22: =MAX(T10:T12) -> 3 | U22: =MAX(U10:U12) -> 1 | V22: =MAX(V10:V12) -> 3 | W22: =MAX(W10:W12) -> 2 | X22: =MAX(X10:X12) -> 0 | Y22: =MAX(Y10:Y12) -> 14 | Z22: =MAX(Z10:Z12) -> 1 | ... AF22: =MAX(AF10:AF12) -> 136
B23: 10.15 - 10.30 | C23: 5 | D23: 0 | E23: 0 | F23: 0 | G23: 0 | H23: 0 | I23: 1 | J23: 1 | K23: 0 | L23: 0 | M23: 19 | N23: 0 | O23: =SUM(C23:L23,N23) -> 7 | P23: =SUM(C23:N23) -> 26 | R23: IP Peak Hr | S23: =MAX(S13:S18) -> 15 | T23: =MAX(T13:T18) -> 2 | U23: =MAX(U13:U18) -> 5 | V23: =MAX(V13:V18) -> 4 | W23: =MAX(W13:W18) -> 0 | X23: =MAX(X13:X18) -> 0 | Y23: =MAX(Y13:Y18) -> 9 | Z23: =MAX(Z13:Z18) -> 2 | ... AF23: =MAX(AF13:AF18) -> 110
B24: 10.30 - 10.45 | C24: 3 | D24: 1 | E24: 0 | F24: 0 | G24: 0 | H24: 0 | I24: 2 | J24: 0 | K24: 0 | L24: 0 | M24: 25 | N24: 0 | O24: =SUM(C24:L24,N24) -> 6 | P24: =SUM(C24:N24) -> 31 | R24: PM Peak Hr | S24: =MAX(S19:S21) -> 26 | T24: =MAX(T19:T21) -> 3 | U24: =MAX(U19:U21) -> 5 | V24: =MAX(V19:V21) -> 6 | W24: =MAX(W19:W21) -> 5 | X24: =MAX(X19:X21) -> 0 | Y24: =MAX(Y19:Y21) -> 7 | Z24: =MAX(Z19:Z21) -> 1 | ... AF24: =MAX(AF19:AF21) -> 146
B25: 10.45 - 11.00 | C25: 1 | D25: 0 | E25: 0 | F25: 0 | G25: 0 | H25: 0 | I25: 3 | J25: 0 | K25: 0 | L25: 0 | M25: 12 | N25: 0 | O25: =SUM(C25:L25,N25) -> 4 | P25: =SUM(C25:N25) -> 16 | R25: AM Period | S25: =SUM(S10:S12) -> 49 | T25: =SUM(T10:T12) -> 4 | U25: =SUM(U10:U12) -> 2 | V25: =SUM(V10:V12) -> 4 | W25: =SUM(W10:W12) -> 2 | X25: =SUM(X10:X12) -> 0 | Y25: =SUM(Y10:Y12) -> 20 | Z25: =SUM(Z10:Z12) -> 1 | ... AF25: =SUM(AF10:AF12) -> 363
B26: 11.00 - 11.15 | C26: 4 | D26: 0 | E26: 1 | F26: 0 | G26: 0 | H26: 0 | I26: 3 | J26: 0 | K26: 0 | L26: 0 | M26: 18 | N26: 0 | O26: =SUM(C26:L26,N26) -> 8 | P26: =SUM(C26:N26) -> 26 | R26: IP Period | S26: =SUM(S13:S18) -> 65 | T26: =SUM(T13:T18) -> 7 | U26: =SUM(U13:U18) -> 19 | V26: =SUM(V13:V18) -> 9 | W26: =SUM(W13:W18) -> 0 | X26: =SUM(X13:X18) -> 0 | Y26: =SUM(Y13:Y18) -> 31 | Z26: =SUM(Z13:Z18) -> 7 | ... AF26: =SUM(AF13:AF18) -> 522
B27: 11.15 - 11.30 | C27: 2 | D27: 0 | E27: 0 | F27: 0 | G27: 0 | H27: 0 | I27: 3 | J27: 0 | K27: 0 | L27: 0 | M27: 20 | N27: 0 | O27: =SUM(C27:L27,N27) -> 5 | P27: =SUM(C27:N27) -> 25 | R27: PM Period | S27: =SUM(S19:S21) -> 61 | T27: =SUM(T19:T21) -> 7 | U27: =SUM(U19:U21) -> 10 | V27: =SUM(V19:V21) -> 11 | W27: =SUM(W19:W21) -> 5 | X27: =SUM(X19:X21) -> 0 | Y27: =SUM(Y19:Y21) -> 16 | Z27: =SUM(Z19:Z21) -> 2 | ... AF27: =SUM(AF19:AF21) -> 357
B28: 11.30 - 11.45 | C28: 6 | D28: 1 | E28: 1 | F28: 0 | G28: 0 | H28: 0 | I28: 1 | J28: 1 | K28: 1 | L28: 0 | M28: 28 | N28: 0 | O28: =SUM(C28:L28,N28) -> 11 | P28: =SUM(C28:N28) -> 39 | R28: 12 Hours | S28: =SUM(S10:S21) -> 175 | T28: =SUM(T10:T21) -> 18 | U28: =SUM(U10:U21) -> 31 | V28: =SUM(V10:V21) -> 24 | W28: =SUM(W10:W21) -> 7 | X28: =SUM(X10:X21) -> 0 | Y28: =SUM(Y10:Y21) -> 67 | Z28: =SUM(Z10:Z21) -> 10 | ... AF28: =SUM(AF10:AF21) -> 1242
B29: 11.45 - 12.00 | C29: 3 | D29: 1 | E29: 2 | F29: 1 | G29: 0 | H29: 0 | I29: 2 | J29: 0 | K29: 0 | L29: 0 | M29: 11 | N29: 0 | O29: =SUM(C29:L29,N29) -> 9 | P29: =SUM(C29:N29) -> 20
B30: 12.00 - 12.15 | C30: 2 | D30: 0 | E30: 0 | F30: 0 | G30: 0 | H30: 0 | I30: 1 | J30: 0 | K30: 0 | L30: 0 | M30: 17 | N30: 0 | O30: =SUM(C30:L30,N30) -> 3 | P30: =SUM(C30:N30) -> 20
B31: 12.15 - 12.30 | C31: 5 | D31: 0 | E31: 0 | F31: 1 | G31: 0 | H31: 0 | I31: 1 | J31: 0 | K31: 0 | L31: 0 | M31: 19 | N31: 0 | O31: =SUM(C31:L31,N31) -> 7 | P31: =SUM(C31:N31) -> 26
B32: 12.30 - 12.45 | C32: 1 | D32: 0 | E32: 2 | F32: 0 | G32: 0 | H32: 0 | I32: 0 | J32: 1 | K32: 1 | L32: 0 | M32: 11 | N32: 0 | O32: =SUM(C32:L32,N32) -> 5 | P32: =SUM(C32:N32) -> 16
B33: 12.45 - 13.00 | C33: 2 | D33: 1 | E33: 0 | F33: 0 | G33: 0 | H33: 0 | I33: 1 | J33: 0 | K33: 0 | L33: 0 | M33: 23 | N33: 0 | O33: =SUM(C33:L33,N33) -> 4 | P33: =SUM(C33:N33) -> 27
B34: 13.00 - 13.15 | C34: 4 | D34: 0 | E34: 0 | F34: 1 | G34: 0 | H34: 0 | I34: 0 | J34: 1 | K34: 0 | L34: 0 | M34: 14 | N34: 0 | O34: =SUM(C34:L34,N34) -> 6 | P34: =SUM(C34:N34) -> 20
B35: 13.15 - 13.30 | C35: 3 | D35: 1 | E35: 2 | F35: 2 | G35: 0 | H35: 0 | I35: 0 | J35: 0 | K35: 0 | L35: 0 | M35: 17 | N35: 0 | O35: =SUM(C35:L35,N35) -> 8 | P35: =SUM(C35:N35) -> 25
B36: 13.30 - 13.45 | C36: 3 | D36: 0 | E36: 2 | F36: 0 | G36: 0 | H36: 0 | I36: 2 | J36: 0 | K36: 0 | L36: 0 | M36: 21 | N36: 0 | O36: =SUM(C36:L36,N36) -> 7 | P36: =SUM(C36:N36) -> 28
B37: 13.45 - 14.00 | C37: 2 | D37: 1 | E37: 1 | F37: 1 | G37: 0 | H37: 0 | I37: 0 | J37: 0 | K37: 0 | L37: 0 | M37: 11 | N37: 0 | O37: =SUM(C37:L37,N37) -> 5 | P37: =SUM(C37:N37) -> 16
B38: 14.00 - 14.15 | C38: 1 | D38: 0 | E38: 1 | F38: 1 | G38: 0 | H38: 0 | I38: 1 | J38: 2 | K38: 0 | L38: 0 | M38: 18 | N38: 0 | O38: =SUM(C38:L38,N38) -> 6 | P38: =SUM(C38:N38) -> 24
B39: 14.15 - 14.30 | C39: 3 | D39: 0 | E39: 0 | F39: 0 | G39: 0 | H39: 0 | I39: 2 | J39: 0 | K39: 0 | L39: 0 | M39: 17 | N39: 0 | O39: =SUM(C39:L39,N39) -> 5 | P39: =SUM(C39:N39) -> 22
B40: 14.30 - 14.45 | C40: 0 | D40: 0 | E40: 2 | F40: 1 | G40: 0 | H40: 0 | I40: 1 | J40: 0 | K40: 0 | L40: 0 | M40: 15 | N40: 0 | O40: =SUM(C40:L40,N40) -> 4 | P40: =SUM(C40:N40) -> 19
... B57: 18.45 - 19.00 | C57: 9 | D57: 0 | E57: 2 | F57: 0 | G57: 0 | H57: 0 | I57: 1 | J57: 0 | K57: 0 | L57: 0 | M57: 25 | N57: 0 | O57: =SUM(C57:L57,N57) -> 12 | P57: =SUM(C57:N57) -> 37
B58: Totals | C58: =SUM(C10:C57) -> 175 | D58: =SUM(D10:D57) -> 18 | E58: =SUM(E10:E57) -> 31 | F58: =SUM(F10:F57) -> 24 | G58: =SUM(G10:G57) -> 7 | H58: =SUM(H10:H57) -> 0 | I58: =SUM(I10:I57) -> 67 | J58: =SUM(J10:J57) -> 10 | ... P58: =SUM(P10:P57) -> 1242
B59: %ges + MCs | C59: =C58/$P$58 -> 0.14090177 | D59: =D58/$P$58 -> 0.014492754 | E59: =E58/$P$58 -> 0.024959742 | F59: =F58/$P$58 -> 0.019323671 | G59: =G58/$P$58 -> 0.0056360709 | H59: =H58/$P$58 -> 0 | I59: =I58/$P$58 -> 0.05394525 | J59: =J58/$P$58 -> 0.0080515298 | ... N59: =N58/$P$58 -> 0
B60: %ges w/o MCs | C60: =C58/$O$58 -> 0.51622419 | D60: =D58/$O$58 -> 0.053097345 | E60: =E58/$O$58 -> 0.091445428 | F60: =F58/$O$58 -> 0.07079646 | G60: =G58/$O$58 -> 0.020648968 | H60: =H58/$O$58 -> 0 | I60: =I58/$O$58 -> 0.19764012 | J60: =J58/$O$58 -> 0.029498525 | ... L60: =L58/$O$58 -> 0.0029498525 | N60: =N58/$O$58 -> 0

Sheet 25.09 Buloba-Nsangi
B1: Consultancy services for Preparation of Expressway Development Master Plan (EDMP) for Uganda
B2: MANUAL CLASSIFIED COUNT (MCC)
B3: ROAD NAME: | C3: ='23.09-BULOBA- NSANGI'!C3:G3 -> MCC - C2 - STN-61-NSANGI-BULOBA ROAD
C5: Date | D5: 25.09.19 | F5: Location | G5: ='23.09-BULOBA- NSANGI'!G5:H5 -> HANA international school | J5: Surveyor | K5: ='23.09-BULOBA- NSANGI'!K5:L5 -> nakawala justine
C6: Dir. From | D6: ='23.09-BULOBA- NSANGI'!D6:E6 -> BULOBA | F6: Dir. To | G6: ='23.09-BULOBA- NSANGI'!G6:H6 -> NSANGI | J6: Supervisor | K6: Denis
B8: Time / Veh Type | R8: SUMMARY TRAFFIC VOLUMES
C9: 1. Car | D9: 2. Station Wagon | E9: 3. Pickups | F9: 4. Minibus, matatu | G9: 5. Medium bus | H9: 6. Large Bus | I9: 7. Light Truck | J9: 8. Medium Truck | K9: 9. Heavy truck | L9: 10. Truck Trailer | M9: 11. Motor cycles | N9: 12. Tractors | O9: Total Excl M/Cycles | P9: Total All | R9: Time | S9: 1. Car | T9: 2. Station Wagon | U9: 3. Pickups | V9: 4. Minibus, matatu | W9: 5. Medium bus | X9: 6. Large Bus | Y9: 7. Light Truck | Z9: 8. Medium Truck | AA9: 9. Heavy truck | AB9: 10. Truck Trailer | AC9: 11. Motorcycles | AD9: 12. Tractors, Graders | AE9: Total Excl M/ Cycles | AF9: Total All
B10: 07.00 - 07.15 | C10: 3 | D10: 2 | E10: 1 | F10: 0 | G10: 0 | H10: 0 | I10: 1 | J10: 0 | K10: 0 | L10: 0 | M10: 27 | N10: 0 | O10: =SUM(C10:L10,N10) -> 7 | P10: =SUM(C10:N10) -> 34 | R10: 0700-0800 | S10: =SUM(C10:C13) -> 17 | T10: =SUM(D10:D13) -> 8 | U10: =SUM(E10:E13) -> 3 | V10: =SUM(F10:F13) -> 3 | W10: =SUM(G10:G13) -> 0 | X10: =SUM(H10:H13) -> 0 | Y10: =SUM(I10:I13) -> 3 | Z10: =SUM(J10:J13) -> 0 | ... AF10: =SUM(P10:P13) -> 159
B11: 07.15 - 07.30 | C11: 2 | D11: 2 | E11: 1 | F11: 0 | G11: 0 | H11: 0 | I11: 1 | J11: 0 | K11: 0 | L11: 0 | M11: 38 | N11: 0 | O11: =SUM(C11:L11,N11) -> 6 | P11: =SUM(C11:N11) -> 44 | R11: 0800-0900 | S11: =SUM(C14:C17) -> 14 | T11: =SUM(D14:D17) -> 4 | U11: =SUM(E14:E17) -> 4 | V11: =SUM(F14:F17) -> 0 | W11: =SUM(G14:G17) -> 0 | X11: =SUM(H14:H17) -> 0 | Y11: =SUM(I14:I17) -> 4 | Z11: =SUM(J14:J17) -> 2 | ... AF11: =SUM(P14:P17) -> 126
B12: 07.30 - 07.45 | C12: 5 | D12: 3 | E12: 0 | F12: 1 | G12: 0 | H12: 0 | I12: 0 | J12: 0 | K12: 0 | L12: 0 | M12: 29 | N12: 0 | O12: =SUM(C12:L12,N12) -> 9 | P12: =SUM(C12:N12) -> 38 | R12: 0900-1000 | S12: =SUM(C18:C21) -> 16 | T12: =SUM(D18:D21) -> 4 | U12: =SUM(E18:E21) -> 2 | V12: =SUM(F18:F21) -> 3 | W12: =SUM(G18:G21) -> 0 | X12: =SUM(H18:H21) -> 0 | Y12: =SUM(I18:I21) -> 1 | Z12: =SUM(J18:J21) -> 1 | ... AF12: =SUM(P18:P21) -> 131
B13: 07.45 - 08.00 | C13: 7 | D13: 1 | E13: 1 | F13: 2 | G13: 0 | H13: 0 | I13: 1 | J13: 0 | K13: 0 | L13: 0 | M13: 31 | N13: 0 | O13: =SUM(C13:L13,N13) -> 12 | P13: =SUM(C13:N13) -> 43 | R13: 1000-1100 | S13: =SUM(C22:C25) -> 14 | T13: =SUM(D22:D25) -> 3 | U13: =SUM(E22:E25) -> 0 | V13: =SUM(F22:F25) -> 1 | W13: =SUM(G22:G25) -> 0 | X13: =SUM(H22:H25) -> 0 | Y13: =SUM(I22:I25) -> 2 | Z13: =SUM(J22:J25) -> 0 | ... AF13: =SUM(P22:P25) -> 116
B14: 08.00 - 08.15 | C14: 8 | D14: 1 | E14: 2 | F14: 0 | G14: 0 | H14: 0 | I14: 1 | J14: 0 | K14: 0 | L14: 0 | M14: 33 | N14: 0 | O14: =SUM(C14:L14,N14) -> 12 | P14: =SUM(C14:N14) -> 45 | R14: 1100-1200 | S14: =SUM(C26:C29) -> 12 | T14: =SUM(D26:D29) -> 3 | U14: =SUM(E26:E29) -> 2 | V14: =SUM(F26:F29) -> 3 | W14: =SUM(G26:G29) -> 0 | X14: =SUM(H26:H29) -> 0 | Y14: =SUM(I26:I29) -> 6 | Z14: =SUM(J26:J29) -> 3 | ... AF14: =SUM(P26:P29) -> 99
B15: 08.15 - 08.30 | C15: 1 | D15: 0 | E15: 0 | F15: 0 | G15: 0 | H15: 0 | I15: 0 | J15: 0 | K15: 1 | L15: 0 | M15: 20 | N15: 0 | O15: =SUM(C15:L15,N15) -> 2 | P15: =SUM(C15:N15) -> 22 | R15: 1200-1300 | S15: =SUM(C30:C33) -> 9 | T15: =SUM(D30:D33) -> 4 | U15: =SUM(E30:E33) -> 1 | V15: =SUM(F30:F33) -> 0 | W15: =SUM(G30:G33) -> 0 | X15: =SUM(H30:H33) -> 0 | Y15: =SUM(I30:I33) -> 6 | Z15: =SUM(J30:J33) -> 4 | ... AF15: =SUM(P30:P33) -> 86
B16: 08.30 - 08.45 | C16: 3 | D16: 1 | E16: 0 | F16: 0 | G16: 0 | H16: 0 | I16: 2 | J16: 0 | K16: 1 | L16: 0 | M16: 28 | N16: 0 | O16: =SUM(C16:L16,N16) -> 7 | P16: =SUM(C16:N16) -> 35 | R16: 1300-1400 | S16: =SUM(C34:C37) -> 20 | T16: =SUM(D34:D37) -> 3 | U16: =SUM(E34:E37) -> 3 | V16: =SUM(F34:F37) -> 5 | W16: =SUM(G34:G37) -> 1 | X16: =SUM(H34:H37) -> 0 | Y16: =SUM(I34:I37) -> 7 | Z16: =SUM(J34:J37) -> 0 | ... AF16: =SUM(P34:P37) -> 96
B17: 08.45 - 9.00 | C17: 2 | D17: 2 | E17: 2 | F17: 0 | G17: 0 | H17: 0 | I17: 1 | J17: 2 | K17: 0 | L17: 0 | M17: 15 | N17: 0 | O17: =SUM(C17:L17,N17) -> 9 | P17: =SUM(C17:N17) -> 24 | R17: 1400-1500 | S17: =SUM(C38:C41) -> 16 | T17: =SUM(D38:D41) -> 1 | U17: =SUM(E38:E41) -> 2 | V17: =SUM(F38:F41) -> 3 | W17: =SUM(G38:G41) -> 0 | X17: =SUM(H38:H41) -> 0 | Y17: =SUM(I38:I41) -> 8 | Z17: =SUM(J38:J41) -> 0 | ... AF17: =SUM(P38:P41) -> 89
B18: 09.00 - 09.15 | C18: 6 | D18: 3 | E18: 0 | F18: 1 | G18: 0 | H18: 0 | I18: 0 | J18: 0 | K18: 0 | L18: 0 | M18: 27 | N18: 0 | O18: =SUM(C18:L18,N18) -> 10 | P18: =SUM(C18:N18) -> 37 | R18: 1500-1600 | S18: =SUM(C42:C45) -> 11 | T18: =SUM(D42:D45) -> 3 | U18: =SUM(E42:E45) -> 2 | V18: =SUM(F42:F45) -> 2 | W18: =SUM(G42:G45) -> 0 | X18: =SUM(H42:H45) -> 0 | Y18: =SUM(I42:I45) -> 5 | Z18: =SUM(J42:J45) -> 0 | ... AF18: =SUM(P42:P45) -> 78
B19: 09.15 - 09.30 | C19: 5 | D19: 0 | E19: 0 | F19: 0 | G19: 0 | H19: 0 | I19: 0 | J19: 0 | K19: 0 | L19: 0 | M19: 24 | N19: 0 | O19: =SUM(C19:L19,N19) -> 5 | P19: =SUM(C19:N19) -> 29 | R19: 1600-1700 | S19: =SUM(C46:C49) -> 13 | T19: =SUM(D46:D49) -> 2 | U19: =SUM(E46:E49) -> 3 | V19: =SUM(F46:F49) -> 2 | W19: =SUM(G46:G49) -> 0 | X19: =SUM(H46:H49) -> 0 | Y19: =SUM(I46:I49) -> 8 | Z19: =SUM(J46:J49) -> 0 | ... AF19: =SUM(P46:P49) -> 101
B20: 09.30 - 09.45 | C20: 2 | D20: 0 | E20: 1 | F20: 1 | G20: 0 | H20: 0 | I20: 0 | J20: 0 | K20: 0 | L20: 0 | M20: 26 | N20: 0 | O20: =SUM(C20:L20,N20) -> 4 | P20: =SUM(C20:N20) -> 30 | R20: 1700-1800 | S20: =SUM(C50:C53) -> 18 | T20: =SUM(D50:D53) -> 4 | U20: =SUM(E50:E53) -> 1 | V20: =SUM(F50:F53) -> 6 | W20: =SUM(G50:G53) -> 5 | X20: =SUM(H50:H53) -> 0 | Y20: =SUM(I50:I53) -> 9 | Z20: =SUM(J50:J53) -> 0 | ... AF20: =SUM(P50:P53) -> 134
B21: 09.45 - 10.00 | C21: 3 | D21: 1 | E21: 1 | F21: 1 | G21: 0 | H21: 0 | I21: 1 | J21: 1 | K21: 0 | L21: 0 | M21: 27 | N21: 0 | O21: =SUM(C21:L21,N21) -> 8 | P21: =SUM(C21:N21) -> 35 | R21: 1800-1900 | S21: =SUM(C54:C57) -> 13 | T21: =SUM(D54:D57) -> 6 | U21: =SUM(E54:E57) -> 4 | V21: =SUM(F54:F57) -> 4 | W21: =SUM(G54:G57) -> 2 | X21: =SUM(H54:H57) -> 0 | Y21: =SUM(I54:I57) -> 10 | Z21: =SUM(J54:J57) -> 0 | ... AF21: =SUM(P54:P57) -> 126
B22: 10.00 - 10.15 | C22: 1 | D22: 1 | E22: 0 | F22: 0 | G22: 0 | H22: 0 | I22: 1 | J22: 0 | K22: 0 | L22: 0 | M22: 25 | N22: 0 | O22: =SUM(C22:L22,N22) -> 3 | P22: =SUM(C22:N22) -> 28 | R22: AM Peak Hr | S22: =MAX(S10:S12) -> 17 | T22: =MAX(T10:T12) -> 8 | U22: =MAX(U10:U12) -> 4 | V22: =MAX(V10:V12) -> 3 | W22: =MAX(W10:W12) -> 0 | X22: =MAX(X10:X12) -> 0 | Y22: =MAX(Y10:Y12) -> 4 | Z22: =MAX(Z10:Z12) -> 2 | ... AF22: =MAX(AF10:AF12) -> 159
B23: 10.15 - 10.30 | C23: 5 | D23: 0 | E23: 0 | F23: 0 | G23: 0 | H23: 0 | I23: 1 | J23: 0 | K23: 0 | L23: 0 | M23: 29 | N23: 0 | O23: =SUM(C23:L23,N23) -> 6 | P23: =SUM(C23:N23) -> 35 | R23: IP Peak Hr | S23: =MAX(S13:S18) -> 20 | T23: =MAX(T13:T18) -> 4 | U23: =MAX(U13:U18) -> 3 | V23: =MAX(V13:V18) -> 5 | W23: =MAX(W13:W18) -> 1 | X23: =MAX(X13:X18) -> 0 | Y23: =MAX(Y13:Y18) -> 8 | Z23: =MAX(Z13:Z18) -> 4 | ... AF23: =MAX(AF13:AF18) -> 116
B24: 10.30 - 10.45 | C24: 5 | D24: 0 | E24: 0 | F24: 1 | G24: 0 | H24: 0 | I24: 0 | J24: 0 | K24: 1 | L24: 0 | M24: 22 | N24: 0 | O24: =SUM(C24:L24,N24) -> 7 | P24: =SUM(C24:N24) -> 29 | R24: PM Peak Hr | S24: =MAX(S19:S21) -> 18 | T24: =MAX(T19:T21) -> 6 | U24: =MAX(U19:U21) -> 4 | V24: =MAX(V19:V21) -> 6 | W24: =MAX(W19:W21) -> 5 | X24: =MAX(X19:X21) -> 0 | Y24: =MAX(Y19:Y21) -> 10 | Z24: =MAX(Z19:Z21) -> 0 | ... AF24: =MAX(AF19:AF21) -> 134
B25: 10.45 - 11.00 | C25: 3 | D25: 2 | E25: 0 | F25: 0 | G25: 0 | H25: 0 | I25: 0 | J25: 0 | K25: 0 | L25: 1 | M25: 18 | N25: 0 | O25: =SUM(C25:L25,N25) -> 6 | P25: =SUM(C25:N25) -> 24 | R25: AM Period | S25: =SUM(S10:S12) -> 47 | T25: =SUM(T10:T12) -> 16 | U25: =SUM(U10:U12) -> 9 | V25: =SUM(V10:V12) -> 6 | W25: =SUM(W10:W12) -> 0 | X25: =SUM(X10:X12) -> 0 | Y25: =SUM(Y10:Y12) -> 8 | Z25: =SUM(Z10:Z12) -> 3 | ... AF25: =SUM(AF10:AF12) -> 416
B26: 11.00 - 11.15 | C26: 4 | D26: 0 | E26: 1 | F26: 0 | G26: 0 | H26: 0 | I26: 3 | J26: 1 | K26: 0 | L26: 0 | M26: 17 | N26: 0 | O26: =SUM(C26:L26,N26) -> 9 | P26: =SUM(C26:N26) -> 26 | R26: IP Period | S26: =SUM(S13:S18) -> 82 | T26: =SUM(T13:T18) -> 17 | U26: =SUM(U13:U18) -> 10 | V26: =SUM(V13:V18) -> 14 | W26: =SUM(W13:W18) -> 1 | X26: =SUM(X13:X18) -> 0 | Y26: =SUM(Y13:Y18) -> 34 | Z26: =SUM(Z13:Z18) -> 7 | ... AF26: =SUM(AF13:AF18) -> 564
B27: 11.15 - 11.30 | C27: 2 | D27: 1 | E27: 1 | F27: 2 | G27: 0 | H27: 0 | I27: 2 | J27: 1 | K27: 0 | L27: 0 | M27: 16 | N27: 0 | O27: =SUM(C27:L27,N27) -> 9 | P27: =SUM(C27:N27) -> 25 | R27: PM Period | S27: =SUM(S19:S21) -> 44 | T27: =SUM(T19:T21) -> 12 | U27: =SUM(U19:U21) -> 8 | V27: =SUM(V19:V21) -> 12 | W27: =SUM(W19:W21) -> 7 | X27: =SUM(X19:X21) -> 0 | Y27: =SUM(Y19:Y21) -> 27 | Z27: =SUM(Z19:Z21) -> 0 | ... AF27: =SUM(AF19:AF21) -> 361
B28: 11.30 - 11.45 | C28: 2 | D28: 2 | E28: 0 | F28: 1 | G28: 0 | H28: 0 | I28: 0 | J28: 1 | K28: 0 | L28: 0 | M28: 20 | N28: 0 | O28: =SUM(C28:L28,N28) -> 6 | P28: =SUM(C28:N28) -> 26 | R28: 12 Hours | S28: =SUM(S10:S21) -> 173 | T28: =SUM(T10:T21) -> 45 | U28: =SUM(U10:U21) -> 27 | V28: =SUM(V10:V21) -> 32 | W28: =SUM(W10:W21) -> 8 | X28: =SUM(X10:X21) -> 0 | Y28: =SUM(Y10:Y21) -> 69 | Z28: =SUM(Z10:Z21) -> 10 | ... AF28: =SUM(AF10:AF21) -> 1341
B29: 11.45 - 12.00 | C29: 4 | D29: 0 | E29: 0 | F29: 0 | G29: 0 | H29: 0 | I29: 1 | J29: 0 | K29: 0 | L29: 0 | M29: 17 | N29: 0 | O29: =SUM(C29:L29,N29) -> 5 | P29: =SUM(C29:N29) -> 22
B30: 12.00 - 12.15 | C30: 0 | D30: 0 | E30: 0 | F30: 0 | G30: 0 | H30: 0 | I30: 0 | J30: 3 | K30: 0 | L30: 0 | M30: 13 | N30: 0 | O30: =SUM(C30:L30,N30) -> 3 | P30: =SUM(C30:N30) -> 16
B31: 12.15 - 12.30 | C31: 4 | D31: 1 | E31: 0 | F31: 0 | G31: 0 | H31: 0 | I31: 1 | J31: 1 | K31: 0 | L31: 0 | M31: 12 | N31: 0 | O31: =SUM(C31:L31,N31) -> 7 | P31: =SUM(C31:N31) -> 19
B32: 12.30 - 12.45 | C32: 1 | D32: 2 | E32: 1 | F32: 0 | G32: 0 | H32: 0 | I32: 4 | J32: 0 | K32: 1 | L32: 0 | M32: 20 | N32: 0 | O32: =SUM(C32:L32,N32) -> 9 | P32: =SUM(C32:N32) -> 29
B33: 12.45 - 13.00 | C33: 4 | D33: 1 | E33: 0 | F33: 0 | G33: 0 | H33: 0 | I33: 1 | J33: 0 | K33: 1 | L33: 0 | M33: 15 | N33: 0 | O33: =SUM(C33:L33,N33) -> 7 | P33: =SUM(C33:N33) -> 22
B34: 13.00 - 13.15 | C34: 6 | D34: 0 | E34: 2 | F34: 0 | G34: 1 | H34: 0 | I34: 4 | J34: 0 | K34: 0 | L34: 0 | M34: 15 | N34: 0 | O34: =SUM(C34:L34,N34) -> 13 | P34: =SUM(C34:N34) -> 28
B35: 13.15 - 13.30 | C35: 4 | D35: 0 | E35: 0 | F35: 1 | G35: 0 | H35: 0 | I35: 1 | J35: 0 | K35: 0 | L35: 0 | M35: 11 | N35: 0 | O35: =SUM(C35:L35,N35) -> 6 | P35: =SUM(C35:N35) -> 17
B36: 13.30 - 13.45 | C36: 8 | D36: 1 | E36: 0 | F36: 2 | G36: 0 | H36: 0 | I36: 1 | J36: 0 | K36: 0 | L36: 0 | M36: 15 | N36: 0 | O36: =SUM(C36:L36,N36) -> 12 | P36: =SUM(C36:N36) -> 27
B37: 13.45 - 14.00 | C37: 2 | D37: 2 | E37: 1 | F37: 2 | G37: 0 | H37: 0 | I37: 1 | J37: 0 | K37: 0 | L37: 0 | M37: 16 | N37: 0 | O37: =SUM(C37:L37,N37) -> 8 | P37: =SUM(C37:N37) -> 24
B38: 14.00 - 14.15 | C38: 1 | D38: 1 | E38: 0 | F38: 1 | G38: 0 | H38: 0 | I38: 1 | J38: 0 | K38: 0 | L38: 0 | M38: 15 | N38: 0 | O38: =SUM(C38:L38,N38) -> 4 | P38: =SUM(C38:N38) -> 19
B39: 14.15 - 14.30 | C39: 5 | D39: 0 | E39: 1 | F39: 0 | G39: 0 | H39: 0 | I39: 3 | J39: 0 | K39: 0 | L39: 0 | M39: 15 | N39: 0 | O39: =SUM(C39:L39,N39) -> 9 | P39: =SUM(C39:N39) -> 24
B40: 14.30 - 14.45 | C40: 5 | D40: 0 | E40: 0 | F40: 0 | G40: 0 | H40: 0 | I40: 0 | J40: 0 | K40: 0 | L40: 0 | M40: 16 | N40: 0 | O40: =SUM(C40:L40,N40) -> 5 | P40: =SUM(C40:N40) -> 21
... B57: 18.45 - 19.00 | C57: 2 | D57: 1 | E57: 1 | F57: 0 | G57: 0 | H57: 0 | I57: 3 | J57: 0 | K57: 0 | L57: 0 | M57: 24 | N57: 0 | O57: =SUM(C57:L57,N57) -> 7 | P57: =SUM(C57:N57) -> 31
B58: Totals | C58: =SUM(C10:C57) -> 173 | D58: =SUM(D10:D57) -> 45 | E58: =SUM(E10:E57) -> 27 | F58: =SUM(F10:F57) -> 32 | G58: =SUM(G10:G57) -> 8 | H58: =SUM(H10:H57) -> 0 | I58: =SUM(I10:I57) -> 69 | J58: =SUM(J10:J57) -> 10 | ... P58: =SUM(P10:P57) -> 1341
B59: %ges + MCs | C59: =C58/$P$58 -> 0.1290082 | D59: =D58/$P$58 -> 0.033557047 | E59: =E58/$P$58 -> 0.020134228 | F59: =F58/$P$58 -> 0.023862789 | G59: =G58/$P$58 -> 0.0059656972 | H59: =H58/$P$58 -> 0 | I59: =I58/$P$58 -> 0.051454139 | J59: =J58/$P$58 -> 0.0074571216 | ... N59: =N58/$P$58 -> 0
B60: %ges w/o MCs | C60: =C58/$O$58 -> 0.46630728 | D60: =D58/$O$58 -> 0.1212938 | E60: =E58/$O$58 -> 0.07277628 | F60: =F58/$O$58 -> 0.086253369 | G60: =G58/$O$58 -> 0.021563342 | H60: =H58/$O$58 -> 0 | I60: =I58/$O$58 -> 0.18598383 | J60: =J58/$O$58 -> 0.026954178 | ... L60: =L58/$O$58 -> 0.0026954178 | N60: =N58/$O$58 -> 0

Sheet 25.09 Nsangi-Buloba
B1: Consultancy services for Preparation of Expressway Development Master Plan (EDMP) for Uganda
B2: MANUAL CLASSIFIED COUNT (MCC)
B3: ROAD NAME: | C3: ='23.09- NSANGI-BULOBA'!C3:G3 -> MCC - C2 - STN-61-NSANGI-BULOBA ROAD
C5: Date | D5: 25.09.19 | F5: Location | G5: ='23.09-BULOBA- NSANGI'!G5:H5 -> HANA international school | J5: Surveyor | K5: Mirembe Ruth
C6: Dir. From | D6: ='23.09- NSANGI-BULOBA'!D6:E6 -> NSANGI | F6: Dir. To | G6: ='23.09- NSANGI-BULOBA'!G6:H6 -> BULOBA | J6: Supervisor | K6: Dennis
B8: Time / Veh Type | R8: SUMMARY TRAFFIC VOLUMES
C9: 1. Car | D9: 2. Station Wagon | E9: 3. Pickups | F9: 4. Minibus, matatu | G9: 5. Medium bus | H9: 6. Large Bus | I9: 7. Light Truck | J9: 8. Medium Truck | K9: 9. Heavy truck | L9: 10. Truck Trailer | M9: 11. Motor cycles | N9: 12. Tractors | O9: Total Excl M/Cycles | P9: Total All | R9: Time | S9: 1. Car | T9: 2. Station Wagon | U9: 3. Pickups | V9: 4. Minibus, matatu | W9: 5. Medium bus | X9: 6. Large Bus | Y9: 7. Light Truck | Z9: 8. Medium Truck | AA9: 9. Heavy truck | AB9: 10. Truck Trailer | AC9: 11. Motorcycles | AD9: 12. Tractors, Graders | AE9: Total Excl M/ Cycles | AF9: Total All
B10: 07.00 - 07.15 | C10: 4 | D10: 0 | E10: 0 | F10: 1 | G10: 1 | H10: 0 | I10: 0 | J10: 0 | K10: 0 | L10: 0 | M10: 30 | N10: 0 | O10: =SUM(C10:L10,N10) -> 6 | P10: =SUM(C10:N10) -> 36 | R10: 0700-0800 | S10: =SUM(C10:C13) -> 15 | T10: =SUM(D10:D13) -> 1 | U10: =SUM(E10:E13) -> 1 | V10: =SUM(F10:F13) -> 3 | W10: =SUM(G10:G13) -> 1 | X10: =SUM(H10:H13) -> 0 | Y10: =SUM(I10:I13) -> 3 | Z10: =SUM(J10:J13) -> 1 | ... AF10: =SUM(P10:P13) -> 135
B11: 07.15 - 07.30 | C11: 2 | D11: 0 | E11: 1 | F11: 1 | G11: 0 | H11: 0 | I11: 0 | J11: 1 | K11: 0 | L11: 0 | M11: 28 | N11: 0 | O11: =SUM(C11:L11,N11) -> 5 | P11: =SUM(C11:N11) -> 33 | R11: 0800-0900 | S11: =SUM(C14:C17) -> 14 | T11: =SUM(D14:D17) -> 2 | U11: =SUM(E14:E17) -> 2 | V11: =SUM(F14:F17) -> 3 | W11: =SUM(G14:G17) -> 0 | X11: =SUM(H14:H17) -> 0 | Y11: =SUM(I14:I17) -> 0 | Z11: =SUM(J14:J17) -> 1 | ... AF11: =SUM(P14:P17) -> 116
B12: 07.30 - 07.45 | C12: 4 | D12: 1 | E12: 0 | F12: 0 | G12: 0 | H12: 0 | I12: 1 | J12: 0 | K12: 0 | L12: 0 | M12: 28 | N12: 0 | O12: =SUM(C12:L12,N12) -> 6 | P12: =SUM(C12:N12) -> 34 | R12: 0900-1000 | S12: =SUM(C18:C21) -> 12 | T12: =SUM(D18:D21) -> 0 | U12: =SUM(E18:E21) -> 2 | V12: =SUM(F18:F21) -> 1 | W12: =SUM(G18:G21) -> 0 | X12: =SUM(H18:H21) -> 0 | Y12: =SUM(I18:I21) -> 3 | Z12: =SUM(J18:J21) -> 0 | ... AF12: =SUM(P18:P21) -> 105
B13: 07.45 - 08.00 | C13: 5 | D13: 0 | E13: 0 | F13: 1 | G13: 0 | H13: 0 | I13: 2 | J13: 0 | K13: 1 | L13: 0 | M13: 23 | N13: 0 | O13: =SUM(C13:L13,N13) -> 9 | P13: =SUM(C13:N13) -> 32 | R13: 1000-1100 | S13: =SUM(C22:C25) -> 11 | T13: =SUM(D22:D25) -> 1 | U13: =SUM(E22:E25) -> 0 | V13: =SUM(F22:F25) -> 1 | W13: =SUM(G22:G25) -> 0 | X13: =SUM(H22:H25) -> 0 | Y13: =SUM(I22:I25) -> 2 | Z13: =SUM(J22:J25) -> 1 | ... AF13: =SUM(P22:P25) -> 88
B14: 08.00 - 08.15 | C14: 5 | D14: 0 | E14: 0 | F14: 1 | G14: 0 | H14: 0 | I14: 0 | J14: 1 | K14: 0 | L14: 0 | M14: 33 | N14: 0 | O14: =SUM(C14:L14,N14) -> 7 | P14: =SUM(C14:N14) -> 40 | R14: 1100-1200 | S14: =SUM(C26:C29) -> 11 | T14: =SUM(D26:D29) -> 0 | U14: =SUM(E26:E29) -> 1 | V14: =SUM(F26:F29) -> 4 | W14: =SUM(G26:G29) -> 0 | X14: =SUM(H26:H29) -> 0 | Y14: =SUM(I26:I29) -> 5 | Z14: =SUM(J26:J29) -> 2 | ... AF14: =SUM(P26:P29) -> 89
B15: 08.15 - 08.30 | C15: 6 | D15: 1 | E15: 0 | F15: 1 | G15: 0 | H15: 0 | I15: 0 | J15: 0 | K15: 0 | L15: 0 | M15: 27 | N15: 0 | O15: =SUM(C15:L15,N15) -> 8 | P15: =SUM(C15:N15) -> 35 | R15: 1200-1300 | S15: =SUM(C30:C33) -> 12 | T15: =SUM(D30:D33) -> 1 | U15: =SUM(E30:E33) -> 1 | V15: =SUM(F30:F33) -> 1 | W15: =SUM(G30:G33) -> 0 | X15: =SUM(H30:H33) -> 0 | Y15: =SUM(I30:I33) -> 9 | Z15: =SUM(J30:J33) -> 2 | ... AF15: =SUM(P30:P33) -> 92
B16: 08.30 - 08.45 | C16: 1 | D16: 1 | E16: 1 | F16: 1 | G16: 0 | H16: 0 | I16: 0 | J16: 0 | K16: 0 | L16: 0 | M16: 13 | N16: 0 | O16: =SUM(C16:L16,N16) -> 4 | P16: =SUM(C16:N16) -> 17 | R16: 1300-1400 | S16: =SUM(C34:C37) -> 14 | T16: =SUM(D34:D37) -> 1 | U16: =SUM(E34:E37) -> 3 | V16: =SUM(F34:F37) -> 3 | W16: =SUM(G34:G37) -> 0 | X16: =SUM(H34:H37) -> 0 | Y16: =SUM(I34:I37) -> 5 | Z16: =SUM(J34:J37) -> 1 | ... AF16: =SUM(P34:P37) -> 78
B17: 08.45 - 9.00 | C17: 2 | D17: 0 | E17: 1 | F17: 0 | G17: 0 | H17: 0 | I17: 0 | J17: 0 | K17: 0 | L17: 0 | M17: 21 | N17: 0 | O17: =SUM(C17:L17,N17) -> 3 | P17: =SUM(C17:N17) -> 24 | R17: 1400-1500 | S17: =SUM(C38:C41) -> 12 | T17: =SUM(D38:D41) -> 1 | U17: =SUM(E38:E41) -> 4 | V17: =SUM(F38:F41) -> 0 | W17: =SUM(G38:G41) -> 0 | X17: =SUM(H38:H41) -> 0 | Y17: =SUM(I38:I41) -> 5 | Z17: =SUM(J38:J41) -> 1 | ... AF17: =SUM(P38:P41) -> 67
B18: 09.00 - 09.15 | C18: 2 | D18: 0 | E18: 1 | F18: 0 | G18: 0 | H18: 0 | I18: 0 | J18: 0 | K18: 3 | L18: 0 | M18: 25 | N18: 0 | O18: =SUM(C18:L18,N18) -> 6 | P18: =SUM(C18:N18) -> 31 | R18: 1500-1600 | S18: =SUM(C42:C45) -> 16 | T18: =SUM(D42:D45) -> 1 | U18: =SUM(E42:E45) -> 3 | V18: =SUM(F42:F45) -> 0 | W18: =SUM(G42:G45) -> 0 | X18: =SUM(H42:H45) -> 0 | Y18: =SUM(I42:I45) -> 8 | Z18: =SUM(J42:J45) -> 2 | ... AF18: =SUM(P42:P45) -> 73
B19: 09.15 - 09.30 | C19: 4 | D19: 0 | E19: 1 | F19: 0 | G19: 0 | H19: 0 | I19: 1 | J19: 0 | K19: 0 | L19: 0 | M19: 19 | N19: 0 | O19: =SUM(C19:L19,N19) -> 6 | P19: =SUM(C19:N19) -> 25 | R19: 1600-1700 | S19: =SUM(C46:C49) -> 12 | T19: =SUM(D46:D49) -> 8 | U19: =SUM(E46:E49) -> 0 | V19: =SUM(F46:F49) -> 2 | W19: =SUM(G46:G49) -> 0 | X19: =SUM(H46:H49) -> 0 | Y19: =SUM(I46:I49) -> 6 | Z19: =SUM(J46:J49) -> 1 | ... AF19: =SUM(P46:P49) -> 109
B20: 09.30 - 09.45 | C20: 2 | D20: 0 | E20: 0 | F20: 1 | G20: 0 | H20: 0 | I20: 2 | J20: 0 | K20: 0 | L20: 0 | M20: 19 | N20: 0 | O20: =SUM(C20:L20,N20) -> 5 | P20: =SUM(C20:N20) -> 24 | R20: 1700-1800 | S20: =SUM(C50:C53) -> 26 | T20: =SUM(D50:D53) -> 2 | U20: =SUM(E50:E53) -> 3 | V20: =SUM(F50:F53) -> 3 | W20: =SUM(G50:G53) -> 5 | X20: =SUM(H50:H53) -> 0 | Y20: =SUM(I50:I53) -> 4 | Z20: =SUM(J50:J53) -> 1 | ... AF20: =SUM(P50:P53) -> 132
B21: 09.45 - 10.00 | C21: 4 | D21: 0 | E21: 0 | F21: 0 | G21: 0 | H21: 0 | I21: 0 | J21: 0 | K21: 0 | L21: 0 | M21: 21 | N21: 0 | O21: =SUM(C21:L21,N21) -> 4 | P21: =SUM(C21:N21) -> 25 | R21: 1800-1900 | S21: =SUM(C54:C57) -> 22 | T21: =SUM(D54:D57) -> 5 | U21: =SUM(E54:E57) -> 5 | V21: =SUM(F54:F57) -> 5 | W21: =SUM(G54:G57) -> 2 | X21: =SUM(H54:H57) -> 0 | Y21: =SUM(I54:I57) -> 6 | Z21: =SUM(J54:J57) -> 0 | ... AF21: =SUM(P54:P57) -> 128
B22: 10.00 - 10.15 | C22: 3 | D22: 0 | E22: 0 | F22: 0 | G22: 0 | H22: 0 | I22: 0 | J22: 0 | K22: 0 | L22: 0 | M22: 21 | N22: 0 | O22: =SUM(C22:L22,N22) -> 3 | P22: =SUM(C22:N22) -> 24 | R22: AM Peak Hr | S22: =MAX(S10:S12) -> 15 | T22: =MAX(T10:T12) -> 2 | U22: =MAX(U10:U12) -> 2 | V22: =MAX(V10:V12) -> 3 | W22: =MAX(W10:W12) -> 1 | X22: =MAX(X10:X12) -> 0 | Y22: =MAX(Y10:Y12) -> 3 | Z22: =MAX(Z10:Z12) -> 1 | ... AF22: =MAX(AF10:AF12) -> 135
B23: 10.15 - 10.30 | C23: 2 | D23: 1 | E23: 0 | F23: 1 | G23: 0 | H23: 0 | I23: 0 | J23: 0 | K23: 0 | L23: 0 | M23: 21 | N23: 0 | O23: =SUM(C23:L23,N23) -> 4 | P23: =SUM(C23:N23) -> 25 | R23: IP Peak Hr | S23: =MAX(S13:S18) -> 16 | T23: =MAX(T13:T18) -> 1 | U23: =MAX(U13:U18) -> 4 | V23: =MAX(V13:V18) -> 4 | W23: =MAX(W13:W18) -> 0 | X23: =MAX(X13:X18) -> 0 | Y23: =MAX(Y13:Y18) -> 9 | Z23: =MAX(Z13:Z18) -> 2 | ... AF23: =MAX(AF13:AF18) -> 92
B24: 10.30 - 10.45 | C24: 3 | D24: 0 | E24: 0 | F24: 0 | G24: 0 | H24: 0 | I24: 1 | J24: 0 | K24: 0 | L24: 0 | M24: 16 | N24: 0 | O24: =SUM(C24:L24,N24) -> 4 | P24: =SUM(C24:N24) -> 20 | R24: PM Peak Hr | S24: =MAX(S19:S21) -> 26 | T24: =MAX(T19:T21) -> 8 | U24: =MAX(U19:U21) -> 5 | V24: =MAX(V19:V21) -> 5 | W24: =MAX(W19:W21) -> 5 | X24: =MAX(X19:X21) -> 0 | Y24: =MAX(Y19:Y21) -> 6 | Z24: =MAX(Z19:Z21) -> 1 | ... AF24: =MAX(AF19:AF21) -> 132
B25: 10.45 - 11.00 | C25: 3 | D25: 0 | E25: 0 | F25: 0 | G25: 0 | H25: 0 | I25: 1 | J25: 1 | K25: 0 | L25: 0 | M25: 14 | N25: 0 | O25: =SUM(C25:L25,N25) -> 5 | P25: =SUM(C25:N25) -> 19 | R25: AM Period | S25: =SUM(S10:S12) -> 41 | T25: =SUM(T10:T12) -> 3 | U25: =SUM(U10:U12) -> 5 | V25: =SUM(V10:V12) -> 7 | W25: =SUM(W10:W12) -> 1 | X25: =SUM(X10:X12) -> 0 | Y25: =SUM(Y10:Y12) -> 6 | Z25: =SUM(Z10:Z12) -> 2 | ... AF25: =SUM(AF10:AF12) -> 356
B26: 11.00 - 11.15 | C26: 0 | D26: 0 | E26: 1 | F26: 1 | G26: 0 | H26: 0 | I26: 0 | J26: 0 | K26: 0 | L26: 0 | M26: 17 | N26: 0 | O26: =SUM(C26:L26,N26) -> 2 | P26: =SUM(C26:N26) -> 19 | R26: IP Period | S26: =SUM(S13:S18) -> 76 | T26: =SUM(T13:T18) -> 5 | U26: =SUM(U13:U18) -> 12 | V26: =SUM(V13:V18) -> 9 | W26: =SUM(W13:W18) -> 0 | X26: =SUM(X13:X18) -> 0 | Y26: =SUM(Y13:Y18) -> 34 | Z26: =SUM(Z13:Z18) -> 9 | ... AF26: =SUM(AF13:AF18) -> 487
B27: 11.15 - 11.30 | C27: 5 | D27: 0 | E27: 0 | F27: 1 | G27: 0 | H27: 0 | I27: 3 | J27: 1 | K27: 0 | L27: 0 | M27: 15 | N27: 0 | O27: =SUM(C27:L27,N27) -> 10 | P27: =SUM(C27:N27) -> 25 | R27: PM Period | S27: =SUM(S19:S21) -> 60 | T27: =SUM(T19:T21) -> 15 | U27: =SUM(U19:U21) -> 8 | V27: =SUM(V19:V21) -> 10 | W27: =SUM(W19:W21) -> 7 | X27: =SUM(X19:X21) -> 0 | Y27: =SUM(Y19:Y21) -> 16 | Z27: =SUM(Z19:Z21) -> 2 | ... AF27: =SUM(AF19:AF21) -> 369
B28: 11.30 - 11.45 | C28: 4 | D28: 0 | E28: 0 | F28: 2 | G28: 0 | H28: 0 | I28: 1 | J28: 0 | K28: 0 | L28: 0 | M28: 16 | N28: 0 | O28: =SUM(C28:L28,N28) -> 7 | P28: =SUM(C28:N28) -> 23 | R28: 12 Hours | S28: =SUM(S10:S21) -> 177 | T28: =SUM(T10:T21) -> 23 | U28: =SUM(U10:U21) -> 25 | V28: =SUM(V10:V21) -> 26 | W28: =SUM(W10:W21) -> 8 | X28: =SUM(X10:X21) -> 0 | Y28: =SUM(Y10:Y21) -> 56 | Z28: =SUM(Z10:Z21) -> 13 | ... AF28: =SUM(AF10:AF21) -> 1212
B29: 11.45 - 12.00 | C29: 2 | D29: 0 | E29: 0 | F29: 0 | G29: 0 | H29: 0 | I29: 1 | J29: 1 | K29: 1 | L29: 0 | M29: 17 | N29: 0 | O29: =SUM(C29:L29,N29) -> 5 | P29: =SUM(C29:N29) -> 22
B30: 12.00 - 12.15 | C30: 5 | D30: 1 | E30: 0 | F30: 1 | G30: 0 | H30: 0 | I30: 3 | J30: 1 | K30: 0 | L30: 0 | M30: 16 | N30: 0 | O30: =SUM(C30:L30,N30) -> 11 | P30: =SUM(C30:N30) -> 27
B31: 12.15 - 12.30 | C31: 3 | D31: 0 | E31: 1 | F31: 0 | G31: 0 | H31: 0 | I31: 0 | J31: 0 | K31: 0 | L31: 0 | M31: 18 | N31: 0 | O31: =SUM(C31:L31,N31) -> 4 | P31: =SUM(C31:N31) -> 22
B32: 12.30 - 12.45 | C32: 3 | D32: 0 | E32: 0 | F32: 0 | G32: 0 | H32: 0 | I32: 4 | J32: 0 | K32: 0 | L32: 0 | M32: 18 | N32: 0 | O32: =SUM(C32:L32,N32) -> 7 | P32: =SUM(C32:N32) -> 25
B33: 12.45 - 13.00 | C33: 1 | D33: 0 | E33: 0 | F33: 0 | G33: 0 | H33: 0 | I33: 2 | J33: 1 | K33: 0 | L33: 0 | M33: 14 | N33: 0 | O33: =SUM(C33:L33,N33) -> 4 | P33: =SUM(C33:N33) -> 18
B34: 13.00 - 13.15 | C34: 3 | D34: 0 | E34: 1 | F34: 1 | G34: 0 | H34: 0 | I34: 2 | J34: 1 | K34: 0 | L34: 0 | M34: 14 | N34: 0 | O34: =SUM(C34:L34,N34) -> 8 | P34: =SUM(C34:N34) -> 22
B35: 13.15 - 13.30 | C35: 3 | D35: 0 | E35: 0 | F35: 1 | G35: 0 | H35: 0 | I35: 2 | J35: 0 | K35: 0 | L35: 0 | M35: 10 | N35: 0 | O35: =SUM(C35:L35,N35) -> 6 | P35: =SUM(C35:N35) -> 16
B36: 13.30 - 13.45 | C36: 4 | D36: 0 | E36: 0 | F36: 1 | G36: 0 | H36: 0 | I36: 0 | J36: 0 | K36: 0 | L36: 0 | M36: 14 | N36: 0 | O36: =SUM(C36:L36,N36) -> 5 | P36: =SUM(C36:N36) -> 19
B37: 13.45 - 14.00 | C37: 4 | D37: 1 | E37: 2 | F37: 0 | G37: 0 | H37: 0 | I37: 1 | J37: 0 | K37: 0 | L37: 0 | M37: 13 | N37: 0 | O37: =SUM(C37:L37,N37) -> 8 | P37: =SUM(C37:N37) -> 21
B38: 14.00 - 14.15 | C38: 2 | D38: 0 | E38: 4 | F38: 0 | G38: 0 | H38: 0 | I38: 1 | J38: 0 | K38: 0 | L38: 0 | M38: 10 | N38: 0 | O38: =SUM(C38:L38,N38) -> 7 | P38: =SUM(C38:N38) -> 17
B39: 14.15 - 14.30 | C39: 3 | D39: 0 | E39: 0 | F39: 0 | G39: 0 | H39: 0 | I39: 2 | J39: 0 | K39: 0 | L39: 1 | M39: 6 | N39: 0 | O39: =SUM(C39:L39,N39) -> 6 | P39: =SUM(C39:N39) -> 12
B40: 14.30 - 14.45 | C40: 7 | D40: 0 | E40: 0 | F40: 0 | G40: 0 | H40: 0 | I40: 1 | J40: 1 | K40: 0 | L40: 0 | M40: 15 | N40: 0 | O40: =SUM(C40:L40,N40) -> 9 | P40: =SUM(C40:N40) -> 24
... B57: 18.45 - 19.00 | C57: 3 | D57: 1 | E57: 0 | F57: 3 | G57: 0 | H57: 0 | I57: 0 | J57: 0 | K57: 0 | L57: 0 | M57: 28 | N57: 0 | O57: =SUM(C57:L57,N57) -> 7 | P57: =SUM(C57:N57) -> 35
B58: Totals | C58: =SUM(C10:C57) -> 177 | D58: =SUM(D10:D57) -> 23 | E58: =SUM(E10:E57) -> 25 | F58: =SUM(F10:F57) -> 26 | G58: =SUM(G10:G57) -> 8 | H58: =SUM(H10:H57) -> 0 | I58: =SUM(I10:I57) -> 56 | J58: =SUM(J10:J57) -> 13 | ... P58: =SUM(P10:P57) -> 1212
B59: %ges + MCs | C59: =C58/$P$58 -> 0.1460396 | D59: =D58/$P$58 -> 0.018976898 | E59: =E58/$P$58 -> 0.020627063 | F59: =F58/$P$58 -> 0.021452145 | G59: =G58/$P$58 -> 0.0066006601 | H59: =H58/$P$58 -> 0 | I59: =I58/$P$58 -> 0.04620462 | J59: =J58/$P$58 -> 0.010726073 | ... N59: =N58/$P$58 -> 0
B60: %ges w/o MCs | C60: =C58/$O$58 -> 0.52678571 | D60: =D58/$O$58 -> 0.068452381 | E60: =E58/$O$58 -> 0.074404762 | F60: =F58/$O$58 -> 0.077380952 | G60: =G58/$O$58 -> 0.023809524 | H60: =H58/$O$58 -> 0 | I60: =I58/$O$58 -> 0.16666667 | J60: =J58/$O$58 -> 0.038690476 | ... L60: =L58/$O$58 -> 0.0029761905 | N60: =N58/$O$58 -> 0

Sheet 26.09 Buloba-Nsangi-24HRS
B1: Consultancy services for Preparation of Expressway Development Master Plan (EDMP) for Uganda
B2: MANUAL CLASSIFIED COUNT (MCC)
B3: ROAD NAME: | C3: ='23.09-BULOBA- NSANGI'!C3:G3 -> MCC - C2 - STN-61-NSANGI-BULOBA ROAD
C5: Date | D5: 26.09.19 | F5: Location | G5: ='27.09 Nsangi-Buloba'!G5:H5 -> HANA international school | J5: Surveyor | K5: Nakiwala Justine
C6: Dir. From | D6: ='23.09-BULOBA- NSANGI'!D6:E6 -> BULOBA | F6: Dir. To | G6: ='23.09-BULOBA- NSANGI'!G6:H6 -> NSANGI | J6: Supervisor | K6: ='27.09 Nsangi-Buloba'!K6:L6 -> Dennis
B8: Time / Veh Type | R8: SUMMARY TRAFFIC VOLUMES
C9: 1. Car | D9: 2. Station Wagon | E9: 3. Pickups | F9: 4. Minibus, matatu | G9: 5. Medium bus | H9: 6. Large Bus | I9: 7. Light Truck | J9: 8. Medium Truck | K9: 9. Heavy truck | L9: 10. Truck Trailer | M9: 11. Motor cycles | N9: 12. Tractors | O9: Total Excl M/Cycles | P9: Total All | R9: Time | S9: 1. Car | T9: 2. Station Wagon | U9: 3. Pickups | V9: 4. Minibus, matatu | W9: 5. Medium bus | X9: 6. Large Bus | Y9: 7. Light Truck | Z9: 8. Medium Truck | AA9: 9. Heavy truck | AB9: 10. Truck Trailer | AC9: 11. Motorcycles | AD9: 12. Tractors, Graders | AE9: Total Excl M/ Cycles | AF9: Total All
B10: 07.00 - 07.15 | C10: 4 | D10: 0 | E10: 2 | F10: 0 | G10: 0 | H10: 0 | I10: 1 | J10: 0 | K10: 0 | L10: 0 | M10: 22 | N10: 0 | O10: =SUM(C10:L10,N10) -> 7 | P10: =SUM(C10:N10) -> 29 | R10: 0700-0800 | S10: =SUM(C10:C13) -> 19 | T10: =SUM(D10:D13) -> 3 | U10: =SUM(E10:E13) -> 5 | V10: =SUM(F10:F13) -> 0 | W10: =SUM(G10:G13) -> 0 | X10: =SUM(H10:H13) -> 0 | Y10: =SUM(I10:I13) -> 3 | Z10: =SUM(J10:J13) -> 0 | ... AF10: =SUM(P10:P13) -> 139
B11: 07.15 - 07.30 | C11: 3 | D11: 2 | E11: 1 | F11: 0 | G11: 0 | H11: 0 | I11: 0 | J11: 0 | K11: 0 | L11: 0 | M11: 32 | N11: 0 | O11: =SUM(C11:L11,N11) -> 6 | P11: =SUM(C11:N11) -> 38 | R11: 0800-0900 | S11: =SUM(C14:C17) -> 16 | T11: =SUM(D14:D17) -> 7 | U11: =SUM(E14:E17) -> 4 | V11: =SUM(F14:F17) -> 3 | W11: =SUM(G14:G17) -> 0 | X11: =SUM(H14:H17) -> 0 | Y11: =SUM(I14:I17) -> 5 | Z11: =SUM(J14:J17) -> 0 | ... AF11: =SUM(P14:P17) -> 110
B12: 07.30 - 07.45 | C12: 8 | D12: 0 | E12: 0 | F12: 0 | G12: 0 | H12: 0 | I12: 0 | J12: 0 | K12: 0 | L12: 0 | M12: 26 | N12: 0 | O12: =SUM(C12:L12,N12) -> 8 | P12: =SUM(C12:N12) -> 34 | R12: 0900-1000 | S12: =SUM(C18:C21) -> 13 | T12: =SUM(D18:D21) -> 2 | U12: =SUM(E18:E21) -> 1 | V12: =SUM(F18:F21) -> 2 | W12: =SUM(G18:G21) -> 0 | X12: =SUM(H18:H21) -> 0 | Y12: =SUM(I18:I21) -> 6 | Z12: =SUM(J18:J21) -> 0 | ... AF12: =SUM(P18:P21) -> 116
B13: 07.45 - 08.00 | C13: 4 | D13: 1 | E13: 2 | F13: 0 | G13: 0 | H13: 0 | I13: 2 | J13: 0 | K13: 0 | L13: 0 | M13: 29 | N13: 0 | O13: =SUM(C13:L13,N13) -> 9 | P13: =SUM(C13:N13) -> 38 | R13: 1000-1100 | S13: =SUM(C22:C25) -> 14 | T13: =SUM(D22:D25) -> 3 | U13: =SUM(E22:E25) -> 2 | V13: =SUM(F22:F25) -> 0 | W13: =SUM(G22:G25) -> 0 | X13: =SUM(H22:H25) -> 0 | Y13: =SUM(I22:I25) -> 3 | Z13: =SUM(J22:J25) -> 0 | ... AF13: =SUM(P22:P25) -> 131
B14: 08.00 - 08.15 | C14: 4 | D14: 2 | E14: 1 | F14: 1 | G14: 0 | H14: 0 | I14: 0 | J14: 0 | K14: 0 | L14: 0 | M14: 30 | N14: 0 | O14: =SUM(C14:L14,N14) -> 8 | P14: =SUM(C14:N14) -> 38 | R14: 1100-1200 | S14: =SUM(C26:C29) -> 18 | T14: =SUM(D26:D29) -> 2 | U14: =SUM(E26:E29) -> 3 | V14: =SUM(F26:F29) -> 0 | W14: =SUM(G26:G29) -> 0 | X14: =SUM(H26:H29) -> 0 | Y14: =SUM(I26:I29) -> 4 | Z14: =SUM(J26:J29) -> 1 | ... AF14: =SUM(P26:P29) -> 111
B15: 08.15 - 08.30 | C15: 5 | D15: 2 | E15: 2 | F15: 0 | G15: 0 | H15: 0 | I15: 1 | J15: 0 | K15: 0 | L15: 0 | M15: 8 | N15: 0 | O15: =SUM(C15:L15,N15) -> 10 | P15: =SUM(C15:N15) -> 18 | R15: 1200-1300 | S15: =SUM(C30:C33) -> 9 | T15: =SUM(D30:D33) -> 2 | U15: =SUM(E30:E33) -> 4 | V15: =SUM(F30:F33) -> 1 | W15: =SUM(G30:G33) -> 1 | X15: =SUM(H30:H33) -> 0 | Y15: =SUM(I30:I33) -> 5 | Z15: =SUM(J30:J33) -> 0 | ... AF15: =SUM(P30:P33) -> 91
B16: 08.30 - 08.45 | C16: 2 | D16: 1 | E16: 0 | F16: 1 | G16: 0 | H16: 0 | I16: 0 | J16: 0 | K16: 0 | L16: 0 | M16: 2 | N16: 0 | O16: =SUM(C16:L16,N16) -> 4 | P16: =SUM(C16:N16) -> 6 | R16: 1300-1400 | S16: =SUM(C34:C37) -> 16 | T16: =SUM(D34:D37) -> 6 | U16: =SUM(E34:E37) -> 3 | V16: =SUM(F34:F37) -> 3 | W16: =SUM(G34:G37) -> 0 | X16: =SUM(H34:H37) -> 0 | Y16: =SUM(I34:I37) -> 3 | Z16: =SUM(J34:J37) -> 2 | ... AF16: =SUM(P34:P37) -> 104
B17: 08.45 - 9.00 | C17: 5 | D17: 2 | E17: 1 | F17: 1 | G17: 0 | H17: 0 | I17: 4 | J17: 0 | K17: 0 | L17: 0 | M17: 35 | N17: 0 | O17: =SUM(C17:L17,N17) -> 13 | P17: =SUM(C17:N17) -> 48 | R17: 1400-1500 | S17: =SUM(C38:C41) -> 12 | T17: =SUM(D38:D41) -> 3 | U17: =SUM(E38:E41) -> 3 | V17: =SUM(F38:F41) -> 0 | W17: =SUM(G38:G41) -> 0 | X17: =SUM(H38:H41) -> 0 | Y17: =SUM(I38:I41) -> 5 | Z17: =SUM(J38:J41) -> 0 | ... AF17: =SUM(P38:P41) -> 87
B18: 09.00 - 09.15 | C18: 3 | D18: 1 | E18: 1 | F18: 2 | G18: 0 | H18: 0 | I18: 3 | J18: 0 | K18: 0 | L18: 0 | M18: 27 | N18: 0 | O18: =SUM(C18:L18,N18) -> 10 | P18: =SUM(C18:N18) -> 37 | R18: 1500-1600 | S18: =SUM(C42:C45) -> 15 | T18: =SUM(D42:D45) -> 1 | U18: =SUM(E42:E45) -> 3 | V18: =SUM(F42:F45) -> 0 | W18: =SUM(G42:G45) -> 0 | X18: =SUM(H42:H45) -> 0 | Y18: =SUM(I42:I45) -> 4 | Z18: =SUM(J42:J45) -> 1 | ... AF18: =SUM(P42:P45) -> 91
B19: 09.15 - 09.30 | C19: 3 | D19: 0 | E19: 0 | F19: 0 | G19: 0 | H19: 0 | I19: 1 | J19: 0 | K19: 0 | L19: 0 | M19: 16 | N19: 0 | O19: =SUM(C19:L19,N19) -> 4 | P19: =SUM(C19:N19) -> 20 | R19: 1600-1700 | S19: =SUM(C46:C49) -> 15 | T19: =SUM(D46:D49) -> 2 | U19: =SUM(E46:E49) -> 4 | V19: =SUM(F46:F49) -> 6 | W19: =SUM(G46:G49) -> 1 | X19: =SUM(H46:H49) -> 0 | Y19: =SUM(I46:I49) -> 2 | Z19: =SUM(J46:J49) -> 0 | ... AF19: =SUM(P46:P49) -> 112
B20: 09.30 - 09.45 | C20: 3 | D20: 1 | E20: 0 | F20: 0 | G20: 0 | H20: 0 | I20: 1 | J20: 0 | K20: 0 | L20: 0 | M20: 22 | N20: 0 | O20: =SUM(C20:L20,N20) -> 5 | P20: =SUM(C20:N20) -> 27 | R20: 1700-1800 | S20: =SUM(C50:C53) -> 20 | T20: =SUM(D50:D53) -> 2 | U20: =SUM(E50:E53) -> 1 | V20: =SUM(F50:F53) -> 7 | W20: =SUM(G50:G53) -> 4 | X20: =SUM(H50:H53) -> 0 | Y20: =SUM(I50:I53) -> 7 | Z20: =SUM(J50:J53) -> 1 | ... AF20: =SUM(P50:P53) -> 141
B21: 09.45 - 10.00 | C21: 4 | D21: 0 | E21: 0 | F21: 0 | G21: 0 | H21: 0 | I21: 1 | J21: 0 | K21: 0 | L21: 0 | M21: 27 | N21: 0 | O21: =SUM(C21:L21,N21) -> 5 | P21: =SUM(C21:N21) -> 32 | R21: 1800-1900 | S21: =SUM(C54:C57) -> 23 | T21: =SUM(D54:D57) -> 4 | U21: =SUM(E54:E57) -> 4 | V21: =SUM(F54:F57) -> 4 | W21: =SUM(G54:G57) -> 2 | X21: =SUM(H54:H57) -> 0 | Y21: =SUM(I54:I57) -> 8 | Z21: =SUM(J54:J57) -> 2 | ... AF21: =SUM(P54:P57) -> 141
B22: 10.00 - 10.15 | C22: 3 | D22: 0 | E22: 1 | F22: 0 | G22: 0 | H22: 0 | I22: 3 | J22: 0 | K22: 0 | L22: 0 | M22: 29 | N22: 0 | O22: =SUM(C22:L22,N22) -> 7 | P22: =SUM(C22:N22) -> 36 | R22: 1900-2000 | S22: =SUM(C58:C61) -> 16 | T22: =SUM(D58:D61) -> 9 | U22: =SUM(E58:E61) -> 2 | V22: =SUM(F58:F61) -> 6 | W22: =SUM(G58:G61) -> 0 | X22: =SUM(H58:H61) -> 0 | Y22: =SUM(I58:I61) -> 7 | Z22: =SUM(J58:J61) -> 5 | ... AF22: =SUM(P58:P61) -> 109
B23: 10.15 - 10.30 | C23: 3 | D23: 1 | E23: 0 | F23: 0 | G23: 0 | H23: 0 | I23: 0 | J23: 0 | K23: 0 | L23: 0 | M23: 29 | N23: 0 | O23: =SUM(C23:L23,N23) -> 4 | P23: =SUM(C23:N23) -> 33 | R23: 2000-2100 | S23: =SUM(C62:C65) -> 8 | T23: =SUM(D62:D65) -> 2 | U23: =SUM(E62:E65) -> 1 | V23: =SUM(F62:F65) -> 2 | W23: =SUM(G62:G65) -> 1 | X23: =SUM(H62:H65) -> 0 | Y23: =SUM(I62:I65) -> 4 | Z23: =SUM(J62:J65) -> 0 | ... AF23: =SUM(P62:P65) -> 61
B24: 10.30 - 10.45 | C24: 5 | D24: 1 | E24: 1 | F24: 0 | G24: 0 | H24: 0 | I24: 0 | J24: 0 | K24: 0 | L24: 0 | M24: 26 | N24: 0 | O24: =SUM(C24:L24,N24) -> 7 | P24: =SUM(C24:N24) -> 33 | R24: 2100-2200 | S24: =SUM(C66:C69) -> 13 | T24: =SUM(D66:D69) -> 1 | U24: =SUM(E66:E69) -> 2 | V24: =SUM(F66:F69) -> 8 | W24: =SUM(G66:G69) -> 0 | X24: =SUM(H66:H69) -> 0 | Y24: =SUM(I66:I69) -> 4 | Z24: =SUM(J66:J69) -> 3 | ... AF24: =SUM(P66:P69) -> 90
B25: 10.45 - 11.00 | C25: 3 | D25: 1 | E25: 0 | F25: 0 | G25: 0 | H25: 0 | I25: 0 | J25: 0 | K25: 0 | L25: 0 | M25: 25 | N25: 0 | O25: =SUM(C25:L25,N25) -> 4 | P25: =SUM(C25:N25) -> 29 | R25: 2200-2300 | S25: =SUM(C70:C73) -> 9 | T25: =SUM(D70:D73) -> 2 | U25: =SUM(E70:E73) -> 0 | V25: =SUM(F70:F73) -> 2 | W25: =SUM(G70:G73) -> 0 | X25: =SUM(H70:H73) -> 0 | Y25: =SUM(I70:I73) -> 4 | Z25: =SUM(J70:J73) -> 2 | ... AF25: =SUM(P70:P73) -> 61
B26: 11.00 - 11.15 | C26: 4 | D26: 0 | E26: 1 | F26: 0 | G26: 0 | H26: 0 | I26: 2 | J26: 1 | K26: 0 | L26: 0 | M26: 20 | N26: 0 | O26: =SUM(C26:L26,N26) -> 8 | P26: =SUM(C26:N26) -> 28 | R26: 2300-0000 | S26: =SUM(C74:C77) -> 3 | T26: =SUM(D74:D77) -> 1 | U26: =SUM(E74:E77) -> 0 | V26: =SUM(F74:F77) -> 1 | W26: =SUM(G74:G77) -> 0 | X26: =SUM(H74:H77) -> 0 | Y26: =SUM(I74:I77) -> 3 | Z26: =SUM(J74:J77) -> 0 | ... AF26: =SUM(P74:P77) -> 25
B27: 11.15 - 11.30 | C27: 5 | D27: 0 | E27: 0 | F27: 0 | G27: 0 | H27: 0 | I27: 1 | J27: 0 | K27: 1 | L27: 0 | M27: 18 | N27: 0 | O27: =SUM(C27:L27,N27) -> 7 | P27: =SUM(C27:N27) -> 25 | R27: 0000-0100 | S27: =SUM(C78:C81) -> 7 | T27: =SUM(D78:D81) -> 0 | U27: =SUM(E78:E81) -> 0 | V27: =SUM(F78:F81) -> 0 | W27: =SUM(G78:G81) -> 0 | X27: =SUM(H78:H81) -> 0 | Y27: =SUM(I78:I81) -> 2 | Z27: =SUM(J78:J81) -> 0 | ... AF27: =SUM(P78:P81) -> 27
B28: 11.30 - 11.45 | C28: 3 | D28: 0 | E28: 2 | F28: 0 | G28: 0 | H28: 0 | I28: 0 | J28: 0 | K28: 0 | L28: 0 | M28: 25 | N28: 0 | O28: =SUM(C28:L28,N28) -> 5 | P28: =SUM(C28:N28) -> 30 | R28: 0100-0200 | S28: =SUM(C82:C85) -> 2 | T28: =SUM(D82:D85) -> 0 | U28: =SUM(E82:E85) -> 0 | V28: =SUM(F82:F85) -> 0 | W28: =SUM(G82:G85) -> 0 | X28: =SUM(H82:H85) -> 0 | Y28: =SUM(I82:I85) -> 0 | Z28: =SUM(J82:J85) -> 0 | ... AF28: =SUM(P82:P85) -> 11
B29: 11.45 - 12.00 | C29: 6 | D29: 2 | E29: 0 | F29: 0 | G29: 0 | H29: 0 | I29: 1 | J29: 0 | K29: 0 | L29: 0 | M29: 18 | N29: 1 | O29: =SUM(C29:L29,N29) -> 10 | P29: =SUM(C29:N29) -> 28 | R29: 0200-0300 | S29: =SUM(C86:C89) -> 0 | T29: =SUM(D86:D89) -> 0 | U29: =SUM(E86:E89) -> 0 | V29: =SUM(F86:F89) -> 0 | W29: =SUM(G86:G89) -> 0 | X29: =SUM(H86:H89) -> 0 | Y29: =SUM(I86:I89) -> 1 | Z29: =SUM(J86:J89) -> 0 | ... AF29: =SUM(P86:P89) -> 5
B30: 12.00 - 12.15 | C30: 3 | D30: 0 | E30: 1 | F30: 0 | G30: 0 | H30: 0 | I30: 2 | J30: 0 | K30: 0 | L30: 0 | M30: 18 | N30: 0 | O30: =SUM(C30:L30,N30) -> 6 | P30: =SUM(C30:N30) -> 24 | R30: 0300-0400 | S30: =SUM(C90:C93) -> 2 | T30: =SUM(D90:D93) -> 0 | U30: =SUM(E90:E93) -> 1 | V30: =SUM(F90:F93) -> 0 | W30: =SUM(G90:G93) -> 0 | X30: =SUM(H90:H93) -> 0 | Y30: =SUM(I90:I93) -> 1 | Z30: =SUM(J90:J93) -> 0 | ... AF30: =SUM(P90:P93) -> 15
B31: 12.15 - 12.30 | C31: 2 | D31: 0 | E31: 1 | F31: 1 | G31: 1 | H31: 0 | I31: 1 | J31: 0 | K31: 0 | L31: 0 | M31: 19 | N31: 0 | O31: =SUM(C31:L31,N31) -> 6 | P31: =SUM(C31:N31) -> 25 | R31: 0400-0500 | S31: =SUM(C94:C97) -> 1 | T31: =SUM(D94:D97) -> 0 | U31: =SUM(E94:E97) -> 2 | V31: =SUM(F94:F97) -> 0 | W31: =SUM(G94:G97) -> 0 | X31: =SUM(H94:H97) -> 0 | Y31: =SUM(I94:I97) -> 1 | Z31: =SUM(J94:J97) -> 0 | ... AF31: =SUM(P94:P97) -> 12
B32: 12.30 - 12.45 | C32: 1 | D32: 1 | E32: 0 | F32: 0 | G32: 0 | H32: 0 | I32: 0 | J32: 0 | K32: 0 | L32: 0 | M32: 15 | N32: 0 | O32: =SUM(C32:L32,N32) -> 2 | P32: =SUM(C32:N32) -> 17 | R32: 0500-0600 | S32: =SUM(C98:C101) -> 7 | T32: =SUM(D98:D101) -> 1 | U32: =SUM(E98:E101) -> 0 | V32: =SUM(F98:F101) -> 7 | W32: =SUM(G98:G101) -> 0 | X32: =SUM(H98:H101) -> 0 | Y32: =SUM(I98:I101) -> 0 | Z32: =SUM(J98:J101) -> 1 | ... AF32: =SUM(P98:P101) -> 37
B33: 12.45 - 13.00 | C33: 3 | D33: 1 | E33: 2 | F33: 0 | G33: 0 | H33: 0 | I33: 2 | J33: 0 | K33: 0 | L33: 0 | M33: 17 | N33: 0 | O33: =SUM(C33:L33,N33) -> 8 | P33: =SUM(C33:N33) -> 25 | R33: 0600-0700 | S33: =SUM(C102:C105) -> 9 | T33: =SUM(D102:D105) -> 1 | U33: =SUM(E102:E105) -> 0 | V33: =SUM(F102:F105) -> 11 | W33: =SUM(G102:G105) -> 3 | X33: =SUM(H102:H105) -> 0 | Y33: =SUM(I102:I105) -> 1 | Z33: =SUM(J102:J105) -> 3 | ... AF33: =SUM(P102:P105) -> 57
B34: 13.00 - 13.15 | C34: 3 | D34: 1 | E34: 1 | F34: 2 | G34: 0 | H34: 0 | I34: 1 | J34: 0 | K34: 0 | L34: 0 | M34: 19 | N34: 0 | O34: =SUM(C34:L34,N34) -> 8 | P34: =SUM(C34:N34) -> 27 | R34: AM Peak Hr | S34: =MAX(S10:S12) -> 19 | T34: =MAX(T10:T12) -> 7 | U34: =MAX(U10:U12) -> 5 | V34: =MAX(V10:V12) -> 3 | W34: =MAX(W10:W12) -> 0 | X34: =MAX(X10:X12) -> 0 | Y34: =MAX(Y10:Y12) -> 6 | Z34: =MAX(Z10:Z12) -> 0 | ... AF34: =MAX(AF10:AF12) -> 139
B35: 13.15 - 13.30 | C35: 7 | D35: 2 | E35: 0 | F35: 1 | G35: 0 | H35: 0 | I35: 0 | J35: 2 | K35: 0 | L35: 0 | M35: 21 | N35: 0 | O35: =SUM(C35:L35,N35) -> 12 | P35: =SUM(C35:N35) -> 33 | R35: IP Peak Hr | S35: =MAX(S13:S18) -> 18 | T35: =MAX(T13:T18) -> 6 | U35: =MAX(U13:U18) -> 4 | V35: =MAX(V13:V18) -> 3 | W35: =MAX(W13:W18) -> 1 | X35: =MAX(X13:X18) -> 0 | Y35: =MAX(Y13:Y18) -> 5 | Z35: =MAX(Z13:Z18) -> 2 | ... AF35: =MAX(AF13:AF18) -> 131
B36: 13.30 - 13.45 | C36: 5 | D36: 1 | E36: 0 | F36: 0 | G36: 0 | H36: 0 | I36: 2 | J36: 0 | K36: 0 | L36: 0 | M36: 18 | N36: 0 | O36: =SUM(C36:L36,N36) -> 8 | P36: =SUM(C36:N36) -> 26 | R36: PM Peak Hr | S36: =MAX(S19:S21) -> 23 | T36: =MAX(T19:T21) -> 4 | U36: =MAX(U19:U21) -> 4 | V36: =MAX(V19:V21) -> 7 | W36: =MAX(W19:W21) -> 4 | X36: =MAX(X19:X21) -> 0 | Y36: =MAX(Y19:Y21) -> 8 | Z36: =MAX(Z19:Z21) -> 2 | ... AF36: =MAX(AF19:AF21) -> 141
B37: 13.45 - 14.00 | C37: 1 | D37: 2 | E37: 2 | F37: 0 | G37: 0 | H37: 0 | I37: 0 | J37: 0 | K37: 0 | L37: 0 | M37: 13 | N37: 0 | O37: =SUM(C37:L37,N37) -> 5 | P37: =SUM(C37:N37) -> 18 | R37: AM Period | S37: =SUM(S10:S12) -> 48 | T37: =SUM(T10:T12) -> 12 | U37: =SUM(U10:U12) -> 10 | V37: =SUM(V10:V12) -> 5 | W37: =SUM(W10:W12) -> 0 | X37: =SUM(X10:X12) -> 0 | Y37: =SUM(Y10:Y12) -> 14 | Z37: =SUM(Z10:Z12) -> 0 | ... AF37: =SUM(AF10:AF12) -> 365
B38: 14.00 - 14.15 | C38: 7 | D38: 0 | E38: 0 | F38: 0 | G38: 0 | H38: 0 | I38: 1 | J38: 0 | K38: 0 | L38: 0 | M38: 17 | N38: 0 | O38: =SUM(C38:L38,N38) -> 8 | P38: =SUM(C38:N38) -> 25 | R38: IP Period | S38: =SUM(S13:S18) -> 84 | T38: =SUM(T13:T18) -> 17 | U38: =SUM(U13:U18) -> 18 | V38: =SUM(V13:V18) -> 4 | W38: =SUM(W13:W18) -> 1 | X38: =SUM(X13:X18) -> 0 | Y38: =SUM(Y13:Y18) -> 24 | Z38: =SUM(Z13:Z18) -> 4 | ... AF38: =SUM(AF13:AF18) -> 615
B39: 14.15 - 14.30 | C39: 1 | D39: 1 | E39: 0 | F39: 0 | G39: 0 | H39: 0 | I39: 1 | J39: 0 | K39: 0 | L39: 0 | M39: 17 | N39: 0 | O39: =SUM(C39:L39,N39) -> 3 | P39: =SUM(C39:N39) -> 20 | R39: PM Period | S39: =SUM(S19:S21) -> 58 | T39: =SUM(T19:T21) -> 8 | U39: =SUM(U19:U21) -> 9 | V39: =SUM(V19:V21) -> 17 | W39: =SUM(W19:W21) -> 7 | X39: =SUM(X19:X21) -> 0 | Y39: =SUM(Y19:Y21) -> 17 | Z39: =SUM(Z19:Z21) -> 3 | ... AF39: =SUM(AF19:AF21) -> 394
B40: 14.30 - 14.45 | C40: 2 | D40: 1 | E40: 2 | F40: 0 | G40: 0 | H40: 0 | I40: 1 | J40: 0 | K40: 0 | L40: 0 | M40: 16 | N40: 0 | O40: =SUM(C40:L40,N40) -> 6 | P40: =SUM(C40:N40) -> 22 | R40: 12 Hours | S40: =SUM(S10:S21) -> 190 | T40: =SUM(T10:T21) -> 37 | U40: =SUM(U10:U21) -> 37 | V40: =SUM(V10:V21) -> 26 | W40: =SUM(W10:W21) -> 8 | X40: =SUM(X10:X21) -> 0 | Y40: =SUM(Y10:Y21) -> 55 | Z40: =SUM(Z10:Z21) -> 7 | ... AF40: =SUM(AF10:AF21) -> 1374
B41: 14.45 - 15.00 | C41: 2 | D41: 1 | E41: 1 | F41: 0 | G41: 0 | H41: 0 | I41: 2 | J41: 0 | K41: 0 | L41: 0 | M41: 14 | N41: 0 | O41: =SUM(C41:L41,N41) -> 6 | P41: =SUM(C41:N41) -> 20 | R41: 24 Hrs/ADT | S41: =SUM(S10:S33) -> 267 | T41: =SUM(T10:T33) -> 54 | U41: =SUM(U10:U33) -> 45 | V41: =SUM(V10:V33) -> 63 | W41: =SUM(W10:W33) -> 12 | X41: =SUM(X10:X33) -> 0 | Y41: =SUM(Y10:Y33) -> 83 | Z41: =SUM(Z10:Z33) -> 21 | ... AF41: =SUM(AF10:AF33) -> 1884
B42: 15.00 - 15.15 | C42: 5 | D42: 0 | E42: 0 | F42: 0 | G42: 0 | H42: 0 | I42: 1 | J42: 0 | K42: 0 | L42: 0 | M42: 19 | N42: 0 | O42: =SUM(C42:L42,N42) -> 6 | P42: =SUM(C42:N42) -> 25 | R42: NEF | S42: =S41/S40 -> 1.4052632 | T42: =T41/T40 -> 1.4594595 | U42: =U41/U40 -> 1.2162162 | V42: =V41/V40 -> 2.4230769 | W42: =W41/W40 -> 1.5 | X42: =X41/X40 -> #DIV/0! | Y42: =Y41/Y40 -> 1.5090909 | Z42: =Z41/Z40 -> 3 | ... AF42: =AF41/AF40 -> 1.371179
B43: 15.15 - 15.30 | C43: 3 | D43: 0 | E43: 1 | F43: 0 | G43: 0 | H43: 0 | I43: 2 | J43: 1 | K43: 0 | L43: 0 | M43: 14 | N43: 0 | O43: =SUM(C43:L43,N43) -> 7 | P43: =SUM(C43:N43) -> 21
B44: 15.30 - 15.45 | C44: 2 | D44: 1 | E44: 0 | F44: 0 | G44: 0 | H44: 0 | I44: 1 | J44: 0 | K44: 0 | L44: 0 | M44: 19 | N44: 0 | O44: =SUM(C44:L44,N44) -> 4 | P44: =SUM(C44:N44) -> 23
B45: 15.45 - 16.00 | C45: 5 | D45: 0 | E45: 2 | F45: 0 | G45: 0 | H45: 0 | I45: 0 | J45: 0 | K45: 0 | L45: 0 | M45: 15 | N45: 0 | O45: =SUM(C45:L45,N45) -> 7 | P45: =SUM(C45:N45) -> 22
B46: 16.00 - 16.15 | C46: 1 | D46: 1 | E46: 0 | F46: 1 | G46: 0 | H46: 0 | I46: 1 | J46: 0 | K46: 0 | L46: 0 | M46: 21 | N46: 0 | O46: =SUM(C46:L46,N46) -> 4 | P46: =SUM(C46:N46) -> 25
B47: 16.15 -16.30 | C47: 3 | D47: 0 | E47: 2 | F47: 0 | G47: 0 | H47: 0 | I47: 0 | J47: 0 | K47: 0 | L47: 0 | M47: 15 | N47: 0 | O47: =SUM(C47:L47,N47) -> 5 | P47: =SUM(C47:N47) -> 20
B48: 16.30 -16.45 | C48: 8 | D48: 0 | E48: 1 | F48: 4 | G48: 0 | H48: 0 | I48: 0 | J48: 0 | K48: 1 | L48: 0 | M48: 19 | N48: 0 | O48: =SUM(C48:L48,N48) -> 14 | P48: =SUM(C48:N48) -> 33
B49: 16.45 -17.00 | C49: 3 | D49: 1 | E49: 1 | F49: 1 | G49: 1 | H49: 0 | I49: 1 | J49: 0 | K49: 0 | L49: 0 | M49: 26 | N49: 0 | O49: =SUM(C49:L49,N49) -> 8 | P49: =SUM(C49:N49) -> 34
B50: 17.00 -17.15 | C50: 6 | D50: 1 | E50: 0 | F50: 1 | G50: 1 | H50: 0 | I50: 0 | J50: 0 | K50: 0 | L50: 0 | M50: 26 | N50: 0 | O50: =SUM(C50:L50,N50) -> 9 | P50: =SUM(C50:N50) -> 35
B51: 17.15 -17.30 | C51: 4 | D51: 0 | E51: 0 | F51: 0 | G51: 1 | H51: 0 | I51: 1 | J51: 1 | K51: 0 | L51: 0 | M51: 21 | N51: 0 | O51: =SUM(C51:L51,N51) -> 7 | P51: =SUM(C51:N51) -> 28
B52: 17.30 -17.45 | C52: 6 | D52: 0 | E52: 1 | F52: 3 | G52: 1 | H52: 0 | I52: 4 | J52: 0 | K52: 0 | L52: 0 | M52: 24 | N52: 0 | O52: =SUM(C52:L52,N52) -> 15 | P52: =SUM(C52:N52) -> 39
B53: 17.45 -18.00 | C53: 4 | D53: 1 | E53: 0 | F53: 3 | G53: 1 | H53: 0 | I53: 2 | J53: 0 | K53: 0 | L53: 0 | M53: 28 | N53: 0 | O53: =SUM(C53:L53,N53) -> 11 | P53: =SUM(C53:N53) -> 39
B54: 18.00 - 18.15 | C54: 3 | D54: 1 | E54: 0 | F54: 0 | G54: 1 | H54: 0 | I54: 1 | J54: 0 | K54: 0 | L54: 0 | M54: 25 | N54: 0 | O54: =SUM(C54:L54,N54) -> 6 | P54: =SUM(C54:N54) -> 31
... B105: 06.45 - 07.00 | C105: 4 | D105: 1 | E105: 0 | F105: 3 | G105: 1 | H105: 0 | I105: 1 | J105: 0 | K105: 0 | L105: 0 | M105: 9 | N105: 0 | O105: =SUM(C105:L105,N105) -> 10 | P105: =SUM(C105:N105) -> 19
B106: Totals | C106: =SUM(C10:C105) -> 267 | D106: =SUM(D10:D105) -> 54 | E106: =SUM(E10:E105) -> 45 | F106: =SUM(F10:F105) -> 63 | G106: =SUM(G10:G105) -> 12 | H106: =SUM(H10:H105) -> 0 | I106: =SUM(I10:I105) -> 83 | J106: =SUM(J10:J105) -> 21 | ... P106: =SUM(P10:P105) -> 1884
B107: %ges + MCs | C107: =C106/$P$106 -> 0.14171975 | D107: =D106/$P$106 -> 0.02866242 | E107: =E106/$P$106 -> 0.02388535 | F107: =F106/$P$106 -> 0.03343949 | G107: =G106/$P$106 -> 0.0063694268 | H107: =H106/$P$106 -> 0 | I107: =I106/$P$106 -> 0.044055202 | J107: =J106/$P$106 -> 0.011146497 | ... N107: =N106/$P$106 -> 0.00053078556
B108: %ges w/o MCs | C108: =C106/$O$106 -> 0.4863388 | D108: =D106/$O$106 -> 0.098360656 | E108: =E106/$O$106 -> 0.081967213 | F108: =F106/$O$106 -> 0.1147541 | G108: =G106/$O$106 -> 0.021857923 | H108: =H106/$O$106 -> 0 | I108: =I106/$O$106 -> 0.15118397 | J108: =J106/$O$106 -> 0.038251366 | ... L108: =L106/$O$106 -> 0 | N108: =N106/$O$106 -> 0.0018214936

Sheet 26.09 Nsangi-Buloba-24HRS
B1: Consultancy services for Preparation of Expressway Development Master Plan (EDMP) for Uganda
B2: MANUAL CLASSIFIED COUNT (MCC)
B3: ROAD NAME: | C3: ='23.09-BULOBA- NSANGI'!C3:G3 -> MCC - C2 - STN-61-NSANGI-BULOBA ROAD
C5: Date | D5: ='26.09 Buloba-Nsangi-24HRS'!D5 -> 26.09.19 | F5: Location | G5: ='26.09 Buloba-Nsangi-24HRS'!G5:H5 -> HANA international school | J5: Surveyor | K5: Mirembe Ruth
C6: Dir. From | D6: ='23.09- NSANGI-BULOBA'!D6:E6 -> NSANGI | F6: Dir. To | G6: ='24.09 Nsangi-Buloba'!G6:H6 -> BULOBA | J6: Supervisor | K6: ='26.09 Buloba-Nsangi-24HRS'!K6:L6 -> Dennis
B8: Time / Veh Type | R8: SUMMARY TRAFFIC VOLUMES
C9: 1. Car | D9: 2. Station Wagon | E9: 3. Pickups | F9: 4. Minibus, matatu | G9: 5. Medium bus | H9: 6. Large Bus | I9: 7. Light Truck | J9: 8. Medium Truck | K9: 9. Heavy truck | L9: 10. Truck Trailer | M9: 11. Motor cycles | N9: 12. Tractors | O9: Total Excl M/Cycles | P9: Total All | R9: Time | S9: 1. Car | T9: 2. Station Wagon | U9: 3. Pickups | V9: 4. Minibus, matatu | W9: 5. Medium bus | X9: 6. Large Bus | Y9: 7. Light Truck | Z9: 8. Medium Truck | AA9: 9. Heavy truck | AB9: 10. Truck Trailer | AC9: 11. Motorcycles | AD9: 12. Tractors, Graders | AE9: Total Excl M/ Cycles | AF9: Total All
B10: 07.00 - 07.15 | C10: 1 | D10: 0 | E10: 1 | F10: 0 | G10: 1 | H10: 0 | I10: 0 | J10: 0 | K10: 0 | L10: 0 | M10: 13 | N10: 0 | O10: =SUM(C10:L10,N10) -> 3 | P10: =SUM(C10:N10) -> 16 | R10: 0700-0800 | S10: =SUM(C10:C13) -> 12 | T10: =SUM(D10:D13) -> 1 | U10: =SUM(E10:E13) -> 3 | V10: =SUM(F10:F13) -> 0 | W10: =SUM(G10:G13) -> 1 | X10: =SUM(H10:H13) -> 0 | Y10: =SUM(I10:I13) -> 2 | Z10: =SUM(J10:J13) -> 0 | ... AF10: =SUM(P10:P13) -> 111
B11: 07.15 - 07.30 | C11: 5 | D11: 0 | E11: 1 | F11: 0 | G11: 0 | H11: 0 | I11: 0 | J11: 0 | K11: 0 | L11: 0 | M11: 30 | N11: 0 | O11: =SUM(C11:L11,N11) -> 6 | P11: =SUM(C11:N11) -> 36 | R11: 0800-0900 | S11: =SUM(C14:C17) -> 19 | T11: =SUM(D14:D17) -> 4 | U11: =SUM(E14:E17) -> 1 | V11: =SUM(F14:F17) -> 2 | W11: =SUM(G14:G17) -> 0 | X11: =SUM(H14:H17) -> 0 | Y11: =SUM(I14:I17) -> 3 | Z11: =SUM(J14:J17) -> 1 | ... AF11: =SUM(P14:P17) -> 109
B12: 07.30 - 07.45 | C12: 2 | D12: 0 | E12: 0 | F12: 0 | G12: 0 | H12: 0 | I12: 2 | J12: 0 | K12: 0 | L12: 0 | M12: 24 | N12: 0 | O12: =SUM(C12:L12,N12) -> 4 | P12: =SUM(C12:N12) -> 28 | R12: 0900-1000 | S12: =SUM(C18:C21) -> 10 | T12: =SUM(D18:D21) -> 1 | U12: =SUM(E18:E21) -> 1 | V12: =SUM(F18:F21) -> 0 | W12: =SUM(G18:G21) -> 0 | X12: =SUM(H18:H21) -> 0 | Y12: =SUM(I18:I21) -> 3 | Z12: =SUM(J18:J21) -> 0 | ... AF12: =SUM(P18:P21) -> 96
B13: 07.45 - 08.00 | C13: 4 | D13: 1 | E13: 1 | F13: 0 | G13: 0 | H13: 0 | I13: 0 | J13: 0 | K13: 0 | L13: 0 | M13: 25 | N13: 0 | O13: =SUM(C13:L13,N13) -> 6 | P13: =SUM(C13:N13) -> 31 | R13: 1000-1100 | S13: =SUM(C22:C25) -> 9 | T13: =SUM(D22:D25) -> 0 | U13: =SUM(E22:E25) -> 3 | V13: =SUM(F22:F25) -> 0 | W13: =SUM(G22:G25) -> 1 | X13: =SUM(H22:H25) -> 0 | Y13: =SUM(I22:I25) -> 5 | Z13: =SUM(J22:J25) -> 0 | ... AF13: =SUM(P22:P25) -> 127
B14: 08.00 - 08.15 | C14: 4 | D14: 1 | E14: 0 | F14: 1 | G14: 0 | H14: 0 | I14: 1 | J14: 0 | K14: 0 | L14: 0 | M14: 29 | N14: 0 | O14: =SUM(C14:L14,N14) -> 7 | P14: =SUM(C14:N14) -> 36 | R14: 1100-1200 | S14: =SUM(C26:C29) -> 13 | T14: =SUM(D26:D29) -> 4 | U14: =SUM(E26:E29) -> 4 | V14: =SUM(F26:F29) -> 0 | W14: =SUM(G26:G29) -> 0 | X14: =SUM(H26:H29) -> 0 | Y14: =SUM(I26:I29) -> 3 | Z14: =SUM(J26:J29) -> 1 | ... AF14: =SUM(P26:P29) -> 107
B15: 08.15 - 08.30 | C15: 7 | D15: 1 | E15: 0 | F15: 0 | G15: 0 | H15: 0 | I15: 2 | J15: 0 | K15: 0 | L15: 0 | M15: 15 | N15: 0 | O15: =SUM(C15:L15,N15) -> 10 | P15: =SUM(C15:N15) -> 25 | R15: 1200-1300 | S15: =SUM(C30:C33) -> 10 | T15: =SUM(D30:D33) -> 3 | U15: =SUM(E30:E33) -> 4 | V15: =SUM(F30:F33) -> 1 | W15: =SUM(G30:G33) -> 0 | X15: =SUM(H30:H33) -> 0 | Y15: =SUM(I30:I33) -> 3 | Z15: =SUM(J30:J33) -> 0 | ... AF15: =SUM(P30:P33) -> 82
B16: 08.30 - 08.45 | C16: 1 | D16: 1 | E16: 0 | F16: 1 | G16: 0 | H16: 0 | I16: 0 | J16: 0 | K16: 0 | L16: 0 | M16: 5 | N16: 0 | O16: =SUM(C16:L16,N16) -> 3 | P16: =SUM(C16:N16) -> 8 | R16: 1300-1400 | S16: =SUM(C34:C37) -> 12 | T16: =SUM(D34:D37) -> 0 | U16: =SUM(E34:E37) -> 2 | V16: =SUM(F34:F37) -> 2 | W16: =SUM(G34:G37) -> 1 | X16: =SUM(H34:H37) -> 0 | Y16: =SUM(I34:I37) -> 6 | Z16: =SUM(J34:J37) -> 3 | ... AF16: =SUM(P34:P37) -> 113
B17: 08.45 - 9.00 | C17: 7 | D17: 1 | E17: 1 | F17: 0 | G17: 0 | H17: 0 | I17: 0 | J17: 1 | K17: 0 | L17: 0 | M17: 30 | N17: 0 | O17: =SUM(C17:L17,N17) -> 10 | P17: =SUM(C17:N17) -> 40 | R17: 1400-1500 | S17: =SUM(C38:C41) -> 14 | T17: =SUM(D38:D41) -> 2 | U17: =SUM(E38:E41) -> 4 | V17: =SUM(F38:F41) -> 0 | W17: =SUM(G38:G41) -> 0 | X17: =SUM(H38:H41) -> 0 | Y17: =SUM(I38:I41) -> 3 | Z17: =SUM(J38:J41) -> 1 | ... AF17: =SUM(P38:P41) -> 80
B18: 09.00 - 09.15 | C18: 1 | D18: 0 | E18: 1 | F18: 0 | G18: 0 | H18: 0 | I18: 1 | J18: 0 | K18: 0 | L18: 0 | M18: 25 | N18: 0 | O18: =SUM(C18:L18,N18) -> 3 | P18: =SUM(C18:N18) -> 28 | R18: 1500-1600 | S18: =SUM(C42:C45) -> 11 | T18: =SUM(D42:D45) -> 4 | U18: =SUM(E42:E45) -> 3 | V18: =SUM(F42:F45) -> 0 | W18: =SUM(G42:G45) -> 0 | X18: =SUM(H42:H45) -> 0 | Y18: =SUM(I42:I45) -> 2 | Z18: =SUM(J42:J45) -> 1 | ... AF18: =SUM(P42:P45) -> 81
B19: 09.15 - 09.30 | C19: 2 | D19: 1 | E19: 0 | F19: 0 | G19: 0 | H19: 0 | I19: 1 | J19: 0 | K19: 0 | L19: 0 | M19: 16 | N19: 0 | O19: =SUM(C19:L19,N19) -> 4 | P19: =SUM(C19:N19) -> 20 | R19: 1600-1700 | S19: =SUM(C46:C49) -> 23 | T19: =SUM(D46:D49) -> 0 | U19: =SUM(E46:E49) -> 2 | V19: =SUM(F46:F49) -> 3 | W19: =SUM(G46:G49) -> 1 | X19: =SUM(H46:H49) -> 0 | Y19: =SUM(I46:I49) -> 4 | Z19: =SUM(J46:J49) -> 0 | ... AF19: =SUM(P46:P49) -> 103
B20: 09.30 - 09.45 | C20: 1 | D20: 0 | E20: 0 | F20: 0 | G20: 0 | H20: 0 | I20: 0 | J20: 0 | K20: 0 | L20: 0 | M20: 14 | N20: 0 | O20: =SUM(C20:L20,N20) -> 1 | P20: =SUM(C20:N20) -> 15 | R20: 1700-1800 | S20: =SUM(C50:C53) -> 21 | T20: =SUM(D50:D53) -> 4 | U20: =SUM(E50:E53) -> 4 | V20: =SUM(F50:F53) -> 2 | W20: =SUM(G50:G53) -> 4 | X20: =SUM(H50:H53) -> 0 | Y20: =SUM(I50:I53) -> 4 | Z20: =SUM(J50:J53) -> 2 | ... AF20: =SUM(P50:P53) -> 114
B21: 09.45 - 10.00 | C21: 6 | D21: 0 | E21: 0 | F21: 0 | G21: 0 | H21: 0 | I21: 1 | J21: 0 | K21: 0 | L21: 0 | M21: 26 | N21: 0 | O21: =SUM(C21:L21,N21) -> 7 | P21: =SUM(C21:N21) -> 33 | R21: 1800-1900 | S21: =SUM(C54:C57) -> 23 | T21: =SUM(D54:D57) -> 1 | U21: =SUM(E54:E57) -> 2 | V21: =SUM(F54:F57) -> 2 | W21: =SUM(G54:G57) -> 1 | X21: =SUM(H54:H57) -> 0 | Y21: =SUM(I54:I57) -> 4 | Z21: =SUM(J54:J57) -> 0 | ... AF21: =SUM(P54:P57) -> 114
B22: 10.00 - 10.15 | C22: 1 | D22: 0 | E22: 0 | F22: 0 | G22: 0 | H22: 0 | I22: 0 | J22: 0 | K22: 0 | L22: 0 | M22: 24 | N22: 0 | O22: =SUM(C22:L22,N22) -> 1 | P22: =SUM(C22:N22) -> 25 | R22: 1900-2000 | S22: =SUM(C58:C61) -> 17 | T22: =SUM(D58:D61) -> 13 | U22: =SUM(E58:E61) -> 7 | V22: =SUM(F58:F61) -> 6 | W22: =SUM(G58:G61) -> 0 | X22: =SUM(H58:H61) -> 0 | Y22: =SUM(I58:I61) -> 10 | Z22: =SUM(J58:J61) -> 2 | ... AF22: =SUM(P58:P61) -> 140
B23: 10.15 - 10.30 | C23: 2 | D23: 0 | E23: 2 | F23: 0 | G23: 0 | H23: 0 | I23: 2 | J23: 0 | K23: 0 | L23: 0 | M23: 26 | N23: 0 | O23: =SUM(C23:L23,N23) -> 6 | P23: =SUM(C23:N23) -> 32 | R23: 2000-2100 | S23: =SUM(C62:C65) -> 15 | T23: =SUM(D62:D65) -> 8 | U23: =SUM(E62:E65) -> 8 | V23: =SUM(F62:F65) -> 4 | W23: =SUM(G62:G65) -> 2 | X23: =SUM(H62:H65) -> 0 | Y23: =SUM(I62:I65) -> 10 | Z23: =SUM(J62:J65) -> 1 | ... AF23: =SUM(P62:P65) -> 85
B24: 10.30 - 10.45 | C24: 2 | D24: 0 | E24: 1 | F24: 0 | G24: 1 | H24: 0 | I24: 1 | J24: 0 | K24: 0 | L24: 0 | M24: 34 | N24: 0 | O24: =SUM(C24:L24,N24) -> 5 | P24: =SUM(C24:N24) -> 39 | R24: 2100-2200 | S24: =SUM(C66:C69) -> 8 | T24: =SUM(D66:D69) -> 6 | U24: =SUM(E66:E69) -> 11 | V24: =SUM(F66:F69) -> 6 | W24: =SUM(G66:G69) -> 1 | X24: =SUM(H66:H69) -> 0 | Y24: =SUM(I66:I69) -> 5 | Z24: =SUM(J66:J69) -> 2 | ... AF24: =SUM(P66:P69) -> 87
B25: 10.45 - 11.00 | C25: 4 | D25: 0 | E25: 0 | F25: 0 | G25: 0 | H25: 0 | I25: 2 | J25: 0 | K25: 0 | L25: 0 | M25: 25 | N25: 0 | O25: =SUM(C25:L25,N25) -> 6 | P25: =SUM(C25:N25) -> 31 | R25: 2200-2300 | S25: =SUM(C70:C73) -> 11 | T25: =SUM(D70:D73) -> 12 | U25: =SUM(E70:E73) -> 5 | V25: =SUM(F70:F73) -> 5 | W25: =SUM(G70:G73) -> 0 | X25: =SUM(H70:H73) -> 0 | Y25: =SUM(I70:I73) -> 6 | Z25: =SUM(J70:J73) -> 0 | ... AF25: =SUM(P70:P73) -> 69
B26: 11.00 - 11.15 | C26: 2 | D26: 0 | E26: 2 | F26: 0 | G26: 0 | H26: 0 | I26: 0 | J26: 0 | K26: 0 | L26: 0 | M26: 18 | N26: 0 | O26: =SUM(C26:L26,N26) -> 4 | P26: =SUM(C26:N26) -> 22 | R26: 2300-0000 | S26: =SUM(C74:C77) -> 16 | T26: =SUM(D74:D77) -> 0 | U26: =SUM(E74:E77) -> 0 | V26: =SUM(F74:F77) -> 3 | W26: =SUM(G74:G77) -> 0 | X26: =SUM(H74:H77) -> 0 | Y26: =SUM(I74:I77) -> 0 | Z26: =SUM(J74:J77) -> 0 | ... AF26: =SUM(P74:P77) -> 46
B27: 11.15 - 11.30 | C27: 4 | D27: 0 | E27: 1 | F27: 0 | G27: 0 | H27: 0 | I27: 0 | J27: 0 | K27: 0 | L27: 0 | M27: 20 | N27: 0 | O27: =SUM(C27:L27,N27) -> 5 | P27: =SUM(C27:N27) -> 25 | R27: 0000-0100 | S27: =SUM(C78:C81) -> 8 | T27: =SUM(D78:D81) -> 1 | U27: =SUM(E78:E81) -> 2 | V27: =SUM(F78:F81) -> 3 | W27: =SUM(G78:G81) -> 0 | X27: =SUM(H78:H81) -> 0 | Y27: =SUM(I78:I81) -> 2 | Z27: =SUM(J78:J81) -> 0 | ... AF27: =SUM(P78:P81) -> 34
B28: 11.30 - 11.45 | C28: 2 | D28: 3 | E28: 0 | F28: 0 | G28: 0 | H28: 0 | I28: 0 | J28: 0 | K28: 0 | L28: 0 | M28: 18 | N28: 0 | O28: =SUM(C28:L28,N28) -> 5 | P28: =SUM(C28:N28) -> 23 | R28: 0100-0200 | S28: =SUM(C82:C85) -> 3 | T28: =SUM(D82:D85) -> 1 | U28: =SUM(E82:E85) -> 3 | V28: =SUM(F82:F85) -> 0 | W28: =SUM(G82:G85) -> 0 | X28: =SUM(H82:H85) -> 0 | Y28: =SUM(I82:I85) -> 0 | Z28: =SUM(J82:J85) -> 0 | ... AF28: =SUM(P82:P85) -> 17
B29: 11.45 - 12.00 | C29: 5 | D29: 1 | E29: 1 | F29: 0 | G29: 0 | H29: 0 | I29: 3 | J29: 1 | K29: 0 | L29: 0 | M29: 26 | N29: 0 | O29: =SUM(C29:L29,N29) -> 11 | P29: =SUM(C29:N29) -> 37 | R29: 0200-0300 | S29: =SUM(C86:C89) -> 2 | T29: =SUM(D86:D89) -> 0 | U29: =SUM(E86:E89) -> 2 | V29: =SUM(F86:F89) -> 0 | W29: =SUM(G86:G89) -> 0 | X29: =SUM(H86:H89) -> 0 | Y29: =SUM(I86:I89) -> 1 | Z29: =SUM(J86:J89) -> 0 | ... AF29: =SUM(P86:P89) -> 11
B30: 12.00 - 12.15 | C30: 2 | D30: 1 | E30: 1 | F30: 0 | G30: 0 | H30: 0 | I30: 1 | J30: 0 | K30: 0 | L30: 0 | M30: 18 | N30: 0 | O30: =SUM(C30:L30,N30) -> 5 | P30: =SUM(C30:N30) -> 23 | R30: 0300-0400 | S30: =SUM(C90:C93) -> 1 | T30: =SUM(D90:D93) -> 1 | U30: =SUM(E90:E93) -> 1 | V30: =SUM(F90:F93) -> 0 | W30: =SUM(G90:G93) -> 0 | X30: =SUM(H90:H93) -> 0 | Y30: =SUM(I90:I93) -> 0 | Z30: =SUM(J90:J93) -> 0 | ... AF30: =SUM(P90:P93) -> 9
B31: 12.15 - 12.30 | C31: 1 | D31: 1 | E31: 3 | F31: 0 | G31: 0 | H31: 0 | I31: 1 | J31: 0 | K31: 0 | L31: 0 | M31: 16 | N31: 0 | O31: =SUM(C31:L31,N31) -> 6 | P31: =SUM(C31:N31) -> 22 | R31: 0400-0500 | S31: =SUM(C94:C97) -> 3 | T31: =SUM(D94:D97) -> 1 | U31: =SUM(E94:E97) -> 3 | V31: =SUM(F94:F97) -> 0 | W31: =SUM(G94:G97) -> 0 | X31: =SUM(H94:H97) -> 0 | Y31: =SUM(I94:I97) -> 4 | Z31: =SUM(J94:J97) -> 1 | ... AF31: =SUM(P94:P97) -> 19
B32: 12.30 - 12.45 | C32: 5 | D32: 1 | E32: 0 | F32: 0 | G32: 0 | H32: 0 | I32: 1 | J32: 0 | K32: 0 | L32: 0 | M32: 13 | N32: 0 | O32: =SUM(C32:L32,N32) -> 7 | P32: =SUM(C32:N32) -> 20 | R32: 0500-0600 | S32: =SUM(C98:C101) -> 5 | T32: =SUM(D98:D101) -> 2 | U32: =SUM(E98:E101) -> 1 | V32: =SUM(F98:F101) -> 6 | W32: =SUM(G98:G101) -> 1 | X32: =SUM(H98:H101) -> 0 | Y32: =SUM(I98:I101) -> 1 | Z32: =SUM(J98:J101) -> 1 | ... AF32: =SUM(P98:P101) -> 26
B33: 12.45 - 13.00 | C33: 2 | D33: 0 | E33: 0 | F33: 1 | G33: 0 | H33: 0 | I33: 0 | J33: 0 | K33: 0 | L33: 0 | M33: 14 | N33: 0 | O33: =SUM(C33:L33,N33) -> 3 | P33: =SUM(C33:N33) -> 17 | R33: 0600-0700 | S33: =SUM(C102:C105) -> 7 | T33: =SUM(D102:D105) -> 1 | U33: =SUM(E102:E105) -> 4 | V33: =SUM(F102:F105) -> 11 | W33: =SUM(G102:G105) -> 4 | X33: =SUM(H102:H105) -> 2 | Y33: =SUM(I102:I105) -> 3 | Z33: =SUM(J102:J105) -> 1 | ... AF33: =SUM(P102:P105) -> 61
B34: 13.00 - 13.15 | C34: 2 | D34: 0 | E34: 1 | F34: 0 | G34: 0 | H34: 0 | I34: 2 | J34: 0 | K34: 0 | L34: 0 | M34: 28 | N34: 0 | O34: =SUM(C34:L34,N34) -> 5 | P34: =SUM(C34:N34) -> 33 | R34: AM Peak Hr | S34: =MAX(S10:S12) -> 19 | T34: =MAX(T10:T12) -> 4 | U34: =MAX(U10:U12) -> 3 | V34: =MAX(V10:V12) -> 2 | W34: =MAX(W10:W12) -> 1 | X34: =MAX(X10:X12) -> 0 | Y34: =MAX(Y10:Y12) -> 3 | Z34: =MAX(Z10:Z12) -> 1 | ... AF34: =MAX(AF10:AF12) -> 111
B35: 13.15 - 13.30 | C35: 3 | D35: 0 | E35: 1 | F35: 1 | G35: 0 | H35: 0 | I35: 1 | J35: 0 | K35: 0 | L35: 0 | M35: 19 | N35: 0 | O35: =SUM(C35:L35,N35) -> 6 | P35: =SUM(C35:N35) -> 25 | R35: IP Peak Hr | S35: =MAX(S13:S18) -> 14 | T35: =MAX(T13:T18) -> 4 | U35: =MAX(U13:U18) -> 4 | V35: =MAX(V13:V18) -> 2 | W35: =MAX(W13:W18) -> 1 | X35: =MAX(X13:X18) -> 0 | Y35: =MAX(Y13:Y18) -> 6 | Z35: =MAX(Z13:Z18) -> 3 | ... AF35: =MAX(AF13:AF18) -> 127
B36: 13.30 - 13.45 | C36: 3 | D36: 0 | E36: 0 | F36: 0 | G36: 1 | H36: 0 | I36: 1 | J36: 2 | K36: 0 | L36: 0 | M36: 17 | N36: 0 | O36: =SUM(C36:L36,N36) -> 7 | P36: =SUM(C36:N36) -> 24 | R36: PM Peak Hr | S36: =MAX(S19:S21) -> 23 | T36: =MAX(T19:T21) -> 4 | U36: =MAX(U19:U21) -> 4 | V36: =MAX(V19:V21) -> 3 | W36: =MAX(W19:W21) -> 4 | X36: =MAX(X19:X21) -> 0 | Y36: =MAX(Y19:Y21) -> 4 | Z36: =MAX(Z19:Z21) -> 2 | ... AF36: =MAX(AF19:AF21) -> 114
B37: 13.45 - 14.00 | C37: 4 | D37: 0 | E37: 0 | F37: 1 | G37: 0 | H37: 0 | I37: 2 | J37: 1 | K37: 0 | L37: 0 | M37: 23 | N37: 0 | O37: =SUM(C37:L37,N37) -> 8 | P37: =SUM(C37:N37) -> 31 | R37: AM Period | S37: =SUM(S10:S12) -> 41 | T37: =SUM(T10:T12) -> 6 | U37: =SUM(U10:U12) -> 5 | V37: =SUM(V10:V12) -> 2 | W37: =SUM(W10:W12) -> 1 | X37: =SUM(X10:X12) -> 0 | Y37: =SUM(Y10:Y12) -> 8 | Z37: =SUM(Z10:Z12) -> 1 | ... AF37: =SUM(AF10:AF12) -> 316
B38: 14.00 - 14.15 | C38: 4 | D38: 0 | E38: 0 | F38: 0 | G38: 0 | H38: 0 | I38: 1 | J38: 0 | K38: 1 | L38: 0 | M38: 16 | N38: 0 | O38: =SUM(C38:L38,N38) -> 6 | P38: =SUM(C38:N38) -> 22 | R38: IP Period | S38: =SUM(S13:S18) -> 69 | T38: =SUM(T13:T18) -> 13 | U38: =SUM(U13:U18) -> 20 | V38: =SUM(V13:V18) -> 3 | W38: =SUM(W13:W18) -> 2 | X38: =SUM(X13:X18) -> 0 | Y38: =SUM(Y13:Y18) -> 22 | Z38: =SUM(Z13:Z18) -> 6 | ... AF38: =SUM(AF13:AF18) -> 590
B39: 14.15 - 14.30 | C39: 2 | D39: 1 | E39: 2 | F39: 0 | G39: 0 | H39: 0 | I39: 0 | J39: 0 | K39: 0 | L39: 0 | M39: 17 | N39: 0 | O39: =SUM(C39:L39,N39) -> 5 | P39: =SUM(C39:N39) -> 22 | R39: PM Period | S39: =SUM(S19:S21) -> 67 | T39: =SUM(T19:T21) -> 5 | U39: =SUM(U19:U21) -> 8 | V39: =SUM(V19:V21) -> 7 | W39: =SUM(W19:W21) -> 6 | X39: =SUM(X19:X21) -> 0 | Y39: =SUM(Y19:Y21) -> 12 | Z39: =SUM(Z19:Z21) -> 2 | ... AF39: =SUM(AF19:AF21) -> 331
B40: 14.30 - 14.45 | C40: 3 | D40: 0 | E40: 1 | F40: 0 | G40: 0 | H40: 0 | I40: 1 | J40: 1 | K40: 0 | L40: 0 | M40: 10 | N40: 0 | O40: =SUM(C40:L40,N40) -> 6 | P40: =SUM(C40:N40) -> 16 | R40: 12 Hours | S40: =SUM(S10:S21) -> 177 | T40: =SUM(T10:T21) -> 24 | U40: =SUM(U10:U21) -> 33 | V40: =SUM(V10:V21) -> 12 | W40: =SUM(W10:W21) -> 9 | X40: =SUM(X10:X21) -> 0 | Y40: =SUM(Y10:Y21) -> 42 | Z40: =SUM(Z10:Z21) -> 9 | ... AF40: =SUM(AF10:AF21) -> 1237
B41: 14.45 - 15.00 | C41: 5 | D41: 1 | E41: 1 | F41: 0 | G41: 0 | H41: 0 | I41: 1 | J41: 0 | K41: 0 | L41: 0 | M41: 12 | N41: 0 | O41: =SUM(C41:L41,N41) -> 8 | P41: =SUM(C41:N41) -> 20 | R41: 24 Hrs/ADT | S41: =SUM(S10:S33) -> 273 | T41: =SUM(T10:T33) -> 70 | U41: =SUM(U10:U33) -> 80 | V41: =SUM(V10:V33) -> 56 | W41: =SUM(W10:W33) -> 17 | X41: =SUM(X10:X33) -> 2 | Y41: =SUM(Y10:Y33) -> 84 | Z41: =SUM(Z10:Z33) -> 17 | ... AF41: =SUM(AF10:AF33) -> 1841
B42: 15.00 - 15.15 | C42: 5 | D42: 2 | E42: 0 | F42: 0 | G42: 0 | H42: 0 | I42: 0 | J42: 0 | K42: 0 | L42: 0 | M42: 20 | N42: 0 | O42: =SUM(C42:L42,N42) -> 7 | P42: =SUM(C42:N42) -> 27 | R42: NEF | S42: =S41/S40 -> 1.5423729 | T42: =T41/T40 -> 2.9166667 | U42: =U41/U40 -> 2.4242424 | V42: =V41/V40 -> 4.6666667 | W42: =W41/W40 -> 1.8888889 | X42: =X41/X40 -> #DIV/0! | Y42: =Y41/Y40 -> 2 | Z42: =Z41/Z40 -> 1.8888889 | ... AF42: =AF41/AF40 -> 1.4882781
B43: 15.15 - 15.30 | C43: 2 | D43: 1 | E43: 1 | F43: 0 | G43: 0 | H43: 0 | I43: 0 | J43: 0 | K43: 0 | L43: 0 | M43: 13 | N43: 0 | O43: =SUM(C43:L43,N43) -> 4 | P43: =SUM(C43:N43) -> 17
B44: 15.30 - 15.45 | C44: 4 | D44: 1 | E44: 2 | F44: 0 | G44: 0 | H44: 0 | I44: 0 | J44: 1 | K44: 0 | L44: 0 | M44: 14 | N44: 0 | O44: =SUM(C44:L44,N44) -> 8 | P44: =SUM(C44:N44) -> 22
B45: 15.45 - 16.00 | C45: 0 | D45: 0 | E45: 0 | F45: 0 | G45: 0 | H45: 0 | I45: 2 | J45: 0 | K45: 0 | L45: 0 | M45: 13 | N45: 0 | O45: =SUM(C45:L45,N45) -> 2 | P45: =SUM(C45:N45) -> 15
B46: 16.00 - 16.15 | C46: 5 | D46: 0 | E46: 0 | F46: 0 | G46: 0 | H46: 0 | I46: 0 | J46: 0 | K46: 0 | L46: 0 | M46: 17 | N46: 0 | O46: =SUM(C46:L46,N46) -> 5 | P46: =SUM(C46:N46) -> 22
B47: 16.15 -16.30 | C47: 5 | D47: 0 | E47: 0 | F47: 0 | G47: 0 | H47: 0 | I47: 2 | J47: 0 | K47: 0 | L47: 0 | M47: 15 | N47: 0 | O47: =SUM(C47:L47,N47) -> 7 | P47: =SUM(C47:N47) -> 22
B48: 16.30 -16.45 | C48: 8 | D48: 0 | E48: 0 | F48: 2 | G48: 0 | H48: 0 | I48: 2 | J48: 0 | K48: 0 | L48: 0 | M48: 20 | N48: 0 | O48: =SUM(C48:L48,N48) -> 12 | P48: =SUM(C48:N48) -> 32
B49: 16.45 -17.00 | C49: 5 | D49: 0 | E49: 2 | F49: 1 | G49: 1 | H49: 0 | I49: 0 | J49: 0 | K49: 0 | L49: 0 | M49: 18 | N49: 0 | O49: =SUM(C49:L49,N49) -> 9 | P49: =SUM(C49:N49) -> 27
B50: 17.00 -17.15 | C50: 6 | D50: 0 | E50: 0 | F50: 0 | G50: 0 | H50: 0 | I50: 1 | J50: 1 | K50: 0 | L50: 0 | M50: 17 | N50: 0 | O50: =SUM(C50:L50,N50) -> 8 | P50: =SUM(C50:N50) -> 25
B51: 17.15 -17.30 | C51: 6 | D51: 1 | E51: 3 | F51: 0 | G51: 2 | H51: 0 | I51: 1 | J51: 0 | K51: 0 | L51: 0 | M51: 19 | N51: 1 | O51: =SUM(C51:L51,N51) -> 14 | P51: =SUM(C51:N51) -> 33
B52: 17.30 -17.45 | C52: 4 | D52: 0 | E52: 0 | F52: 0 | G52: 1 | H52: 0 | I52: 0 | J52: 1 | K52: 0 | L52: 0 | M52: 14 | N52: 0 | O52: =SUM(C52:L52,N52) -> 6 | P52: =SUM(C52:N52) -> 20
B53: 17.45 -18.00 | C53: 5 | D53: 3 | E53: 1 | F53: 2 | G53: 1 | H53: 0 | I53: 2 | J53: 0 | K53: 0 | L53: 0 | M53: 22 | N53: 0 | O53: =SUM(C53:L53,N53) -> 14 | P53: =SUM(C53:N53) -> 36
B54: 18.00 - 18.15 | C54: 7 | D54: 0 | E54: 1 | F54: 1 | G54: 0 | H54: 0 | I54: 0 | J54: 0 | K54: 0 | L54: 0 | M54: 21 | N54: 0 | O54: =SUM(C54:L54,N54) -> 9 | P54: =SUM(C54:N54) -> 30
... B105: 06.45 - 07.00 | C105: 2 | D105: 0 | E105: 2 | F105: 4 | G105: 1 | H105: 1 | I105: 3 | J105: 1 | K105: 0 | L105: 0 | M105: 10 | N105: 0 | O105: =SUM(C105:L105,N105) -> 14 | P105: =SUM(C105:N105) -> 24
B106: Totals | C106: =SUM(C10:C105) -> 273 | D106: =SUM(D10:D105) -> 70 | E106: =SUM(E10:E105) -> 80 | F106: =SUM(F10:F105) -> 56 | G106: =SUM(G10:G105) -> 17 | H106: =SUM(H10:H105) -> 2 | I106: =SUM(I10:I105) -> 84 | J106: =SUM(J10:J105) -> 17 | ... P106: =SUM(P10:P105) -> 1841
B107: %ges + MCs | C107: =C106/$P$106 -> 0.14828897 | D107: =D106/$P$106 -> 0.038022814 | E107: =E106/$P$106 -> 0.043454644 | F107: =F106/$P$106 -> 0.030418251 | G107: =G106/$P$106 -> 0.0092341119 | H107: =H106/$P$106 -> 0.0010863661 | I107: =I106/$P$106 -> 0.045627376 | J107: =J106/$P$106 -> 0.0092341119 | ... N107: =N106/$P$106 -> 0.00054318305
B108: %ges w/o MCs | C108: =C106/$O$106 -> 0.45273632 | D108: =D106/$O$106 -> 0.11608624 | E108: =E106/$O$106 -> 0.13266998 | F108: =F106/$O$106 -> 0.092868988 | G108: =G106/$O$106 -> 0.028192371 | H108: =H106/$O$106 -> 0.0033167496 | I108: =I106/$O$106 -> 0.13930348 | J108: =J106/$O$106 -> 0.028192371 | ... L108: =L106/$O$106 -> 0.0016583748 | N108: =N106/$O$106 -> 0.0016583748

Sheet 27.09 Buloba-Nsangi
B1: Consultancy services for Preparation of Expressway Development Master Plan (EDMP) for Uganda
B2: MANUAL CLASSIFIED COUNT (MCC)
B3: ROAD NAME: | C3: ='23.09-BULOBA- NSANGI'!C3:G3 -> MCC - C2 - STN-61-NSANGI-BULOBA ROAD
C5: Date | D5: 27.09.19 | F5: Location | G5: ='25.09 Nsangi-Buloba'!G5:H5 -> HANA international school | J5: Surveyor | K5: ='25.09 Nsangi-Buloba'!K5:L5 -> Mirembe Ruth
C6: Dir. From | D6: ='23.09-BULOBA- NSANGI'!D6:E6 -> BULOBA | F6: Dir. To | G6: ='23.09-BULOBA- NSANGI'!G6:H6 -> NSANGI | J6: Supervisor | K6: ='25.09 Nsangi-Buloba'!K6:L6 -> Dennis
B8: Time / Veh Type | R8: SUMMARY TRAFFIC VOLUMES
C9: 1. Car | D9: 2. Station Wagon | E9: 3. Pickups | F9: 4. Minibus, matatu | G9: 5. Medium bus | H9: 6. Large Bus | I9: 7. Light Truck | J9: 8. Medium Truck | K9: 9. Heavy truck | L9: 10. Truck Trailer | M9: 11. Motor cycles | N9: 12. Tractors | O9: Total Excl M/Cycles | P9: Total All | R9: Time | S9: 1. Car | T9: 2. Station Wagon | U9: 3. Pickups | V9: 4. Minibus, matatu | W9: 5. Medium bus | X9: 6. Large Bus | Y9: 7. Light Truck | Z9: 8. Medium Truck | AA9: 9. Heavy truck | AB9: 10. Truck Trailer | AC9: 11. Motorcycles | AD9: 12. Tractors, Graders | AE9: Total Excl M/ Cycles | AF9: Total All
B10: 07.00 - 07.15 | C10: 4 | D10: 1 | E10: 0 | F10: 0 | G10: 0 | H10: 0 | I10: 1 | J10: 0 | K10: 0 | L10: 0 | M10: 31 | N10: 0 | O10: =SUM(C10:L10,N10) -> 6 | P10: =SUM(C10:N10) -> 37 | R10: 0700-0800 | S10: =SUM(C10:C13) -> 18 | T10: =SUM(D10:D13) -> 2 | U10: =SUM(E10:E13) -> 1 | V10: =SUM(F10:F13) -> 1 | W10: =SUM(G10:G13) -> 0 | X10: =SUM(H10:H13) -> 0 | Y10: =SUM(I10:I13) -> 6 | Z10: =SUM(J10:J13) -> 1 | ... AF10: =SUM(P10:P13) -> 145
B11: 07.15 - 07.30 | C11: 2 | D11: 1 | E11: 1 | F11: 1 | G11: 0 | H11: 0 | I11: 1 | J11: 0 | K11: 0 | L11: 0 | M11: 34 | N11: 0 | O11: =SUM(C11:L11,N11) -> 6 | P11: =SUM(C11:N11) -> 40 | R11: 0800-0900 | S11: =SUM(C14:C17) -> 14 | T11: =SUM(D14:D17) -> 5 | U11: =SUM(E14:E17) -> 0 | V11: =SUM(F14:F17) -> 1 | W11: =SUM(G14:G17) -> 0 | X11: =SUM(H14:H17) -> 0 | Y11: =SUM(I14:I17) -> 7 | Z11: =SUM(J14:J17) -> 0 | ... AF11: =SUM(P14:P17) -> 138
B12: 07.30 - 07.45 | C12: 5 | D12: 0 | E12: 0 | F12: 0 | G12: 0 | H12: 0 | I12: 3 | J12: 1 | K12: 0 | L12: 0 | M12: 25 | N12: 0 | O12: =SUM(C12:L12,N12) -> 9 | P12: =SUM(C12:N12) -> 34 | R12: 0900-1000 | S12: =SUM(C18:C21) -> 24 | T12: =SUM(D18:D21) -> 3 | U12: =SUM(E18:E21) -> 2 | V12: =SUM(F18:F21) -> 4 | W12: =SUM(G18:G21) -> 2 | X12: =SUM(H18:H21) -> 0 | Y12: =SUM(I18:I21) -> 7 | Z12: =SUM(J18:J21) -> 2 | ... AF12: =SUM(P18:P21) -> 135
B13: 07.45 - 08.00 | C13: 7 | D13: 0 | E13: 0 | F13: 0 | G13: 0 | H13: 0 | I13: 1 | J13: 0 | K13: 0 | L13: 0 | M13: 26 | N13: 0 | O13: =SUM(C13:L13,N13) -> 8 | P13: =SUM(C13:N13) -> 34 | R13: 1000-1100 | S13: =SUM(C22:C25) -> 14 | T13: =SUM(D22:D25) -> 7 | U13: =SUM(E22:E25) -> 5 | V13: =SUM(F22:F25) -> 0 | W13: =SUM(G22:G25) -> 0 | X13: =SUM(H22:H25) -> 0 | Y13: =SUM(I22:I25) -> 8 | Z13: =SUM(J22:J25) -> 0 | ... AF13: =SUM(P22:P25) -> 129
B14: 08.00 - 08.15 | C14: 3 | D14: 2 | E14: 0 | F14: 1 | G14: 0 | H14: 0 | I14: 1 | J14: 0 | K14: 0 | L14: 0 | M14: 29 | N14: 0 | O14: =SUM(C14:L14,N14) -> 7 | P14: =SUM(C14:N14) -> 36 | R14: 1100-1200 | S14: =SUM(C26:C29) -> 16 | T14: =SUM(D26:D29) -> 4 | U14: =SUM(E26:E29) -> 3 | V14: =SUM(F26:F29) -> 1 | W14: =SUM(G26:G29) -> 0 | X14: =SUM(H26:H29) -> 0 | Y14: =SUM(I26:I29) -> 4 | Z14: =SUM(J26:J29) -> 2 | ... AF14: =SUM(P26:P29) -> 110
B15: 08.15 - 08.30 | C15: 4 | D15: 0 | E15: 0 | F15: 0 | G15: 0 | H15: 0 | I15: 1 | J15: 0 | K15: 0 | L15: 0 | M15: 36 | N15: 0 | O15: =SUM(C15:L15,N15) -> 5 | P15: =SUM(C15:N15) -> 41 | R15: 1200-1300 | S15: =SUM(C30:C33) -> 10 | T15: =SUM(D30:D33) -> 5 | U15: =SUM(E30:E33) -> 6 | V15: =SUM(F30:F33) -> 1 | W15: =SUM(G30:G33) -> 0 | X15: =SUM(H30:H33) -> 0 | Y15: =SUM(I30:I33) -> 8 | Z15: =SUM(J30:J33) -> 1 | ... AF15: =SUM(P30:P33) -> 73
B16: 08.30 - 08.45 | C16: 3 | D16: 3 | E16: 0 | F16: 0 | G16: 0 | H16: 0 | I16: 3 | J16: 0 | K16: 0 | L16: 0 | M16: 23 | N16: 0 | O16: =SUM(C16:L16,N16) -> 9 | P16: =SUM(C16:N16) -> 32 | R16: 1300-1400 | S16: =SUM(C34:C37) -> 11 | T16: =SUM(D34:D37) -> 1 | U16: =SUM(E34:E37) -> 4 | V16: =SUM(F34:F37) -> 1 | W16: =SUM(G34:G37) -> 0 | X16: =SUM(H34:H37) -> 0 | Y16: =SUM(I34:I37) -> 4 | Z16: =SUM(J34:J37) -> 1 | ... AF16: =SUM(P34:P37) -> 78
B17: 08.45 - 9.00 | C17: 4 | D17: 0 | E17: 0 | F17: 0 | G17: 0 | H17: 0 | I17: 2 | J17: 0 | K17: 0 | L17: 0 | M17: 23 | N17: 0 | O17: =SUM(C17:L17,N17) -> 6 | P17: =SUM(C17:N17) -> 29 | R17: 1400-1500 | S17: =SUM(C38:C41) -> 13 | T17: =SUM(D38:D41) -> 7 | U17: =SUM(E38:E41) -> 2 | V17: =SUM(F38:F41) -> 3 | W17: =SUM(G38:G41) -> 1 | X17: =SUM(H38:H41) -> 0 | Y17: =SUM(I38:I41) -> 7 | Z17: =SUM(J38:J41) -> 1 | ... AF17: =SUM(P38:P41) -> 91
B18: 09.00 - 09.15 | C18: 4 | D18: 1 | E18: 0 | F18: 1 | G18: 0 | H18: 0 | I18: 0 | J18: 0 | K18: 0 | L18: 0 | M18: 25 | N18: 0 | O18: =SUM(C18:L18,N18) -> 6 | P18: =SUM(C18:N18) -> 31 | R18: 1500-1600 | S18: =SUM(C42:C45) -> 9 | T18: =SUM(D42:D45) -> 3 | U18: =SUM(E42:E45) -> 2 | V18: =SUM(F42:F45) -> 1 | W18: =SUM(G42:G45) -> 0 | X18: =SUM(H42:H45) -> 0 | Y18: =SUM(I42:I45) -> 5 | Z18: =SUM(J42:J45) -> 2 | ... AF18: =SUM(P42:P45) -> 77
B19: 09.15 - 09.30 | C19: 8 | D19: 0 | E19: 0 | F19: 1 | G19: 1 | H19: 0 | I19: 3 | J19: 0 | K19: 0 | L19: 0 | M19: 20 | N19: 0 | O19: =SUM(C19:L19,N19) -> 13 | P19: =SUM(C19:N19) -> 33 | R19: 1600-1700 | S19: =SUM(C46:C49) -> 12 | T19: =SUM(D46:D49) -> 3 | U19: =SUM(E46:E49) -> 0 | V19: =SUM(F46:F49) -> 3 | W19: =SUM(G46:G49) -> 0 | X19: =SUM(H46:H49) -> 0 | Y19: =SUM(I46:I49) -> 4 | Z19: =SUM(J46:J49) -> 1 | ... AF19: =SUM(P46:P49) -> 85
B20: 09.30 - 09.45 | C20: 11 | D20: 0 | E20: 2 | F20: 0 | G20: 1 | H20: 0 | I20: 3 | J20: 2 | K20: 0 | L20: 0 | M20: 26 | N20: 0 | O20: =SUM(C20:L20,N20) -> 19 | P20: =SUM(C20:N20) -> 45 | R20: 1700-1800 | S20: =SUM(C50:C53) -> 18 | T20: =SUM(D50:D53) -> 6 | U20: =SUM(E50:E53) -> 5 | V20: =SUM(F50:F53) -> 6 | W20: =SUM(G50:G53) -> 3 | X20: =SUM(H50:H53) -> 0 | Y20: =SUM(I50:I53) -> 11 | Z20: =SUM(J50:J53) -> 1 | ... AF20: =SUM(P50:P53) -> 151
B21: 09.45 - 10.00 | C21: 1 | D21: 2 | E21: 0 | F21: 2 | G21: 0 | H21: 0 | I21: 1 | J21: 0 | K21: 0 | L21: 0 | M21: 20 | N21: 0 | O21: =SUM(C21:L21,N21) -> 6 | P21: =SUM(C21:N21) -> 26 | R21: 1800-1900 | S21: =SUM(C54:C57) -> 18 | T21: =SUM(D54:D57) -> 4 | U21: =SUM(E54:E57) -> 2 | V21: =SUM(F54:F57) -> 18 | W21: =SUM(G54:G57) -> 5 | X21: =SUM(H54:H57) -> 0 | Y21: =SUM(I54:I57) -> 7 | Z21: =SUM(J54:J57) -> 1 | ... AF21: =SUM(P54:P57) -> 157
B22: 10.00 - 10.15 | C22: 3 | D22: 1 | E22: 2 | F22: 0 | G22: 0 | H22: 0 | I22: 3 | J22: 0 | K22: 0 | L22: 0 | M22: 30 | N22: 0 | O22: =SUM(C22:L22,N22) -> 9 | P22: =SUM(C22:N22) -> 39 | R22: AM Peak Hr | S22: =MAX(S10:S12) -> 24 | T22: =MAX(T10:T12) -> 5 | U22: =MAX(U10:U12) -> 2 | V22: =MAX(V10:V12) -> 4 | W22: =MAX(W10:W12) -> 2 | X22: =MAX(X10:X12) -> 0 | Y22: =MAX(Y10:Y12) -> 7 | Z22: =MAX(Z10:Z12) -> 2 | ... AF22: =MAX(AF10:AF12) -> 145
B23: 10.15 - 10.30 | C23: 3 | D23: 1 | E23: 1 | F23: 0 | G23: 0 | H23: 0 | I23: 2 | J23: 0 | K23: 0 | L23: 1 | M23: 27 | N23: 0 | O23: =SUM(C23:L23,N23) -> 8 | P23: =SUM(C23:N23) -> 35 | R23: IP Peak Hr | S23: =MAX(S13:S18) -> 16 | T23: =MAX(T13:T18) -> 7 | U23: =MAX(U13:U18) -> 6 | V23: =MAX(V13:V18) -> 3 | W23: =MAX(W13:W18) -> 1 | X23: =MAX(X13:X18) -> 0 | Y23: =MAX(Y13:Y18) -> 8 | Z23: =MAX(Z13:Z18) -> 2 | ... AF23: =MAX(AF13:AF18) -> 129
B24: 10.30 - 10.45 | C24: 5 | D24: 3 | E24: 1 | F24: 0 | G24: 0 | H24: 0 | I24: 1 | J24: 0 | K24: 1 | L24: 0 | M24: 22 | N24: 0 | O24: =SUM(C24:L24,N24) -> 11 | P24: =SUM(C24:N24) -> 33 | R24: PM Peak Hr | S24: =MAX(S19:S21) -> 18 | T24: =MAX(T19:T21) -> 6 | U24: =MAX(U19:U21) -> 5 | V24: =MAX(V19:V21) -> 18 | W24: =MAX(W19:W21) -> 5 | X24: =MAX(X19:X21) -> 0 | Y24: =MAX(Y19:Y21) -> 11 | Z24: =MAX(Z19:Z21) -> 1 | ... AF24: =MAX(AF19:AF21) -> 157
B25: 10.45 - 11.00 | C25: 3 | D25: 2 | E25: 1 | F25: 0 | G25: 0 | H25: 0 | I25: 2 | J25: 0 | K25: 0 | L25: 0 | M25: 14 | N25: 0 | O25: =SUM(C25:L25,N25) -> 8 | P25: =SUM(C25:N25) -> 22 | R25: AM Period | S25: =SUM(S10:S12) -> 56 | T25: =SUM(T10:T12) -> 10 | U25: =SUM(U10:U12) -> 3 | V25: =SUM(V10:V12) -> 6 | W25: =SUM(W10:W12) -> 2 | X25: =SUM(X10:X12) -> 0 | Y25: =SUM(Y10:Y12) -> 20 | Z25: =SUM(Z10:Z12) -> 3 | ... AF25: =SUM(AF10:AF12) -> 418
B26: 11.00 - 11.15 | C26: 4 | D26: 1 | E26: 0 | F26: 0 | G26: 0 | H26: 0 | I26: 2 | J26: 1 | K26: 0 | L26: 0 | M26: 25 | N26: 0 | O26: =SUM(C26:L26,N26) -> 8 | P26: =SUM(C26:N26) -> 33 | R26: IP Period | S26: =SUM(S13:S18) -> 73 | T26: =SUM(T13:T18) -> 27 | U26: =SUM(U13:U18) -> 22 | V26: =SUM(V13:V18) -> 7 | W26: =SUM(W13:W18) -> 1 | X26: =SUM(X13:X18) -> 0 | Y26: =SUM(Y13:Y18) -> 36 | Z26: =SUM(Z13:Z18) -> 7 | ... AF26: =SUM(AF13:AF18) -> 558
B27: 11.15 - 11.30 | C27: 2 | D27: 0 | E27: 1 | F27: 0 | G27: 0 | H27: 0 | I27: 0 | J27: 1 | K27: 0 | L27: 0 | M27: 17 | N27: 0 | O27: =SUM(C27:L27,N27) -> 4 | P27: =SUM(C27:N27) -> 21 | R27: PM Period | S27: =SUM(S19:S21) -> 48 | T27: =SUM(T19:T21) -> 13 | U27: =SUM(U19:U21) -> 7 | V27: =SUM(V19:V21) -> 27 | W27: =SUM(W19:W21) -> 8 | X27: =SUM(X19:X21) -> 0 | Y27: =SUM(Y19:Y21) -> 22 | Z27: =SUM(Z19:Z21) -> 3 | ... AF27: =SUM(AF19:AF21) -> 393
B28: 11.30 - 11.45 | C28: 4 | D28: 1 | E28: 2 | F28: 1 | G28: 0 | H28: 0 | I28: 2 | J28: 0 | K28: 0 | L28: 0 | M28: 20 | N28: 0 | O28: =SUM(C28:L28,N28) -> 10 | P28: =SUM(C28:N28) -> 30 | R28: 12 Hours | S28: =SUM(S10:S21) -> 177 | T28: =SUM(T10:T21) -> 50 | U28: =SUM(U10:U21) -> 32 | V28: =SUM(V10:V21) -> 40 | W28: =SUM(W10:W21) -> 11 | X28: =SUM(X10:X21) -> 0 | Y28: =SUM(Y10:Y21) -> 78 | Z28: =SUM(Z10:Z21) -> 13 | ... AF28: =SUM(AF10:AF21) -> 1369
B29: 11.45 - 12.00 | C29: 6 | D29: 2 | E29: 0 | F29: 0 | G29: 0 | H29: 0 | I29: 0 | J29: 0 | K29: 1 | L29: 0 | M29: 17 | N29: 0 | O29: =SUM(C29:L29,N29) -> 9 | P29: =SUM(C29:N29) -> 26
B30: 12.00 - 12.15 | C30: 2 | D30: 2 | E30: 2 | F30: 0 | G30: 0 | H30: 0 | I30: 1 | J30: 0 | K30: 0 | L30: 0 | M30: 17 | N30: 0 | O30: =SUM(C30:L30,N30) -> 7 | P30: =SUM(C30:N30) -> 24
B31: 12.15 - 12.30 | C31: 4 | D31: 2 | E31: 1 | F31: 0 | G31: 0 | H31: 0 | I31: 2 | J31: 0 | K31: 1 | L31: 0 | M31: 22 | N31: 0 | O31: =SUM(C31:L31,N31) -> 10 | P31: =SUM(C31:N31) -> 32
B32: 12.30 - 12.45 | C32: 3 | D32: 0 | E32: 1 | F32: 1 | G32: 0 | H32: 0 | I32: 3 | J32: 1 | K32: 0 | L32: 0 | M32: 1 | N32: 0 | O32: =SUM(C32:L32,N32) -> 9 | P32: =SUM(C32:N32) -> 10
B33: 12.45 - 13.00 | C33: 1 | D33: 1 | E33: 2 | F33: 0 | G33: 0 | H33: 0 | I33: 2 | J33: 0 | K33: 0 | L33: 0 | M33: 1 | N33: 0 | O33: =SUM(C33:L33,N33) -> 6 | P33: =SUM(C33:N33) -> 7
B34: 13.00 - 13.15 | C34: 0 | D34: 0 | E34: 2 | F34: 0 | G34: 0 | H34: 0 | I34: 0 | J34: 0 | K34: 1 | L34: 0 | M34: 2 | N34: 0 | O34: =SUM(C34:L34,N34) -> 3 | P34: =SUM(C34:N34) -> 5
B35: 13.15 - 13.30 | C35: 2 | D35: 0 | E35: 0 | F35: 1 | G35: 0 | H35: 0 | I35: 0 | J35: 0 | K35: 0 | L35: 0 | M35: 12 | N35: 0 | O35: =SUM(C35:L35,N35) -> 3 | P35: =SUM(C35:N35) -> 15
B36: 13.30 - 13.45 | C36: 3 | D36: 0 | E36: 1 | F36: 0 | G36: 0 | H36: 0 | I36: 2 | J36: 0 | K36: 0 | L36: 0 | M36: 19 | N36: 0 | O36: =SUM(C36:L36,N36) -> 6 | P36: =SUM(C36:N36) -> 25
B37: 13.45 - 14.00 | C37: 6 | D37: 1 | E37: 1 | F37: 0 | G37: 0 | H37: 0 | I37: 2 | J37: 1 | K37: 0 | L37: 0 | M37: 22 | N37: 0 | O37: =SUM(C37:L37,N37) -> 11 | P37: =SUM(C37:N37) -> 33
B38: 14.00 - 14.15 | C38: 4 | D38: 2 | E38: 0 | F38: 2 | G38: 0 | H38: 0 | I38: 2 | J38: 1 | K38: 0 | L38: 0 | M38: 20 | N38: 0 | O38: =SUM(C38:L38,N38) -> 11 | P38: =SUM(C38:N38) -> 31
B39: 14.15 - 14.30 | C39: 5 | D39: 2 | E39: 0 | F39: 0 | G39: 0 | H39: 0 | I39: 3 | J39: 0 | K39: 0 | L39: 0 | M39: 20 | N39: 0 | O39: =SUM(C39:L39,N39) -> 10 | P39: =SUM(C39:N39) -> 30
B40: 14.30 - 14.45 | C40: 3 | D40: 3 | E40: 2 | F40: 1 | G40: 0 | H40: 0 | I40: 2 | J40: 0 | K40: 0 | L40: 0 | M40: 12 | N40: 0 | O40: =SUM(C40:L40,N40) -> 11 | P40: =SUM(C40:N40) -> 23
... B57: 18.45 - 19.00 | C57: 4 | D57: 0 | E57: 1 | F57: 6 | G57: 1 | H57: 0 | I57: 0 | J57: 0 | K57: 1 | L57: 0 | M57: 23 | N57: 0 | O57: =SUM(C57:L57,N57) -> 13 | P57: =SUM(C57:N57) -> 36
B58: Totals | C58: =SUM(C10:C57) -> 177 | D58: =SUM(D10:D57) -> 50 | E58: =SUM(E10:E57) -> 32 | F58: =SUM(F10:F57) -> 40 | G58: =SUM(G10:G57) -> 11 | H58: =SUM(H10:H57) -> 0 | I58: =SUM(I10:I57) -> 78 | J58: =SUM(J10:J57) -> 13 | ... P58: =SUM(P10:P57) -> 1369
B59: %ges + MCs | C59: =C58/$P$58 -> 0.12929145 | D59: =D58/$P$58 -> 0.036523009 | E59: =E58/$P$58 -> 0.023374726 | F59: =F58/$P$58 -> 0.029218408 | G59: =G58/$P$58 -> 0.0080350621 | H59: =H58/$P$58 -> 0 | I59: =I58/$P$58 -> 0.056975895 | J59: =J58/$P$58 -> 0.0094959825 | ... N59: =N58/$P$58 -> 0
B60: %ges w/o MCs | C60: =C58/$O$58 -> 0.43382353 | D60: =D58/$O$58 -> 0.12254902 | E60: =E58/$O$58 -> 0.078431373 | F60: =F58/$O$58 -> 0.098039216 | G60: =G58/$O$58 -> 0.026960784 | H60: =H58/$O$58 -> 0 | I60: =I58/$O$58 -> 0.19117647 | J60: =J58/$O$58 -> 0.031862745 | ... L60: =L58/$O$58 -> 0.0024509804 | N60: =N58/$O$58 -> 0

Sheet 27.09 Nsangi-Buloba
B1: Consultancy services for Preparation of Expressway Development Master Plan (EDMP) for Uganda
B2: MANUAL CLASSIFIED COUNT (MCC)
B3: ROAD NAME: | C3: ='23.09- NSANGI-BULOBA'!C3:G3 -> MCC - C2 - STN-61-NSANGI-BULOBA ROAD
C5: Date | D5: ='27.09 Buloba-Nsangi'!D5 -> 27.09.19 | F5: Location | G5: ='27.09 Buloba-Nsangi'!G5:H5 -> HANA international school | J5: Surveyor | K5: ='27.09 Buloba-Nsangi'!K5:L5 -> Mirembe Ruth
C6: Dir. From | D6: ='23.09- NSANGI-BULOBA'!D6:E6 -> NSANGI | F6: Dir. To | G6: ='23.09- NSANGI-BULOBA'!G6:H6 -> BULOBA | J6: Supervisor | K6: ='27.09 Buloba-Nsangi'!K6:L6 -> Dennis
B8: Time / Veh Type | R8: SUMMARY TRAFFIC VOLUMES
C9: 1. Car | D9: 2. Station Wagon | E9: 3. Pickups | F9: 4. Minibus, matatu | G9: 5. Medium bus | H9: 6. Large Bus | I9: 7. Light Truck | J9: 8. Medium Truck | K9: 9. Heavy truck | L9: 10. Truck Trailer | M9: 11. Motor cycles | N9: 12. Tractors | O9: Total Excl M/Cycles | P9: Total All | R9: Time | S9: 1. Car | T9: 2. Station Wagon | U9: 3. Pickups | V9: 4. Minibus, matatu | W9: 5. Medium bus | X9: 6. Large Bus | Y9: 7. Light Truck | Z9: 8. Medium Truck | AA9: 9. Heavy truck | AB9: 10. Truck Trailer | AC9: 11. Motorcycles | AD9: 12. Tractors, Graders | AE9: Total Excl M/ Cycles | AF9: Total All
B10: 07.00 - 07.15 | C10: 3 | D10: 0 | E10: 0 | F10: 2 | G10: 1 | H10: 0 | I10: 1 | J10: 0 | K10: 1 | L10: 0 | M10: 25 | N10: 0 | O10: =SUM(C10:L10,N10) -> 8 | P10: =SUM(C10:N10) -> 33 | R10: 0700-0800 | S10: =SUM(C10:C13) -> 16 | T10: =SUM(D10:D13) -> 2 | U10: =SUM(E10:E13) -> 0 | V10: =SUM(F10:F13) -> 3 | W10: =SUM(G10:G13) -> 1 | X10: =SUM(H10:H13) -> 0 | Y10: =SUM(I10:I13) -> 4 | Z10: =SUM(J10:J13) -> 0 | ... AF10: =SUM(P10:P13) -> 120
B11: 07.15 - 07.30 | C11: 7 | D11: 1 | E11: 0 | F11: 0 | G11: 0 | H11: 0 | I11: 1 | J11: 0 | K11: 0 | L11: 0 | M11: 25 | N11: 0 | O11: =SUM(C11:L11,N11) -> 9 | P11: =SUM(C11:N11) -> 34 | R11: 0800-0900 | S11: =SUM(C14:C17) -> 14 | T11: =SUM(D14:D17) -> 1 | U11: =SUM(E14:E17) -> 0 | V11: =SUM(F14:F17) -> 1 | W11: =SUM(G14:G17) -> 1 | X11: =SUM(H14:H17) -> 0 | Y11: =SUM(I14:I17) -> 6 | Z11: =SUM(J14:J17) -> 2 | ... AF11: =SUM(P14:P17) -> 129
B12: 07.30 - 07.45 | C12: 0 | D12: 1 | E12: 0 | F12: 1 | G12: 0 | H12: 0 | I12: 0 | J12: 0 | K12: 0 | L12: 0 | M12: 24 | N12: 0 | O12: =SUM(C12:L12,N12) -> 2 | P12: =SUM(C12:N12) -> 26 | R12: 0900-1000 | S12: =SUM(C18:C21) -> 14 | T12: =SUM(D18:D21) -> 2 | U12: =SUM(E18:E21) -> 6 | V12: =SUM(F18:F21) -> 3 | W12: =SUM(G18:G21) -> 0 | X12: =SUM(H18:H21) -> 0 | Y12: =SUM(I18:I21) -> 6 | Z12: =SUM(J18:J21) -> 0 | ... AF12: =SUM(P18:P21) -> 125
B13: 07.45 - 08.00 | C13: 6 | D13: 0 | E13: 0 | F13: 0 | G13: 0 | H13: 0 | I13: 2 | J13: 0 | K13: 0 | L13: 0 | M13: 19 | N13: 0 | O13: =SUM(C13:L13,N13) -> 8 | P13: =SUM(C13:N13) -> 27 | R13: 1000-1100 | S13: =SUM(C22:C25) -> 20 | T13: =SUM(D22:D25) -> 2 | U13: =SUM(E22:E25) -> 1 | V13: =SUM(F22:F25) -> 1 | W13: =SUM(G22:G25) -> 0 | X13: =SUM(H22:H25) -> 0 | Y13: =SUM(I22:I25) -> 5 | Z13: =SUM(J22:J25) -> 1 | ... AF13: =SUM(P22:P25) -> 114
B14: 08.00 - 08.15 | C14: 3 | D14: 0 | E14: 0 | F14: 1 | G14: 0 | H14: 0 | I14: 2 | J14: 0 | K14: 0 | L14: 0 | M14: 26 | N14: 0 | O14: =SUM(C14:L14,N14) -> 6 | P14: =SUM(C14:N14) -> 32 | R14: 1100-1200 | S14: =SUM(C26:C29) -> 7 | T14: =SUM(D26:D29) -> 0 | U14: =SUM(E26:E29) -> 5 | V14: =SUM(F26:F29) -> 6 | W14: =SUM(G26:G29) -> 1 | X14: =SUM(H26:H29) -> 0 | Y14: =SUM(I26:I29) -> 6 | Z14: =SUM(J26:J29) -> 0 | ... AF14: =SUM(P26:P29) -> 83
B15: 08.15 - 08.30 | C15: 5 | D15: 0 | E15: 0 | F15: 0 | G15: 1 | H15: 0 | I15: 3 | J15: 1 | K15: 0 | L15: 0 | M15: 27 | N15: 0 | O15: =SUM(C15:L15,N15) -> 10 | P15: =SUM(C15:N15) -> 37 | R15: 1200-1300 | S15: =SUM(C30:C33) -> 17 | T15: =SUM(D30:D33) -> 0 | U15: =SUM(E30:E33) -> 3 | V15: =SUM(F30:F33) -> 1 | W15: =SUM(G30:G33) -> 0 | X15: =SUM(H30:H33) -> 0 | Y15: =SUM(I30:I33) -> 7 | Z15: =SUM(J30:J33) -> 0 | ... AF15: =SUM(P30:P33) -> 78
B16: 08.30 - 08.45 | C16: 4 | D16: 1 | E16: 0 | F16: 0 | G16: 0 | H16: 0 | I16: 1 | J16: 1 | K16: 0 | L16: 0 | M16: 31 | N16: 0 | O16: =SUM(C16:L16,N16) -> 7 | P16: =SUM(C16:N16) -> 38 | R16: 1300-1400 | S16: =SUM(C34:C37) -> 15 | T16: =SUM(D34:D37) -> 2 | U16: =SUM(E34:E37) -> 0 | V16: =SUM(F34:F37) -> 2 | W16: =SUM(G34:G37) -> 0 | X16: =SUM(H34:H37) -> 0 | Y16: =SUM(I34:I37) -> 8 | Z16: =SUM(J34:J37) -> 0 | ... AF16: =SUM(P34:P37) -> 89
B17: 08.45 - 9.00 | C17: 2 | D17: 0 | E17: 0 | F17: 0 | G17: 0 | H17: 0 | I17: 0 | J17: 0 | K17: 0 | L17: 0 | M17: 20 | N17: 0 | O17: =SUM(C17:L17,N17) -> 2 | P17: =SUM(C17:N17) -> 22 | R17: 1400-1500 | S17: =SUM(C38:C41) -> 16 | T17: =SUM(D38:D41) -> 2 | U17: =SUM(E38:E41) -> 4 | V17: =SUM(F38:F41) -> 6 | W17: =SUM(G38:G41) -> 0 | X17: =SUM(H38:H41) -> 0 | Y17: =SUM(I38:I41) -> 7 | Z17: =SUM(J38:J41) -> 0 | ... AF17: =SUM(P38:P41) -> 89
B18: 09.00 - 09.15 | C18: 2 | D18: 0 | E18: 0 | F18: 0 | G18: 0 | H18: 0 | I18: 2 | J18: 0 | K18: 0 | L18: 0 | M18: 26 | N18: 0 | O18: =SUM(C18:L18,N18) -> 4 | P18: =SUM(C18:N18) -> 30 | R18: 1500-1600 | S18: =SUM(C42:C45) -> 10 | T18: =SUM(D42:D45) -> 4 | U18: =SUM(E42:E45) -> 2 | V18: =SUM(F42:F45) -> 3 | W18: =SUM(G42:G45) -> 2 | X18: =SUM(H42:H45) -> 0 | Y18: =SUM(I42:I45) -> 7 | Z18: =SUM(J42:J45) -> 1 | ... AF18: =SUM(P42:P45) -> 75
B19: 09.15 - 09.30 | C19: 3 | D19: 1 | E19: 3 | F19: 2 | G19: 0 | H19: 0 | I19: 0 | J19: 0 | K19: 1 | L19: 0 | M19: 22 | N19: 0 | O19: =SUM(C19:L19,N19) -> 10 | P19: =SUM(C19:N19) -> 32 | R19: 1600-1700 | S19: =SUM(C46:C49) -> 10 | T19: =SUM(D46:D49) -> 1 | U19: =SUM(E46:E49) -> 4 | V19: =SUM(F46:F49) -> 1 | W19: =SUM(G46:G49) -> 0 | X19: =SUM(H46:H49) -> 0 | Y19: =SUM(I46:I49) -> 8 | Z19: =SUM(J46:J49) -> 0 | ... AF19: =SUM(P46:P49) -> 83
B20: 09.30 - 09.45 | C20: 6 | D20: 1 | E20: 0 | F20: 0 | G20: 0 | H20: 0 | I20: 3 | J20: 0 | K20: 0 | L20: 0 | M20: 21 | N20: 0 | O20: =SUM(C20:L20,N20) -> 10 | P20: =SUM(C20:N20) -> 31 | R20: 1700-1800 | S20: =SUM(C50:C53) -> 25 | T20: =SUM(D50:D53) -> 2 | U20: =SUM(E50:E53) -> 3 | V20: =SUM(F50:F53) -> 2 | W20: =SUM(G50:G53) -> 4 | X20: =SUM(H50:H53) -> 0 | Y20: =SUM(I50:I53) -> 4 | Z20: =SUM(J50:J53) -> 1 | ... AF20: =SUM(P50:P53) -> 126
B21: 09.45 - 10.00 | C21: 3 | D21: 0 | E21: 3 | F21: 1 | G21: 0 | H21: 0 | I21: 1 | J21: 0 | K21: 1 | L21: 0 | M21: 23 | N21: 0 | O21: =SUM(C21:L21,N21) -> 9 | P21: =SUM(C21:N21) -> 32 | R21: 1800-1900 | S21: =SUM(C54:C57) -> 25 | T21: =SUM(D54:D57) -> 6 | U21: =SUM(E54:E57) -> 6 | V21: =SUM(F54:F57) -> 5 | W21: =SUM(G54:G57) -> 1 | X21: =SUM(H54:H57) -> 0 | Y21: =SUM(I54:I57) -> 2 | Z21: =SUM(J54:J57) -> 2 | ... AF21: =SUM(P54:P57) -> 136
B22: 10.00 - 10.15 | C22: 6 | D22: 1 | E22: 1 | F22: 1 | G22: 0 | H22: 0 | I22: 1 | J22: 0 | K22: 0 | L22: 0 | M22: 27 | N22: 0 | O22: =SUM(C22:L22,N22) -> 10 | P22: =SUM(C22:N22) -> 37 | R22: AM Peak Hr | S22: =MAX(S10:S12) -> 16 | T22: =MAX(T10:T12) -> 2 | U22: =MAX(U10:U12) -> 6 | V22: =MAX(V10:V12) -> 3 | W22: =MAX(W10:W12) -> 1 | X22: =MAX(X10:X12) -> 0 | Y22: =MAX(Y10:Y12) -> 6 | Z22: =MAX(Z10:Z12) -> 2 | ... AF22: =MAX(AF10:AF12) -> 129
B23: 10.15 - 10.30 | C23: 5 | D23: 1 | E23: 0 | F23: 0 | G23: 0 | H23: 0 | I23: 1 | J23: 0 | K23: 0 | L23: 0 | M23: 18 | N23: 0 | O23: =SUM(C23:L23,N23) -> 7 | P23: =SUM(C23:N23) -> 25 | R23: IP Peak Hr | S23: =MAX(S13:S18) -> 20 | T23: =MAX(T13:T18) -> 4 | U23: =MAX(U13:U18) -> 5 | V23: =MAX(V13:V18) -> 6 | W23: =MAX(W13:W18) -> 2 | X23: =MAX(X13:X18) -> 0 | Y23: =MAX(Y13:Y18) -> 8 | Z23: =MAX(Z13:Z18) -> 1 | ... AF23: =MAX(AF13:AF18) -> 114
B24: 10.30 - 10.45 | C24: 3 | D24: 0 | E24: 0 | F24: 0 | G24: 0 | H24: 0 | I24: 0 | J24: 1 | K24: 0 | L24: 0 | M24: 24 | N24: 0 | O24: =SUM(C24:L24,N24) -> 4 | P24: =SUM(C24:N24) -> 28 | R24: PM Peak Hr | S24: =MAX(S19:S21) -> 25 | T24: =MAX(T19:T21) -> 6 | U24: =MAX(U19:U21) -> 6 | V24: =MAX(V19:V21) -> 5 | W24: =MAX(W19:W21) -> 4 | X24: =MAX(X19:X21) -> 0 | Y24: =MAX(Y19:Y21) -> 8 | Z24: =MAX(Z19:Z21) -> 2 | ... AF24: =MAX(AF19:AF21) -> 136
B25: 10.45 - 11.00 | C25: 6 | D25: 0 | E25: 0 | F25: 0 | G25: 0 | H25: 0 | I25: 3 | J25: 0 | K25: 0 | L25: 0 | M25: 15 | N25: 0 | O25: =SUM(C25:L25,N25) -> 9 | P25: =SUM(C25:N25) -> 24 | R25: AM Period | S25: =SUM(S10:S12) -> 44 | T25: =SUM(T10:T12) -> 5 | U25: =SUM(U10:U12) -> 6 | V25: =SUM(V10:V12) -> 7 | W25: =SUM(W10:W12) -> 2 | X25: =SUM(X10:X12) -> 0 | Y25: =SUM(Y10:Y12) -> 16 | Z25: =SUM(Z10:Z12) -> 2 | ... AF25: =SUM(AF10:AF12) -> 374
B26: 11.00 - 11.15 | C26: 2 | D26: 0 | E26: 1 | F26: 1 | G26: 0 | H26: 0 | I26: 2 | J26: 0 | K26: 0 | L26: 0 | M26: 13 | N26: 0 | O26: =SUM(C26:L26,N26) -> 6 | P26: =SUM(C26:N26) -> 19 | R26: IP Period | S26: =SUM(S13:S18) -> 85 | T26: =SUM(T13:T18) -> 10 | U26: =SUM(U13:U18) -> 15 | V26: =SUM(V13:V18) -> 19 | W26: =SUM(W13:W18) -> 3 | X26: =SUM(X13:X18) -> 0 | Y26: =SUM(Y13:Y18) -> 40 | Z26: =SUM(Z13:Z18) -> 2 | ... AF26: =SUM(AF13:AF18) -> 528
B27: 11.15 - 11.30 | C27: 2 | D27: 0 | E27: 0 | F27: 1 | G27: 0 | H27: 0 | I27: 2 | J27: 0 | K27: 0 | L27: 0 | M27: 14 | N27: 0 | O27: =SUM(C27:L27,N27) -> 5 | P27: =SUM(C27:N27) -> 19 | R27: PM Period | S27: =SUM(S19:S21) -> 60 | T27: =SUM(T19:T21) -> 9 | U27: =SUM(U19:U21) -> 13 | V27: =SUM(V19:V21) -> 8 | W27: =SUM(W19:W21) -> 5 | X27: =SUM(X19:X21) -> 0 | Y27: =SUM(Y19:Y21) -> 14 | Z27: =SUM(Z19:Z21) -> 3 | ... AF27: =SUM(AF19:AF21) -> 345
B28: 11.30 - 11.45 | C28: 2 | D28: 0 | E28: 3 | F28: 2 | G28: 0 | H28: 0 | I28: 2 | J28: 0 | K28: 0 | L28: 0 | M28: 16 | N28: 0 | O28: =SUM(C28:L28,N28) -> 9 | P28: =SUM(C28:N28) -> 25 | R28: 12 Hours | S28: =SUM(S10:S21) -> 189 | T28: =SUM(T10:T21) -> 24 | U28: =SUM(U10:U21) -> 34 | V28: =SUM(V10:V21) -> 34 | W28: =SUM(W10:W21) -> 10 | X28: =SUM(X10:X21) -> 0 | Y28: =SUM(Y10:Y21) -> 70 | Z28: =SUM(Z10:Z21) -> 7 | ... AF28: =SUM(AF10:AF21) -> 1247
B29: 11.45 - 12.00 | C29: 1 | D29: 0 | E29: 1 | F29: 2 | G29: 1 | H29: 0 | I29: 0 | J29: 0 | K29: 0 | L29: 0 | M29: 15 | N29: 0 | O29: =SUM(C29:L29,N29) -> 5 | P29: =SUM(C29:N29) -> 20
B30: 12.00 - 12.15 | C30: 7 | D30: 0 | E30: 1 | F30: 0 | G30: 0 | H30: 0 | I30: 5 | J30: 0 | K30: 0 | L30: 0 | M30: 22 | N30: 0 | O30: =SUM(C30:L30,N30) -> 13 | P30: =SUM(C30:N30) -> 35
B31: 12.15 - 12.30 | C31: 5 | D31: 0 | E31: 1 | F31: 0 | G31: 0 | H31: 0 | I31: 1 | J31: 0 | K31: 0 | L31: 0 | M31: 21 | N31: 0 | O31: =SUM(C31:L31,N31) -> 7 | P31: =SUM(C31:N31) -> 28
B32: 12.30 - 12.45 | C32: 2 | D32: 0 | E32: 1 | F32: 1 | G32: 0 | H32: 0 | I32: 0 | J32: 0 | K32: 1 | L32: 0 | M32: 3 | N32: 0 | O32: =SUM(C32:L32,N32) -> 5 | P32: =SUM(C32:N32) -> 8
B33: 12.45 - 13.00 | C33: 3 | D33: 0 | E33: 0 | F33: 0 | G33: 0 | H33: 0 | I33: 1 | J33: 0 | K33: 0 | L33: 0 | M33: 3 | N33: 0 | O33: =SUM(C33:L33,N33) -> 4 | P33: =SUM(C33:N33) -> 7
B34: 13.00 - 13.15 | C34: 2 | D34: 0 | E34: 0 | F34: 0 | G34: 0 | H34: 0 | I34: 2 | J34: 0 | K34: 0 | L34: 0 | M34: 5 | N34: 0 | O34: =SUM(C34:L34,N34) -> 4 | P34: =SUM(C34:N34) -> 9
B35: 13.15 - 13.30 | C35: 3 | D35: 0 | E35: 0 | F35: 1 | G35: 0 | H35: 0 | I35: 2 | J35: 0 | K35: 0 | L35: 0 | M35: 26 | N35: 0 | O35: =SUM(C35:L35,N35) -> 6 | P35: =SUM(C35:N35) -> 32
B36: 13.30 - 13.45 | C36: 7 | D36: 2 | E36: 0 | F36: 1 | G36: 0 | H36: 0 | I36: 3 | J36: 0 | K36: 0 | L36: 0 | M36: 20 | N36: 0 | O36: =SUM(C36:L36,N36) -> 13 | P36: =SUM(C36:N36) -> 33
B37: 13.45 - 14.00 | C37: 3 | D37: 0 | E37: 0 | F37: 0 | G37: 0 | H37: 0 | I37: 1 | J37: 0 | K37: 0 | L37: 0 | M37: 11 | N37: 0 | O37: =SUM(C37:L37,N37) -> 4 | P37: =SUM(C37:N37) -> 15
B38: 14.00 - 14.15 | C38: 9 | D38: 0 | E38: 1 | F38: 3 | G38: 0 | H38: 0 | I38: 1 | J38: 0 | K38: 0 | L38: 0 | M38: 17 | N38: 0 | O38: =SUM(C38:L38,N38) -> 14 | P38: =SUM(C38:N38) -> 31
B39: 14.15 - 14.30 | C39: 3 | D39: 0 | E39: 1 | F39: 2 | G39: 0 | H39: 0 | I39: 1 | J39: 0 | K39: 0 | L39: 0 | M39: 23 | N39: 0 | O39: =SUM(C39:L39,N39) -> 7 | P39: =SUM(C39:N39) -> 30
B40: 14.30 - 14.45 | C40: 3 | D40: 0 | E40: 2 | F40: 1 | G40: 0 | H40: 0 | I40: 4 | J40: 0 | K40: 0 | L40: 0 | M40: 8 | N40: 0 | O40: =SUM(C40:L40,N40) -> 10 | P40: =SUM(C40:N40) -> 18
... B57: 18.45 - 19.00 | C57: 5 | D57: 1 | E57: 0 | F57: 2 | G57: 0 | H57: 0 | I57: 1 | J57: 0 | K57: 0 | L57: 0 | M57: 24 | N57: 0 | O57: =SUM(C57:L57,N57) -> 9 | P57: =SUM(C57:N57) -> 33
B58: Totals | C58: =SUM(C10:C57) -> 189 | D58: =SUM(D10:D57) -> 24 | E58: =SUM(E10:E57) -> 34 | F58: =SUM(F10:F57) -> 34 | G58: =SUM(G10:G57) -> 10 | H58: =SUM(H10:H57) -> 0 | I58: =SUM(I10:I57) -> 70 | J58: =SUM(J10:J57) -> 7 | ... P58: =SUM(P10:P57) -> 1247
B59: %ges + MCs | C59: =C58/$P$58 -> 0.15156375 | D59: =D58/$P$58 -> 0.019246191 | E59: =E58/$P$58 -> 0.027265437 | F59: =F58/$P$58 -> 0.027265437 | G59: =G58/$P$58 -> 0.0080192462 | H59: =H58/$P$58 -> 0 | I59: =I58/$P$58 -> 0.056134723 | J59: =J58/$P$58 -> 0.0056134723 | ... N59: =N58/$P$58 -> 0
B60: %ges w/o MCs | C60: =C58/$O$58 -> 0.50806452 | D60: =D58/$O$58 -> 0.064516129 | E60: =E58/$O$58 -> 0.091397849 | F60: =F58/$O$58 -> 0.091397849 | G60: =G58/$O$58 -> 0.02688172 | H60: =H58/$O$58 -> 0 | I60: =I58/$O$58 -> 0.18817204 | J60: =J58/$O$58 -> 0.018817204 | ... L60: =L58/$O$58 -> 0 | N60: =N58/$O$58 -> 0

Sheet 28.09 Buloba-Nsangi-24h
B1: Consultancy services for Preparation of Expressway Development Master Plan (EDMP) for Uganda
B2: MANUAL CLASSIFIED COUNT (MCC)
B3: ROAD NAME: | C3: ='[2]23.09-BULOBA- NSANGI'!C3:G3 -> MCC - C2 - STN-61-NSANGI-BULOBA ROAD
C5: Date | D5: 28.09.19 | F5: Location | G5: ='[2]27.09 Nsangi-Buloba'!G5:H5 -> HANA international school | J5: Surveyor | K5: Nakiwala Justine
C6: Dir. From | D6: ='[2]23.09-BULOBA- NSANGI'!D6:E6 -> BULOBA | F6: Dir. To | G6: ='[2]23.09-BULOBA- NSANGI'!G6:H6 -> NSANGI | J6: Supervisor | K6: ='[2]27.09 Nsangi-Buloba'!K6:L6 -> Dennis
B8: Time / Veh Type | R8: SUMMARY TRAFFIC VOLUMES
C9: 1. Car | D9: 2. Station Wagon | E9: 3. Pickups | F9: 4. Minibus, matatu | G9: 5. Medium bus | H9: 6. Large Bus | I9: 7. Light Truck | J9: 8. Medium Truck | K9: 9. Heavy truck | L9: 10. Truck Trailer | M9: 11. Motor cycles | N9: 12. Tractors | O9: Total Excl M/Cycles | P9: Total All | R9: Time | S9: 1. Car | T9: 2. Station Wagon | U9: 3. Pickups | V9: 4. Minibus, matatu | W9: 5. Medium bus | X9: 6. Large Bus | Y9: 7. Light Truck | Z9: 8. Medium Truck | AA9: 9. Heavy truck | AB9: 10. Truck Trailer | AC9: 11. Motorcycles | AD9: 12. Tractors, Graders | AE9: Total Excl M/ Cycles | AF9: Total All
B10: 07.00 - 07.15 | C10: 1 | D10: 0 | E10: 0 | F10: 1 | G10: 0 | H10: 0 | I10: 2 | J10: 0 | K10: 0 | L10: 0 | M10: 10 | N10: 0 | O10: =SUM(C10:L10,N10) -> 4 | P10: =SUM(C10:N10) -> 14 | R10: 0700-0800 | S10: =SUM(C10:C13) -> 5 | T10: =SUM(D10:D13) -> 0 | U10: =SUM(E10:E13) -> 2 | V10: =SUM(F10:F13) -> 10 | W10: =SUM(G10:G13) -> 1 | X10: =SUM(H10:H13) -> 0 | Y10: =SUM(I10:I13) -> 6 | Z10: =SUM(J10:J13) -> 1 | ... AF10: =SUM(P10:P13) -> 105
B11: 07.15 - 07.30 | C11: 1 | D11: 0 | E11: 0 | F11: 3 | G11: 0 | H11: 0 | I11: 1 | J11: 0 | K11: 0 | L11: 0 | M11: 20 | N11: 0 | O11: =SUM(C11:L11,N11) -> 5 | P11: =SUM(C11:N11) -> 25 | R11: 0800-0900 | S11: =SUM(C14:C17) -> 22 | T11: =SUM(D14:D17) -> 7 | U11: =SUM(E14:E17) -> 4 | V11: =SUM(F14:F17) -> 6 | W11: =SUM(G14:G17) -> 5 | X11: =SUM(H14:H17) -> 0 | Y11: =SUM(I14:I17) -> 0 | Z11: =SUM(J14:J17) -> 2 | ... AF11: =SUM(P14:P17) -> 155
B12: 07.30 - 07.45 | C12: 2 | D12: 0 | E12: 1 | F12: 1 | G12: 1 | H12: 0 | I12: 1 | J12: 1 | K12: 0 | L12: 0 | M12: 21 | N12: 0 | O12: =SUM(C12:L12,N12) -> 7 | P12: =SUM(C12:N12) -> 28 | R12: 0900-1000 | S12: =SUM(C18:C21) -> 26 | T12: =SUM(D18:D21) -> 6 | U12: =SUM(E18:E21) -> 6 | V12: =SUM(F18:F21) -> 16 | W12: =SUM(G18:G21) -> 1 | X12: =SUM(H18:H21) -> 0 | Y12: =SUM(I18:I21) -> 3 | Z12: =SUM(J18:J21) -> 6 | ... AF12: =SUM(P18:P21) -> 151
B13: 07.45 - 08.00 | C13: 1 | D13: 0 | E13: 1 | F13: 5 | G13: 0 | H13: 0 | I13: 2 | J13: 0 | K13: 0 | L13: 0 | M13: 29 | N13: 0 | O13: =SUM(C13:L13,N13) -> 9 | P13: =SUM(C13:N13) -> 38 | R13: 1000-1100 | S13: =SUM(C22:C25) -> 26 | T13: =SUM(D22:D25) -> 6 | U13: =SUM(E22:E25) -> 6 | V13: =SUM(F22:F25) -> 9 | W13: =SUM(G22:G25) -> 1 | X13: =SUM(H22:H25) -> 0 | Y13: =SUM(I22:I25) -> 9 | Z13: =SUM(J22:J25) -> 0 | ... AF13: =SUM(P22:P25) -> 144
B14: 08.00 - 08.15 | C14: 6 | D14: 3 | E14: 1 | F14: 1 | G14: 0 | H14: 0 | I14: 0 | J14: 0 | K14: 0 | L14: 0 | M14: 22 | N14: 0 | O14: =SUM(C14:L14,N14) -> 11 | P14: =SUM(C14:N14) -> 33 | R14: 1100-1200 | S14: =SUM(C26:C29) -> 15 | T14: =SUM(D26:D29) -> 3 | U14: =SUM(E26:E29) -> 7 | V14: =SUM(F26:F29) -> 2 | W14: =SUM(G26:G29) -> 0 | X14: =SUM(H26:H29) -> 0 | Y14: =SUM(I26:I29) -> 6 | Z14: =SUM(J26:J29) -> 0 | ... AF14: =SUM(P26:P29) -> 120
B15: 08.15 - 08.30 | C15: 8 | D15: 0 | E15: 1 | F15: 0 | G15: 4 | H15: 0 | I15: 0 | J15: 1 | K15: 0 | L15: 0 | M15: 33 | N15: 0 | O15: =SUM(C15:L15,N15) -> 14 | P15: =SUM(C15:N15) -> 47 | R15: 1200-1300 | S15: =SUM(C30:C33) -> 25 | T15: =SUM(D30:D33) -> 8 | U15: =SUM(E30:E33) -> 6 | V15: =SUM(F30:F33) -> 6 | W15: =SUM(G30:G33) -> 0 | X15: =SUM(H30:H33) -> 0 | Y15: =SUM(I30:I33) -> 13 | Z15: =SUM(J30:J33) -> 1 | ... AF15: =SUM(P30:P33) -> 176
B16: 08.30 - 08.45 | C16: 6 | D16: 3 | E16: 1 | F16: 3 | G16: 0 | H16: 0 | I16: 0 | J16: 1 | K16: 0 | L16: 0 | M16: 26 | N16: 0 | O16: =SUM(C16:L16,N16) -> 14 | P16: =SUM(C16:N16) -> 40 | R16: 1300-1400 | S16: =SUM(C34:C37) -> 21 | T16: =SUM(D34:D37) -> 8 | U16: =SUM(E34:E37) -> 3 | V16: =SUM(F34:F37) -> 4 | W16: =SUM(G34:G37) -> 0 | X16: =SUM(H34:H37) -> 0 | Y16: =SUM(I34:I37) -> 8 | Z16: =SUM(J34:J37) -> 0 | ... AF16: =SUM(P34:P37) -> 126
B17: 08.45 - 9.00 | C17: 2 | D17: 1 | E17: 1 | F17: 2 | G17: 1 | H17: 0 | I17: 0 | J17: 0 | K17: 0 | L17: 0 | M17: 28 | N17: 0 | O17: =SUM(C17:L17,N17) -> 7 | P17: =SUM(C17:N17) -> 35 | R17: 1400-1500 | S17: =SUM(C38:C41) -> 14 | T17: =SUM(D38:D41) -> 7 | U17: =SUM(E38:E41) -> 1 | V17: =SUM(F38:F41) -> 6 | W17: =SUM(G38:G41) -> 0 | X17: =SUM(H38:H41) -> 0 | Y17: =SUM(I38:I41) -> 7 | Z17: =SUM(J38:J41) -> 0 | ... AF17: =SUM(P38:P41) -> 119
B18: 09.00 - 09.15 | C18: 8 | D18: 2 | E18: 2 | F18: 4 | G18: 0 | H18: 0 | I18: 0 | J18: 2 | K18: 0 | L18: 0 | M18: 21 | N18: 0 | O18: =SUM(C18:L18,N18) -> 18 | P18: =SUM(C18:N18) -> 39 | R18: 1500-1600 | S18: =SUM(C42:C45) -> 19 | T18: =SUM(D42:D45) -> 8 | U18: =SUM(E42:E45) -> 5 | V18: =SUM(F42:F45) -> 2 | W18: =SUM(G42:G45) -> 1 | X18: =SUM(H42:H45) -> 0 | Y18: =SUM(I42:I45) -> 8 | Z18: =SUM(J42:J45) -> 0 | ... AF18: =SUM(P42:P45) -> 139
B19: 09.15 - 09.30 | C19: 4 | D19: 2 | E19: 2 | F19: 3 | G19: 0 | H19: 0 | I19: 0 | J19: 2 | K19: 0 | L19: 0 | M19: 28 | N19: 0 | O19: =SUM(C19:L19,N19) -> 13 | P19: =SUM(C19:N19) -> 41 | R19: 1600-1700 | S19: =SUM(C46:C49) -> 17 | T19: =SUM(D46:D49) -> 3 | U19: =SUM(E46:E49) -> 4 | V19: =SUM(F46:F49) -> 2 | W19: =SUM(G46:G49) -> 1 | X19: =SUM(H46:H49) -> 0 | Y19: =SUM(I46:I49) -> 3 | Z19: =SUM(J46:J49) -> 1 | ... AF19: =SUM(P46:P49) -> 111
B20: 09.30 - 09.45 | C20: 6 | D20: 1 | E20: 1 | F20: 4 | G20: 1 | H20: 0 | I20: 1 | J20: 0 | K20: 0 | L20: 0 | M20: 17 | N20: 0 | O20: =SUM(C20:L20,N20) -> 14 | P20: =SUM(C20:N20) -> 31 | R20: 1700-1800 | S20: =SUM(C50:C53) -> 19 | T20: =SUM(D50:D53) -> 3 | U20: =SUM(E50:E53) -> 2 | V20: =SUM(F50:F53) -> 3 | W20: =SUM(G50:G53) -> 1 | X20: =SUM(H50:H53) -> 0 | Y20: =SUM(I50:I53) -> 6 | Z20: =SUM(J50:J53) -> 1 | ... AF20: =SUM(P50:P53) -> 78
B21: 09.45 - 10.00 | C21: 8 | D21: 1 | E21: 1 | F21: 5 | G21: 0 | H21: 0 | I21: 2 | J21: 2 | K21: 0 | L21: 0 | M21: 21 | N21: 0 | O21: =SUM(C21:L21,N21) -> 19 | P21: =SUM(C21:N21) -> 40 | R21: 1800-1900 | S21: =SUM(C54:C57) -> 12 | T21: =SUM(D54:D57) -> 5 | U21: =SUM(E54:E57) -> 3 | V21: =SUM(F54:F57) -> 6 | W21: =SUM(G54:G57) -> 1 | X21: =SUM(H54:H57) -> 0 | Y21: =SUM(I54:I57) -> 6 | Z21: =SUM(J54:J57) -> 1 | ... AF21: =SUM(P54:P57) -> 122
B22: 10.00 - 10.15 | C22: 5 | D22: 2 | E22: 2 | F22: 1 | G22: 0 | H22: 0 | I22: 2 | J22: 0 | K22: 0 | L22: 0 | M22: 25 | N22: 0 | O22: =SUM(C22:L22,N22) -> 12 | P22: =SUM(C22:N22) -> 37 | R22: 1900-2000 | S22: =SUM(C58:C61) -> 22 | T22: =SUM(D58:D61) -> 2 | U22: =SUM(E58:E61) -> 2 | V22: =SUM(F58:F61) -> 16 | W22: =SUM(G58:G61) -> 0 | X22: =SUM(H58:H61) -> 0 | Y22: =SUM(I58:I61) -> 12 | Z22: =SUM(J58:J61) -> 1 | ... AF22: =SUM(P58:P61) -> 127
B23: 10.15 - 10.30 | C23: 7 | D23: 1 | E23: 2 | F23: 1 | G23: 1 | H23: 0 | I23: 3 | J23: 0 | K23: 2 | L23: 0 | M23: 23 | N23: 0 | O23: =SUM(C23:L23,N23) -> 17 | P23: =SUM(C23:N23) -> 40 | R23: 2000-2100 | S23: =SUM(C62:C65) -> 27 | T23: =SUM(D62:D65) -> 4 | U23: =SUM(E62:E65) -> 1 | V23: =SUM(F62:F65) -> 7 | W23: =SUM(G62:G65) -> 0 | X23: =SUM(H62:H65) -> 0 | Y23: =SUM(I62:I65) -> 8 | Z23: =SUM(J62:J65) -> 1 | ... AF23: =SUM(P62:P65) -> 90
B24: 10.30 - 10.45 | C24: 6 | D24: 3 | E24: 1 | F24: 4 | G24: 0 | H24: 0 | I24: 2 | J24: 0 | K24: 0 | L24: 0 | M24: 20 | N24: 0 | O24: =SUM(C24:L24,N24) -> 16 | P24: =SUM(C24:N24) -> 36 | R24: 2100-2200 | S24: =SUM(C66:C69) -> 9 | T24: =SUM(D66:D69) -> 0 | U24: =SUM(E66:E69) -> 2 | V24: =SUM(F66:F69) -> 0 | W24: =SUM(G66:G69) -> 0 | X24: =SUM(H66:H69) -> 0 | Y24: =SUM(I66:I69) -> 4 | Z24: =SUM(J66:J69) -> 0 | ... AF24: =SUM(P66:P69) -> 56
B25: 10.45 - 11.00 | C25: 8 | D25: 0 | E25: 1 | F25: 3 | G25: 0 | H25: 0 | I25: 2 | J25: 0 | K25: 0 | L25: 0 | M25: 17 | N25: 0 | O25: =SUM(C25:L25,N25) -> 14 | P25: =SUM(C25:N25) -> 31 | R25: 2200-2300 | S25: =SUM(C70:C73) -> 8 | T25: =SUM(D70:D73) -> 0 | U25: =SUM(E70:E73) -> 1 | V25: =SUM(F70:F73) -> 7 | W25: =SUM(G70:G73) -> 0 | X25: =SUM(H70:H73) -> 0 | Y25: =SUM(I70:I73) -> 4 | Z25: =SUM(J70:J73) -> 0 | ... AF25: =SUM(P70:P73) -> 66
B26: 11.00 - 11.15 | C26: 4 | D26: 1 | E26: 0 | F26: 0 | G26: 0 | H26: 0 | I26: 3 | J26: 0 | K26: 0 | L26: 0 | M26: 25 | N26: 0 | O26: =SUM(C26:L26,N26) -> 8 | P26: =SUM(C26:N26) -> 33 | R26: 2300-0000 | S26: =SUM(C74:C77) -> 8 | T26: =SUM(D74:D77) -> 2 | U26: =SUM(E74:E77) -> 2 | V26: =SUM(F74:F77) -> 5 | W26: =SUM(G74:G77) -> 0 | X26: =SUM(H74:H77) -> 0 | Y26: =SUM(I74:I77) -> 2 | Z26: =SUM(J74:J77) -> 0 | ... AF26: =SUM(P74:P77) -> 76
B27: 11.15 - 11.30 | C27: 3 | D27: 0 | E27: 0 | F27: 0 | G27: 0 | H27: 0 | I27: 0 | J27: 0 | K27: 0 | L27: 0 | M27: 17 | N27: 0 | O27: =SUM(C27:L27,N27) -> 3 | P27: =SUM(C27:N27) -> 20 | R27: 0000-0100 | S27: =SUM(C78:C81) -> 6 | T27: =SUM(D78:D81) -> 0 | U27: =SUM(E78:E81) -> 0 | V27: =SUM(F78:F81) -> 5 | W27: =SUM(G78:G81) -> 0 | X27: =SUM(H78:H81) -> 0 | Y27: =SUM(I78:I81) -> 5 | Z27: =SUM(J78:J81) -> 0 | ... AF27: =SUM(P78:P81) -> 39
B28: 11.30 - 11.45 | C28: 3 | D28: 0 | E28: 4 | F28: 0 | G28: 0 | H28: 0 | I28: 2 | J28: 0 | K28: 1 | L28: 0 | M28: 24 | N28: 0 | O28: =SUM(C28:L28,N28) -> 10 | P28: =SUM(C28:N28) -> 34 | R28: 0100-0200 | S28: =SUM(C82:C85) -> 2 | T28: =SUM(D82:D85) -> 0 | U28: =SUM(E82:E85) -> 0 | V28: =SUM(F82:F85) -> 3 | W28: =SUM(G82:G85) -> 0 | X28: =SUM(H82:H85) -> 0 | Y28: =SUM(I82:I85) -> 3 | Z28: =SUM(J82:J85) -> 0 | ... AF28: =SUM(P82:P85) -> 11
B29: 11.45 - 12.00 | C29: 5 | D29: 2 | E29: 3 | F29: 2 | G29: 0 | H29: 0 | I29: 1 | J29: 0 | K29: 0 | L29: 0 | M29: 20 | N29: 0 | O29: =SUM(C29:L29,N29) -> 13 | P29: =SUM(C29:N29) -> 33 | R29: 0200-0300 | S29: =SUM(C86:C89) -> 0 | T29: =SUM(D86:D89) -> 0 | U29: =SUM(E86:E89) -> 0 | V29: =SUM(F86:F89) -> 2 | W29: =SUM(G86:G89) -> 0 | X29: =SUM(H86:H89) -> 0 | Y29: =SUM(I86:I89) -> 1 | Z29: =SUM(J86:J89) -> 0 | ... AF29: =SUM(P86:P89) -> 7
B30: 12.00 - 12.15 | C30: 6 | D30: 1 | E30: 1 | F30: 2 | G30: 0 | H30: 0 | I30: 3 | J30: 0 | K30: 0 | L30: 0 | M30: 31 | N30: 0 | O30: =SUM(C30:L30,N30) -> 13 | P30: =SUM(C30:N30) -> 44 | R30: 0300-0400 | S30: =SUM(C90:C93) -> 1 | T30: =SUM(D90:D93) -> 0 | U30: =SUM(E90:E93) -> 0 | V30: =SUM(F90:F93) -> 1 | W30: =SUM(G90:G93) -> 0 | X30: =SUM(H90:H93) -> 0 | Y30: =SUM(I90:I93) -> 0 | Z30: =SUM(J90:J93) -> 0 | ... AF30: =SUM(P90:P93) -> 2
B31: 12.15 - 12.30 | C31: 3 | D31: 1 | E31: 2 | F31: 0 | G31: 0 | H31: 0 | I31: 1 | J31: 0 | K31: 0 | L31: 0 | M31: 27 | N31: 0 | O31: =SUM(C31:L31,N31) -> 7 | P31: =SUM(C31:N31) -> 34 | R31: 0400-0500 | S31: =SUM(C94:C97) -> 3 | T31: =SUM(D94:D97) -> 2 | U31: =SUM(E94:E97) -> 1 | V31: =SUM(F94:F97) -> 10 | W31: =SUM(G94:G97) -> 0 | X31: =SUM(H94:H97) -> 0 | Y31: =SUM(I94:I97) -> 4 | Z31: =SUM(J94:J97) -> 0 | ... AF31: =SUM(P94:P97) -> 36
B32: 12.30 - 12.45 | C32: 10 | D32: 4 | E32: 2 | F32: 3 | G32: 0 | H32: 0 | I32: 6 | J32: 1 | K32: 1 | L32: 0 | M32: 30 | N32: 0 | O32: =SUM(C32:L32,N32) -> 27 | P32: =SUM(C32:N32) -> 57 | R32: 0500-0600 | S32: =SUM(C98:C101) -> 8 | T32: =SUM(D98:D101) -> 1 | U32: =SUM(E98:E101) -> 1 | V32: =SUM(F98:F101) -> 3 | W32: =SUM(G98:G101) -> 0 | X32: =SUM(H98:H101) -> 0 | Y32: =SUM(I98:I101) -> 4 | Z32: =SUM(J98:J101) -> 0 | ... AF32: =SUM(P98:P101) -> 48
B33: 12.45 - 13.00 | C33: 6 | D33: 2 | E33: 1 | F33: 1 | G33: 0 | H33: 0 | I33: 3 | J33: 0 | K33: 0 | L33: 0 | M33: 28 | N33: 0 | O33: =SUM(C33:L33,N33) -> 13 | P33: =SUM(C33:N33) -> 41 | R33: 0600-0700 | S33: =SUM(C102:C105) -> 13 | T33: =SUM(D102:D105) -> 12 | U33: =SUM(E102:E105) -> 5 | V33: =SUM(F102:F105) -> 12 | W33: =SUM(G102:G105) -> 1 | X33: =SUM(H102:H105) -> 0 | Y33: =SUM(I102:I105) -> 8 | Z33: =SUM(J102:J105) -> 3 | ... AF33: =SUM(P102:P105) -> 117
B34: 13.00 - 13.15 | C34: 7 | D34: 4 | E34: 1 | F34: 0 | G34: 0 | H34: 0 | I34: 0 | J34: 0 | K34: 0 | L34: 0 | M34: 25 | N34: 0 | O34: =SUM(C34:L34,N34) -> 12 | P34: =SUM(C34:N34) -> 37 | R34: AM Peak Hr | S34: =MAX(S10:S12) -> 26 | T34: =MAX(T10:T12) -> 7 | U34: =MAX(U10:U12) -> 6 | V34: =MAX(V10:V12) -> 16 | W34: =MAX(W10:W12) -> 5 | X34: =MAX(X10:X12) -> 0 | Y34: =MAX(Y10:Y12) -> 6 | Z34: =MAX(Z10:Z12) -> 6 | ... AF34: =MAX(AF10:AF12) -> 155
B35: 13.15 - 13.30 | C35: 5 | D35: 2 | E35: 0 | F35: 2 | G35: 0 | H35: 0 | I35: 2 | J35: 0 | K35: 0 | L35: 0 | M35: 22 | N35: 0 | O35: =SUM(C35:L35,N35) -> 11 | P35: =SUM(C35:N35) -> 33 | R35: IP Peak Hr | S35: =MAX(S13:S18) -> 26 | T35: =MAX(T13:T18) -> 8 | U35: =MAX(U13:U18) -> 7 | V35: =MAX(V13:V18) -> 9 | W35: =MAX(W13:W18) -> 1 | X35: =MAX(X13:X18) -> 0 | Y35: =MAX(Y13:Y18) -> 13 | Z35: =MAX(Z13:Z18) -> 1 | ... AF35: =MAX(AF13:AF18) -> 176
B36: 13.30 - 13.45 | C36: 4 | D36: 1 | E36: 1 | F36: 1 | G36: 0 | H36: 0 | I36: 3 | J36: 0 | K36: 0 | L36: 0 | M36: 20 | N36: 0 | O36: =SUM(C36:L36,N36) -> 10 | P36: =SUM(C36:N36) -> 30 | R36: PM Peak Hr | S36: =MAX(S19:S21) -> 19 | T36: =MAX(T19:T21) -> 5 | U36: =MAX(U19:U21) -> 4 | V36: =MAX(V19:V21) -> 6 | W36: =MAX(W19:W21) -> 1 | X36: =MAX(X19:X21) -> 0 | Y36: =MAX(Y19:Y21) -> 6 | Z36: =MAX(Z19:Z21) -> 1 | ... AF36: =MAX(AF19:AF21) -> 122
B37: 13.45 - 14.00 | C37: 5 | D37: 1 | E37: 1 | F37: 1 | G37: 0 | H37: 0 | I37: 3 | J37: 0 | K37: 0 | L37: 0 | M37: 15 | N37: 0 | O37: =SUM(C37:L37,N37) -> 11 | P37: =SUM(C37:N37) -> 26 | R37: AM Period | S37: =SUM(S10:S12) -> 53 | T37: =SUM(T10:T12) -> 13 | U37: =SUM(U10:U12) -> 12 | V37: =SUM(V10:V12) -> 32 | W37: =SUM(W10:W12) -> 7 | X37: =SUM(X10:X12) -> 0 | Y37: =SUM(Y10:Y12) -> 9 | Z37: =SUM(Z10:Z12) -> 9 | ... AF37: =SUM(AF10:AF12) -> 411
B38: 14.00 - 14.15 | C38: 3 | D38: 3 | E38: 0 | F38: 2 | G38: 0 | H38: 0 | I38: 2 | J38: 0 | K38: 0 | L38: 0 | M38: 20 | N38: 0 | O38: =SUM(C38:L38,N38) -> 10 | P38: =SUM(C38:N38) -> 30 | R38: IP Period | S38: =SUM(S13:S18) -> 120 | T38: =SUM(T13:T18) -> 40 | U38: =SUM(U13:U18) -> 28 | V38: =SUM(V13:V18) -> 29 | W38: =SUM(W13:W18) -> 2 | X38: =SUM(X13:X18) -> 0 | Y38: =SUM(Y13:Y18) -> 51 | Z38: =SUM(Z13:Z18) -> 1 | ... AF38: =SUM(AF13:AF18) -> 824
B39: 14.15 - 14.30 | C39: 4 | D39: 0 | E39: 1 | F39: 2 | G39: 0 | H39: 0 | I39: 0 | J39: 0 | K39: 0 | L39: 0 | M39: 23 | N39: 0 | O39: =SUM(C39:L39,N39) -> 7 | P39: =SUM(C39:N39) -> 30 | R39: PM Period | S39: =SUM(S19:S21) -> 48 | T39: =SUM(T19:T21) -> 11 | U39: =SUM(U19:U21) -> 9 | V39: =SUM(V19:V21) -> 11 | W39: =SUM(W19:W21) -> 3 | X39: =SUM(X19:X21) -> 0 | Y39: =SUM(Y19:Y21) -> 15 | Z39: =SUM(Z19:Z21) -> 3 | ... AF39: =SUM(AF19:AF21) -> 311
B40: 14.30 - 14.45 | C40: 5 | D40: 3 | E40: 0 | F40: 2 | G40: 0 | H40: 0 | I40: 4 | J40: 0 | K40: 1 | L40: 0 | M40: 24 | N40: 0 | O40: =SUM(C40:L40,N40) -> 15 | P40: =SUM(C40:N40) -> 39 | R40: 12 Hours | S40: =SUM(S10:S21) -> 221 | T40: =SUM(T10:T21) -> 64 | U40: =SUM(U10:U21) -> 49 | V40: =SUM(V10:V21) -> 72 | W40: =SUM(W10:W21) -> 12 | X40: =SUM(X10:X21) -> 0 | Y40: =SUM(Y10:Y21) -> 75 | Z40: =SUM(Z10:Z21) -> 13 | ... AF40: =SUM(AF10:AF21) -> 1546
B41: 14.45 - 15.00 | C41: 2 | D41: 1 | E41: 0 | F41: 0 | G41: 0 | H41: 0 | I41: 1 | J41: 0 | K41: 1 | L41: 0 | M41: 15 | N41: 0 | O41: =SUM(C41:L41,N41) -> 5 | P41: =SUM(C41:N41) -> 20 | R41: 24 Hrs/ADT | S41: =SUM(S10:S33) -> 328 | T41: =SUM(T10:T33) -> 87 | U41: =SUM(U10:U33) -> 64 | V41: =SUM(V10:V33) -> 143 | W41: =SUM(W10:W33) -> 13 | X41: =SUM(X10:X33) -> 0 | Y41: =SUM(Y10:Y33) -> 130 | Z41: =SUM(Z10:Z33) -> 18 | ... AF41: =SUM(AF10:AF33) -> 2221
B42: 15.00 - 15.15 | C42: 5 | D42: 3 | E42: 1 | F42: 1 | G42: 1 | H42: 0 | I42: 1 | J42: 0 | K42: 0 | L42: 0 | M42: 22 | N42: 0 | O42: =SUM(C42:L42,N42) -> 12 | P42: =SUM(C42:N42) -> 34 | R42: NEF | S42: =S41/S40 -> 1.4841629 | T42: =T41/T40 -> 1.359375 | U42: =U41/U40 -> 1.3061224 | V42: =V41/V40 -> 1.9861111 | W42: =W41/W40 -> 1.0833333 | X42: =X41/X40 -> #DIV/0! | Y42: =Y41/Y40 -> 1.7333333 | Z42: =Z41/Z40 -> 1.3846154 | ... AF42: =AF41/AF40 -> 1.4366106
B43: 15.15 - 15.30 | C43: 4 | D43: 1 | E43: 1 | F43: 0 | G43: 0 | H43: 0 | I43: 1 | J43: 0 | K43: 0 | L43: 0 | M43: 23 | N43: 0 | O43: =SUM(C43:L43,N43) -> 7 | P43: =SUM(C43:N43) -> 30
B44: 15.30 - 15.45 | C44: 5 | D44: 1 | E44: 1 | F44: 1 | G44: 0 | H44: 0 | I44: 5 | J44: 0 | K44: 0 | L44: 0 | M44: 28 | N44: 0 | O44: =SUM(C44:L44,N44) -> 13 | P44: =SUM(C44:N44) -> 41
B45: 15.45 - 16.00 | C45: 5 | D45: 3 | E45: 2 | F45: 0 | G45: 0 | H45: 0 | I45: 1 | J45: 0 | K45: 1 | L45: 0 | M45: 22 | N45: 0 | O45: =SUM(C45:L45,N45) -> 12 | P45: =SUM(C45:N45) -> 34
B46: 16.00 - 16.15 | C46: 4 | D46: 0 | E46: 1 | F46: 0 | G46: 0 | H46: 0 | I46: 1 | J46: 0 | K46: 0 | L46: 0 | M46: 23 | N46: 0 | O46: =SUM(C46:L46,N46) -> 6 | P46: =SUM(C46:N46) -> 29
B47: 16.15 -16.30 | C47: 6 | D47: 0 | E47: 2 | F47: 0 | G47: 0 | H47: 0 | I47: 0 | J47: 1 | K47: 0 | L47: 0 | M47: 17 | N47: 0 | O47: =SUM(C47:L47,N47) -> 9 | P47: =SUM(C47:N47) -> 26
B48: 16.30 -16.45 | C48: 3 | D48: 2 | E48: 1 | F48: 1 | G48: 0 | H48: 0 | I48: 1 | J48: 0 | K48: 0 | L48: 0 | M48: 22 | N48: 0 | O48: =SUM(C48:L48,N48) -> 8 | P48: =SUM(C48:N48) -> 30
B49: 16.45 -17.00 | C49: 4 | D49: 1 | E49: 0 | F49: 1 | G49: 1 | H49: 0 | I49: 1 | J49: 0 | K49: 0 | L49: 0 | M49: 18 | N49: 0 | O49: =SUM(C49:L49,N49) -> 8 | P49: =SUM(C49:N49) -> 26
B50: 17.00 -17.15 | C50: 6 | D50: 1 | E50: 1 | F50: 0 | G50: 0 | H50: 0 | I50: 2 | J50: 0 | K50: 0 | L50: 0 | M50: 18 | N50: 0 | O50: =SUM(C50:L50,N50) -> 10 | P50: =SUM(C50:N50) -> 28
B51: 17.15 -17.30 | C51: 5 | D51: 2 | E51: 1 | F51: 1 | G51: 1 | H51: 0 | I51: 1 | J51: 1 | K51: 0 | L51: 0 | M51: 13 | N51: 1 | O51: =SUM(C51:L51,N51) -> 13 | P51: =SUM(C51:N51) -> 26
B52: 17.30 -17.45 | C52: 5 | D52: 0 | E52: 0 | F52: 0 | G52: 0 | H52: 0 | I52: 3 | J52: 0 | K52: 1 | L52: 0 | M52: 4 | N52: 0 | O52: =SUM(C52:L52,N52) -> 9 | P52: =SUM(C52:N52) -> 13
B53: 17.45 -18.00 | C53: 3 | D53: 0 | E53: 0 | F53: 2 | G53: 0 | H53: 0 | I53: 0 | J53: 0 | K53: 0 | L53: 0 | M53: 6 | N53: 0 | O53: =SUM(C53:L53,N53) -> 5 | P53: =SUM(C53:N53) -> 11
B54: 18.00 - 18.15 | C54: 2 | D54: 1 | E54: 1 | F54: 2 | G54: 0 | H54: 0 | I54: 1 | J54: 1 | K54: 0 | L54: 0 | M54: 7 | N54: 0 | O54: =SUM(C54:L54,N54) -> 8 | P54: =SUM(C54:N54) -> 15
... B105: 06.45 - 07.00 | C105: 6 | D105: 7 | E105: 3 | F105: 4 | G105: 1 | H105: 0 | I105: 4 | J105: 1 | K105: 0 | L105: 0 | M105: 22 | N105: 0 | O105: =SUM(C105:L105,N105) -> 26 | P105: =SUM(C105:N105) -> 48
B106: Totals | C106: =SUM(C10:C105) -> 328 | D106: =SUM(D10:D105) -> 87 | E106: =SUM(E10:E105) -> 64 | F106: =SUM(F10:F105) -> 143 | G106: =SUM(G10:G105) -> 13 | H106: =SUM(H10:H105) -> 0 | I106: =SUM(I10:I105) -> 130 | J106: =SUM(J10:J105) -> 18 | ... P106: =SUM(P10:P105) -> 2221
B107: %ges + MCs | C107: =C106/$P$106 -> 0.14768122 | D107: =D106/$P$106 -> 0.039171544 | E107: =E106/$P$106 -> 0.028815849 | F107: =F106/$P$106 -> 0.064385412 | G107: =G106/$P$106 -> 0.0058532193 | H107: =H106/$P$106 -> 0 | I107: =I106/$P$106 -> 0.058532193 | J107: =J106/$P$106 -> 0.0081044575 | ... N107: =N106/$P$106 -> 0.00045024764
B108: %ges w/o MCs | C108: =C106/$O$106 -> 0.41361917 | D108: =D106/$O$106 -> 0.10970996 | E108: =E106/$O$106 -> 0.080706179 | F108: =F106/$O$106 -> 0.18032787 | G108: =G106/$O$106 -> 0.016393443 | H108: =H106/$O$106 -> 0 | I108: =I106/$O$106 -> 0.16393443 | J108: =J106/$O$106 -> 0.022698613 | ... L108: =L106/$O$106 -> 0 | N108: =N106/$O$106 -> 0.001261034

Sheet 28.09 Nsangi-Buloba-24h
B1: Consultancy services for Preparation of Expressway Development Master Plan (EDMP) for Uganda
B2: MANUAL CLASSIFIED COUNT (MCC)
B3: ROAD NAME: | C3: ='[2]23.09-BULOBA- NSANGI'!C3:G3 -> MCC - C2 - STN-61-NSANGI-BULOBA ROAD
C5: Date | D5: ='[2]28.09 Buloba-Nsangi-24h'!D5 -> 28.09.19 | F5: Location | G5: ='[2]28.09 Buloba-Nsangi-24h'!G5:H5 -> HANA international school | J5: Surveyor | K5: ='[2]26.09 Nsangi-Buloba'!K5:L5 -> Mirembe Ruth
C6: Dir. From | D6: ='[2]23.09- NSANGI-BULOBA'!D6:E6 -> NSANGI | F6: Dir. To | G6: ='[2]23.09- NSANGI-BULOBA'!G6:H6 -> BULOBA | J6: Supervisor | K6: ='[2]28.09 Buloba-Nsangi-24h'!K6:L6 -> Dennis
B8: Time / Veh Type | R8: SUMMARY TRAFFIC VOLUMES
C9: 1. Car | D9: 2. Station Wagon | E9: 3. Pickups | F9: 4. Minibus, matatu | G9: 5. Medium bus | H9: 6. Large Bus | I9: 7. Light Truck | J9: 8. Medium Truck | K9: 9. Heavy truck | L9: 10. Truck Trailer | M9: 11. Motor cycles | N9: 12. Tractors | O9: Total Excl M/Cycles | P9: Total All | R9: Time | S9: 1. Car | T9: 2. Station Wagon | U9: 3. Pickups | V9: 4. Minibus, matatu | W9: 5. Medium bus | X9: 6. Large Bus | Y9: 7. Light Truck | Z9: 8. Medium Truck | AA9: 9. Heavy truck | AB9: 10. Truck Trailer | AC9: 11. Motorcycles | AD9: 12. Tractors, Graders | AE9: Total Excl M/ Cycles | AF9: Total All
B10: 07.00 - 07.15 | C10: 2 | D10: 0 | E10: 0 | F10: 2 | G10: 1 | H10: 0 | I10: 1 | J10: 0 | K10: 0 | L10: 0 | M10: 10 | N10: 0 | O10: =SUM(C10:L10,N10) -> 6 | P10: =SUM(C10:N10) -> 16 | R10: 0700-0800 | S10: =SUM(C10:C13) -> 10 | T10: =SUM(D10:D13) -> 1 | U10: =SUM(E10:E13) -> 2 | V10: =SUM(F10:F13) -> 5 | W10: =SUM(G10:G13) -> 2 | X10: =SUM(H10:H13) -> 0 | Y10: =SUM(I10:I13) -> 3 | Z10: =SUM(J10:J13) -> 0 | ... AF10: =SUM(P10:P13) -> 90
B11: 07.15 - 07.30 | C11: 1 | D11: 1 | E11: 1 | F11: 0 | G11: 1 | H11: 0 | I11: 0 | J11: 0 | K11: 0 | L11: 0 | M11: 22 | N11: 0 | O11: =SUM(C11:L11,N11) -> 4 | P11: =SUM(C11:N11) -> 26 | R11: 0800-0900 | S11: =SUM(C14:C17) -> 20 | T11: =SUM(D14:D17) -> 2 | U11: =SUM(E14:E17) -> 3 | V11: =SUM(F14:F17) -> 1 | W11: =SUM(G14:G17) -> 0 | X11: =SUM(H14:H17) -> 0 | Y11: =SUM(I14:I17) -> 5 | Z11: =SUM(J14:J17) -> 0 | ... AF11: =SUM(P14:P17) -> 121
B12: 07.30 - 07.45 | C12: 6 | D12: 0 | E12: 1 | F12: 2 | G12: 0 | H12: 0 | I12: 1 | J12: 0 | K12: 0 | L12: 0 | M12: 19 | N12: 0 | O12: =SUM(C12:L12,N12) -> 10 | P12: =SUM(C12:N12) -> 29 | R12: 0900-1000 | S12: =SUM(C18:C21) -> 17 | T12: =SUM(D18:D21) -> 1 | U12: =SUM(E18:E21) -> 6 | V12: =SUM(F18:F21) -> 7 | W12: =SUM(G18:G21) -> 2 | X12: =SUM(H18:H21) -> 0 | Y12: =SUM(I18:I21) -> 5 | Z12: =SUM(J18:J21) -> 1 | ... AF12: =SUM(P18:P21) -> 134
B13: 07.45 - 08.00 | C13: 1 | D13: 0 | E13: 0 | F13: 1 | G13: 0 | H13: 0 | I13: 1 | J13: 0 | K13: 0 | L13: 0 | M13: 16 | N13: 0 | O13: =SUM(C13:L13,N13) -> 3 | P13: =SUM(C13:N13) -> 19 | R13: 1000-1100 | S13: =SUM(C22:C25) -> 15 | T13: =SUM(D22:D25) -> 1 | U13: =SUM(E22:E25) -> 4 | V13: =SUM(F22:F25) -> 2 | W13: =SUM(G22:G25) -> 0 | X13: =SUM(H22:H25) -> 0 | Y13: =SUM(I22:I25) -> 9 | Z13: =SUM(J22:J25) -> 1 | ... AF13: =SUM(P22:P25) -> 116
B14: 08.00 - 08.15 | C14: 6 | D14: 0 | E14: 1 | F14: 0 | G14: 0 | H14: 0 | I14: 1 | J14: 0 | K14: 0 | L14: 0 | M14: 22 | N14: 0 | O14: =SUM(C14:L14,N14) -> 8 | P14: =SUM(C14:N14) -> 30 | R14: 1100-1200 | S14: =SUM(C26:C29) -> 23 | T14: =SUM(D26:D29) -> 2 | U14: =SUM(E26:E29) -> 4 | V14: =SUM(F26:F29) -> 1 | W14: =SUM(G26:G29) -> 0 | X14: =SUM(H26:H29) -> 0 | Y14: =SUM(I26:I29) -> 9 | Z14: =SUM(J26:J29) -> 1 | ... AF14: =SUM(P26:P29) -> 135
B15: 08.15 - 08.30 | C15: 6 | D15: 0 | E15: 0 | F15: 1 | G15: 0 | H15: 0 | I15: 2 | J15: 0 | K15: 1 | L15: 0 | M15: 27 | N15: 0 | O15: =SUM(C15:L15,N15) -> 10 | P15: =SUM(C15:N15) -> 37 | R15: 1200-1300 | S15: =SUM(C30:C33) -> 22 | T15: =SUM(D30:D33) -> 0 | U15: =SUM(E30:E33) -> 2 | V15: =SUM(F30:F33) -> 5 | W15: =SUM(G30:G33) -> 0 | X15: =SUM(H30:H33) -> 0 | Y15: =SUM(I30:I33) -> 8 | Z15: =SUM(J30:J33) -> 2 | ... AF15: =SUM(P30:P33) -> 145
B16: 08.30 - 08.45 | C16: 4 | D16: 2 | E16: 2 | F16: 0 | G16: 0 | H16: 0 | I16: 2 | J16: 0 | K16: 0 | L16: 0 | M16: 25 | N16: 0 | O16: =SUM(C16:L16,N16) -> 10 | P16: =SUM(C16:N16) -> 35 | R16: 1300-1400 | S16: =SUM(C34:C37) -> 7 | T16: =SUM(D34:D37) -> 2 | U16: =SUM(E34:E37) -> 1 | V16: =SUM(F34:F37) -> 3 | W16: =SUM(G34:G37) -> 0 | X16: =SUM(H34:H37) -> 0 | Y16: =SUM(I34:I37) -> 7 | Z16: =SUM(J34:J37) -> 0 | ... AF16: =SUM(P34:P37) -> 88
B17: 08.45 - 9.00 | C17: 4 | D17: 0 | E17: 0 | F17: 0 | G17: 0 | H17: 0 | I17: 0 | J17: 0 | K17: 0 | L17: 0 | M17: 15 | N17: 0 | O17: =SUM(C17:L17,N17) -> 4 | P17: =SUM(C17:N17) -> 19 | R17: 1400-1500 | S17: =SUM(C38:C41) -> 14 | T17: =SUM(D38:D41) -> 1 | U17: =SUM(E38:E41) -> 0 | V17: =SUM(F38:F41) -> 2 | W17: =SUM(G38:G41) -> 0 | X17: =SUM(H38:H41) -> 0 | Y17: =SUM(I38:I41) -> 6 | Z17: =SUM(J38:J41) -> 1 | ... AF17: =SUM(P38:P41) -> 98
B18: 09.00 - 09.15 | C18: 5 | D18: 0 | E18: 3 | F18: 4 | G18: 1 | H18: 0 | I18: 1 | J18: 1 | K18: 0 | L18: 0 | M18: 28 | N18: 0 | O18: =SUM(C18:L18,N18) -> 15 | P18: =SUM(C18:N18) -> 43 | R18: 1500-1600 | S18: =SUM(C42:C45) -> 18 | T18: =SUM(D42:D45) -> 3 | U18: =SUM(E42:E45) -> 5 | V18: =SUM(F42:F45) -> 2 | W18: =SUM(G42:G45) -> 0 | X18: =SUM(H42:H45) -> 0 | Y18: =SUM(I42:I45) -> 6 | Z18: =SUM(J42:J45) -> 0 | ... AF18: =SUM(P42:P45) -> 115
B19: 09.15 - 09.30 | C19: 3 | D19: 0 | E19: 0 | F19: 1 | G19: 1 | H19: 0 | I19: 1 | J19: 0 | K19: 0 | L19: 0 | M19: 27 | N19: 0 | O19: =SUM(C19:L19,N19) -> 6 | P19: =SUM(C19:N19) -> 33 | R19: 1600-1700 | S19: =SUM(C46:C49) -> 18 | T19: =SUM(D46:D49) -> 0 | U19: =SUM(E46:E49) -> 3 | V19: =SUM(F46:F49) -> 2 | W19: =SUM(G46:G49) -> 0 | X19: =SUM(H46:H49) -> 0 | Y19: =SUM(I46:I49) -> 7 | Z19: =SUM(J46:J49) -> 0 | ... AF19: =SUM(P46:P49) -> 101
B20: 09.30 - 09.45 | C20: 5 | D20: 1 | E20: 1 | F20: 2 | G20: 0 | H20: 0 | I20: 1 | J20: 0 | K20: 0 | L20: 0 | M20: 18 | N20: 0 | O20: =SUM(C20:L20,N20) -> 10 | P20: =SUM(C20:N20) -> 28 | R20: 1700-1800 | S20: =SUM(C50:C53) -> 30 | T20: =SUM(D50:D53) -> 2 | U20: =SUM(E50:E53) -> 2 | V20: =SUM(F50:F53) -> 6 | W20: =SUM(G50:G53) -> 0 | X20: =SUM(H50:H53) -> 0 | Y20: =SUM(I50:I53) -> 5 | Z20: =SUM(J50:J53) -> 1 | ... AF20: =SUM(P50:P53) -> 83
B21: 09.45 - 10.00 | C21: 4 | D21: 0 | E21: 2 | F21: 0 | G21: 0 | H21: 0 | I21: 2 | J21: 0 | K21: 0 | L21: 0 | M21: 22 | N21: 0 | O21: =SUM(C21:L21,N21) -> 8 | P21: =SUM(C21:N21) -> 30 | R21: 1800-1900 | S21: =SUM(C54:C57) -> 23 | T21: =SUM(D54:D57) -> 3 | U21: =SUM(E54:E57) -> 10 | V21: =SUM(F54:F57) -> 15 | W21: =SUM(G54:G57) -> 3 | X21: =SUM(H54:H57) -> 0 | Y21: =SUM(I54:I57) -> 6 | Z21: =SUM(J54:J57) -> 1 | ... AF21: =SUM(P54:P57) -> 151
B22: 10.00 - 10.15 | C22: 1 | D22: 1 | E22: 1 | F22: 0 | G22: 0 | H22: 0 | I22: 3 | J22: 0 | K22: 0 | L22: 0 | M22: 20 | N22: 0 | O22: =SUM(C22:L22,N22) -> 6 | P22: =SUM(C22:N22) -> 26 | R22: 1900-2000 | S22: =SUM(C58:C61) -> 18 | T22: =SUM(D58:D61) -> 7 | U22: =SUM(E58:E61) -> 8 | V22: =SUM(F58:F61) -> 37 | W22: =SUM(G58:G61) -> 5 | X22: =SUM(H58:H61) -> 2 | Y22: =SUM(I58:I61) -> 10 | Z22: =SUM(J58:J61) -> 0 | ... AF22: =SUM(P58:P61) -> 164
B23: 10.15 - 10.30 | C23: 2 | D23: 0 | E23: 1 | F23: 1 | G23: 0 | H23: 0 | I23: 5 | J23: 0 | K23: 0 | L23: 0 | M23: 27 | N23: 0 | O23: =SUM(C23:L23,N23) -> 9 | P23: =SUM(C23:N23) -> 36 | R23: 2000-2100 | S23: =SUM(C62:C65) -> 29 | T23: =SUM(D62:D65) -> 5 | U23: =SUM(E62:E65) -> 4 | V23: =SUM(F62:F65) -> 13 | W23: =SUM(G62:G65) -> 2 | X23: =SUM(H62:H65) -> 0 | Y23: =SUM(I62:I65) -> 9 | Z23: =SUM(J62:J65) -> 2 | ... AF23: =SUM(P62:P65) -> 122
B24: 10.30 - 10.45 | C24: 6 | D24: 0 | E24: 1 | F24: 1 | G24: 0 | H24: 0 | I24: 0 | J24: 0 | K24: 0 | L24: 0 | M24: 17 | N24: 0 | O24: =SUM(C24:L24,N24) -> 8 | P24: =SUM(C24:N24) -> 25 | R24: 2100-2200 | S24: =SUM(C66:C69) -> 24 | T24: =SUM(D66:D69) -> 12 | U24: =SUM(E66:E69) -> 8 | V24: =SUM(F66:F69) -> 11 | W24: =SUM(G66:G69) -> 2 | X24: =SUM(H66:H69) -> 0 | Y24: =SUM(I66:I69) -> 16 | Z24: =SUM(J66:J69) -> 0 | ... AF24: =SUM(P66:P69) -> 123
B25: 10.45 - 11.00 | C25: 6 | D25: 0 | E25: 1 | F25: 0 | G25: 0 | H25: 0 | I25: 1 | J25: 1 | K25: 0 | L25: 0 | M25: 20 | N25: 0 | O25: =SUM(C25:L25,N25) -> 9 | P25: =SUM(C25:N25) -> 29 | R25: 2200-2300 | S25: =SUM(C70:C73) -> 11 | T25: =SUM(D70:D73) -> 9 | U25: =SUM(E70:E73) -> 1 | V25: =SUM(F70:F73) -> 6 | W25: =SUM(G70:G73) -> 0 | X25: =SUM(H70:H73) -> 0 | Y25: =SUM(I70:I73) -> 8 | Z25: =SUM(J70:J73) -> 1 | ... AF25: =SUM(P70:P73) -> 104
B26: 11.00 - 11.15 | C26: 7 | D26: 1 | E26: 0 | F26: 0 | G26: 0 | H26: 0 | I26: 4 | J26: 0 | K26: 0 | L26: 0 | M26: 25 | N26: 0 | O26: =SUM(C26:L26,N26) -> 12 | P26: =SUM(C26:N26) -> 37 | R26: 2300-0000 | S26: =SUM(C74:C77) -> 13 | T26: =SUM(D74:D77) -> 3 | U26: =SUM(E74:E77) -> 2 | V26: =SUM(F74:F77) -> 9 | W26: =SUM(G74:G77) -> 1 | X26: =SUM(H74:H77) -> 0 | Y26: =SUM(I74:I77) -> 2 | Z26: =SUM(J74:J77) -> 0 | ... AF26: =SUM(P74:P77) -> 70
B27: 11.15 - 11.30 | C27: 9 | D27: 1 | E27: 2 | F27: 0 | G27: 0 | H27: 0 | I27: 0 | J27: 0 | K27: 0 | L27: 0 | M27: 17 | N27: 0 | O27: =SUM(C27:L27,N27) -> 12 | P27: =SUM(C27:N27) -> 29 | R27: 0000-0100 | S27: =SUM(C78:C81) -> 8 | T27: =SUM(D78:D81) -> 4 | U27: =SUM(E78:E81) -> 1 | V27: =SUM(F78:F81) -> 6 | W27: =SUM(G78:G81) -> 0 | X27: =SUM(H78:H81) -> 0 | Y27: =SUM(I78:I81) -> 1 | Z27: =SUM(J78:J81) -> 0 | ... AF27: =SUM(P78:P81) -> 44
B28: 11.30 - 11.45 | C28: 4 | D28: 0 | E28: 1 | F28: 0 | G28: 0 | H28: 0 | I28: 2 | J28: 1 | K28: 0 | L28: 0 | M28: 26 | N28: 0 | O28: =SUM(C28:L28,N28) -> 8 | P28: =SUM(C28:N28) -> 34 | R28: 0100-0200 | S28: =SUM(C82:C85) -> 1 | T28: =SUM(D82:D85) -> 0 | U28: =SUM(E82:E85) -> 3 | V28: =SUM(F82:F85) -> 0 | W28: =SUM(G82:G85) -> 0 | X28: =SUM(H82:H85) -> 0 | Y28: =SUM(I82:I85) -> 2 | Z28: =SUM(J82:J85) -> 0 | ... AF28: =SUM(P82:P85) -> 11
B29: 11.45 - 12.00 | C29: 3 | D29: 0 | E29: 1 | F29: 1 | G29: 0 | H29: 0 | I29: 3 | J29: 0 | K29: 0 | L29: 0 | M29: 27 | N29: 0 | O29: =SUM(C29:L29,N29) -> 8 | P29: =SUM(C29:N29) -> 35 | R29: 0200-0300 | S29: =SUM(C86:C89) -> 1 | T29: =SUM(D86:D89) -> 3 | U29: =SUM(E86:E89) -> 0 | V29: =SUM(F86:F89) -> 1 | W29: =SUM(G86:G89) -> 0 | X29: =SUM(H86:H89) -> 0 | Y29: =SUM(I86:I89) -> 1 | Z29: =SUM(J86:J89) -> 0 | ... AF29: =SUM(P86:P89) -> 13
B30: 12.00 - 12.15 | C30: 7 | D30: 0 | E30: 0 | F30: 1 | G30: 0 | H30: 0 | I30: 3 | J30: 0 | K30: 0 | L30: 0 | M30: 22 | N30: 0 | O30: =SUM(C30:L30,N30) -> 11 | P30: =SUM(C30:N30) -> 33 | R30: 0300-0400 | S30: =SUM(C90:C93) -> 1 | T30: =SUM(D90:D93) -> 2 | U30: =SUM(E90:E93) -> 1 | V30: =SUM(F90:F93) -> 0 | W30: =SUM(G90:G93) -> 0 | X30: =SUM(H90:H93) -> 0 | Y30: =SUM(I90:I93) -> 4 | Z30: =SUM(J90:J93) -> 0 | ... AF30: =SUM(P90:P93) -> 12
B31: 12.15 - 12.30 | C31: 5 | D31: 0 | E31: 1 | F31: 0 | G31: 0 | H31: 0 | I31: 2 | J31: 0 | K31: 0 | L31: 0 | M31: 21 | N31: 0 | O31: =SUM(C31:L31,N31) -> 8 | P31: =SUM(C31:N31) -> 29 | R31: 0400-0500 | S31: =SUM(C94:C97) -> 3 | T31: =SUM(D94:D97) -> 2 | U31: =SUM(E94:E97) -> 7 | V31: =SUM(F94:F97) -> 2 | W31: =SUM(G94:G97) -> 1 | X31: =SUM(H94:H97) -> 0 | Y31: =SUM(I94:I97) -> 3 | Z31: =SUM(J94:J97) -> 1 | ... AF31: =SUM(P94:P97) -> 24
B32: 12.30 - 12.45 | C32: 5 | D32: 0 | E32: 1 | F32: 3 | G32: 0 | H32: 0 | I32: 2 | J32: 2 | K32: 0 | L32: 0 | M32: 33 | N32: 0 | O32: =SUM(C32:L32,N32) -> 13 | P32: =SUM(C32:N32) -> 46 | R32: 0500-0600 | S32: =SUM(C98:C101) -> 5 | T32: =SUM(D98:D101) -> 3 | U32: =SUM(E98:E101) -> 4 | V32: =SUM(F98:F101) -> 7 | W32: =SUM(G98:G101) -> 1 | X32: =SUM(H98:H101) -> 1 | Y32: =SUM(I98:I101) -> 5 | Z32: =SUM(J98:J101) -> 0 | ... AF32: =SUM(P98:P101) -> 40
B33: 12.45 - 13.00 | C33: 5 | D33: 0 | E33: 0 | F33: 1 | G33: 0 | H33: 0 | I33: 1 | J33: 0 | K33: 0 | L33: 0 | M33: 30 | N33: 0 | O33: =SUM(C33:L33,N33) -> 7 | P33: =SUM(C33:N33) -> 37 | R33: 0600-0700 | S33: =SUM(C102:C105) -> 4 | T33: =SUM(D102:D105) -> 4 | U33: =SUM(E102:E105) -> 0 | V33: =SUM(F102:F105) -> 5 | W33: =SUM(G102:G105) -> 0 | X33: =SUM(H102:H105) -> 0 | Y33: =SUM(I102:I105) -> 1 | Z33: =SUM(J102:J105) -> 1 | ... AF33: =SUM(P102:P105) -> 52
B34: 13.00 - 13.15 | C34: 2 | D34: 0 | E34: 0 | F34: 0 | G34: 0 | H34: 0 | I34: 1 | J34: 0 | K34: 0 | L34: 0 | M34: 22 | N34: 0 | O34: =SUM(C34:L34,N34) -> 3 | P34: =SUM(C34:N34) -> 25 | R34: AM Peak Hr | S34: =MAX(S10:S12) -> 20 | T34: =MAX(T10:T12) -> 2 | U34: =MAX(U10:U12) -> 6 | V34: =MAX(V10:V12) -> 7 | W34: =MAX(W10:W12) -> 2 | X34: =MAX(X10:X12) -> 0 | Y34: =MAX(Y10:Y12) -> 5 | Z34: =MAX(Z10:Z12) -> 1 | ... AF34: =MAX(AF10:AF12) -> 134
B35: 13.15 - 13.30 | C35: 1 | D35: 0 | E35: 0 | F35: 1 | G35: 0 | H35: 0 | I35: 4 | J35: 0 | K35: 0 | L35: 0 | M35: 16 | N35: 0 | O35: =SUM(C35:L35,N35) -> 6 | P35: =SUM(C35:N35) -> 22 | R35: IP Peak Hr | S35: =MAX(S13:S18) -> 23 | T35: =MAX(T13:T18) -> 3 | U35: =MAX(U13:U18) -> 5 | V35: =MAX(V13:V18) -> 5 | W35: =MAX(W13:W18) -> 0 | X35: =MAX(X13:X18) -> 0 | Y35: =MAX(Y13:Y18) -> 9 | Z35: =MAX(Z13:Z18) -> 2 | ... AF35: =MAX(AF13:AF18) -> 145
B36: 13.30 - 13.45 | C36: 1 | D36: 2 | E36: 1 | F36: 2 | G36: 0 | H36: 0 | I36: 0 | J36: 0 | K36: 0 | L36: 0 | M36: 15 | N36: 0 | O36: =SUM(C36:L36,N36) -> 6 | P36: =SUM(C36:N36) -> 21 | R36: PM Peak Hr | S36: =MAX(S19:S21) -> 30 | T36: =MAX(T19:T21) -> 3 | U36: =MAX(U19:U21) -> 10 | V36: =MAX(V19:V21) -> 15 | W36: =MAX(W19:W21) -> 3 | X36: =MAX(X19:X21) -> 0 | Y36: =MAX(Y19:Y21) -> 7 | Z36: =MAX(Z19:Z21) -> 1 | ... AF36: =MAX(AF19:AF21) -> 151
B37: 13.45 - 14.00 | C37: 3 | D37: 0 | E37: 0 | F37: 0 | G37: 0 | H37: 0 | I37: 2 | J37: 0 | K37: 0 | L37: 0 | M37: 15 | N37: 0 | O37: =SUM(C37:L37,N37) -> 5 | P37: =SUM(C37:N37) -> 20 | R37: AM Period | S37: =SUM(S10:S12) -> 47 | T37: =SUM(T10:T12) -> 4 | U37: =SUM(U10:U12) -> 11 | V37: =SUM(V10:V12) -> 13 | W37: =SUM(W10:W12) -> 4 | X37: =SUM(X10:X12) -> 0 | Y37: =SUM(Y10:Y12) -> 13 | Z37: =SUM(Z10:Z12) -> 1 | ... AF37: =SUM(AF10:AF12) -> 345
B38: 14.00 - 14.15 | C38: 0 | D38: 0 | E38: 0 | F38: 1 | G38: 0 | H38: 0 | I38: 1 | J38: 0 | K38: 0 | L38: 0 | M38: 24 | N38: 0 | O38: =SUM(C38:L38,N38) -> 2 | P38: =SUM(C38:N38) -> 26 | R38: IP Period | S38: =SUM(S13:S18) -> 99 | T38: =SUM(T13:T18) -> 9 | U38: =SUM(U13:U18) -> 16 | V38: =SUM(V13:V18) -> 15 | W38: =SUM(W13:W18) -> 0 | X38: =SUM(X13:X18) -> 0 | Y38: =SUM(Y13:Y18) -> 45 | Z38: =SUM(Z13:Z18) -> 5 | ... AF38: =SUM(AF13:AF18) -> 697
B39: 14.15 - 14.30 | C39: 3 | D39: 1 | E39: 0 | F39: 0 | G39: 0 | H39: 0 | I39: 1 | J39: 0 | K39: 0 | L39: 0 | M39: 13 | N39: 0 | O39: =SUM(C39:L39,N39) -> 5 | P39: =SUM(C39:N39) -> 18 | R39: PM Period | S39: =SUM(S19:S21) -> 71 | T39: =SUM(T19:T21) -> 5 | U39: =SUM(U19:U21) -> 15 | V39: =SUM(V19:V21) -> 23 | W39: =SUM(W19:W21) -> 3 | X39: =SUM(X19:X21) -> 0 | Y39: =SUM(Y19:Y21) -> 18 | Z39: =SUM(Z19:Z21) -> 2 | ... AF39: =SUM(AF19:AF21) -> 335
B40: 14.30 - 14.45 | C40: 2 | D40: 0 | E40: 0 | F40: 0 | G40: 0 | H40: 0 | I40: 2 | J40: 0 | K40: 0 | L40: 0 | M40: 17 | N40: 0 | O40: =SUM(C40:L40,N40) -> 4 | P40: =SUM(C40:N40) -> 21 | R40: 12 Hours | S40: =SUM(S10:S21) -> 217 | T40: =SUM(T10:T21) -> 18 | U40: =SUM(U10:U21) -> 42 | V40: =SUM(V10:V21) -> 51 | W40: =SUM(W10:W21) -> 7 | X40: =SUM(X10:X21) -> 0 | Y40: =SUM(Y10:Y21) -> 76 | Z40: =SUM(Z10:Z21) -> 8 | ... AF40: =SUM(AF10:AF21) -> 1377
B41: 14.45 - 15.00 | C41: 9 | D41: 0 | E41: 0 | F41: 1 | G41: 0 | H41: 0 | I41: 2 | J41: 1 | K41: 0 | L41: 0 | M41: 20 | N41: 0 | O41: =SUM(C41:L41,N41) -> 13 | P41: =SUM(C41:N41) -> 33 | R41: 24 Hrs/ADT | S41: =SUM(S10:S33) -> 335 | T41: =SUM(T10:T33) -> 72 | U41: =SUM(U10:U33) -> 81 | V41: =SUM(V10:V33) -> 148 | W41: =SUM(W10:W33) -> 19 | X41: =SUM(X10:X33) -> 3 | Y41: =SUM(Y10:Y33) -> 138 | Z41: =SUM(Z10:Z33) -> 13 | ... AF41: =SUM(AF10:AF33) -> 2156
B42: 15.00 - 15.15 | C42: 7 | D42: 2 | E42: 3 | F42: 1 | G42: 0 | H42: 0 | I42: 2 | J42: 0 | K42: 0 | L42: 0 | M42: 12 | N42: 0 | O42: =SUM(C42:L42,N42) -> 15 | P42: =SUM(C42:N42) -> 27 | R42: NEF | S42: =S41/S40 -> 1.5437788 | T42: =T41/T40 -> 4 | U42: =U41/U40 -> 1.9285714 | V42: =V41/V40 -> 2.9019608 | W42: =W41/W40 -> 2.7142857 | X42: =X41/X40 -> #DIV/0! | Y42: =Y41/Y40 -> 1.8157895 | Z42: =Z41/Z40 -> 1.625 | ... AF42: =AF41/AF40 -> 1.5657226
B43: 15.15 - 15.30 | C43: 3 | D43: 0 | E43: 0 | F43: 0 | G43: 0 | H43: 0 | I43: 1 | J43: 0 | K43: 0 | L43: 0 | M43: 28 | N43: 0 | O43: =SUM(C43:L43,N43) -> 4 | P43: =SUM(C43:N43) -> 32
B44: 15.30 - 15.45 | C44: 5 | D44: 1 | E44: 2 | F44: 1 | G44: 0 | H44: 0 | I44: 1 | J44: 0 | K44: 0 | L44: 0 | M44: 15 | N44: 0 | O44: =SUM(C44:L44,N44) -> 10 | P44: =SUM(C44:N44) -> 25
B45: 15.45 - 16.00 | C45: 3 | D45: 0 | E45: 0 | F45: 0 | G45: 0 | H45: 0 | I45: 2 | J45: 0 | K45: 0 | L45: 0 | M45: 26 | N45: 0 | O45: =SUM(C45:L45,N45) -> 5 | P45: =SUM(C45:N45) -> 31
B46: 16.00 - 16.15 | C46: 5 | D46: 0 | E46: 1 | F46: 0 | G46: 0 | H46: 0 | I46: 1 | J46: 0 | K46: 0 | L46: 0 | M46: 17 | N46: 0 | O46: =SUM(C46:L46,N46) -> 7 | P46: =SUM(C46:N46) -> 24
B47: 16.15 -16.30 | C47: 3 | D47: 0 | E47: 0 | F47: 0 | G47: 0 | H47: 0 | I47: 4 | J47: 0 | K47: 0 | L47: 0 | M47: 17 | N47: 0 | O47: =SUM(C47:L47,N47) -> 7 | P47: =SUM(C47:N47) -> 24
B48: 16.30 -16.45 | C48: 4 | D48: 0 | E48: 0 | F48: 1 | G48: 0 | H48: 0 | I48: 1 | J48: 0 | K48: 0 | L48: 0 | M48: 17 | N48: 0 | O48: =SUM(C48:L48,N48) -> 6 | P48: =SUM(C48:N48) -> 23
B49: 16.45 -17.00 | C49: 6 | D49: 0 | E49: 2 | F49: 1 | G49: 0 | H49: 0 | I49: 1 | J49: 0 | K49: 0 | L49: 0 | M49: 20 | N49: 0 | O49: =SUM(C49:L49,N49) -> 10 | P49: =SUM(C49:N49) -> 30
B50: 17.00 -17.15 | C50: 6 | D50: 2 | E50: 1 | F50: 1 | G50: 0 | H50: 0 | I50: 1 | J50: 0 | K50: 0 | L50: 0 | M50: 18 | N50: 0 | O50: =SUM(C50:L50,N50) -> 11 | P50: =SUM(C50:N50) -> 29
B51: 17.15 -17.30 | C51: 9 | D51: 0 | E51: 0 | F51: 1 | G51: 0 | H51: 0 | I51: 3 | J51: 1 | K51: 0 | L51: 0 | M51: 11 | N51: 0 | O51: =SUM(C51:L51,N51) -> 14 | P51: =SUM(C51:N51) -> 25
B52: 17.30 -17.45 | C52: 11 | D52: 0 | E52: 0 | F52: 2 | G52: 0 | H52: 0 | I52: 0 | J52: 0 | K52: 0 | L52: 0 | M52: 3 | N52: 0 | O52: =SUM(C52:L52,N52) -> 13 | P52: =SUM(C52:N52) -> 16
B53: 17.45 -18.00 | C53: 4 | D53: 0 | E53: 1 | F53: 2 | G53: 0 | H53: 0 | I53: 1 | J53: 0 | K53: 0 | L53: 0 | M53: 5 | N53: 0 | O53: =SUM(C53:L53,N53) -> 8 | P53: =SUM(C53:N53) -> 13
B54: 18.00 - 18.15 | C54: 4 | D54: 1 | E54: 2 | F54: 4 | G54: 0 | H54: 0 | I54: 1 | J54: 1 | K54: 0 | L54: 0 | M54: 19 | N54: 0 | O54: =SUM(C54:L54,N54) -> 13 | P54: =SUM(C54:N54) -> 32
... B105: 06.45 - 07.00 | C105: 0 | D105: 1 | E105: 0 | F105: 1 | G105: 0 | H105: 0 | I105: 0 | J105: 1 | K105: 0 | L105: 0 | M105: 17 | N105: 0 | O105: =SUM(C105:L105,N105) -> 3 | P105: =SUM(C105:N105) -> 20
B106: Totals | C106: =SUM(C10:C105) -> 335 | D106: =SUM(D10:D105) -> 72 | E106: =SUM(E10:E105) -> 81 | F106: =SUM(F10:F105) -> 148 | G106: =SUM(G10:G105) -> 19 | H106: =SUM(H10:H105) -> 3 | I106: =SUM(I10:I105) -> 138 | J106: =SUM(J10:J105) -> 13 | ... P106: =SUM(P10:P105) -> 2156
B107: %ges + MCs | C107: =C106/$P$106 -> 0.15538033 | D107: =D106/$P$106 -> 0.033395176 | E107: =E106/$P$106 -> 0.037569573 | F107: =F106/$P$106 -> 0.06864564 | G107: =G106/$P$106 -> 0.008812616 | H107: =H106/$P$106 -> 0.0013914657 | I107: =I106/$P$106 -> 0.064007421 | J107: =J106/$P$106 -> 0.0060296846 | ... N107: =N106/$P$106 -> 0
B108: %ges w/o MCs | C108: =C106/$O$106 -> 0.41358025 | D108: =D106/$O$106 -> 0.088888889 | E108: =E106/$O$106 -> 0.1 | F108: =F106/$O$106 -> 0.18271605 | G108: =G106/$O$106 -> 0.02345679 | H108: =H106/$O$106 -> 0.0037037037 | I108: =I106/$O$106 -> 0.17037037 | J108: =J106/$O$106 -> 0.016049383 | ... L108: =L106/$O$106 -> 0 | N108: =N106/$O$106 -> 0

Sheet 29.09 Buloba-Nsangi
B1: Consultancy services for Preparation of Expressway Development Master Plan (EDMP) for Uganda
B2: MANUAL CLASSIFIED COUNT (MCC)
B3: ROAD NAME: | C3: ='[2]23.09-BULOBA- NSANGI'!C3:G3 -> MCC - C2 - STN-61-NSANGI-BULOBA ROAD
C5: Date | D5: 29.09.19 | F5: Location | G5: ='[2]28.09 Nsangi-Buloba-24h'!G5:H5 -> HANA international school | J5: Surveyor | K5: Nakiwala Justine
C6: Dir. From | D6: ='[2]23.09-BULOBA- NSANGI'!D6:E6 -> BULOBA | F6: Dir. To | G6: ='[2]23.09-BULOBA- NSANGI'!G6:H6 -> NSANGI | J6: Supervisor | K6: ='[2]28.09 Nsangi-Buloba-24h'!K6:L6 -> Dennis
B8: Time / Veh Type | R8: SUMMARY TRAFFIC VOLUMES
C9: 1. Car | D9: 2. Station Wagon | E9: 3. Pickups | F9: 4. Minibus, matatu | G9: 5. Medium bus | H9: 6. Large Bus | I9: 7. Light Truck | J9: 8. Medium Truck | K9: 9. Heavy truck | L9: 10. Truck Trailer | M9: 11. Motor cycles | N9: 12. Tractors | O9: Total Excl M/Cycles | P9: Total All | R9: Time | S9: 1. Car | T9: 2. Station Wagon | U9: 3. Pickups | V9: 4. Minibus, matatu | W9: 5. Medium bus | X9: 6. Large Bus | Y9: 7. Light Truck | Z9: 8. Medium Truck | AA9: 9. Heavy truck | AB9: 10. Truck Trailer | AC9: 11. Motorcycles | AD9: 12. Tractors, Graders | AE9: Total Excl M/ Cycles | AF9: Total All
B10: 07.00 - 07.15 | C10: 1 | D10: 0 | E10: 1 | F10: 0 | G10: 0 | H10: 0 | I10: 1 | J10: 0 | K10: 0 | L10: 0 | M10: 20 | N10: 0 | O10: =SUM(C10:L10,N10) -> 3 | P10: =SUM(C10:N10) -> 23 | R10: 0700-0800 | S10: =SUM(C10:C13) -> 11 | T10: =SUM(D10:D13) -> 1 | U10: =SUM(E10:E13) -> 2 | V10: =SUM(F10:F13) -> 3 | W10: =SUM(G10:G13) -> 0 | X10: =SUM(H10:H13) -> 0 | Y10: =SUM(I10:I13) -> 7 | Z10: =SUM(J10:J13) -> 1 | ... AF10: =SUM(P10:P13) -> 113
B11: 07.15 - 07.30 | C11: 3 | D11: 0 | E11: 0 | F11: 2 | G11: 0 | H11: 0 | I11: 1 | J11: 1 | K11: 0 | L11: 0 | M11: 20 | N11: 0 | O11: =SUM(C11:L11,N11) -> 7 | P11: =SUM(C11:N11) -> 27 | R11: 0800-0900 | S11: =SUM(C14:C17) -> 13 | T11: =SUM(D14:D17) -> 5 | U11: =SUM(E14:E17) -> 1 | V11: =SUM(F14:F17) -> 1 | W11: =SUM(G14:G17) -> 0 | X11: =SUM(H14:H17) -> 0 | Y11: =SUM(I14:I17) -> 0 | Z11: =SUM(J14:J17) -> 1 | ... AF11: =SUM(P14:P17) -> 120
B12: 07.30 - 07.45 | C12: 4 | D12: 0 | E12: 0 | F12: 1 | G12: 0 | H12: 0 | I12: 1 | J12: 0 | K12: 0 | L12: 0 | M12: 21 | N12: 0 | O12: =SUM(C12:L12,N12) -> 6 | P12: =SUM(C12:N12) -> 27 | R12: 0900-1000 | S12: =SUM(C18:C21) -> 17 | T12: =SUM(D18:D21) -> 2 | U12: =SUM(E18:E21) -> 2 | V12: =SUM(F18:F21) -> 1 | W12: =SUM(G18:G21) -> 0 | X12: =SUM(H18:H21) -> 0 | Y12: =SUM(I18:I21) -> 5 | Z12: =SUM(J18:J21) -> 0 | ... AF12: =SUM(P18:P21) -> 117
B13: 07.45 - 08.00 | C13: 3 | D13: 1 | E13: 1 | F13: 0 | G13: 0 | H13: 0 | I13: 4 | J13: 0 | K13: 0 | L13: 0 | M13: 27 | N13: 0 | O13: =SUM(C13:L13,N13) -> 9 | P13: =SUM(C13:N13) -> 36 | R13: 1000-1100 | S13: =SUM(C22:C25) -> 24 | T13: =SUM(D22:D25) -> 5 | U13: =SUM(E22:E25) -> 1 | V13: =SUM(F22:F25) -> 3 | W13: =SUM(G22:G25) -> 0 | X13: =SUM(H22:H25) -> 0 | Y13: =SUM(I22:I25) -> 5 | Z13: =SUM(J22:J25) -> 0 | ... AF13: =SUM(P22:P25) -> 128
B14: 08.00 - 08.15 | C14: 6 | D14: 0 | E14: 0 | F14: 0 | G14: 0 | H14: 0 | I14: 0 | J14: 0 | K14: 0 | L14: 0 | M14: 24 | N14: 0 | O14: =SUM(C14:L14,N14) -> 6 | P14: =SUM(C14:N14) -> 30 | R14: 1100-1200 | S14: =SUM(C26:C29) -> 34 | T14: =SUM(D26:D29) -> 7 | U14: =SUM(E26:E29) -> 3 | V14: =SUM(F26:F29) -> 5 | W14: =SUM(G26:G29) -> 0 | X14: =SUM(H26:H29) -> 0 | Y14: =SUM(I26:I29) -> 8 | Z14: =SUM(J26:J29) -> 0 | ... AF14: =SUM(P26:P29) -> 159
B15: 08.15 - 08.30 | C15: 1 | D15: 0 | E15: 0 | F15: 0 | G15: 0 | H15: 0 | I15: 0 | J15: 0 | K15: 0 | L15: 0 | M15: 23 | N15: 0 | O15: =SUM(C15:L15,N15) -> 1 | P15: =SUM(C15:N15) -> 24 | R15: 1200-1300 | S15: =SUM(C30:C33) -> 18 | T15: =SUM(D30:D33) -> 8 | U15: =SUM(E30:E33) -> 5 | V15: =SUM(F30:F33) -> 8 | W15: =SUM(G30:G33) -> 1 | X15: =SUM(H30:H33) -> 0 | Y15: =SUM(I30:I33) -> 7 | Z15: =SUM(J30:J33) -> 0 | ... AF15: =SUM(P30:P33) -> 141
B16: 08.30 - 08.45 | C16: 3 | D16: 3 | E16: 1 | F16: 0 | G16: 0 | H16: 0 | I16: 0 | J16: 0 | K16: 0 | L16: 0 | M16: 23 | N16: 0 | O16: =SUM(C16:L16,N16) -> 7 | P16: =SUM(C16:N16) -> 30 | R16: 1300-1400 | S16: =SUM(C34:C37) -> 37 | T16: =SUM(D34:D37) -> 8 | U16: =SUM(E34:E37) -> 5 | V16: =SUM(F34:F37) -> 6 | W16: =SUM(G34:G37) -> 0 | X16: =SUM(H34:H37) -> 0 | Y16: =SUM(I34:I37) -> 2 | Z16: =SUM(J34:J37) -> 0 | ... AF16: =SUM(P34:P37) -> 131
B17: 08.45 - 9.00 | C17: 3 | D17: 2 | E17: 0 | F17: 1 | G17: 0 | H17: 0 | I17: 0 | J17: 1 | K17: 0 | L17: 0 | M17: 29 | N17: 0 | O17: =SUM(C17:L17,N17) -> 7 | P17: =SUM(C17:N17) -> 36 | R17: 1400-1500 | S17: =SUM(C38:C41) -> 23 | T17: =SUM(D38:D41) -> 5 | U17: =SUM(E38:E41) -> 1 | V17: =SUM(F38:F41) -> 4 | W17: =SUM(G38:G41) -> 0 | X17: =SUM(H38:H41) -> 0 | Y17: =SUM(I38:I41) -> 7 | Z17: =SUM(J38:J41) -> 0 | ... AF17: =SUM(P38:P41) -> 113
B18: 09.00 - 09.15 | C18: 2 | D18: 0 | E18: 0 | F18: 0 | G18: 0 | H18: 0 | I18: 1 | J18: 0 | K18: 0 | L18: 0 | M18: 20 | N18: 0 | O18: =SUM(C18:L18,N18) -> 3 | P18: =SUM(C18:N18) -> 23 | R18: 1500-1600 | S18: =SUM(C42:C45) -> 19 | T18: =SUM(D42:D45) -> 5 | U18: =SUM(E42:E45) -> 3 | V18: =SUM(F42:F45) -> 5 | W18: =SUM(G42:G45) -> 2 | X18: =SUM(H42:H45) -> 0 | Y18: =SUM(I42:I45) -> 3 | Z18: =SUM(J42:J45) -> 0 | ... AF18: =SUM(P42:P45) -> 136
B19: 09.15 - 09.30 | C19: 4 | D19: 0 | E19: 0 | F19: 0 | G19: 0 | H19: 0 | I19: 1 | J19: 0 | K19: 0 | L19: 0 | M19: 22 | N19: 0 | O19: =SUM(C19:L19,N19) -> 5 | P19: =SUM(C19:N19) -> 27 | R19: 1600-1700 | S19: =SUM(C46:C49) -> 20 | T19: =SUM(D46:D49) -> 9 | U19: =SUM(E46:E49) -> 6 | V19: =SUM(F46:F49) -> 2 | W19: =SUM(G46:G49) -> 0 | X19: =SUM(H46:H49) -> 0 | Y19: =SUM(I46:I49) -> 5 | Z19: =SUM(J46:J49) -> 1 | ... AF19: =SUM(P46:P49) -> 153
B20: 09.30 - 09.45 | C20: 5 | D20: 1 | E20: 1 | F20: 0 | G20: 0 | H20: 0 | I20: 1 | J20: 0 | K20: 1 | L20: 0 | M20: 18 | N20: 0 | O20: =SUM(C20:L20,N20) -> 9 | P20: =SUM(C20:N20) -> 27 | R20: 1700-1800 | S20: =SUM(C50:C53) -> 24 | T20: =SUM(D50:D53) -> 4 | U20: =SUM(E50:E53) -> 2 | V20: =SUM(F50:F53) -> 1 | W20: =SUM(G50:G53) -> 0 | X20: =SUM(H50:H53) -> 0 | Y20: =SUM(I50:I53) -> 8 | Z20: =SUM(J50:J53) -> 0 | ... AF20: =SUM(P50:P53) -> 147
B21: 09.45 - 10.00 | C21: 6 | D21: 1 | E21: 1 | F21: 1 | G21: 0 | H21: 0 | I21: 2 | J21: 0 | K21: 0 | L21: 0 | M21: 29 | N21: 0 | O21: =SUM(C21:L21,N21) -> 11 | P21: =SUM(C21:N21) -> 40 | R21: 1800-1900 | S21: =SUM(C54:C57) -> 24 | T21: =SUM(D54:D57) -> 1 | U21: =SUM(E54:E57) -> 5 | V21: =SUM(F54:F57) -> 8 | W21: =SUM(G54:G57) -> 0 | X21: =SUM(H54:H57) -> 1 | Y21: =SUM(I54:I57) -> 7 | Z21: =SUM(J54:J57) -> 0 | ... AF21: =SUM(P54:P57) -> 161
B22: 10.00 - 10.15 | C22: 5 | D22: 2 | E22: 1 | F22: 1 | G22: 0 | H22: 0 | I22: 1 | J22: 0 | K22: 0 | L22: 0 | M22: 27 | N22: 0 | O22: =SUM(C22:L22,N22) -> 10 | P22: =SUM(C22:N22) -> 37 | R22: AM Peak Hr | S22: =MAX(S10:S12) -> 17 | T22: =MAX(T10:T12) -> 5 | U22: =MAX(U10:U12) -> 2 | V22: =MAX(V10:V12) -> 3 | W22: =MAX(W10:W12) -> 0 | X22: =MAX(X10:X12) -> 0 | Y22: =MAX(Y10:Y12) -> 7 | Z22: =MAX(Z10:Z12) -> 1 | ... AF22: =MAX(AF10:AF12) -> 120
B23: 10.15 - 10.30 | C23: 6 | D23: 0 | E23: 0 | F23: 1 | G23: 0 | H23: 0 | I23: 1 | J23: 0 | K23: 0 | L23: 0 | M23: 20 | N23: 0 | O23: =SUM(C23:L23,N23) -> 8 | P23: =SUM(C23:N23) -> 28 | R23: IP Peak Hr | S23: =MAX(S13:S18) -> 37 | T23: =MAX(T13:T18) -> 8 | U23: =MAX(U13:U18) -> 5 | V23: =MAX(V13:V18) -> 8 | W23: =MAX(W13:W18) -> 2 | X23: =MAX(X13:X18) -> 0 | Y23: =MAX(Y13:Y18) -> 8 | Z23: =MAX(Z13:Z18) -> 0 | ... AF23: =MAX(AF13:AF18) -> 159
B24: 10.30 - 10.45 | C24: 8 | D24: 2 | E24: 0 | F24: 1 | G24: 0 | H24: 0 | I24: 2 | J24: 0 | K24: 0 | L24: 0 | M24: 16 | N24: 0 | O24: =SUM(C24:L24,N24) -> 13 | P24: =SUM(C24:N24) -> 29 | R24: PM Peak Hr | S24: =MAX(S19:S21) -> 24 | T24: =MAX(T19:T21) -> 9 | U24: =MAX(U19:U21) -> 6 | V24: =MAX(V19:V21) -> 8 | W24: =MAX(W19:W21) -> 0 | X24: =MAX(X19:X21) -> 1 | Y24: =MAX(Y19:Y21) -> 8 | Z24: =MAX(Z19:Z21) -> 1 | ... AF24: =MAX(AF19:AF21) -> 161
B25: 10.45 - 11.00 | C25: 5 | D25: 1 | E25: 0 | F25: 0 | G25: 0 | H25: 0 | I25: 1 | J25: 0 | K25: 0 | L25: 0 | M25: 27 | N25: 0 | O25: =SUM(C25:L25,N25) -> 7 | P25: =SUM(C25:N25) -> 34 | R25: AM Period | S25: =SUM(S10:S12) -> 41 | T25: =SUM(T10:T12) -> 8 | U25: =SUM(U10:U12) -> 5 | V25: =SUM(V10:V12) -> 5 | W25: =SUM(W10:W12) -> 0 | X25: =SUM(X10:X12) -> 0 | Y25: =SUM(Y10:Y12) -> 12 | Z25: =SUM(Z10:Z12) -> 2 | ... AF25: =SUM(AF10:AF12) -> 350
B26: 11.00 - 11.15 | C26: 6 | D26: 3 | E26: 1 | F26: 1 | G26: 0 | H26: 0 | I26: 1 | J26: 0 | K26: 0 | L26: 0 | M26: 21 | N26: 0 | O26: =SUM(C26:L26,N26) -> 12 | P26: =SUM(C26:N26) -> 33 | R26: IP Period | S26: =SUM(S13:S18) -> 155 | T26: =SUM(T13:T18) -> 38 | U26: =SUM(U13:U18) -> 18 | V26: =SUM(V13:V18) -> 31 | W26: =SUM(W13:W18) -> 3 | X26: =SUM(X13:X18) -> 0 | Y26: =SUM(Y13:Y18) -> 32 | Z26: =SUM(Z13:Z18) -> 0 | ... AF26: =SUM(AF13:AF18) -> 808
B27: 11.15 - 11.30 | C27: 12 | D27: 2 | E27: 1 | F27: 1 | G27: 0 | H27: 0 | I27: 3 | J27: 0 | K27: 2 | L27: 0 | M27: 25 | N27: 0 | O27: =SUM(C27:L27,N27) -> 21 | P27: =SUM(C27:N27) -> 46 | R27: PM Period | S27: =SUM(S19:S21) -> 68 | T27: =SUM(T19:T21) -> 14 | U27: =SUM(U19:U21) -> 13 | V27: =SUM(V19:V21) -> 11 | W27: =SUM(W19:W21) -> 0 | X27: =SUM(X19:X21) -> 1 | Y27: =SUM(Y19:Y21) -> 20 | Z27: =SUM(Z19:Z21) -> 1 | ... AF27: =SUM(AF19:AF21) -> 461
B28: 11.30 - 11.45 | C28: 7 | D28: 1 | E28: 0 | F28: 3 | G28: 0 | H28: 0 | I28: 1 | J28: 0 | K28: 0 | L28: 0 | M28: 34 | N28: 0 | O28: =SUM(C28:L28,N28) -> 12 | P28: =SUM(C28:N28) -> 46 | R28: 12 Hours | S28: =SUM(S10:S21) -> 264 | T28: =SUM(T10:T21) -> 60 | U28: =SUM(U10:U21) -> 36 | V28: =SUM(V10:V21) -> 47 | W28: =SUM(W10:W21) -> 3 | X28: =SUM(X10:X21) -> 1 | Y28: =SUM(Y10:Y21) -> 64 | Z28: =SUM(Z10:Z21) -> 3 | ... AF28: =SUM(AF10:AF21) -> 1619
B29: 11.45 - 12.00 | C29: 9 | D29: 1 | E29: 1 | F29: 0 | G29: 0 | H29: 0 | I29: 3 | J29: 0 | K29: 0 | L29: 0 | M29: 20 | N29: 0 | O29: =SUM(C29:L29,N29) -> 14 | P29: =SUM(C29:N29) -> 34
B30: 12.00 - 12.15 | C30: 5 | D30: 2 | E30: 1 | F30: 0 | G30: 0 | H30: 0 | I30: 3 | J30: 0 | K30: 1 | L30: 0 | M30: 25 | N30: 0 | O30: =SUM(C30:L30,N30) -> 12 | P30: =SUM(C30:N30) -> 37
B31: 12.15 - 12.30 | C31: 6 | D31: 3 | E31: 2 | F31: 3 | G31: 0 | H31: 0 | I31: 4 | J31: 0 | K31: 0 | L31: 0 | M31: 28 | N31: 0 | O31: =SUM(C31:L31,N31) -> 18 | P31: =SUM(C31:N31) -> 46
B32: 12.30 - 12.45 | C32: 3 | D32: 2 | E32: 1 | F32: 3 | G32: 0 | H32: 0 | I32: 0 | J32: 0 | K32: 0 | L32: 0 | M32: 20 | N32: 0 | O32: =SUM(C32:L32,N32) -> 9 | P32: =SUM(C32:N32) -> 29
B33: 12.45 - 13.00 | C33: 4 | D33: 1 | E33: 1 | F33: 2 | G33: 1 | H33: 0 | I33: 0 | J33: 0 | K33: 0 | L33: 0 | M33: 20 | N33: 0 | O33: =SUM(C33:L33,N33) -> 9 | P33: =SUM(C33:N33) -> 29
B34: 13.00 - 13.15 | C34: 6 | D34: 3 | E34: 2 | F34: 3 | G34: 0 | H34: 0 | I34: 0 | J34: 0 | K34: 1 | L34: 0 | M34: 20 | N34: 0 | O34: =SUM(C34:L34,N34) -> 15 | P34: =SUM(C34:N34) -> 35
B35: 13.15 - 13.30 | C35: 10 | D35: 2 | E35: 1 | F35: 3 | G35: 0 | H35: 0 | I35: 1 | J35: 0 | K35: 1 | L35: 0 | M35: 20 | N35: 0 | O35: =SUM(C35:L35,N35) -> 18 | P35: =SUM(C35:N35) -> 38
B36: 13.30 - 13.45 | C36: 9 | D36: 3 | E36: 1 | F36: 0 | G36: 0 | H36: 0 | I36: 1 | J36: 0 | K36: 0 | L36: 0 | M36: 16 | N36: 0 | O36: =SUM(C36:L36,N36) -> 14 | P36: =SUM(C36:N36) -> 30
B37: 13.45 - 14.00 | C37: 12 | D37: 0 | E37: 1 | F37: 0 | G37: 0 | H37: 0 | I37: 0 | J37: 0 | K37: 0 | L37: 0 | M37: 15 | N37: 0 | O37: =SUM(C37:L37,N37) -> 13 | P37: =SUM(C37:N37) -> 28
B38: 14.00 - 14.15 | C38: 12 | D38: 3 | E38: 0 | F38: 1 | G38: 0 | H38: 0 | I38: 2 | J38: 0 | K38: 0 | L38: 0 | M38: 21 | N38: 0 | O38: =SUM(C38:L38,N38) -> 18 | P38: =SUM(C38:N38) -> 39
B39: 14.15 - 14.30 | C39: 2 | D39: 1 | E39: 0 | F39: 0 | G39: 0 | H39: 0 | I39: 1 | J39: 0 | K39: 0 | L39: 0 | M39: 17 | N39: 0 | O39: =SUM(C39:L39,N39) -> 4 | P39: =SUM(C39:N39) -> 21
B40: 14.30 - 14.45 | C40: 3 | D40: 0 | E40: 0 | F40: 2 | G40: 0 | H40: 0 | I40: 1 | J40: 0 | K40: 0 | L40: 0 | M40: 15 | N40: 0 | O40: =SUM(C40:L40,N40) -> 6 | P40: =SUM(C40:N40) -> 21
... B57: 18.45 - 19.00 | C57: 4 | D57: 0 | E57: 0 | F57: 2 | G57: 0 | H57: 0 | I57: 2 | J57: 0 | K57: 0 | L57: 0 | M57: 33 | N57: 0 | O57: =SUM(C57:L57,N57) -> 8 | P57: =SUM(C57:N57) -> 41
B58: Totals | C58: =SUM(C10:C57) -> 264 | D58: =SUM(D10:D57) -> 60 | E58: =SUM(E10:E57) -> 36 | F58: =SUM(F10:F57) -> 47 | G58: =SUM(G10:G57) -> 3 | H58: =SUM(H10:H57) -> 1 | I58: =SUM(I10:I57) -> 64 | J58: =SUM(J10:J57) -> 3 | ... P58: =SUM(P10:P57) -> 1619
B59: %ges + MCs | C59: =C58/$P$58 -> 0.16306362 | D59: =D58/$P$58 -> 0.037059914 | E59: =E58/$P$58 -> 0.022235948 | F59: =F58/$P$58 -> 0.029030266 | G59: =G58/$P$58 -> 0.0018529957 | H59: =H58/$P$58 -> 0.00061766523 | I59: =I58/$P$58 -> 0.039530574 | J59: =J58/$P$58 -> 0.0018529957 | ... N59: =N58/$P$58 -> 0
B60: %ges w/o MCs | C60: =C58/$O$58 -> 0.54098361 | D60: =D58/$O$58 -> 0.12295082 | E60: =E58/$O$58 -> 0.073770492 | F60: =F58/$O$58 -> 0.096311475 | G60: =G58/$O$58 -> 0.006147541 | H60: =H58/$O$58 -> 0.0020491803 | I60: =I58/$O$58 -> 0.13114754 | J60: =J58/$O$58 -> 0.006147541 | ... L60: =L58/$O$58 -> 0 | N60: =N58/$O$58 -> 0

Sheet 29.09 Nsangi-Buloba
B1: Consultancy services for Preparation of Expressway Development Master Plan (EDMP) for Uganda
B2: MANUAL CLASSIFIED COUNT (MCC)
B3: ROAD NAME: | C3: ='[2]23.09- NSANGI-BULOBA'!C3:G3 -> MCC - C2 - STN-61-NSANGI-BULOBA ROAD
C5: Date | D5: ='[2]29.09 Buloba-Nsangi'!D5 -> 29.09.19 | F5: Location | G5: ='[2]29.09 Buloba-Nsangi'!G5:H5 -> HANA international school | J5: Surveyor | K5: ='[2]26.09 Nsangi-Buloba'!K5:L5 -> Mirembe Ruth
C6: Dir. From | D6: ='[2]23.09- NSANGI-BULOBA'!D6:E6 -> NSANGI | F6: Dir. To | G6: ='[2]23.09- NSANGI-BULOBA'!G6:H6 -> BULOBA | J6: Supervisor | K6: ='[2]29.09 Buloba-Nsangi'!K6:L6 -> Dennis
B8: Time / Veh Type | R8: SUMMARY TRAFFIC VOLUMES
C9: 1. Car | D9: 2. Station Wagon | E9: 3. Pickups | F9: 4. Minibus, matatu | G9: 5. Medium bus | H9: 6. Large Bus | I9: 7. Light Truck | J9: 8. Medium Truck | K9: 9. Heavy truck | L9: 10. Truck Trailer | M9: 11. Motor cycles | N9: 12. Tractors | O9: Total Excl M/Cycles | P9: Total All | R9: Time | S9: 1. Car | T9: 2. Station Wagon | U9: 3. Pickups | V9: 4. Minibus, matatu | W9: 5. Medium bus | X9: 6. Large Bus | Y9: 7. Light Truck | Z9: 8. Medium Truck | AA9: 9. Heavy truck | AB9: 10. Truck Trailer | AC9: 11. Motorcycles | AD9: 12. Tractors, Graders | AE9: Total Excl M/ Cycles | AF9: Total All
B10: 07.00 - 07.15 | C10: 0 | D10: 0 | E10: 1 | F10: 1 | G10: 0 | H10: 0 | I10: 0 | J10: 0 | K10: 0 | L10: 0 | M10: 14 | N10: 0 | O10: =SUM(C10:L10,N10) -> 2 | P10: =SUM(C10:N10) -> 16 | R10: 0700-0800 | S10: =SUM(C10:C13) -> 8 | T10: =SUM(D10:D13) -> 0 | U10: =SUM(E10:E13) -> 3 | V10: =SUM(F10:F13) -> 4 | W10: =SUM(G10:G13) -> 0 | X10: =SUM(H10:H13) -> 0 | Y10: =SUM(I10:I13) -> 0 | Z10: =SUM(J10:J13) -> 0 | ... AF10: =SUM(P10:P13) -> 78
B11: 07.15 - 07.30 | C11: 4 | D11: 0 | E11: 0 | F11: 2 | G11: 0 | H11: 0 | I11: 0 | J11: 0 | K11: 0 | L11: 0 | M11: 14 | N11: 0 | O11: =SUM(C11:L11,N11) -> 6 | P11: =SUM(C11:N11) -> 20 | R11: 0800-0900 | S11: =SUM(C14:C17) -> 11 | T11: =SUM(D14:D17) -> 1 | U11: =SUM(E14:E17) -> 1 | V11: =SUM(F14:F17) -> 0 | W11: =SUM(G14:G17) -> 0 | X11: =SUM(H14:H17) -> 0 | Y11: =SUM(I14:I17) -> 2 | Z11: =SUM(J14:J17) -> 1 | ... AF11: =SUM(P14:P17) -> 109
B12: 07.30 - 07.45 | C12: 3 | D12: 0 | E12: 2 | F12: 1 | G12: 0 | H12: 0 | I12: 0 | J12: 0 | K12: 0 | L12: 0 | M12: 19 | N12: 0 | O12: =SUM(C12:L12,N12) -> 6 | P12: =SUM(C12:N12) -> 25 | R12: 0900-1000 | S12: =SUM(C18:C21) -> 19 | T12: =SUM(D18:D21) -> 2 | U12: =SUM(E18:E21) -> 6 | V12: =SUM(F18:F21) -> 2 | W12: =SUM(G18:G21) -> 0 | X12: =SUM(H18:H21) -> 0 | Y12: =SUM(I18:I21) -> 7 | Z12: =SUM(J18:J21) -> 1 | ... AF12: =SUM(P18:P21) -> 131
B13: 07.45 - 08.00 | C13: 1 | D13: 0 | E13: 0 | F13: 0 | G13: 0 | H13: 0 | I13: 0 | J13: 0 | K13: 0 | L13: 0 | M13: 16 | N13: 0 | O13: =SUM(C13:L13,N13) -> 1 | P13: =SUM(C13:N13) -> 17 | R13: 1000-1100 | S13: =SUM(C22:C25) -> 19 | T13: =SUM(D22:D25) -> 0 | U13: =SUM(E22:E25) -> 2 | V13: =SUM(F22:F25) -> 1 | W13: =SUM(G22:G25) -> 0 | X13: =SUM(H22:H25) -> 0 | Y13: =SUM(I22:I25) -> 5 | Z13: =SUM(J22:J25) -> 1 | ... AF13: =SUM(P22:P25) -> 113
B14: 08.00 - 08.15 | C14: 3 | D14: 0 | E14: 0 | F14: 0 | G14: 0 | H14: 0 | I14: 0 | J14: 0 | K14: 0 | L14: 0 | M14: 23 | N14: 0 | O14: =SUM(C14:L14,N14) -> 3 | P14: =SUM(C14:N14) -> 26 | R14: 1100-1200 | S14: =SUM(C26:C29) -> 16 | T14: =SUM(D26:D29) -> 1 | U14: =SUM(E26:E29) -> 3 | V14: =SUM(F26:F29) -> 3 | W14: =SUM(G26:G29) -> 0 | X14: =SUM(H26:H29) -> 0 | Y14: =SUM(I26:I29) -> 8 | Z14: =SUM(J26:J29) -> 0 | ... AF14: =SUM(P26:P29) -> 123
B15: 08.15 - 08.30 | C15: 0 | D15: 1 | E15: 0 | F15: 0 | G15: 0 | H15: 0 | I15: 1 | J15: 0 | K15: 0 | L15: 0 | M15: 25 | N15: 0 | O15: =SUM(C15:L15,N15) -> 2 | P15: =SUM(C15:N15) -> 27 | R15: 1200-1300 | S15: =SUM(C30:C33) -> 25 | T15: =SUM(D30:D33) -> 2 | U15: =SUM(E30:E33) -> 2 | V15: =SUM(F30:F33) -> 5 | W15: =SUM(G30:G33) -> 0 | X15: =SUM(H30:H33) -> 0 | Y15: =SUM(I30:I33) -> 7 | Z15: =SUM(J30:J33) -> 1 | ... AF15: =SUM(P30:P33) -> 132
B16: 08.30 - 08.45 | C16: 2 | D16: 0 | E16: 1 | F16: 0 | G16: 0 | H16: 0 | I16: 1 | J16: 0 | K16: 0 | L16: 0 | M16: 19 | N16: 0 | O16: =SUM(C16:L16,N16) -> 4 | P16: =SUM(C16:N16) -> 23 | R16: 1300-1400 | S16: =SUM(C34:C37) -> 20 | T16: =SUM(D34:D37) -> 1 | U16: =SUM(E34:E37) -> 3 | V16: =SUM(F34:F37) -> 3 | W16: =SUM(G34:G37) -> 0 | X16: =SUM(H34:H37) -> 0 | Y16: =SUM(I34:I37) -> 8 | Z16: =SUM(J34:J37) -> 0 | ... AF16: =SUM(P34:P37) -> 95
B17: 08.45 - 9.00 | C17: 6 | D17: 0 | E17: 0 | F17: 0 | G17: 0 | H17: 0 | I17: 0 | J17: 1 | K17: 0 | L17: 0 | M17: 26 | N17: 0 | O17: =SUM(C17:L17,N17) -> 7 | P17: =SUM(C17:N17) -> 33 | R17: 1400-1500 | S17: =SUM(C38:C41) -> 18 | T17: =SUM(D38:D41) -> 3 | U17: =SUM(E38:E41) -> 6 | V17: =SUM(F38:F41) -> 3 | W17: =SUM(G38:G41) -> 0 | X17: =SUM(H38:H41) -> 0 | Y17: =SUM(I38:I41) -> 8 | Z17: =SUM(J38:J41) -> 2 | ... AF17: =SUM(P38:P41) -> 109
B18: 09.00 - 09.15 | C18: 5 | D18: 0 | E18: 2 | F18: 1 | G18: 0 | H18: 0 | I18: 2 | J18: 0 | K18: 0 | L18: 0 | M18: 26 | N18: 0 | O18: =SUM(C18:L18,N18) -> 10 | P18: =SUM(C18:N18) -> 36 | R18: 1500-1600 | S18: =SUM(C42:C45) -> 29 | T18: =SUM(D42:D45) -> 4 | U18: =SUM(E42:E45) -> 1 | V18: =SUM(F42:F45) -> 1 | W18: =SUM(G42:G45) -> 0 | X18: =SUM(H42:H45) -> 1 | Y18: =SUM(I42:I45) -> 2 | Z18: =SUM(J42:J45) -> 0 | ... AF18: =SUM(P42:P45) -> 127
